timestamp,open,high,low,close,volume
2025-05-04 16:00:00+00:00,0.6897,0.6932,0.6793,0.6852,96509780
2025-05-04 20:00:00+00:00,0.6853,0.6895,0.671,0.6756,96265461
2025-05-05 00:00:00+00:00,0.6755,0.6797,0.6658,0.6724,101850042
2025-05-05 04:00:00+00:00,0.6723,0.6916,0.672,0.6854,86570939
2025-05-05 08:00:00+00:00,0.6854,0.6888,0.6622,0.663,119660502
2025-05-05 12:00:00+00:00,0.663,0.6682,0.6539,0.6575,190433491
2025-05-05 16:00:00+00:00,0.6576,0.6724,0.6561,0.6633,84581207
2025-05-05 20:00:00+00:00,0.6632,0.6691,0.6534,0.6617,64514891
2025-05-06 00:00:00+00:00,0.6618,0.6656,0.6523,0.6611,99633237
2025-05-06 04:00:00+00:00,0.6612,0.667,0.6573,0.6613,61200177
2025-05-06 08:00:00+00:00,0.6613,0.6617,0.6434,0.6476,114724367
2025-05-06 12:00:00+00:00,0.6476,0.6572,0.6421,0.6516,115992852
2025-05-06 16:00:00+00:00,0.6516,0.6653,0.6453,0.6637,96069827
2025-05-06 20:00:00+00:00,0.6638,0.6805,0.6525,0.6785,142824178
2025-05-07 00:00:00+00:00,0.6785,0.6888,0.6712,0.6778,113342195
2025-05-07 04:00:00+00:00,0.6778,0.6828,0.6729,0.6819,68882158
2025-05-07 08:00:00+00:00,0.682,0.6869,0.6791,0.6826,77287592
2025-05-07 12:00:00+00:00,0.6826,0.6832,0.6637,0.665,117658855
2025-05-07 16:00:00+00:00,0.6649,0.6697,0.6544,0.6589,161397101
2025-05-07 20:00:00+00:00,0.659,0.6752,0.655,0.6713,70600435
2025-05-08 00:00:00+00:00,0.6713,0.7041,0.6697,0.7026,175509248
2025-05-08 04:00:00+00:00,0.7027,0.7118,0.6985,0.7077,142054339
2025-05-08 08:00:00+00:00,0.7077,0.7242,0.7075,0.7192,156564033
2025-05-08 12:00:00+00:00,0.7192,0.7435,0.715,0.7313,230464227
2025-05-08 16:00:00+00:00,0.7313,0.7412,0.728,0.7404,185197720
2025-05-08 20:00:00+00:00,0.7404,0.7713,0.7363,0.7693,233511823
2025-05-09 00:00:00+00:00,0.7692,0.7755,0.7526,0.7555,172333827
2025-05-09 04:00:00+00:00,0.7554,0.7968,0.7542,0.7939,167872268
2025-05-09 08:00:00+00:00,0.7938,0.8181,0.774,0.7937,346157663
2025-05-09 12:00:00+00:00,0.7937,0.7998,0.7718,0.7815,191603999
2025-05-09 16:00:00+00:00,0.7815,0.7897,0.7722,0.7812,102227593
2025-05-09 20:00:00+00:00,0.7812,0.7838,0.7722,0.7771,52994419
2025-05-10 00:00:00+00:00,0.7771,0.7911,0.77,0.7804,107196296
2025-05-10 04:00:00+00:00,0.7804,0.8018,0.7746,0.8003,132635767
2025-05-10 08:00:00+00:00,0.8004,0.813,0.7865,0.7887,165497514
2025-05-10 12:00:00+00:00,0.7887,0.8138,0.7887,0.8012,131169401
2025-05-10 16:00:00+00:00,0.8012,0.8398,0.8009,0.8123,218842817
2025-05-10 20:00:00+00:00,0.8122,0.8434,0.8045,0.8406,125196483
2025-05-11 00:00:00+00:00,0.8405,0.8467,0.8061,0.816,184353749
2025-05-11 04:00:00+00:00,0.816,0.8218,0.7833,0.7913,146579398
2025-05-11 08:00:00+00:00,0.7912,0.8038,0.7865,0.8034,95523447
2025-05-11 12:00:00+00:00,0.8035,0.8056,0.784,0.7897,119148656
2025-05-11 16:00:00+00:00,0.7896,0.8161,0.781,0.8085,127521736
2025-05-11 20:00:00+00:00,0.8086,0.8137,0.8001,0.8049,66788323
2025-05-12 00:00:00+00:00,0.8049,0.822,0.7958,0.8195,108468619
2025-05-12 04:00:00+00:00,0.8195,0.8447,0.8068,0.8246,167887095
2025-05-12 08:00:00+00:00,0.8246,0.8373,0.8129,0.824,140915133
2025-05-12 12:00:00+00:00,0.824,0.8641,0.8075,0.8216,410815761
2025-05-12 16:00:00+00:00,0.8215,0.8339,0.7796,0.807,241217673
2025-05-12 20:00:00+00:00,0.807,0.8242,0.8,0.8166,96546787
2025-05-13 00:00:00+00:00,0.8166,0.8172,0.7736,0.7738,170419644
2025-05-13 04:00:00+00:00,0.7737,0.7972,0.771,0.7911,87183867
2025-05-13 08:00:00+00:00,0.7912,0.8037,0.786,0.7983,104834358
2025-05-13 12:00:00+00:00,0.7983,0.8086,0.7903,0.8056,155624166
2025-05-13 16:00:00+00:00,0.8056,0.8418,0.8045,0.8345,175889375
2025-05-13 20:00:00+00:00,0.8345,0.8362,0.8242,0.8297,91027977
2025-05-14 00:00:00+00:00,0.8297,0.8336,0.8121,0.8168,101792757
2025-05-14 04:00:00+00:00,0.8168,0.8318,0.8122,0.824,85590405
2025-05-14 08:00:00+00:00,0.8239,0.8293,0.7983,0.8205,215286457
2025-05-14 12:00:00+00:00,0.8205,0.8288,0.7974,0.8069,178085032
2025-05-14 16:00:00+00:00,0.8069,0.81,0.7882,0.801,105452808
2025-05-14 20:00:00+00:00,0.801,0.8031,0.791,0.7981,50027936
2025-05-15 00:00:00+00:00,0.7982,0.8099,0.7849,0.7918,111572598
2025-05-15 04:00:00+00:00,0.7918,0.7962,0.7651,0.7672,130438100
2025-05-15 08:00:00+00:00,0.7671,0.7835,0.7586,0.7715,159191248
2025-05-15 12:00:00+00:00,0.7714,0.7785,0.7441,0.7751,219220679
2025-05-15 16:00:00+00:00,0.7751,0.7921,0.7584,0.7693,194743505
2025-05-15 20:00:00+00:00,0.7694,0.777,0.7481,0.762,125297812
2025-05-16 00:00:00+00:00,0.762,0.7831,0.7592,0.7813,99444256
2025-05-16 04:00:00+00:00,0.7813,0.7855,0.7727,0.778,59996268
2025-05-16 08:00:00+00:00,0.778,0.7851,0.763,0.7787,86010265
2025-05-16 12:00:00+00:00,0.7787,0.7847,0.7682,0.7784,85279559
2025-05-16 16:00:00+00:00,0.7784,0.7824,0.7661,0.7724,65715077
2025-05-16 20:00:00+00:00,0.7724,0.7725,0.75,0.7584,83576357
2025-05-17 00:00:00+00:00,0.7583,0.7612,0.7347,0.7551,115833277
2025-05-17 04:00:00+00:00,0.7551,0.7812,0.7535,0.7758,110302269
2025-05-17 08:00:00+00:00,0.7758,0.7768,0.7563,0.7598,103901637
2025-05-17 12:00:00+00:00,0.7599,0.7617,0.7452,0.7501,97549427
2025-05-17 16:00:00+00:00,0.75,0.7508,0.726,0.7345,162849987
2025-05-17 20:00:00+00:00,0.7344,0.7535,0.7321,0.7424,76045599
2025-05-18 00:00:00+00:00,0.7424,0.7458,0.7349,0.7376,48113224
2025-05-18 04:00:00+00:00,0.7375,0.7603,0.7373,0.759,65147776
2025-05-18 08:00:00+00:00,0.7591,0.7661,0.7548,0.7554,68703655
2025-05-18 12:00:00+00:00,0.7553,0.7763,0.7507,0.7735,109934273
2025-05-18 16:00:00+00:00,0.7736,0.7758,0.7294,0.7299,206888154
2025-05-18 20:00:00+00:00,0.7298,0.7625,0.7154,0.7595,156293900
2025-05-19 00:00:00+00:00,0.7595,0.7648,0.7262,0.7278,113268193
2025-05-19 04:00:00+00:00,0.7278,0.731,0.7091,0.723,142050933
2025-05-19 08:00:00+00:00,0.723,0.7295,0.7157,0.7277,80850811
2025-05-19 12:00:00+00:00,0.7278,0.7394,0.7169,0.7358,124497955
2025-05-19 16:00:00+00:00,0.7358,0.7472,0.7301,0.7417,103694947
2025-05-19 20:00:00+00:00,0.7416,0.7446,0.737,0.7424,46512764
2025-05-20 00:00:00+00:00,0.7424,0.7536,0.74,0.7428,100721468
2025-05-20 04:00:00+00:00,0.7428,0.7464,0.7305,0.7326,74334737
2025-05-20 08:00:00+00:00,0.7325,0.7364,0.7235,0.7285,81098629
2025-05-20 12:00:00+00:00,0.7285,0.7333,0.722,0.7316,89415694
2025-05-20 16:00:00+00:00,0.7317,0.7411,0.7241,0.739,92829941
2025-05-20 20:00:00+00:00,0.7391,0.7497,0.7356,0.7458,95342703
2025-05-21 00:00:00+00:00,0.7458,0.7546,0.7364,0.7517,70980742
2025-05-21 04:00:00+00:00,0.7518,0.7663,0.7504,0.7526,116958982
2025-05-21 08:00:00+00:00,0.7526,0.7631,0.7444,0.7548,82325486
2025-05-21 12:00:00+00:00,0.7548,0.7681,0.7476,0.765,127475345
2025-05-21 16:00:00+00:00,0.765,0.7837,0.7418,0.7607,255341651
2025-05-21 20:00:00+00:00,0.7606,0.7784,0.757,0.7691,88374572
2025-05-22 00:00:00+00:00,0.7691,0.792,0.7685,0.7885,98945130
2025-05-22 04:00:00+00:00,0.7885,0.7947,0.7832,0.7938,91876051
2025-05-22 08:00:00+00:00,0.7938,0.8107,0.7923,0.8022,111766908
2025-05-22 12:00:00+00:00,0.8023,0.8087,0.7951,0.8031,93297255
2025-05-22 16:00:00+00:00,0.8032,0.8086,0.799,0.8019,59056879
2025-05-22 20:00:00+00:00,0.802,0.8094,0.7971,0.8092,58773114
2025-05-23 00:00:00+00:00,0.8093,0.8395,0.8066,0.8378,119305715
2025-05-23 04:00:00+00:00,0.8379,0.8414,0.8034,0.8083,153930467
2025-05-23 08:00:00+00:00,0.8083,0.8248,0.7776,0.7816,169220903
2025-05-23 12:00:00+00:00,0.7816,0.7904,0.76,0.7772,250222047
2025-05-23 16:00:00+00:00,0.7772,0.7849,0.7705,0.7731,92395101
2025-05-23 20:00:00+00:00,0.773,0.7731,0.7425,0.7468,124967892
2025-05-24 00:00:00+00:00,0.7468,0.7626,0.7425,0.7612,91457837
2025-05-24 04:00:00+00:00,0.7612,0.7664,0.7546,0.757,59607027
2025-05-24 08:00:00+00:00,0.7569,0.7654,0.7529,0.7606,63688710
2025-05-24 12:00:00+00:00,0.7606,0.7617,0.7546,0.758,50372018
2025-05-24 16:00:00+00:00,0.7581,0.7619,0.7516,0.7544,43631423
2025-05-24 20:00:00+00:00,0.7543,0.7546,0.7405,0.7463,60030615
2025-05-25 00:00:00+00:00,0.7463,0.7488,0.7307,0.7438,100848653
2025-05-25 04:00:00+00:00,0.7438,0.744,0.734,0.7383,42512087
2025-05-25 08:00:00+00:00,0.7383,0.7394,0.7273,0.7385,79488640
2025-05-25 12:00:00+00:00,0.7384,0.7518,0.7303,0.7398,125303280
2025-05-25 16:00:00+00:00,0.7398,0.7509,0.7343,0.7478,66176773
2025-05-25 20:00:00+00:00,0.7478,0.76,0.741,0.7593,78508000
2025-05-26 00:00:00+00:00,0.7594,0.7652,0.754,0.7627,70345760
2025-05-26 04:00:00+00:00,0.7627,0.7752,0.7599,0.7749,63431629
2025-05-26 08:00:00+00:00,0.7749,0.7768,0.7611,0.7666,73439903
2025-05-26 12:00:00+00:00,0.7667,0.7723,0.7567,0.7683,101789970
2025-05-26 16:00:00+00:00,0.7683,0.7694,0.7511,0.7539,64303925
2025-05-26 20:00:00+00:00,0.7539,0.7627,0.7505,0.7598,38071032
2025-05-27 00:00:00+00:00,0.7598,0.763,0.7425,0.7536,74591630
2025-05-27 04:00:00+00:00,0.7536,0.7663,0.75,0.7646,65202738
2025-05-27 08:00:00+00:00,0.7647,0.773,0.7645,0.7692,73589089
2025-05-27 12:00:00+00:00,0.7692,0.7753,0.7554,0.7674,116748756
2025-05-27 16:00:00+00:00,0.7674,0.7746,0.7623,0.7636,60653116
2025-05-27 20:00:00+00:00,0.7636,0.7663,0.7549,0.758,47851362
2025-05-28 00:00:00+00:00,0.758,0.7602,0.749,0.7542,70373699
2025-05-28 04:00:00+00:00,0.7542,0.7584,0.745,0.7503,64988934
2025-05-28 08:00:00+00:00,0.7503,0.7597,0.7469,0.7587,64830723
2025-05-28 12:00:00+00:00,0.7586,0.7612,0.74,0.7412,112316926
2025-05-28 16:00:00+00:00,0.7413,0.751,0.7322,0.7326,69705247
2025-05-28 20:00:00+00:00,0.7326,0.7479,0.732,0.7473,50448649
2025-05-29 00:00:00+00:00,0.7472,0.765,0.7433,0.7578,99377047
2025-05-29 04:00:00+00:00,0.7578,0.76,0.7442,0.7501,64489580
2025-05-29 08:00:00+00:00,0.7502,0.7565,0.7462,0.7558,56225164
2025-05-29 12:00:00+00:00,0.7558,0.7562,0.7331,0.7373,110016912
2025-05-29 16:00:00+00:00,0.7373,0.74,0.7222,0.7267,115714309
2025-05-29 20:00:00+00:00,0.7267,0.7358,0.7188,0.7217,71103522
2025-05-30 00:00:00+00:00,0.7216,0.7274,0.6815,0.7088,234321657
2025-05-30 04:00:00+00:00,0.7087,0.7124,0.6962,0.6994,78841473
2025-05-30 08:00:00+00:00,0.6994,0.7099,0.6935,0.7085,72149856
2025-05-30 12:00:00+00:00,0.7085,0.7112,0.6959,0.7015,102452459
2025-05-30 16:00:00+00:00,0.7015,0.715,0.6815,0.711,152780145
2025-05-30 20:00:00+00:00,0.711,0.7122,0.6824,0.6884,111411792
2025-05-31 00:00:00+00:00,0.6884,0.691,0.6587,0.6614,221947574
2025-05-31 04:00:00+00:00,0.6614,0.671,0.6557,0.6652,101112473
2025-05-31 08:00:00+00:00,0.6653,0.6718,0.6623,0.6636,80199245
2025-05-31 12:00:00+00:00,0.6635,0.6859,0.6628,0.6794,96794646
2025-05-31 16:00:00+00:00,0.6795,0.6934,0.679,0.6889,75840375
2025-05-31 20:00:00+00:00,0.6889,0.6948,0.6841,0.6856,59826819
2025-06-01 00:00:00+00:00,0.6856,0.6859,0.6715,0.6777,70414725
2025-06-01 04:00:00+00:00,0.6776,0.6843,0.6702,0.6727,65832048
2025-06-01 08:00:00+00:00,0.6727,0.6727,0.6534,0.6632,144829965
2025-06-01 12:00:00+00:00,0.6633,0.6755,0.6567,0.6745,82703422
2025-06-01 16:00:00+00:00,0.6745,0.685,0.6696,0.6785,103362939
2025-06-01 20:00:00+00:00,0.6784,0.6878,0.6759,0.6853,69003735
2025-06-02 00:00:00+00:00,0.6853,0.6895,0.6738,0.6768,86338941
2025-06-02 04:00:00+00:00,0.6768,0.6842,0.6754,0.6786,53562162
2025-06-02 08:00:00+00:00,0.6786,0.68,0.6632,0.666,109085339
2025-06-02 12:00:00+00:00,0.6659,0.6765,0.664,0.6739,100176689
2025-06-02 16:00:00+00:00,0.6739,0.6795,0.669,0.6731,62942722
2025-06-02 20:00:00+00:00,0.673,0.6919,0.673,0.6895,93169137
2025-06-03 00:00:00+00:00,0.6894,0.7069,0.6873,0.6936,114856841
2025-06-03 04:00:00+00:00,0.6936,0.6982,0.6891,0.6928,45663290
2025-06-03 08:00:00+00:00,0.6928,0.6957,0.6878,0.6914,62327371
2025-06-03 12:00:00+00:00,0.6914,0.6968,0.6825,0.6929,127334493
2025-06-03 16:00:00+00:00,0.6929,0.6934,0.6843,0.6906,74346983
2025-06-03 20:00:00+00:00,0.6906,0.6909,0.6733,0.6834,83786712
2025-06-04 00:00:00+00:00,0.6834,0.7025,0.6825,0.6954,83784485
2025-06-04 04:00:00+00:00,0.6953,0.6987,0.6904,0.6958,54774710
2025-06-04 08:00:00+00:00,0.6958,0.7015,0.6926,0.6927,54086088
2025-06-04 12:00:00+00:00,0.6928,0.6935,0.678,0.6879,102889589
2025-06-04 16:00:00+00:00,0.6879,0.6884,0.6708,0.6731,85779060
2025-06-04 20:00:00+00:00,0.6731,0.6736,0.6615,0.6652,94028131
2025-06-05 00:00:00+00:00,0.6652,0.6755,0.6649,0.6753,59241908
2025-06-05 04:00:00+00:00,0.6753,0.681,0.6718,0.6763,79995074
2025-06-05 08:00:00+00:00,0.6763,0.6841,0.6755,0.6808,93750419
2025-06-05 12:00:00+00:00,0.6807,0.6898,0.6681,0.6738,132711667
2025-06-05 16:00:00+00:00,0.6739,0.674,0.6338,0.6417,226944903
2025-06-05 20:00:00+00:00,0.6416,0.6426,0.6182,0.6251,256364450
2025-06-06 00:00:00+00:00,0.6251,0.6373,0.6204,0.6369,90893480
2025-06-06 04:00:00+00:00,0.6369,0.6425,0.6342,0.6388,67260559
2025-06-06 08:00:00+00:00,0.6389,0.6524,0.638,0.6504,97485750
2025-06-06 12:00:00+00:00,0.6504,0.672,0.6502,0.6663,168639906
2025-06-06 16:00:00+00:00,0.6663,0.6721,0.6603,0.6626,87001654
2025-06-06 20:00:00+00:00,0.6626,0.6662,0.6524,0.6551,93834732
2025-06-07 00:00:00+00:00,0.655,0.6621,0.649,0.6616,84263543
2025-06-07 04:00:00+00:00,0.6615,0.6699,0.6566,0.6684,58153144
2025-06-07 08:00:00+00:00,0.6685,0.6702,0.6628,0.6677,41464135
2025-06-07 12:00:00+00:00,0.6678,0.6707,0.6656,0.6661,53585872
2025-06-07 16:00:00+00:00,0.6661,0.6673,0.6616,0.6638,66877355
2025-06-07 20:00:00+00:00,0.6637,0.6695,0.6636,0.664,41991876
2025-06-08 00:00:00+00:00,0.6641,0.6648,0.6552,0.6579,68081458
2025-06-08 04:00:00+00:00,0.6578,0.6658,0.6555,0.6619,48364534
2025-06-08 08:00:00+00:00,0.6619,0.6649,0.6512,0.664,88134244
2025-06-08 12:00:00+00:00,0.6639,0.6793,0.6628,0.6697,132598969
2025-06-08 16:00:00+00:00,0.6696,0.6776,0.6694,0.674,76904789
2025-06-08 20:00:00+00:00,0.6741,0.6789,0.6673,0.67,65269565
2025-06-09 00:00:00+00:00,0.67,0.6718,0.6602,0.6632,68146999
2025-06-09 04:00:00+00:00,0.6631,0.6635,0.656,0.6622,73812973
2025-06-09 08:00:00+00:00,0.6623,0.6774,0.6598,0.6755,91261790
2025-06-09 12:00:00+00:00,0.6755,0.6759,0.665,0.6734,89399563
2025-06-09 16:00:00+00:00,0.6734,0.6863,0.6733,0.6811,101224128
2025-06-09 20:00:00+00:00,0.6812,0.7078,0.6812,0.7046,139395169
2025-06-10 00:00:00+00:00,0.7046,0.7156,0.7044,0.7059,106810043
2025-06-10 04:00:00+00:00,0.7059,0.7067,0.693,0.696,98786008
2025-06-10 08:00:00+00:00,0.696,0.7071,0.6855,0.7045,135327211
2025-06-10 12:00:00+00:00,0.7044,0.7124,0.6871,0.6954,177137847
2025-06-10 16:00:00+00:00,0.6954,0.7152,0.6948,0.7085,109886387
2025-06-10 20:00:00+00:00,0.7085,0.7208,0.7032,0.7166,110264033
2025-06-11 00:00:00+00:00,0.7166,0.7218,0.7091,0.7199,89711470
2025-06-11 04:00:00+00:00,0.7199,0.7276,0.717,0.7233,102570396
2025-06-11 08:00:00+00:00,0.7234,0.7287,0.7111,0.7147,99551509
2025-06-11 12:00:00+00:00,0.7147,0.7313,0.7109,0.7254,153348319
2025-06-11 16:00:00+00:00,0.7253,0.7263,0.7016,0.704,113140089
2025-06-11 20:00:00+00:00,0.7039,0.7098,0.6907,0.6976,102451133
2025-06-12 00:00:00+00:00,0.6976,0.6999,0.6883,0.6904,82037036
2025-06-12 04:00:00+00:00,0.6903,0.6943,0.6851,0.6866,69682940
2025-06-12 08:00:00+00:00,0.6866,0.6885,0.6751,0.677,94836046
2025-06-12 12:00:00+00:00,0.677,0.6897,0.6757,0.677,101282547
2025-06-12 16:00:00+00:00,0.677,0.688,0.6658,0.6681,102715860
2025-06-12 20:00:00+00:00,0.668,0.6708,0.6564,0.6609,121218834
2025-06-13 00:00:00+00:00,0.6609,0.6612,0.6168,0.6339,349061003
2025-06-13 04:00:00+00:00,0.6339,0.6365,0.6244,0.635,102156206
2025-06-13 08:00:00+00:00,0.6351,0.6418,0.6297,0.6411,89828170
2025-06-13 12:00:00+00:00,0.6412,0.6432,0.6275,0.6381,132781903
2025-06-13 16:00:00+00:00,0.638,0.6447,0.6278,0.6316,97102913
2025-06-13 20:00:00+00:00,0.6318,0.6424,0.6304,0.6418,50603104
2025-06-14 00:00:00+00:00,0.6417,0.6425,0.6331,0.636,46146833
2025-06-14 04:00:00+00:00,0.6359,0.6386,0.6319,0.6361,43021715
2025-06-14 08:00:00+00:00,0.636,0.6375,0.6311,0.6357,37244231
2025-06-14 12:00:00+00:00,0.6356,0.637,0.6257,0.628,57909574
2025-06-14 16:00:00+00:00,0.6281,0.6298,0.614,0.6186,117037553
2025-06-14 20:00:00+00:00,0.6186,0.6269,0.6127,0.6242,60338752
2025-06-15 00:00:00+00:00,0.6241,0.6296,0.6231,0.6271,38345786
2025-06-15 04:00:00+00:00,0.6271,0.6346,0.6269,0.6274,55030156
2025-06-15 08:00:00+00:00,0.6274,0.6284,0.6207,0.6256,48852041
2025-06-15 12:00:00+00:00,0.6257,0.6356,0.6251,0.6302,65201490
2025-06-15 16:00:00+00:00,0.6302,0.6323,0.6267,0.6292,39576824
2025-06-15 20:00:00+00:00,0.6292,0.6346,0.6202,0.6331,51532649
2025-06-16 00:00:00+00:00,0.633,0.6408,0.6243,0.6366,77679849
2025-06-16 04:00:00+00:00,0.6366,0.6502,0.636,0.6488,78256516
2025-06-16 08:00:00+00:00,0.6488,0.6494,0.6386,0.6456,68638772
2025-06-16 12:00:00+00:00,0.6457,0.6538,0.6426,0.6488,102628774
2025-06-16 16:00:00+00:00,0.6488,0.6573,0.648,0.6547,70348428
2025-06-16 20:00:00+00:00,0.6548,0.6564,0.6279,0.63,130361177
2025-06-17 00:00:00+00:00,0.63,0.6423,0.6184,0.6364,142598841
2025-06-17 04:00:00+00:00,0.6365,0.6374,0.6297,0.6322,55220550
2025-06-17 08:00:00+00:00,0.6322,0.6326,0.6202,0.6216,77688520
2025-06-17 12:00:00+00:00,0.6215,0.6275,0.6062,0.6114,149465987
2025-06-17 16:00:00+00:00,0.6114,0.6219,0.5992,0.6173,167807266
2025-06-17 20:00:00+00:00,0.6172,0.6192,0.6049,0.6087,80443271
2025-06-18 00:00:00+00:00,0.6087,0.6174,0.6079,0.6134,49901647
2025-06-18 04:00:00+00:00,0.6133,0.6214,0.6119,0.6153,56642443
2025-06-18 08:00:00+00:00,0.6152,0.6175,0.599,0.6065,85641680
2025-06-18 12:00:00+00:00,0.6065,0.6075,0.5891,0.5945,165934885
2025-06-18 16:00:00+00:00,0.5944,0.601,0.5875,0.5907,141850514
2025-06-18 20:00:00+00:00,0.5906,0.6095,0.5892,0.6038,81680195
2025-06-19 00:00:00+00:00,0.6037,0.6114,0.5982,0.603,72357928
2025-06-19 04:00:00+00:00,0.6031,0.6075,0.5964,0.5982,61612708
2025-06-19 08:00:00+00:00,0.5982,0.6036,0.5968,0.5983,48266265
2025-06-19 12:00:00+00:00,0.5984,0.6007,0.5904,0.5907,64577848
2025-06-19 16:00:00+00:00,0.5906,0.6017,0.5894,0.5993,69958539
2025-06-19 20:00:00+00:00,0.5993,0.6035,0.5973,0.6018,40568297
2025-06-20 00:00:00+00:00,0.6018,0.6039,0.5975,0.5978,32721670
2025-06-20 04:00:00+00:00,0.5978,0.6031,0.5862,0.6025,92326916
2025-06-20 08:00:00+00:00,0.6025,0.6068,0.5985,0.6021,69787723
2025-06-20 12:00:00+00:00,0.6021,0.6052,0.5806,0.5828,156971157
2025-06-20 16:00:00+00:00,0.5829,0.584,0.5609,0.5775,217139119
2025-06-20 20:00:00+00:00,0.5775,0.5839,0.5707,0.5771,61650089
2025-06-21 00:00:00+00:00,0.5771,0.5867,0.5767,0.5844,57682824
2025-06-21 04:00:00+00:00,0.5844,0.5879,0.581,0.5822,51443341
2025-06-21 08:00:00+00:00,0.5821,0.5862,0.5811,0.5838,38799706
2025-06-21 12:00:00+00:00,0.5838,0.5852,0.5717,0.5753,70037471
2025-06-21 16:00:00+00:00,0.5754,0.5783,0.5633,0.5642,83996308
2025-06-21 20:00:00+00:00,0.5642,0.5696,0.5424,0.5559,201875158
2025-06-22 00:00:00+00:00,0.556,0.5637,0.5447,0.5474,141795974
2025-06-22 04:00:00+00:00,0.5473,0.5578,0.5458,0.5486,68047089
2025-06-22 08:00:00+00:00,0.5486,0.5504,0.5383,0.5461,118486319
2025-06-22 12:00:00+00:00,0.5461,0.5509,0.52,0.5229,383358593
2025-06-22 16:00:00+00:00,0.5229,0.5356,0.5202,0.5242,142965124
2025-06-22 20:00:00+00:00,0.5241,0.5417,0.5093,0.5415,200299495
2025-06-23 00:00:00+00:00,0.5415,0.5476,0.5389,0.5452,73069176
2025-06-23 04:00:00+00:00,0.5451,0.5519,0.5434,0.5481,68261302
2025-06-23 08:00:00+00:00,0.5482,0.5501,0.5395,0.543,79930874
2025-06-23 12:00:00+00:00,0.543,0.5567,0.5375,0.5421,213218068
2025-06-23 16:00:00+00:00,0.5421,0.5559,0.5284,0.5547,235395403
2025-06-23 20:00:00+00:00,0.5547,0.5858,0.553,0.5817,228406085
2025-06-24 00:00:00+00:00,0.5817,0.5841,0.5758,0.5795,71634209
2025-06-24 04:00:00+00:00,0.5794,0.5932,0.5785,0.5817,114828546
2025-06-24 08:00:00+00:00,0.5817,0.5872,0.5768,0.5845,91709379
2025-06-24 12:00:00+00:00,0.5844,0.5882,0.5791,0.5832,119504346
2025-06-24 16:00:00+00:00,0.5833,0.5923,0.5787,0.5822,89882992
2025-06-24 20:00:00+00:00,0.5822,0.5875,0.5806,0.5872,38374053
2025-06-25 00:00:00+00:00,0.5872,0.5904,0.5835,0.5837,52950020
2025-06-25 04:00:00+00:00,0.5836,0.586,0.5787,0.5847,40222512
2025-06-25 08:00:00+00:00,0.5846,0.585,0.574,0.5801,71311075
2025-06-25 12:00:00+00:00,0.5801,0.5852,0.5656,0.567,156197269
2025-06-25 16:00:00+00:00,0.567,0.5724,0.5631,0.5713,84985888
2025-06-25 20:00:00+00:00,0.5713,0.5745,0.5628,0.5668,49849248
2025-06-26 00:00:00+00:00,0.5668,0.5814,0.5656,0.5733,105130074
2025-06-26 04:00:00+00:00,0.5734,0.5747,0.5672,0.572,47424672
2025-06-26 08:00:00+00:00,0.572,0.5744,0.5624,0.5631,67326426
2025-06-26 12:00:00+00:00,0.5631,0.5638,0.5495,0.5542,140132340
2025-06-26 16:00:00+00:00,0.5542,0.558,0.5501,0.5555,54281815
2025-06-26 20:00:00+00:00,0.5555,0.5638,0.5505,0.554,78704382
2025-06-27 00:00:00+00:00,0.5539,0.5609,0.5482,0.5597,55798413
2025-06-27 04:00:00+00:00,0.5597,0.5604,0.5526,0.5535,48912738
2025-06-27 08:00:00+00:00,0.5535,0.5591,0.552,0.554,57158139
2025-06-27 12:00:00+00:00,0.554,0.556,0.5463,0.5552,101250261
2025-06-27 16:00:00+00:00,0.5553,0.565,0.5446,0.5505,117689008
2025-06-27 20:00:00+00:00,0.5506,0.561,0.5499,0.5584,57439058
2025-06-28 00:00:00+00:00,0.5584,0.563,0.5559,0.5595,42465895
2025-06-28 04:00:00+00:00,0.5594,0.5641,0.558,0.5622,41989574
2025-06-28 08:00:00+00:00,0.5622,0.5625,0.5582,0.5588,29364368
2025-06-28 12:00:00+00:00,0.5588,0.5644,0.555,0.564,44725164
2025-06-28 16:00:00+00:00,0.564,0.5684,0.5616,0.5635,72497927
2025-06-28 20:00:00+00:00,0.5635,0.5673,0.5621,0.5652,30703081
2025-06-29 00:00:00+00:00,0.5652,0.5682,0.5623,0.5631,31285852
2025-06-29 04:00:00+00:00,0.563,0.5637,0.5585,0.5609,39933165
2025-06-29 08:00:00+00:00,0.5609,0.5663,0.56,0.5649,46601224
2025-06-29 12:00:00+00:00,0.5649,0.5668,0.5551,0.5556,70731355
2025-06-29 16:00:00+00:00,0.5556,0.5611,0.5546,0.5586,50655795
2025-06-29 20:00:00+00:00,0.5586,0.5856,0.5549,0.577,177379875
2025-06-30 00:00:00+00:00,0.5771,0.5797,0.5656,0.568,136412161
2025-06-30 04:00:00+00:00,0.568,0.5697,0.5575,0.566,99704747
2025-06-30 08:00:00+00:00,0.566,0.5681,0.5618,0.5637,84571893
2025-06-30 12:00:00+00:00,0.5636,0.5713,0.5558,0.5669,149307807
2025-06-30 16:00:00+00:00,0.5669,0.5903,0.5648,0.5894,160590111
2025-06-30 20:00:00+00:00,0.5894,0.5904,0.5709,0.5719,115551786
2025-07-01 00:00:00+00:00,0.5718,0.5764,0.5644,0.5688,91609535
2025-07-01 04:00:00+00:00,0.5688,0.5688,0.5582,0.5668,92601185
2025-07-01 08:00:00+00:00,0.5668,0.5668,0.5579,0.5598,71272479
2025-07-01 12:00:00+00:00,0.5598,0.5604,0.5428,0.5464,197591965
2025-07-01 16:00:00+00:00,0.5464,0.5544,0.5379,0.5389,173569340
2025-07-01 20:00:00+00:00,0.5389,0.5446,0.5361,0.5416,71141214
2025-07-02 00:00:00+00:00,0.5416,0.5489,0.5383,0.5481,68137216
2025-07-02 04:00:00+00:00,0.5481,0.558,0.5479,0.5563,80297809
2025-07-02 08:00:00+00:00,0.5564,0.5647,0.5562,0.5608,84480050
2025-07-02 12:00:00+00:00,0.5608,0.5786,0.5566,0.5774,151412595
2025-07-02 16:00:00+00:00,0.5775,0.5996,0.5774,0.5955,352200571
2025-07-02 20:00:00+00:00,0.5955,0.5991,0.5831,0.584,100670563
2025-07-03 00:00:00+00:00,0.5839,0.5894,0.5825,0.5865,74584589
2025-07-03 04:00:00+00:00,0.5865,0.6089,0.5861,0.608,150793505
2025-07-03 08:00:00+00:00,0.608,0.6106,0.6004,0.6036,120495629
2025-07-03 12:00:00+00:00,0.6036,0.6111,0.5863,0.5875,238228901
2025-07-03 16:00:00+00:00,0.5875,0.5974,0.5872,0.5953,70756974
2025-07-03 20:00:00+00:00,0.5953,0.6027,0.5952,0.599,47687128
2025-07-04 00:00:00+00:00,0.599,0.6032,0.5904,0.5934,77040880
2025-07-04 04:00:00+00:00,0.5935,0.594,0.579,0.5795,90763129
2025-07-04 08:00:00+00:00,0.5795,0.5839,0.5738,0.5812,89709389
2025-07-04 12:00:00+00:00,0.5812,0.583,0.5696,0.5709,129744999
2025-07-04 16:00:00+00:00,0.5708,0.5725,0.5626,0.5662,107603562
2025-07-04 20:00:00+00:00,0.5662,0.5759,0.5653,0.572,54341156
2025-07-05 00:00:00+00:00,0.5721,0.5788,0.5682,0.5777,58906454
2025-07-05 04:00:00+00:00,0.5778,0.5832,0.575,0.5788,47060463
2025-07-05 08:00:00+00:00,0.5788,0.5788,0.5703,0.5746,68120681
2025-07-05 12:00:00+00:00,0.5745,0.576,0.571,0.5754,45623643
2025-07-05 16:00:00+00:00,0.5754,0.5772,0.5692,0.5733,59785507
2025-07-05 20:00:00+00:00,0.5733,0.5765,0.5711,0.5752,28885313
2025-07-06 00:00:00+00:00,0.5752,0.5754,0.5703,0.5747,29742149
2025-07-06 04:00:00+00:00,0.5748,0.5767,0.5721,0.5733,34985282
2025-07-06 08:00:00+00:00,0.5734,0.5793,0.5714,0.5778,61487101
2025-07-06 12:00:00+00:00,0.5778,0.5903,0.5763,0.5852,119784018
2025-07-06 16:00:00+00:00,0.5852,0.5874,0.5781,0.583,59935241
2025-07-06 20:00:00+00:00,0.583,0.5936,0.5825,0.5854,65162912
2025-07-07 00:00:00+00:00,0.5853,0.5945,0.5815,0.5873,66066592
2025-07-07 04:00:00+00:00,0.5873,0.5899,0.5813,0.5898,62034952
2025-07-07 08:00:00+00:00,0.5897,0.5905,0.5836,0.587,58880819
2025-07-07 12:00:00+00:00,0.587,0.5909,0.5795,0.5834,133392510
2025-07-07 16:00:00+00:00,0.5834,0.5881,0.5746,0.58,127879617
2025-07-07 20:00:00+00:00,0.5799,0.5804,0.573,0.5802,57736093
2025-07-08 00:00:00+00:00,0.5802,0.5837,0.5721,0.5757,64065272
2025-07-08 04:00:00+00:00,0.5756,0.5807,0.5717,0.578,105507638
2025-07-08 08:00:00+00:00,0.5781,0.5873,0.5763,0.5843,60813900
2025-07-08 12:00:00+00:00,0.5843,0.588,0.5786,0.5809,90383943
2025-07-08 16:00:00+00:00,0.581,0.5919,0.5793,0.5889,104630143
2025-07-08 20:00:00+00:00,0.589,0.5896,0.5849,0.5881,36460363
2025-07-09 00:00:00+00:00,0.5881,0.5888,0.5836,0.5849,49804227
2025-07-09 04:00:00+00:00,0.5848,0.5998,0.584,0.5959,95232800
2025-07-09 08:00:00+00:00,0.596,0.6107,0.5921,0.6093,132355355
2025-07-09 12:00:00+00:00,0.6093,0.621,0.6007,0.6105,234740122
2025-07-09 16:00:00+00:00,0.6105,0.6246,0.6057,0.6218,169731144
2025-07-09 20:00:00+00:00,0.6218,0.6274,0.6146,0.6223,153024228
2025-07-10 00:00:00+00:00,0.6224,0.6264,0.6172,0.6213,80837683
2025-07-10 04:00:00+00:00,0.6213,0.6405,0.618,0.6277,152469686
2025-07-10 08:00:00+00:00,0.6276,0.634,0.6248,0.6313,122590717
2025-07-10 12:00:00+00:00,0.6313,0.6314,0.6209,0.6288,107604394
2025-07-10 16:00:00+00:00,0.6288,0.6597,0.6273,0.652,226201565
2025-07-10 20:00:00+00:00,0.6519,0.6803,0.6512,0.6774,209725399
2025-07-11 00:00:00+00:00,0.6775,0.6908,0.6679,0.6872,156339679
2025-07-11 04:00:00+00:00,0.6873,0.7022,0.6826,0.6989,226207423
2025-07-11 08:00:00+00:00,0.6989,0.7374,0.6979,0.7276,307145374
2025-07-11 12:00:00+00:00,0.7276,0.7773,0.7272,0.7377,639778607
2025-07-11 16:00:00+00:00,0.7378,0.746,0.7231,0.7432,278219053
2025-07-11 20:00:00+00:00,0.7432,0.7433,0.6932,0.7093,218116840
2025-07-12 00:00:00+00:00,0.7092,0.7371,0.6983,0.7289,187569221
2025-07-12 04:00:00+00:00,0.7289,0.7328,0.7113,0.7149,130203065
2025-07-12 08:00:00+00:00,0.7149,0.7349,0.7109,0.723,136735188
2025-07-12 12:00:00+00:00,0.7229,0.7246,0.6882,0.6932,243569040
2025-07-12 16:00:00+00:00,0.6932,0.7091,0.6895,0.7072,93766940
2025-07-12 20:00:00+00:00,0.7072,0.7104,0.6951,0.7087,62845754
2025-07-13 00:00:00+00:00,0.7087,0.7224,0.7048,0.7185,89157139
2025-07-13 04:00:00+00:00,0.7186,0.7481,0.7154,0.7398,163152461
2025-07-13 08:00:00+00:00,0.7399,0.7435,0.7231,0.7288,168997878
2025-07-13 12:00:00+00:00,0.7288,0.7561,0.7271,0.7414,239077111
2025-07-13 16:00:00+00:00,0.7415,0.7527,0.7316,0.7445,112012454
2025-07-13 20:00:00+00:00,0.7445,0.7499,0.7263,0.7364,109452714
2025-07-14 00:00:00+00:00,0.7365,0.7684,0.7339,0.7598,227097396
2025-07-14 04:00:00+00:00,0.7599,0.7672,0.745,0.762,196765516
2025-07-14 08:00:00+00:00,0.7621,0.7649,0.7416,0.7467,170313842
2025-07-14 12:00:00+00:00,0.7467,0.7612,0.7277,0.7341,237730607
2025-07-14 16:00:00+00:00,0.7341,0.7457,0.728,0.7316,127436217
2025-07-14 20:00:00+00:00,0.7315,0.7374,0.7211,0.7349,98253547
2025-07-15 00:00:00+00:00,0.7349,0.7394,0.7103,0.7186,176628185
2025-07-15 04:00:00+00:00,0.7185,0.7313,0.7115,0.7197,102611591
2025-07-15 08:00:00+00:00,0.7197,0.7371,0.7135,0.727,127929255
2025-07-15 12:00:00+00:00,0.7271,0.7401,0.7109,0.7241,301579448
2025-07-15 16:00:00+00:00,0.7241,0.7467,0.7203,0.7215,181799505
2025-07-15 20:00:00+00:00,0.7214,0.7496,0.7187,0.7468,103373511
2025-07-16 00:00:00+00:00,0.7467,0.7511,0.7326,0.7381,94882501
2025-07-16 04:00:00+00:00,0.7381,0.7494,0.7328,0.7466,68827602
2025-07-16 08:00:00+00:00,0.7467,0.755,0.7421,0.7445,111422524
2025-07-16 12:00:00+00:00,0.7446,0.7609,0.7421,0.7504,202306569
2025-07-16 16:00:00+00:00,0.7505,0.771,0.7476,0.7638,170167162
2025-07-16 20:00:00+00:00,0.7637,0.7848,0.7587,0.7644,216638856
2025-07-17 00:00:00+00:00,0.7644,0.7727,0.7401,0.7448,178499673
2025-07-17 04:00:00+00:00,0.7447,0.7792,0.7419,0.7731,209596811
2025-07-17 08:00:00+00:00,0.7732,0.8257,0.7676,0.8156,434259914
2025-07-17 12:00:00+00:00,0.8155,0.8192,0.787,0.8027,313238226
2025-07-17 16:00:00+00:00,0.8026,0.8167,0.785,0.7992,247097218
2025-07-17 20:00:00+00:00,0.7992,0.8387,0.7877,0.8217,350509374
2025-07-18 00:00:00+00:00,0.8217,0.8645,0.8189,0.86,361214298
2025-07-18 04:00:00+00:00,0.8601,0.8957,0.8522,0.8542,431802442
2025-07-18 08:00:00+00:00,0.8543,0.8675,0.8408,0.8514,266798081
2025-07-18 12:00:00+00:00,0.8513,0.863,0.8041,0.8226,389826839
2025-07-18 16:00:00+00:00,0.8225,0.8354,0.8106,0.8176,218554468
2025-07-18 20:00:00+00:00,0.8175,0.8226,0.7961,0.8158,209741644
2025-07-19 00:00:00+00:00,0.8158,0.8313,0.8011,0.8272,111984838
2025-07-19 04:00:00+00:00,0.8272,0.8372,0.8194,0.8251,107934123
2025-07-19 08:00:00+00:00,0.8251,0.8356,0.8171,0.8188,104277038
2025-07-19 12:00:00+00:00,0.8188,0.8295,0.8102,0.8218,127287874
2025-07-19 16:00:00+00:00,0.8217,0.8348,0.8167,0.829,91217287
2025-07-19 20:00:00+00:00,0.829,0.835,0.8161,0.8296,90958038
2025-07-20 00:00:00+00:00,0.8295,0.8455,0.8226,0.8403,115789968
2025-07-20 04:00:00+00:00,0.8402,0.8494,0.8307,0.8447,117546297
2025-07-20 08:00:00+00:00,0.8448,0.862,0.844,0.8506,154720423
2025-07-20 12:00:00+00:00,0.8505,0.8734,0.8463,0.8708,183429376
2025-07-20 16:00:00+00:00,0.8709,0.8788,0.8563,0.8709,177569535
2025-07-20 20:00:00+00:00,0.871,0.8785,0.8372,0.858,222073739
2025-07-21 00:00:00+00:00,0.858,0.8708,0.8415,0.8662,187648783
2025-07-21 04:00:00+00:00,0.8662,0.898,0.8624,0.8941,186488491
2025-07-21 08:00:00+00:00,0.8942,0.9118,0.8805,0.9088,239761949
2025-07-21 12:00:00+00:00,0.9087,0.9344,0.8998,0.9124,382662933
2025-07-21 16:00:00+00:00,0.9123,0.9137,0.8755,0.8768,274554307
2025-07-21 20:00:00+00:00,0.8767,0.8918,0.8729,0.8891,117147220
2025-07-22 00:00:00+00:00,0.8892,0.9099,0.8651,0.8864,289745255
2025-07-22 04:00:00+00:00,0.8864,0.8864,0.8551,0.8714,252180198
2025-07-22 08:00:00+00:00,0.8714,0.8835,0.8529,0.8781,189131917
2025-07-22 12:00:00+00:00,0.878,0.8916,0.8562,0.8808,240739393
2025-07-22 16:00:00+00:00,0.8808,0.895,0.8734,0.878,172917207
2025-07-22 20:00:00+00:00,0.8778,0.9046,0.8762,0.904,89314112
2025-07-23 00:00:00+00:00,0.9039,0.9041,0.8794,0.8814,100392663
2025-07-23 04:00:00+00:00,0.8813,0.8892,0.8662,0.868,102932544
2025-07-23 08:00:00+00:00,0.868,0.8742,0.8551,0.8625,111766662
2025-07-23 12:00:00+00:00,0.8625,0.8631,0.808,0.834,466627397
2025-07-23 16:00:00+00:00,0.834,0.834,0.7989,0.8135,220732719
2025-07-23 20:00:00+00:00,0.8135,0.8206,0.7853,0.8157,314196299
2025-07-24 00:00:00+00:00,0.8157,0.8248,0.8097,0.8158,106007730
2025-07-24 04:00:00+00:00,0.8158,0.8178,0.7611,0.7888,348906847
2025-07-24 08:00:00+00:00,0.7887,0.8168,0.785,0.8151,263932404
2025-07-24 12:00:00+00:00,0.815,0.8379,0.7966,0.823,382499834
2025-07-24 16:00:00+00:00,0.823,0.8278,0.8039,0.8162,233972162
2025-07-24 20:00:00+00:00,0.8162,0.8258,0.8007,0.8057,111213470
2025-07-25 00:00:00+00:00,0.8058,0.8119,0.782,0.7949,185498156
2025-07-25 04:00:00+00:00,0.795,0.8099,0.7852,0.7947,172571440
2025-07-25 08:00:00+00:00,0.7947,0.8172,0.7868,0.8101,187981465
2025-07-25 12:00:00+00:00,0.81,0.8186,0.7743,0.7837,230841147
2025-07-25 16:00:00+00:00,0.7837,0.7998,0.7791,0.7933,110618682
2025-07-25 20:00:00+00:00,0.7934,0.8186,0.793,0.8157,99241875
2025-07-26 00:00:00+00:00,0.8157,0.8277,0.8119,0.8246,74815931
2025-07-26 04:00:00+00:00,0.8246,0.8272,0.8172,0.8186,54832067
2025-07-26 08:00:00+00:00,0.8186,0.8294,0.8184,0.8233,64188551
2025-07-26 12:00:00+00:00,0.8233,0.8345,0.8208,0.8326,101139149
2025-07-26 16:00:00+00:00,0.8326,0.8386,0.8213,0.829,94890732
2025-07-26 20:00:00+00:00,0.8291,0.8325,0.8184,0.8197,60413958
2025-07-27 00:00:00+00:00,0.8196,0.832,0.8176,0.8284,58380558
2025-07-27 04:00:00+00:00,0.8284,0.8394,0.822,0.8235,75337235
2025-07-27 08:00:00+00:00,0.8235,0.8317,0.8139,0.8232,111204505
2025-07-27 12:00:00+00:00,0.8232,0.8302,0.8143,0.8216,98573760
2025-07-27 16:00:00+00:00,0.8217,0.8335,0.8191,0.8247,97891947
2025-07-27 20:00:00+00:00,0.8246,0.8394,0.8245,0.8317,75227974
2025-07-28 00:00:00+00:00,0.8317,0.8448,0.8237,0.8419,115842541
2025-07-28 04:00:00+00:00,0.8419,0.856,0.8342,0.838,137538961
2025-07-28 08:00:00+00:00,0.838,0.8405,0.8235,0.8296,112172168
2025-07-28 12:00:00+00:00,0.8296,0.8342,0.8011,0.8054,208878945
2025-07-28 16:00:00+00:00,0.8053,0.8095,0.7909,0.7976,133069934
2025-07-28 20:00:00+00:00,0.7977,0.7989,0.7852,0.7927,88958413
2025-07-29 00:00:00+00:00,0.7928,0.7998,0.7791,0.793,121691093
2025-07-29 04:00:00+00:00,0.793,0.8092,0.7875,0.8078,77797333
2025-07-29 08:00:00+00:00,0.8079,0.8095,0.7892,0.7957,99105800
2025-07-29 12:00:00+00:00,0.7958,0.8049,0.7745,0.7807,150383110
2025-07-29 16:00:00+00:00,0.7808,0.7867,0.7689,0.7766,108253396
2025-07-29 20:00:00+00:00,0.7766,0.7849,0.7695,0.7824,67202178
2025-07-30 00:00:00+00:00,0.7823,0.7894,0.7731,0.7848,56342322
2025-07-30 04:00:00+00:00,0.7848,0.7875,0.7743,0.7786,48216588
2025-07-30 08:00:00+00:00,0.7786,0.7841,0.7515,0.7562,139339101
2025-07-30 12:00:00+00:00,0.7562,0.7772,0.7518,0.7731,151130444
2025-07-30 16:00:00+00:00,0.7731,0.7788,0.7285,0.7598,213633795
2025-07-30 20:00:00+00:00,0.7597,0.7672,0.7511,0.7629,82258268
2025-07-31 00:00:00+00:00,0.7629,0.7815,0.7616,0.7792,65223994
2025-07-31 04:00:00+00:00,0.7792,0.7839,0.7773,0.7817,49607432
2025-07-31 08:00:00+00:00,0.7817,0.7896,0.7751,0.7782,69489283
2025-07-31 12:00:00+00:00,0.7783,0.7792,0.7521,0.7612,145993527
2025-07-31 16:00:00+00:00,0.7612,0.7753,0.7489,0.7511,121657219
2025-07-31 20:00:00+00:00,0.7511,0.7546,0.7352,0.7386,116894373
2025-08-01 00:00:00+00:00,0.7386,0.7408,0.7167,0.7344,196956712
2025-08-01 04:00:00+00:00,0.7343,0.7343,0.7176,0.7243,108795885
2025-08-01 08:00:00+00:00,0.7242,0.7275,0.7093,0.7267,130791774
2025-08-01 12:00:00+00:00,0.7266,0.7379,0.7082,0.7328,219081849
2025-08-01 16:00:00+00:00,0.7327,0.7378,0.7159,0.731,134473971
2025-08-01 20:00:00+00:00,0.731,0.7333,0.6939,0.7139,193624290
2025-08-02 00:00:00+00:00,0.7138,0.7239,0.7108,0.721,60951458
2025-08-02 04:00:00+00:00,0.7211,0.7275,0.7051,0.7225,79616061
2025-08-02 08:00:00+00:00,0.7226,0.7238,0.706,0.7145,75524550
2025-08-02 12:00:00+00:00,0.7144,0.717,0.6961,0.6987,122834322
2025-08-02 16:00:00+00:00,0.6986,0.7059,0.6838,0.6938,168064583
2025-08-02 20:00:00+00:00,0.6938,0.7049,0.6916,0.697,77695467
2025-08-03 00:00:00+00:00,0.6971,0.7175,0.6863,0.7155,111860910
2025-08-03 04:00:00+00:00,0.7155,0.725,0.7115,0.7214,68215878
2025-08-03 08:00:00+00:00,0.7214,0.7289,0.7204,0.7236,62724057
2025-08-03 12:00:00+00:00,0.7236,0.727,0.7172,0.7256,72806321
2025-08-03 16:00:00+00:00,0.7256,0.7288,0.722,0.7242,56425161
2025-08-03 20:00:00+00:00,0.7242,0.7308,0.7215,0.7266,41161009
2025-08-04 00:00:00+00:00,0.7267,0.743,0.7247,0.7364,94511444
2025-08-04 04:00:00+00:00,0.7364,0.7421,0.7292,0.741,61285655
2025-08-04 08:00:00+00:00,0.741,0.7428,0.7344,0.7377,58277048
2025-08-04 12:00:00+00:00,0.7378,0.7543,0.7358,0.7444,114830969
2025-08-04 16:00:00+00:00,0.7443,0.7586,0.7411,0.7435,97849753
2025-08-04 20:00:00+00:00,0.7435,0.7576,0.7426,0.7544,57163614
2025-08-05 00:00:00+00:00,0.7545,0.7598,0.7453,0.7468,70087889
2025-08-05 04:00:00+00:00,0.7468,0.7513,0.7335,0.735,93859145
2025-08-05 08:00:00+00:00,0.735,0.7583,0.7326,0.7512,95511994
2025-08-05 12:00:00+00:00,0.7512,0.752,0.7189,0.7227,184793291
2025-08-05 16:00:00+00:00,0.7227,0.7297,0.7179,0.7201,81914719
2025-08-05 20:00:00+00:00,0.72,0.7282,0.713,0.7254,49369137
2025-08-06 00:00:00+00:00,0.7254,0.7257,0.7123,0.7129,51053478
2025-08-06 04:00:00+00:00,0.7128,0.73,0.7102,0.7267,95470252
2025-08-06 08:00:00+00:00,0.7267,0.7295,0.7201,0.7257,55257524
2025-08-06 12:00:00+00:00,0.7257,0.7426,0.7191,0.7415,116587652
2025-08-06 16:00:00+00:00,0.7415,0.7478,0.7343,0.7425,80304327
2025-08-06 20:00:00+00:00,0.7425,0.7434,0.7375,0.7409,34354162
2025-08-07 00:00:00+00:00,0.741,0.7459,0.734,0.7342,50070910
2025-08-07 04:00:00+00:00,0.7341,0.7439,0.7337,0.741,50964545
2025-08-07 08:00:00+00:00,0.7411,0.77,0.7395,0.7671,178255637
2025-08-07 12:00:00+00:00,0.7671,0.7738,0.7573,0.7627,128788944
2025-08-07 16:00:00+00:00,0.7626,0.7659,0.7358,0.7654,153302037
2025-08-07 20:00:00+00:00,0.7654,0.7882,0.7606,0.7871,162082794
2025-08-08 00:00:00+00:00,0.7871,0.8009,0.7776,0.7955,245775314
2025-08-08 04:00:00+00:00,0.7955,0.8,0.7865,0.799,122928188
2025-08-08 08:00:00+00:00,0.799,0.805,0.7925,0.7992,97816736
2025-08-08 12:00:00+00:00,0.7993,0.8067,0.7755,0.7814,198490273
2025-08-08 16:00:00+00:00,0.7814,0.8009,0.7795,0.799,133849681
2025-08-08 20:00:00+00:00,0.7991,0.8004,0.79,0.791,46828419
2025-08-09 00:00:00+00:00,0.7909,0.8003,0.7893,0.7953,52852244
2025-08-09 04:00:00+00:00,0.7954,0.817,0.7935,0.8066,128567408
2025-08-09 08:00:00+00:00,0.8066,0.8173,0.8044,0.8066,89909515
2025-08-09 12:00:00+00:00,0.8065,0.8203,0.7958,0.8047,151589638
2025-08-09 16:00:00+00:00,0.8047,0.821,0.8047,0.8156,91651088
2025-08-09 20:00:00+00:00,0.8156,0.8197,0.8011,0.8025,86615711
2025-08-10 00:00:00+00:00,0.8026,0.8247,0.8006,0.8235,111872829
2025-08-10 04:00:00+00:00,0.8234,0.8343,0.789,0.7942,206677218
2025-08-10 08:00:00+00:00,0.7941,0.802,0.7839,0.7901,123904841
2025-08-10 12:00:00+00:00,0.7901,0.8055,0.7867,0.8005,106423881
2025-08-10 16:00:00+00:00,0.8005,0.8083,0.7989,0.8055,54633324
2025-08-10 20:00:00+00:00,0.8054,0.806,0.7908,0.8011,71255978
2025-08-11 00:00:00+00:00,0.8012,0.8299,0.7963,0.8254,136387716
2025-08-11 04:00:00+00:00,0.8254,0.8337,0.8072,0.8091,123899798
2025-08-11 08:00:00+00:00,0.809,0.8204,0.7856,0.7902,185015712
2025-08-11 12:00:00+00:00,0.7902,0.7994,0.7823,0.7958,178195463
2025-08-11 16:00:00+00:00,0.7959,0.8044,0.7787,0.7846,134423469
2025-08-11 20:00:00+00:00,0.7847,0.7856,0.7656,0.7723,119025805
2025-08-12 00:00:00+00:00,0.7723,0.7879,0.7708,0.7814,78372636
2025-08-12 04:00:00+00:00,0.7814,0.7884,0.7709,0.782,82593969
2025-08-12 08:00:00+00:00,0.7819,0.7843,0.765,0.7747,95993521
2025-08-12 12:00:00+00:00,0.7746,0.8149,0.7727,0.8139,231056068
2025-08-12 16:00:00+00:00,0.8139,0.8492,0.8122,0.8484,260379753
2025-08-12 20:00:00+00:00,0.8485,0.8581,0.838,0.8411,189551816
2025-08-13 00:00:00+00:00,0.841,0.8591,0.8333,0.8555,149161214
2025-08-13 04:00:00+00:00,0.8555,0.8619,0.8379,0.8589,139537867
2025-08-13 08:00:00+00:00,0.8589,0.8875,0.8583,0.8794,230928931
2025-08-13 12:00:00+00:00,0.8794,0.8894,0.8615,0.8724,249731035
2025-08-13 16:00:00+00:00,0.8725,0.8853,0.8664,0.8835,110428960
2025-08-13 20:00:00+00:00,0.8835,0.9223,0.8775,0.9044,215455327
2025-08-14 00:00:00+00:00,0.9043,0.9896,0.9041,0.9821,512693719
2025-08-14 04:00:00+00:00,0.9821,1.0199,0.9749,0.9986,672511287
2025-08-14 08:00:00+00:00,0.9986,1.0033,0.9606,0.9636,508338585
2025-08-14 12:00:00+00:00,0.9636,0.9759,0.8722,0.925,1064867997
2025-08-14 16:00:00+00:00,0.9249,0.9252,0.8876,0.8997,344977033
2025-08-14 20:00:00+00:00,0.8997,0.9354,0.8778,0.9251,365973031
2025-08-15 00:00:00+00:00,0.9251,0.9445,0.9104,0.9294,325684909
2025-08-15 04:00:00+00:00,0.9295,0.9625,0.9177,0.9505,264099209
2025-08-15 08:00:00+00:00,0.9505,0.9642,0.9371,0.9421,228927537
2025-08-15 12:00:00+00:00,0.9421,0.9591,0.9161,0.9241,547083339
2025-08-15 16:00:00+00:00,0.924,0.9498,0.9103,0.9296,354388622
2025-08-15 20:00:00+00:00,0.9295,0.962,0.9257,0.9447,233909797
2025-08-16 00:00:00+00:00,0.9446,0.9773,0.9429,0.9572,294634935
2025-08-16 04:00:00+00:00,0.9572,0.9697,0.9415,0.9629,238478341
2025-08-16 08:00:00+00:00,0.9628,0.9639,0.9004,0.9024,377399242
2025-08-16 12:00:00+00:00,0.9025,0.9183,0.9021,0.9095,191643012
2025-08-16 16:00:00+00:00,0.9095,0.9234,0.9077,0.9164,141397846
2025-08-16 20:00:00+00:00,0.9165,0.9227,0.9136,0.9205,68546819
2025-08-17 00:00:00+00:00,0.9205,0.9436,0.9042,0.9373,191628595
2025-08-17 04:00:00+00:00,0.9373,0.9601,0.9367,0.9588,271924217
2025-08-17 08:00:00+00:00,0.9588,0.9872,0.9496,0.9716,340393829
2025-08-17 12:00:00+00:00,0.9716,0.9793,0.961,0.9751,208623977
2025-08-17 16:00:00+00:00,0.975,0.9762,0.9432,0.9511,227958725
2025-08-17 20:00:00+00:00,0.9511,0.9681,0.9494,0.9607,116725168
2025-08-18 00:00:00+00:00,0.9606,0.9683,0.9129,0.921,387317203
2025-08-18 04:00:00+00:00,0.921,0.9277,0.9061,0.9163,181427075
2025-08-18 08:00:00+00:00,0.9162,0.9238,0.8911,0.8971,234392899
2025-08-18 12:00:00+00:00,0.8971,0.9175,0.8912,0.917,267468193
2025-08-18 16:00:00+00:00,0.9169,0.9346,0.903,0.919,216271482
2025-08-18 20:00:00+00:00,0.9189,0.9326,0.9089,0.9229,145710764
2025-08-19 00:00:00+00:00,0.9229,0.9412,0.899,0.9021,286808730
2025-08-19 04:00:00+00:00,0.9021,0.9321,0.8947,0.9284,257806175
2025-08-19 08:00:00+00:00,0.9285,0.9536,0.9161,0.931,286756440
2025-08-19 12:00:00+00:00,0.9309,0.9346,0.8637,0.8703,492504249
2025-08-19 16:00:00+00:00,0.8702,0.8739,0.85,0.8537,343802770
2025-08-19 20:00:00+00:00,0.8537,0.8636,0.8433,0.8459,149406402
2025-08-20 00:00:00+00:00,0.8459,0.8561,0.8424,0.848,183528889
2025-08-20 04:00:00+00:00,0.8479,0.8553,0.8455,0.8472,130519509
2025-08-20 08:00:00+00:00,0.8473,0.8637,0.8364,0.8487,286568584
2025-08-20 12:00:00+00:00,0.8488,0.8842,0.8382,0.8709,452119862
2025-08-20 16:00:00+00:00,0.8708,0.8921,0.8679,0.8905,204790998
2025-08-20 20:00:00+00:00,0.8905,0.891,0.8773,0.8805,126180337
2025-08-21 00:00:00+00:00,0.8805,0.8922,0.8688,0.8848,168349394
2025-08-21 04:00:00+00:00,0.8849,0.886,0.8674,0.8751,108682310
2025-08-21 08:00:00+00:00,0.8752,0.879,0.8643,0.8671,114503443
2025-08-21 12:00:00+00:00,0.867,0.8792,0.8569,0.8586,231859894
2025-08-21 16:00:00+00:00,0.8586,0.8685,0.8499,0.8523,164009968
2025-08-21 20:00:00+00:00,0.8523,0.864,0.846,0.8514,110349801
2025-08-22 00:00:00+00:00,0.8513,0.8666,0.8424,0.8503,137579749
2025-08-22 04:00:00+00:00,0.8503,0.8625,0.847,0.8564,128484187
2025-08-22 08:00:00+00:00,0.8563,0.8636,0.8328,0.8336,168909530
2025-08-22 12:00:00+00:00,0.8336,0.9167,0.8213,0.9044,854115696
2025-08-22 16:00:00+00:00,0.9043,0.9397,0.9042,0.9317,325305897
2025-08-22 20:00:00+00:00,0.9316,0.942,0.9272,0.9315,149279415
2025-08-23 00:00:00+00:00,0.9315,0.933,0.8911,0.9006,248300032
2025-08-23 04:00:00+00:00,0.9006,0.9386,0.9002,0.926,252313613
2025-08-23 08:00:00+00:00,0.9261,0.9297,0.9101,0.9155,140364396
2025-08-23 12:00:00+00:00,0.9156,0.9218,0.9079,0.9148,148163672
2025-08-23 16:00:00+00:00,0.9148,0.9159,0.9078,0.9131,77244759
2025-08-23 20:00:00+00:00,0.9132,0.9175,0.9066,0.914,67472993
2025-08-24 00:00:00+00:00,0.9141,0.9217,0.9095,0.9151,95354250
2025-08-24 04:00:00+00:00,0.9151,0.9194,0.902,0.9039,109042103
2025-08-24 08:00:00+00:00,0.9038,0.9097,0.8877,0.892,183519415
2025-08-24 12:00:00+00:00,0.892,0.9077,0.891,0.8985,125647188
2025-08-24 16:00:00+00:00,0.8986,0.9639,0.8957,0.9226,582926021
2025-08-24 20:00:00+00:00,0.9226,0.9294,0.8971,0.9083,318066304
2025-08-25 00:00:00+00:00,0.9083,0.928,0.8867,0.9187,253026519
2025-08-25 04:00:00+00:00,0.9187,0.9221,0.8689,0.8716,339768309
2025-08-25 08:00:00+00:00,0.8717,0.875,0.8544,0.8653,248648435
2025-08-25 12:00:00+00:00,0.8653,0.8766,0.8544,0.8649,232626561
2025-08-25 16:00:00+00:00,0.8649,0.8791,0.8487,0.8497,178069918
2025-08-25 20:00:00+00:00,0.8496,0.8548,0.8287,0.8366,283219097
2025-08-26 00:00:00+00:00,0.8366,0.8453,0.8259,0.8355,159305358
2025-08-26 04:00:00+00:00,0.8355,0.8494,0.8338,0.8399,116425507
2025-08-26 08:00:00+00:00,0.8399,0.8468,0.8345,0.8381,84198629
2025-08-26 12:00:00+00:00,0.8381,0.8587,0.8312,0.8486,252032799
2025-08-26 16:00:00+00:00,0.8486,0.8743,0.8475,0.8727,112063158
2025-08-26 20:00:00+00:00,0.8727,0.8731,0.8621,0.8661,87342243
2025-08-27 00:00:00+00:00,0.866,0.8737,0.8566,0.8687,90770496
2025-08-27 04:00:00+00:00,0.8688,0.8762,0.8525,0.8557,91632178
2025-08-27 08:00:00+00:00,0.8558,0.8667,0.8529,0.8636,80451188
2025-08-27 12:00:00+00:00,0.8636,0.8781,0.8547,0.872,159140994
2025-08-27 16:00:00+00:00,0.872,0.8753,0.857,0.8624,104759746
2025-08-27 20:00:00+00:00,0.8624,0.8722,0.8461,0.8504,214613885
2025-08-28 00:00:00+00:00,0.8505,0.8609,0.8436,0.8586,85480911
2025-08-28 04:00:00+00:00,0.8586,0.8735,0.8562,0.8724,94545460
2025-08-28 08:00:00+00:00,0.8723,0.8797,0.8625,0.8675,96074530
2025-08-28 12:00:00+00:00,0.8674,0.8737,0.854,0.8586,156046322
2025-08-28 16:00:00+00:00,0.8587,0.8649,0.8423,0.8427,118968075
2025-08-28 20:00:00+00:00,0.8426,0.8628,0.8408,0.8571,93993716
2025-08-29 00:00:00+00:00,0.8571,0.8661,0.8389,0.8522,157129904
2025-08-29 04:00:00+00:00,0.8523,0.8544,0.825,0.827,134006230
2025-08-29 08:00:00+00:00,0.8271,0.8296,0.8149,0.8231,139844507
2025-08-29 12:00:00+00:00,0.8232,0.8481,0.8151,0.825,300607892
2025-08-29 16:00:00+00:00,0.8251,0.826,0.8115,0.8204,138864390
2025-08-29 20:00:00+00:00,0.8204,0.8294,0.8093,0.8265,104157917
2025-08-30 00:00:00+00:00,0.8265,0.8355,0.8124,0.8334,105968256
2025-08-30 04:00:00+00:00,0.8335,0.844,0.8311,0.8367,77108211
2025-08-30 08:00:00+00:00,0.8367,0.8381,0.8245,0.827,50848230
2025-08-30 12:00:00+00:00,0.827,0.8273,0.8048,0.8228,158372599
2025-08-30 16:00:00+00:00,0.8229,0.8235,0.8145,0.8195,50063989
2025-08-30 20:00:00+00:00,0.8196,0.8236,0.8157,0.8219,35751548
2025-08-31 00:00:00+00:00,0.8219,0.8377,0.8216,0.8365,70658083
2025-08-31 04:00:00+00:00,0.8365,0.8374,0.825,0.8262,55007874
2025-08-31 08:00:00+00:00,0.8263,0.8319,0.8171,0.824,74395819
2025-08-31 12:00:00+00:00,0.824,0.8273,0.8162,0.8264,70469761
2025-08-31 16:00:00+00:00,0.8263,0.8279,0.8202,0.8212,52480092
2025-08-31 20:00:00+00:00,0.8212,0.8286,0.8087,0.8107,79594921
2025-09-01 00:00:00+00:00,0.8106,0.814,0.8,0.8086,164048485
2025-09-01 04:00:00+00:00,0.8086,0.8399,0.7941,0.8379,248544990
2025-09-01 08:00:00+00:00,0.8379,0.8449,0.8177,0.8199,200627140
2025-09-01 12:00:00+00:00,0.8199,0.826,0.8068,0.8098,133082467
2025-09-01 16:00:00+00:00,0.8097,0.8115,0.8009,0.811,95672955
2025-09-01 20:00:00+00:00,0.8111,0.8112,0.7809,0.8009,207849147
2025-09-02 00:00:00+00:00,0.801,0.8209,0.7975,0.8169,118182338
2025-09-02 04:00:00+00:00,0.8169,0.8224,0.814,0.817,84438344
2025-09-02 08:00:00+00:00,0.817,0.8257,0.8143,0.8162,82502284
2025-09-02 12:00:00+00:00,0.8163,0.828,0.8,0.8098,262000834
2025-09-02 16:00:00+00:00,0.8098,0.8233,0.8074,0.8204,108484535
2025-09-02 20:00:00+00:00,0.8205,0.8355,0.8185,0.8348,85766187
2025-09-03 00:00:00+00:00,0.8349,0.8403,0.8263,0.8338,90955005
2025-09-03 04:00:00+00:00,0.8338,0.8358,0.8257,0.8302,52044053
2025-09-03 08:00:00+00:00,0.8302,0.8367,0.8265,0.8321,57625273
2025-09-03 12:00:00+00:00,0.8321,0.8422,0.8283,0.8401,100557945
2025-09-03 16:00:00+00:00,0.8402,0.8419,0.8342,0.8413,53885412
2025-09-03 20:00:00+00:00,0.8413,0.8433,0.8348,0.8364,39328159
2025-09-04 00:00:00+00:00,0.8364,0.8416,0.8233,0.8237,77923635
2025-09-04 04:00:00+00:00,0.8237,0.8269,0.8134,0.8171,78962432
2025-09-04 08:00:00+00:00,0.8172,0.8236,0.8152,0.8171,75033112
2025-09-04 12:00:00+00:00,0.8172,0.8213,0.8041,0.8077,128159761
2025-09-04 16:00:00+00:00,0.8076,0.8119,0.8022,0.8033,61686883
2025-09-04 20:00:00+00:00,0.8034,0.8183,0.8028,0.8088,58538826
2025-09-05 00:00:00+00:00,0.8088,0.818,0.8042,0.8174,58932631
2025-09-05 04:00:00+00:00,0.8174,0.8306,0.8141,0.83,67918997
2025-09-05 08:00:00+00:00,0.83,0.8319,0.8214,0.8316,75910473
2025-09-05 12:00:00+00:00,0.8317,0.8495,0.8179,0.8245,363206555
2025-09-05 16:00:00+00:00,0.8245,0.8359,0.8201,0.8359,74658720
2025-09-05 20:00:00+00:00,0.8358,0.8388,0.8273,0.8304,68104611
2025-09-06 00:00:00+00:00,0.8303,0.8358,0.8277,0.8336,37838902
2025-09-06 04:00:00+00:00,0.8335,0.8336,0.823,0.8251,39090543
2025-09-06 08:00:00+00:00,0.825,0.826,0.8184,0.8227,48053255
2025-09-06 12:00:00+00:00,0.8227,0.8276,0.8206,0.8219,53127502
2025-09-06 16:00:00+00:00,0.8219,0.8249,0.8138,0.8153,60690279
2025-09-06 20:00:00+00:00,0.8154,0.8206,0.8149,0.8179,30026637
2025-09-07 00:00:00+00:00,0.8179,0.8291,0.8176,0.8279,45596058
2025-09-07 04:00:00+00:00,0.828,0.8287,0.8234,0.8261,32882789
2025-09-07 08:00:00+00:00,0.826,0.833,0.8255,0.8325,43155595
2025-09-07 12:00:00+00:00,0.8325,0.8382,0.8264,0.8338,108129788
2025-09-07 16:00:00+00:00,0.8338,0.8345,0.8225,0.8283,53440734
2025-09-07 20:00:00+00:00,0.8282,0.8416,0.8267,0.8349,52851320
2025-09-08 00:00:00+00:00,0.8348,0.8482,0.8296,0.8415,90170978
2025-09-08 04:00:00+00:00,0.8414,0.8458,0.8334,0.842,80027653
2025-09-08 08:00:00+00:00,0.842,0.8565,0.8411,0.8524,131943507
2025-09-08 12:00:00+00:00,0.8525,0.8681,0.8503,0.8652,143401378
2025-09-08 16:00:00+00:00,0.8651,0.8693,0.8582,0.8619,90540975
2025-09-08 20:00:00+00:00,0.862,0.8687,0.8577,0.8651,61783211
2025-09-09 00:00:00+00:00,0.8651,0.875,0.8552,0.8671,106959000
2025-09-09 04:00:00+00:00,0.8672,0.8922,0.8627,0.8884,187813717
2025-09-09 08:00:00+00:00,0.8885,0.8947,0.8816,0.8842,104687671
2025-09-09 12:00:00+00:00,0.8842,0.8925,0.8521,0.8573,257626553
2025-09-09 16:00:00+00:00,0.8573,0.8659,0.8563,0.8621,71276002
2025-09-09 20:00:00+00:00,0.862,0.8675,0.859,0.8648,43280841
2025-09-10 00:00:00+00:00,0.8648,0.8796,0.8591,0.8774,86526581
2025-09-10 04:00:00+00:00,0.8774,0.8828,0.8693,0.8799,60469588
2025-09-10 08:00:00+00:00,0.8799,0.8825,0.8713,0.8748,53623007
2025-09-10 12:00:00+00:00,0.8748,0.8965,0.8748,0.8879,169406324
2025-09-10 16:00:00+00:00,0.8878,0.8936,0.872,0.8767,92285319
2025-09-10 20:00:00+00:00,0.8767,0.8875,0.8762,0.8853,47067449
2025-09-11 00:00:00+00:00,0.8852,0.8947,0.8826,0.8947,57195545
2025-09-11 04:00:00+00:00,0.8947,0.8947,0.8831,0.887,74521707
2025-09-11 08:00:00+00:00,0.887,0.8914,0.8818,0.8832,59570511
2025-09-11 12:00:00+00:00,0.8832,0.898,0.8647,0.8763,259346138
2025-09-11 16:00:00+00:00,0.8763,0.883,0.8759,0.8819,44540037
2025-09-11 20:00:00+00:00,0.882,0.8966,0.8795,0.8937,59049861
2025-09-12 00:00:00+00:00,0.8937,0.9096,0.8908,0.9005,121780364
2025-09-12 04:00:00+00:00,0.9005,0.9059,0.8968,0.8993,64252054
2025-09-12 08:00:00+00:00,0.8993,0.9004,0.8872,0.8877,76414456
2025-09-12 12:00:00+00:00,0.8877,0.8957,0.882,0.893,115281250
2025-09-12 16:00:00+00:00,0.8929,0.9076,0.8913,0.9073,93528678
2025-09-12 20:00:00+00:00,0.9072,0.918,0.9009,0.9169,115580742
2025-09-13 00:00:00+00:00,0.9169,0.9371,0.9161,0.9289,160563481
2025-09-13 04:00:00+00:00,0.929,0.93,0.9232,0.9259,55235328
2025-09-13 08:00:00+00:00,0.9259,0.9542,0.9252,0.95,201531433
2025-09-13 12:00:00+00:00,0.95,0.952,0.9263,0.9379,184339125
2025-09-13 16:00:00+00:00,0.9379,0.9428,0.914,0.9261,135370958
2025-09-13 20:00:00+00:00,0.9261,0.9354,0.9256,0.9294,48052080
2025-09-14 00:00:00+00:00,0.9293,0.9311,0.9129,0.9169,83617687
2025-09-14 04:00:00+00:00,0.9169,0.9235,0.9101,0.9155,63410134
2025-09-14 08:00:00+00:00,0.9154,0.9195,0.9008,0.902,89269020
2025-09-14 12:00:00+00:00,0.9021,0.9052,0.8786,0.8859,186240578
2025-09-14 16:00:00+00:00,0.886,0.8966,0.8844,0.8886,65076761
2025-09-14 20:00:00+00:00,0.8886,0.8973,0.8851,0.8873,54162890
2025-09-15 00:00:00+00:00,0.8872,0.8954,0.8791,0.8939,61233174
2025-09-15 04:00:00+00:00,0.8939,0.9021,0.8734,0.8772,138550522
2025-09-15 08:00:00+00:00,0.8773,0.8774,0.8518,0.8636,225864986
2025-09-15 12:00:00+00:00,0.8636,0.8695,0.8533,0.859,128816182
2025-09-15 16:00:00+00:00,0.859,0.864,0.8525,0.8591,64236360
2025-09-15 20:00:00+00:00,0.8592,0.8658,0.8582,0.8627,40093237
2025-09-16 00:00:00+00:00,0.8627,0.8656,0.8577,0.859,46693668
2025-09-16 04:00:00+00:00,0.8591,0.8663,0.8524,0.8654,67050059
2025-09-16 08:00:00+00:00,0.8654,0.8743,0.8654,0.8696,75603471
2025-09-16 12:00:00+00:00,0.8696,0.8749,0.856,0.87,125282695
2025-09-16 16:00:00+00:00,0.8701,0.8802,0.8662,0.8768,93224451
2025-09-16 20:00:00+00:00,0.8769,0.8838,0.8752,0.8798,41757896
2025-09-17 00:00:00+00:00,0.8798,0.8835,0.8726,0.8735,63484327
2025-09-17 04:00:00+00:00,0.8734,0.8867,0.8662,0.8819,91795238
2025-09-17 08:00:00+00:00,0.882,0.8822,0.8685,0.8714,53216374
2025-09-17 12:00:00+00:00,0.8714,0.8738,0.8628,0.8678,76566181
2025-09-17 16:00:00+00:00,0.8677,0.8842,0.855,0.8824,249140952
2025-09-17 20:00:00+00:00,0.8823,0.9193,0.875,0.9134,199714084
2025-09-18 00:00:00+00:00,0.9134,0.9254,0.9068,0.9175,116743545
2025-09-18 04:00:00+00:00,0.9176,0.9185,0.8994,0.9078,120505298
2025-09-18 08:00:00+00:00,0.9078,0.9205,0.9072,0.9133,79790220
2025-09-18 12:00:00+00:00,0.9133,0.9281,0.9076,0.9267,164513162
2025-09-18 16:00:00+00:00,0.9268,0.9384,0.922,0.9297,119619111
2025-09-18 20:00:00+00:00,0.9298,0.9336,0.9157,0.9241,95856301
2025-09-19 00:00:00+00:00,0.9242,0.9377,0.9184,0.9192,108835614
2025-09-19 04:00:00+00:00,0.9192,0.9229,0.902,0.9039,142988438
2025-09-19 08:00:00+00:00,0.9039,0.9115,0.8932,0.8961,110931635
2025-09-19 12:00:00+00:00,0.8961,0.9087,0.8908,0.8967,160621619
2025-09-19 16:00:00+00:00,0.8967,0.9046,0.8907,0.8942,81907828
2025-09-19 20:00:00+00:00,0.8941,0.8983,0.8847,0.8899,61300043
2025-09-20 00:00:00+00:00,0.8898,0.8973,0.888,0.8933,54263170
2025-09-20 04:00:00+00:00,0.8934,0.906,0.8908,0.9057,54807602
2025-09-20 08:00:00+00:00,0.9056,0.9059,0.8866,0.8947,63783504
2025-09-20 12:00:00+00:00,0.8947,0.9045,0.8909,0.8998,58499226
2025-09-20 16:00:00+00:00,0.8998,0.903,0.8892,0.8909,52931103
2025-09-20 20:00:00+00:00,0.891,0.8975,0.8901,0.8926,24371972
2025-09-21 00:00:00+00:00,0.8925,0.8982,0.8892,0.8982,40906435
2025-09-21 04:00:00+00:00,0.8982,0.9023,0.8953,0.8992,33206382
2025-09-21 08:00:00+00:00,0.8993,0.8999,0.8765,0.8817,113882680
2025-09-21 12:00:00+00:00,0.8817,0.8893,0.8811,0.8852,44287402
2025-09-21 16:00:00+00:00,0.8853,0.889,0.8743,0.888,67835170
2025-09-21 20:00:00+00:00,0.8881,0.8887,0.879,0.8835,30031023
2025-09-22 00:00:00+00:00,0.8835,0.8873,0.846,0.8553,237432880
2025-09-22 04:00:00+00:00,0.8553,0.8559,0.7782,0.8168,328611041
2025-09-22 08:00:00+00:00,0.8167,0.8276,0.812,0.8219,120448157
2025-09-22 12:00:00+00:00,0.8219,0.8325,0.8186,0.82,109650860
2025-09-22 16:00:00+00:00,0.8199,0.8267,0.8133,0.8149,73393801
2025-09-22 20:00:00+00:00,0.8149,0.8272,0.8128,0.8252,44284582
2025-09-23 00:00:00+00:00,0.8252,0.8289,0.8026,0.8219,122822997
2025-09-23 04:00:00+00:00,0.822,0.8282,0.814,0.8234,77772068
2025-09-23 08:00:00+00:00,0.8234,0.8279,0.8182,0.8216,56506474
2025-09-23 12:00:00+00:00,0.8215,0.8263,0.8151,0.8218,83330166
2025-09-23 16:00:00+00:00,0.8218,0.829,0.8061,0.8079,94777533
2025-09-23 20:00:00+00:00,0.8079,0.8159,0.8044,0.8056,47864959
2025-09-24 00:00:00+00:00,0.8055,0.8157,0.7972,0.7999,77517902
2025-09-24 04:00:00+00:00,0.7999,0.817,0.7895,0.8145,104908484
2025-09-24 08:00:00+00:00,0.8145,0.8226,0.8126,0.819,46224096
2025-09-24 12:00:00+00:00,0.8191,0.8299,0.8164,0.8203,77071076
2025-09-24 16:00:00+00:00,0.8203,0.8265,0.8181,0.8217,44046359
2025-09-24 20:00:00+00:00,0.8217,0.823,0.8111,0.8124,43945503
2025-09-25 00:00:00+00:00,0.8123,0.8141,0.7924,0.8,117825579
2025-09-25 04:00:00+00:00,0.8001,0.8029,0.7856,0.7902,123522011
2025-09-25 08:00:00+00:00,0.7903,0.794,0.7795,0.781,112312213
2025-09-25 12:00:00+00:00,0.7809,0.7997,0.7677,0.7907,216181768
2025-09-25 16:00:00+00:00,0.7906,0.7922,0.7537,0.7713,265763959
2025-09-25 20:00:00+00:00,0.7713,0.774,0.7568,0.7633,92575759
2025-09-26 00:00:00+00:00,0.7634,0.781,0.7633,0.7765,89199464
2025-09-26 04:00:00+00:00,0.7765,0.7792,0.7679,0.7739,73985534
2025-09-26 08:00:00+00:00,0.7739,0.7777,0.7572,0.7635,80706169
2025-09-26 12:00:00+00:00,0.7634,0.7791,0.7572,0.7746,173340213
2025-09-26 16:00:00+00:00,0.7747,0.7959,0.774,0.7888,120306380
2025-09-26 20:00:00+00:00,0.7889,0.7935,0.7863,0.7915,33946644
2025-09-27 00:00:00+00:00,0.7915,0.7938,0.7879,0.792,27691707
2025-09-27 04:00:00+00:00,0.7919,0.7931,0.7811,0.7836,40630396
2025-09-27 08:00:00+00:00,0.7836,0.7859,0.7761,0.783,58697812
2025-09-27 12:00:00+00:00,0.7829,0.7865,0.78,0.7851,34783363
2025-09-27 16:00:00+00:00,0.7852,0.7855,0.7769,0.7812,33482940
2025-09-27 20:00:00+00:00,0.7812,0.7878,0.7782,0.7807,30684902
2025-09-28 00:00:00+00:00,0.7806,0.782,0.7715,0.7745,47159101
2025-09-28 04:00:00+00:00,0.7745,0.7762,0.7685,0.7726,34577832
2025-09-28 08:00:00+00:00,0.7726,0.7732,0.7648,0.7682,46301304
2025-09-28 12:00:00+00:00,0.7682,0.7813,0.7642,0.7811,61938700
2025-09-28 16:00:00+00:00,0.7811,0.7916,0.7811,0.7898,55222088
2025-09-28 20:00:00+00:00,0.7898,0.8117,0.7891,0.8083,79762777
2025-09-29 00:00:00+00:00,0.8083,0.8086,0.7977,0.8043,59125306
2025-09-29 04:00:00+00:00,0.8043,0.8055,0.7923,0.7979,49392145
2025-09-29 08:00:00+00:00,0.7979,0.8039,0.789,0.7943,52667498
2025-09-29 12:00:00+00:00,0.7942,0.8158,0.7874,0.8017,137574177
2025-09-29 16:00:00+00:00,0.8017,0.8054,0.7945,0.8042,60773701
2025-09-29 20:00:00+00:00,0.8043,0.8145,0.8029,0.8056,54429134
2025-09-30 00:00:00+00:00,0.8056,0.8083,0.7958,0.7973,69328223
2025-09-30 04:00:00+00:00,0.7974,0.805,0.7921,0.7937,57598313
2025-09-30 08:00:00+00:00,0.7938,0.7949,0.7839,0.7905,64264719
2025-09-30 12:00:00+00:00,0.7906,0.7955,0.7775,0.7829,96525651
2025-09-30 16:00:00+00:00,0.7828,0.8015,0.7795,0.8007,75485419
2025-09-30 20:00:00+00:00,0.8007,0.813,0.7986,0.807,94094078
2025-10-01 00:00:00+00:00,0.8071,0.8111,0.7966,0.7978,60253901
2025-10-01 04:00:00+00:00,0.7978,0.8068,0.7968,0.8043,42214474
2025-10-01 08:00:00+00:00,0.8042,0.8372,0.8026,0.8361,175540250
2025-10-01 12:00:00+00:00,0.836,0.8424,0.832,0.8403,85194494
2025-10-01 16:00:00+00:00,0.8404,0.8477,0.8325,0.8453,76831523
2025-10-01 20:00:00+00:00,0.8453,0.851,0.8384,0.8505,53190393
2025-10-02 00:00:00+00:00,0.8504,0.86,0.8476,0.8546,86000979
2025-10-02 04:00:00+00:00,0.8546,0.8639,0.85,0.8538,61543465
2025-10-02 08:00:00+00:00,0.8539,0.8572,0.8487,0.8497,55781597
2025-10-02 12:00:00+00:00,0.8496,0.8562,0.8358,0.8534,137549805
2025-10-02 16:00:00+00:00,0.8534,0.8773,0.8523,0.874,126544898
2025-10-02 20:00:00+00:00,0.8741,0.8749,0.8642,0.8703,67851958
2025-10-03 00:00:00+00:00,0.8703,0.8709,0.8543,0.8615,71114890
2025-10-03 04:00:00+00:00,0.8615,0.867,0.8535,0.8568,56262246
2025-10-03 08:00:00+00:00,0.8567,0.8599,0.851,0.8539,49702855
2025-10-03 12:00:00+00:00,0.854,0.8737,0.8478,0.8729,106221631
2025-10-03 16:00:00+00:00,0.8729,0.8921,0.8565,0.87,241321925
2025-10-03 20:00:00+00:00,0.87,0.8737,0.8645,0.8653,42011132
2025-10-04 00:00:00+00:00,0.8654,0.8687,0.8493,0.8544,64308496
2025-10-04 04:00:00+00:00,0.8543,0.8586,0.8515,0.8522,37178234
2025-10-04 08:00:00+00:00,0.8522,0.8533,0.8405,0.8428,65163294
2025-10-04 12:00:00+00:00,0.8428,0.8494,0.8327,0.8352,93561339
2025-10-04 16:00:00+00:00,0.8351,0.8423,0.8342,0.8378,58404729
2025-10-04 20:00:00+00:00,0.8378,0.8437,0.8374,0.8391,35908582
2025-10-05 00:00:00+00:00,0.8391,0.8632,0.8346,0.8546,108711795
2025-10-05 04:00:00+00:00,0.8546,0.8781,0.8545,0.878,147535278
2025-10-05 08:00:00+00:00,0.878,0.8825,0.8573,0.8628,149097857
2025-10-05 12:00:00+00:00,0.8628,0.8628,0.8507,0.8536,75794255
2025-10-05 16:00:00+00:00,0.8536,0.8562,0.8263,0.8299,169501261
2025-10-05 20:00:00+00:00,0.83,0.8398,0.8273,0.8366,75020147
2025-10-06 00:00:00+00:00,0.8365,0.8451,0.8311,0.8395,106360013
2025-10-06 04:00:00+00:00,0.8394,0.8498,0.8358,0.8424,72848388
2025-10-06 08:00:00+00:00,0.8425,0.8546,0.8425,0.8505,67585940
2025-10-06 12:00:00+00:00,0.8506,0.881,0.8506,0.8731,205426893
2025-10-06 16:00:00+00:00,0.8731,0.8808,0.8695,0.8775,112915344
2025-10-06 20:00:00+00:00,0.8775,0.881,0.8665,0.8716,115812378
2025-10-07 00:00:00+00:00,0.8716,0.878,0.8669,0.8682,56032521
2025-10-07 04:00:00+00:00,0.8682,0.8748,0.8539,0.8569,101802618
2025-10-07 08:00:00+00:00,0.8569,0.8606,0.8477,0.8591,90196660
2025-10-07 12:00:00+00:00,0.8591,0.8718,0.8276,0.8328,299859194
2025-10-07 16:00:00+00:00,0.8327,0.8402,0.8226,0.825,132274604
2025-10-07 20:00:00+00:00,0.8251,0.8345,0.8167,0.8195,90155258
2025-10-08 00:00:00+00:00,0.8195,0.8294,0.8089,0.8124,115593099
2025-10-08 04:00:00+00:00,0.8124,0.8178,0.8073,0.8168,68191703
2025-10-08 08:00:00+00:00,0.8169,0.8269,0.8157,0.8212,72576642
2025-10-08 12:00:00+00:00,0.8212,0.8297,0.8122,0.8179,115638520
2025-10-08 16:00:00+00:00,0.8178,0.8516,0.8164,0.8391,166580446
2025-10-08 20:00:00+00:00,0.8392,0.8426,0.8341,0.8385,43821203
2025-10-09 00:00:00+00:00,0.8384,0.8393,0.8122,0.8209,107937167
2025-10-09 04:00:00+00:00,0.821,0.8256,0.8132,0.8143,50362147
2025-10-09 08:00:00+00:00,0.8144,0.8148,0.8016,0.812,114773054
2025-10-09 12:00:00+00:00,0.812,0.821,0.7974,0.8035,169209517
2025-10-09 16:00:00+00:00,0.8036,0.81,0.7939,0.8088,93681482
2025-10-09 20:00:00+00:00,0.8088,0.8187,0.8065,0.815,45277242
2025-10-10 00:00:00+00:00,0.815,0.8216,0.8086,0.8155,59909400
2025-10-10 04:00:00+00:00,0.8155,0.822,0.8096,0.8101,54817548
2025-10-10 08:00:00+00:00,0.8101,0.819,0.808,0.817,55340039
2025-10-10 12:00:00+00:00,0.817,0.8239,0.7763,0.7827,290167015
2025-10-10 16:00:00+00:00,0.7826,0.7892,0.7584,0.767,207623100
2025-10-10 20:00:00+00:00,0.767,0.7746,0.2743,0.6347,1901641975
2025-10-11 00:00:00+00:00,0.6348,0.6733,0.6172,0.6469,465831895
2025-10-11 04:00:00+00:00,0.6468,0.6591,0.6407,0.652,202648420
2025-10-11 08:00:00+00:00,0.6521,0.6823,0.6481,0.6658,192140902
2025-10-11 12:00:00+00:00,0.6657,0.6663,0.6397,0.6543,165197538
2025-10-11 16:00:00+00:00,0.6543,0.658,0.6234,0.6311,145120264
2025-10-11 20:00:00+00:00,0.631,0.6344,0.6085,0.631,203332364
2025-10-12 00:00:00+00:00,0.631,0.6375,0.6172,0.6329,127082212
2025-10-12 04:00:00+00:00,0.633,0.6506,0.6318,0.6465,88106046
2025-10-12 08:00:00+00:00,0.6465,0.6508,0.6376,0.6434,75510203
2025-10-12 12:00:00+00:00,0.6434,0.6834,0.6366,0.6798,306742591
2025-10-12 16:00:00+00:00,0.6797,0.6991,0.6778,0.6982,198785829
2025-10-12 20:00:00+00:00,0.6982,0.7088,0.6857,0.6995,125759805
2025-10-13 00:00:00+00:00,0.6995,0.7158,0.6944,0.7031,127005756
2025-10-13 04:00:00+00:00,0.7032,0.7251,0.6962,0.7166,107430169
2025-10-13 08:00:00+00:00,0.7166,0.7294,0.69,0.706,198273471
2025-10-13 12:00:00+00:00,0.706,0.7273,0.7011,0.7155,241491254
2025-10-13 16:00:00+00:00,0.7155,0.7281,0.7077,0.7241,118383203
2025-10-13 20:00:00+00:00,0.7241,0.7356,0.7226,0.7282,82003809
2025-10-14 00:00:00+00:00,0.7281,0.733,0.71,0.7153,105368297
2025-10-14 04:00:00+00:00,0.7154,0.7178,0.6685,0.6774,251791453
2025-10-14 08:00:00+00:00,0.6774,0.6862,0.662,0.6765,165249685
2025-10-14 12:00:00+00:00,0.6766,0.6966,0.6614,0.6955,220458663
2025-10-14 16:00:00+00:00,0.6956,0.7087,0.6853,0.694,207477631
2025-10-14 20:00:00+00:00,0.6941,0.7012,0.6897,0.6983,64994695
2025-10-15 00:00:00+00:00,0.6984,0.7038,0.6869,0.6906,73143421
2025-10-15 04:00:00+00:00,0.6907,0.7035,0.6877,0.7019,69910570
2025-10-15 08:00:00+00:00,0.7019,0.7158,0.6859,0.6901,122868406
2025-10-15 12:00:00+00:00,0.6902,0.6936,0.6684,0.6724,155648991
2025-10-15 16:00:00+00:00,0.6724,0.6764,0.6634,0.669,95899502
2025-10-15 20:00:00+00:00,0.6691,0.6725,0.6567,0.668,85119381
2025-10-16 00:00:00+00:00,0.6681,0.6755,0.6655,0.6697,55227698
2025-10-16 04:00:00+00:00,0.6698,0.6761,0.6641,0.6704,62180133
2025-10-16 08:00:00+00:00,0.6703,0.6813,0.65,0.6797,143955809
2025-10-16 12:00:00+00:00,0.6798,0.6843,0.6481,0.6517,172090517
2025-10-16 16:00:00+00:00,0.6517,0.6642,0.638,0.6431,223907832
2025-10-16 20:00:00+00:00,0.643,0.6458,0.6326,0.6447,76474122
2025-10-17 00:00:00+00:00,0.6448,0.6556,0.643,0.6516,63485616
2025-10-17 04:00:00+00:00,0.6516,0.652,0.6068,0.6089,195522172
2025-10-17 08:00:00+00:00,0.6089,0.6216,0.5917,0.6167,280552228
2025-10-17 12:00:00+00:00,0.6166,0.6255,0.6065,0.6253,196450890
2025-10-17 16:00:00+00:00,0.6254,0.6339,0.6199,0.6236,116820276
2025-10-17 20:00:00+00:00,0.6237,0.6348,0.6222,0.6243,46665367
2025-10-18 00:00:00+00:00,0.6243,0.6365,0.6227,0.6317,48980782
2025-10-18 04:00:00+00:00,0.6317,0.6389,0.6243,0.6314,60134235
2025-10-18 08:00:00+00:00,0.6315,0.6379,0.6296,0.6377,47223696
2025-10-18 12:00:00+00:00,0.6377,0.6405,0.6266,0.6317,52682426
2025-10-18 16:00:00+00:00,0.6317,0.6373,0.6256,0.6362,43525481
2025-10-18 20:00:00+00:00,0.6363,0.639,0.6312,0.634,24754799
2025-10-19 00:00:00+00:00,0.6339,0.6361,0.6273,0.6347,36055317
2025-10-19 04:00:00+00:00,0.6346,0.6355,0.6261,0.6298,36532096
2025-10-19 08:00:00+00:00,0.6299,0.6496,0.6221,0.6422,157799325
2025-10-19 12:00:00+00:00,0.6423,0.6612,0.6377,0.6598,119833656
2025-10-19 16:00:00+00:00,0.6599,0.6648,0.6546,0.659,70418894
2025-10-19 20:00:00+00:00,0.6589,0.6617,0.6506,0.6524,49798234
2025-10-20 00:00:00+00:00,0.6524,0.6647,0.6389,0.6624,109052687
2025-10-20 04:00:00+00:00,0.6624,0.6755,0.66,0.6694,95506563
2025-10-20 08:00:00+00:00,0.6694,0.674,0.6621,0.666,97615718
2025-10-20 12:00:00+00:00,0.666,0.6711,0.6623,0.6639,66687915
2025-10-20 16:00:00+00:00,0.6639,0.6703,0.653,0.6671,109565855
2025-10-20 20:00:00+00:00,0.667,0.6702,0.6616,0.6622,38632035
2025-10-21 00:00:00+00:00,0.6622,0.6631,0.6485,0.6505,61847954
2025-10-21 04:00:00+00:00,0.6505,0.6507,0.6379,0.6433,103029726
2025-10-21 08:00:00+00:00,0.6433,0.6485,0.6365,0.6451,64369569
2025-10-21 12:00:00+00:00,0.6452,0.6852,0.6433,0.6802,190815273
2025-10-21 16:00:00+00:00,0.6802,0.6838,0.6641,0.6685,120768127
2025-10-21 20:00:00+00:00,0.6685,0.6696,0.6398,0.6423,121121787
2025-10-22 00:00:00+00:00,0.6424,0.6464,0.6372,0.6412,73969298
2025-10-22 04:00:00+00:00,0.6412,0.6444,0.632,0.6371,76594484
2025-10-22 08:00:00+00:00,0.6371,0.6384,0.6227,0.6354,98492867
2025-10-22 12:00:00+00:00,0.6355,0.643,0.6275,0.6354,158954527
2025-10-22 16:00:00+00:00,0.6354,0.6378,0.6218,0.6272,109832896
2025-10-22 20:00:00+00:00,0.6273,0.629,0.6045,0.6234,140555088
2025-10-23 00:00:00+00:00,0.6235,0.6296,0.6223,0.6269,52367706
2025-10-23 04:00:00+00:00,0.627,0.6426,0.6258,0.6391,60684195
2025-10-23 08:00:00+00:00,0.6392,0.6432,0.6345,0.6358,49011289
2025-10-23 12:00:00+00:00,0.6357,0.6458,0.6305,0.6422,94178988
2025-10-23 16:00:00+00:00,0.6423,0.6537,0.641,0.6451,71398349
2025-10-23 20:00:00+00:00,0.645,0.6452,0.6361,0.6426,50006734
2025-10-24 00:00:00+00:00,0.6426,0.647,0.6388,0.6403,48102718
2025-10-24 04:00:00+00:00,0.6402,0.6547,0.6384,0.6493,69150931
2025-10-24 08:00:00+00:00,0.6492,0.6532,0.643,0.6502,54885711
2025-10-24 12:00:00+00:00,0.6503,0.6667,0.6429,0.6447,143405916
2025-10-24 16:00:00+00:00,0.6447,0.6556,0.6421,0.6546,54438584
2025-10-24 20:00:00+00:00,0.6546,0.6586,0.6539,0.6556,48017034
2025-10-25 00:00:00+00:00,0.6556,0.6592,0.6526,0.6531,44115669
2025-10-25 04:00:00+00:00,0.6531,0.6578,0.6507,0.6514,35258806
2025-10-25 08:00:00+00:00,0.6513,0.6546,0.6476,0.6536,36588569
2025-10-25 12:00:00+00:00,0.6535,0.6567,0.6508,0.6525,50404621
2025-10-25 16:00:00+00:00,0.6525,0.659,0.6514,0.6575,32075489
2025-10-25 20:00:00+00:00,0.6574,0.6588,0.6533,0.654,25327238
2025-10-26 00:00:00+00:00,0.6539,0.6561,0.6462,0.6476,40393842
2025-10-26 04:00:00+00:00,0.6476,0.656,0.6472,0.6552,24328347
2025-10-26 08:00:00+00:00,0.6552,0.6732,0.6551,0.6731,85343273
2025-10-26 12:00:00+00:00,0.6731,0.6801,0.6724,0.6775,83824620
2025-10-26 16:00:00+00:00,0.6775,0.6784,0.6713,0.6728,43192826
2025-10-26 20:00:00+00:00,0.6727,0.6882,0.6679,0.6809,89068331
2025-10-27 00:00:00+00:00,0.6808,0.6933,0.6792,0.6842,84327915
2025-10-27 04:00:00+00:00,0.6843,0.6909,0.6771,0.6797,81254765
2025-10-27 08:00:00+00:00,0.6797,0.6832,0.6711,0.6774,80265509
2025-10-27 12:00:00+00:00,0.6773,0.6776,0.6655,0.674,92366886
2025-10-27 16:00:00+00:00,0.674,0.6847,0.6737,0.6744,75503256
2025-10-27 20:00:00+00:00,0.6745,0.6746,0.663,0.6667,71965886
2025-10-28 00:00:00+00:00,0.6666,0.6717,0.66,0.6647,76011133
2025-10-28 04:00:00+00:00,0.6647,0.6711,0.6561,0.6629,96396724
2025-10-28 08:00:00+00:00,0.6629,0.6672,0.6612,0.6619,51045061
2025-10-28 12:00:00+00:00,0.6619,0.6752,0.6513,0.6638,154598962
2025-10-28 16:00:00+00:00,0.6638,0.6713,0.6518,0.6543,91506246
2025-10-28 20:00:00+00:00,0.6542,0.6545,0.635,0.6454,169250283
2025-10-29 00:00:00+00:00,0.6454,0.6472,0.6406,0.6416,48303961
2025-10-29 04:00:00+00:00,0.6416,0.6467,0.6409,0.6456,43832380
2025-10-29 08:00:00+00:00,0.6457,0.6506,0.6393,0.6493,64191730
2025-10-29 12:00:00+00:00,0.6494,0.6547,0.636,0.6387,117996862
2025-10-29 16:00:00+00:00,0.6388,0.6599,0.6228,0.65,314344457
2025-10-29 20:00:00+00:00,0.65,0.6568,0.6365,0.6397,87017010
2025-10-30 00:00:00+00:00,0.6398,0.6483,0.6353,0.6443,52347429
2025-10-30 04:00:00+00:00,0.6442,0.6478,0.62,0.645,149587719
2025-10-30 08:00:00+00:00,0.645,0.6451,0.6283,0.6286,80357324
2025-10-30 12:00:00+00:00,0.6287,0.6296,0.6009,0.6027,227361024
2025-10-30 16:00:00+00:00,0.6028,0.6075,0.5859,0.5875,154815229
2025-10-30 20:00:00+00:00,0.5875,0.6015,0.5861,0.6013,101246362
2025-10-31 00:00:00+00:00,0.6013,0.6113,0.5998,0.6098,85879503
2025-10-31 04:00:00+00:00,0.6098,0.6152,0.6092,0.6107,59165731
2025-10-31 08:00:00+00:00,0.6106,0.6168,0.6077,0.6163,78016807
2025-10-31 12:00:00+00:00,0.6162,0.6199,0.6086,0.6123,100726887
2025-10-31 16:00:00+00:00,0.6122,0.6134,0.5974,0.6109,127314065
2025-10-31 20:00:00+00:00,0.6108,0.6112,0.6054,0.6087,44157389
2025-11-01 00:00:00+00:00,0.6087,0.6125,0.603,0.6121,41597437
2025-11-01 04:00:00+00:00,0.6121,0.6143,0.6066,0.6136,40948036
2025-11-01 08:00:00+00:00,0.6136,0.6174,0.6108,0.6123,43049225
2025-11-01 12:00:00+00:00,0.6123,0.6147,0.6048,0.612,52864779
2025-11-01 16:00:00+00:00,0.6121,0.6144,0.6091,0.6134,38178296
2025-11-01 20:00:00+00:00,0.6134,0.6155,0.6075,0.6124,24192830
2025-11-02 00:00:00+00:00,0.6125,0.6126,0.6075,0.6083,25391631
2025-11-02 04:00:00+00:00,0.6084,0.6186,0.6077,0.6172,37754429
2025-11-02 08:00:00+00:00,0.6173,0.6182,0.6047,0.6139,61565960
2025-11-02 12:00:00+00:00,0.6138,0.6141,0.5964,0.599,82675051
2025-11-02 16:00:00+00:00,0.5989,0.6011,0.5917,0.5965,69055708
2025-11-02 20:00:00+00:00,0.5964,0.6116,0.595,0.6103,57095575
2025-11-03 00:00:00+00:00,0.6103,0.612,0.5737,0.575,173274623
2025-11-03 04:00:00+00:00,0.5751,0.5805,0.566,0.5768,157224686
2025-11-03 08:00:00+00:00,0.5768,0.5851,0.5703,0.5753,113505291
2025-11-03 12:00:00+00:00,0.5754,0.5802,0.5244,0.5502,324782343
2025-11-03 16:00:00+00:00,0.5502,0.5689,0.5463,0.5548,161675256
2025-11-03 20:00:00+00:00,0.5549,0.5562,0.5417,0.5526,101097715
2025-11-04 00:00:00+00:00,0.5526,0.5623,0.546,0.5609,79510509
2025-11-04 04:00:00+00:00,0.561,0.563,0.5302,0.534,210426665
2025-11-04 08:00:00+00:00,0.5339,0.5483,0.532,0.5456,127933713
2025-11-04 12:00:00+00:00,0.5457,0.5535,0.532,0.5425,163764861
2025-11-04 16:00:00+00:00,0.5424,0.5464,0.5076,0.5144,362570196
2025-11-04 20:00:00+00:00,0.5144,0.5261,0.4894,0.5206,406785699
2025-11-05 00:00:00+00:00,0.5206,0.5341,0.4943,0.5325,211735049
2025-11-05 04:00:00+00:00,0.5325,0.5375,0.5282,0.5342,79618537
2025-11-05 08:00:00+00:00,0.5341,0.5359,0.5228,0.5348,123026357
2025-11-05 12:00:00+00:00,0.5349,0.5485,0.5337,0.5484,139992080
2025-11-05 16:00:00+00:00,0.5485,0.55,0.5417,0.5432,114289162
2025-11-05 20:00:00+00:00,0.5432,0.5484,0.5387,0.5449,80641405
2025-11-06 00:00:00+00:00,0.5449,0.5455,0.5343,0.5427,81774506
2025-11-06 04:00:00+00:00,0.5427,0.5446,0.5325,0.5339,83895676
2025-11-06 08:00:00+00:00,0.5338,0.5386,0.5311,0.5349,83233206
2025-11-06 12:00:00+00:00,0.5349,0.5393,0.5211,0.5234,140186699
2025-11-06 16:00:00+00:00,0.5234,0.5319,0.5164,0.5282,123532313
2025-11-06 20:00:00+00:00,0.5282,0.5344,0.5226,0.5316,70503130
2025-11-07 00:00:00+00:00,0.5315,0.5409,0.5283,0.5403,97885155
2025-11-07 04:00:00+00:00,0.5404,0.5479,0.5354,0.5476,71442766
2025-11-07 08:00:00+00:00,0.5476,0.5496,0.5249,0.5306,111583672
2025-11-07 12:00:00+00:00,0.5306,0.5471,0.5192,0.5439,188784229
2025-11-07 16:00:00+00:00,0.544,0.5852,0.5417,0.5798,250483432
2025-11-07 20:00:00+00:00,0.5798,0.586,0.5751,0.576,79078800
2025-11-08 00:00:00+00:00,0.5759,0.5928,0.5736,0.582,101530152
2025-11-08 04:00:00+00:00,0.582,0.5904,0.5737,0.5821,82204192
2025-11-08 08:00:00+00:00,0.582,0.5857,0.5713,0.5744,93634646
2025-11-08 12:00:00+00:00,0.5744,0.5779,0.5551,0.557,108095280
2025-11-08 16:00:00+00:00,0.5571,0.5639,0.5535,0.5604,79716684
2025-11-08 20:00:00+00:00,0.5605,0.5691,0.5582,0.5682,35985003
2025-11-09 00:00:00+00:00,0.5683,0.5685,0.5476,0.5502,81399467
2025-11-09 04:00:00+00:00,0.5502,0.5636,0.55,0.5624,54442476
2025-11-09 08:00:00+00:00,0.5625,0.5633,0.5495,0.5622,69733942
2025-11-09 12:00:00+00:00,0.5621,0.5786,0.5602,0.575,105794759
2025-11-09 16:00:00+00:00,0.575,0.5827,0.5691,0.5825,71222990
2025-11-09 20:00:00+00:00,0.5825,0.584,0.5727,0.5785,52787626
2025-11-10 00:00:00+00:00,0.5786,0.5908,0.5733,0.588,67923020
2025-11-10 04:00:00+00:00,0.5881,0.5916,0.5847,0.5889,40500318
2025-11-10 08:00:00+00:00,0.5889,0.6028,0.5832,0.5954,86719174
2025-11-10 12:00:00+00:00,0.5954,0.6006,0.5805,0.5846,104299146
2025-11-10 16:00:00+00:00,0.5846,0.5924,0.5776,0.5879,72598371
2025-11-10 20:00:00+00:00,0.5879,0.598,0.5834,0.5924,55893975
2025-11-11 00:00:00+00:00,0.5924,0.6068,0.5862,0.5983,104877236
2025-11-11 04:00:00+00:00,0.5982,0.6002,0.5752,0.5756,97567446
2025-11-11 08:00:00+00:00,0.5755,0.5836,0.5743,0.58,52384756
2025-11-11 12:00:00+00:00,0.5799,0.5839,0.5702,0.5718,98719709
2025-11-11 16:00:00+00:00,0.5718,0.5753,0.5606,0.562,83015884
2025-11-11 20:00:00+00:00,0.5621,0.5642,0.553,0.556,60603339
2025-11-12 00:00:00+00:00,0.5561,0.5616,0.5523,0.5602,52510161
2025-11-12 04:00:00+00:00,0.5602,0.5649,0.5557,0.5565,56015401
2025-11-12 08:00:00+00:00,0.5565,0.5742,0.5565,0.5733,70618990
2025-11-12 12:00:00+00:00,0.5733,0.5805,0.556,0.5578,144772773
2025-11-12 16:00:00+00:00,0.5578,0.5595,0.5389,0.5434,153569468
2025-11-12 20:00:00+00:00,0.5434,0.5508,0.5417,0.5454,50534989
2025-11-13 00:00:00+00:00,0.5455,0.5637,0.5431,0.5585,77795141
2025-11-13 04:00:00+00:00,0.5584,0.5707,0.5548,0.5644,87505040
2025-11-13 08:00:00+00:00,0.5644,0.5715,0.5617,0.5645,67163130
2025-11-13 12:00:00+00:00,0.5645,0.5686,0.5515,0.5538,134942252
2025-11-13 16:00:00+00:00,0.5537,0.5545,0.5184,0.5212,210463081
2025-11-13 20:00:00+00:00,0.5212,0.5343,0.5139,0.5294,120489974
2025-11-14 00:00:00+00:00,0.5295,0.5333,0.5233,0.5254,72768845
2025-11-14 04:00:00+00:00,0.5255,0.5277,0.5063,0.5238,191556944
2025-11-14 08:00:00+00:00,0.5237,0.5238,0.5099,0.513,80770465
2025-11-14 12:00:00+00:00,0.513,0.5189,0.4994,0.5139,235670696
2025-11-14 16:00:00+00:00,0.5139,0.5204,0.5067,0.5157,99074949
2025-11-14 20:00:00+00:00,0.5157,0.516,0.4897,0.4981,126261858
2025-11-15 00:00:00+00:00,0.4981,0.5143,0.4975,0.5113,60773649
2025-11-15 04:00:00+00:00,0.5113,0.515,0.506,0.5095,69080020
2025-11-15 08:00:00+00:00,0.5096,0.5102,0.4997,0.5016,73923851
2025-11-15 12:00:00+00:00,0.5016,0.51,0.5004,0.5067,51555281
2025-11-15 16:00:00+00:00,0.5066,0.5111,0.5022,0.5075,49003729
2025-11-15 20:00:00+00:00,0.5076,0.5077,0.4985,0.5032,45860823
2025-11-16 00:00:00+00:00,0.5033,0.5061,0.4922,0.5041,78827876
2025-11-16 04:00:00+00:00,0.5041,0.5059,0.4995,0.5049,48201428
2025-11-16 08:00:00+00:00,0.5049,0.509,0.4952,0.497,66744215
2025-11-16 12:00:00+00:00,0.4969,0.4997,0.4824,0.4836,132080793
2025-11-16 16:00:00+00:00,0.4836,0.4903,0.4751,0.4812,199726814
2025-11-16 20:00:00+00:00,0.4812,0.4877,0.4728,0.4844,140130744
2025-11-17 00:00:00+00:00,0.4843,0.4955,0.4787,0.4932,101122144
2025-11-17 04:00:00+00:00,0.4932,0.4977,0.4898,0.4958,75277886
2025-11-17 08:00:00+00:00,0.4959,0.4987,0.4908,0.4951,79799106
2025-11-17 12:00:00+00:00,0.4951,0.4998,0.4723,0.4752,302673959
2025-11-17 16:00:00+00:00,0.4752,0.4839,0.4584,0.4606,227984590
2025-11-17 20:00:00+00:00,0.4605,0.4663,0.4573,0.4659,113195606
2025-11-18 00:00:00+00:00,0.466,0.4703,0.4557,0.4682,184223479
2025-11-18 04:00:00+00:00,0.4682,0.4718,0.4575,0.4646,134403833
2025-11-18 08:00:00+00:00,0.4646,0.471,0.4637,0.4687,105845339
2025-11-18 12:00:00+00:00,0.4688,0.4774,0.4595,0.4739,170001963
2025-11-18 16:00:00+00:00,0.4739,0.4822,0.472,0.4779,111809451
2025-11-18 20:00:00+00:00,0.4779,0.481,0.4712,0.4751,70597663
2025-11-19 00:00:00+00:00,0.4751,0.4773,0.4675,0.4683,85825267
2025-11-19 04:00:00+00:00,0.4683,0.4699,0.4527,0.4681,139790089
2025-11-19 08:00:00+00:00,0.468,0.4706,0.4631,0.4655,88954269
2025-11-19 12:00:00+00:00,0.4656,0.4732,0.4558,0.4563,152077202
2025-11-19 16:00:00+00:00,0.4562,0.4596,0.4378,0.4414,213514000
2025-11-19 20:00:00+00:00,0.4414,0.4641,0.4402,0.4637,126110311
2025-11-20 00:00:00+00:00,0.4636,0.4696,0.4608,0.4665,89191732
2025-11-20 04:00:00+00:00,0.4665,0.4708,0.4632,0.4702,90705211
2025-11-20 08:00:00+00:00,0.4702,0.4709,0.4639,0.4661,54080339
2025-11-20 12:00:00+00:00,0.4661,0.4722,0.4548,0.4555,155140121
2025-11-20 16:00:00+00:00,0.4554,0.4563,0.4285,0.4356,338344989
2025-11-20 20:00:00+00:00,0.4355,0.4451,0.4307,0.4322,123431062
2025-11-21 00:00:00+00:00,0.4321,0.4395,0.4241,0.4298,166373498
2025-11-21 04:00:00+00:00,0.4297,0.4311,0.3894,0.4085,374405038
2025-11-21 08:00:00+00:00,0.4086,0.4176,0.398,0.3985,299238789
2025-11-21 12:00:00+00:00,0.3986,0.4138,0.3875,0.401,393333055
2025-11-21 16:00:00+00:00,0.4009,0.4175,0.3957,0.4096,315945114
2025-11-21 20:00:00+00:00,0.4095,0.4141,0.3974,0.4089,187760044
2025-11-22 00:00:00+00:00,0.409,0.413,0.4047,0.407,88942502
2025-11-22 04:00:00+00:00,0.407,0.4074,0.3977,0.4057,96845083
2025-11-22 08:00:00+00:00,0.4056,0.4057,0.3956,0.4017,111564056
2025-11-22 12:00:00+00:00,0.4017,0.4018,0.3905,0.398,130721393
2025-11-22 16:00:00+00:00,0.3981,0.4047,0.3976,0.4011,65110396
2025-11-22 20:00:00+00:00,0.4012,0.4105,0.3989,0.4043,65591731
2025-11-23 00:00:00+00:00,0.4043,0.4112,0.4012,0.4104,73278536
2025-11-23 04:00:00+00:00,0.4103,0.4154,0.4057,0.4086,88881222
2025-11-23 08:00:00+00:00,0.4085,0.4131,0.4058,0.4094,83063576
2025-11-23 12:00:00+00:00,0.4094,0.4183,0.4085,0.4166,109424382
2025-11-23 16:00:00+00:00,0.4166,0.418,0.4078,0.4128,124307430
2025-11-23 20:00:00+00:00,0.4129,0.4166,0.4075,0.4083,57922461
2025-11-24 00:00:00+00:00,0.4083,0.42,0.4037,0.4162,98078471
2025-11-24 04:00:00+00:00,0.4163,0.4217,0.4082,0.413,108536273
2025-11-24 08:00:00+00:00,0.4129,0.4139,0.4049,0.4081,70954114
2025-11-24 12:00:00+00:00,0.4081,0.4152,0.4017,0.4127,131927747
2025-11-24 16:00:00+00:00,0.4126,0.4301,0.4124,0.427,182119137
2025-11-24 20:00:00+00:00,0.427,0.4339,0.4268,0.4274,70562160
2025-11-25 00:00:00+00:00,0.4274,0.4288,0.4218,0.4241,75158647
2025-11-25 04:00:00+00:00,0.4241,0.4273,0.418,0.4181,65167254
2025-11-25 08:00:00+00:00,0.4182,0.4195,0.4129,0.4146,92717755
2025-11-25 12:00:00+00:00,0.4147,0.4173,0.4044,0.4107,164409874
2025-11-25 16:00:00+00:00,0.4107,0.4212,0.4103,0.4168,127850085
2025-11-25 20:00:00+00:00,0.4168,0.4262,0.4133,0.4217,111715887
2025-11-26 00:00:00+00:00,0.4218,0.4284,0.4205,0.4208,79540995
2025-11-26 04:00:00+00:00,0.4208,0.425,0.4185,0.4248,66233835
2025-11-26 08:00:00+00:00,0.4247,0.425,0.4135,0.415,73078272
2025-11-26 12:00:00+00:00,0.415,0.418,0.4101,0.4127,95754915
2025-11-26 16:00:00+00:00,0.4126,0.4357,0.4124,0.4338,154221253
2025-11-26 20:00:00+00:00,0.4339,0.4372,0.431,0.4355,75209898
2025-11-27 00:00:00+00:00,0.4355,0.4387,0.4321,0.4327,89162170
2025-11-27 04:00:00+00:00,0.4327,0.4354,0.43,0.4336,68255122
2025-11-27 08:00:00+00:00,0.4336,0.437,0.4284,0.43,80064302
2025-11-27 12:00:00+00:00,0.43,0.4334,0.4262,0.4329,80097939
2025-11-27 16:00:00+00:00,0.4328,0.4374,0.4302,0.4357,79303440
2025-11-27 20:00:00+00:00,0.4358,0.4389,0.4312,0.4329,52805652
2025-11-28 00:00:00+00:00,0.4329,0.4333,0.4214,0.4258,104820893
2025-11-28 04:00:00+00:00,0.4259,0.4279,0.4222,0.4239,76599822
2025-11-28 08:00:00+00:00,0.4239,0.4369,0.4238,0.4256,122802843
2025-11-28 12:00:00+00:00,0.4256,0.4346,0.4226,0.4325,133113029
2025-11-28 16:00:00+00:00,0.4325,0.4327,0.4143,0.4211,137399167
2025-11-28 20:00:00+00:00,0.4211,0.4227,0.4171,0.4197,51587523
2025-11-29 00:00:00+00:00,0.4198,0.4218,0.4158,0.4159,45122841
2025-11-29 04:00:00+00:00,0.416,0.4184,0.4131,0.4151,73790380
2025-11-29 08:00:00+00:00,0.4151,0.4189,0.4134,0.4182,45339388
2025-11-29 12:00:00+00:00,0.4183,0.4209,0.4151,0.4199,76610770
2025-11-29 16:00:00+00:00,0.42,0.4215,0.4111,0.4148,96361188
2025-11-29 20:00:00+00:00,0.4147,0.4182,0.4131,0.4144,63701041
2025-11-30 00:00:00+00:00,0.4143,0.4199,0.4131,0.4198,76920727
2025-11-30 04:00:00+00:00,0.4198,0.4201,0.4146,0.4182,50985682
2025-11-30 08:00:00+00:00,0.4182,0.4216,0.4164,0.4174,77080561
2025-11-30 12:00:00+00:00,0.4174,0.4262,0.417,0.4228,85822525
2025-11-30 16:00:00+00:00,0.4228,0.4273,0.4225,0.4248,63982973
2025-11-30 20:00:00+00:00,0.4248,0.4267,0.4138,0.4139,79494887
2025-12-01 00:00:00+00:00,0.4139,0.4154,0.3837,0.3859,400340710
2025-12-01 04:00:00+00:00,0.3858,0.3889,0.3808,0.3883,135129029
2025-12-01 08:00:00+00:00,0.3884,0.3887,0.382,0.3823,83624431
2025-12-01 12:00:00+00:00,0.3823,0.3842,0.3705,0.3759,275434098
2025-12-01 16:00:00+00:00,0.376,0.3788,0.3713,0.376,115488574
2025-12-01 20:00:00+00:00,0.376,0.3874,0.3759,0.3853,106787447
2025-12-02 00:00:00+00:00,0.3852,0.3919,0.3845,0.391,102935965
2025-12-02 04:00:00+00:00,0.391,0.3935,0.3884,0.3892,69444207
2025-12-02 08:00:00+00:00,0.3891,0.3948,0.3851,0.3936,86035812
2025-12-02 12:00:00+00:00,0.3935,0.4309,0.3926,0.4282,284840929
2025-12-02 16:00:00+00:00,0.4282,0.4378,0.4258,0.4344,206715222
2025-12-02 20:00:00+00:00,0.4344,0.4389,0.4321,0.4334,123340703
2025-12-03 00:00:00+00:00,0.4333,0.4389,0.4296,0.4379,122402090
2025-12-03 04:00:00+00:00,0.4379,0.447,0.4353,0.4425,170169618
2025-12-03 08:00:00+00:00,0.4426,0.4467,0.4353,0.4367,99593962
2025-12-03 12:00:00+00:00,0.4367,0.441,0.4261,0.434,190280278
2025-12-03 16:00:00+00:00,0.434,0.4451,0.4314,0.4447,87641729
2025-12-03 20:00:00+00:00,0.4447,0.454,0.4434,0.4498,112966216
2025-12-04 00:00:00+00:00,0.4498,0.4557,0.4467,0.4491,86955487
2025-12-04 04:00:00+00:00,0.4492,0.4537,0.4448,0.4516,93245194
2025-12-04 08:00:00+00:00,0.4516,0.4524,0.444,0.4461,59410248
2025-12-04 12:00:00+00:00,0.4461,0.4553,0.4395,0.4503,124542111
2025-12-04 16:00:00+00:00,0.4503,0.4518,0.4342,0.4413,132240847
2025-12-04 20:00:00+00:00,0.4412,0.4436,0.4373,0.439,55462903
2025-12-05 00:00:00+00:00,0.4391,0.4426,0.4378,0.4393,48001552
2025-12-05 04:00:00+00:00,0.4393,0.4422,0.4358,0.4413,54928182
2025-12-05 08:00:00+00:00,0.4413,0.4414,0.4277,0.4301,87068338
2025-12-05 12:00:00+00:00,0.4301,0.4323,0.4228,0.426,129125440
2025-12-05 16:00:00+00:00,0.4259,0.4261,0.4088,0.4158,192013412
2025-12-05 20:00:00+00:00,0.4158,0.4168,0.4125,0.4155,59348601
2025-12-06 00:00:00+00:00,0.4154,0.4175,0.4118,0.4163,34072215
2025-12-06 04:00:00+00:00,0.4163,0.4167,0.4101,0.4115,32506542
2025-12-06 08:00:00+00:00,0.4115,0.415,0.4095,0.4146,36481901
2025-12-06 12:00:00+00:00,0.4145,0.4165,0.4114,0.4146,69108909
2025-12-06 16:00:00+00:00,0.4145,0.4211,0.4119,0.4127,74932936
2025-12-06 20:00:00+00:00,0.4128,0.4167,0.4108,0.4135,43292009
2025-12-07 00:00:00+00:00,0.4135,0.4195,0.4132,0.4189,37623172
2025-12-07 04:00:00+00:00,0.419,0.4206,0.4138,0.4171,82101817
2025-12-07 08:00:00+00:00,0.4172,0.4195,0.414,0.4146,45895839
2025-12-07 12:00:00+00:00,0.4146,0.4201,0.4052,0.4197,171157394
2025-12-07 16:00:00+00:00,0.4197,0.4349,0.4178,0.4317,169554048
2025-12-07 20:00:00+00:00,0.4317,0.4328,0.4106,0.4171,112424471
2025-12-08 00:00:00+00:00,0.4171,0.4267,0.414,0.4226,70998168
2025-12-08 04:00:00+00:00,0.4226,0.43,0.4222,0.4289,54803116
2025-12-08 08:00:00+00:00,0.4289,0.439,0.428,0.4314,114817585
2025-12-08 12:00:00+00:00,0.4315,0.44,0.4298,0.435,157531355
2025-12-08 16:00:00+00:00,0.435,0.4413,0.4297,0.434,120850013
2025-12-08 20:00:00+00:00,0.4341,0.4372,0.4293,0.4326,65645095
2025-12-09 00:00:00+00:00,0.4326,0.4346,0.4265,0.4317,69529821
2025-12-09 04:00:00+00:00,0.4318,0.4325,0.4233,0.4274,76558827
2025-12-09 08:00:00+00:00,0.4273,0.4437,0.4236,0.4374,118027969
2025-12-09 12:00:00+00:00,0.4374,0.4694,0.4364,0.4667,354310342
2025-12-09 16:00:00+00:00,0.4667,0.4837,0.4667,0.4765,261866967
2025-12-09 20:00:00+00:00,0.4765,0.4815,0.464,0.4694,164396744
2025-12-10 00:00:00+00:00,0.4695,0.4717,0.4616,0.4622,81331960
2025-12-10 04:00:00+00:00,0.4622,0.4655,0.4578,0.4611,98236637
2025-12-10 08:00:00+00:00,0.4611,0.4757,0.4592,0.4654,195019250
2025-12-10 12:00:00+00:00,0.4653,0.4661,0.4605,0.4615,95988020
2025-12-10 16:00:00+00:00,0.4615,0.4709,0.4565,0.4645,172323524
2025-12-10 20:00:00+00:00,0.4645,0.4745,0.4521,0.4534,163241184
2025-12-11 00:00:00+00:00,0.4533,0.4548,0.4288,0.4296,187673461
2025-12-11 04:00:00+00:00,0.4295,0.4343,0.4247,0.4265,134026723
2025-12-11 08:00:00+00:00,0.4264,0.4265,0.4191,0.4203,134316177
2025-12-11 12:00:00+00:00,0.4204,0.4213,0.4114,0.4172,258741024
2025-12-11 16:00:00+00:00,0.4172,0.4219,0.4087,0.4172,174620754
2025-12-11 20:00:00+00:00,0.4173,0.4278,0.4168,0.4251,151270397
2025-12-12 00:00:00+00:00,0.4251,0.4269,0.4175,0.4223,114467722
2025-12-12 04:00:00+00:00,0.4222,0.4291,0.419,0.426,100271176
2025-12-12 08:00:00+00:00,0.4259,0.4274,0.421,0.4242,74093292
2025-12-12 12:00:00+00:00,0.4242,0.427,0.4063,0.4081,187411752
2025-12-12 16:00:00+00:00,0.4081,0.4157,0.4034,0.4093,222592000
2025-12-12 20:00:00+00:00,0.4093,0.4112,0.4076,0.4089,55735779
2025-12-13 00:00:00+00:00,0.4089,0.4117,0.4088,0.4089,38250600
2025-12-13 04:00:00+00:00,0.4088,0.4119,0.4078,0.4103,54301197
2025-12-13 08:00:00+00:00,0.4103,0.4154,0.4098,0.412,62645378
2025-12-13 12:00:00+00:00,0.412,0.4145,0.4102,0.413,60438189
2025-12-13 16:00:00+00:00,0.413,0.4142,0.4086,0.41,59038941
2025-12-13 20:00:00+00:00,0.41,0.4112,0.4056,0.4103,62383006
2025-12-14 00:00:00+00:00,0.4103,0.4114,0.4084,0.4096,28885633
2025-12-14 04:00:00+00:00,0.4096,0.41,0.4059,0.4075,40420172
2025-12-14 08:00:00+00:00,0.4076,0.4094,0.3972,0.4032,129246083
2025-12-14 12:00:00+00:00,0.4032,0.4049,0.396,0.399,140607045
2025-12-14 16:00:00+00:00,0.3991,0.4024,0.3951,0.3983,95254659
2025-12-14 20:00:00+00:00,0.3983,0.4001,0.3911,0.396,82602763
2025-12-15 00:00:00+00:00,0.396,0.4075,0.3953,0.4012,90510498
2025-12-15 04:00:00+00:00,0.4012,0.4064,0.4011,0.402,60295102
2025-12-15 08:00:00+00:00,0.402,0.4058,0.4001,0.4028,64427325
2025-12-15 12:00:00+00:00,0.4029,0.4052,0.382,0.3851,222849434
2025-12-15 16:00:00+00:00,0.3851,0.3902,0.377,0.3843,207933765
2025-12-15 20:00:00+00:00,0.3844,0.3881,0.3794,0.3879,89145377
2025-12-16 00:00:00+00:00,0.3879,0.3897,0.3798,0.3826,79194737
2025-12-16 04:00:00+00:00,0.3826,0.3852,0.3772,0.38,75162348
2025-12-16 08:00:00+00:00,0.38,0.3906,0.3797,0.3878,106552085
2025-12-16 12:00:00+00:00,0.3878,0.3915,0.378,0.3899,189881936
2025-12-16 16:00:00+00:00,0.3899,0.3904,0.3837,0.3869,80833520
2025-12-16 20:00:00+00:00,0.3868,0.3882,0.3843,0.3857,30936572
2025-12-17 00:00:00+00:00,0.3857,0.3877,0.382,0.3832,57925162
2025-12-17 04:00:00+00:00,0.3832,0.3835,0.3759,0.3807,82136413
2025-12-17 08:00:00+00:00,0.3807,0.3809,0.3764,0.3804,50022193
2025-12-17 12:00:00+00:00,0.3803,0.4,0.378,0.3818,299563510
2025-12-17 16:00:00+00:00,0.3818,0.3847,0.3637,0.3686,300428911
2025-12-17 20:00:00+00:00,0.3686,0.3719,0.3643,0.3672,77367420
2025-12-18 00:00:00+00:00,0.3672,0.3687,0.3626,0.3647,77345235
2025-12-18 04:00:00+00:00,0.3648,0.3666,0.3604,0.3621,83883128
2025-12-18 08:00:00+00:00,0.362,0.3657,0.3615,0.3645,80436473
2025-12-18 12:00:00+00:00,0.3646,0.3794,0.3634,0.3731,238403845
2025-12-18 16:00:00+00:00,0.3731,0.3734,0.3464,0.3475,313091719
2025-12-18 20:00:00+00:00,0.3474,0.3553,0.3468,0.3512,104342866
2025-12-19 00:00:00+00:00,0.3513,0.3631,0.3463,0.3595,165618934
2025-12-19 04:00:00+00:00,0.3595,0.3696,0.3592,0.3662,94861504
2025-12-19 08:00:00+00:00,0.3661,0.3674,0.3644,0.366,63490863
2025-12-19 12:00:00+00:00,0.3661,0.3788,0.3648,0.371,149922976
2025-12-19 16:00:00+00:00,0.371,0.3809,0.369,0.3779,151651853
2025-12-19 20:00:00+00:00,0.3779,0.3806,0.3749,0.3766,54708634
2025-12-20 00:00:00+00:00,0.3766,0.377,0.3733,0.3742,46163130
2025-12-20 04:00:00+00:00,0.3742,0.375,0.3719,0.3742,44288591
2025-12-20 08:00:00+00:00,0.3742,0.3802,0.3742,0.3784,65354220
2025-12-20 12:00:00+00:00,0.3784,0.3793,0.3742,0.3774,53641246
2025-12-20 16:00:00+00:00,0.3773,0.3779,0.3749,0.3751,33861314
2025-12-20 20:00:00+00:00,0.3751,0.3763,0.3725,0.3728,34826451
2025-12-21 00:00:00+00:00,0.3728,0.3738,0.3673,0.3693,60069589
2025-12-21 04:00:00+00:00,0.3693,0.3695,0.3667,0.3673,37414137
2025-12-21 08:00:00+00:00,0.3672,0.3744,0.3664,0.3697,87851304
2025-12-21 12:00:00+00:00,0.3698,0.3722,0.3573,0.3607,164376465
2025-12-21 16:00:00+00:00,0.3608,0.3656,0.3597,0.3649,73871751
2025-12-21 20:00:00+00:00,0.365,0.3683,0.3588,0.3659,65485474
2025-12-22 00:00:00+00:00,0.3659,0.3752,0.3614,0.367,142383128
2025-12-22 04:00:00+00:00,0.367,0.3694,0.3646,0.368,60375901
2025-12-22 08:00:00+00:00,0.3681,0.3719,0.3665,0.3704,81921905
2025-12-22 12:00:00+00:00,0.3705,0.3822,0.3705,0.3792,201672468
2025-12-22 16:00:00+00:00,0.3792,0.3813,0.3675,0.3683,142704110
2025-12-22 20:00:00+00:00,0.3683,0.3733,0.3656,0.371,98150887
2025-12-23 00:00:00+00:00,0.371,0.3742,0.3653,0.3682,67630300
2025-12-23 04:00:00+00:00,0.3681,0.3693,0.363,0.3639,66610894
2025-12-23 08:00:00+00:00,0.364,0.3688,0.362,0.3671,57217455
2025-12-23 12:00:00+00:00,0.3671,0.3672,0.3548,0.3607,152196459
2025-12-23 16:00:00+00:00,0.3606,0.365,0.359,0.3612,90984639
2025-12-23 20:00:00+00:00,0.3612,0.3661,0.3602,0.3627,53640616
2025-12-24 00:00:00+00:00,0.3627,0.3651,0.3565,0.3599,78951490
2025-12-24 04:00:00+00:00,0.3598,0.3619,0.3536,0.3557,109967908
2025-12-24 08:00:00+00:00,0.3556,0.3594,0.3541,0.3585,55177496
2025-12-24 12:00:00+00:00,0.3585,0.3595,0.3519,0.3553,102527736
2025-12-24 16:00:00+00:00,0.3553,0.3581,0.3537,0.356,71900874
2025-12-24 20:00:00+00:00,0.356,0.3586,0.3547,0.3565,48233715
2025-12-25 00:00:00+00:00,0.3564,0.3607,0.3545,0.3603,51006406
2025-12-25 04:00:00+00:00,0.3603,0.3612,0.3585,0.3589,38992473
2025-12-25 08:00:00+00:00,0.3589,0.3608,0.3494,0.3507,117604820
2025-12-25 12:00:00+00:00,0.3507,0.3592,0.3491,0.3571,148091262
2025-12-25 16:00:00+00:00,0.3572,0.3599,0.3529,0.3595,100490808
2025-12-25 20:00:00+00:00,0.3594,0.3597,0.3389,0.3433,164600978
2025-12-26 00:00:00+00:00,0.3432,0.3584,0.3415,0.3531,193586629
2025-12-26 04:00:00+00:00,0.3532,0.3572,0.3509,0.3519,106336602
2025-12-26 08:00:00+00:00,0.3518,0.3561,0.3516,0.355,55030324
2025-12-26 12:00:00+00:00,0.355,0.3578,0.3451,0.3466,147181897
2025-12-26 16:00:00+00:00,0.3466,0.3508,0.3439,0.3498,86179515
2025-12-26 20:00:00+00:00,0.3499,0.351,0.3486,0.3494,36787508
2025-12-27 00:00:00+00:00,0.3494,0.3558,0.3485,0.3545,55299395
2025-12-27 04:00:00+00:00,0.3546,0.3549,0.3518,0.3521,41364471
2025-12-27 08:00:00+00:00,0.352,0.3554,0.3518,0.3551,51454814
2025-12-27 12:00:00+00:00,0.3552,0.3589,0.3552,0.3569,78872109
2025-12-27 16:00:00+00:00,0.357,0.3581,0.3555,0.3576,42520286
2025-12-27 20:00:00+00:00,0.3576,0.3711,0.3575,0.3699,158055249
2025-12-28 00:00:00+00:00,0.3698,0.371,0.3675,0.3698,70846182
2025-12-28 04:00:00+00:00,0.3699,0.3773,0.3688,0.3739,93318370
2025-12-28 08:00:00+00:00,0.374,0.3751,0.3696,0.3714,77712913
2025-12-28 12:00:00+00:00,0.3713,0.3723,0.3684,0.3695,57617861
2025-12-28 16:00:00+00:00,0.3694,0.3714,0.361,0.3626,117269375
2025-12-28 20:00:00+00:00,0.3625,0.3687,0.3613,0.3684,74149487
2025-12-29 00:00:00+00:00,0.3684,0.3829,0.3666,0.381,165082651
2025-12-29 04:00:00+00:00,0.381,0.3846,0.3734,0.3757,125890265
2025-12-29 08:00:00+00:00,0.3757,0.3775,0.3672,0.3692,109062989
2025-12-29 12:00:00+00:00,0.3692,0.3695,0.3617,0.3652,152194901
2025-12-29 16:00:00+00:00,0.3652,0.3655,0.3525,0.3527,148010968
2025-12-29 20:00:00+00:00,0.3528,0.3553,0.3502,0.3528,82094851
2025-12-30 00:00:00+00:00,0.3528,0.3551,0.3479,0.3524,98804246
2025-12-30 04:00:00+00:00,0.3524,0.3533,0.3505,0.352,57978247
2025-12-30 08:00:00+00:00,0.352,0.3567,0.3518,0.3521,98833690
2025-12-30 12:00:00+00:00,0.3521,0.3567,0.35,0.3539,127974776
2025-12-30 16:00:00+00:00,0.354,0.3555,0.3492,0.3511,106859765
2025-12-30 20:00:00+00:00,0.351,0.3517,0.3483,0.351,59085678
2025-12-31 00:00:00+00:00,0.351,0.3535,0.3491,0.3514,59670944
2025-12-31 04:00:00+00:00,0.3515,0.3534,0.3502,0.3509,68571602
2025-12-31 08:00:00+00:00,0.3509,0.3523,0.3486,0.3518,64017678
2025-12-31 12:00:00+00:00,0.3518,0.352,0.34,0.3421,195207601
2025-12-31 16:00:00+00:00,0.3421,0.3424,0.3276,0.3318,264026011
2025-12-31 20:00:00+00:00,0.3318,0.3346,0.3301,0.3332,98311599
2026-01-01 00:00:00+00:00,0.3333,0.3352,0.332,0.3325,64582664
2026-01-01 04:00:00+00:00,0.3326,0.3386,0.3318,0.3362,88988111
2026-01-01 08:00:00+00:00,0.3362,0.341,0.3361,0.3405,64057770
2026-01-01 12:00:00+00:00,0.3406,0.3492,0.3391,0.3468,134108516
2026-01-01 16:00:00+00:00,0.3469,0.3583,0.3454,0.3579,188564997
2026-01-01 20:00:00+00:00,0.3579,0.3607,0.3552,0.3564,98910784
2026-01-02 00:00:00+00:00,0.3563,0.3634,0.3544,0.3622,108852801
2026-01-02 04:00:00+00:00,0.3622,0.364,0.3551,0.3555,100135410
2026-01-02 08:00:00+00:00,0.3555,0.3678,0.3554,0.3605,146974655
2026-01-02 12:00:00+00:00,0.3605,0.3745,0.358,0.3716,212143559
2026-01-02 16:00:00+00:00,0.3715,0.3936,0.3715,0.3884,320972320
2026-01-02 20:00:00+00:00,0.3884,0.3963,0.3845,0.3948,132372421
2026-01-03 00:00:00+00:00,0.3948,0.3991,0.3912,0.3982,113475673
2026-01-03 04:00:00+00:00,0.3982,0.3988,0.383,0.3842,144954050
2026-01-03 08:00:00+00:00,0.3841,0.3889,0.3826,0.3843,82316840
2026-01-03 12:00:00+00:00,0.3843,0.3909,0.3834,0.3861,94930545
2026-01-03 16:00:00+00:00,0.3861,0.3897,0.3854,0.3884,51782195
2026-01-03 20:00:00+00:00,0.3884,0.3908,0.3856,0.3893,50818628
2026-01-04 00:00:00+00:00,0.3893,0.4002,0.3886,0.3994,124915373
2026-01-04 04:00:00+00:00,0.3994,0.4019,0.3936,0.3959,120016308
2026-01-04 08:00:00+00:00,0.396,0.4054,0.3923,0.401,131259518
2026-01-04 12:00:00+00:00,0.401,0.4043,0.3957,0.3986,102405928
2026-01-04 16:00:00+00:00,0.3987,0.4042,0.3952,0.3986,93783037
2026-01-04 20:00:00+00:00,0.3985,0.4025,0.3967,0.4004,67214840
2026-01-05 00:00:00+00:00,0.4004,0.4078,0.3976,0.403,139994511
2026-01-05 04:00:00+00:00,0.403,0.4034,0.3936,0.4008,109765999
2026-01-05 08:00:00+00:00,0.4008,0.4039,0.3955,0.3996,103684643
2026-01-05 12:00:00+00:00,0.3996,0.4142,0.3966,0.4126,213303868
2026-01-05 16:00:00+00:00,0.4125,0.4195,0.4066,0.4173,250077744
2026-01-05 20:00:00+00:00,0.4172,0.4249,0.4167,0.4209,143039436
2026-01-06 00:00:00+00:00,0.4208,0.4307,0.4175,0.4255,155656849
2026-01-06 04:00:00+00:00,0.4256,0.4268,0.4135,0.4146,139628692
2026-01-06 08:00:00+00:00,0.4147,0.4223,0.4146,0.4219,84937381
2026-01-06 12:00:00+00:00,0.4219,0.4373,0.4172,0.4199,299244789
2026-01-06 16:00:00+00:00,0.4198,0.4209,0.401,0.4072,253847064
2026-01-06 20:00:00+00:00,0.4072,0.422,0.4072,0.4193,126115933
2026-01-07 00:00:00+00:00,0.4193,0.4193,0.4088,0.4119,85043616
2026-01-07 04:00:00+00:00,0.4119,0.4186,0.4093,0.4186,66440970
2026-01-07 08:00:00+00:00,0.4186,0.4229,0.4089,0.4148,145206870
2026-01-07 12:00:00+00:00,0.4148,0.4155,0.3999,0.4026,193604861
2026-01-07 16:00:00+00:00,0.4026,0.4076,0.4003,0.4028,96846752
2026-01-07 20:00:00+00:00,0.4027,0.4044,0.3971,0.402,83284041
2026-01-08 00:00:00+00:00,0.402,0.4047,0.395,0.3976,101941143
2026-01-08 04:00:00+00:00,0.3975,0.4018,0.3886,0.3952,172507892
2026-01-08 08:00:00+00:00,0.3951,0.397,0.3867,0.3903,163235010
2026-01-08 12:00:00+00:00,0.3903,0.3952,0.3845,0.3949,205072968
2026-01-08 16:00:00+00:00,0.3949,0.3978,0.3901,0.393,153183959
2026-01-08 20:00:00+00:00,0.393,0.3989,0.3893,0.3955,87165776
2026-01-09 00:00:00+00:00,0.3954,0.4005,0.3943,0.3981,89547085
2026-01-09 04:00:00+00:00,0.3982,0.3996,0.3938,0.397,61039223
2026-01-09 08:00:00+00:00,0.397,0.3976,0.3893,0.3915,110598131
2026-01-09 12:00:00+00:00,0.3916,0.4052,0.3872,0.3969,211421892
2026-01-09 16:00:00+00:00,0.397,0.4044,0.3886,0.39,139549447
2026-01-09 20:00:00+00:00,0.3899,0.3937,0.3892,0.3912,49732761
2026-01-10 00:00:00+00:00,0.3913,0.3914,0.3864,0.3889,50450335
2026-01-10 04:00:00+00:00,0.3889,0.3891,0.3842,0.3877,48827737
2026-01-10 08:00:00+00:00,0.3878,0.3913,0.3867,0.3909,40815097
2026-01-10 12:00:00+00:00,0.391,0.3923,0.3885,0.3895,42250436
2026-01-10 16:00:00+00:00,0.3894,0.3917,0.3882,0.391,40624426
2026-01-10 20:00:00+00:00,0.3911,0.3914,0.3852,0.3882,44608834
2026-01-11 00:00:00+00:00,0.3882,0.3919,0.3874,0.3904,34962685
2026-01-11 04:00:00+00:00,0.3904,0.3919,0.3886,0.3912,32050322
2026-01-11 08:00:00+00:00,0.3913,0.3931,0.3895,0.3917,44395501
2026-01-11 12:00:00+00:00,0.3917,0.3972,0.3886,0.3902,118294292
2026-01-11 16:00:00+00:00,0.3902,0.3959,0.3899,0.3921,75368078
2026-01-11 20:00:00+00:00,0.3922,0.3927,0.3835,0.3907,126941110
2026-01-12 00:00:00+00:00,0.3908,0.4035,0.3855,0.3974,174204510
2026-01-12 04:00:00+00:00,0.3974,0.401,0.3896,0.3901,96731174
2026-01-12 08:00:00+00:00,0.3901,0.3926,0.3845,0.387,116004467
2026-01-12 12:00:00+00:00,0.3871,0.3949,0.3812,0.3943,164292452
2026-01-12 16:00:00+00:00,0.3943,0.3993,0.3906,0.3933,147432517
2026-01-12 20:00:00+00:00,0.3933,0.3952,0.3834,0.3859,101797182
2026-01-13 00:00:00+00:00,0.386,0.3888,0.3848,0.3865,63078000
2026-01-13 04:00:00+00:00,0.3865,0.3958,0.3862,0.3898,96749783
2026-01-13 08:00:00+00:00,0.3898,0.3953,0.3895,0.3922,74406093
2026-01-13 12:00:00+00:00,0.3922,0.4063,0.3907,0.4061,197313300
2026-01-13 16:00:00+00:00,0.4061,0.4111,0.4048,0.4101,191587102
2026-01-13 20:00:00+00:00,0.4102,0.4266,0.4064,0.4219,221726833
2026-01-14 00:00:00+00:00,0.4219,0.426,0.4197,0.4258,115214506
2026-01-14 04:00:00+00:00,0.4258,0.4271,0.4181,0.4237,130245271
2026-01-14 08:00:00+00:00,0.4237,0.4253,0.4133,0.414,87945355
2026-01-14 12:00:00+00:00,0.414,0.423,0.411,0.4198,186742004
2026-01-14 16:00:00+00:00,0.4198,0.4239,0.4094,0.4149,171648103
2026-01-14 20:00:00+00:00,0.4149,0.4176,0.4102,0.4141,86341525
2026-01-15 00:00:00+00:00,0.414,0.4143,0.3988,0.4,131808593
2026-01-15 04:00:00+00:00,0.4,0.4052,0.3994,0.4042,80563651
2026-01-15 08:00:00+00:00,0.4041,0.4064,0.4008,0.4045,95234220
2026-01-15 12:00:00+00:00,0.4046,0.4107,0.3931,0.3995,228439304
2026-01-15 16:00:00+00:00,0.3994,0.4009,0.3891,0.3922,149426466
2026-01-15 20:00:00+00:00,0.3922,0.3943,0.3888,0.3934,67129940
2026-01-16 00:00:00+00:00,0.3933,0.3941,0.3894,0.3913,68472180
2026-01-16 04:00:00+00:00,0.3913,0.3943,0.388,0.3924,62407547
2026-01-16 08:00:00+00:00,0.3924,0.3936,0.39,0.3925,49124454
2026-01-16 12:00:00+00:00,0.3926,0.3926,0.3782,0.3813,162539306
2026-01-16 16:00:00+00:00,0.3813,0.3879,0.3801,0.3866,102085712
2026-01-16 20:00:00+00:00,0.3866,0.3985,0.3847,0.3954,131988584
2026-01-17 00:00:00+00:00,0.3953,0.3972,0.3933,0.3944,57449492
2026-01-17 04:00:00+00:00,0.3944,0.3967,0.3935,0.3955,34666187
2026-01-17 08:00:00+00:00,0.3954,0.3969,0.3943,0.3946,40704374
2026-01-17 12:00:00+00:00,0.3946,0.4024,0.3942,0.4023,83846033
2026-01-17 16:00:00+00:00,0.4023,0.4042,0.3985,0.4001,82932564
2026-01-17 20:00:00+00:00,0.4001,0.4021,0.3948,0.3972,68616709
2026-01-18 00:00:00+00:00,0.3972,0.3987,0.3925,0.3952,64838405
2026-01-18 04:00:00+00:00,0.3951,0.3959,0.393,0.3939,39984269
2026-01-18 08:00:00+00:00,0.3939,0.3946,0.3917,0.3926,61306150
2026-01-18 12:00:00+00:00,0.3926,0.3952,0.3891,0.3921,87904701
2026-01-18 16:00:00+00:00,0.3922,0.396,0.3897,0.3924,73986309
2026-01-18 20:00:00+00:00,0.3923,0.3969,0.3743,0.3754,168254055
2026-01-19 00:00:00+00:00,0.3753,0.3753,0.3411,0.3654,431293001
2026-01-19 04:00:00+00:00,0.3653,0.3667,0.3606,0.3638,133171226
2026-01-19 08:00:00+00:00,0.3638,0.3725,0.3632,0.3689,142500254
2026-01-19 12:00:00+00:00,0.3688,0.3703,0.3648,0.3665,101462829
2026-01-19 16:00:00+00:00,0.3665,0.3729,0.3663,0.3707,77854124
2026-01-19 20:00:00+00:00,0.3707,0.3723,0.3667,0.3701,70035811
2026-01-20 00:00:00+00:00,0.3701,0.3704,0.3652,0.3662,81670564
2026-01-20 04:00:00+00:00,0.3662,0.3686,0.3634,0.3657,146689046
2026-01-20 08:00:00+00:00,0.3658,0.3665,0.3573,0.3576,193025319
2026-01-20 12:00:00+00:00,0.3576,0.364,0.3556,0.3592,197788939
2026-01-20 16:00:00+00:00,0.3592,0.3603,0.3497,0.3522,163238095
2026-01-20 20:00:00+00:00,0.3522,0.3541,0.3463,0.3505,116223780
2026-01-21 00:00:00+00:00,0.3505,0.3608,0.3502,0.358,107660303
2026-01-21 04:00:00+00:00,0.358,0.3629,0.3574,0.3595,82408647
2026-01-21 08:00:00+00:00,0.3595,0.3595,0.354,0.3545,58077234
2026-01-21 12:00:00+00:00,0.3545,0.3636,0.3498,0.3622,226992023
2026-01-21 16:00:00+00:00,0.3622,0.3674,0.3462,0.3672,263828221
2026-01-21 20:00:00+00:00,0.3672,0.374,0.3621,0.3659,159845061
2026-01-22 00:00:00+00:00,0.3659,0.3689,0.3631,0.3638,73701796
2026-01-22 04:00:00+00:00,0.3638,0.3672,0.3631,0.3634,75831563
2026-01-22 08:00:00+00:00,0.3634,0.3662,0.3625,0.3634,74432661
2026-01-22 12:00:00+00:00,0.3635,0.3661,0.3552,0.3582,166371394
2026-01-22 16:00:00+00:00,0.3582,0.3632,0.3581,0.3612,103502773
2026-01-22 20:00:00+00:00,0.3612,0.3618,0.3574,0.3592,63043256
2026-01-23 00:00:00+00:00,0.3592,0.3631,0.3582,0.3616,50239853
2026-01-23 04:00:00+00:00,0.3616,0.3649,0.3587,0.3609,81549909
2026-01-23 08:00:00+00:00,0.361,0.3614,0.3574,0.3599,65587519
2026-01-23 12:00:00+00:00,0.3599,0.3613,0.3522,0.36,148516168
2026-01-23 16:00:00+00:00,0.3601,0.3708,0.3595,0.3614,175381570
2026-01-23 20:00:00+00:00,0.3613,0.3626,0.3569,0.3601,71050637
2026-01-24 00:00:00+00:00,0.36,0.3623,0.3582,0.3616,46857664
2026-01-24 04:00:00+00:00,0.3616,0.3624,0.3592,0.3593,33398390
2026-01-24 08:00:00+00:00,0.3593,0.3606,0.3583,0.3598,32479789
2026-01-24 12:00:00+00:00,0.3598,0.3603,0.357,0.3576,52407634
2026-01-24 16:00:00+00:00,0.3576,0.3597,0.356,0.3581,35601706
2026-01-24 20:00:00+00:00,0.3581,0.36,0.3576,0.3582,25765721
2026-01-25 00:00:00+00:00,0.3582,0.3594,0.3541,0.3556,60643687
2026-01-25 04:00:00+00:00,0.3555,0.3576,0.3538,0.3555,49400984
2026-01-25 08:00:00+00:00,0.3556,0.3602,0.3535,0.3563,58596733
2026-01-25 12:00:00+00:00,0.3562,0.357,0.3502,0.352,91203934
2026-01-25 16:00:00+00:00,0.352,0.3521,0.3325,0.3342,319918978
2026-01-25 20:00:00+00:00,0.3343,0.3396,0.3328,0.3388,104918777
2026-01-26 00:00:00+00:00,0.3389,0.3495,0.3385,0.3449,127319428
2026-01-26 04:00:00+00:00,0.3449,0.3497,0.3448,0.3481,67647547
2026-01-26 08:00:00+00:00,0.3481,0.3517,0.3447,0.347,69192589
2026-01-26 12:00:00+00:00,0.3469,0.3585,0.3466,0.3522,166207961
2026-01-26 16:00:00+00:00,0.3522,0.3558,0.3492,0.3519,102460750
2026-01-26 20:00:00+00:00,0.3519,0.3543,0.3488,0.352,62984922
2026-01-27 00:00:00+00:00,0.352,0.3551,0.3509,0.3524,53022631
2026-01-27 04:00:00+00:00,0.3525,0.3547,0.3507,0.3518,36748006
2026-01-27 08:00:00+00:00,0.3517,0.3527,0.3487,0.3503,56106352
2026-01-27 12:00:00+00:00,0.3503,0.3525,0.3475,0.3515,96608826
2026-01-27 16:00:00+00:00,0.3515,0.3577,0.349,0.3555,208807995
2026-01-27 20:00:00+00:00,0.3554,0.3634,0.3553,0.3605,130282829
2026-01-28 00:00:00+00:00,0.3606,0.3614,0.3559,0.3567,74045294
2026-01-28 04:00:00+00:00,0.3567,0.3591,0.3547,0.3575,57161426
2026-01-28 08:00:00+00:00,0.3575,0.3645,0.3562,0.3643,79755631
2026-01-28 12:00:00+00:00,0.3642,0.3649,0.3543,0.3569,149328287
2026-01-28 16:00:00+00:00,0.357,0.3614,0.3549,0.3582,99984775
2026-01-28 20:00:00+00:00,0.3581,0.3614,0.3548,0.3581,69286456
2026-01-29 00:00:00+00:00,0.3582,0.359,0.3492,0.3508,126494797
2026-01-29 04:00:00+00:00,0.3508,0.3523,0.3464,0.3512,76886714
2026-01-29 08:00:00+00:00,0.3512,0.3515,0.3456,0.3463,78639859
2026-01-29 12:00:00+00:00,0.3464,0.347,0.3294,0.333,284178967
2026-01-29 16:00:00+00:00,0.3329,0.3407,0.3269,0.3305,258026309
2026-01-29 20:00:00+00:00,0.3305,0.3364,0.3297,0.3344,93660816
2026-01-30 00:00:00+00:00,0.3344,0.3357,0.3173,0.3247,260709078
2026-01-30 04:00:00+00:00,0.3247,0.3297,0.3195,0.3252,124631936
2026-01-30 08:00:00+00:00,0.3252,0.329,0.3203,0.3276,103295892
2026-01-30 12:00:00+00:00,0.3277,0.3282,0.3206,0.3254,156325872
2026-01-30 16:00:00+00:00,0.3254,0.3317,0.3157,0.3288,221742232
2026-01-30 20:00:00+00:00,0.3289,0.329,0.3199,0.3206,137490500
2026-01-31 00:00:00+00:00,0.3207,0.3221,0.3178,0.3183,81972859
2026-01-31 04:00:00+00:00,0.3183,0.319,0.3101,0.3122,185535453
2026-01-31 08:00:00+00:00,0.3122,0.3129,0.3067,0.3101,151376272
2026-01-31 12:00:00+00:00,0.3101,0.3108,0.2932,0.296,321069842
2026-01-31 16:00:00+00:00,0.296,0.3003,0.2688,0.285,661143905
2026-01-31 20:00:00+00:00,0.285,0.2956,0.2816,0.2934,216679615
2026-02-01 00:00:00+00:00,0.2933,0.2977,0.2912,0.2957,122738034
2026-02-01 04:00:00+00:00,0.2957,0.2991,0.2927,0.296,139086798
2026-02-01 08:00:00+00:00,0.296,0.2979,0.2916,0.2953,117866126
2026-02-01 12:00:00+00:00,0.2953,0.2967,0.2845,0.2893,235717642
2026-02-01 16:00:00+00:00,0.2893,0.2928,0.2845,0.2867,162875881
2026-02-01 20:00:00+00:00,0.2866,0.291,0.2787,0.2856,208968217
2026-02-02 00:00:00+00:00,0.2855,0.2934,0.276,0.2863,279364127
2026-02-02 04:00:00+00:00,0.2863,0.29,0.2754,0.2841,272923414
2026-02-02 08:00:00+00:00,0.2841,0.2947,0.284,0.2922,168143352
2026-02-02 12:00:00+00:00,0.2922,0.3025,0.2922,0.3011,229604273
2026-02-02 16:00:00+00:00,0.3011,0.3032,0.2988,0.3001,107155098
2026-02-02 20:00:00+00:00,0.3001,0.3013,0.2976,0.2989,83517243
2026-02-03 00:00:00+00:00,0.299,0.3003,0.2932,0.2992,103081697
2026-02-03 04:00:00+00:00,0.2991,0.3018,0.295,0.2992,93682282
2026-02-03 08:00:00+00:00,0.2992,0.3006,0.2934,0.297,109996142
2026-02-03 12:00:00+00:00,0.2971,0.3049,0.2929,0.3039,223690646
2026-02-03 16:00:00+00:00,0.3038,0.304,0.2816,0.2947,406765267
2026-02-03 20:00:00+00:00,0.2946,0.3046,0.2894,0.2915,241279877
2026-02-04 00:00:00+00:00,0.2916,0.3017,0.2905,0.301,120946403
2026-02-04 04:00:00+00:00,0.301,0.3026,0.2961,0.2997,87525558
2026-02-04 08:00:00+00:00,0.2998,0.3026,0.2935,0.297,154652329
2026-02-04 12:00:00+00:00,0.297,0.2976,0.2831,0.2864,243682810
2026-02-04 16:00:00+00:00,0.2864,0.2934,0.2808,0.2923,283994005
2026-02-04 20:00:00+00:00,0.2922,0.2929,0.2799,0.2862,132740741
2026-02-05 00:00:00+00:00,0.2862,0.2898,0.2821,0.2827,159138842
2026-02-05 04:00:00+00:00,0.2826,0.2866,0.2782,0.2792,187588490
2026-02-05 08:00:00+00:00,0.2793,0.2839,0.2669,0.272,254937807
2026-02-05 12:00:00+00:00,0.2719,0.2778,0.2572,0.2622,488323317
2026-02-05 16:00:00+00:00,0.2621,0.2675,0.2527,0.2536,434798808
2026-02-05 20:00:00+00:00,0.2536,0.256,0.2434,0.2451,615017696
2026-02-06 00:00:00+00:00,0.2451,0.2536,0.2204,0.2487,936197210
2026-02-06 04:00:00+00:00,0.2488,0.2592,0.2478,0.2514,298186722
2026-02-06 08:00:00+00:00,0.2514,0.2635,0.2486,0.2612,286806437
2026-02-06 12:00:00+00:00,0.2612,0.2744,0.2595,0.2732,337120258
2026-02-06 16:00:00+00:00,0.2732,0.2841,0.2722,0.278,304097196
2026-02-06 20:00:00+00:00,0.278,0.2805,0.2736,0.2759,117714072
2026-02-07 00:00:00+00:00,0.2759,0.2764,0.2707,0.2757,132385194
2026-02-07 04:00:00+00:00,0.2757,0.2779,0.2654,0.2681,211767253
2026-02-07 08:00:00+00:00,0.2681,0.2707,0.2658,0.267,126322041
2026-02-07 12:00:00+00:00,0.2669,0.2742,0.2667,0.2726,129740877
2026-02-07 16:00:00+00:00,0.2726,0.2796,0.2709,0.2745,315526713
2026-02-07 20:00:00+00:00,0.2744,0.276,0.2701,0.2719,70946275
2026-02-08 00:00:00+00:00,0.2719,0.2733,0.2692,0.2697,74247303
2026-02-08 04:00:00+00:00,0.2696,0.2712,0.2684,0.2709,60596540
2026-02-08 08:00:00+00:00,0.2709,0.276,0.2693,0.2744,98141837
2026-02-08 12:00:00+00:00,0.2745,0.2754,0.2706,0.2725,85283802
2026-02-08 16:00:00+00:00,0.2725,0.2747,0.2667,0.2743,87303665
2026-02-08 20:00:00+00:00,0.2744,0.2764,0.2678,0.2698,98569341
2026-02-09 00:00:00+00:00,0.2699,0.2737,0.2679,0.2733,93593763
2026-02-09 04:00:00+00:00,0.2732,0.2734,0.2686,0.2689,59568921
2026-02-09 08:00:00+00:00,0.2689,0.2697,0.2594,0.2616,155343893
2026-02-09 12:00:00+00:00,0.2616,0.268,0.2614,0.2678,156915618
2026-02-09 16:00:00+00:00,0.2677,0.2735,0.2653,0.271,118342417
2026-02-09 20:00:00+00:00,0.271,0.272,0.2676,0.2697,62092836
2026-02-10 00:00:00+00:00,0.2698,0.2703,0.2642,0.2659,87869528
2026-02-10 04:00:00+00:00,0.2659,0.268,0.2613,0.2627,101142503
2026-02-10 08:00:00+00:00,0.2627,0.2657,0.2625,0.2627,74436027
2026-02-10 12:00:00+00:00,0.2628,0.2661,0.261,0.2632,128340626
2026-02-10 16:00:00+00:00,0.2632,0.265,0.2595,0.2624,132063274
2026-02-10 20:00:00+00:00,0.2624,0.263,0.2603,0.2617,45509976
2026-02-11 00:00:00+00:00,0.2618,0.2646,0.26,0.2623,52023152
2026-02-11 04:00:00+00:00,0.2622,0.2627,0.2545,0.2553,134319185
2026-02-11 08:00:00+00:00,0.2553,0.2559,0.2519,0.2552,98078545
2026-02-11 12:00:00+00:00,0.2552,0.2633,0.2502,0.2529,237298750
2026-02-11 16:00:00+00:00,0.2529,0.2596,0.251,0.2572,126175509
2026-02-11 20:00:00+00:00,0.2571,0.2599,0.2541,0.2557,77027661
2026-02-12 00:00:00+00:00,0.2557,0.2594,0.2557,0.259,52163803
2026-02-12 04:00:00+00:00,0.2591,0.2629,0.2568,0.2625,71305222
2026-02-12 08:00:00+00:00,0.2625,0.2694,0.2612,0.2673,123488002
2026-02-12 12:00:00+00:00,0.2674,0.2678,0.262,0.2624,151182463
2026-02-12 16:00:00+00:00,0.2625,0.2645,0.2573,0.2614,190499530
2026-02-12 20:00:00+00:00,0.2615,0.2647,0.2579,0.2643,79835977
2026-02-13 00:00:00+00:00,0.2642,0.2654,0.2613,0.2627,62775786
2026-02-13 04:00:00+00:00,0.2628,0.2634,0.2581,0.2619,64129853
2026-02-13 08:00:00+00:00,0.2619,0.2643,0.2616,0.2638,62979138
2026-02-13 12:00:00+00:00,0.2637,0.2736,0.2619,0.269,174437591
2026-02-13 16:00:00+00:00,0.2689,0.2747,0.2681,0.2723,106583947
2026-02-13 20:00:00+00:00,0.2724,0.2743,0.2713,0.2727,62213694
2026-02-14 00:00:00+00:00,0.2727,0.2779,0.2725,0.2771,68581179
2026-02-14 04:00:00+00:00,0.2772,0.2774,0.2736,0.2756,59553770
2026-02-14 08:00:00+00:00,0.2756,0.2842,0.2756,0.283,99362343
2026-02-14 12:00:00+00:00,0.2829,0.2869,0.2803,0.2861,129233688
2026-02-14 16:00:00+00:00,0.286,0.2996,0.2846,0.2984,191581249
2026-02-14 20:00:00+00:00,0.2983,0.3006,0.2942,0.2949,118691843
2026-02-15 00:00:00+00:00,0.2949,0.2982,0.2922,0.2971,122871290
2026-02-15 04:00:00+00:00,0.2972,0.3008,0.296,0.3005,112170620
2026-02-15 08:00:00+00:00,0.3005,0.3017,0.2897,0.2904,138554794
2026-02-15 12:00:00+00:00,0.2904,0.291,0.2807,0.284,205056477
2026-02-15 16:00:00+00:00,0.284,0.2844,0.2772,0.2789,161730956
2026-02-15 20:00:00+00:00,0.2789,0.2826,0.2777,0.2816,79106915
2026-02-16 00:00:00+00:00,0.2816,0.2833,0.2792,0.2801,57156155
2026-02-16 04:00:00+00:00,0.28,0.2826,0.2772,0.28,65546596
2026-02-16 08:00:00+00:00,0.2801,0.2856,0.2786,0.2825,82247072
2026-02-16 12:00:00+00:00,0.2826,0.289,0.2766,0.2788,197534215
2026-02-16 16:00:00+00:00,0.2789,0.2838,0.2783,0.282,66657562
2026-02-16 20:00:00+00:00,0.282,0.2875,0.2811,0.2857,71893604
2026-02-17 00:00:00+00:00,0.2857,0.289,0.2827,0.2864,64863985
2026-02-17 04:00:00+00:00,0.2864,0.2895,0.2834,0.2862,68828138
2026-02-17 08:00:00+00:00,0.2863,0.2869,0.2791,0.2802,95155102
2026-02-17 12:00:00+00:00,0.2802,0.2844,0.2771,0.2811,138443145
2026-02-17 16:00:00+00:00,0.2812,0.2868,0.2783,0.2829,123215891
2026-02-17 20:00:00+00:00,0.2829,0.2836,0.28,0.2809,43830691
2026-02-18 00:00:00+00:00,0.2809,0.2838,0.2788,0.283,47392209
2026-02-18 04:00:00+00:00,0.2829,0.2849,0.2814,0.2843,44065065
2026-02-18 08:00:00+00:00,0.2844,0.2865,0.2802,0.2806,89314186
2026-02-18 12:00:00+00:00,0.2807,0.2874,0.2784,0.2839,109269485
2026-02-18 16:00:00+00:00,0.284,0.2841,0.2711,0.2733,149040977
2026-02-18 20:00:00+00:00,0.2734,0.2757,0.2722,0.2734,67672694
2026-02-19 00:00:00+00:00,0.2734,0.2758,0.272,0.2749,52318903
2026-02-19 04:00:00+00:00,0.2749,0.2772,0.2731,0.2761,48913951
2026-02-19 08:00:00+00:00,0.2761,0.2763,0.2719,0.2721,84188047
2026-02-19 12:00:00+00:00,0.272,0.2736,0.2682,0.27,144587134
2026-02-19 16:00:00+00:00,0.27,0.2739,0.2669,0.2727,115072793
2026-02-19 20:00:00+00:00,0.2727,0.2733,0.2704,0.2728,47530618
2026-02-20 00:00:00+00:00,0.2728,0.2752,0.2722,0.2737,46786582
2026-02-20 04:00:00+00:00,0.2737,0.2759,0.2708,0.2735,65989487
2026-02-20 08:00:00+00:00,0.2735,0.2798,0.2731,0.2766,87078853
2026-02-20 12:00:00+00:00,0.2766,0.2888,0.2696,0.2888,255781380
2026-02-20 16:00:00+00:00,0.2888,0.2937,0.2799,0.2828,257711429
2026-02-20 20:00:00+00:00,0.2829,0.2859,0.2821,0.2847,48552205
2026-02-21 00:00:00+00:00,0.2847,0.2853,0.2819,0.283,58985533
2026-02-21 04:00:00+00:00,0.283,0.2842,0.2806,0.2812,48622283
2026-02-21 08:00:00+00:00,0.2812,0.2864,0.281,0.2833,61717786
2026-02-21 12:00:00+00:00,0.2833,0.2849,0.2814,0.2823,78578074
2026-02-21 16:00:00+00:00,0.2822,0.2826,0.2791,0.2802,81428749
2026-02-21 20:00:00+00:00,0.2801,0.2812,0.2786,0.2797,53064930
2026-02-22 00:00:00+00:00,0.2798,0.28,0.2752,0.277,73423263
2026-02-22 04:00:00+00:00,0.277,0.2775,0.2747,0.2756,57303384
2026-02-22 08:00:00+00:00,0.2756,0.2773,0.2748,0.2756,43424613
2026-02-22 12:00:00+00:00,0.2756,0.2759,0.27,0.2716,85597650
2026-02-22 16:00:00+00:00,0.2716,0.2717,0.2687,0.2698,80686611
2026-02-22 20:00:00+00:00,0.2697,0.2719,0.2685,0.2715,53164495
2026-02-23 00:00:00+00:00,0.2716,0.2717,0.2569,0.2608,249239386
2026-02-23 04:00:00+00:00,0.2609,0.2675,0.2591,0.2664,87620063
2026-02-23 08:00:00+00:00,0.2664,0.272,0.2647,0.2712,104466078
2026-02-23 12:00:00+00:00,0.2711,0.2753,0.2663,0.2668,146388167
2026-02-23 16:00:00+00:00,0.2668,0.2684,0.2601,0.2618,140508729
2026-02-23 20:00:00+00:00,0.2618,0.2649,0.2605,0.2622,74067936
2026-02-24 00:00:00+00:00,0.2622,0.2645,0.2574,0.2585,139375811
2026-02-24 04:00:00+00:00,0.2585,0.2591,0.2555,0.2574,95959753
2026-02-24 08:00:00+00:00,0.2574,0.2585,0.2559,0.2572,60188873
2026-02-24 12:00:00+00:00,0.2572,0.2611,0.2534,0.2595,133752592
2026-02-24 16:00:00+00:00,0.2595,0.2626,0.2591,0.2602,90195386
2026-02-24 20:00:00+00:00,0.2602,0.2609,0.2574,0.2584,48764671
2026-02-25 00:00:00+00:00,0.2585,0.2715,0.2577,0.266,205170492
2026-02-25 04:00:00+00:00,0.2659,0.2667,0.2619,0.2659,84497216
2026-02-25 08:00:00+00:00,0.2659,0.2712,0.2653,0.271,86892333
2026-02-25 12:00:00+00:00,0.2709,0.2926,0.2709,0.2904,343071358
2026-02-25 16:00:00+00:00,0.2904,0.3036,0.2904,0.3027,338973765
2026-02-25 20:00:00+00:00,0.3028,0.3134,0.2941,0.2971,442450587
2026-02-26 00:00:00+00:00,0.2971,0.3009,0.2937,0.2951,132370769
2026-02-26 04:00:00+00:00,0.2951,0.2999,0.2927,0.2932,114463555
2026-02-26 08:00:00+00:00,0.2931,0.2956,0.2886,0.2892,179054555
2026-02-26 12:00:00+00:00,0.2892,0.2948,0.2888,0.2913,182533908
2026-02-26 16:00:00+00:00,0.2913,0.2914,0.2818,0.2882,216072817
2026-02-26 20:00:00+00:00,0.2881,0.2895,0.2839,0.2868,71014490
2026-02-27 00:00:00+00:00,0.2869,0.2904,0.2846,0.2898,74211883
2026-02-27 04:00:00+00:00,0.2899,0.2962,0.2892,0.2903,132048343
2026-02-27 08:00:00+00:00,0.2902,0.2937,0.2811,0.2817,138090037
2026-02-27 12:00:00+00:00,0.2817,0.2848,0.2792,0.2804,143023427
2026-02-27 16:00:00+00:00,0.2804,0.2805,0.2742,0.2754,132965758
2026-02-27 20:00:00+00:00,0.2754,0.2783,0.2722,0.2774,79059865
2026-02-28 00:00:00+00:00,0.2775,0.2794,0.2763,0.2767,67491131
2026-02-28 04:00:00+00:00,0.2767,0.2775,0.2608,0.2648,351322081
2026-02-28 08:00:00+00:00,0.2648,0.2661,0.2591,0.2625,173016265
2026-02-28 12:00:00+00:00,0.2625,0.272,0.2624,0.2677,165312805
2026-02-28 16:00:00+00:00,0.2677,0.278,0.266,0.2753,148509220
2026-02-28 20:00:00+00:00,0.2753,0.2843,0.2743,0.2808,175523421
2026-03-01 00:00:00+00:00,0.2808,0.2922,0.2774,0.2869,200504433
2026-03-01 04:00:00+00:00,0.2869,0.2879,0.2815,0.2827,81607983
2026-03-01 08:00:00+00:00,0.2827,0.2833,0.2772,0.2777,100755777
2026-03-01 12:00:00+00:00,0.2778,0.2834,0.2747,0.2801,150576854
2026-03-01 16:00:00+00:00,0.2801,0.282,0.2727,0.2734,151219167
2026-03-01 20:00:00+00:00,0.2734,0.2769,0.2689,0.2734,150431754
2026-03-02 00:00:00+00:00,0.2734,0.2804,0.2719,0.277,123896278
2026-03-02 04:00:00+00:00,0.277,0.2778,0.2688,0.2707,93898750
2026-03-02 08:00:00+00:00,0.2706,0.2744,0.2682,0.2718,87955120
2026-03-02 12:00:00+00:00,0.2719,0.2866,0.2695,0.2842,210650030
2026-03-02 16:00:00+00:00,0.2841,0.2885,0.278,0.2804,218379662
2026-03-02 20:00:00+00:00,0.2803,0.2823,0.2757,0.2768,94216308
2026-03-03 00:00:00+00:00,0.2768,0.277,0.2714,0.2733,127019494
2026-03-03 04:00:00+00:00,0.2733,0.2737,0.2675,0.2685,110869305
2026-03-03 08:00:00+00:00,0.2686,0.2698,0.2625,0.2645,147047301
2026-03-03 12:00:00+00:00,0.2645,0.2671,0.2611,0.265,184265163
2026-03-03 16:00:00+00:00,0.265,0.2721,0.2622,0.2634,224353305
2026-03-03 20:00:00+00:00,0.2634,0.2646,0.2601,0.2623,122868592
2026-03-04 00:00:00+00:00,0.2623,0.2661,0.2606,0.2625,129450511
2026-03-04 04:00:00+00:00,0.2624,0.2652,0.2582,0.2647,162192076
2026-03-04 08:00:00+00:00,0.2647,0.2742,0.2635,0.2685,285618424
2026-03-04 12:00:00+00:00,0.2686,0.2812,0.2656,0.2808,280052560
2026-03-04 16:00:00+00:00,0.2808,0.285,0.2769,0.282,261402116
2026-03-04 20:00:00+00:00,0.2821,0.2828,0.2735,0.2762,149505519
2026-03-05 00:00:00+00:00,0.2762,0.2767,0.2723,0.2739,100571302
2026-03-05 04:00:00+00:00,0.274,0.2763,0.2705,0.2719,96132173
2026-03-05 08:00:00+00:00,0.272,0.2776,0.27,0.2739,154632617
2026-03-05 12:00:00+00:00,0.274,0.2779,0.2695,0.2711,188872582
2026-03-05 16:00:00+00:00,0.271,0.2718,0.2649,0.2692,185432389
2026-03-05 20:00:00+00:00,0.2692,0.272,0.2675,0.2689,69044576
2026-03-06 00:00:00+00:00,0.2689,0.2713,0.2669,0.2704,64948058
2026-03-06 04:00:00+00:00,0.2704,0.2718,0.267,0.2713,64064576
2026-03-06 08:00:00+00:00,0.2713,0.2714,0.2654,0.266,83924286
2026-03-06 12:00:00+00:00,0.266,0.269,0.2555,0.2564,306814638
2026-03-06 16:00:00+00:00,0.2564,0.2604,0.2552,0.2583,114358357
2026-03-06 20:00:00+00:00,0.2583,0.26,0.257,0.2589,53148132
2026-03-07 00:00:00+00:00,0.2588,0.2609,0.2584,0.2586,54615139
2026-03-07 04:00:00+00:00,0.2585,0.2591,0.2568,0.2582,55014346
2026-03-07 08:00:00+00:00,0.2581,0.2592,0.2572,0.2587,49103657
2026-03-07 12:00:00+00:00,0.2586,0.2588,0.2511,0.2548,255018632
2026-03-07 16:00:00+00:00,0.2548,0.2571,0.2532,0.2541,97573242
2026-03-07 20:00:00+00:00,0.2541,0.2555,0.2526,0.2543,59700786
2026-03-08 00:00:00+00:00,0.2543,0.2546,0.2505,0.2518,75969811
2026-03-08 04:00:00+00:00,0.2518,0.2533,0.2493,0.2521,86106731
2026-03-08 08:00:00+00:00,0.2522,0.2572,0.2506,0.2547,147264627
2026-03-08 12:00:00+00:00,0.2546,0.2551,0.2478,0.2494,157798354
2026-03-08 16:00:00+00:00,0.2494,0.2541,0.2482,0.253,101333476
2026-03-08 20:00:00+00:00,0.253,0.2544,0.2456,0.249,166503115
2026-03-09 00:00:00+00:00,0.249,0.2565,0.2487,0.2534,143296198
2026-03-09 04:00:00+00:00,0.2535,0.2593,0.2524,0.2548,134771169
2026-03-09 08:00:00+00:00,0.2549,0.2586,0.2533,0.2548,98160779
2026-03-09 12:00:00+00:00,0.2549,0.26,0.2541,0.2557,171505433
2026-03-09 16:00:00+00:00,0.2557,0.2628,0.2549,0.2592,149338965
2026-03-09 20:00:00+00:00,0.2592,0.2599,0.2545,0.255,108048710
2026-03-10 00:00:00+00:00,0.2549,0.2638,0.2548,0.2586,140975031
2026-03-10 04:00:00+00:00,0.2586,0.2617,0.258,0.2603,86481522
2026-03-10 08:00:00+00:00,0.2603,0.2683,0.26,0.2641,164133879
2026-03-10 12:00:00+00:00,0.2642,0.2736,0.2608,0.2712,227756719
2026-03-10 16:00:00+00:00,0.2712,0.2743,0.2618,0.2623,191166562
2026-03-10 20:00:00+00:00,0.2622,0.2643,0.2603,0.2619,80413947
2026-03-11 00:00:00+00:00,0.2619,0.2624,0.2584,0.2595,99248294
2026-03-11 04:00:00+00:00,0.2596,0.2622,0.2564,0.2573,103138775
2026-03-11 08:00:00+00:00,0.2573,0.2599,0.2568,0.2585,72986088
2026-03-11 12:00:00+00:00,0.2585,0.2677,0.2578,0.2623,203426663
2026-03-11 16:00:00+00:00,0.2623,0.2667,0.2617,0.265,119071095
2026-03-11 20:00:00+00:00,0.2651,0.2661,0.2614,0.2624,62670356
2026-03-12 00:00:00+00:00,0.2625,0.2629,0.2583,0.2587,75486382
2026-03-12 04:00:00+00:00,0.2588,0.2609,0.2577,0.2605,58551822
2026-03-12 08:00:00+00:00,0.2606,0.2638,0.2598,0.2619,85487761
2026-03-12 12:00:00+00:00,0.2619,0.2641,0.2581,0.2619,160297146
2026-03-12 16:00:00+00:00,0.2618,0.2635,0.26,0.2628,82642760
2026-03-12 20:00:00+00:00,0.2629,0.2657,0.2614,0.2634,95000747
2026-03-13 00:00:00+00:00,0.2633,0.2729,0.2627,0.2716,191300991
2026-03-13 04:00:00+00:00,0.2716,0.2758,0.2701,0.2714,119472911
2026-03-13 08:00:00+00:00,0.2715,0.2758,0.2707,0.2743,92951240
2026-03-13 12:00:00+00:00,0.2743,0.2814,0.2703,0.2714,219647596
2026-03-13 16:00:00+00:00,0.2714,0.2729,0.2658,0.2671,132783502
2026-03-13 20:00:00+00:00,0.2671,0.2687,0.2633,0.2654,80112440
2026-03-14 00:00:00+00:00,0.2654,0.2659,0.2628,0.2652,80103221
2026-03-14 04:00:00+00:00,0.2652,0.2664,0.2609,0.2615,79974775
2026-03-14 08:00:00+00:00,0.2615,0.2617,0.2591,0.2607,85302472
2026-03-14 12:00:00+00:00,0.2607,0.2617,0.2597,0.2605,56007504
2026-03-14 16:00:00+00:00,0.2604,0.2614,0.258,0.2589,66834145
2026-03-14 20:00:00+00:00,0.2589,0.2637,0.2586,0.2632,64191923
2026-03-15 00:00:00+00:00,0.2632,0.266,0.261,0.2648,83959124
2026-03-15 04:00:00+00:00,0.2648,0.2671,0.263,0.2646,83020232
2026-03-15 08:00:00+00:00,0.2646,0.2664,0.2644,0.2655,52907502
2026-03-15 12:00:00+00:00,0.2656,0.2663,0.2619,0.2636,81862582
2026-03-15 16:00:00+00:00,0.2635,0.2654,0.2618,0.2636,58854390
2026-03-15 20:00:00+00:00,0.2636,0.2719,0.2624,0.2701,164262767
2026-03-16 00:00:00+00:00,0.2701,0.2805,0.2687,0.2773,203998846
2026-03-16 04:00:00+00:00,0.2774,0.2924,0.2774,0.29,338336947
2026-03-16 08:00:00+00:00,0.29,0.2936,0.2842,0.2855,215454842
2026-03-16 12:00:00+00:00,0.2854,0.2893,0.2821,0.2835,198304686
2026-03-16 16:00:00+00:00,0.2835,0.2897,0.2833,0.2882,129824002
2026-03-16 20:00:00+00:00,0.2881,0.2917,0.2865,0.2903,130102679
2026-03-17 00:00:00+00:00,0.2902,0.2931,0.2841,0.2857,193866285
2026-03-17 04:00:00+00:00,0.2856,0.2883,0.2816,0.2863,161686120
2026-03-17 08:00:00+00:00,0.2864,0.2884,0.2849,0.2867,88908078
2026-03-17 12:00:00+00:00,0.2867,0.2894,0.2835,0.2862,143757972
2026-03-17 16:00:00+00:00,0.2862,0.2914,0.2856,0.2882,114280773
2026-03-17 20:00:00+00:00,0.2883,0.2922,0.2876,0.2888,90374262
2026-03-18 00:00:00+00:00,0.2889,0.2939,0.2864,0.2916,100095921
2026-03-18 04:00:00+00:00,0.2917,0.2955,0.287,0.2883,121308345
2026-03-18 08:00:00+00:00,0.2883,0.2914,0.2782,0.2793,199436336
2026-03-18 12:00:00+00:00,0.2794,0.2796,0.2694,0.2712,251477426
2026-03-18 16:00:00+00:00,0.2712,0.2749,0.2696,0.2722,119439992
2026-03-18 20:00:00+00:00,0.2723,0.2747,0.27,0.2741,69610907
2026-03-19 00:00:00+00:00,0.2741,0.2766,0.271,0.2745,74375648
2026-03-19 04:00:00+00:00,0.2744,0.2747,0.266,0.2684,121303776
2026-03-19 08:00:00+00:00,0.2683,0.2717,0.2673,0.2686,91794388
2026-03-19 12:00:00+00:00,0.2686,0.2686,0.263,0.2654,154115489
2026-03-19 16:00:00+00:00,0.2654,0.269,0.2623,0.2672,91619269
2026-03-19 20:00:00+00:00,0.2672,0.2688,0.2655,0.2674,56360870
2026-03-20 00:00:00+00:00,0.2674,0.2708,0.2672,0.2697,73060124
2026-03-20 04:00:00+00:00,0.2697,0.2729,0.2676,0.2699,91769904
2026-03-20 08:00:00+00:00,0.2698,0.2725,0.2671,0.2679,85240018
2026-03-20 12:00:00+00:00,0.2679,0.2688,0.2643,0.2666,124882635
2026-03-20 16:00:00+00:00,0.2666,0.2667,0.2615,0.2639,90152288
2026-03-20 20:00:00+00:00,0.2638,0.2676,0.262,0.2659,65253754
2026-03-21 00:00:00+00:00,0.2658,0.2672,0.2653,0.2658,36558727
2026-03-21 04:00:00+00:00,0.2658,0.2669,0.2647,0.2648,43692756
2026-03-21 08:00:00+00:00,0.2647,0.2657,0.2638,0.2644,46152704
2026-03-21 12:00:00+00:00,0.2645,0.2654,0.2627,0.2647,73203983
2026-03-21 16:00:00+00:00,0.2647,0.2648,0.2634,0.2645,43983544
2026-03-21 20:00:00+00:00,0.2645,0.2662,0.2551,0.2571,147629249
2026-03-22 00:00:00+00:00,0.2571,0.2601,0.252,0.258,193960673
2026-03-22 04:00:00+00:00,0.258,0.259,0.2564,0.2565,63971009
2026-03-22 08:00:00+00:00,0.2565,0.2573,0.2546,0.2549,74117888
2026-03-22 12:00:00+00:00,0.2548,0.2571,0.2548,0.2554,61251450
2026-03-22 16:00:00+00:00,0.2554,0.2557,0.2504,0.2515,131583863
2026-03-22 20:00:00+00:00,0.2515,0.2527,0.2477,0.2504,133271453
2026-03-23 00:00:00+00:00,0.2504,0.2541,0.2492,0.251,90720726
2026-03-23 04:00:00+00:00,0.2511,0.2529,0.2475,0.2498,104636647
2026-03-23 08:00:00+00:00,0.2499,0.2644,0.2476,0.2587,457157550
2026-03-23 12:00:00+00:00,0.2587,0.267,0.2567,0.261,219340506
2026-03-23 16:00:00+00:00,0.2609,0.2636,0.2584,0.2608,115792785
2026-03-23 20:00:00+00:00,0.2607,0.2644,0.26,0.2615,59052075
2026-03-24 00:00:00+00:00,0.2615,0.2624,0.2579,0.2614,70401175
2026-03-24 04:00:00+00:00,0.2615,0.2658,0.2595,0.2655,96621943
2026-03-24 08:00:00+00:00,0.2656,0.2683,0.2617,0.2635,137910969
2026-03-24 12:00:00+00:00,0.2636,0.2637,0.2589,0.2608,108708432
2026-03-24 16:00:00+00:00,0.2608,0.2618,0.2578,0.2601,75847925
2026-03-24 20:00:00+00:00,0.26,0.2669,0.2597,0.2663,94346170
2026-03-25 00:00:00+00:00,0.2663,0.2691,0.2655,0.2677,124965262
2026-03-25 04:00:00+00:00,0.2677,0.2716,0.2668,0.2694,94103445
2026-03-25 08:00:00+00:00,0.2694,0.2748,0.2694,0.273,122922231
2026-03-25 12:00:00+00:00,0.273,0.2768,0.2685,0.2701,164276696
2026-03-25 16:00:00+00:00,0.2702,0.2726,0.2694,0.2705,81309795
2026-03-25 20:00:00+00:00,0.2705,0.2713,0.268,0.2704,63182989
2026-03-26 00:00:00+00:00,0.2703,0.2707,0.2656,0.2662,81015813
2026-03-26 04:00:00+00:00,0.2662,0.2665,0.2607,0.2619,110733787
2026-03-26 08:00:00+00:00,0.2619,0.262,0.2566,0.2571,140426228
2026-03-26 12:00:00+00:00,0.2572,0.2597,0.2543,0.2558,114557492
2026-03-26 16:00:00+00:00,0.2559,0.2565,0.2529,0.2534,87655390
2026-03-26 20:00:00+00:00,0.2534,0.2574,0.2524,0.2545,123615683
2026-03-27 00:00:00+00:00,0.2545,0.256,0.2533,0.2543,55785919
2026-03-27 04:00:00+00:00,0.2542,0.2555,0.2524,0.2547,74588988
2026-03-27 08:00:00+00:00,0.2546,0.2552,0.244,0.2472,223888613
2026-03-27 12:00:00+00:00,0.2472,0.2498,0.2457,0.2474,148980198
2026-03-27 16:00:00+00:00,0.2475,0.2485,0.245,0.2464,88437647
2026-03-27 20:00:00+00:00,0.2464,0.2471,0.2447,0.2458,54095725
2026-03-28 00:00:00+00:00,0.2459,0.2471,0.2444,0.2447,79594462
2026-03-28 04:00:00+00:00,0.2447,0.2484,0.2439,0.2482,65500977
2026-03-28 08:00:00+00:00,0.2483,0.2492,0.247,0.2482,73100476
2026-03-28 12:00:00+00:00,0.2483,0.2528,0.2464,0.2511,161183845
2026-03-28 16:00:00+00:00,0.2512,0.2517,0.2491,0.2497,60741778
2026-03-28 20:00:00+00:00,0.2497,0.2506,0.2447,0.2458,81736561
2026-03-29 00:00:00+00:00,0.2457,0.2472,0.2448,0.2464,75440777
2026-03-29 04:00:00+00:00,0.2465,0.2465,0.2425,0.2449,99180550
2026-03-29 08:00:00+00:00,0.2449,0.2452,0.2411,0.2434,93620767
2026-03-29 12:00:00+00:00,0.2434,0.2435,0.24,0.2412,115530754
2026-03-29 16:00:00+00:00,0.2413,0.2421,0.2393,0.2397,70014668
2026-03-29 20:00:00+00:00,0.2397,0.2419,0.2324,0.2398,237044349
2026-03-30 00:00:00+00:00,0.2397,0.2475,0.2392,0.246,157493718
2026-03-30 04:00:00+00:00,0.246,0.2492,0.2457,0.2485,118288597
2026-03-30 08:00:00+00:00,0.2486,0.2528,0.2475,0.2506,178828798
2026-03-30 12:00:00+00:00,0.2506,0.2515,0.2472,0.2484,111529132
2026-03-30 16:00:00+00:00,0.2484,0.2488,0.2423,0.2436,121221805
2026-03-30 20:00:00+00:00,0.2435,0.2461,0.2424,0.2433,79348914
2026-03-31 00:00:00+00:00,0.2434,0.2495,0.2431,0.2461,106919983
2026-03-31 04:00:00+00:00,0.2461,0.2465,0.2429,0.2435,91775790
2026-03-31 08:00:00+00:00,0.2436,0.2441,0.2394,0.2409,177218167
2026-03-31 12:00:00+00:00,0.241,0.2454,0.2373,0.2378,163783594
2026-03-31 16:00:00+00:00,0.2378,0.242,0.2342,0.2407,252992575
2026-03-31 20:00:00+00:00,0.2407,0.2424,0.2382,0.2416,94772404
2026-04-01 00:00:00+00:00,0.2415,0.2463,0.2411,0.2454,143883729
2026-04-01 04:00:00+00:00,0.2454,0.2547,0.2438,0.2498,238910882
2026-04-01 08:00:00+00:00,0.2498,0.25,0.2457,0.248,128559502
2026-04-01 12:00:00+00:00,0.2481,0.2509,0.2452,0.249,160136427
2026-04-01 16:00:00+00:00,0.249,0.2521,0.2479,0.2494,99131218
2026-04-01 20:00:00+00:00,0.2495,0.2506,0.2471,0.2484,71404756
2026-04-02 00:00:00+00:00,0.2484,0.2506,0.2375,0.2389,294814820
2026-04-02 04:00:00+00:00,0.2389,0.239,0.2352,0.2387,199320669
2026-04-02 08:00:00+00:00,0.2388,0.2392,0.2359,0.2367,131086937
2026-04-02 12:00:00+00:00,0.2368,0.2433,0.2346,0.2395,226249219
2026-04-02 16:00:00+00:00,0.2395,0.2426,0.2378,0.2395,107890149
2026-04-02 20:00:00+00:00,0.2395,0.2408,0.2385,0.2392,59615815
2026-04-03 00:00:00+00:00,0.2393,0.2414,0.2386,0.2411,71437232
2026-04-03 04:00:00+00:00,0.2412,0.2452,0.241,0.2434,122554168
2026-04-03 08:00:00+00:00,0.2435,0.2466,0.2426,0.2456,110675285
2026-04-03 12:00:00+00:00,0.2456,0.2513,0.2446,0.2459,186890751
2026-04-03 16:00:00+00:00,0.246,0.2505,0.2457,0.2475,108161442
2026-04-03 20:00:00+00:00,0.2475,0.2487,0.2449,0.2462,53732662
2026-04-04 00:00:00+00:00,0.2463,0.2469,0.2444,0.2467,53656711
2026-04-04 04:00:00+00:00,0.2467,0.2472,0.2439,0.2452,71557115
2026-04-04 08:00:00+00:00,0.2452,0.2458,0.2428,0.2448,65100675
2026-04-04 12:00:00+00:00,0.2448,0.2467,0.2432,0.245,66287963
2026-04-04 16:00:00+00:00,0.2451,0.2499,0.2449,0.2478,74619673
2026-04-04 20:00:00+00:00,0.2477,0.2484,0.2462,0.2477,66502841
2026-04-05 00:00:00+00:00,0.2478,0.2486,0.2464,0.2466,45826447
2026-04-05 04:00:00+00:00,0.2465,0.2469,0.2413,0.2418,105375658
2026-04-05 08:00:00+00:00,0.2418,0.2431,0.2395,0.2423,92937985
2026-04-05 12:00:00+00:00,0.2423,0.2458,0.2401,0.2434,94886663
2026-04-05 16:00:00+00:00,0.2434,0.2442,0.2424,0.2435,52666294
2026-04-05 20:00:00+00:00,0.2434,0.2509,0.2419,0.2507,152867423
2026-04-06 00:00:00+00:00,0.2508,0.2593,0.2507,0.2569,209608178
2026-04-06 04:00:00+00:00,0.2569,0.2585,0.2542,0.2551,111461508
2026-04-06 08:00:00+00:00,0.2552,0.26,0.2548,0.2555,149893343
2026-04-06 12:00:00+00:00,0.2555,0.2568,0.2536,0.2542,93643919
2026-04-06 16:00:00+00:00,0.2542,0.2543,0.251,0.2519,96592213
2026-04-06 20:00:00+00:00,0.252,0.2527,0.2445,0.2458,143879898
2026-04-07 00:00:00+00:00,0.2458,0.2464,0.2432,0.2449,118985529
2026-04-07 04:00:00+00:00,0.2449,0.2458,0.2422,0.2432,75039186
2026-04-07 08:00:00+00:00,0.2432,0.2455,0.2411,0.242,128654874
2026-04-07 12:00:00+00:00,0.242,0.2436,0.2397,0.242,145593353
2026-04-07 16:00:00+00:00,0.242,0.2472,0.2416,0.2465,125340139
2026-04-07 20:00:00+00:00,0.2465,0.2663,0.2456,0.2627,368006645
2026-04-08 00:00:00+00:00,0.2628,0.2644,0.2595,0.2606,160437558
2026-04-08 04:00:00+00:00,0.2607,0.2637,0.2602,0.2612,88663557
2026-04-08 08:00:00+00:00,0.2611,0.2615,0.2557,0.2577,95810264
2026-04-08 12:00:00+00:00,0.2577,0.2597,0.2518,0.254,183569802
2026-04-08 16:00:00+00:00,0.254,0.2562,0.2519,0.2528,78365270
2026-04-08 20:00:00+00:00,0.2528,0.2545,0.2495,0.2505,106201850
2026-04-09 00:00:00+00:00,0.2506,0.2506,0.2473,0.249,102466488
2026-04-09 04:00:00+00:00,0.2489,0.2515,0.2482,0.2504,67926656
2026-04-09 08:00:00+00:00,0.2505,0.2522,0.2493,0.2504,72634224
2026-04-09 12:00:00+00:00,0.2505,0.2556,0.2487,0.2545,115629944
2026-04-09 16:00:00+00:00,0.2545,0.2568,0.2528,0.2556,113435708
2026-04-09 20:00:00+00:00,0.2555,0.2611,0.2533,0.2541,105148781
2026-04-10 00:00:00+00:00,0.2541,0.2549,0.2512,0.2515,82194923
2026-04-10 04:00:00+00:00,0.2516,0.2538,0.2497,0.2505,79330200
2026-04-10 08:00:00+00:00,0.2505,0.2517,0.2496,0.251,93878347
2026-04-10 12:00:00+00:00,0.2511,0.2564,0.2506,0.2538,146696288
2026-04-10 16:00:00+00:00,0.2539,0.2583,0.2534,0.258,78383260
2026-04-10 20:00:00+00:00,0.2579,0.2588,0.2536,0.2541,74005713
2026-04-11 00:00:00+00:00,0.254,0.2551,0.2522,0.253,73279677
2026-04-11 04:00:00+00:00,0.2529,0.2541,0.2492,0.2503,98813830
2026-04-11 08:00:00+00:00,0.2503,0.2507,0.2489,0.2495,81372499
2026-04-11 12:00:00+00:00,0.2495,0.2502,0.2463,0.248,129470467
2026-04-11 16:00:00+00:00,0.2481,0.2559,0.2478,0.2544,181764277
2026-04-11 20:00:00+00:00,0.2544,0.2549,0.2484,0.2494,113252992
2026-04-12 00:00:00+00:00,0.2493,0.2503,0.2421,0.2437,194030263
2026-04-12 04:00:00+00:00,0.2436,0.2439,0.2412,0.2413,98303013
2026-04-12 08:00:00+00:00,0.2413,0.2414,0.2383,0.2403,156950143
2026-04-12 12:00:00+00:00,0.2403,0.2409,0.2372,0.2381,143422697
2026-04-12 16:00:00+00:00,0.2381,0.2398,0.2375,0.2378,85793590
2026-04-12 20:00:00+00:00,0.2379,0.2398,0.2351,0.2359,129778090
2026-04-13 00:00:00+00:00,0.2359,0.2386,0.2357,0.238,77425083
2026-04-13 04:00:00+00:00,0.238,0.2397,0.2369,0.2378,90805940
2026-04-13 08:00:00+00:00,0.2379,0.2394,0.2372,0.238,62955790
2026-04-13 12:00:00+00:00,0.2381,0.2432,0.2377,0.2391,229104614
2026-04-13 16:00:00+00:00,0.2391,0.2417,0.2373,0.2413,158763262
2026-04-13 20:00:00+00:00,0.2412,0.249,0.2387,0.2486,265275612
2026-04-14 00:00:00+00:00,0.2485,0.249,0.2435,0.2444,109360156
2026-04-14 04:00:00+00:00,0.2445,0.2456,0.2407,0.2432,111384442
2026-04-14 08:00:00+00:00,0.2433,0.245,0.2421,0.2432,109266611
2026-04-14 12:00:00+00:00,0.2432,0.2495,0.2426,0.2443,216526004
2026-04-14 16:00:00+00:00,0.2443,0.246,0.2386,0.2404,150584118
2026-04-14 20:00:00+00:00,0.2404,0.2416,0.2382,0.2393,81749395
2026-04-15 00:00:00+00:00,0.2393,0.2411,0.2388,0.2394,58237405
2026-04-15 04:00:00+00:00,0.2394,0.2418,0.238,0.2382,102791278
2026-04-15 08:00:00+00:00,0.2383,0.2426,0.2381,0.2415,80039370
2026-04-15 12:00:00+00:00,0.2415,0.2439,0.2397,0.2425,132519000
2026-04-15 16:00:00+00:00,0.2425,0.2505,0.2422,0.249,190606324
2026-04-15 20:00:00+00:00,0.249,0.2499,0.2446,0.246,133742937
2026-04-16 00:00:00+00:00,0.246,0.2499,0.2435,0.2491,111579233
2026-04-16 04:00:00+00:00,0.2492,0.2517,0.2484,0.25,134739000
2026-04-16 08:00:00+00:00,0.2501,0.2506,0.2468,0.2483,129631144
2026-04-16 12:00:00+00:00,0.2483,0.2545,0.2452,0.2533,324701638
2026-04-16 16:00:00+00:00,0.2533,0.2607,0.2506,0.2604,297635140
2026-04-16 20:00:00+00:00,0.2604,0.2615,0.2566,0.259,130999236
2026-04-17 00:00:00+00:00,0.259,0.2599,0.2539,0.2549,116316709
2026-04-17 04:00:00+00:00,0.255,0.2564,0.2519,0.256,107470250
2026-04-17 08:00:00+00:00,0.2561,0.2598,0.2542,0.2575,149675459
2026-04-17 12:00:00+00:00,0.2575,0.2679,0.2567,0.2635,274067774
2026-04-17 16:00:00+00:00,0.2635,0.2662,0.2603,0.2611,140516478
2026-04-17 20:00:00+00:00,0.2611,0.262,0.2572,0.2585,93216511
2026-04-18 00:00:00+00:00,0.2585,0.2595,0.2561,0.2569,72752346
2026-04-18 04:00:00+00:00,0.2569,0.2588,0.2558,0.2584,61600838
2026-04-18 08:00:00+00:00,0.2585,0.2585,0.2494,0.2509,185184737
2026-04-18 12:00:00+00:00,0.2508,0.2521,0.2495,0.2508,85668328
2026-04-18 16:00:00+00:00,0.2508,0.2508,0.2472,0.2486,117989568
2026-04-18 20:00:00+00:00,0.2486,0.2507,0.2478,0.249,52175774
2026-04-19 00:00:00+00:00,0.249,0.2497,0.2467,0.2479,74043250
2026-04-19 04:00:00+00:00,0.2479,0.2488,0.2441,0.2457,132218500
2026-04-19 08:00:00+00:00,0.2457,0.2481,0.2444,0.2471,78725702
2026-04-19 12:00:00+00:00,0.2472,0.2509,0.2459,0.2486,153822541
2026-04-19 16:00:00+00:00,0.2487,0.2494,0.2441,0.2465,110333899
2026-04-19 20:00:00+00:00,0.2466,0.2466,0.2407,0.2423,135031371
2026-04-20 00:00:00+00:00,0.2423,0.2463,0.2417,0.2457,83806091
2026-04-20 04:00:00+00:00,0.2457,0.2491,0.2434,0.2464,99681848
2026-04-20 08:00:00+00:00,0.2465,0.2485,0.244,0.2463,89617789
2026-04-20 12:00:00+00:00,0.2464,0.2492,0.2445,0.2475,125568850
2026-04-20 16:00:00+00:00,0.2475,0.2501,0.2454,0.2487,110400852
2026-04-20 20:00:00+00:00,0.2487,0.2514,0.2474,0.2478,99291506
2026-04-21 00:00:00+00:00,0.2478,0.2495,0.2463,0.2469,69296274
2026-04-21 04:00:00+00:00,0.2468,0.2502,0.2467,0.2492,90642390
2026-04-21 08:00:00+00:00,0.2492,0.2523,0.2491,0.25,93309324
2026-04-21 12:00:00+00:00,0.2499,0.2506,0.2473,0.2487,100385385
2026-04-21 16:00:00+00:00,0.2487,0.2493,0.2438,0.2446,153535503
2026-04-21 20:00:00+00:00,0.2446,0.25,0.2444,0.2497,110215616
2026-04-22 00:00:00+00:00,0.2498,0.2555,0.2486,0.2542,140474064
2026-04-22 04:00:00+00:00,0.2542,0.2575,0.2532,0.2548,145596058
2026-04-22 08:00:00+00:00,0.2547,0.2564,0.2541,0.2555,63937314
2026-04-22 12:00:00+00:00,0.2556,0.2561,0.2538,0.2549,108033747
2026-04-22 16:00:00+00:00,0.255,0.2556,0.2511,0.2523,82994064
2026-04-22 20:00:00+00:00,0.2523,0.2525,0.2479,0.2482,92254094
2026-04-23 00:00:00+00:00,0.2482,0.2494,0.245,0.2461,136698603
2026-04-23 04:00:00+00:00,0.2461,0.2482,0.2459,0.2467,82054573
2026-04-23 08:00:00+00:00,0.2468,0.2479,0.2446,0.2473,100963560
2026-04-23 12:00:00+00:00,0.2473,0.2508,0.2466,0.2502,114388637
2026-04-23 16:00:00+00:00,0.2503,0.2508,0.2444,0.2466,164769350
2026-04-23 20:00:00+00:00,0.2466,0.2502,0.2463,0.2496,73859727
2026-04-24 00:00:00+00:00,0.2497,0.2518,0.248,0.2485,109225648
2026-04-24 04:00:00+00:00,0.2484,0.2495,0.247,0.2488,72881326
2026-04-24 08:00:00+00:00,0.2488,0.2519,0.2479,0.2509,77590437
2026-04-24 12:00:00+00:00,0.2509,0.2522,0.2488,0.252,87327269
2026-04-24 16:00:00+00:00,0.2521,0.2524,0.2505,0.2516,67693963
2026-04-24 20:00:00+00:00,0.2517,0.2529,0.2498,0.2502,60085965
2026-04-25 00:00:00+00:00,0.2502,0.252,0.2494,0.2516,90550992
2026-04-25 04:00:00+00:00,0.2516,0.2527,0.2502,0.2512,70280652
2026-04-25 08:00:00+00:00,0.2513,0.2538,0.2511,0.2515,87013252
2026-04-25 12:00:00+00:00,0.2515,0.2536,0.2495,0.25,119733742
2026-04-25 16:00:00+00:00,0.25,0.2505,0.2479,0.2488,85291572
2026-04-25 20:00:00+00:00,0.2489,0.2504,0.2487,0.2501,39535161
2026-04-26 00:00:00+00:00,0.2501,0.2501,0.2483,0.2493,64080727
2026-04-26 04:00:00+00:00,0.2493,0.252,0.2487,0.2514,72748540
2026-04-26 08:00:00+00:00,0.2515,0.2543,0.2499,0.2534,130633462
2026-04-26 12:00:00+00:00,0.2534,0.2538,0.2513,0.2528,61288388
2026-04-26 16:00:00+00:00,0.2527,0.2535,0.2507,0.2522,66540647
2026-04-26 20:00:00+00:00,0.2523,0.2533,0.2504,0.252,77364346
2026-04-27 00:00:00+00:00,0.2519,0.2561,0.2514,0.2539,117252250
2026-04-27 04:00:00+00:00,0.2539,0.2544,0.246,0.2467,228788784
2026-04-27 08:00:00+00:00,0.2468,0.248,0.2463,0.2476,78691176
2026-04-27 12:00:00+00:00,0.2475,0.2486,0.2428,0.2443,192856670
2026-04-27 16:00:00+00:00,0.2443,0.2459,0.2438,0.2451,64276344
2026-04-27 20:00:00+00:00,0.2452,0.2483,0.2448,0.2479,57296269
2026-04-28 00:00:00+00:00,0.248,0.2484,0.2464,0.2473,82255485
2026-04-28 04:00:00+00:00,0.2472,0.2487,0.2449,0.2469,97518462
2026-04-28 08:00:00+00:00,0.2468,0.247,0.245,0.2456,87723207
2026-04-28 12:00:00+00:00,0.2456,0.2473,0.244,0.2464,127912544
2026-04-28 16:00:00+00:00,0.2463,0.2476,0.245,0.2471,66291203
2026-04-28 20:00:00+00:00,0.2472,0.248,0.2461,0.2466,43281565
2026-04-29 00:00:00+00:00,0.2466,0.2494,0.246,0.2489,77157976
2026-04-29 04:00:00+00:00,0.249,0.2505,0.2482,0.2494,97504160
2026-04-29 08:00:00+00:00,0.2494,0.254,0.249,0.2512,159900837
2026-04-29 12:00:00+00:00,0.2513,0.2514,0.243,0.2438,221069865
2026-04-29 16:00:00+00:00,0.2438,0.2452,0.2381,0.2414,255526016
2026-04-29 20:00:00+00:00,0.2415,0.245,0.2411,0.2444,94231123
2026-04-30 00:00:00+00:00,0.2445,0.2477,0.2444,0.2466,143789158
2026-04-30 04:00:00+00:00,0.2465,0.2469,0.2443,0.2466,69720484
2026-04-30 08:00:00+00:00,0.2466,0.2483,0.2452,0.246,82035202
2026-04-30 12:00:00+00:00,0.246,0.2481,0.2447,0.2474,95824088
2026-04-30 16:00:00+00:00,0.2474,0.2475,0.2452,0.2462,52256796
2026-04-30 20:00:00+00:00,0.2461,0.2472,0.2451,0.2461,47886506
2026-05-01 00:00:00+00:00,0.2461,0.2503,0.2458,0.2486,88792332
2026-05-01 04:00:00+00:00,0.2487,0.2498,0.2478,0.2485,63591177
2026-05-01 08:00:00+00:00,0.2486,0.2496,0.2468,0.2478,72052267
2026-05-01 12:00:00+00:00,0.2478,0.2513,0.2477,0.2501,155775876
2026-05-01 16:00:00+00:00,0.2502,0.2508,0.2488,0.2496,69718757
2026-05-01 20:00:00+00:00,0.2497,0.25,0.2473,0.248,78871964
2026-05-02 00:00:00+00:00,0.2481,0.2486,0.2474,0.2479,54999372
2026-05-02 04:00:00+00:00,0.2478,0.2481,0.2467,0.2474,57639274
2026-05-02 08:00:00+00:00,0.2474,0.2489,0.2472,0.2482,60183510
2026-05-02 12:00:00+00:00,0.2482,0.25,0.2475,0.2499,60794659
2026-05-02 16:00:00+00:00,0.2499,0.2513,0.249,0.2512,67740749
2026-05-02 20:00:00+00:00,0.2512,0.2528,0.2499,0.2501,66974110
2026-05-03 00:00:00+00:00,0.25,0.2504,0.2472,0.2478,84082584
2026-05-03 04:00:00+00:00,0.2478,0.2495,0.2473,0.2487,62433091
2026-05-03 08:00:00+00:00,0.2487,0.2504,0.248,0.2494,65695757
2026-05-03 12:00:00+00:00,0.2495,0.251,0.2494,0.2507,68032448
2026-05-03 16:00:00+00:00,0.2506,0.2513,0.2503,0.2507,41235457
2026-05-03 20:00:00+00:00,0.2508,0.2517,0.2482,0.2494,128291403
2026-05-04 00:00:00+00:00,0.2493,0.2544,0.2471,0.2536,211838845
2026-05-04 04:00:00+00:00,0.2536,0.255,0.2508,0.2516,112142533
2026-05-04 08:00:00+00:00,0.2516,0.2532,0.2467,0.2484,244595689
2026-05-04 12:00:00+00:00,0.2483,0.2532,0.248,0.2499,200351778
