entry_mode,exit_model,friction_case,horizon_bars,taker_fee_bps_per_side,slippage_bps_per_side,symbol,total_trades,trades_per_year,average_return_pct,median_return_pct,win_rate,cumulative_return_units,max_drawdown_units,sharpe_like,return_volatility_pct,max_losing_streak,average_win_pct,average_loss_pct,best_month,worst_month,best_month_contribution,best_symbol,worst_symbol,best_symbol_contribution,positive_month_rate,positive_symbol_rate,window,window_start,window_end
next_close,pure_horizon_12,base,12,4.0,5.0,ADAUSDT,149,23.5085313174946,3.0784644590432353,1.7635149670821935,0.6442953020134228,4.58691204397442,-0.3510163631335259,3.981397821545727,9.438254933233939,4,7.105403754108878,-4.215614264094538,2021-05,2025-02,0.4053396374574673,ADAUSDT,ADAUSDT,0.9999999999999998,0.6739130434782609,1.0,full_available,2020-01-01T00:00:00+00:00,2026-05-04T00:00:00+00:00
next_close,pure_horizon_12,base,12,4.0,5.0,XRPUSDT,146,23.035205183585315,2.441234522021646,1.2802985876320807,0.684931506849315,3.5642024021516034,-0.24282062697923074,4.259823826457445,6.924593636644472,3,5.407908290695946,-4.008056279444228,2021-05,2022-02,0.23198432234387673,XRPUSDT,XRPUSDT,1.0000000000000002,0.7608695652173914,1.0,full_available,2020-01-01T00:00:00+00:00,2026-05-04T00:00:00+00:00
next_close,pure_horizon_12,base,12,4.0,5.0,LTCUSDT,137,21.61522678185745,1.0111888993250673,0.7820809969207334,0.5912408759124088,1.385328792075342,-0.2345223097135857,1.9467257855725346,6.07977903583884,5,4.196780336569867,-3.596541572404018,2021-05,2025-02,0.5577401817383569,LTCUSDT,LTCUSDT,1.0,0.6046511627906976,1.0,full_available,2020-01-01T00:00:00+00:00,2026-05-04T00:00:00+00:00
next_close,pure_horizon_12,base,12,4.0,5.0,ETHUSDT,111,17.51306695464363,1.8519311183447031,1.1607245823226944,0.6216216216216216,2.0556435413626204,-0.3107765961317822,2.7049455495753487,7.2131969680780585,5,5.113211706601234,-3.5058869909338832,2021-05,2021-01,0.4415570951245768,ETHUSDT,ETHUSDT,1.0000000000000004,0.6333333333333333,1.0,full_available,2020-01-01T00:00:00+00:00,2026-05-04T00:00:00+00:00
next_close,pure_horizon_12,base,12,4.0,5.0,BNBUSDT,104,16.408639308855292,2.7082425489822484,1.8602142283048815,0.625,2.8165722509415385,-0.5361683531067523,3.3671993728139533,8.202295187090337,6,6.964541830090997,-4.385589586199002,2020-03,2021-01,0.3064396531803307,BNBUSDT,BNBUSDT,1.0000000000000002,0.7241379310344828,1.0,full_available,2020-01-01T00:00:00+00:00,2026-05-04T00:00:00+00:00
next_close,pure_horizon_12,base,12,4.0,5.0,BTCUSDT,58,9.150971922246221,2.1737489293993213,1.2595048714634929,0.6724137931034483,1.2607743790516064,-0.20391282049695308,2.417157203228068,6.848863041804322,3,4.711906172888085,-3.036152780919719,2020-03,2021-01,0.47719113007192965,BTCUSDT,BTCUSDT,1.0,0.6818181818181818,1.0,full_available,2020-01-01T00:00:00+00:00,2026-05-04T00:00:00+00:00
next_close,pure_horizon_12,base,12,4.0,5.0,LINKUSDT,162,25.559611231101513,2.5817477547337577,1.157227226398563,0.6049382716049383,4.182431362668687,-0.466915430760914,3.961779423547577,8.29432451716662,6,6.965175341958714,-4.1303757382044575,2020-03,2025-02,0.21432356746913045,LINKUSDT,LINKUSDT,1.0000000000000002,0.7111111111111111,1.0,full_available,2020-01-01T00:00:00+00:00,2026-05-04T00:00:00+00:00
next_close,pure_horizon_12,base,12,4.0,5.0,AVAXUSDT,150,23.666306695464364,2.5657383521191712,1.83291413488851,0.6333333333333333,3.848607528178757,-0.5823225801636244,3.6645973063740964,8.574952785739663,5,7.021431301070388,-5.130458559705659,2022-05,2025-02,0.2816419546307605,AVAXUSDT,AVAXUSDT,1.0000000000000002,0.6578947368421053,1.0,full_available,2020-01-01T00:00:00+00:00,2026-05-04T00:00:00+00:00
next_close,pure_horizon_12,base,12,4.0,5.0,SOLUSDT,117,18.459719222462205,2.7465268134541763,0.7996179638489667,0.6324786324786325,3.2134363717413863,-0.37591836117026634,3.0211973604080185,9.833263511796893,4,7.393125797104521,-5.249945856083626,2021-05,2021-06,0.3694365625489019,SOLUSDT,SOLUSDT,1.0000000000000004,0.7948717948717948,1.0,full_available,2020-01-01T00:00:00+00:00,2026-05-04T00:00:00+00:00
next_open,pure_horizon_12,base,12,4.0,5.0,ADAUSDT,149,23.5085313174946,3.390693579155799,1.9286819392096886,0.6510067114093959,5.05213343294214,-0.38683058787237007,4.2959770299726125,9.63429028160802,5,7.526348308236922,-4.323893127014759,2021-05,2025-02,0.3826417596205941,ADAUSDT,ADAUSDT,1.0,0.782608695652174,1.0,full_available,2020-01-01T00:00:00+00:00,2026-05-04T00:00:00+00:00
next_open,pure_horizon_12,base,12,4.0,5.0,XRPUSDT,146,23.035205183585315,2.891035432576521,2.57515778397426,0.7397260273972602,4.220911731561721,-0.3333063554774635,4.763615393836682,7.333193626065987,4,5.783291296773227,-5.329060181456224,2021-05,2021-06,0.198500729883456,XRPUSDT,XRPUSDT,1.0,0.8695652173913043,1.0,full_available,2020-01-01T00:00:00+00:00,2026-05-04T00:00:00+00:00
next_open,pure_horizon_12,base,12,4.0,5.0,LTCUSDT,137,21.61522678185745,1.6027208091160359,1.315194278242662,0.6423357664233577,2.195727508488969,-0.21759761506418018,2.981148805178933,6.29266344530661,4,4.749572578458532,-4.048768082764369,2021-05,2025-02,0.3429836426767195,LTCUSDT,LTCUSDT,1.0,0.7209302325581395,1.0,full_available,2020-01-01T00:00:00+00:00,2026-05-04T00:00:00+00:00
next_open,pure_horizon_12,base,12,4.0,5.0,ETHUSDT,111,17.51306695464363,2.0852569653049344,1.3155199644519968,0.6576576576576577,2.3146352314884773,-0.40018242576851715,2.891067323015768,7.599112340718543,3,5.459225045980235,-4.396313294939721,2021-05,2021-04,0.37164937951923294,ETHUSDT,ETHUSDT,1.0,0.6333333333333333,1.0,full_available,2020-01-01T00:00:00+00:00,2026-05-04T00:00:00+00:00
next_open,pure_horizon_12,base,12,4.0,5.0,BNBUSDT,104,16.408639308855292,3.083614477701003,2.453019400188874,0.6634615384615384,3.206959056809043,-0.6847233996444535,3.4917312618869434,9.006082779519323,4,7.241079927480053,-5.112531694720549,2020-03,2021-09,0.28650747892016165,BNBUSDT,BNBUSDT,1.0000000000000002,0.8275862068965517,1.0,full_available,2020-01-01T00:00:00+00:00,2026-05-04T00:00:00+00:00
next_open,pure_horizon_12,base,12,4.0,5.0,BTCUSDT,58,9.150971922246221,2.5021761596577363,1.7122756614859311,0.7068965517241379,1.4512621726014872,-0.2485002040666574,2.5520724956637615,7.4668748380907575,3,5.054777829088731,-3.6540984548523094,2020-03,2022-08,0.4371412872489041,BTCUSDT,BTCUSDT,1.0,0.8181818181818182,1.0,full_available,2020-01-01T00:00:00+00:00,2026-05-04T00:00:00+00:00
next_open,pure_horizon_12,base,12,4.0,5.0,LINKUSDT,162,25.559611231101513,2.771984893041403,1.8494738993282265,0.6234567901234568,4.490615526727073,-0.5436222018109607,4.082882603007779,8.64134757337894,7,7.225521655395339,-4.601903844626589,2020-03,2025-02,0.22866433427418473,LINKUSDT,LINKUSDT,1.0000000000000002,0.7777777777777778,1.0,full_available,2020-01-01T00:00:00+00:00,2026-05-04T00:00:00+00:00
next_open,pure_horizon_12,base,12,4.0,5.0,AVAXUSDT,150,23.666306695464364,2.9453295150568093,2.3908645844514487,0.66,4.417994272585214,-0.5953665208644194,4.113040590933224,8.770341887886971,5,7.406881101031355,-5.715329445952604,2022-05,2025-02,0.2568757896068195,AVAXUSDT,AVAXUSDT,1.0000000000000002,0.7631578947368421,1.0,full_available,2020-01-01T00:00:00+00:00,2026-05-04T00:00:00+00:00
next_open,pure_horizon_12,base,12,4.0,5.0,SOLUSDT,117,18.459719222462205,3.6811365868664936,2.58416157785867,0.717948717948718,4.306929806633797,-0.45591800057936815,3.872264381561965,10.282763836424726,3,7.80826747030375,-6.824287480064703,2021-05,2021-06,0.3122862612312534,SOLUSDT,SOLUSDT,1.0000000000000002,0.8717948717948718,1.0,full_available,2020-01-01T00:00:00+00:00,2026-05-04T00:00:00+00:00
next_close,pure_horizon_12,stress,12,8.0,10.0,ADAUSDT,149,23.5085313174946,2.895357496511977,1.581722297553561,0.6442953020134228,4.314082669802846,-0.3542661227154813,3.748330872483829,9.428821390355374,4,6.918271862734514,-4.391430789476016,2021-05,2025-02,0.4176066531329086,ADAUSDT,ADAUSDT,1.0,0.6521739130434783,1.0,full_available,2020-01-01T00:00:00+00:00,2026-05-04T00:00:00+00:00
next_close,pure_horizon_12,stress,12,8.0,10.0,XRPUSDT,146,23.035205183585315,2.258764471289966,1.0989888932367897,0.6575342465753424,3.29779612808335,-0.24797882863052673,3.9453667327649455,6.917672500115524,3,5.444823364203997,-3.8584686031049737,2021-05,2022-02,0.23682638756236807,XRPUSDT,XRPUSDT,1.0,0.6956521739130435,1.0,full_available,2020-01-01T00:00:00+00:00,2026-05-04T00:00:00+00:00
next_close,pure_horizon_12,stress,12,8.0,10.0,LTCUSDT,137,21.61522678185745,0.830148180264912,0.6012692713807156,0.5401459854014599,1.1373030069629295,-0.24869030728908342,1.5997878829212193,6.07370229213648,5,4.3997655964524816,-3.3627357689077897,2021-05,2025-02,0.6359546669599406,LTCUSDT,LTCUSDT,0.9999999999999996,0.5813953488372093,1.0,full_available,2020-01-01T00:00:00+00:00,2026-05-04T00:00:00+00:00
next_close,pure_horizon_12,stress,12,8.0,10.0,ETHUSDT,111,17.51306695464363,1.6700500768066073,0.9795344022353093,0.6036036036036037,1.8537555852553342,-0.31406657539101024,2.441729141350974,7.205987372303069,5,5.078367572423281,-3.519887927882417,2021-05,2021-01,0.4668198217393995,ETHUSDT,ETHUSDT,1.0000000000000002,0.6,1.0,full_available,2020-01-01T00:00:00+00:00,2026-05-04T00:00:00+00:00
next_close,pure_horizon_12,stress,12,8.0,10.0,BNBUSDT,104,16.408639308855292,2.5255056235275357,1.6783249077921885,0.625,2.626525848468637,-0.5428336538359313,3.143141331286687,8.194096986904242,6,6.777550730315253,-4.561236221118659,2020-03,2021-01,0.315946381949497,BNBUSDT,BNBUSDT,0.9999999999999998,0.7241379310344828,1.0,full_available,2020-01-01T00:00:00+00:00,2026-05-04T00:00:00+00:00
next_close,pure_horizon_12,stress,12,8.0,10.0,BTCUSDT,58,9.150971922246221,1.9915462307179124,1.0782159604030994,0.6724137931034483,1.1550968138163893,-0.2109102108799596,2.216767788975426,6.842017598061667,3,4.527166584139774,-3.2131481789374887,2020-03,2021-01,0.49850783841818613,BTCUSDT,BTCUSDT,1.0,0.6818181818181818,1.0,full_available,2020-01-01T00:00:00+00:00,2026-05-04T00:00:00+00:00
next_close,pure_horizon_12,stress,12,8.0,10.0,LINKUSDT,162,25.559611231101513,2.399137260920686,0.9760405419210684,0.5925925925925926,3.8866023626915114,-0.4718496494878986,3.6852408332039093,8.286034333596145,6,6.920262333992984,-4.177044663548115,2020-03,2025-02,0.2211421640422067,LINKUSDT,LINKUSDT,0.9999999999999999,0.7111111111111111,1.0,full_available,2020-01-01T00:00:00+00:00,2026-05-04T00:00:00+00:00
next_close,pure_horizon_12,stress,12,8.0,10.0,AVAXUSDT,150,23.666306695464364,2.38314385971601,1.6510521008396277,0.6333333333333333,3.574715789574015,-0.5853411490083229,3.407206427558178,8.566382114004456,5,6.834383340225762,-5.305360697528111,2022-05,2025-02,0.29637098904163717,AVAXUSDT,AVAXUSDT,0.9999999999999999,0.6578947368421053,1.0,full_available,2020-01-01T00:00:00+00:00,2026-05-04T00:00:00+00:00
next_close,pure_horizon_12,stress,12,8.0,10.0,SOLUSDT,117,18.459719222462205,2.563751622848431,0.6187887100973778,0.5982905982905983,2.9995893987326645,-0.3791432311865226,2.822965017476014,9.823435157548044,5,7.622891963488339,-4.971138246189728,2021-05,2021-06,0.376773237222964,SOLUSDT,SOLUSDT,1.0000000000000002,0.717948717948718,1.0,full_available,2020-01-01T00:00:00+00:00,2026-05-04T00:00:00+00:00
next_open,pure_horizon_12,stress,12,8.0,10.0,ADAUSDT,149,23.5085313174946,3.2072745433850103,1.746724185168596,0.6375838926174496,4.778839069643666,-0.39184485145983616,4.067652450012986,9.624660801251851,5,7.4968509908883245,-4.339202540185638,2021-05,2025-02,0.39244169898631004,ADAUSDT,ADAUSDT,0.9999999999999998,0.7391304347826086,1.0,full_available,2020-01-01T00:00:00+00:00,2026-05-04T00:00:00+00:00
next_open,pure_horizon_12,stress,12,8.0,10.0,XRPUSDT,146,23.035205183585315,2.70811580549767,2.39255387684189,0.726027397260274,3.9538490760265983,-0.33837411657531774,4.466679611009284,7.325864093541415,4,5.704375373879081,-5.231972050713074,2021-05,2021-06,0.20031344134532897,XRPUSDT,XRPUSDT,0.9999999999999999,0.8478260869565217,1.0,full_available,2020-01-01T00:00:00+00:00,2026-05-04T00:00:00+00:00
next_open,pure_horizon_12,stress,12,8.0,10.0,LTCUSDT,137,21.61522678185745,1.4210888534687662,1.1338497055784647,0.635036496350365,1.9468917292522097,-0.2227810271347866,2.6459480105375834,6.286373923477457,4,4.61889953012734,-4.143101723917153,2021-05,2025-02,0.3614673464013147,LTCUSDT,LTCUSDT,0.9999999999999998,0.6744186046511628,1.0,full_available,2020-01-01T00:00:00+00:00,2026-05-04T00:00:00+00:00
next_open,pure_horizon_12,stress,12,8.0,10.0,ETHUSDT,111,17.51306695464363,1.9031427144079536,1.1341750662641692,0.6576576576576577,2.1124884129928287,-0.4033830438340247,2.641218167927094,7.591517022239404,3,5.27373851145825,-4.571949211504458,2021-05,2021-04,0.3872049812154574,ETHUSDT,ETHUSDT,0.9999999999999998,0.6333333333333333,1.0,full_available,2020-01-01T00:00:00+00:00,2026-05-04T00:00:00+00:00
next_open,pure_horizon_12,stress,12,8.0,10.0,BNBUSDT,104,16.408639308855292,2.9005023677222406,2.270537570462621,0.6538461538461539,3.0165224624311304,-0.6912402194932943,3.287670268818203,8.997081193032257,4,7.158094542720045,-5.14161618505139,2020-03,2021-09,0.293547951345041,BNBUSDT,BNBUSDT,1.0000000000000002,0.7931034482758621,1.0,full_available,2020-01-01T00:00:00+00:00,2026-05-04T00:00:00+00:00
next_open,pure_horizon_12,stress,12,8.0,10.0,BTCUSDT,58,9.150971922246221,2.3196451977135712,1.5305342056816154,0.6724137931034483,1.3453942146738713,-0.2500521282764479,2.3682687380003142,7.459411691094594,3,5.1221017944275165,-3.432765711330847,2020-03,2022-08,0.45233457438952507,BTCUSDT,BTCUSDT,0.9999999999999999,0.7727272727272727,1.0,full_available,2020-01-01T00:00:00+00:00,2026-05-04T00:00:00+00:00
next_open,pure_horizon_12,stress,12,8.0,10.0,LINKUSDT,162,25.559611231101513,2.589184257066032,1.6675953137823711,0.6111111111111112,4.194478496446972,-0.5484797520627986,3.8174493716335056,8.632710540003734,7,7.1833849813066735,-4.6302740238835485,2020-03,2025-02,0.23597957953097487,LINKUSDT,LINKUSDT,1.0,0.7555555555555555,1.0,full_available,2020-01-01T00:00:00+00:00,2026-05-04T00:00:00+00:00
next_open,pure_horizon_12,stress,12,8.0,10.0,AVAXUSDT,150,23.666306695464364,2.762355621001835,2.2084448785101234,0.6466666666666666,4.143533431502753,-0.5983720522806129,3.8613839666487295,8.761575924597748,5,7.370113956057025,-5.670711520514268,2022-05,2025-02,0.26796876913734746,AVAXUSDT,AVAXUSDT,1.0,0.6842105263157895,1.0,full_available,2020-01-01T00:00:00+00:00,2026-05-04T00:00:00+00:00
next_open,pure_horizon_12,stress,12,8.0,10.0,SOLUSDT,117,18.459719222462205,3.497427253091849,2.401548671427572,0.7094017094017094,4.091989886117464,-0.4590629108960851,3.6826975592931928,10.272486206264563,3,7.713283622647254,-6.794222119646344,2021-05,2021-06,0.31472252086984076,SOLUSDT,SOLUSDT,1.0,0.8461538461538461,1.0,full_available,2020-01-01T00:00:00+00:00,2026-05-04T00:00:00+00:00
next_close,pure_horizon_6,base,6,4.0,5.0,ADAUSDT,149,23.5085313174946,2.2717608082925627,1.0139345792833068,0.6375838926174496,3.3849236043559183,-0.3300667185506727,3.5399133711563358,7.8336308673590525,4,5.604882079489035,-3.5920636502938255,2021-05,2025-02,0.25223527429143394,ADAUSDT,ADAUSDT,1.0,0.6739130434782609,1.0,full_available,2020-01-01T00:00:00+00:00,2026-05-04T00:00:00+00:00
next_close,pure_horizon_6,base,6,4.0,5.0,XRPUSDT,146,23.035205183585315,2.0905236783828607,0.9218228855853574,0.6506849315068494,3.0521645704389764,-0.2242319644629196,4.082930449147151,6.186706834564,3,4.7825794660159495,-2.924090043678777,2020-03,2022-02,0.19115917503369542,XRPUSDT,XRPUSDT,1.0000000000000002,0.8260869565217391,1.0,full_available,2020-01-01T00:00:00+00:00,2026-05-04T00:00:00+00:00
next_close,pure_horizon_6,base,6,4.0,5.0,LTCUSDT,137,21.61522678185745,1.0208761431684912,0.5713493481153709,0.5985401459854015,1.398600316140833,-0.3512117686445656,1.9002562140011503,6.288125155839013,5,4.024369440501852,-3.4570593183103404,2021-05,2025-02,0.24914602878169037,LTCUSDT,LTCUSDT,1.0,0.7441860465116279,1.0,full_available,2020-01-01T00:00:00+00:00,2026-05-04T00:00:00+00:00
next_close,pure_horizon_6,base,6,4.0,5.0,ETHUSDT,111,17.51306695464363,1.750031208107588,0.37619510768211134,0.5945945945945946,1.9425346409994226,-0.2186602804692337,2.6997654044529327,6.829379632355223,3,4.7837191696786725,-2.6993778021966697,2020-03,2022-11,0.41302387577066,ETHUSDT,ETHUSDT,1.0000000000000002,0.6666666666666666,1.0,full_available,2020-01-01T00:00:00+00:00,2026-05-04T00:00:00+00:00
next_close,pure_horizon_6,base,6,4.0,5.0,BNBUSDT,104,16.408639308855292,2.2333526253001432,1.5734991331185297,0.6442307692307693,2.322686730312149,-0.34240855575387985,3.1662594683871887,7.193288314390616,4,5.670622539527441,-3.9908928950573963,2020-03,2021-06,0.3409132656937693,BNBUSDT,BNBUSDT,1.0000000000000002,0.7931034482758621,1.0,full_available,2020-01-01T00:00:00+00:00,2026-05-04T00:00:00+00:00
next_close,pure_horizon_6,base,6,4.0,5.0,BTCUSDT,58,9.150971922246221,1.2648952240124542,0.5401373247453845,0.6379310344827587,0.7336392299272234,-0.24663869985358028,1.3887477765143916,6.936576383184527,3,3.98915433133076,-3.534989869834083,2020-03,2021-01,0.4650599393018776,BTCUSDT,BTCUSDT,1.0000000000000002,0.7727272727272727,1.0,full_available,2020-01-01T00:00:00+00:00,2026-05-04T00:00:00+00:00
next_close,pure_horizon_6,base,6,4.0,5.0,LINKUSDT,162,25.559611231101513,2.2366066854054147,1.2746914954303936,0.6419753086419753,3.6233028303567716,-0.33522629217753996,3.6481644803382616,7.803199589047181,4,5.710131166955591,-3.9917820401328337,2020-03,2025-02,0.19412537193545054,LINKUSDT,LINKUSDT,1.0000000000000002,0.7333333333333333,1.0,full_available,2020-01-01T00:00:00+00:00,2026-05-04T00:00:00+00:00
next_close,pure_horizon_6,base,6,4.0,5.0,AVAXUSDT,150,23.666306695464364,2.065851590908916,0.9831997102970804,0.6533333333333333,3.0987773863633734,-0.4174129219068379,3.7059522057156564,6.8272362960311135,6,5.194374803887524,-3.830211387396924,2022-05,2025-02,0.2508735652269255,AVAXUSDT,AVAXUSDT,1.0000000000000002,0.6578947368421053,1.0,full_available,2020-01-01T00:00:00+00:00,2026-05-04T00:00:00+00:00
next_close,pure_horizon_6,base,6,4.0,5.0,SOLUSDT,117,18.459719222462205,1.533776724405169,0.9397703249951397,0.6153846153846154,1.7945187675540477,-0.3251213728756186,2.382596547757851,6.9631309969287445,3,5.418423582910443,-4.681658249203269,2021-05,2021-06,0.2770390886168586,SOLUSDT,SOLUSDT,1.0000000000000002,0.7948717948717948,1.0,full_available,2020-01-01T00:00:00+00:00,2026-05-04T00:00:00+00:00
next_open,pure_horizon_6,base,6,4.0,5.0,ADAUSDT,149,23.5085313174946,2.6085296559638183,1.741880848432089,0.7181208053691275,3.8867091873860895,-0.43079378108342126,3.777517042725411,8.429124729465212,5,5.740166603192714,-5.369688281024086,2021-05,2025-02,0.2481029753352911,ADAUSDT,ADAUSDT,1.0,0.8043478260869565,1.0,full_available,2020-01-01T00:00:00+00:00,2026-05-04T00:00:00+00:00
next_open,pure_horizon_6,base,6,4.0,5.0,XRPUSDT,146,23.035205183585315,2.5317056387835972,2.1849901434792507,0.6986301369863014,3.696290232624052,-0.22706121597841977,4.68280536659271,6.5325618363867965,4,5.302521583900868,-3.891549506715534,2020-03,2021-12,0.14657953597050727,XRPUSDT,XRPUSDT,1.0000000000000002,0.8478260869565217,1.0,full_available,2020-01-01T00:00:00+00:00,2026-05-04T00:00:00+00:00
next_open,pure_horizon_6,base,6,4.0,5.0,LTCUSDT,137,21.61522678185745,1.6135762255229884,1.3807614082800426,0.6277372262773723,2.210599428966494,-0.35447751077277934,2.888113200945903,6.53936469548099,3,4.717752812604363,-3.62091762720247,2021-05,2025-02,0.15500653352063146,LTCUSDT,LTCUSDT,1.0,0.7441860465116279,1.0,full_available,2020-01-01T00:00:00+00:00,2026-05-04T00:00:00+00:00
next_open,pure_horizon_6,base,6,4.0,5.0,ETHUSDT,111,17.51306695464363,1.9764883507065334,1.4374851141189107,0.6486486486486487,2.193902069284252,-0.20996121553275082,2.892616055266679,7.198880360107528,4,4.917121323946852,-3.4523725229679023,2020-03,2024-04,0.37102457884588846,ETHUSDT,ETHUSDT,1.0000000000000002,0.7333333333333333,1.0,full_available,2020-01-01T00:00:00+00:00,2026-05-04T00:00:00+00:00
next_open,pure_horizon_6,base,6,4.0,5.0,BNBUSDT,104,16.408639308855292,2.5582825573312467,1.650604166567062,0.6538461538461539,2.6606138596244966,-0.3416751593165688,3.526099582910573,7.398958749967279,4,6.048891604814571,-4.035090087915029,2020-03,2021-06,0.30021376807954586,BNBUSDT,BNBUSDT,1.0000000000000004,0.8275862068965517,1.0,full_available,2020-01-01T00:00:00+00:00,2026-05-04T00:00:00+00:00
next_open,pure_horizon_6,base,6,4.0,5.0,BTCUSDT,58,9.150971922246221,1.6011488220164884,0.9385338010344604,0.6551724137931034,0.9286663167695632,-0.32921390041001336,1.5702757849051143,7.765506068690785,3,4.698764920256359,-4.284321764639262,2020-03,2021-06,0.400357616890962,BTCUSDT,BTCUSDT,1.0000000000000004,0.7727272727272727,1.0,full_available,2020-01-01T00:00:00+00:00,2026-05-04T00:00:00+00:00
next_open,pure_horizon_6,base,6,4.0,5.0,LINKUSDT,162,25.559611231101513,2.420485595495608,1.6613548994078096,0.6604938271604939,3.9211866647028852,-0.36801258648334856,3.7976022246163987,8.11242204631355,4,6.141949871337935,-4.819453995688554,2020-03,2025-02,0.20708031813650443,LINKUSDT,LINKUSDT,1.0000000000000002,0.8,1.0,full_available,2020-01-01T00:00:00+00:00,2026-05-04T00:00:00+00:00
next_open,pure_horizon_6,base,6,4.0,5.0,AVAXUSDT,150,23.666306695464364,2.4576425827855375,1.4121385363853125,0.6933333333333334,3.6864638741783065,-0.4442093690956782,4.110684325238732,7.3223456505757305,3,5.572789050995752,-4.585297258385381,2022-05,2025-02,0.2213419216265058,AVAXUSDT,AVAXUSDT,1.0000000000000002,0.7631578947368421,1.0,full_available,2020-01-01T00:00:00+00:00,2026-05-04T00:00:00+00:00
next_open,pure_horizon_6,base,6,4.0,5.0,SOLUSDT,117,18.459719222462205,2.4772314124400556,1.734312185068578,0.6410256410256411,2.898360752554865,-0.35390780471789607,3.345631340044077,8.009057757055531,3,6.566885602261216,-4.825722497954876,2021-05,2021-06,0.23967399613915247,SOLUSDT,SOLUSDT,1.0,0.7948717948717948,1.0,full_available,2020-01-01T00:00:00+00:00,2026-05-04T00:00:00+00:00
next_close,pure_horizon_6,stress,6,8.0,10.0,ADAUSDT,149,23.5085313174946,2.0894601466647544,0.8328911159139852,0.5973154362416108,3.1132956185304836,-0.33333741731808786,3.259105490493607,7.825801147436792,4,5.788936888154508,-3.3980970198783815,2021-05,2025-02,0.2560420049196113,ADAUSDT,ADAUSDT,1.0,0.6521739130434783,1.0,full_available,2020-01-01T00:00:00+00:00,2026-05-04T00:00:00+00:00
next_close,pure_horizon_6,stress,6,8.0,10.0,XRPUSDT,146,23.035205183585315,1.9084041634022122,0.7408714879229051,0.6232876712328768,2.78627007856723,-0.22580814479638,3.7309681454194945,6.1805232164466855,3,4.804397419585531,-2.8831483150101875,2020-03,2022-02,0.20014639024704856,XRPUSDT,XRPUSDT,0.9999999999999999,0.7391304347826086,1.0,full_available,2020-01-01T00:00:00+00:00,2026-05-04T00:00:00+00:00
next_close,pure_horizon_6,stress,6,8.0,10.0,LTCUSDT,137,21.61522678185745,0.8398257417008547,0.390748249016264,0.5766423357664233,1.150561266130171,-0.35266103256859105,1.5648134969746426,6.281840170033584,5,3.9893203129204546,-3.4500030708223925,2021-05,2025-02,0.26030714942232747,LTCUSDT,LTCUSDT,0.9999999999999998,0.7209302325581395,1.0,full_available,2020-01-01T00:00:00+00:00,2026-05-04T00:00:00+00:00
next_close,pure_horizon_6,stress,6,8.0,10.0,ETHUSDT,111,17.51306695464363,1.5682520156061353,0.1957890653925755,0.5675675675675675,1.7407597373228103,-0.22024202970502116,2.421755995112529,6.822553662294915,5,4.822593402131642,-2.7030710542085905,2020-03,2022-11,0.4418219532678026,ETHUSDT,ETHUSDT,0.9999999999999999,0.6,1.0,full_available,2020-01-01T00:00:00+00:00,2026-05-04T00:00:00+00:00
next_close,pure_horizon_6,stress,6,8.0,10.0,BNBUSDT,104,16.408639308855292,2.0510903526800184,1.3918963845583154,0.6442307692307693,2.133133966787219,-0.3528681202456627,2.91077267078846,7.18609861732991,4,5.484924713052241,-4.166934029615625,2020-03,2021-06,0.35564473892979037,BNBUSDT,BNBUSDT,0.9999999999999998,0.7931034482758621,1.0,full_available,2020-01-01T00:00:00+00:00,2026-05-04T00:00:00+00:00
next_close,pure_horizon_6,stress,6,8.0,10.0,BTCUSDT,58,9.150971922246221,1.0836009252906547,0.3595674220870194,0.5689655172413793,0.6284885366685797,-0.25719398638810226,1.190892296025379,6.929643269891426,3,4.277926108947785,-3.1329083171367573,2020-03,2021-01,0.5022223581588047,BTCUSDT,BTCUSDT,1.0,0.6363636363636364,1.0,full_available,2020-01-01T00:00:00+00:00,2026-05-04T00:00:00+00:00
next_close,pure_horizon_6,stress,6,8.0,10.0,LINKUSDT,162,25.559611231101513,2.0543411603497765,1.0933874053279657,0.6172839506172839,3.328032679766638,-0.33849183394724847,3.3542208507212896,7.795400285210401,5,5.750834484046989,-3.9077448456134722,2020-03,2025-02,0.20031833905424806,LINKUSDT,LINKUSDT,1.0,0.6666666666666666,1.0,full_available,2020-01-01T00:00:00+00:00,2026-05-04T00:00:00+00:00
next_close,pure_horizon_6,stress,6,8.0,10.0,AVAXUSDT,150,23.666306695464364,1.883756735698185,0.8021869664523275,0.6333333333333333,2.8256351035472775,-0.4223966184285186,3.382671373234493,6.820412468237065,6,5.169676615524553,-3.791923056729178,2022-05,2025-02,0.2665667665487409,AVAXUSDT,AVAXUSDT,1.0,0.6578947368421053,1.0,full_available,2020-01-01T00:00:00+00:00,2026-05-04T00:00:00+00:00
next_close,pure_horizon_6,stress,6,8.0,10.0,SOLUSDT,117,18.459719222462205,1.3522136784222327,0.7588009888535298,0.5982905982905983,1.5820900037540124,-0.35180091906941896,2.102654828225206,6.95617134227931,3,5.386120814814506,-4.655733120459875,2021-05,2021-06,0.27864762961224904,SOLUSDT,SOLUSDT,0.9999999999999996,0.7692307692307693,1.0,full_available,2020-01-01T00:00:00+00:00,2026-05-04T00:00:00+00:00
next_open,pure_horizon_6,stress,6,8.0,10.0,ADAUSDT,149,23.5085313174946,2.425892393620395,1.5601098022212592,0.697986577181208,3.614579666494389,-0.4343584137764196,3.516547445957229,8.420699812981528,5,5.716964119110191,-5.180140038622691,2021-05,2025-02,0.2510751079945677,ADAUSDT,ADAUSDT,1.0,0.7608695652173914,1.0,full_available,2020-01-01T00:00:00+00:00,2026-05-04T00:00:00+00:00
next_open,pure_horizon_6,stress,6,8.0,10.0,XRPUSDT,146,23.035205183585315,2.349145162102918,2.0027762091959493,0.678082191780822,3.42975193667026,-0.22863456847287011,4.349477088266736,6.526032535935984,5,5.274100109425205,-3.8119301524695586,2020-03,2021-12,0.15046416817504216,XRPUSDT,XRPUSDT,1.0,0.8043478260869565,1.0,full_available,2020-01-01T00:00:00+00:00,2026-05-04T00:00:00+00:00
next_open,pure_horizon_6,stress,6,8.0,10.0,LTCUSDT,137,21.61522678185745,1.431933419878885,1.199351301220224,0.5985401459854015,1.9617487852340725,-0.3559235105851004,2.565558046813732,6.532828595567415,4,4.7579819935518595,-3.526902635415368,2021-05,2025-02,0.14971680419306074,LTCUSDT,LTCUSDT,0.9999999999999999,0.7209302325581395,1.0,full_available,2020-01-01T00:00:00+00:00,2026-05-04T00:00:00+00:00
next_open,pure_horizon_6,stress,6,8.0,10.0,ETHUSDT,111,17.51306695464363,1.7944828141213502,1.2560183116726176,0.6396396396396397,1.9918759236746986,-0.21155165949046095,2.628876181456064,7.191685073792936,4,4.800171048374644,-3.5406138016782425,2020-03,2024-04,0.3919785316446229,ETHUSDT,ETHUSDT,1.0000000000000004,0.6666666666666666,1.0,full_available,2020-01-01T00:00:00+00:00,2026-05-04T00:00:00+00:00
next_open,pure_horizon_6,stress,6,8.0,10.0,BNBUSDT,104,16.408639308855292,2.3756955170005623,1.4689243514681194,0.6346153846153846,2.4707233376805844,-0.3539357571886155,3.277714606354764,7.391563485152089,4,6.043139117960104,-3.994074947823905,2020-03,2021-06,0.30984818902764544,BNBUSDT,BNBUSDT,1.0,0.7931034482758621,1.0,full_available,2020-01-01T00:00:00+00:00,2026-05-04T00:00:00+00:00
next_open,pure_horizon_6,stress,6,8.0,10.0,BTCUSDT,58,9.150971922246221,1.4195184375715044,0.757565700799483,0.6206896551724138,0.8233206937914725,-0.3342857519197742,1.3935404065403794,7.757744439555844,3,4.774345645194946,-4.070198811266856,2020-03,2021-06,0.42051999684589253,BTCUSDT,BTCUSDT,0.9999999999999999,0.7727272727272727,1.0,full_available,2020-01-01T00:00:00+00:00,2026-05-04T00:00:00+00:00
next_open,pure_horizon_6,stress,6,8.0,10.0,LINKUSDT,162,25.559611231101513,2.2380362833315397,1.4796643389433584,0.6481481481481481,3.625618778997094,-0.3766462593772545,3.514862890206091,8.104313674399007,4,6.071066179056262,-4.82280826142453,2020-03,2025-02,0.21380708426935466,LINKUSDT,LINKUSDT,1.0,0.8,1.0,full_available,2020-01-01T00:00:00+00:00,2026-05-04T00:00:00+00:00
next_open,pure_horizon_6,stress,6,8.0,10.0,AVAXUSDT,150,23.666306695464364,2.275156132184827,1.2306970678624563,0.6866666666666666,3.4127341982772403,-0.44956710696567526,3.8092625215366582,7.315026960610793,4,5.439880964999649,-4.6603046716434005,2022-05,2025-02,0.23199859284160904,AVAXUSDT,AVAXUSDT,0.9999999999999999,0.7368421052631579,1.0,full_available,2020-01-01T00:00:00+00:00,2026-05-04T00:00:00+00:00
next_open,pure_horizon_6,stress,6,8.0,10.0,SOLUSDT,117,18.459719222462205,2.294725382789427,1.5525487037424448,0.6239316239316239,2.6848286978636295,-0.3626046706737298,3.1022480453120465,8.001052697825564,3,6.558316397860119,-4.7789597103960375,2021-05,2021-06,0.23769042642561983,SOLUSDT,SOLUSDT,1.0,0.7692307692307693,1.0,full_available,2020-01-01T00:00:00+00:00,2026-05-04T00:00:00+00:00
next_close,scaled_exit_6_12,base,12,4.0,5.0,ADAUSDT,149,23.5085313174946,2.675112633667899,1.5417379644987594,0.6308724832214765,3.9859178241651696,-0.2862525316492879,3.9562495589301765,8.253754131235626,4,6.3194927033867625,-3.5534642127607095,2021-05,2025-02,0.3403299463809671,ADAUSDT,ADAUSDT,0.9999999999999999,0.6304347826086957,1.0,full_available,2020-01-01T00:00:00+00:00,2026-05-04T00:00:00+00:00
next_close,scaled_exit_6_12,base,12,4.0,5.0,XRPUSDT,146,23.035205183585315,2.2658791002022536,1.0795341904385383,0.6506849315068494,3.3081834862952904,-0.17331231015117576,4.385255070158702,6.243358915348133,3,5.101658696314081,-3.0164554415746796,2021-05,2022-02,0.19116572979637178,XRPUSDT,XRPUSDT,1.0,0.8043478260869565,1.0,full_available,2020-01-01T00:00:00+00:00,2026-05-04T00:00:00+00:00
next_close,scaled_exit_6_12,base,12,4.0,5.0,LTCUSDT,137,21.61522678185745,1.0160325212467791,0.7609894059979384,0.5620437956204379,1.3919645541080874,-0.2779365611458093,1.9987852519219624,5.949791629335936,5,4.2074853683043685,-3.079665299143793,2021-05,2025-02,0.4027075414995552,LTCUSDT,LTCUSDT,1.0,0.6976744186046512,1.0,full_available,2020-01-01T00:00:00+00:00,2026-05-04T00:00:00+00:00
next_close,scaled_exit_6_12,base,12,4.0,5.0,ETHUSDT,111,17.51306695464363,1.8009811632261459,0.7268124059836922,0.5765765765765766,1.999089091181022,-0.1810710365926338,2.8412957657310263,6.678119954991294,4,4.946714116762196,-2.482570092652731,2020-03,2022-02,0.37832892968466114,ETHUSDT,ETHUSDT,1.0000000000000002,0.6666666666666666,1.0,full_available,2020-01-01T00:00:00+00:00,2026-05-04T00:00:00+00:00
next_close,scaled_exit_6_12,base,12,4.0,5.0,BNBUSDT,104,16.408639308855292,2.470797587141196,1.8711930553380267,0.625,2.569629490626844,-0.3316774438948885,3.4857804894224875,7.22859350966086,4,6.130575685768477,-3.628832577237606,2020-03,2021-01,0.32201999319101327,BNBUSDT,BNBUSDT,1.0000000000000002,0.7931034482758621,1.0,full_available,2020-01-01T00:00:00+00:00,2026-05-04T00:00:00+00:00
next_close,scaled_exit_6_12,base,12,4.0,5.0,BTCUSDT,58,9.150971922246221,1.7193220767058874,1.191066389831363,0.6896551724137931,0.9972068044894147,-0.19088767576176832,1.958038038002715,6.6872893059070515,3,3.9953663089158336,-3.3385539948717695,2020-03,2021-01,0.47272870692430685,BTCUSDT,BTCUSDT,1.0000000000000004,0.7272727272727273,1.0,full_available,2020-01-01T00:00:00+00:00,2026-05-04T00:00:00+00:00
next_close,scaled_exit_6_12,base,12,4.0,5.0,LINKUSDT,162,25.559611231101513,2.409177220069586,1.2954786630413297,0.6296296296296297,3.902867096512729,-0.3168331978519733,3.99520563712729,7.675154341014838,4,6.06138496033985,-3.799575938389863,2020-03,2025-02,0.20494787298152253,LINKUSDT,LINKUSDT,1.0000000000000002,0.7333333333333333,1.0,full_available,2020-01-01T00:00:00+00:00,2026-05-04T00:00:00+00:00
next_close,scaled_exit_6_12,base,12,4.0,5.0,AVAXUSDT,150,23.666306695464364,2.3157949715140433,1.4038998651846182,0.6266666666666667,3.4736924572710652,-0.4930645863289952,3.8735358355214777,7.3221421847887,5,6.078259380753114,-3.999770286851539,2022-05,2025-02,0.2679181736005986,AVAXUSDT,AVAXUSDT,1.0000000000000002,0.6842105263157895,1.0,full_available,2020-01-01T00:00:00+00:00,2026-05-04T00:00:00+00:00
next_close,scaled_exit_6_12,base,12,4.0,5.0,SOLUSDT,117,18.459719222462205,2.1401517689296727,1.0852521449438515,0.6068376068376068,2.5039775696477173,-0.2975811323889957,2.9218153036369294,7.922910387811859,4,6.473618017409723,-4.548459179811276,2021-05,2021-06,0.3363274398763363,SOLUSDT,SOLUSDT,1.0000000000000002,0.7948717948717948,1.0,full_available,2020-01-01T00:00:00+00:00,2026-05-04T00:00:00+00:00
next_open,scaled_exit_6_12,base,12,4.0,5.0,ADAUSDT,149,23.5085313174946,2.9996116175598093,1.8949488454779526,0.6711409395973155,4.469421310164115,-0.3263769629916285,4.2249999170871995,8.66625485299129,5,6.595870589655204,-4.339692407124674,2021-05,2025-02,0.3241427848481485,ADAUSDT,ADAUSDT,1.0,0.7608695652173914,1.0,full_available,2020-01-01T00:00:00+00:00,2026-05-04T00:00:00+00:00
next_open,scaled_exit_6_12,base,12,4.0,5.0,XRPUSDT,146,23.035205183585315,2.711370535680059,2.166240441884373,0.7191780821917808,3.9586009820928862,-0.2517820265362697,4.932913758698444,6.641432718401323,3,5.427314596486623,-4.244095961507482,2021-05,2020-11,0.16285766746957528,XRPUSDT,XRPUSDT,1.0000000000000002,0.8695652173913043,1.0,full_available,2020-01-01T00:00:00+00:00,2026-05-04T00:00:00+00:00
next_open,scaled_exit_6_12,base,12,4.0,5.0,LTCUSDT,137,21.61522678185745,1.608148517319512,1.4060416965278735,0.6423357664233577,2.2031634687277317,-0.28157068730644763,3.041078261713533,6.18954666312586,4,4.547536827075193,-3.67075293693559,2021-05,2025-02,0.24867786463130162,LTCUSDT,LTCUSDT,1.0,0.7209302325581395,1.0,full_available,2020-01-01T00:00:00+00:00,2026-05-04T00:00:00+00:00
next_open,scaled_exit_6_12,base,12,4.0,5.0,ETHUSDT,111,17.51306695464363,2.0308726580057344,1.5415332768472645,0.6486486486486487,2.254268650386365,-0.2671188435049911,3.0192231128818494,7.086780387177513,3,5.072533043333354,-3.5845003610606434,2020-03,2022-02,0.34457572225151945,ETHUSDT,ETHUSDT,1.0,0.6,1.0,full_available,2020-01-01T00:00:00+00:00,2026-05-04T00:00:00+00:00
next_open,scaled_exit_6_12,base,12,4.0,5.0,BNBUSDT,104,16.408639308855292,2.8209485175161255,2.0864369285249893,0.6538461538461539,2.9337864582167703,-0.4870849515773018,3.691393230815382,7.793302223983383,4,6.416204789472432,-3.970091107290234,2020-03,2021-09,0.2927225091244465,BNBUSDT,BNBUSDT,1.0000000000000002,0.8275862068965517,1.0,full_available,2020-01-01T00:00:00+00:00,2026-05-04T00:00:00+00:00
next_open,scaled_exit_6_12,base,12,4.0,5.0,BTCUSDT,58,9.150971922246221,2.0516624908371126,1.230343522332086,0.6896551724137931,1.1899642446855252,-0.2850195030991758,2.1004227785983067,7.438976657096721,3,4.652104454163614,-3.7270974276662225,2020-03,2021-12,0.4227880174674229,BTCUSDT,BTCUSDT,1.0000000000000002,0.7727272727272727,1.0,full_available,2020-01-01T00:00:00+00:00,2026-05-04T00:00:00+00:00
next_open,scaled_exit_6_12,base,12,4.0,5.0,LINKUSDT,162,25.559611231101513,2.5962352442685055,1.532605252563215,0.6358024691358025,4.205901095714979,-0.42753432660642643,4.119230809579171,8.022051050199789,5,6.511195839977679,-4.238356982139035,2020-03,2025-02,0.21860288081584842,LINKUSDT,LINKUSDT,1.0000000000000002,0.8222222222222222,1.0,full_available,2020-01-01T00:00:00+00:00,2026-05-04T00:00:00+00:00
next_open,scaled_exit_6_12,base,12,4.0,5.0,AVAXUSDT,150,23.666306695464364,2.701486048921174,1.9222849731082312,0.66,4.052229073381761,-0.5055457403187393,4.311320371154111,7.674287454231655,5,6.446791358135062,-4.568812492494024,2022-05,2025-02,0.24071254732126832,AVAXUSDT,AVAXUSDT,1.0,0.7631578947368421,1.0,full_available,2020-01-01T00:00:00+00:00,2026-05-04T00:00:00+00:00
next_open,scaled_exit_6_12,base,12,4.0,5.0,SOLUSDT,117,18.459719222462205,3.0791839996532744,2.02875488280976,0.6837606837606838,3.602645279594331,-0.3558477913935958,3.8360752526839415,8.682433267885289,3,6.9984604874093606,-5.394927325224752,2021-05,2021-06,0.28307764881399744,SOLUSDT,SOLUSDT,1.0000000000000002,0.8461538461538461,1.0,full_available,2020-01-01T00:00:00+00:00,2026-05-04T00:00:00+00:00
next_close,scaled_exit_6_12,stress,12,8.0,10.0,ADAUSDT,149,23.5085313174946,2.492408821588366,1.3601669612503797,0.610738255033557,3.7136891441666653,-0.29072130471275326,3.689735043622228,8.245504497796293,5,6.337074110483865,-3.5397384420235363,2021-05,2025-02,0.3498844378551476,ADAUSDT,ADAUSDT,0.9999999999999999,0.6086956521739131,1.0,full_available,2020-01-01T00:00:00+00:00,2026-05-04T00:00:00+00:00
next_close,scaled_exit_6_12,stress,12,8.0,10.0,XRPUSDT,146,23.035205183585315,2.0835843173460895,0.8984251602087036,0.6164383561643836,3.0420331033252905,-0.17853998541722893,4.036486463467223,6.237118673433622,3,5.193188737485447,-2.913994215020737,2021-05,2022-02,0.19288800818388196,XRPUSDT,XRPUSDT,0.9999999999999999,0.717391304347826,1.0,full_available,2020-01-01T00:00:00+00:00,2026-05-04T00:00:00+00:00
next_close,scaled_exit_6_12,stress,12,8.0,10.0,LTCUSDT,137,21.61522678185745,0.8349869609828833,0.5801987615188565,0.5474452554744526,1.14393213654655,-0.2794590636946404,1.6442676622844938,5.943844808143785,5,4.13199955857496,-3.153334729652694,2021-05,2025-02,0.4470424624730865,LTCUSDT,LTCUSDT,1.0,0.6511627906976745,1.0,full_available,2020-01-01T00:00:00+00:00,2026-05-04T00:00:00+00:00
next_close,scaled_exit_6_12,stress,12,8.0,10.0,ETHUSDT,111,17.51306695464363,1.6191510462063712,0.5460559214417172,0.5675675675675675,1.7972576612890723,-0.18966429013877706,2.5569894324293307,6.671445169091859,5,4.839819886751975,-2.607976807009732,2020-03,2022-02,0.40236406267213415,ETHUSDT,ETHUSDT,1.0,0.6666666666666666,1.0,full_available,2020-01-01T00:00:00+00:00,2026-05-04T00:00:00+00:00
next_close,scaled_exit_6_12,stress,12,8.0,10.0,BNBUSDT,104,16.408639308855292,2.288297988103777,1.6892927614794737,0.5961538461538461,2.3798299076279283,-0.33854713344106524,3.2315415156592198,7.221368525031023,4,6.237020267637727,-3.540768234065386,2020-03,2021-01,0.33373797147211004,BNBUSDT,BNBUSDT,0.9999999999999998,0.7241379310344828,1.0,full_available,2020-01-01T00:00:00+00:00,2026-05-04T00:00:00+00:00
next_close,scaled_exit_6_12,stress,12,8.0,10.0,BTCUSDT,58,9.150971922246221,1.5375735780042836,1.009845883084658,0.6551724137931034,0.8917926752424845,-0.20149868548664873,1.7528069510163318,6.680605355234502,3,4.017048425778659,-3.173428632767032,2020-03,2021-01,0.4998167374151268,BTCUSDT,BTCUSDT,0.9999999999999999,0.6818181818181818,1.0,full_available,2020-01-01T00:00:00+00:00,2026-05-04T00:00:00+00:00
next_close,scaled_exit_6_12,stress,12,8.0,10.0,LINKUSDT,162,25.559611231101513,2.2267392106352313,1.114153796149302,0.6049382716049383,3.6073175212290747,-0.32551802458316886,3.6963581211140935,7.66748301849942,4,6.1194601722900455,-3.733989761898704,2020-03,2025-02,0.2115363600521472,LINKUSDT,LINKUSDT,1.0,0.6666666666666666,1.0,full_available,2020-01-01T00:00:00+00:00,2026-05-04T00:00:00+00:00
next_close,scaled_exit_6_12,stress,12,8.0,10.0,AVAXUSDT,150,23.666306695464364,2.133450297707098,1.2224666312197918,0.62,3.2001754465606465,-0.49617236860541913,3.5721056559885422,7.314823698187968,5,5.955831930679543,-4.1030671034584705,2022-05,2025-02,0.28321298275164275,AVAXUSDT,AVAXUSDT,0.9999999999999999,0.6842105263157895,1.0,full_available,2020-01-01T00:00:00+00:00,2026-05-04T00:00:00+00:00
next_close,scaled_exit_6_12,stress,12,8.0,10.0,SOLUSDT,117,18.459719222462205,1.957982650635332,0.9041373996142067,0.5982905982905983,2.290839701243338,-0.3008843005241232,2.6757856542785396,7.914991432942002,4,6.377392051507935,-4.624116457047268,2021-05,2021-06,0.3428896916329031,SOLUSDT,SOLUSDT,1.0000000000000002,0.7692307692307693,1.0,full_available,2020-01-01T00:00:00+00:00,2026-05-04T00:00:00+00:00
next_open,scaled_exit_6_12,stress,12,8.0,10.0,ADAUSDT,149,23.5085313174946,2.816583468502703,1.71302480768935,0.6644295302013423,4.196709368069027,-0.3314516500224651,3.9711710926327712,8.657592924771446,5,6.474404331484673,-4.425901840201599,2021-05,2025-02,0.33156295322323487,ADAUSDT,ADAUSDT,1.0,0.7608695652173914,1.0,full_available,2020-01-01T00:00:00+00:00,2026-05-04T00:00:00+00:00
next_open,scaled_exit_6_12,stress,12,8.0,10.0,XRPUSDT,146,23.035205183585315,2.528630483800294,1.9840452479418562,0.7054794520547946,3.6918005063484296,-0.256931271261993,4.605049624210166,6.634794601422351,3,5.3451704019675095,-4.217965134135129,2021-05,2020-11,0.16226138057722614,XRPUSDT,XRPUSDT,0.9999999999999998,0.8695652173913043,1.0,full_available,2020-01-01T00:00:00+00:00,2026-05-04T00:00:00+00:00
next_open,scaled_exit_6_12,stress,12,8.0,10.0,LTCUSDT,137,21.61522678185745,1.4265111366738257,1.2246063218010295,0.6131386861313869,1.954320257243141,-0.2830895575434579,2.700293079521838,6.183360206597769,4,4.573939052743157,-3.561865183134171,2021-05,2025-02,0.25518963490287183,LTCUSDT,LTCUSDT,0.9999999999999998,0.6976744186046512,1.0,full_available,2020-01-01T00:00:00+00:00,2026-05-04T00:00:00+00:00
next_open,scaled_exit_6_12,stress,12,8.0,10.0,ETHUSDT,111,17.51306695464363,1.848812764264652,1.3599624781843445,0.6486486486486487,2.0521821683337635,-0.27225275907066093,2.75131135408264,7.07969714486987,3,4.887433007757792,-3.760947685261144,2020-03,2022-02,0.36233842934748184,ETHUSDT,ETHUSDT,1.0000000000000002,0.6,1.0,full_available,2020-01-01T00:00:00+00:00,2026-05-04T00:00:00+00:00
next_open,scaled_exit_6_12,stress,12,8.0,10.0,BNBUSDT,104,16.408639308855292,2.6380989423614016,1.9043214982538685,0.6346153846153846,2.7436229000558576,-0.4937993112030911,3.4555766099749476,7.785512812570401,4,6.421779803814176,-3.933557290688155,2020-03,2021-09,0.30088740343434445,BNBUSDT,BNBUSDT,1.0,0.7931034482758621,1.0,full_available,2020-01-01T00:00:00+00:00,2026-05-04T00:00:00+00:00
next_open,scaled_exit_6_12,stress,12,8.0,10.0,BTCUSDT,58,9.150971922246221,1.8695818176425378,1.0490837580620072,0.6379310344827587,1.084357454232672,-0.290135526942167,1.9159297069693717,7.431541394353366,3,4.839450275448538,-3.363043560396606,2020-03,2021-12,0.4402566383022772,BTCUSDT,BTCUSDT,0.9999999999999998,0.7727272727272727,1.0,full_available,2020-01-01T00:00:00+00:00,2026-05-04T00:00:00+00:00
next_open,scaled_exit_6_12,stress,12,8.0,10.0,LINKUSDT,162,25.559611231101513,2.4136102701987854,1.351043377467261,0.6234567901234568,3.9100486377220323,-0.4361085074764752,3.83330632524507,8.014033004163583,5,6.452418157375369,-4.2735962315198215,2020-03,2025-02,0.22569978218750908,LINKUSDT,LINKUSDT,1.0000000000000002,0.8222222222222222,1.0,full_available,2020-01-01T00:00:00+00:00,2026-05-04T00:00:00+00:00
next_open,scaled_exit_6_12,stress,12,8.0,10.0,AVAXUSDT,150,23.666306695464364,2.5187558765933318,1.7403336128395723,0.6533333333333333,3.778133814889997,-0.5086410476723976,4.023721731346902,7.666616998170225,5,6.324816030927742,-4.654203645036906,2022-05,2025-02,0.2517230964352939,AVAXUSDT,AVAXUSDT,0.9999999999999999,0.7631578947368421,1.0,full_available,2020-01-01T00:00:00+00:00,2026-05-04T00:00:00+00:00
next_open,scaled_exit_6_12,stress,12,8.0,10.0,SOLUSDT,117,18.459719222462205,2.896076317940638,1.8466971057865593,0.6837606837606838,3.388409291990546,-0.3608930223093596,3.611567812837409,8.673755169327633,3,6.811435485910203,-5.56956512631788,2021-05,2021-06,0.2842040740120102,SOLUSDT,SOLUSDT,1.0000000000000002,0.8205128205128205,1.0,full_available,2020-01-01T00:00:00+00:00,2026-05-04T00:00:00+00:00
next_close,pure_horizon_12,base,12,4.0,5.0,ADAUSDT,39,12.997034671532846,2.2315018759416136,1.7635149670821935,0.6923076923076923,0.8702857316172293,-0.35101636313352613,1.6132505061331837,8.638289401241426,3,5.503412240636271,-5.13029644462136,2025-10,2025-02,0.617849227449923,ADAUSDT,ADAUSDT,1.0000000000000002,0.75,1.0,last_3_years,2023-05-04T00:00:00+00:00,2026-05-04T00:00:00+00:00
next_close,pure_horizon_12,base,12,4.0,5.0,AVAXUSDT,47,15.66309306569343,1.5787931219880365,1.2360372824497559,0.6170212765957447,0.7420327673343772,-0.37309014358446724,1.820515145835455,5.9453832914264,3,4.932874364766191,-3.8250044358212083,2024-04,2025-02,0.6297578682541842,AVAXUSDT,AVAXUSDT,1.0000000000000002,0.6666666666666666,1.0,last_3_years,2023-05-04T00:00:00+00:00,2026-05-04T00:00:00+00:00
next_close,pure_horizon_12,base,12,4.0,5.0,LINKUSDT,39,12.997034671532846,1.8111874471959708,0.49594045704059125,0.5897435897435898,0.7063631044064286,-0.2628201041904552,1.6483953160910305,6.861741156414761,6,5.050430922577612,-2.8452250486651356,2025-10,2025-02,0.6055805296437292,LINKUSDT,LINKUSDT,1.0,0.6666666666666666,1.0,last_3_years,2023-05-04T00:00:00+00:00,2026-05-04T00:00:00+00:00
next_close,pure_horizon_12,base,12,4.0,5.0,SOLUSDT,34,11.330748175182482,2.4341149246685903,0.5053124450225455,0.6764705882352942,0.8275990743873207,-0.07662836106884086,2.7040103550847836,5.248946996662859,3,4.486003091306786,-1.8561966964840013,2024-08,2025-02,0.4669285430712118,SOLUSDT,SOLUSDT,1.0000000000000002,0.7647058823529411,1.0,last_3_years,2023-05-04T00:00:00+00:00,2026-05-04T00:00:00+00:00
next_close,pure_horizon_12,base,12,4.0,5.0,XRPUSDT,40,13.330291970802918,2.4059512358994786,1.588791395439184,0.8,0.9623804943597913,-0.11564416334471583,2.9836240286112683,5.1000298776121,1,3.893458177486796,-3.54407653044979,2025-10,2025-04,0.2929832062513728,XRPUSDT,XRPUSDT,1.0,0.8571428571428571,1.0,last_3_years,2023-05-04T00:00:00+00:00,2026-05-04T00:00:00+00:00
next_close,pure_horizon_12,base,12,4.0,5.0,BNBUSDT,13,4.3323448905109485,3.373783430891834,1.918165022918363,0.7692307692307693,0.4385918460159385,-0.025092826775782145,2.6554024628683184,4.580981347457068,2,4.9725214862017,-1.9553434201410476,2024-04,2023-06,0.35363684437384807,BNBUSDT,BNBUSDT,1.0000000000000002,0.8888888888888888,1.0,last_3_years,2023-05-04T00:00:00+00:00,2026-05-04T00:00:00+00:00
next_close,pure_horizon_12,base,12,4.0,5.0,LTCUSDT,35,11.664005474452553,0.6090786575668533,0.3241529038026237,0.6,0.2131775301483987,-0.15979069609831864,0.9672000050945443,3.725556155261274,2,2.719732606372532,-2.5569022656416656,2024-04,2025-02,0.6251933398800382,LTCUSDT,LTCUSDT,0.9999999999999998,0.7058823529411765,1.0,last_3_years,2023-05-04T00:00:00+00:00,2026-05-04T00:00:00+00:00
next_close,pure_horizon_12,base,12,4.0,5.0,BTCUSDT,9,2.9993156934306566,1.9931009239065753,1.6220634555655165,0.6666666666666666,0.1793790831515918,-0.008048989562405939,2.7618275926490474,2.1649804599079228,1,3.194759772504632,-0.4102167732895378,2024-04,2023-12,0.40747557204307133,BTCUSDT,BTCUSDT,1.0,0.8333333333333334,1.0,last_3_years,2023-05-04T00:00:00+00:00,2026-05-04T00:00:00+00:00
next_close,pure_horizon_12,base,12,4.0,5.0,ETHUSDT,19,6.331888686131387,1.671918496037973,1.1607245823226944,0.7894736842105263,0.31766451424721487,-0.04592294079433579,2.8362672157006195,2.5694771373175453,2,2.562169434387046,-1.6665225227710503,2025-10,2026-01,0.33284240264732123,ETHUSDT,ETHUSDT,1.0,0.7272727272727273,1.0,last_3_years,2023-05-04T00:00:00+00:00,2026-05-04T00:00:00+00:00
next_open,pure_horizon_12,base,12,4.0,5.0,ADAUSDT,39,12.997034671532846,2.7120178162504756,1.9286819392096886,0.6923076923076923,1.0576869483376854,-0.2970149790491988,1.9705001739140866,8.595049144534329,3,6.067619287771438,-4.838085494671689,2025-10,2025-02,0.3452365346581503,ADAUSDT,ADAUSDT,1.0,0.85,1.0,last_3_years,2023-05-04T00:00:00+00:00,2026-05-04T00:00:00+00:00
next_open,pure_horizon_12,base,12,4.0,5.0,AVAXUSDT,47,15.66309306569343,2.4802959012175703,2.421847414864655,0.7021276595744681,1.165739073572258,-0.44628225031926516,2.587923750092797,6.570538256750555,3,5.60190531016728,-4.877783419878179,2024-04,2025-02,0.41913954097741407,AVAXUSDT,AVAXUSDT,0.9999999999999994,0.8571428571428571,1.0,last_3_years,2023-05-04T00:00:00+00:00,2026-05-04T00:00:00+00:00
next_open,pure_horizon_12,base,12,4.0,5.0,LINKUSDT,39,12.997034671532846,2.3292431438548684,0.999257586703042,0.6410256410256411,0.9084048261033988,-0.27396072959309736,1.9951626015295156,7.290693380081212,5,5.572039399478321,-3.4614644554727216,2025-10,2025-02,0.3098114732500521,LINKUSDT,LINKUSDT,1.0000000000000002,0.7619047619047619,1.0,last_3_years,2023-05-04T00:00:00+00:00,2026-05-04T00:00:00+00:00
next_open,pure_horizon_12,base,12,4.0,5.0,SOLUSDT,34,11.330748175182482,3.640124298041753,2.7415930773996533,0.7647058823529411,1.2376422613341962,-0.056087848987642186,4.071226426010369,5.213512453528401,3,5.21616359408537,-1.4820034141000045,2024-08,2026-01,0.3544014726740602,SOLUSDT,SOLUSDT,0.9999999999999998,0.9411764705882353,1.0,last_3_years,2023-05-04T00:00:00+00:00,2026-05-04T00:00:00+00:00
next_open,pure_horizon_12,base,12,4.0,5.0,XRPUSDT,40,13.330291970802918,3.4723283254549764,2.604434848787598,0.9,1.3889313301819906,-0.08300642593750307,3.9294307698723587,5.588833057727002,1,4.464788219082303,-5.459810717190952,2023-08,2025-04,0.15920781713795037,XRPUSDT,XRPUSDT,1.0,0.9523809523809523,1.0,last_3_years,2023-05-04T00:00:00+00:00,2026-05-04T00:00:00+00:00
next_open,pure_horizon_12,base,12,4.0,5.0,BNBUSDT,13,4.3323448905109485,3.2788064434009176,3.3687733724791307,0.6153846153846154,0.4262448376421193,-0.025393519278984755,2.667047823570298,4.4325807169734555,2,5.777447543980707,-0.7190193175267456,2025-10,2025-02,0.3076441617325755,BNBUSDT,BNBUSDT,1.0,0.7777777777777778,1.0,last_3_years,2023-05-04T00:00:00+00:00,2026-05-04T00:00:00+00:00
next_open,pure_horizon_12,base,12,4.0,5.0,LTCUSDT,35,11.664005474452553,1.9677498810216236,1.2582566745420378,0.7142857142857143,0.6887124583575682,-0.1085468281816867,2.7402037447060437,4.248357558009809,4,3.690088530650346,-2.338096743050183,2023-08,2025-02,0.2250332349459972,LTCUSDT,LTCUSDT,1.0000000000000002,0.8235294117647058,1.0,last_3_years,2023-05-04T00:00:00+00:00,2026-05-04T00:00:00+00:00
next_open,pure_horizon_12,base,12,4.0,5.0,BTCUSDT,9,2.9993156934306566,2.639449327703775,0.9785512438674895,0.8888888888888888,0.23755043949333976,-0.00024234791047481052,2.5728031196816716,3.0777123684812104,1,2.9724098425476826,-0.02423479104748154,2023-08,2025-03,0.31803447846905225,BTCUSDT,BTCUSDT,1.0,0.8333333333333334,1.0,last_3_years,2023-05-04T00:00:00+00:00,2026-05-04T00:00:00+00:00
next_open,pure_horizon_12,base,12,4.0,5.0,ETHUSDT,19,6.331888686131387,1.9486186779995671,1.3914726725387985,0.6842105263157895,0.37023754881991777,-0.02473938070984405,2.4180457466264187,3.512684534089673,2,3.429390016711989,-1.2597192225440124,2023-08,2024-07,0.34743841959508037,ETHUSDT,ETHUSDT,1.0000000000000002,0.7272727272727273,1.0,last_3_years,2023-05-04T00:00:00+00:00,2026-05-04T00:00:00+00:00
next_close,pure_horizon_12,stress,12,8.0,10.0,ADAUSDT,39,12.997034671532846,2.04924145314686,1.581722297553561,0.6923076923076923,0.7992041667272753,-0.3542661227154813,1.4829686868825942,8.62965542451156,3,5.317881540980113,-5.305198744477957,2025-10,2025-02,0.6631180750639706,ADAUSDT,ADAUSDT,1.0000000000000004,0.7,1.0,last_3_years,2023-05-04T00:00:00+00:00,2026-05-04T00:00:00+00:00
next_close,pure_horizon_12,stress,12,8.0,10.0,AVAXUSDT,47,15.66309306569343,1.3971850820819818,1.0547718272621731,0.6170212765957447,0.6566769885785314,-0.3961211442560478,1.6127138117820803,5.939440876371293,3,4.747913918144509,-4.001211376018757,2024-04,2025-02,0.6917126860060132,AVAXUSDT,AVAXUSDT,1.0000000000000004,0.6666666666666666,1.0,last_3_years,2023-05-04T00:00:00+00:00,2026-05-04T00:00:00+00:00
next_close,pure_horizon_12,stress,12,8.0,10.0,LINKUSDT,39,12.997034671532846,1.629347128987723,0.31541472918462,0.5897435897435898,0.635445380305212,-0.28416101949906736,1.4843827086852979,6.854882840986902,6,4.865352978088308,-3.022411279094367,2025-10,2025-02,0.658326754618722,LINKUSDT,LINKUSDT,1.0000000000000002,0.6666666666666666,1.0,last_3_years,2023-05-04T00:00:00+00:00,2026-05-04T00:00:00+00:00
next_close,pure_horizon_12,stress,12,8.0,10.0,SOLUSDT,34,11.330748175182482,2.251651989979804,0.324777349857568,0.5882352941176471,0.7655616765931335,-0.08233183279097644,2.503818441068357,5.243700670206259,5,4.957780622715302,-1.6142460567851933,2024-08,2025-02,0.49485522006788996,SOLUSDT,SOLUSDT,1.0,0.5882352941176471,1.0,last_3_years,2023-05-04T00:00:00+00:00,2026-05-04T00:00:00+00:00
next_close,pure_horizon_12,stress,12,8.0,10.0,XRPUSDT,40,13.330291970802918,2.2235164508387157,1.4071733622513285,0.775,0.8894065803354863,-0.12272977831669235,2.760145122979265,5.09493239392759,3,3.8315734691635,-3.315346612279989,2025-10,2025-04,0.31063251315688495,XRPUSDT,XRPUSDT,1.0,0.7619047619047619,1.0,last_3_years,2023-05-04T00:00:00+00:00,2026-05-04T00:00:00+00:00
next_close,pure_horizon_12,stress,12,8.0,10.0,BNBUSDT,13,4.3323448905109485,3.19038129682692,1.7362177805430306,0.7692307692307693,0.41474956858749956,-0.026868046826590997,2.5135645234427195,4.576402653167417,2,4.787521412252451,-2.1334190879248474,2024-04,2023-06,0.3649108338006459,BNBUSDT,BNBUSDT,1.0,0.8888888888888888,1.0,last_3_years,2023-05-04T00:00:00+00:00,2026-05-04T00:00:00+00:00
next_close,pure_horizon_12,stress,12,8.0,10.0,LTCUSDT,35,11.664005474452553,0.42843984799466744,0.14379887773483996,0.5142857142857142,0.14995394679813362,-0.16863248692770128,0.6810312798480272,3.7218324590922487,5,2.97350073111947,-2.2663304988433586,2024-04,2025-02,0.8278705717879403,LTCUSDT,LTCUSDT,1.0,0.6470588235294118,1.0,last_3_years,2023-05-04T00:00:00+00:00,2026-05-04T00:00:00+00:00
next_close,pure_horizon_12,stress,12,8.0,10.0,BTCUSDT,9,2.9993156934306566,1.811078783042025,1.4404121669286107,0.6666666666666666,0.16299709047378225,-0.009841244941281645,2.5121114979499803,2.1628165603158505,1,3.011536572720409,-0.5898367963147421,2024-04,2023-12,0.4258906555634224,BTCUSDT,BTCUSDT,1.0,0.8333333333333334,1.0,last_3_years,2023-05-04T00:00:00+00:00,2026-05-04T00:00:00+00:00
next_close,pure_horizon_12,stress,12,8.0,10.0,ETHUSDT,19,6.331888686131387,1.490217377250771,0.9795344022353093,0.7368421052631579,0.2831413016776465,-0.04947764148054845,2.5305560483846565,2.5669089429932916,2,2.5599673233911546,-1.5050824719423026,2025-10,2026-01,0.3539774631280633,ETHUSDT,ETHUSDT,0.9999999999999998,0.6363636363636364,1.0,last_3_years,2023-05-04T00:00:00+00:00,2026-05-04T00:00:00+00:00
next_open,pure_horizon_12,stress,12,8.0,10.0,ADAUSDT,39,12.997034671532846,2.5292771174132938,1.746724185168596,0.6923076923076923,0.9864180757911845,-0.3003187130550135,1.8395629285904227,8.586458386473446,3,5.8815246627488635,-5.013279859591738,2025-10,2025-02,0.362509583207099,ADAUSDT,ADAUSDT,1.0000000000000004,0.8,1.0,last_3_years,2023-05-04T00:00:00+00:00,2026-05-04T00:00:00+00:00
next_open,pure_horizon_12,stress,12,8.0,10.0,AVAXUSDT,47,15.66309306569343,2.2977868086081124,2.239396741561111,0.6808510638297872,1.0799598000458128,-0.4710403957752911,2.399893708848044,6.56397099883913,3,5.589069623320414,-4.723616529444796,2024-04,2025-02,0.44030979146060517,AVAXUSDT,AVAXUSDT,1.0,0.7619047619047619,1.0,last_3_years,2023-05-04T00:00:00+00:00,2026-05-04T00:00:00+00:00
next_open,pure_horizon_12,stress,12,8.0,10.0,LINKUSDT,39,12.997034671532846,2.146885028589587,0.8182287929987809,0.6153846153846154,0.837285161149939,-0.2952905098382722,1.8407997721336768,7.2834063265843545,5,5.61807294023413,-3.4070156300416787,2025-10,2025-02,0.3250403263180188,LINKUSDT,LINKUSDT,1.0000000000000004,0.7619047619047619,1.0,last_3_years,2023-05-04T00:00:00+00:00,2026-05-04T00:00:00+00:00
next_open,pure_horizon_12,stress,12,8.0,10.0,SOLUSDT,34,11.330748175182482,3.4564559560805215,2.558822818066791,0.7352941176470589,1.1751950250673773,-0.06683359124039878,3.86967387287096,5.208301543924222,3,5.235603324684632,-1.4856200678197857,2024-08,2026-01,0.36673286238447905,SOLUSDT,SOLUSDT,1.0000000000000002,0.8823529411764706,1.0,last_3_years,2023-05-04T00:00:00+00:00,2026-05-04T00:00:00+00:00
next_open,pure_horizon_12,stress,12,8.0,10.0,XRPUSDT,40,13.330291970802918,3.2888276956940867,2.421801679207008,0.875,1.3155310782776346,-0.08472376130255066,3.725497482911236,5.583247014897664,1,4.405661615357991,-4.529009741953236,2023-08,2025-04,0.16518583999609174,XRPUSDT,XRPUSDT,1.0000000000000002,0.9523809523809523,1.0,last_3_years,2023-05-04T00:00:00+00:00,2026-05-04T00:00:00+00:00
next_open,pure_horizon_12,stress,12,8.0,10.0,BNBUSDT,13,4.3323448905109485,3.095499238906169,3.185376245971376,0.5384615384615384,0.402414901057802,-0.028968739137386623,2.5204612194319123,4.428150349225179,2,6.395787851784104,-0.7548374761180892,2025-10,2025-02,0.3165888451601588,BNBUSDT,BNBUSDT,0.9999999999999999,0.6666666666666666,1.0,last_3_years,2023-05-04T00:00:00+00:00,2026-05-04T00:00:00+00:00
next_open,pure_horizon_12,stress,12,8.0,10.0,LTCUSDT,35,11.664005474452553,1.7857530785434406,1.0769690110554109,0.6857142857142857,0.6250135774902041,-0.11563953694547718,2.489250843207595,4.244111321446961,4,3.658396885435855,-2.300015227403646,2023-08,2025-02,0.23907862319556356,LTCUSDT,LTCUSDT,0.9999999999999998,0.7647058823529411,1.0,last_3_years,2023-05-04T00:00:00+00:00,2026-05-04T00:00:00+00:00
next_open,pure_horizon_12,stress,12,8.0,10.0,BTCUSDT,9,2.9993156934306566,2.4567811611252814,0.7975431461684269,0.7777777777777778,0.22111030450127533,-0.0020424060335318406,2.3971432785982145,3.074636192662554,1,3.1919932981735726,-0.11646131854373783,2023-08,2025-03,0.33319757954484885,BTCUSDT,BTCUSDT,1.0,0.8333333333333334,1.0,last_3_years,2023-05-04T00:00:00+00:00,2026-05-04T00:00:00+00:00
next_open,pure_horizon_12,stress,12,8.0,10.0,ETHUSDT,19,6.331888686131387,1.7666409971731474,1.21005185956236,0.6842105263157895,0.335661789462898,-0.028315254380235633,2.194422518460681,3.509173603265525,2,3.245932303822871,-1.4384901672345878,2023-08,2024-07,0.3774807914885425,ETHUSDT,ETHUSDT,0.9999999999999999,0.7272727272727273,1.0,last_3_years,2023-05-04T00:00:00+00:00,2026-05-04T00:00:00+00:00
next_close,pure_horizon_6,base,6,4.0,5.0,ADAUSDT,39,12.997034671532846,1.7251900898650203,1.0344231245121096,0.6666666666666666,0.6728241350473579,-0.2478630864697292,1.4084051412709009,7.649651611142129,2,4.695191619267761,-4.2148129689404605,2025-10,2025-02,0.5517506781650694,ADAUSDT,ADAUSDT,1.0000000000000002,0.75,1.0,last_3_years,2023-05-04T00:00:00+00:00,2026-05-04T00:00:00+00:00
next_close,pure_horizon_6,base,6,4.0,5.0,AVAXUSDT,47,15.66309306569343,0.8769271356043082,0.8155319608471736,0.6808510638297872,0.4121557537340249,-0.2062855402482848,1.2150595521432843,4.947831191333443,2,3.136938235129996,-3.9444298767171584,2024-04,2025-02,0.5548686635180785,AVAXUSDT,AVAXUSDT,1.0000000000000002,0.7142857142857143,1.0,last_3_years,2023-05-04T00:00:00+00:00,2026-05-04T00:00:00+00:00
next_close,pure_horizon_6,base,6,4.0,5.0,LINKUSDT,39,12.997034671532846,1.1791997998946502,0.8012785721982187,0.6153846153846154,0.4598879219589136,-0.24968192769488817,1.1384282976679798,6.468655430595775,4,4.043849274705325,-3.404239359802429,2025-10,2025-02,0.5695324094165576,LINKUSDT,LINKUSDT,1.0000000000000002,0.7142857142857143,1.0,last_3_years,2023-05-04T00:00:00+00:00,2026-05-04T00:00:00+00:00
next_close,pure_horizon_6,base,6,4.0,5.0,SOLUSDT,34,11.330748175182482,1.3372520774338041,0.5302273970160054,0.6176470588235294,0.45466570632749337,-0.1207090119217532,1.6822257204435045,4.635199925930703,3,3.6423560687055963,-2.3863774469283237,2024-08,2025-02,0.4332146144363326,SOLUSDT,SOLUSDT,0.9999999999999998,0.7647058823529411,1.0,last_3_years,2023-05-04T00:00:00+00:00,2026-05-04T00:00:00+00:00
next_close,pure_horizon_6,base,6,4.0,5.0,XRPUSDT,40,13.330291970802918,1.534206746527859,0.883032486979354,0.675,0.6136826986111437,-0.11700940709629301,1.905762894364443,5.0914914284157335,2,3.596197163132611,-2.748388734112781,2025-10,2023-07,0.3866767575787271,XRPUSDT,XRPUSDT,1.0,0.8571428571428571,1.0,last_3_years,2023-05-04T00:00:00+00:00,2026-05-04T00:00:00+00:00
next_close,pure_horizon_6,base,6,4.0,5.0,BNBUSDT,13,4.3323448905109485,2.781736349762786,1.6298334890526032,0.7692307692307693,0.36162572546916216,-0.01196167431206627,2.529361866301961,3.965305707148819,2,3.93896533590421,-1.0756936040419585,2025-10,2023-06,0.3734459813910098,BNBUSDT,BNBUSDT,1.0000000000000002,0.8888888888888888,1.0,last_3_years,2023-05-04T00:00:00+00:00,2026-05-04T00:00:00+00:00
next_close,pure_horizon_6,base,6,4.0,5.0,LTCUSDT,35,11.664005474452553,0.4116564069789601,0.19507182013961627,0.5714285714285714,0.14407974244263602,-0.15455424775027696,0.6512493389802745,3.7395694723083914,2,2.4925897354154385,-2.36292136426968,2026-02,2025-02,0.5264037853829409,LTCUSDT,LTCUSDT,1.0,0.7647058823529411,1.0,last_3_years,2023-05-04T00:00:00+00:00,2026-05-04T00:00:00+00:00
next_close,pure_horizon_6,base,6,4.0,5.0,BTCUSDT,9,2.9993156934306566,1.8437011364195164,1.1555945028244443,0.8888888888888888,0.16593310227775648,-0.005432194500849618,2.3446461542740678,2.3590354558089164,1,2.1420662097325764,-0.5432194500849619,2026-02,2023-12,0.41629453336081745,BTCUSDT,BTCUSDT,1.0,1.0,1.0,last_3_years,2023-05-04T00:00:00+00:00,2026-05-04T00:00:00+00:00
next_close,pure_horizon_6,base,6,4.0,5.0,ETHUSDT,19,6.331888686131387,1.4725464254310567,0.37619510768211134,0.7368421052631579,0.2797838208319008,-0.034538204896616825,2.1208815581810128,3.0264212696681896,1,2.56194419370878,-1.5777673257465687,2025-10,2024-12,0.3660641489073698,ETHUSDT,ETHUSDT,1.0,0.6363636363636364,1.0,last_3_years,2023-05-04T00:00:00+00:00,2026-05-04T00:00:00+00:00
next_open,pure_horizon_6,base,6,4.0,5.0,ADAUSDT,39,12.997034671532846,2.2495588732535996,1.5596481606829382,0.7435897435897436,0.8773279605689037,-0.27859444305046965,1.7304527700208594,8.118390113923041,3,5.13938608972179,-6.1309400545041495,2025-10,2025-02,0.23981971475865696,ADAUSDT,ADAUSDT,1.0,0.85,1.0,last_3_years,2023-05-04T00:00:00+00:00,2026-05-04T00:00:00+00:00
next_open,pure_horizon_6,base,6,4.0,5.0,AVAXUSDT,47,15.66309306569343,1.7938625883876649,1.5095931010445176,0.7659574468085106,0.8431154165422025,-0.3264757586485372,2.0358246392470436,6.040845596168691,3,4.100334544035359,-5.7545910846411505,2024-04,2025-02,0.3036514007453519,AVAXUSDT,AVAXUSDT,1.0000000000000002,0.8571428571428571,1.0,last_3_years,2023-05-04T00:00:00+00:00,2026-05-04T00:00:00+00:00
next_open,pure_horizon_6,base,6,4.0,5.0,LINKUSDT,39,12.997034671532846,1.7298953361236682,1.286729027341629,0.6923076923076923,0.6746591810882306,-0.28096749556513767,1.4644328745485093,7.3770488899067495,2,4.777477892546928,-5.127165415828664,2025-10,2025-02,0.18281408924668427,LINKUSDT,LINKUSDT,1.0000000000000002,0.8571428571428571,1.0,last_3_years,2023-05-04T00:00:00+00:00,2026-05-04T00:00:00+00:00
next_open,pure_horizon_6,base,6,4.0,5.0,SOLUSDT,34,11.330748175182482,2.536440369243227,1.240392073077259,0.7058823529411765,0.8623897255426971,-0.05398561717324207,3.1324936801975025,4.721433875732005,3,4.334359102494357,-1.778564590559487,2024-08,2025-02,0.2845489270861901,SOLUSDT,SOLUSDT,1.0,0.8235294117647058,1.0,last_3_years,2023-05-04T00:00:00+00:00,2026-05-04T00:00:00+00:00
next_open,pure_horizon_6,base,6,4.0,5.0,XRPUSDT,40,13.330291970802918,2.6114882124095873,1.5472683225218797,0.825,1.044595284963835,-0.13364055196671362,2.7736213759145505,5.954850871577875,1,4.2395818809987755,-5.06381051093944,2023-08,2024-04,0.2033266963696017,XRPUSDT,XRPUSDT,1.0,0.9523809523809523,1.0,last_3_years,2023-05-04T00:00:00+00:00,2026-05-04T00:00:00+00:00
next_open,pure_horizon_6,base,6,4.0,5.0,BNBUSDT,13,4.3323448905109485,2.704700015694119,0.8561846728494384,0.6153846153846154,0.35161100204023554,-0.026295600227217088,2.289492400213531,4.259430863550316,2,4.927976471669266,-0.8525423138661137,2025-10,2024-07,0.33874142814735253,BNBUSDT,BNBUSDT,1.0,0.8888888888888888,1.0,last_3_years,2023-05-04T00:00:00+00:00,2026-05-04T00:00:00+00:00
next_open,pure_horizon_6,base,6,4.0,5.0,LTCUSDT,35,11.664005474452553,1.7757387610988478,1.490386605498997,0.6857142857142857,0.6215085663845967,-0.12382473993839804,2.358706735045577,4.453886542364181,3,3.715648410509256,-2.4567913830693153,2023-08,2025-02,0.2233449325521361,LTCUSDT,LTCUSDT,1.0,0.8823529411764706,1.0,last_3_years,2023-05-04T00:00:00+00:00,2026-05-04T00:00:00+00:00
next_open,pure_horizon_6,base,6,4.0,5.0,BTCUSDT,9,2.9993156934306566,2.5109484302660934,1.2101539721871026,0.8888888888888888,0.22598535872394843,-0.03948229795993005,1.9300969984385627,3.90283249851811,1,3.318345708548481,-3.9482297959930053,2026-02,2024-04,0.3935238232583658,BTCUSDT,BTCUSDT,1.0,0.8333333333333334,1.0,last_3_years,2023-05-04T00:00:00+00:00,2026-05-04T00:00:00+00:00
next_open,pure_horizon_6,base,6,4.0,5.0,ETHUSDT,19,6.331888686131387,1.7568550681834196,1.194204000699486,0.7368421052631579,0.3338024629548497,-0.07207251184912525,1.8841006198160204,4.064514187892245,1,3.1129251291661615,-2.0401411025682594,2023-08,2024-04,0.38176747786336107,ETHUSDT,ETHUSDT,1.0,0.6363636363636364,1.0,last_3_years,2023-05-04T00:00:00+00:00,2026-05-04T00:00:00+00:00
next_close,pure_horizon_6,stress,6,8.0,10.0,ADAUSDT,39,12.997034671532846,1.5434357260798675,0.8533591828264787,0.6153846153846154,0.6019399331711484,-0.2548165485289605,1.261285753929444,7.642005778624326,2,4.892006460391507,-3.814277448818757,2025-10,2025-02,0.6041448748001623,ADAUSDT,ADAUSDT,1.0000000000000002,0.7,1.0,last_3_years,2023-05-04T00:00:00+00:00,2026-05-04T00:00:00+00:00
next_close,pure_horizon_6,stress,6,8.0,10.0,AVAXUSDT,47,15.66309306569343,0.6960206112776057,0.6346868010436425,0.6595744680851063,0.3271296873004747,-0.23848476399577412,0.965362557310264,4.942885830349918,2,3.0512326714643248,-3.867202755334165,2024-04,2025-02,0.6598656130225485,AVAXUSDT,AVAXUSDT,0.9999999999999998,0.7142857142857143,1.0,last_3_years,2023-05-04T00:00:00+00:00,2026-05-04T00:00:00+00:00
next_close,pure_horizon_6,stress,6,8.0,10.0,LINKUSDT,39,12.997034671532846,0.9979911538134758,0.6204476586673381,0.5641025641025641,0.3892165499872556,-0.272836274970729,0.9644490108622883,6.462190004645444,4,4.222239204735554,-3.174565147379803,2025-10,2025-02,0.6491445037505142,LINKUSDT,LINKUSDT,0.9999999999999999,0.6666666666666666,1.0,last_3_years,2023-05-04T00:00:00+00:00,2026-05-04T00:00:00+00:00
next_close,pure_horizon_6,stress,6,8.0,10.0,SOLUSDT,34,11.330748175182482,1.1558854579827862,0.34966739933782087,0.5588235294117647,0.3930010557141473,-0.1331904656237068,1.455526384357854,4.630567040131227,3,3.836128880642262,-2.2390895440525505,2024-08,2025-02,0.48236450008347953,SOLUSDT,SOLUSDT,0.9999999999999999,0.7058823529411765,1.0,last_3_years,2023-05-04T00:00:00+00:00,2026-05-04T00:00:00+00:00
next_close,pure_horizon_6,stress,6,8.0,10.0,XRPUSDT,40,13.330291970802918,1.352643270737491,0.7021198603493751,0.625,0.5410573082949963,-0.11869275645619132,1.6819092138145206,5.086402478917591,3,3.6939167266948814,-2.5494791558581578,2025-10,2024-12,0.42815937076188954,XRPUSDT,XRPUSDT,1.0,0.7619047619047619,1.0,last_3_years,2023-05-04T00:00:00+00:00,2026-05-04T00:00:00+00:00
next_close,pure_horizon_6,stress,6,8.0,10.0,BNBUSDT,13,4.3323448905109485,2.5989259671991167,1.4481744342614222,0.7692307692307693,0.3378603757358852,-0.013750018959602772,2.365501371586755,3.9613423811230244,2,3.7549983021016935,-1.2546484824761386,2025-10,2023-06,0.38865786704581895,BNBUSDT,BNBUSDT,1.0,0.8888888888888888,1.0,last_3_years,2023-05-04T00:00:00+00:00,2026-05-04T00:00:00+00:00
next_close,pure_horizon_6,stress,6,8.0,10.0,LTCUSDT,35,11.664005474452553,0.23121492109417918,0.014846810711670735,0.5428571428571428,0.08092522238296271,-0.16340127241370725,0.3661529759683776,3.735831769818477,2,2.4374172346049643,-2.388650326199878,2026-02,2025-02,0.9140291868732184,LTCUSDT,LTCUSDT,1.0,0.7058823529411765,1.0,last_3_years,2023-05-04T00:00:00+00:00,2026-05-04T00:00:00+00:00
next_close,pure_horizon_6,stress,6,8.0,10.0,BTCUSDT,9,2.9993156934306566,1.661828320754525,0.9744094502553803,0.7777777777777778,0.14956454886790724,-0.008944060029921118,2.1154717837843227,2.3566775981030323,2,2.264408698540405,-0.4472030014960559,2026-02,2023-12,0.4493558198379505,BTCUSDT,BTCUSDT,1.0,0.8333333333333334,1.0,last_3_years,2023-05-04T00:00:00+00:00,2026-05-04T00:00:00+00:00
next_close,pure_horizon_6,stress,6,8.0,10.0,ETHUSDT,19,6.331888686131387,1.291044579177827,0.1957890653925755,0.7368421052631579,0.24529847004378713,-0.036303984284915616,1.861328183073005,3.0233963593412265,1,2.3793534935697864,-1.7562203811196597,2025-10,2024-12,0.3950923847591388,ETHUSDT,ETHUSDT,1.0,0.6363636363636364,1.0,last_3_years,2023-05-04T00:00:00+00:00,2026-05-04T00:00:00+00:00
next_open,pure_horizon_6,stress,6,8.0,10.0,ADAUSDT,39,12.997034671532846,2.0672804024764986,1.3780592561800686,0.7435897435897436,0.8062393569658344,-0.2981192915455954,1.591827741830017,8.11027577692045,3,4.954219234476262,-6.304842210322817,2025-10,2025-02,0.25177268090557603,ADAUSDT,ADAUSDT,1.0000000000000002,0.85,1.0,last_3_years,2023-05-04T00:00:00+00:00,2026-05-04T00:00:00+00:00
next_open,pure_horizon_6,stress,6,8.0,10.0,AVAXUSDT,47,15.66309306569343,1.6120395863887755,1.328054226611246,0.7659574468085106,0.7576586056027246,-0.3315503469330405,1.831307149145887,6.034807766468456,3,3.916206221588385,-5.92886940153722,2024-04,2025-02,0.3209297533383092,AVAXUSDT,AVAXUSDT,1.0000000000000002,0.8095238095238095,1.0,last_3_years,2023-05-04T00:00:00+00:00,2026-05-04T00:00:00+00:00
next_open,pure_horizon_6,stress,6,8.0,10.0,LINKUSDT,39,12.997034671532846,1.5481362694413536,1.1054129057170448,0.6666666666666666,0.603773145082128,-0.30409057289244684,1.3118770117364027,7.369675524013103,3,4.774459358146717,-4.904509907969369,2023-08,2025-02,0.19116715235747234,LINKUSDT,LINKUSDT,1.0000000000000004,0.8571428571428571,1.0,last_3_years,2023-05-04T00:00:00+00:00,2026-05-04T00:00:00+00:00
next_open,pure_horizon_6,stress,6,8.0,10.0,SOLUSDT,34,11.330748175182482,2.3538751601958996,1.0591222652731647,0.6764705882352942,0.8003175544666059,-0.05753225920837213,2.9099348615229843,4.716714799035084,3,4.338098047593088,-1.7949545134527698,2024-08,2025-02,0.297313983488747,SOLUSDT,SOLUSDT,0.9999999999999999,0.8235294117647058,1.0,last_3_years,2023-05-04T00:00:00+00:00,2026-05-04T00:00:00+00:00
next_open,pure_horizon_6,stress,6,8.0,10.0,XRPUSDT,40,13.330291970802918,2.4288479929867806,1.365691791676531,0.8,0.9715391971947123,-0.13890787918480135,2.582222947923817,5.948898993669313,1,4.186088197252936,-4.600112824077836,2023-08,2024-04,0.21469151236186548,XRPUSDT,XRPUSDT,1.0,0.8571428571428571,1.0,last_3_years,2023-05-04T00:00:00+00:00,2026-05-04T00:00:00+00:00
next_open,pure_horizon_6,stress,6,8.0,10.0,BNBUSDT,13,4.3323448905109485,2.5219666310040822,0.6752988806298089,0.5384615384615384,0.32785566203053074,-0.028069618105059764,2.1369469133432877,4.255173559210284,2,5.4269252775268635,-0.8671517899391625,2025-10,2024-07,0.35194013676391606,BNBUSDT,BNBUSDT,0.9999999999999998,0.7777777777777778,1.0,last_3_years,2023-05-04T00:00:00+00:00,2026-05-04T00:00:00+00:00
next_open,pure_horizon_6,stress,6,8.0,10.0,LTCUSDT,35,11.664005474452553,1.5939338738789184,1.308866927972434,0.6857142857142857,0.5578768558576215,-0.12910187806796375,2.119334302531952,4.449434879427453,3,3.531904582141019,-2.6343658532383927,2023-08,2025-02,0.2388898999896186,LTCUSDT,LTCUSDT,1.0,0.8823529411764706,1.0,last_3_years,2023-05-04T00:00:00+00:00,2026-05-04T00:00:00+00:00
next_open,pure_horizon_6,stress,6,8.0,10.0,BTCUSDT,9,2.9993156934306566,2.3284087004308827,1.0289143873875295,0.8888888888888888,0.20955678303877942,-0.0412431357235072,1.7915744085622918,3.898931614511157,1,3.134998984528582,-4.12431357235072,2026-02,2024-04,0.4153596678170152,BTCUSDT,BTCUSDT,1.0,0.8333333333333334,1.0,last_3_years,2023-05-04T00:00:00+00:00,2026-05-04T00:00:00+00:00
next_open,pure_horizon_6,stress,6,8.0,10.0,ETHUSDT,19,6.331888686131387,1.5750690552287079,1.0129803579083596,0.7368421052631579,0.2992631204934545,-0.07740137636944841,1.6908381981024951,4.0604517029156,1,2.9297837231692934,-2.21813201500493,2023-08,2024-04,0.41938763629646664,ETHUSDT,ETHUSDT,1.0,0.6363636363636364,1.0,last_3_years,2023-05-04T00:00:00+00:00,2026-05-04T00:00:00+00:00
next_close,scaled_exit_6_12,base,12,4.0,5.0,ADAUSDT,39,12.997034671532846,1.9783459829033172,1.6645657225295782,0.6410256410256411,0.7715549333322937,-0.2862525316492879,1.5854926045203577,7.792383684506864,3,5.34156925198841,-4.027409854748633,2025-10,2025-02,0.5890290506036728,ADAUSDT,ADAUSDT,1.0000000000000002,0.65,1.0,last_3_years,2023-05-04T00:00:00+00:00,2026-05-04T00:00:00+00:00
next_close,scaled_exit_6_12,base,12,4.0,5.0,AVAXUSDT,47,15.66309306569343,1.2278601287961726,1.2434520321054767,0.6382978723404256,0.5770942605342011,-0.28690470417653036,1.6299004137249125,5.164600775450332,3,3.9834606221987654,-3.6349642713260466,2024-04,2025-02,0.6030152555344012,AVAXUSDT,AVAXUSDT,1.0000000000000002,0.7142857142857143,1.0,last_3_years,2023-05-04T00:00:00+00:00,2026-05-04T00:00:00+00:00
next_close,scaled_exit_6_12,base,12,4.0,5.0,LINKUSDT,39,12.997034671532846,1.4951936235453105,0.5336707729657575,0.6923076923076923,0.5831255131826711,-0.2549429139934742,1.4415007809386082,6.477610910608438,3,3.85415653889858,-3.812472935999547,2025-10,2025-02,0.5913656696118669,LINKUSDT,LINKUSDT,1.0,0.7142857142857143,1.0,last_3_years,2023-05-04T00:00:00+00:00,2026-05-04T00:00:00+00:00
next_close,scaled_exit_6_12,base,12,4.0,5.0,SOLUSDT,34,11.330748175182482,1.8856835010511972,0.46675068924451285,0.6176470588235294,0.6411323903574071,-0.09475921008138155,2.3724734088986343,4.634542896157191,3,4.2569704906717085,-1.9448570206434743,2024-08,2025-02,0.4549742514097758,SOLUSDT,SOLUSDT,1.0,0.7647058823529411,1.0,last_3_years,2023-05-04T00:00:00+00:00,2026-05-04T00:00:00+00:00
next_close,scaled_exit_6_12,base,12,4.0,5.0,XRPUSDT,40,13.330291970802918,1.970078991213669,1.1808088485146497,0.725,0.7880315964854676,-0.09449122532709109,2.538350599571452,4.90864956459036,2,3.7513575761936986,-2.7260190964609543,2025-10,2025-04,0.32946531666259715,XRPUSDT,XRPUSDT,0.9999999999999999,0.8571428571428571,1.0,last_3_years,2023-05-04T00:00:00+00:00,2026-05-04T00:00:00+00:00
next_close,scaled_exit_6_12,base,12,4.0,5.0,BNBUSDT,13,4.3323448905109485,3.0777598903273105,1.8826648820986633,0.7692307692307693,0.4001087857425504,-0.01558669069122251,2.6743592224332837,4.149413065027533,2,4.455743411052955,-1.515518512091503,2025-10,2023-06,0.35162700067675773,BNBUSDT,BNBUSDT,1.0,0.8888888888888888,1.0,last_3_years,2023-05-04T00:00:00+00:00,2026-05-04T00:00:00+00:00
next_close,scaled_exit_6_12,base,12,4.0,5.0,LTCUSDT,35,11.664005474452553,0.5103675322729068,0.4994930529469999,0.6,0.17862863629551737,-0.15717247192429779,0.8425235098699871,3.583727936679316,2,2.4821044593931196,-2.447237858407415,2024-04,2025-02,0.46552149358889544,LTCUSDT,LTCUSDT,0.9999999999999999,0.7647058823529411,1.0,last_3_years,2023-05-04T00:00:00+00:00,2026-05-04T00:00:00+00:00
next_close,scaled_exit_6_12,base,12,4.0,5.0,BTCUSDT,9,2.9993156934306566,1.9184010301630459,1.5988725664787837,0.8888888888888888,0.17265609271467414,-0.003982800263298869,2.8150238880552325,2.044459769918733,1,2.2079861622246626,-0.39828002632988685,2026-02,2023-12,0.35258592523884663,BTCUSDT,BTCUSDT,1.0,0.8333333333333334,1.0,last_3_years,2023-05-04T00:00:00+00:00,2026-05-04T00:00:00+00:00
next_close,scaled_exit_6_12,base,12,4.0,5.0,ETHUSDT,19,6.331888686131387,1.5722324607345153,0.7609032173038678,0.7368421052631579,0.2987241675395579,-0.030256961418910322,2.594180623192797,2.6417599263621936,2,2.568914259634735,-1.2184765761861016,2025-10,2026-01,0.3484000777760224,ETHUSDT,ETHUSDT,0.9999999999999998,0.6363636363636364,1.0,last_3_years,2023-05-04T00:00:00+00:00,2026-05-04T00:00:00+00:00
next_open,scaled_exit_6_12,base,12,4.0,5.0,ADAUSDT,39,12.997034671532846,2.480788344752037,1.7661548446556117,0.6666666666666666,0.9675074544532944,-0.2723147930367734,1.9365492506868467,8.000064156350131,3,5.907362065821493,-4.372359097386875,2025-10,2025-02,0.2974409734010321,ADAUSDT,ADAUSDT,1.0000000000000002,0.8,1.0,last_3_years,2023-05-04T00:00:00+00:00,2026-05-04T00:00:00+00:00
next_open,scaled_exit_6_12,base,12,4.0,5.0,AVAXUSDT,47,15.66309306569343,2.1370792448026172,1.9603699523137805,0.6808510638297872,1.00442724505723,-0.36603291503611746,2.4223108611524,6.048388500013779,3,5.0613144027904315,-4.101289092238054,2024-04,2025-02,0.3706692152586552,AVAXUSDT,AVAXUSDT,1.0,0.8095238095238095,1.0,last_3_years,2023-05-04T00:00:00+00:00,2026-05-04T00:00:00+00:00
next_open,scaled_exit_6_12,base,12,4.0,5.0,LINKUSDT,39,12.997034671532846,2.0295692399892684,0.9825630500156304,0.6410256410256411,0.7915320035958148,-0.27382228898272276,1.7685591458807646,7.166656467704281,4,5.255507183259894,-3.7310342301368467,2025-10,2025-02,0.2556886135912965,LINKUSDT,LINKUSDT,1.0000000000000002,0.8571428571428571,1.0,last_3_years,2023-05-04T00:00:00+00:00,2026-05-04T00:00:00+00:00
next_open,scaled_exit_6_12,base,12,4.0,5.0,SOLUSDT,34,11.330748175182482,3.08828233364249,1.503157354893719,0.7647058823529411,1.0500159934384465,-0.05079333625860438,3.8646803478567016,4.659538203504134,3,4.456848651125224,-1.359558198176397,2024-08,2026-01,0.3257161393103674,SOLUSDT,SOLUSDT,1.0,0.9411764705882353,1.0,last_3_years,2023-05-04T00:00:00+00:00,2026-05-04T00:00:00+00:00
next_open,scaled_exit_6_12,base,12,4.0,5.0,XRPUSDT,40,13.330291970802918,3.0419082689322816,1.9384580682806871,0.85,1.2167633075729127,-0.09117470696209684,3.429728884362389,5.60939881107502,1,4.3523933871035645,-4.384174067371657,2023-08,2025-04,0.17814591830209572,XRPUSDT,XRPUSDT,1.0,0.9523809523809523,1.0,last_3_years,2023-05-04T00:00:00+00:00,2026-05-04T00:00:00+00:00
next_open,scaled_exit_6_12,base,12,4.0,5.0,BNBUSDT,13,4.3323448905109485,2.9917532295475184,0.36960667487871085,0.6923076923076923,0.38892791984117736,-0.018277130844922884,2.5555717896832095,4.220941754097903,2,4.5932201599017315,-0.6115473637494628,2025-10,2024-07,0.3217009322124076,BNBUSDT,BNBUSDT,1.0,0.7777777777777778,1.0,last_3_years,2023-05-04T00:00:00+00:00,2026-05-04T00:00:00+00:00
next_open,scaled_exit_6_12,base,12,4.0,5.0,LTCUSDT,35,11.664005474452553,1.8717443210602362,1.1681601338096284,0.6857142857142857,0.6551105123710826,-0.11556702038731281,2.620676927894939,4.225392538503664,3,3.700572472648775,-2.1184261914965767,2023-08,2025-02,0.22423238197492018,LTCUSDT,LTCUSDT,0.9999999999999998,0.8235294117647058,1.0,last_3_years,2023-05-04T00:00:00+00:00,2026-05-04T00:00:00+00:00
next_open,scaled_exit_6_12,base,12,4.0,5.0,BTCUSDT,9,2.9993156934306566,2.575198878984934,1.3120721621671685,0.8888888888888888,0.2317678991086441,-0.01879415671661558,2.283984984601262,3.3825076298842376,1,3.132025697815746,-1.8794156716615587,2026-02,2024-04,0.3476646409120788,BTCUSDT,BTCUSDT,1.0,0.8333333333333334,1.0,last_3_years,2023-05-04T00:00:00+00:00,2026-05-04T00:00:00+00:00
next_open,scaled_exit_6_12,base,12,4.0,5.0,ETHUSDT,19,6.331888686131387,1.8527368730914933,1.4941691783234925,0.7368421052631579,0.3520200058873837,-0.03984994823440105,2.1941339254339893,3.6806745044881377,1,3.0603833913382528,-1.528673377999434,2023-08,2024-04,0.36371465959454596,ETHUSDT,ETHUSDT,1.0000000000000002,0.6363636363636364,1.0,last_3_years,2023-05-04T00:00:00+00:00,2026-05-04T00:00:00+00:00
next_close,scaled_exit_6_12,stress,12,8.0,10.0,ADAUSDT,39,12.997034671532846,1.796338589613364,1.4828719528450043,0.6410256410256411,0.7005720499492119,-0.29072130471275326,1.441067983766068,7.784595191174773,3,5.156200314520689,-4.203414490578287,2025-10,2025-02,0.6377828335079744,ADAUSDT,ADAUSDT,1.0000000000000002,0.65,1.0,last_3_years,2023-05-04T00:00:00+00:00,2026-05-04T00:00:00+00:00
next_close,scaled_exit_6_12,stress,12,8.0,10.0,AVAXUSDT,47,15.66309306569343,1.046602846679794,1.0621791658700408,0.6382978723404256,0.49190333793950325,-0.3100218472593839,1.390683747590768,5.159438753105041,3,3.7994491153242484,-3.8113611568104195,2024-04,2025-02,0.6811230820909877,AVAXUSDT,AVAXUSDT,0.9999999999999998,0.7142857142857143,1.0,last_3_years,2023-05-04T00:00:00+00:00,2026-05-04T00:00:00+00:00
next_close,scaled_exit_6_12,stress,12,8.0,10.0,LINKUSDT,39,12.997034671532846,1.3136691414006,0.35310733363074676,0.6410256410256411,0.512330965146234,-0.2762917025595917,1.267762025410129,6.47113653364912,3,3.9766088583894224,-3.441580353222297,2025-10,2025-02,0.6548388881347769,LINKUSDT,LINKUSDT,0.9999999999999996,0.6666666666666666,1.0,last_3_years,2023-05-04T00:00:00+00:00,2026-05-04T00:00:00+00:00
next_close,scaled_exit_6_12,stress,12,8.0,10.0,SOLUSDT,34,11.330748175182482,1.7037687239812953,0.28625413658332394,0.5882352941176471,0.5792813661536405,-0.10726660062972099,2.1457419341065864,4.629910667059465,3,4.277924604228561,-1.9735968192290843,2024-08,2025-02,0.4906181891298007,SOLUSDT,SOLUSDT,0.9999999999999998,0.7058823529411765,1.0,last_3_years,2023-05-04T00:00:00+00:00,2026-05-04T00:00:00+00:00
next_close,scaled_exit_6_12,stress,12,8.0,10.0,XRPUSDT,40,13.330291970802918,1.788079860788103,0.9995985941881603,0.675,0.7152319443152412,-0.10159798267646769,2.3061586126019407,4.9037433656721285,3,3.834683280006817,-2.462558009896917,2025-10,2025-04,0.3550857606198549,XRPUSDT,XRPUSDT,1.0000000000000002,0.7619047619047619,1.0,last_3_years,2023-05-04T00:00:00+00:00,2026-05-04T00:00:00+00:00
next_close,scaled_exit_6_12,stress,12,8.0,10.0,BNBUSDT,13,4.3323448905109485,2.8946536320130183,1.7007531221406573,0.7692307692307693,0.3763049721616924,-0.01737141213217154,2.5177691349467506,4.145265723559575,2,4.271259857177072,-1.6940337852004927,2025-10,2023-06,0.3639277790438011,BNBUSDT,BNBUSDT,0.9999999999999999,0.8888888888888888,1.0,last_3_years,2023-05-04T00:00:00+00:00,2026-05-04T00:00:00+00:00
next_close,scaled_exit_6_12,stress,12,8.0,10.0,LTCUSDT,35,11.664005474452553,0.3298273845444233,0.3189637742687591,0.5428571428571428,0.11543958459054815,-0.16601687967070425,0.5450294828057225,3.580145997921046,2,2.547430820954945,-2.3035766961930713,2024-04,2025-02,0.6416417221591364,LTCUSDT,LTCUSDT,1.0,0.7058823529411765,1.0,last_3_years,2023-05-04T00:00:00+00:00,2026-05-04T00:00:00+00:00
next_close,scaled_exit_6_12,stress,12,8.0,10.0,BTCUSDT,9,2.9993156934306566,1.7364535518982747,1.4172444571529097,0.7777777777777778,0.15628081967084473,-0.005779119801426157,2.5505870556447388,2.042416330846625,1,2.3256996797419873,-0.3259078955547178,2026-02,2023-12,0.37762127340057117,BTCUSDT,BTCUSDT,1.0,0.8333333333333334,1.0,last_3_years,2023-05-04T00:00:00+00:00,2026-05-04T00:00:00+00:00
next_close,scaled_exit_6_12,stress,12,8.0,10.0,ETHUSDT,19,6.331888686131387,1.390630978214299,0.5801126589704376,0.7368421052631579,0.2642198858607168,-0.03382732026324842,2.296834203784155,2.6391194853361224,2,2.3863165929096275,-1.3972887429326206,2025-10,2026-01,0.37306275517415394,ETHUSDT,ETHUSDT,0.9999999999999998,0.6363636363636364,1.0,last_3_years,2023-05-04T00:00:00+00:00,2026-05-04T00:00:00+00:00
next_open,scaled_exit_6_12,stress,12,8.0,10.0,ADAUSDT,39,12.997034671532846,2.298278759944896,1.5843595365673417,0.6666666666666666,0.8963287163785096,-0.2936462183967692,1.7958738715383524,7.992068086230806,3,5.721427618012354,-4.548018956190017,2025-10,2025-02,0.31270617555510855,ADAUSDT,ADAUSDT,1.0,0.8,1.0,last_3_years,2023-05-04T00:00:00+00:00,2026-05-04T00:00:00+00:00
next_open,scaled_exit_6_12,stress,12,8.0,10.0,AVAXUSDT,47,15.66309306569343,1.9549131974984442,1.7783805260798529,0.6808510638297872,0.9188092028242687,-0.39087126976289555,2.2180484234114672,6.042343131175499,3,4.876225580254499,-4.277219885714472,2024-04,2025-02,0.3910888471434866,AVAXUSDT,AVAXUSDT,1.0,0.8095238095238095,1.0,last_3_years,2023-05-04T00:00:00+00:00,2026-05-04T00:00:00+00:00
next_open,scaled_exit_6_12,stress,12,8.0,10.0,LINKUSDT,39,12.997034671532846,1.8475106490154707,0.8015509425133006,0.6153846153846154,0.7205291531160336,-0.296952507949366,1.6115246816953566,7.159493389194292,4,5.287869579145655,-3.657063639192822,2025-10,2025-02,0.268111197649422,LINKUSDT,LINKUSDT,1.0000000000000002,0.8571428571428571,1.0,last_3_years,2023-05-04T00:00:00+00:00,2026-05-04T00:00:00+00:00
next_open,scaled_exit_6_12,stress,12,8.0,10.0,SOLUSDT,34,11.330748175182482,2.9051655581382105,1.3216249129935538,0.7647058823529411,0.9877562897669916,-0.06154437038080174,3.6391651358465236,4.654880991577986,3,4.272363992561051,-1.5382293537360165,2024-08,2026-01,0.33860996002120913,SOLUSDT,SOLUSDT,1.0,0.8823529411764706,1.0,last_3_years,2023-05-04T00:00:00+00:00,2026-05-04T00:00:00+00:00
next_open,scaled_exit_6_12,stress,12,8.0,10.0,XRPUSDT,40,13.330291970802918,2.858837844340434,1.7564905429912785,0.85,1.1435351377361735,-0.09648447882408956,3.2265432785379353,5.603792212759801,1,4.1680131316540585,-4.55982211710344,2023-08,2025-04,0.18621567091236949,XRPUSDT,XRPUSDT,1.0,0.9523809523809523,1.0,last_3_years,2023-05-04T00:00:00+00:00,2026-05-04T00:00:00+00:00
next_open,scaled_exit_6_12,stress,12,8.0,10.0,BNBUSDT,13,4.3323448905109485,2.8087329349551258,0.18920721773269994,0.6153846153846154,0.36513528154416636,-0.021859463538897422,2.4016353004531443,4.216722919651615,2,4.978133595983365,-0.6623081226900573,2025-10,2024-07,0.3324598410597734,BNBUSDT,BNBUSDT,0.9999999999999999,0.7777777777777778,1.0,last_3_years,2023-05-04T00:00:00+00:00,2026-05-04T00:00:00+00:00
next_open,scaled_exit_6_12,stress,12,8.0,10.0,LTCUSDT,35,11.664005474452553,1.6898434762111787,0.9869625218829549,0.6571428571428571,0.5914452166739126,-0.12085241211375797,2.368360096720012,4.221169255495022,3,3.671047704459661,-2.1074646279317455,2023-08,2025-02,0.2389896172269703,LTCUSDT,LTCUSDT,1.0000000000000002,0.8235294117647058,1.0,last_3_years,2023-05-04T00:00:00+00:00,2026-05-04T00:00:00+00:00
next_open,scaled_exit_6_12,stress,12,8.0,10.0,BTCUSDT,9,2.9993156934306566,2.3925949307780816,1.130730710060328,0.8888888888888888,0.21533354377002736,-0.02057567229286867,2.124153721909769,3.3791268109734043,1,2.9488652007862,-2.057567229286867,2026-02,2024-04,0.36546403507655845,BTCUSDT,BTCUSDT,1.0000000000000002,0.8333333333333334,1.0,last_3_years,2023-05-04T00:00:00+00:00,2026-05-04T00:00:00+00:00
next_open,scaled_exit_6_12,stress,12,8.0,10.0,ETHUSDT,19,6.331888686131387,1.6708550262009274,1.3126457201125419,0.7368421052631579,0.3174624549781762,-0.04521101923120377,1.9807171035761557,3.6769956675626916,1,2.877294500847719,-1.7071755028100877,2023-08,2024-04,0.3972330062002262,ETHUSDT,ETHUSDT,1.0,0.6363636363636364,1.0,last_3_years,2023-05-04T00:00:00+00:00,2026-05-04T00:00:00+00:00
next_close,pure_horizon_12,base,12,4.0,5.0,SOLUSDT,8,8.005479452054795,0.32763556817994677,0.3991606546506788,0.625,0.02621084545439574,-0.04903359618482666,0.4609855256283171,2.010243872209915,3,1.5048888327844478,-1.6344532061608887,2023-08,2023-06,1.1988839905870154,SOLUSDT,SOLUSDT,1.0,0.7142857142857143,1.0,2023,2023-01-01T00:00:00+00:00,2024-01-01T00:00:00+00:00
next_close,pure_horizon_12,base,12,4.0,5.0,ADAUSDT,7,7.004794520547945,-0.33352249966434766,-0.31546284372734096,0.42857142857142855,-0.023346574976504338,-0.054622626629050756,-0.3253167016073183,2.7124878200124867,3,2.2226182126605787,-2.250628033908043,2023-08,2023-06,,ADAUSDT,ADAUSDT,,0.4,0.0,2023,2023-01-01T00:00:00+00:00,2024-01-01T00:00:00+00:00
next_close,pure_horizon_12,base,12,4.0,5.0,AVAXUSDT,7,7.004794520547945,0.23849388324441945,-0.24086468960639926,0.42857142857142855,0.016694571827109362,-0.009116894395449868,0.3549161204469691,1.7778722011278447,3,1.8310790461242792,-0.9559449889154754,2023-08,2023-01,1.9800029998557438,AVAXUSDT,AVAXUSDT,0.9999999999999998,0.3333333333333333,1.0,2023,2023-01-01T00:00:00+00:00,2024-01-01T00:00:00+00:00
next_close,pure_horizon_12,base,12,4.0,5.0,ETHUSDT,3,3.002054794520548,0.6463780033808454,-0.4229203852396423,0.3333333333333333,0.01939134010142536,-0.004229203852396425,0.32435053775424205,3.4516962743525137,1,4.506182515484417,-1.2835242526709403,2023-08,2023-01,2.3238118107954744,ETHUSDT,ETHUSDT,1.0,0.3333333333333333,1.0,2023,2023-01-01T00:00:00+00:00,2024-01-01T00:00:00+00:00
next_close,pure_horizon_12,base,12,4.0,5.0,LINKUSDT,6,6.004109589041096,0.13979178766749845,0.2308422711700531,0.5,0.008387507260049908,-0.013611923644259848,0.22127048987948605,1.5475111489261768,2,1.3199765720126289,-1.0403929966776317,2023-08,2023-01,3.439907434485855,LINKUSDT,LINKUSDT,1.0000000000000004,0.4,1.0,2023,2023-01-01T00:00:00+00:00,2024-01-01T00:00:00+00:00
next_close,pure_horizon_12,base,12,4.0,5.0,LTCUSDT,11,11.007534246575343,0.4590050952792254,-0.24806679164166343,0.45454545454545453,0.0504905604807148,-0.037645335142621625,0.8364500367419171,1.8200102947359125,3,2.020481062720183,-0.8422248775882395,2023-08,2023-06,0.9774190000138554,LTCUSDT,LTCUSDT,1.0,0.4,1.0,2023,2023-01-01T00:00:00+00:00,2024-01-01T00:00:00+00:00
next_close,pure_horizon_12,base,12,4.0,5.0,BNBUSDT,4,4.002739726027397,0.1710760969939878,0.4701791783422194,0.5,0.006843043879759512,-0.03356747582844928,0.15465066755242574,2.2124197677451853,2,2.0205259854104396,-1.6783737914224641,2023-04,2023-06,3.102255348941473,BNBUSDT,BNBUSDT,1.0,0.6666666666666666,1.0,2023,2023-01-01T00:00:00+00:00,2024-01-01T00:00:00+00:00
next_close,pure_horizon_12,base,12,4.0,5.0,XRPUSDT,6,6.004109589041096,0.9482079603721796,0.31726074244259556,0.6666666666666666,0.056892477622330774,-0.001799500249875052,1.1408480250771986,2.0358764900345467,1,1.6777221660074417,-0.5108204508983448,2023-08,2023-05,1.0680440425676858,XRPUSDT,XRPUSDT,1.0,0.6,1.0,2023,2023-01-01T00:00:00+00:00,2024-01-01T00:00:00+00:00
next_close,pure_horizon_12,base,12,4.0,5.0,BTCUSDT,2,2.0013698630136987,0.4085822496624613,0.4085822496624613,0.5,0.008171644993249226,-0.008048989562405939,0.3367025774069573,1.716121579072959,1,1.6220634555655165,-0.8048989562405939,2023-08,2023-12,1.984990117541252,BTCUSDT,BTCUSDT,1.0,0.5,1.0,2023,2023-01-01T00:00:00+00:00,2024-01-01T00:00:00+00:00
next_open,pure_horizon_12,base,12,4.0,5.0,SOLUSDT,8,8.005479452054795,2.633802290138373,1.8635294588239446,0.875,0.21070418321106985,-0.002701306117252361,2.3621005707060485,3.1537682734733417,1,3.04864984754746,-0.2701306117252366,2023-08,2023-01,0.4682210502262915,SOLUSDT,SOLUSDT,0.9999999999999999,1.0,1.0,2023,2023-01-01T00:00:00+00:00,2024-01-01T00:00:00+00:00
next_open,pure_horizon_12,base,12,4.0,5.0,ADAUSDT,7,7.004794520547945,1.4668800133724709,0.6685161528824723,0.7142857142857143,0.10268160093607297,-0.020600914149666562,0.9711354740182635,3.9963525402859212,1,2.892857285635415,-2.0980631672848893,2023-08,2023-01,1.0986950843209236,ADAUSDT,ADAUSDT,1.0,0.8,1.0,2023,2023-01-01T00:00:00+00:00,2024-01-01T00:00:00+00:00
next_open,pure_horizon_12,base,12,4.0,5.0,AVAXUSDT,7,7.004794520547945,3.3560144756686583,1.5405938923478546,0.8571428571428571,0.2349210132968061,0.0,2.024891601949623,4.385014827659403,1,3.965197605674866,-0.2990843043685886,2023-08,2023-01,0.5098233906104883,AVAXUSDT,AVAXUSDT,1.0,0.8333333333333334,1.0,2023,2023-01-01T00:00:00+00:00,2024-01-01T00:00:00+00:00
next_open,pure_horizon_12,base,12,4.0,5.0,ETHUSDT,3,3.002054794520548,4.414272474237526,1.2424018662175265,0.6666666666666666,0.13242817422712577,0.0,1.0342479061193839,7.392564353859682,1,7.052938374946195,-0.8630593271798135,2023-08,2023-01,0.9713548464100163,ETHUSDT,ETHUSDT,1.0,0.6666666666666666,1.0,2023,2023-01-01T00:00:00+00:00,2024-01-01T00:00:00+00:00
next_open,pure_horizon_12,base,12,4.0,5.0,LINKUSDT,6,6.004109589041096,2.4770431193108755,0.9691973610711193,0.8333333333333334,0.14862258715865254,-0.013469393598556898,1.342693502790438,4.518895563711256,1,3.241839615144189,-1.3469393598556898,2023-08,2023-03,0.8197608781725689,LINKUSDT,LINKUSDT,1.0,0.8,1.0,2023,2023-01-01T00:00:00+00:00,2024-01-01T00:00:00+00:00
next_open,pure_horizon_12,base,12,4.0,5.0,LTCUSDT,11,11.007534246575343,1.5473821872345455,0.9470917111809387,0.6363636363636364,0.1702120405958,-0.009768881488231716,1.14360984938687,4.487619728955595,1,3.0589160141807703,-1.0978020099213481,2023-08,2023-04,0.9105301358782851,LTCUSDT,LTCUSDT,1.0,0.6,1.0,2023,2023-01-01T00:00:00+00:00,2024-01-01T00:00:00+00:00
next_open,pure_horizon_12,base,12,4.0,5.0,BNBUSDT,4,4.002739726027397,1.5829724304381394,1.2109290110821869,0.75,0.06331889721752558,-0.001219844474861207,1.6196037918476895,1.9547650337768598,1,2.151291389746226,-0.12198444748612083,2023-08,2023-06,0.636779275106881,BNBUSDT,BNBUSDT,1.0,1.0,1.0,2023,2023-01-01T00:00:00+00:00,2024-01-01T00:00:00+00:00
next_open,pure_horizon_12,base,12,4.0,5.0,XRPUSDT,6,6.004109589041096,4.5553837812280005,1.7660168941343277,1.0,0.27332302687368004,0.0,1.4682650868946672,7.59969432369901,0,4.5553837812280005,0.0,2023-08,2023-07,0.8090380373805174,XRPUSDT,XRPUSDT,1.0,1.0,1.0,2023,2023-01-01T00:00:00+00:00,2024-01-01T00:00:00+00:00
next_open,pure_horizon_12,base,12,4.0,5.0,BTCUSDT,2,2.0013698630136987,3.971037068471342,3.971037068471342,1.0,0.07942074136942684,0.0,1.1080255146095817,5.068380109367118,0,3.971037068471342,0.0,2023-08,2023-12,0.9512531466174563,BTCUSDT,BTCUSDT,1.0,1.0,1.0,2023,2023-01-01T00:00:00+00:00,2024-01-01T00:00:00+00:00
next_close,pure_horizon_12,stress,12,8.0,10.0,SOLUSDT,8,8.005479452054795,0.14727806118651812,0.2187316582797073,0.625,0.01178224489492145,-0.05438548811862051,0.20742858255303803,2.008234631953213,3,1.323354660270839,-1.8128496039540167,2023-08,2023-06,2.5115803341639884,SOLUSDT,SOLUSDT,1.0000000000000002,0.7142857142857143,1.0,2023,2023-01-01T00:00:00+00:00,2024-01-01T00:00:00+00:00
next_close,pure_horizon_12,stress,12,8.0,10.0,ADAUSDT,7,7.004794520547945,-0.5132191786735157,-0.49517757337614426,0.42857142857142855,-0.0359253425071461,-0.059968932322727465,-0.5010930685365893,2.709776686403711,3,2.0403666690939266,-2.428408564499097,2023-08,2023-06,,ADAUSDT,ADAUSDT,,0.4,0.0,2023,2023-01-01T00:00:00+00:00,2024-01-01T00:00:00+00:00
next_close,pure_horizon_12,stress,12,8.0,10.0,AVAXUSDT,7,7.004794520547945,0.058225473431881544,-0.4206539801661589,0.42857142857142855,0.004075783140231708,-0.014508683102595097,0.08673528380459415,1.776095216530524,3,1.649218846247999,-1.1350195561802066,2023-08,2023-01,7.218652658232975,AVAXUSDT,AVAXUSDT,1.0,0.3333333333333333,1.0,2023,2023-01-01T00:00:00+00:00,2024-01-01T00:00:00+00:00
next_close,pure_horizon_12,stress,12,8.0,10.0,ETHUSDT,3,3.002054794520548,0.46570191308456416,-0.6025277109951775,0.3333333333333333,0.013971057392536925,-0.006025277109951776,0.2339216239661053,3.4482463013396645,1,4.3216485476858235,-1.4622714042160654,2023-08,2023-01,3.093286661319111,ETHUSDT,ETHUSDT,1.0,0.3333333333333333,1.0,2023,2023-01-01T00:00:00+00:00,2024-01-01T00:00:00+00:00
next_close,pure_horizon_12,stress,12,8.0,10.0,LINKUSDT,6,6.004109589041096,-0.04037796932654843,0.05058150914951558,0.5,-0.002422678159592906,-0.017198919216327345,-0.06397651914633731,1.5459644103731538,2,1.1386272194422278,-1.2193831580953245,2023-08,2023-01,,LINKUSDT,LINKUSDT,,0.4,0.0,2023,2023-01-01T00:00:00+00:00,2024-01-01T00:00:00+00:00
next_close,pure_horizon_12,stress,12,8.0,10.0,LTCUSDT,11,11.007534246575343,0.278516284345005,-0.4278488836950432,0.45454545454545453,0.03063679127795055,-0.04300860965186157,0.5080510876363182,1.8181911930824566,3,1.8384315553863753,-1.02141310818947,2023-08,2023-06,1.432924417315481,LTCUSDT,LTCUSDT,1.0,0.4,1.0,2023,2023-01-01T00:00:00+00:00,2024-01-01T00:00:00+00:00
next_close,pure_horizon_12,stress,12,8.0,10.0,BNBUSDT,4,4.002739726027397,-0.009124928690671611,0.28967919890362426,0.5,-0.00036499714762686444,-0.03713452581115441,-0.008257075191463417,2.2102084525293955,2,1.8384764331763774,-1.8567262905577204,2023-04,2023-06,,BNBUSDT,BNBUSDT,,0.6666666666666666,0.0,2023,2023-01-01T00:00:00+00:00,2024-01-01T00:00:00+00:00
next_close,pure_horizon_12,stress,12,8.0,10.0,XRPUSDT,6,6.004109589041096,0.7672301908077003,0.1369136050952503,0.5,0.04603381144846202,-0.004334056439258903,0.9240259689131598,2.033841629957114,3,2.0192221433055626,-0.4847617616901622,2023-08,2023-05,1.2404434036476588,XRPUSDT,XRPUSDT,1.0,0.4,1.0,2023,2023-01-01T00:00:00+00:00,2024-01-01T00:00:00+00:00
next_close,pure_horizon_12,stress,12,8.0,10.0,BTCUSDT,2,2.0013698630136987,0.22814383640022312,0.22814383640022312,0.5,0.004562876728004463,-0.009841244941281645,0.18819582319764372,1.7144063142686357,1,1.4404121669286107,-0.9841244941281645,2023-08,2023-12,3.1568071039222736,BTCUSDT,BTCUSDT,1.0,0.5,1.0,2023,2023-01-01T00:00:00+00:00,2024-01-01T00:00:00+00:00
next_open,pure_horizon_12,stress,12,8.0,10.0,SOLUSDT,8,8.005479452054795,2.451139767778158,1.6816368247358375,0.875,0.19609118142225263,-0.004498906509739005,2.2004808044852338,3.150616079720655,1,2.8655726847427374,-0.44989065097390074,2023-08,2023-01,0.4934297708779641,SOLUSDT,SOLUSDT,1.0,1.0,1.0,2023,2023-01-01T00:00:00+00:00,2024-01-01T00:00:00+00:00
next_open,pure_horizon_12,stress,12,8.0,10.0,ADAUSDT,7,7.004794520547945,1.2853838307023358,0.487817935489181,0.7142857142857143,0.0899768681491635,-0.02238062387051138,0.8518288689239087,3.992358182927132,1,2.709935837613058,-2.2759961865744702,2023-08,2023-01,1.2125606536003322,ADAUSDT,ADAUSDT,1.0,0.6,1.0,2023,2023-01-01T00:00:00+00:00,2024-01-01T00:00:00+00:00
next_open,pure_horizon_12,stress,12,8.0,10.0,AVAXUSDT,7,7.004794520547945,3.1726301016878047,1.3590240326004688,0.7142857142857143,0.2220841071181463,-0.0011311444798069552,1.9161596425194711,4.3806320020531375,1,4.560068112835017,-0.2959649261802265,2023-08,2023-01,0.5225404010102386,AVAXUSDT,AVAXUSDT,1.0,0.6666666666666666,1.0,2023,2023-01-01T00:00:00+00:00,2024-01-01T00:00:00+00:00
next_open,pure_horizon_12,stress,12,8.0,10.0,ETHUSDT,3,3.002054794520548,4.229830370594057,1.0611300496237197,0.6666666666666666,0.12689491111782172,0.0,0.9920253254456988,7.385175480248184,1,6.8658589227576226,-1.0422267337330715,2023-08,2023-01,0.9985103172598391,ETHUSDT,ETHUSDT,1.0,0.6666666666666666,1.0,2023,2023-01-01T00:00:00+00:00,2024-01-01T00:00:00+00:00
next_open,pure_horizon_12,stress,12,8.0,10.0,LINKUSDT,6,6.004109589041096,2.2945372778593662,0.7881986125849051,0.6666666666666666,0.13767223667156198,-0.015256231279536746,1.245009694779882,4.5143789242089785,2,3.8524929342593097,-0.8213740349405206,2023-08,2023-03,0.8579261190541045,LINKUSDT,LINKUSDT,1.0,0.6,1.0,2023,2023-01-01T00:00:00+00:00,2024-01-01T00:00:00+00:00
next_open,pure_horizon_12,stress,12,8.0,10.0,LTCUSDT,11,11.007534246575343,1.3658055425813147,0.7661150573083743,0.6363636363636364,0.15023860968394462,-0.011559417833838691,1.0104235492429108,4.4831343496735885,1,2.8758285903347964,-1.2767347909872782,2023-08,2023-04,0.9946004286064715,LTCUSDT,LTCUSDT,1.0,0.4,1.0,2023,2023-01-01T00:00:00+00:00,2024-01-01T00:00:00+00:00
next_open,pure_horizon_12,stress,12,8.0,10.0,BNBUSDT,4,4.002739726027397,1.4013602133101617,1.0296886516306605,0.5,0.056054408532406466,-0.0033926395475758694,1.4352234166427262,1.9528112446607409,2,2.9723524039991167,-0.16963197737879337,2023-08,2023-06,0.686468060169021,BNBUSDT,BNBUSDT,1.0,0.6666666666666666,1.0,2023,2023-01-01T00:00:00+00:00,2024-01-01T00:00:00+00:00
next_open,pure_horizon_12,stress,12,8.0,10.0,XRPUSDT,6,6.004109589041096,4.370800636727446,1.5842217239277083,1.0,0.2622480382036468,0.0,1.4101807866763305,7.592098423527445,0,4.370800636727446,0.0,2023-08,2023-07,0.8286319611569682,XRPUSDT,XRPUSDT,1.0,1.0,1.0,2023,2023-01-01T00:00:00+00:00,2024-01-01T00:00:00+00:00
next_open,pure_horizon_12,stress,12,8.0,10.0,BTCUSDT,2,2.0013698630136987,3.7870379789481095,3.7870379789481095,1.0,0.07574075957896219,0.0,1.0577420630851695,5.063314259649682,0,3.7870379789481095,0.0,2023-08,2023-12,0.9727050359911233,BTCUSDT,BTCUSDT,1.0,1.0,1.0,2023,2023-01-01T00:00:00+00:00,2024-01-01T00:00:00+00:00
next_close,pure_horizon_6,base,6,4.0,5.0,SOLUSDT,8,8.005479452054795,0.12951943592121967,0.4105938331617898,0.75,0.010361554873697575,-0.05826631077834371,0.15500524498948998,2.3633799344418502,2,1.1437977608673549,-2.9133155389171854,2023-08,2023-06,2.8014305935919093,SOLUSDT,SOLUSDT,1.0,0.8571428571428571,1.0,2023,2023-01-01T00:00:00+00:00,2024-01-01T00:00:00+00:00
next_close,pure_horizon_6,base,6,4.0,5.0,ADAUSDT,7,7.004794520547945,-0.10464571563395303,0.22658843123203545,0.5714285714285714,-0.007325200094376712,-0.025424115827255962,-0.15996936698399558,1.7307472333970237,2,1.0965301781617776,-1.7062135740282605,2023-08,2023-01,,ADAUSDT,ADAUSDT,,0.6,0.0,2023,2023-01-01T00:00:00+00:00,2024-01-01T00:00:00+00:00
next_close,pure_horizon_6,base,6,4.0,5.0,AVAXUSDT,7,7.004794520547945,-0.25375177918296715,0.25500097502989766,0.5714285714285714,-0.0177626245428077,-0.03587865273015551,-0.3781857998314671,1.775222926819281,2,0.9329424292632804,-1.836010723777964,2023-08,2023-06,,AVAXUSDT,AVAXUSDT,,0.5,0.0,2023,2023-01-01T00:00:00+00:00,2024-01-01T00:00:00+00:00
next_close,pure_horizon_6,base,6,4.0,5.0,ETHUSDT,3,3.002054794520548,1.192254026618843,0.28726637417627826,0.6666666666666666,0.03576762079856529,0.0,0.7220890545295222,2.859819764167308,1,2.3411722940607804,-1.1055825082650326,2023-08,2023-01,1.2287868512969637,ETHUSDT,ETHUSDT,1.0,0.6666666666666666,1.0,2023,2023-01-01T00:00:00+00:00,2024-01-01T00:00:00+00:00
next_close,pure_horizon_6,base,6,4.0,5.0,LINKUSDT,6,6.004109589041096,0.045231036618935405,0.016684143307146366,0.5,0.0027138621971361243,-0.01407587708262232,0.0784172242932896,1.412865110337927,2,0.9227300995342731,-0.8322680262964023,2023-08,2023-06,9.57924321990824,LINKUSDT,LINKUSDT,1.0,0.6,1.0,2023,2023-01-01T00:00:00+00:00,2024-01-01T00:00:00+00:00
next_close,pure_horizon_6,base,6,4.0,5.0,LTCUSDT,11,11.007534246575343,0.3578801240091592,0.528464348215909,0.5454545454545454,0.03936681364100751,-0.0316931837782745,0.79099044871753,1.5005921919647784,3,1.4443107635009245,-0.9458366433809593,2023-08,2023-06,0.8696664518463748,LTCUSDT,LTCUSDT,0.9999999999999998,0.6,1.0,2023,2023-01-01T00:00:00+00:00,2024-01-01T00:00:00+00:00
next_close,pure_horizon_6,base,6,4.0,5.0,BNBUSDT,4,4.002739726027397,0.1328705198962411,-0.0005210707234280104,0.5,0.0053148207958496445,-0.02619025351459587,0.15662053120203745,1.6967190556242047,2,1.5752537155222754,-1.3095126757297935,2023-08,2023-06,3.679112083725838,BNBUSDT,BNBUSDT,1.0,0.6666666666666666,1.0,2023,2023-01-01T00:00:00+00:00,2024-01-01T00:00:00+00:00
next_close,pure_horizon_6,base,6,4.0,5.0,XRPUSDT,6,6.004109589041096,0.8331506375959052,0.29803489548314804,0.6666666666666666,0.04998903825575432,-0.006664297871116087,1.0146445127753843,2.0113388633051357,1,1.5583001721856085,-0.6171484315835007,2023-08,2023-07,1.0450783272330022,XRPUSDT,XRPUSDT,1.0,0.6,1.0,2023,2023-01-01T00:00:00+00:00,2024-01-01T00:00:00+00:00
next_close,pure_horizon_6,base,6,4.0,5.0,BTCUSDT,2,2.0013698630136987,0.6330969661740983,0.6330969661740983,1.0,0.012661939323481966,0.0,1.0133474125107031,0.883541325321353,0,0.6330969661740983,0.0,2023-08,2023-12,0.9934141971717118,BTCUSDT,BTCUSDT,1.0,1.0,1.0,2023,2023-01-01T00:00:00+00:00,2024-01-01T00:00:00+00:00
next_open,pure_horizon_6,base,6,4.0,5.0,SOLUSDT,8,8.005479452054795,2.418913479103565,1.4753845991711279,1.0,0.1935130783282852,0.0,2.307885085830453,2.9644979027406055,0,2.418913479103565,0.0,2023-08,2023-01,0.49662508861542853,SOLUSDT,SOLUSDT,0.9999999999999999,1.0,1.0,2023,2023-01-01T00:00:00+00:00,2024-01-01T00:00:00+00:00
next_open,pure_horizon_6,base,6,4.0,5.0,ADAUSDT,7,7.004794520547945,1.7098720677062758,1.215913686992134,0.5714285714285714,0.11969104473943931,-0.016150903418300094,1.223166383541835,3.698512586478285,2,3.989525243765349,-1.3296655003724878,2023-08,2023-03,0.8841393798671225,ADAUSDT,ADAUSDT,1.0,0.6,1.0,2023,2023-01-01T00:00:00+00:00,2024-01-01T00:00:00+00:00
next_open,pure_horizon_6,base,6,4.0,5.0,AVAXUSDT,7,7.004794520547945,2.817733349245933,1.5095931010445176,1.0,0.1972413344472153,0.0,2.1933959328724817,3.398849059246096,0,2.817733349245933,0.0,2023-08,2023-05,0.5228833417263411,AVAXUSDT,AVAXUSDT,1.0,1.0,1.0,2023,2023-01-01T00:00:00+00:00,2024-01-01T00:00:00+00:00
next_open,pure_horizon_6,base,6,4.0,5.0,ETHUSDT,3,3.002054794520548,4.965673278948411,1.9644562201657798,1.0,0.14897019836845232,0.0,1.2659346089405714,6.794030554329799,0,4.965673278948411,0.0,2023-08,2023-01,0.8554390460813007,ETHUSDT,ETHUSDT,1.0,1.0,1.0,2023,2023-01-01T00:00:00+00:00,2024-01-01T00:00:00+00:00
next_open,pure_horizon_6,base,6,4.0,5.0,LINKUSDT,6,6.004109589041096,2.3912098340752497,0.9256294845982918,0.8333333333333334,0.14347259004451499,-0.023410413858545233,1.2298492871055589,4.762570522112161,1,3.337660078061204,-2.341041385854523,2023-08,2023-03,0.8304114066122544,LINKUSDT,LINKUSDT,1.0,0.8,1.0,2023,2023-01-01T00:00:00+00:00,2024-01-01T00:00:00+00:00
next_open,pure_horizon_6,base,6,4.0,5.0,LTCUSDT,11,11.007534246575343,1.4425031329142062,1.1554421134435968,0.6363636363636364,0.15867534462056268,-0.01034697288017947,1.1239184390386836,4.256751633046141,1,3.0934715336062757,-1.4466915682969155,2023-08,2023-04,0.8748100668801329,LTCUSDT,LTCUSDT,1.0,0.6,1.0,2023,2023-01-01T00:00:00+00:00,2024-01-01T00:00:00+00:00
next_open,pure_horizon_6,base,6,4.0,5.0,BNBUSDT,4,4.002739726027397,1.5495095125555327,1.103031007137192,0.75,0.06198038050222131,-0.0007802853206962702,1.7394554371419018,1.7816029999613336,1,2.092022194097253,-0.07802853206962716,2023-08,2023-06,0.6566601455232288,BNBUSDT,BNBUSDT,1.0,1.0,1.0,2023,2023-01-01T00:00:00+00:00,2024-01-01T00:00:00+00:00
next_open,pure_horizon_6,base,6,4.0,5.0,XRPUSDT,6,6.004109589041096,4.43792329878492,1.5688546080854813,1.0,0.2662753979270952,0.0,1.42796723086439,7.612673011447068,0,4.43792329878492,0.0,2023-08,2023-07,0.7976482618687575,XRPUSDT,XRPUSDT,1.0,1.0,1.0,2023,2023-01-01T00:00:00+00:00,2024-01-01T00:00:00+00:00
next_open,pure_horizon_6,base,6,4.0,5.0,BTCUSDT,2,2.0013698630136987,4.189811105346067,4.189811105346067,1.0,0.08379622210692134,0.0,1.406138665660544,4.213871528935142,0,4.189811105346067,0.0,2023-08,2023-12,0.855583707503784,BTCUSDT,BTCUSDT,1.0,1.0,1.0,2023,2023-01-01T00:00:00+00:00,2024-01-01T00:00:00+00:00
next_close,pure_horizon_6,stress,6,8.0,10.0,SOLUSDT,8,8.005479452054795,-0.05064005384955539,0.2301534093203263,0.625,-0.004051204307964431,-0.06266556170824064,-0.06066523762960752,2.3610177344263183,3,1.1722871480055246,-2.088852056941355,2023-08,2023-06,,SOLUSDT,SOLUSDT,,0.7142857142857143,0.0,2023,2023-01-01T00:00:00+00:00,2024-01-01T00:00:00+00:00
next_close,pure_horizon_6,stress,6,8.0,10.0,ADAUSDT,7,7.004794520547945,-0.2845711571602676,0.04633192092771591,0.5714285714285714,-0.01991998100121873,-0.028999305104384546,-0.43545225965680506,1.7290173502402664,2,0.9154041604294828,-1.8845382472799348,2023-08,2023-06,,ADAUSDT,ADAUSDT,,0.6,0.0,2023,2023-01-01T00:00:00+00:00,2024-01-01T00:00:00+00:00
next_close,pure_horizon_6,stress,6,8.0,10.0,AVAXUSDT,7,7.004794520547945,-0.4335281890870371,0.07471606636675801,0.5714285714285714,-0.0303469732360926,-0.03944339268981536,-0.6467668592232502,1.7734485901736092,2,0.7519799176085852,-2.0142056646812003,2023-03,2023-06,,AVAXUSDT,AVAXUSDT,,0.5,0.0,2023,2023-01-01T00:00:00+00:00,2024-01-01T00:00:00+00:00
next_close,pure_horizon_6,stress,6,8.0,10.0,ETHUSDT,3,3.002054794520548,1.01103233282827,0.10694921622247848,0.6666666666666666,0.030330969984848098,0.0,0.6129447130828379,2.8569613721699327,1,2.1588022556009157,-1.2845075127170213,2023-08,2023-01,1.3882362803045187,ETHUSDT,ETHUSDT,1.0,0.6666666666666666,1.0,2023,2023-01-01T00:00:00+00:00,2024-01-01T00:00:00+00:00
next_close,pure_horizon_6,stress,6,8.0,10.0,LINKUSDT,6,6.004109589041096,-0.13484420683357962,-0.16336256750411154,0.16666666666666666,-0.008090652410014776,-0.01980782880108271,-0.2340138233951463,1.4114529506013673,5,2.439875372152605,-0.6497881226308165,2023-08,2023-06,,LINKUSDT,LINKUSDT,,0.2,0.0,2023,2023-01-01T00:00:00+00:00,2024-01-01T00:00:00+00:00
next_close,pure_horizon_6,stress,6,8.0,10.0,LTCUSDT,11,11.007534246575343,0.17749238755951052,0.34790611270634664,0.5454545454545454,0.019524162631546157,-0.040096492072632654,0.39268805093546094,1.4990923489444066,3,1.2628371388129638,-1.1249213139446335,2023-08,2023-06,1.4751402008102323,LTCUSDT,LTCUSDT,1.0000000000000002,0.6,1.0,2023,2023-01-01T00:00:00+00:00,2024-01-01T00:00:00+00:00
next_close,pure_horizon_6,stress,6,8.0,10.0,BNBUSDT,4,4.002739726027397,-0.04729231928548945,-0.1805505849103783,0.5,-0.001891692771419578,-0.029764677036532093,-0.055801383416440455,1.695023183656625,2,1.3936492132556257,-1.4882338518266047,2023-08,2023-06,,BNBUSDT,BNBUSDT,,0.6666666666666666,0.0,2023,2023-01-01T00:00:00+00:00,2024-01-01T00:00:00+00:00
next_close,pure_horizon_6,stress,6,8.0,10.0,XRPUSDT,6,6.004109589041096,0.6522878679117705,0.11770697438425086,0.5,0.03913727207470623,-0.008989566866150177,0.7951773037840885,2.009328528604015,3,1.8533378071901596,-0.5487620713666181,2023-08,2023-07,1.241518399882637,XRPUSDT,XRPUSDT,1.0,0.4,1.0,2023,2023-01-01T00:00:00+00:00,2024-01-01T00:00:00+00:00
next_close,pure_horizon_6,stress,6,8.0,10.0,BTCUSDT,2,2.0013698630136987,0.4524341502844576,0.4524341502844576,0.5,0.009048683005689152,-0.0017169946615706692,0.7248995060769114,0.8826582251045714,1,1.076567766725982,-0.17169946615706685,2023-08,2023-12,1.1897507803612026,BTCUSDT,BTCUSDT,1.0,0.5,1.0,2023,2023-01-01T00:00:00+00:00,2024-01-01T00:00:00+00:00
next_open,pure_horizon_6,stress,6,8.0,10.0,SOLUSDT,8,8.005479452054795,2.2364657382710087,1.2938799161611159,1.0,0.1789172590616807,0.0,2.135946596482159,2.961534884865307,0,2.2364657382710087,0.0,2023-08,2023-01,0.5265400014909184,SOLUSDT,SOLUSDT,1.0,1.0,1.0,2023,2023-01-01T00:00:00+00:00,2024-01-01T00:00:00+00:00
next_open,pure_horizon_6,stress,6,8.0,10.0,ADAUSDT,7,7.004794520547945,1.5281330142957485,1.034668345353289,0.5714285714285714,0.1069693110007024,-0.021535661628156098,1.0942520583385502,3.694815920376529,2,3.8055076752970365,-1.508366533705969,2023-08,2023-03,0.9546401082957787,ADAUSDT,ADAUSDT,1.0,0.6,1.0,2023,2023-01-01T00:00:00+00:00,2024-01-01T00:00:00+00:00
next_open,pure_horizon_6,stress,6,8.0,10.0,AVAXUSDT,7,7.004794520547945,2.6348869876543075,1.328054226611246,1.0,0.1844420891358015,0.0,2.0531157244752785,3.3954519070643627,0,2.6348869876543075,0.0,2023-08,2023-05,0.5390880418346334,AVAXUSDT,AVAXUSDT,1.0,1.0,1.0,2023,2023-01-01T00:00:00+00:00,2024-01-01T00:00:00+00:00
next_open,pure_horizon_6,stress,6,8.0,10.0,ETHUSDT,3,3.002054794520548,4.780680049787428,1.782462709704085,1.0,0.14342040149362284,0.0,1.2199923450192915,6.78723991569947,0,4.780680049787428,0.0,2023-08,2023-01,0.8751004140790613,ETHUSDT,ETHUSDT,1.0,1.0,1.0,2023,2023-01-01T00:00:00+00:00,2024-01-01T00:00:00+00:00
next_open,pure_horizon_6,stress,6,8.0,10.0,LINKUSDT,6,6.004109589041096,2.2087897830566594,0.7446742822372722,0.8333333333333334,0.13252738698339955,-0.025187315482325508,1.137163430882366,4.757810329306349,1,3.1542940493145015,-2.5187315482325507,2023-08,2023-03,0.8709263454332136,LINKUSDT,LINKUSDT,1.0,0.8,1.0,2023,2023-01-01T00:00:00+00:00,2024-01-01T00:00:00+00:00
next_open,pure_horizon_6,stress,6,8.0,10.0,LTCUSDT,11,11.007534246575343,1.2610313149543675,0.9742572131878281,0.6363636363636364,0.13871344464498042,-0.012136931423007268,0.9835086806885339,4.252497006599,1,2.910349571492751,-1.6252756339878036,2023-08,2023-04,0.9607658914638071,LTCUSDT,LTCUSDT,1.0,0.6,1.0,2023,2023-01-01T00:00:00+00:00,2024-01-01T00:00:00+00:00
next_open,pure_horizon_6,stress,6,8.0,10.0,BNBUSDT,4,4.002739726027397,1.3679307416390551,0.9218984918214647,0.75,0.05471722966556221,-0.0025798057749086382,1.5371543013820599,1.7798222864277773,1,1.909901181349028,-0.2579805774908637,2023-08,2023-06,0.7101796973558874,BNBUSDT,BNBUSDT,1.0,1.0,1.0,2023,2023-01-01T00:00:00+00:00,2024-01-01T00:00:00+00:00
next_open,pure_horizon_6,stress,6,8.0,10.0,XRPUSDT,6,6.004109589041096,4.253457556124601,1.3872565017315197,0.8333333333333334,0.255207453367476,-0.0012944774786666884,1.369981957360386,7.605064139067383,1,5.130038616922854,-0.12944774786666877,2023-08,2023-07,0.8173006580032247,XRPUSDT,XRPUSDT,1.0,0.8,1.0,2023,2023-01-01T00:00:00+00:00,2024-01-01T00:00:00+00:00
next_open,pure_horizon_6,stress,6,8.0,10.0,BTCUSDT,2,2.0013698630136987,4.005593351009023,4.005593351009023,1.0,0.08011186702018046,0.0,1.34565850061833,4.209659761184205,0,4.005593351009023,0.0,2023-08,2023-12,0.8715652966709236,BTCUSDT,BTCUSDT,1.0,1.0,1.0,2023,2023-01-01T00:00:00+00:00,2024-01-01T00:00:00+00:00
next_close,scaled_exit_6_12,base,12,4.0,5.0,SOLUSDT,8,8.005479452054795,0.22857750205058325,0.35072553615244867,0.75,0.01828620016404666,-0.053575578737764806,0.30400207514413946,2.1266789267805466,2,1.1976963150301911,-2.67877893688824,2023-08,2023-06,1.652911465287321,SOLUSDT,SOLUSDT,1.0,0.8571428571428571,1.0,2023,2023-01-01T00:00:00+00:00,2024-01-01T00:00:00+00:00
next_close,scaled_exit_6_12,base,12,4.0,5.0,ADAUSDT,7,7.004794520547945,-0.21908410764915034,-0.044437206247652725,0.42857142857142855,-0.015335887535440525,-0.03889042907199318,-0.2649808302278151,2.187486787432181,3,1.8045644865661352,-1.7368205533106147,2023-08,2023-06,,ADAUSDT,ADAUSDT,,0.4,0.0,2023,2023-01-01T00:00:00+00:00,2024-01-01T00:00:00+00:00
next_close,scaled_exit_6_12,base,12,4.0,5.0,AVAXUSDT,7,7.004794520547945,-0.007628947969273912,-0.06018090904068345,0.42857142857142855,-0.0005340263578491738,-0.021222768687653208,-0.012241864776359088,1.6487928481883714,3,1.4950009800660102,-1.134601393995737,2023-08,2023-01,,AVAXUSDT,AVAXUSDT,,0.3333333333333333,0.0,2023,2023-01-01T00:00:00+00:00,2024-01-01T00:00:00+00:00
next_close,scaled_exit_6_12,base,12,4.0,5.0,ETHUSDT,3,3.002054794520548,0.9193160149998442,-0.06782700553168201,0.3333333333333333,0.027579480449995326,-0.0006782700553168187,0.5045726321267812,3.1557439797713664,1,4.45063036471485,-0.8463411598576587,2023-08,2023-01,1.6137469930894235,ETHUSDT,ETHUSDT,1.0,0.3333333333333333,1.0,2023,2023-01-01T00:00:00+00:00,2024-01-01T00:00:00+00:00
next_close,scaled_exit_6_12,base,12,4.0,5.0,LINKUSDT,6,6.004109589041096,0.09251141214321698,0.13206897280880986,0.6666666666666666,0.005550684728593019,-0.013653036621156387,0.1560611611399996,1.4520317129507532,1,0.8362434082729708,-1.3949525801162908,2023-08,2023-01,4.940741306184247,LINKUSDT,LINKUSDT,1.0,0.6,1.0,2023,2023-01-01T00:00:00+00:00,2024-01-01T00:00:00+00:00
next_close,scaled_exit_6_12,base,12,4.0,5.0,LTCUSDT,11,11.007534246575343,0.40844260964419227,0.14019877828712288,0.5454545454545454,0.04492868706086115,-0.03466925946044806,0.8268057875489996,1.6384148550763498,3,1.5433502585804,-0.9534465690792572,2023-08,2023-06,0.9302122512688189,LTCUSDT,LTCUSDT,1.0,0.6,1.0,2023,2023-01-01T00:00:00+00:00,2024-01-01T00:00:00+00:00
next_close,scaled_exit_6_12,base,12,4.0,5.0,BNBUSDT,4,4.002739726027397,0.15197330844511436,0.28600953505543375,0.5,0.006078932337804575,-0.029878864671522575,0.15726541695015026,1.9326983820389023,2,1.7978898504663574,-1.4939432335761287,2023-08,2023-06,3.1860423417725414,BNBUSDT,BNBUSDT,1.0,0.6666666666666666,1.0,2023,2023-01-01T00:00:00+00:00,2024-01-01T00:00:00+00:00
next_close,scaled_exit_6_12,base,12,4.0,5.0,XRPUSDT,6,6.004109589041096,0.8906792989840423,0.41086903139914926,0.6666666666666666,0.053440757939042544,-0.004231899060495569,1.0842785719173116,2.012130335761263,1,1.618011169096525,-0.5639844412409228,2023-08,2023-05,1.0573028586220374,XRPUSDT,XRPUSDT,1.0,0.6,1.0,2023,2023-01-01T00:00:00+00:00,2024-01-01T00:00:00+00:00
next_close,scaled_exit_6_12,base,12,4.0,5.0,BTCUSDT,2,2.0013698630136987,0.5208396079182799,0.5208396079182799,0.5,0.010416792158365598,-0.003982800263298869,0.5666722682345079,1.299831452197156,1,1.4399592421664467,-0.39828002632988685,2023-08,2023-12,1.382344219098231,BTCUSDT,BTCUSDT,1.0,0.5,1.0,2023,2023-01-01T00:00:00+00:00,2024-01-01T00:00:00+00:00
next_open,scaled_exit_6_12,base,12,4.0,5.0,SOLUSDT,8,8.005479452054795,2.526357884620969,1.8963086971648744,1.0,0.20210863076967753,0.0,2.375528110568614,3.0080128860137787,0,2.526357884620969,0.0,2023-08,2023-01,0.48181906651264333,SOLUSDT,SOLUSDT,0.9999999999999999,1.0,1.0,2023,2023-01-01T00:00:00+00:00,2024-01-01T00:00:00+00:00
next_open,scaled_exit_6_12,base,12,4.0,5.0,ADAUSDT,7,7.004794520547945,1.5883760405393736,0.9422149199373033,0.5714285714285714,0.11118632283775615,-0.016672260498963788,1.1066637510845754,3.797402768096508,2,3.76917696172083,-1.3193585210359013,2023-08,2023-01,0.9832114719239436,ADAUSDT,ADAUSDT,1.0,0.6,1.0,2023,2023-01-01T00:00:00+00:00,2024-01-01T00:00:00+00:00
next_open,scaled_exit_6_12,base,12,4.0,5.0,AVAXUSDT,7,7.004794520547945,3.0868739124572957,1.525093496696186,1.0,0.2160811738720107,0.0,2.1166493119630205,3.858504408271888,0,3.0868739124572957,0.0,2023-08,2023-01,0.5157840260044629,AVAXUSDT,AVAXUSDT,1.0,1.0,1.0,2023,2023-01-01T00:00:00+00:00,2024-01-01T00:00:00+00:00
next_open,scaled_exit_6_12,base,12,4.0,5.0,ETHUSDT,3,3.002054794520548,4.689972876592968,1.603429043191653,0.6666666666666666,0.14069918629778905,0.0,1.1452239064591812,7.0931730140830025,1,7.2034563521858175,-0.3369940745927313,2023-08,2023-01,0.9099898867987395,ETHUSDT,ETHUSDT,1.0,0.6666666666666666,1.0,2023,2023-01-01T00:00:00+00:00,2024-01-01T00:00:00+00:00
next_open,scaled_exit_6_12,base,12,4.0,5.0,LINKUSDT,6,6.004109589041096,2.434126476693063,0.8701153183368195,0.8333333333333334,0.14604758860158376,-0.018439903728551067,1.2869328068851016,4.6330063274460755,1,3.2897498466026964,-1.8439903728551068,2023-08,2023-03,0.8249922514366389,LINKUSDT,LINKUSDT,1.0,0.8,1.0,2023,2023-01-01T00:00:00+00:00,2024-01-01T00:00:00+00:00
next_open,scaled_exit_6_12,base,12,4.0,5.0,LTCUSDT,11,11.007534246575343,1.4949426600743758,1.1681601338096284,0.6363636363636364,0.16444369260818134,-0.008033612992783079,1.136721869397038,4.361809181336966,1,3.076193773893523,-1.2722467891091318,2023-08,2023-04,0.8932965948155187,LTCUSDT,LTCUSDT,1.0,0.8,1.0,2023,2023-01-01T00:00:00+00:00,2024-01-01T00:00:00+00:00
next_open,scaled_exit_6_12,base,12,4.0,5.0,BNBUSDT,4,4.002739726027397,1.5662409714968362,1.0907835549250449,1.0,0.06264963885987344,0.0,1.7134755455763118,1.8281451118930856,0,1.5662409714968362,0.0,2023-08,2023-06,0.6466135210462445,BNBUSDT,BNBUSDT,1.0,1.0,1.0,2023,2023-01-01T00:00:00+00:00,2024-01-01T00:00:00+00:00
next_open,scaled_exit_6_12,base,12,4.0,5.0,XRPUSDT,6,6.004109589041096,4.49665354000646,1.7047562288645866,1.0,0.2697992124003876,0.0,1.4486925052191997,7.603067375176971,0,4.49665354000646,0.0,2023-08,2023-07,0.8034175298562156,XRPUSDT,XRPUSDT,1.0,1.0,1.0,2023,2023-01-01T00:00:00+00:00,2024-01-01T00:00:00+00:00
next_open,scaled_exit_6_12,base,12,4.0,5.0,BTCUSDT,2,2.0013698630136987,4.080424086908704,4.080424086908704,1.0,0.08160848173817409,0.0,1.2433601907813812,4.64112581915113,0,4.080424086908704,0.0,2023-08,2023-12,0.9021360855101678,BTCUSDT,BTCUSDT,1.0,1.0,1.0,2023,2023-01-01T00:00:00+00:00,2024-01-01T00:00:00+00:00
next_close,scaled_exit_6_12,stress,12,8.0,10.0,SOLUSDT,8,8.005479452054795,0.048319003668481325,0.17034495071871397,0.625,0.003865520293478506,-0.05744357325180452,0.06432730117861962,2.124553309599549,3,1.2261818709056607,-1.9147857750601505,2023-08,2023-06,7.345701748299856,SOLUSDT,SOLUSDT,1.0000000000000009,0.7142857142857143,1.0,2023,2023-01-01T00:00:00+00:00,2024-01-01T00:00:00+00:00
next_close,scaled_exit_6_12,stress,12,8.0,10.0,ADAUSDT,7,7.004794520547945,-0.3988951679168917,-0.2244228262242141,0.42857142857142855,-0.02792266175418242,-0.044252459108917425,-0.48294386300177494,2.185300392748893,3,1.622730788011999,-1.9151146348635593,2023-08,2023-06,,ADAUSDT,ADAUSDT,,0.4,0.0,2023,2023-01-01T00:00:00+00:00,2024-01-01T00:00:00+00:00
next_close,scaled_exit_6_12,stress,12,8.0,10.0,AVAXUSDT,7,7.004794520547945,-0.18765135782757777,-0.24015079317451044,0.42857142857142855,-0.013135595047930444,-0.026602457564371434,-0.3014178245493368,1.6471448785010379,3,1.3134766904685966,-1.3134973940497086,2023-08,2023-01,,AVAXUSDT,AVAXUSDT,,0.3333333333333333,0.0,2023,2023-01-01T00:00:00+00:00,2024-01-01T00:00:00+00:00
next_close,scaled_exit_6_12,stress,12,8.0,10.0,ETHUSDT,3,3.002054794520548,0.7383671229564172,-0.2477892473863495,0.3333333333333333,0.022151013688692513,-0.002477892473863496,0.4056631049860947,3.152589811298734,1,4.266151921332588,-1.0255252762316682,2023-08,2023-01,1.9259398153459415,ETHUSDT,ETHUSDT,1.0,0.3333333333333333,1.0,2023,2023-01-01T00:00:00+00:00,2024-01-01T00:00:00+00:00
next_close,scaled_exit_6_12,stress,12,8.0,10.0,LINKUSDT,6,6.004109589041096,-0.08761108808006407,-0.04809306522599685,0.5,-0.005256665284803844,-0.016869748333663913,-0.1479424792269674,1.450580406165534,2,0.9215053159118441,-1.096727492071972,2023-08,2023-01,,LINKUSDT,LINKUSDT,,0.4,0.0,2023,2023-01-01T00:00:00+00:00,2024-01-01T00:00:00+00:00
next_close,scaled_exit_6_12,stress,12,8.0,10.0,LTCUSDT,11,11.007534246575343,0.22800433595225772,-0.03997138549434829,0.45454545454545453,0.02508047695474835,-0.041001710005480634,0.46200839432420415,1.636777258200917,3,1.6421274497103309,-0.95043159217947,2023-08,2023-06,1.4493560789632398,LTCUSDT,LTCUSDT,1.0000000000000002,0.4,1.0,2023,2023-01-01T00:00:00+00:00,2024-01-01T00:00:00+00:00
next_close,scaled_exit_6_12,stress,12,8.0,10.0,BNBUSDT,4,4.002739726027397,-0.02820862398808053,0.10569363331329636,0.5,-0.0011283449595232212,-0.03344960142384325,-0.029220127672240533,1.9307666485577375,2,1.6160628232160017,-1.6724800711921624,2023-08,2023-06,,BNBUSDT,BNBUSDT,,0.6666666666666666,0.0,2023,2023-01-01T00:00:00+00:00,2024-01-01T00:00:00+00:00
next_close,scaled_exit_6_12,stress,12,8.0,10.0,XRPUSDT,6,6.004109589041096,0.7097590293597353,0.2304283324968449,0.5,0.04258554176158412,-0.00666181165270454,0.8648976904604933,2.0101192099828245,3,1.9362799752478608,-0.5167619165283902,2023-08,2023-05,1.2409373790485492,XRPUSDT,XRPUSDT,1.0,0.4,1.0,2023,2023-01-01T00:00:00+00:00,2024-01-01T00:00:00+00:00
next_close,scaled_exit_6_12,stress,12,8.0,10.0,BTCUSDT,2,2.0013698630136987,0.34028899334234036,0.34028899334234036,0.5,0.0068057798668468075,-0.005779119801426157,0.3706040433074271,1.2985322696866035,1,1.2584899668272964,-0.5779119801426157,2023-08,2023-12,1.8491487991814357,BTCUSDT,BTCUSDT,1.0,0.5,1.0,2023,2023-01-01T00:00:00+00:00,2024-01-01T00:00:00+00:00
next_open,scaled_exit_6_12,stress,12,8.0,10.0,SOLUSDT,8,8.005479452054795,2.3438027530245833,1.7143833002034863,1.0,0.18750422024196667,0.0,2.2060769445036748,3.005006374880087,0,2.3438027530245833,0.0,2023-08,2023-01,0.5092267265425493,SOLUSDT,SOLUSDT,1.0,1.0,1.0,2023,2023-01-01T00:00:00+00:00,2024-01-01T00:00:00+00:00
next_open,scaled_exit_6_12,stress,12,8.0,10.0,ADAUSDT,7,7.004794520547945,1.4067584224990421,0.7612431404212351,0.5714285714285714,0.09847308957493295,-0.01907568888664221,0.9811065522676836,3.793607261184114,2,3.585379631525539,-1.498069856202954,2023-08,2023-01,1.0724737367418982,ADAUSDT,ADAUSDT,1.0,0.6,1.0,2023,2023-01-01T00:00:00+00:00,2024-01-01T00:00:00+00:00
next_open,scaled_exit_6_12,stress,12,8.0,10.0,AVAXUSDT,7,7.004794520547945,2.9037585446710557,1.3435391296058574,1.0,0.2032630981269739,0.0,1.993080383722449,3.854647830224351,0,2.9037585446710557,0.0,2023-08,2023-01,0.5300481126215555,AVAXUSDT,AVAXUSDT,1.0,1.0,1.0,2023,2023-01-01T00:00:00+00:00,2024-01-01T00:00:00+00:00
next_open,scaled_exit_6_12,stress,12,8.0,10.0,ETHUSDT,3,3.002054794520548,4.505255210190742,1.4217963796639022,0.6666666666666666,0.13515765630572227,0.0,1.1012191790689796,7.086083382339975,1,7.016226457166197,-0.5166872837601654,2023-08,2023-01,0.9330330873852675,ETHUSDT,ETHUSDT,1.0,0.6666666666666666,1.0,2023,2023-01-01T00:00:00+00:00,2024-01-01T00:00:00+00:00
next_open,scaled_exit_6_12,stress,12,8.0,10.0,LINKUSDT,6,6.004109589041096,2.251663530458013,0.6892156024265729,0.8333333333333334,0.13509981182748076,-0.020221773380931125,1.1916549472261775,4.62837563414993,1,3.1064317041682377,-2.0221773380931127,2023-08,2023-03,0.8643024641019277,LINKUSDT,LINKUSDT,1.0,0.8,1.0,2023,2023-01-01T00:00:00+00:00,2024-01-01T00:00:00+00:00
next_open,scaled_exit_6_12,stress,12,8.0,10.0,LTCUSDT,11,11.007534246575343,1.313418428767841,0.9869625218829549,0.6363636363636364,0.1444760271644625,-0.00982588374055161,0.99969398869332,4.357449549791583,1,2.8930890809137737,-1.4510052124875412,2023-08,2023-04,0.9783579235793748,LTCUSDT,LTCUSDT,1.0,0.6,1.0,2023,2023-01-01T00:00:00+00:00,2024-01-01T00:00:00+00:00
next_open,scaled_exit_6_12,stress,12,8.0,10.0,BNBUSDT,4,4.002739726027397,1.3846454774746084,0.9096632809469781,0.75,0.05538581909898434,-0.0014767598665574415,1.516324724221602,1.8263178794837756,1,1.895419298851393,-0.14767598665574408,2023-08,2023-06,0.6981807613514437,BNBUSDT,BNBUSDT,1.0,1.0,1.0,2023,2023-01-01T00:00:00+00:00,2024-01-01T00:00:00+00:00
next_open,scaled_exit_6_12,stress,12,8.0,10.0,XRPUSDT,6,6.004109589041096,4.312129096426023,1.523022288738817,1.0,0.2587277457855614,0.0,1.390633973723543,7.59546810363793,0,4.312129096426023,0.0,2023-08,2023-07,0.8230433973706966,XRPUSDT,XRPUSDT,1.0,1.0,1.0,2023,2023-01-01T00:00:00+00:00,2024-01-01T00:00:00+00:00
next_open,scaled_exit_6_12,stress,12,8.0,10.0,BTCUSDT,2,2.0013698630136987,3.896315664978566,3.896315664978566,1.0,0.07792631329957132,0.0,1.1884477287048234,4.6364870104169436,0,3.896315664978566,0.0,2023-08,2023-12,0.9207168627810857,BTCUSDT,BTCUSDT,1.0,1.0,1.0,2023,2023-01-01T00:00:00+00:00,2024-01-01T00:00:00+00:00
next_close,pure_horizon_12,base,12,4.0,5.0,ADAUSDT,14,13.971311475409836,3.20167503337578,4.044624713424519,0.8571428571428571,0.4482345046726093,-0.07566727003384452,2.8794974979437256,4.160299165821437,1,4.534814060503173,-4.79715912938857,2024-04,2024-12,0.6436328572139468,ADAUSDT,ADAUSDT,1.0000000000000002,1.0,1.0,2024,2024-01-01T00:00:00+00:00,2025-01-01T00:00:00+00:00
next_close,pure_horizon_12,base,12,4.0,5.0,AVAXUSDT,19,18.961065573770494,4.379167125448234,3.1910478915499945,0.7368421052631579,0.8320417538351645,-0.06822062145555816,3.601432841149587,5.30020905529681,2,6.7753126981778005,-2.3300404781945496,2024-04,2024-01,0.5616316387696899,AVAXUSDT,AVAXUSDT,1.0,0.8571428571428571,1.0,2024,2024-01-01T00:00:00+00:00,2025-01-01T00:00:00+00:00
next_close,pure_horizon_12,base,12,4.0,5.0,LINKUSDT,15,14.969262295081968,2.777462060104988,2.72317873221525,0.8,0.4166193090157482,-0.0778896880479448,2.1635892016782354,4.971860783537655,1,4.735225347941526,-5.053591091241161,2024-04,2024-08,0.6872452800634684,LINKUSDT,LINKUSDT,1.0000000000000004,1.0,1.0,2024,2024-01-01T00:00:00+00:00,2025-01-01T00:00:00+00:00
next_close,pure_horizon_12,base,12,4.0,5.0,LTCUSDT,13,12.973360655737705,1.8822706122472235,2.7892748544232315,0.7692307692307693,0.24469517959213904,-0.04981332800014555,2.226152128079376,3.048589142293503,2,3.1916843117740274,-2.482441719508793,2024-04,2024-07,0.5446661118662123,LTCUSDT,LTCUSDT,0.9999999999999999,1.0,1.0,2024,2024-01-01T00:00:00+00:00,2025-01-01T00:00:00+00:00
next_close,pure_horizon_12,base,12,4.0,5.0,SOLUSDT,13,12.973360655737705,5.899003899646032,2.9476966680554018,1.0,0.7668705069539842,0.0,3.4553623100352926,6.155406908434605,0,5.899003899646032,0.0,2024-08,2024-12,0.5039046704060334,SOLUSDT,SOLUSDT,1.0,1.0,1.0,2024,2024-01-01T00:00:00+00:00,2025-01-01T00:00:00+00:00
next_close,pure_horizon_12,base,12,4.0,5.0,XRPUSDT,17,16.96516393442623,2.6606548857365824,2.977375551437036,0.8235294117647058,0.452311330575219,-0.064549488499926,2.7769866924272213,3.9503830382489746,1,3.940345489714251,-3.3112345994925416,2024-04,2024-01,0.37808799043845964,XRPUSDT,XRPUSDT,1.0,1.0,1.0,2024,2024-01-01T00:00:00+00:00,2025-01-01T00:00:00+00:00
next_close,pure_horizon_12,base,12,4.0,5.0,BNBUSDT,6,5.987704918032787,4.048821625178908,4.8120173165293965,0.8333333333333334,0.2429292975107345,-0.025092826775782145,2.3404945247098055,4.237372459764295,1,5.360442485730332,-2.509282677578215,2024-04,2024-07,0.6384665743592477,BNBUSDT,BNBUSDT,1.0,1.0,1.0,2024,2024-01-01T00:00:00+00:00,2025-01-01T00:00:00+00:00
next_close,pure_horizon_12,base,12,4.0,5.0,BTCUSDT,5,4.989754098360656,2.1174765419643764,3.568294868933122,0.6,0.10587382709821883,-0.004181437037141106,2.219560077719005,2.133225199049088,1,3.671044691149967,-0.21287568181400982,2024-04,2024-08,0.6903745384772835,BTCUSDT,BTCUSDT,0.9999999999999999,1.0,1.0,2024,2024-01-01T00:00:00+00:00,2025-01-01T00:00:00+00:00
next_close,pure_horizon_12,base,12,4.0,5.0,ETHUSDT,6,5.987704918032787,1.8007998212127199,2.1672248801006626,0.8333333333333334,0.1080479892727632,-0.016508756264109838,1.849600235430702,2.384861661654781,1,2.4911349107374607,-1.6508756264109838,2024-04,2024-07,0.6009462284590857,ETHUSDT,ETHUSDT,1.0,0.75,1.0,2024,2024-01-01T00:00:00+00:00,2025-01-01T00:00:00+00:00
next_open,pure_horizon_12,base,12,4.0,5.0,ADAUSDT,14,13.971311475409836,4.135063617051233,5.4865440511645245,0.7857142857142857,0.5789089063871726,-0.059371614058947725,3.4227579195262243,4.520328837530392,1,5.9540406339358505,-2.53451877819236,2024-04,2024-07,0.5280652426021832,ADAUSDT,ADAUSDT,1.0000000000000002,1.0,1.0,2024,2024-01-01T00:00:00+00:00,2025-01-01T00:00:00+00:00
next_open,pure_horizon_12,base,12,4.0,5.0,AVAXUSDT,19,18.961065573770494,5.474013074280036,5.246375809309859,0.8421052631578947,1.0400624841132067,-0.053566354416281964,4.445501841127292,5.3673737317261985,1,7.039575578965683,-2.8756536173767544,2024-04,2024-07,0.46978652500202006,AVAXUSDT,AVAXUSDT,1.0,1.0,1.0,2024,2024-01-01T00:00:00+00:00,2025-01-01T00:00:00+00:00
next_open,pure_horizon_12,base,12,4.0,5.0,LINKUSDT,15,14.969262295081968,3.648718118045751,5.38495723211824,0.8,0.5473077177068627,-0.06720317570450549,2.8406389136707486,4.974734535314615,1,5.599340356724283,-4.15377083666837,2024-04,2024-08,0.440197082470084,LINKUSDT,LINKUSDT,1.0000000000000004,1.0,1.0,2024,2024-01-01T00:00:00+00:00,2025-01-01T00:00:00+00:00
next_open,pure_horizon_12,base,12,4.0,5.0,LTCUSDT,13,12.973360655737705,2.8810828613581143,3.9670659520445377,0.8461538461538461,0.3745407719765549,-0.03515586211406427,3.1320225241854778,3.3166721839552196,1,3.877842531166182,-2.601095322586253,2024-04,2024-07,0.3869621389645746,LTCUSDT,LTCUSDT,1.0000000000000002,1.0,1.0,2024,2024-01-01T00:00:00+00:00,2025-01-01T00:00:00+00:00
next_open,pure_horizon_12,base,12,4.0,5.0,SOLUSDT,13,12.973360655737705,6.9096933761196455,4.68990657315124,0.9230769230769231,0.8982601388955539,-0.007870467445402964,4.15595971663821,5.994584996960894,1,7.551088386174641,-0.7870467445402962,2024-08,2024-12,0.48830201972425985,SOLUSDT,SOLUSDT,1.0000000000000002,1.0,1.0,2024,2024-01-01T00:00:00+00:00,2025-01-01T00:00:00+00:00
next_open,pure_horizon_12,base,12,4.0,5.0,XRPUSDT,17,16.96516393442623,3.472560165117559,3.172782027643764,0.8823529411764706,0.590335228069985,-0.05160970711285359,3.3723946778605542,4.245568422369579,1,4.47181273535935,-4.021834111695891,2024-12,2024-07,0.24829926235759558,XRPUSDT,XRPUSDT,1.0,1.0,1.0,2024,2024-01-01T00:00:00+00:00,2025-01-01T00:00:00+00:00
next_open,pure_horizon_12,base,12,4.0,5.0,BNBUSDT,6,5.987704918032787,3.291781091054103,4.011690557531969,0.6666666666666666,0.1975068654632462,-0.025393519278984755,2.0880448944607912,3.8615951407054636,2,5.572509618555774,-1.2696759639492385,2024-04,2024-07,0.5094120975027182,BNBUSDT,BNBUSDT,1.0,0.75,1.0,2024,2024-01-01T00:00:00+00:00,2025-01-01T00:00:00+00:00
next_open,pure_horizon_12,base,12,4.0,5.0,BTCUSDT,5,4.989754098360656,1.7229532312548381,0.9785512438674895,1.0,0.08614766156274191,0.0,2.041540547223493,1.8871241878484102,0,1.7229532312548381,0.0,2024-08,2024-04,0.6537935736000542,BTCUSDT,BTCUSDT,1.0,1.0,1.0,2024,2024-01-01T00:00:00+00:00,2025-01-01T00:00:00+00:00
next_open,pure_horizon_12,base,12,4.0,5.0,ETHUSDT,6,5.987704918032787,1.233524841121716,1.8450782116546403,0.6666666666666666,0.07401149046730296,-0.01929684043192257,1.1971540955030686,2.523907705069658,1,2.7271257981479855,-1.753677072930824,2024-08,2024-07,0.7924720500688538,ETHUSDT,ETHUSDT,1.0,0.75,1.0,2024,2024-01-01T00:00:00+00:00,2025-01-01T00:00:00+00:00
next_close,pure_horizon_12,stress,12,8.0,10.0,ADAUSDT,14,13.971311475409836,3.0184449217831446,3.8605520729949867,0.8571428571428571,0.42258228904964024,-0.07739194089071771,2.717421495369092,4.156140943687574,1,4.3502514754539,-4.972394400241398,2024-04,2024-12,0.6521995957104523,ADAUSDT,ADAUSDT,0.9999999999999998,1.0,1.0,2024,2024-01-01T00:00:00+00:00,2025-01-01T00:00:00+00:00
next_close,pure_horizon_12,stress,12,8.0,10.0,AVAXUSDT,19,18.961065573770494,4.194760109627191,3.0078284017935712,0.7368421052631579,0.7970044208291664,-0.06995273524326567,3.4532277709635313,5.294911492374195,2,6.5885107330612005,-2.507741635988039,2024-04,2024-01,0.5699238194129893,AVAXUSDT,AVAXUSDT,1.0,0.8571428571428571,1.0,2024,2024-01-01T00:00:00+00:00,2025-01-01T00:00:00+00:00
next_close,pure_horizon_12,stress,12,8.0,10.0,LINKUSDT,15,14.969262295081968,2.5946559496970343,2.5404268780342236,0.8,0.3891983924545552,-0.07961213759634739,2.023208977808954,4.966891404958716,1,4.550462451660278,-5.2285700581559365,2024-04,2024-08,0.7071757752139852,LINKUSDT,LINKUSDT,0.9999999999999999,1.0,1.0,2024,2024-01-01T00:00:00+00:00,2025-01-01T00:00:00+00:00
next_close,pure_horizon_12,stress,12,8.0,10.0,LTCUSDT,13,12.973360655737705,1.700359246362237,2.6064569371185002,0.7692307692307693,0.2210467020270908,-0.0533641402414309,2.013018470330531,3.04554207516124,2,3.0084641859151207,-2.659990552147376,2024-04,2024-07,0.5616119061682031,LTCUSDT,LTCUSDT,0.9999999999999999,1.0,1.0,2024,2024-01-01T00:00:00+00:00,2025-01-01T00:00:00+00:00
next_close,pure_horizon_12,stress,12,8.0,10.0,SOLUSDT,13,12.973360655737705,5.71307780583025,2.7647204080292247,0.8461538461538461,0.7427001147579324,-0.0008572923863086057,3.3498035769513628,6.149254574616913,1,6.76465203331332,-0.07058044532664662,2024-08,2024-12,0.5100876981411449,SOLUSDT,SOLUSDT,1.0,0.6,1.0,2024,2024-01-01T00:00:00+00:00,2025-01-01T00:00:00+00:00
next_close,pure_horizon_12,stress,12,8.0,10.0,XRPUSDT,17,16.96516393442623,2.4779655241869354,2.7943696273446554,0.8235294117647058,0.42125413911177906,-0.0662852715877737,2.588897209095383,3.946434627441922,1,3.7563770764469586,-3.4879550530265027,2024-04,2024-01,0.3841886337726115,XRPUSDT,XRPUSDT,0.9999999999999999,1.0,1.0,2024,2024-01-01T00:00:00+00:00,2025-01-01T00:00:00+00:00
next_close,pure_horizon_12,stress,12,8.0,10.0,BNBUSDT,6,5.987704918032787,3.8647447899329537,4.6271776666180156,0.8333333333333334,0.23188468739597723,-0.026868046826590997,2.236320787126716,4.2331372028153895,1,5.175054684451365,-2.6868046826591003,2024-04,2024-07,0.652680487837802,BNBUSDT,BNBUSDT,1.0,1.0,1.0,2024,2024-01-01T00:00:00+00:00,2025-01-01T00:00:00+00:00
next_close,pure_horizon_12,stress,12,8.0,10.0,BTCUSDT,5,4.989754098360656,1.9353300875763677,3.3846983205400956,0.6,0.09676650437881838,-0.005977558037664157,2.030661991664207,2.1310930388640403,1,3.4873454442326333,-0.3926929474080309,2024-04,2024-08,0.7173860228023798,BTCUSDT,BTCUSDT,1.0,1.0,1.0,2024,2024-01-01T00:00:00+00:00,2025-01-01T00:00:00+00:00
next_close,pure_horizon_12,stress,12,8.0,10.0,ETHUSDT,6,5.987704918032787,1.6189698854444237,1.985028702211416,0.6666666666666666,0.09713819312666543,-0.01829255609982778,1.6645065112274213,2.382477990636797,1,2.922234953332008,-0.9875602503307443,2024-04,2024-07,0.6307048788876284,ETHUSDT,ETHUSDT,1.0,0.5,1.0,2024,2024-01-01T00:00:00+00:00,2025-01-01T00:00:00+00:00
next_open,pure_horizon_12,stress,12,8.0,10.0,ADAUSDT,14,13.971311475409836,3.9509005828697563,5.301030211276374,0.7857142857142857,0.5531260816017659,-0.06111257243617947,3.273590749936125,4.5158107654698565,1,5.7680595308628995,-2.7120155597717703,2024-04,2024-07,0.5293440868813307,ADAUSDT,ADAUSDT,1.0,1.0,1.0,2024,2024-01-01T00:00:00+00:00,2025-01-01T00:00:00+00:00
next_open,pure_horizon_12,stress,12,8.0,10.0,AVAXUSDT,19,18.961065573770494,5.288511759112682,5.061102017759427,0.8421052631578947,1.0048172342314095,-0.05531311515487687,4.299151336336116,5.362009037659159,1,6.852509482901701,-3.05280943442876,2024-04,2024-07,0.4732371800009325,AVAXUSDT,AVAXUSDT,1.0,1.0,1.0,2024,2024-01-01T00:00:00+00:00,2025-01-01T00:00:00+00:00
next_open,pure_horizon_12,stress,12,8.0,10.0,LINKUSDT,15,14.969262295081968,3.4650411865549873,5.199544928331883,0.8,0.5197561779832481,-0.06893630643000354,2.700339783157288,4.969762284418623,1,5.413713776844211,-4.329649174601908,2024-04,2024-08,0.4422855662064291,LINKUSDT,LINKUSDT,1.0,1.0,1.0,2024,2024-01-01T00:00:00+00:00,2025-01-01T00:00:00+00:00
next_open,pure_horizon_12,stress,12,8.0,10.0,LTCUSDT,13,12.973360655737705,2.6981731818816557,3.783070831655126,0.8461538461538461,0.35076251364461525,-0.036921024153511464,2.9361162305174746,3.313357167621922,1,3.6939365896528007,-2.7785255608596415,2024-04,2024-07,0.3871187213034895,LTCUSDT,LTCUSDT,0.9999999999999999,1.0,1.0,2024,2024-01-01T00:00:00+00:00,2025-01-01T00:00:00+00:00
next_open,pure_horizon_12,stress,12,8.0,10.0,SOLUSDT,13,12.973360655737705,6.722757097414736,4.505188973019352,0.9230769230769231,0.8739584226639157,-0.009662901257268607,4.047569068211361,5.988593404764236,1,7.363511032676534,-0.9662901257268607,2024-08,2024-12,0.4931386027372781,SOLUSDT,SOLUSDT,0.9999999999999999,1.0,1.0,2024,2024-01-01T00:00:00+00:00,2025-01-01T00:00:00+00:00
next_open,pure_horizon_12,stress,12,8.0,10.0,XRPUSDT,17,16.96516393442623,3.2890593036327505,2.9895807946320123,0.8235294117647058,0.5591400816175676,-0.0540610784633778,3.1973826581008087,4.241324973549894,1,4.6012293459537155,-2.8344008938650886,2024-12,2024-07,0.25223087851963344,XRPUSDT,XRPUSDT,0.9999999999999998,1.0,1.0,2024,2024-01-01T00:00:00+00:00,2025-01-01T00:00:00+00:00
next_open,pure_horizon_12,stress,12,8.0,10.0,BNBUSDT,6,5.987704918032787,3.108460918389301,3.827650834815936,0.6666666666666666,0.18650765510335807,-0.028968739137386623,1.9737338622108709,3.8577354734685536,2,5.386909856018617,-1.448436956869332,2024-04,2024-07,0.5196098985714762,BNBUSDT,BNBUSDT,0.9999999999999999,0.75,1.0,2024,2024-01-01T00:00:00+00:00,2025-01-01T00:00:00+00:00
next_open,pure_horizon_12,stress,12,8.0,10.0,BTCUSDT,5,4.989754098360656,1.541201103211538,0.7975431461684269,0.8,0.0770600551605769,-0.0002868203373429072,1.8280081470672132,1.8852380058084914,1,1.9336718874479952,-0.028682033734290655,2024-08,2024-04,0.6600772824020288,BTCUSDT,BTCUSDT,1.0,1.0,1.0,2024,2024-01-01T00:00:00+00:00,2025-01-01T00:00:00+00:00
next_open,pure_horizon_12,stress,12,8.0,10.0,ETHUSDT,6,5.987704918032787,1.0522618971211344,1.663204019601932,0.6666666666666666,0.06313571382726807,-0.021077853575425305,1.0222574755598663,2.521385057427091,1,2.544369998871592,-1.9319543063797802,2024-08,2024-07,0.8710254591286647,ETHUSDT,ETHUSDT,1.0,0.75,1.0,2024,2024-01-01T00:00:00+00:00,2025-01-01T00:00:00+00:00
next_close,pure_horizon_6,base,6,4.0,5.0,ADAUSDT,14,13.971311475409836,1.778739676036522,2.2970719201441137,0.7142857142857143,0.24902355464511308,-0.0976584381374693,1.3262191686666296,5.01835187217303,1,4.1785697948144644,-4.220835620908334,2024-04,2024-12,0.5302394544273954,ADAUSDT,ADAUSDT,0.9999999999999999,0.8571428571428571,1.0,2024,2024-01-01T00:00:00+00:00,2025-01-01T00:00:00+00:00
next_close,pure_horizon_6,base,6,4.0,5.0,AVAXUSDT,19,18.961065573770494,2.1683723291838173,1.392390131459256,0.7368421052631579,0.4119907425449253,-0.07675089531891441,2.050636053482461,4.609163014973301,1,4.090340534211697,-3.2131386448942485,2024-04,2024-12,0.555090900399897,AVAXUSDT,AVAXUSDT,1.0000000000000002,0.8571428571428571,1.0,2024,2024-01-01T00:00:00+00:00,2025-01-01T00:00:00+00:00
next_close,pure_horizon_6,base,6,4.0,5.0,LINKUSDT,15,14.969262295081968,1.1146130823833345,1.618310321185725,0.6666666666666666,0.16719196235750017,-0.12350671371405006,0.840386201478385,5.136778659551327,2,3.706003145983701,-4.0681670448173985,2024-08,2024-12,0.3938038462256901,LINKUSDT,LINKUSDT,0.9999999999999999,0.8571428571428571,1.0,2024,2024-01-01T00:00:00+00:00,2025-01-01T00:00:00+00:00
next_close,pure_horizon_6,base,6,4.0,5.0,LTCUSDT,13,12.973360655737705,0.9882778673217723,1.8467844249421403,0.6923076923076923,0.1284761227518304,-0.07506410361164079,1.0973814239467836,3.2470811399552586,2,2.5397285630414976,-2.5024861980476096,2024-08,2024-01,0.32704384655299634,LTCUSDT,LTCUSDT,0.9999999999999998,1.0,1.0,2024,2024-01-01T00:00:00+00:00,2025-01-01T00:00:00+00:00
next_close,pure_horizon_6,base,6,4.0,5.0,SOLUSDT,13,12.973360655737705,2.8133811285111174,1.0620648545630298,0.7692307692307693,0.36573954670644526,-0.03505013477772545,1.8911679510939678,5.3637699974779,1,4.398745186347721,-2.47116573094423,2024-08,2024-12,0.5385467074529428,SOLUSDT,SOLUSDT,1.0,0.8,1.0,2024,2024-01-01T00:00:00+00:00,2025-01-01T00:00:00+00:00
next_close,pure_horizon_6,base,6,4.0,5.0,XRPUSDT,17,16.96516393442623,1.0840780704556425,1.4105874433087664,0.6470588235294118,0.18429327197745923,-0.09230429099514079,1.0535482481156444,4.2425853765111725,2,3.392113542434499,-3.147320294838928,2024-08,2024-12,0.2262299517987153,XRPUSDT,XRPUSDT,1.0,0.875,1.0,2024,2024-01-01T00:00:00+00:00,2025-01-01T00:00:00+00:00
next_close,pure_horizon_6,base,6,4.0,5.0,BNBUSDT,6,5.987704918032787,2.417323599512027,1.5378012837252175,0.8333333333333334,0.14503941597072162,-0.006080554606662875,2.3447791573964394,2.5252737953228497,1,3.0223994115476893,-0.608055460666288,2024-04,2024-07,0.4288111812528524,BNBUSDT,BNBUSDT,0.9999999999999998,1.0,1.0,2024,2024-01-01T00:00:00+00:00,2025-01-01T00:00:00+00:00
next_close,pure_horizon_6,base,6,4.0,5.0,BTCUSDT,5,4.989754098360656,1.235607068196454,0.6529249873267773,0.8,0.06178035340982269,0.0,1.5233844554530482,1.813659964873945,1,1.6803136977668078,-0.5432194500849619,2024-08,2024-04,0.9008786743777158,BTCUSDT,BTCUSDT,1.0,1.0,1.0,2024,2024-01-01T00:00:00+00:00,2025-01-01T00:00:00+00:00
next_close,pure_horizon_6,base,6,4.0,5.0,ETHUSDT,6,5.987704918032787,0.19881215477729905,-0.31716122393477864,0.5,0.011928729286637942,-0.034538204896616825,0.14823973571876028,3.285140326960158,1,2.3838975814085397,-1.986273271853942,2024-08,2024-12,5.440057521835591,ETHUSDT,ETHUSDT,1.0000000000000007,0.25,1.0,2024,2024-01-01T00:00:00+00:00,2025-01-01T00:00:00+00:00
next_open,pure_horizon_6,base,6,4.0,5.0,ADAUSDT,14,13.971311475409836,2.726902223150058,3.9497385671696055,0.7857142857142857,0.3817663112410081,-0.10240510076950607,1.7409713262491864,5.86059844434182,1,5.181974426163326,-6.275029187898588,2024-04,2024-12,0.40029884496856033,ADAUSDT,ADAUSDT,1.0000000000000004,0.8571428571428571,1.0,2024,2024-01-01T00:00:00+00:00,2025-01-01T00:00:00+00:00
next_open,pure_horizon_6,base,6,4.0,5.0,AVAXUSDT,19,18.961065573770494,3.285308588329157,3.0588392018629307,0.7894736842105263,0.6242086317825398,-0.10567725885049276,2.545230572448986,5.626338253942252,1,5.400576425146249,-4.646945799734939,2024-04,2024-12,0.4101403988790559,AVAXUSDT,AVAXUSDT,1.0,1.0,1.0,2024,2024-01-01T00:00:00+00:00,2025-01-01T00:00:00+00:00
next_open,pure_horizon_6,base,6,4.0,5.0,LINKUSDT,15,14.969262295081968,2.0189314425264038,2.9851179667499084,0.7333333333333333,0.30283971637896057,-0.1658384940007596,1.2926106082427986,6.049221477973927,1,4.896194069647805,-5.89354078205745,2024-06,2024-12,0.3536216463289628,LINKUSDT,LINKUSDT,1.0000000000000002,0.8571428571428571,1.0,2024,2024-01-01T00:00:00+00:00,2025-01-01T00:00:00+00:00
next_open,pure_horizon_6,base,6,4.0,5.0,LTCUSDT,13,12.973360655737705,2.0015532264798295,1.5613017004826446,0.7692307692307693,0.2602019194423778,-0.06564642013336178,1.7325219393906597,4.165432266434431,1,3.6549311316988535,-3.5097064575835843,2024-06,2024-07,0.2560223967966383,LTCUSDT,LTCUSDT,1.0,1.0,1.0,2024,2024-01-01T00:00:00+00:00,2025-01-01T00:00:00+00:00
next_open,pure_horizon_6,base,6,4.0,5.0,SOLUSDT,13,12.973360655737705,3.829918701192648,2.7020178380604465,0.6923076923076923,0.49788943115504425,-0.05398561717324208,2.350975771746871,5.873717808562489,2,6.199188381990569,-1.500938080602674,2024-08,2024-12,0.49286459157015655,SOLUSDT,SOLUSDT,1.0000000000000002,0.8,1.0,2024,2024-01-01T00:00:00+00:00,2025-01-01T00:00:00+00:00
next_open,pure_horizon_6,base,6,4.0,5.0,XRPUSDT,17,16.96516393442623,1.9156054074630886,2.6490097235332932,0.8235294117647058,0.3256529192687251,-0.13364055196671357,1.5170666771111383,5.206259916680021,1,3.843334574321126,-7.08046403787442,2024-06,2024-04,0.2514071069142139,XRPUSDT,XRPUSDT,1.0,0.875,1.0,2024,2024-01-01T00:00:00+00:00,2025-01-01T00:00:00+00:00
next_open,pure_horizon_6,base,6,4.0,5.0,BNBUSDT,6,5.987704918032787,1.7078786329629063,1.7806464613046271,0.5,0.10247271797777438,-0.026295600227217088,1.1979490135234356,3.4921613074806825,2,4.6643020205284165,-1.2485447546026038,2024-08,2024-07,0.6261873233876851,BNBUSDT,BNBUSDT,1.0000000000000002,0.75,1.0,2024,2024-01-01T00:00:00+00:00,2025-01-01T00:00:00+00:00
next_open,pure_horizon_6,base,6,4.0,5.0,BTCUSDT,5,4.989754098360656,0.8773942834981943,1.206246053937168,0.8,0.043869714174909716,0.0,0.6060538910297274,3.237192748054564,1,2.0838003033709946,-3.9482297959930053,2024-08,2024-04,1.8091678319041624,BTCUSDT,BTCUSDT,1.0,0.5,1.0,2024,2024-01-01T00:00:00+00:00,2025-01-01T00:00:00+00:00
next_open,pure_horizon_6,base,6,4.0,5.0,ETHUSDT,6,5.987704918032787,-0.34255614900749587,-0.48217911338145114,0.5,-0.020553368940449752,-0.012682316327076146,-0.21457158552238165,3.9105260432241296,1,2.221289532109396,-2.9064018301243877,2024-08,2024-04,,ETHUSDT,ETHUSDT,,0.25,0.0,2024,2024-01-01T00:00:00+00:00,2025-01-01T00:00:00+00:00
next_close,pure_horizon_6,stress,6,8.0,10.0,ADAUSDT,14,13.971311475409836,1.596931789399856,2.114745960041025,0.6428571428571429,0.22357045051597985,-0.09936112880534315,1.1918554023373167,5.0133360257161605,1,4.44695215109646,-3.533104861654033,2024-04,2024-12,0.5336484979914403,ADAUSDT,ADAUSDT,0.9999999999999998,0.8571428571428571,1.0,2024,2024-01-01T00:00:00+00:00,2025-01-01T00:00:00+00:00
next_close,pure_horizon_6,stress,6,8.0,10.0,AVAXUSDT,19,18.961065573770494,1.9861750044183568,1.2109684014819422,0.7368421052631579,0.37737325083948775,-0.07847448309150312,1.8802107826709942,4.60455615308584,1,3.9062222007850353,-3.389957145408344,2024-04,2024-12,0.5720109498174716,AVAXUSDT,AVAXUSDT,1.0,0.8571428571428571,1.0,2024,2024-01-01T00:00:00+00:00,2025-01-01T00:00:00+00:00
next_close,pure_horizon_6,stress,6,8.0,10.0,LINKUSDT,15,14.969262295081968,0.9334689907747132,1.436662783809477,0.6666666666666666,0.140020348616207,-0.125183569011115,0.7045129283440358,5.131644445431725,2,3.522268958064587,-4.244130943805034,2024-08,2024-12,0.44403852570112967,LINKUSDT,LINKUSDT,1.0,0.8571428571428571,1.0,2024,2024-01-01T00:00:00+00:00,2025-01-01T00:00:00+00:00
next_close,pure_horizon_6,stress,6,8.0,10.0,LTCUSDT,13,12.973360655737705,0.8072600478552692,1.6649085275279467,0.6923076923076923,0.10494380622118499,-0.07858967768378024,0.8972764906652555,3.2438356799225923,2,2.357160067442004,-2.680014996214884,2024-08,2024-01,0.3656693015874002,LTCUSDT,LTCUSDT,1.0,1.0,1.0,2024,2024-01-01T00:00:00+00:00,2025-01-01T00:00:00+00:00
next_close,pure_horizon_6,stress,6,8.0,10.0,SOLUSDT,13,12.973360655737705,2.6305391169673698,0.8809732849474773,0.6923076923076923,0.3419700852057581,-0.0368154024917246,1.7700298420445553,5.358408905345942,1,4.701283399070536,-2.0286355177647555,2024-08,2024-12,0.5543460260793664,SOLUSDT,SOLUSDT,0.9999999999999999,0.8,1.0,2024,2024-01-01T00:00:00+00:00,2025-01-01T00:00:00+00:00
next_close,pure_horizon_6,stress,6,8.0,10.0,XRPUSDT,17,16.96516393442623,0.9029644986143189,1.2291475251045947,0.5882352941176471,0.15350396476443423,-0.09556524907361819,0.8784131739363905,4.238344909248057,2,3.5450915555155005,-2.8715027255302266,2024-08,2024-12,0.24787884503034668,XRPUSDT,XRPUSDT,1.0,0.875,1.0,2024,2024-01-01T00:00:00+00:00,2025-01-01T00:00:00+00:00
next_close,pure_horizon_6,stress,6,8.0,10.0,BNBUSDT,6,5.987704918032787,2.2348774477653164,1.3562342151922135,0.8333333333333334,0.13409264686591899,-0.00787477743775207,2.1699771507851575,2.522749782272055,1,2.839348486073421,-0.7874777437752066,2024-04,2024-07,0.4365023771703867,BNBUSDT,BNBUSDT,1.0,1.0,1.0,2024,2024-01-01T00:00:00+00:00,2025-01-01T00:00:00+00:00
next_close,pure_horizon_6,stress,6,8.0,10.0,BTCUSDT,5,4.989754098360656,1.0543420430083406,0.4722423533151599,0.8,0.05271710215041703,0.0,1.3012026986581786,1.8118472103799292,1,1.498604187969187,-0.7227065368350448,2024-08,2024-04,0.9522540308262477,BTCUSDT,BTCUSDT,1.0,1.0,1.0,2024,2024-01-01T00:00:00+00:00,2025-01-01T00:00:00+00:00
next_close,pure_horizon_6,stress,6,8.0,10.0,ETHUSDT,6,5.987704918032787,0.018583406882087768,-0.4968742560513228,0.5,0.0011150044129252662,-0.036303984284915616,0.013870155508531308,3.2818568267415444,1,2.2014848389919526,-2.1643180252277765,2024-08,2024-12,54.91234966999542,ETHUSDT,ETHUSDT,1.0,0.25,1.0,2024,2024-01-01T00:00:00+00:00,2025-01-01T00:00:00+00:00
next_open,pure_horizon_6,stress,6,8.0,10.0,ADAUSDT,14,13.971311475409836,2.54414664733703,3.765760765514374,0.7857142857142857,0.3561805306271842,-0.10770364784447269,1.6259174346177103,5.854740771804912,1,4.996765003843615,-6.44878732652045,2024-04,2024-12,0.3932437475556846,ADAUSDT,ADAUSDT,0.9999999999999999,0.8571428571428571,1.0,2024,2024-01-01T00:00:00+00:00,2025-01-01T00:00:00+00:00
next_open,pure_horizon_6,stress,6,8.0,10.0,AVAXUSDT,19,18.961065573770494,3.101994884935675,2.875751854790947,0.7894736842105263,0.5893790281377782,-0.11097253540100521,2.405616169690562,5.620714724641193,1,5.215148509964737,-4.822331208923311,2024-04,2024-12,0.41256165863079824,AVAXUSDT,AVAXUSDT,1.0000000000000002,0.8571428571428571,1.0,2024,2024-01-01T00:00:00+00:00,2025-01-01T00:00:00+00:00
next_open,pure_horizon_6,stress,6,8.0,10.0,LINKUSDT,15,14.969262295081968,1.836883484039143,2.802104304107638,0.7333333333333333,0.27553252260587147,-0.17107363935165615,1.1772319711105226,6.043175276573551,1,4.711270285008585,-6.067680218626825,2024-06,2024-12,0.3752117542714343,LINKUSDT,LINKUSDT,0.9999999999999998,0.8571428571428571,1.0,2024,2024-01-01T00:00:00+00:00,2025-01-01T00:00:00+00:00
next_open,pure_horizon_6,stress,6,8.0,10.0,LTCUSDT,13,12.973360655737705,1.8195226375325355,1.3797111432654985,0.7692307692307693,0.23653794287922963,-0.07098170753716991,1.5765340578672382,4.161268913762656,1,3.471247990296291,-3.686228538346651,2024-06,2024-07,0.2661320773330866,LTCUSDT,LTCUSDT,0.9999999999999998,1.0,1.0,2024,2024-01-01T00:00:00+00:00,2025-01-01T00:00:00+00:00
next_open,pure_horizon_6,stress,6,8.0,10.0,SOLUSDT,13,12.973360655737705,3.6460606595832337,2.51928713420893,0.6153846153846154,0.47398788574582035,-0.05753225920837215,2.2403547007238025,5.867847023211207,2,6.786623805107336,-1.37884037325533,2024-08,2024-12,0.5020077671395151,SOLUSDT,SOLUSDT,1.0,0.8,1.0,2024,2024-01-01T00:00:00+00:00,2025-01-01T00:00:00+00:00
next_open,pure_horizon_6,stress,6,8.0,10.0,XRPUSDT,17,16.96516393442623,1.7336607234253003,2.4663320013319994,0.8235294117647058,0.29472232298230105,-0.13890787918480135,1.3743489648727296,5.201056255991853,1,3.6594631235364696,-7.2534171437601564,2024-06,2024-04,0.27140573047950506,XRPUSDT,XRPUSDT,0.9999999999999998,0.875,1.0,2024,2024-01-01T00:00:00+00:00,2025-01-01T00:00:00+00:00
next_open,pure_horizon_6,stress,6,8.0,10.0,BNBUSDT,6,5.987704918032787,1.5261415719919023,1.5988366688346678,0.5,0.09156849431951414,-0.028069618105059764,1.0715450797418782,3.488670889636917,2,4.479610012166069,-1.4273268681822648,2024-08,2024-07,0.6607336033961881,BNBUSDT,BNBUSDT,1.0,0.75,1.0,2024,2024-01-01T00:00:00+00:00,2025-01-01T00:00:00+00:00
next_open,pure_horizon_6,stress,6,8.0,10.0,BTCUSDT,5,4.989754098360656,0.6964872922568199,1.0250103751048112,0.8,0.034824364612841,0.0,0.48157500188529845,3.2339571714770035,1,1.9016875084087048,-4.12431357235072,2024-08,2024-04,2.1217170047544114,BTCUSDT,BTCUSDT,1.0,0.5,1.0,2024,2024-01-01T00:00:00+00:00,2025-01-01T00:00:00+00:00
next_open,pure_horizon_6,stress,6,8.0,10.0,ETHUSDT,6,5.987704918032787,-0.5222437988773784,-0.6617272099938186,0.5,-0.0313346279326427,-0.014469940692378683,-0.32745228796142445,3.90661746951348,1,2.0390393165599585,-3.083526914314715,2024-08,2024-04,,ETHUSDT,ETHUSDT,,0.25,0.0,2024,2024-01-01T00:00:00+00:00,2025-01-01T00:00:00+00:00
next_close,scaled_exit_6_12,base,12,4.0,5.0,ADAUSDT,14,13.971311475409836,2.490207354706151,2.3622192690864208,0.7857142857142857,0.3486290296588611,-0.08666285408565691,2.127179150813599,4.3802153381257645,1,4.235549897304672,-3.909381968155089,2024-04,2024-12,0.6031347548860325,ADAUSDT,ADAUSDT,1.0000000000000002,0.8571428571428571,1.0,2024,2024-01-01T00:00:00+00:00,2025-01-01T00:00:00+00:00
next_close,scaled_exit_6_12,base,12,4.0,5.0,AVAXUSDT,19,18.961065573770494,3.2737697273160262,3.148250179301318,0.7894736842105263,0.622016248190045,-0.07248575838723628,3.122922175766395,4.569448293181134,2,4.996961274566433,-3.188198574873001,2024-04,2024-01,0.5594655187803775,AVAXUSDT,AVAXUSDT,1.0,1.0,1.0,2024,2024-01-01T00:00:00+00:00,2025-01-01T00:00:00+00:00
next_close,scaled_exit_6_12,base,12,4.0,5.0,LINKUSDT,15,14.969262295081968,1.9460375712441615,2.209912054338361,0.8,0.2919056356866242,-0.10069820088099743,1.5791152714118237,4.772907488751003,1,3.8450775382865676,-5.650122296925464,2024-04,2024-12,0.5987644536229919,LINKUSDT,LINKUSDT,1.0000000000000002,0.8571428571428571,1.0,2024,2024-01-01T00:00:00+00:00,2025-01-01T00:00:00+00:00
next_close,scaled_exit_6_12,base,12,4.0,5.0,LTCUSDT,13,12.973360655737705,1.435274239784498,1.810787472831534,0.7692307692307693,0.18658565117198472,-0.06243871580589317,1.7503532576153646,2.9565202586281503,2,2.6665031415215203,-2.668822099338911,2024-04,2024-01,0.44566915539174307,LTCUSDT,LTCUSDT,0.9999999999999999,1.0,1.0,2024,2024-01-01T00:00:00+00:00,2025-01-01T00:00:00+00:00
next_close,scaled_exit_6_12,base,12,4.0,5.0,SOLUSDT,13,12.973360655737705,4.356192514078575,2.0048807613092157,0.7692307692307693,0.5663050268302148,-0.017053091666941578,2.970464354669512,5.287548881242226,1,5.990729478648891,-1.0922640344891483,2024-08,2024-12,0.5150911885599001,SOLUSDT,SOLUSDT,1.0,0.8,1.0,2024,2024-01-01T00:00:00+00:00,2025-01-01T00:00:00+00:00
next_close,scaled_exit_6_12,base,12,4.0,5.0,XRPUSDT,17,16.96516393442623,1.8723664780961122,2.223295494164198,0.7058823529411765,0.3183023012763391,-0.0784268897475334,1.9709654381782142,3.916844308640773,2,3.759120124627836,-2.6558422735800264,2024-04,2024-01,0.33130550943492765,XRPUSDT,XRPUSDT,1.0,1.0,1.0,2024,2024-01-01T00:00:00+00:00,2025-01-01T00:00:00+00:00
next_close,scaled_exit_6_12,base,12,4.0,5.0,BNBUSDT,6,5.987704918032787,3.2330726123454676,3.3213767801251044,0.8333333333333334,0.19398435674072806,-0.01558669069122251,2.4721811800609124,3.2033971722971817,1,4.191420948639012,-1.5586690691222513,2024-04,2024-07,0.560088357986094,BNBUSDT,BNBUSDT,1.0,1.0,1.0,2024,2024-01-01T00:00:00+00:00,2025-01-01T00:00:00+00:00
next_close,scaled_exit_6_12,base,12,4.0,5.0,BTCUSDT,5,4.989754098360656,1.676541805080415,1.5988725664787837,1.0,0.08382709025402074,0.0,2.3544865704804536,1.592220355079376,0,1.676541805080415,0.0,2024-08,2024-04,0.527501522436825,BTCUSDT,BTCUSDT,1.0,1.0,1.0,2024,2024-01-01T00:00:00+00:00,2025-01-01T00:00:00+00:00
next_close,scaled_exit_6_12,base,12,4.0,5.0,ETHUSDT,6,5.987704918032787,0.9998059879950092,0.7988065375770844,0.6666666666666666,0.05998835927970055,-0.01709810581545177,0.9446505226273918,2.5925085030974637,1,2.249423915369462,-1.4994298667538963,2024-08,2024-12,1.0350065879268038,ETHUSDT,ETHUSDT,1.0000000000000002,0.5,1.0,2024,2024-01-01T00:00:00+00:00,2025-01-01T00:00:00+00:00
next_open,scaled_exit_6_12,base,12,4.0,5.0,ADAUSDT,14,13.971311475409836,3.430982920100646,5.039106333507884,0.7142857142857143,0.48033760881409043,-0.07056087870290381,2.5492522867381378,5.035814875473131,1,5.942237321521385,-2.847153083451201,2024-04,2024-12,0.4772916768537445,ADAUSDT,ADAUSDT,1.0000000000000002,0.8571428571428571,1.0,2024,2024-01-01T00:00:00+00:00,2025-01-01T00:00:00+00:00
next_open,scaled_exit_6_12,base,12,4.0,5.0,AVAXUSDT,19,18.961065573770494,4.379660831304596,5.286013868945075,0.7368421052631579,0.8321355579478732,-0.05789851240482005,3.7065827313032345,5.150431099086207,2,6.778698561086202,-2.3376448120839073,2024-04,2024-07,0.44741539422726934,AVAXUSDT,AVAXUSDT,1.0,1.0,1.0,2024,2024-01-01T00:00:00+00:00,2025-01-01T00:00:00+00:00
next_open,scaled_exit_6_12,base,12,4.0,5.0,LINKUSDT,15,14.969262295081968,2.8338247802860774,3.9902153525814636,0.7333333333333333,0.42507371704291164,-0.09657622651948203,2.0733022259295293,5.29365957497936,1,5.469175196706288,-4.413388864869498,2024-04,2024-07,0.31209799190658827,LINKUSDT,LINKUSDT,1.0000000000000002,1.0,1.0,2024,2024-01-01T00:00:00+00:00,2025-01-01T00:00:00+00:00
next_open,scaled_exit_6_12,base,12,4.0,5.0,LTCUSDT,13,12.973360655737705,2.441318043918972,2.5778617505144674,0.7692307692307693,0.31737134570946635,-0.04349495258011157,2.4368116266497317,3.6122190532910428,1,3.9006121790083816,-2.4229957397123925,2024-04,2024-07,0.30369127836913784,LTCUSDT,LTCUSDT,1.0000000000000002,1.0,1.0,2024,2024-01-01T00:00:00+00:00,2025-01-01T00:00:00+00:00
next_open,scaled_exit_6_12,base,12,4.0,5.0,SOLUSDT,13,12.973360655737705,5.369806038656147,3.942139415729043,0.8461538461538461,0.6980747850252991,-0.007478509443566331,3.540207551815103,5.468919753516781,2,6.414120858807869,-0.37392547217831634,2024-08,2024-12,0.4899291063557268,SOLUSDT,SOLUSDT,1.0000000000000002,1.0,1.0,2024,2024-01-01T00:00:00+00:00,2025-01-01T00:00:00+00:00
next_open,scaled_exit_6_12,base,12,4.0,5.0,XRPUSDT,17,16.96516393442623,2.694082786290324,3.2390789891364595,0.8235294117647058,0.4579940736693551,-0.09117470696209687,2.4155526745680147,4.5985285309581725,1,4.226473700618644,-4.457074813908512,2024-12,2024-07,0.196460914653183,XRPUSDT,XRPUSDT,0.9999999999999999,1.0,1.0,2024,2024-01-01T00:00:00+00:00,2025-01-01T00:00:00+00:00
next_open,scaled_exit_6_12,base,12,4.0,5.0,BNBUSDT,6,5.987704918032787,2.499829862008505,2.2886779756445566,0.6666666666666666,0.1499897917205103,-0.018277130844922884,1.7849443682820099,3.4305313456836415,2,4.206673064135829,-0.9138565422461445,2024-08,2024-07,0.39847634606662224,BNBUSDT,BNBUSDT,1.0,0.75,1.0,2024,2024-01-01T00:00:00+00:00,2025-01-01T00:00:00+00:00
next_open,scaled_exit_6_12,base,12,4.0,5.0,BTCUSDT,5,4.989754098360656,1.300173757376516,1.3120721621671685,0.8,0.0650086878688258,0.0,1.218066456529949,2.386796622195405,1,2.095071114636035,-1.8794156716615587,2024-08,2024-04,1.0436333022461959,BTCUSDT,BTCUSDT,1.0,0.5,1.0,2024,2024-01-01T00:00:00+00:00,2025-01-01T00:00:00+00:00
next_open,scaled_exit_6_12,base,12,4.0,5.0,ETHUSDT,6,5.987704918032787,0.4454843460571102,0.7358987908049726,0.6666666666666666,0.026729060763426613,-0.015688824713540914,0.35640780817992546,3.061687514114415,1,2.0380175195265653,-2.739582000881799,2024-08,2024-04,2.298125959276638,ETHUSDT,ETHUSDT,1.0,0.5,1.0,2024,2024-01-01T00:00:00+00:00,2025-01-01T00:00:00+00:00
next_close,scaled_exit_6_12,stress,12,8.0,10.0,ADAUSDT,14,13.971311475409836,2.3076883555915,2.1798281941592603,0.7857142857142857,0.32307636978281,-0.08837653484803043,1.9732404500283003,4.37583730961288,1,4.051286427010776,-4.085504572945847,2024-04,2024-12,0.6111806218622237,ADAUSDT,ADAUSDT,0.9999999999999998,0.8571428571428571,1.0,2024,2024-01-01T00:00:00+00:00,2025-01-01T00:00:00+00:00
next_close,scaled_exit_6_12,stress,12,8.0,10.0,AVAXUSDT,19,18.961065573770494,3.0904675570227744,2.9650734658903826,0.7894736842105263,0.5871888358343271,-0.0742136091673844,2.951015677510745,4.564881126187866,2,4.811936773030387,-3.3650420030057755,2024-04,2024-01,0.5705944956397829,AVAXUSDT,AVAXUSDT,0.9999999999999998,1.0,1.0,2024,2024-01-01T00:00:00+00:00,2025-01-01T00:00:00+00:00
next_close,scaled_exit_6_12,stress,12,8.0,10.0,LINKUSDT,15,14.969262295081968,1.7640624702358738,2.027673210586483,0.8,0.2646093705353811,-0.10239785330373119,1.4328834553783307,4.768136964139295,1,3.661204345408126,-5.824505030453133,2024-04,2024-12,0.6190492066551362,LINKUSDT,LINKUSDT,0.9999999999999998,0.8571428571428571,1.0,2024,2024-01-01T00:00:00+00:00,2025-01-01T00:00:00+00:00
next_close,scaled_exit_6_12,stress,12,8.0,10.0,LTCUSDT,13,12.973360655737705,1.2538096471087528,1.6289475543979464,0.7692307692307693,0.16299525412413784,-0.06597690896260558,1.5305824128277368,2.9535652144141085,2,2.483807934635836,-2.846184644648189,2024-04,2024-01,0.4544356475900946,LTCUSDT,LTCUSDT,1.0000000000000002,1.0,1.0,2024,2024-01-01T00:00:00+00:00,2025-01-01T00:00:00+00:00
next_close,scaled_exit_6_12,stress,12,8.0,10.0,SOLUSDT,13,12.973360655737705,4.1718084613988085,1.8228468464883512,0.7692307692307693,0.5423350999818451,-0.018836347439016632,2.847580014597408,5.282263972173064,1,5.804711705048156,-1.2712023507656776,2024-08,2024-12,0.5240412705510855,SOLUSDT,SOLUSDT,1.0000000000000002,0.8,1.0,2024,2024-01-01T00:00:00+00:00,2025-01-01T00:00:00+00:00
next_close,scaled_exit_6_12,stress,12,8.0,10.0,XRPUSDT,17,16.96516393442623,1.6904650114006274,2.0410432736541964,0.7058823529411765,0.28737905193810664,-0.08014880236243477,1.7812654026195,3.9129294198190965,2,3.575332846248754,-2.833217792234879,2024-04,2024-01,0.3352659180325042,XRPUSDT,XRPUSDT,1.0,1.0,1.0,2024,2024-01-01T00:00:00+00:00,2025-01-01T00:00:00+00:00
next_close,scaled_exit_6_12,stress,12,8.0,10.0,BNBUSDT,6,5.987704918032787,3.0498111188491346,3.1380270265468955,0.8333333333333334,0.18298866713094808,-0.017371412132171526,2.3343828044855344,3.200195374422934,1,4.007201585262392,-1.7371412132171533,2024-04,2024-07,0.5734736836450502,BNBUSDT,BNBUSDT,1.0,1.0,1.0,2024,2024-01-01T00:00:00+00:00,2025-01-01T00:00:00+00:00
next_close,scaled_exit_6_12,stress,12,8.0,10.0,BTCUSDT,5,4.989754098360656,1.4948360652923547,1.4172444571529097,0.8,0.07474180326461773,-0.0007390381096681956,2.1014046676278015,1.5906289296412892,1,1.8870210343571479,-0.07390381096681983,2024-08,2024-04,0.5187701947976215,BTCUSDT,BTCUSDT,0.9999999999999998,1.0,1.0,2024,2024-01-01T00:00:00+00:00,2025-01-01T00:00:00+00:00
next_close,scaled_exit_6_12,stress,12,8.0,10.0,ETHUSDT,6,5.987704918032787,0.818776646163256,0.617978094846643,0.6666666666666666,0.04912659876979535,-0.018881316595851357,0.7743818711888665,2.589917288905848,1,2.0671455794828613,-1.6779612204759549,2024-08,2024-12,1.1892882973199843,ETHUSDT,ETHUSDT,1.0,0.5,1.0,2024,2024-01-01T00:00:00+00:00,2025-01-01T00:00:00+00:00
next_open,scaled_exit_6_12,stress,12,8.0,10.0,ADAUSDT,14,13.971311475409836,3.2475236151033933,4.854039707953843,0.7142857142857143,0.4546533061144751,-0.0722906534017389,2.4153544618607774,5.030781574731379,1,5.75626801586804,-3.0243373868082233,2024-04,2024-12,0.47603281604308145,ADAUSDT,ADAUSDT,0.9999999999999999,0.8571428571428571,1.0,2024,2024-01-01T00:00:00+00:00,2025-01-01T00:00:00+00:00
next_open,scaled_exit_6_12,stress,12,8.0,10.0,AVAXUSDT,19,18.961065573770494,4.195253322024178,5.100700459124334,0.7368421052631579,0.7970981311845939,-0.05964094314825903,3.5540677592690684,5.145283239343063,2,6.591893211797088,-2.5153383693399722,2024-04,2024-07,0.4508052620112758,AVAXUSDT,AVAXUSDT,0.9999999999999999,1.0,1.0,2024,2024-01-01T00:00:00+00:00,2025-01-01T00:00:00+00:00
next_open,scaled_exit_6_12,stress,12,8.0,10.0,LINKUSDT,15,14.969262295081968,2.6509623352970655,3.806197094348866,0.7333333333333333,0.39764435029455986,-0.10188059955862958,1.9414556423035614,5.288368558267227,1,5.283678717001196,-4.589007714389294,2024-04,2024-07,0.30612846099975355,LINKUSDT,LINKUSDT,0.9999999999999997,1.0,1.0,2024,2024-01-01T00:00:00+00:00,2025-01-01T00:00:00+00:00
next_open,scaled_exit_6_12,stress,12,8.0,10.0,LTCUSDT,13,12.973360655737705,2.2588479097070957,2.3952551407655225,0.7692307692307693,0.29365022826192244,-0.04525177969238882,2.2569341205282694,3.6086086376403697,1,3.7166834792149217,-2.600603988652326,2024-04,2024-07,0.29724163223889366,LTCUSDT,LTCUSDT,1.0,1.0,1.0,2024,2024-01-01T00:00:00+00:00,2025-01-01T00:00:00+00:00
next_open,scaled_exit_6_12,stress,12,8.0,10.0,SOLUSDT,13,12.973360655737705,5.184408878498985,3.758169209431354,0.8461538461538461,0.673973154204868,-0.011071635367723619,3.421398539404082,5.463453564124866,2,6.227679905205378,-0.5535817683861809,2024-08,2024-12,0.49625732969036274,SOLUSDT,SOLUSDT,0.9999999999999999,1.0,1.0,2024,2024-01-01T00:00:00+00:00,2025-01-01T00:00:00+00:00
next_open,scaled_exit_6_12,stress,12,8.0,10.0,XRPUSDT,17,16.96516393442623,2.5113600135290253,3.0558114922620105,0.8235294117647058,0.42693120229993425,-0.09648447882408959,2.2539737043333163,4.593932298245452,1,4.04221930199014,-4.632649999289504,2024-06,2024-07,0.20585832625105174,XRPUSDT,XRPUSDT,0.9999999999999999,1.0,1.0,2024,2024-01-01T00:00:00+00:00,2025-01-01T00:00:00+00:00
next_open,scaled_exit_6_12,stress,12,8.0,10.0,BNBUSDT,6,5.987704918032787,2.3173012451906017,2.1063604052953004,0.6666666666666666,0.1390380747114361,-0.021859463538897422,1.6562695706531485,3.427102527032878,2,4.022438456258338,-1.0929731769448707,2024-08,2024-07,0.4035372758385095,BNBUSDT,BNBUSDT,1.0,0.75,1.0,2024,2024-01-01T00:00:00+00:00,2025-01-01T00:00:00+00:00
next_open,scaled_exit_6_12,stress,12,8.0,10.0,BTCUSDT,5,4.989754098360656,1.118844197734179,1.130730710060328,0.8,0.05594220988670895,0.0,1.0492367567235252,2.384411017182912,1,1.9129470544894407,-2.057567229286867,2024-08,2024-04,1.1150170740807295,BTCUSDT,BTCUSDT,1.0,0.5,1.0,2024,2024-01-01T00:00:00+00:00,2025-01-01T00:00:00+00:00
next_open,scaled_exit_6_12,stress,12,8.0,10.0,ETHUSDT,6,5.987704918032787,0.265009049121878,0.555133224414588,0.6666666666666666,0.01590054294731268,-0.017473444071458014,0.2122314594734245,3.058627355149711,1,1.8559504844910468,-2.9168738216164596,2024-08,2024-04,3.632879192736056,ETHUSDT,ETHUSDT,1.0,0.5,1.0,2024,2024-01-01T00:00:00+00:00,2025-01-01T00:00:00+00:00
next_close,pure_horizon_12,base,12,4.0,5.0,XRPUSDT,12,12.008219178082191,2.6699258893301767,2.7872590401320863,0.75,0.32039110671962123,-0.11564416334471572,1.1914006141958982,7.763043325077558,1,5.492930912809571,-5.799089181108002,2025-10,2025-04,0.8800535250750926,XRPUSDT,XRPUSDT,1.0000000000000002,0.8333333333333334,1.0,2025,2025-01-01T00:00:00+00:00,2026-01-01T00:00:00+00:00
next_close,pure_horizon_12,base,12,4.0,5.0,ADAUSDT,16,16.01095890410959,2.2764248573937724,1.428528682655308,0.625,0.3642279771830036,-0.35101636313352613,0.7045450136403033,12.924226633195493,2,8.204926274681338,-7.6044108380855056,2025-10,2025-02,1.476287931254194,ADAUSDT,ADAUSDT,1.0000000000000002,0.625,1.0,2025,2025-01-01T00:00:00+00:00,2026-01-01T00:00:00+00:00
next_close,pure_horizon_12,base,12,4.0,5.0,AVAXUSDT,19,19.013013698630136,-0.8261170083910246,0.25451859246651504,0.5263157894736842,-0.1569622315942947,-0.3730901435844669,-0.5330765915476849,6.755052861469542,3,3.859843382122367,-6.032739664517016,2025-10,2025-02,,AVAXUSDT,AVAXUSDT,,0.625,0.0,2025,2025-01-01T00:00:00+00:00,2026-01-01T00:00:00+00:00
next_close,pure_horizon_12,base,12,4.0,5.0,LTCUSDT,12,12.008219178082191,-0.787801586551601,0.07189867526966828,0.5833333333333334,-0.09453619038619211,-0.1597906960983186,-0.5674895865652869,4.808942424651039,2,1.8575222725317035,-4.491254989268227,2025-03,2025-02,,LTCUSDT,LTCUSDT,,0.6666666666666666,0.0,2025,2025-01-01T00:00:00+00:00,2026-01-01T00:00:00+00:00
next_close,pure_horizon_12,base,12,4.0,5.0,SOLUSDT,12,12.008219178082191,0.3515652535396546,0.23248296501117374,0.5833333333333334,0.04218783042475856,-0.07662836106884079,0.38314945125880007,3.1785449740613725,3,2.1694576076886083,-2.1934840422688806,2025-10,2025-02,1.5458906524053047,SOLUSDT,SOLUSDT,0.9999999999999997,0.8333333333333334,1.0,2025,2025-01-01T00:00:00+00:00,2026-01-01T00:00:00+00:00
next_close,pure_horizon_12,base,12,4.0,5.0,LINKUSDT,16,16.01095890410959,1.386498675310332,0.13019760977307732,0.5,0.22183978804965315,-0.22346670770050633,0.5820706737171094,9.528043503419523,5,6.146266246833462,-3.3732688962127972,2025-10,2025-02,1.928237250170338,LINKUSDT,LINKUSDT,1.0,0.5555555555555556,1.0,2025,2025-01-01T00:00:00+00:00,2026-01-01T00:00:00+00:00
next_close,pure_horizon_12,base,12,4.0,5.0,BNBUSDT,3,3.002054794520548,5.230861473176742,1.617344033183845,1.0,0.15692584419530226,0.0,1.342710425417946,6.747633493704762,0,5.230861473176742,0.0,2025-10,2025-02,0.9324813981816918,BNBUSDT,BNBUSDT,1.0,1.0,1.0,2025,2025-01-01T00:00:00+00:00,2026-01-01T00:00:00+00:00
next_close,pure_horizon_12,base,12,4.0,5.0,ETHUSDT,8,8.005479452054795,1.9286331560204206,1.169432818169638,1.0,0.15429065248163365,0.0,2.7896894558606355,1.9554141844401494,0,1.9286331560204206,0.0,2025-10,2025-02,0.6852794933278494,ETHUSDT,ETHUSDT,0.9999999999999998,1.0,1.0,2025,2025-01-01T00:00:00+00:00,2026-01-01T00:00:00+00:00
next_close,pure_horizon_12,base,12,4.0,5.0,BTCUSDT,1,1.0006849315068493,1.2658438046100253,1.2658438046100253,1.0,0.012658438046100253,0.0,0.0,0.0,0,1.2658438046100253,0.0,2025-03,2025-03,1.0,BTCUSDT,BTCUSDT,1.0,1.0,1.0,2025,2025-01-01T00:00:00+00:00,2026-01-01T00:00:00+00:00
next_open,pure_horizon_12,base,12,4.0,5.0,XRPUSDT,12,12.008219178082191,2.796285616173588,2.6766248175482255,0.8333333333333334,0.33555427394083054,-0.08300642593750304,1.3643197025051603,7.099961615731895,1,4.735100203945509,-6.897787322686014,2025-10,2025-04,0.5804784194790502,XRPUSDT,XRPUSDT,1.0,0.8333333333333334,1.0,2025,2025-01-01T00:00:00+00:00,2026-01-01T00:00:00+00:00
next_open,pure_horizon_12,base,12,4.0,5.0,ADAUSDT,16,16.01095890410959,1.6162618547126015,1.6948668716460633,0.5625,0.25860189675401624,-0.2970149790491988,0.5135954017407497,12.587821847583056,3,8.222568527009782,-6.87756100966949,2025-10,2025-02,1.4120243562814685,ADAUSDT,ADAUSDT,0.9999999999999998,0.625,1.0,2025,2025-01-01T00:00:00+00:00,2026-01-01T00:00:00+00:00
next_open,pure_horizon_12,base,12,4.0,5.0,AVAXUSDT,19,19.013013698630136,-0.7446426215471692,0.9595565954376408,0.5263157894736842,-0.14148209809396214,-0.44628225031926605,-0.4483678113947166,7.239194817042483,3,4.337161474632585,-6.391091617302452,2025-03,2025-02,,AVAXUSDT,AVAXUSDT,,0.625,0.0,2025,2025-01-01T00:00:00+00:00,2026-01-01T00:00:00+00:00
next_open,pure_horizon_12,base,12,4.0,5.0,LTCUSDT,12,12.008219178082191,0.6298881319220812,0.8657862002670293,0.5833333333333334,0.07558657583064973,-0.10854682818168662,0.46495887790116436,4.692880594079566,4,3.417016752327266,-3.272091936645178,2025-03,2025-02,1.463465501766361,LTCUSDT,LTCUSDT,0.9999999999999997,0.6666666666666666,1.0,2025,2025-01-01T00:00:00+00:00,2026-01-01T00:00:00+00:00
next_open,pure_horizon_12,base,12,4.0,5.0,SOLUSDT,12,12.008219178082191,1.1145501402894282,0.9122953867053887,0.6666666666666666,0.1337460168347314,-0.05608784898764227,1.1444050562848365,3.373731110261416,3,2.7558856787889496,-2.1681209367096144,2025-10,2025-11,0.3996272439576133,SOLUSDT,SOLUSDT,0.9999999999999998,1.0,1.0,2025,2025-01-01T00:00:00+00:00,2026-01-01T00:00:00+00:00
next_open,pure_horizon_12,base,12,4.0,5.0,LINKUSDT,16,16.01095890410959,0.9403435365634945,-0.2742153591793283,0.4375,0.1504549658501591,-0.27157906121982467,0.3826760763182903,9.829133251396307,5,6.770871854325497,-3.5945118216958414,2025-10,2025-02,1.8705546599428093,LINKUSDT,LINKUSDT,1.0000000000000002,0.5555555555555556,1.0,2025,2025-01-01T00:00:00+00:00,2026-01-01T00:00:00+00:00
next_open,pure_horizon_12,base,12,4.0,5.0,BNBUSDT,3,3.002054794520548,4.135626589713172,-0.2274664044638918,0.3333333333333333,0.12406879769139516,-0.0022746640446389185,0.8981546440057278,7.975369745424753,2,13.340639981388646,-0.46688010612456526,2025-10,2025-02,1.0569275934745537,BNBUSDT,BNBUSDT,1.0,0.5,1.0,2025,2025-01-01T00:00:00+00:00,2026-01-01T00:00:00+00:00
next_open,pure_horizon_12,base,12,4.0,5.0,ETHUSDT,8,8.005479452054795,1.3510945935207264,1.6001644639625743,0.75,0.10808756748165811,-0.0012230683072854479,2.498952090383398,1.5292300365092821,1,2.0642966444306396,-0.7885115592090128,2025-03,2025-02,0.6559267820751808,ETHUSDT,ETHUSDT,1.0,0.6666666666666666,1.0,2025,2025-01-01T00:00:00+00:00,2026-01-01T00:00:00+00:00
next_open,pure_horizon_12,base,12,4.0,5.0,BTCUSDT,1,1.0006849315068493,-0.02423479104748154,-0.02423479104748154,0.0,-0.0002423479104748154,0.0,0.0,0.0,1,0.0,-0.02423479104748154,2025-03,2025-03,,BTCUSDT,BTCUSDT,,0.0,0.0,2025,2025-01-01T00:00:00+00:00,2026-01-01T00:00:00+00:00
next_close,pure_horizon_12,stress,12,8.0,10.0,XRPUSDT,12,12.008219178082191,2.487227261405498,2.6044431376352644,0.75,0.29846727136865975,-0.12272977831669232,1.1109854646866988,7.755284157456713,1,5.307410689248432,-5.973323022123303,2025-10,2025-04,0.9256579456801821,XRPUSDT,XRPUSDT,1.0,0.6666666666666666,1.0,2025,2025-01-01T00:00:00+00:00,2026-01-01T00:00:00+00:00
next_close,pure_horizon_12,stress,12,8.0,10.0,ADAUSDT,16,16.01095890410959,2.0941195340453973,1.2470708321689772,0.625,0.3350591254472636,-0.3542661227154813,0.6487706418973015,12.91130885899051,2,8.01669540972371,-7.77684025875179,2025-10,2025-02,1.581711072384176,ADAUSDT,ADAUSDT,0.9999999999999996,0.625,1.0,2025,2025-01-01T00:00:00+00:00,2026-01-01T00:00:00+00:00
next_close,pure_horizon_12,stress,12,8.0,10.0,AVAXUSDT,19,19.013013698630136,-1.005321338819585,0.07423416594510193,0.5263157894736842,-0.19101105437572113,-0.3961211442560471,-0.6493625586822415,6.748301181072429,3,3.6759554307719426,-6.20673997169906,2025-10,2025-02,,AVAXUSDT,AVAXUSDT,,0.625,0.0,2025,2025-01-01T00:00:00+00:00,2026-01-01T00:00:00+00:00
next_close,pure_horizon_12,stress,12,8.0,10.0,LTCUSDT,12,12.008219178082191,-0.9670442132730053,-0.10820322250765887,0.3333333333333333,-0.11604530559276062,-0.16863248692770128,-0.6973032201061009,4.804135883093891,5,2.9939486325080966,-2.9475406361635557,2025-03,2025-02,,LTCUSDT,LTCUSDT,,0.5,0.0,2025,2025-01-01T00:00:00+00:00,2026-01-01T00:00:00+00:00
next_close,pure_horizon_12,stress,12,8.0,10.0,SOLUSDT,12,12.008219178082191,0.17118382880777305,0.052220563115916864,0.5,0.020542059456932767,-0.08233183279097622,0.18674943341200556,3.1753680159778703,3,2.3318353692047387,-1.9894677115891928,2025-10,2025-02,2.9087485878207877,SOLUSDT,SOLUSDT,1.0000000000000004,0.6666666666666666,1.0,2025,2025-01-01T00:00:00+00:00,2026-01-01T00:00:00+00:00
next_close,pure_horizon_12,stress,12,8.0,10.0,LINKUSDT,16,16.01095890410959,1.2050828338478363,-0.049962557832973056,0.5,0.1928132534156538,-0.24124635605845068,0.5064160421579695,9.51852021679777,5,5.960093014116376,-3.5499273464207026,2025-10,2025-02,2.1696158720582384,LINKUSDT,LINKUSDT,1.0000000000000004,0.5555555555555556,1.0,2025,2025-01-01T00:00:00+00:00,2026-01-01T00:00:00+00:00
next_close,pure_horizon_12,stress,12,8.0,10.0,BNBUSDT,3,3.002054794520548,5.0456031882169015,1.4356974616131435,1.0,0.15136809564650705,0.0,1.2964522602245523,6.740889228971303,0,5.0456031882169015,0.0,2025-10,2025-02,0.9419658212788671,BNBUSDT,BNBUSDT,1.0,1.0,1.0,2025,2025-01-01T00:00:00+00:00,2026-01-01T00:00:00+00:00
next_close,pure_horizon_12,stress,12,8.0,10.0,ETHUSDT,8,8.005479452054795,1.7466754507381874,0.9882339341940095,1.0,0.139734036059055,0.0,2.529022792434891,1.9534597464974626,0,1.7466754507381874,0.0,2025-10,2025-02,0.7172600355741043,ETHUSDT,ETHUSDT,1.0000000000000002,1.0,1.0,2025,2025-01-01T00:00:00+00:00,2026-01-01T00:00:00+00:00
next_close,pure_horizon_12,stress,12,8.0,10.0,BTCUSDT,1,1.0006849315068493,1.084548557781222,1.084548557781222,1.0,0.01084548557781222,0.0,0.0,0.0,0,1.084548557781222,0.0,2025-03,2025-03,1.0,BTCUSDT,BTCUSDT,1.0,1.0,1.0,2025,2025-01-01T00:00:00+00:00,2026-01-01T00:00:00+00:00
next_open,pure_horizon_12,stress,12,8.0,10.0,XRPUSDT,12,12.008219178082191,2.61346069160724,2.4939194940397695,0.8333333333333334,0.3136152829928688,-0.0847237613025506,1.2763943976346024,7.092865198776427,1,4.550337432745779,-7.070923014085456,2025-10,2025-04,0.6032436524193436,XRPUSDT,XRPUSDT,1.0,0.8333333333333334,1.0,2025,2025-01-01T00:00:00+00:00,2026-01-01T00:00:00+00:00
next_open,pure_horizon_12,stress,12,8.0,10.0,ADAUSDT,16,16.01095890410959,1.4346163647801142,1.513142815940254,0.5625,0.22953861836481826,-0.30031871305501345,0.45633048097377327,12.575240310213387,3,8.034320028607725,-7.0507169172839586,2025-10,2025-02,1.5578468149297644,ADAUSDT,ADAUSDT,0.9999999999999996,0.625,1.0,2025,2025-01-01T00:00:00+00:00,2026-01-01T00:00:00+00:00
next_open,pure_horizon_12,stress,12,8.0,10.0,AVAXUSDT,19,19.013013698630136,-0.9239283856864335,0.7785674829039292,0.5263157894736842,-0.17554639328042237,-0.471040395775291,-0.5568768203236892,7.231959236397969,3,4.152796443491005,-6.564733751439143,2025-03,2025-02,,AVAXUSDT,AVAXUSDT,,0.5,0.0,2025,2025-01-01T00:00:00+00:00,2026-01-01T00:00:00+00:00
next_open,pure_horizon_12,stress,12,8.0,10.0,LTCUSDT,12,12.008219178082191,0.44922852326468604,0.6848908113135367,0.5833333333333334,0.053907422791762326,-0.11563953694547716,0.33193476251666904,4.68819005640905,4,3.2335714065251646,-3.4488515132999846,2025-03,2025-02,1.949766405287926,LTCUSDT,LTCUSDT,0.9999999999999998,0.6666666666666666,1.0,2025,2025-01-01T00:00:00+00:00,2026-01-01T00:00:00+00:00
next_open,pure_horizon_12,stress,12,8.0,10.0,SOLUSDT,12,12.008219178082191,0.9334061115914772,0.7313535117852089,0.5833333333333334,0.11200873339097726,-0.06683359124039896,0.9593676987628467,3.3703590634885225,3,2.9529960282434264,-1.8940197717212517,2025-10,2025-11,0.4284864914295888,SOLUSDT,SOLUSDT,1.0,0.8333333333333334,1.0,2025,2025-01-01T00:00:00+00:00,2026-01-01T00:00:00+00:00
next_open,pure_horizon_12,stress,12,8.0,10.0,LINKUSDT,16,16.01095890410959,0.7593736274965062,-0.4539713157198599,0.4375,0.12149978039944098,-0.29111092159434804,0.30933892620606745,9.819309025345826,5,6.584074327835649,-3.770949139433938,2025-10,2025-02,2.239933612280532,LINKUSDT,LINKUSDT,1.0000000000000002,0.5555555555555556,1.0,2025,2025-01-01T00:00:00+00:00,2026-01-01T00:00:00+00:00
next_open,pure_horizon_12,stress,12,8.0,10.0,BNBUSDT,3,3.002054794520548,3.9514629928401055,-0.4072690866196947,0.3333333333333333,0.11854388978520317,-0.004072690866196948,0.8590175061952441,7.967398357387665,2,13.147275966732602,-0.6464434941061424,2025-10,2025-02,1.074708017696846,BNBUSDT,BNBUSDT,1.0,0.5,1.0,2025,2025-01-01T00:00:00+00:00,2026-01-01T00:00:00+00:00
next_open,pure_horizon_12,stress,12,8.0,10.0,ETHUSDT,8,8.005479452054795,1.1697141384645107,1.4185350633842122,0.75,0.09357713107716085,-0.0030221461995709256,2.1656397182063136,1.5277015699418186,1,1.8822033433900816,-0.9677534763122008,2025-03,2025-02,0.6799253840506113,ETHUSDT,ETHUSDT,1.0,0.6666666666666666,1.0,2025,2025-01-01T00:00:00+00:00,2026-01-01T00:00:00+00:00
next_open,pure_horizon_12,stress,12,8.0,10.0,BTCUSDT,1,1.0006849315068493,-0.204240603353185,-0.204240603353185,0.0,-0.00204240603353185,0.0,0.0,0.0,1,0.0,-0.204240603353185,2025-03,2025-03,,BTCUSDT,BTCUSDT,,0.0,0.0,2025,2025-01-01T00:00:00+00:00,2026-01-01T00:00:00+00:00
next_close,pure_horizon_6,base,6,4.0,5.0,XRPUSDT,12,12.008219178082191,2.2953600025943666,1.605822545225368,0.75,0.27544320031132397,-0.11700940709629301,1.0847435069448232,7.3301755128313495,1,4.574134685585117,-4.540964046377883,2025-10,2025-02,0.861509145308041,XRPUSDT,XRPUSDT,1.0,1.0,1.0,2025,2025-01-01T00:00:00+00:00,2026-01-01T00:00:00+00:00
next_close,pure_horizon_6,base,6,4.0,5.0,ADAUSDT,16,16.01095890410959,2.0742160032822743,1.2435085746013843,0.6875,0.3318745605251639,-0.2214887001650497,0.7541670019748735,11.001361755954317,2,6.116393430256954,-6.818574336062023,2025-10,2025-02,1.1185888192537672,ADAUSDT,ADAUSDT,0.9999999999999998,0.75,1.0,2025,2025-01-01T00:00:00+00:00,2026-01-01T00:00:00+00:00
next_close,pure_horizon_6,base,6,4.0,5.0,AVAXUSDT,19,19.013013698630136,-0.3896571520678904,0.7004673606793599,0.631578947368421,-0.07403485889289918,-0.20071926476859347,-0.29151553139650804,5.8263658898557775,2,2.5724640611627954,-5.467579231891925,2025-03,2025-02,,AVAXUSDT,AVAXUSDT,,0.625,0.0,2025,2025-01-01T00:00:00+00:00,2026-01-01T00:00:00+00:00
next_close,pure_horizon_6,base,6,4.0,5.0,LTCUSDT,12,12.008219178082191,-0.46103812226018476,-0.08345589387086844,0.5,-0.05532457467122217,-0.15455424775027693,-0.3262567973748124,4.895171278613432,2,2.4333766840981386,-3.3554529286185066,2025-03,2025-02,,LTCUSDT,LTCUSDT,,0.6666666666666666,0.0,2025,2025-01-01T00:00:00+00:00,2026-01-01T00:00:00+00:00
next_close,pure_horizon_6,base,6,4.0,5.0,SOLUSDT,12,12.008219178082191,0.21847305138328488,0.7010184134778519,0.5833333333333334,0.026216766165994186,-0.09254633776154508,0.20650218970040177,3.664914407246299,3,2.5141919235079637,-2.995533369591265,2025-10,2025-02,2.2793382294202904,SOLUSDT,SOLUSDT,0.9999999999999998,0.8333333333333334,1.0,2025,2025-01-01T00:00:00+00:00,2026-01-01T00:00:00+00:00
next_close,pure_horizon_6,base,6,4.0,5.0,LINKUSDT,16,16.01095890410959,1.1292820506200723,0.6006913457270691,0.625,0.18068512809921156,-0.19339201616667295,0.517772149256873,8.724162180147097,2,4.626907533700216,-4.7000937545134995,2025-10,2025-02,1.4495995271454596,LINKUSDT,LINKUSDT,1.0000000000000002,0.6666666666666666,1.0,2025,2025-01-01T00:00:00+00:00,2026-01-01T00:00:00+00:00
next_close,pure_horizon_6,base,6,4.0,5.0,BNBUSDT,3,3.002054794520548,5.1404745035360575,1.916656116201456,1.0,0.15421423510608173,0.0,1.3410536250128853,6.6392296691724795,0,5.1404745035360575,0.0,2025-10,2025-02,0.8757147085103384,BNBUSDT,BNBUSDT,1.0,1.0,1.0,2025,2025-01-01T00:00:00+00:00,2026-01-01T00:00:00+00:00
next_close,pure_horizon_6,base,6,4.0,5.0,ETHUSDT,8,8.005479452054795,1.943468258743254,1.398530452705362,0.875,0.1554774606994603,-0.0009472350114041253,2.475721703259787,2.2203458215335,1,2.234638510155206,-0.09472350114041231,2025-10,2025-02,0.6587374516545428,ETHUSDT,ETHUSDT,1.0,1.0,1.0,2025,2025-01-01T00:00:00+00:00,2026-01-01T00:00:00+00:00
next_close,pure_horizon_6,base,6,4.0,5.0,BTCUSDT,1,1.0006849315068493,2.2413766162620385,2.2413766162620385,1.0,0.022413766162620384,0.0,0.0,0.0,0,2.2413766162620385,0.0,2025-03,2025-03,1.0,BTCUSDT,BTCUSDT,1.0,1.0,1.0,2025,2025-01-01T00:00:00+00:00,2026-01-01T00:00:00+00:00
next_open,pure_horizon_6,base,6,4.0,5.0,XRPUSDT,12,12.008219178082191,2.4410506740415654,1.7106705031109468,0.6666666666666666,0.29292608088498784,-0.07776211987752388,1.2055190948584575,7.014445161960153,1,5.437236193931449,-3.551320365738203,2025-10,2025-04,0.5216372140826063,XRPUSDT,XRPUSDT,0.9999999999999998,1.0,1.0,2025,2025-01-01T00:00:00+00:00,2026-01-01T00:00:00+00:00
next_open,pure_horizon_6,base,6,4.0,5.0,ADAUSDT,16,16.01095890410959,1.504482846187008,1.470818316659175,0.6875,0.24071725538992128,-0.27859444305046943,0.5315175833046156,11.322168021860383,3,5.934361867739168,-8.241251001227742,2025-10,2025-02,0.8740567472515229,ADAUSDT,ADAUSDT,1.0,0.75,1.0,2025,2025-01-01T00:00:00+00:00,2026-01-01T00:00:00+00:00
next_open,pure_horizon_6,base,6,4.0,5.0,AVAXUSDT,19,19.013013698630136,-0.27382879723469283,1.0998881516241756,0.6842105263157895,-0.052027471474591636,-0.3264757586485372,-0.1730784352563373,6.896249398196547,3,3.027217907530132,-7.426096657558483,2025-03,2025-02,,AVAXUSDT,AVAXUSDT,,0.625,0.0,2025,2025-01-01T00:00:00+00:00,2026-01-01T00:00:00+00:00
next_open,pure_horizon_6,base,6,4.0,5.0,LTCUSDT,12,12.008219178082191,0.9618450778057857,1.1094385222034453,0.6666666666666666,0.11542140933669429,-0.12382473993839797,0.6904060772716117,4.826042523708132,3,3.213046181441043,-3.5405571294647276,2025-03,2025-02,0.7718987101614377,LTCUSDT,LTCUSDT,1.0,0.8333333333333334,1.0,2025,2025-01-01T00:00:00+00:00,2026-01-01T00:00:00+00:00
next_open,pure_horizon_6,base,6,4.0,5.0,SOLUSDT,12,12.008219178082191,0.9719056647202469,0.8576118377231736,0.5833333333333334,0.11662867976642963,-0.049097872907589796,0.9380161534220793,3.5892558679679687,3,3.197162581108351,-2.143454018223099,2025-10,2025-02,0.4084788859971661,SOLUSDT,SOLUSDT,1.0,0.8333333333333334,1.0,2025,2025-01-01T00:00:00+00:00,2026-01-01T00:00:00+00:00
next_open,pure_horizon_6,base,6,4.0,5.0,LINKUSDT,16,16.01095890410959,0.7341748402727423,1.0154556170950648,0.625,0.11746797444363877,-0.2715073880215438,0.3088835942152988,9.507463057568618,2,4.891116090921917,-6.194060577475885,2025-10,2025-02,1.0499645058725007,LINKUSDT,LINKUSDT,1.0000000000000002,0.8888888888888888,1.0,2025,2025-01-01T00:00:00+00:00,2026-01-01T00:00:00+00:00
next_open,pure_horizon_6,base,6,4.0,5.0,BNBUSDT,3,3.002054794520548,4.015459181011415,0.1358562446911372,0.6666666666666666,0.12046377543034244,-0.004390487734531301,0.9628569615047345,7.223273648415621,1,6.242713158243688,-0.43904877345313004,2025-10,2025-02,0.988722232537889,BNBUSDT,BNBUSDT,1.0,1.0,1.0,2025,2025-01-01T00:00:00+00:00,2026-01-01T00:00:00+00:00
next_open,pure_horizon_6,base,6,4.0,5.0,ETHUSDT,8,8.005479452054795,1.3558636382597893,1.3179933474393637,0.875,0.10846909106078315,-0.0017995002498749427,3.595554896348325,1.0665840468201064,1,1.5752655901522583,-0.17995002498749404,2025-03,2025-02,0.5055747751618728,ETHUSDT,ETHUSDT,1.0,1.0,1.0,2025,2025-01-01T00:00:00+00:00,2026-01-01T00:00:00+00:00
next_open,pure_horizon_6,base,6,4.0,5.0,BTCUSDT,1,1.0006849315068493,0.9388800076655903,0.9388800076655903,1.0,0.009388800076655903,0.0,0.0,0.0,0,0.9388800076655903,0.0,2025-03,2025-03,1.0,BTCUSDT,BTCUSDT,1.0,1.0,1.0,2025,2025-01-01T00:00:00+00:00,2026-01-01T00:00:00+00:00
next_close,pure_horizon_6,stress,6,8.0,10.0,XRPUSDT,12,12.008219178082191,2.113035753554173,1.4241874893905317,0.75,0.25356429042650075,-0.11869275645619132,0.9995796130462772,7.322848996913217,1,4.389532799541615,-4.716455384408153,2025-10,2025-02,0.9136095476064556,XRPUSDT,XRPUSDT,1.0,0.8333333333333334,1.0,2025,2025-01-01T00:00:00+00:00,2026-01-01T00:00:00+00:00
next_close,pure_horizon_6,stress,6,8.0,10.0,ADAUSDT,16,16.01095890410959,1.8921127878351116,1.0622356518516995,0.625,0.30273804605361787,-0.22486792274320677,0.688644147920873,10.990365886635082,2,6.528978190621533,-5.835996216808923,2025-10,2025-02,1.201232981131463,ADAUSDT,ADAUSDT,1.0,0.625,1.0,2025,2025-01-01T00:00:00+00:00,2026-01-01T00:00:00+00:00
next_close,pure_horizon_6,stress,6,8.0,10.0,AVAXUSDT,19,19.013013698630136,-0.5692977244499181,0.5197372080299402,0.5789473684210527,-0.10816656764548443,-0.22392255026272084,-0.4263367681486827,5.820542432782723,2,2.6132578614356294,-4.945311655042546,2025-03,2025-02,,AVAXUSDT,AVAXUSDT,,0.625,0.0,2025,2025-01-01T00:00:00+00:00,2026-01-01T00:00:00+00:00
next_close,pure_horizon_6,stress,6,8.0,10.0,LTCUSDT,12,12.008219178082191,-0.6406073493090146,-0.26340251463993863,0.4166666666666667,-0.07687288191708175,-0.16340127241370728,-0.4537837528380208,4.890278551252135,2,2.7230094557985396,-3.043190781528695,2025-03,2025-02,,LTCUSDT,LTCUSDT,,0.5,0.0,2025,2025-01-01T00:00:00+00:00,2026-01-01T00:00:00+00:00
next_close,pure_horizon_6,stress,6,8.0,10.0,SOLUSDT,12,12.008219178082191,0.038224652407190696,0.5202877100507309,0.5833333333333334,0.004586958288862884,-0.10145533937747586,0.0361663454585274,3.6612513225498593,3,2.331648951798824,-3.172569366741096,2025-10,2025-02,11.837092439256018,SOLUSDT,SOLUSDT,1.000000000000003,0.8333333333333334,1.0,2025,2025-01-01T00:00:00+00:00,2026-01-01T00:00:00+00:00
next_close,pure_horizon_6,stress,6,8.0,10.0,LINKUSDT,16,16.01095890410959,0.9481232973667033,0.4200609192793459,0.5625,0.15169972757867253,-0.21120172420134303,0.43514637891401603,8.715442373510367,3,4.954050847374702,-4.2023549812150085,2025-10,2025-02,1.665512445049937,LINKUSDT,LINKUSDT,0.9999999999999998,0.6666666666666666,1.0,2025,2025-01-01T00:00:00+00:00,2026-01-01T00:00:00+00:00
next_close,pure_horizon_6,stress,6,8.0,10.0,BNBUSDT,3,3.002054794520548,4.955306560420105,1.7347103819795033,1.0,0.14865919681260314,0.0,1.2940401670712853,6.6325937541428654,0,4.955306560420105,0.0,2025-10,2025-02,0.8833095819718274,BNBUSDT,BNBUSDT,1.0,1.0,1.0,2025,2025-01-01T00:00:00+00:00,2026-01-01T00:00:00+00:00
next_close,pure_horizon_6,stress,6,8.0,10.0,ETHUSDT,8,8.005479452054795,1.761495725764731,1.217102585472334,0.875,0.14091965806117848,-0.0027465885992755193,2.2461577830226482,2.2181265842210007,1,2.0523749522922,-0.2746588599275522,2025-10,2025-02,0.6877362522785385,ETHUSDT,ETHUSDT,1.0,1.0,1.0,2025,2025-01-01T00:00:00+00:00,2026-01-01T00:00:00+00:00
next_close,pure_horizon_6,stress,6,8.0,10.0,BTCUSDT,1,1.0006849315068493,2.059106323656939,2.059106323656939,1.0,0.02059106323656939,0.0,0.0,0.0,0,2.059106323656939,0.0,2025-03,2025-03,1.0,BTCUSDT,BTCUSDT,1.0,1.0,1.0,2025,2025-01-01T00:00:00+00:00,2026-01-01T00:00:00+00:00
next_open,pure_horizon_6,stress,6,8.0,10.0,XRPUSDT,12,12.008219178082191,2.2585808070660813,1.5289306516636338,0.6666666666666666,0.27102969684792977,-0.07948469693040822,1.1165218505692105,7.007434218764318,1,5.251771637283566,-3.7278008533688887,2025-10,2025-04,0.5432892430934458,XRPUSDT,XRPUSDT,1.0,0.8333333333333334,1.0,2025,2025-01-01T00:00:00+00:00,2026-01-01T00:00:00+00:00
next_open,pure_horizon_6,stress,6,8.0,10.0,ADAUSDT,16,16.01095890410959,1.3229490794573042,1.2893181976519608,0.6875,0.21167185271316868,-0.29811929154559547,0.4678512766980631,11.310851506437976,3,5.748400433607779,-8.413043899673742,2025-10,2025-02,0.9589798631844606,ADAUSDT,ADAUSDT,0.9999999999999998,0.75,1.0,2025,2025-01-01T00:00:00+00:00,2026-01-01T00:00:00+00:00
next_open,pure_horizon_6,stress,6,8.0,10.0,AVAXUSDT,19,19.013013698630136,-0.4535851401441765,0.9187587775948681,0.6842105263157895,-0.08618117662739352,-0.33155034693304053,-0.2869835175241664,6.889356591755165,3,2.8441621659655123,-7.598704303381836,2025-03,2025-02,,AVAXUSDT,AVAXUSDT,,0.625,0.0,2025,2025-01-01T00:00:00+00:00,2026-01-01T00:00:00+00:00
next_open,pure_horizon_6,stress,6,8.0,10.0,LTCUSDT,12,12.008219178082191,0.7808536779322188,0.9282996025716074,0.6666666666666666,0.09370244135186626,-0.12910187806796378,0.5610524119100309,4.821218890589166,3,3.029804704377397,-3.717048374958138,2025-03,2025-02,0.8922252780074524,LTCUSDT,LTCUSDT,1.0,0.8333333333333334,1.0,2025,2025-01-01T00:00:00+00:00,2026-01-01T00:00:00+00:00
next_open,pure_horizon_6,stress,6,8.0,10.0,SOLUSDT,12,12.008219178082191,0.7909042092825159,0.6767246190511768,0.5833333333333334,0.0949085051139019,-0.056255149521204084,0.764089770740998,3.58566840403823,3,3.013936979715134,-2.3213416693231492,2025-10,2025-02,0.44455273546917734,SOLUSDT,SOLUSDT,1.0,0.8333333333333334,1.0,2025,2025-01-01T00:00:00+00:00,2026-01-01T00:00:00+00:00
next_open,pure_horizon_6,stress,6,8.0,10.0,LINKUSDT,16,16.01095890410959,0.5534109969721985,0.8344106334473068,0.625,0.08854575951555177,-0.29103932003348204,0.2330651959353462,9.497960341117913,2,4.70619738172624,-6.367899644284537,2025-10,2025-02,1.289868955780498,LINKUSDT,LINKUSDT,0.9999999999999992,0.8888888888888888,1.0,2025,2025-01-01T00:00:00+00:00,2026-01-01T00:00:00+00:00
next_open,pure_horizon_6,stress,6,8.0,10.0,BNBUSDT,3,3.002054794520548,3.831415691553395,-0.044309578724739264,0.3333333333333333,0.11494247074660184,-0.006186399788725771,0.9196448169828794,7.216053980991085,2,12.1571966322575,-0.33147477879865817,2025-10,2025-02,1.0038549352938846,BNBUSDT,BNBUSDT,1.0,0.5,1.0,2025,2025-01-01T00:00:00+00:00,2026-01-01T00:00:00+00:00
next_open,pure_horizon_6,stress,6,8.0,10.0,ETHUSDT,8,8.005479452054795,1.174478416539779,1.1366459771034054,0.875,0.09395827332318232,-0.0035980019980018166,3.117663545363844,1.0655179952660296,1,1.3936610760169161,-0.3598001998001819,2025-03,2025-02,0.5064293050990449,ETHUSDT,ETHUSDT,1.0,1.0,1.0,2025,2025-01-01T00:00:00+00:00,2026-01-01T00:00:00+00:00
next_open,pure_horizon_6,stress,6,8.0,10.0,BTCUSDT,1,1.0006849315068493,0.7579115613968225,0.7579115613968225,1.0,0.007579115613968224,0.0,0.0,0.0,0,0.7579115613968225,0.0,2025-03,2025-03,1.0,BTCUSDT,BTCUSDT,1.0,1.0,1.0,2025,2025-01-01T00:00:00+00:00,2026-01-01T00:00:00+00:00
next_close,scaled_exit_6_12,base,12,4.0,5.0,XRPUSDT,12,12.008219178082191,2.4826429459622723,2.3118749927252344,0.75,0.29791715351547265,-0.09449122532709103,1.1797241488726136,7.289947779009904,1,5.033532799197344,-5.170026613742943,2025-10,2025-04,0.8714808006606858,XRPUSDT,XRPUSDT,1.0,0.8333333333333334,1.0,2025,2025-01-01T00:00:00+00:00,2026-01-01T00:00:00+00:00
next_close,scaled_exit_6_12,base,12,4.0,5.0,ADAUSDT,16,16.01095890410959,2.1753204303380236,1.317089947662783,0.625,0.3480512688540838,-0.2862525316492879,0.7588547472523066,11.466333646666985,2,7.460323434033035,-6.633017909153664,2025-10,2025-02,1.30575093538829,ADAUSDT,ADAUSDT,1.0,0.625,1.0,2025,2025-01-01T00:00:00+00:00,2026-01-01T00:00:00+00:00
next_close,scaled_exit_6_12,base,12,4.0,5.0,AVAXUSDT,19,19.013013698630136,-0.6078870802294573,0.5087289537428119,0.5263157894736842,-0.11549854524359687,-0.28690470417653013,-0.43793410404514105,6.050495559329812,3,3.3752783888106803,-5.033626490274055,2025-03,2025-02,,AVAXUSDT,AVAXUSDT,,0.625,0.0,2025,2025-01-01T00:00:00+00:00,2026-01-01T00:00:00+00:00
next_close,scaled_exit_6_12,base,12,4.0,5.0,LTCUSDT,12,12.008219178082191,-0.6244198544058926,-0.03717547705354477,0.5,-0.07493038252870712,-0.15717247192429779,-0.4628725973360252,4.673108407411839,2,2.2147940009179052,-3.4636337097296903,2025-03,2025-02,,LTCUSDT,LTCUSDT,,0.6666666666666666,0.0,2025,2025-01-01T00:00:00+00:00,2026-01-01T00:00:00+00:00
next_close,scaled_exit_6_12,base,12,4.0,5.0,SOLUSDT,12,12.008219178082191,0.28501915246146975,0.46675068924451285,0.5833333333333334,0.03420229829537637,-0.08297501792694795,0.29788046040703603,3.3145353174150327,3,2.341824765598286,-2.5945087059300724,2025-10,2025-02,1.826991990326451,SOLUSDT,SOLUSDT,0.9999999999999996,0.8333333333333334,1.0,2025,2025-01-01T00:00:00+00:00,2026-01-01T00:00:00+00:00
next_close,scaled_exit_6_12,base,12,4.0,5.0,LINKUSDT,16,16.01095890410959,1.257890362965202,0.39231619249486765,0.625,0.20126245807443233,-0.20842936193358963,0.5612794841365915,8.964449252230892,2,4.655033170733234,-4.404014316648183,2025-10,2025-02,1.7133866537767442,LINKUSDT,LINKUSDT,1.0000000000000002,0.6666666666666666,1.0,2025,2025-01-01T00:00:00+00:00,2026-01-01T00:00:00+00:00
next_close,scaled_exit_6_12,base,12,4.0,5.0,BNBUSDT,3,3.002054794520548,5.1856679883564,1.4880987375619517,1.0,0.155570039650692,0.0,1.3447690755290478,6.679095013754102,0,5.1856679883564,0.0,2025-10,2025-02,0.9043454163215975,BNBUSDT,BNBUSDT,1.0,1.0,1.0,2025,2025-01-01T00:00:00+00:00,2026-01-01T00:00:00+00:00
next_close,scaled_exit_6_12,base,12,4.0,5.0,ETHUSDT,8,8.005479452054795,1.9360507073818374,1.0375984477023394,1.0,0.154884056590547,0.0,2.7110394943727996,2.019881431830527,0,1.9360507073818374,0.0,2025-10,2025-02,0.6719576275012901,ETHUSDT,ETHUSDT,0.9999999999999998,1.0,1.0,2025,2025-01-01T00:00:00+00:00,2026-01-01T00:00:00+00:00
next_close,scaled_exit_6_12,base,12,4.0,5.0,BTCUSDT,1,1.0006849315068493,1.7536102104360316,1.7536102104360316,1.0,0.017536102104360317,0.0,0.0,0.0,0,1.7536102104360316,0.0,2025-03,2025-03,1.0,BTCUSDT,BTCUSDT,1.0,1.0,1.0,2025,2025-01-01T00:00:00+00:00,2026-01-01T00:00:00+00:00
next_open,scaled_exit_6_12,base,12,4.0,5.0,XRPUSDT,12,12.008219178082191,2.618668145107576,2.75588388683193,0.75,0.31424017741290916,-0.06635572019687055,1.3394866464629207,6.772245602396196,1,4.928648633755036,-4.311273320834803,2025-10,2025-04,0.5530533399853469,XRPUSDT,XRPUSDT,1.0,0.8333333333333334,1.0,2025,2025-01-01T00:00:00+00:00,2026-01-01T00:00:00+00:00
next_open,scaled_exit_6_12,base,12,4.0,5.0,ADAUSDT,16,16.01095890410959,1.5603723504498044,1.582842594152619,0.5625,0.2496595760719687,-0.2723147930367733,0.5460482178940697,11.430289848524023,3,7.6248570316577275,-6.2368222396746695,2025-10,2025-02,1.152675028745487,ADAUSDT,ADAUSDT,1.0000000000000002,0.625,1.0,2025,2025-01-01T00:00:00+00:00,2026-01-01T00:00:00+00:00
next_open,scaled_exit_6_12,base,12,4.0,5.0,AVAXUSDT,19,19.013013698630136,-0.5092357093909311,1.1230510235855997,0.5789473684210527,-0.0967547847842769,-0.36603291503611723,-0.32474280473422446,6.835276912429097,3,3.5853241110333047,-6.139255462474255,2025-03,2025-02,,AVAXUSDT,AVAXUSDT,,0.5,0.0,2025,2025-01-01T00:00:00+00:00,2026-01-01T00:00:00+00:00
next_open,scaled_exit_6_12,base,12,4.0,5.0,LTCUSDT,12,12.008219178082191,0.7958666048639333,0.6800068843364699,0.6666666666666666,0.09550399258367201,-0.11556702038731279,0.6030736534444406,4.57151920929894,3,2.940895291601462,-3.4941907686111233,2025-03,2025-02,1.0455687647919163,LTCUSDT,LTCUSDT,1.0,0.6666666666666666,1.0,2025,2025-01-01T00:00:00+00:00,2026-01-01T00:00:00+00:00
next_open,scaled_exit_6_12,base,12,4.0,5.0,SOLUSDT,12,12.008219178082191,1.0432279025048377,0.6202692975660974,0.5833333333333334,0.1251873483005805,-0.05079333625860441,1.074484824054989,3.363330389707611,3,3.007556295348623,-1.7068318474764623,2025-10,2025-02,0.4037504853987505,SOLUSDT,SOLUSDT,0.9999999999999998,1.0,1.0,2025,2025-01-01T00:00:00+00:00,2026-01-01T00:00:00+00:00
next_open,scaled_exit_6_12,base,12,4.0,5.0,LINKUSDT,16,16.01095890410959,0.8372591884181182,-0.05605348476472644,0.5,0.1339614701468989,-0.27154322462068425,0.3520777848391175,9.512206955070512,4,5.719881230377889,-4.045362853541652,2025-10,2025-02,1.5107756013025517,LINKUSDT,LINKUSDT,1.0000000000000002,0.7777777777777778,1.0,2025,2025-01-01T00:00:00+00:00,2026-01-01T00:00:00+00:00
next_open,scaled_exit_6_12,base,12,4.0,5.0,BNBUSDT,3,3.002054794520548,4.075542885362292,-0.28521878154705077,0.3333333333333333,0.12226628656086878,-0.0033325758895851095,0.9294700093637668,7.594701576982943,2,12.84510502659244,-0.30923818525278085,2025-10,2025-02,1.023327671884846,BNBUSDT,BNBUSDT,1.0,0.5,1.0,2025,2025-01-01T00:00:00+00:00,2026-01-01T00:00:00+00:00
next_open,scaled_exit_6_12,base,12,4.0,5.0,ETHUSDT,8,8.005479452054795,1.353479115890258,1.5609155055855937,0.75,0.10827832927122064,-0.0015112842785801953,3.1859755920271144,1.2015839210261337,1,1.9066467117537165,-0.30602367170011796,2025-03,2025-02,0.5806183355983207,ETHUSDT,ETHUSDT,0.9999999999999999,0.6666666666666666,1.0,2025,2025-01-01T00:00:00+00:00,2026-01-01T00:00:00+00:00
next_open,scaled_exit_6_12,base,12,4.0,5.0,BTCUSDT,1,1.0006849315068493,0.4573226083090543,0.4573226083090543,1.0,0.004573226083090543,0.0,0.0,0.0,0,0.4573226083090543,0.0,2025-03,2025-03,1.0,BTCUSDT,BTCUSDT,1.0,1.0,1.0,2025,2025-01-01T00:00:00+00:00,2026-01-01T00:00:00+00:00
next_close,scaled_exit_6_12,stress,12,8.0,10.0,XRPUSDT,12,12.008219178082191,2.3001315074798354,2.129534236940033,0.75,0.2760157808975802,-0.10159798267646773,1.0940902995561672,7.282661470741875,1,4.848471744395024,-5.344889203265728,2025-10,2025-04,0.9201237629997469,XRPUSDT,XRPUSDT,1.0,0.6666666666666666,1.0,2025,2025-01-01T00:00:00+00:00,2026-01-01T00:00:00+00:00
next_close,scaled_exit_6_12,stress,12,8.0,10.0,ADAUSDT,16,16.01095890410959,1.9931161609402546,1.1357434802755906,0.625,0.3188985857504407,-0.28956702272934404,0.6959889138531375,11.454873037594545,2,7.272836800172621,-6.806418237780357,2025-10,2025-02,1.4011126014925608,ADAUSDT,ADAUSDT,0.9999999999999997,0.625,1.0,2025,2025-01-01T00:00:00+00:00,2026-01-01T00:00:00+00:00
next_close,scaled_exit_6_12,stress,12,8.0,10.0,AVAXUSDT,19,19.013013698630136,-0.7873095316347514,0.3281904437748052,0.5263157894736842,-0.14958881101060276,-0.3100218472593839,-0.5677611318213667,6.044448084484165,3,3.191874760534193,-5.208625411822467,2025-03,2025-02,,AVAXUSDT,AVAXUSDT,,0.625,0.0,2025,2025-01-01T00:00:00+00:00,2026-01-01T00:00:00+00:00
next_close,scaled_exit_6_12,stress,12,8.0,10.0,LTCUSDT,12,12.008219178082191,-0.8038257812910099,-0.21716835513389915,0.4166666666666667,-0.09645909375492118,-0.16601687967070428,-0.5964595452960582,4.6684376320567145,2,2.453010227378709,-3.130137216055094,2025-03,2025-02,,LTCUSDT,LTCUSDT,,0.6666666666666666,0.0,2025,2025-01-01T00:00:00+00:00,2026-01-01T00:00:00+00:00
next_close,scaled_exit_6_12,stress,12,8.0,10.0,SOLUSDT,12,12.008219178082191,0.10470424060748185,0.28625413658332394,0.5833333333333334,0.012564508872897822,-0.09189358608422604,0.10953843660885308,3.3112224368814425,3,2.1594540749926474,-2.7719455275317495,2025-10,2025-02,4.538495569953063,SOLUSDT,SOLUSDT,1.000000000000001,0.8333333333333334,1.0,2025,2025-01-01T00:00:00+00:00,2026-01-01T00:00:00+00:00
next_close,scaled_exit_6_12,stress,12,8.0,10.0,LINKUSDT,16,16.01095890410959,1.0766030656072698,0.21189403716895167,0.5625,0.17225649049716318,-0.22622404012989683,0.48086845157357294,8.955489278485548,2,4.986479403941206,-3.950380797964934,2025-10,2025-02,1.9476435320670955,LINKUSDT,LINKUSDT,0.9999999999999999,0.6666666666666666,1.0,2025,2025-01-01T00:00:00+00:00,2026-01-01T00:00:00+00:00
next_close,scaled_exit_6_12,stress,12,8.0,10.0,BNBUSDT,3,3.002054794520548,5.000454874318503,1.3065813467610976,1.0,0.1500136462295551,0.0,1.2980362256184692,6.672419253282709,0,5.000454874318503,0.0,2025-10,2025-02,0.9129025005657331,BNBUSDT,BNBUSDT,1.0,1.0,1.0,2025,2025-01-01T00:00:00+00:00,2026-01-01T00:00:00+00:00
next_close,scaled_exit_6_12,stress,12,8.0,10.0,ETHUSDT,8,8.005479452054795,1.754085588251459,0.8565313322787805,1.0,0.14032684706011672,0.0,2.4586923600108315,2.0178625588257604,0,1.754085588251459,0.0,2025-10,2025-02,0.7024357822902653,ETHUSDT,ETHUSDT,1.0000000000000002,1.0,1.0,2025,2025-01-01T00:00:00+00:00,2026-01-01T00:00:00+00:00
next_close,scaled_exit_6_12,stress,12,8.0,10.0,BTCUSDT,1,1.0006849315068493,1.5718274407190806,1.5718274407190806,1.0,0.015718274407190806,0.0,0.0,0.0,0,1.5718274407190806,0.0,2025-03,2025-03,1.0,BTCUSDT,BTCUSDT,1.0,1.0,1.0,2025,2025-01-01T00:00:00+00:00,2026-01-01T00:00:00+00:00
next_open,scaled_exit_6_12,stress,12,8.0,10.0,XRPUSDT,12,12.008219178082191,2.436020749336661,2.5730993438243357,0.75,0.29232248992039933,-0.06808969795478337,1.2473065445759477,6.76547673784164,1,4.743692410754672,-4.486994234917377,2025-10,2025-04,0.575449989693086,XRPUSDT,XRPUSDT,0.9999999999999998,0.8333333333333334,1.0,2025,2025-01-01T00:00:00+00:00,2026-01-01T00:00:00+00:00
next_open,scaled_exit_6_12,stress,12,8.0,10.0,ADAUSDT,16,16.01095890410959,1.3787827221187088,1.4012305067961073,0.5625,0.22060523553899342,-0.2936462183967691,0.48298414600408646,11.41886526525484,3,7.437205946343188,-6.410618566169908,2025-10,2025-02,1.2705388621178062,ADAUSDT,ADAUSDT,1.0,0.625,1.0,2025,2025-01-01T00:00:00+00:00,2026-01-01T00:00:00+00:00
next_open,scaled_exit_6_12,stress,12,8.0,10.0,AVAXUSDT,19,19.013013698630136,-0.6887567629153049,0.9418984982484325,0.5789473684210527,-0.13086378495390794,-0.39087126976289516,-0.43966395059338825,6.82844504803293,3,3.401710541900052,-6.3131493070364195,2025-03,2025-02,,AVAXUSDT,AVAXUSDT,,0.5,0.0,2025,2025-01-01T00:00:00+00:00,2026-01-01T00:00:00+00:00
next_open,scaled_exit_6_12,stress,12,8.0,10.0,LTCUSDT,12,12.008219178082191,0.6150411005984523,0.4992971819484732,0.5833333333333334,0.07380493207181427,-0.120852412113758,0.46651811007875194,4.566949972423459,3,3.156179247774291,-2.942552305447722,2025-03,2025-02,1.2784414499328856,LTCUSDT,LTCUSDT,1.0,0.6666666666666666,1.0,2025,2025-01-01T00:00:00+00:00,2026-01-01T00:00:00+00:00
next_open,scaled_exit_6_12,stress,12,8.0,10.0,SOLUSDT,12,12.008219178082191,0.8621551604369966,0.4396193029408458,0.5833333333333334,0.10345861925243958,-0.061544370380801516,0.8888752593381618,3.3599687384627006,3,2.8245202055801135,-1.8851559027633666,2025-10,2025-02,0.43585573342996725,SOLUSDT,SOLUSDT,1.0,0.8333333333333334,1.0,2025,2025-01-01T00:00:00+00:00,2026-01-01T00:00:00+00:00
next_open,scaled_exit_6_12,stress,12,8.0,10.0,LINKUSDT,16,16.01095890410959,0.6563923122343523,-0.2360274942622097,0.5,0.10502276995749638,-0.29107512081391507,0.2762971984688393,9.502699497090703,4,5.534134169804267,-4.2213495453355625,2025-10,2025-02,1.839429052018395,LINKUSDT,LINKUSDT,0.9999999999999998,0.7777777777777778,1.0,2025,2025-01-01T00:00:00+00:00,2026-01-01T00:00:00+00:00
next_open,scaled_exit_6_12,stress,12,8.0,10.0,BNBUSDT,3,3.002054794520548,3.89143934219675,-0.46496374015866465,0.3333333333333333,0.1167431802659025,-0.00512954532746136,0.8883712062505255,7.58711066706547,2,12.652236299495051,-0.48895913645240036,2025-10,2025-02,1.0398279144957017,BNBUSDT,BNBUSDT,1.0,0.5,1.0,2025,2025-01-01T00:00:00+00:00,2026-01-01T00:00:00+00:00
next_open,scaled_exit_6_12,stress,12,8.0,10.0,ETHUSDT,8,8.005479452054795,1.1720962775021448,1.379325334370517,0.75,0.0937677022001716,-0.003310074098786371,2.7617760982139195,1.2003829369966252,1,1.7247109819390065,-0.48574783580844044,2025-03,2025-02,0.5930010400380421,ETHUSDT,ETHUSDT,1.0,0.6666666666666666,1.0,2025,2025-01-01T00:00:00+00:00,2026-01-01T00:00:00+00:00
next_open,scaled_exit_6_12,stress,12,8.0,10.0,BTCUSDT,1,1.0006849315068493,0.27683547902181876,0.27683547902181876,1.0,0.0027683547902181875,0.0,0.0,0.0,0,0.27683547902181876,0.0,2025-03,2025-03,1.0,BTCUSDT,BTCUSDT,1.0,1.0,1.0,2025,2025-01-01T00:00:00+00:00,2026-01-01T00:00:00+00:00
next_close,pure_horizon_12,base,12,4.0,5.0,ADAUSDT,4,11.878048780487806,1.7566340894369117,0.6157673462279379,0.75,0.07026536357747647,-0.008805113852610711,1.0425207490973865,3.3699743452738065,1,2.635682581002906,-0.8805113852610711,2026-02,2026-01,0.9500431949223807,ADAUSDT,ADAUSDT,1.0,1.0,1.0,2026_ytd,2026-01-01T00:00:00+00:00,2026-05-04T00:00:00+00:00
next_close,pure_horizon_12,base,12,4.0,5.0,AVAXUSDT,4,11.878048780487806,1.0753709297493388,0.5006690931011494,0.75,0.04301483718997355,-0.019935310336108493,0.7030817794552926,3.05902090246877,1,2.0983382508694013,-1.9935310336108494,2026-02,2026-01,0.8100894161318838,AVAXUSDT,AVAXUSDT,1.0,1.0,1.0,2026_ytd,2026-01-01T00:00:00+00:00,2026-05-04T00:00:00+00:00
next_close,pure_horizon_12,base,12,4.0,5.0,LINKUSDT,4,11.878048780487806,1.316592060115931,-0.4526163104103119,0.25,0.052663682404637244,-0.019524764110459402,0.6580377729323131,4.001569862012642,3,7.2818522112540505,-0.6718279902634419,2026-02,2026-01,1.1718893513494444,LINKUSDT,LINKUSDT,1.0,0.5,1.0,2026_ytd,2026-01-01T00:00:00+00:00,2026-05-04T00:00:00+00:00
next_close,pure_horizon_12,base,12,4.0,5.0,LTCUSDT,4,11.878048780487806,1.2588650103784345,0.08807921972846756,0.5,0.05035460041513738,-0.01950616880281692,0.7641672981871467,3.2947366718384092,2,3.4930384608977154,-0.9753084401408461,2026-02,2026-01,1.191090706826026,LTCUSDT,LTCUSDT,1.0,0.5,1.0,2026_ytd,2026-01-01T00:00:00+00:00,2026-05-04T00:00:00+00:00
next_close,pure_horizon_12,base,12,4.0,5.0,SOLUSDT,4,11.878048780487806,0.7571548476301867,-0.6694971100621149,0.25,0.030286193905207467,-0.04180997463617881,0.3216923514074058,4.707322659787402,3,7.576003222017694,-1.5157946104989823,2026-02,2026-01,2.180331866869917,SOLUSDT,SOLUSDT,1.0,0.5,1.0,2026_ytd,2026-01-01T00:00:00+00:00,2026-05-04T00:00:00+00:00
next_close,pure_horizon_12,base,12,4.0,5.0,XRPUSDT,5,14.847560975609756,2.655711588852405,0.9989336453351119,1.0,0.13278557944262026,0.0,1.4610889656512847,4.064332686723779,0,2.655711588852405,0.0,2026-02,2026-01,0.8868897039468774,XRPUSDT,XRPUSDT,1.0,1.0,1.0,2026_ytd,2026-01-01T00:00:00+00:00,2026-05-04T00:00:00+00:00
next_close,pure_horizon_12,base,12,4.0,5.0,ETHUSDT,3,8.908536585365853,0.4831083730123443,-2.2584979362000968,0.3333333333333333,0.01449325119037033,-0.02258497936200097,0.1738212313481357,4.813958807732793,2,6.041619198470608,-2.296147039716787,2026-02,2026-01,2.6102640550272866,ETHUSDT,ETHUSDT,1.0,0.5,1.0,2026_ytd,2026-01-01T00:00:00+00:00,2026-05-04T00:00:00+00:00
next_close,pure_horizon_12,base,12,4.0,5.0,BNBUSDT,1,2.9695121951219514,5.312252990916747,5.312252990916747,1.0,0.053122529909167465,0.0,0.0,0.0,0,5.312252990916747,0.0,2026-02,2026-02,1.0,BNBUSDT,BNBUSDT,1.0,1.0,1.0,2026_ytd,2026-01-01T00:00:00+00:00,2026-05-04T00:00:00+00:00
next_close,pure_horizon_12,base,12,4.0,5.0,BTCUSDT,1,2.9695121951219514,5.26751730140235,5.26751730140235,1.0,0.052675173014023496,0.0,0.0,0.0,0,5.26751730140235,0.0,2026-02,2026-02,1.0,BTCUSDT,BTCUSDT,1.0,1.0,1.0,2026_ytd,2026-01-01T00:00:00+00:00,2026-05-04T00:00:00+00:00
next_open,pure_horizon_12,base,12,4.0,5.0,ADAUSDT,4,11.878048780487806,2.470597803977764,1.1464465299074547,0.75,0.09882391215911056,-0.002504511188301063,1.3563939329667551,3.6428912632688952,1,3.3776141115803875,-0.2504511188301061,2026-02,2026-01,0.7933251278601087,ADAUSDT,ADAUSDT,1.0,1.0,1.0,2026_ytd,2026-01-01T00:00:00+00:00,2026-05-04T00:00:00+00:00
next_open,pure_horizon_12,base,12,4.0,5.0,AVAXUSDT,4,11.878048780487806,1.2748833611336825,-0.034486708627709875,0.5,0.050995334445347304,-0.021421824704421617,0.7218935510261519,3.532053609071506,2,3.6208579574884463,-1.0710912352210809,2026-02,2026-01,0.8334896707791838,AVAXUSDT,AVAXUSDT,1.0,1.0,1.0,2026_ytd,2026-01-01T00:00:00+00:00,2026-05-04T00:00:00+00:00
next_open,pure_horizon_12,base,12,4.0,5.0,LINKUSDT,4,11.878048780487806,1.2294960521449347,-0.12276357696126888,0.5,0.04917984208579739,-0.03648583471350403,0.4797639787317412,5.125420442756518,2,4.283283839965072,-1.8242917356752018,2026-02,2026-01,1.0499243477630935,LINKUSDT,LINKUSDT,1.0,0.5,1.0,2026_ytd,2026-01-01T00:00:00+00:00,2026-05-04T00:00:00+00:00
next_open,pure_horizon_12,base,12,4.0,5.0,LTCUSDT,4,11.878048780487806,1.7829328932387891,0.5130930306247473,0.75,0.07131731572955156,-0.0066147892829276685,1.0516214160434731,3.3908265199595062,1,2.5977368337493076,-0.6614789282927669,2026-02,2026-01,0.9488613488567398,LTCUSDT,LTCUSDT,1.0,1.0,1.0,2026_ytd,2026-01-01T00:00:00+00:00,2026-05-04T00:00:00+00:00
next_open,pure_horizon_12,base,12,4.0,5.0,SOLUSDT,4,11.878048780487806,0.9722040792463634,0.1266000110596877,0.5,0.03888816316985454,-0.02126366209696047,0.5778002087948241,3.3651911662482332,2,3.0075912633407498,-1.0631831048480234,2026-02,2026-01,1.4806111285258567,SOLUSDT,SOLUSDT,1.0,0.5,1.0,2026_ytd,2026-01-01T00:00:00+00:00,2026-05-04T00:00:00+00:00
next_open,pure_horizon_12,base,12,4.0,5.0,XRPUSDT,5,14.847560975609756,3.794376025949901,1.3296000083871242,1.0,0.18971880129749508,0.0,1.9800046901983792,4.285082135522322,0,3.794376025949901,0.0,2026-02,2026-01,0.8447379313951753,XRPUSDT,XRPUSDT,1.0,1.0,1.0,2026_ytd,2026-01-01T00:00:00+00:00,2026-05-04T00:00:00+00:00
next_open,pure_horizon_12,base,12,4.0,5.0,ETHUSDT,3,8.908536585365853,1.5693241124010961,-0.671176978798369,0.3333333333333333,0.04707972337203288,-0.0067117697879836916,0.555465524542699,4.893461387112034,2,7.181910408187689,-1.2369690354922005,2026-02,2026-01,1.3829166705038332,ETHUSDT,ETHUSDT,1.0,0.5,1.0,2026_ytd,2026-01-01T00:00:00+00:00,2026-05-04T00:00:00+00:00
next_open,pure_horizon_12,base,12,4.0,5.0,BNBUSDT,1,2.9695121951219514,6.414084379907151,6.414084379907151,1.0,0.0641408437990715,0.0,0.0,0.0,0,6.414084379907151,0.0,2026-02,2026-02,1.0,BNBUSDT,BNBUSDT,1.0,1.0,1.0,2026_ytd,2026-01-01T00:00:00+00:00,2026-05-04T00:00:00+00:00
next_open,pure_horizon_12,base,12,4.0,5.0,BTCUSDT,1,2.9695121951219514,7.222438447164584,7.222438447164584,1.0,0.07222438447164584,0.0,0.0,0.0,0,7.222438447164584,0.0,2026-02,2026-02,1.0,BTCUSDT,BTCUSDT,1.0,1.0,1.0,2026_ytd,2026-01-01T00:00:00+00:00,2026-05-04T00:00:00+00:00
next_close,pure_horizon_12,stress,12,8.0,10.0,ADAUSDT,4,11.878048780487806,1.5748482973506333,0.4351218513064348,0.75,0.06299393189402533,-0.01059661348469194,0.9355702879252424,3.366606053390342,1,2.4530181792905754,-1.0596613484691941,2026-02,2026-01,1.0300691892315885,ADAUSDT,ADAUSDT,1.0,0.5,1.0,2026_ytd,2026-01-01T00:00:00+00:00,2026-05-04T00:00:00+00:00
next_close,pure_horizon_12,stress,12,8.0,10.0,AVAXUSDT,4,11.878048780487806,0.8942660607016696,0.3201386389698736,0.75,0.03577064242806678,-0.021715685328463637,0.5852596651720994,3.055963408784389,1,1.9162109252176807,-2.1715685328463636,2026-02,2026-01,0.8221863749281455,AVAXUSDT,AVAXUSDT,1.0,1.0,1.0,2026_ytd,2026-01-01T00:00:00+00:00,2026-05-04T00:00:00+00:00
next_close,pure_horizon_12,stress,12,8.0,10.0,LINKUSDT,4,11.878048780487806,1.1352460903677162,-0.6321939550663968,0.25,0.04540984361470865,-0.02310584979404986,0.5679680446022315,3.997570289936893,3,7.094543959514571,-0.8511865326812353,2026-02,2026-01,1.2784391685778118,LINKUSDT,LINKUSDT,1.0,0.5,1.0,2026_ytd,2026-01-01T00:00:00+00:00,2026-05-04T00:00:00+00:00
next_close,pure_horizon_12,stress,12,8.0,10.0,LTCUSDT,4,11.878048780487806,1.0775767388596746,-0.09203885051517584,0.5,0.04310306955438699,-0.023087273072431767,0.654774546576365,3.2914435800659185,2,3.3095171313409373,-1.1543636536215884,2026-02,2026-01,1.348318110477134,LTCUSDT,LTCUSDT,1.0,0.5,1.0,2026_ytd,2026-01-01T00:00:00+00:00,2026-05-04T00:00:00+00:00
next_close,pure_horizon_12,stress,12,8.0,10.0,SOLUSDT,4,11.878048780487806,0.5763680357950736,-0.848857982196417,0.25,0.02305472143180294,-0.04536878623514898,0.24512646960706935,4.7026176872613945,3,7.3884009661225045,-1.6943096076474036,2026-02,2026-01,2.7051878373831446,SOLUSDT,SOLUSDT,1.0,0.5,1.0,2026_ytd,2026-01-01T00:00:00+00:00,2026-05-04T00:00:00+00:00
next_close,pure_horizon_12,stress,12,8.0,10.0,XRPUSDT,5,14.847560975609756,2.47302716813171,0.8179051754104983,1.0,0.12365135840658549,0.0,1.3619430078067132,4.060270383157693,0,2.47302716813171,0.0,2026-02,2026-01,0.9223340256150899,XRPUSDT,XRPUSDT,1.0000000000000002,1.0,1.0,2026_ytd,2026-01-01T00:00:00+00:00,2026-05-04T00:00:00+00:00
next_close,pure_horizon_12,stress,12,8.0,10.0,ETHUSDT,3,8.908536585365853,0.30259547083398564,-2.4362706008179087,0.3333333333333333,0.009077864125019569,-0.024362706008179087,0.10898205068982997,4.809147252297012,2,5.855550560556804,-2.4738820740274234,2026-02,2026-01,3.7666128426784793,ETHUSDT,ETHUSDT,1.0,0.5,1.0,2026_ytd,2026-01-01T00:00:00+00:00,2026-05-04T00:00:00+00:00
next_close,pure_horizon_12,stress,12,8.0,10.0,BNBUSDT,1,2.9695121951219514,5.126913355073941,5.126913355073941,1.0,0.05126913355073941,0.0,0.0,0.0,0,5.126913355073941,0.0,2026-02,2026-02,1.0,BNBUSDT,BNBUSDT,1.0,1.0,1.0,2026_ytd,2026-01-01T00:00:00+00:00,2026-05-04T00:00:00+00:00
next_close,pure_horizon_12,stress,12,8.0,10.0,BTCUSDT,1,2.9695121951219514,5.082222378914718,5.082222378914718,1.0,0.05082222378914718,0.0,0.0,0.0,0,5.082222378914718,0.0,2026-02,2026-02,1.0,BTCUSDT,BTCUSDT,1.0,1.0,1.0,2026_ytd,2026-01-01T00:00:00+00:00,2026-05-04T00:00:00+00:00
next_open,pure_horizon_12,stress,12,8.0,10.0,ADAUSDT,4,11.878048780487806,2.288098404623761,0.9652706207441787,0.75,0.09152393618495044,-0.00430230827746687,1.2574559509304961,3.6392501907213637,1,3.1942081487472436,-0.4302308277466869,2026-02,2026-01,0.8360745312887481,ADAUSDT,ADAUSDT,1.0,1.0,1.0,2026_ytd,2026-01-01T00:00:00+00:00,2026-05-04T00:00:00+00:00
next_open,pure_horizon_12,stress,12,8.0,10.0,AVAXUSDT,4,11.878048780487806,1.093579079261352,-0.21448227413409898,0.5,0.04374316317045408,-0.025001014274526855,0.6198508443583821,3.5285233188424026,2,3.4372088722490473,-1.2500507137263428,2026-02,2026-01,0.847234125695472,AVAXUSDT,AVAXUSDT,1.0,1.0,1.0,2026_ytd,2026-01-01T00:00:00+00:00,2026-05-04T00:00:00+00:00
next_open,pure_horizon_12,stress,12,8.0,10.0,LINKUSDT,4,11.878048780487806,1.0482371349219468,-0.30267090967161053,0.25,0.04192948539687787,-0.040049967794316604,0.4094438334108453,5.120297581183116,3,8.370693211601804,-1.3925815573046723,2026-02,2026-01,1.1443713924970556,LINKUSDT,LINKUSDT,1.0,0.5,1.0,2026_ytd,2026-01-01T00:00:00+00:00,2026-05-04T00:00:00+00:00
next_open,pure_horizon_12,stress,12,8.0,10.0,LTCUSDT,4,11.878048780487806,1.6011208154783927,0.33255015875862004,0.5,0.06404483261913571,-0.009831168300368474,0.9453286557846419,3.3874373863118117,2,3.693800045975209,-0.49155841501842373,2026-02,2026-01,1.0274413235074982,LTCUSDT,LTCUSDT,1.0,0.5,1.0,2026_ytd,2026-01-01T00:00:00+00:00,2026-05-04T00:00:00+00:00
next_open,pure_horizon_12,stress,12,8.0,10.0,SOLUSDT,4,11.878048780487806,0.7912023255430879,-0.05355656074375699,0.5,0.031648093021723514,-0.024843009750710538,0.470697731532836,3.361827655155773,2,2.8245551386217027,-1.242150487535527,2026-02,2026-01,1.7037392085227032,SOLUSDT,SOLUSDT,1.0,0.5,1.0,2026_ytd,2026-01-01T00:00:00+00:00,2026-05-04T00:00:00+00:00
next_open,pure_horizon_12,stress,12,8.0,10.0,XRPUSDT,5,14.847560975609756,3.610553509271033,1.1482410371848761,1.0,0.18052767546355164,0.0,1.8859663160249305,4.280799192716719,0,3.610553509271033,0.0,2026-02,2026-01,0.8669135299974954,XRPUSDT,XRPUSDT,1.0,1.0,1.0,2026_ytd,2026-01-01T00:00:00+00:00,2026-05-04T00:00:00+00:00
next_open,pure_horizon_12,stress,12,8.0,10.0,ETHUSDT,3,8.908536585365853,1.3877255367772192,-0.8505361719026115,0.3333333333333333,0.04163176610331658,-0.008505361719026116,0.4916797663392489,4.888570368788562,2,6.994702048355222,-1.4157627190117825,2026-02,2026-01,1.475835990528189,ETHUSDT,ETHUSDT,1.0,0.5,1.0,2026_ytd,2026-01-01T00:00:00+00:00,2026-05-04T00:00:00+00:00
next_open,pure_horizon_12,stress,12,8.0,10.0,BNBUSDT,1,2.9695121951219514,6.227643462765369,6.227643462765369,1.0,0.06227643462765369,0.0,0.0,0.0,0,6.227643462765369,0.0,2026-02,2026-02,1.0,BNBUSDT,BNBUSDT,1.0,1.0,1.0,2026_ytd,2026-01-01T00:00:00+00:00,2026-05-04T00:00:00+00:00
next_open,pure_horizon_12,stress,12,8.0,10.0,BTCUSDT,1,2.9695121951219514,7.035189579526807,7.035189579526807,1.0,0.07035189579526807,0.0,0.0,0.0,0,7.035189579526807,0.0,2026-02,2026-02,1.0,BTCUSDT,BTCUSDT,1.0,1.0,1.0,2026_ytd,2026-01-01T00:00:00+00:00,2026-05-04T00:00:00+00:00
next_close,pure_horizon_6,base,6,4.0,5.0,ADAUSDT,4,11.878048780487806,1.983351506284819,0.06437999806400371,0.5,0.07933406025139277,-0.01273942849556937,0.910428085543104,4.356964680195859,2,4.603674437348107,-0.6369714247784686,2026-02,2026-01,1.064268479723328,ADAUSDT,ADAUSDT,1.0,0.5,1.0,2026_ytd,2026-01-01T00:00:00+00:00,2026-05-04T00:00:00+00:00
next_close,pure_horizon_6,base,6,4.0,5.0,AVAXUSDT,4,11.878048780487806,2.2529027400363466,1.3523359831895252,0.75,0.09011610960145387,-0.012398350300271008,1.1812230562438613,3.8145255091790884,1,3.4171486633908295,-1.2398350300271008,2026-02,2026-01,0.9553677133228213,AVAXUSDT,AVAXUSDT,1.0,1.0,1.0,2026_ytd,2026-01-01T00:00:00+00:00,2026-05-04T00:00:00+00:00
next_close,pure_horizon_6,base,6,4.0,5.0,LINKUSDT,4,11.878048780487806,2.47417521645058,1.0251074545440408,0.5,0.0989670086580232,-0.01090578199609513,1.0984825674308094,4.504714575921428,2,5.505652901704264,-0.5573024688031035,2026-02,2026-01,1.1126238887807232,LINKUSDT,LINKUSDT,1.0,0.5,1.0,2026_ytd,2026-01-01T00:00:00+00:00,2026-05-04T00:00:00+00:00
next_close,pure_horizon_6,base,6,4.0,5.0,LTCUSDT,4,11.878048780487806,1.330458246200244,-0.4936357100478882,0.5,0.05321832984800977,-0.024576510172189158,0.630077185977609,4.223159561430382,2,3.8897420010099464,-1.2288255086094577,2026-02,2026-01,1.4251503576946458,LTCUSDT,LTCUSDT,1.0,0.5,1.0,2026_ytd,2026-01-01T00:00:00+00:00,2026-05-04T00:00:00+00:00
next_close,pure_horizon_6,base,6,4.0,5.0,SOLUSDT,4,11.878048780487806,2.1973436383694414,-0.3223291589503107,0.25,0.08789374553477766,-0.024536402309970742,0.6948729855909997,6.324446867079077,3,11.594486244922578,-0.9350372304816036,2026-02,2026-01,1.2857910786152598,SOLUSDT,SOLUSDT,1.0,0.5,1.0,2026_ytd,2026-01-01T00:00:00+00:00,2026-05-04T00:00:00+00:00
next_close,pure_horizon_6,base,6,4.0,5.0,XRPUSDT,5,14.847560975609756,2.079143761332123,0.8076235760283625,0.6,0.10395718806660616,-0.01625838809868061,0.9445209444701685,4.92218495794305,1,4.127887192930845,-0.9939713860659595,2026-02,2026-01,0.8720988922687979,XRPUSDT,XRPUSDT,1.0,1.0,1.0,2026_ytd,2026-01-01T00:00:00+00:00,2026-05-04T00:00:00+00:00
next_close,pure_horizon_6,base,6,4.0,5.0,ETHUSDT,3,8.908536585365853,2.1851394988195647,0.37619510768211134,0.6666666666666666,0.06555418496458694,0.0,0.7323383891726285,5.168065322721902,1,4.195355904244649,-1.8352933120306039,2026-02,2026-01,1.279965850086009,ETHUSDT,ETHUSDT,1.0,0.5,1.0,2026_ytd,2026-01-01T00:00:00+00:00,2026-05-04T00:00:00+00:00
next_close,pure_horizon_6,base,6,4.0,5.0,BNBUSDT,1,2.9695121951219514,6.900850649410698,6.900850649410698,1.0,0.06900850649410697,0.0,0.0,0.0,0,6.900850649410698,0.0,2026-02,2026-02,1.0,BNBUSDT,BNBUSDT,1.0,1.0,1.0,2026_ytd,2026-01-01T00:00:00+00:00,2026-05-04T00:00:00+00:00
next_close,pure_horizon_6,base,6,4.0,5.0,BTCUSDT,1,2.9695121951219514,6.9077043381831436,6.9077043381831436,1.0,0.06907704338183143,0.0,0.0,0.0,0,6.9077043381831436,0.0,2026-02,2026-02,1.0,BTCUSDT,BTCUSDT,1.0,1.0,1.0,2026_ytd,2026-01-01T00:00:00+00:00,2026-05-04T00:00:00+00:00
next_open,pure_horizon_6,base,6,4.0,5.0,ADAUSDT,4,11.878048780487806,2.7001747758905315,0.5887021701158313,0.75,0.10800699103562127,-3.6972903809084565e-05,1.1670525312062632,4.627340592971657,1,3.6014654646476782,-0.003697290380908424,2026-02,2026-01,0.8913304556865528,ADAUSDT,ADAUSDT,1.0,1.0,1.0,2026_ytd,2026-01-01T00:00:00+00:00,2026-05-04T00:00:00+00:00
next_open,pure_horizon_6,base,6,4.0,5.0,AVAXUSDT,4,11.878048780487806,2.4528836548645985,0.6492440329202399,0.75,0.09811534619458394,-0.001561387867620034,1.177783331415229,4.165254490258754,1,3.3225578020734656,-0.15613878676200335,2026-02,2026-01,0.9557353592281642,AVAXUSDT,AVAXUSDT,1.0,1.0,1.0,2026_ytd,2026-01-01T00:00:00+00:00,2026-05-04T00:00:00+00:00
next_open,pure_horizon_6,base,6,4.0,5.0,LINKUSDT,4,11.878048780487806,2.3732559236561532,-0.11925798532164461,0.5,0.09493023694624612,-0.0078745839685886,0.90487715730538,5.2454764815225,2,5.140241045741736,-0.39372919842942994,2026-02,2026-01,1.0480718415349617,LINKUSDT,LINKUSDT,1.0,0.5,1.0,2026_ytd,2026-01-01T00:00:00+00:00,2026-05-04T00:00:00+00:00
next_open,pure_horizon_6,base,6,4.0,5.0,LTCUSDT,4,11.878048780487806,1.856445766817016,-0.07020653973907383,0.5,0.07425783067268064,-0.011345435145691928,0.8519375767721705,4.358173221683063,2,4.280163290918629,-0.5672717572845964,2026-02,2026-01,1.1265148316237046,LTCUSDT,LTCUSDT,1.0,0.5,1.0,2026_ytd,2026-01-01T00:00:00+00:00,2026-05-04T00:00:00+00:00
next_open,pure_horizon_6,base,6,4.0,5.0,SOLUSDT,4,11.878048780487806,2.40006393587589,0.4771411387070624,0.75,0.0960025574350356,-0.010646234920686812,0.9735626840034579,4.930476435284911,1,3.5549597451907466,-1.0646234920686812,2026-02,2026-01,1.0827412000488794,SOLUSDT,SOLUSDT,1.0,0.5,1.0,2026_ytd,2026-01-01T00:00:00+00:00,2026-05-04T00:00:00+00:00
next_open,pure_horizon_6,base,6,4.0,5.0,XRPUSDT,5,14.847560975609756,3.194817737660536,1.3498835076599127,1.0,0.1597408868830268,0.0,1.5232497644089464,4.689860982780462,0,3.194817737660536,0.0,2026-02,2026-01,0.8264900876777036,XRPUSDT,XRPUSDT,1.0,1.0,1.0,2026_ytd,2026-01-01T00:00:00+00:00,2026-05-04T00:00:00+00:00
next_open,pure_horizon_6,base,6,4.0,5.0,ETHUSDT,3,8.908536585365853,3.293575141533584,2.0062684599729286,0.6666666666666666,0.09880725424600752,0.0,1.0650759400243472,5.356087081970528,1,5.591137711040697,-1.301549997480642,2026-02,2026-01,1.131726157903354,ETHUSDT,ETHUSDT,1.0,0.5,1.0,2026_ytd,2026-01-01T00:00:00+00:00,2026-05-04T00:00:00+00:00
next_open,pure_horizon_6,base,6,4.0,5.0,BNBUSDT,1,2.9695121951219514,8.019290154414685,8.019290154414685,1.0,0.08019290154414685,0.0,0.0,0.0,0,8.019290154414685,0.0,2026-02,2026-02,1.0,BNBUSDT,BNBUSDT,1.0,1.0,1.0,2026_ytd,2026-01-01T00:00:00+00:00,2026-05-04T00:00:00+00:00
next_open,pure_horizon_6,base,6,4.0,5.0,BTCUSDT,1,2.9695121951219514,8.893062236546148,8.893062236546148,1.0,0.08893062236546148,0.0,0.0,0.0,0,8.893062236546148,0.0,2026-02,2026-02,1.0,BTCUSDT,BTCUSDT,1.0,1.0,1.0,2026_ytd,2026-01-01T00:00:00+00:00,2026-05-04T00:00:00+00:00
next_close,pure_horizon_6,stress,6,8.0,10.0,ADAUSDT,4,11.878048780487806,1.801339109970492,-0.11571438478982891,0.5,0.07205356439881969,-0.01632729612719188,0.8277052872602539,4.352609890733005,2,4.419043026300578,-0.816364806359594,2026-02,2026-01,1.1456483720992678,ADAUSDT,ADAUSDT,1.0,0.5,1.0,2026_ytd,2026-01-01T00:00:00+00:00,2026-05-04T00:00:00+00:00
next_close,pure_horizon_6,stress,6,8.0,10.0,AVAXUSDT,4,11.878048780487806,2.070620927061886,1.1709542873633951,0.75,0.08282483708247543,-0.014186258489830083,1.0867367801662602,3.81071288807415,1,3.2337031857435172,-1.4186258489830084,2026-02,2026-01,0.9732233990901485,AVAXUSDT,AVAXUSDT,1.0,1.0,1.0,2026_ytd,2026-01-01T00:00:00+00:00,2026-05-04T00:00:00+00:00
next_close,pure_horizon_6,stress,6,8.0,10.0,LINKUSDT,4,11.878048780487806,2.291672241470138,0.8440528238775216,0.5,0.09166688965880551,-0.012695182008792782,1.0184729898447282,4.500212110327081,2,5.320119962505704,-0.7367754795654279,2026-02,2026-01,1.160750622674728,LINKUSDT,LINKUSDT,1.0,0.5,1.0,2026_ytd,2026-01-01T00:00:00+00:00,2026-05-04T00:00:00+00:00
next_close,pure_horizon_6,stress,6,8.0,10.0,LTCUSDT,4,11.878048780487806,1.149098417188623,-0.673172355783309,0.5,0.04596393668754492,-0.028152546631805574,0.544733427324245,4.218938510283997,2,3.7058241659675244,-1.4076273315902788,2026-02,2026-01,1.6092619680306293,LTCUSDT,LTCUSDT,1.0,0.5,1.0,2026_ytd,2026-01-01T00:00:00+00:00,2026-05-04T00:00:00+00:00
next_close,pure_horizon_6,stress,6,8.0,10.0,SOLUSDT,4,11.878048780487806,2.0151173567587355,-0.5020370257119166,0.25,0.08060469427034941,-0.02811247885742531,0.6378845535683588,6.318125577696045,3,11.402867512234632,-1.1141326950665635,2026-02,2026-01,1.3559934392417339,SOLUSDT,SOLUSDT,1.0,0.5,1.0,2026_ytd,2026-01-01T00:00:00+00:00,2026-05-04T00:00:00+00:00
next_close,pure_horizon_6,stress,6,8.0,10.0,XRPUSDT,5,14.847560975609756,1.8970356205871022,0.6267863206614034,0.6,0.09485178102935511,-0.018042438177567295,0.8626544236735576,4.917265230389016,1,3.9437313315906617,-1.1730079459182372,2026-02,2026-01,0.91690141425367,XRPUSDT,XRPUSDT,1.0,1.0,1.0,2026_ytd,2026-01-01T00:00:00+00:00,2026-05-04T00:00:00+00:00
next_close,pure_horizon_6,stress,6,8.0,10.0,ETHUSDT,3,8.908536585365853,2.002925415255502,0.1957890653925755,0.6666666666666666,0.06008776245766505,0.0,0.6719418722315783,5.162899837559022,1,4.011132607876959,-2.0134889699874154,2026-02,2026-01,1.3350913543179483,ETHUSDT,ETHUSDT,1.0,0.5,1.0,2026_ytd,2026-01-01T00:00:00+00:00,2026-05-04T00:00:00+00:00
next_close,pure_horizon_6,stress,6,8.0,10.0,BNBUSDT,1,2.9695121951219514,6.713923209017786,6.713923209017786,1.0,0.06713923209017786,0.0,0.0,0.0,0,6.713923209017786,0.0,2026-02,2026-02,1.0,BNBUSDT,BNBUSDT,1.0,1.0,1.0,2026_ytd,2026-01-01T00:00:00+00:00,2026-05-04T00:00:00+00:00
next_close,pure_horizon_6,stress,6,8.0,10.0,BTCUSDT,1,2.9695121951219514,6.720770047523167,6.720770047523167,1.0,0.06720770047523167,0.0,0.0,0.0,0,6.720770047523167,0.0,2026-02,2026-02,1.0,BTCUSDT,BTCUSDT,1.0,1.0,1.0,2026_ytd,2026-01-01T00:00:00+00:00,2026-05-04T00:00:00+00:00
next_open,pure_horizon_6,stress,6,8.0,10.0,ADAUSDT,4,11.878048780487806,2.5174459141810512,0.40808372685810396,0.75,0.10069783656724204,-0.0018372362993393605,1.0891632332123342,4.622715562581373,1,3.41783576221938,-0.18372362993393604,2026-02,2026-01,0.937193901543262,ADAUSDT,ADAUSDT,1.0,1.0,1.0,2026_ytd,2026-01-01T00:00:00+00:00,2026-05-04T00:00:00+00:00
next_open,pure_horizon_6,stress,6,8.0,10.0,AVAXUSDT,4,11.878048780487806,2.2704019608159007,0.4685650780252782,0.75,0.09081607843263603,-0.0033601276092514827,1.091253129909351,4.161091315274395,1,3.139206868062917,-0.33601276092514826,2026-02,2026-01,0.972049009657168,AVAXUSDT,AVAXUSDT,1.0,1.0,1.0,2026_ytd,2026-01-01T00:00:00+00:00,2026-05-04T00:00:00+00:00
next_open,pure_horizon_6,stress,6,8.0,10.0,LINKUSDT,4,11.878048780487806,2.190853817584492,-0.29916882187345323,0.25,0.08763415270337968,-0.01146731401596126,0.8361664669353216,5.240233623848389,3,10.043925333725229,-0.4268366877957537,2026-02,2026-01,1.0931088001949747,LINKUSDT,LINKUSDT,1.0,0.5,1.0,2026_ytd,2026-01-01T00:00:00+00:00,2026-05-04T00:00:00+00:00
next_open,pure_horizon_6,stress,6,8.0,10.0,LTCUSDT,4,11.878048780487806,1.6745602128843815,-0.2501664032475269,0.5,0.06698240851537526,-0.014934696074712338,0.7692377179019059,4.353817224282087,2,4.095855229504379,-0.7467348037356168,2026-02,2026-01,1.2207479291253251,LTCUSDT,LTCUSDT,1.0,0.5,1.0,2026_ytd,2026-01-01T00:00:00+00:00,2026-05-04T00:00:00+00:00
next_open,pure_horizon_6,stress,6,8.0,10.0,SOLUSDT,4,11.878048780487806,2.2176350351759098,0.2966342007838453,0.75,0.0887054014070364,-0.012435894350880727,0.9004621804119599,4.92554842039306,1,3.371376525263904,-1.2435894350880727,2026-02,2026-01,1.1300487673334925,SOLUSDT,SOLUSDT,1.0,0.5,1.0,2026_ytd,2026-01-01T00:00:00+00:00,2026-05-04T00:00:00+00:00
next_open,pure_horizon_6,stress,6,8.0,10.0,XRPUSDT,5,14.847560975609756,3.0115944799401095,1.1685042630849285,1.0,0.15057972399700548,0.0,1.437327781070047,4.685173463213697,0,3.0115944799401095,0.0,2026-02,2026-01,0.8519852285149383,XRPUSDT,XRPUSDT,1.0,1.0,1.0,2026_ytd,2026-01-01T00:00:00+00:00,2026-05-04T00:00:00+00:00
next_open,pure_horizon_6,stress,6,8.0,10.0,ETHUSDT,3,8.908536585365853,3.1102531757139817,1.8242331581462206,0.6666666666666666,0.09330759527141945,0.0,1.0067996013391647,5.350733668918376,1,5.405519329711134,-1.4802791322803222,2026-02,2026-01,1.1586450843550717,ETHUSDT,ETHUSDT,1.0,0.5,1.0,2026_ytd,2026-01-01T00:00:00+00:00,2026-05-04T00:00:00+00:00
next_open,pure_horizon_6,stress,6,8.0,10.0,BNBUSDT,1,2.9695121951219514,7.831244832898371,7.831244832898371,1.0,0.07831244832898371,0.0,0.0,0.0,0,7.831244832898371,0.0,2026-02,2026-02,1.0,BNBUSDT,BNBUSDT,1.0,1.0,1.0,2026_ytd,2026-01-01T00:00:00+00:00,2026-05-04T00:00:00+00:00
next_open,pure_horizon_6,stress,6,8.0,10.0,BTCUSDT,1,2.9695121951219514,8.704143579178975,8.704143579178975,1.0,0.08704143579178975,0.0,0.0,0.0,0,8.704143579178975,0.0,2026-02,2026-02,1.0,BTCUSDT,BTCUSDT,1.0,1.0,1.0,2026_ytd,2026-01-01T00:00:00+00:00,2026-05-04T00:00:00+00:00
next_close,scaled_exit_6_12,base,12,4.0,5.0,ADAUSDT,4,11.878048780487806,1.8699927978608655,0.3392454143394059,0.5,0.07479971191443462,-0.009684416998943079,0.9703501890343292,3.854263788461443,2,4.224206445668885,-0.4842208499471539,2026-02,2026-01,1.0106179979175918,ADAUSDT,ADAUSDT,1.0,0.5,1.0,2026_ytd,2026-01-01T00:00:00+00:00,2026-05-04T00:00:00+00:00
next_close,scaled_exit_6_12,base,12,4.0,5.0,AVAXUSDT,4,11.878048780487806,1.6641368348928427,0.9265025381453376,0.75,0.06656547339571371,-0.016166830318189752,0.9789988887301868,3.399670528842614,1,2.7577434571301156,-1.6166830318189753,2026-02,2026-01,0.9084280463895192,AVAXUSDT,AVAXUSDT,1.0,1.0,1.0,2026_ytd,2026-01-01T00:00:00+00:00,2026-05-04T00:00:00+00:00
next_close,scaled_exit_6_12,base,12,4.0,5.0,LINKUSDT,4,11.878048780487806,1.8953836382832556,0.2192389998434985,0.5,0.07581534553133022,-0.009664016303428755,0.9056360607866826,4.185751253404876,2,4.295726666173219,-0.5049593896067077,2026-02,2026-01,1.1332076998575538,LINKUSDT,LINKUSDT,1.0,0.5,1.0,2026_ytd,2026-01-01T00:00:00+00:00,2026-05-04T00:00:00+00:00
next_close,scaled_exit_6_12,base,12,4.0,5.0,LTCUSDT,4,11.878048780487806,1.2946616282893393,-0.20277824515971032,0.5,0.051786465131573575,-0.022041339487503038,0.6902614045104196,3.7512212614802114,2,3.691390230953831,-1.1020669743751519,2026-02,2026-01,1.3113563367776808,LTCUSDT,LTCUSDT,1.0,0.5,1.0,2026_ytd,2026-01-01T00:00:00+00:00,2026-05-04T00:00:00+00:00
next_close,scaled_exit_6_12,base,12,4.0,5.0,SOLUSDT,4,11.878048780487806,1.477249242999814,-0.4959131345062128,0.25,0.059089969719992565,-0.03317318847307478,0.5367872656748712,5.504039821595078,3,9.585244733470136,-1.225415920490293,2026-02,2026-01,1.5150367179139312,SOLUSDT,SOLUSDT,1.0,0.5,1.0,2026_ytd,2026-01-01T00:00:00+00:00,2026-05-04T00:00:00+00:00
next_close,scaled_exit_6_12,base,12,4.0,5.0,XRPUSDT,5,14.847560975609756,2.3674276750922645,0.5814541444119548,0.8,0.11837138375461322,-0.0006894996945968953,1.1963651496587777,4.424844049352695,1,2.976522086230253,-0.0689499694596895,2026-02,2026-01,0.880394843692209,XRPUSDT,XRPUSDT,1.0,1.0,1.0,2026_ytd,2026-01-01T00:00:00+00:00,2026-05-04T00:00:00+00:00
next_close,scaled_exit_6_12,base,12,4.0,5.0,ETHUSDT,3,8.908536585365853,1.3341239359159545,-0.9411514142589925,0.3333333333333333,0.040023718077478634,-0.009411514142589925,0.4654935460026567,4.964129922838951,2,7.028067949638897,-1.5128480709455165,2026-02,2026-01,1.5208273563182566,ETHUSDT,ETHUSDT,1.0,0.5,1.0,2026_ytd,2026-01-01T00:00:00+00:00,2026-05-04T00:00:00+00:00
next_close,scaled_exit_6_12,base,12,4.0,5.0,BNBUSDT,1,2.9695121951219514,6.106551820163722,6.106551820163722,1.0,0.06106551820163722,0.0,0.0,0.0,0,6.106551820163722,0.0,2026-02,2026-02,1.0,BNBUSDT,BNBUSDT,1.0,1.0,1.0,2026_ytd,2026-01-01T00:00:00+00:00,2026-05-04T00:00:00+00:00
next_close,scaled_exit_6_12,base,12,4.0,5.0,BTCUSDT,1,2.9695121951219514,6.087610819792746,6.087610819792746,1.0,0.060876108197927464,0.0,0.0,0.0,0,6.087610819792746,0.0,2026-02,2026-02,1.0,BTCUSDT,BTCUSDT,1.0,1.0,1.0,2026_ytd,2026-01-01T00:00:00+00:00,2026-05-04T00:00:00+00:00
next_open,scaled_exit_6_12,base,12,4.0,5.0,ADAUSDT,4,11.878048780487806,2.585386289934148,0.8675743500116431,0.75,0.10341545159736591,-0.0012707420460550713,1.2533528757271948,4.12555209311521,1,3.489539788114033,-0.12707420460550725,2026-02,2026-01,0.8445034595334361,ADAUSDT,ADAUSDT,1.0,1.0,1.0,2026_ytd,2026-01-01T00:00:00+00:00,2026-05-04T00:00:00+00:00
next_open,scaled_exit_6_12,base,12,4.0,5.0,AVAXUSDT,4,11.878048780487806,1.8638835079991405,0.23088224952445505,0.5,0.07455534031996562,-0.007170686233572209,0.9783895231397906,3.8101052063960665,2,4.086301327676892,-0.35853431167861044,2026-02,2026-01,0.913927758724944,AVAXUSDT,AVAXUSDT,1.0,1.0,1.0,2026_ytd,2026-01-01T00:00:00+00:00,2026-05-04T00:00:00+00:00
next_open,scaled_exit_6_12,base,12,4.0,5.0,LINKUSDT,4,11.878048780487806,1.8013759879005438,-0.175468571164542,0.5,0.07205503951602175,-0.022180209341046322,0.7027444672573063,5.126688495836935,2,4.711762442853404,-1.1090104670523162,2026-02,2026-01,1.048704038563611,LINKUSDT,LINKUSDT,1.0,0.5,1.0,2026_ytd,2026-01-01T00:00:00+00:00,2026-05-04T00:00:00+00:00
next_open,scaled_exit_6_12,base,12,4.0,5.0,LTCUSDT,4,11.878048780487806,1.8196893300279027,0.2214432454428367,0.5,0.0727875732011161,-0.008791118216835436,0.9406562317797988,3.8689784185767864,2,4.0789345708975775,-0.43955591084177176,2026-02,2026-01,1.0394823275591798,LTCUSDT,LTCUSDT,1.0,0.5,1.0,2026_ytd,2026-01-01T00:00:00+00:00,2026-05-04T00:00:00+00:00
next_open,scaled_exit_6_12,base,12,4.0,5.0,SOLUSDT,4,11.878048780487806,1.6861340075611266,0.30187057488337504,0.75,0.06744536030244506,-0.015944554036722323,0.8163798249750546,4.130758639491485,1,2.7796638113055794,-1.5944554036722323,2026-02,2026-01,1.1974446476219078,SOLUSDT,SOLUSDT,1.0,0.5,1.0,2026_ytd,2026-01-01T00:00:00+00:00,2026-05-04T00:00:00+00:00
next_open,scaled_exit_6_12,base,12,4.0,5.0,XRPUSDT,5,14.847560975609756,3.494596881805219,1.2336320509389178,1.0,0.17472984409026093,0.0,1.7770096360207757,4.397362863587707,0,3.494596881805219,0.0,2026-02,2026-01,0.8363966925120626,XRPUSDT,XRPUSDT,1.0,1.0,1.0,2026_ytd,2026-01-01T00:00:00+00:00,2026-05-04T00:00:00+00:00
next_open,scaled_exit_6_12,base,12,4.0,5.0,ETHUSDT,3,8.908536585365853,2.43144962696734,0.6675457405872798,0.6666666666666666,0.0729434888090202,0.0,0.8258086128017912,5.099721926686464,1,4.423252212867679,-1.5521555448333366,2026-02,2026-01,1.2127887725383102,ETHUSDT,ETHUSDT,1.0,0.5,1.0,2026_ytd,2026-01-01T00:00:00+00:00,2026-05-04T00:00:00+00:00
next_open,scaled_exit_6_12,base,12,4.0,5.0,BNBUSDT,1,2.9695121951219514,7.216687267160918,7.216687267160918,1.0,0.07216687267160918,0.0,0.0,0.0,0,7.216687267160918,0.0,2026-02,2026-02,1.0,BNBUSDT,BNBUSDT,1.0,1.0,1.0,2026_ytd,2026-01-01T00:00:00+00:00,2026-05-04T00:00:00+00:00
next_open,scaled_exit_6_12,base,12,4.0,5.0,BTCUSDT,1,2.9695121951219514,8.057750341855366,8.057750341855366,1.0,0.08057750341855366,0.0,0.0,0.0,0,8.057750341855366,0.0,2026-02,2026-02,1.0,BTCUSDT,BTCUSDT,1.0,1.0,1.0,2026_ytd,2026-01-01T00:00:00+00:00,2026-05-04T00:00:00+00:00
next_close,scaled_exit_6_12,stress,12,8.0,10.0,ADAUSDT,4,11.878048780487806,1.6880937036605628,0.15887630329603675,0.5,0.06752374814642251,-0.013275338116845746,0.8768380865559441,3.850411448916593,2,4.039954313163412,-0.6637669058422873,2026-02,2026-01,1.0917355830894988,ADAUSDT,ADAUSDT,1.0,0.5,1.0,2026_ytd,2026-01-01T00:00:00+00:00,2026-05-04T00:00:00+00:00
next_close,scaled_exit_6_12,stress,12,8.0,10.0,AVAXUSDT,4,11.878048780487806,1.4824434938817777,0.7455464631666343,0.75,0.059297739755271105,-0.017950971909146858,0.8729826417710881,3.3962725556014006,1,2.5749570554805987,-1.7950971909146858,2026-02,2026-01,0.927667772459219,AVAXUSDT,AVAXUSDT,1.0,1.0,1.0,2026_ytd,2026-01-01T00:00:00+00:00,2026-05-04T00:00:00+00:00
next_close,scaled_exit_6_12,stress,12,8.0,10.0,LINKUSDT,4,11.878048780487806,1.713459165918927,0.03898983530135251,0.5,0.06853836663675708,-0.011454657461866757,0.8195295798838462,4.18156759189041,2,4.111403049153766,-0.6844847173159123,2026-02,2026-01,1.1997376800481916,LINKUSDT,LINKUSDT,1.0,0.5,1.0,2026_ytd,2026-01-01T00:00:00+00:00,2026-05-04T00:00:00+00:00
next_close,scaled_exit_6_12,stress,12,8.0,10.0,LTCUSDT,4,11.878048780487806,1.113337578024149,-0.38260560314924247,0.5,0.04453350312096596,-0.02561990985211867,0.5941806123517784,3.7474719130182894,2,3.5076706486542313,-1.2809954926059335,2026-02,2026-01,1.4829808487195466,LTCUSDT,LTCUSDT,1.0,0.5,1.0,2026_ytd,2026-01-01T00:00:00+00:00,2026-05-04T00:00:00+00:00
next_close,scaled_exit_6_12,stress,12,8.0,10.0,SOLUSDT,4,11.878048780487806,1.2957426962769045,-0.6754475039541668,0.25,0.051829707851076184,-0.036740632546287136,0.47130439817249126,5.498538529668801,3,9.395634239178568,-1.4042211513569833,2026-02,2026-01,1.656065562895942,SOLUSDT,SOLUSDT,1.0,0.5,1.0,2026_ytd,2026-01-01T00:00:00+00:00,2026-05-04T00:00:00+00:00
next_close,scaled_exit_6_12,stress,12,8.0,10.0,XRPUSDT,5,14.847560975609756,2.185031394359406,0.4008429455613794,0.6,0.1092515697179703,-0.0024891108891107,1.1052970458499738,4.420421414409499,1,3.729122926633404,-0.1311059040515909,2026-02,2026-01,0.9199757397588719,XRPUSDT,XRPUSDT,1.0,1.0,1.0,2026_ytd,2026-01-01T00:00:00+00:00,2026-05-04T00:00:00+00:00
next_close,scaled_exit_6_12,stress,12,8.0,10.0,ETHUSDT,3,8.908536585365853,1.1527604430447438,-1.120240767712667,0.3333333333333333,0.034582813291342315,-0.011202407677126665,0.40261583134410833,4.959168271261082,2,6.841013355459075,-1.6913660131624215,2026-02,2026-01,1.6542241776433448,ETHUSDT,ETHUSDT,1.0,0.5,1.0,2026_ytd,2026-01-01T00:00:00+00:00,2026-05-04T00:00:00+00:00
next_close,scaled_exit_6_12,stress,12,8.0,10.0,BNBUSDT,1,2.9695121951219514,5.920418282045863,5.920418282045863,1.0,0.059204182820458626,0.0,0.0,0.0,0,5.920418282045863,0.0,2026-02,2026-02,1.0,BNBUSDT,BNBUSDT,1.0,1.0,1.0,2026_ytd,2026-01-01T00:00:00+00:00,2026-05-04T00:00:00+00:00
next_close,scaled_exit_6_12,stress,12,8.0,10.0,BTCUSDT,1,2.9695121951219514,5.901496213218942,5.901496213218942,1.0,0.059014962132189416,0.0,0.0,0.0,0,5.901496213218942,0.0,2026-02,2026-02,1.0,BTCUSDT,BTCUSDT,1.0,1.0,1.0,2026_ytd,2026-01-01T00:00:00+00:00,2026-05-04T00:00:00+00:00
next_open,scaled_exit_6_12,stress,12,8.0,10.0,ADAUSDT,4,11.878048780487806,2.402772159402406,0.6866771738011413,0.75,0.09611088637609624,-0.0030697722884031158,1.165989947752819,4.121428600706556,1,3.306021955483312,-0.3069772288403115,2026-02,2026-01,0.8890472079729783,ADAUSDT,ADAUSDT,1.0,1.0,1.0,2026_ytd,2026-01-01T00:00:00+00:00,2026-05-04T00:00:00+00:00
next_open,scaled_exit_6_12,stress,12,8.0,10.0,AVAXUSDT,4,11.878048780487806,1.6819905200386267,0.05062144754551978,0.5,0.06727962080154506,-0.010764119827258632,0.8837936285801613,3.80629700338707,2,3.9021870314401843,-0.5382059913629316,2026-02,2026-01,0.9314735889711435,AVAXUSDT,AVAXUSDT,1.0,1.0,1.0,2026_ytd,2026-01-01T00:00:00+00:00,2026-05-04T00:00:00+00:00
next_open,scaled_exit_6_12,stress,12,8.0,10.0,LINKUSDT,4,11.878048780487806,1.6195454762532195,-0.35532322519367765,0.25,0.06478181905012878,-0.025758640905138925,0.6324417151673369,5.121564366843531,3,9.207309272663517,-0.9097091225502127,2026-02,2026-01,1.1096984402116667,LINKUSDT,LINKUSDT,1.0,0.5,1.0,2026_ytd,2026-01-01T00:00:00+00:00,2026-05-04T00:00:00+00:00
next_open,scaled_exit_6_12,stress,12,8.0,10.0,LTCUSDT,4,11.878048780487806,1.6378405141813872,0.04119187775554656,0.5,0.06551362056725549,-0.012382932187540406,0.8474997777053069,3.8651113717481067,2,3.894827637739794,-0.6191466093770203,2026-02,2026-01,1.1262615529048448,LTCUSDT,LTCUSDT,1.0,0.5,1.0,2026_ytd,2026-01-01T00:00:00+00:00,2026-05-04T00:00:00+00:00
next_open,scaled_exit_6_12,stress,12,8.0,10.0,SOLUSDT,4,11.878048780487806,1.504418680359499,0.12153882002004417,0.75,0.06017674721437996,-0.01772891779298936,0.7291270121576705,4.1266299431358195,1,2.596855500245644,-1.7728917792989358,2026-02,2026-01,1.2809061108165836,SOLUSDT,SOLUSDT,1.0,0.5,1.0,2026_ytd,2026-01-01T00:00:00+00:00,2026-05-04T00:00:00+00:00
next_open,scaled_exit_6_12,stress,12,8.0,10.0,XRPUSDT,5,14.847560975609756,3.311073994605571,1.052368999782043,1.0,0.16555369973027856,0.0,1.6853724048609509,4.392967696110266,0,3.311073994605571,0.0,2026-02,2026-01,0.8601244956217918,XRPUSDT,XRPUSDT,1.0,1.0,1.0,2026_ytd,2026-01-01T00:00:00+00:00,2026-05-04T00:00:00+00:00
next_open,scaled_exit_6_12,stress,12,8.0,10.0,ETHUSDT,3,8.908536585365853,2.2489893562456005,0.4868484931218043,0.6666666666666666,0.06746968068736801,0.0,0.7646026981845891,5.094624750799126,1,4.238801133968719,-1.7306341992006375,2026-02,2026-01,1.2565054675773284,ETHUSDT,ETHUSDT,1.0,0.5,1.0,2026_ytd,2026-01-01T00:00:00+00:00,2026-05-04T00:00:00+00:00
next_open,scaled_exit_6_12,stress,12,8.0,10.0,BNBUSDT,1,2.9695121951219514,7.02944414783187,7.02944414783187,1.0,0.0702944414783187,0.0,0.0,0.0,0,7.02944414783187,0.0,2026-02,2026-02,1.0,BNBUSDT,BNBUSDT,1.0,1.0,1.0,2026_ytd,2026-01-01T00:00:00+00:00,2026-05-04T00:00:00+00:00
next_open,scaled_exit_6_12,stress,12,8.0,10.0,BTCUSDT,1,2.9695121951219514,7.869666579352891,7.869666579352891,1.0,0.07869666579352891,0.0,0.0,0.0,0,7.869666579352891,0.0,2026-02,2026-02,1.0,BTCUSDT,BTCUSDT,1.0,1.0,1.0,2026_ytd,2026-01-01T00:00:00+00:00,2026-05-04T00:00:00+00:00
