scenario_id,scenario_entry_mode,scenario_friction_mode,concurrent_cap,symbol_cap,selection_policy,account_allocation,symbol,trades_taken,trades_skipped,skip_rate,cumulative_return_units,average_trade_return_pct,median_trade_return_pct,win_rate,account_total_return_pct,cagr_pct,max_drawdown_pct,max_drawdown_units,sharpe_like,max_losing_streak,average_concurrent_positions,max_concurrent_positions,p95_concurrent_positions,average_exposure_pct,max_exposure_pct,p95_exposure_pct,worst_month,worst_month_return_pct,best_month,best_month_contribution,best_symbol,best_symbol_contribution,positive_symbol_rate,liquidation_margin_risk_proxy
next_close_base_ccap5_scap1_symbol_order_alloc0.0025,next_close,base,5,1,symbol_order,0.0025,XRPUSDT,69,0,0.0,0.8356735201592034,1.2111210437089903,1.18985295617498,0.6376811594202898,0.20906163936311728,0.03496071689328417,-0.05025971311873878,-0.20104569399122313,1.7306250882204437,4,0.5,1,1.0,0.125,0.25,0.25,2020-03,-0.03800554368227349,2022-05,0.2025323244253251,XRPUSDT,1.0,1.0,low
next_close_base_ccap5_scap1_symbol_order_alloc0.0025,next_close,base,5,1,symbol_order,0.0025,LTCUSDT,28,0,0.0,0.00025143183760658987,0.0008979708485949637,0.885234129337675,0.6071428571428571,5.067613126907844e-05,8.512539495519889e-06,-0.05445846249124697,-0.2178722924607187,0.0012505519763094837,2,0.5,1,1.0,0.125,0.25,0.25,2022-05,-0.022252139045209063,2025-03,382.699108980941,LTCUSDT,1.0000000000001104,1.0,low
next_close_base_ccap5_scap1_symbol_order_alloc0.0025,next_close,base,5,1,symbol_order,0.0025,ADAUSDT,68,0,0.0,0.45818739082500504,0.6738049865073603,1.107805015113455,0.5735294117647058,0.11453528763274434,0.019435629682118538,-0.07267991052457567,-0.290748262740321,0.9214579430296105,4,0.5,1,1.0,0.125,0.25,0.25,2020-03,-0.07349785922379226,2021-02,0.692426457654196,ADAUSDT,0.9999999999999999,1.0,low
next_close_base_ccap5_scap1_symbol_order_alloc0.0025,next_close,base,5,1,symbol_order,0.0025,BTCUSDT,27,0,0.0,0.00021841712795622747,0.0008089523257638055,0.77229348382789,0.6296296296296297,3.4890144440247184e-05,5.909229816580819e-06,-0.07089246625914258,-0.2836136276467901,0.0008534153549784578,2,0.5,1,1.0,0.125,0.25,0.25,2020-03,-0.0410813895433737,2026-02,377.4359053186759,BTCUSDT,0.9999999999999047,1.0,low
next_close_base_ccap5_scap1_symbol_order_alloc0.0025,next_close,base,5,1,symbol_order,0.0025,ETHUSDT,54,0,0.0,0.34684094000775656,0.642298037051401,0.464739824989055,0.5555555555555556,0.08667499025223346,0.014674580537343829,-0.07109648203543761,-0.2844493297895589,0.7153035429560096,4,0.5,1,1.0,0.125,0.25,0.25,2021-04,-0.0239505709574539,2020-03,0.5380607176503815,ETHUSDT,1.0000000000000002,1.0,low
next_close_base_ccap5_scap1_symbol_order_alloc0.0025,next_close,base,5,1,symbol_order,0.0025,BNBUSDT,52,0,0.0,0.8878960541655887,1.7074924118569015,1.05810694508869,0.5576923076923077,0.22212649695743103,0.03758618542950565,-0.07452237526617278,-0.2981577742846728,1.6464383897754888,6,0.5,1,1.0,0.125,0.25,0.25,2021-05,-0.06759035516511469,2020-03,0.44393468809680253,BNBUSDT,0.9999999999999998,1.0,low
next_close_base_ccap5_scap1_symbol_order_alloc0.0025,next_close,base,5,1,symbol_order,0.0025,LINKUSDT,56,0,0.0,0.3687885538341512,0.6585509889895558,0.138573347880685,0.5178571428571429,0.09219877098367579,0.01561456001126782,-0.059902843437242836,-0.2396604313202773,1.020428331366292,5,0.5,1,1.0,0.125,0.25,0.25,2025-02,-0.03288160249018679,2021-04,0.7315236373165205,LINKUSDT,1.0,1.0,low
next_close_base_ccap5_scap1_symbol_order_alloc0.0025,next_close,base,5,1,symbol_order,0.0025,AVAXUSDT,71,0,0.0,0.7562171847963352,1.0650946264737116,1.01561063306853,0.6056338028169014,0.18907647782313575,0.03636340797392723,-0.17608301870288834,-0.7047477345098231,1.070261434526927,5,0.5,1,1.0,0.125,0.25,0.25,2021-05,-0.1261515574448313,2022-05,0.5314413742204557,AVAXUSDT,1.0000000000000002,1.0,low
next_close_base_ccap5_scap1_symbol_order_alloc0.0025,next_close,base,5,1,symbol_order,0.0025,SOLUSDT,55,0,0.0,0.5612711005761927,1.0204929101385323,0.27402105279571004,0.5454545454545454,0.14028637063543403,0.02698327252750321,-0.0869436225184761,-0.34773398666610494,0.8692318001444431,3,0.5,1,1.0,0.125,0.25,0.25,2021-06,-0.044160078351740406,2021-02,0.3541249537545121,SOLUSDT,1.0000000000000002,1.0,low
next_close_base_ccap5_scap1_largest_drop_alloc0.0025,next_close,base,5,1,largest_drop,0.0025,XRPUSDT,62,0,0.0,0.13177752578135934,0.21254439642154735,0.64139936381586,0.5967741935483871,0.03288686024780496,0.005503990899957678,-0.09310922964890223,-0.37257355620002874,0.2914915584836621,5,0.5,1,1.0,0.125,0.25,0.25,2021-05,-0.058810612524917705,2020-12,1.249819167681503,XRPUSDT,0.999999999999999,1.0,low
next_close_base_ccap5_scap1_largest_drop_alloc0.0025,next_close,base,5,1,largest_drop,0.0025,LTCUSDT,55,0,0.0,0.6268294984748857,1.1396899972270649,1.10273201410641,0.6181818181818182,0.15677566376013363,0.026234194461616234,-0.0299353818862369,-0.11974887193876699,1.5189233815773484,3,0.5,1,1.0,0.125,0.25,0.25,2025-02,-0.028958863683070657,2020-03,0.3263632611142616,LTCUSDT,0.9999999999999998,1.0,low
next_close_base_ccap5_scap1_largest_drop_alloc0.0025,next_close,base,5,1,largest_drop,0.0025,ADAUSDT,66,0,0.0,1.0771160672566662,1.631994041297979,1.3949667771046999,0.5909090909090909,0.26954693756666703,0.04559818425449169,-0.0569360003055297,-0.22775240062049318,2.000447961258986,3,0.5,1,1.0,0.125,0.25,0.25,2025-02,-0.0569360003055297,2021-02,0.25732558535726996,ADAUSDT,0.9999999999999998,1.0,low
next_close_base_ccap5_scap1_largest_drop_alloc0.0025,next_close,base,5,1,largest_drop,0.0025,BNBUSDT,43,0,0.0,0.5662979242963723,1.3169719169683076,0.60708138688378,0.5116279069767442,0.14162302007745264,0.03217938243376128,-0.04434515222524471,-0.17740969095461923,1.4087358037543798,5,0.5,1,1.0,0.125,0.25,0.25,2020-03,-0.010081279424256628,2021-02,0.41223721084976134,BNBUSDT,1.0,1.0,low
next_close_base_ccap5_scap1_largest_drop_alloc0.0025,next_close,base,5,1,largest_drop,0.0025,ETHUSDT,38,0,0.0,-0.07570404254950516,-0.19922116460396097,0.464739824989055,0.5789473684210527,-0.018949780410371098,-0.003210258210217809,-0.09753179527505207,-0.39025542038755917,-0.26142517902496454,5,0.5,1,1.0,0.125,0.25,0.25,2020-03,-0.04290685687343698,2022-06,,ETHUSDT,,0.0,low
next_close_base_ccap5_scap1_largest_drop_alloc0.0025,next_close,base,5,1,largest_drop,0.0025,LINKUSDT,78,0,0.0,0.6344916767097052,0.8134508675765451,0.22043954316100503,0.5256410256410257,0.15866082261277725,0.02685417926404643,-0.08475419195512757,-0.3390924494933223,1.200209399499171,7,0.5,1,1.0,0.125,0.25,0.25,2020-03,-0.09544838858984717,2021-02,0.34644887118088946,LINKUSDT,1.0000000000000002,1.0,low
next_close_base_ccap5_scap1_largest_drop_alloc0.0025,next_close,base,5,1,largest_drop,0.0025,BTCUSDT,10,0,0.0,-0.061933499132340586,-0.6193349913234059,0.47072178444486,0.6,-0.015493695898949333,-0.0031085944727782255,-0.04427059978937553,-0.1770823991575102,-0.30763856778849996,2,0.5,1,1.0,0.125,0.25,0.25,2020-03,-0.04304135483227389,2021-06,,BTCUSDT,,0.0,low
next_close_base_ccap5_scap1_largest_drop_alloc0.0025,next_close,base,5,1,largest_drop,0.0025,AVAXUSDT,73,0,0.0,0.8157762126729052,1.1175016611957607,1.27490507173599,0.6164383561643836,0.20400477587181332,0.0392288439553079,-0.13685681686493867,-0.5476133110688102,1.192559188458074,4,0.5,1,1.0,0.125,0.25,0.25,2021-05,-0.12178786016970866,2022-05,0.492552504115048,AVAXUSDT,0.9999999999999999,1.0,low
next_close_base_ccap5_scap1_largest_drop_alloc0.0025,next_close,base,5,1,largest_drop,0.0025,SOLUSDT,54,0,0.0,0.5216827950696429,0.9660792501289683,0.184208098589965,0.5370370370370371,0.1303733986487865,0.025077572309895046,-0.10204447002509776,-0.4081987682232496,0.7993467831160986,3,0.5,1,1.0,0.125,0.25,0.25,2021-05,-0.057909964759184085,2021-04,0.4276397854546792,SOLUSDT,1.0,1.0,low
next_close_base_ccap5_scap1_liquidity_priority_alloc0.0025,next_close,base,5,1,liquidity_priority,0.0025,XRPUSDT,69,0,0.0,0.8356735201592034,1.2111210437089903,1.18985295617498,0.6376811594202898,0.20906163936311728,0.03496071689328417,-0.05025971311873878,-0.20104569399122313,1.7306250882204437,4,0.5,1,1.0,0.125,0.25,0.25,2020-03,-0.03800554368227349,2022-05,0.2025323244253251,XRPUSDT,1.0,1.0,low
next_close_base_ccap5_scap1_liquidity_priority_alloc0.0025,next_close,base,5,1,liquidity_priority,0.0025,LTCUSDT,28,0,0.0,0.00025143183760658987,0.0008979708485949637,0.885234129337675,0.6071428571428571,5.067613126907844e-05,8.512539495519889e-06,-0.05445846249124697,-0.2178722924607187,0.0012505519763094837,2,0.5,1,1.0,0.125,0.25,0.25,2022-05,-0.022252139045209063,2025-03,382.699108980941,LTCUSDT,1.0000000000001104,1.0,low
next_close_base_ccap5_scap1_liquidity_priority_alloc0.0025,next_close,base,5,1,liquidity_priority,0.0025,ADAUSDT,68,0,0.0,0.45818739082500504,0.6738049865073603,1.107805015113455,0.5735294117647058,0.11453528763274434,0.019435629682118538,-0.07267991052457567,-0.290748262740321,0.9214579430296105,4,0.5,1,1.0,0.125,0.25,0.25,2020-03,-0.07349785922379226,2021-02,0.692426457654196,ADAUSDT,0.9999999999999999,1.0,low
next_close_base_ccap5_scap1_liquidity_priority_alloc0.0025,next_close,base,5,1,liquidity_priority,0.0025,BTCUSDT,27,0,0.0,0.00021841712795622747,0.0008089523257638055,0.77229348382789,0.6296296296296297,3.4890144440247184e-05,5.909229816580819e-06,-0.07089246625914258,-0.2836136276467901,0.0008534153549784578,2,0.5,1,1.0,0.125,0.25,0.25,2020-03,-0.0410813895433737,2026-02,377.4359053186759,BTCUSDT,0.9999999999999047,1.0,low
next_close_base_ccap5_scap1_liquidity_priority_alloc0.0025,next_close,base,5,1,liquidity_priority,0.0025,ETHUSDT,54,0,0.0,0.34684094000775656,0.642298037051401,0.464739824989055,0.5555555555555556,0.08667499025223346,0.014674580537343829,-0.07109648203543761,-0.2844493297895589,0.7153035429560096,4,0.5,1,1.0,0.125,0.25,0.25,2021-04,-0.0239505709574539,2020-03,0.5380607176503815,ETHUSDT,1.0000000000000002,1.0,low
next_close_base_ccap5_scap1_liquidity_priority_alloc0.0025,next_close,base,5,1,liquidity_priority,0.0025,BNBUSDT,52,0,0.0,0.8878960541655887,1.7074924118569015,1.05810694508869,0.5576923076923077,0.22212649695743103,0.03758618542950565,-0.07452237526617278,-0.2981577742846728,1.6464383897754888,6,0.5,1,1.0,0.125,0.25,0.25,2021-05,-0.06759035516511469,2020-03,0.44393468809680253,BNBUSDT,0.9999999999999998,1.0,low
next_close_base_ccap5_scap1_liquidity_priority_alloc0.0025,next_close,base,5,1,liquidity_priority,0.0025,LINKUSDT,56,0,0.0,0.3687885538341512,0.6585509889895558,0.138573347880685,0.5178571428571429,0.09219877098367579,0.01561456001126782,-0.059902843437242836,-0.2396604313202773,1.020428331366292,5,0.5,1,1.0,0.125,0.25,0.25,2025-02,-0.03288160249018679,2021-04,0.7315236373165205,LINKUSDT,1.0,1.0,low
next_close_base_ccap5_scap1_liquidity_priority_alloc0.0025,next_close,base,5,1,liquidity_priority,0.0025,AVAXUSDT,71,0,0.0,0.7562171847963352,1.0650946264737116,1.01561063306853,0.6056338028169014,0.18907647782313575,0.03636340797392723,-0.17608301870288834,-0.7047477345098231,1.070261434526927,5,0.5,1,1.0,0.125,0.25,0.25,2021-05,-0.1261515574448313,2022-05,0.5314413742204557,AVAXUSDT,1.0000000000000002,1.0,low
next_close_base_ccap5_scap1_liquidity_priority_alloc0.0025,next_close,base,5,1,liquidity_priority,0.0025,SOLUSDT,55,0,0.0,0.5612711005761927,1.0204929101385323,0.27402105279571004,0.5454545454545454,0.14028637063543403,0.02698327252750321,-0.0869436225184761,-0.34773398666610494,0.8692318001444431,3,0.5,1,1.0,0.125,0.25,0.25,2021-06,-0.044160078351740406,2021-02,0.3541249537545121,SOLUSDT,1.0000000000000002,1.0,low
next_close_base_ccap5_scap2_symbol_order_alloc0.0025,next_close,base,5,2,symbol_order,0.0025,XRPUSDT,65,0,0.0,0.7773271041944962,1.1958878526069174,0.9594137637343001,0.6153846153846154,0.194463196484973,0.03252143868663904,-0.055927414560563715,-0.2237544914272869,1.8467763793385568,7,0.5307692307692308,2,1.0,0.1326923076923077,0.5,0.25,2021-05,-0.030914608655585596,2022-05,0.2177365205022386,XRPUSDT,0.9999999999999999,1.0,low
next_close_base_ccap5_scap2_symbol_order_alloc0.0025,next_close,base,5,2,symbol_order,0.0025,LTCUSDT,27,0,0.0,-0.04347130368066291,-0.16100482844689967,0.78208099692073,0.5925925925925926,-0.010878818619008968,-0.00182749909318769,-0.05445846249124697,-0.2178722924607187,-0.22177667949371152,2,0.5,1,1.0,0.125,0.25,0.25,2022-05,-0.022252139045209063,2025-03,,LTCUSDT,,0.0,low
next_close_base_ccap5_scap2_symbol_order_alloc0.0025,next_close,base,5,2,symbol_order,0.0025,ADAUSDT,66,0,0.0,0.6002195180937782,0.9094235122633002,1.107805015113455,0.5757575757575758,0.15010273080136027,0.025467355155450733,-0.09169609941193091,-0.36687200618522325,1.326807848767606,4,0.5454545454545454,2,1.0,0.13636363636363635,0.5,0.25,2025-02,-0.09169609941195311,2021-02,0.5283532356043379,ADAUSDT,1.0,1.0,low
next_close_base_ccap5_scap2_symbol_order_alloc0.0025,next_close,base,5,2,symbol_order,0.0025,BTCUSDT,27,0,0.0,0.3134996303990718,1.1611097422187844,0.77229348382789,0.6296296296296297,0.07835222453231871,0.013265946075602386,-0.04427059978937553,-0.1770823991575102,0.7524259917127983,2,0.5740740740740741,2,1.0,0.14351851851851852,0.5,0.25,2021-01,-0.022093403866485506,2020-03,0.5236731472577656,BTCUSDT,1.0,1.0,low
next_close_base_ccap5_scap2_symbol_order_alloc0.0025,next_close,base,5,2,symbol_order,0.0025,ETHUSDT,63,0,0.0,0.34942189551294023,0.5546379293856194,0.48955474722129,0.5714285714285714,0.08730596258381684,0.014781369119076793,-0.0776791134294963,-0.3107765961317821,0.6569000065417921,4,0.6587301587301587,2,2.0,0.16468253968253968,0.5,0.5,2021-04,-0.011345818079355752,2022-06,0.2922316234694477,ETHUSDT,0.9999999999999999,1.0,low
next_close_base_ccap5_scap2_symbol_order_alloc0.0025,next_close,base,5,2,symbol_order,0.0025,BNBUSDT,51,0,0.0,1.3976093374661593,2.74041046561992,1.55240603623004,0.6078431372549019,0.3499121591497678,0.05917754730253577,-0.04086522961467276,-0.1634609184587105,2.593056728131304,5,0.5392156862745098,2,1.0,0.13480392156862744,0.5,0.25,2021-01,-0.009632236690360063,2020-03,0.28181260515335804,BNBUSDT,1.0000000000000002,1.0,low
next_close_base_ccap5_scap2_symbol_order_alloc0.0025,next_close,base,5,2,symbol_order,0.0025,LINKUSDT,53,0,0.0,0.0280350361161504,0.05289629455877434,-0.58604778911356,0.4716981132075472,0.0069659063435478785,0.0011801464734562117,-0.06556199671645668,-0.2622883466614623,0.07478288269349698,5,0.5377358490566038,2,1.0,0.13443396226415094,0.5,0.25,2020-03,-0.06720606771078996,2021-04,4.451879813247469,LINKUSDT,0.9999999999999998,1.0,low
next_close_base_ccap5_scap2_symbol_order_alloc0.0025,next_close,base,5,2,symbol_order,0.0025,AVAXUSDT,71,0,0.0,0.8531506062151845,1.2016205721340627,1.01561063306853,0.6197183098591549,0.2133600945652514,0.04102964473255977,-0.155210144730622,-0.6211264499039277,1.2161086447197076,5,0.5422535211267606,2,1.0,0.13556338028169015,0.5,0.25,2021-05,-0.10526824295760129,2022-05,0.48092211126486395,AVAXUSDT,0.9999999999999999,1.0,low
next_close_base_ccap5_scap2_symbol_order_alloc0.0025,next_close,base,5,2,symbol_order,0.0025,SOLUSDT,68,0,0.0,0.8713438105702044,1.2813879567208888,0.184208098589965,0.5294117647058824,0.2178779642060924,0.04189445852724738,-0.12279956688904248,-0.4912910899327809,1.1048205665286677,4,0.7205882352941176,2,2.0,0.1801470588235294,0.5,0.5,2021-05,-0.07867423113939731,2024-08,0.4435368436547285,SOLUSDT,0.9999999999999999,1.0,low
next_close_base_ccap5_scap2_largest_drop_alloc0.0025,next_close,base,5,2,largest_drop,0.0025,XRPUSDT,61,0,0.0,0.8995567910346879,1.4746832639912917,0.9594137637343001,0.6229508196721312,0.22505364250111626,0.037635203033370423,-0.04687515835432032,-0.18752771382473266,1.7178072740029426,4,0.5327868852459017,2,1.0,0.13319672131147542,0.5,0.25,2025-04,-0.023433519880566855,2020-03,0.28386190196102745,XRPUSDT,1.0,1.0,low
next_close_base_ccap5_scap2_largest_drop_alloc0.0025,next_close,base,5,2,largest_drop,0.0025,LTCUSDT,53,0,0.0,0.5079008235874336,0.9583034407310068,1.10273201410641,0.6226415094339622,0.12700608943800873,0.02125530726662106,-0.029288847434527643,-0.11715577208702571,1.281136314225753,3,0.5188679245283019,2,1.0,0.12971698113207547,0.5,0.25,2025-02,-0.028958863683070657,2020-03,0.4446118567261647,LTCUSDT,1.0,1.0,low
next_close_base_ccap5_scap2_largest_drop_alloc0.0025,next_close,base,5,2,largest_drop,0.0025,ADAUSDT,63,0,0.0,0.8056632550976204,1.2788305636470165,1.2974092046276702,0.5714285714285714,0.20152243072844023,0.034100363241762466,-0.09169609941197532,-0.3668720061852232,1.4654071820925638,3,0.5317460317460317,2,1.0,0.13293650793650794,0.5,0.25,2025-02,-0.09169609941195311,2021-02,0.3441866160500482,ADAUSDT,1.0000000000000002,1.0,low
next_close_base_ccap5_scap2_largest_drop_alloc0.0025,next_close,base,5,2,largest_drop,0.0025,BNBUSDT,45,0,0.0,0.9186634767372654,2.0414743927494787,0.9971755700844199,0.5555555555555556,0.22986598227603405,0.052212047307831355,-0.04086522961467276,-0.1634609184587105,2.1118519614596782,4,0.5888888888888889,2,1.0,0.14722222222222223,0.5,0.25,2023-06,-0.00839172357309792,2021-02,0.3653935560281081,BNBUSDT,1.0,1.0,low
next_close_base_ccap5_scap2_largest_drop_alloc0.0025,next_close,base,5,2,largest_drop,0.0025,ETHUSDT,42,0,0.0,0.14521078067740742,0.3457399539938272,0.502092834523615,0.6190476190476191,0.036283074782872404,0.0061452598922207,-0.07741937168636026,-0.30973979177692834,0.49699337101062246,4,0.6190476190476191,2,1.8499999999999943,0.15476190476190477,0.5,0.4624999999999986,2020-03,-0.04290685687343698,2021-05,1.285061943688015,ETHUSDT,1.0,1.0,low
next_close_base_ccap5_scap2_largest_drop_alloc0.0025,next_close,base,5,2,largest_drop,0.0025,LINKUSDT,80,0,0.0,0.36825844781816136,0.4603230597727017,0.05110474783165406,0.5,0.09200535456312942,0.015576697661434658,-0.14426631949698843,-0.5773689446041843,0.6436311310600902,9,0.5875,2,1.0,0.146875,0.5,0.25,2020-03,-0.1405416557018091,2021-02,0.5974419984122974,LINKUSDT,0.9999999999999999,1.0,low
next_close_base_ccap5_scap2_largest_drop_alloc0.0025,next_close,base,5,2,largest_drop,0.0025,BTCUSDT,10,0,0.0,-0.061933499132340586,-0.6193349913234059,0.47072178444486,0.6,-0.015493695898949333,-0.0031085944727782255,-0.04427059978937553,-0.1770823991575102,-0.30763856778849996,2,0.5,1,1.0,0.125,0.25,0.25,2020-03,-0.04304135483227389,2021-06,,BTCUSDT,,0.0,low
next_close_base_ccap5_scap2_largest_drop_alloc0.0025,next_close,base,5,2,largest_drop,0.0025,AVAXUSDT,81,0,0.0,1.1614302471249645,1.433864502623413,1.51023970245653,0.6296296296296297,0.29061547863782344,0.05586403995907485,-0.1577335276593539,-0.6312345956747055,1.6215227060181154,5,0.6111111111111112,2,1.9499999999999886,0.1527777777777778,0.5,0.48749999999999716,2021-05,-0.12673081207631443,2022-05,0.47139779728884296,AVAXUSDT,1.0,1.0,low
next_close_base_ccap5_scap2_largest_drop_alloc0.0025,next_close,base,5,2,largest_drop,0.0025,SOLUSDT,56,0,0.0,0.12048990779986463,0.2151605496426154,-0.273253716045145,0.48214285714285715,0.029970367196874292,0.0058528711891936425,-0.18980617083100837,-0.7595388572256379,0.16872505807665478,4,0.6428571428571429,2,2.0,0.16071428571428573,0.5,0.5,2021-05,-0.12075746623619876,2024-08,2.6728396834432973,SOLUSDT,0.9999999999999998,1.0,low
next_close_base_ccap5_scap2_liquidity_priority_alloc0.0025,next_close,base,5,2,liquidity_priority,0.0025,XRPUSDT,65,0,0.0,0.7773271041944962,1.1958878526069174,0.9594137637343001,0.6153846153846154,0.194463196484973,0.03252143868663904,-0.055927414560563715,-0.2237544914272869,1.8467763793385568,7,0.5307692307692308,2,1.0,0.1326923076923077,0.5,0.25,2021-05,-0.030914608655585596,2022-05,0.2177365205022386,XRPUSDT,0.9999999999999999,1.0,low
next_close_base_ccap5_scap2_liquidity_priority_alloc0.0025,next_close,base,5,2,liquidity_priority,0.0025,LTCUSDT,27,0,0.0,-0.04347130368066291,-0.16100482844689967,0.78208099692073,0.5925925925925926,-0.010878818619008968,-0.00182749909318769,-0.05445846249124697,-0.2178722924607187,-0.22177667949371152,2,0.5,1,1.0,0.125,0.25,0.25,2022-05,-0.022252139045209063,2025-03,,LTCUSDT,,0.0,low
next_close_base_ccap5_scap2_liquidity_priority_alloc0.0025,next_close,base,5,2,liquidity_priority,0.0025,ADAUSDT,66,0,0.0,0.6002195180937782,0.9094235122633002,1.107805015113455,0.5757575757575758,0.15010273080136027,0.025467355155450733,-0.09169609941193091,-0.36687200618522325,1.326807848767606,4,0.5454545454545454,2,1.0,0.13636363636363635,0.5,0.25,2025-02,-0.09169609941195311,2021-02,0.5283532356043379,ADAUSDT,1.0,1.0,low
next_close_base_ccap5_scap2_liquidity_priority_alloc0.0025,next_close,base,5,2,liquidity_priority,0.0025,BTCUSDT,27,0,0.0,0.3134996303990718,1.1611097422187844,0.77229348382789,0.6296296296296297,0.07835222453231871,0.013265946075602386,-0.04427059978937553,-0.1770823991575102,0.7524259917127983,2,0.5740740740740741,2,1.0,0.14351851851851852,0.5,0.25,2021-01,-0.022093403866485506,2020-03,0.5236731472577656,BTCUSDT,1.0,1.0,low
next_close_base_ccap5_scap2_liquidity_priority_alloc0.0025,next_close,base,5,2,liquidity_priority,0.0025,ETHUSDT,63,0,0.0,0.34942189551294023,0.5546379293856194,0.48955474722129,0.5714285714285714,0.08730596258381684,0.014781369119076793,-0.0776791134294963,-0.3107765961317821,0.6569000065417921,4,0.6587301587301587,2,2.0,0.16468253968253968,0.5,0.5,2021-04,-0.011345818079355752,2022-06,0.2922316234694477,ETHUSDT,0.9999999999999999,1.0,low
next_close_base_ccap5_scap2_liquidity_priority_alloc0.0025,next_close,base,5,2,liquidity_priority,0.0025,BNBUSDT,51,0,0.0,1.3976093374661593,2.74041046561992,1.55240603623004,0.6078431372549019,0.3499121591497678,0.05917754730253577,-0.04086522961467276,-0.1634609184587105,2.593056728131304,5,0.5392156862745098,2,1.0,0.13480392156862744,0.5,0.25,2021-01,-0.009632236690360063,2020-03,0.28181260515335804,BNBUSDT,1.0000000000000002,1.0,low
next_close_base_ccap5_scap2_liquidity_priority_alloc0.0025,next_close,base,5,2,liquidity_priority,0.0025,LINKUSDT,53,0,0.0,0.0280350361161504,0.05289629455877434,-0.58604778911356,0.4716981132075472,0.0069659063435478785,0.0011801464734562117,-0.06556199671645668,-0.2622883466614623,0.07478288269349698,5,0.5377358490566038,2,1.0,0.13443396226415094,0.5,0.25,2020-03,-0.06720606771078996,2021-04,4.451879813247469,LINKUSDT,0.9999999999999998,1.0,low
next_close_base_ccap5_scap2_liquidity_priority_alloc0.0025,next_close,base,5,2,liquidity_priority,0.0025,AVAXUSDT,71,0,0.0,0.8531506062151845,1.2016205721340627,1.01561063306853,0.6197183098591549,0.2133600945652514,0.04102964473255977,-0.155210144730622,-0.6211264499039277,1.2161086447197076,5,0.5422535211267606,2,1.0,0.13556338028169015,0.5,0.25,2021-05,-0.10526824295760129,2022-05,0.48092211126486395,AVAXUSDT,0.9999999999999999,1.0,low
next_close_base_ccap5_scap2_liquidity_priority_alloc0.0025,next_close,base,5,2,liquidity_priority,0.0025,SOLUSDT,68,0,0.0,0.8713438105702044,1.2813879567208888,0.184208098589965,0.5294117647058824,0.2178779642060924,0.04189445852724738,-0.12279956688904248,-0.4912910899327809,1.1048205665286677,4,0.7205882352941176,2,2.0,0.1801470588235294,0.5,0.5,2021-05,-0.07867423113939731,2024-08,0.4435368436547285,SOLUSDT,0.9999999999999999,1.0,low
next_close_base_ccap5_scapunlimited_symbol_order_alloc0.0025,next_close,base,5,unlimited,symbol_order,0.0025,XRPUSDT,64,0,0.0,0.7998935732575576,1.2498337082149338,1.0746333599546398,0.625,0.20011610353520837,0.03346602747476002,-0.05592741456058592,-0.2237544914272869,1.906786012651654,7,0.53125,2,1.0,0.1328125,0.5,0.25,2021-05,-0.030914608655585596,2022-05,0.21158586950465777,XRPUSDT,1.0,1.0,low
next_close_base_ccap5_scapunlimited_symbol_order_alloc0.0025,next_close,base,5,unlimited,symbol_order,0.0025,LTCUSDT,27,0,0.0,-0.04347130368066291,-0.16100482844689967,0.78208099692073,0.5925925925925926,-0.010878818619008968,-0.00182749909318769,-0.05445846249124697,-0.2178722924607187,-0.22177667949371152,2,0.5,1,1.0,0.125,0.25,0.25,2022-05,-0.022252139045209063,2025-03,,LTCUSDT,,0.0,low
next_close_base_ccap5_scapunlimited_symbol_order_alloc0.0025,next_close,base,5,unlimited,symbol_order,0.0025,ADAUSDT,66,0,0.0,0.6002195180937782,0.9094235122633002,1.107805015113455,0.5757575757575758,0.15010273080136027,0.025467355155450733,-0.09169609941193091,-0.36687200618522325,1.326807848767606,4,0.5454545454545454,2,1.0,0.13636363636363635,0.5,0.25,2025-02,-0.09169609941195311,2021-02,0.5283532356043379,ADAUSDT,1.0,1.0,low
next_close_base_ccap5_scapunlimited_symbol_order_alloc0.0025,next_close,base,5,unlimited,symbol_order,0.0025,BTCUSDT,27,0,0.0,0.3134996303990718,1.1611097422187844,0.77229348382789,0.6296296296296297,0.07835222453231871,0.013265946075602386,-0.04427059978937553,-0.1770823991575102,0.7524259917127983,2,0.5740740740740741,2,1.0,0.14351851851851852,0.5,0.25,2021-01,-0.022093403866485506,2020-03,0.5236731472577656,BTCUSDT,1.0,1.0,low
next_close_base_ccap5_scapunlimited_symbol_order_alloc0.0025,next_close,base,5,unlimited,symbol_order,0.0025,ETHUSDT,66,0,0.0,0.3830809172189788,0.5804256321499679,0.48583830525964505,0.5606060606060606,0.09572330898677262,0.01620590501616448,-0.0776791134294963,-0.3107765961317821,0.7005325278079241,4,0.7424242424242424,3,2.0,0.1856060606060606,0.75,0.5,2021-01,-0.018342111158198282,2021-05,0.3309141693929482,ETHUSDT,0.9999999999999997,1.0,low
next_close_base_ccap5_scapunlimited_symbol_order_alloc0.0025,next_close,base,5,unlimited,symbol_order,0.0025,BNBUSDT,52,0,0.0,1.4483566100844483,2.785301173239324,1.6101800962525952,0.6153846153846154,0.3626433700236964,0.061327430855651066,-0.04086522961467276,-0.1634609184587105,2.6852093218457447,5,0.5769230769230769,3,1.0,0.14423076923076922,0.75,0.25,2021-01,-0.009632236690360063,2020-03,0.27191909544186343,BNBUSDT,1.0000000000000002,1.0,low
next_close_base_ccap5_scapunlimited_symbol_order_alloc0.0025,next_close,base,5,unlimited,symbol_order,0.0025,LINKUSDT,51,0,0.0,-0.08394833318761678,-0.16460457487768,-0.60999536225868,0.45098039215686275,-0.021025362801341263,-0.003562478627827659,-0.06556199671645668,-0.2622883466614623,-0.23104690882044396,5,0.5392156862745098,2,1.0,0.13480392156862744,0.5,0.25,2020-03,-0.06720606771078996,2021-04,,LINKUSDT,,0.0,low
next_close_base_ccap5_scapunlimited_symbol_order_alloc0.0025,next_close,base,5,unlimited,symbol_order,0.0025,AVAXUSDT,71,0,0.0,0.8531506062151845,1.2016205721340627,1.01561063306853,0.6197183098591549,0.2133600945652514,0.04102964473255977,-0.155210144730622,-0.6211264499039277,1.2161086447197076,5,0.5422535211267606,2,1.0,0.13556338028169015,0.5,0.25,2021-05,-0.10526824295760129,2022-05,0.48092211126486395,AVAXUSDT,0.9999999999999999,1.0,low
next_close_base_ccap5_scapunlimited_symbol_order_alloc0.0025,next_close,base,5,unlimited,symbol_order,0.0025,SOLUSDT,67,0,0.0,0.8079866640361314,1.205950244830047,0.09439514438422,0.5223880597014925,0.20200668115535336,0.03884514895287072,-0.1386168975948232,-0.5546482364668539,1.0265464838144127,4,0.7089552238805971,2,2.0,0.17723880597014927,0.5,0.5,2021-05,-0.09449854987673145,2024-08,0.4783846949674376,SOLUSDT,0.9999999999999998,1.0,low
next_close_base_ccap5_scapunlimited_largest_drop_alloc0.0025,next_close,base,5,unlimited,largest_drop,0.0025,XRPUSDT,61,0,0.0,0.8995567910346879,1.4746832639912917,0.9594137637343001,0.6229508196721312,0.22505364250111626,0.037635203033370423,-0.04687515835432032,-0.18752771382473266,1.7178072740029426,4,0.5327868852459017,2,1.0,0.13319672131147542,0.5,0.25,2025-04,-0.023433519880566855,2020-03,0.28386190196102745,XRPUSDT,1.0,1.0,low
next_close_base_ccap5_scapunlimited_largest_drop_alloc0.0025,next_close,base,5,unlimited,largest_drop,0.0025,LTCUSDT,53,0,0.0,0.5079008235874336,0.9583034407310068,1.10273201410641,0.6226415094339622,0.12700608943800873,0.02125530726662106,-0.029288847434527643,-0.11715577208702571,1.281136314225753,3,0.5188679245283019,2,1.0,0.12971698113207547,0.5,0.25,2025-02,-0.028958863683070657,2020-03,0.4446118567261647,LTCUSDT,1.0,1.0,low
next_close_base_ccap5_scapunlimited_largest_drop_alloc0.0025,next_close,base,5,unlimited,largest_drop,0.0025,ADAUSDT,63,0,0.0,0.8056632550976204,1.2788305636470165,1.2974092046276702,0.5714285714285714,0.20152243072844023,0.034100363241762466,-0.09169609941197532,-0.3668720061852232,1.4654071820925638,3,0.5317460317460317,2,1.0,0.13293650793650794,0.5,0.25,2025-02,-0.09169609941195311,2021-02,0.3441866160500482,ADAUSDT,1.0000000000000002,1.0,low
next_close_base_ccap5_scapunlimited_largest_drop_alloc0.0025,next_close,base,5,unlimited,largest_drop,0.0025,BNBUSDT,45,0,0.0,0.9186634767372654,2.0414743927494787,0.9971755700844199,0.5555555555555556,0.22986598227603405,0.052212047307831355,-0.04086522961467276,-0.1634609184587105,2.1118519614596782,4,0.5888888888888889,2,1.0,0.14722222222222223,0.5,0.25,2023-06,-0.00839172357309792,2021-02,0.3653935560281081,BNBUSDT,1.0,1.0,low
next_close_base_ccap5_scapunlimited_largest_drop_alloc0.0025,next_close,base,5,unlimited,largest_drop,0.0025,ETHUSDT,42,0,0.0,0.14521078067740742,0.3457399539938272,0.502092834523615,0.6190476190476191,0.036283074782872404,0.0061452598922207,-0.07741937168636026,-0.30973979177692834,0.49699337101062246,4,0.6190476190476191,2,1.8499999999999943,0.15476190476190477,0.5,0.4624999999999986,2020-03,-0.04290685687343698,2021-05,1.285061943688015,ETHUSDT,1.0,1.0,low
next_close_base_ccap5_scapunlimited_largest_drop_alloc0.0025,next_close,base,5,unlimited,largest_drop,0.0025,LINKUSDT,79,0,0.0,0.3691067778424856,0.46722376942086785,0.10787724985045,0.5063291139240507,0.09221763264664062,0.015612623027649875,-0.14426631949698843,-0.5773689446041843,0.6450921601753763,9,0.5886075949367089,2,1.0,0.14715189873417722,0.5,0.25,2020-03,-0.1405416557018091,2021-02,0.5960667316786779,LINKUSDT,0.9999999999999994,1.0,low
next_close_base_ccap5_scapunlimited_largest_drop_alloc0.0025,next_close,base,5,unlimited,largest_drop,0.0025,BTCUSDT,10,0,0.0,-0.061933499132340586,-0.6193349913234059,0.47072178444486,0.6,-0.015493695898949333,-0.0031085944727782255,-0.04427059978937553,-0.1770823991575102,-0.30763856778849996,2,0.5,1,1.0,0.125,0.25,0.25,2020-03,-0.04304135483227389,2021-06,,BTCUSDT,,0.0,low
next_close_base_ccap5_scapunlimited_largest_drop_alloc0.0025,next_close,base,5,unlimited,largest_drop,0.0025,AVAXUSDT,81,0,0.0,1.1614302471249645,1.433864502623413,1.51023970245653,0.6296296296296297,0.29061547863782344,0.05586403995907485,-0.1577335276593539,-0.6312345956747055,1.6215227060181154,5,0.6111111111111112,2,1.9499999999999886,0.1527777777777778,0.5,0.48749999999999716,2021-05,-0.12673081207631443,2022-05,0.47139779728884296,AVAXUSDT,1.0,1.0,low
next_close_base_ccap5_scapunlimited_largest_drop_alloc0.0025,next_close,base,5,unlimited,largest_drop,0.0025,SOLUSDT,57,0,0.0,0.18824976438096502,0.3302627445280088,-0.22029086248345997,0.49122807017543857,0.04691540831163188,0.009161420193026792,-0.1728983597830136,-0.6917790006445372,0.2625468809008024,4,0.6754385964912281,3,2.0,0.16885964912280702,0.75,0.5,2021-05,-0.12075746623619876,2024-08,1.7074558157753887,SOLUSDT,1.0000000000000004,1.0,low
next_close_base_ccap5_scapunlimited_liquidity_priority_alloc0.0025,next_close,base,5,unlimited,liquidity_priority,0.0025,XRPUSDT,64,0,0.0,0.7998935732575576,1.2498337082149338,1.0746333599546398,0.625,0.20011610353520837,0.03346602747476002,-0.05592741456058592,-0.2237544914272869,1.906786012651654,7,0.53125,2,1.0,0.1328125,0.5,0.25,2021-05,-0.030914608655585596,2022-05,0.21158586950465777,XRPUSDT,1.0,1.0,low
next_close_base_ccap5_scapunlimited_liquidity_priority_alloc0.0025,next_close,base,5,unlimited,liquidity_priority,0.0025,LTCUSDT,27,0,0.0,-0.04347130368066291,-0.16100482844689967,0.78208099692073,0.5925925925925926,-0.010878818619008968,-0.00182749909318769,-0.05445846249124697,-0.2178722924607187,-0.22177667949371152,2,0.5,1,1.0,0.125,0.25,0.25,2022-05,-0.022252139045209063,2025-03,,LTCUSDT,,0.0,low
next_close_base_ccap5_scapunlimited_liquidity_priority_alloc0.0025,next_close,base,5,unlimited,liquidity_priority,0.0025,ADAUSDT,66,0,0.0,0.6002195180937782,0.9094235122633002,1.107805015113455,0.5757575757575758,0.15010273080136027,0.025467355155450733,-0.09169609941193091,-0.36687200618522325,1.326807848767606,4,0.5454545454545454,2,1.0,0.13636363636363635,0.5,0.25,2025-02,-0.09169609941195311,2021-02,0.5283532356043379,ADAUSDT,1.0,1.0,low
next_close_base_ccap5_scapunlimited_liquidity_priority_alloc0.0025,next_close,base,5,unlimited,liquidity_priority,0.0025,BTCUSDT,27,0,0.0,0.3134996303990718,1.1611097422187844,0.77229348382789,0.6296296296296297,0.07835222453231871,0.013265946075602386,-0.04427059978937553,-0.1770823991575102,0.7524259917127983,2,0.5740740740740741,2,1.0,0.14351851851851852,0.5,0.25,2021-01,-0.022093403866485506,2020-03,0.5236731472577656,BTCUSDT,1.0,1.0,low
next_close_base_ccap5_scapunlimited_liquidity_priority_alloc0.0025,next_close,base,5,unlimited,liquidity_priority,0.0025,ETHUSDT,66,0,0.0,0.3830809172189788,0.5804256321499679,0.48583830525964505,0.5606060606060606,0.09572330898677262,0.01620590501616448,-0.0776791134294963,-0.3107765961317821,0.7005325278079241,4,0.7424242424242424,3,2.0,0.1856060606060606,0.75,0.5,2021-01,-0.018342111158198282,2021-05,0.3309141693929482,ETHUSDT,0.9999999999999997,1.0,low
next_close_base_ccap5_scapunlimited_liquidity_priority_alloc0.0025,next_close,base,5,unlimited,liquidity_priority,0.0025,BNBUSDT,52,0,0.0,1.4483566100844483,2.785301173239324,1.6101800962525952,0.6153846153846154,0.3626433700236964,0.061327430855651066,-0.04086522961467276,-0.1634609184587105,2.6852093218457447,5,0.5769230769230769,3,1.0,0.14423076923076922,0.75,0.25,2021-01,-0.009632236690360063,2020-03,0.27191909544186343,BNBUSDT,1.0000000000000002,1.0,low
next_close_base_ccap5_scapunlimited_liquidity_priority_alloc0.0025,next_close,base,5,unlimited,liquidity_priority,0.0025,LINKUSDT,51,0,0.0,-0.08394833318761678,-0.16460457487768,-0.60999536225868,0.45098039215686275,-0.021025362801341263,-0.003562478627827659,-0.06556199671645668,-0.2622883466614623,-0.23104690882044396,5,0.5392156862745098,2,1.0,0.13480392156862744,0.5,0.25,2020-03,-0.06720606771078996,2021-04,,LINKUSDT,,0.0,low
next_close_base_ccap5_scapunlimited_liquidity_priority_alloc0.0025,next_close,base,5,unlimited,liquidity_priority,0.0025,AVAXUSDT,71,0,0.0,0.8531506062151845,1.2016205721340627,1.01561063306853,0.6197183098591549,0.2133600945652514,0.04102964473255977,-0.155210144730622,-0.6211264499039277,1.2161086447197076,5,0.5422535211267606,2,1.0,0.13556338028169015,0.5,0.25,2021-05,-0.10526824295760129,2022-05,0.48092211126486395,AVAXUSDT,0.9999999999999999,1.0,low
next_close_base_ccap5_scapunlimited_liquidity_priority_alloc0.0025,next_close,base,5,unlimited,liquidity_priority,0.0025,SOLUSDT,67,0,0.0,0.8079866640361314,1.205950244830047,0.09439514438422,0.5223880597014925,0.20200668115535336,0.03884514895287072,-0.1386168975948232,-0.5546482364668539,1.0265464838144127,4,0.7089552238805971,2,2.0,0.17723880597014927,0.5,0.5,2021-05,-0.09449854987673145,2024-08,0.4783846949674376,SOLUSDT,0.9999999999999998,1.0,low
next_close_base_ccap10_scap1_symbol_order_alloc0.0025,next_close,base,10,1,symbol_order,0.0025,XRPUSDT,76,0,0.0,0.8062879221017055,1.060905160660139,0.8256061003201851,0.6447368421052632,0.20168935104689645,0.033728905907071116,-0.09169661430991072,-0.36691782883982804,1.5534347759615132,5,0.5,1,1.0,0.125,0.25,0.25,2021-05,-0.05739751222683109,2022-05,0.2764296239801082,XRPUSDT,1.0000000000000002,1.0,low
next_close_base_ccap10_scap1_symbol_order_alloc0.0025,next_close,base,10,1,symbol_order,0.0025,LTCUSDT,66,0,0.0,-0.2603541141667207,-0.39447593055563746,0.218503364290445,0.5606060606060606,-0.06512253712475102,-0.010907404331272907,-0.14028216233148427,-0.5614259017610711,-0.6164713636034669,9,0.5,1,1.0,0.125,0.25,0.25,2021-05,-0.10353058107583912,2021-04,,LTCUSDT,,0.0,low
next_close_base_ccap10_scap1_symbol_order_alloc0.0025,next_close,base,10,1,symbol_order,0.0025,ADAUSDT,77,0,0.0,0.6046076222820269,0.7852047042623727,1.36367691543636,0.6103896103896104,0.15118003702445648,0.02558708044864133,-0.08295744261366256,-0.3318806913604652,1.1548653732197118,3,0.5,1,1.0,0.125,0.25,0.25,2020-03,-0.07349785922379226,2021-02,0.5890777857781581,ADAUSDT,1.0,1.0,low
next_close_base_ccap10_scap1_symbol_order_alloc0.0025,next_close,base,10,1,symbol_order,0.0025,BTCUSDT,31,0,0.0,0.10433964258726165,0.3365794922169731,1.1596525432420302,0.6774193548387096,0.02606766132975391,0.004414517393480644,-0.06852727461311714,-0.2741460989432326,0.40042482248832145,2,0.5,1,1.0,0.125,0.25,0.25,2020-03,-0.0410813895433737,2021-05,0.5981072209903036,BTCUSDT,1.0000000000000004,1.0,low
next_close_base_ccap10_scap1_symbol_order_alloc0.0025,next_close,base,10,1,symbol_order,0.0025,ETHUSDT,59,0,0.0,0.4948133696366379,0.8386667281976914,0.48212186329800005,0.576271186440678,0.12370376778374492,0.020940550283166104,-0.07005910265359683,-0.28029490977771304,1.003101584964993,4,0.5,1,1.0,0.125,0.25,0.25,2021-04,-0.0239505709574539,2020-03,0.3770007033171769,ETHUSDT,0.9999999999999998,1.0,low
next_close_base_ccap10_scap1_symbol_order_alloc0.0025,next_close,base,10,1,symbol_order,0.0025,BNBUSDT,58,0,0.0,1.0253632388199496,1.767867653137844,1.0283584645034298,0.5517241379310345,0.256567410554287,0.04340775986533263,-0.08091214713096262,-0.3237328600923405,1.8308332757756,6,0.5,1,1.0,0.125,0.25,0.25,2021-05,-0.06097417745489775,2020-03,0.38434209914578266,BNBUSDT,1.0,1.0,low
next_close_base_ccap10_scap1_symbol_order_alloc0.0025,next_close,base,10,1,symbol_order,0.0025,LINKUSDT,82,0,0.0,0.44708050120911036,0.5452201234257443,0.05110474783165406,0.5,0.11173812437481612,0.018915947563136193,-0.08475419195512757,-0.3390924494933223,0.8118356944399556,7,0.5,1,1.0,0.125,0.25,0.25,2020-03,-0.09544838858984717,2021-04,0.6036040132538011,LINKUSDT,0.9999999999999998,1.0,low
next_close_base_ccap10_scap1_symbol_order_alloc0.0025,next_close,base,10,1,symbol_order,0.0025,AVAXUSDT,79,0,0.0,1.03494803438608,1.3100608030203544,1.27490507173599,0.6075949367088608,0.25890054743042956,0.04977394445020433,-0.17394539188121394,-0.6961663829354161,1.4076525300966969,5,0.5,1,1.0,0.125,0.25,0.25,2021-05,-0.12401286139210876,2022-05,0.38811452584545836,AVAXUSDT,1.0000000000000002,1.0,low
next_close_base_ccap10_scap1_symbol_order_alloc0.0025,next_close,base,10,1,symbol_order,0.0025,SOLUSDT,60,0,0.0,0.8292661104298539,1.3821101840497565,0.3830945163529,0.5666666666666667,0.2073915156256101,0.03987976732977572,-0.09118857604607511,-0.364728874007981,1.245639341568086,3,0.5,1,1.0,0.125,0.25,0.25,2021-05,-0.047049274690946774,2021-04,0.2688289926373424,SOLUSDT,1.0,1.0,low
next_close_base_ccap10_scap1_largest_drop_alloc0.0025,next_close,base,10,1,largest_drop,0.0025,XRPUSDT,76,0,0.0,0.8062879221017055,1.060905160660139,0.8256061003201851,0.6447368421052632,0.20168935104689645,0.033728905907071116,-0.09169661430991072,-0.36691782883982804,1.5534347759615132,5,0.5,1,1.0,0.125,0.25,0.25,2021-05,-0.05739751222683109,2022-05,0.2764296239801082,XRPUSDT,1.0000000000000002,1.0,low
next_close_base_ccap10_scap1_largest_drop_alloc0.0025,next_close,base,10,1,largest_drop,0.0025,LTCUSDT,66,0,0.0,-0.2603541141667207,-0.39447593055563746,0.218503364290445,0.5606060606060606,-0.06512253712475102,-0.010907404331272907,-0.14028216233148427,-0.5614259017610711,-0.6164713636034669,9,0.5,1,1.0,0.125,0.25,0.25,2021-05,-0.10353058107583912,2021-04,,LTCUSDT,,0.0,low
next_close_base_ccap10_scap1_largest_drop_alloc0.0025,next_close,base,10,1,largest_drop,0.0025,ADAUSDT,77,0,0.0,0.6046076222820269,0.7852047042623727,1.36367691543636,0.6103896103896104,0.15118003702445648,0.02558708044864133,-0.08295744261366256,-0.3318806913604652,1.1548653732197118,3,0.5,1,1.0,0.125,0.25,0.25,2020-03,-0.07349785922379226,2021-02,0.5890777857781581,ADAUSDT,1.0,1.0,low
next_close_base_ccap10_scap1_largest_drop_alloc0.0025,next_close,base,10,1,largest_drop,0.0025,BNBUSDT,58,0,0.0,1.0253632388199496,1.767867653137844,1.0283584645034298,0.5517241379310345,0.256567410554287,0.04340775986533263,-0.08091214713096262,-0.3237328600923405,1.8308332757756,6,0.5,1,1.0,0.125,0.25,0.25,2021-05,-0.06097417745489775,2020-03,0.38434209914578266,BNBUSDT,1.0,1.0,low
next_close_base_ccap10_scap1_largest_drop_alloc0.0025,next_close,base,10,1,largest_drop,0.0025,ETHUSDT,59,0,0.0,0.4948133696366379,0.8386667281976914,0.48212186329800005,0.576271186440678,0.12370376778374492,0.020940550283166104,-0.07005910265359683,-0.28029490977771304,1.003101584964993,4,0.5,1,1.0,0.125,0.25,0.25,2021-04,-0.0239505709574539,2020-03,0.3770007033171769,ETHUSDT,0.9999999999999998,1.0,low
next_close_base_ccap10_scap1_largest_drop_alloc0.0025,next_close,base,10,1,largest_drop,0.0025,LINKUSDT,82,0,0.0,0.44708050120911036,0.5452201234257443,0.05110474783165406,0.5,0.11173812437481612,0.018915947563136193,-0.08475419195512757,-0.3390924494933223,0.8118356944399556,7,0.5,1,1.0,0.125,0.25,0.25,2020-03,-0.09544838858984717,2021-04,0.6036040132538011,LINKUSDT,0.9999999999999998,1.0,low
next_close_base_ccap10_scap1_largest_drop_alloc0.0025,next_close,base,10,1,largest_drop,0.0025,BTCUSDT,31,0,0.0,0.10433964258726165,0.3365794922169731,1.1596525432420302,0.6774193548387096,0.02606766132975391,0.004414517393480644,-0.06852727461311714,-0.2741460989432326,0.40042482248832145,2,0.5,1,1.0,0.125,0.25,0.25,2020-03,-0.0410813895433737,2021-05,0.5981072209903036,BTCUSDT,1.0000000000000004,1.0,low
next_close_base_ccap10_scap1_largest_drop_alloc0.0025,next_close,base,10,1,largest_drop,0.0025,AVAXUSDT,79,0,0.0,1.03494803438608,1.3100608030203544,1.27490507173599,0.6075949367088608,0.25890054743042956,0.04977394445020433,-0.17394539188121394,-0.6961663829354161,1.4076525300966969,5,0.5,1,1.0,0.125,0.25,0.25,2021-05,-0.12401286139210876,2022-05,0.38811452584545836,AVAXUSDT,1.0000000000000002,1.0,low
next_close_base_ccap10_scap1_largest_drop_alloc0.0025,next_close,base,10,1,largest_drop,0.0025,SOLUSDT,60,0,0.0,0.8292661104298539,1.3821101840497565,0.3830945163529,0.5666666666666667,0.2073915156256101,0.03987976732977572,-0.09118857604607511,-0.364728874007981,1.245639341568086,3,0.5,1,1.0,0.125,0.25,0.25,2021-05,-0.047049274690946774,2021-04,0.2688289926373424,SOLUSDT,1.0,1.0,low
next_close_base_ccap10_scap1_liquidity_priority_alloc0.0025,next_close,base,10,1,liquidity_priority,0.0025,XRPUSDT,76,0,0.0,0.8062879221017055,1.060905160660139,0.8256061003201851,0.6447368421052632,0.20168935104689645,0.033728905907071116,-0.09169661430991072,-0.36691782883982804,1.5534347759615132,5,0.5,1,1.0,0.125,0.25,0.25,2021-05,-0.05739751222683109,2022-05,0.2764296239801082,XRPUSDT,1.0000000000000002,1.0,low
next_close_base_ccap10_scap1_liquidity_priority_alloc0.0025,next_close,base,10,1,liquidity_priority,0.0025,LTCUSDT,66,0,0.0,-0.2603541141667207,-0.39447593055563746,0.218503364290445,0.5606060606060606,-0.06512253712475102,-0.010907404331272907,-0.14028216233148427,-0.5614259017610711,-0.6164713636034669,9,0.5,1,1.0,0.125,0.25,0.25,2021-05,-0.10353058107583912,2021-04,,LTCUSDT,,0.0,low
next_close_base_ccap10_scap1_liquidity_priority_alloc0.0025,next_close,base,10,1,liquidity_priority,0.0025,ADAUSDT,77,0,0.0,0.6046076222820269,0.7852047042623727,1.36367691543636,0.6103896103896104,0.15118003702445648,0.02558708044864133,-0.08295744261366256,-0.3318806913604652,1.1548653732197118,3,0.5,1,1.0,0.125,0.25,0.25,2020-03,-0.07349785922379226,2021-02,0.5890777857781581,ADAUSDT,1.0,1.0,low
next_close_base_ccap10_scap1_liquidity_priority_alloc0.0025,next_close,base,10,1,liquidity_priority,0.0025,BTCUSDT,31,0,0.0,0.10433964258726165,0.3365794922169731,1.1596525432420302,0.6774193548387096,0.02606766132975391,0.004414517393480644,-0.06852727461311714,-0.2741460989432326,0.40042482248832145,2,0.5,1,1.0,0.125,0.25,0.25,2020-03,-0.0410813895433737,2021-05,0.5981072209903036,BTCUSDT,1.0000000000000004,1.0,low
next_close_base_ccap10_scap1_liquidity_priority_alloc0.0025,next_close,base,10,1,liquidity_priority,0.0025,ETHUSDT,59,0,0.0,0.4948133696366379,0.8386667281976914,0.48212186329800005,0.576271186440678,0.12370376778374492,0.020940550283166104,-0.07005910265359683,-0.28029490977771304,1.003101584964993,4,0.5,1,1.0,0.125,0.25,0.25,2021-04,-0.0239505709574539,2020-03,0.3770007033171769,ETHUSDT,0.9999999999999998,1.0,low
next_close_base_ccap10_scap1_liquidity_priority_alloc0.0025,next_close,base,10,1,liquidity_priority,0.0025,BNBUSDT,58,0,0.0,1.0253632388199496,1.767867653137844,1.0283584645034298,0.5517241379310345,0.256567410554287,0.04340775986533263,-0.08091214713096262,-0.3237328600923405,1.8308332757756,6,0.5,1,1.0,0.125,0.25,0.25,2021-05,-0.06097417745489775,2020-03,0.38434209914578266,BNBUSDT,1.0,1.0,low
next_close_base_ccap10_scap1_liquidity_priority_alloc0.0025,next_close,base,10,1,liquidity_priority,0.0025,LINKUSDT,82,0,0.0,0.44708050120911036,0.5452201234257443,0.05110474783165406,0.5,0.11173812437481612,0.018915947563136193,-0.08475419195512757,-0.3390924494933223,0.8118356944399556,7,0.5,1,1.0,0.125,0.25,0.25,2020-03,-0.09544838858984717,2021-04,0.6036040132538011,LINKUSDT,0.9999999999999998,1.0,low
next_close_base_ccap10_scap1_liquidity_priority_alloc0.0025,next_close,base,10,1,liquidity_priority,0.0025,AVAXUSDT,79,0,0.0,1.03494803438608,1.3100608030203544,1.27490507173599,0.6075949367088608,0.25890054743042956,0.04977394445020433,-0.17394539188121394,-0.6961663829354161,1.4076525300966969,5,0.5,1,1.0,0.125,0.25,0.25,2021-05,-0.12401286139210876,2022-05,0.38811452584545836,AVAXUSDT,1.0000000000000002,1.0,low
next_close_base_ccap10_scap1_liquidity_priority_alloc0.0025,next_close,base,10,1,liquidity_priority,0.0025,SOLUSDT,60,0,0.0,0.8292661104298539,1.3821101840497565,0.3830945163529,0.5666666666666667,0.2073915156256101,0.03987976732977572,-0.09118857604607511,-0.364728874007981,1.245639341568086,3,0.5,1,1.0,0.125,0.25,0.25,2021-05,-0.047049274690946774,2021-04,0.2688289926373424,SOLUSDT,1.0,1.0,low
next_close_base_ccap10_scap2_symbol_order_alloc0.0025,next_close,base,10,2,symbol_order,0.0025,XRPUSDT,86,0,0.0,1.325503488747866,1.541283126451007,0.9193665036102149,0.6511627906976745,0.33181633744696626,0.05546030857452866,-0.0824036919661042,-0.329715483358469,2.301433275704577,4,0.6395348837209303,2,2.0,0.15988372093023256,0.5,0.5,2021-05,-0.05920123454008497,2022-05,0.19880464070985573,XRPUSDT,0.9999999999999998,1.0,low
next_close_base_ccap10_scap2_symbol_order_alloc0.0025,next_close,base,10,2,symbol_order,0.0025,LTCUSDT,60,0,0.0,0.130788696711028,0.21798116118504668,0.9512830843252049,0.6,0.03266265287074077,0.005468456349344564,-0.06864950665452785,-0.2746443524914678,0.36358786908040885,4,0.5166666666666667,2,1.0,0.12916666666666668,0.5,0.25,2020-03,-0.05388947803542932,2021-04,0.8988535175885201,LTCUSDT,1.0000000000000002,1.0,low
next_close_base_ccap10_scap2_symbol_order_alloc0.0025,next_close,base,10,2,symbol_order,0.0025,ADAUSDT,88,0,0.0,1.0313603627582524,1.172000412225287,1.107805015113455,0.5909090909090909,0.2580236174114292,0.043650914586823575,-0.09169609941193091,-0.36687200618522325,1.5053111813676665,4,0.6477272727272727,2,2.0,0.16193181818181818,0.5,0.5,2025-02,-0.09169609941195311,2025-10,0.3776550711622458,ADAUSDT,1.0,1.0,low
next_close_base_ccap10_scap2_symbol_order_alloc0.0025,next_close,base,10,2,symbol_order,0.0025,BTCUSDT,34,0,0.0,0.334858438035752,0.9848777589286823,0.778308591466125,0.6470588235294118,0.08369470422804337,0.014170176031758075,-0.05608542495663116,-0.2243626310687915,0.7943851208213031,3,0.6470588235294118,2,2.0,0.16176470588235295,0.5,0.5,2021-01,-0.02751157890855671,2020-03,0.34895933290242664,BTCUSDT,1.0,1.0,low
next_close_base_ccap10_scap2_symbol_order_alloc0.0025,next_close,base,10,2,symbol_order,0.0025,ETHUSDT,73,0,0.0,0.5964866943400754,0.8171050607398292,0.49012905037712,0.6027397260273972,0.14913994503655825,0.025243717552481115,-0.08277224321601162,-0.33116464289653025,1.0957768410240243,4,0.7191780821917808,2,2.0,0.1797945205479452,0.5,0.5,2021-04,-0.011345818079355752,2022-06,0.171071292658567,ETHUSDT,1.0,1.0,low
next_close_base_ccap10_scap2_symbol_order_alloc0.0025,next_close,base,10,2,symbol_order,0.0025,BNBUSDT,70,0,0.0,1.4807028446854456,2.115289778122065,1.7351087949832749,0.6142857142857143,0.37071573523750345,0.06269047097655633,-0.1038618419525239,-0.4155503847493419,2.231188863417073,5,0.7857142857142857,2,2.0,0.19642857142857145,0.5,0.5,2021-05,-0.020417927782179213,2021-02,0.28130169519944076,BNBUSDT,1.0000000000000004,1.0,low
next_close_base_ccap10_scap2_symbol_order_alloc0.0025,next_close,base,10,2,symbol_order,0.0025,LINKUSDT,90,0,0.0,0.47005082815698884,0.5222786979522098,0.05110474783165406,0.5,0.11746774713636832,0.019885432405275516,-0.1267552914918424,-0.5072341450850136,0.7768873128021966,8,0.6444444444444445,2,2.0,0.16111111111111112,0.5,0.5,2020-03,-0.1209706827370205,2021-04,0.6713080115926695,LINKUSDT,1.0,1.0,low
next_close_base_ccap10_scap2_symbol_order_alloc0.0025,next_close,base,10,2,symbol_order,0.0025,AVAXUSDT,95,0,0.0,1.3464795742468216,1.4173469202598121,1.63452735170878,0.6210526315789474,0.3369795292460731,0.06476435109663559,-0.23260030800257292,-0.9312240571669608,1.6704784484940987,4,0.7,2,2.0,0.175,0.5,0.5,2021-05,-0.1246858122642025,2022-05,0.5103141734496778,AVAXUSDT,0.9999999999999999,1.0,low
next_close_base_ccap10_scap2_symbol_order_alloc0.0025,next_close,base,10,2,symbol_order,0.0025,SOLUSDT,80,0,0.0,1.4888853012781595,1.8611066265976992,0.649307823463105,0.575,0.3726961077060942,0.07161884073882963,-0.11572995879418624,-0.46301193495508663,1.8076043451747776,4,0.8,2,2.0,0.2,0.5,0.5,2021-06,-0.044160078351740406,2024-08,0.25929142415969475,SOLUSDT,0.9999999999999999,1.0,low
next_close_base_ccap10_scap2_largest_drop_alloc0.0025,next_close,base,10,2,largest_drop,0.0025,XRPUSDT,87,0,0.0,1.863478180543083,2.1419289431529687,1.34241482224292,0.6551724137931034,0.46681198506206556,0.07797999810996714,-0.05025971311873878,-0.20104569399122313,2.858313907859582,4,0.6724137931034483,2,2.0,0.16810344827586207,0.5,0.5,2021-06,-0.008830180736574267,2022-05,0.14131305506013025,XRPUSDT,1.0000000000000002,1.0,low
next_close_base_ccap10_scap2_largest_drop_alloc0.0025,next_close,base,10,2,largest_drop,0.0025,LTCUSDT,71,0,0.0,0.3441930703241597,0.48477897228754885,0.91417890689579,0.5915492957746479,0.0860050510192778,0.014395967654778907,-0.0877457740813603,-0.35106487461037694,0.676898958166831,7,0.6267605633802817,2,2.0,0.15669014084507044,0.5,0.5,2021-05,-0.05450900682602011,2021-12,0.35548627793783927,LTCUSDT,1.0000000000000002,1.0,low
next_close_base_ccap10_scap2_largest_drop_alloc0.0025,next_close,base,10,2,largest_drop,0.0025,ADAUSDT,90,0,0.0,1.5268285935990074,1.6964762151100081,1.3305430600320152,0.6,0.38225320932165907,0.0646340736213391,-0.09169609941196422,-0.3668720061852233,2.031186621759014,4,0.6777777777777778,2,2.0,0.16944444444444445,0.5,0.5,2025-02,-0.09169609941195311,2025-10,0.25491984166196,ADAUSDT,0.9999999999999999,1.0,low
next_close_base_ccap10_scap2_largest_drop_alloc0.0025,next_close,base,10,2,largest_drop,0.0025,BNBUSDT,63,0,0.0,1.0788792717698246,1.7125067805870233,1.56148583814034,0.6031746031746031,0.26997751796604685,0.04567403144684068,-0.1038618419525239,-0.41555038474934186,1.8890996658207009,5,0.7063492063492064,2,2.0,0.1765873015873016,0.5,0.5,2020-03,-0.025053480655667926,2021-02,0.38626536589069504,BNBUSDT,1.0,1.0,low
next_close_base_ccap10_scap2_largest_drop_alloc0.0025,next_close,base,10,2,largest_drop,0.0025,ETHUSDT,65,0,0.0,-0.12354565944159565,-0.19007024529476255,0.36312500526186,0.5538461538461539,-0.030925489539201934,-0.005238422773212736,-0.1378086816473889,-0.5514902788370435,-0.32752866686720805,5,0.6538461538461539,2,2.0,0.16346153846153846,0.5,0.5,2020-03,-0.07175867254585189,2022-06,,ETHUSDT,,0.0,low
next_close_base_ccap10_scap2_largest_drop_alloc0.0025,next_close,base,10,2,largest_drop,0.0025,LINKUSDT,102,0,0.0,1.452137426457055,1.423664143585348,0.28099671642026497,0.5294117647058824,0.3635136286821661,0.06147438070092104,-0.14368925907726204,-0.5750559831952851,1.9398304552673102,8,0.7450980392156863,2,2.0,0.18627450980392157,0.5,0.5,2020-03,-0.13790563112943133,2021-04,0.27071674942590895,LINKUSDT,0.9999999999999999,1.0,low
next_close_base_ccap10_scap2_largest_drop_alloc0.0025,next_close,base,10,2,largest_drop,0.0025,BTCUSDT,24,0,0.0,-0.025322338402829506,-0.10550974334512295,0.65718996246974,0.625,-0.006346879898355695,-0.0010749788110109293,-0.07351389730033686,-0.2941144864954533,-0.10792856431444717,3,0.5416666666666666,2,1.0,0.13541666666666666,0.5,0.25,2020-03,-0.05289659167713179,2021-05,,BTCUSDT,,0.0,low
next_close_base_ccap10_scap2_largest_drop_alloc0.0025,next_close,base,10,2,largest_drop,0.0025,AVAXUSDT,101,0,0.0,1.9705215395382514,1.9510114252853972,1.80350161257717,0.6435643564356436,0.4936106275573504,0.09480762081730543,-0.2421054949710011,-0.9693291111109678,2.3262973664100572,5,0.7574257425742574,2,2.0,0.18935643564356439,0.5,0.5,2021-05,-0.13420128062183734,2022-05,0.43395218794607004,AVAXUSDT,1.0,1.0,low
next_close_base_ccap10_scap2_largest_drop_alloc0.0025,next_close,base,10,2,largest_drop,0.0025,SOLUSDT,73,0,0.0,1.0548250547452918,1.4449658284182079,0.27402105279571004,0.5342465753424658,0.26384990440018186,0.050724731232043574,-0.17470781335409136,-0.699299683608203,1.3124877367057106,5,0.7328767123287672,2,2.0,0.1832191780821918,0.5,0.5,2021-05,-0.08894247581489045,2024-08,0.3662571141178762,SOLUSDT,0.9999999999999998,1.0,low
next_close_base_ccap10_scap2_liquidity_priority_alloc0.0025,next_close,base,10,2,liquidity_priority,0.0025,XRPUSDT,86,0,0.0,1.325503488747866,1.541283126451007,0.9193665036102149,0.6511627906976745,0.33181633744696626,0.05546030857452866,-0.0824036919661042,-0.329715483358469,2.301433275704577,4,0.6395348837209303,2,2.0,0.15988372093023256,0.5,0.5,2021-05,-0.05920123454008497,2022-05,0.19880464070985573,XRPUSDT,0.9999999999999998,1.0,low
next_close_base_ccap10_scap2_liquidity_priority_alloc0.0025,next_close,base,10,2,liquidity_priority,0.0025,LTCUSDT,60,0,0.0,0.130788696711028,0.21798116118504668,0.9512830843252049,0.6,0.03266265287074077,0.005468456349344564,-0.06864950665452785,-0.2746443524914678,0.36358786908040885,4,0.5166666666666667,2,1.0,0.12916666666666668,0.5,0.25,2020-03,-0.05388947803542932,2021-04,0.8988535175885201,LTCUSDT,1.0000000000000002,1.0,low
next_close_base_ccap10_scap2_liquidity_priority_alloc0.0025,next_close,base,10,2,liquidity_priority,0.0025,ADAUSDT,88,0,0.0,1.0313603627582524,1.172000412225287,1.107805015113455,0.5909090909090909,0.2580236174114292,0.043650914586823575,-0.09169609941193091,-0.36687200618522325,1.5053111813676665,4,0.6477272727272727,2,2.0,0.16193181818181818,0.5,0.5,2025-02,-0.09169609941195311,2025-10,0.3776550711622458,ADAUSDT,1.0,1.0,low
next_close_base_ccap10_scap2_liquidity_priority_alloc0.0025,next_close,base,10,2,liquidity_priority,0.0025,BTCUSDT,34,0,0.0,0.334858438035752,0.9848777589286823,0.778308591466125,0.6470588235294118,0.08369470422804337,0.014170176031758075,-0.05608542495663116,-0.2243626310687915,0.7943851208213031,3,0.6470588235294118,2,2.0,0.16176470588235295,0.5,0.5,2021-01,-0.02751157890855671,2020-03,0.34895933290242664,BTCUSDT,1.0,1.0,low
next_close_base_ccap10_scap2_liquidity_priority_alloc0.0025,next_close,base,10,2,liquidity_priority,0.0025,ETHUSDT,73,0,0.0,0.5964866943400754,0.8171050607398292,0.49012905037712,0.6027397260273972,0.14913994503655825,0.025243717552481115,-0.08277224321601162,-0.33116464289653025,1.0957768410240243,4,0.7191780821917808,2,2.0,0.1797945205479452,0.5,0.5,2021-04,-0.011345818079355752,2022-06,0.171071292658567,ETHUSDT,1.0,1.0,low
next_close_base_ccap10_scap2_liquidity_priority_alloc0.0025,next_close,base,10,2,liquidity_priority,0.0025,BNBUSDT,70,0,0.0,1.4807028446854456,2.115289778122065,1.7351087949832749,0.6142857142857143,0.37071573523750345,0.06269047097655633,-0.1038618419525239,-0.4155503847493419,2.231188863417073,5,0.7857142857142857,2,2.0,0.19642857142857145,0.5,0.5,2021-05,-0.020417927782179213,2021-02,0.28130169519944076,BNBUSDT,1.0000000000000004,1.0,low
next_close_base_ccap10_scap2_liquidity_priority_alloc0.0025,next_close,base,10,2,liquidity_priority,0.0025,LINKUSDT,90,0,0.0,0.47005082815698884,0.5222786979522098,0.05110474783165406,0.5,0.11746774713636832,0.019885432405275516,-0.1267552914918424,-0.5072341450850136,0.7768873128021966,8,0.6444444444444445,2,2.0,0.16111111111111112,0.5,0.5,2020-03,-0.1209706827370205,2021-04,0.6713080115926695,LINKUSDT,1.0,1.0,low
next_close_base_ccap10_scap2_liquidity_priority_alloc0.0025,next_close,base,10,2,liquidity_priority,0.0025,AVAXUSDT,95,0,0.0,1.3464795742468216,1.4173469202598121,1.63452735170878,0.6210526315789474,0.3369795292460731,0.06476435109663559,-0.23260030800257292,-0.9312240571669608,1.6704784484940987,4,0.7,2,2.0,0.175,0.5,0.5,2021-05,-0.1246858122642025,2022-05,0.5103141734496778,AVAXUSDT,0.9999999999999999,1.0,low
next_close_base_ccap10_scap2_liquidity_priority_alloc0.0025,next_close,base,10,2,liquidity_priority,0.0025,SOLUSDT,80,0,0.0,1.4888853012781595,1.8611066265976992,0.649307823463105,0.575,0.3726961077060942,0.07161884073882963,-0.11572995879418624,-0.46301193495508663,1.8076043451747776,4,0.8,2,2.0,0.2,0.5,0.5,2021-06,-0.044160078351740406,2024-08,0.25929142415969475,SOLUSDT,0.9999999999999999,1.0,low
next_close_base_ccap10_scapunlimited_symbol_order_alloc0.0025,next_close,base,10,unlimited,symbol_order,0.0025,XRPUSDT,87,0,0.0,1.3886538520529546,1.5961538529344306,0.9594137637343001,0.6551724137931034,0.34765631407895903,0.0581040060917859,-0.0824036919660931,-0.32971548335846895,2.4030011766114856,4,0.6609195402298851,3,2.0,0.16522988505747127,0.75,0.5,2021-05,-0.05920123454008497,2022-05,0.18974666955947236,XRPUSDT,1.0,1.0,low
next_close_base_ccap10_scapunlimited_symbol_order_alloc0.0025,next_close,base,10,unlimited,symbol_order,0.0025,LTCUSDT,57,0,0.0,0.16332757195296121,0.28653959991747585,0.98838726175462,0.6140350877192983,0.04080177847396449,0.006830896072895776,-0.05886174138632905,-0.23547633522566722,0.46250360014628694,4,0.5175438596491229,2,1.0,0.12938596491228072,0.5,0.25,2020-03,-0.05388947803542932,2021-04,0.47928669896921694,LTCUSDT,1.0,1.0,low
next_close_base_ccap10_scapunlimited_symbol_order_alloc0.0025,next_close,base,10,unlimited,symbol_order,0.0025,ADAUSDT,87,0,0.0,1.0334885656914798,1.187917891599402,1.2974092046276702,0.5977011494252874,0.2585570437993123,0.04374105981397314,-0.09169609941195311,-0.36687200618522325,1.508633044888217,4,0.6379310344827587,2,2.0,0.15948275862068967,0.5,0.5,2025-02,-0.09169609941195311,2025-10,0.37687593485439036,ADAUSDT,1.0000000000000002,1.0,low
next_close_base_ccap10_scapunlimited_symbol_order_alloc0.0025,next_close,base,10,unlimited,symbol_order,0.0025,BTCUSDT,34,0,0.0,0.334858438035752,0.9848777589286823,0.778308591466125,0.6470588235294118,0.08369470422804337,0.014170176031758075,-0.05608542495663116,-0.2243626310687915,0.7943851208213031,3,0.6470588235294118,2,2.0,0.16176470588235295,0.5,0.5,2021-01,-0.02751157890855671,2020-03,0.34895933290242664,BTCUSDT,1.0,1.0,low
next_close_base_ccap10_scapunlimited_symbol_order_alloc0.0025,next_close,base,10,unlimited,symbol_order,0.0025,ETHUSDT,76,0,0.0,0.6301457160461139,0.8291391000606761,0.489841898799205,0.5921052631578947,0.15756249167975245,0.026668402467433516,-0.08277224321601162,-0.33116464289653025,1.1275003753136923,4,0.7894736842105263,3,2.0,0.19736842105263158,0.75,0.5,2021-01,-0.018342111158198282,2021-05,0.2010389588740741,ETHUSDT,1.0,1.0,low
next_close_base_ccap10_scapunlimited_symbol_order_alloc0.0025,next_close,base,10,unlimited,symbol_order,0.0025,BNBUSDT,71,0,0.0,1.531450117303735,2.1569719962024436,1.8022634336913999,0.6197183098591549,0.38344958542329,0.06484043000876127,-0.1038618419525239,-0.4155503847493419,2.3056007921061266,5,0.8098591549295775,3,2.0,0.20246478873239435,0.75,0.5,2021-05,-0.020417927782179213,2021-02,0.30508055700454567,BNBUSDT,1.0000000000000002,1.0,low
next_close_base_ccap10_scapunlimited_symbol_order_alloc0.0025,next_close,base,10,unlimited,symbol_order,0.0025,LINKUSDT,89,0,0.0,0.436805280902007,0.4907924504516933,-0.00566775418714187,0.4943820224719101,0.10914736145248849,0.01847756057236083,-0.1267552914918424,-0.5072341450850136,0.7229203560021431,8,0.6460674157303371,3,2.0,0.16151685393258428,0.75,0.5,2020-03,-0.1209706827370205,2022-05,0.6801125605577917,LINKUSDT,0.9999999999999998,1.0,low
next_close_base_ccap10_scapunlimited_symbol_order_alloc0.0025,next_close,base,10,unlimited,symbol_order,0.0025,AVAXUSDT,96,0,0.0,1.4066847833146214,1.465296649286064,1.6352266319676103,0.625,0.35208155132060437,0.06766270545577324,-0.2326003080025285,-0.9312240571669609,1.7424279963976153,4,0.71875,3,2.0,0.1796875,0.75,0.5,2021-05,-0.1246858122642025,2022-05,0.4884249949810069,AVAXUSDT,1.0,1.0,low
next_close_base_ccap10_scapunlimited_symbol_order_alloc0.0025,next_close,base,10,unlimited,symbol_order,0.0025,SOLUSDT,81,0,0.0,1.4593395916764396,1.8016538168844933,0.49899768307725006,0.5679012345679012,0.3652818826678228,0.07019618750350176,-0.1315484090981034,-0.5263690814891597,1.7677251450129017,4,0.8333333333333334,3,2.0,0.20833333333333334,0.75,0.5,2021-05,-0.045745990967482886,2024-08,0.2645543322326967,SOLUSDT,1.0000000000000002,1.0,low
next_close_base_ccap10_scapunlimited_largest_drop_alloc0.0025,next_close,base,10,unlimited,largest_drop,0.0025,XRPUSDT,87,0,0.0,1.863478180543083,2.1419289431529687,1.34241482224292,0.6551724137931034,0.46681198506206556,0.07797999810996714,-0.05025971311873878,-0.20104569399122313,2.858313907859582,4,0.6724137931034483,2,2.0,0.16810344827586207,0.5,0.5,2021-06,-0.008830180736574267,2022-05,0.14131305506013025,XRPUSDT,1.0000000000000002,1.0,low
next_close_base_ccap10_scapunlimited_largest_drop_alloc0.0025,next_close,base,10,unlimited,largest_drop,0.0025,LTCUSDT,70,0,0.0,0.3816382574967523,0.5451975107096462,1.0412606976523802,0.6,0.09537485792403544,0.01596371189895862,-0.08774577408140471,-0.35106487461037694,0.7511664353817484,7,0.6285714285714286,3,2.0,0.15714285714285714,0.75,0.5,2021-05,-0.05450900682602011,2021-12,0.3205626318735744,LTCUSDT,1.0,1.0,low
next_close_base_ccap10_scapunlimited_largest_drop_alloc0.0025,next_close,base,10,unlimited,largest_drop,0.0025,ADAUSDT,90,0,0.0,1.59216529693011,1.769072552144567,1.3949667771046999,0.6111111111111112,0.39864991030464925,0.06740196788881381,-0.08773566641252506,-0.35101636313352624,2.1148412541127564,4,0.6777777777777778,2,2.0,0.16944444444444445,0.5,0.5,2025-02,-0.07590846424483377,2025-10,0.24443484138899338,ADAUSDT,1.0,1.0,low
next_close_base_ccap10_scapunlimited_largest_drop_alloc0.0025,next_close,base,10,unlimited,largest_drop,0.0025,BNBUSDT,62,0,0.0,1.1032812615582657,1.7794859057391383,1.614719997207745,0.6129032258064516,0.2760950509978599,0.046707794226086286,-0.1038618419525239,-0.41555038474934186,1.9387355558446566,4,0.7419354838709677,3,2.0,0.18548387096774194,0.75,0.5,2020-03,-0.025053480655667926,2021-02,0.4237055777758443,BNBUSDT,1.0,1.0,low
next_close_base_ccap10_scapunlimited_largest_drop_alloc0.0025,next_close,base,10,unlimited,largest_drop,0.0025,ETHUSDT,67,0,0.0,-0.22183005113631354,-0.331089628561662,0.30278683110837,0.5373134328358209,-0.05548777338386657,-0.009399950763588905,-0.1623447044176607,-0.6497746705317613,-0.5774641729764007,5,0.7238805970149254,4,2.0,0.18097014925373134,1.0,0.5,2020-03,-0.07175867254585189,2022-06,,ETHUSDT,,0.0,low
next_close_base_ccap10_scapunlimited_largest_drop_alloc0.0025,next_close,base,10,unlimited,largest_drop,0.0025,LINKUSDT,103,0,0.0,1.488346610796751,1.4449967095114087,0.29038379242944,0.5339805825242718,0.3725988310969486,0.06300842357227499,-0.14368925907726204,-0.5750559831952851,1.9874398460923772,8,0.7621359223300971,3,2.0,0.19053398058252427,0.75,0.5,2020-03,-0.13790563112943133,2021-04,0.2641157720198194,LINKUSDT,0.9999999999999999,1.0,low
next_close_base_ccap10_scapunlimited_largest_drop_alloc0.0025,next_close,base,10,unlimited,largest_drop,0.0025,BTCUSDT,22,0,0.0,-0.04461644539165473,-0.2028020245075215,0.65718996246974,0.5909090909090909,-0.011169901535135196,-0.0018918977830240102,-0.07351389730033686,-0.2941144864954533,-0.19038073840784317,3,0.5454545454545454,2,1.0,0.13636363636363635,0.5,0.25,2020-03,-0.05289659167713179,2021-05,,BTCUSDT,,0.0,low
next_close_base_ccap10_scapunlimited_largest_drop_alloc0.0025,next_close,base,10,unlimited,largest_drop,0.0025,AVAXUSDT,102,0,0.0,2.076604793603023,2.0358870525519834,1.832914134888505,0.6470588235294118,0.520262350627676,0.09991589864379868,-0.24210549497097889,-0.9693291111109678,2.4389477065955814,5,0.7745098039215687,3,2.0,0.19362745098039216,0.75,0.5,2021-05,-0.13420128062183734,2022-05,0.41172191599779795,AVAXUSDT,0.9999999999999996,1.0,low
next_close_base_ccap10_scapunlimited_largest_drop_alloc0.0025,next_close,base,10,unlimited,largest_drop,0.0025,SOLUSDT,75,0,0.0,1.0886364916776448,1.4515153222368598,0.27402105279571004,0.5333333333333333,0.2723236249882799,0.05235200335844681,-0.17470781335408025,-0.699299683608203,1.3493302133467888,5,0.78,3,2.0,0.195,0.75,0.5,2021-05,-0.08894247581489045,2024-08,0.3548605250464301,SOLUSDT,1.0000000000000002,1.0,low
next_close_base_ccap10_scapunlimited_liquidity_priority_alloc0.0025,next_close,base,10,unlimited,liquidity_priority,0.0025,XRPUSDT,87,0,0.0,1.3886538520529546,1.5961538529344306,0.9594137637343001,0.6551724137931034,0.34765631407895903,0.0581040060917859,-0.0824036919660931,-0.32971548335846895,2.4030011766114856,4,0.6609195402298851,3,2.0,0.16522988505747127,0.75,0.5,2021-05,-0.05920123454008497,2022-05,0.18974666955947236,XRPUSDT,1.0,1.0,low
next_close_base_ccap10_scapunlimited_liquidity_priority_alloc0.0025,next_close,base,10,unlimited,liquidity_priority,0.0025,LTCUSDT,57,0,0.0,0.16332757195296121,0.28653959991747585,0.98838726175462,0.6140350877192983,0.04080177847396449,0.006830896072895776,-0.05886174138632905,-0.23547633522566722,0.46250360014628694,4,0.5175438596491229,2,1.0,0.12938596491228072,0.5,0.25,2020-03,-0.05388947803542932,2021-04,0.47928669896921694,LTCUSDT,1.0,1.0,low
next_close_base_ccap10_scapunlimited_liquidity_priority_alloc0.0025,next_close,base,10,unlimited,liquidity_priority,0.0025,ADAUSDT,87,0,0.0,1.0334885656914798,1.187917891599402,1.2974092046276702,0.5977011494252874,0.2585570437993123,0.04374105981397314,-0.09169609941195311,-0.36687200618522325,1.508633044888217,4,0.6379310344827587,2,2.0,0.15948275862068967,0.5,0.5,2025-02,-0.09169609941195311,2025-10,0.37687593485439036,ADAUSDT,1.0000000000000002,1.0,low
next_close_base_ccap10_scapunlimited_liquidity_priority_alloc0.0025,next_close,base,10,unlimited,liquidity_priority,0.0025,BTCUSDT,34,0,0.0,0.334858438035752,0.9848777589286823,0.778308591466125,0.6470588235294118,0.08369470422804337,0.014170176031758075,-0.05608542495663116,-0.2243626310687915,0.7943851208213031,3,0.6470588235294118,2,2.0,0.16176470588235295,0.5,0.5,2021-01,-0.02751157890855671,2020-03,0.34895933290242664,BTCUSDT,1.0,1.0,low
next_close_base_ccap10_scapunlimited_liquidity_priority_alloc0.0025,next_close,base,10,unlimited,liquidity_priority,0.0025,ETHUSDT,76,0,0.0,0.6301457160461139,0.8291391000606761,0.489841898799205,0.5921052631578947,0.15756249167975245,0.026668402467433516,-0.08277224321601162,-0.33116464289653025,1.1275003753136923,4,0.7894736842105263,3,2.0,0.19736842105263158,0.75,0.5,2021-01,-0.018342111158198282,2021-05,0.2010389588740741,ETHUSDT,1.0,1.0,low
next_close_base_ccap10_scapunlimited_liquidity_priority_alloc0.0025,next_close,base,10,unlimited,liquidity_priority,0.0025,BNBUSDT,71,0,0.0,1.531450117303735,2.1569719962024436,1.8022634336913999,0.6197183098591549,0.38344958542329,0.06484043000876127,-0.1038618419525239,-0.4155503847493419,2.3056007921061266,5,0.8098591549295775,3,2.0,0.20246478873239435,0.75,0.5,2021-05,-0.020417927782179213,2021-02,0.30508055700454567,BNBUSDT,1.0000000000000002,1.0,low
next_close_base_ccap10_scapunlimited_liquidity_priority_alloc0.0025,next_close,base,10,unlimited,liquidity_priority,0.0025,LINKUSDT,89,0,0.0,0.436805280902007,0.4907924504516933,-0.00566775418714187,0.4943820224719101,0.10914736145248849,0.01847756057236083,-0.1267552914918424,-0.5072341450850136,0.7229203560021431,8,0.6460674157303371,3,2.0,0.16151685393258428,0.75,0.5,2020-03,-0.1209706827370205,2022-05,0.6801125605577917,LINKUSDT,0.9999999999999998,1.0,low
next_close_base_ccap10_scapunlimited_liquidity_priority_alloc0.0025,next_close,base,10,unlimited,liquidity_priority,0.0025,AVAXUSDT,96,0,0.0,1.4066847833146214,1.465296649286064,1.6352266319676103,0.625,0.35208155132060437,0.06766270545577324,-0.2326003080025285,-0.9312240571669609,1.7424279963976153,4,0.71875,3,2.0,0.1796875,0.75,0.5,2021-05,-0.1246858122642025,2022-05,0.4884249949810069,AVAXUSDT,1.0,1.0,low
next_close_base_ccap10_scapunlimited_liquidity_priority_alloc0.0025,next_close,base,10,unlimited,liquidity_priority,0.0025,SOLUSDT,81,0,0.0,1.4593395916764396,1.8016538168844933,0.49899768307725006,0.5679012345679012,0.3652818826678228,0.07019618750350176,-0.1315484090981034,-0.5263690814891597,1.7677251450129017,4,0.8333333333333334,3,2.0,0.20833333333333334,0.75,0.5,2021-05,-0.045745990967482886,2024-08,0.2645543322326967,SOLUSDT,1.0000000000000002,1.0,low
next_close_base_ccapunlimited_scap1_symbol_order_alloc0.0025,next_close,base,unlimited,1,symbol_order,0.0025,XRPUSDT,76,0,0.0,0.8062879221017055,1.060905160660139,0.8256061003201851,0.6447368421052632,0.20168935104689645,0.033728905907071116,-0.09169661430991072,-0.36691782883982804,1.5534347759615132,5,0.5,1,1.0,0.125,0.25,0.25,2021-05,-0.05739751222683109,2022-05,0.2764296239801082,XRPUSDT,1.0000000000000002,1.0,low
next_close_base_ccapunlimited_scap1_symbol_order_alloc0.0025,next_close,base,unlimited,1,symbol_order,0.0025,LTCUSDT,66,0,0.0,-0.2603541141667207,-0.39447593055563746,0.218503364290445,0.5606060606060606,-0.06512253712475102,-0.010907404331272907,-0.14028216233148427,-0.5614259017610711,-0.6164713636034669,9,0.5,1,1.0,0.125,0.25,0.25,2021-05,-0.10353058107583912,2021-04,,LTCUSDT,,0.0,low
next_close_base_ccapunlimited_scap1_symbol_order_alloc0.0025,next_close,base,unlimited,1,symbol_order,0.0025,ADAUSDT,77,0,0.0,0.6046076222820269,0.7852047042623727,1.36367691543636,0.6103896103896104,0.15118003702445648,0.02558708044864133,-0.08295744261366256,-0.3318806913604652,1.1548653732197118,3,0.5,1,1.0,0.125,0.25,0.25,2020-03,-0.07349785922379226,2021-02,0.5890777857781581,ADAUSDT,1.0,1.0,low
next_close_base_ccapunlimited_scap1_symbol_order_alloc0.0025,next_close,base,unlimited,1,symbol_order,0.0025,BTCUSDT,31,0,0.0,0.10433964258726165,0.3365794922169731,1.1596525432420302,0.6774193548387096,0.02606766132975391,0.004414517393480644,-0.06852727461311714,-0.2741460989432326,0.40042482248832145,2,0.5,1,1.0,0.125,0.25,0.25,2020-03,-0.0410813895433737,2021-05,0.5981072209903036,BTCUSDT,1.0000000000000004,1.0,low
next_close_base_ccapunlimited_scap1_symbol_order_alloc0.0025,next_close,base,unlimited,1,symbol_order,0.0025,ETHUSDT,59,0,0.0,0.4948133696366379,0.8386667281976914,0.48212186329800005,0.576271186440678,0.12370376778374492,0.020940550283166104,-0.07005910265359683,-0.28029490977771304,1.003101584964993,4,0.5,1,1.0,0.125,0.25,0.25,2021-04,-0.0239505709574539,2020-03,0.3770007033171769,ETHUSDT,0.9999999999999998,1.0,low
next_close_base_ccapunlimited_scap1_symbol_order_alloc0.0025,next_close,base,unlimited,1,symbol_order,0.0025,BNBUSDT,58,0,0.0,1.0253632388199496,1.767867653137844,1.0283584645034298,0.5517241379310345,0.256567410554287,0.04340775986533263,-0.08091214713096262,-0.3237328600923405,1.8308332757756,6,0.5,1,1.0,0.125,0.25,0.25,2021-05,-0.06097417745489775,2020-03,0.38434209914578266,BNBUSDT,1.0,1.0,low
next_close_base_ccapunlimited_scap1_symbol_order_alloc0.0025,next_close,base,unlimited,1,symbol_order,0.0025,LINKUSDT,82,0,0.0,0.44708050120911036,0.5452201234257443,0.05110474783165406,0.5,0.11173812437481612,0.018915947563136193,-0.08475419195512757,-0.3390924494933223,0.8118356944399556,7,0.5,1,1.0,0.125,0.25,0.25,2020-03,-0.09544838858984717,2021-04,0.6036040132538011,LINKUSDT,0.9999999999999998,1.0,low
next_close_base_ccapunlimited_scap1_symbol_order_alloc0.0025,next_close,base,unlimited,1,symbol_order,0.0025,AVAXUSDT,79,0,0.0,1.03494803438608,1.3100608030203544,1.27490507173599,0.6075949367088608,0.25890054743042956,0.04977394445020433,-0.17394539188121394,-0.6961663829354161,1.4076525300966969,5,0.5,1,1.0,0.125,0.25,0.25,2021-05,-0.12401286139210876,2022-05,0.38811452584545836,AVAXUSDT,1.0000000000000002,1.0,low
next_close_base_ccapunlimited_scap1_symbol_order_alloc0.0025,next_close,base,unlimited,1,symbol_order,0.0025,SOLUSDT,60,0,0.0,0.8292661104298539,1.3821101840497565,0.3830945163529,0.5666666666666667,0.2073915156256101,0.03987976732977572,-0.09118857604607511,-0.364728874007981,1.245639341568086,3,0.5,1,1.0,0.125,0.25,0.25,2021-05,-0.047049274690946774,2021-04,0.2688289926373424,SOLUSDT,1.0,1.0,low
next_close_base_ccapunlimited_scap1_largest_drop_alloc0.0025,next_close,base,unlimited,1,largest_drop,0.0025,XRPUSDT,76,0,0.0,0.8062879221017055,1.060905160660139,0.8256061003201851,0.6447368421052632,0.20168935104689645,0.033728905907071116,-0.09169661430991072,-0.36691782883982804,1.5534347759615132,5,0.5,1,1.0,0.125,0.25,0.25,2021-05,-0.05739751222683109,2022-05,0.2764296239801082,XRPUSDT,1.0000000000000002,1.0,low
next_close_base_ccapunlimited_scap1_largest_drop_alloc0.0025,next_close,base,unlimited,1,largest_drop,0.0025,LTCUSDT,66,0,0.0,-0.2603541141667207,-0.39447593055563746,0.218503364290445,0.5606060606060606,-0.06512253712475102,-0.010907404331272907,-0.14028216233148427,-0.5614259017610711,-0.6164713636034669,9,0.5,1,1.0,0.125,0.25,0.25,2021-05,-0.10353058107583912,2021-04,,LTCUSDT,,0.0,low
next_close_base_ccapunlimited_scap1_largest_drop_alloc0.0025,next_close,base,unlimited,1,largest_drop,0.0025,ADAUSDT,77,0,0.0,0.6046076222820269,0.7852047042623727,1.36367691543636,0.6103896103896104,0.15118003702445648,0.02558708044864133,-0.08295744261366256,-0.3318806913604652,1.1548653732197118,3,0.5,1,1.0,0.125,0.25,0.25,2020-03,-0.07349785922379226,2021-02,0.5890777857781581,ADAUSDT,1.0,1.0,low
next_close_base_ccapunlimited_scap1_largest_drop_alloc0.0025,next_close,base,unlimited,1,largest_drop,0.0025,BNBUSDT,58,0,0.0,1.0253632388199496,1.767867653137844,1.0283584645034298,0.5517241379310345,0.256567410554287,0.04340775986533263,-0.08091214713096262,-0.3237328600923405,1.8308332757756,6,0.5,1,1.0,0.125,0.25,0.25,2021-05,-0.06097417745489775,2020-03,0.38434209914578266,BNBUSDT,1.0,1.0,low
next_close_base_ccapunlimited_scap1_largest_drop_alloc0.0025,next_close,base,unlimited,1,largest_drop,0.0025,ETHUSDT,59,0,0.0,0.4948133696366379,0.8386667281976914,0.48212186329800005,0.576271186440678,0.12370376778374492,0.020940550283166104,-0.07005910265359683,-0.28029490977771304,1.003101584964993,4,0.5,1,1.0,0.125,0.25,0.25,2021-04,-0.0239505709574539,2020-03,0.3770007033171769,ETHUSDT,0.9999999999999998,1.0,low
next_close_base_ccapunlimited_scap1_largest_drop_alloc0.0025,next_close,base,unlimited,1,largest_drop,0.0025,LINKUSDT,82,0,0.0,0.44708050120911036,0.5452201234257443,0.05110474783165406,0.5,0.11173812437481612,0.018915947563136193,-0.08475419195512757,-0.3390924494933223,0.8118356944399556,7,0.5,1,1.0,0.125,0.25,0.25,2020-03,-0.09544838858984717,2021-04,0.6036040132538011,LINKUSDT,0.9999999999999998,1.0,low
next_close_base_ccapunlimited_scap1_largest_drop_alloc0.0025,next_close,base,unlimited,1,largest_drop,0.0025,BTCUSDT,31,0,0.0,0.10433964258726165,0.3365794922169731,1.1596525432420302,0.6774193548387096,0.02606766132975391,0.004414517393480644,-0.06852727461311714,-0.2741460989432326,0.40042482248832145,2,0.5,1,1.0,0.125,0.25,0.25,2020-03,-0.0410813895433737,2021-05,0.5981072209903036,BTCUSDT,1.0000000000000004,1.0,low
next_close_base_ccapunlimited_scap1_largest_drop_alloc0.0025,next_close,base,unlimited,1,largest_drop,0.0025,AVAXUSDT,79,0,0.0,1.03494803438608,1.3100608030203544,1.27490507173599,0.6075949367088608,0.25890054743042956,0.04977394445020433,-0.17394539188121394,-0.6961663829354161,1.4076525300966969,5,0.5,1,1.0,0.125,0.25,0.25,2021-05,-0.12401286139210876,2022-05,0.38811452584545836,AVAXUSDT,1.0000000000000002,1.0,low
next_close_base_ccapunlimited_scap1_largest_drop_alloc0.0025,next_close,base,unlimited,1,largest_drop,0.0025,SOLUSDT,60,0,0.0,0.8292661104298539,1.3821101840497565,0.3830945163529,0.5666666666666667,0.2073915156256101,0.03987976732977572,-0.09118857604607511,-0.364728874007981,1.245639341568086,3,0.5,1,1.0,0.125,0.25,0.25,2021-05,-0.047049274690946774,2021-04,0.2688289926373424,SOLUSDT,1.0,1.0,low
next_close_base_ccapunlimited_scap1_liquidity_priority_alloc0.0025,next_close,base,unlimited,1,liquidity_priority,0.0025,XRPUSDT,76,0,0.0,0.8062879221017055,1.060905160660139,0.8256061003201851,0.6447368421052632,0.20168935104689645,0.033728905907071116,-0.09169661430991072,-0.36691782883982804,1.5534347759615132,5,0.5,1,1.0,0.125,0.25,0.25,2021-05,-0.05739751222683109,2022-05,0.2764296239801082,XRPUSDT,1.0000000000000002,1.0,low
next_close_base_ccapunlimited_scap1_liquidity_priority_alloc0.0025,next_close,base,unlimited,1,liquidity_priority,0.0025,LTCUSDT,66,0,0.0,-0.2603541141667207,-0.39447593055563746,0.218503364290445,0.5606060606060606,-0.06512253712475102,-0.010907404331272907,-0.14028216233148427,-0.5614259017610711,-0.6164713636034669,9,0.5,1,1.0,0.125,0.25,0.25,2021-05,-0.10353058107583912,2021-04,,LTCUSDT,,0.0,low
next_close_base_ccapunlimited_scap1_liquidity_priority_alloc0.0025,next_close,base,unlimited,1,liquidity_priority,0.0025,ADAUSDT,77,0,0.0,0.6046076222820269,0.7852047042623727,1.36367691543636,0.6103896103896104,0.15118003702445648,0.02558708044864133,-0.08295744261366256,-0.3318806913604652,1.1548653732197118,3,0.5,1,1.0,0.125,0.25,0.25,2020-03,-0.07349785922379226,2021-02,0.5890777857781581,ADAUSDT,1.0,1.0,low
next_close_base_ccapunlimited_scap1_liquidity_priority_alloc0.0025,next_close,base,unlimited,1,liquidity_priority,0.0025,BTCUSDT,31,0,0.0,0.10433964258726165,0.3365794922169731,1.1596525432420302,0.6774193548387096,0.02606766132975391,0.004414517393480644,-0.06852727461311714,-0.2741460989432326,0.40042482248832145,2,0.5,1,1.0,0.125,0.25,0.25,2020-03,-0.0410813895433737,2021-05,0.5981072209903036,BTCUSDT,1.0000000000000004,1.0,low
next_close_base_ccapunlimited_scap1_liquidity_priority_alloc0.0025,next_close,base,unlimited,1,liquidity_priority,0.0025,ETHUSDT,59,0,0.0,0.4948133696366379,0.8386667281976914,0.48212186329800005,0.576271186440678,0.12370376778374492,0.020940550283166104,-0.07005910265359683,-0.28029490977771304,1.003101584964993,4,0.5,1,1.0,0.125,0.25,0.25,2021-04,-0.0239505709574539,2020-03,0.3770007033171769,ETHUSDT,0.9999999999999998,1.0,low
next_close_base_ccapunlimited_scap1_liquidity_priority_alloc0.0025,next_close,base,unlimited,1,liquidity_priority,0.0025,BNBUSDT,58,0,0.0,1.0253632388199496,1.767867653137844,1.0283584645034298,0.5517241379310345,0.256567410554287,0.04340775986533263,-0.08091214713096262,-0.3237328600923405,1.8308332757756,6,0.5,1,1.0,0.125,0.25,0.25,2021-05,-0.06097417745489775,2020-03,0.38434209914578266,BNBUSDT,1.0,1.0,low
next_close_base_ccapunlimited_scap1_liquidity_priority_alloc0.0025,next_close,base,unlimited,1,liquidity_priority,0.0025,LINKUSDT,82,0,0.0,0.44708050120911036,0.5452201234257443,0.05110474783165406,0.5,0.11173812437481612,0.018915947563136193,-0.08475419195512757,-0.3390924494933223,0.8118356944399556,7,0.5,1,1.0,0.125,0.25,0.25,2020-03,-0.09544838858984717,2021-04,0.6036040132538011,LINKUSDT,0.9999999999999998,1.0,low
next_close_base_ccapunlimited_scap1_liquidity_priority_alloc0.0025,next_close,base,unlimited,1,liquidity_priority,0.0025,AVAXUSDT,79,0,0.0,1.03494803438608,1.3100608030203544,1.27490507173599,0.6075949367088608,0.25890054743042956,0.04977394445020433,-0.17394539188121394,-0.6961663829354161,1.4076525300966969,5,0.5,1,1.0,0.125,0.25,0.25,2021-05,-0.12401286139210876,2022-05,0.38811452584545836,AVAXUSDT,1.0000000000000002,1.0,low
next_close_base_ccapunlimited_scap1_liquidity_priority_alloc0.0025,next_close,base,unlimited,1,liquidity_priority,0.0025,SOLUSDT,60,0,0.0,0.8292661104298539,1.3821101840497565,0.3830945163529,0.5666666666666667,0.2073915156256101,0.03987976732977572,-0.09118857604607511,-0.364728874007981,1.245639341568086,3,0.5,1,1.0,0.125,0.25,0.25,2021-05,-0.047049274690946774,2021-04,0.2688289926373424,SOLUSDT,1.0,1.0,low
next_close_base_ccapunlimited_scap2_symbol_order_alloc0.0025,next_close,base,unlimited,2,symbol_order,0.0025,XRPUSDT,100,0,0.0,2.025734586971149,2.025734586971149,1.364323495856255,0.67,0.5075784908524783,0.08477562763817836,-0.046601284077218974,-0.1864051363088888,3.1719236764783743,3,0.76,2,2.0,0.19,0.5,0.5,2021-06,-0.008830180736574267,2021-12,0.1705312128882635,XRPUSDT,1.0,1.0,low
next_close_base_ccapunlimited_scap2_symbol_order_alloc0.0025,next_close,base,unlimited,2,symbol_order,0.0025,LTCUSDT,87,0,0.0,0.17576328637682284,0.20202676595037108,0.78208099692073,0.5862068965517241,0.043872272525824485,0.007344853977286903,-0.09605896935747094,-0.38420810363071245,0.3496575019814929,4,0.7758620689655172,2,2.0,0.1939655172413793,0.5,0.5,2020-03,-0.07231864921756204,2024-04,0.7489139550367344,LTCUSDT,0.9999999999999999,1.0,low
next_close_base_ccapunlimited_scap2_symbol_order_alloc0.0025,next_close,base,unlimited,2,symbol_order,0.0025,ADAUSDT,101,0,0.0,1.519645128016625,1.5045991366501237,1.42625663877304,0.6138613861386139,0.38044783917758895,0.06432928975070862,-0.09169609941196422,-0.3668720061852233,2.0024014042230527,4,0.7376237623762376,2,2.0,0.1844059405940594,0.5,0.5,2025-02,-0.09169609941195311,2025-10,0.2561295335668015,ADAUSDT,0.9999999999999999,1.0,low
next_close_base_ccapunlimited_scap2_symbol_order_alloc0.0025,next_close,base,unlimited,2,symbol_order,0.0025,BTCUSDT,38,0,0.0,0.2054861608237611,0.5407530547993713,0.9719881211731951,0.6842105263157895,0.051359884842372416,0.008696802313967744,-0.06482125208937539,-0.2593009008005734,0.7243035324131148,3,0.6842105263157895,2,2.0,0.17105263157894737,0.5,0.5,2020-03,-0.032488784919504354,2021-05,0.6061549954021866,BTCUSDT,1.0,1.0,low
next_close_base_ccapunlimited_scap2_symbol_order_alloc0.0025,next_close,base,unlimited,2,symbol_order,0.0025,ETHUSDT,76,0,0.0,0.8362614460051827,1.100344007901556,0.502092834523615,0.6052631578947368,0.20917537176465828,0.035396616724581165,-0.08277224321601162,-0.33116464289653025,1.4290423679792623,3,0.7368421052631579,2,2.0,0.18421052631578946,0.5,0.5,2021-04,-0.011345818079355752,2021-05,0.3604980440846543,ETHUSDT,1.0,1.0,low
next_close_base_ccapunlimited_scap2_symbol_order_alloc0.0025,next_close,base,unlimited,2,symbol_order,0.0025,BNBUSDT,78,0,0.0,1.5638211123491619,2.004898861986105,1.6426490947294954,0.6153846153846154,0.3915737592941948,0.06621198169778353,-0.1038618419525239,-0.4155503847493419,2.3518818043794743,5,0.8333333333333334,2,2.0,0.20833333333333334,0.5,0.5,2021-05,-0.018291125714120504,2021-02,0.2663175513787877,BNBUSDT,1.0000000000000004,1.0,low
next_close_base_ccapunlimited_scap2_symbol_order_alloc0.0025,next_close,base,unlimited,2,symbol_order,0.0025,LINKUSDT,110,0,0.0,1.996644554884504,1.8151314135313672,0.493017836049965,0.5454545454545454,0.5001674991738092,0.08453631327811628,-0.13362329658010985,-0.5347372688711852,2.3215376753507146,5,0.8090909090909091,2,2.0,0.20227272727272727,0.5,0.5,2020-03,-0.041123057603797974,2021-04,0.19675254408054904,LINKUSDT,0.9999999999999999,1.0,low
next_close_base_ccapunlimited_scap2_symbol_order_alloc0.0025,next_close,base,unlimited,2,symbol_order,0.0025,AVAXUSDT,107,0,0.0,2.0338973721878535,1.900838665596125,1.80350161257717,0.6355140186915887,0.5095262302907244,0.09785826136603504,-0.21461480305307035,-0.8590928668979219,2.3610981268485154,5,0.8177570093457944,2,2.0,0.2044392523364486,0.5,0.5,2021-05,-0.1487692228118398,2022-05,0.42039722214050723,AVAXUSDT,1.0000000000000002,1.0,low
next_close_base_ccapunlimited_scap2_symbol_order_alloc0.0025,next_close,base,unlimited,2,symbol_order,0.0025,SOLUSDT,84,0,0.0,1.6534090319659032,1.9683440856736942,0.858218810887045,0.5833333333333334,0.4139793843369599,0.0795387897601918,-0.11446181304315406,-0.4579555794656901,1.971144998941455,4,0.8333333333333334,2,2.0,0.20833333333333334,0.5,0.5,2021-06,-0.044160078351740406,2024-08,0.2334340989000317,SOLUSDT,1.0,1.0,low
next_close_base_ccapunlimited_scap2_largest_drop_alloc0.0025,next_close,base,unlimited,2,largest_drop,0.0025,XRPUSDT,100,0,0.0,2.025734586971149,2.025734586971149,1.364323495856255,0.67,0.5075784908524783,0.08477562763817836,-0.046601284077218974,-0.1864051363088888,3.1719236764783743,3,0.76,2,2.0,0.19,0.5,0.5,2021-06,-0.008830180736574267,2021-12,0.1705312128882635,XRPUSDT,1.0,1.0,low
next_close_base_ccapunlimited_scap2_largest_drop_alloc0.0025,next_close,base,unlimited,2,largest_drop,0.0025,LTCUSDT,87,0,0.0,0.17576328637682284,0.20202676595037108,0.78208099692073,0.5862068965517241,0.043872272525824485,0.007344853977286903,-0.09605896935747094,-0.38420810363071245,0.3496575019814929,4,0.7758620689655172,2,2.0,0.1939655172413793,0.5,0.5,2020-03,-0.07231864921756204,2024-04,0.7489139550367344,LTCUSDT,0.9999999999999999,1.0,low
next_close_base_ccapunlimited_scap2_largest_drop_alloc0.0025,next_close,base,unlimited,2,largest_drop,0.0025,ADAUSDT,101,0,0.0,1.519645128016625,1.5045991366501237,1.42625663877304,0.6138613861386139,0.38044783917758895,0.06432928975070862,-0.09169609941196422,-0.3668720061852233,2.0024014042230527,4,0.7376237623762376,2,2.0,0.1844059405940594,0.5,0.5,2025-02,-0.09169609941195311,2025-10,0.2561295335668015,ADAUSDT,0.9999999999999999,1.0,low
next_close_base_ccapunlimited_scap2_largest_drop_alloc0.0025,next_close,base,unlimited,2,largest_drop,0.0025,BNBUSDT,78,0,0.0,1.5638211123491619,2.004898861986105,1.6426490947294954,0.6153846153846154,0.3915737592941948,0.06621198169778353,-0.1038618419525239,-0.4155503847493419,2.3518818043794743,5,0.8333333333333334,2,2.0,0.20833333333333334,0.5,0.5,2021-05,-0.018291125714120504,2021-02,0.2663175513787877,BNBUSDT,1.0000000000000004,1.0,low
next_close_base_ccapunlimited_scap2_largest_drop_alloc0.0025,next_close,base,unlimited,2,largest_drop,0.0025,ETHUSDT,76,0,0.0,0.8362614460051827,1.100344007901556,0.502092834523615,0.6052631578947368,0.20917537176465828,0.035396616724581165,-0.08277224321601162,-0.33116464289653025,1.4290423679792623,3,0.7368421052631579,2,2.0,0.18421052631578946,0.5,0.5,2021-04,-0.011345818079355752,2021-05,0.3604980440846543,ETHUSDT,1.0,1.0,low
next_close_base_ccapunlimited_scap2_largest_drop_alloc0.0025,next_close,base,unlimited,2,largest_drop,0.0025,LINKUSDT,110,0,0.0,1.996644554884504,1.8151314135313672,0.493017836049965,0.5454545454545454,0.5001674991738092,0.08453631327811628,-0.13362329658010985,-0.5347372688711852,2.3215376753507146,5,0.8090909090909091,2,2.0,0.20227272727272727,0.5,0.5,2020-03,-0.041123057603797974,2021-04,0.19675254408054904,LINKUSDT,0.9999999999999999,1.0,low
next_close_base_ccapunlimited_scap2_largest_drop_alloc0.0025,next_close,base,unlimited,2,largest_drop,0.0025,BTCUSDT,38,0,0.0,0.2054861608237611,0.5407530547993713,0.9719881211731951,0.6842105263157895,0.051359884842372416,0.008696802313967744,-0.06482125208937539,-0.2593009008005734,0.7243035324131148,3,0.6842105263157895,2,2.0,0.17105263157894737,0.5,0.5,2020-03,-0.032488784919504354,2021-05,0.6061549954021866,BTCUSDT,1.0,1.0,low
next_close_base_ccapunlimited_scap2_largest_drop_alloc0.0025,next_close,base,unlimited,2,largest_drop,0.0025,AVAXUSDT,107,0,0.0,2.0338973721878535,1.900838665596125,1.80350161257717,0.6355140186915887,0.5095262302907244,0.09785826136603504,-0.21461480305307035,-0.8590928668979219,2.3610981268485154,5,0.8177570093457944,2,2.0,0.2044392523364486,0.5,0.5,2021-05,-0.1487692228118398,2022-05,0.42039722214050723,AVAXUSDT,1.0000000000000002,1.0,low
next_close_base_ccapunlimited_scap2_largest_drop_alloc0.0025,next_close,base,unlimited,2,largest_drop,0.0025,SOLUSDT,84,0,0.0,1.6534090319659032,1.9683440856736942,0.858218810887045,0.5833333333333334,0.4139793843369599,0.0795387897601918,-0.11446181304315406,-0.4579555794656901,1.971144998941455,4,0.8333333333333334,2,2.0,0.20833333333333334,0.5,0.5,2021-06,-0.044160078351740406,2024-08,0.2334340989000317,SOLUSDT,1.0,1.0,low
next_close_base_ccapunlimited_scap2_liquidity_priority_alloc0.0025,next_close,base,unlimited,2,liquidity_priority,0.0025,XRPUSDT,100,0,0.0,2.025734586971149,2.025734586971149,1.364323495856255,0.67,0.5075784908524783,0.08477562763817836,-0.046601284077218974,-0.1864051363088888,3.1719236764783743,3,0.76,2,2.0,0.19,0.5,0.5,2021-06,-0.008830180736574267,2021-12,0.1705312128882635,XRPUSDT,1.0,1.0,low
next_close_base_ccapunlimited_scap2_liquidity_priority_alloc0.0025,next_close,base,unlimited,2,liquidity_priority,0.0025,LTCUSDT,87,0,0.0,0.17576328637682284,0.20202676595037108,0.78208099692073,0.5862068965517241,0.043872272525824485,0.007344853977286903,-0.09605896935747094,-0.38420810363071245,0.3496575019814929,4,0.7758620689655172,2,2.0,0.1939655172413793,0.5,0.5,2020-03,-0.07231864921756204,2024-04,0.7489139550367344,LTCUSDT,0.9999999999999999,1.0,low
next_close_base_ccapunlimited_scap2_liquidity_priority_alloc0.0025,next_close,base,unlimited,2,liquidity_priority,0.0025,ADAUSDT,101,0,0.0,1.519645128016625,1.5045991366501237,1.42625663877304,0.6138613861386139,0.38044783917758895,0.06432928975070862,-0.09169609941196422,-0.3668720061852233,2.0024014042230527,4,0.7376237623762376,2,2.0,0.1844059405940594,0.5,0.5,2025-02,-0.09169609941195311,2025-10,0.2561295335668015,ADAUSDT,0.9999999999999999,1.0,low
next_close_base_ccapunlimited_scap2_liquidity_priority_alloc0.0025,next_close,base,unlimited,2,liquidity_priority,0.0025,BTCUSDT,38,0,0.0,0.2054861608237611,0.5407530547993713,0.9719881211731951,0.6842105263157895,0.051359884842372416,0.008696802313967744,-0.06482125208937539,-0.2593009008005734,0.7243035324131148,3,0.6842105263157895,2,2.0,0.17105263157894737,0.5,0.5,2020-03,-0.032488784919504354,2021-05,0.6061549954021866,BTCUSDT,1.0,1.0,low
next_close_base_ccapunlimited_scap2_liquidity_priority_alloc0.0025,next_close,base,unlimited,2,liquidity_priority,0.0025,ETHUSDT,76,0,0.0,0.8362614460051827,1.100344007901556,0.502092834523615,0.6052631578947368,0.20917537176465828,0.035396616724581165,-0.08277224321601162,-0.33116464289653025,1.4290423679792623,3,0.7368421052631579,2,2.0,0.18421052631578946,0.5,0.5,2021-04,-0.011345818079355752,2021-05,0.3604980440846543,ETHUSDT,1.0,1.0,low
next_close_base_ccapunlimited_scap2_liquidity_priority_alloc0.0025,next_close,base,unlimited,2,liquidity_priority,0.0025,BNBUSDT,78,0,0.0,1.5638211123491619,2.004898861986105,1.6426490947294954,0.6153846153846154,0.3915737592941948,0.06621198169778353,-0.1038618419525239,-0.4155503847493419,2.3518818043794743,5,0.8333333333333334,2,2.0,0.20833333333333334,0.5,0.5,2021-05,-0.018291125714120504,2021-02,0.2663175513787877,BNBUSDT,1.0000000000000004,1.0,low
next_close_base_ccapunlimited_scap2_liquidity_priority_alloc0.0025,next_close,base,unlimited,2,liquidity_priority,0.0025,LINKUSDT,110,0,0.0,1.996644554884504,1.8151314135313672,0.493017836049965,0.5454545454545454,0.5001674991738092,0.08453631327811628,-0.13362329658010985,-0.5347372688711852,2.3215376753507146,5,0.8090909090909091,2,2.0,0.20227272727272727,0.5,0.5,2020-03,-0.041123057603797974,2021-04,0.19675254408054904,LINKUSDT,0.9999999999999999,1.0,low
next_close_base_ccapunlimited_scap2_liquidity_priority_alloc0.0025,next_close,base,unlimited,2,liquidity_priority,0.0025,AVAXUSDT,107,0,0.0,2.0338973721878535,1.900838665596125,1.80350161257717,0.6355140186915887,0.5095262302907244,0.09785826136603504,-0.21461480305307035,-0.8590928668979219,2.3610981268485154,5,0.8177570093457944,2,2.0,0.2044392523364486,0.5,0.5,2021-05,-0.1487692228118398,2022-05,0.42039722214050723,AVAXUSDT,1.0000000000000002,1.0,low
next_close_base_ccapunlimited_scap2_liquidity_priority_alloc0.0025,next_close,base,unlimited,2,liquidity_priority,0.0025,SOLUSDT,84,0,0.0,1.6534090319659032,1.9683440856736942,0.858218810887045,0.5833333333333334,0.4139793843369599,0.0795387897601918,-0.11446181304315406,-0.4579555794656901,1.971144998941455,4,0.8333333333333334,2,2.0,0.20833333333333334,0.5,0.5,2021-06,-0.044160078351740406,2024-08,0.2334340989000317,SOLUSDT,1.0,1.0,low
next_close_base_ccapunlimited_scapunlimited_symbol_order_alloc0.0025,next_close,base,unlimited,unlimited,symbol_order,0.0025,XRPUSDT,116,0,0.0,3.5083857621109638,3.024470484578417,2.73158599319397,0.6896551724137931,0.8807179689929834,0.1468702258375476,-0.06069914399609022,-0.2428206269792307,4.3550561306448365,3,1.1551724137931034,5,4.0,0.28879310344827586,1.25,1.0,2021-06,-0.008830180736574267,2021-05,0.23487458098610692,XRPUSDT,0.9999999999999999,1.0,low
next_close_base_ccapunlimited_scapunlimited_symbol_order_alloc0.0025,next_close,base,unlimited,unlimited,symbol_order,0.0025,LTCUSDT,107,0,0.0,1.510690602660881,1.4118603763185804,1.09413413355014,0.6355140186915887,0.3782300886868706,0.06323327265900236,-0.05862645894039176,-0.2345223097135855,2.174561057817485,4,1.2102803738317758,5,3.0,0.30257009345794394,1.25,0.75,2025-02,-0.02885956437636006,2021-05,0.5319580775280423,LTCUSDT,0.9999999999999999,1.0,low
next_close_base_ccapunlimited_scapunlimited_symbol_order_alloc0.0025,next_close,base,unlimited,unlimited,symbol_order,0.0025,ADAUSDT,129,0,0.0,4.561628678203472,3.5361462621732342,2.1764757348203703,0.6589147286821705,1.1464783321450955,0.1932440858629425,-0.08773566641253616,-0.3510163631335259,4.01197933094946,4,1.3682170542635659,6,4.0,0.34205426356589147,1.5,1.0,2025-02,-0.07590846424483377,2021-05,0.39056187979990103,ADAUSDT,0.9999999999999998,1.0,low
next_close_base_ccapunlimited_scapunlimited_symbol_order_alloc0.0025,next_close,base,unlimited,unlimited,symbol_order,0.0025,BTCUSDT,48,0,0.0,1.229109286805464,2.560644347511383,1.35072601231911,0.7291666666666666,0.3076592888000995,0.05204080059679761,-0.05097578500882216,-0.2039128204969531,2.395954323490213,2,1.3541666666666667,6,4.0,0.3385416666666667,1.5,1.0,2021-01,-0.01920549356118073,2020-03,0.48902634197687206,BTCUSDT,1.0,1.0,low
next_close_base_ccapunlimited_scapunlimited_symbol_order_alloc0.0025,next_close,base,unlimited,unlimited,symbol_order,0.0025,ETHUSDT,97,0,0.0,2.0101890456372176,2.0723598408631108,1.16072458232269,0.6288659793814433,0.5036230892638827,0.08511914662163722,-0.0776791134294963,-0.3107765961317821,2.6712321347778225,5,1.3453608247422681,5,4.0,0.33634020618556704,1.25,1.0,2021-01,-0.018005804937748504,2021-05,0.45094564015853433,ETHUSDT,1.0,1.0,low
next_close_base_ccapunlimited_scapunlimited_symbol_order_alloc0.0025,next_close,base,unlimited,unlimited,symbol_order,0.0025,BNBUSDT,96,0,0.0,2.8722031138814135,2.9918782436264726,2.04874647655627,0.6458333333333334,0.7203967262914501,0.12164780610079973,-0.1339838890875078,-0.536168353106752,3.4878714944297733,5,1.375,6,4.0,0.34375,1.5,1.0,2021-01,-0.016703315967803167,2020-03,0.29967866041032537,BNBUSDT,0.9999999999999999,1.0,low
next_close_base_ccapunlimited_scapunlimited_symbol_order_alloc0.0025,next_close,base,unlimited,unlimited,symbol_order,0.0025,LINKUSDT,143,0,0.0,4.058988907685594,2.838453781598317,1.62819567591771,0.6013986013986014,1.0195384956002584,0.17194928245178875,-0.11668762197506455,-0.4669154307609138,3.906257571507225,5,1.479020979020979,7,4.0,0.36975524475524474,1.7500000000000002,1.0,2025-02,-0.033720714797702556,2020-03,0.21991301060137214,LINKUSDT,0.9999999999999998,1.0,low
next_close_base_ccapunlimited_scapunlimited_symbol_order_alloc0.0025,next_close,base,unlimited,unlimited,symbol_order,0.0025,AVAXUSDT,131,0,0.0,4.048549277612163,3.09049563176501,2.461461236925,0.6717557251908397,1.0169111354311644,0.19490798056398528,-0.14553186180195077,-0.5823225801636243,3.96772890230422,5,1.2557251908396947,5,3.0,0.3139312977099237,1.25,0.75,2025-02,-0.07172828094468287,2022-05,0.26677295876947954,AVAXUSDT,1.0,1.0,low
next_close_base_ccapunlimited_scapunlimited_symbol_order_alloc0.0025,next_close,base,unlimited,unlimited,symbol_order,0.0025,SOLUSDT,99,0,0.0,3.0983306537094397,3.129626922938828,1.87907492644111,0.5959595959595959,0.7772105614847868,0.149109403046932,-0.09395858218423925,-0.37591836117026634,2.9269496234804446,4,1.2272727272727273,5,3.1499999999999773,0.3068181818181818,1.25,0.7874999999999943,2021-06,-0.044160078351740406,2021-05,0.382166187780113,SOLUSDT,1.0,1.0,low
next_close_base_ccapunlimited_scapunlimited_largest_drop_alloc0.0025,next_close,base,unlimited,unlimited,largest_drop,0.0025,XRPUSDT,116,0,0.0,3.5083857621109638,3.024470484578417,2.73158599319397,0.6896551724137931,0.8807179689929834,0.1468702258375476,-0.06069914399609022,-0.2428206269792307,4.3550561306448365,3,1.1551724137931034,5,4.0,0.28879310344827586,1.25,1.0,2021-06,-0.008830180736574267,2021-05,0.23487458098610692,XRPUSDT,0.9999999999999999,1.0,low
next_close_base_ccapunlimited_scapunlimited_largest_drop_alloc0.0025,next_close,base,unlimited,unlimited,largest_drop,0.0025,LTCUSDT,107,0,0.0,1.510690602660881,1.4118603763185804,1.09413413355014,0.6355140186915887,0.3782300886868706,0.06323327265900236,-0.05862645894039176,-0.2345223097135855,2.174561057817485,4,1.2102803738317758,5,3.0,0.30257009345794394,1.25,0.75,2025-02,-0.02885956437636006,2021-05,0.5319580775280423,LTCUSDT,0.9999999999999999,1.0,low
next_close_base_ccapunlimited_scapunlimited_largest_drop_alloc0.0025,next_close,base,unlimited,unlimited,largest_drop,0.0025,ADAUSDT,129,0,0.0,4.561628678203472,3.5361462621732342,2.1764757348203703,0.6589147286821705,1.1464783321450955,0.1932440858629425,-0.08773566641253616,-0.3510163631335259,4.01197933094946,4,1.3682170542635659,6,4.0,0.34205426356589147,1.5,1.0,2025-02,-0.07590846424483377,2021-05,0.39056187979990103,ADAUSDT,0.9999999999999998,1.0,low
next_close_base_ccapunlimited_scapunlimited_largest_drop_alloc0.0025,next_close,base,unlimited,unlimited,largest_drop,0.0025,BNBUSDT,96,0,0.0,2.8722031138814135,2.9918782436264726,2.04874647655627,0.6458333333333334,0.7203967262914501,0.12164780610079973,-0.1339838890875078,-0.536168353106752,3.4878714944297733,5,1.375,6,4.0,0.34375,1.5,1.0,2021-01,-0.016703315967803167,2020-03,0.29967866041032537,BNBUSDT,0.9999999999999999,1.0,low
next_close_base_ccapunlimited_scapunlimited_largest_drop_alloc0.0025,next_close,base,unlimited,unlimited,largest_drop,0.0025,ETHUSDT,97,0,0.0,2.0101890456372176,2.0723598408631108,1.16072458232269,0.6288659793814433,0.5036230892638827,0.08511914662163722,-0.0776791134294963,-0.3107765961317821,2.6712321347778225,5,1.3453608247422681,5,4.0,0.33634020618556704,1.25,1.0,2021-01,-0.018005804937748504,2021-05,0.45094564015853433,ETHUSDT,1.0,1.0,low
next_close_base_ccapunlimited_scapunlimited_largest_drop_alloc0.0025,next_close,base,unlimited,unlimited,largest_drop,0.0025,LINKUSDT,143,0,0.0,4.058988907685594,2.838453781598317,1.62819567591771,0.6013986013986014,1.0195384956002584,0.17194928245178875,-0.11668762197506455,-0.4669154307609138,3.906257571507225,5,1.479020979020979,7,4.0,0.36975524475524474,1.7500000000000002,1.0,2025-02,-0.033720714797702556,2020-03,0.21991301060137214,LINKUSDT,0.9999999999999998,1.0,low
next_close_base_ccapunlimited_scapunlimited_largest_drop_alloc0.0025,next_close,base,unlimited,unlimited,largest_drop,0.0025,BTCUSDT,48,0,0.0,1.229109286805464,2.560644347511383,1.35072601231911,0.7291666666666666,0.3076592888000995,0.05204080059679761,-0.05097578500882216,-0.2039128204969531,2.395954323490213,2,1.3541666666666667,6,4.0,0.3385416666666667,1.5,1.0,2021-01,-0.01920549356118073,2020-03,0.48902634197687206,BTCUSDT,1.0,1.0,low
next_close_base_ccapunlimited_scapunlimited_largest_drop_alloc0.0025,next_close,base,unlimited,unlimited,largest_drop,0.0025,AVAXUSDT,131,0,0.0,4.048549277612163,3.09049563176501,2.461461236925,0.6717557251908397,1.0169111354311644,0.19490798056398528,-0.14553186180195077,-0.5823225801636243,3.96772890230422,5,1.2557251908396947,5,3.0,0.3139312977099237,1.25,0.75,2025-02,-0.07172828094468287,2022-05,0.26677295876947954,AVAXUSDT,1.0,1.0,low
next_close_base_ccapunlimited_scapunlimited_largest_drop_alloc0.0025,next_close,base,unlimited,unlimited,largest_drop,0.0025,SOLUSDT,99,0,0.0,3.0983306537094397,3.129626922938828,1.87907492644111,0.5959595959595959,0.7772105614847868,0.149109403046932,-0.09395858218423925,-0.37591836117026634,2.9269496234804446,4,1.2272727272727273,5,3.1499999999999773,0.3068181818181818,1.25,0.7874999999999943,2021-06,-0.044160078351740406,2021-05,0.382166187780113,SOLUSDT,1.0,1.0,low
next_close_base_ccapunlimited_scapunlimited_liquidity_priority_alloc0.0025,next_close,base,unlimited,unlimited,liquidity_priority,0.0025,XRPUSDT,116,0,0.0,3.5083857621109638,3.024470484578417,2.73158599319397,0.6896551724137931,0.8807179689929834,0.1468702258375476,-0.06069914399609022,-0.2428206269792307,4.3550561306448365,3,1.1551724137931034,5,4.0,0.28879310344827586,1.25,1.0,2021-06,-0.008830180736574267,2021-05,0.23487458098610692,XRPUSDT,0.9999999999999999,1.0,low
next_close_base_ccapunlimited_scapunlimited_liquidity_priority_alloc0.0025,next_close,base,unlimited,unlimited,liquidity_priority,0.0025,LTCUSDT,107,0,0.0,1.510690602660881,1.4118603763185804,1.09413413355014,0.6355140186915887,0.3782300886868706,0.06323327265900236,-0.05862645894039176,-0.2345223097135855,2.174561057817485,4,1.2102803738317758,5,3.0,0.30257009345794394,1.25,0.75,2025-02,-0.02885956437636006,2021-05,0.5319580775280423,LTCUSDT,0.9999999999999999,1.0,low
next_close_base_ccapunlimited_scapunlimited_liquidity_priority_alloc0.0025,next_close,base,unlimited,unlimited,liquidity_priority,0.0025,ADAUSDT,129,0,0.0,4.561628678203472,3.5361462621732342,2.1764757348203703,0.6589147286821705,1.1464783321450955,0.1932440858629425,-0.08773566641253616,-0.3510163631335259,4.01197933094946,4,1.3682170542635659,6,4.0,0.34205426356589147,1.5,1.0,2025-02,-0.07590846424483377,2021-05,0.39056187979990103,ADAUSDT,0.9999999999999998,1.0,low
next_close_base_ccapunlimited_scapunlimited_liquidity_priority_alloc0.0025,next_close,base,unlimited,unlimited,liquidity_priority,0.0025,BTCUSDT,48,0,0.0,1.229109286805464,2.560644347511383,1.35072601231911,0.7291666666666666,0.3076592888000995,0.05204080059679761,-0.05097578500882216,-0.2039128204969531,2.395954323490213,2,1.3541666666666667,6,4.0,0.3385416666666667,1.5,1.0,2021-01,-0.01920549356118073,2020-03,0.48902634197687206,BTCUSDT,1.0,1.0,low
next_close_base_ccapunlimited_scapunlimited_liquidity_priority_alloc0.0025,next_close,base,unlimited,unlimited,liquidity_priority,0.0025,ETHUSDT,97,0,0.0,2.0101890456372176,2.0723598408631108,1.16072458232269,0.6288659793814433,0.5036230892638827,0.08511914662163722,-0.0776791134294963,-0.3107765961317821,2.6712321347778225,5,1.3453608247422681,5,4.0,0.33634020618556704,1.25,1.0,2021-01,-0.018005804937748504,2021-05,0.45094564015853433,ETHUSDT,1.0,1.0,low
next_close_base_ccapunlimited_scapunlimited_liquidity_priority_alloc0.0025,next_close,base,unlimited,unlimited,liquidity_priority,0.0025,BNBUSDT,96,0,0.0,2.8722031138814135,2.9918782436264726,2.04874647655627,0.6458333333333334,0.7203967262914501,0.12164780610079973,-0.1339838890875078,-0.536168353106752,3.4878714944297733,5,1.375,6,4.0,0.34375,1.5,1.0,2021-01,-0.016703315967803167,2020-03,0.29967866041032537,BNBUSDT,0.9999999999999999,1.0,low
next_close_base_ccapunlimited_scapunlimited_liquidity_priority_alloc0.0025,next_close,base,unlimited,unlimited,liquidity_priority,0.0025,LINKUSDT,143,0,0.0,4.058988907685594,2.838453781598317,1.62819567591771,0.6013986013986014,1.0195384956002584,0.17194928245178875,-0.11668762197506455,-0.4669154307609138,3.906257571507225,5,1.479020979020979,7,4.0,0.36975524475524474,1.7500000000000002,1.0,2025-02,-0.033720714797702556,2020-03,0.21991301060137214,LINKUSDT,0.9999999999999998,1.0,low
next_close_base_ccapunlimited_scapunlimited_liquidity_priority_alloc0.0025,next_close,base,unlimited,unlimited,liquidity_priority,0.0025,AVAXUSDT,131,0,0.0,4.048549277612163,3.09049563176501,2.461461236925,0.6717557251908397,1.0169111354311644,0.19490798056398528,-0.14553186180195077,-0.5823225801636243,3.96772890230422,5,1.2557251908396947,5,3.0,0.3139312977099237,1.25,0.75,2025-02,-0.07172828094468287,2022-05,0.26677295876947954,AVAXUSDT,1.0,1.0,low
next_close_base_ccapunlimited_scapunlimited_liquidity_priority_alloc0.0025,next_close,base,unlimited,unlimited,liquidity_priority,0.0025,SOLUSDT,99,0,0.0,3.0983306537094397,3.129626922938828,1.87907492644111,0.5959595959595959,0.7772105614847868,0.149109403046932,-0.09395858218423925,-0.37591836117026634,2.9269496234804446,4,1.2272727272727273,5,3.1499999999999773,0.3068181818181818,1.25,0.7874999999999943,2021-06,-0.044160078351740406,2021-05,0.382166187780113,SOLUSDT,1.0,1.0,low
next_close_stress_ccap5_scap1_symbol_order_alloc0.0025,next_close,stress,5,1,symbol_order,0.0025,XRPUSDT,69,0,0.0,0.7106175397012834,1.0298804923207006,1.00863366225612,0.6376811594202898,0.1777382005166528,0.02972646742491758,-0.05155924742372697,-0.2062456497193455,1.4731147284333477,4,0.5,1,1.0,0.125,0.25,0.25,2020-03,-0.040217224154404096,2022-05,0.2303883679114569,XRPUSDT,0.9999999999999999,1.0,low
next_close_stress_ccap5_scap1_symbol_order_alloc0.0025,next_close,stress,5,1,symbol_order,0.0025,LTCUSDT,28,0,0.0,-0.05015722926800969,-0.17913296167146317,0.704319302164515,0.5714285714285714,-0.01255070533755509,-0.0021083688376388743,-0.05665341652092426,-0.22665603069101198,-0.24971769055329882,2,0.5,1,1.0,0.125,0.25,0.25,2022-05,-0.022679973103056916,2025-03,,LTCUSDT,,0.0,low
next_close_stress_ccap5_scap1_symbol_order_alloc0.0025,next_close,stress,5,1,symbol_order,0.0025,ADAUSDT,68,0,0.0,0.33530900838620853,0.4931014829208949,0.9266677281731701,0.5735294117647058,0.08378583066157574,0.014219531115600148,-0.07513611959466537,-0.30057250906727734,0.675012632839175,4,0.5,1,1.0,0.125,0.25,0.25,2020-03,-0.07567343878497335,2021-02,0.9133497689278249,ADAUSDT,0.9999999999999999,1.0,low
next_close_stress_ccap5_scap1_symbol_order_alloc0.0025,next_close,stress,5,1,symbol_order,0.0025,BTCUSDT,27,0,0.0,-0.048389910629457224,-0.17922189122021193,0.59149154091456,0.6296296296296297,-0.012116445586873859,-0.002052226386650702,-0.07576914717351002,-0.30313345946315046,-0.18926176035794534,2,0.5,1,1.0,0.125,0.25,0.25,2020-03,-0.04284006134356311,2026-02,,BTCUSDT,,0.0,low
next_close_stress_ccap5_scap1_symbol_order_alloc0.0025,next_close,stress,5,1,symbol_order,0.0025,ETHUSDT,54,0,0.0,0.249278053329644,0.4616260246845259,0.2842452821882,0.5370370370370371,0.062266585027437316,0.01054316349731188,-0.07957076328357626,-0.31837072912080344,0.5146101653604928,4,0.5,1,1.0,0.125,0.25,0.25,2021-04,-0.02482667250395254,2020-03,0.7048462000317939,ETHUSDT,1.0000000000000004,1.0,low
next_close_stress_ccap5_scap1_symbol_order_alloc0.0025,next_close,stress,5,1,symbol_order,0.0025,BNBUSDT,52,0,0.0,0.793392983195375,1.5257557369141825,0.87701933140664,0.5576923076923077,0.19845218127749753,0.033583533630876516,-0.07759637972845068,-0.31046186781566915,1.4726719263582548,6,0.5,1,1.0,0.125,0.25,0.25,2021-05,-0.07157098178026677,2020-03,0.48277859049414323,BNBUSDT,1.0,1.0,low
next_close_stress_ccap5_scap1_symbol_order_alloc0.0025,next_close,stress,5,1,symbol_order,0.0025,LINKUSDT,56,0,0.0,0.26760312979962353,0.477862731785042,-0.041595191281865,0.48214285714285715,0.06688273360961894,0.011328287555567584,-0.06479100391302284,-0.25922419438930366,0.7411917179182398,5,0.5,1,1.0,0.125,0.25,0.25,2025-02,-0.033748739296346475,2021-04,0.9804765900240794,LINKUSDT,0.9999999999999998,1.0,low
next_close_stress_ccap5_scap1_symbol_order_alloc0.0025,next_close,stress,5,1,symbol_order,0.0025,AVAXUSDT,71,0,0.0,0.6276400203052035,0.8840000285988782,0.8345654944822,0.6056338028169014,0.15687767571275213,0.030174814206973544,-0.17950212891494344,-0.7184457414208609,0.8891770741253759,5,0.5,1,1.0,0.125,0.25,0.25,2021-05,-0.1314200187945036,2022-05,0.6197785843596625,AVAXUSDT,1.0,1.0,low
next_close_stress_ccap5_scap1_symbol_order_alloc0.0025,next_close,stress,5,1,symbol_order,0.0025,SOLUSDT,55,0,0.0,0.4616935904419281,0.8394428917125966,0.09371713355057,0.509090909090909,0.11536100658717796,0.022191253798142796,-0.09360215315400433,-0.37439093153547737,0.7157330388718369,3,0.5,1,1.0,0.125,0.25,0.25,2021-05,-0.04815828018156498,2021-02,0.4263067459168907,SOLUSDT,0.9999999999999999,1.0,low
next_close_stress_ccap5_scap1_largest_drop_alloc0.0025,next_close,stress,5,1,largest_drop,0.0025,XRPUSDT,62,0,0.0,0.020027192347128846,0.032301923140530396,0.46072824967357,0.5967741935483871,0.004944203066292729,0.0008275649844069477,-0.09751309285628285,-0.3902041721511616,0.044344421823355545,5,0.5,1,1.0,0.125,0.25,0.25,2021-05,-0.06280032601383434,2020-12,8.213956943671912,XRPUSDT,1.0000000000000007,1.0,low
next_close_stress_ccap5_scap1_largest_drop_alloc0.0025,next_close,stress,5,1,largest_drop,0.0025,LTCUSDT,55,0,0.0,0.5271864626727922,0.9585208412232586,0.92159979763444,0.5636363636363636,0.13182971637246688,0.022062130524935775,-0.03151925049458271,-0.12606654940580464,1.2787480541017782,3,0.5,1,1.0,0.125,0.25,0.25,2025-02,-0.02937999436460892,2020-03,0.37065550642966993,LTCUSDT,0.9999999999999998,1.0,low
next_close_stress_ccap5_scap1_largest_drop_alloc0.0025,next_close,stress,5,1,largest_drop,0.0025,ADAUSDT,66,0,0.0,0.9572196658419173,1.450332827033208,1.2135424717681,0.5909090909090909,0.23949788228816438,0.04051995124152441,-0.057778986968515245,-0.23112536262535122,1.7795519111443583,3,0.5,1,1.0,0.125,0.25,0.25,2025-02,-0.05777898696850414,2021-02,0.2799205432451848,ADAUSDT,0.9999999999999999,1.0,low
next_close_stress_ccap5_scap1_largest_drop_alloc0.0025,next_close,stress,5,1,largest_drop,0.0025,BNBUSDT,43,0,0.0,0.488318994047736,1.1356255675528744,0.42644457358514004,0.5116279069767442,0.12210327786486008,0.0277462242812776,-0.04655039407686079,-0.18623387158543953,1.2159689766603252,5,0.5,1,1.0,0.125,0.25,0.25,2020-03,-0.012321366596945715,2021-02,0.45184589770295946,BNBUSDT,1.0,1.0,low
next_close_stress_ccap5_scap1_largest_drop_alloc0.0025,next_close,stress,5,1,largest_drop,0.0025,ETHUSDT,38,0,0.0,-0.1440397896013046,-0.37905207789816997,0.2842452821882,0.5526315789473685,-0.03602909356565931,-0.006104075987878321,-0.10372951022227239,-0.41506956470208667,-0.49790342758053996,5,0.5,1,1.0,0.125,0.25,0.25,2020-03,-0.044663681060175264,2022-06,,ETHUSDT,,0.0,low
next_close_stress_ccap5_scap1_largest_drop_alloc0.0025,next_close,stress,5,1,largest_drop,0.0025,LINKUSDT,78,0,0.0,0.49343407450529825,0.6326077878273054,0.04018917867491,0.5,0.12334750820199858,0.02088027359277156,-0.0873680136577959,-0.3495553284357972,0.9343175912086253,7,0.5,1,1.0,0.125,0.25,0.25,2020-03,-0.0980512897033714,2021-02,0.4269366864362854,LINKUSDT,1.0000000000000004,1.0,low
next_close_stress_ccap5_scap1_largest_drop_alloc0.0025,next_close,stress,5,1,largest_drop,0.0025,BTCUSDT,10,0,0.0,-0.0798746000532985,-0.798746000532985,0.29022126267104,0.6,-0.019978232438144783,-0.0040084261800577,-0.04481271188706559,-0.17925105360513813,-0.3971532808565864,2,0.5,1,1.0,0.125,0.25,0.25,2020-03,-0.04434816655976004,2021-06,,BTCUSDT,,0.0,low
next_close_stress_ccap5_scap1_largest_drop_alloc0.0025,next_close,stress,5,1,largest_drop,0.0025,AVAXUSDT,73,0,0.0,0.6835389181888281,0.9363546824504495,1.09360076816389,0.6164383561643836,0.17088462234606805,0.032864433434176554,-0.14031631123956334,-0.5614683739538302,1.0002451330260813,4,0.5,1,1.0,0.125,0.25,0.25,2021-05,-0.126611398325005,2022-05,0.5689770234209779,AVAXUSDT,1.0000000000000002,1.0,low
next_close_stress_ccap5_scap1_largest_drop_alloc0.0025,next_close,stress,5,1,largest_drop,0.0025,SOLUSDT,54,0,0.0,0.4239451538263735,0.785083618196988,0.003993947459860002,0.5,0.10591091674347908,0.020374177596038656,-0.10913655798769906,-0.43659557884811995,0.6502385108797473,3,0.5,1,1.0,0.125,0.25,0.25,2021-05,-0.06369975106451653,2021-04,0.5173850195964854,SOLUSDT,1.0000000000000004,1.0,low
next_close_stress_ccap5_scap1_liquidity_priority_alloc0.0025,next_close,stress,5,1,liquidity_priority,0.0025,XRPUSDT,69,0,0.0,0.7106175397012834,1.0298804923207006,1.00863366225612,0.6376811594202898,0.1777382005166528,0.02972646742491758,-0.05155924742372697,-0.2062456497193455,1.4731147284333477,4,0.5,1,1.0,0.125,0.25,0.25,2020-03,-0.040217224154404096,2022-05,0.2303883679114569,XRPUSDT,0.9999999999999999,1.0,low
next_close_stress_ccap5_scap1_liquidity_priority_alloc0.0025,next_close,stress,5,1,liquidity_priority,0.0025,LTCUSDT,28,0,0.0,-0.05015722926800969,-0.17913296167146317,0.704319302164515,0.5714285714285714,-0.01255070533755509,-0.0021083688376388743,-0.05665341652092426,-0.22665603069101198,-0.24971769055329882,2,0.5,1,1.0,0.125,0.25,0.25,2022-05,-0.022679973103056916,2025-03,,LTCUSDT,,0.0,low
next_close_stress_ccap5_scap1_liquidity_priority_alloc0.0025,next_close,stress,5,1,liquidity_priority,0.0025,ADAUSDT,68,0,0.0,0.33530900838620853,0.4931014829208949,0.9266677281731701,0.5735294117647058,0.08378583066157574,0.014219531115600148,-0.07513611959466537,-0.30057250906727734,0.675012632839175,4,0.5,1,1.0,0.125,0.25,0.25,2020-03,-0.07567343878497335,2021-02,0.9133497689278249,ADAUSDT,0.9999999999999999,1.0,low
next_close_stress_ccap5_scap1_liquidity_priority_alloc0.0025,next_close,stress,5,1,liquidity_priority,0.0025,BTCUSDT,27,0,0.0,-0.048389910629457224,-0.17922189122021193,0.59149154091456,0.6296296296296297,-0.012116445586873859,-0.002052226386650702,-0.07576914717351002,-0.30313345946315046,-0.18926176035794534,2,0.5,1,1.0,0.125,0.25,0.25,2020-03,-0.04284006134356311,2026-02,,BTCUSDT,,0.0,low
next_close_stress_ccap5_scap1_liquidity_priority_alloc0.0025,next_close,stress,5,1,liquidity_priority,0.0025,ETHUSDT,54,0,0.0,0.249278053329644,0.4616260246845259,0.2842452821882,0.5370370370370371,0.062266585027437316,0.01054316349731188,-0.07957076328357626,-0.31837072912080344,0.5146101653604928,4,0.5,1,1.0,0.125,0.25,0.25,2021-04,-0.02482667250395254,2020-03,0.7048462000317939,ETHUSDT,1.0000000000000004,1.0,low
next_close_stress_ccap5_scap1_liquidity_priority_alloc0.0025,next_close,stress,5,1,liquidity_priority,0.0025,BNBUSDT,52,0,0.0,0.793392983195375,1.5257557369141825,0.87701933140664,0.5576923076923077,0.19845218127749753,0.033583533630876516,-0.07759637972845068,-0.31046186781566915,1.4726719263582548,6,0.5,1,1.0,0.125,0.25,0.25,2021-05,-0.07157098178026677,2020-03,0.48277859049414323,BNBUSDT,1.0,1.0,low
next_close_stress_ccap5_scap1_liquidity_priority_alloc0.0025,next_close,stress,5,1,liquidity_priority,0.0025,LINKUSDT,56,0,0.0,0.26760312979962353,0.477862731785042,-0.041595191281865,0.48214285714285715,0.06688273360961894,0.011328287555567584,-0.06479100391302284,-0.25922419438930366,0.7411917179182398,5,0.5,1,1.0,0.125,0.25,0.25,2025-02,-0.033748739296346475,2021-04,0.9804765900240794,LINKUSDT,0.9999999999999998,1.0,low
next_close_stress_ccap5_scap1_liquidity_priority_alloc0.0025,next_close,stress,5,1,liquidity_priority,0.0025,AVAXUSDT,71,0,0.0,0.6276400203052035,0.8840000285988782,0.8345654944822,0.6056338028169014,0.15687767571275213,0.030174814206973544,-0.17950212891494344,-0.7184457414208609,0.8891770741253759,5,0.5,1,1.0,0.125,0.25,0.25,2021-05,-0.1314200187945036,2022-05,0.6197785843596625,AVAXUSDT,1.0,1.0,low
next_close_stress_ccap5_scap1_liquidity_priority_alloc0.0025,next_close,stress,5,1,liquidity_priority,0.0025,SOLUSDT,55,0,0.0,0.4616935904419281,0.8394428917125966,0.09371713355057,0.509090909090909,0.11536100658717796,0.022191253798142796,-0.09360215315400433,-0.37439093153547737,0.7157330388718369,3,0.5,1,1.0,0.125,0.25,0.25,2021-05,-0.04815828018156498,2021-02,0.4263067459168907,SOLUSDT,0.9999999999999999,1.0,low
next_close_stress_ccap5_scap2_symbol_order_alloc0.0025,next_close,stress,5,2,symbol_order,0.0025,XRPUSDT,65,0,0.0,0.6595306424229568,1.014662526804549,0.7784247939610001,0.6153846153846154,0.16496208125948986,0.02759114468331436,-0.05902050051556085,-0.23613295109525617,1.568482844386429,7,0.5307692307692308,2,1.0,0.1326923076923077,0.5,0.25,2021-05,-0.034033357699525535,2022-05,0.2482316761519109,XRPUSDT,1.0,1.0,low
next_close_stress_ccap5_scap2_symbol_order_alloc0.0025,next_close,stress,5,2,symbol_order,0.0025,LTCUSDT,27,0,0.0,-0.09203596352938881,-0.3408739389977363,0.6012692713807101,0.5555555555555556,-0.02301797899338931,-0.003866914401340349,-0.056653416520946465,-0.22665603069101198,-0.47000780531141295,2,0.5,1,1.0,0.125,0.25,0.25,2022-05,-0.022679973103056916,2025-03,,LTCUSDT,,0.0,low
next_close_stress_ccap5_scap2_symbol_order_alloc0.0025,next_close,stress,5,2,symbol_order,0.0025,ADAUSDT,66,0,0.0,0.4807997751372915,0.728484507783775,0.9266677281731701,0.5757575757575758,0.12020818221676333,0.020397790036486008,-0.09295386547159001,-0.3719062183900417,1.0638893678841186,4,0.5454545454545454,2,1.0,0.13636363636363635,0.5,0.25,2025-02,-0.09295386547160112,2021-02,0.6366103177251471,ADAUSDT,1.0,1.0,low
next_close_stress_ccap5_scap2_symbol_order_alloc0.0025,next_close,stress,5,2,symbol_order,0.0025,BTCUSDT,27,0,0.0,0.2645781778342286,0.9799191771638096,0.59149154091456,0.6296296296296297,0.0661134585507428,0.011194348813647892,-0.04467642637920877,-0.1787057055168262,0.6356456394345313,2,0.5740740740740741,2,1.0,0.14351851851851852,0.5,0.25,2021-01,-0.022971370980773287,2020-03,0.5859455578684727,BTCUSDT,1.0,1.0,low
next_close_stress_ccap5_scap2_symbol_order_alloc0.0025,next_close,stress,5,2,symbol_order,0.0025,ETHUSDT,63,0,0.0,0.23565372601808862,0.37405353336204544,0.30903540188705,0.5555555555555556,0.05884363998691633,0.009963721830374972,-0.07850128692730163,-0.31406657539101024,0.44346337365675814,4,0.6587301587301587,2,2.0,0.16468253968253968,0.5,0.5,2021-04,-0.012684591781098042,2022-06,0.38724777530191967,ETHUSDT,1.0000000000000004,1.0,low
next_close_stress_ccap5_scap2_symbol_order_alloc0.0025,next_close,stress,5,2,symbol_order,0.0025,BNBUSDT,51,0,0.0,1.3043971080372954,2.557641388308422,1.37082437023597,0.6078431372549019,0.32653201173455937,0.05522881783774913,-0.041274459874551805,-0.1650978394981926,2.422536595750957,5,0.5392156862745098,2,1.0,0.13480392156862744,0.5,0.25,2021-01,-0.010072684350059813,2020-03,0.29341216454918967,BNBUSDT,1.0,1.0,low
next_close_stress_ccap5_scap2_symbol_order_alloc0.0025,next_close,stress,5,2,symbol_order,0.0025,LINKUSDT,53,0,0.0,-0.0674089034721403,-0.12718661032479303,-0.76549206890669,0.4528301886792453,-0.016893830442443747,-0.002862394227887144,-0.0668461071008597,-0.26742709031234707,-0.17999176660122934,5,0.5377358490566038,2,1.0,0.13443396226415094,0.5,0.25,2020-03,-0.06848852089678115,2021-04,,LINKUSDT,,0.0,low
next_close_stress_ccap5_scap2_symbol_order_alloc0.0025,next_close,stress,5,2,symbol_order,0.0025,AVAXUSDT,71,0,0.0,0.7244765566967042,1.0203895164742314,0.8345654944822,0.6197183098591549,0.18112932922038638,0.03483611926224928,-0.15820137903547193,-0.633107736001618,1.0337256756975426,5,0.5422535211267606,2,1.0,0.13556338028169015,0.5,0.25,2021-05,-0.11010900864764084,2022-05,0.5485238856855567,AVAXUSDT,1.0,1.0,low
next_close_stress_ccap5_scap2_symbol_order_alloc0.0025,next_close,stress,5,2,symbol_order,0.0025,SOLUSDT,68,0,0.0,0.7480524779802638,1.1000771735003878,0.003993947459860002,0.5,0.1869940358433242,0.0359604483046283,-0.1307685073670628,-0.5232054504197852,0.9494422638851522,4,0.7205882352941176,2,2.0,0.1801470588235294,0.5,0.5,2021-05,-0.08534154004954386,2024-08,0.5066401954242349,SOLUSDT,0.9999999999999997,1.0,low
next_close_stress_ccap5_scap2_largest_drop_alloc0.0025,next_close,stress,5,2,largest_drop,0.0025,XRPUSDT,61,0,0.0,0.7888393619994575,1.2931792819663237,0.7784247939610001,0.6229508196721312,0.19731695829967588,0.03300066502376353,-0.0486279692387237,-0.19454148113413705,1.5078867283637856,4,0.5327868852459017,2,1.0,0.13319672131147542,0.5,0.25,2025-04,-0.02386017314738309,2020-03,0.31659474651969555,XRPUSDT,0.9999999999999997,1.0,low
next_close_stress_ccap5_scap2_largest_drop_alloc0.0025,next_close,stress,5,2,largest_drop,0.0025,LTCUSDT,53,0,0.0,0.4119772577849632,0.7773155807263457,0.92159979763444,0.5660377358490566,0.10299823634929428,0.01723915579689983,-0.0315192504945383,-0.1260665494058047,1.0402170352334281,3,0.5188679245283019,2,1.0,0.12971698113207547,0.5,0.25,2025-02,-0.02937999436460892,2020-03,0.5214680530383946,LTCUSDT,0.9999999999999998,1.0,low
next_close_stress_ccap5_scap2_largest_drop_alloc0.0025,next_close,stress,5,2,largest_drop,0.0025,ADAUSDT,63,0,0.0,0.6914390720219703,1.09752233654281,1.1160824081578802,0.5714285714285714,0.172913958052745,0.029262888221892602,-0.09295386547160112,-0.3719062183900417,1.2589050361494925,3,0.5317460317460317,2,1.0,0.13293650793650794,0.5,0.25,2025-02,-0.09295386547160112,2021-02,0.3877094600756554,ADAUSDT,0.9999999999999999,1.0,low
next_close_stress_ccap5_scap2_largest_drop_alloc0.0025,next_close,stress,5,2,largest_drop,0.0025,BNBUSDT,45,0,0.0,0.8367317561549601,1.8594039025665778,0.8161488573573499,0.5555555555555556,0.20933918731067536,0.047553329669791644,-0.041274459874551805,-0.1650978394981926,1.9254292607639802,4,0.5888888888888889,2,1.0,0.14722222222222223,0.5,0.25,2023-06,-0.009283446601604517,2021-02,0.38360899058880565,BNBUSDT,1.0,1.0,low
next_close_stress_ccap5_scap2_largest_drop_alloc0.0025,next_close,stress,5,2,largest_drop,0.0025,ETHUSDT,42,0,0.0,0.06945302769434278,0.16536435165319707,0.321560957361745,0.5952380952380952,0.01733873160942867,0.002936889834681544,-0.0827389448253002,-0.33103381082263894,0.2379453452328909,4,0.6190476190476191,2,1.8499999999999943,0.15476190476190477,0.5,0.4624999999999986,2020-03,-0.044663681060175264,2021-05,2.5565996681786496,ETHUSDT,1.0000000000000004,1.0,low
next_close_stress_ccap5_scap2_largest_drop_alloc0.0025,next_close,stress,5,2,largest_drop,0.0025,LINKUSDT,80,0,0.0,0.22386634522559035,0.2798329315319879,-0.12897636639961,0.475,0.05588117256647429,0.009462217267230955,-0.14771820408220337,-0.5911942667111875,0.3916583837768956,9,0.5875,2,1.0,0.146875,0.5,0.25,2020-03,-0.1435479461638911,2021-02,0.9423849574611098,LINKUSDT,1.0000000000000002,1.0,low
next_close_stress_ccap5_scap2_largest_drop_alloc0.0025,next_close,stress,5,2,largest_drop,0.0025,BTCUSDT,10,0,0.0,-0.0798746000532985,-0.798746000532985,0.29022126267104,0.6,-0.019978232438144783,-0.0040084261800577,-0.04481271188706559,-0.17925105360513813,-0.3971532808565864,2,0.5,1,1.0,0.125,0.25,0.25,2020-03,-0.04434816655976004,2021-06,,BTCUSDT,,0.0,low
next_close_stress_ccap5_scap2_largest_drop_alloc0.0025,next_close,stress,5,2,largest_drop,0.0025,AVAXUSDT,81,0,0.0,1.014445068374626,1.2524013189810197,1.32870018174467,0.6296296296296297,0.25377071650840577,0.048788736705684954,-0.16162087680904325,-0.6468063793730732,1.417727397640577,5,0.6111111111111112,2,1.9499999999999886,0.1527777777777778,0.5,0.48749999999999716,2021-05,-0.13244815419343192,2022-05,0.5250947248113889,AVAXUSDT,1.0,1.0,low
next_close_stress_ccap5_scap2_largest_drop_alloc0.0025,next_close,stress,5,2,largest_drop,0.0025,SOLUSDT,56,0,0.0,0.019552658448116933,0.034915461514494525,-0.4530106337487,0.44642857142857145,0.0047320668003392186,0.0009242125534658641,-0.20488979345469893,-0.819989909467818,0.027407474766409205,4,0.6428571428571429,2,2.0,0.16071428571428573,0.5,0.5,2021-05,-0.12603159836314104,2024-08,16.625920214495068,SOLUSDT,0.999999999999995,1.0,low
next_close_stress_ccap5_scap2_liquidity_priority_alloc0.0025,next_close,stress,5,2,liquidity_priority,0.0025,XRPUSDT,65,0,0.0,0.6595306424229568,1.014662526804549,0.7784247939610001,0.6153846153846154,0.16496208125948986,0.02759114468331436,-0.05902050051556085,-0.23613295109525617,1.568482844386429,7,0.5307692307692308,2,1.0,0.1326923076923077,0.5,0.25,2021-05,-0.034033357699525535,2022-05,0.2482316761519109,XRPUSDT,1.0,1.0,low
next_close_stress_ccap5_scap2_liquidity_priority_alloc0.0025,next_close,stress,5,2,liquidity_priority,0.0025,LTCUSDT,27,0,0.0,-0.09203596352938881,-0.3408739389977363,0.6012692713807101,0.5555555555555556,-0.02301797899338931,-0.003866914401340349,-0.056653416520946465,-0.22665603069101198,-0.47000780531141295,2,0.5,1,1.0,0.125,0.25,0.25,2022-05,-0.022679973103056916,2025-03,,LTCUSDT,,0.0,low
next_close_stress_ccap5_scap2_liquidity_priority_alloc0.0025,next_close,stress,5,2,liquidity_priority,0.0025,ADAUSDT,66,0,0.0,0.4807997751372915,0.728484507783775,0.9266677281731701,0.5757575757575758,0.12020818221676333,0.020397790036486008,-0.09295386547159001,-0.3719062183900417,1.0638893678841186,4,0.5454545454545454,2,1.0,0.13636363636363635,0.5,0.25,2025-02,-0.09295386547160112,2021-02,0.6366103177251471,ADAUSDT,1.0,1.0,low
next_close_stress_ccap5_scap2_liquidity_priority_alloc0.0025,next_close,stress,5,2,liquidity_priority,0.0025,BTCUSDT,27,0,0.0,0.2645781778342286,0.9799191771638096,0.59149154091456,0.6296296296296297,0.0661134585507428,0.011194348813647892,-0.04467642637920877,-0.1787057055168262,0.6356456394345313,2,0.5740740740740741,2,1.0,0.14351851851851852,0.5,0.25,2021-01,-0.022971370980773287,2020-03,0.5859455578684727,BTCUSDT,1.0,1.0,low
next_close_stress_ccap5_scap2_liquidity_priority_alloc0.0025,next_close,stress,5,2,liquidity_priority,0.0025,ETHUSDT,63,0,0.0,0.23565372601808862,0.37405353336204544,0.30903540188705,0.5555555555555556,0.05884363998691633,0.009963721830374972,-0.07850128692730163,-0.31406657539101024,0.44346337365675814,4,0.6587301587301587,2,2.0,0.16468253968253968,0.5,0.5,2021-04,-0.012684591781098042,2022-06,0.38724777530191967,ETHUSDT,1.0000000000000004,1.0,low
next_close_stress_ccap5_scap2_liquidity_priority_alloc0.0025,next_close,stress,5,2,liquidity_priority,0.0025,BNBUSDT,51,0,0.0,1.3043971080372954,2.557641388308422,1.37082437023597,0.6078431372549019,0.32653201173455937,0.05522881783774913,-0.041274459874551805,-0.1650978394981926,2.422536595750957,5,0.5392156862745098,2,1.0,0.13480392156862744,0.5,0.25,2021-01,-0.010072684350059813,2020-03,0.29341216454918967,BNBUSDT,1.0,1.0,low
next_close_stress_ccap5_scap2_liquidity_priority_alloc0.0025,next_close,stress,5,2,liquidity_priority,0.0025,LINKUSDT,53,0,0.0,-0.0674089034721403,-0.12718661032479303,-0.76549206890669,0.4528301886792453,-0.016893830442443747,-0.002862394227887144,-0.0668461071008597,-0.26742709031234707,-0.17999176660122934,5,0.5377358490566038,2,1.0,0.13443396226415094,0.5,0.25,2020-03,-0.06848852089678115,2021-04,,LINKUSDT,,0.0,low
next_close_stress_ccap5_scap2_liquidity_priority_alloc0.0025,next_close,stress,5,2,liquidity_priority,0.0025,AVAXUSDT,71,0,0.0,0.7244765566967042,1.0203895164742314,0.8345654944822,0.6197183098591549,0.18112932922038638,0.03483611926224928,-0.15820137903547193,-0.633107736001618,1.0337256756975426,5,0.5422535211267606,2,1.0,0.13556338028169015,0.5,0.25,2021-05,-0.11010900864764084,2022-05,0.5485238856855567,AVAXUSDT,1.0,1.0,low
next_close_stress_ccap5_scap2_liquidity_priority_alloc0.0025,next_close,stress,5,2,liquidity_priority,0.0025,SOLUSDT,68,0,0.0,0.7480524779802638,1.1000771735003878,0.003993947459860002,0.5,0.1869940358433242,0.0359604483046283,-0.1307685073670628,-0.5232054504197852,0.9494422638851522,4,0.7205882352941176,2,2.0,0.1801470588235294,0.5,0.5,2021-05,-0.08534154004954386,2024-08,0.5066401954242349,SOLUSDT,0.9999999999999997,1.0,low
next_close_stress_ccap5_scapunlimited_symbol_order_alloc0.0025,next_close,stress,5,unlimited,symbol_order,0.0025,XRPUSDT,64,0,0.0,0.683874856633254,1.0685544634894593,0.8935292281085601,0.625,0.1710585455267477,0.02861009886800936,-0.05902050051556085,-0.23613295109525617,1.631851674602096,7,0.53125,2,1.0,0.1328125,0.5,0.25,2021-05,-0.034033357699525535,2022-05,0.2393847896137285,XRPUSDT,1.0,1.0,low
next_close_stress_ccap5_scapunlimited_symbol_order_alloc0.0025,next_close,stress,5,unlimited,symbol_order,0.0025,LTCUSDT,27,0,0.0,-0.09203596352938881,-0.3408739389977363,0.6012692713807101,0.5555555555555556,-0.02301797899338931,-0.003866914401340349,-0.056653416520946465,-0.22665603069101198,-0.47000780531141295,2,0.5,1,1.0,0.125,0.25,0.25,2022-05,-0.022679973103056916,2025-03,,LTCUSDT,,0.0,low
next_close_stress_ccap5_scapunlimited_symbol_order_alloc0.0025,next_close,stress,5,unlimited,symbol_order,0.0025,ADAUSDT,66,0,0.0,0.4807997751372915,0.728484507783775,0.9266677281731701,0.5757575757575758,0.12020818221676333,0.020397790036486008,-0.09295386547159001,-0.3719062183900417,1.0638893678841186,4,0.5454545454545454,2,1.0,0.13636363636363635,0.5,0.25,2025-02,-0.09295386547160112,2021-02,0.6366103177251471,ADAUSDT,1.0,1.0,low
next_close_stress_ccap5_scapunlimited_symbol_order_alloc0.0025,next_close,stress,5,unlimited,symbol_order,0.0025,BTCUSDT,27,0,0.0,0.2645781778342286,0.9799191771638096,0.59149154091456,0.6296296296296297,0.0661134585507428,0.011194348813647892,-0.04467642637920877,-0.1787057055168262,0.6356456394345313,2,0.5740740740740741,2,1.0,0.14351851851851852,0.5,0.25,2021-01,-0.022971370980773287,2020-03,0.5859455578684727,BTCUSDT,1.0,1.0,low
next_close_stress_ccap5_scapunlimited_symbol_order_alloc0.0025,next_close,stress,5,unlimited,symbol_order,0.0025,ETHUSDT,66,0,0.0,0.2638782044567834,0.3998154612981567,0.30532267451194495,0.5454545454545454,0.06589909730660981,0.011158063037886023,-0.08916312734473797,-0.3567431036224321,0.48303166541638104,4,0.7424242424242424,3,2.0,0.1856060606060606,0.75,0.5,2021-01,-0.022373719110613255,2021-05,0.37772359394160576,ETHUSDT,1.0,1.0,low
next_close_stress_ccap5_scapunlimited_symbol_order_alloc0.0025,next_close,stress,5,unlimited,symbol_order,0.0025,BNBUSDT,52,0,0.0,1.3532933583685987,2.6024872276319204,1.428540685042245,0.6153846153846154,0.33879598979498216,0.05730020596326213,-0.041274459874551805,-0.1650978394981926,2.51147515146697,5,0.5769230769230769,3,1.0,0.14423076923076922,0.75,0.25,2021-01,-0.010072684350059813,2020-03,0.2827910224545918,BNBUSDT,1.0,1.0,low
next_close_stress_ccap5_scapunlimited_symbol_order_alloc0.0025,next_close,stress,5,unlimited,symbol_order,0.0025,LINKUSDT,51,0,0.0,-0.17567974461442076,-0.3444700874792564,-0.78941570643452,0.43137254901960786,-0.043950830570660404,-0.007447614939548597,-0.0668461071008597,-0.26742709031234707,-0.4839985617374351,5,0.5392156862745098,2,1.0,0.13480392156862744,0.5,0.25,2020-03,-0.06848852089678115,2021-04,,LINKUSDT,,0.0,low
next_close_stress_ccap5_scapunlimited_symbol_order_alloc0.0025,next_close,stress,5,unlimited,symbol_order,0.0025,AVAXUSDT,71,0,0.0,0.7244765566967042,1.0203895164742314,0.8345654944822,0.6197183098591549,0.18112932922038638,0.03483611926224928,-0.15820137903547193,-0.633107736001618,1.0337256756975426,5,0.5422535211267606,2,1.0,0.13556338028169015,0.5,0.25,2021-05,-0.11010900864764084,2022-05,0.5485238856855567,AVAXUSDT,1.0,1.0,low
next_close_stress_ccap5_scapunlimited_symbol_order_alloc0.0025,next_close,stress,5,unlimited,symbol_order,0.0025,SOLUSDT,67,0,0.0,0.6865589573116049,1.0247148616591117,-0.08572923863085,0.4925373134328358,0.17159427583572917,0.03300100031791153,-0.14611942403969236,-0.5846989710884438,0.8731453779698779,4,0.7089552238805971,2,2.0,0.17723880597014927,0.5,0.5,2021-05,-0.1006994393090932,2024-08,0.552108713425403,SOLUSDT,1.0,1.0,low
next_close_stress_ccap5_scapunlimited_largest_drop_alloc0.0025,next_close,stress,5,unlimited,largest_drop,0.0025,XRPUSDT,61,0,0.0,0.7888393619994575,1.2931792819663237,0.7784247939610001,0.6229508196721312,0.19731695829967588,0.03300066502376353,-0.0486279692387237,-0.19454148113413705,1.5078867283637856,4,0.5327868852459017,2,1.0,0.13319672131147542,0.5,0.25,2025-04,-0.02386017314738309,2020-03,0.31659474651969555,XRPUSDT,0.9999999999999997,1.0,low
next_close_stress_ccap5_scapunlimited_largest_drop_alloc0.0025,next_close,stress,5,unlimited,largest_drop,0.0025,LTCUSDT,53,0,0.0,0.4119772577849632,0.7773155807263457,0.92159979763444,0.5660377358490566,0.10299823634929428,0.01723915579689983,-0.0315192504945383,-0.1260665494058047,1.0402170352334281,3,0.5188679245283019,2,1.0,0.12971698113207547,0.5,0.25,2025-02,-0.02937999436460892,2020-03,0.5214680530383946,LTCUSDT,0.9999999999999998,1.0,low
next_close_stress_ccap5_scapunlimited_largest_drop_alloc0.0025,next_close,stress,5,unlimited,largest_drop,0.0025,ADAUSDT,63,0,0.0,0.6914390720219703,1.09752233654281,1.1160824081578802,0.5714285714285714,0.172913958052745,0.029262888221892602,-0.09295386547160112,-0.3719062183900417,1.2589050361494925,3,0.5317460317460317,2,1.0,0.13293650793650794,0.5,0.25,2025-02,-0.09295386547160112,2021-02,0.3877094600756554,ADAUSDT,0.9999999999999999,1.0,low
next_close_stress_ccap5_scapunlimited_largest_drop_alloc0.0025,next_close,stress,5,unlimited,largest_drop,0.0025,BNBUSDT,45,0,0.0,0.8367317561549601,1.8594039025665778,0.8161488573573499,0.5555555555555556,0.20933918731067536,0.047553329669791644,-0.041274459874551805,-0.1650978394981926,1.9254292607639802,4,0.5888888888888889,2,1.0,0.14722222222222223,0.5,0.25,2023-06,-0.009283446601604517,2021-02,0.38360899058880565,BNBUSDT,1.0,1.0,low
next_close_stress_ccap5_scapunlimited_largest_drop_alloc0.0025,next_close,stress,5,unlimited,largest_drop,0.0025,ETHUSDT,42,0,0.0,0.06945302769434278,0.16536435165319707,0.321560957361745,0.5952380952380952,0.01733873160942867,0.002936889834681544,-0.0827389448253002,-0.33103381082263894,0.2379453452328909,4,0.6190476190476191,2,1.8499999999999943,0.15476190476190477,0.5,0.4624999999999986,2020-03,-0.044663681060175264,2021-05,2.5565996681786496,ETHUSDT,1.0000000000000004,1.0,low
next_close_stress_ccap5_scapunlimited_largest_drop_alloc0.0025,next_close,stress,5,unlimited,largest_drop,0.0025,LINKUSDT,79,0,0.0,0.22651412769339446,0.2867267439156892,-0.07226060853912,0.4810126582278481,0.05654349247061763,0.00957433989283718,-0.14771820408220337,-0.5911942667111875,0.39627742535051336,9,0.5886075949367089,2,1.0,0.14715189873417722,0.5,0.25,2020-03,-0.1435479461638911,2021-02,0.9313463695101426,LINKUSDT,1.0000000000000002,1.0,low
next_close_stress_ccap5_scapunlimited_largest_drop_alloc0.0025,next_close,stress,5,unlimited,largest_drop,0.0025,BTCUSDT,10,0,0.0,-0.0798746000532985,-0.798746000532985,0.29022126267104,0.6,-0.019978232438144783,-0.0040084261800577,-0.04481271188706559,-0.17925105360513813,-0.3971532808565864,2,0.5,1,1.0,0.125,0.25,0.25,2020-03,-0.04434816655976004,2021-06,,BTCUSDT,,0.0,low
next_close_stress_ccap5_scapunlimited_largest_drop_alloc0.0025,next_close,stress,5,unlimited,largest_drop,0.0025,AVAXUSDT,81,0,0.0,1.014445068374626,1.2524013189810197,1.32870018174467,0.6296296296296297,0.25377071650840577,0.048788736705684954,-0.16162087680904325,-0.6468063793730732,1.417727397640577,5,0.6111111111111112,2,1.9499999999999886,0.1527777777777778,0.5,0.48749999999999716,2021-05,-0.13244815419343192,2022-05,0.5250947248113889,AVAXUSDT,1.0,1.0,low
next_close_stress_ccap5_scapunlimited_largest_drop_alloc0.0025,next_close,stress,5,unlimited,largest_drop,0.0025,SOLUSDT,57,0,0.0,0.08544448865181169,0.14990261166984506,-0.40010071659883006,0.45614035087719296,0.021205803862689443,0.004141397854207085,-0.1884505873124609,-0.7540980792641233,0.11928635595883026,4,0.6754385964912281,3,2.0,0.16885964912280702,0.75,0.5,2021-05,-0.12603159836314104,2024-08,3.710067563650605,SOLUSDT,0.9999999999999996,1.0,low
next_close_stress_ccap5_scapunlimited_liquidity_priority_alloc0.0025,next_close,stress,5,unlimited,liquidity_priority,0.0025,XRPUSDT,64,0,0.0,0.683874856633254,1.0685544634894593,0.8935292281085601,0.625,0.1710585455267477,0.02861009886800936,-0.05902050051556085,-0.23613295109525617,1.631851674602096,7,0.53125,2,1.0,0.1328125,0.5,0.25,2021-05,-0.034033357699525535,2022-05,0.2393847896137285,XRPUSDT,1.0,1.0,low
next_close_stress_ccap5_scapunlimited_liquidity_priority_alloc0.0025,next_close,stress,5,unlimited,liquidity_priority,0.0025,LTCUSDT,27,0,0.0,-0.09203596352938881,-0.3408739389977363,0.6012692713807101,0.5555555555555556,-0.02301797899338931,-0.003866914401340349,-0.056653416520946465,-0.22665603069101198,-0.47000780531141295,2,0.5,1,1.0,0.125,0.25,0.25,2022-05,-0.022679973103056916,2025-03,,LTCUSDT,,0.0,low
next_close_stress_ccap5_scapunlimited_liquidity_priority_alloc0.0025,next_close,stress,5,unlimited,liquidity_priority,0.0025,ADAUSDT,66,0,0.0,0.4807997751372915,0.728484507783775,0.9266677281731701,0.5757575757575758,0.12020818221676333,0.020397790036486008,-0.09295386547159001,-0.3719062183900417,1.0638893678841186,4,0.5454545454545454,2,1.0,0.13636363636363635,0.5,0.25,2025-02,-0.09295386547160112,2021-02,0.6366103177251471,ADAUSDT,1.0,1.0,low
next_close_stress_ccap5_scapunlimited_liquidity_priority_alloc0.0025,next_close,stress,5,unlimited,liquidity_priority,0.0025,BTCUSDT,27,0,0.0,0.2645781778342286,0.9799191771638096,0.59149154091456,0.6296296296296297,0.0661134585507428,0.011194348813647892,-0.04467642637920877,-0.1787057055168262,0.6356456394345313,2,0.5740740740740741,2,1.0,0.14351851851851852,0.5,0.25,2021-01,-0.022971370980773287,2020-03,0.5859455578684727,BTCUSDT,1.0,1.0,low
next_close_stress_ccap5_scapunlimited_liquidity_priority_alloc0.0025,next_close,stress,5,unlimited,liquidity_priority,0.0025,ETHUSDT,66,0,0.0,0.2638782044567834,0.3998154612981567,0.30532267451194495,0.5454545454545454,0.06589909730660981,0.011158063037886023,-0.08916312734473797,-0.3567431036224321,0.48303166541638104,4,0.7424242424242424,3,2.0,0.1856060606060606,0.75,0.5,2021-01,-0.022373719110613255,2021-05,0.37772359394160576,ETHUSDT,1.0,1.0,low
next_close_stress_ccap5_scapunlimited_liquidity_priority_alloc0.0025,next_close,stress,5,unlimited,liquidity_priority,0.0025,BNBUSDT,52,0,0.0,1.3532933583685987,2.6024872276319204,1.428540685042245,0.6153846153846154,0.33879598979498216,0.05730020596326213,-0.041274459874551805,-0.1650978394981926,2.51147515146697,5,0.5769230769230769,3,1.0,0.14423076923076922,0.75,0.25,2021-01,-0.010072684350059813,2020-03,0.2827910224545918,BNBUSDT,1.0,1.0,low
next_close_stress_ccap5_scapunlimited_liquidity_priority_alloc0.0025,next_close,stress,5,unlimited,liquidity_priority,0.0025,LINKUSDT,51,0,0.0,-0.17567974461442076,-0.3444700874792564,-0.78941570643452,0.43137254901960786,-0.043950830570660404,-0.007447614939548597,-0.0668461071008597,-0.26742709031234707,-0.4839985617374351,5,0.5392156862745098,2,1.0,0.13480392156862744,0.5,0.25,2020-03,-0.06848852089678115,2021-04,,LINKUSDT,,0.0,low
next_close_stress_ccap5_scapunlimited_liquidity_priority_alloc0.0025,next_close,stress,5,unlimited,liquidity_priority,0.0025,AVAXUSDT,71,0,0.0,0.7244765566967042,1.0203895164742314,0.8345654944822,0.6197183098591549,0.18112932922038638,0.03483611926224928,-0.15820137903547193,-0.633107736001618,1.0337256756975426,5,0.5422535211267606,2,1.0,0.13556338028169015,0.5,0.25,2021-05,-0.11010900864764084,2022-05,0.5485238856855567,AVAXUSDT,1.0,1.0,low
next_close_stress_ccap5_scapunlimited_liquidity_priority_alloc0.0025,next_close,stress,5,unlimited,liquidity_priority,0.0025,SOLUSDT,67,0,0.0,0.6865589573116049,1.0247148616591117,-0.08572923863085,0.4925373134328358,0.17159427583572917,0.03300100031791153,-0.14611942403969236,-0.5846989710884438,0.8731453779698779,4,0.7089552238805971,2,2.0,0.17723880597014927,0.5,0.5,2021-05,-0.1006994393090932,2024-08,0.552108713425403,SOLUSDT,1.0,1.0,low
next_close_stress_ccap10_scap1_symbol_order_alloc0.0025,next_close,stress,10,1,symbol_order,0.0025,XRPUSDT,76,0,0.0,0.6686592101212386,0.8798147501595246,0.644750871406685,0.631578947368421,0.1672197095387018,0.027968487415863663,-0.0965515878381118,-0.38635439804467087,1.2895613097715812,5,0.5,1,1.0,0.125,0.25,0.25,2021-05,-0.06183848690489713,2022-05,0.3223073128010588,XRPUSDT,1.0,1.0,low
next_close_stress_ccap10_scap1_symbol_order_alloc0.0025,next_close,stress,10,1,symbol_order,0.0025,LTCUSDT,66,0,0.0,-0.37891371313287175,-0.5741116865649573,0.038254935016584994,0.5,-0.09473899470782143,-0.015869836401338766,-0.1577987567237371,-0.6315245616736781,-0.8980966580648353,9,0.5,1,1.0,0.125,0.25,0.25,2021-05,-0.10792360835113479,2021-04,,LTCUSDT,,0.0,low
next_close_stress_ccap10_scap1_symbol_order_alloc0.0025,next_close,stress,10,1,symbol_order,0.0025,ADAUSDT,77,0,0.0,0.46538018956238913,0.6043898565745314,1.1822838843399601,0.6103896103896104,0.11632739751896715,0.019691150714318262,-0.0878215238930613,-0.35135228021047454,0.8898154225593656,3,0.5,1,1.0,0.125,0.25,0.25,2020-03,-0.07567343878497335,2021-02,0.7415736714944836,ADAUSDT,1.0,1.0,low
next_close_stress_ccap10_scap1_symbol_order_alloc0.0025,next_close,stress,10,1,symbol_order,0.0025,BTCUSDT,31,0,0.0,0.0484260441870748,0.15621304576475742,0.97846343465853,0.6774193548387096,0.012086722046245058,0.0020469861806260425,-0.07340642420107235,-0.29367539356162686,0.18603083512947205,2,0.5,1,1.0,0.125,0.25,0.25,2020-03,-0.04284006134356311,2021-05,1.065210726764392,BTCUSDT,1.0,1.0,low
next_close_stress_ccap10_scap1_symbol_order_alloc0.0025,next_close,stress,10,1,symbol_order,0.0025,ETHUSDT,59,0,0.0,0.3881010826543482,0.6577984451768614,0.30160994713684,0.559322033898305,0.09699690520676985,0.01642143738167512,-0.07898422512340186,-0.316020761804848,0.787558168000069,4,0.5,1,1.0,0.125,0.25,0.25,2021-04,-0.02482667250395254,2020-03,0.4524718160026679,ETHUSDT,1.0,1.0,low
next_close_stress_ccap10_scap1_symbol_order_alloc0.0025,next_close,stress,10,1,symbol_order,0.0025,BNBUSDT,58,0,0.0,0.9199209671958084,1.5860706330962215,0.84730058445002,0.5517241379310345,0.23014399264658092,0.03894153734145256,-0.08577837292955692,-0.3432125927058077,1.6442046284583096,6,0.5,1,1.0,0.125,0.25,0.25,2021-05,-0.06586121314965387,2020-03,0.4162979153002098,BNBUSDT,1.0,1.0,low
next_close_stress_ccap10_scap1_symbol_order_alloc0.0025,next_close,stress,10,1,symbol_order,0.0025,LINKUSDT,82,0,0.0,0.29900901521515655,0.3646451405062885,-0.12897636639961,0.47560975609756095,0.07468635590321959,0.012645464138438811,-0.0873680136577959,-0.3495553284357972,0.5435018047100434,7,0.5,1,1.0,0.125,0.25,0.25,2020-03,-0.0980512897033714,2021-04,0.8780312520003558,LINKUSDT,1.0,1.0,low
next_close_stress_ccap10_scap1_symbol_order_alloc0.0025,next_close,stress,10,1,symbol_order,0.0025,AVAXUSDT,79,0,0.0,0.8916898754021079,1.128721361268491,1.09360076816389,0.6075949367088608,0.22300113959128343,0.042878442637706016,-0.17871452262194776,-0.7152738679637085,1.2140177916882546,5,0.5,1,1.0,0.125,0.25,0.25,2021-05,-0.1306320331228128,2022-05,0.4360041565217373,AVAXUSDT,0.9999999999999999,1.0,low
next_close_stress_ccap10_scap1_symbol_order_alloc0.0025,next_close,stress,10,1,symbol_order,0.0025,SOLUSDT,60,0,0.0,0.7204192373325355,1.2006987288875592,0.20268157809921497,0.5333333333333333,0.18012822374260384,0.03464105664550132,-0.09874186781270167,-0.3949694331746699,1.0832233043836426,3,0.5,1,1.0,0.125,0.25,0.25,2021-05,-0.05330033271396806,2021-04,0.3042095269484754,SOLUSDT,1.0,1.0,low
next_close_stress_ccap10_scap1_largest_drop_alloc0.0025,next_close,stress,10,1,largest_drop,0.0025,XRPUSDT,76,0,0.0,0.6686592101212386,0.8798147501595246,0.644750871406685,0.631578947368421,0.1672197095387018,0.027968487415863663,-0.0965515878381118,-0.38635439804467087,1.2895613097715812,5,0.5,1,1.0,0.125,0.25,0.25,2021-05,-0.06183848690489713,2022-05,0.3223073128010588,XRPUSDT,1.0,1.0,low
next_close_stress_ccap10_scap1_largest_drop_alloc0.0025,next_close,stress,10,1,largest_drop,0.0025,LTCUSDT,66,0,0.0,-0.37891371313287175,-0.5741116865649573,0.038254935016584994,0.5,-0.09473899470782143,-0.015869836401338766,-0.1577987567237371,-0.6315245616736781,-0.8980966580648353,9,0.5,1,1.0,0.125,0.25,0.25,2021-05,-0.10792360835113479,2021-04,,LTCUSDT,,0.0,low
next_close_stress_ccap10_scap1_largest_drop_alloc0.0025,next_close,stress,10,1,largest_drop,0.0025,ADAUSDT,77,0,0.0,0.46538018956238913,0.6043898565745314,1.1822838843399601,0.6103896103896104,0.11632739751896715,0.019691150714318262,-0.0878215238930613,-0.35135228021047454,0.8898154225593656,3,0.5,1,1.0,0.125,0.25,0.25,2020-03,-0.07567343878497335,2021-02,0.7415736714944836,ADAUSDT,1.0,1.0,low
next_close_stress_ccap10_scap1_largest_drop_alloc0.0025,next_close,stress,10,1,largest_drop,0.0025,BNBUSDT,58,0,0.0,0.9199209671958084,1.5860706330962215,0.84730058445002,0.5517241379310345,0.23014399264658092,0.03894153734145256,-0.08577837292955692,-0.3432125927058077,1.6442046284583096,6,0.5,1,1.0,0.125,0.25,0.25,2021-05,-0.06586121314965387,2020-03,0.4162979153002098,BNBUSDT,1.0,1.0,low
next_close_stress_ccap10_scap1_largest_drop_alloc0.0025,next_close,stress,10,1,largest_drop,0.0025,ETHUSDT,59,0,0.0,0.3881010826543482,0.6577984451768614,0.30160994713684,0.559322033898305,0.09699690520676985,0.01642143738167512,-0.07898422512340186,-0.316020761804848,0.787558168000069,4,0.5,1,1.0,0.125,0.25,0.25,2021-04,-0.02482667250395254,2020-03,0.4524718160026679,ETHUSDT,1.0,1.0,low
next_close_stress_ccap10_scap1_largest_drop_alloc0.0025,next_close,stress,10,1,largest_drop,0.0025,LINKUSDT,82,0,0.0,0.29900901521515655,0.3646451405062885,-0.12897636639961,0.47560975609756095,0.07468635590321959,0.012645464138438811,-0.0873680136577959,-0.3495553284357972,0.5435018047100434,7,0.5,1,1.0,0.125,0.25,0.25,2020-03,-0.0980512897033714,2021-04,0.8780312520003558,LINKUSDT,1.0,1.0,low
next_close_stress_ccap10_scap1_largest_drop_alloc0.0025,next_close,stress,10,1,largest_drop,0.0025,BTCUSDT,31,0,0.0,0.0484260441870748,0.15621304576475742,0.97846343465853,0.6774193548387096,0.012086722046245058,0.0020469861806260425,-0.07340642420107235,-0.29367539356162686,0.18603083512947205,2,0.5,1,1.0,0.125,0.25,0.25,2020-03,-0.04284006134356311,2021-05,1.065210726764392,BTCUSDT,1.0,1.0,low
next_close_stress_ccap10_scap1_largest_drop_alloc0.0025,next_close,stress,10,1,largest_drop,0.0025,AVAXUSDT,79,0,0.0,0.8916898754021079,1.128721361268491,1.09360076816389,0.6075949367088608,0.22300113959128343,0.042878442637706016,-0.17871452262194776,-0.7152738679637085,1.2140177916882546,5,0.5,1,1.0,0.125,0.25,0.25,2021-05,-0.1306320331228128,2022-05,0.4360041565217373,AVAXUSDT,0.9999999999999999,1.0,low
next_close_stress_ccap10_scap1_largest_drop_alloc0.0025,next_close,stress,10,1,largest_drop,0.0025,SOLUSDT,60,0,0.0,0.7204192373325355,1.2006987288875592,0.20268157809921497,0.5333333333333333,0.18012822374260384,0.03464105664550132,-0.09874186781270167,-0.3949694331746699,1.0832233043836426,3,0.5,1,1.0,0.125,0.25,0.25,2021-05,-0.05330033271396806,2021-04,0.3042095269484754,SOLUSDT,1.0,1.0,low
next_close_stress_ccap10_scap1_liquidity_priority_alloc0.0025,next_close,stress,10,1,liquidity_priority,0.0025,XRPUSDT,76,0,0.0,0.6686592101212386,0.8798147501595246,0.644750871406685,0.631578947368421,0.1672197095387018,0.027968487415863663,-0.0965515878381118,-0.38635439804467087,1.2895613097715812,5,0.5,1,1.0,0.125,0.25,0.25,2021-05,-0.06183848690489713,2022-05,0.3223073128010588,XRPUSDT,1.0,1.0,low
next_close_stress_ccap10_scap1_liquidity_priority_alloc0.0025,next_close,stress,10,1,liquidity_priority,0.0025,LTCUSDT,66,0,0.0,-0.37891371313287175,-0.5741116865649573,0.038254935016584994,0.5,-0.09473899470782143,-0.015869836401338766,-0.1577987567237371,-0.6315245616736781,-0.8980966580648353,9,0.5,1,1.0,0.125,0.25,0.25,2021-05,-0.10792360835113479,2021-04,,LTCUSDT,,0.0,low
next_close_stress_ccap10_scap1_liquidity_priority_alloc0.0025,next_close,stress,10,1,liquidity_priority,0.0025,ADAUSDT,77,0,0.0,0.46538018956238913,0.6043898565745314,1.1822838843399601,0.6103896103896104,0.11632739751896715,0.019691150714318262,-0.0878215238930613,-0.35135228021047454,0.8898154225593656,3,0.5,1,1.0,0.125,0.25,0.25,2020-03,-0.07567343878497335,2021-02,0.7415736714944836,ADAUSDT,1.0,1.0,low
next_close_stress_ccap10_scap1_liquidity_priority_alloc0.0025,next_close,stress,10,1,liquidity_priority,0.0025,BTCUSDT,31,0,0.0,0.0484260441870748,0.15621304576475742,0.97846343465853,0.6774193548387096,0.012086722046245058,0.0020469861806260425,-0.07340642420107235,-0.29367539356162686,0.18603083512947205,2,0.5,1,1.0,0.125,0.25,0.25,2020-03,-0.04284006134356311,2021-05,1.065210726764392,BTCUSDT,1.0,1.0,low
next_close_stress_ccap10_scap1_liquidity_priority_alloc0.0025,next_close,stress,10,1,liquidity_priority,0.0025,ETHUSDT,59,0,0.0,0.3881010826543482,0.6577984451768614,0.30160994713684,0.559322033898305,0.09699690520676985,0.01642143738167512,-0.07898422512340186,-0.316020761804848,0.787558168000069,4,0.5,1,1.0,0.125,0.25,0.25,2021-04,-0.02482667250395254,2020-03,0.4524718160026679,ETHUSDT,1.0,1.0,low
next_close_stress_ccap10_scap1_liquidity_priority_alloc0.0025,next_close,stress,10,1,liquidity_priority,0.0025,BNBUSDT,58,0,0.0,0.9199209671958084,1.5860706330962215,0.84730058445002,0.5517241379310345,0.23014399264658092,0.03894153734145256,-0.08577837292955692,-0.3432125927058077,1.6442046284583096,6,0.5,1,1.0,0.125,0.25,0.25,2021-05,-0.06586121314965387,2020-03,0.4162979153002098,BNBUSDT,1.0,1.0,low
next_close_stress_ccap10_scap1_liquidity_priority_alloc0.0025,next_close,stress,10,1,liquidity_priority,0.0025,LINKUSDT,82,0,0.0,0.29900901521515655,0.3646451405062885,-0.12897636639961,0.47560975609756095,0.07468635590321959,0.012645464138438811,-0.0873680136577959,-0.3495553284357972,0.5435018047100434,7,0.5,1,1.0,0.125,0.25,0.25,2020-03,-0.0980512897033714,2021-04,0.8780312520003558,LINKUSDT,1.0,1.0,low
next_close_stress_ccap10_scap1_liquidity_priority_alloc0.0025,next_close,stress,10,1,liquidity_priority,0.0025,AVAXUSDT,79,0,0.0,0.8916898754021079,1.128721361268491,1.09360076816389,0.6075949367088608,0.22300113959128343,0.042878442637706016,-0.17871452262194776,-0.7152738679637085,1.2140177916882546,5,0.5,1,1.0,0.125,0.25,0.25,2021-05,-0.1306320331228128,2022-05,0.4360041565217373,AVAXUSDT,0.9999999999999999,1.0,low
next_close_stress_ccap10_scap1_liquidity_priority_alloc0.0025,next_close,stress,10,1,liquidity_priority,0.0025,SOLUSDT,60,0,0.0,0.7204192373325355,1.2006987288875592,0.20268157809921497,0.5333333333333333,0.18012822374260384,0.03464105664550132,-0.09874186781270167,-0.3949694331746699,1.0832233043836426,3,0.5,1,1.0,0.125,0.25,0.25,2021-05,-0.05330033271396806,2021-04,0.3042095269484754,SOLUSDT,1.0,1.0,low
next_close_stress_ccap10_scap2_symbol_order_alloc0.0025,next_close,stress,10,2,symbol_order,0.0025,XRPUSDT,86,0,0.0,1.1693528169196965,1.3597125778136006,0.7384175611033901,0.6395348837209303,0.29265840416352606,0.04892334436892298,-0.0868186796482262,-0.3473889359855238,2.0323447217331383,4,0.6395348837209303,2,2.0,0.15988372093023256,0.5,0.5,2021-05,-0.06409012309548379,2022-05,0.2174861031566692,XRPUSDT,0.9999999999999998,1.0,low
next_close_stress_ccap10_scap2_symbol_order_alloc0.0025,next_close,stress,10,2,symbol_order,0.0025,LTCUSDT,60,0,0.0,0.02263995231214344,0.0377332538535724,0.77030224117205,0.55,0.005620457148580726,0.0009410957598987579,-0.07397827504599386,-0.2959734494550428,0.06300122226511667,4,0.5166666666666667,2,1.0,0.12916666666666668,0.5,0.25,2020-03,-0.056984649033675616,2021-04,4.897983983330607,LTCUSDT,0.9999999999999997,1.0,low
next_close_stress_ccap10_scap2_symbol_order_alloc0.0025,next_close,stress,10,2,symbol_order,0.0025,ADAUSDT,88,0,0.0,0.8719030865049835,0.9907989619374813,0.9266677281731701,0.5909090909090909,0.2180657733297453,0.03689719308463957,-0.09295386547159001,-0.3719062183900416,1.2738502033997452,4,0.6477272727272727,2,2.0,0.16193181818181818,0.5,0.5,2025-02,-0.09295386547160112,2025-10,0.44227915941194135,ADAUSDT,0.9999999999999999,1.0,low
next_close_stress_ccap10_scap2_symbol_order_alloc0.0025,next_close,stress,10,2,symbol_order,0.0025,BTCUSDT,34,0,0.0,0.27331353487684373,0.8038633378730697,0.5975006364482149,0.6470588235294118,0.06829723706824886,0.011564001962605097,-0.05692926870889403,-0.22773898115085672,0.649030771410741,3,0.6470588235294118,2,2.0,0.16176470588235295,0.5,0.5,2021-01,-0.02883405471916234,2020-03,0.3876557946523113,BTCUSDT,1.0000000000000002,1.0,low
next_close_stress_ccap10_scap2_symbol_order_alloc0.0025,next_close,stress,10,2,symbol_order,0.0025,ETHUSDT,73,0,0.0,0.4644685798938999,0.6362583286217807,0.30960913102647,0.5753424657534246,0.11609242958985355,0.01965272503774429,-0.08448870280641785,-0.3380348449876888,0.854106431606022,4,0.7191780821917808,2,2.0,0.1797945205479452,0.5,0.5,2021-04,-0.012684591781098042,2025-10,0.20211730631336616,ETHUSDT,1.0000000000000002,1.0,low
next_close_stress_ccap10_scap2_symbol_order_alloc0.0025,next_close,stress,10,2,symbol_order,0.0025,BNBUSDT,70,0,0.0,1.3532018565843205,1.933145509406172,1.55334451744493,0.6142857142857143,0.3387293092443455,0.05728894417473818,-0.10465773872377904,-0.41873564252833195,2.0411047929143593,5,0.7857142857142857,2,2.0,0.19642857142857145,0.5,0.5,2021-05,-0.0266971701856078,2021-02,0.29425803026258773,BNBUSDT,0.9999999999999999,1.0,low
next_close_stress_ccap10_scap2_symbol_order_alloc0.0025,next_close,stress,10,2,symbol_order,0.0025,LINKUSDT,90,0,0.0,0.30755398050423566,0.3417266450047063,-0.12897636639961,0.4777777777777778,0.07680473935900434,0.013004022298734874,-0.12932622294600238,-0.517528966276743,0.508825483460001,8,0.6444444444444445,2,2.0,0.16111111111111112,0.5,0.5,2020-03,-0.12444655201462318,2021-04,0.996376340756437,LINKUSDT,1.0,1.0,low
next_close_stress_ccap10_scap2_symbol_order_alloc0.0025,next_close,stress,10,2,symbol_order,0.0025,AVAXUSDT,95,0,0.0,1.1741052336557012,1.2359002459533697,1.45286360539836,0.6210526315789474,0.29375187693398974,0.05646622587662797,-0.23865529966514698,-0.9554975029236378,1.4580836027937667,4,0.7,2,2.0,0.175,0.5,0.5,2021-05,-0.13355165024065974,2022-05,0.5710147864450598,AVAXUSDT,1.0,1.0,low
next_close_stress_ccap10_scap2_symbol_order_alloc0.0025,next_close,stress,10,2,symbol_order,0.0025,SOLUSDT,80,0,0.0,1.3433731313057826,1.679216414132228,0.468628804809455,0.55,0.33619115933163357,0.06461339356154117,-0.12235793843282661,-0.48955365942875734,1.6325747929194532,4,0.8,2,2.0,0.2,0.5,0.5,2021-06,-0.04546576850457118,2024-08,0.28180007782231353,SOLUSDT,1.0,1.0,low
next_close_stress_ccap10_scap2_largest_drop_alloc0.0025,next_close,stress,10,2,largest_drop,0.0025,XRPUSDT,87,0,0.0,1.7049895022573445,1.9597580485716601,1.16104304262461,0.6436781609195402,0.4270150418809404,0.0713437761255431,-0.05155924742372697,-0.2062456497193455,2.6178310503200044,4,0.6724137931034483,2,2.0,0.16810344827586207,0.5,0.5,2021-06,-0.009271430051804863,2022-05,0.14905595736676966,XRPUSDT,1.0000000000000002,1.0,low
next_close_stress_ccap10_scap2_largest_drop_alloc0.0025,next_close,stress,10,2,largest_drop,0.0025,LTCUSDT,71,0,0.0,0.21602772424420139,0.30426440034394564,0.73323514939578,0.5352112676056338,0.053941769150678276,0.009030255203712478,-0.09170553913214752,-0.3669166881549009,0.42527074558446454,7,0.6267605633802817,2,2.0,0.15669014084507044,0.5,0.5,2021-05,-0.05895297773846897,2021-12,0.5495328000774986,LTCUSDT,1.0,1.0,low
next_close_stress_ccap10_scap2_largest_drop_alloc0.0025,next_close,stress,10,2,largest_drop,0.0025,ADAUSDT,90,0,0.0,1.3632754957777713,1.5147505508641903,1.1491831462489202,0.6,0.34121902337509447,0.05770552854689193,-0.09295386547161222,-0.37190621839004157,1.8154214651055132,4,0.6777777777777778,2,2.0,0.16944444444444445,0.5,0.5,2025-02,-0.09295386547160112,2025-10,0.2826511428665975,ADAUSDT,1.0,1.0,low
next_close_stress_ccap10_scap2_largest_drop_alloc0.0025,next_close,stress,10,2,largest_drop,0.0025,BNBUSDT,63,0,0.0,0.9643820090807709,1.5307650937790014,1.37989509687744,0.6031746031746031,0.24128139371555335,0.040824157597274535,-0.10465773872376793,-0.418735642528332,1.6903063250922201,5,0.7063492063492064,2,2.0,0.1765873015873016,0.5,0.5,2020-03,-0.02862816112574329,2021-02,0.4131019710867284,BNBUSDT,0.9999999999999999,1.0,low
next_close_stress_ccap10_scap2_largest_drop_alloc0.0025,next_close,stress,10,2,largest_drop,0.0025,ETHUSDT,65,0,0.0,-0.24044169821079003,-0.36991030493967697,0.18273202654946,0.5230769230769231,-0.060136310485847666,-0.010187636694214408,-0.15160380360608183,-0.6067483747393039,-0.6380664461570594,5,0.6538461538461539,2,2.0,0.16346153846153846,0.5,0.5,2020-03,-0.07573498056158146,2022-06,,ETHUSDT,,0.0,low
next_close_stress_ccap10_scap2_largest_drop_alloc0.0025,next_close,stress,10,2,largest_drop,0.0025,LINKUSDT,102,0,0.0,1.267055378313647,1.242211155209458,0.10068582499410501,0.5098039215686274,0.3170875517474192,0.05363350347238338,-0.14669232256296905,-0.5870833167589742,1.6942829720727042,8,0.7450980392156863,2,2.0,0.18627450980392157,0.5,0.5,2020-03,-0.14181350013744431,2021-04,0.3015198672677226,LINKUSDT,1.0000000000000002,1.0,low
next_close_stress_ccap10_scap2_largest_drop_alloc0.0025,next_close,stress,10,2,largest_drop,0.0025,BTCUSDT,24,0,0.0,-0.06850423710602462,-0.28543432127510254,0.47650306561225503,0.625,-0.017141106698548292,-0.002903340372939489,-0.07703866499342293,-0.30822292164560006,-0.2922700545607912,3,0.5416666666666666,2,1.0,0.13541666666666666,0.5,0.25,2020-03,-0.05509312878073658,2021-05,,BTCUSDT,,0.0,low
next_close_stress_ccap10_scap2_largest_drop_alloc0.0025,next_close,stress,10,2,largest_drop,0.0025,AVAXUSDT,101,0,0.0,1.786721666435329,1.769031352906266,1.6216689763663799,0.6435643564356436,0.4474470425516408,0.08595695760964528,-0.24815045154875648,-0.9935644708376726,2.1114229664098305,5,0.7574257425742574,2,2.0,0.18935643564356439,0.5,0.5,2021-05,-0.14305680574959734,2022-05,0.46715874262847723,AVAXUSDT,1.0000000000000002,1.0,low
next_close_stress_ccap10_scap2_largest_drop_alloc0.0025,next_close,stress,10,2,largest_drop,0.0025,SOLUSDT,73,0,0.0,0.9223488307644248,1.2634915489923626,0.09371713355057,0.5068493150684932,0.23065048270127786,0.0443481271002133,-0.17947616853334347,-0.7184040369001259,1.1487997005906927,5,0.7328767123287672,2,2.0,0.1832191780821918,0.5,0.5,2021-05,-0.09604852820869203,2024-08,0.41074570386018655,SOLUSDT,1.0000000000000002,1.0,low
next_close_stress_ccap10_scap2_liquidity_priority_alloc0.0025,next_close,stress,10,2,liquidity_priority,0.0025,XRPUSDT,86,0,0.0,1.1693528169196965,1.3597125778136006,0.7384175611033901,0.6395348837209303,0.29265840416352606,0.04892334436892298,-0.0868186796482262,-0.3473889359855238,2.0323447217331383,4,0.6395348837209303,2,2.0,0.15988372093023256,0.5,0.5,2021-05,-0.06409012309548379,2022-05,0.2174861031566692,XRPUSDT,0.9999999999999998,1.0,low
next_close_stress_ccap10_scap2_liquidity_priority_alloc0.0025,next_close,stress,10,2,liquidity_priority,0.0025,LTCUSDT,60,0,0.0,0.02263995231214344,0.0377332538535724,0.77030224117205,0.55,0.005620457148580726,0.0009410957598987579,-0.07397827504599386,-0.2959734494550428,0.06300122226511667,4,0.5166666666666667,2,1.0,0.12916666666666668,0.5,0.25,2020-03,-0.056984649033675616,2021-04,4.897983983330607,LTCUSDT,0.9999999999999997,1.0,low
next_close_stress_ccap10_scap2_liquidity_priority_alloc0.0025,next_close,stress,10,2,liquidity_priority,0.0025,ADAUSDT,88,0,0.0,0.8719030865049835,0.9907989619374813,0.9266677281731701,0.5909090909090909,0.2180657733297453,0.03689719308463957,-0.09295386547159001,-0.3719062183900416,1.2738502033997452,4,0.6477272727272727,2,2.0,0.16193181818181818,0.5,0.5,2025-02,-0.09295386547160112,2025-10,0.44227915941194135,ADAUSDT,0.9999999999999999,1.0,low
next_close_stress_ccap10_scap2_liquidity_priority_alloc0.0025,next_close,stress,10,2,liquidity_priority,0.0025,BTCUSDT,34,0,0.0,0.27331353487684373,0.8038633378730697,0.5975006364482149,0.6470588235294118,0.06829723706824886,0.011564001962605097,-0.05692926870889403,-0.22773898115085672,0.649030771410741,3,0.6470588235294118,2,2.0,0.16176470588235295,0.5,0.5,2021-01,-0.02883405471916234,2020-03,0.3876557946523113,BTCUSDT,1.0000000000000002,1.0,low
next_close_stress_ccap10_scap2_liquidity_priority_alloc0.0025,next_close,stress,10,2,liquidity_priority,0.0025,ETHUSDT,73,0,0.0,0.4644685798938999,0.6362583286217807,0.30960913102647,0.5753424657534246,0.11609242958985355,0.01965272503774429,-0.08448870280641785,-0.3380348449876888,0.854106431606022,4,0.7191780821917808,2,2.0,0.1797945205479452,0.5,0.5,2021-04,-0.012684591781098042,2025-10,0.20211730631336616,ETHUSDT,1.0000000000000002,1.0,low
next_close_stress_ccap10_scap2_liquidity_priority_alloc0.0025,next_close,stress,10,2,liquidity_priority,0.0025,BNBUSDT,70,0,0.0,1.3532018565843205,1.933145509406172,1.55334451744493,0.6142857142857143,0.3387293092443455,0.05728894417473818,-0.10465773872377904,-0.41873564252833195,2.0411047929143593,5,0.7857142857142857,2,2.0,0.19642857142857145,0.5,0.5,2021-05,-0.0266971701856078,2021-02,0.29425803026258773,BNBUSDT,0.9999999999999999,1.0,low
next_close_stress_ccap10_scap2_liquidity_priority_alloc0.0025,next_close,stress,10,2,liquidity_priority,0.0025,LINKUSDT,90,0,0.0,0.30755398050423566,0.3417266450047063,-0.12897636639961,0.4777777777777778,0.07680473935900434,0.013004022298734874,-0.12932622294600238,-0.517528966276743,0.508825483460001,8,0.6444444444444445,2,2.0,0.16111111111111112,0.5,0.5,2020-03,-0.12444655201462318,2021-04,0.996376340756437,LINKUSDT,1.0,1.0,low
next_close_stress_ccap10_scap2_liquidity_priority_alloc0.0025,next_close,stress,10,2,liquidity_priority,0.0025,AVAXUSDT,95,0,0.0,1.1741052336557012,1.2359002459533697,1.45286360539836,0.6210526315789474,0.29375187693398974,0.05646622587662797,-0.23865529966514698,-0.9554975029236378,1.4580836027937667,4,0.7,2,2.0,0.175,0.5,0.5,2021-05,-0.13355165024065974,2022-05,0.5710147864450598,AVAXUSDT,1.0,1.0,low
next_close_stress_ccap10_scap2_liquidity_priority_alloc0.0025,next_close,stress,10,2,liquidity_priority,0.0025,SOLUSDT,80,0,0.0,1.3433731313057826,1.679216414132228,0.468628804809455,0.55,0.33619115933163357,0.06461339356154117,-0.12235793843282661,-0.48955365942875734,1.6325747929194532,4,0.8,2,2.0,0.2,0.5,0.5,2021-06,-0.04546576850457118,2024-08,0.28180007782231353,SOLUSDT,1.0,1.0,low
next_close_stress_ccap10_scapunlimited_symbol_order_alloc0.0025,next_close,stress,10,unlimited,symbol_order,0.0025,XRPUSDT,87,0,0.0,1.230639761039363,1.4145284609647848,0.7784247939610001,0.6436781609195402,0.3080249805415436,0.05148886991956925,-0.0868186796481818,-0.3473889359855238,2.131695741897179,4,0.6609195402298851,3,2.0,0.16522988505747127,0.75,0.5,2021-05,-0.06409012309548379,2022-05,0.20663627919291566,XRPUSDT,1.0,1.0,low
next_close_stress_ccap10_scapunlimited_symbol_order_alloc0.0025,next_close,stress,10,unlimited,symbol_order,0.0025,LTCUSDT,57,0,0.0,0.060547205973814015,0.10622316837511231,0.8073693329483199,0.5614035087719298,0.015099707520649375,0.0025282125045045234,-0.060925662866029295,-0.2437311717812312,0.17162636859117028,4,0.5175438596491229,2,1.0,0.12938596491228072,0.5,0.25,2020-03,-0.056984649033675616,2021-04,1.2043814576796632,LTCUSDT,0.9999999999999999,1.0,low
next_close_stress_ccap10_scapunlimited_symbol_order_alloc0.0025,next_close,stress,10,unlimited,symbol_order,0.0025,ADAUSDT,87,0,0.0,0.8758294626477597,1.006700531779034,1.1160824081578802,0.5977011494252874,0.21904951754243562,0.03706349353467253,-0.09295386547160112,-0.3719062183900416,1.2797695880318165,4,0.6379310344827587,2,2.0,0.15948275862068967,0.5,0.5,2025-02,-0.09295386547160112,2025-10,0.44029289818504436,ADAUSDT,1.0,1.0,low
next_close_stress_ccap10_scapunlimited_symbol_order_alloc0.0025,next_close,stress,10,unlimited,symbol_order,0.0025,BTCUSDT,34,0,0.0,0.27331353487684373,0.8038633378730697,0.5975006364482149,0.6470588235294118,0.06829723706824886,0.011564001962605097,-0.05692926870889403,-0.22773898115085672,0.649030771410741,3,0.6470588235294118,2,2.0,0.16176470588235295,0.5,0.5,2021-01,-0.02883405471916234,2020-03,0.3876557946523113,BTCUSDT,1.0000000000000002,1.0,low
next_close_stress_ccap10_scapunlimited_symbol_order_alloc0.0025,next_close,stress,10,unlimited,symbol_order,0.0025,ETHUSDT,76,0,0.0,0.4926930583325947,0.6482803399113087,0.30932226645676,0.5657894736842105,0.1231519236980283,0.020847181953476124,-0.08448870280641785,-0.3380348449876888,0.882442558610886,4,0.7894736842105263,3,2.0,0.19736842105263158,0.75,0.5,2021-01,-0.022373719110613255,2021-05,0.2021214376902078,ETHUSDT,1.0,1.0,low
next_close_stress_ccap10_scapunlimited_symbol_order_alloc0.0025,next_close,stress,10,unlimited,symbol_order,0.0025,BNBUSDT,71,0,0.0,1.4020981069156238,1.9747860660783434,1.6204320350413401,0.6197183098591549,0.3509947783099321,0.059360374949868344,-0.10465773872377904,-0.41873564252833195,2.112973035572321,5,0.8098591549295775,3,2.0,0.20246478873239435,0.75,0.5,2021-05,-0.0266971701856078,2021-02,0.3188368403717964,BNBUSDT,0.9999999999999999,1.0,low
next_close_stress_ccap10_scapunlimited_symbol_order_alloc0.0025,next_close,stress,10,unlimited,symbol_order,0.0025,LINKUSDT,89,0,0.0,0.27614196254862355,0.3102718680321613,-0.18569212426009998,0.47191011235955055,0.06894639312184925,0.011673884790019962,-0.12932622294600238,-0.517528966276743,0.4574770114275547,8,0.6460674157303371,3,2.0,0.16151685393258428,0.75,0.5,2020-03,-0.12444655201462318,2022-05,1.029869581087913,LINKUSDT,0.9999999999999994,1.0,low
next_close_stress_ccap10_scapunlimited_symbol_order_alloc0.0025,next_close,stress,10,unlimited,symbol_order,0.0025,AVAXUSDT,96,0,0.0,1.2324499672219467,1.283802049189528,1.4535621867260449,0.625,0.3083809075130395,0.05927478695701982,-0.23865529966515808,-0.9554975029236377,1.5281347201668734,4,0.71875,3,2.0,0.1796875,0.75,0.5,2021-05,-0.13355165024065974,2022-05,0.5439268812976209,AVAXUSDT,0.9999999999999998,1.0,low
next_close_stress_ccap10_scapunlimited_symbol_order_alloc0.0025,next_close,stress,10,unlimited,symbol_order,0.0025,SOLUSDT,81,0,0.0,1.3120566523129757,1.6198230275468837,0.31846889952154,0.5432098765432098,0.32833545069745895,0.06310558220092854,-0.13771014789547564,-0.5510471800974159,1.5909087001900262,4,0.8333333333333334,3,2.0,0.20833333333333334,0.75,0.5,2021-05,-0.05424760051548905,2024-08,0.28854238755389244,SOLUSDT,1.0,1.0,low
next_close_stress_ccap10_scapunlimited_largest_drop_alloc0.0025,next_close,stress,10,unlimited,largest_drop,0.0025,XRPUSDT,87,0,0.0,1.7049895022573445,1.9597580485716601,1.16104304262461,0.6436781609195402,0.4270150418809404,0.0713437761255431,-0.05155924742372697,-0.2062456497193455,2.6178310503200044,4,0.6724137931034483,2,2.0,0.16810344827586207,0.5,0.5,2021-06,-0.009271430051804863,2022-05,0.14905595736676966,XRPUSDT,1.0000000000000002,1.0,low
next_close_stress_ccap10_scapunlimited_largest_drop_alloc0.0025,next_close,stress,10,unlimited,largest_drop,0.0025,LTCUSDT,70,0,0.0,0.25523578527412955,0.3646225503916136,0.860189921807265,0.5571428571428572,0.06374961590900341,0.010671726528177494,-0.09170553913214752,-0.3669166881549009,0.5028750965017168,7,0.6285714285714286,3,2.0,0.15714285714285714,0.75,0.5,2021-05,-0.05895297773846897,2021-12,0.46498745160784244,LTCUSDT,0.9999999999999998,1.0,low
next_close_stress_ccap10_scapunlimited_largest_drop_alloc0.0025,next_close,stress,10,unlimited,largest_drop,0.0025,ADAUSDT,90,0,0.0,1.4285468950249331,1.5872743278054813,1.2135424717681,0.6111111111111112,0.3575927135178292,0.060470477458896,-0.08854774652975461,-0.3542661227154813,1.899408670452829,4,0.6777777777777778,2,2.0,0.16944444444444445,0.5,0.5,2025-02,-0.077631865338057,2025-10,0.2697089266053683,ADAUSDT,1.0,1.0,low
next_close_stress_ccap10_scapunlimited_largest_drop_alloc0.0025,next_close,stress,10,unlimited,largest_drop,0.0025,BNBUSDT,62,0,0.0,0.9905599094121071,1.5976772732453342,1.43307604836298,0.6129032258064516,0.2478422807503433,0.04193310151139329,-0.10465773872376793,-0.418735642528332,1.7423980438418316,4,0.7419354838709677,3,2.0,0.18548387096774194,0.75,0.5,2020-03,-0.02862816112574329,2021-02,0.45153742841830613,BNBUSDT,0.9999999999999999,1.0,low
next_close_stress_ccap10_scapunlimited_largest_drop_alloc0.0025,next_close,stress,10,unlimited,largest_drop,0.0025,ETHUSDT,67,0,0.0,-0.3422284552823074,-0.5107887392273245,0.12245416044625,0.5074626865671642,-0.08556637205381357,-0.0144972518339892,-0.1770105909379538,-0.7085351318108213,-0.8917745567736659,5,0.7238805970149254,4,2.0,0.18097014925373134,1.0,0.5,2020-03,-0.07573498056158146,2022-06,,ETHUSDT,,0.0,low
next_close_stress_ccap10_scapunlimited_largest_drop_alloc0.0025,next_close,stress,10,unlimited,largest_drop,0.0025,LINKUSDT,103,0,0.0,1.3014280711964854,1.2635223992198887,0.11006351861378,0.5145631067961165,0.3257079728508083,0.05508962997975431,-0.14669232256296905,-0.5870833167589742,1.7395798747007294,8,0.7621359223300971,3,2.0,0.19053398058252427,0.75,0.5,2020-03,-0.14181350013744431,2021-04,0.2935396259363987,LINKUSDT,1.0000000000000004,1.0,low
next_close_stress_ccap10_scapunlimited_largest_drop_alloc0.0025,next_close,stress,10,unlimited,largest_drop,0.0025,BTCUSDT,22,0,0.0,-0.08417845892050532,-0.38262935872956966,0.47650306561225503,0.5909090909090909,-0.021058850893618253,-0.003566981296565519,-0.07703866499342293,-0.30822292164560006,-0.35955332184522426,3,0.5454545454545454,2,1.0,0.13636363636363635,0.5,0.25,2020-03,-0.05509312878073658,2021-05,,BTCUSDT,,0.0,low
next_close_stress_ccap10_scapunlimited_largest_drop_alloc0.0025,next_close,stress,10,unlimited,largest_drop,0.0025,AVAXUSDT,102,0,0.0,1.8908985898581907,1.8538221469197949,1.6510521008396248,0.6470588235294118,0.47360780754799325,0.09097300506124562,-0.24815045154875648,-0.9935644708376726,2.2230599223803127,5,0.7745098039215687,3,2.0,0.19362745098039216,0.75,0.5,2021-05,-0.14305680574959734,2022-05,0.4413542058638323,AVAXUSDT,1.0,1.0,low
next_close_stress_ccap10_scapunlimited_largest_drop_alloc0.0025,next_close,stress,10,unlimited,largest_drop,0.0025,SOLUSDT,75,0,0.0,0.9525258724402766,1.2700344965870354,0.09371713355057,0.5066666666666667,0.23821066978038097,0.045800360193393175,-0.17947616853335457,-0.7184040369001259,1.181806658193984,5,0.78,3,2.0,0.195,0.75,0.5,2021-05,-0.09604852820869203,2024-08,0.39770970355850466,SOLUSDT,1.0,1.0,low
next_close_stress_ccap10_scapunlimited_liquidity_priority_alloc0.0025,next_close,stress,10,unlimited,liquidity_priority,0.0025,XRPUSDT,87,0,0.0,1.230639761039363,1.4145284609647848,0.7784247939610001,0.6436781609195402,0.3080249805415436,0.05148886991956925,-0.0868186796481818,-0.3473889359855238,2.131695741897179,4,0.6609195402298851,3,2.0,0.16522988505747127,0.75,0.5,2021-05,-0.06409012309548379,2022-05,0.20663627919291566,XRPUSDT,1.0,1.0,low
next_close_stress_ccap10_scapunlimited_liquidity_priority_alloc0.0025,next_close,stress,10,unlimited,liquidity_priority,0.0025,LTCUSDT,57,0,0.0,0.060547205973814015,0.10622316837511231,0.8073693329483199,0.5614035087719298,0.015099707520649375,0.0025282125045045234,-0.060925662866029295,-0.2437311717812312,0.17162636859117028,4,0.5175438596491229,2,1.0,0.12938596491228072,0.5,0.25,2020-03,-0.056984649033675616,2021-04,1.2043814576796632,LTCUSDT,0.9999999999999999,1.0,low
next_close_stress_ccap10_scapunlimited_liquidity_priority_alloc0.0025,next_close,stress,10,unlimited,liquidity_priority,0.0025,ADAUSDT,87,0,0.0,0.8758294626477597,1.006700531779034,1.1160824081578802,0.5977011494252874,0.21904951754243562,0.03706349353467253,-0.09295386547160112,-0.3719062183900416,1.2797695880318165,4,0.6379310344827587,2,2.0,0.15948275862068967,0.5,0.5,2025-02,-0.09295386547160112,2025-10,0.44029289818504436,ADAUSDT,1.0,1.0,low
next_close_stress_ccap10_scapunlimited_liquidity_priority_alloc0.0025,next_close,stress,10,unlimited,liquidity_priority,0.0025,BTCUSDT,34,0,0.0,0.27331353487684373,0.8038633378730697,0.5975006364482149,0.6470588235294118,0.06829723706824886,0.011564001962605097,-0.05692926870889403,-0.22773898115085672,0.649030771410741,3,0.6470588235294118,2,2.0,0.16176470588235295,0.5,0.5,2021-01,-0.02883405471916234,2020-03,0.3876557946523113,BTCUSDT,1.0000000000000002,1.0,low
next_close_stress_ccap10_scapunlimited_liquidity_priority_alloc0.0025,next_close,stress,10,unlimited,liquidity_priority,0.0025,ETHUSDT,76,0,0.0,0.4926930583325947,0.6482803399113087,0.30932226645676,0.5657894736842105,0.1231519236980283,0.020847181953476124,-0.08448870280641785,-0.3380348449876888,0.882442558610886,4,0.7894736842105263,3,2.0,0.19736842105263158,0.75,0.5,2021-01,-0.022373719110613255,2021-05,0.2021214376902078,ETHUSDT,1.0,1.0,low
next_close_stress_ccap10_scapunlimited_liquidity_priority_alloc0.0025,next_close,stress,10,unlimited,liquidity_priority,0.0025,BNBUSDT,71,0,0.0,1.4020981069156238,1.9747860660783434,1.6204320350413401,0.6197183098591549,0.3509947783099321,0.059360374949868344,-0.10465773872377904,-0.41873564252833195,2.112973035572321,5,0.8098591549295775,3,2.0,0.20246478873239435,0.75,0.5,2021-05,-0.0266971701856078,2021-02,0.3188368403717964,BNBUSDT,0.9999999999999999,1.0,low
next_close_stress_ccap10_scapunlimited_liquidity_priority_alloc0.0025,next_close,stress,10,unlimited,liquidity_priority,0.0025,LINKUSDT,89,0,0.0,0.27614196254862355,0.3102718680321613,-0.18569212426009998,0.47191011235955055,0.06894639312184925,0.011673884790019962,-0.12932622294600238,-0.517528966276743,0.4574770114275547,8,0.6460674157303371,3,2.0,0.16151685393258428,0.75,0.5,2020-03,-0.12444655201462318,2022-05,1.029869581087913,LINKUSDT,0.9999999999999994,1.0,low
next_close_stress_ccap10_scapunlimited_liquidity_priority_alloc0.0025,next_close,stress,10,unlimited,liquidity_priority,0.0025,AVAXUSDT,96,0,0.0,1.2324499672219467,1.283802049189528,1.4535621867260449,0.625,0.3083809075130395,0.05927478695701982,-0.23865529966515808,-0.9554975029236377,1.5281347201668734,4,0.71875,3,2.0,0.1796875,0.75,0.5,2021-05,-0.13355165024065974,2022-05,0.5439268812976209,AVAXUSDT,0.9999999999999998,1.0,low
next_close_stress_ccap10_scapunlimited_liquidity_priority_alloc0.0025,next_close,stress,10,unlimited,liquidity_priority,0.0025,SOLUSDT,81,0,0.0,1.3120566523129757,1.6198230275468837,0.31846889952154,0.5432098765432098,0.32833545069745895,0.06310558220092854,-0.13771014789547564,-0.5510471800974159,1.5909087001900262,4,0.8333333333333334,3,2.0,0.20833333333333334,0.75,0.5,2021-05,-0.05424760051548905,2024-08,0.28854238755389244,SOLUSDT,1.0,1.0,low
next_close_stress_ccapunlimited_scap1_symbol_order_alloc0.0025,next_close,stress,unlimited,1,symbol_order,0.0025,XRPUSDT,76,0,0.0,0.6686592101212386,0.8798147501595246,0.644750871406685,0.631578947368421,0.1672197095387018,0.027968487415863663,-0.0965515878381118,-0.38635439804467087,1.2895613097715812,5,0.5,1,1.0,0.125,0.25,0.25,2021-05,-0.06183848690489713,2022-05,0.3223073128010588,XRPUSDT,1.0,1.0,low
next_close_stress_ccapunlimited_scap1_symbol_order_alloc0.0025,next_close,stress,unlimited,1,symbol_order,0.0025,LTCUSDT,66,0,0.0,-0.37891371313287175,-0.5741116865649573,0.038254935016584994,0.5,-0.09473899470782143,-0.015869836401338766,-0.1577987567237371,-0.6315245616736781,-0.8980966580648353,9,0.5,1,1.0,0.125,0.25,0.25,2021-05,-0.10792360835113479,2021-04,,LTCUSDT,,0.0,low
next_close_stress_ccapunlimited_scap1_symbol_order_alloc0.0025,next_close,stress,unlimited,1,symbol_order,0.0025,ADAUSDT,77,0,0.0,0.46538018956238913,0.6043898565745314,1.1822838843399601,0.6103896103896104,0.11632739751896715,0.019691150714318262,-0.0878215238930613,-0.35135228021047454,0.8898154225593656,3,0.5,1,1.0,0.125,0.25,0.25,2020-03,-0.07567343878497335,2021-02,0.7415736714944836,ADAUSDT,1.0,1.0,low
next_close_stress_ccapunlimited_scap1_symbol_order_alloc0.0025,next_close,stress,unlimited,1,symbol_order,0.0025,BTCUSDT,31,0,0.0,0.0484260441870748,0.15621304576475742,0.97846343465853,0.6774193548387096,0.012086722046245058,0.0020469861806260425,-0.07340642420107235,-0.29367539356162686,0.18603083512947205,2,0.5,1,1.0,0.125,0.25,0.25,2020-03,-0.04284006134356311,2021-05,1.065210726764392,BTCUSDT,1.0,1.0,low
next_close_stress_ccapunlimited_scap1_symbol_order_alloc0.0025,next_close,stress,unlimited,1,symbol_order,0.0025,ETHUSDT,59,0,0.0,0.3881010826543482,0.6577984451768614,0.30160994713684,0.559322033898305,0.09699690520676985,0.01642143738167512,-0.07898422512340186,-0.316020761804848,0.787558168000069,4,0.5,1,1.0,0.125,0.25,0.25,2021-04,-0.02482667250395254,2020-03,0.4524718160026679,ETHUSDT,1.0,1.0,low
next_close_stress_ccapunlimited_scap1_symbol_order_alloc0.0025,next_close,stress,unlimited,1,symbol_order,0.0025,BNBUSDT,58,0,0.0,0.9199209671958084,1.5860706330962215,0.84730058445002,0.5517241379310345,0.23014399264658092,0.03894153734145256,-0.08577837292955692,-0.3432125927058077,1.6442046284583096,6,0.5,1,1.0,0.125,0.25,0.25,2021-05,-0.06586121314965387,2020-03,0.4162979153002098,BNBUSDT,1.0,1.0,low
next_close_stress_ccapunlimited_scap1_symbol_order_alloc0.0025,next_close,stress,unlimited,1,symbol_order,0.0025,LINKUSDT,82,0,0.0,0.29900901521515655,0.3646451405062885,-0.12897636639961,0.47560975609756095,0.07468635590321959,0.012645464138438811,-0.0873680136577959,-0.3495553284357972,0.5435018047100434,7,0.5,1,1.0,0.125,0.25,0.25,2020-03,-0.0980512897033714,2021-04,0.8780312520003558,LINKUSDT,1.0,1.0,low
next_close_stress_ccapunlimited_scap1_symbol_order_alloc0.0025,next_close,stress,unlimited,1,symbol_order,0.0025,AVAXUSDT,79,0,0.0,0.8916898754021079,1.128721361268491,1.09360076816389,0.6075949367088608,0.22300113959128343,0.042878442637706016,-0.17871452262194776,-0.7152738679637085,1.2140177916882546,5,0.5,1,1.0,0.125,0.25,0.25,2021-05,-0.1306320331228128,2022-05,0.4360041565217373,AVAXUSDT,0.9999999999999999,1.0,low
next_close_stress_ccapunlimited_scap1_symbol_order_alloc0.0025,next_close,stress,unlimited,1,symbol_order,0.0025,SOLUSDT,60,0,0.0,0.7204192373325355,1.2006987288875592,0.20268157809921497,0.5333333333333333,0.18012822374260384,0.03464105664550132,-0.09874186781270167,-0.3949694331746699,1.0832233043836426,3,0.5,1,1.0,0.125,0.25,0.25,2021-05,-0.05330033271396806,2021-04,0.3042095269484754,SOLUSDT,1.0,1.0,low
next_close_stress_ccapunlimited_scap1_largest_drop_alloc0.0025,next_close,stress,unlimited,1,largest_drop,0.0025,XRPUSDT,76,0,0.0,0.6686592101212386,0.8798147501595246,0.644750871406685,0.631578947368421,0.1672197095387018,0.027968487415863663,-0.0965515878381118,-0.38635439804467087,1.2895613097715812,5,0.5,1,1.0,0.125,0.25,0.25,2021-05,-0.06183848690489713,2022-05,0.3223073128010588,XRPUSDT,1.0,1.0,low
next_close_stress_ccapunlimited_scap1_largest_drop_alloc0.0025,next_close,stress,unlimited,1,largest_drop,0.0025,LTCUSDT,66,0,0.0,-0.37891371313287175,-0.5741116865649573,0.038254935016584994,0.5,-0.09473899470782143,-0.015869836401338766,-0.1577987567237371,-0.6315245616736781,-0.8980966580648353,9,0.5,1,1.0,0.125,0.25,0.25,2021-05,-0.10792360835113479,2021-04,,LTCUSDT,,0.0,low
next_close_stress_ccapunlimited_scap1_largest_drop_alloc0.0025,next_close,stress,unlimited,1,largest_drop,0.0025,ADAUSDT,77,0,0.0,0.46538018956238913,0.6043898565745314,1.1822838843399601,0.6103896103896104,0.11632739751896715,0.019691150714318262,-0.0878215238930613,-0.35135228021047454,0.8898154225593656,3,0.5,1,1.0,0.125,0.25,0.25,2020-03,-0.07567343878497335,2021-02,0.7415736714944836,ADAUSDT,1.0,1.0,low
next_close_stress_ccapunlimited_scap1_largest_drop_alloc0.0025,next_close,stress,unlimited,1,largest_drop,0.0025,BNBUSDT,58,0,0.0,0.9199209671958084,1.5860706330962215,0.84730058445002,0.5517241379310345,0.23014399264658092,0.03894153734145256,-0.08577837292955692,-0.3432125927058077,1.6442046284583096,6,0.5,1,1.0,0.125,0.25,0.25,2021-05,-0.06586121314965387,2020-03,0.4162979153002098,BNBUSDT,1.0,1.0,low
next_close_stress_ccapunlimited_scap1_largest_drop_alloc0.0025,next_close,stress,unlimited,1,largest_drop,0.0025,ETHUSDT,59,0,0.0,0.3881010826543482,0.6577984451768614,0.30160994713684,0.559322033898305,0.09699690520676985,0.01642143738167512,-0.07898422512340186,-0.316020761804848,0.787558168000069,4,0.5,1,1.0,0.125,0.25,0.25,2021-04,-0.02482667250395254,2020-03,0.4524718160026679,ETHUSDT,1.0,1.0,low
next_close_stress_ccapunlimited_scap1_largest_drop_alloc0.0025,next_close,stress,unlimited,1,largest_drop,0.0025,LINKUSDT,82,0,0.0,0.29900901521515655,0.3646451405062885,-0.12897636639961,0.47560975609756095,0.07468635590321959,0.012645464138438811,-0.0873680136577959,-0.3495553284357972,0.5435018047100434,7,0.5,1,1.0,0.125,0.25,0.25,2020-03,-0.0980512897033714,2021-04,0.8780312520003558,LINKUSDT,1.0,1.0,low
next_close_stress_ccapunlimited_scap1_largest_drop_alloc0.0025,next_close,stress,unlimited,1,largest_drop,0.0025,BTCUSDT,31,0,0.0,0.0484260441870748,0.15621304576475742,0.97846343465853,0.6774193548387096,0.012086722046245058,0.0020469861806260425,-0.07340642420107235,-0.29367539356162686,0.18603083512947205,2,0.5,1,1.0,0.125,0.25,0.25,2020-03,-0.04284006134356311,2021-05,1.065210726764392,BTCUSDT,1.0,1.0,low
next_close_stress_ccapunlimited_scap1_largest_drop_alloc0.0025,next_close,stress,unlimited,1,largest_drop,0.0025,AVAXUSDT,79,0,0.0,0.8916898754021079,1.128721361268491,1.09360076816389,0.6075949367088608,0.22300113959128343,0.042878442637706016,-0.17871452262194776,-0.7152738679637085,1.2140177916882546,5,0.5,1,1.0,0.125,0.25,0.25,2021-05,-0.1306320331228128,2022-05,0.4360041565217373,AVAXUSDT,0.9999999999999999,1.0,low
next_close_stress_ccapunlimited_scap1_largest_drop_alloc0.0025,next_close,stress,unlimited,1,largest_drop,0.0025,SOLUSDT,60,0,0.0,0.7204192373325355,1.2006987288875592,0.20268157809921497,0.5333333333333333,0.18012822374260384,0.03464105664550132,-0.09874186781270167,-0.3949694331746699,1.0832233043836426,3,0.5,1,1.0,0.125,0.25,0.25,2021-05,-0.05330033271396806,2021-04,0.3042095269484754,SOLUSDT,1.0,1.0,low
next_close_stress_ccapunlimited_scap1_liquidity_priority_alloc0.0025,next_close,stress,unlimited,1,liquidity_priority,0.0025,XRPUSDT,76,0,0.0,0.6686592101212386,0.8798147501595246,0.644750871406685,0.631578947368421,0.1672197095387018,0.027968487415863663,-0.0965515878381118,-0.38635439804467087,1.2895613097715812,5,0.5,1,1.0,0.125,0.25,0.25,2021-05,-0.06183848690489713,2022-05,0.3223073128010588,XRPUSDT,1.0,1.0,low
next_close_stress_ccapunlimited_scap1_liquidity_priority_alloc0.0025,next_close,stress,unlimited,1,liquidity_priority,0.0025,LTCUSDT,66,0,0.0,-0.37891371313287175,-0.5741116865649573,0.038254935016584994,0.5,-0.09473899470782143,-0.015869836401338766,-0.1577987567237371,-0.6315245616736781,-0.8980966580648353,9,0.5,1,1.0,0.125,0.25,0.25,2021-05,-0.10792360835113479,2021-04,,LTCUSDT,,0.0,low
next_close_stress_ccapunlimited_scap1_liquidity_priority_alloc0.0025,next_close,stress,unlimited,1,liquidity_priority,0.0025,ADAUSDT,77,0,0.0,0.46538018956238913,0.6043898565745314,1.1822838843399601,0.6103896103896104,0.11632739751896715,0.019691150714318262,-0.0878215238930613,-0.35135228021047454,0.8898154225593656,3,0.5,1,1.0,0.125,0.25,0.25,2020-03,-0.07567343878497335,2021-02,0.7415736714944836,ADAUSDT,1.0,1.0,low
next_close_stress_ccapunlimited_scap1_liquidity_priority_alloc0.0025,next_close,stress,unlimited,1,liquidity_priority,0.0025,BTCUSDT,31,0,0.0,0.0484260441870748,0.15621304576475742,0.97846343465853,0.6774193548387096,0.012086722046245058,0.0020469861806260425,-0.07340642420107235,-0.29367539356162686,0.18603083512947205,2,0.5,1,1.0,0.125,0.25,0.25,2020-03,-0.04284006134356311,2021-05,1.065210726764392,BTCUSDT,1.0,1.0,low
next_close_stress_ccapunlimited_scap1_liquidity_priority_alloc0.0025,next_close,stress,unlimited,1,liquidity_priority,0.0025,ETHUSDT,59,0,0.0,0.3881010826543482,0.6577984451768614,0.30160994713684,0.559322033898305,0.09699690520676985,0.01642143738167512,-0.07898422512340186,-0.316020761804848,0.787558168000069,4,0.5,1,1.0,0.125,0.25,0.25,2021-04,-0.02482667250395254,2020-03,0.4524718160026679,ETHUSDT,1.0,1.0,low
next_close_stress_ccapunlimited_scap1_liquidity_priority_alloc0.0025,next_close,stress,unlimited,1,liquidity_priority,0.0025,BNBUSDT,58,0,0.0,0.9199209671958084,1.5860706330962215,0.84730058445002,0.5517241379310345,0.23014399264658092,0.03894153734145256,-0.08577837292955692,-0.3432125927058077,1.6442046284583096,6,0.5,1,1.0,0.125,0.25,0.25,2021-05,-0.06586121314965387,2020-03,0.4162979153002098,BNBUSDT,1.0,1.0,low
next_close_stress_ccapunlimited_scap1_liquidity_priority_alloc0.0025,next_close,stress,unlimited,1,liquidity_priority,0.0025,LINKUSDT,82,0,0.0,0.29900901521515655,0.3646451405062885,-0.12897636639961,0.47560975609756095,0.07468635590321959,0.012645464138438811,-0.0873680136577959,-0.3495553284357972,0.5435018047100434,7,0.5,1,1.0,0.125,0.25,0.25,2020-03,-0.0980512897033714,2021-04,0.8780312520003558,LINKUSDT,1.0,1.0,low
next_close_stress_ccapunlimited_scap1_liquidity_priority_alloc0.0025,next_close,stress,unlimited,1,liquidity_priority,0.0025,AVAXUSDT,79,0,0.0,0.8916898754021079,1.128721361268491,1.09360076816389,0.6075949367088608,0.22300113959128343,0.042878442637706016,-0.17871452262194776,-0.7152738679637085,1.2140177916882546,5,0.5,1,1.0,0.125,0.25,0.25,2021-05,-0.1306320331228128,2022-05,0.4360041565217373,AVAXUSDT,0.9999999999999999,1.0,low
next_close_stress_ccapunlimited_scap1_liquidity_priority_alloc0.0025,next_close,stress,unlimited,1,liquidity_priority,0.0025,SOLUSDT,60,0,0.0,0.7204192373325355,1.2006987288875592,0.20268157809921497,0.5333333333333333,0.18012822374260384,0.03464105664550132,-0.09874186781270167,-0.3949694331746699,1.0832233043836426,3,0.5,1,1.0,0.125,0.25,0.25,2021-05,-0.05330033271396806,2021-04,0.3042095269484754,SOLUSDT,1.0,1.0,low
next_close_stress_ccapunlimited_scap2_symbol_order_alloc0.0025,next_close,stress,unlimited,2,symbol_order,0.0025,XRPUSDT,100,0,0.0,1.8436798287359166,1.8436798287359164,1.182929818502245,0.66,0.46184665561814775,0.0771521387498364,-0.04700478114635365,-0.1880191245854357,2.889748083662724,3,0.76,2,2.0,0.19,0.5,0.5,2020-03,-0.009435349322461928,2021-12,0.18527990722338675,XRPUSDT,1.0000000000000002,1.0,low
next_close_stress_ccapunlimited_scap2_symbol_order_alloc0.0025,next_close,stress,unlimited,2,symbol_order,0.0025,LTCUSDT,87,0,0.0,0.01896148039253403,0.021794805048889688,0.6012692713807101,0.5287356321839081,0.004662573595703989,0.0007807097574197286,-0.1170944253453654,-0.4684382037920511,0.037759064185637535,4,0.7758620689655172,2,2.0,0.1939655172413793,0.5,0.5,2020-03,-0.07674411425179217,2024-04,6.750177393840033,LTCUSDT,1.0000000000000022,1.0,low
next_close_stress_ccapunlimited_scap2_symbol_order_alloc0.0025,next_close,stress,unlimited,2,symbol_order,0.0025,ADAUSDT,101,0,0.0,1.3362959062248945,1.3230652536880143,1.24480105919624,0.6138613861386139,0.33444867139649226,0.05656214117046865,-0.09295386547161222,-0.37190621839004157,1.7625680432944808,4,0.7376237623762376,2,2.0,0.1844059405940594,0.5,0.5,2025-02,-0.09295386547160112,2025-10,0.28837294082253073,ADAUSDT,1.0000000000000002,1.0,low
next_close_stress_ccapunlimited_scap2_symbol_order_alloc0.0025,next_close,stress,unlimited,2,symbol_order,0.0025,BTCUSDT,38,0,0.0,0.1368693639529738,0.36018253671835215,0.7909865833202001,0.6842105263157895,0.03419858923709995,0.005791281707367979,-0.07195305382270423,-0.28784653495551193,0.4829237550506898,3,0.6842105263157895,2,2.0,0.17105263157894737,0.5,0.5,2020-03,-0.03560591180740147,2021-05,0.81727384546858,BTCUSDT,0.9999999999999998,1.0,low
next_close_stress_ccapunlimited_scap2_symbol_order_alloc0.0025,next_close,stress,unlimited,2,symbol_order,0.0025,ETHUSDT,76,0,0.0,0.698602775465111,0.9192141782435671,0.321560957361745,0.5789473684210527,0.17469573129462734,0.029566205543241075,-0.08448870280641785,-0.3380348449876888,1.1949992459675562,4,0.7368421052631579,2,2.0,0.18421052631578946,0.5,0.5,2021-04,-0.012684591781098042,2021-05,0.3899688738554726,ETHUSDT,1.0,1.0,low
next_close_stress_ccapunlimited_scap2_symbol_order_alloc0.0025,next_close,stress,unlimited,2,symbol_order,0.0025,BNBUSDT,78,0,0.0,1.4218346446774193,1.8228649290736143,1.46097723073083,0.6153846153846154,0.35594644748477844,0.060196568738790646,-0.10465773872377904,-0.41873564252833195,2.1404831184035387,5,0.8333333333333334,2,2.0,0.20833333333333334,0.5,0.5,2021-05,-0.026372465109258947,2021-02,0.2800247622494124,BNBUSDT,1.0,1.0,low
next_close_stress_ccapunlimited_scap2_symbol_order_alloc0.0025,next_close,stress,unlimited,2,symbol_order,0.0025,LINKUSDT,110,0,0.0,1.7966158686583904,1.6332871533258095,0.31249502935585,0.5272727272727272,0.4499253946772308,0.07606040238128386,-0.13528828643027957,-0.5414039999701296,2.091050416071,5,0.8090909090909091,2,2.0,0.20227272727272727,0.5,0.5,2020-03,-0.04558088126056514,2021-04,0.21249788886381207,LINKUSDT,1.0000000000000004,1.0,low
next_close_stress_ccapunlimited_scap2_symbol_order_alloc0.0025,next_close,stress,unlimited,2,symbol_order,0.0025,AVAXUSDT,107,0,0.0,1.839232352792855,1.718908740927902,1.6216689763663799,0.6355140186915887,0.460626579606771,0.08848412501021308,-0.22293416442978886,-0.8924399095832017,2.137252796078459,5,0.8177570093457944,2,2.0,0.2044392523364486,0.5,0.5,2021-05,-0.15940641749782047,2022-05,0.45379230605776066,AVAXUSDT,1.0,1.0,low
next_close_stress_ccapunlimited_scap2_symbol_order_alloc0.0025,next_close,stress,unlimited,2,symbol_order,0.0025,SOLUSDT,84,0,0.0,1.5005312190015132,1.7863466892875157,0.67733098554492,0.5595238095238095,0.3756112775075371,0.07217818489131389,-0.11704528222099553,-0.4682996546206848,1.7906784084036524,4,0.8333333333333334,2,2.0,0.20833333333333334,0.5,0.5,2021-06,-0.04546576850457118,2024-08,0.25222537377336096,SOLUSDT,1.0,1.0,low
next_close_stress_ccapunlimited_scap2_largest_drop_alloc0.0025,next_close,stress,unlimited,2,largest_drop,0.0025,XRPUSDT,100,0,0.0,1.8436798287359166,1.8436798287359164,1.182929818502245,0.66,0.46184665561814775,0.0771521387498364,-0.04700478114635365,-0.1880191245854357,2.889748083662724,3,0.76,2,2.0,0.19,0.5,0.5,2020-03,-0.009435349322461928,2021-12,0.18527990722338675,XRPUSDT,1.0000000000000002,1.0,low
next_close_stress_ccapunlimited_scap2_largest_drop_alloc0.0025,next_close,stress,unlimited,2,largest_drop,0.0025,LTCUSDT,87,0,0.0,0.01896148039253403,0.021794805048889688,0.6012692713807101,0.5287356321839081,0.004662573595703989,0.0007807097574197286,-0.1170944253453654,-0.4684382037920511,0.037759064185637535,4,0.7758620689655172,2,2.0,0.1939655172413793,0.5,0.5,2020-03,-0.07674411425179217,2024-04,6.750177393840033,LTCUSDT,1.0000000000000022,1.0,low
next_close_stress_ccapunlimited_scap2_largest_drop_alloc0.0025,next_close,stress,unlimited,2,largest_drop,0.0025,ADAUSDT,101,0,0.0,1.3362959062248945,1.3230652536880143,1.24480105919624,0.6138613861386139,0.33444867139649226,0.05656214117046865,-0.09295386547161222,-0.37190621839004157,1.7625680432944808,4,0.7376237623762376,2,2.0,0.1844059405940594,0.5,0.5,2025-02,-0.09295386547160112,2025-10,0.28837294082253073,ADAUSDT,1.0000000000000002,1.0,low
next_close_stress_ccapunlimited_scap2_largest_drop_alloc0.0025,next_close,stress,unlimited,2,largest_drop,0.0025,BNBUSDT,78,0,0.0,1.4218346446774193,1.8228649290736143,1.46097723073083,0.6153846153846154,0.35594644748477844,0.060196568738790646,-0.10465773872377904,-0.41873564252833195,2.1404831184035387,5,0.8333333333333334,2,2.0,0.20833333333333334,0.5,0.5,2021-05,-0.026372465109258947,2021-02,0.2800247622494124,BNBUSDT,1.0,1.0,low
next_close_stress_ccapunlimited_scap2_largest_drop_alloc0.0025,next_close,stress,unlimited,2,largest_drop,0.0025,ETHUSDT,76,0,0.0,0.698602775465111,0.9192141782435671,0.321560957361745,0.5789473684210527,0.17469573129462734,0.029566205543241075,-0.08448870280641785,-0.3380348449876888,1.1949992459675562,4,0.7368421052631579,2,2.0,0.18421052631578946,0.5,0.5,2021-04,-0.012684591781098042,2021-05,0.3899688738554726,ETHUSDT,1.0,1.0,low
next_close_stress_ccapunlimited_scap2_largest_drop_alloc0.0025,next_close,stress,unlimited,2,largest_drop,0.0025,LINKUSDT,110,0,0.0,1.7966158686583904,1.6332871533258095,0.31249502935585,0.5272727272727272,0.4499253946772308,0.07606040238128386,-0.13528828643027957,-0.5414039999701296,2.091050416071,5,0.8090909090909091,2,2.0,0.20227272727272727,0.5,0.5,2020-03,-0.04558088126056514,2021-04,0.21249788886381207,LINKUSDT,1.0000000000000004,1.0,low
next_close_stress_ccapunlimited_scap2_largest_drop_alloc0.0025,next_close,stress,unlimited,2,largest_drop,0.0025,BTCUSDT,38,0,0.0,0.1368693639529738,0.36018253671835215,0.7909865833202001,0.6842105263157895,0.03419858923709995,0.005791281707367979,-0.07195305382270423,-0.28784653495551193,0.4829237550506898,3,0.6842105263157895,2,2.0,0.17105263157894737,0.5,0.5,2020-03,-0.03560591180740147,2021-05,0.81727384546858,BTCUSDT,0.9999999999999998,1.0,low
next_close_stress_ccapunlimited_scap2_largest_drop_alloc0.0025,next_close,stress,unlimited,2,largest_drop,0.0025,AVAXUSDT,107,0,0.0,1.839232352792855,1.718908740927902,1.6216689763663799,0.6355140186915887,0.460626579606771,0.08848412501021308,-0.22293416442978886,-0.8924399095832017,2.137252796078459,5,0.8177570093457944,2,2.0,0.2044392523364486,0.5,0.5,2021-05,-0.15940641749782047,2022-05,0.45379230605776066,AVAXUSDT,1.0,1.0,low
next_close_stress_ccapunlimited_scap2_largest_drop_alloc0.0025,next_close,stress,unlimited,2,largest_drop,0.0025,SOLUSDT,84,0,0.0,1.5005312190015132,1.7863466892875157,0.67733098554492,0.5595238095238095,0.3756112775075371,0.07217818489131389,-0.11704528222099553,-0.4682996546206848,1.7906784084036524,4,0.8333333333333334,2,2.0,0.20833333333333334,0.5,0.5,2021-06,-0.04546576850457118,2024-08,0.25222537377336096,SOLUSDT,1.0,1.0,low
next_close_stress_ccapunlimited_scap2_liquidity_priority_alloc0.0025,next_close,stress,unlimited,2,liquidity_priority,0.0025,XRPUSDT,100,0,0.0,1.8436798287359166,1.8436798287359164,1.182929818502245,0.66,0.46184665561814775,0.0771521387498364,-0.04700478114635365,-0.1880191245854357,2.889748083662724,3,0.76,2,2.0,0.19,0.5,0.5,2020-03,-0.009435349322461928,2021-12,0.18527990722338675,XRPUSDT,1.0000000000000002,1.0,low
next_close_stress_ccapunlimited_scap2_liquidity_priority_alloc0.0025,next_close,stress,unlimited,2,liquidity_priority,0.0025,LTCUSDT,87,0,0.0,0.01896148039253403,0.021794805048889688,0.6012692713807101,0.5287356321839081,0.004662573595703989,0.0007807097574197286,-0.1170944253453654,-0.4684382037920511,0.037759064185637535,4,0.7758620689655172,2,2.0,0.1939655172413793,0.5,0.5,2020-03,-0.07674411425179217,2024-04,6.750177393840033,LTCUSDT,1.0000000000000022,1.0,low
next_close_stress_ccapunlimited_scap2_liquidity_priority_alloc0.0025,next_close,stress,unlimited,2,liquidity_priority,0.0025,ADAUSDT,101,0,0.0,1.3362959062248945,1.3230652536880143,1.24480105919624,0.6138613861386139,0.33444867139649226,0.05656214117046865,-0.09295386547161222,-0.37190621839004157,1.7625680432944808,4,0.7376237623762376,2,2.0,0.1844059405940594,0.5,0.5,2025-02,-0.09295386547160112,2025-10,0.28837294082253073,ADAUSDT,1.0000000000000002,1.0,low
next_close_stress_ccapunlimited_scap2_liquidity_priority_alloc0.0025,next_close,stress,unlimited,2,liquidity_priority,0.0025,BTCUSDT,38,0,0.0,0.1368693639529738,0.36018253671835215,0.7909865833202001,0.6842105263157895,0.03419858923709995,0.005791281707367979,-0.07195305382270423,-0.28784653495551193,0.4829237550506898,3,0.6842105263157895,2,2.0,0.17105263157894737,0.5,0.5,2020-03,-0.03560591180740147,2021-05,0.81727384546858,BTCUSDT,0.9999999999999998,1.0,low
next_close_stress_ccapunlimited_scap2_liquidity_priority_alloc0.0025,next_close,stress,unlimited,2,liquidity_priority,0.0025,ETHUSDT,76,0,0.0,0.698602775465111,0.9192141782435671,0.321560957361745,0.5789473684210527,0.17469573129462734,0.029566205543241075,-0.08448870280641785,-0.3380348449876888,1.1949992459675562,4,0.7368421052631579,2,2.0,0.18421052631578946,0.5,0.5,2021-04,-0.012684591781098042,2021-05,0.3899688738554726,ETHUSDT,1.0,1.0,low
next_close_stress_ccapunlimited_scap2_liquidity_priority_alloc0.0025,next_close,stress,unlimited,2,liquidity_priority,0.0025,BNBUSDT,78,0,0.0,1.4218346446774193,1.8228649290736143,1.46097723073083,0.6153846153846154,0.35594644748477844,0.060196568738790646,-0.10465773872377904,-0.41873564252833195,2.1404831184035387,5,0.8333333333333334,2,2.0,0.20833333333333334,0.5,0.5,2021-05,-0.026372465109258947,2021-02,0.2800247622494124,BNBUSDT,1.0,1.0,low
next_close_stress_ccapunlimited_scap2_liquidity_priority_alloc0.0025,next_close,stress,unlimited,2,liquidity_priority,0.0025,LINKUSDT,110,0,0.0,1.7966158686583904,1.6332871533258095,0.31249502935585,0.5272727272727272,0.4499253946772308,0.07606040238128386,-0.13528828643027957,-0.5414039999701296,2.091050416071,5,0.8090909090909091,2,2.0,0.20227272727272727,0.5,0.5,2020-03,-0.04558088126056514,2021-04,0.21249788886381207,LINKUSDT,1.0000000000000004,1.0,low
next_close_stress_ccapunlimited_scap2_liquidity_priority_alloc0.0025,next_close,stress,unlimited,2,liquidity_priority,0.0025,AVAXUSDT,107,0,0.0,1.839232352792855,1.718908740927902,1.6216689763663799,0.6355140186915887,0.460626579606771,0.08848412501021308,-0.22293416442978886,-0.8924399095832017,2.137252796078459,5,0.8177570093457944,2,2.0,0.2044392523364486,0.5,0.5,2021-05,-0.15940641749782047,2022-05,0.45379230605776066,AVAXUSDT,1.0,1.0,low
next_close_stress_ccapunlimited_scap2_liquidity_priority_alloc0.0025,next_close,stress,unlimited,2,liquidity_priority,0.0025,SOLUSDT,84,0,0.0,1.5005312190015132,1.7863466892875157,0.67733098554492,0.5595238095238095,0.3756112775075371,0.07217818489131389,-0.11704528222099553,-0.4682996546206848,1.7906784084036524,4,0.8333333333333334,2,2.0,0.20833333333333334,0.5,0.5,2021-06,-0.04546576850457118,2024-08,0.25222537377336096,SOLUSDT,1.0,1.0,low
next_close_stress_ccapunlimited_scapunlimited_symbol_order_alloc0.0025,next_close,stress,unlimited,unlimited,symbol_order,0.0025,XRPUSDT,116,0,0.0,3.2960442873155134,2.8414174890650976,2.54882573594927,0.6810344827586207,0.8271836071768401,0.13797326941855648,-0.06198815448247297,-0.2479788286305267,4.095564313768291,3,1.1551724137931034,5,4.0,0.28879310344827586,1.25,1.0,2021-06,-0.009271430051804863,2021-05,0.23619637671624702,XRPUSDT,1.0000000000000002,1.0,low
next_close_stress_ccapunlimited_scapunlimited_symbol_order_alloc0.0025,next_close,stress,unlimited,unlimited,symbol_order,0.0025,LTCUSDT,107,0,0.0,1.3165485288241001,1.230419185816916,0.9130105106662101,0.5794392523364486,0.32952472179121894,0.05510174970766446,-0.062166564657117895,-0.24869030728908328,1.8969996273414065,4,1.2102803738317758,5,3.0,0.30257009345794394,1.25,0.75,2025-02,-0.02973073758097966,2021-05,0.5743951992205619,LTCUSDT,1.0000000000000002,1.0,low
next_close_stress_ccapunlimited_scapunlimited_symbol_order_alloc0.0025,next_close,stress,unlimited,unlimited,symbol_order,0.0025,ADAUSDT,129,0,0.0,4.324830581774436,3.3525818463367725,1.9942703106949198,0.6589147286821705,1.0866237766790965,0.18320046170092752,-0.08854774652974351,-0.3542661227154813,3.8075196270186287,4,1.3682170542635659,6,4.0,0.34205426356589147,1.5,1.0,2025-02,-0.077631865338057,2021-05,0.3991838463180498,ADAUSDT,1.0,1.0,low
next_close_stress_ccapunlimited_scapunlimited_symbol_order_alloc0.0025,next_close,stress,unlimited,unlimited,symbol_order,0.0025,BTCUSDT,48,0,0.0,1.141466374353428,2.3780549465696414,1.1693459256600949,0.7291666666666666,0.28568507486843586,0.04832824559926063,-0.05272443767840862,-0.21091021087995954,2.2273345380575384,2,1.3541666666666667,6,4.0,0.3385416666666667,1.5,1.0,2021-01,-0.020986326389282883,2020-03,0.5040284719025468,BTCUSDT,1.0,1.0,low
next_close_stress_ccapunlimited_scapunlimited_symbol_order_alloc0.0025,next_close,stress,unlimited,unlimited,symbol_order,0.0025,ETHUSDT,97,0,0.0,1.833550726232123,1.8902584806516731,0.9795344022353001,0.6082474226804123,0.4592534566697948,0.07763432520144775,-0.07850128692729053,-0.31406657539101024,2.438944697024371,5,1.3453608247422681,5,4.0,0.33634020618556704,1.25,1.0,2021-01,-0.02383765200955068,2021-05,0.471429832757651,ETHUSDT,1.0000000000000002,1.0,low
next_close_stress_ccapunlimited_scapunlimited_symbol_order_alloc0.0025,next_close,stress,unlimited,unlimited,symbol_order,0.0025,BNBUSDT,96,0,0.0,2.696503511119116,2.8088578240824122,1.86666871792016,0.6458333333333334,0.6761687331708233,0.11420022592725232,-0.13564851085885454,-0.5428336538359311,3.2777861192620614,5,1.375,6,4.0,0.34375,1.5,1.0,2021-01,-0.017586694715043816,2020-03,0.30695606560367383,BNBUSDT,0.9999999999999999,1.0,low
next_close_stress_ccapunlimited_scapunlimited_symbol_order_alloc0.0025,next_close,stress,unlimited,unlimited,symbol_order,0.0025,LINKUSDT,143,0,0.0,3.797488995184205,2.6555867099190245,1.4465382581219801,0.5874125874125874,0.9535237816842512,0.16085938409347023,-0.11792020346761412,-0.4718496494878985,3.658253785886875,5,1.479020979020979,7,4.0,0.36975524475524474,1.7500000000000002,1.0,2025-02,-0.035036928831955194,2020-03,0.22544304146532787,LINKUSDT,1.0,1.0,low
next_close_stress_ccapunlimited_scapunlimited_symbol_order_alloc0.0025,next_close,stress,unlimited,unlimited,symbol_order,0.0025,AVAXUSDT,131,0,0.0,3.8086634037285574,2.907376644067601,2.27897096957661,0.6717557251908397,0.9563531597051256,0.183345508831656,-0.14628594488914626,-0.5853411490083227,3.736366322833872,5,1.2557251908396947,5,3.0,0.3139312977099237,1.25,0.75,2025-02,-0.07345592544498736,2022-05,0.2772485095397021,AVAXUSDT,1.0000000000000002,1.0,low
next_close_stress_ccapunlimited_scapunlimited_symbol_order_alloc0.0025,next_close,stress,unlimited,unlimited,symbol_order,0.0025,SOLUSDT,99,0,0.0,2.9170041352517004,2.946468823486566,1.69716675464646,0.5757575757575758,0.7315411248274062,0.14037335734617962,-0.09476441708091699,-0.3791432311865224,2.758410031111411,4,1.2272727272727273,5,3.1499999999999773,0.3068181818181818,1.25,0.7874999999999943,2021-06,-0.04546576850457118,2021-05,0.3864923414931297,SOLUSDT,1.0,1.0,low
next_close_stress_ccapunlimited_scapunlimited_largest_drop_alloc0.0025,next_close,stress,unlimited,unlimited,largest_drop,0.0025,XRPUSDT,116,0,0.0,3.2960442873155134,2.8414174890650976,2.54882573594927,0.6810344827586207,0.8271836071768401,0.13797326941855648,-0.06198815448247297,-0.2479788286305267,4.095564313768291,3,1.1551724137931034,5,4.0,0.28879310344827586,1.25,1.0,2021-06,-0.009271430051804863,2021-05,0.23619637671624702,XRPUSDT,1.0000000000000002,1.0,low
next_close_stress_ccapunlimited_scapunlimited_largest_drop_alloc0.0025,next_close,stress,unlimited,unlimited,largest_drop,0.0025,LTCUSDT,107,0,0.0,1.3165485288241001,1.230419185816916,0.9130105106662101,0.5794392523364486,0.32952472179121894,0.05510174970766446,-0.062166564657117895,-0.24869030728908328,1.8969996273414065,4,1.2102803738317758,5,3.0,0.30257009345794394,1.25,0.75,2025-02,-0.02973073758097966,2021-05,0.5743951992205619,LTCUSDT,1.0000000000000002,1.0,low
next_close_stress_ccapunlimited_scapunlimited_largest_drop_alloc0.0025,next_close,stress,unlimited,unlimited,largest_drop,0.0025,ADAUSDT,129,0,0.0,4.324830581774436,3.3525818463367725,1.9942703106949198,0.6589147286821705,1.0866237766790965,0.18320046170092752,-0.08854774652974351,-0.3542661227154813,3.8075196270186287,4,1.3682170542635659,6,4.0,0.34205426356589147,1.5,1.0,2025-02,-0.077631865338057,2021-05,0.3991838463180498,ADAUSDT,1.0,1.0,low
next_close_stress_ccapunlimited_scapunlimited_largest_drop_alloc0.0025,next_close,stress,unlimited,unlimited,largest_drop,0.0025,BNBUSDT,96,0,0.0,2.696503511119116,2.8088578240824122,1.86666871792016,0.6458333333333334,0.6761687331708233,0.11420022592725232,-0.13564851085885454,-0.5428336538359311,3.2777861192620614,5,1.375,6,4.0,0.34375,1.5,1.0,2021-01,-0.017586694715043816,2020-03,0.30695606560367383,BNBUSDT,0.9999999999999999,1.0,low
next_close_stress_ccapunlimited_scapunlimited_largest_drop_alloc0.0025,next_close,stress,unlimited,unlimited,largest_drop,0.0025,ETHUSDT,97,0,0.0,1.833550726232123,1.8902584806516731,0.9795344022353001,0.6082474226804123,0.4592534566697948,0.07763432520144775,-0.07850128692729053,-0.31406657539101024,2.438944697024371,5,1.3453608247422681,5,4.0,0.33634020618556704,1.25,1.0,2021-01,-0.02383765200955068,2021-05,0.471429832757651,ETHUSDT,1.0000000000000002,1.0,low
next_close_stress_ccapunlimited_scapunlimited_largest_drop_alloc0.0025,next_close,stress,unlimited,unlimited,largest_drop,0.0025,LINKUSDT,143,0,0.0,3.797488995184205,2.6555867099190245,1.4465382581219801,0.5874125874125874,0.9535237816842512,0.16085938409347023,-0.11792020346761412,-0.4718496494878985,3.658253785886875,5,1.479020979020979,7,4.0,0.36975524475524474,1.7500000000000002,1.0,2025-02,-0.035036928831955194,2020-03,0.22544304146532787,LINKUSDT,1.0,1.0,low
next_close_stress_ccapunlimited_scapunlimited_largest_drop_alloc0.0025,next_close,stress,unlimited,unlimited,largest_drop,0.0025,BTCUSDT,48,0,0.0,1.141466374353428,2.3780549465696414,1.1693459256600949,0.7291666666666666,0.28568507486843586,0.04832824559926063,-0.05272443767840862,-0.21091021087995954,2.2273345380575384,2,1.3541666666666667,6,4.0,0.3385416666666667,1.5,1.0,2021-01,-0.020986326389282883,2020-03,0.5040284719025468,BTCUSDT,1.0,1.0,low
next_close_stress_ccapunlimited_scapunlimited_largest_drop_alloc0.0025,next_close,stress,unlimited,unlimited,largest_drop,0.0025,AVAXUSDT,131,0,0.0,3.8086634037285574,2.907376644067601,2.27897096957661,0.6717557251908397,0.9563531597051256,0.183345508831656,-0.14628594488914626,-0.5853411490083227,3.736366322833872,5,1.2557251908396947,5,3.0,0.3139312977099237,1.25,0.75,2025-02,-0.07345592544498736,2022-05,0.2772485095397021,AVAXUSDT,1.0000000000000002,1.0,low
next_close_stress_ccapunlimited_scapunlimited_largest_drop_alloc0.0025,next_close,stress,unlimited,unlimited,largest_drop,0.0025,SOLUSDT,99,0,0.0,2.9170041352517004,2.946468823486566,1.69716675464646,0.5757575757575758,0.7315411248274062,0.14037335734617962,-0.09476441708091699,-0.3791432311865224,2.758410031111411,4,1.2272727272727273,5,3.1499999999999773,0.3068181818181818,1.25,0.7874999999999943,2021-06,-0.04546576850457118,2021-05,0.3864923414931297,SOLUSDT,1.0,1.0,low
next_close_stress_ccapunlimited_scapunlimited_liquidity_priority_alloc0.0025,next_close,stress,unlimited,unlimited,liquidity_priority,0.0025,XRPUSDT,116,0,0.0,3.2960442873155134,2.8414174890650976,2.54882573594927,0.6810344827586207,0.8271836071768401,0.13797326941855648,-0.06198815448247297,-0.2479788286305267,4.095564313768291,3,1.1551724137931034,5,4.0,0.28879310344827586,1.25,1.0,2021-06,-0.009271430051804863,2021-05,0.23619637671624702,XRPUSDT,1.0000000000000002,1.0,low
next_close_stress_ccapunlimited_scapunlimited_liquidity_priority_alloc0.0025,next_close,stress,unlimited,unlimited,liquidity_priority,0.0025,LTCUSDT,107,0,0.0,1.3165485288241001,1.230419185816916,0.9130105106662101,0.5794392523364486,0.32952472179121894,0.05510174970766446,-0.062166564657117895,-0.24869030728908328,1.8969996273414065,4,1.2102803738317758,5,3.0,0.30257009345794394,1.25,0.75,2025-02,-0.02973073758097966,2021-05,0.5743951992205619,LTCUSDT,1.0000000000000002,1.0,low
next_close_stress_ccapunlimited_scapunlimited_liquidity_priority_alloc0.0025,next_close,stress,unlimited,unlimited,liquidity_priority,0.0025,ADAUSDT,129,0,0.0,4.324830581774436,3.3525818463367725,1.9942703106949198,0.6589147286821705,1.0866237766790965,0.18320046170092752,-0.08854774652974351,-0.3542661227154813,3.8075196270186287,4,1.3682170542635659,6,4.0,0.34205426356589147,1.5,1.0,2025-02,-0.077631865338057,2021-05,0.3991838463180498,ADAUSDT,1.0,1.0,low
next_close_stress_ccapunlimited_scapunlimited_liquidity_priority_alloc0.0025,next_close,stress,unlimited,unlimited,liquidity_priority,0.0025,BTCUSDT,48,0,0.0,1.141466374353428,2.3780549465696414,1.1693459256600949,0.7291666666666666,0.28568507486843586,0.04832824559926063,-0.05272443767840862,-0.21091021087995954,2.2273345380575384,2,1.3541666666666667,6,4.0,0.3385416666666667,1.5,1.0,2021-01,-0.020986326389282883,2020-03,0.5040284719025468,BTCUSDT,1.0,1.0,low
next_close_stress_ccapunlimited_scapunlimited_liquidity_priority_alloc0.0025,next_close,stress,unlimited,unlimited,liquidity_priority,0.0025,ETHUSDT,97,0,0.0,1.833550726232123,1.8902584806516731,0.9795344022353001,0.6082474226804123,0.4592534566697948,0.07763432520144775,-0.07850128692729053,-0.31406657539101024,2.438944697024371,5,1.3453608247422681,5,4.0,0.33634020618556704,1.25,1.0,2021-01,-0.02383765200955068,2021-05,0.471429832757651,ETHUSDT,1.0000000000000002,1.0,low
next_close_stress_ccapunlimited_scapunlimited_liquidity_priority_alloc0.0025,next_close,stress,unlimited,unlimited,liquidity_priority,0.0025,BNBUSDT,96,0,0.0,2.696503511119116,2.8088578240824122,1.86666871792016,0.6458333333333334,0.6761687331708233,0.11420022592725232,-0.13564851085885454,-0.5428336538359311,3.2777861192620614,5,1.375,6,4.0,0.34375,1.5,1.0,2021-01,-0.017586694715043816,2020-03,0.30695606560367383,BNBUSDT,0.9999999999999999,1.0,low
next_close_stress_ccapunlimited_scapunlimited_liquidity_priority_alloc0.0025,next_close,stress,unlimited,unlimited,liquidity_priority,0.0025,LINKUSDT,143,0,0.0,3.797488995184205,2.6555867099190245,1.4465382581219801,0.5874125874125874,0.9535237816842512,0.16085938409347023,-0.11792020346761412,-0.4718496494878985,3.658253785886875,5,1.479020979020979,7,4.0,0.36975524475524474,1.7500000000000002,1.0,2025-02,-0.035036928831955194,2020-03,0.22544304146532787,LINKUSDT,1.0,1.0,low
next_close_stress_ccapunlimited_scapunlimited_liquidity_priority_alloc0.0025,next_close,stress,unlimited,unlimited,liquidity_priority,0.0025,AVAXUSDT,131,0,0.0,3.8086634037285574,2.907376644067601,2.27897096957661,0.6717557251908397,0.9563531597051256,0.183345508831656,-0.14628594488914626,-0.5853411490083227,3.736366322833872,5,1.2557251908396947,5,3.0,0.3139312977099237,1.25,0.75,2025-02,-0.07345592544498736,2022-05,0.2772485095397021,AVAXUSDT,1.0000000000000002,1.0,low
next_close_stress_ccapunlimited_scapunlimited_liquidity_priority_alloc0.0025,next_close,stress,unlimited,unlimited,liquidity_priority,0.0025,SOLUSDT,99,0,0.0,2.9170041352517004,2.946468823486566,1.69716675464646,0.5757575757575758,0.7315411248274062,0.14037335734617962,-0.09476441708091699,-0.3791432311865224,2.758410031111411,4,1.2272727272727273,5,3.1499999999999773,0.3068181818181818,1.25,0.7874999999999943,2021-06,-0.04546576850457118,2021-05,0.3864923414931297,SOLUSDT,1.0,1.0,low
next_close_clusterstress_ccap5_scap1_symbol_order_alloc0.0025,next_close,cluster_stress,5,1,symbol_order,0.0025,XRPUSDT,69,0,0.0,0.6126571848898392,0.8879089636084626,0.8274143683372601,0.5652173913043478,0.15320837931165343,0.025626502252440453,-0.052412436547821795,-0.20965940447074272,1.2718547269639546,4,0.5,1,1.0,0.125,0.25,0.25,2020-03,-0.04198248499317492,2020-12,0.2618676216814134,XRPUSDT,0.9999999999999998,1.0,low
next_close_clusterstress_ccap5_scap1_symbol_order_alloc0.0025,next_close,cluster_stress,5,1,symbol_order,0.0025,LTCUSDT,28,0,0.0,-0.0770426960824914,-0.27515248600889786,0.523404474991355,0.5714285714285714,-0.019271170929835435,-0.003237417441426249,-0.05884833199134576,-0.2354397689213053,-0.3815363840085809,5,0.5,1,1.0,0.125,0.25,0.25,2022-05,-0.023107807160893667,2025-03,,LTCUSDT,,0.0,low
next_close_clusterstress_ccap5_scap1_symbol_order_alloc0.0025,next_close,cluster_stress,5,1,symbol_order,0.0025,ADAUSDT,68,0,0.0,0.24023514286550404,0.35328697480221183,0.7455304412328851,0.5441176470588235,0.05999980768072177,0.01018374255068455,-0.07864561891743893,-0.3146197685059475,0.4813444932138537,4,0.5,1,1.0,0.125,0.25,0.25,2020-03,-0.07740552428233682,2021-02,1.2447522107181237,ADAUSDT,0.9999999999999996,1.0,low
next_close_clusterstress_ccap5_scap1_symbol_order_alloc0.0025,next_close,cluster_stress,5,1,symbol_order,0.0025,BTCUSDT,27,0,0.0,-0.09699823838687063,-0.3592527347661875,0.41068959800122995,0.5925925925925926,-0.02426635948863387,-0.004110328913431438,-0.0806456117568799,-0.32265329127951076,-0.3797577378153124,3,0.5,1,1.0,0.125,0.25,0.25,2020-03,-0.04459870995241477,2026-02,,BTCUSDT,,0.0,low
next_close_clusterstress_ccap5_scap1_symbol_order_alloc0.0025,next_close,cluster_stress,5,1,symbol_order,0.0025,ETHUSDT,54,0,0.0,0.17684790602552217,0.3274961222694855,0.167850487636695,0.5370370370370371,0.044149896346667994,0.007476154106167421,-0.08447131022706333,-0.33798808952522563,0.36586032797149687,4,0.5,1,1.0,0.125,0.25,0.25,2021-04,-0.025251607782061924,2020-03,0.9722974593740888,ETHUSDT,1.0000000000000002,1.0,low
next_close_clusterstress_ccap5_scap1_symbol_order_alloc0.0025,next_close,cluster_stress,5,1,symbol_order,0.0025,BNBUSDT,52,0,0.0,0.7175605622229941,1.3799241581211426,0.786445074088125,0.5576923076923077,0.17945851444807204,0.030371678126184243,-0.08067030314762302,-0.3227659613466652,1.328724035588655,6,0.5,1,1.0,0.125,0.25,0.25,2021-05,-0.07555146746883734,2020-03,0.526269768477185,BNBUSDT,1.0,1.0,low
next_close_clusterstress_ccap5_scap1_symbol_order_alloc0.0025,next_close,cluster_stress,5,1,symbol_order,0.0025,LINKUSDT,56,0,0.0,0.193355571556256,0.34527780635045713,-0.14006118581118499,0.44642857142857145,0.048310565583364884,0.008183250620907856,-0.06967894704650313,-0.27878795745832985,0.5370341012071892,8,0.5,1,1.0,0.125,0.25,0.25,2025-02,-0.03461587234361296,2021-04,1.3282575627459228,LINKUSDT,1.0,1.0,low
next_close_clusterstress_ccap5_scap1_symbol_order_alloc0.0025,next_close,cluster_stress,5,1,symbol_order,0.0025,AVAXUSDT,71,0,0.0,0.5373651633246588,0.756852342710787,0.6535203558958699,0.5915492957746479,0.13427650691228976,0.025829921075049,-0.182045442412615,-0.7286349858763614,0.7611308344687536,5,0.5,1,1.0,0.125,0.25,0.25,2021-05,-0.13581212557938205,2022-05,0.7100410875817531,AVAXUSDT,1.0,1.0,low
next_close_clusterstress_ccap5_scap1_symbol_order_alloc0.0025,next_close,cluster_stress,5,1,symbol_order,0.0025,SOLUSDT,55,0,0.0,0.41077373270851936,0.7468613321973079,0.00424406756008998,0.509090909090909,0.10261778488056539,0.019740937150225513,-0.09719846497423523,-0.3887901192905711,0.6377064823821266,3,0.5,1,1.0,0.125,0.25,0.25,2021-05,-0.051764907082818556,2021-02,0.47437631002022895,SOLUSDT,1.0,1.0,low
next_close_clusterstress_ccap5_scap1_largest_drop_alloc0.0025,next_close,cluster_stress,5,1,largest_drop,0.0025,XRPUSDT,62,0,0.0,-0.06462751544062567,-0.10423792813004142,0.28005713553128003,0.5161290322580645,-0.016218282481084145,-0.0027148693286460635,-0.10102913758919252,-0.40428083655244706,-0.14311925054321875,5,0.5,1,1.0,0.125,0.25,0.25,2021-05,-0.0667898979431425,2020-12,,XRPUSDT,,0.0,low
next_close_clusterstress_ccap5_scap1_largest_drop_alloc0.0025,next_close,cluster_stress,5,1,largest_drop,0.0025,LTCUSDT,55,0,0.0,0.4510666211618335,0.8201211293851518,0.797458853513,0.5636363636363636,0.11277701897876025,0.018875095323966917,-0.03692871059282066,-0.14770413642632174,1.0953084869549663,3,0.5,1,1.0,0.125,0.25,0.25,2025-02,-0.02980112504614718,2020-03,0.4328439138741345,LTCUSDT,1.0,1.0,low
next_close_clusterstress_ccap5_scap1_largest_drop_alloc0.0025,next_close,cluster_stress,5,1,largest_drop,0.0025,ADAUSDT,66,0,0.0,0.8651277813452605,1.3107996687049401,1.0321181664315,0.5606060606060606,0.21642269545574244,0.03661943026689318,-0.05862197008822401,-0.23449832463020936,1.603604860513057,3,0.5,1,1.0,0.125,0.25,0.25,2025-02,-0.058621970088212905,2021-02,0.30338751405963554,ADAUSDT,0.9999999999999999,1.0,low
next_close_clusterstress_ccap5_scap1_largest_drop_alloc0.0025,next_close,cluster_stress,5,1,largest_drop,0.0025,BNBUSDT,43,0,0.0,0.4251509409536845,0.9887231184969407,0.24580776028650003,0.5116279069767442,0.10629338154024559,0.024155125329472504,-0.04875559700746601,-0.19505805221625974,1.0558031640364791,5,0.5,1,1.0,0.125,0.25,0.25,2020-03,-0.014091207047994825,2021-02,0.5020654742991134,BNBUSDT,1.0,1.0,low
next_close_clusterstress_ccap5_scap1_largest_drop_alloc0.0025,next_close,cluster_stress,5,1,largest_drop,0.0025,ETHUSDT,38,0,0.0,-0.18724279727911308,-0.4927442033660871,0.22480632189451003,0.5526315789473685,-0.046825407674955244,-0.007933551431837937,-0.10635459723074003,-0.4255796700897918,-0.6482784550402738,5,0.5,1,1.0,0.125,0.25,0.25,2020-03,-0.04463560067393679,2022-06,,ETHUSDT,,0.0,low
next_close_clusterstress_ccap5_scap1_largest_drop_alloc0.0025,next_close,cluster_stress,5,1,largest_drop,0.0025,LINKUSDT,78,0,0.0,0.37931433809205156,0.48630043345134816,-0.08062699310067499,0.47435897435897434,0.09478719511533118,0.01604748378045695,-0.0891144016137102,-0.35654616395911565,0.719648806570703,7,0.5,1,1.0,0.125,0.25,0.25,2020-03,-0.09978685019076394,2021-02,0.5312461500401556,LINKUSDT,1.0,1.0,low
next_close_clusterstress_ccap5_scap1_largest_drop_alloc0.0025,next_close,cluster_stress,5,1,largest_drop,0.0025,BTCUSDT,10,0,0.0,-0.09781570097425642,-0.9781570097425643,0.10972074089721996,0.6,-0.024462587971496585,-0.004908253830659959,-0.04611904348073015,-0.18447801744693593,-0.48684729238815333,2,0.5,1,1.0,0.125,0.25,0.25,2020-03,-0.0456549669105466,2021-06,,BTCUSDT,,0.0,low
next_close_clusterstress_ccap5_scap1_largest_drop_alloc0.0025,next_close,cluster_stress,5,1,largest_drop,0.0025,AVAXUSDT,73,0,0.0,0.5896039312153382,0.8076766181032029,0.9122964645917898,0.6027397260273972,0.1473639500559898,0.028343639359729167,-0.1428996630906787,-0.5718146743833128,0.8625805407652947,4,0.5,1,1.0,0.125,0.25,0.25,2021-05,-0.13055857879240573,2022-05,0.646982094117704,AVAXUSDT,1.0,1.0,low
next_close_clusterstress_ccap5_scap1_largest_drop_alloc0.0025,next_close,cluster_stress,5,1,largest_drop,0.0025,SOLUSDT,54,0,0.0,0.37486516498396033,0.694194749970297,-0.077283217718615,0.5,0.09362925827995916,0.018012436496595008,-0.11316685866818998,-0.4527346323587118,0.575742126317196,3,0.5,1,1.0,0.125,0.25,0.25,2021-05,-0.06774056284482022,2021-04,0.5800356281915449,SOLUSDT,1.0000000000000002,1.0,low
next_close_clusterstress_ccap5_scap1_liquidity_priority_alloc0.0025,next_close,cluster_stress,5,1,liquidity_priority,0.0025,XRPUSDT,69,0,0.0,0.6126571848898392,0.8879089636084626,0.8274143683372601,0.5652173913043478,0.15320837931165343,0.025626502252440453,-0.052412436547821795,-0.20965940447074272,1.2718547269639546,4,0.5,1,1.0,0.125,0.25,0.25,2020-03,-0.04198248499317492,2020-12,0.2618676216814134,XRPUSDT,0.9999999999999998,1.0,low
next_close_clusterstress_ccap5_scap1_liquidity_priority_alloc0.0025,next_close,cluster_stress,5,1,liquidity_priority,0.0025,LTCUSDT,28,0,0.0,-0.0770426960824914,-0.27515248600889786,0.523404474991355,0.5714285714285714,-0.019271170929835435,-0.003237417441426249,-0.05884833199134576,-0.2354397689213053,-0.3815363840085809,5,0.5,1,1.0,0.125,0.25,0.25,2022-05,-0.023107807160893667,2025-03,,LTCUSDT,,0.0,low
next_close_clusterstress_ccap5_scap1_liquidity_priority_alloc0.0025,next_close,cluster_stress,5,1,liquidity_priority,0.0025,ADAUSDT,68,0,0.0,0.24023514286550404,0.35328697480221183,0.7455304412328851,0.5441176470588235,0.05999980768072177,0.01018374255068455,-0.07864561891743893,-0.3146197685059475,0.4813444932138537,4,0.5,1,1.0,0.125,0.25,0.25,2020-03,-0.07740552428233682,2021-02,1.2447522107181237,ADAUSDT,0.9999999999999996,1.0,low
next_close_clusterstress_ccap5_scap1_liquidity_priority_alloc0.0025,next_close,cluster_stress,5,1,liquidity_priority,0.0025,BTCUSDT,27,0,0.0,-0.09699823838687063,-0.3592527347661875,0.41068959800122995,0.5925925925925926,-0.02426635948863387,-0.004110328913431438,-0.0806456117568799,-0.32265329127951076,-0.3797577378153124,3,0.5,1,1.0,0.125,0.25,0.25,2020-03,-0.04459870995241477,2026-02,,BTCUSDT,,0.0,low
next_close_clusterstress_ccap5_scap1_liquidity_priority_alloc0.0025,next_close,cluster_stress,5,1,liquidity_priority,0.0025,ETHUSDT,54,0,0.0,0.17684790602552217,0.3274961222694855,0.167850487636695,0.5370370370370371,0.044149896346667994,0.007476154106167421,-0.08447131022706333,-0.33798808952522563,0.36586032797149687,4,0.5,1,1.0,0.125,0.25,0.25,2021-04,-0.025251607782061924,2020-03,0.9722974593740888,ETHUSDT,1.0000000000000002,1.0,low
next_close_clusterstress_ccap5_scap1_liquidity_priority_alloc0.0025,next_close,cluster_stress,5,1,liquidity_priority,0.0025,BNBUSDT,52,0,0.0,0.7175605622229941,1.3799241581211426,0.786445074088125,0.5576923076923077,0.17945851444807204,0.030371678126184243,-0.08067030314762302,-0.3227659613466652,1.328724035588655,6,0.5,1,1.0,0.125,0.25,0.25,2021-05,-0.07555146746883734,2020-03,0.526269768477185,BNBUSDT,1.0,1.0,low
next_close_clusterstress_ccap5_scap1_liquidity_priority_alloc0.0025,next_close,cluster_stress,5,1,liquidity_priority,0.0025,LINKUSDT,56,0,0.0,0.193355571556256,0.34527780635045713,-0.14006118581118499,0.44642857142857145,0.048310565583364884,0.008183250620907856,-0.06967894704650313,-0.27878795745832985,0.5370341012071892,8,0.5,1,1.0,0.125,0.25,0.25,2025-02,-0.03461587234361296,2021-04,1.3282575627459228,LINKUSDT,1.0,1.0,low
next_close_clusterstress_ccap5_scap1_liquidity_priority_alloc0.0025,next_close,cluster_stress,5,1,liquidity_priority,0.0025,AVAXUSDT,71,0,0.0,0.5373651633246588,0.756852342710787,0.6535203558958699,0.5915492957746479,0.13427650691228976,0.025829921075049,-0.182045442412615,-0.7286349858763614,0.7611308344687536,5,0.5,1,1.0,0.125,0.25,0.25,2021-05,-0.13581212557938205,2022-05,0.7100410875817531,AVAXUSDT,1.0,1.0,low
next_close_clusterstress_ccap5_scap1_liquidity_priority_alloc0.0025,next_close,cluster_stress,5,1,liquidity_priority,0.0025,SOLUSDT,55,0,0.0,0.41077373270851936,0.7468613321973079,0.00424406756008998,0.509090909090909,0.10261778488056539,0.019740937150225513,-0.09719846497423523,-0.3887901192905711,0.6377064823821266,3,0.5,1,1.0,0.125,0.25,0.25,2021-05,-0.051764907082818556,2021-02,0.47437631002022895,SOLUSDT,1.0,1.0,low
next_close_clusterstress_ccap5_scap2_symbol_order_alloc0.0025,next_close,cluster_stress,5,2,symbol_order,0.0025,XRPUSDT,65,0,0.0,0.5707213735159398,0.878032882332215,0.5974358241877,0.5384615384615384,0.14272620593962504,0.023874235076526418,-0.061666059168929976,-0.24672057579116627,1.3581896400158713,7,0.5307692307692308,2,1.0,0.1326923076923077,0.5,0.25,2021-05,-0.03715202335630163,2020-12,0.28109984181165676,XRPUSDT,1.0,1.0,low
next_close_clusterstress_ccap5_scap2_symbol_order_alloc0.0025,next_close,cluster_stress,5,2,symbol_order,0.0025,LTCUSDT,27,0,0.0,-0.11707742908698011,-0.433620107729556,0.4204575458406901,0.5555555555555556,-0.029276923946364164,-0.00491851640442853,-0.05884833199135686,-0.2354397689213053,-0.5939173019715597,5,0.5,1,1.0,0.125,0.25,0.25,2022-05,-0.023107807160893667,2025-03,,LTCUSDT,,0.0,low
next_close_clusterstress_ccap5_scap2_symbol_order_alloc0.0025,next_close,cluster_stress,5,2,symbol_order,0.0025,ADAUSDT,66,0,0.0,0.38918454909889677,0.5896735592407527,0.7455304412328851,0.5454545454545454,0.09727914120238879,0.01650859510078373,-0.0942116209871946,-0.37694043059486,0.8563790482004424,4,0.5454545454545454,2,1.0,0.13636363636363635,0.5,0.25,2025-02,-0.0942116209871835,2021-02,0.7677379994325723,ADAUSDT,1.0000000000000002,1.0,low
next_close_clusterstress_ccap5_scap2_symbol_order_alloc0.0025,next_close,cluster_stress,5,2,symbol_order,0.0025,BTCUSDT,27,0,0.0,0.21565672526938537,0.7987286121088347,0.41068959800122995,0.5925925925925926,0.05387613374006062,0.009122785060355909,-0.0450822529690309,-0.18032901187614223,0.5186313754672179,3,0.5740740740740741,2,1.0,0.14351851851851852,0.5,0.25,2021-01,-0.02384933424113278,2020-03,0.6764936176628099,BTCUSDT,1.0000000000000002,1.0,low
next_close_clusterstress_ccap5_scap2_symbol_order_alloc0.0025,next_close,cluster_stress,5,2,symbol_order,0.0025,ETHUSDT,63,0,0.0,0.14883303103521117,0.23624290640509707,0.26688061723956,0.5555555555555556,0.03712852532806732,0.006287368532520432,-0.0793234570427237,-0.3173565546502384,0.2805808308142242,4,0.6587301587301587,2,2.0,0.16468253968253968,0.5,0.5,2021-04,-0.013572138400308464,2022-06,0.5648704123084073,ETHUSDT,0.9999999999999994,1.0,low
next_close_clusterstress_ccap5_scap2_symbol_order_alloc0.0025,next_close,cluster_stress,5,2,symbol_order,0.0025,BNBUSDT,51,0,0.0,1.2298555286062636,2.4114814286397324,1.1892427042419,0.6078431372549019,0.3078383600642942,0.052071052005886465,-0.04168369013441975,-0.1667347605376747,2.2801527723307355,5,0.5392156862745098,2,1.0,0.13480392156862744,0.5,0.25,2021-01,-0.010513132009770665,2020-03,0.30679604332001126,BNBUSDT,1.0000000000000002,1.0,low
next_close_clusterstress_ccap5_scap2_symbol_order_alloc0.0025,next_close,cluster_stress,5,2,symbol_order,0.0025,LINKUSDT,53,0,0.0,-0.13426127605743102,-0.25332316237251135,-0.77026226202548,0.41509433962264153,-0.03360249703495688,-0.005693810505336128,-0.06725936780086483,-0.26908063781669095,-0.35969803366005626,7,0.5377358490566038,2,1.0,0.13443396226415094,0.5,0.25,2020-03,-0.068903410870913,2021-04,,LINKUSDT,,0.0,low
next_close_clusterstress_ccap5_scap2_symbol_order_alloc0.0025,next_close,cluster_stress,5,2,symbol_order,0.0025,AVAXUSDT,71,0,0.0,0.6415270664378422,0.9035592485040032,0.6799888727779699,0.6056338028169014,0.16035680132446828,0.030843577833894464,-0.16031665165999742,-0.6415802596437707,0.9146258079732187,5,0.5422535211267606,2,1.0,0.13556338028169015,0.5,0.25,2021-05,-0.11407327056460748,2022-05,0.6108306898552183,AVAXUSDT,0.9999999999999998,1.0,low
next_close_clusterstress_ccap5_scap2_symbol_order_alloc0.0025,next_close,cluster_stress,5,2,symbol_order,0.0025,SOLUSDT,68,0,0.0,0.6749898327079323,0.9926321069234298,-0.077283217718615,0.5,0.16869717426537534,0.032444208931070584,-0.13567622195964635,-0.5428620537925108,0.858520437927802,4,0.7205882352941176,2,2.0,0.1801470588235294,0.5,0.5,2021-05,-0.09026016289084282,2024-08,0.5585800237105323,SOLUSDT,1.0,1.0,low
next_close_clusterstress_ccap5_scap2_largest_drop_alloc0.0025,next_close,cluster_stress,5,2,largest_drop,0.0025,XRPUSDT,61,0,0.0,0.707109125828749,1.1591952882438508,0.5974358241877,0.5409836065573771,0.17684698394417886,0.029579640490817738,-0.05038075707251011,-0.2015552484435415,1.3531305999005028,4,0.5327868852459017,2,1.0,0.13319672131147542,0.5,0.25,2025-04,-0.024286826414199325,2020-03,0.34776802155209785,XRPUSDT,1.0,1.0,low
next_close_clusterstress_ccap5_scap2_largest_drop_alloc0.0025,next_close,cluster_stress,5,2,largest_drop,0.0025,LTCUSDT,53,0,0.0,0.33957688627362725,0.6407111061766552,0.797458853513,0.5660377358490566,0.0848815404147718,0.014207975076740986,-0.03464049680216297,-0.13855513059128255,0.8581187714179929,3,0.5188679245283019,2,1.0,0.12971698113207547,0.5,0.25,2025-02,-0.02980112504614718,2020-03,0.6268280306019952,LTCUSDT,0.9999999999999999,1.0,low
next_close_clusterstress_ccap5_scap2_largest_drop_alloc0.0025,next_close,cluster_stress,5,2,largest_drop,0.0025,ADAUSDT,63,0,0.0,0.6031414292074995,0.9573673479484118,0.9347556116880901,0.5396825396825397,0.15080388034207637,0.02552345610642437,-0.0942116209871835,-0.37694043059486,1.0951692040916126,3,0.5317460317460317,2,1.0,0.13293650793650794,0.5,0.25,2025-02,-0.0942116209871835,2021-02,0.4353995627397874,ADAUSDT,0.9999999999999998,1.0,low
next_close_clusterstress_ccap5_scap2_largest_drop_alloc0.0025,next_close,cluster_stress,5,2,largest_drop,0.0025,BNBUSDT,45,0,0.0,0.7697608747717526,1.7105797217150058,0.7567412908189001,0.5555555555555556,0.19256320147622574,0.04374534009787823,-0.04168369013441975,-0.1667347605376747,1.7656942016823491,4,0.5888888888888889,2,1.0,0.14722222222222223,0.5,0.25,2023-06,-0.01017516565399168,2021-02,0.40517815204911384,BNBUSDT,1.0,1.0,low
next_close_clusterstress_ccap5_scap2_largest_drop_alloc0.0025,next_close,cluster_stress,5,2,largest_drop,0.0025,ETHUSDT,42,0,0.0,0.02064274922325218,0.049149402912505184,0.39586949875697997,0.5952380952380952,0.005134977817133901,0.0008698230515191696,-0.08448281432542615,-0.33801417496515546,0.07093293739620612,4,0.6190476190476191,2,1.8499999999999943,0.15476190476190477,0.5,0.4624999999999986,2020-03,-0.04463560067393679,2021-05,8.185124856942725,ETHUSDT,0.9999999999999987,1.0,low
next_close_clusterstress_ccap5_scap2_largest_drop_alloc0.0025,next_close,cluster_stress,5,2,largest_drop,0.0025,LINKUSDT,80,0,0.0,0.10990688391471833,0.1373836048933979,-0.27842274414659907,0.45,0.027380026030465743,0.0046367390217350035,-0.1494330160987989,-0.5980623492524934,0.19269653142026083,9,0.5875,2,1.0,0.146875,0.5,0.25,2020-03,-0.1456872734289849,2021-02,1.8391265377941708,LINKUSDT,1.0000000000000004,1.0,low
next_close_clusterstress_ccap5_scap2_largest_drop_alloc0.0025,next_close,cluster_stress,5,2,largest_drop,0.0025,BTCUSDT,10,0,0.0,-0.09781570097425642,-0.9781570097425643,0.10972074089721996,0.6,-0.024462587971496585,-0.004908253830659959,-0.04611904348073015,-0.18447801744693593,-0.48684729238815333,2,0.5,1,1.0,0.125,0.25,0.25,2020-03,-0.0456549669105466,2021-06,,BTCUSDT,,0.0,low
next_close_clusterstress_ccap5_scap2_largest_drop_alloc0.0025,next_close,cluster_stress,5,2,largest_drop,0.0025,AVAXUSDT,81,0,0.0,0.9169971101677239,1.1320951977379308,1.14716066103281,0.6172839506172839,0.22935021531684807,0.04409810828964744,-0.1646322444212145,-0.6588694006159035,1.279966806792584,5,0.6111111111111112,2,1.9499999999999886,0.1527777777777778,0.5,0.48749999999999716,2021-05,-0.13728910732998534,2022-05,0.5727720738093973,AVAXUSDT,1.0,1.0,low
next_close_clusterstress_ccap5_scap2_largest_drop_alloc0.0025,next_close,cluster_stress,5,2,largest_drop,0.0025,SOLUSDT,56,0,0.0,-0.031155903586021383,-0.05563554211789533,-0.385887086272245,0.44642857142857145,-0.007944470149334748,-0.0015517011597965258,-0.2101880353427732,-0.8412253878921874,-0.04372862630247318,4,0.6428571428571429,2,2.0,0.16071428571428573,0.5,0.5,2021-05,-0.12955789197408585,2024-08,,SOLUSDT,,0.0,low
next_close_clusterstress_ccap5_scap2_liquidity_priority_alloc0.0025,next_close,cluster_stress,5,2,liquidity_priority,0.0025,XRPUSDT,65,0,0.0,0.5707213735159398,0.878032882332215,0.5974358241877,0.5384615384615384,0.14272620593962504,0.023874235076526418,-0.061666059168929976,-0.24672057579116627,1.3581896400158713,7,0.5307692307692308,2,1.0,0.1326923076923077,0.5,0.25,2021-05,-0.03715202335630163,2020-12,0.28109984181165676,XRPUSDT,1.0,1.0,low
next_close_clusterstress_ccap5_scap2_liquidity_priority_alloc0.0025,next_close,cluster_stress,5,2,liquidity_priority,0.0025,LTCUSDT,27,0,0.0,-0.11707742908698011,-0.433620107729556,0.4204575458406901,0.5555555555555556,-0.029276923946364164,-0.00491851640442853,-0.05884833199135686,-0.2354397689213053,-0.5939173019715597,5,0.5,1,1.0,0.125,0.25,0.25,2022-05,-0.023107807160893667,2025-03,,LTCUSDT,,0.0,low
next_close_clusterstress_ccap5_scap2_liquidity_priority_alloc0.0025,next_close,cluster_stress,5,2,liquidity_priority,0.0025,ADAUSDT,66,0,0.0,0.38918454909889677,0.5896735592407527,0.7455304412328851,0.5454545454545454,0.09727914120238879,0.01650859510078373,-0.0942116209871946,-0.37694043059486,0.8563790482004424,4,0.5454545454545454,2,1.0,0.13636363636363635,0.5,0.25,2025-02,-0.0942116209871835,2021-02,0.7677379994325723,ADAUSDT,1.0000000000000002,1.0,low
next_close_clusterstress_ccap5_scap2_liquidity_priority_alloc0.0025,next_close,cluster_stress,5,2,liquidity_priority,0.0025,BTCUSDT,27,0,0.0,0.21565672526938537,0.7987286121088347,0.41068959800122995,0.5925925925925926,0.05387613374006062,0.009122785060355909,-0.0450822529690309,-0.18032901187614223,0.5186313754672179,3,0.5740740740740741,2,1.0,0.14351851851851852,0.5,0.25,2021-01,-0.02384933424113278,2020-03,0.6764936176628099,BTCUSDT,1.0000000000000002,1.0,low
next_close_clusterstress_ccap5_scap2_liquidity_priority_alloc0.0025,next_close,cluster_stress,5,2,liquidity_priority,0.0025,ETHUSDT,63,0,0.0,0.14883303103521117,0.23624290640509707,0.26688061723956,0.5555555555555556,0.03712852532806732,0.006287368532520432,-0.0793234570427237,-0.3173565546502384,0.2805808308142242,4,0.6587301587301587,2,2.0,0.16468253968253968,0.5,0.5,2021-04,-0.013572138400308464,2022-06,0.5648704123084073,ETHUSDT,0.9999999999999994,1.0,low
next_close_clusterstress_ccap5_scap2_liquidity_priority_alloc0.0025,next_close,cluster_stress,5,2,liquidity_priority,0.0025,BNBUSDT,51,0,0.0,1.2298555286062636,2.4114814286397324,1.1892427042419,0.6078431372549019,0.3078383600642942,0.052071052005886465,-0.04168369013441975,-0.1667347605376747,2.2801527723307355,5,0.5392156862745098,2,1.0,0.13480392156862744,0.5,0.25,2021-01,-0.010513132009770665,2020-03,0.30679604332001126,BNBUSDT,1.0000000000000002,1.0,low
next_close_clusterstress_ccap5_scap2_liquidity_priority_alloc0.0025,next_close,cluster_stress,5,2,liquidity_priority,0.0025,LINKUSDT,53,0,0.0,-0.13426127605743102,-0.25332316237251135,-0.77026226202548,0.41509433962264153,-0.03360249703495688,-0.005693810505336128,-0.06725936780086483,-0.26908063781669095,-0.35969803366005626,7,0.5377358490566038,2,1.0,0.13443396226415094,0.5,0.25,2020-03,-0.068903410870913,2021-04,,LINKUSDT,,0.0,low
next_close_clusterstress_ccap5_scap2_liquidity_priority_alloc0.0025,next_close,cluster_stress,5,2,liquidity_priority,0.0025,AVAXUSDT,71,0,0.0,0.6415270664378422,0.9035592485040032,0.6799888727779699,0.6056338028169014,0.16035680132446828,0.030843577833894464,-0.16031665165999742,-0.6415802596437707,0.9146258079732187,5,0.5422535211267606,2,1.0,0.13556338028169015,0.5,0.25,2021-05,-0.11407327056460748,2022-05,0.6108306898552183,AVAXUSDT,0.9999999999999998,1.0,low
next_close_clusterstress_ccap5_scap2_liquidity_priority_alloc0.0025,next_close,cluster_stress,5,2,liquidity_priority,0.0025,SOLUSDT,68,0,0.0,0.6749898327079323,0.9926321069234298,-0.077283217718615,0.5,0.16869717426537534,0.032444208931070584,-0.13567622195964635,-0.5428620537925108,0.858520437927802,4,0.7205882352941176,2,2.0,0.1801470588235294,0.5,0.5,2021-05,-0.09026016289084282,2024-08,0.5585800237105323,SOLUSDT,1.0,1.0,low
next_close_clusterstress_ccap5_scapunlimited_symbol_order_alloc0.0025,next_close,cluster_stress,5,unlimited,symbol_order,0.0025,XRPUSDT,64,0,0.0,0.5968433328734726,0.9325677076148009,0.7124250962624801,0.546875,0.14926644360899743,0.02496756097152275,-0.061666059168918874,-0.24672057579116627,1.4252609495029307,7,0.53125,2,1.0,0.1328125,0.5,0.25,2021-05,-0.03715202335630163,2020-12,0.2687832103583942,XRPUSDT,1.0,1.0,low
next_close_clusterstress_ccap5_scapunlimited_symbol_order_alloc0.0025,next_close,cluster_stress,5,unlimited,symbol_order,0.0025,LTCUSDT,27,0,0.0,-0.11707742908698011,-0.433620107729556,0.4204575458406901,0.5555555555555556,-0.029276923946364164,-0.00491851640442853,-0.05884833199135686,-0.2354397689213053,-0.5939173019715597,5,0.5,1,1.0,0.125,0.25,0.25,2022-05,-0.023107807160893667,2025-03,,LTCUSDT,,0.0,low
next_close_clusterstress_ccap5_scapunlimited_symbol_order_alloc0.0025,next_close,cluster_stress,5,unlimited,symbol_order,0.0025,ADAUSDT,66,0,0.0,0.38918454909889677,0.5896735592407527,0.7455304412328851,0.5454545454545454,0.09727914120238879,0.01650859510078373,-0.0942116209871946,-0.37694043059486,0.8563790482004424,4,0.5454545454545454,2,1.0,0.13636363636363635,0.5,0.25,2025-02,-0.0942116209871835,2021-02,0.7677379994325723,ADAUSDT,1.0000000000000002,1.0,low
next_close_clusterstress_ccap5_scapunlimited_symbol_order_alloc0.0025,next_close,cluster_stress,5,unlimited,symbol_order,0.0025,BTCUSDT,27,0,0.0,0.21565672526938537,0.7987286121088347,0.41068959800122995,0.5925925925925926,0.05387613374006062,0.009122785060355909,-0.0450822529690309,-0.18032901187614223,0.5186313754672179,3,0.5740740740740741,2,1.0,0.14351851851851852,0.5,0.25,2021-01,-0.02384933424113278,2020-03,0.6764936176628099,BTCUSDT,1.0000000000000002,1.0,low
next_close_clusterstress_ccap5_scapunlimited_symbol_order_alloc0.0025,next_close,cluster_stress,5,unlimited,symbol_order,0.0025,ETHUSDT,66,0,0.0,0.171622966206562,0.2600347972826697,0.22480632189451003,0.5454545454545454,0.04282326339049014,0.007251547710707129,-0.09675108189111103,-0.3871220481621665,0.31471252895868734,4,0.7424242424242424,3,2.0,0.1856060606060606,0.75,0.5,2021-01,-0.02416130196478683,2022-06,0.48975261925334745,ETHUSDT,1.0,1.0,low
next_close_clusterstress_ccap5_scapunlimited_symbol_order_alloc0.0025,next_close,cluster_stress,5,unlimited,symbol_order,0.0025,BNBUSDT,52,0,0.0,1.276900756650581,2.455578378174194,1.246901273831895,0.6153846153846154,0.3196358728899673,0.054063966346440395,-0.04168369013441975,-0.1667347605376747,2.365692190225443,5,0.5769230769230769,3,1.0,0.14423076923076922,0.75,0.25,2021-01,-0.010513132009770665,2020-03,0.2954724386719824,BNBUSDT,1.0,1.0,low
next_close_clusterstress_ccap5_scapunlimited_symbol_order_alloc0.0025,next_close,cluster_stress,5,unlimited,symbol_order,0.0025,LINKUSDT,51,0,0.0,-0.23881958903822467,-0.4682737039965189,-0.9449363486998199,0.39215686274509803,-0.05972752679954674,-0.010121692191900067,-0.06725936780086483,-0.26908063781669095,-0.6599361151141,7,0.5392156862745098,2,1.0,0.13480392156862744,0.5,0.25,2020-03,-0.068903410870913,2021-04,,LINKUSDT,,0.0,low
next_close_clusterstress_ccap5_scapunlimited_symbol_order_alloc0.0025,next_close,cluster_stress,5,unlimited,symbol_order,0.0025,AVAXUSDT,71,0,0.0,0.6415270664378422,0.9035592485040032,0.6799888727779699,0.6056338028169014,0.16035680132446828,0.030843577833894464,-0.16031665165999742,-0.6415802596437707,0.9146258079732187,5,0.5422535211267606,2,1.0,0.13556338028169015,0.5,0.25,2021-05,-0.11407327056460748,2022-05,0.6108306898552183,AVAXUSDT,0.9999999999999998,1.0,low
next_close_clusterstress_ccap5_scapunlimited_symbol_order_alloc0.0025,next_close,cluster_stress,5,unlimited,symbol_order,0.0025,SOLUSDT,67,0,0.0,0.6153599379046881,0.9184476685144599,-0.15881050299732,0.4925373134328358,0.15376677782263926,0.02957454303127438,-0.1505612507815668,-0.602491948595755,0.7842057543249151,4,0.7089552238805971,2,2.0,0.17723880597014927,0.5,0.5,2021-05,-0.10515196109069924,2024-08,0.6128168446746202,SOLUSDT,1.0000000000000002,1.0,low
next_close_clusterstress_ccap5_scapunlimited_largest_drop_alloc0.0025,next_close,cluster_stress,5,unlimited,largest_drop,0.0025,XRPUSDT,61,0,0.0,0.707109125828749,1.1591952882438508,0.5974358241877,0.5409836065573771,0.17684698394417886,0.029579640490817738,-0.05038075707251011,-0.2015552484435415,1.3531305999005028,4,0.5327868852459017,2,1.0,0.13319672131147542,0.5,0.25,2025-04,-0.024286826414199325,2020-03,0.34776802155209785,XRPUSDT,1.0,1.0,low
next_close_clusterstress_ccap5_scapunlimited_largest_drop_alloc0.0025,next_close,cluster_stress,5,unlimited,largest_drop,0.0025,LTCUSDT,53,0,0.0,0.33957688627362725,0.6407111061766552,0.797458853513,0.5660377358490566,0.0848815404147718,0.014207975076740986,-0.03464049680216297,-0.13855513059128255,0.8581187714179929,3,0.5188679245283019,2,1.0,0.12971698113207547,0.5,0.25,2025-02,-0.02980112504614718,2020-03,0.6268280306019952,LTCUSDT,0.9999999999999999,1.0,low
next_close_clusterstress_ccap5_scapunlimited_largest_drop_alloc0.0025,next_close,cluster_stress,5,unlimited,largest_drop,0.0025,ADAUSDT,63,0,0.0,0.6031414292074995,0.9573673479484118,0.9347556116880901,0.5396825396825397,0.15080388034207637,0.02552345610642437,-0.0942116209871835,-0.37694043059486,1.0951692040916126,3,0.5317460317460317,2,1.0,0.13293650793650794,0.5,0.25,2025-02,-0.0942116209871835,2021-02,0.4353995627397874,ADAUSDT,0.9999999999999998,1.0,low
next_close_clusterstress_ccap5_scapunlimited_largest_drop_alloc0.0025,next_close,cluster_stress,5,unlimited,largest_drop,0.0025,BNBUSDT,45,0,0.0,0.7697608747717526,1.7105797217150058,0.7567412908189001,0.5555555555555556,0.19256320147622574,0.04374534009787823,-0.04168369013441975,-0.1667347605376747,1.7656942016823491,4,0.5888888888888889,2,1.0,0.14722222222222223,0.5,0.25,2023-06,-0.01017516565399168,2021-02,0.40517815204911384,BNBUSDT,1.0,1.0,low
next_close_clusterstress_ccap5_scapunlimited_largest_drop_alloc0.0025,next_close,cluster_stress,5,unlimited,largest_drop,0.0025,ETHUSDT,42,0,0.0,0.02064274922325218,0.049149402912505184,0.39586949875697997,0.5952380952380952,0.005134977817133901,0.0008698230515191696,-0.08448281432542615,-0.33801417496515546,0.07093293739620612,4,0.6190476190476191,2,1.8499999999999943,0.15476190476190477,0.5,0.4624999999999986,2020-03,-0.04463560067393679,2021-05,8.185124856942725,ETHUSDT,0.9999999999999987,1.0,low
next_close_clusterstress_ccap5_scapunlimited_largest_drop_alloc0.0025,next_close,cluster_stress,5,unlimited,largest_drop,0.0025,LINKUSDT,79,0,0.0,0.11435411882600253,0.14475204914683865,-0.19112899396014002,0.45569620253164556,0.028492151536552157,0.0048250524172566145,-0.1494330160987989,-0.5980623492524934,0.20048838310771228,9,0.5886075949367089,2,1.0,0.14715189873417722,0.5,0.25,2020-03,-0.1456872734289849,2021-02,1.7673404696561659,LINKUSDT,1.0000000000000004,1.0,low
next_close_clusterstress_ccap5_scapunlimited_largest_drop_alloc0.0025,next_close,cluster_stress,5,unlimited,largest_drop,0.0025,BTCUSDT,10,0,0.0,-0.09781570097425642,-0.9781570097425643,0.10972074089721996,0.6,-0.024462587971496585,-0.004908253830659959,-0.04611904348073015,-0.18447801744693593,-0.48684729238815333,2,0.5,1,1.0,0.125,0.25,0.25,2020-03,-0.0456549669105466,2021-06,,BTCUSDT,,0.0,low
next_close_clusterstress_ccap5_scapunlimited_largest_drop_alloc0.0025,next_close,cluster_stress,5,unlimited,largest_drop,0.0025,AVAXUSDT,81,0,0.0,0.9169971101677239,1.1320951977379308,1.14716066103281,0.6172839506172839,0.22935021531684807,0.04409810828964744,-0.1646322444212145,-0.6588694006159035,1.279966806792584,5,0.6111111111111112,2,1.9499999999999886,0.1527777777777778,0.5,0.48749999999999716,2021-05,-0.13728910732998534,2022-05,0.5727720738093973,AVAXUSDT,1.0,1.0,low
next_close_clusterstress_ccap5_scapunlimited_largest_drop_alloc0.0025,next_close,cluster_stress,5,unlimited,largest_drop,0.0025,SOLUSDT,57,0,0.0,0.0328679002402678,0.0576629828776628,-0.26585362164591997,0.45614035087719296,0.00806020921921835,0.0015742057567935674,-0.19421572698006262,-0.7772015840658981,0.04595040956223748,4,0.6754385964912281,3,2.0,0.16885964912280702,0.75,0.5,2021-05,-0.12955789197408585,2024-08,9.755838546212273,SOLUSDT,0.9999999999999998,1.0,low
next_close_clusterstress_ccap5_scapunlimited_liquidity_priority_alloc0.0025,next_close,cluster_stress,5,unlimited,liquidity_priority,0.0025,XRPUSDT,64,0,0.0,0.5968433328734726,0.9325677076148009,0.7124250962624801,0.546875,0.14926644360899743,0.02496756097152275,-0.061666059168918874,-0.24672057579116627,1.4252609495029307,7,0.53125,2,1.0,0.1328125,0.5,0.25,2021-05,-0.03715202335630163,2020-12,0.2687832103583942,XRPUSDT,1.0,1.0,low
next_close_clusterstress_ccap5_scapunlimited_liquidity_priority_alloc0.0025,next_close,cluster_stress,5,unlimited,liquidity_priority,0.0025,LTCUSDT,27,0,0.0,-0.11707742908698011,-0.433620107729556,0.4204575458406901,0.5555555555555556,-0.029276923946364164,-0.00491851640442853,-0.05884833199135686,-0.2354397689213053,-0.5939173019715597,5,0.5,1,1.0,0.125,0.25,0.25,2022-05,-0.023107807160893667,2025-03,,LTCUSDT,,0.0,low
next_close_clusterstress_ccap5_scapunlimited_liquidity_priority_alloc0.0025,next_close,cluster_stress,5,unlimited,liquidity_priority,0.0025,ADAUSDT,66,0,0.0,0.38918454909889677,0.5896735592407527,0.7455304412328851,0.5454545454545454,0.09727914120238879,0.01650859510078373,-0.0942116209871946,-0.37694043059486,0.8563790482004424,4,0.5454545454545454,2,1.0,0.13636363636363635,0.5,0.25,2025-02,-0.0942116209871835,2021-02,0.7677379994325723,ADAUSDT,1.0000000000000002,1.0,low
next_close_clusterstress_ccap5_scapunlimited_liquidity_priority_alloc0.0025,next_close,cluster_stress,5,unlimited,liquidity_priority,0.0025,BTCUSDT,27,0,0.0,0.21565672526938537,0.7987286121088347,0.41068959800122995,0.5925925925925926,0.05387613374006062,0.009122785060355909,-0.0450822529690309,-0.18032901187614223,0.5186313754672179,3,0.5740740740740741,2,1.0,0.14351851851851852,0.5,0.25,2021-01,-0.02384933424113278,2020-03,0.6764936176628099,BTCUSDT,1.0000000000000002,1.0,low
next_close_clusterstress_ccap5_scapunlimited_liquidity_priority_alloc0.0025,next_close,cluster_stress,5,unlimited,liquidity_priority,0.0025,ETHUSDT,66,0,0.0,0.171622966206562,0.2600347972826697,0.22480632189451003,0.5454545454545454,0.04282326339049014,0.007251547710707129,-0.09675108189111103,-0.3871220481621665,0.31471252895868734,4,0.7424242424242424,3,2.0,0.1856060606060606,0.75,0.5,2021-01,-0.02416130196478683,2022-06,0.48975261925334745,ETHUSDT,1.0,1.0,low
next_close_clusterstress_ccap5_scapunlimited_liquidity_priority_alloc0.0025,next_close,cluster_stress,5,unlimited,liquidity_priority,0.0025,BNBUSDT,52,0,0.0,1.276900756650581,2.455578378174194,1.246901273831895,0.6153846153846154,0.3196358728899673,0.054063966346440395,-0.04168369013441975,-0.1667347605376747,2.365692190225443,5,0.5769230769230769,3,1.0,0.14423076923076922,0.75,0.25,2021-01,-0.010513132009770665,2020-03,0.2954724386719824,BNBUSDT,1.0,1.0,low
next_close_clusterstress_ccap5_scapunlimited_liquidity_priority_alloc0.0025,next_close,cluster_stress,5,unlimited,liquidity_priority,0.0025,LINKUSDT,51,0,0.0,-0.23881958903822467,-0.4682737039965189,-0.9449363486998199,0.39215686274509803,-0.05972752679954674,-0.010121692191900067,-0.06725936780086483,-0.26908063781669095,-0.6599361151141,7,0.5392156862745098,2,1.0,0.13480392156862744,0.5,0.25,2020-03,-0.068903410870913,2021-04,,LINKUSDT,,0.0,low
next_close_clusterstress_ccap5_scapunlimited_liquidity_priority_alloc0.0025,next_close,cluster_stress,5,unlimited,liquidity_priority,0.0025,AVAXUSDT,71,0,0.0,0.6415270664378422,0.9035592485040032,0.6799888727779699,0.6056338028169014,0.16035680132446828,0.030843577833894464,-0.16031665165999742,-0.6415802596437707,0.9146258079732187,5,0.5422535211267606,2,1.0,0.13556338028169015,0.5,0.25,2021-05,-0.11407327056460748,2022-05,0.6108306898552183,AVAXUSDT,0.9999999999999998,1.0,low
next_close_clusterstress_ccap5_scapunlimited_liquidity_priority_alloc0.0025,next_close,cluster_stress,5,unlimited,liquidity_priority,0.0025,SOLUSDT,67,0,0.0,0.6153599379046881,0.9184476685144599,-0.15881050299732,0.4925373134328358,0.15376677782263926,0.02957454303127438,-0.1505612507815668,-0.602491948595755,0.7842057543249151,4,0.7089552238805971,2,2.0,0.17723880597014927,0.5,0.5,2021-05,-0.10515196109069924,2024-08,0.6128168446746202,SOLUSDT,1.0000000000000002,1.0,low
next_close_clusterstress_ccap10_scap1_symbol_order_alloc0.0025,next_close,cluster_stress,10,1,symbol_order,0.0025,XRPUSDT,76,0,0.0,0.5636213712268914,0.7416070674038044,0.46389564249318505,0.5789473684210527,0.1409204467151426,0.023572357389567422,-0.10051869858963558,-0.4022370156996665,1.0877891682725502,5,0.5,1,1.0,0.125,0.25,0.25,2021-05,-0.0662792839964288,2022-05,0.3692820030131293,XRPUSDT,1.0000000000000002,1.0,low
next_close_clusterstress_ccap10_scap1_symbol_order_alloc0.0025,next_close,cluster_stress,10,1,symbol_order,0.0025,LTCUSDT,66,0,0.0,-0.4687135505650492,-0.7101720463106806,0.038172636483805006,0.5,-0.11716547483505702,-0.019628355422318666,-0.17116383561203152,-0.6850707593495152,-1.1114810039119059,9,0.5,1,1.0,0.125,0.25,0.25,2021-05,-0.11145843484854367,2021-04,,LTCUSDT,,0.0,low
next_close_clusterstress_ccap10_scap1_symbol_order_alloc0.0025,next_close,cluster_stress,10,1,symbol_order,0.0025,ADAUSDT,77,0,0.0,0.35395727376084335,0.4596847711179784,1.00089085324356,0.5714285714285714,0.08844283440587741,0.014972764403808903,-0.09176805744561811,-0.36715083600182585,0.6740460408075429,4,0.5,1,1.0,0.125,0.25,0.25,2020-03,-0.07740552428233682,2021-02,0.9544535761448995,ADAUSDT,1.0,1.0,low
next_close_clusterstress_ccap10_scap1_symbol_order_alloc0.0025,next_close,cluster_stress,10,1,symbol_order,0.0025,BTCUSDT,31,0,0.0,-0.0074875542131121395,-0.024153400687458512,0.7972743260750301,0.6451612903225806,-0.0018923261493997146,-0.0003204996646966052,-0.0782853572444342,-0.31320468818002106,-0.02879258456731862,2,0.5,1,1.0,0.125,0.25,0.25,2020-03,-0.04459870995241477,2026-02,,BTCUSDT,,0.0,low
next_close_clusterstress_ccap10_scap1_symbol_order_alloc0.0025,next_close,cluster_stress,10,1,symbol_order,0.0025,ETHUSDT,59,0,0.0,0.30652153504604923,0.5195280255017783,0.18273202654946,0.5423728813559322,0.0765849578018063,0.01296682230564894,-0.08433553197597643,-0.3374425749051606,0.6234358371567692,4,0.5,1,1.0,0.125,0.25,0.25,2021-04,-0.025251607782061924,2020-03,0.5605125769029569,ETHUSDT,1.0,1.0,low
next_close_clusterstress_ccap10_scap1_symbol_order_alloc0.0025,next_close,cluster_stress,10,1,symbol_order,0.0025,BNBUSDT,58,0,0.0,0.829439534770765,1.4300681633978707,0.7270522774909199,0.5517241379310345,0.20747467504054207,0.03510907271662145,-0.09064438329597913,-0.36269232531927453,1.4800434150315738,6,0.5,1,1.0,0.125,0.25,0.25,2021-05,-0.07074803161251086,2020-03,0.4552053923274803,BNBUSDT,0.9999999999999999,1.0,low
next_close_clusterstress_ccap10_scap1_symbol_order_alloc0.0025,next_close,cluster_stress,10,1,symbol_order,0.0025,LINKUSDT,82,0,0.0,0.17787539501236282,0.21692121342971074,-0.27842274414659907,0.45121951219512196,0.04438544938414335,0.0075160342970725935,-0.0891144016137102,-0.35654616395911565,0.3238543681599324,7,0.5,1,1.0,0.125,0.25,0.25,2020-03,-0.09978685019076394,2021-04,1.4457186980641803,LINKUSDT,1.0,1.0,low
next_close_clusterstress_ccap10_scap1_symbol_order_alloc0.0025,next_close,cluster_stress,10,1,symbol_order,0.0025,AVAXUSDT,79,0,0.0,0.7851146629055183,0.9938160289943271,0.9122964645917898,0.5949367088607594,0.19630198924358577,0.03774881836717814,-0.18301206324220498,-0.7324919515596676,1.0682924665278724,5,0.5,1,1.0,0.125,0.25,0.25,2021-05,-0.13677919412489192,2022-05,0.48568961207200984,AVAXUSDT,1.0000000000000002,1.0,low
next_close_clusterstress_ccap10_scap1_symbol_order_alloc0.0025,next_close,cluster_stress,10,1,symbol_order,0.0025,SOLUSDT,60,0,0.0,0.6620970239815909,1.1034950399693182,0.08911666404839996,0.5333333333333333,0.1655233201263817,0.03183421378556428,-0.10323300241992239,-0.41295223522708047,0.9971008470430438,3,0.5,1,1.0,0.125,0.25,0.25,2021-05,-0.057802188901134866,2021-04,0.32810063018346053,SOLUSDT,1.0,1.0,low
next_close_clusterstress_ccap10_scap1_largest_drop_alloc0.0025,next_close,cluster_stress,10,1,largest_drop,0.0025,XRPUSDT,76,0,0.0,0.5636213712268914,0.7416070674038044,0.46389564249318505,0.5789473684210527,0.1409204467151426,0.023572357389567422,-0.10051869858963558,-0.4022370156996665,1.0877891682725502,5,0.5,1,1.0,0.125,0.25,0.25,2021-05,-0.0662792839964288,2022-05,0.3692820030131293,XRPUSDT,1.0000000000000002,1.0,low
next_close_clusterstress_ccap10_scap1_largest_drop_alloc0.0025,next_close,cluster_stress,10,1,largest_drop,0.0025,LTCUSDT,66,0,0.0,-0.4687135505650492,-0.7101720463106806,0.038172636483805006,0.5,-0.11716547483505702,-0.019628355422318666,-0.17116383561203152,-0.6850707593495152,-1.1114810039119059,9,0.5,1,1.0,0.125,0.25,0.25,2021-05,-0.11145843484854367,2021-04,,LTCUSDT,,0.0,low
next_close_clusterstress_ccap10_scap1_largest_drop_alloc0.0025,next_close,cluster_stress,10,1,largest_drop,0.0025,ADAUSDT,77,0,0.0,0.35395727376084335,0.4596847711179784,1.00089085324356,0.5714285714285714,0.08844283440587741,0.014972764403808903,-0.09176805744561811,-0.36715083600182585,0.6740460408075429,4,0.5,1,1.0,0.125,0.25,0.25,2020-03,-0.07740552428233682,2021-02,0.9544535761448995,ADAUSDT,1.0,1.0,low
next_close_clusterstress_ccap10_scap1_largest_drop_alloc0.0025,next_close,cluster_stress,10,1,largest_drop,0.0025,BNBUSDT,58,0,0.0,0.829439534770765,1.4300681633978707,0.7270522774909199,0.5517241379310345,0.20747467504054207,0.03510907271662145,-0.09064438329597913,-0.36269232531927453,1.4800434150315738,6,0.5,1,1.0,0.125,0.25,0.25,2021-05,-0.07074803161251086,2020-03,0.4552053923274803,BNBUSDT,0.9999999999999999,1.0,low
next_close_clusterstress_ccap10_scap1_largest_drop_alloc0.0025,next_close,cluster_stress,10,1,largest_drop,0.0025,ETHUSDT,59,0,0.0,0.30652153504604923,0.5195280255017783,0.18273202654946,0.5423728813559322,0.0765849578018063,0.01296682230564894,-0.08433553197597643,-0.3374425749051606,0.6234358371567692,4,0.5,1,1.0,0.125,0.25,0.25,2021-04,-0.025251607782061924,2020-03,0.5605125769029569,ETHUSDT,1.0,1.0,low
next_close_clusterstress_ccap10_scap1_largest_drop_alloc0.0025,next_close,cluster_stress,10,1,largest_drop,0.0025,LINKUSDT,82,0,0.0,0.17787539501236282,0.21692121342971074,-0.27842274414659907,0.45121951219512196,0.04438544938414335,0.0075160342970725935,-0.0891144016137102,-0.35654616395911565,0.3238543681599324,7,0.5,1,1.0,0.125,0.25,0.25,2020-03,-0.09978685019076394,2021-04,1.4457186980641803,LINKUSDT,1.0,1.0,low
next_close_clusterstress_ccap10_scap1_largest_drop_alloc0.0025,next_close,cluster_stress,10,1,largest_drop,0.0025,BTCUSDT,31,0,0.0,-0.0074875542131121395,-0.024153400687458512,0.7972743260750301,0.6451612903225806,-0.0018923261493997146,-0.0003204996646966052,-0.0782853572444342,-0.31320468818002106,-0.02879258456731862,2,0.5,1,1.0,0.125,0.25,0.25,2020-03,-0.04459870995241477,2026-02,,BTCUSDT,,0.0,low
next_close_clusterstress_ccap10_scap1_largest_drop_alloc0.0025,next_close,cluster_stress,10,1,largest_drop,0.0025,AVAXUSDT,79,0,0.0,0.7851146629055183,0.9938160289943271,0.9122964645917898,0.5949367088607594,0.19630198924358577,0.03774881836717814,-0.18301206324220498,-0.7324919515596676,1.0682924665278724,5,0.5,1,1.0,0.125,0.25,0.25,2021-05,-0.13677919412489192,2022-05,0.48568961207200984,AVAXUSDT,1.0000000000000002,1.0,low
next_close_clusterstress_ccap10_scap1_largest_drop_alloc0.0025,next_close,cluster_stress,10,1,largest_drop,0.0025,SOLUSDT,60,0,0.0,0.6620970239815909,1.1034950399693182,0.08911666404839996,0.5333333333333333,0.1655233201263817,0.03183421378556428,-0.10323300241992239,-0.41295223522708047,0.9971008470430438,3,0.5,1,1.0,0.125,0.25,0.25,2021-05,-0.057802188901134866,2021-04,0.32810063018346053,SOLUSDT,1.0,1.0,low
next_close_clusterstress_ccap10_scap1_liquidity_priority_alloc0.0025,next_close,cluster_stress,10,1,liquidity_priority,0.0025,XRPUSDT,76,0,0.0,0.5636213712268914,0.7416070674038044,0.46389564249318505,0.5789473684210527,0.1409204467151426,0.023572357389567422,-0.10051869858963558,-0.4022370156996665,1.0877891682725502,5,0.5,1,1.0,0.125,0.25,0.25,2021-05,-0.0662792839964288,2022-05,0.3692820030131293,XRPUSDT,1.0000000000000002,1.0,low
next_close_clusterstress_ccap10_scap1_liquidity_priority_alloc0.0025,next_close,cluster_stress,10,1,liquidity_priority,0.0025,LTCUSDT,66,0,0.0,-0.4687135505650492,-0.7101720463106806,0.038172636483805006,0.5,-0.11716547483505702,-0.019628355422318666,-0.17116383561203152,-0.6850707593495152,-1.1114810039119059,9,0.5,1,1.0,0.125,0.25,0.25,2021-05,-0.11145843484854367,2021-04,,LTCUSDT,,0.0,low
next_close_clusterstress_ccap10_scap1_liquidity_priority_alloc0.0025,next_close,cluster_stress,10,1,liquidity_priority,0.0025,ADAUSDT,77,0,0.0,0.35395727376084335,0.4596847711179784,1.00089085324356,0.5714285714285714,0.08844283440587741,0.014972764403808903,-0.09176805744561811,-0.36715083600182585,0.6740460408075429,4,0.5,1,1.0,0.125,0.25,0.25,2020-03,-0.07740552428233682,2021-02,0.9544535761448995,ADAUSDT,1.0,1.0,low
next_close_clusterstress_ccap10_scap1_liquidity_priority_alloc0.0025,next_close,cluster_stress,10,1,liquidity_priority,0.0025,BTCUSDT,31,0,0.0,-0.0074875542131121395,-0.024153400687458512,0.7972743260750301,0.6451612903225806,-0.0018923261493997146,-0.0003204996646966052,-0.0782853572444342,-0.31320468818002106,-0.02879258456731862,2,0.5,1,1.0,0.125,0.25,0.25,2020-03,-0.04459870995241477,2026-02,,BTCUSDT,,0.0,low
next_close_clusterstress_ccap10_scap1_liquidity_priority_alloc0.0025,next_close,cluster_stress,10,1,liquidity_priority,0.0025,ETHUSDT,59,0,0.0,0.30652153504604923,0.5195280255017783,0.18273202654946,0.5423728813559322,0.0765849578018063,0.01296682230564894,-0.08433553197597643,-0.3374425749051606,0.6234358371567692,4,0.5,1,1.0,0.125,0.25,0.25,2021-04,-0.025251607782061924,2020-03,0.5605125769029569,ETHUSDT,1.0,1.0,low
next_close_clusterstress_ccap10_scap1_liquidity_priority_alloc0.0025,next_close,cluster_stress,10,1,liquidity_priority,0.0025,BNBUSDT,58,0,0.0,0.829439534770765,1.4300681633978707,0.7270522774909199,0.5517241379310345,0.20747467504054207,0.03510907271662145,-0.09064438329597913,-0.36269232531927453,1.4800434150315738,6,0.5,1,1.0,0.125,0.25,0.25,2021-05,-0.07074803161251086,2020-03,0.4552053923274803,BNBUSDT,0.9999999999999999,1.0,low
next_close_clusterstress_ccap10_scap1_liquidity_priority_alloc0.0025,next_close,cluster_stress,10,1,liquidity_priority,0.0025,LINKUSDT,82,0,0.0,0.17787539501236282,0.21692121342971074,-0.27842274414659907,0.45121951219512196,0.04438544938414335,0.0075160342970725935,-0.0891144016137102,-0.35654616395911565,0.3238543681599324,7,0.5,1,1.0,0.125,0.25,0.25,2020-03,-0.09978685019076394,2021-04,1.4457186980641803,LINKUSDT,1.0,1.0,low
next_close_clusterstress_ccap10_scap1_liquidity_priority_alloc0.0025,next_close,cluster_stress,10,1,liquidity_priority,0.0025,AVAXUSDT,79,0,0.0,0.7851146629055183,0.9938160289943271,0.9122964645917898,0.5949367088607594,0.19630198924358577,0.03774881836717814,-0.18301206324220498,-0.7324919515596676,1.0682924665278724,5,0.5,1,1.0,0.125,0.25,0.25,2021-05,-0.13677919412489192,2022-05,0.48568961207200984,AVAXUSDT,1.0000000000000002,1.0,low
next_close_clusterstress_ccap10_scap1_liquidity_priority_alloc0.0025,next_close,cluster_stress,10,1,liquidity_priority,0.0025,SOLUSDT,60,0,0.0,0.6620970239815909,1.1034950399693182,0.08911666404839996,0.5333333333333333,0.1655233201263817,0.03183421378556428,-0.10323300241992239,-0.41295223522708047,0.9971008470430438,3,0.5,1,1.0,0.125,0.25,0.25,2021-05,-0.057802188901134866,2021-04,0.32810063018346053,SOLUSDT,1.0,1.0,low
next_close_clusterstress_ccap10_scap2_symbol_order_alloc0.0025,next_close,cluster_stress,10,2,symbol_order,0.0025,XRPUSDT,86,0,0.0,1.049552850931942,1.220410291781328,0.557468618596565,0.5813953488372093,0.2626263329626566,0.04390839725347817,-0.09078617688823565,-0.3632715536405194,1.8250764111752023,4,0.6395348837209303,2,2.0,0.15988372093023256,0.5,0.5,2021-05,-0.06897879425390441,2022-05,0.23353213004961446,XRPUSDT,1.0,1.0,low
next_close_clusterstress_ccap10_scap2_symbol_order_alloc0.0025,next_close,cluster_stress,10,2,symbol_order,0.0025,LTCUSDT,60,0,0.0,-0.0619855977956066,-0.10330932965934433,0.5893213980188949,0.55,-0.015534945676254353,-0.0026014181283118276,-0.07705581821148,-0.30829163932091846,-0.17238921071369065,4,0.5166666666666667,2,1.0,0.12916666666666668,0.5,0.25,2020-03,-0.057828339979548726,2021-04,,LTCUSDT,,0.0,low
next_close_clusterstress_ccap10_scap2_symbol_order_alloc0.0025,next_close,cluster_stress,10,2,symbol_order,0.0025,ADAUSDT,88,0,0.0,0.7402503271698065,0.841193553602053,0.7455304412328851,0.5454545454545454,0.18508649525355025,0.03132131187195686,-0.0942116209871835,-0.37694043059486,1.0796551381041322,4,0.6477272727272727,2,2.0,0.16193181818181818,0.5,0.5,2025-02,-0.0942116209871835,2025-10,0.5156938708577364,ADAUSDT,0.9999999999999999,1.0,low
next_close_clusterstress_ccap10_scap2_symbol_order_alloc0.0025,next_close,cluster_stress,10,2,symbol_order,0.0025,BTCUSDT,34,0,0.0,0.2117686317179356,0.6228489168174577,0.416692681430305,0.5882352941176471,0.05290206897792249,0.008957883994065163,-0.05777310890398013,-0.23111533123292194,0.5033852764374408,3,0.6470588235294118,2,2.0,0.16176470588235295,0.5,0.5,2021-01,-0.03015651886816295,2020-03,0.4488605783159773,BTCUSDT,0.9999999999999999,1.0,low
next_close_clusterstress_ccap10_scap2_symbol_order_alloc0.0025,next_close,cluster_stress,10,2,symbol_order,0.0025,ETHUSDT,73,0,0.0,0.3593979399596987,0.49232594515027217,0.30160994713684,0.5616438356164384,0.0897984605602975,0.015203205166014477,-0.0853033216959842,-0.34129464869183435,0.6622083918834176,4,0.7191780821917808,2,2.0,0.1797945205479452,0.5,0.5,2021-04,-0.013572138400308464,2025-10,0.25100271584601186,ETHUSDT,0.9999999999999997,1.0,low
next_close_clusterstress_ccap10_scap2_symbol_order_alloc0.0025,next_close,cluster_stress,10,2,symbol_order,0.0025,BNBUSDT,70,0,0.0,1.244371518481027,1.7776735978300384,1.371580239906585,0.6142857142857143,0.311434254197529,0.052678514988535596,-0.10545363232687954,-0.4219209003073221,1.8749583847888345,5,0.7857142857142857,2,2.0,0.19642857142857145,0.5,0.5,2021-05,-0.032976046437582784,2021-02,0.3097609394926713,BNBUSDT,1.0000000000000002,1.0,low
next_close_clusterstress_ccap10_scap2_symbol_order_alloc0.0025,next_close,cluster_stress,10,2,symbol_order,0.0025,LINKUSDT,90,0,0.0,0.1829198361696699,0.20324426241074434,-0.27842274414659907,0.45555555555555555,0.04562754844308348,0.007726325976142867,-0.1310300863814784,-0.5243517440493162,0.302905564904553,8,0.6444444444444445,2,2.0,0.16111111111111112,0.5,0.5,2020-03,-0.1270552680880499,2021-04,1.6362137317825918,LINKUSDT,1.0,1.0,low
next_close_clusterstress_ccap10_scap2_symbol_order_alloc0.0025,next_close,cluster_stress,10,2,symbol_order,0.0025,AVAXUSDT,95,0,0.0,1.0569027659512844,1.1125292273171414,1.2711998590879399,0.6105263157894737,0.2643698084462409,0.05082429647740305,-0.24383479794823915,-0.9762621862247772,1.3107537701002194,4,0.7,2,2.0,0.175,0.5,0.5,2021-05,-0.1410493848593819,2022-05,0.6273324094427679,AVAXUSDT,0.9999999999999996,1.0,low
next_close_clusterstress_ccap10_scap2_symbol_order_alloc0.0025,next_close,cluster_stress,10,2,symbol_order,0.0025,SOLUSDT,80,0,0.0,1.250053531390796,1.562566914238495,0.355990254570745,0.55,0.31278734916477813,0.06012102491614879,-0.1272378837754995,-0.5090968385435751,1.5222383928339167,4,0.8,2,2.0,0.2,0.5,0.5,2021-05,-0.045610813547769524,2024-08,0.3012617737024006,SOLUSDT,1.0,1.0,low
next_close_clusterstress_ccap10_scap2_largest_drop_alloc0.0025,next_close,cluster_stress,10,2,largest_drop,0.0025,XRPUSDT,87,0,0.0,1.5828515298120214,1.819369574496576,0.9796712630063,0.5977011494252874,0.39635659080852204,0.06622992314091469,-0.052412436547821795,-0.20965940447074272,2.4330838808085136,4,0.6724137931034483,2,2.0,0.16810344827586207,0.5,0.5,2021-05,-0.013480466222060006,2022-05,0.15473865798163933,XRPUSDT,1.0,1.0,low
next_close_clusterstress_ccap10_scap2_largest_drop_alloc0.0025,next_close,cluster_stress,10,2,largest_drop,0.0025,LTCUSDT,71,0,0.0,0.11138557245537746,0.15688108796532038,0.55229139189577,0.5352112676056338,0.0277707651726411,0.004649539935730473,-0.09566516471178899,-0.38276850169942495,0.21937206443092458,7,0.6267605633802817,2,2.0,0.15669014084507044,0.5,0.5,2021-05,-0.06339677084231665,2021-12,1.0338905522530768,LTCUSDT,1.0000000000000009,1.0,low
next_close_clusterstress_ccap10_scap2_largest_drop_alloc0.0025,next_close,cluster_stress,10,2,largest_drop,0.0025,ADAUSDT,90,0,0.0,1.227526914874627,1.3639187943051412,0.967823232465825,0.5555555555555556,0.30717273163618497,0.05195508954780603,-0.0942116209871835,-0.37694043059485993,1.633027082331225,4,0.6777777777777778,2,2.0,0.16944444444444445,0.5,0.5,2025-02,-0.0942116209871835,2025-10,0.3107306129433516,ADAUSDT,1.0000000000000002,1.0,low
next_close_clusterstress_ccap10_scap2_largest_drop_alloc0.0025,next_close,cluster_stress,10,2,largest_drop,0.0025,BNBUSDT,63,0,0.0,0.8685553963895498,1.3786593593484917,1.1983043556145399,0.6031746031746031,0.21727028028113438,0.03676520167739117,-0.10545363232687954,-0.4219209003073221,1.5192764828997618,5,0.7063492063492064,2,2.0,0.1765873015873016,0.5,0.5,2020-03,-0.030768272449843703,2021-02,0.4440099540793133,BNBUSDT,0.9999999999999999,1.0,low
next_close_clusterstress_ccap10_scap2_largest_drop_alloc0.0025,next_close,cluster_stress,10,2,largest_drop,0.0025,ETHUSDT,65,0,0.0,-0.33039026246801034,-0.5082927114892467,0.12851605655280995,0.5076923076923077,-0.08260755116575869,-0.013995775648223407,-0.16047271671162378,-0.6422772981897455,-0.877749173368407,5,0.6538461538461539,2,2.0,0.16346153846153846,0.5,0.5,2020-03,-0.07792686100738244,2022-06,,ETHUSDT,,0.0,low
next_close_clusterstress_ccap10_scap2_largest_drop_alloc0.0025,next_close,cluster_stress,10,2,largest_drop,0.0025,LINKUSDT,102,0,0.0,1.119836033488427,1.0978784642043402,-0.0712586818705,0.4803921568627451,0.2801744251242022,0.04739711245524969,-0.14882845028554303,-0.595638606903507,1.4997650204246025,8,0.7450980392156863,2,2.0,0.18627450980392157,0.5,0.5,2020-03,-0.1448543403729241,2021-04,0.33289220944340536,LINKUSDT,0.9999999999999998,1.0,low
next_close_clusterstress_ccap10_scap2_largest_drop_alloc0.0025,next_close,cluster_stress,10,2,largest_drop,0.0025,BTCUSDT,24,0,0.0,-0.11168613580921971,-0.4653588992050821,0.29581616875476996,0.5833333333333334,-0.02793421685016728,-0.004731676734970325,-0.08056332391372933,-0.3223313567957468,-0.4769807818277777,3,0.5416666666666666,2,1.0,0.13541666666666666,0.5,0.25,2020-03,-0.05728962728079878,2021-05,,BTCUSDT,,0.0,low
next_close_clusterstress_ccap10_scap2_largest_drop_alloc0.0025,next_close,cluster_stress,10,2,largest_drop,0.0025,AVAXUSDT,101,0,0.0,1.65809366621911,1.6416768972466436,1.61783999440051,0.6336633663366337,0.41515240393692476,0.07976335014823199,-0.25331999905735536,-1.01429106810884,1.958007325562014,5,0.7574257425742574,2,2.0,0.18935643564356439,0.5,0.5,2021-05,-0.15054435920225373,2022-05,0.4966731657239467,AVAXUSDT,0.9999999999999999,1.0,low
next_close_clusterstress_ccap10_scap2_largest_drop_alloc0.0025,next_close,cluster_stress,10,2,largest_drop,0.0025,SOLUSDT,73,0,0.0,0.8420651768409484,1.1535139408780115,0.00424406756008998,0.5068493150684932,0.21053659008973824,0.040484027315312865,-0.1824976597715633,-0.7305098448331958,1.0506252701273802,5,0.7328767123287672,2,2.0,0.1832191780821918,0.5,0.5,2021-05,-0.1009157539462402,2024-08,0.44757479714518306,SOLUSDT,0.9999999999999999,1.0,low
next_close_clusterstress_ccap10_scap2_liquidity_priority_alloc0.0025,next_close,cluster_stress,10,2,liquidity_priority,0.0025,XRPUSDT,86,0,0.0,1.049552850931942,1.220410291781328,0.557468618596565,0.5813953488372093,0.2626263329626566,0.04390839725347817,-0.09078617688823565,-0.3632715536405194,1.8250764111752023,4,0.6395348837209303,2,2.0,0.15988372093023256,0.5,0.5,2021-05,-0.06897879425390441,2022-05,0.23353213004961446,XRPUSDT,1.0,1.0,low
next_close_clusterstress_ccap10_scap2_liquidity_priority_alloc0.0025,next_close,cluster_stress,10,2,liquidity_priority,0.0025,LTCUSDT,60,0,0.0,-0.0619855977956066,-0.10330932965934433,0.5893213980188949,0.55,-0.015534945676254353,-0.0026014181283118276,-0.07705581821148,-0.30829163932091846,-0.17238921071369065,4,0.5166666666666667,2,1.0,0.12916666666666668,0.5,0.25,2020-03,-0.057828339979548726,2021-04,,LTCUSDT,,0.0,low
next_close_clusterstress_ccap10_scap2_liquidity_priority_alloc0.0025,next_close,cluster_stress,10,2,liquidity_priority,0.0025,ADAUSDT,88,0,0.0,0.7402503271698065,0.841193553602053,0.7455304412328851,0.5454545454545454,0.18508649525355025,0.03132131187195686,-0.0942116209871835,-0.37694043059486,1.0796551381041322,4,0.6477272727272727,2,2.0,0.16193181818181818,0.5,0.5,2025-02,-0.0942116209871835,2025-10,0.5156938708577364,ADAUSDT,0.9999999999999999,1.0,low
next_close_clusterstress_ccap10_scap2_liquidity_priority_alloc0.0025,next_close,cluster_stress,10,2,liquidity_priority,0.0025,BTCUSDT,34,0,0.0,0.2117686317179356,0.6228489168174577,0.416692681430305,0.5882352941176471,0.05290206897792249,0.008957883994065163,-0.05777310890398013,-0.23111533123292194,0.5033852764374408,3,0.6470588235294118,2,2.0,0.16176470588235295,0.5,0.5,2021-01,-0.03015651886816295,2020-03,0.4488605783159773,BTCUSDT,0.9999999999999999,1.0,low
next_close_clusterstress_ccap10_scap2_liquidity_priority_alloc0.0025,next_close,cluster_stress,10,2,liquidity_priority,0.0025,ETHUSDT,73,0,0.0,0.3593979399596987,0.49232594515027217,0.30160994713684,0.5616438356164384,0.0897984605602975,0.015203205166014477,-0.0853033216959842,-0.34129464869183435,0.6622083918834176,4,0.7191780821917808,2,2.0,0.1797945205479452,0.5,0.5,2021-04,-0.013572138400308464,2025-10,0.25100271584601186,ETHUSDT,0.9999999999999997,1.0,low
next_close_clusterstress_ccap10_scap2_liquidity_priority_alloc0.0025,next_close,cluster_stress,10,2,liquidity_priority,0.0025,BNBUSDT,70,0,0.0,1.244371518481027,1.7776735978300384,1.371580239906585,0.6142857142857143,0.311434254197529,0.052678514988535596,-0.10545363232687954,-0.4219209003073221,1.8749583847888345,5,0.7857142857142857,2,2.0,0.19642857142857145,0.5,0.5,2021-05,-0.032976046437582784,2021-02,0.3097609394926713,BNBUSDT,1.0000000000000002,1.0,low
next_close_clusterstress_ccap10_scap2_liquidity_priority_alloc0.0025,next_close,cluster_stress,10,2,liquidity_priority,0.0025,LINKUSDT,90,0,0.0,0.1829198361696699,0.20324426241074434,-0.27842274414659907,0.45555555555555555,0.04562754844308348,0.007726325976142867,-0.1310300863814784,-0.5243517440493162,0.302905564904553,8,0.6444444444444445,2,2.0,0.16111111111111112,0.5,0.5,2020-03,-0.1270552680880499,2021-04,1.6362137317825918,LINKUSDT,1.0,1.0,low
next_close_clusterstress_ccap10_scap2_liquidity_priority_alloc0.0025,next_close,cluster_stress,10,2,liquidity_priority,0.0025,AVAXUSDT,95,0,0.0,1.0569027659512844,1.1125292273171414,1.2711998590879399,0.6105263157894737,0.2643698084462409,0.05082429647740305,-0.24383479794823915,-0.9762621862247772,1.3107537701002194,4,0.7,2,2.0,0.175,0.5,0.5,2021-05,-0.1410493848593819,2022-05,0.6273324094427679,AVAXUSDT,0.9999999999999996,1.0,low
next_close_clusterstress_ccap10_scap2_liquidity_priority_alloc0.0025,next_close,cluster_stress,10,2,liquidity_priority,0.0025,SOLUSDT,80,0,0.0,1.250053531390796,1.562566914238495,0.355990254570745,0.55,0.31278734916477813,0.06012102491614879,-0.1272378837754995,-0.5090968385435751,1.5222383928339167,4,0.8,2,2.0,0.2,0.5,0.5,2021-05,-0.045610813547769524,2024-08,0.3012617737024006,SOLUSDT,1.0,1.0,low
next_close_clusterstress_ccap10_scapunlimited_symbol_order_alloc0.0025,next_close,cluster_stress,10,unlimited,symbol_order,0.0025,XRPUSDT,87,0,0.0,1.1089763758661866,1.2746854895013637,0.5974358241877,0.5862068965517241,0.27752122965223336,0.046395798569665025,-0.09078617688824675,-0.3632715536405194,1.9220694919902417,4,0.6609195402298851,3,2.0,0.16522988505747127,0.75,0.5,2021-05,-0.06897879425390441,2022-05,0.22099818100670807,XRPUSDT,1.0,1.0,low
next_close_clusterstress_ccap10_scapunlimited_symbol_order_alloc0.0025,next_close,cluster_stress,10,unlimited,symbol_order,0.0025,LTCUSDT,57,0,0.0,-0.018709965714198584,-0.032824501252979976,0.6263514041420198,0.5614035087719298,-0.0047156354561872504,-0.0007896253572114986,-0.06356637072091331,-0.2542995285333073,-0.05300784843026303,4,0.5175438596491229,2,1.0,0.12938596491228072,0.5,0.25,2020-03,-0.057828339979548726,2021-04,,LTCUSDT,,0.0,low
next_close_clusterstress_ccap10_scapunlimited_symbol_order_alloc0.0025,next_close,cluster_stress,10,unlimited,symbol_order,0.0025,ADAUSDT,87,0,0.0,0.7459748765221316,0.8574423868070478,0.9347556116880901,0.5517241379310345,0.18652030195325242,0.03156376051631771,-0.0942116209871946,-0.37694043059486,1.0881691850497768,4,0.6379310344827587,2,2.0,0.15948275862068967,0.5,0.5,2025-02,-0.0942116209871835,2025-10,0.5117296625689439,ADAUSDT,1.0,1.0,low
next_close_clusterstress_ccap10_scapunlimited_symbol_order_alloc0.0025,next_close,cluster_stress,10,unlimited,symbol_order,0.0025,BTCUSDT,34,0,0.0,0.2117686317179356,0.6228489168174577,0.416692681430305,0.5882352941176471,0.05290206897792249,0.008957883994065163,-0.05777310890398013,-0.23111533123292194,0.5033852764374408,3,0.6470588235294118,2,2.0,0.16176470588235295,0.5,0.5,2021-01,-0.03015651886816295,2020-03,0.4488605783159773,BTCUSDT,0.9999999999999999,1.0,low
next_close_clusterstress_ccap10_scapunlimited_symbol_order_alloc0.0025,next_close,cluster_stress,10,unlimited,symbol_order,0.0025,ETHUSDT,76,0,0.0,0.38218787513104935,0.5028787830671703,0.2842452821882,0.5526315789473685,0.09549619692434952,0.0161674703034409,-0.0853033216959842,-0.34129464869183435,0.685855150508222,4,0.7894736842105263,3,2.0,0.19736842105263158,0.75,0.5,2021-01,-0.02416130196478683,2025-10,0.23602675504744125,ETHUSDT,1.0000000000000002,1.0,low
next_close_clusterstress_ccap10_scapunlimited_symbol_order_alloc0.0025,next_close,cluster_stress,10,unlimited,symbol_order,0.0025,BNBUSDT,71,0,0.0,1.2914167465253443,1.8188968260920344,1.4386006363912802,0.6197183098591549,0.3232321899474533,0.05467144142901059,-0.10545363232687954,-0.4219209003073221,1.944152428750582,5,0.8098591549295775,3,2.0,0.20246478873239435,0.75,0.5,2021-05,-0.032976046437582784,2021-02,0.3348763634946486,BNBUSDT,1.0000000000000002,1.0,low
next_close_clusterstress_ccap10_scapunlimited_symbol_order_alloc0.0025,next_close,cluster_stress,10,unlimited,symbol_order,0.0025,LINKUSDT,89,0,0.0,0.15334134751342732,0.17229364889149137,-0.36571649433305814,0.449438202247191,0.03823017174993115,0.006473892440084228,-0.1310300863814784,-0.5243517440493162,0.2542615722299152,8,0.6460674157303371,3,2.0,0.16151685393258428,0.75,0.5,2020-03,-0.1270552680880499,2022-05,1.8212559257796526,LINKUSDT,0.9999999999999997,1.0,low
next_close_clusterstress_ccap10_scapunlimited_symbol_order_alloc0.0025,next_close,cluster_stress,10,unlimited,symbol_order,0.0025,AVAXUSDT,96,0,0.0,1.113387024015975,1.1597781500166404,1.2718977414844799,0.6145833333333334,0.27852820479372653,0.05354315097827467,-0.24383479794818363,-0.9762621862247772,1.3787012065846742,4,0.71875,3,2.0,0.1796875,0.75,0.5,2021-05,-0.1410493848593819,2022-05,0.5954432838833233,AVAXUSDT,0.9999999999999996,1.0,low
next_close_clusterstress_ccap10_scapunlimited_symbol_order_alloc0.0025,next_close,cluster_stress,10,unlimited,symbol_order,0.0025,SOLUSDT,81,0,0.0,1.2169662830069017,1.5024275098850637,0.27402105279571004,0.5432098765432098,0.304489396407015,0.05852802705381688,-0.1421241703529863,-0.5687267333468193,1.4785177282614625,4,0.8333333333333334,3,2.0,0.20833333333333334,0.75,0.5,2021-05,-0.060509266845554244,2024-08,0.30947176720431174,SOLUSDT,0.9999999999999998,1.0,low
next_close_clusterstress_ccap10_scapunlimited_largest_drop_alloc0.0025,next_close,cluster_stress,10,unlimited,largest_drop,0.0025,XRPUSDT,87,0,0.0,1.5828515298120214,1.819369574496576,0.9796712630063,0.5977011494252874,0.39635659080852204,0.06622992314091469,-0.052412436547821795,-0.20965940447074272,2.4330838808085136,4,0.6724137931034483,2,2.0,0.16810344827586207,0.5,0.5,2021-05,-0.013480466222060006,2022-05,0.15473865798163933,XRPUSDT,1.0,1.0,low
next_close_clusterstress_ccap10_scapunlimited_largest_drop_alloc0.0025,next_close,cluster_stress,10,unlimited,largest_drop,0.0025,LTCUSDT,70,0,0.0,0.15235650734264122,0.2176521533466303,0.67911914596215,0.5571428571428572,0.03801697656553582,0.006364747693776707,-0.09566516471178899,-0.3827685016994249,0.3003307953320068,7,0.6285714285714286,3,2.0,0.15714285714285714,0.75,0.5,2021-05,-0.06339677084231665,2021-12,0.7552397464153195,LTCUSDT,1.0000000000000004,1.0,low
next_close_clusterstress_ccap10_scapunlimited_largest_drop_alloc0.0025,next_close,cluster_stress,10,unlimited,largest_drop,0.0025,ADAUSDT,90,0,0.0,1.2927330100378482,1.4363700111531648,1.0321181664315,0.5666666666666667,0.3235245632800421,0.054717125983416715,-0.08935982334834502,-0.35751588229743647,1.7171947519649717,4,0.6777777777777778,2,2.0,0.16944444444444445,0.5,0.5,2025-02,-0.07935524416660122,2025-10,0.2950254231490172,ADAUSDT,1.0,1.0,low
next_close_clusterstress_ccap10_scapunlimited_largest_drop_alloc0.0025,next_close,cluster_stress,10,unlimited,largest_drop,0.0025,BNBUSDT,62,0,0.0,0.8927993964650464,1.4399990265565263,1.2514320995182149,0.6129032258064516,0.22334519206996806,0.03779221077089279,-0.10545363232687954,-0.4219209003073221,1.5679940983869858,4,0.7419354838709677,3,2.0,0.18548387096774194,0.75,0.5,2020-03,-0.030768272449843703,2021-02,0.48464361077495277,BNBUSDT,1.0,1.0,low
next_close_clusterstress_ccap10_scapunlimited_largest_drop_alloc0.0025,next_close,cluster_stress,10,unlimited,largest_drop,0.0025,ETHUSDT,67,0,0.0,-0.4356793849163272,-0.6502677386810853,-0.05787851021587,0.4925373134328358,-0.10890664907129421,-0.01845351455989075,-0.18675131985080862,-0.7475664206380623,-1.1362578232590161,5,0.7238805970149254,4,2.0,0.18097014925373134,1.0,0.5,2020-03,-0.07792686100738244,2022-06,,ETHUSDT,,0.0,low
next_close_clusterstress_ccap10_scapunlimited_largest_drop_alloc0.0025,next_close,cluster_stress,10,unlimited,largest_drop,0.0025,LINKUSDT,103,0,0.0,1.1523722349144085,1.1188079950625325,-0.07025675520187999,0.4854368932038835,0.28833126500953377,0.04877535659844057,-0.14882845028554303,-0.595638606903507,1.5427711038345988,8,0.7621359223300971,3,2.0,0.19053398058252427,0.75,0.5,2020-03,-0.1448543403729241,2021-04,0.32347474841497914,LINKUSDT,0.9999999999999998,1.0,low
next_close_clusterstress_ccap10_scapunlimited_largest_drop_alloc0.0025,next_close,cluster_stress,10,unlimited,largest_drop,0.0025,BTCUSDT,22,0,0.0,-0.1237404724493559,-0.5624566929516178,0.29581616875476996,0.5909090909090909,-0.030946866713421617,-0.005242044286546399,-0.08056332391372933,-0.3223313567957468,-0.5290647588993316,3,0.5454545454545454,2,1.0,0.13636363636363635,0.5,0.25,2020-03,-0.05728962728079878,2021-05,,BTCUSDT,,0.0,low
next_close_clusterstress_ccap10_scapunlimited_largest_drop_alloc0.0025,next_close,cluster_stress,10,unlimited,largest_drop,0.0025,AVAXUSDT,102,0,0.0,1.7641769202838804,1.7295852159645888,1.619754485383445,0.6372549019607843,0.4417833192478904,0.08487086019948187,-0.25331999905736646,-1.01429106810884,2.071797958475873,5,0.7745098039215687,3,2.0,0.19362745098039216,0.75,0.5,2021-05,-0.15054435920225373,2022-05,0.46673346352753614,AVAXUSDT,1.0000000000000002,1.0,low
next_close_clusterstress_ccap10_scapunlimited_largest_drop_alloc0.0025,next_close,cluster_stress,10,unlimited,largest_drop,0.0025,SOLUSDT,75,0,0.0,0.8686078232602978,1.1581437643470638,0.00424406756008998,0.5066666666666667,0.2171847192286469,0.04176127526374085,-0.1824976597715411,-0.7305098448331958,1.079557604657662,5,0.78,3,2.0,0.195,0.75,0.5,2021-05,-0.1009157539462402,2024-08,0.4338743164607687,SOLUSDT,1.0000000000000002,1.0,low
next_close_clusterstress_ccap10_scapunlimited_liquidity_priority_alloc0.0025,next_close,cluster_stress,10,unlimited,liquidity_priority,0.0025,XRPUSDT,87,0,0.0,1.1089763758661866,1.2746854895013637,0.5974358241877,0.5862068965517241,0.27752122965223336,0.046395798569665025,-0.09078617688824675,-0.3632715536405194,1.9220694919902417,4,0.6609195402298851,3,2.0,0.16522988505747127,0.75,0.5,2021-05,-0.06897879425390441,2022-05,0.22099818100670807,XRPUSDT,1.0,1.0,low
next_close_clusterstress_ccap10_scapunlimited_liquidity_priority_alloc0.0025,next_close,cluster_stress,10,unlimited,liquidity_priority,0.0025,LTCUSDT,57,0,0.0,-0.018709965714198584,-0.032824501252979976,0.6263514041420198,0.5614035087719298,-0.0047156354561872504,-0.0007896253572114986,-0.06356637072091331,-0.2542995285333073,-0.05300784843026303,4,0.5175438596491229,2,1.0,0.12938596491228072,0.5,0.25,2020-03,-0.057828339979548726,2021-04,,LTCUSDT,,0.0,low
next_close_clusterstress_ccap10_scapunlimited_liquidity_priority_alloc0.0025,next_close,cluster_stress,10,unlimited,liquidity_priority,0.0025,ADAUSDT,87,0,0.0,0.7459748765221316,0.8574423868070478,0.9347556116880901,0.5517241379310345,0.18652030195325242,0.03156376051631771,-0.0942116209871946,-0.37694043059486,1.0881691850497768,4,0.6379310344827587,2,2.0,0.15948275862068967,0.5,0.5,2025-02,-0.0942116209871835,2025-10,0.5117296625689439,ADAUSDT,1.0,1.0,low
next_close_clusterstress_ccap10_scapunlimited_liquidity_priority_alloc0.0025,next_close,cluster_stress,10,unlimited,liquidity_priority,0.0025,BTCUSDT,34,0,0.0,0.2117686317179356,0.6228489168174577,0.416692681430305,0.5882352941176471,0.05290206897792249,0.008957883994065163,-0.05777310890398013,-0.23111533123292194,0.5033852764374408,3,0.6470588235294118,2,2.0,0.16176470588235295,0.5,0.5,2021-01,-0.03015651886816295,2020-03,0.4488605783159773,BTCUSDT,0.9999999999999999,1.0,low
next_close_clusterstress_ccap10_scapunlimited_liquidity_priority_alloc0.0025,next_close,cluster_stress,10,unlimited,liquidity_priority,0.0025,ETHUSDT,76,0,0.0,0.38218787513104935,0.5028787830671703,0.2842452821882,0.5526315789473685,0.09549619692434952,0.0161674703034409,-0.0853033216959842,-0.34129464869183435,0.685855150508222,4,0.7894736842105263,3,2.0,0.19736842105263158,0.75,0.5,2021-01,-0.02416130196478683,2025-10,0.23602675504744125,ETHUSDT,1.0000000000000002,1.0,low
next_close_clusterstress_ccap10_scapunlimited_liquidity_priority_alloc0.0025,next_close,cluster_stress,10,unlimited,liquidity_priority,0.0025,BNBUSDT,71,0,0.0,1.2914167465253443,1.8188968260920344,1.4386006363912802,0.6197183098591549,0.3232321899474533,0.05467144142901059,-0.10545363232687954,-0.4219209003073221,1.944152428750582,5,0.8098591549295775,3,2.0,0.20246478873239435,0.75,0.5,2021-05,-0.032976046437582784,2021-02,0.3348763634946486,BNBUSDT,1.0000000000000002,1.0,low
next_close_clusterstress_ccap10_scapunlimited_liquidity_priority_alloc0.0025,next_close,cluster_stress,10,unlimited,liquidity_priority,0.0025,LINKUSDT,89,0,0.0,0.15334134751342732,0.17229364889149137,-0.36571649433305814,0.449438202247191,0.03823017174993115,0.006473892440084228,-0.1310300863814784,-0.5243517440493162,0.2542615722299152,8,0.6460674157303371,3,2.0,0.16151685393258428,0.75,0.5,2020-03,-0.1270552680880499,2022-05,1.8212559257796526,LINKUSDT,0.9999999999999997,1.0,low
next_close_clusterstress_ccap10_scapunlimited_liquidity_priority_alloc0.0025,next_close,cluster_stress,10,unlimited,liquidity_priority,0.0025,AVAXUSDT,96,0,0.0,1.113387024015975,1.1597781500166404,1.2718977414844799,0.6145833333333334,0.27852820479372653,0.05354315097827467,-0.24383479794818363,-0.9762621862247772,1.3787012065846742,4,0.71875,3,2.0,0.1796875,0.75,0.5,2021-05,-0.1410493848593819,2022-05,0.5954432838833233,AVAXUSDT,0.9999999999999996,1.0,low
next_close_clusterstress_ccap10_scapunlimited_liquidity_priority_alloc0.0025,next_close,cluster_stress,10,unlimited,liquidity_priority,0.0025,SOLUSDT,81,0,0.0,1.2169662830069017,1.5024275098850637,0.27402105279571004,0.5432098765432098,0.304489396407015,0.05852802705381688,-0.1421241703529863,-0.5687267333468193,1.4785177282614625,4,0.8333333333333334,3,2.0,0.20833333333333334,0.75,0.5,2021-05,-0.060509266845554244,2024-08,0.30947176720431174,SOLUSDT,0.9999999999999998,1.0,low
next_close_clusterstress_ccapunlimited_scap1_symbol_order_alloc0.0025,next_close,cluster_stress,unlimited,1,symbol_order,0.0025,XRPUSDT,76,0,0.0,0.5636213712268914,0.7416070674038044,0.46389564249318505,0.5789473684210527,0.1409204467151426,0.023572357389567422,-0.10051869858963558,-0.4022370156996665,1.0877891682725502,5,0.5,1,1.0,0.125,0.25,0.25,2021-05,-0.0662792839964288,2022-05,0.3692820030131293,XRPUSDT,1.0000000000000002,1.0,low
next_close_clusterstress_ccapunlimited_scap1_symbol_order_alloc0.0025,next_close,cluster_stress,unlimited,1,symbol_order,0.0025,LTCUSDT,66,0,0.0,-0.4687135505650492,-0.7101720463106806,0.038172636483805006,0.5,-0.11716547483505702,-0.019628355422318666,-0.17116383561203152,-0.6850707593495152,-1.1114810039119059,9,0.5,1,1.0,0.125,0.25,0.25,2021-05,-0.11145843484854367,2021-04,,LTCUSDT,,0.0,low
next_close_clusterstress_ccapunlimited_scap1_symbol_order_alloc0.0025,next_close,cluster_stress,unlimited,1,symbol_order,0.0025,ADAUSDT,77,0,0.0,0.35395727376084335,0.4596847711179784,1.00089085324356,0.5714285714285714,0.08844283440587741,0.014972764403808903,-0.09176805744561811,-0.36715083600182585,0.6740460408075429,4,0.5,1,1.0,0.125,0.25,0.25,2020-03,-0.07740552428233682,2021-02,0.9544535761448995,ADAUSDT,1.0,1.0,low
next_close_clusterstress_ccapunlimited_scap1_symbol_order_alloc0.0025,next_close,cluster_stress,unlimited,1,symbol_order,0.0025,BTCUSDT,31,0,0.0,-0.0074875542131121395,-0.024153400687458512,0.7972743260750301,0.6451612903225806,-0.0018923261493997146,-0.0003204996646966052,-0.0782853572444342,-0.31320468818002106,-0.02879258456731862,2,0.5,1,1.0,0.125,0.25,0.25,2020-03,-0.04459870995241477,2026-02,,BTCUSDT,,0.0,low
next_close_clusterstress_ccapunlimited_scap1_symbol_order_alloc0.0025,next_close,cluster_stress,unlimited,1,symbol_order,0.0025,ETHUSDT,59,0,0.0,0.30652153504604923,0.5195280255017783,0.18273202654946,0.5423728813559322,0.0765849578018063,0.01296682230564894,-0.08433553197597643,-0.3374425749051606,0.6234358371567692,4,0.5,1,1.0,0.125,0.25,0.25,2021-04,-0.025251607782061924,2020-03,0.5605125769029569,ETHUSDT,1.0,1.0,low
next_close_clusterstress_ccapunlimited_scap1_symbol_order_alloc0.0025,next_close,cluster_stress,unlimited,1,symbol_order,0.0025,BNBUSDT,58,0,0.0,0.829439534770765,1.4300681633978707,0.7270522774909199,0.5517241379310345,0.20747467504054207,0.03510907271662145,-0.09064438329597913,-0.36269232531927453,1.4800434150315738,6,0.5,1,1.0,0.125,0.25,0.25,2021-05,-0.07074803161251086,2020-03,0.4552053923274803,BNBUSDT,0.9999999999999999,1.0,low
next_close_clusterstress_ccapunlimited_scap1_symbol_order_alloc0.0025,next_close,cluster_stress,unlimited,1,symbol_order,0.0025,LINKUSDT,82,0,0.0,0.17787539501236282,0.21692121342971074,-0.27842274414659907,0.45121951219512196,0.04438544938414335,0.0075160342970725935,-0.0891144016137102,-0.35654616395911565,0.3238543681599324,7,0.5,1,1.0,0.125,0.25,0.25,2020-03,-0.09978685019076394,2021-04,1.4457186980641803,LINKUSDT,1.0,1.0,low
next_close_clusterstress_ccapunlimited_scap1_symbol_order_alloc0.0025,next_close,cluster_stress,unlimited,1,symbol_order,0.0025,AVAXUSDT,79,0,0.0,0.7851146629055183,0.9938160289943271,0.9122964645917898,0.5949367088607594,0.19630198924358577,0.03774881836717814,-0.18301206324220498,-0.7324919515596676,1.0682924665278724,5,0.5,1,1.0,0.125,0.25,0.25,2021-05,-0.13677919412489192,2022-05,0.48568961207200984,AVAXUSDT,1.0000000000000002,1.0,low
next_close_clusterstress_ccapunlimited_scap1_symbol_order_alloc0.0025,next_close,cluster_stress,unlimited,1,symbol_order,0.0025,SOLUSDT,60,0,0.0,0.6620970239815909,1.1034950399693182,0.08911666404839996,0.5333333333333333,0.1655233201263817,0.03183421378556428,-0.10323300241992239,-0.41295223522708047,0.9971008470430438,3,0.5,1,1.0,0.125,0.25,0.25,2021-05,-0.057802188901134866,2021-04,0.32810063018346053,SOLUSDT,1.0,1.0,low
next_close_clusterstress_ccapunlimited_scap1_largest_drop_alloc0.0025,next_close,cluster_stress,unlimited,1,largest_drop,0.0025,XRPUSDT,76,0,0.0,0.5636213712268914,0.7416070674038044,0.46389564249318505,0.5789473684210527,0.1409204467151426,0.023572357389567422,-0.10051869858963558,-0.4022370156996665,1.0877891682725502,5,0.5,1,1.0,0.125,0.25,0.25,2021-05,-0.0662792839964288,2022-05,0.3692820030131293,XRPUSDT,1.0000000000000002,1.0,low
next_close_clusterstress_ccapunlimited_scap1_largest_drop_alloc0.0025,next_close,cluster_stress,unlimited,1,largest_drop,0.0025,LTCUSDT,66,0,0.0,-0.4687135505650492,-0.7101720463106806,0.038172636483805006,0.5,-0.11716547483505702,-0.019628355422318666,-0.17116383561203152,-0.6850707593495152,-1.1114810039119059,9,0.5,1,1.0,0.125,0.25,0.25,2021-05,-0.11145843484854367,2021-04,,LTCUSDT,,0.0,low
next_close_clusterstress_ccapunlimited_scap1_largest_drop_alloc0.0025,next_close,cluster_stress,unlimited,1,largest_drop,0.0025,ADAUSDT,77,0,0.0,0.35395727376084335,0.4596847711179784,1.00089085324356,0.5714285714285714,0.08844283440587741,0.014972764403808903,-0.09176805744561811,-0.36715083600182585,0.6740460408075429,4,0.5,1,1.0,0.125,0.25,0.25,2020-03,-0.07740552428233682,2021-02,0.9544535761448995,ADAUSDT,1.0,1.0,low
next_close_clusterstress_ccapunlimited_scap1_largest_drop_alloc0.0025,next_close,cluster_stress,unlimited,1,largest_drop,0.0025,BNBUSDT,58,0,0.0,0.829439534770765,1.4300681633978707,0.7270522774909199,0.5517241379310345,0.20747467504054207,0.03510907271662145,-0.09064438329597913,-0.36269232531927453,1.4800434150315738,6,0.5,1,1.0,0.125,0.25,0.25,2021-05,-0.07074803161251086,2020-03,0.4552053923274803,BNBUSDT,0.9999999999999999,1.0,low
next_close_clusterstress_ccapunlimited_scap1_largest_drop_alloc0.0025,next_close,cluster_stress,unlimited,1,largest_drop,0.0025,ETHUSDT,59,0,0.0,0.30652153504604923,0.5195280255017783,0.18273202654946,0.5423728813559322,0.0765849578018063,0.01296682230564894,-0.08433553197597643,-0.3374425749051606,0.6234358371567692,4,0.5,1,1.0,0.125,0.25,0.25,2021-04,-0.025251607782061924,2020-03,0.5605125769029569,ETHUSDT,1.0,1.0,low
next_close_clusterstress_ccapunlimited_scap1_largest_drop_alloc0.0025,next_close,cluster_stress,unlimited,1,largest_drop,0.0025,LINKUSDT,82,0,0.0,0.17787539501236282,0.21692121342971074,-0.27842274414659907,0.45121951219512196,0.04438544938414335,0.0075160342970725935,-0.0891144016137102,-0.35654616395911565,0.3238543681599324,7,0.5,1,1.0,0.125,0.25,0.25,2020-03,-0.09978685019076394,2021-04,1.4457186980641803,LINKUSDT,1.0,1.0,low
next_close_clusterstress_ccapunlimited_scap1_largest_drop_alloc0.0025,next_close,cluster_stress,unlimited,1,largest_drop,0.0025,BTCUSDT,31,0,0.0,-0.0074875542131121395,-0.024153400687458512,0.7972743260750301,0.6451612903225806,-0.0018923261493997146,-0.0003204996646966052,-0.0782853572444342,-0.31320468818002106,-0.02879258456731862,2,0.5,1,1.0,0.125,0.25,0.25,2020-03,-0.04459870995241477,2026-02,,BTCUSDT,,0.0,low
next_close_clusterstress_ccapunlimited_scap1_largest_drop_alloc0.0025,next_close,cluster_stress,unlimited,1,largest_drop,0.0025,AVAXUSDT,79,0,0.0,0.7851146629055183,0.9938160289943271,0.9122964645917898,0.5949367088607594,0.19630198924358577,0.03774881836717814,-0.18301206324220498,-0.7324919515596676,1.0682924665278724,5,0.5,1,1.0,0.125,0.25,0.25,2021-05,-0.13677919412489192,2022-05,0.48568961207200984,AVAXUSDT,1.0000000000000002,1.0,low
next_close_clusterstress_ccapunlimited_scap1_largest_drop_alloc0.0025,next_close,cluster_stress,unlimited,1,largest_drop,0.0025,SOLUSDT,60,0,0.0,0.6620970239815909,1.1034950399693182,0.08911666404839996,0.5333333333333333,0.1655233201263817,0.03183421378556428,-0.10323300241992239,-0.41295223522708047,0.9971008470430438,3,0.5,1,1.0,0.125,0.25,0.25,2021-05,-0.057802188901134866,2021-04,0.32810063018346053,SOLUSDT,1.0,1.0,low
next_close_clusterstress_ccapunlimited_scap1_liquidity_priority_alloc0.0025,next_close,cluster_stress,unlimited,1,liquidity_priority,0.0025,XRPUSDT,76,0,0.0,0.5636213712268914,0.7416070674038044,0.46389564249318505,0.5789473684210527,0.1409204467151426,0.023572357389567422,-0.10051869858963558,-0.4022370156996665,1.0877891682725502,5,0.5,1,1.0,0.125,0.25,0.25,2021-05,-0.0662792839964288,2022-05,0.3692820030131293,XRPUSDT,1.0000000000000002,1.0,low
next_close_clusterstress_ccapunlimited_scap1_liquidity_priority_alloc0.0025,next_close,cluster_stress,unlimited,1,liquidity_priority,0.0025,LTCUSDT,66,0,0.0,-0.4687135505650492,-0.7101720463106806,0.038172636483805006,0.5,-0.11716547483505702,-0.019628355422318666,-0.17116383561203152,-0.6850707593495152,-1.1114810039119059,9,0.5,1,1.0,0.125,0.25,0.25,2021-05,-0.11145843484854367,2021-04,,LTCUSDT,,0.0,low
next_close_clusterstress_ccapunlimited_scap1_liquidity_priority_alloc0.0025,next_close,cluster_stress,unlimited,1,liquidity_priority,0.0025,ADAUSDT,77,0,0.0,0.35395727376084335,0.4596847711179784,1.00089085324356,0.5714285714285714,0.08844283440587741,0.014972764403808903,-0.09176805744561811,-0.36715083600182585,0.6740460408075429,4,0.5,1,1.0,0.125,0.25,0.25,2020-03,-0.07740552428233682,2021-02,0.9544535761448995,ADAUSDT,1.0,1.0,low
next_close_clusterstress_ccapunlimited_scap1_liquidity_priority_alloc0.0025,next_close,cluster_stress,unlimited,1,liquidity_priority,0.0025,BTCUSDT,31,0,0.0,-0.0074875542131121395,-0.024153400687458512,0.7972743260750301,0.6451612903225806,-0.0018923261493997146,-0.0003204996646966052,-0.0782853572444342,-0.31320468818002106,-0.02879258456731862,2,0.5,1,1.0,0.125,0.25,0.25,2020-03,-0.04459870995241477,2026-02,,BTCUSDT,,0.0,low
next_close_clusterstress_ccapunlimited_scap1_liquidity_priority_alloc0.0025,next_close,cluster_stress,unlimited,1,liquidity_priority,0.0025,ETHUSDT,59,0,0.0,0.30652153504604923,0.5195280255017783,0.18273202654946,0.5423728813559322,0.0765849578018063,0.01296682230564894,-0.08433553197597643,-0.3374425749051606,0.6234358371567692,4,0.5,1,1.0,0.125,0.25,0.25,2021-04,-0.025251607782061924,2020-03,0.5605125769029569,ETHUSDT,1.0,1.0,low
next_close_clusterstress_ccapunlimited_scap1_liquidity_priority_alloc0.0025,next_close,cluster_stress,unlimited,1,liquidity_priority,0.0025,BNBUSDT,58,0,0.0,0.829439534770765,1.4300681633978707,0.7270522774909199,0.5517241379310345,0.20747467504054207,0.03510907271662145,-0.09064438329597913,-0.36269232531927453,1.4800434150315738,6,0.5,1,1.0,0.125,0.25,0.25,2021-05,-0.07074803161251086,2020-03,0.4552053923274803,BNBUSDT,0.9999999999999999,1.0,low
next_close_clusterstress_ccapunlimited_scap1_liquidity_priority_alloc0.0025,next_close,cluster_stress,unlimited,1,liquidity_priority,0.0025,LINKUSDT,82,0,0.0,0.17787539501236282,0.21692121342971074,-0.27842274414659907,0.45121951219512196,0.04438544938414335,0.0075160342970725935,-0.0891144016137102,-0.35654616395911565,0.3238543681599324,7,0.5,1,1.0,0.125,0.25,0.25,2020-03,-0.09978685019076394,2021-04,1.4457186980641803,LINKUSDT,1.0,1.0,low
next_close_clusterstress_ccapunlimited_scap1_liquidity_priority_alloc0.0025,next_close,cluster_stress,unlimited,1,liquidity_priority,0.0025,AVAXUSDT,79,0,0.0,0.7851146629055183,0.9938160289943271,0.9122964645917898,0.5949367088607594,0.19630198924358577,0.03774881836717814,-0.18301206324220498,-0.7324919515596676,1.0682924665278724,5,0.5,1,1.0,0.125,0.25,0.25,2021-05,-0.13677919412489192,2022-05,0.48568961207200984,AVAXUSDT,1.0000000000000002,1.0,low
next_close_clusterstress_ccapunlimited_scap1_liquidity_priority_alloc0.0025,next_close,cluster_stress,unlimited,1,liquidity_priority,0.0025,SOLUSDT,60,0,0.0,0.6620970239815909,1.1034950399693182,0.08911666404839996,0.5333333333333333,0.1655233201263817,0.03183421378556428,-0.10323300241992239,-0.41295223522708047,0.9971008470430438,3,0.5,1,1.0,0.125,0.25,0.25,2021-05,-0.057802188901134866,2021-04,0.32810063018346053,SOLUSDT,1.0,1.0,low
next_close_clusterstress_ccapunlimited_scap2_symbol_order_alloc0.0025,next_close,cluster_stress,unlimited,2,symbol_order,0.0025,XRPUSDT,100,0,0.0,1.7015863459486424,1.7015863459486424,1.0672477185158051,0.61,0.42616743599726004,0.0712024122915933,-0.04740827821549942,-0.18963311286198262,2.670168458415403,3,0.76,2,2.0,0.19,0.5,0.5,2020-03,-0.012129995834508911,2021-12,0.19847560618049007,XRPUSDT,1.0,1.0,low
next_close_clusterstress_ccapunlimited_scap2_symbol_order_alloc0.0025,next_close,cluster_stress,unlimited,2,symbol_order,0.0025,LTCUSDT,87,0,0.0,-0.10908056405778115,-0.12537995868710478,0.4204575458406901,0.5287356321839081,-0.02734414340701541,-0.00457916296527916,-0.13320508033666245,-0.5329601788023258,-0.21750562708495952,4,0.7758620689655172,2,2.0,0.1939655172413793,0.5,0.5,2020-03,-0.07891848010209701,2024-04,,LTCUSDT,,0.0,low
next_close_clusterstress_ccapunlimited_scap2_symbol_order_alloc0.0025,next_close,cluster_stress,unlimited,2,symbol_order,0.0025,ADAUSDT,101,0,0.0,1.1901307171566695,1.178347244709574,1.06334547961944,0.5742574257425742,0.2977922468269112,0.05037043518274498,-0.0942116209871835,-0.37694043059485993,1.566452016291828,4,0.7376237623762376,2,2.0,0.1844059405940594,0.5,0.5,2025-02,-0.0942116209871835,2025-10,0.3205186575467614,ADAUSDT,1.0,1.0,low
next_close_clusterstress_ccapunlimited_scap2_symbol_order_alloc0.0025,next_close,cluster_stress,unlimited,2,symbol_order,0.0025,BTCUSDT,38,0,0.0,0.0701319371436048,0.18455772932527578,0.609985045467205,0.6052631578947368,0.017509993793973777,0.0029653952473340794,-0.07861499591599319,-0.314512799049032,0.24725528179800002,3,0.6842105263157895,2,2.0,0.17105263157894737,0.5,0.5,2020-03,-0.03825338328469208,2021-05,1.4144642982235205,BTCUSDT,1.0000000000000009,1.0,low
next_close_clusterstress_ccapunlimited_scap2_symbol_order_alloc0.0025,next_close,cluster_stress,unlimited,2,symbol_order,0.0025,ETHUSDT,76,0,0.0,0.5878915794370133,0.773541551890807,0.39586949875697997,0.5657894736842105,0.14697444082165667,0.024877403564182998,-0.0853033216959842,-0.34129464869183435,1.0077161664584333,4,0.7368421052631579,2,2.0,0.18421052631578946,0.5,0.5,2021-04,-0.013572138400308464,2021-05,0.41398340486348534,ETHUSDT,1.0,1.0,low
next_close_clusterstress_ccapunlimited_scap2_symbol_order_alloc0.0025,next_close,cluster_stress,unlimited,2,symbol_order,0.0025,BNBUSDT,78,0,0.0,1.3002785029851813,1.6670237217758737,1.2793053667321648,0.6153846153846154,0.32545497142035806,0.055046895486410286,-0.10545363232687954,-0.4219209003073221,1.9558113786531235,5,0.8333333333333334,2,2.0,0.20833333333333334,0.5,0.5,2021-05,-0.03401337164855578,2021-02,0.2964163268098462,BNBUSDT,1.0000000000000002,1.0,low
next_close_clusterstress_ccapunlimited_scap2_symbol_order_alloc0.0025,next_close,cluster_stress,unlimited,2,symbol_order,0.0025,LINKUSDT,110,0,0.0,1.634449885750466,1.4858635325004235,0.13197222266173497,0.5,0.40921207756017264,0.06918942746578782,-0.13608628647336918,-0.5445986876499176,1.905407494397195,6,0.8090909090909091,2,2.0,0.20227272727272727,0.5,0.5,2020-03,-0.049170802589881824,2021-04,0.2279206517198091,LINKUSDT,0.9999999999999999,1.0,low
next_close_clusterstress_ccapunlimited_scap2_symbol_order_alloc0.0025,next_close,cluster_stress,unlimited,2,symbol_order,0.0025,AVAXUSDT,107,0,0.0,1.6996597872325436,1.588467090871536,1.61783999440051,0.6261682242990654,0.4255800511808516,0.08176338590177856,-0.22990643691432888,-0.9203887883806108,1.9741135454715453,5,0.8177570093457944,2,2.0,0.2044392523364486,0.5,0.5,2021-05,-0.1686952683860099,2022-05,0.4845035808166578,AVAXUSDT,1.0,1.0,low
next_close_clusterstress_ccapunlimited_scap2_symbol_order_alloc0.0025,next_close,cluster_stress,unlimited,2,symbol_order,0.0025,SOLUSDT,84,0,0.0,1.401712983440031,1.6687059326667038,0.496443160202795,0.5595238095238095,0.3508188983938343,0.06742076292034493,-0.12090840460581287,-0.4837211002549823,1.6759934807218269,4,0.8333333333333334,2,2.0,0.20833333333333334,0.5,0.5,2021-06,-0.045457088711142735,2024-08,0.2686026095870931,SOLUSDT,0.9999999999999999,1.0,low
next_close_clusterstress_ccapunlimited_scap2_largest_drop_alloc0.0025,next_close,cluster_stress,unlimited,2,largest_drop,0.0025,XRPUSDT,100,0,0.0,1.7015863459486424,1.7015863459486424,1.0672477185158051,0.61,0.42616743599726004,0.0712024122915933,-0.04740827821549942,-0.18963311286198262,2.670168458415403,3,0.76,2,2.0,0.19,0.5,0.5,2020-03,-0.012129995834508911,2021-12,0.19847560618049007,XRPUSDT,1.0,1.0,low
next_close_clusterstress_ccapunlimited_scap2_largest_drop_alloc0.0025,next_close,cluster_stress,unlimited,2,largest_drop,0.0025,LTCUSDT,87,0,0.0,-0.10908056405778115,-0.12537995868710478,0.4204575458406901,0.5287356321839081,-0.02734414340701541,-0.00457916296527916,-0.13320508033666245,-0.5329601788023258,-0.21750562708495952,4,0.7758620689655172,2,2.0,0.1939655172413793,0.5,0.5,2020-03,-0.07891848010209701,2024-04,,LTCUSDT,,0.0,low
next_close_clusterstress_ccapunlimited_scap2_largest_drop_alloc0.0025,next_close,cluster_stress,unlimited,2,largest_drop,0.0025,ADAUSDT,101,0,0.0,1.1901307171566695,1.178347244709574,1.06334547961944,0.5742574257425742,0.2977922468269112,0.05037043518274498,-0.0942116209871835,-0.37694043059485993,1.566452016291828,4,0.7376237623762376,2,2.0,0.1844059405940594,0.5,0.5,2025-02,-0.0942116209871835,2025-10,0.3205186575467614,ADAUSDT,1.0,1.0,low
next_close_clusterstress_ccapunlimited_scap2_largest_drop_alloc0.0025,next_close,cluster_stress,unlimited,2,largest_drop,0.0025,BNBUSDT,78,0,0.0,1.3002785029851813,1.6670237217758737,1.2793053667321648,0.6153846153846154,0.32545497142035806,0.055046895486410286,-0.10545363232687954,-0.4219209003073221,1.9558113786531235,5,0.8333333333333334,2,2.0,0.20833333333333334,0.5,0.5,2021-05,-0.03401337164855578,2021-02,0.2964163268098462,BNBUSDT,1.0000000000000002,1.0,low
next_close_clusterstress_ccapunlimited_scap2_largest_drop_alloc0.0025,next_close,cluster_stress,unlimited,2,largest_drop,0.0025,ETHUSDT,76,0,0.0,0.5878915794370133,0.773541551890807,0.39586949875697997,0.5657894736842105,0.14697444082165667,0.024877403564182998,-0.0853033216959842,-0.34129464869183435,1.0077161664584333,4,0.7368421052631579,2,2.0,0.18421052631578946,0.5,0.5,2021-04,-0.013572138400308464,2021-05,0.41398340486348534,ETHUSDT,1.0,1.0,low
next_close_clusterstress_ccapunlimited_scap2_largest_drop_alloc0.0025,next_close,cluster_stress,unlimited,2,largest_drop,0.0025,LINKUSDT,110,0,0.0,1.634449885750466,1.4858635325004235,0.13197222266173497,0.5,0.40921207756017264,0.06918942746578782,-0.13608628647336918,-0.5445986876499176,1.905407494397195,6,0.8090909090909091,2,2.0,0.20227272727272727,0.5,0.5,2020-03,-0.049170802589881824,2021-04,0.2279206517198091,LINKUSDT,0.9999999999999999,1.0,low
next_close_clusterstress_ccapunlimited_scap2_largest_drop_alloc0.0025,next_close,cluster_stress,unlimited,2,largest_drop,0.0025,BTCUSDT,38,0,0.0,0.0701319371436048,0.18455772932527578,0.609985045467205,0.6052631578947368,0.017509993793973777,0.0029653952473340794,-0.07861499591599319,-0.314512799049032,0.24725528179800002,3,0.6842105263157895,2,2.0,0.17105263157894737,0.5,0.5,2020-03,-0.03825338328469208,2021-05,1.4144642982235205,BTCUSDT,1.0000000000000009,1.0,low
next_close_clusterstress_ccapunlimited_scap2_largest_drop_alloc0.0025,next_close,cluster_stress,unlimited,2,largest_drop,0.0025,AVAXUSDT,107,0,0.0,1.6996597872325436,1.588467090871536,1.61783999440051,0.6261682242990654,0.4255800511808516,0.08176338590177856,-0.22990643691432888,-0.9203887883806108,1.9741135454715453,5,0.8177570093457944,2,2.0,0.2044392523364486,0.5,0.5,2021-05,-0.1686952683860099,2022-05,0.4845035808166578,AVAXUSDT,1.0,1.0,low
next_close_clusterstress_ccapunlimited_scap2_largest_drop_alloc0.0025,next_close,cluster_stress,unlimited,2,largest_drop,0.0025,SOLUSDT,84,0,0.0,1.401712983440031,1.6687059326667038,0.496443160202795,0.5595238095238095,0.3508188983938343,0.06742076292034493,-0.12090840460581287,-0.4837211002549823,1.6759934807218269,4,0.8333333333333334,2,2.0,0.20833333333333334,0.5,0.5,2021-06,-0.045457088711142735,2024-08,0.2686026095870931,SOLUSDT,0.9999999999999999,1.0,low
next_close_clusterstress_ccapunlimited_scap2_liquidity_priority_alloc0.0025,next_close,cluster_stress,unlimited,2,liquidity_priority,0.0025,XRPUSDT,100,0,0.0,1.7015863459486424,1.7015863459486424,1.0672477185158051,0.61,0.42616743599726004,0.0712024122915933,-0.04740827821549942,-0.18963311286198262,2.670168458415403,3,0.76,2,2.0,0.19,0.5,0.5,2020-03,-0.012129995834508911,2021-12,0.19847560618049007,XRPUSDT,1.0,1.0,low
next_close_clusterstress_ccapunlimited_scap2_liquidity_priority_alloc0.0025,next_close,cluster_stress,unlimited,2,liquidity_priority,0.0025,LTCUSDT,87,0,0.0,-0.10908056405778115,-0.12537995868710478,0.4204575458406901,0.5287356321839081,-0.02734414340701541,-0.00457916296527916,-0.13320508033666245,-0.5329601788023258,-0.21750562708495952,4,0.7758620689655172,2,2.0,0.1939655172413793,0.5,0.5,2020-03,-0.07891848010209701,2024-04,,LTCUSDT,,0.0,low
next_close_clusterstress_ccapunlimited_scap2_liquidity_priority_alloc0.0025,next_close,cluster_stress,unlimited,2,liquidity_priority,0.0025,ADAUSDT,101,0,0.0,1.1901307171566695,1.178347244709574,1.06334547961944,0.5742574257425742,0.2977922468269112,0.05037043518274498,-0.0942116209871835,-0.37694043059485993,1.566452016291828,4,0.7376237623762376,2,2.0,0.1844059405940594,0.5,0.5,2025-02,-0.0942116209871835,2025-10,0.3205186575467614,ADAUSDT,1.0,1.0,low
next_close_clusterstress_ccapunlimited_scap2_liquidity_priority_alloc0.0025,next_close,cluster_stress,unlimited,2,liquidity_priority,0.0025,BTCUSDT,38,0,0.0,0.0701319371436048,0.18455772932527578,0.609985045467205,0.6052631578947368,0.017509993793973777,0.0029653952473340794,-0.07861499591599319,-0.314512799049032,0.24725528179800002,3,0.6842105263157895,2,2.0,0.17105263157894737,0.5,0.5,2020-03,-0.03825338328469208,2021-05,1.4144642982235205,BTCUSDT,1.0000000000000009,1.0,low
next_close_clusterstress_ccapunlimited_scap2_liquidity_priority_alloc0.0025,next_close,cluster_stress,unlimited,2,liquidity_priority,0.0025,ETHUSDT,76,0,0.0,0.5878915794370133,0.773541551890807,0.39586949875697997,0.5657894736842105,0.14697444082165667,0.024877403564182998,-0.0853033216959842,-0.34129464869183435,1.0077161664584333,4,0.7368421052631579,2,2.0,0.18421052631578946,0.5,0.5,2021-04,-0.013572138400308464,2021-05,0.41398340486348534,ETHUSDT,1.0,1.0,low
next_close_clusterstress_ccapunlimited_scap2_liquidity_priority_alloc0.0025,next_close,cluster_stress,unlimited,2,liquidity_priority,0.0025,BNBUSDT,78,0,0.0,1.3002785029851813,1.6670237217758737,1.2793053667321648,0.6153846153846154,0.32545497142035806,0.055046895486410286,-0.10545363232687954,-0.4219209003073221,1.9558113786531235,5,0.8333333333333334,2,2.0,0.20833333333333334,0.5,0.5,2021-05,-0.03401337164855578,2021-02,0.2964163268098462,BNBUSDT,1.0000000000000002,1.0,low
next_close_clusterstress_ccapunlimited_scap2_liquidity_priority_alloc0.0025,next_close,cluster_stress,unlimited,2,liquidity_priority,0.0025,LINKUSDT,110,0,0.0,1.634449885750466,1.4858635325004235,0.13197222266173497,0.5,0.40921207756017264,0.06918942746578782,-0.13608628647336918,-0.5445986876499176,1.905407494397195,6,0.8090909090909091,2,2.0,0.20227272727272727,0.5,0.5,2020-03,-0.049170802589881824,2021-04,0.2279206517198091,LINKUSDT,0.9999999999999999,1.0,low
next_close_clusterstress_ccapunlimited_scap2_liquidity_priority_alloc0.0025,next_close,cluster_stress,unlimited,2,liquidity_priority,0.0025,AVAXUSDT,107,0,0.0,1.6996597872325436,1.588467090871536,1.61783999440051,0.6261682242990654,0.4255800511808516,0.08176338590177856,-0.22990643691432888,-0.9203887883806108,1.9741135454715453,5,0.8177570093457944,2,2.0,0.2044392523364486,0.5,0.5,2021-05,-0.1686952683860099,2022-05,0.4845035808166578,AVAXUSDT,1.0,1.0,low
next_close_clusterstress_ccapunlimited_scap2_liquidity_priority_alloc0.0025,next_close,cluster_stress,unlimited,2,liquidity_priority,0.0025,SOLUSDT,84,0,0.0,1.401712983440031,1.6687059326667038,0.496443160202795,0.5595238095238095,0.3508188983938343,0.06742076292034493,-0.12090840460581287,-0.4837211002549823,1.6759934807218269,4,0.8333333333333334,2,2.0,0.20833333333333334,0.5,0.5,2021-06,-0.045457088711142735,2024-08,0.2686026095870931,SOLUSDT,0.9999999999999999,1.0,low
next_close_clusterstress_ccapunlimited_scapunlimited_symbol_order_alloc0.0025,next_close,cluster_stress,unlimited,unlimited,symbol_order,0.0025,XRPUSDT,116,0,0.0,3.129367013013109,2.6977301836319905,2.4573560049546597,0.6379310344827587,0.7851817003182271,0.13099015515787293,-0.06282414675060632,-0.25132381222200617,3.8926482334141643,3,1.1551724137931034,5,4.0,0.28879310344827586,1.25,1.0,2021-06,-0.00971267936703546,2021-05,0.23537057206073556,XRPUSDT,1.0,1.0,low
next_close_clusterstress_ccapunlimited_scapunlimited_symbol_order_alloc0.0025,next_close,cluster_stress,unlimited,unlimited,symbol_order,0.0025,LTCUSDT,107,0,0.0,1.15850182324847,1.0827119843443647,0.7318868877822802,0.5794392523364486,0.28989228387636956,0.04848255686669134,-0.06436035096358816,-0.2574700420963212,1.6718691052327992,4,1.2102803738317758,5,3.0,0.30257009345794394,1.25,0.75,2025-02,-0.030601906993943384,2021-05,0.6180215919812257,LTCUSDT,1.0,1.0,low
next_close_clusterstress_ccapunlimited_scapunlimited_symbol_order_alloc0.0025,next_close,cluster_stress,unlimited,unlimited,symbol_order,0.0025,ADAUSDT,129,0,0.0,4.1365850123777665,3.2066550483548575,1.8120648865694695,0.627906976744186,1.039065810522799,0.1752166889464002,-0.08935982334834502,-0.3575158822974367,3.640526337638949,5,1.3682170542635659,6,4.0,0.34205426356589147,1.5,1.0,2025-02,-0.07935524416660122,2021-05,0.40624177776686204,ADAUSDT,1.0,1.0,low
next_close_clusterstress_ccapunlimited_scapunlimited_symbol_order_alloc0.0025,next_close,cluster_stress,unlimited,unlimited,symbol_order,0.0025,BTCUSDT,48,0,0.0,1.0576398771535584,2.20341641073658,0.9879658390010799,0.6666666666666666,0.2646719465362546,0.044777434444664976,-0.0544730674173155,-0.21790760126296593,2.063269912812872,2,1.3541666666666667,6,4.0,0.3385416666666667,1.5,1.0,2021-01,-0.02276713543103437,2020-03,0.5232473033124698,BTCUSDT,1.0,1.0,low
next_close_clusterstress_ccapunlimited_scapunlimited_symbol_order_alloc0.0025,next_close,cluster_stress,unlimited,unlimited,symbol_order,0.0025,ETHUSDT,97,0,0.0,1.6949759154351067,1.7473978509640276,0.7983442221479101,0.5979381443298969,0.4244587608413175,0.07176280195013707,-0.0793234570427237,-0.3173565546502384,2.2578415076533607,5,1.3453608247422681,5,4.0,0.33634020618556704,1.25,1.0,2021-01,-0.02607613154469446,2021-05,0.4861993866367615,ETHUSDT,1.0,1.0,low
next_close_clusterstress_ccapunlimited_scapunlimited_symbol_order_alloc0.0025,next_close,cluster_stress,unlimited,unlimited,symbol_order,0.0025,BNBUSDT,96,0,0.0,2.5451154623183836,2.651161939914983,1.6845909592840498,0.6458333333333334,0.6380753549602991,0.10778347880759931,-0.13686799470365996,-0.5477161316830883,3.0918289724931918,5,1.375,6,4.0,0.34375,1.5,1.0,2021-01,-0.018470069559872737,2020-03,0.3159987087054953,BNBUSDT,0.9999999999999998,1.0,low
next_close_clusterstress_ccapunlimited_scapunlimited_symbol_order_alloc0.0025,next_close,cluster_stress,unlimited,unlimited,symbol_order,0.0025,LINKUSDT,143,0,0.0,3.5943974758714328,2.5135646684415613,1.2648808403262501,0.5664335664335665,0.902283712375529,0.15224734463634704,-0.11828565129230473,-0.47331182479572687,3.4658176198413293,6,1.479020979020979,7,4.0,0.36975524475524474,1.7500000000000002,1.0,2025-02,-0.03635313131636897,2020-03,0.23166007994383114,LINKUSDT,0.9999999999999999,1.0,low
next_close_clusterstress_ccapunlimited_scapunlimited_symbol_order_alloc0.0025,next_close,cluster_stress,unlimited,unlimited,symbol_order,0.0025,AVAXUSDT,131,0,0.0,3.6390884957516447,2.7779301494287365,2.20495056705126,0.6641221374045801,0.9135657824032695,0.17517264063868776,-0.14704002513731274,-0.5883597178530212,3.5682276444571905,5,1.2557251908396947,5,3.0,0.3139312977099237,1.25,0.75,2025-02,-0.07518354754920686,2022-05,0.28661657772460797,AVAXUSDT,1.0,1.0,low
next_close_clusterstress_ccapunlimited_scapunlimited_symbol_order_alloc0.0025,next_close,cluster_stress,unlimited,unlimited,symbol_order,0.0025,SOLUSDT,99,0,0.0,2.802778735614377,2.831089631933714,1.5152585828518097,0.5757575757575758,0.7027832195796835,0.13487065466473158,-0.09517763713402516,-0.3807970662860254,2.654837777240639,4,1.2272727272727273,5,3.1499999999999773,0.3068181818181818,1.25,0.7874999999999943,2021-06,-0.045457088711142735,2021-05,0.3891621126833108,SOLUSDT,1.0000000000000002,1.0,low
next_close_clusterstress_ccapunlimited_scapunlimited_largest_drop_alloc0.0025,next_close,cluster_stress,unlimited,unlimited,largest_drop,0.0025,XRPUSDT,116,0,0.0,3.129367013013109,2.6977301836319905,2.4573560049546597,0.6379310344827587,0.7851817003182271,0.13099015515787293,-0.06282414675060632,-0.25132381222200617,3.8926482334141643,3,1.1551724137931034,5,4.0,0.28879310344827586,1.25,1.0,2021-06,-0.00971267936703546,2021-05,0.23537057206073556,XRPUSDT,1.0,1.0,low
next_close_clusterstress_ccapunlimited_scapunlimited_largest_drop_alloc0.0025,next_close,cluster_stress,unlimited,unlimited,largest_drop,0.0025,LTCUSDT,107,0,0.0,1.15850182324847,1.0827119843443647,0.7318868877822802,0.5794392523364486,0.28989228387636956,0.04848255686669134,-0.06436035096358816,-0.2574700420963212,1.6718691052327992,4,1.2102803738317758,5,3.0,0.30257009345794394,1.25,0.75,2025-02,-0.030601906993943384,2021-05,0.6180215919812257,LTCUSDT,1.0,1.0,low
next_close_clusterstress_ccapunlimited_scapunlimited_largest_drop_alloc0.0025,next_close,cluster_stress,unlimited,unlimited,largest_drop,0.0025,ADAUSDT,129,0,0.0,4.1365850123777665,3.2066550483548575,1.8120648865694695,0.627906976744186,1.039065810522799,0.1752166889464002,-0.08935982334834502,-0.3575158822974367,3.640526337638949,5,1.3682170542635659,6,4.0,0.34205426356589147,1.5,1.0,2025-02,-0.07935524416660122,2021-05,0.40624177776686204,ADAUSDT,1.0,1.0,low
next_close_clusterstress_ccapunlimited_scapunlimited_largest_drop_alloc0.0025,next_close,cluster_stress,unlimited,unlimited,largest_drop,0.0025,BNBUSDT,96,0,0.0,2.5451154623183836,2.651161939914983,1.6845909592840498,0.6458333333333334,0.6380753549602991,0.10778347880759931,-0.13686799470365996,-0.5477161316830883,3.0918289724931918,5,1.375,6,4.0,0.34375,1.5,1.0,2021-01,-0.018470069559872737,2020-03,0.3159987087054953,BNBUSDT,0.9999999999999998,1.0,low
next_close_clusterstress_ccapunlimited_scapunlimited_largest_drop_alloc0.0025,next_close,cluster_stress,unlimited,unlimited,largest_drop,0.0025,ETHUSDT,97,0,0.0,1.6949759154351067,1.7473978509640276,0.7983442221479101,0.5979381443298969,0.4244587608413175,0.07176280195013707,-0.0793234570427237,-0.3173565546502384,2.2578415076533607,5,1.3453608247422681,5,4.0,0.33634020618556704,1.25,1.0,2021-01,-0.02607613154469446,2021-05,0.4861993866367615,ETHUSDT,1.0,1.0,low
next_close_clusterstress_ccapunlimited_scapunlimited_largest_drop_alloc0.0025,next_close,cluster_stress,unlimited,unlimited,largest_drop,0.0025,LINKUSDT,143,0,0.0,3.5943974758714328,2.5135646684415613,1.2648808403262501,0.5664335664335665,0.902283712375529,0.15224734463634704,-0.11828565129230473,-0.47331182479572687,3.4658176198413293,6,1.479020979020979,7,4.0,0.36975524475524474,1.7500000000000002,1.0,2025-02,-0.03635313131636897,2020-03,0.23166007994383114,LINKUSDT,0.9999999999999999,1.0,low
next_close_clusterstress_ccapunlimited_scapunlimited_largest_drop_alloc0.0025,next_close,cluster_stress,unlimited,unlimited,largest_drop,0.0025,BTCUSDT,48,0,0.0,1.0576398771535584,2.20341641073658,0.9879658390010799,0.6666666666666666,0.2646719465362546,0.044777434444664976,-0.0544730674173155,-0.21790760126296593,2.063269912812872,2,1.3541666666666667,6,4.0,0.3385416666666667,1.5,1.0,2021-01,-0.02276713543103437,2020-03,0.5232473033124698,BTCUSDT,1.0,1.0,low
next_close_clusterstress_ccapunlimited_scapunlimited_largest_drop_alloc0.0025,next_close,cluster_stress,unlimited,unlimited,largest_drop,0.0025,AVAXUSDT,131,0,0.0,3.6390884957516447,2.7779301494287365,2.20495056705126,0.6641221374045801,0.9135657824032695,0.17517264063868776,-0.14704002513731274,-0.5883597178530212,3.5682276444571905,5,1.2557251908396947,5,3.0,0.3139312977099237,1.25,0.75,2025-02,-0.07518354754920686,2022-05,0.28661657772460797,AVAXUSDT,1.0,1.0,low
next_close_clusterstress_ccapunlimited_scapunlimited_largest_drop_alloc0.0025,next_close,cluster_stress,unlimited,unlimited,largest_drop,0.0025,SOLUSDT,99,0,0.0,2.802778735614377,2.831089631933714,1.5152585828518097,0.5757575757575758,0.7027832195796835,0.13487065466473158,-0.09517763713402516,-0.3807970662860254,2.654837777240639,4,1.2272727272727273,5,3.1499999999999773,0.3068181818181818,1.25,0.7874999999999943,2021-06,-0.045457088711142735,2021-05,0.3891621126833108,SOLUSDT,1.0000000000000002,1.0,low
next_close_clusterstress_ccapunlimited_scapunlimited_liquidity_priority_alloc0.0025,next_close,cluster_stress,unlimited,unlimited,liquidity_priority,0.0025,XRPUSDT,116,0,0.0,3.129367013013109,2.6977301836319905,2.4573560049546597,0.6379310344827587,0.7851817003182271,0.13099015515787293,-0.06282414675060632,-0.25132381222200617,3.8926482334141643,3,1.1551724137931034,5,4.0,0.28879310344827586,1.25,1.0,2021-06,-0.00971267936703546,2021-05,0.23537057206073556,XRPUSDT,1.0,1.0,low
next_close_clusterstress_ccapunlimited_scapunlimited_liquidity_priority_alloc0.0025,next_close,cluster_stress,unlimited,unlimited,liquidity_priority,0.0025,LTCUSDT,107,0,0.0,1.15850182324847,1.0827119843443647,0.7318868877822802,0.5794392523364486,0.28989228387636956,0.04848255686669134,-0.06436035096358816,-0.2574700420963212,1.6718691052327992,4,1.2102803738317758,5,3.0,0.30257009345794394,1.25,0.75,2025-02,-0.030601906993943384,2021-05,0.6180215919812257,LTCUSDT,1.0,1.0,low
next_close_clusterstress_ccapunlimited_scapunlimited_liquidity_priority_alloc0.0025,next_close,cluster_stress,unlimited,unlimited,liquidity_priority,0.0025,ADAUSDT,129,0,0.0,4.1365850123777665,3.2066550483548575,1.8120648865694695,0.627906976744186,1.039065810522799,0.1752166889464002,-0.08935982334834502,-0.3575158822974367,3.640526337638949,5,1.3682170542635659,6,4.0,0.34205426356589147,1.5,1.0,2025-02,-0.07935524416660122,2021-05,0.40624177776686204,ADAUSDT,1.0,1.0,low
next_close_clusterstress_ccapunlimited_scapunlimited_liquidity_priority_alloc0.0025,next_close,cluster_stress,unlimited,unlimited,liquidity_priority,0.0025,BTCUSDT,48,0,0.0,1.0576398771535584,2.20341641073658,0.9879658390010799,0.6666666666666666,0.2646719465362546,0.044777434444664976,-0.0544730674173155,-0.21790760126296593,2.063269912812872,2,1.3541666666666667,6,4.0,0.3385416666666667,1.5,1.0,2021-01,-0.02276713543103437,2020-03,0.5232473033124698,BTCUSDT,1.0,1.0,low
next_close_clusterstress_ccapunlimited_scapunlimited_liquidity_priority_alloc0.0025,next_close,cluster_stress,unlimited,unlimited,liquidity_priority,0.0025,ETHUSDT,97,0,0.0,1.6949759154351067,1.7473978509640276,0.7983442221479101,0.5979381443298969,0.4244587608413175,0.07176280195013707,-0.0793234570427237,-0.3173565546502384,2.2578415076533607,5,1.3453608247422681,5,4.0,0.33634020618556704,1.25,1.0,2021-01,-0.02607613154469446,2021-05,0.4861993866367615,ETHUSDT,1.0,1.0,low
next_close_clusterstress_ccapunlimited_scapunlimited_liquidity_priority_alloc0.0025,next_close,cluster_stress,unlimited,unlimited,liquidity_priority,0.0025,BNBUSDT,96,0,0.0,2.5451154623183836,2.651161939914983,1.6845909592840498,0.6458333333333334,0.6380753549602991,0.10778347880759931,-0.13686799470365996,-0.5477161316830883,3.0918289724931918,5,1.375,6,4.0,0.34375,1.5,1.0,2021-01,-0.018470069559872737,2020-03,0.3159987087054953,BNBUSDT,0.9999999999999998,1.0,low
next_close_clusterstress_ccapunlimited_scapunlimited_liquidity_priority_alloc0.0025,next_close,cluster_stress,unlimited,unlimited,liquidity_priority,0.0025,LINKUSDT,143,0,0.0,3.5943974758714328,2.5135646684415613,1.2648808403262501,0.5664335664335665,0.902283712375529,0.15224734463634704,-0.11828565129230473,-0.47331182479572687,3.4658176198413293,6,1.479020979020979,7,4.0,0.36975524475524474,1.7500000000000002,1.0,2025-02,-0.03635313131636897,2020-03,0.23166007994383114,LINKUSDT,0.9999999999999999,1.0,low
next_close_clusterstress_ccapunlimited_scapunlimited_liquidity_priority_alloc0.0025,next_close,cluster_stress,unlimited,unlimited,liquidity_priority,0.0025,AVAXUSDT,131,0,0.0,3.6390884957516447,2.7779301494287365,2.20495056705126,0.6641221374045801,0.9135657824032695,0.17517264063868776,-0.14704002513731274,-0.5883597178530212,3.5682276444571905,5,1.2557251908396947,5,3.0,0.3139312977099237,1.25,0.75,2025-02,-0.07518354754920686,2022-05,0.28661657772460797,AVAXUSDT,1.0,1.0,low
next_close_clusterstress_ccapunlimited_scapunlimited_liquidity_priority_alloc0.0025,next_close,cluster_stress,unlimited,unlimited,liquidity_priority,0.0025,SOLUSDT,99,0,0.0,2.802778735614377,2.831089631933714,1.5152585828518097,0.5757575757575758,0.7027832195796835,0.13487065466473158,-0.09517763713402516,-0.3807970662860254,2.654837777240639,4,1.2272727272727273,5,3.1499999999999773,0.3068181818181818,1.25,0.7874999999999943,2021-06,-0.045457088711142735,2021-05,0.3891621126833108,SOLUSDT,1.0000000000000002,1.0,low
next_close_base_ccap5_scap1_symbol_order_alloc0.005,next_close,base,5,1,symbol_order,0.005,XRPUSDT,69,0,0.0,0.8356735201592034,1.2111210437089903,1.18985295617498,0.6376811594202898,0.4184097825358002,0.06990854354982368,-0.10051600548823814,-0.20104569399122313,1.7306250882204437,4,0.5,1,1.0,0.25,0.5,0.5,2020-03,-0.07602037023717312,2022-05,0.20241909224529098,XRPUSDT,1.0,1.0,low
next_close_base_ccap5_scap1_symbol_order_alloc0.005,next_close,base,5,1,symbol_order,0.005,LTCUSDT,28,0,0.0,0.00025143183760658987,0.0008979708485949637,0.885234129337675,0.6071428571428571,7.69863275129623e-05,1.2932105608598476e-05,-0.10889770601401061,-0.2178722924607187,0.0012505519763094837,2,0.5,1,1.0,0.25,0.5,0.5,2022-05,-0.044504278090418126,2025-03,503.8221957012347,LTCUSDT,1.0000000000001104,1.0,low
next_close_base_ccap5_scap1_symbol_order_alloc0.005,next_close,base,5,1,symbol_order,0.005,ADAUSDT,68,0,0.0,0.45818739082500504,0.6738049865073603,1.107805015113455,0.5735294117647058,0.22904717080864945,0.03884884196689864,-0.14534551072810098,-0.290748262740321,0.9214579430296105,4,0.5,1,1.0,0.25,0.5,0.5,2020-03,-0.14698083560927833,2021-02,0.6927054111949702,ADAUSDT,0.9999999999999999,1.0,low
next_close_base_ccap5_scap1_symbol_order_alloc0.005,next_close,base,5,1,symbol_order,0.005,BTCUSDT,27,0,0.0,0.00021841712795622747,0.0008089523257638055,0.77229348382789,0.6296296296296297,3.0340035039877478e-05,5.138592729103664e-06,-0.14176304830740838,-0.2836136276467901,0.0008534153549784578,2,0.5,1,1.0,0.25,0.5,0.5,2020-03,-0.08216555931415126,2026-02,868.0802929987152,BTCUSDT,0.9999999999999047,1.0,low
next_close_base_ccap5_scap1_symbol_order_alloc0.005,next_close,base,5,1,symbol_order,0.005,ETHUSDT,54,0,0.0,0.34684094000775656,0.642298037051401,0.464739824989055,0.5555555555555556,0.1732793744395611,0.029326667902362935,-0.1421612660880367,-0.2844493297895589,0.7153035429560096,4,0.5,1,1.0,0.25,0.5,0.5,2021-04,-0.04790174831745819,2020-03,0.537814476765624,ETHUSDT,1.0000000000000002,1.0,low
next_close_base_ccap5_scap1_symbol_order_alloc0.005,next_close,base,5,1,symbol_order,0.005,BNBUSDT,52,0,0.0,0.8878960541655887,1.7074924118569015,1.05810694508869,0.5576923076923077,0.4445579371797681,0.07515469687138232,-0.14901061860522757,-0.2981577742846728,1.6464383897754888,6,0.5,1,1.0,0.25,0.5,0.5,2021-05,-0.13515746992524003,2020-03,0.4436091521212307,BNBUSDT,0.9999999999999998,1.0,low
next_close_base_ccap5_scap1_symbol_order_alloc0.005,next_close,base,5,1,symbol_order,0.005,LINKUSDT,56,0,0.0,0.3687885538341512,0.6585509889895558,0.138573347880685,0.5178571428571429,0.18440071871159702,0.031217715637810173,-0.11978116203199551,-0.2396604313202773,1.020428331366292,5,0.5,1,1.0,0.25,0.5,0.5,2025-02,-0.06575981030314537,2021-04,0.7316841954377787,LINKUSDT,1.0,1.0,low
next_close_base_ccap5_scap1_symbol_order_alloc0.005,next_close,base,5,1,symbol_order,0.005,AVAXUSDT,71,0,0.0,0.7562171847963352,1.0650946264737116,1.01561063306853,0.6056338028169014,0.3781965478603988,0.07267980586975753,-0.35195832249205194,-0.7047477345098231,1.070261434526927,5,0.5,1,1.0,0.25,0.5,0.5,2021-05,-0.2522593654280314,2022-05,0.5314476809691783,AVAXUSDT,1.0000000000000002,1.0,low
next_close_base_ccap5_scap1_symbol_order_alloc0.005,next_close,base,5,1,symbol_order,0.005,SOLUSDT,55,0,0.0,0.5612711005761927,1.0204929101385323,0.27402105279571004,0.5454545454545454,0.28050939181074597,0.05392387211253791,-0.17390740884349887,-0.34773398666610494,0.8692318001444431,3,0.5,1,1.0,0.25,0.5,0.5,2021-06,-0.08830786832736415,2021-02,0.3542049283481222,SOLUSDT,1.0000000000000002,1.0,low
next_close_base_ccap5_scap1_largest_drop_alloc0.005,next_close,base,5,1,largest_drop,0.005,XRPUSDT,62,0,0.0,0.13177752578135934,0.21254439642154735,0.64139936381586,0.5967741935483871,0.06565858687435089,0.01098721436900707,-0.1861501659866427,-0.37257355620002874,0.2914915584836621,5,0.5,1,1.0,0.25,0.5,0.5,2021-05,-0.11760661103269454,2020-12,1.2520107501316322,XRPUSDT,0.999999999999999,1.0,low
next_close_base_ccap5_scap1_largest_drop_alloc0.005,next_close,base,5,1,largest_drop,0.005,LTCUSDT,55,0,0.0,0.6268294984748857,1.1396899972270649,1.10273201410641,0.6181818181818182,0.31368785864440696,0.05245702469800495,-0.05986709168780413,-0.11974887193876699,1.5189233815773484,3,0.5,1,1.0,0.25,0.5,0.5,2025-02,-0.057917727366141314,2020-03,0.3261630927354046,LTCUSDT,0.9999999999999998,1.0,low
next_close_base_ccap5_scap1_largest_drop_alloc0.005,next_close,base,5,1,largest_drop,0.005,ADAUSDT,66,0,0.0,1.0771160672566662,1.631994041297979,1.3949667771046999,0.5909090909090909,0.5396300512986896,0.09118506253564806,-0.11386780091188209,-0.22775240062049318,2.000447961258986,3,0.5,1,1.0,0.25,0.5,0.5,2025-02,-0.11386780091185988,2021-02,0.25713271500757734,ADAUSDT,0.9999999999999998,1.0,low
next_close_base_ccap5_scap1_largest_drop_alloc0.005,next_close,base,5,1,largest_drop,0.005,BNBUSDT,43,0,0.0,0.5662979242963723,1.3169719169683076,0.60708138688378,0.5116279069767442,0.2833430273664117,0.06434562243966546,-0.08867576569520086,-0.17740969095461923,1.4087358037543798,5,0.5,1,1.0,0.25,0.5,0.5,2020-03,-0.020183589108002664,2021-02,0.41211306644522244,BNBUSDT,1.0,1.0,low
next_close_base_ccap5_scap1_largest_drop_alloc0.005,next_close,base,5,1,largest_drop,0.005,ETHUSDT,38,0,0.0,-0.07570404254950516,-0.19922116460396097,0.464739824989055,0.5789473684210527,-0.03794709106145211,-0.00642907578437546,-0.19499948528133304,-0.39025542038755917,-0.26142517902496454,5,0.5,1,1.0,0.25,0.5,0.5,2020-03,-0.08581334327141255,2022-06,,ETHUSDT,,0.0,low
next_close_base_ccap5_scap1_largest_drop_alloc0.005,next_close,base,5,1,largest_drop,0.005,LINKUSDT,78,0,0.0,0.6344916767097052,0.8134508675765451,0.22043954316100503,0.5256410256410257,0.31739715328948925,0.05368580190627803,-0.16947054941449657,-0.3390924494933223,1.200209399499171,7,0.5,1,1.0,0.25,0.5,0.5,2020-03,-0.19084147056299683,2021-02,0.34638083408830345,LINKUSDT,1.0000000000000002,1.0,low
next_close_base_ccap5_scap1_largest_drop_alloc0.005,next_close,base,5,1,largest_drop,0.005,BTCUSDT,10,0,0.0,-0.061933499132340586,-0.6193349913234059,0.47072178444486,0.6,-0.031008038198887533,-0.006221717220811218,-0.08854119957875106,-0.1770823991575102,-0.30763856778849996,2,0.5,1,1.0,0.25,0.5,0.5,2020-03,-0.08608380193136922,2021-06,,BTCUSDT,,0.0,low
next_close_base_ccap5_scap1_largest_drop_alloc0.005,next_close,base,5,1,largest_drop,0.005,AVAXUSDT,73,0,0.0,0.8157762126729052,1.1175016611957607,1.27490507173599,0.6164383561643836,0.4081303201547648,0.07841641121135723,-0.27362063378879586,-0.5476133110688102,1.192559188458074,4,0.5,1,1.0,0.25,0.5,0.5,2021-05,-0.243522518834427,2022-05,0.4924693618321247,AVAXUSDT,0.9999999999999999,1.0,low
next_close_base_ccap5_scap1_largest_drop_alloc0.005,next_close,base,5,1,largest_drop,0.005,SOLUSDT,54,0,0.0,0.5216827950696429,0.9660792501289683,0.184208098589965,0.5370370370370371,0.26065166330049294,0.050110520134216685,-0.20407841106917513,-0.4081987682232496,0.7993467831160986,3,0.5,1,1.0,0.25,0.5,0.5,2021-05,-0.11587286760111892,2021-04,0.42784717484645585,SOLUSDT,1.0,1.0,low
next_close_base_ccap5_scap1_liquidity_priority_alloc0.005,next_close,base,5,1,liquidity_priority,0.005,XRPUSDT,69,0,0.0,0.8356735201592034,1.2111210437089903,1.18985295617498,0.6376811594202898,0.4184097825358002,0.06990854354982368,-0.10051600548823814,-0.20104569399122313,1.7306250882204437,4,0.5,1,1.0,0.25,0.5,0.5,2020-03,-0.07602037023717312,2022-05,0.20241909224529098,XRPUSDT,1.0,1.0,low
next_close_base_ccap5_scap1_liquidity_priority_alloc0.005,next_close,base,5,1,liquidity_priority,0.005,LTCUSDT,28,0,0.0,0.00025143183760658987,0.0008979708485949637,0.885234129337675,0.6071428571428571,7.69863275129623e-05,1.2932105608598476e-05,-0.10889770601401061,-0.2178722924607187,0.0012505519763094837,2,0.5,1,1.0,0.25,0.5,0.5,2022-05,-0.044504278090418126,2025-03,503.8221957012347,LTCUSDT,1.0000000000001104,1.0,low
next_close_base_ccap5_scap1_liquidity_priority_alloc0.005,next_close,base,5,1,liquidity_priority,0.005,ADAUSDT,68,0,0.0,0.45818739082500504,0.6738049865073603,1.107805015113455,0.5735294117647058,0.22904717080864945,0.03884884196689864,-0.14534551072810098,-0.290748262740321,0.9214579430296105,4,0.5,1,1.0,0.25,0.5,0.5,2020-03,-0.14698083560927833,2021-02,0.6927054111949702,ADAUSDT,0.9999999999999999,1.0,low
next_close_base_ccap5_scap1_liquidity_priority_alloc0.005,next_close,base,5,1,liquidity_priority,0.005,BTCUSDT,27,0,0.0,0.00021841712795622747,0.0008089523257638055,0.77229348382789,0.6296296296296297,3.0340035039877478e-05,5.138592729103664e-06,-0.14176304830740838,-0.2836136276467901,0.0008534153549784578,2,0.5,1,1.0,0.25,0.5,0.5,2020-03,-0.08216555931415126,2026-02,868.0802929987152,BTCUSDT,0.9999999999999047,1.0,low
next_close_base_ccap5_scap1_liquidity_priority_alloc0.005,next_close,base,5,1,liquidity_priority,0.005,ETHUSDT,54,0,0.0,0.34684094000775656,0.642298037051401,0.464739824989055,0.5555555555555556,0.1732793744395611,0.029326667902362935,-0.1421612660880367,-0.2844493297895589,0.7153035429560096,4,0.5,1,1.0,0.25,0.5,0.5,2021-04,-0.04790174831745819,2020-03,0.537814476765624,ETHUSDT,1.0000000000000002,1.0,low
next_close_base_ccap5_scap1_liquidity_priority_alloc0.005,next_close,base,5,1,liquidity_priority,0.005,BNBUSDT,52,0,0.0,0.8878960541655887,1.7074924118569015,1.05810694508869,0.5576923076923077,0.4445579371797681,0.07515469687138232,-0.14901061860522757,-0.2981577742846728,1.6464383897754888,6,0.5,1,1.0,0.25,0.5,0.5,2021-05,-0.13515746992524003,2020-03,0.4436091521212307,BNBUSDT,0.9999999999999998,1.0,low
next_close_base_ccap5_scap1_liquidity_priority_alloc0.005,next_close,base,5,1,liquidity_priority,0.005,LINKUSDT,56,0,0.0,0.3687885538341512,0.6585509889895558,0.138573347880685,0.5178571428571429,0.18440071871159702,0.031217715637810173,-0.11978116203199551,-0.2396604313202773,1.020428331366292,5,0.5,1,1.0,0.25,0.5,0.5,2025-02,-0.06575981030314537,2021-04,0.7316841954377787,LINKUSDT,1.0,1.0,low
next_close_base_ccap5_scap1_liquidity_priority_alloc0.005,next_close,base,5,1,liquidity_priority,0.005,AVAXUSDT,71,0,0.0,0.7562171847963352,1.0650946264737116,1.01561063306853,0.6056338028169014,0.3781965478603988,0.07267980586975753,-0.35195832249205194,-0.7047477345098231,1.070261434526927,5,0.5,1,1.0,0.25,0.5,0.5,2021-05,-0.2522593654280314,2022-05,0.5314476809691783,AVAXUSDT,1.0000000000000002,1.0,low
next_close_base_ccap5_scap1_liquidity_priority_alloc0.005,next_close,base,5,1,liquidity_priority,0.005,SOLUSDT,55,0,0.0,0.5612711005761927,1.0204929101385323,0.27402105279571004,0.5454545454545454,0.28050939181074597,0.05392387211253791,-0.17390740884349887,-0.34773398666610494,0.8692318001444431,3,0.5,1,1.0,0.25,0.5,0.5,2021-06,-0.08830786832736415,2021-02,0.3542049283481222,SOLUSDT,1.0000000000000002,1.0,low
next_close_base_ccap5_scap2_symbol_order_alloc0.005,next_close,base,5,2,symbol_order,0.005,XRPUSDT,65,0,0.0,0.7773271041944962,1.1958878526069174,0.9594137637343001,0.6153846153846154,0.3891892882935233,0.06503422410806259,-0.111832416714297,-0.2237544914272869,1.8467763793385568,7,0.5307692307692308,2,1.0,0.2653846153846154,1.0,0.5,2021-05,-0.0618309567290809,2022-05,0.21761680219618654,XRPUSDT,0.9999999999999999,1.0,low
next_close_base_ccap5_scap2_symbol_order_alloc0.005,next_close,base,5,2,symbol_order,0.005,LTCUSDT,27,0,0.0,-0.04347130368066291,-0.16100482844689967,0.78208099692073,0.5925925925925926,-0.021779620108752784,-0.0036588569624407263,-0.1088977060139995,-0.2178722924607187,-0.22177667949371152,2,0.5,1,1.0,0.25,0.5,0.5,2022-05,-0.044504278090418126,2025-03,,LTCUSDT,,0.0,low
next_close_base_ccap5_scap2_symbol_order_alloc0.005,next_close,base,5,2,symbol_order,0.005,ADAUSDT,66,0,0.0,0.6002195180937782,0.9094235122633002,1.107805015113455,0.5757575757575758,0.30030099496538565,0.05091921883251249,-0.18334839747645715,-0.36687200618522325,1.326807848767606,4,0.5454545454545454,2,1.0,0.2727272727272727,1.0,0.5,2025-02,-0.18334839747646825,2021-02,0.5283439525611241,ADAUSDT,1.0,1.0,low
next_close_base_ccap5_scap2_symbol_order_alloc0.005,next_close,base,5,2,symbol_order,0.005,BTCUSDT,27,0,0.0,0.3134996303990718,1.1611097422187844,0.77229348382789,0.6296296296296297,0.15665900963064416,0.026515582047759167,-0.08854119957875106,-0.1770823991575102,0.7524259917127983,2,0.5740740740740741,2,1.0,0.28703703703703703,1.0,0.5,2021-01,-0.04418544714085426,2020-03,0.523376433419596,BTCUSDT,1.0,1.0,low
next_close_base_ccap5_scap2_symbol_order_alloc0.005,next_close,base,5,2,symbol_order,0.005,ETHUSDT,63,0,0.0,0.34942189551294023,0.5546379293856194,0.48955474722129,0.5714285714285714,0.17451272741186852,0.029535255649482117,-0.15532815565209024,-0.3107765961317821,0.6569000065417921,4,0.6587301587301587,2,2.0,0.32936507936507936,1.0,1.0,2021-04,-0.02269828198115942,2022-06,0.2923974037928323,ETHUSDT,0.9999999999999999,1.0,low
next_close_base_ccap5_scap2_symbol_order_alloc0.005,next_close,base,5,2,symbol_order,0.005,BNBUSDT,51,0,0.0,1.3976093374661593,2.74041046561992,1.55240603623004,0.6078431372549019,0.7008455095830257,0.11835589922586376,-0.08173045922935662,-0.1634609184587105,2.593056728131304,5,0.5392156862745098,2,1.0,0.2696078431372549,1.0,0.5,2021-01,-0.019264473380720126,2020-03,0.28138864683375386,BNBUSDT,1.0000000000000002,1.0,low
next_close_base_ccap5_scap2_symbol_order_alloc0.005,next_close,base,5,2,symbol_order,0.005,LINKUSDT,53,0,0.0,0.0280350361161504,0.05289629455877434,-0.58604778911356,0.4716981132075472,0.01384609225287825,0.0023457033865303956,-0.13110381509929825,-0.2622883466614623,0.07478288269349698,5,0.5377358490566038,2,1.0,0.2688679245283019,1.0,0.5,2020-03,-0.13439027496188194,2021-04,4.479729027159049,LINKUSDT,0.9999999999999998,1.0,low
next_close_base_ccap5_scap2_symbol_order_alloc0.005,next_close,base,5,2,symbol_order,0.005,AVAXUSDT,71,0,0.0,0.8531506062151845,1.2016205721340627,1.01561063306853,0.6197183098591549,0.42686436344030465,0.08201646209076152,-0.3102774091667926,-0.6211264499039277,1.2161086447197076,5,0.5422535211267606,2,1.0,0.2711267605633803,1.0,0.5,2021-05,-0.21053674989249815,2022-05,0.4808261188496641,AVAXUSDT,0.9999999999999999,1.0,low
next_close_base_ccap5_scap2_symbol_order_alloc0.005,next_close,base,5,2,symbol_order,0.005,SOLUSDT,68,0,0.0,0.8713438105702044,1.2813879567208888,0.184208098589965,0.5294117647058824,0.4358389783211347,0.08373135703789725,-0.24555262679184509,-0.4912910899327809,1.1048205665286677,4,0.7205882352941176,2,2.0,0.3602941176470588,1.0,1.0,2021-05,-0.15738374069096395,2024-08,0.4435877100311271,SOLUSDT,0.9999999999999999,1.0,low
next_close_base_ccap5_scap2_largest_drop_alloc0.005,next_close,base,5,2,largest_drop,0.005,XRPUSDT,61,0,0.0,0.8995567910346879,1.4746832639912917,0.9594137637343001,0.6229508196721312,0.45043619487810105,0.0752549568295402,-0.09373677787328782,-0.18752771382473266,1.7178072740029426,4,0.5327868852459017,2,1.0,0.26639344262295084,1.0,0.5,2025-04,-0.04686703976113371,2020-03,0.2836398091032933,XRPUSDT,1.0,1.0,low
next_close_base_ccap5_scap2_largest_drop_alloc0.005,next_close,base,5,2,largest_drop,0.005,LTCUSDT,53,0,0.0,0.5079008235874336,0.9583034407310068,1.10273201410641,0.6226415094339622,0.2540738645670171,0.04249848678476997,-0.058577503694623445,-0.11715577208702571,1.281136314225753,3,0.5188679245283019,2,1.0,0.25943396226415094,1.0,0.5,2025-02,-0.057917727366141314,2020-03,0.44445349210694035,LTCUSDT,1.0,1.0,low
next_close_base_ccap5_scap2_largest_drop_alloc0.005,next_close,base,5,2,largest_drop,0.005,ADAUSDT,63,0,0.0,0.8056632550976204,1.2788305636470165,1.2974092046276702,0.5714285714285714,0.4032579110430312,0.06817976767865552,-0.18334839747646825,-0.3668720061852232,1.4654071820925638,3,0.5317460317460317,2,1.0,0.26587301587301587,1.0,0.5,2025-02,-0.18334839747646825,2021-02,0.34408882353036774,ADAUSDT,1.0000000000000002,1.0,low
next_close_base_ccap5_scap2_largest_drop_alloc0.005,next_close,base,5,2,largest_drop,0.005,BNBUSDT,45,0,0.0,0.9186634767372654,2.0414743927494787,0.9971755700844199,0.5555555555555556,0.46013243651183977,0.10442237875332161,-0.08173045922935662,-0.1634609184587105,2.1118519614596782,4,0.5888888888888889,2,1.0,0.29444444444444445,1.0,0.5,2023-06,-0.016783156378152864,2021-02,0.3651509388700976,BNBUSDT,1.0,1.0,low
next_close_base_ccap5_scap2_largest_drop_alloc0.005,next_close,base,5,2,largest_drop,0.005,ETHUSDT,42,0,0.0,0.14521078067740742,0.3457399539938272,0.502092834523615,0.6190476190476191,0.07252686672545305,0.012282018419540464,-0.15480758835219044,-0.30973979177692834,0.49699337101062246,4,0.6190476190476191,2,1.8499999999999943,0.30952380952380953,1.0,0.9249999999999972,2020-03,-0.08581334327141255,2021-05,1.2859427343272463,ETHUSDT,1.0,1.0,low
next_close_base_ccap5_scap2_largest_drop_alloc0.005,next_close,base,5,2,largest_drop,0.005,LINKUSDT,80,0,0.0,0.36825844781816136,0.4603230597727017,0.05110474783165406,0.5,0.1838918562483638,0.03112140764729432,-0.2883808791770526,-0.5773689446041843,0.6436311310600902,9,0.5875,2,1.0,0.29375,1.0,0.5,2020-03,-0.28094189087808363,2021-02,0.5978529606291068,LINKUSDT,0.9999999999999999,1.0,low
next_close_base_ccap5_scap2_largest_drop_alloc0.005,next_close,base,5,2,largest_drop,0.005,BTCUSDT,10,0,0.0,-0.061933499132340586,-0.6193349913234059,0.47072178444486,0.6,-0.031008038198887533,-0.006221717220811218,-0.08854119957875106,-0.1770823991575102,-0.30763856778849996,2,0.5,1,1.0,0.25,0.5,0.5,2020-03,-0.08608380193136922,2021-06,,BTCUSDT,,0.0,low
next_close_base_ccap5_scap2_largest_drop_alloc0.005,next_close,base,5,2,largest_drop,0.005,AVAXUSDT,81,0,0.0,1.1614302471249645,1.433864502623413,1.51023970245653,0.6296296296296297,0.5817464889543267,0.11169625905096403,-0.3153168735472778,-0.6312345956747055,1.6215227060181154,5,0.6111111111111112,2,1.9499999999999886,0.3055555555555556,1.0,0.9749999999999943,2021-05,-0.2534030299960244,2022-05,0.4711500158265622,AVAXUSDT,1.0,1.0,low
next_close_base_ccap5_scap2_largest_drop_alloc0.005,next_close,base,5,2,largest_drop,0.005,SOLUSDT,56,0,0.0,0.12048990779986463,0.2151605496426154,-0.273253716045145,0.48214285714285715,0.05963632914687267,0.01164490599148138,-0.3794550060143065,-0.7595388572256379,0.16872505807665478,4,0.6428571428571429,2,2.0,0.32142857142857145,1.0,1.0,2021-05,-0.2414458428405153,2024-08,2.6870283101082295,SOLUSDT,0.9999999999999998,1.0,low
next_close_base_ccap5_scap2_liquidity_priority_alloc0.005,next_close,base,5,2,liquidity_priority,0.005,XRPUSDT,65,0,0.0,0.7773271041944962,1.1958878526069174,0.9594137637343001,0.6153846153846154,0.3891892882935233,0.06503422410806259,-0.111832416714297,-0.2237544914272869,1.8467763793385568,7,0.5307692307692308,2,1.0,0.2653846153846154,1.0,0.5,2021-05,-0.0618309567290809,2022-05,0.21761680219618654,XRPUSDT,0.9999999999999999,1.0,low
next_close_base_ccap5_scap2_liquidity_priority_alloc0.005,next_close,base,5,2,liquidity_priority,0.005,LTCUSDT,27,0,0.0,-0.04347130368066291,-0.16100482844689967,0.78208099692073,0.5925925925925926,-0.021779620108752784,-0.0036588569624407263,-0.1088977060139995,-0.2178722924607187,-0.22177667949371152,2,0.5,1,1.0,0.25,0.5,0.5,2022-05,-0.044504278090418126,2025-03,,LTCUSDT,,0.0,low
next_close_base_ccap5_scap2_liquidity_priority_alloc0.005,next_close,base,5,2,liquidity_priority,0.005,ADAUSDT,66,0,0.0,0.6002195180937782,0.9094235122633002,1.107805015113455,0.5757575757575758,0.30030099496538565,0.05091921883251249,-0.18334839747645715,-0.36687200618522325,1.326807848767606,4,0.5454545454545454,2,1.0,0.2727272727272727,1.0,0.5,2025-02,-0.18334839747646825,2021-02,0.5283439525611241,ADAUSDT,1.0,1.0,low
next_close_base_ccap5_scap2_liquidity_priority_alloc0.005,next_close,base,5,2,liquidity_priority,0.005,BTCUSDT,27,0,0.0,0.3134996303990718,1.1611097422187844,0.77229348382789,0.6296296296296297,0.15665900963064416,0.026515582047759167,-0.08854119957875106,-0.1770823991575102,0.7524259917127983,2,0.5740740740740741,2,1.0,0.28703703703703703,1.0,0.5,2021-01,-0.04418544714085426,2020-03,0.523376433419596,BTCUSDT,1.0,1.0,low
next_close_base_ccap5_scap2_liquidity_priority_alloc0.005,next_close,base,5,2,liquidity_priority,0.005,ETHUSDT,63,0,0.0,0.34942189551294023,0.5546379293856194,0.48955474722129,0.5714285714285714,0.17451272741186852,0.029535255649482117,-0.15532815565209024,-0.3107765961317821,0.6569000065417921,4,0.6587301587301587,2,2.0,0.32936507936507936,1.0,1.0,2021-04,-0.02269828198115942,2022-06,0.2923974037928323,ETHUSDT,0.9999999999999999,1.0,low
next_close_base_ccap5_scap2_liquidity_priority_alloc0.005,next_close,base,5,2,liquidity_priority,0.005,BNBUSDT,51,0,0.0,1.3976093374661593,2.74041046561992,1.55240603623004,0.6078431372549019,0.7008455095830257,0.11835589922586376,-0.08173045922935662,-0.1634609184587105,2.593056728131304,5,0.5392156862745098,2,1.0,0.2696078431372549,1.0,0.5,2021-01,-0.019264473380720126,2020-03,0.28138864683375386,BNBUSDT,1.0000000000000002,1.0,low
next_close_base_ccap5_scap2_liquidity_priority_alloc0.005,next_close,base,5,2,liquidity_priority,0.005,LINKUSDT,53,0,0.0,0.0280350361161504,0.05289629455877434,-0.58604778911356,0.4716981132075472,0.01384609225287825,0.0023457033865303956,-0.13110381509929825,-0.2622883466614623,0.07478288269349698,5,0.5377358490566038,2,1.0,0.2688679245283019,1.0,0.5,2020-03,-0.13439027496188194,2021-04,4.479729027159049,LINKUSDT,0.9999999999999998,1.0,low
next_close_base_ccap5_scap2_liquidity_priority_alloc0.005,next_close,base,5,2,liquidity_priority,0.005,AVAXUSDT,71,0,0.0,0.8531506062151845,1.2016205721340627,1.01561063306853,0.6197183098591549,0.42686436344030465,0.08201646209076152,-0.3102774091667926,-0.6211264499039277,1.2161086447197076,5,0.5422535211267606,2,1.0,0.2711267605633803,1.0,0.5,2021-05,-0.21053674989249815,2022-05,0.4808261188496641,AVAXUSDT,0.9999999999999999,1.0,low
next_close_base_ccap5_scap2_liquidity_priority_alloc0.005,next_close,base,5,2,liquidity_priority,0.005,SOLUSDT,68,0,0.0,0.8713438105702044,1.2813879567208888,0.184208098589965,0.5294117647058824,0.4358389783211347,0.08373135703789725,-0.24555262679184509,-0.4912910899327809,1.1048205665286677,4,0.7205882352941176,2,2.0,0.3602941176470588,1.0,1.0,2021-05,-0.15738374069096395,2024-08,0.4435877100311271,SOLUSDT,0.9999999999999999,1.0,low
next_close_base_ccap5_scapunlimited_symbol_order_alloc0.005,next_close,base,5,unlimited,symbol_order,0.005,XRPUSDT,64,0,0.0,0.7998935732575576,1.2498337082149338,1.0746333599546398,0.625,0.400517714178128,0.06692407794404165,-0.111832416714297,-0.2237544914272869,1.906786012651654,7,0.53125,2,1.0,0.265625,1.0,0.5,2021-05,-0.0618309567290809,2022-05,0.21146162920968595,XRPUSDT,1.0,1.0,low
next_close_base_ccap5_scapunlimited_symbol_order_alloc0.005,next_close,base,5,unlimited,symbol_order,0.005,LTCUSDT,27,0,0.0,-0.04347130368066291,-0.16100482844689967,0.78208099692073,0.5925925925925926,-0.021779620108752784,-0.0036588569624407263,-0.1088977060139995,-0.2178722924607187,-0.22177667949371152,2,0.5,1,1.0,0.25,0.5,0.5,2022-05,-0.044504278090418126,2025-03,,LTCUSDT,,0.0,low
next_close_base_ccap5_scapunlimited_symbol_order_alloc0.005,next_close,base,5,unlimited,symbol_order,0.005,ADAUSDT,66,0,0.0,0.6002195180937782,0.9094235122633002,1.107805015113455,0.5757575757575758,0.30030099496538565,0.05091921883251249,-0.18334839747645715,-0.36687200618522325,1.326807848767606,4,0.5454545454545454,2,1.0,0.2727272727272727,1.0,0.5,2025-02,-0.18334839747646825,2021-02,0.5283439525611241,ADAUSDT,1.0,1.0,low
next_close_base_ccap5_scapunlimited_symbol_order_alloc0.005,next_close,base,5,unlimited,symbol_order,0.005,BTCUSDT,27,0,0.0,0.3134996303990718,1.1611097422187844,0.77229348382789,0.6296296296296297,0.15665900963064416,0.026515582047759167,-0.08854119957875106,-0.1770823991575102,0.7524259917127983,2,0.5740740740740741,2,1.0,0.28703703703703703,1.0,0.5,2021-01,-0.04418544714085426,2020-03,0.523376433419596,BTCUSDT,1.0,1.0,low
next_close_base_ccap5_scapunlimited_symbol_order_alloc0.005,next_close,base,5,unlimited,symbol_order,0.005,ETHUSDT,66,0,0.0,0.3830809172189788,0.5804256321499679,0.48583830525964505,0.5606060606060606,0.19135256899189823,0.032383038501238026,-0.15532815565209024,-0.3107765961317821,0.7005325278079241,4,0.7424242424242424,3,2.0,0.3712121212121212,1.5,1.0,2021-01,-0.03668865182132608,2021-05,0.33094560078054,ETHUSDT,0.9999999999999997,1.0,low
next_close_base_ccap5_scapunlimited_symbol_order_alloc0.005,next_close,base,5,unlimited,symbol_order,0.005,BNBUSDT,52,0,0.0,1.4483566100844483,2.785301173239324,1.6101800962525952,0.6153846153846154,0.726396975882948,0.12265798270849615,-0.08173045922935662,-0.1634609184587105,2.6852093218457447,5,0.5769230769230769,3,1.0,0.28846153846153844,1.5,0.5,2021-01,-0.019264473380720126,2020-03,0.27149062582669503,BNBUSDT,1.0000000000000002,1.0,low
next_close_base_ccap5_scapunlimited_symbol_order_alloc0.005,next_close,base,5,unlimited,symbol_order,0.005,LINKUSDT,51,0,0.0,-0.08394833318761678,-0.16460457487768,-0.60999536225868,0.45098039215686275,-0.04212725571575149,-0.007138550013729983,-0.13110381509929825,-0.2622883466614623,-0.23104690882044396,5,0.5392156862745098,2,1.0,0.2696078431372549,1.0,0.5,2020-03,-0.13439027496188194,2021-04,,LINKUSDT,,0.0,low
next_close_base_ccap5_scapunlimited_symbol_order_alloc0.005,next_close,base,5,unlimited,symbol_order,0.005,AVAXUSDT,71,0,0.0,0.8531506062151845,1.2016205721340627,1.01561063306853,0.6197183098591549,0.42686436344030465,0.08201646209076152,-0.3102774091667926,-0.6211264499039277,1.2161086447197076,5,0.5422535211267606,2,1.0,0.2711267605633803,1.0,0.5,2021-05,-0.21053674989249815,2022-05,0.4808261188496641,AVAXUSDT,0.9999999999999999,1.0,low
next_close_base_ccap5_scapunlimited_symbol_order_alloc0.005,next_close,base,5,unlimited,symbol_order,0.005,SOLUSDT,67,0,0.0,0.8079866640361314,1.205950244830047,0.09439514438422,0.5223880597014925,0.404032413350075,0.07763076352136355,-0.27714340498230516,-0.5546482364668539,1.0265464838144127,4,0.7089552238805971,2,2.0,0.35447761194029853,1.0,1.0,2021-05,-0.18900244068135175,2024-08,0.4785081789174782,SOLUSDT,0.9999999999999998,1.0,low
next_close_base_ccap5_scapunlimited_largest_drop_alloc0.005,next_close,base,5,unlimited,largest_drop,0.005,XRPUSDT,61,0,0.0,0.8995567910346879,1.4746832639912917,0.9594137637343001,0.6229508196721312,0.45043619487810105,0.0752549568295402,-0.09373677787328782,-0.18752771382473266,1.7178072740029426,4,0.5327868852459017,2,1.0,0.26639344262295084,1.0,0.5,2025-04,-0.04686703976113371,2020-03,0.2836398091032933,XRPUSDT,1.0,1.0,low
next_close_base_ccap5_scapunlimited_largest_drop_alloc0.005,next_close,base,5,unlimited,largest_drop,0.005,LTCUSDT,53,0,0.0,0.5079008235874336,0.9583034407310068,1.10273201410641,0.6226415094339622,0.2540738645670171,0.04249848678476997,-0.058577503694623445,-0.11715577208702571,1.281136314225753,3,0.5188679245283019,2,1.0,0.25943396226415094,1.0,0.5,2025-02,-0.057917727366141314,2020-03,0.44445349210694035,LTCUSDT,1.0,1.0,low
next_close_base_ccap5_scapunlimited_largest_drop_alloc0.005,next_close,base,5,unlimited,largest_drop,0.005,ADAUSDT,63,0,0.0,0.8056632550976204,1.2788305636470165,1.2974092046276702,0.5714285714285714,0.4032579110430312,0.06817976767865552,-0.18334839747646825,-0.3668720061852232,1.4654071820925638,3,0.5317460317460317,2,1.0,0.26587301587301587,1.0,0.5,2025-02,-0.18334839747646825,2021-02,0.34408882353036774,ADAUSDT,1.0000000000000002,1.0,low
next_close_base_ccap5_scapunlimited_largest_drop_alloc0.005,next_close,base,5,unlimited,largest_drop,0.005,BNBUSDT,45,0,0.0,0.9186634767372654,2.0414743927494787,0.9971755700844199,0.5555555555555556,0.46013243651183977,0.10442237875332161,-0.08173045922935662,-0.1634609184587105,2.1118519614596782,4,0.5888888888888889,2,1.0,0.29444444444444445,1.0,0.5,2023-06,-0.016783156378152864,2021-02,0.3651509388700976,BNBUSDT,1.0,1.0,low
next_close_base_ccap5_scapunlimited_largest_drop_alloc0.005,next_close,base,5,unlimited,largest_drop,0.005,ETHUSDT,42,0,0.0,0.14521078067740742,0.3457399539938272,0.502092834523615,0.6190476190476191,0.07252686672545305,0.012282018419540464,-0.15480758835219044,-0.30973979177692834,0.49699337101062246,4,0.6190476190476191,2,1.8499999999999943,0.30952380952380953,1.0,0.9249999999999972,2020-03,-0.08581334327141255,2021-05,1.2859427343272463,ETHUSDT,1.0,1.0,low
next_close_base_ccap5_scapunlimited_largest_drop_alloc0.005,next_close,base,5,unlimited,largest_drop,0.005,LINKUSDT,79,0,0.0,0.3691067778424856,0.46722376942086785,0.10787724985045,0.5063291139240507,0.18431680306794096,0.03119326963612057,-0.2883808791770526,-0.5773689446041843,0.6450921601753763,9,0.5886075949367089,2,1.0,0.29430379746835444,1.0,0.5,2020-03,-0.28094189087808363,2021-02,0.5964745962588194,LINKUSDT,0.9999999999999994,1.0,low
next_close_base_ccap5_scapunlimited_largest_drop_alloc0.005,next_close,base,5,unlimited,largest_drop,0.005,BTCUSDT,10,0,0.0,-0.061933499132340586,-0.6193349913234059,0.47072178444486,0.6,-0.031008038198887533,-0.006221717220811218,-0.08854119957875106,-0.1770823991575102,-0.30763856778849996,2,0.5,1,1.0,0.25,0.5,0.5,2020-03,-0.08608380193136922,2021-06,,BTCUSDT,,0.0,low
next_close_base_ccap5_scapunlimited_largest_drop_alloc0.005,next_close,base,5,unlimited,largest_drop,0.005,AVAXUSDT,81,0,0.0,1.1614302471249645,1.433864502623413,1.51023970245653,0.6296296296296297,0.5817464889543267,0.11169625905096403,-0.3153168735472778,-0.6312345956747055,1.6215227060181154,5,0.6111111111111112,2,1.9499999999999886,0.3055555555555556,1.0,0.9749999999999943,2021-05,-0.2534030299960244,2022-05,0.4711500158265622,AVAXUSDT,1.0,1.0,low
next_close_base_ccap5_scapunlimited_largest_drop_alloc0.005,next_close,base,5,unlimited,largest_drop,0.005,SOLUSDT,57,0,0.0,0.18824976438096502,0.3302627445280088,-0.22029086248345997,0.49122807017543857,0.09353646218301925,0.01826193632130657,-0.34570363680769267,-0.6917790006445372,0.2625468809008024,4,0.6754385964912281,3,2.0,0.33771929824561403,1.5,1.0,2021-05,-0.2414458428405153,2024-08,1.713176882989599,SOLUSDT,1.0000000000000004,1.0,low
next_close_base_ccap5_scapunlimited_liquidity_priority_alloc0.005,next_close,base,5,unlimited,liquidity_priority,0.005,XRPUSDT,64,0,0.0,0.7998935732575576,1.2498337082149338,1.0746333599546398,0.625,0.400517714178128,0.06692407794404165,-0.111832416714297,-0.2237544914272869,1.906786012651654,7,0.53125,2,1.0,0.265625,1.0,0.5,2021-05,-0.0618309567290809,2022-05,0.21146162920968595,XRPUSDT,1.0,1.0,low
next_close_base_ccap5_scapunlimited_liquidity_priority_alloc0.005,next_close,base,5,unlimited,liquidity_priority,0.005,LTCUSDT,27,0,0.0,-0.04347130368066291,-0.16100482844689967,0.78208099692073,0.5925925925925926,-0.021779620108752784,-0.0036588569624407263,-0.1088977060139995,-0.2178722924607187,-0.22177667949371152,2,0.5,1,1.0,0.25,0.5,0.5,2022-05,-0.044504278090418126,2025-03,,LTCUSDT,,0.0,low
next_close_base_ccap5_scapunlimited_liquidity_priority_alloc0.005,next_close,base,5,unlimited,liquidity_priority,0.005,ADAUSDT,66,0,0.0,0.6002195180937782,0.9094235122633002,1.107805015113455,0.5757575757575758,0.30030099496538565,0.05091921883251249,-0.18334839747645715,-0.36687200618522325,1.326807848767606,4,0.5454545454545454,2,1.0,0.2727272727272727,1.0,0.5,2025-02,-0.18334839747646825,2021-02,0.5283439525611241,ADAUSDT,1.0,1.0,low
next_close_base_ccap5_scapunlimited_liquidity_priority_alloc0.005,next_close,base,5,unlimited,liquidity_priority,0.005,BTCUSDT,27,0,0.0,0.3134996303990718,1.1611097422187844,0.77229348382789,0.6296296296296297,0.15665900963064416,0.026515582047759167,-0.08854119957875106,-0.1770823991575102,0.7524259917127983,2,0.5740740740740741,2,1.0,0.28703703703703703,1.0,0.5,2021-01,-0.04418544714085426,2020-03,0.523376433419596,BTCUSDT,1.0,1.0,low
next_close_base_ccap5_scapunlimited_liquidity_priority_alloc0.005,next_close,base,5,unlimited,liquidity_priority,0.005,ETHUSDT,66,0,0.0,0.3830809172189788,0.5804256321499679,0.48583830525964505,0.5606060606060606,0.19135256899189823,0.032383038501238026,-0.15532815565209024,-0.3107765961317821,0.7005325278079241,4,0.7424242424242424,3,2.0,0.3712121212121212,1.5,1.0,2021-01,-0.03668865182132608,2021-05,0.33094560078054,ETHUSDT,0.9999999999999997,1.0,low
next_close_base_ccap5_scapunlimited_liquidity_priority_alloc0.005,next_close,base,5,unlimited,liquidity_priority,0.005,BNBUSDT,52,0,0.0,1.4483566100844483,2.785301173239324,1.6101800962525952,0.6153846153846154,0.726396975882948,0.12265798270849615,-0.08173045922935662,-0.1634609184587105,2.6852093218457447,5,0.5769230769230769,3,1.0,0.28846153846153844,1.5,0.5,2021-01,-0.019264473380720126,2020-03,0.27149062582669503,BNBUSDT,1.0000000000000002,1.0,low
next_close_base_ccap5_scapunlimited_liquidity_priority_alloc0.005,next_close,base,5,unlimited,liquidity_priority,0.005,LINKUSDT,51,0,0.0,-0.08394833318761678,-0.16460457487768,-0.60999536225868,0.45098039215686275,-0.04212725571575149,-0.007138550013729983,-0.13110381509929825,-0.2622883466614623,-0.23104690882044396,5,0.5392156862745098,2,1.0,0.2696078431372549,1.0,0.5,2020-03,-0.13439027496188194,2021-04,,LINKUSDT,,0.0,low
next_close_base_ccap5_scapunlimited_liquidity_priority_alloc0.005,next_close,base,5,unlimited,liquidity_priority,0.005,AVAXUSDT,71,0,0.0,0.8531506062151845,1.2016205721340627,1.01561063306853,0.6197183098591549,0.42686436344030465,0.08201646209076152,-0.3102774091667926,-0.6211264499039277,1.2161086447197076,5,0.5422535211267606,2,1.0,0.2711267605633803,1.0,0.5,2021-05,-0.21053674989249815,2022-05,0.4808261188496641,AVAXUSDT,0.9999999999999999,1.0,low
next_close_base_ccap5_scapunlimited_liquidity_priority_alloc0.005,next_close,base,5,unlimited,liquidity_priority,0.005,SOLUSDT,67,0,0.0,0.8079866640361314,1.205950244830047,0.09439514438422,0.5223880597014925,0.404032413350075,0.07763076352136355,-0.27714340498230516,-0.5546482364668539,1.0265464838144127,4,0.7089552238805971,2,2.0,0.35447761194029853,1.0,1.0,2021-05,-0.18900244068135175,2024-08,0.4785081789174782,SOLUSDT,0.9999999999999998,1.0,low
next_close_base_ccap10_scap1_symbol_order_alloc0.005,next_close,base,10,1,symbol_order,0.005,XRPUSDT,76,0,0.0,0.8062879221017055,1.060905160660139,0.8256061003201851,0.6447368421052632,0.40361330838285525,0.06744046660576153,-0.18332756637946535,-0.36691782883982804,1.5534347759615132,5,0.5,1,1.0,0.25,0.5,0.5,2021-05,-0.11478207310723354,2022-05,0.27632346245980643,XRPUSDT,1.0000000000000002,1.0,low
next_close_base_ccap10_scap1_symbol_order_alloc0.005,next_close,base,10,1,symbol_order,0.005,LTCUSDT,66,0,0.0,-0.2603541141667207,-0.39447593055563746,0.218503364290445,0.5606060606060606,-0.13031299742839453,-0.021832113660236185,-0.2804157684281883,-0.5614259017610711,-0.6164713636034669,9,0.5,1,1.0,0.25,0.5,0.5,2021-05,-0.20698899894209255,2021-04,,LTCUSDT,,0.0,low
next_close_base_ccap10_scap1_symbol_order_alloc0.005,next_close,base,10,1,symbol_order,0.005,ADAUSDT,77,0,0.0,0.6046076222820269,0.7852047042623727,1.36367691543636,0.6103896103896104,0.3024160148268784,0.0511515481644631,-0.16588942177482302,-0.3318806913604652,1.1548653732197118,3,0.5,1,1.0,0.25,0.5,0.5,2020-03,-0.14698083560927833,2021-02,0.5891792352671974,ADAUSDT,1.0,1.0,low
next_close_base_ccap10_scap1_symbol_order_alloc0.005,next_close,base,10,1,symbol_order,0.005,BTCUSDT,31,0,0.0,0.10433964258726165,0.3365794922169731,1.1596525432420302,0.6774193548387096,0.05210079191000361,0.008822233448246841,-0.13703604500314714,-0.2741460989432326,0.40042482248832145,2,0.5,1,1.0,0.25,0.5,0.5,2020-03,-0.08216555931415126,2021-05,0.5983637984395961,BTCUSDT,1.0000000000000004,1.0,low
next_close_base_ccap10_scap1_symbol_order_alloc0.005,next_close,base,10,1,symbol_order,0.005,ETHUSDT,59,0,0.0,0.4948133696366379,0.8386667281976914,0.48212186329800005,0.576271186440678,0.24740823008086998,0.041859738621896625,-0.1400889564029173,-0.28029490977771304,1.003101584964993,4,0.5,1,1.0,0.25,0.5,0.5,2021-04,-0.04790174831745819,2020-03,0.3766736299274507,ETHUSDT,0.9999999999999998,1.0,low
next_close_base_ccap10_scap1_symbol_order_alloc0.005,next_close,base,10,1,symbol_order,0.005,BNBUSDT,58,0,0.0,1.0253632388199496,1.767867653137844,1.0283584645034298,0.5517241379310345,0.5135881862869285,0.08679980566306256,-0.1617821649738227,-0.3237328600923405,1.8308332757756,6,0.5,1,1.0,0.25,0.5,0.5,2021-05,-0.12193552166190891,2020-03,0.3839846298000791,BNBUSDT,1.0,1.0,low
next_close_base_ccap10_scap1_symbol_order_alloc0.005,next_close,base,10,1,symbol_order,0.005,LINKUSDT,82,0,0.0,0.44708050120911036,0.5452201234257443,0.05110474783165406,0.5,0.22341190822130486,0.03780348934623312,-0.16947054941449657,-0.3390924494933223,0.8118356944399556,7,0.5,1,1.0,0.25,0.5,0.5,2020-03,-0.19084147056299683,2021-04,0.6039207694112366,LINKUSDT,0.9999999999999998,1.0,low
next_close_base_ccap10_scap1_symbol_order_alloc0.005,next_close,base,10,1,symbol_order,0.005,AVAXUSDT,79,0,0.0,1.03494803438608,1.3100608030203544,1.27490507173599,0.6075949367088608,0.5181275271388897,0.09950676196488484,-0.34769845407074396,-0.6961663829354161,1.4076525300966969,5,0.5,1,1.0,0.25,0.5,0.5,2021-05,-0.2479952349617176,2022-05,0.38791932059822753,AVAXUSDT,1.0000000000000002,1.0,low
next_close_base_ccap10_scap1_symbol_order_alloc0.005,next_close,base,10,1,symbol_order,0.005,SOLUSDT,60,0,0.0,0.8292661104298539,1.3821101840497565,0.3830945163529,0.5666666666666667,0.4149324531695253,0.0797215992443201,-0.18238977785367538,-0.364728874007981,1.245639341568086,3,0.5,1,1.0,0.25,0.5,0.5,2021-05,-0.09416506468764574,2021-04,0.2687644143288623,SOLUSDT,1.0,1.0,low
next_close_base_ccap10_scap1_largest_drop_alloc0.005,next_close,base,10,1,largest_drop,0.005,XRPUSDT,76,0,0.0,0.8062879221017055,1.060905160660139,0.8256061003201851,0.6447368421052632,0.40361330838285525,0.06744046660576153,-0.18332756637946535,-0.36691782883982804,1.5534347759615132,5,0.5,1,1.0,0.25,0.5,0.5,2021-05,-0.11478207310723354,2022-05,0.27632346245980643,XRPUSDT,1.0000000000000002,1.0,low
next_close_base_ccap10_scap1_largest_drop_alloc0.005,next_close,base,10,1,largest_drop,0.005,LTCUSDT,66,0,0.0,-0.2603541141667207,-0.39447593055563746,0.218503364290445,0.5606060606060606,-0.13031299742839453,-0.021832113660236185,-0.2804157684281883,-0.5614259017610711,-0.6164713636034669,9,0.5,1,1.0,0.25,0.5,0.5,2021-05,-0.20698899894209255,2021-04,,LTCUSDT,,0.0,low
next_close_base_ccap10_scap1_largest_drop_alloc0.005,next_close,base,10,1,largest_drop,0.005,ADAUSDT,77,0,0.0,0.6046076222820269,0.7852047042623727,1.36367691543636,0.6103896103896104,0.3024160148268784,0.0511515481644631,-0.16588942177482302,-0.3318806913604652,1.1548653732197118,3,0.5,1,1.0,0.25,0.5,0.5,2020-03,-0.14698083560927833,2021-02,0.5891792352671974,ADAUSDT,1.0,1.0,low
next_close_base_ccap10_scap1_largest_drop_alloc0.005,next_close,base,10,1,largest_drop,0.005,BNBUSDT,58,0,0.0,1.0253632388199496,1.767867653137844,1.0283584645034298,0.5517241379310345,0.5135881862869285,0.08679980566306256,-0.1617821649738227,-0.3237328600923405,1.8308332757756,6,0.5,1,1.0,0.25,0.5,0.5,2021-05,-0.12193552166190891,2020-03,0.3839846298000791,BNBUSDT,1.0,1.0,low
next_close_base_ccap10_scap1_largest_drop_alloc0.005,next_close,base,10,1,largest_drop,0.005,ETHUSDT,59,0,0.0,0.4948133696366379,0.8386667281976914,0.48212186329800005,0.576271186440678,0.24740823008086998,0.041859738621896625,-0.1400889564029173,-0.28029490977771304,1.003101584964993,4,0.5,1,1.0,0.25,0.5,0.5,2021-04,-0.04790174831745819,2020-03,0.3766736299274507,ETHUSDT,0.9999999999999998,1.0,low
next_close_base_ccap10_scap1_largest_drop_alloc0.005,next_close,base,10,1,largest_drop,0.005,LINKUSDT,82,0,0.0,0.44708050120911036,0.5452201234257443,0.05110474783165406,0.5,0.22341190822130486,0.03780348934623312,-0.16947054941449657,-0.3390924494933223,0.8118356944399556,7,0.5,1,1.0,0.25,0.5,0.5,2020-03,-0.19084147056299683,2021-04,0.6039207694112366,LINKUSDT,0.9999999999999998,1.0,low
next_close_base_ccap10_scap1_largest_drop_alloc0.005,next_close,base,10,1,largest_drop,0.005,BTCUSDT,31,0,0.0,0.10433964258726165,0.3365794922169731,1.1596525432420302,0.6774193548387096,0.05210079191000361,0.008822233448246841,-0.13703604500314714,-0.2741460989432326,0.40042482248832145,2,0.5,1,1.0,0.25,0.5,0.5,2020-03,-0.08216555931415126,2021-05,0.5983637984395961,BTCUSDT,1.0000000000000004,1.0,low
next_close_base_ccap10_scap1_largest_drop_alloc0.005,next_close,base,10,1,largest_drop,0.005,AVAXUSDT,79,0,0.0,1.03494803438608,1.3100608030203544,1.27490507173599,0.6075949367088608,0.5181275271388897,0.09950676196488484,-0.34769845407074396,-0.6961663829354161,1.4076525300966969,5,0.5,1,1.0,0.25,0.5,0.5,2021-05,-0.2479952349617176,2022-05,0.38791932059822753,AVAXUSDT,1.0000000000000002,1.0,low
next_close_base_ccap10_scap1_largest_drop_alloc0.005,next_close,base,10,1,largest_drop,0.005,SOLUSDT,60,0,0.0,0.8292661104298539,1.3821101840497565,0.3830945163529,0.5666666666666667,0.4149324531695253,0.0797215992443201,-0.18238977785367538,-0.364728874007981,1.245639341568086,3,0.5,1,1.0,0.25,0.5,0.5,2021-05,-0.09416506468764574,2021-04,0.2687644143288623,SOLUSDT,1.0,1.0,low
next_close_base_ccap10_scap1_liquidity_priority_alloc0.005,next_close,base,10,1,liquidity_priority,0.005,XRPUSDT,76,0,0.0,0.8062879221017055,1.060905160660139,0.8256061003201851,0.6447368421052632,0.40361330838285525,0.06744046660576153,-0.18332756637946535,-0.36691782883982804,1.5534347759615132,5,0.5,1,1.0,0.25,0.5,0.5,2021-05,-0.11478207310723354,2022-05,0.27632346245980643,XRPUSDT,1.0000000000000002,1.0,low
next_close_base_ccap10_scap1_liquidity_priority_alloc0.005,next_close,base,10,1,liquidity_priority,0.005,LTCUSDT,66,0,0.0,-0.2603541141667207,-0.39447593055563746,0.218503364290445,0.5606060606060606,-0.13031299742839453,-0.021832113660236185,-0.2804157684281883,-0.5614259017610711,-0.6164713636034669,9,0.5,1,1.0,0.25,0.5,0.5,2021-05,-0.20698899894209255,2021-04,,LTCUSDT,,0.0,low
next_close_base_ccap10_scap1_liquidity_priority_alloc0.005,next_close,base,10,1,liquidity_priority,0.005,ADAUSDT,77,0,0.0,0.6046076222820269,0.7852047042623727,1.36367691543636,0.6103896103896104,0.3024160148268784,0.0511515481644631,-0.16588942177482302,-0.3318806913604652,1.1548653732197118,3,0.5,1,1.0,0.25,0.5,0.5,2020-03,-0.14698083560927833,2021-02,0.5891792352671974,ADAUSDT,1.0,1.0,low
next_close_base_ccap10_scap1_liquidity_priority_alloc0.005,next_close,base,10,1,liquidity_priority,0.005,BTCUSDT,31,0,0.0,0.10433964258726165,0.3365794922169731,1.1596525432420302,0.6774193548387096,0.05210079191000361,0.008822233448246841,-0.13703604500314714,-0.2741460989432326,0.40042482248832145,2,0.5,1,1.0,0.25,0.5,0.5,2020-03,-0.08216555931415126,2021-05,0.5983637984395961,BTCUSDT,1.0000000000000004,1.0,low
next_close_base_ccap10_scap1_liquidity_priority_alloc0.005,next_close,base,10,1,liquidity_priority,0.005,ETHUSDT,59,0,0.0,0.4948133696366379,0.8386667281976914,0.48212186329800005,0.576271186440678,0.24740823008086998,0.041859738621896625,-0.1400889564029173,-0.28029490977771304,1.003101584964993,4,0.5,1,1.0,0.25,0.5,0.5,2021-04,-0.04790174831745819,2020-03,0.3766736299274507,ETHUSDT,0.9999999999999998,1.0,low
next_close_base_ccap10_scap1_liquidity_priority_alloc0.005,next_close,base,10,1,liquidity_priority,0.005,BNBUSDT,58,0,0.0,1.0253632388199496,1.767867653137844,1.0283584645034298,0.5517241379310345,0.5135881862869285,0.08679980566306256,-0.1617821649738227,-0.3237328600923405,1.8308332757756,6,0.5,1,1.0,0.25,0.5,0.5,2021-05,-0.12193552166190891,2020-03,0.3839846298000791,BNBUSDT,1.0,1.0,low
next_close_base_ccap10_scap1_liquidity_priority_alloc0.005,next_close,base,10,1,liquidity_priority,0.005,LINKUSDT,82,0,0.0,0.44708050120911036,0.5452201234257443,0.05110474783165406,0.5,0.22341190822130486,0.03780348934623312,-0.16947054941449657,-0.3390924494933223,0.8118356944399556,7,0.5,1,1.0,0.25,0.5,0.5,2020-03,-0.19084147056299683,2021-04,0.6039207694112366,LINKUSDT,0.9999999999999998,1.0,low
next_close_base_ccap10_scap1_liquidity_priority_alloc0.005,next_close,base,10,1,liquidity_priority,0.005,AVAXUSDT,79,0,0.0,1.03494803438608,1.3100608030203544,1.27490507173599,0.6075949367088608,0.5181275271388897,0.09950676196488484,-0.34769845407074396,-0.6961663829354161,1.4076525300966969,5,0.5,1,1.0,0.25,0.5,0.5,2021-05,-0.2479952349617176,2022-05,0.38791932059822753,AVAXUSDT,1.0000000000000002,1.0,low
next_close_base_ccap10_scap1_liquidity_priority_alloc0.005,next_close,base,10,1,liquidity_priority,0.005,SOLUSDT,60,0,0.0,0.8292661104298539,1.3821101840497565,0.3830945163529,0.5666666666666667,0.4149324531695253,0.0797215992443201,-0.18238977785367538,-0.364728874007981,1.245639341568086,3,0.5,1,1.0,0.25,0.5,0.5,2021-05,-0.09416506468764574,2021-04,0.2687644143288623,SOLUSDT,1.0,1.0,low
next_close_base_ccap10_scap2_symbol_order_alloc0.005,next_close,base,10,2,symbol_order,0.005,XRPUSDT,86,0,0.0,1.325503488747866,1.541283126451007,0.9193665036102149,0.6511627906976745,0.6645146263671631,0.11091491113850438,-0.1647570403804699,-0.329715483358469,2.301433275704577,4,0.6395348837209303,2,2.0,0.31976744186046513,1.0,1.0,2021-05,-0.11838744642861387,2022-05,0.19859103354510507,XRPUSDT,0.9999999999999998,1.0,low
next_close_base_ccap10_scap2_symbol_order_alloc0.005,next_close,base,10,2,symbol_order,0.005,LTCUSDT,60,0,0.0,0.130788696711028,0.21798116118504668,0.9512830843252049,0.6,0.06525620173722935,0.010923861486156206,-0.13727584976384044,-0.2746443524914678,0.36358786908040885,4,0.5166666666666667,2,1.0,0.25833333333333336,1.0,0.5,2020-03,-0.10777033125670687,2021-04,0.8998929765691658,LTCUSDT,1.0000000000000002,1.0,low
next_close_base_ccap10_scap2_symbol_order_alloc0.005,next_close,base,10,2,symbol_order,0.005,ADAUSDT,88,0,0.0,1.0313603627582524,1.172000412225287,1.107805015113455,0.5909090909090909,0.5164139890469821,0.08727046092324997,-0.18334839747646825,-0.36687200618522325,1.5053111813676665,4,0.6477272727272727,2,2.0,0.32386363636363635,1.0,1.0,2025-02,-0.18334839747646825,2025-10,0.37738339436880713,ADAUSDT,1.0,1.0,low
next_close_base_ccap10_scap2_symbol_order_alloc0.005,next_close,base,10,2,symbol_order,0.005,BTCUSDT,34,0,0.0,0.334858438035752,0.9848777589286823,0.778308591466125,0.6470588235294118,0.1673495149151938,0.028323765406512713,-0.11216038429214814,-0.2243626310687915,0.7943851208213031,3,0.6470588235294118,2,2.0,0.3235294117647059,1.0,1.0,2021-01,-0.055019402724831856,2020-03,0.3485647083001166,BTCUSDT,1.0,1.0,low
next_close_base_ccap10_scap2_symbol_order_alloc0.005,next_close,base,10,2,symbol_order,0.005,ETHUSDT,73,0,0.0,0.5964866943400754,0.8171050607398292,0.49012905037712,0.6027397260273972,0.29831618843825236,0.05046236144026217,-0.1655066542406325,-0.33116464289653025,1.0957768410240243,4,0.7191780821917808,2,2.0,0.3595890410958904,1.0,1.0,2021-04,-0.02269828198115942,2022-06,0.17105028289337554,ETHUSDT,1.0,1.0,low
next_close_base_ccap10_scap2_symbol_order_alloc0.005,next_close,base,10,2,symbol_order,0.005,BNBUSDT,70,0,0.0,1.4807028446854456,2.115289778122065,1.7351087949832749,0.6142857142857143,0.7425128201834719,0.12537093060425164,-0.20767217543543603,-0.4155503847493419,2.231188863417073,5,0.7857142857142857,2,2.0,0.3928571428571429,1.0,1.0,2021-05,-0.04088279075186163,2021-02,0.2809867088372878,BNBUSDT,1.0000000000000004,1.0,low
next_close_base_ccap10_scap2_symbol_order_alloc0.005,next_close,base,10,2,symbol_order,0.005,LINKUSDT,90,0,0.0,0.47005082815698884,0.5222786979522098,0.05110474783165406,0.5,0.23484513174893973,0.0397362196618678,-0.2534041273175136,-0.5072341450850136,0.7768873128021966,8,0.6444444444444445,2,2.0,0.32222222222222224,1.0,1.0,2020-03,-0.24185497767652553,2021-04,0.6717678122264988,LINKUSDT,1.0,1.0,low
next_close_base_ccap10_scap2_symbol_order_alloc0.005,next_close,base,10,2,symbol_order,0.005,AVAXUSDT,95,0,0.0,1.3464795742468216,1.4173469202598121,1.63452735170878,0.6210526315789474,0.6746780504611749,0.12949091282170588,-0.4647895671538227,-0.9312240571669608,1.6704784484940987,4,0.7,2,2.0,0.35,1.0,1.0,2021-05,-0.24937962166737826,2022-05,0.5100588148439561,AVAXUSDT,0.9999999999999999,1.0,low
next_close_base_ccap10_scap2_symbol_order_alloc0.005,next_close,base,10,2,symbol_order,0.005,SOLUSDT,80,0,0.0,1.4888853012781595,1.8611066265976992,0.649307823463105,0.575,0.7463420267265874,0.14320495241186837,-0.2314138059551607,-0.46301193495508663,1.8076043451747776,4,0.8,2,2.0,0.4,1.0,1.0,2021-06,-0.08830786832736415,2024-08,0.25904050343208546,SOLUSDT,0.9999999999999999,1.0,low
next_close_base_ccap10_scap2_largest_drop_alloc0.005,next_close,base,10,2,largest_drop,0.005,XRPUSDT,87,0,0.0,1.863478180543083,2.1419289431529687,1.34241482224292,0.6551724137931034,0.9355130106541543,0.1559726263982597,-0.10051600548823814,-0.20104569399122313,2.858313907859582,4,0.6724137931034483,2,2.0,0.33620689655172414,1.0,1.0,2021-06,-0.017660361473159636,2022-05,0.14106340045855376,XRPUSDT,1.0000000000000002,1.0,low
next_close_base_ccap10_scap2_largest_drop_alloc0.005,next_close,base,10,2,largest_drop,0.005,LTCUSDT,71,0,0.0,0.3441930703241597,0.48477897228754885,0.91417890689579,0.5915492957746479,0.17192344667238402,0.02876715049893175,-0.17545065928786796,-0.35106487461037694,0.676898958166831,7,0.6267605633802817,2,2.0,0.31338028169014087,1.0,1.0,2021-05,-0.10902058249170343,2021-12,0.355666164850715,LTCUSDT,1.0000000000000002,1.0,low
next_close_base_ccap10_scap2_largest_drop_alloc0.005,next_close,base,10,2,largest_drop,0.005,ADAUSDT,90,0,0.0,1.5268285935990074,1.6964762151100081,1.3305430600320152,0.6,0.7655996086879169,0.12924799630211758,-0.18334839747646825,-0.3668720061852233,2.031186621759014,4,0.6777777777777778,2,2.0,0.3388888888888889,1.0,1.0,2025-02,-0.18334839747646825,2025-10,0.25455350534998505,ADAUSDT,0.9999999999999999,1.0,low
next_close_base_ccap10_scap2_largest_drop_alloc0.005,next_close,base,10,2,largest_drop,0.005,BNBUSDT,63,0,0.0,1.0788792717698246,1.7125067805870233,1.56148583814034,0.6031746031746031,0.5404705877499971,0.09133295503411798,-0.20767217543543603,-0.41555038474934186,1.8890996658207009,5,0.7063492063492064,2,2.0,0.3531746031746032,1.0,1.0,2020-03,-0.05017541737072362,2021-02,0.3860269889642071,BNBUSDT,1.0,1.0,low
next_close_base_ccap10_scap2_largest_drop_alloc0.005,next_close,base,10,2,largest_drop,0.005,ETHUSDT,65,0,0.0,-0.12354565944159565,-0.19007024529476255,0.36312500526186,0.5538461538461539,-0.061929094094048676,-0.010491428660230895,-0.27548961228720525,-0.5514902788370435,-0.32752866686720805,5,0.6538461538461539,2,2.0,0.3269230769230769,1.0,1.0,2020-03,-0.14349899294383572,2022-06,,ETHUSDT,,0.0,low
next_close_base_ccap10_scap2_largest_drop_alloc0.005,next_close,base,10,2,largest_drop,0.005,LINKUSDT,102,0,0.0,1.452137426457055,1.423664143585348,0.28099671642026497,0.5294117647058824,0.7279864669254232,0.1229255743139257,-0.28722911470415724,-0.5750559831952851,1.9398304552673102,8,0.7450980392156863,2,2.0,0.37254901960784315,1.0,1.0,2020-03,-0.27568388148596634,2021-04,0.27046740070519115,LINKUSDT,0.9999999999999999,1.0,low
next_close_base_ccap10_scap2_largest_drop_alloc0.005,next_close,base,10,2,largest_drop,0.005,BTCUSDT,24,0,0.0,-0.025322338402829506,-0.10550974334512295,0.65718996246974,0.625,-0.012726357812553601,-0.0021555359024594267,-0.14699834888206587,-0.2941144864954533,-0.10792856431444717,3,0.5416666666666666,2,1.0,0.2708333333333333,1.0,0.5,2020-03,-0.10578625123630614,2021-05,,BTCUSDT,,0.0,low
next_close_base_ccap10_scap2_largest_drop_alloc0.005,next_close,base,10,2,largest_drop,0.005,AVAXUSDT,101,0,0.0,1.9705215395382514,1.9510114252853972,1.80350161257717,0.6435643564356436,0.9891850878398278,0.18961487829209922,-0.48375785679342087,-0.9693291111109678,2.3262973664100572,5,0.7574257425742574,2,2.0,0.37871287128712877,1.0,1.0,2021-05,-0.26838896168724924,2022-05,0.43344080164962023,AVAXUSDT,1.0,1.0,low
next_close_base_ccap10_scap2_largest_drop_alloc0.005,next_close,base,10,2,largest_drop,0.005,SOLUSDT,73,0,0.0,1.0548250547452918,1.4449658284182079,0.27402105279571004,0.5342465753424658,0.5279862076131403,0.10139666591080232,-0.3491815641540663,-0.699299683608203,1.3124877367057106,5,0.7328767123287672,2,2.0,0.3664383561643836,1.0,1.0,2021-05,-0.177903880766217,2024-08,0.36617019828941194,SOLUSDT,0.9999999999999998,1.0,low
next_close_base_ccap10_scap2_liquidity_priority_alloc0.005,next_close,base,10,2,liquidity_priority,0.005,XRPUSDT,86,0,0.0,1.325503488747866,1.541283126451007,0.9193665036102149,0.6511627906976745,0.6645146263671631,0.11091491113850438,-0.1647570403804699,-0.329715483358469,2.301433275704577,4,0.6395348837209303,2,2.0,0.31976744186046513,1.0,1.0,2021-05,-0.11838744642861387,2022-05,0.19859103354510507,XRPUSDT,0.9999999999999998,1.0,low
next_close_base_ccap10_scap2_liquidity_priority_alloc0.005,next_close,base,10,2,liquidity_priority,0.005,LTCUSDT,60,0,0.0,0.130788696711028,0.21798116118504668,0.9512830843252049,0.6,0.06525620173722935,0.010923861486156206,-0.13727584976384044,-0.2746443524914678,0.36358786908040885,4,0.5166666666666667,2,1.0,0.25833333333333336,1.0,0.5,2020-03,-0.10777033125670687,2021-04,0.8998929765691658,LTCUSDT,1.0000000000000002,1.0,low
next_close_base_ccap10_scap2_liquidity_priority_alloc0.005,next_close,base,10,2,liquidity_priority,0.005,ADAUSDT,88,0,0.0,1.0313603627582524,1.172000412225287,1.107805015113455,0.5909090909090909,0.5164139890469821,0.08727046092324997,-0.18334839747646825,-0.36687200618522325,1.5053111813676665,4,0.6477272727272727,2,2.0,0.32386363636363635,1.0,1.0,2025-02,-0.18334839747646825,2025-10,0.37738339436880713,ADAUSDT,1.0,1.0,low
next_close_base_ccap10_scap2_liquidity_priority_alloc0.005,next_close,base,10,2,liquidity_priority,0.005,BTCUSDT,34,0,0.0,0.334858438035752,0.9848777589286823,0.778308591466125,0.6470588235294118,0.1673495149151938,0.028323765406512713,-0.11216038429214814,-0.2243626310687915,0.7943851208213031,3,0.6470588235294118,2,2.0,0.3235294117647059,1.0,1.0,2021-01,-0.055019402724831856,2020-03,0.3485647083001166,BTCUSDT,1.0,1.0,low
next_close_base_ccap10_scap2_liquidity_priority_alloc0.005,next_close,base,10,2,liquidity_priority,0.005,ETHUSDT,73,0,0.0,0.5964866943400754,0.8171050607398292,0.49012905037712,0.6027397260273972,0.29831618843825236,0.05046236144026217,-0.1655066542406325,-0.33116464289653025,1.0957768410240243,4,0.7191780821917808,2,2.0,0.3595890410958904,1.0,1.0,2021-04,-0.02269828198115942,2022-06,0.17105028289337554,ETHUSDT,1.0,1.0,low
next_close_base_ccap10_scap2_liquidity_priority_alloc0.005,next_close,base,10,2,liquidity_priority,0.005,BNBUSDT,70,0,0.0,1.4807028446854456,2.115289778122065,1.7351087949832749,0.6142857142857143,0.7425128201834719,0.12537093060425164,-0.20767217543543603,-0.4155503847493419,2.231188863417073,5,0.7857142857142857,2,2.0,0.3928571428571429,1.0,1.0,2021-05,-0.04088279075186163,2021-02,0.2809867088372878,BNBUSDT,1.0000000000000004,1.0,low
next_close_base_ccap10_scap2_liquidity_priority_alloc0.005,next_close,base,10,2,liquidity_priority,0.005,LINKUSDT,90,0,0.0,0.47005082815698884,0.5222786979522098,0.05110474783165406,0.5,0.23484513174893973,0.0397362196618678,-0.2534041273175136,-0.5072341450850136,0.7768873128021966,8,0.6444444444444445,2,2.0,0.32222222222222224,1.0,1.0,2020-03,-0.24185497767652553,2021-04,0.6717678122264988,LINKUSDT,1.0,1.0,low
next_close_base_ccap10_scap2_liquidity_priority_alloc0.005,next_close,base,10,2,liquidity_priority,0.005,AVAXUSDT,95,0,0.0,1.3464795742468216,1.4173469202598121,1.63452735170878,0.6210526315789474,0.6746780504611749,0.12949091282170588,-0.4647895671538227,-0.9312240571669608,1.6704784484940987,4,0.7,2,2.0,0.35,1.0,1.0,2021-05,-0.24937962166737826,2022-05,0.5100588148439561,AVAXUSDT,0.9999999999999999,1.0,low
next_close_base_ccap10_scap2_liquidity_priority_alloc0.005,next_close,base,10,2,liquidity_priority,0.005,SOLUSDT,80,0,0.0,1.4888853012781595,1.8611066265976992,0.649307823463105,0.575,0.7463420267265874,0.14320495241186837,-0.2314138059551607,-0.46301193495508663,1.8076043451747776,4,0.8,2,2.0,0.4,1.0,1.0,2021-06,-0.08830786832736415,2024-08,0.25904050343208546,SOLUSDT,0.9999999999999999,1.0,low
next_close_base_ccap10_scapunlimited_symbol_order_alloc0.005,next_close,base,10,unlimited,symbol_order,0.005,XRPUSDT,87,0,0.0,1.3886538520529546,1.5961538529344306,0.9594137637343001,0.6551724137931034,0.696299629720043,0.11620488901780135,-0.1647570403804699,-0.32971548335846895,2.4030011766114856,4,0.6609195402298851,3,2.0,0.33045977011494254,1.5,1.0,2021-05,-0.11838744642861387,2022-05,0.18952565939056046,XRPUSDT,1.0,1.0,low
next_close_base_ccap10_scapunlimited_symbol_order_alloc0.005,next_close,base,10,unlimited,symbol_order,0.005,LTCUSDT,57,0,0.0,0.16332757195296121,0.28653959991747585,0.98838726175462,0.6140350877192983,0.08154325822735675,0.013649383178604424,-0.11770879835917292,-0.23547633522566722,0.46250360014628694,4,0.5175438596491229,2,1.0,0.25877192982456143,1.0,0.5,2020-03,-0.10777033125670687,2021-04,0.47966420838832685,LTCUSDT,1.0,1.0,low
next_close_base_ccap10_scapunlimited_symbol_order_alloc0.005,next_close,base,10,unlimited,symbol_order,0.005,ADAUSDT,87,0,0.0,1.0334885656914798,1.187917891599402,1.2974092046276702,0.5977011494252874,0.5174835970640057,0.08745083054622071,-0.18334839747647935,-0.36687200618522325,1.508633044888217,4,0.6379310344827587,2,2.0,0.31896551724137934,1.0,1.0,2025-02,-0.18334839747646825,2025-10,0.37660336519223303,ADAUSDT,1.0000000000000002,1.0,low
next_close_base_ccap10_scapunlimited_symbol_order_alloc0.005,next_close,base,10,unlimited,symbol_order,0.005,BTCUSDT,34,0,0.0,0.334858438035752,0.9848777589286823,0.778308591466125,0.6470588235294118,0.1673495149151938,0.028323765406512713,-0.11216038429214814,-0.2243626310687915,0.7943851208213031,3,0.6470588235294118,2,2.0,0.3235294117647059,1.0,1.0,2021-01,-0.055019402724831856,2020-03,0.3485647083001166,BTCUSDT,1.0,1.0,low
next_close_base_ccap10_scapunlimited_symbol_order_alloc0.005,next_close,base,10,unlimited,symbol_order,0.005,ETHUSDT,76,0,0.0,0.6301457160461139,0.8291391000606761,0.489841898799205,0.5921052631578947,0.31517684200557117,0.05331074007459691,-0.1655066542406325,-0.33116464289653025,1.1275003753136923,4,0.7894736842105263,3,2.0,0.39473684210526316,1.5,1.0,2021-01,-0.03668865182132608,2021-05,0.20092621812869135,ETHUSDT,1.0,1.0,low
next_close_base_ccap10_scapunlimited_symbol_order_alloc0.005,next_close,base,10,unlimited,symbol_order,0.005,BNBUSDT,71,0,0.0,1.531450117303735,2.1569719962024436,1.8022634336913999,0.6197183098591549,0.768074858995127,0.12967331552260486,-0.20767217543543603,-0.4155503847493419,2.3056007921061266,5,0.8098591549295775,3,2.0,0.4049295774647887,1.5,1.0,2021-05,-0.04088279075186163,2021-02,0.3047395781543547,BNBUSDT,1.0000000000000002,1.0,low
next_close_base_ccap10_scapunlimited_symbol_order_alloc0.005,next_close,base,10,unlimited,symbol_order,0.005,LINKUSDT,89,0,0.0,0.436805280902007,0.4907924504516933,-0.00566775418714187,0.4943820224719101,0.21818638094102116,0.036920078629498754,-0.2534041273175136,-0.5072341450850136,0.7229203560021431,8,0.6460674157303371,3,2.0,0.32303370786516855,1.5,1.0,2020-03,-0.24185497767652553,2022-05,0.6806105965423326,LINKUSDT,0.9999999999999998,1.0,low
next_close_base_ccap10_scapunlimited_symbol_order_alloc0.005,next_close,base,10,unlimited,symbol_order,0.005,AVAXUSDT,96,0,0.0,1.4066847833146214,1.465296649286064,1.6352266319676103,0.625,0.7049837506604817,0.13529101868361426,-0.4647895671538338,-0.9312240571669609,1.7424279963976153,4,0.71875,3,2.0,0.359375,1.5,1.0,2021-05,-0.24937962166737826,2022-05,0.48813250872386077,AVAXUSDT,1.0,1.0,low
next_close_base_ccap10_scapunlimited_symbol_order_alloc0.005,next_close,base,10,unlimited,symbol_order,0.005,SOLUSDT,81,0,0.0,1.4593395916764396,1.8016538168844933,0.49899768307725006,0.5679012345679012,0.7314578372296543,0.14035742245095406,-0.2630090617038561,-0.5263690814891597,1.7677251450129017,4,0.8333333333333334,3,2.0,0.4166666666666667,1.5,1.0,2021-05,-0.09158326687224161,2024-08,0.2643116315056693,SOLUSDT,1.0000000000000002,1.0,low
next_close_base_ccap10_scapunlimited_largest_drop_alloc0.005,next_close,base,10,unlimited,largest_drop,0.005,XRPUSDT,87,0,0.0,1.863478180543083,2.1419289431529687,1.34241482224292,0.6551724137931034,0.9355130106541543,0.1559726263982597,-0.10051600548823814,-0.20104569399122313,2.858313907859582,4,0.6724137931034483,2,2.0,0.33620689655172414,1.0,1.0,2021-06,-0.017660361473159636,2022-05,0.14106340045855376,XRPUSDT,1.0000000000000002,1.0,low
next_close_base_ccap10_scapunlimited_largest_drop_alloc0.005,next_close,base,10,unlimited,largest_drop,0.005,LTCUSDT,70,0,0.0,0.3816382574967523,0.5451975107096462,1.0412606976523802,0.6,0.19068006614797461,0.031903120927490036,-0.17545065928786796,-0.35106487461037694,0.7511664353817484,7,0.6285714285714286,3,2.0,0.3142857142857143,1.5,1.0,2021-05,-0.10902058249170343,2021-12,0.32068036350706264,LTCUSDT,1.0,1.0,low
next_close_base_ccap10_scapunlimited_largest_drop_alloc0.005,next_close,base,10,unlimited,largest_drop,0.005,ADAUSDT,90,0,0.0,1.59216529693011,1.769072552144567,1.3949667771046999,0.6111111111111112,0.7985184194156725,0.13478701318061503,-0.17543448408341433,-0.35101636313352624,2.1148412541127564,4,0.6777777777777778,2,2.0,0.3388888888888889,1.0,1.0,2025-02,-0.15180209316379978,2025-10,0.2440595725126752,ADAUSDT,1.0,1.0,low
next_close_base_ccap10_scapunlimited_largest_drop_alloc0.005,next_close,base,10,unlimited,largest_drop,0.005,BNBUSDT,62,0,0.0,1.1032812615582657,1.7794859057391383,1.614719997207745,0.6129032258064516,0.552739794076551,0.09340156300989833,-0.20767217543543603,-0.41555038474934186,1.9387355558446566,4,0.7419354838709677,3,2.0,0.3709677419354839,1.5,1.0,2020-03,-0.05017541737072362,2021-02,0.42345930405134574,BNBUSDT,1.0,1.0,low
next_close_base_ccap10_scapunlimited_largest_drop_alloc0.005,next_close,base,10,unlimited,largest_drop,0.005,ETHUSDT,67,0,0.0,-0.22183005113631354,-0.331089628561662,0.30278683110837,0.5373134328358209,-0.11103599674555653,-0.018814485035301143,-0.3244915769958112,-0.6497746705317613,-0.5774641729764007,5,0.7238805970149254,4,2.0,0.3619402985074627,2.0,1.0,2020-03,-0.14349899294383572,2022-06,,ETHUSDT,,0.0,low
next_close_base_ccap10_scapunlimited_largest_drop_alloc0.005,next_close,base,10,unlimited,largest_drop,0.005,LINKUSDT,103,0,0.0,1.488346610796751,1.4449967095114087,0.29038379242944,0.5339805825242718,0.746222858076151,0.1259954288708176,-0.28722911470415724,-0.5750559831952851,1.9874398460923772,8,0.7621359223300971,3,2.0,0.38106796116504854,1.5,1.0,2020-03,-0.27568388148596634,2021-04,0.26385764698430325,LINKUSDT,0.9999999999999999,1.0,low
next_close_base_ccap10_scapunlimited_largest_drop_alloc0.005,next_close,base,10,unlimited,largest_drop,0.005,BTCUSDT,22,0,0.0,-0.04461644539165473,-0.2028020245075215,0.65718996246974,0.5909090909090909,-0.02237138780323278,-0.0037893215231954436,-0.14699834888206587,-0.2941144864954533,-0.19038073840784317,3,0.5454545454545454,2,1.0,0.2727272727272727,1.0,0.5,2020-03,-0.10578625123630614,2021-05,,BTCUSDT,,0.0,low
next_close_base_ccap10_scapunlimited_largest_drop_alloc0.005,next_close,base,10,unlimited,largest_drop,0.005,AVAXUSDT,102,0,0.0,2.076604793603023,2.0358870525519834,1.832914134888505,0.6470588235294118,1.0427513947369516,0.19984001614705704,-0.4837578567934875,-0.9693291111109678,2.4389477065955814,5,0.7745098039215687,3,2.0,0.3872549019607843,1.5,1.0,2021-05,-0.26838896168724924,2022-05,0.4111748779403972,AVAXUSDT,0.9999999999999996,1.0,low
next_close_base_ccap10_scapunlimited_largest_drop_alloc0.005,next_close,base,10,unlimited,largest_drop,0.005,SOLUSDT,75,0,0.0,1.0886364916776448,1.4515153222368598,0.27402105279571004,0.5333333333333333,0.5449754047274213,0.10465219349493626,-0.3491815641540441,-0.699299683608203,1.3493302133467888,5,0.78,3,2.0,0.39,1.5,1.0,2021-05,-0.177903880766217,2024-08,0.3547551185956307,SOLUSDT,1.0000000000000002,1.0,low
next_close_base_ccap10_scapunlimited_liquidity_priority_alloc0.005,next_close,base,10,unlimited,liquidity_priority,0.005,XRPUSDT,87,0,0.0,1.3886538520529546,1.5961538529344306,0.9594137637343001,0.6551724137931034,0.696299629720043,0.11620488901780135,-0.1647570403804699,-0.32971548335846895,2.4030011766114856,4,0.6609195402298851,3,2.0,0.33045977011494254,1.5,1.0,2021-05,-0.11838744642861387,2022-05,0.18952565939056046,XRPUSDT,1.0,1.0,low
next_close_base_ccap10_scapunlimited_liquidity_priority_alloc0.005,next_close,base,10,unlimited,liquidity_priority,0.005,LTCUSDT,57,0,0.0,0.16332757195296121,0.28653959991747585,0.98838726175462,0.6140350877192983,0.08154325822735675,0.013649383178604424,-0.11770879835917292,-0.23547633522566722,0.46250360014628694,4,0.5175438596491229,2,1.0,0.25877192982456143,1.0,0.5,2020-03,-0.10777033125670687,2021-04,0.47966420838832685,LTCUSDT,1.0,1.0,low
next_close_base_ccap10_scapunlimited_liquidity_priority_alloc0.005,next_close,base,10,unlimited,liquidity_priority,0.005,ADAUSDT,87,0,0.0,1.0334885656914798,1.187917891599402,1.2974092046276702,0.5977011494252874,0.5174835970640057,0.08745083054622071,-0.18334839747647935,-0.36687200618522325,1.508633044888217,4,0.6379310344827587,2,2.0,0.31896551724137934,1.0,1.0,2025-02,-0.18334839747646825,2025-10,0.37660336519223303,ADAUSDT,1.0000000000000002,1.0,low
next_close_base_ccap10_scapunlimited_liquidity_priority_alloc0.005,next_close,base,10,unlimited,liquidity_priority,0.005,BTCUSDT,34,0,0.0,0.334858438035752,0.9848777589286823,0.778308591466125,0.6470588235294118,0.1673495149151938,0.028323765406512713,-0.11216038429214814,-0.2243626310687915,0.7943851208213031,3,0.6470588235294118,2,2.0,0.3235294117647059,1.0,1.0,2021-01,-0.055019402724831856,2020-03,0.3485647083001166,BTCUSDT,1.0,1.0,low
next_close_base_ccap10_scapunlimited_liquidity_priority_alloc0.005,next_close,base,10,unlimited,liquidity_priority,0.005,ETHUSDT,76,0,0.0,0.6301457160461139,0.8291391000606761,0.489841898799205,0.5921052631578947,0.31517684200557117,0.05331074007459691,-0.1655066542406325,-0.33116464289653025,1.1275003753136923,4,0.7894736842105263,3,2.0,0.39473684210526316,1.5,1.0,2021-01,-0.03668865182132608,2021-05,0.20092621812869135,ETHUSDT,1.0,1.0,low
next_close_base_ccap10_scapunlimited_liquidity_priority_alloc0.005,next_close,base,10,unlimited,liquidity_priority,0.005,BNBUSDT,71,0,0.0,1.531450117303735,2.1569719962024436,1.8022634336913999,0.6197183098591549,0.768074858995127,0.12967331552260486,-0.20767217543543603,-0.4155503847493419,2.3056007921061266,5,0.8098591549295775,3,2.0,0.4049295774647887,1.5,1.0,2021-05,-0.04088279075186163,2021-02,0.3047395781543547,BNBUSDT,1.0000000000000002,1.0,low
next_close_base_ccap10_scapunlimited_liquidity_priority_alloc0.005,next_close,base,10,unlimited,liquidity_priority,0.005,LINKUSDT,89,0,0.0,0.436805280902007,0.4907924504516933,-0.00566775418714187,0.4943820224719101,0.21818638094102116,0.036920078629498754,-0.2534041273175136,-0.5072341450850136,0.7229203560021431,8,0.6460674157303371,3,2.0,0.32303370786516855,1.5,1.0,2020-03,-0.24185497767652553,2022-05,0.6806105965423326,LINKUSDT,0.9999999999999998,1.0,low
next_close_base_ccap10_scapunlimited_liquidity_priority_alloc0.005,next_close,base,10,unlimited,liquidity_priority,0.005,AVAXUSDT,96,0,0.0,1.4066847833146214,1.465296649286064,1.6352266319676103,0.625,0.7049837506604817,0.13529101868361426,-0.4647895671538338,-0.9312240571669609,1.7424279963976153,4,0.71875,3,2.0,0.359375,1.5,1.0,2021-05,-0.24937962166737826,2022-05,0.48813250872386077,AVAXUSDT,1.0,1.0,low
next_close_base_ccap10_scapunlimited_liquidity_priority_alloc0.005,next_close,base,10,unlimited,liquidity_priority,0.005,SOLUSDT,81,0,0.0,1.4593395916764396,1.8016538168844933,0.49899768307725006,0.5679012345679012,0.7314578372296543,0.14035742245095406,-0.2630090617038561,-0.5263690814891597,1.7677251450129017,4,0.8333333333333334,3,2.0,0.4166666666666667,1.5,1.0,2021-05,-0.09158326687224161,2024-08,0.2643116315056693,SOLUSDT,1.0000000000000002,1.0,low
next_close_base_ccapunlimited_scap1_symbol_order_alloc0.005,next_close,base,unlimited,1,symbol_order,0.005,XRPUSDT,76,0,0.0,0.8062879221017055,1.060905160660139,0.8256061003201851,0.6447368421052632,0.40361330838285525,0.06744046660576153,-0.18332756637946535,-0.36691782883982804,1.5534347759615132,5,0.5,1,1.0,0.25,0.5,0.5,2021-05,-0.11478207310723354,2022-05,0.27632346245980643,XRPUSDT,1.0000000000000002,1.0,low
next_close_base_ccapunlimited_scap1_symbol_order_alloc0.005,next_close,base,unlimited,1,symbol_order,0.005,LTCUSDT,66,0,0.0,-0.2603541141667207,-0.39447593055563746,0.218503364290445,0.5606060606060606,-0.13031299742839453,-0.021832113660236185,-0.2804157684281883,-0.5614259017610711,-0.6164713636034669,9,0.5,1,1.0,0.25,0.5,0.5,2021-05,-0.20698899894209255,2021-04,,LTCUSDT,,0.0,low
next_close_base_ccapunlimited_scap1_symbol_order_alloc0.005,next_close,base,unlimited,1,symbol_order,0.005,ADAUSDT,77,0,0.0,0.6046076222820269,0.7852047042623727,1.36367691543636,0.6103896103896104,0.3024160148268784,0.0511515481644631,-0.16588942177482302,-0.3318806913604652,1.1548653732197118,3,0.5,1,1.0,0.25,0.5,0.5,2020-03,-0.14698083560927833,2021-02,0.5891792352671974,ADAUSDT,1.0,1.0,low
next_close_base_ccapunlimited_scap1_symbol_order_alloc0.005,next_close,base,unlimited,1,symbol_order,0.005,BTCUSDT,31,0,0.0,0.10433964258726165,0.3365794922169731,1.1596525432420302,0.6774193548387096,0.05210079191000361,0.008822233448246841,-0.13703604500314714,-0.2741460989432326,0.40042482248832145,2,0.5,1,1.0,0.25,0.5,0.5,2020-03,-0.08216555931415126,2021-05,0.5983637984395961,BTCUSDT,1.0000000000000004,1.0,low
next_close_base_ccapunlimited_scap1_symbol_order_alloc0.005,next_close,base,unlimited,1,symbol_order,0.005,ETHUSDT,59,0,0.0,0.4948133696366379,0.8386667281976914,0.48212186329800005,0.576271186440678,0.24740823008086998,0.041859738621896625,-0.1400889564029173,-0.28029490977771304,1.003101584964993,4,0.5,1,1.0,0.25,0.5,0.5,2021-04,-0.04790174831745819,2020-03,0.3766736299274507,ETHUSDT,0.9999999999999998,1.0,low
next_close_base_ccapunlimited_scap1_symbol_order_alloc0.005,next_close,base,unlimited,1,symbol_order,0.005,BNBUSDT,58,0,0.0,1.0253632388199496,1.767867653137844,1.0283584645034298,0.5517241379310345,0.5135881862869285,0.08679980566306256,-0.1617821649738227,-0.3237328600923405,1.8308332757756,6,0.5,1,1.0,0.25,0.5,0.5,2021-05,-0.12193552166190891,2020-03,0.3839846298000791,BNBUSDT,1.0,1.0,low
next_close_base_ccapunlimited_scap1_symbol_order_alloc0.005,next_close,base,unlimited,1,symbol_order,0.005,LINKUSDT,82,0,0.0,0.44708050120911036,0.5452201234257443,0.05110474783165406,0.5,0.22341190822130486,0.03780348934623312,-0.16947054941449657,-0.3390924494933223,0.8118356944399556,7,0.5,1,1.0,0.25,0.5,0.5,2020-03,-0.19084147056299683,2021-04,0.6039207694112366,LINKUSDT,0.9999999999999998,1.0,low
next_close_base_ccapunlimited_scap1_symbol_order_alloc0.005,next_close,base,unlimited,1,symbol_order,0.005,AVAXUSDT,79,0,0.0,1.03494803438608,1.3100608030203544,1.27490507173599,0.6075949367088608,0.5181275271388897,0.09950676196488484,-0.34769845407074396,-0.6961663829354161,1.4076525300966969,5,0.5,1,1.0,0.25,0.5,0.5,2021-05,-0.2479952349617176,2022-05,0.38791932059822753,AVAXUSDT,1.0000000000000002,1.0,low
next_close_base_ccapunlimited_scap1_symbol_order_alloc0.005,next_close,base,unlimited,1,symbol_order,0.005,SOLUSDT,60,0,0.0,0.8292661104298539,1.3821101840497565,0.3830945163529,0.5666666666666667,0.4149324531695253,0.0797215992443201,-0.18238977785367538,-0.364728874007981,1.245639341568086,3,0.5,1,1.0,0.25,0.5,0.5,2021-05,-0.09416506468764574,2021-04,0.2687644143288623,SOLUSDT,1.0,1.0,low
next_close_base_ccapunlimited_scap1_largest_drop_alloc0.005,next_close,base,unlimited,1,largest_drop,0.005,XRPUSDT,76,0,0.0,0.8062879221017055,1.060905160660139,0.8256061003201851,0.6447368421052632,0.40361330838285525,0.06744046660576153,-0.18332756637946535,-0.36691782883982804,1.5534347759615132,5,0.5,1,1.0,0.25,0.5,0.5,2021-05,-0.11478207310723354,2022-05,0.27632346245980643,XRPUSDT,1.0000000000000002,1.0,low
next_close_base_ccapunlimited_scap1_largest_drop_alloc0.005,next_close,base,unlimited,1,largest_drop,0.005,LTCUSDT,66,0,0.0,-0.2603541141667207,-0.39447593055563746,0.218503364290445,0.5606060606060606,-0.13031299742839453,-0.021832113660236185,-0.2804157684281883,-0.5614259017610711,-0.6164713636034669,9,0.5,1,1.0,0.25,0.5,0.5,2021-05,-0.20698899894209255,2021-04,,LTCUSDT,,0.0,low
next_close_base_ccapunlimited_scap1_largest_drop_alloc0.005,next_close,base,unlimited,1,largest_drop,0.005,ADAUSDT,77,0,0.0,0.6046076222820269,0.7852047042623727,1.36367691543636,0.6103896103896104,0.3024160148268784,0.0511515481644631,-0.16588942177482302,-0.3318806913604652,1.1548653732197118,3,0.5,1,1.0,0.25,0.5,0.5,2020-03,-0.14698083560927833,2021-02,0.5891792352671974,ADAUSDT,1.0,1.0,low
next_close_base_ccapunlimited_scap1_largest_drop_alloc0.005,next_close,base,unlimited,1,largest_drop,0.005,BNBUSDT,58,0,0.0,1.0253632388199496,1.767867653137844,1.0283584645034298,0.5517241379310345,0.5135881862869285,0.08679980566306256,-0.1617821649738227,-0.3237328600923405,1.8308332757756,6,0.5,1,1.0,0.25,0.5,0.5,2021-05,-0.12193552166190891,2020-03,0.3839846298000791,BNBUSDT,1.0,1.0,low
next_close_base_ccapunlimited_scap1_largest_drop_alloc0.005,next_close,base,unlimited,1,largest_drop,0.005,ETHUSDT,59,0,0.0,0.4948133696366379,0.8386667281976914,0.48212186329800005,0.576271186440678,0.24740823008086998,0.041859738621896625,-0.1400889564029173,-0.28029490977771304,1.003101584964993,4,0.5,1,1.0,0.25,0.5,0.5,2021-04,-0.04790174831745819,2020-03,0.3766736299274507,ETHUSDT,0.9999999999999998,1.0,low
next_close_base_ccapunlimited_scap1_largest_drop_alloc0.005,next_close,base,unlimited,1,largest_drop,0.005,LINKUSDT,82,0,0.0,0.44708050120911036,0.5452201234257443,0.05110474783165406,0.5,0.22341190822130486,0.03780348934623312,-0.16947054941449657,-0.3390924494933223,0.8118356944399556,7,0.5,1,1.0,0.25,0.5,0.5,2020-03,-0.19084147056299683,2021-04,0.6039207694112366,LINKUSDT,0.9999999999999998,1.0,low
next_close_base_ccapunlimited_scap1_largest_drop_alloc0.005,next_close,base,unlimited,1,largest_drop,0.005,BTCUSDT,31,0,0.0,0.10433964258726165,0.3365794922169731,1.1596525432420302,0.6774193548387096,0.05210079191000361,0.008822233448246841,-0.13703604500314714,-0.2741460989432326,0.40042482248832145,2,0.5,1,1.0,0.25,0.5,0.5,2020-03,-0.08216555931415126,2021-05,0.5983637984395961,BTCUSDT,1.0000000000000004,1.0,low
next_close_base_ccapunlimited_scap1_largest_drop_alloc0.005,next_close,base,unlimited,1,largest_drop,0.005,AVAXUSDT,79,0,0.0,1.03494803438608,1.3100608030203544,1.27490507173599,0.6075949367088608,0.5181275271388897,0.09950676196488484,-0.34769845407074396,-0.6961663829354161,1.4076525300966969,5,0.5,1,1.0,0.25,0.5,0.5,2021-05,-0.2479952349617176,2022-05,0.38791932059822753,AVAXUSDT,1.0000000000000002,1.0,low
next_close_base_ccapunlimited_scap1_largest_drop_alloc0.005,next_close,base,unlimited,1,largest_drop,0.005,SOLUSDT,60,0,0.0,0.8292661104298539,1.3821101840497565,0.3830945163529,0.5666666666666667,0.4149324531695253,0.0797215992443201,-0.18238977785367538,-0.364728874007981,1.245639341568086,3,0.5,1,1.0,0.25,0.5,0.5,2021-05,-0.09416506468764574,2021-04,0.2687644143288623,SOLUSDT,1.0,1.0,low
next_close_base_ccapunlimited_scap1_liquidity_priority_alloc0.005,next_close,base,unlimited,1,liquidity_priority,0.005,XRPUSDT,76,0,0.0,0.8062879221017055,1.060905160660139,0.8256061003201851,0.6447368421052632,0.40361330838285525,0.06744046660576153,-0.18332756637946535,-0.36691782883982804,1.5534347759615132,5,0.5,1,1.0,0.25,0.5,0.5,2021-05,-0.11478207310723354,2022-05,0.27632346245980643,XRPUSDT,1.0000000000000002,1.0,low
next_close_base_ccapunlimited_scap1_liquidity_priority_alloc0.005,next_close,base,unlimited,1,liquidity_priority,0.005,LTCUSDT,66,0,0.0,-0.2603541141667207,-0.39447593055563746,0.218503364290445,0.5606060606060606,-0.13031299742839453,-0.021832113660236185,-0.2804157684281883,-0.5614259017610711,-0.6164713636034669,9,0.5,1,1.0,0.25,0.5,0.5,2021-05,-0.20698899894209255,2021-04,,LTCUSDT,,0.0,low
next_close_base_ccapunlimited_scap1_liquidity_priority_alloc0.005,next_close,base,unlimited,1,liquidity_priority,0.005,ADAUSDT,77,0,0.0,0.6046076222820269,0.7852047042623727,1.36367691543636,0.6103896103896104,0.3024160148268784,0.0511515481644631,-0.16588942177482302,-0.3318806913604652,1.1548653732197118,3,0.5,1,1.0,0.25,0.5,0.5,2020-03,-0.14698083560927833,2021-02,0.5891792352671974,ADAUSDT,1.0,1.0,low
next_close_base_ccapunlimited_scap1_liquidity_priority_alloc0.005,next_close,base,unlimited,1,liquidity_priority,0.005,BTCUSDT,31,0,0.0,0.10433964258726165,0.3365794922169731,1.1596525432420302,0.6774193548387096,0.05210079191000361,0.008822233448246841,-0.13703604500314714,-0.2741460989432326,0.40042482248832145,2,0.5,1,1.0,0.25,0.5,0.5,2020-03,-0.08216555931415126,2021-05,0.5983637984395961,BTCUSDT,1.0000000000000004,1.0,low
next_close_base_ccapunlimited_scap1_liquidity_priority_alloc0.005,next_close,base,unlimited,1,liquidity_priority,0.005,ETHUSDT,59,0,0.0,0.4948133696366379,0.8386667281976914,0.48212186329800005,0.576271186440678,0.24740823008086998,0.041859738621896625,-0.1400889564029173,-0.28029490977771304,1.003101584964993,4,0.5,1,1.0,0.25,0.5,0.5,2021-04,-0.04790174831745819,2020-03,0.3766736299274507,ETHUSDT,0.9999999999999998,1.0,low
next_close_base_ccapunlimited_scap1_liquidity_priority_alloc0.005,next_close,base,unlimited,1,liquidity_priority,0.005,BNBUSDT,58,0,0.0,1.0253632388199496,1.767867653137844,1.0283584645034298,0.5517241379310345,0.5135881862869285,0.08679980566306256,-0.1617821649738227,-0.3237328600923405,1.8308332757756,6,0.5,1,1.0,0.25,0.5,0.5,2021-05,-0.12193552166190891,2020-03,0.3839846298000791,BNBUSDT,1.0,1.0,low
next_close_base_ccapunlimited_scap1_liquidity_priority_alloc0.005,next_close,base,unlimited,1,liquidity_priority,0.005,LINKUSDT,82,0,0.0,0.44708050120911036,0.5452201234257443,0.05110474783165406,0.5,0.22341190822130486,0.03780348934623312,-0.16947054941449657,-0.3390924494933223,0.8118356944399556,7,0.5,1,1.0,0.25,0.5,0.5,2020-03,-0.19084147056299683,2021-04,0.6039207694112366,LINKUSDT,0.9999999999999998,1.0,low
next_close_base_ccapunlimited_scap1_liquidity_priority_alloc0.005,next_close,base,unlimited,1,liquidity_priority,0.005,AVAXUSDT,79,0,0.0,1.03494803438608,1.3100608030203544,1.27490507173599,0.6075949367088608,0.5181275271388897,0.09950676196488484,-0.34769845407074396,-0.6961663829354161,1.4076525300966969,5,0.5,1,1.0,0.25,0.5,0.5,2021-05,-0.2479952349617176,2022-05,0.38791932059822753,AVAXUSDT,1.0000000000000002,1.0,low
next_close_base_ccapunlimited_scap1_liquidity_priority_alloc0.005,next_close,base,unlimited,1,liquidity_priority,0.005,SOLUSDT,60,0,0.0,0.8292661104298539,1.3821101840497565,0.3830945163529,0.5666666666666667,0.4149324531695253,0.0797215992443201,-0.18238977785367538,-0.364728874007981,1.245639341568086,3,0.5,1,1.0,0.25,0.5,0.5,2021-05,-0.09416506468764574,2021-04,0.2687644143288623,SOLUSDT,1.0,1.0,low
next_close_base_ccapunlimited_scap2_symbol_order_alloc0.005,next_close,base,unlimited,2,symbol_order,0.005,XRPUSDT,100,0,0.0,2.025734586971149,2.025734586971149,1.364323495856255,0.67,1.0174525862251427,0.16957652823865743,-0.09320256815444905,-0.1864051363088888,3.1719236764783743,3,0.76,2,2.0,0.38,1.0,1.0,2021-06,-0.017660361473159636,2021-12,0.17018220843708706,XRPUSDT,1.0,1.0,low
next_close_base_ccapunlimited_scap2_symbol_order_alloc0.005,next_close,base,unlimited,2,symbol_order,0.005,LTCUSDT,87,0,0.0,0.17576328637682284,0.20202676595037108,0.78208099692073,0.5862068965517241,0.08760729809220713,0.014664062269909017,-0.19213170109948496,-0.38420810363071245,0.3496575019814929,4,0.7758620689655172,2,2.0,0.3879310344827586,1.0,1.0,2020-03,-0.1446085841023459,2024-04,0.7501664525317189,LTCUSDT,0.9999999999999999,1.0,low
next_close_base_ccapunlimited_scap2_symbol_order_alloc0.005,next_close,base,unlimited,2,symbol_order,0.005,ADAUSDT,101,0,0.0,1.519645128016625,1.5045991366501237,1.42625663877304,0.6138613861386139,0.7619697537103454,0.12863713411759292,-0.18334839747647935,-0.3668720061852233,2.0024014042230527,4,0.7376237623762376,2,2.0,0.3688118811881188,1.0,1.0,2025-02,-0.18334839747646825,2025-10,0.2557661418148232,ADAUSDT,0.9999999999999999,1.0,low
next_close_base_ccapunlimited_scap2_symbol_order_alloc0.005,next_close,base,unlimited,2,symbol_order,0.005,BTCUSDT,38,0,0.0,0.2054861608237611,0.5407530547993713,0.9719881211731951,0.6842105263157895,0.1026964064948066,0.017385943584979913,-0.1296345447327596,-0.2593009008005734,0.7243035324131148,3,0.6842105263157895,2,2.0,0.34210526315789475,1.0,1.0,2020-03,-0.06499198303751008,2021-05,0.6062691133464253,BTCUSDT,1.0,1.0,low
next_close_base_ccapunlimited_scap2_symbol_order_alloc0.005,next_close,base,unlimited,2,symbol_order,0.005,ETHUSDT,76,0,0.0,0.8362614460051827,1.100344007901556,0.502092834523615,0.6052631578947368,0.4185705672204776,0.07076901592759643,-0.1655066542406325,-0.33116464289653025,1.4290423679792623,3,0.7368421052631579,2,2.0,0.3684210526315789,1.0,1.0,2021-04,-0.02269828198115942,2021-05,0.3603144768808227,ETHUSDT,1.0,1.0,low
next_close_base_ccapunlimited_scap2_symbol_order_alloc0.005,next_close,base,unlimited,2,symbol_order,0.005,BNBUSDT,78,0,0.0,1.5638211123491619,2.004898861986105,1.6426490947294954,0.6153846153846154,0.7843862450874317,0.13241823548844067,-0.20767217543543603,-0.4155503847493419,2.3518818043794743,5,0.8333333333333334,2,2.0,0.4166666666666667,1.0,1.0,2021-05,-0.03662693398118755,2021-02,0.2659866040735977,BNBUSDT,1.0000000000000004,1.0,low
next_close_base_ccapunlimited_scap2_symbol_order_alloc0.005,next_close,base,unlimited,2,symbol_order,0.005,LINKUSDT,110,0,0.0,1.996644554884504,1.8151314135313672,0.493017836049965,0.5454545454545454,1.0023514348195928,0.16906258530702267,-0.2671245959607882,-0.5347372688711852,2.3215376753507146,5,0.8090909090909091,2,2.0,0.40454545454545454,1.0,1.0,2020-03,-0.08238579339697738,2021-04,0.19643470405498356,LINKUSDT,0.9999999999999999,1.0,low
next_close_base_ccapunlimited_scap2_symbol_order_alloc0.005,next_close,base,unlimited,2,symbol_order,0.005,AVAXUSDT,107,0,0.0,2.0338973721878535,1.900838665596125,1.80350161257717,0.6355140186915887,1.021160073505878,0.19571902978516853,-0.42891294899568555,-0.8590928668979219,2.3610981268485154,5,0.8177570093457944,2,2.0,0.4088785046728972,1.0,1.0,2021-05,-0.29747673662091634,2022-05,0.41986872438239436,AVAXUSDT,1.0000000000000002,1.0,low
next_close_base_ccapunlimited_scap2_symbol_order_alloc0.005,next_close,base,unlimited,2,symbol_order,0.005,SOLUSDT,84,0,0.0,1.6534090319659032,1.9683440856736942,0.858218810887045,0.5833333333333334,0.8292140275533821,0.15905318477529296,-0.2288694239184763,-0.4579555794656901,1.971144998941455,4,0.8333333333333334,2,2.0,0.4166666666666667,1.0,1.0,2021-06,-0.08830786832736415,2024-08,0.23315188589634905,SOLUSDT,1.0,1.0,low
next_close_base_ccapunlimited_scap2_largest_drop_alloc0.005,next_close,base,unlimited,2,largest_drop,0.005,XRPUSDT,100,0,0.0,2.025734586971149,2.025734586971149,1.364323495856255,0.67,1.0174525862251427,0.16957652823865743,-0.09320256815444905,-0.1864051363088888,3.1719236764783743,3,0.76,2,2.0,0.38,1.0,1.0,2021-06,-0.017660361473159636,2021-12,0.17018220843708706,XRPUSDT,1.0,1.0,low
next_close_base_ccapunlimited_scap2_largest_drop_alloc0.005,next_close,base,unlimited,2,largest_drop,0.005,LTCUSDT,87,0,0.0,0.17576328637682284,0.20202676595037108,0.78208099692073,0.5862068965517241,0.08760729809220713,0.014664062269909017,-0.19213170109948496,-0.38420810363071245,0.3496575019814929,4,0.7758620689655172,2,2.0,0.3879310344827586,1.0,1.0,2020-03,-0.1446085841023459,2024-04,0.7501664525317189,LTCUSDT,0.9999999999999999,1.0,low
next_close_base_ccapunlimited_scap2_largest_drop_alloc0.005,next_close,base,unlimited,2,largest_drop,0.005,ADAUSDT,101,0,0.0,1.519645128016625,1.5045991366501237,1.42625663877304,0.6138613861386139,0.7619697537103454,0.12863713411759292,-0.18334839747647935,-0.3668720061852233,2.0024014042230527,4,0.7376237623762376,2,2.0,0.3688118811881188,1.0,1.0,2025-02,-0.18334839747646825,2025-10,0.2557661418148232,ADAUSDT,0.9999999999999999,1.0,low
next_close_base_ccapunlimited_scap2_largest_drop_alloc0.005,next_close,base,unlimited,2,largest_drop,0.005,BNBUSDT,78,0,0.0,1.5638211123491619,2.004898861986105,1.6426490947294954,0.6153846153846154,0.7843862450874317,0.13241823548844067,-0.20767217543543603,-0.4155503847493419,2.3518818043794743,5,0.8333333333333334,2,2.0,0.4166666666666667,1.0,1.0,2021-05,-0.03662693398118755,2021-02,0.2659866040735977,BNBUSDT,1.0000000000000004,1.0,low
next_close_base_ccapunlimited_scap2_largest_drop_alloc0.005,next_close,base,unlimited,2,largest_drop,0.005,ETHUSDT,76,0,0.0,0.8362614460051827,1.100344007901556,0.502092834523615,0.6052631578947368,0.4185705672204776,0.07076901592759643,-0.1655066542406325,-0.33116464289653025,1.4290423679792623,3,0.7368421052631579,2,2.0,0.3684210526315789,1.0,1.0,2021-04,-0.02269828198115942,2021-05,0.3603144768808227,ETHUSDT,1.0,1.0,low
next_close_base_ccapunlimited_scap2_largest_drop_alloc0.005,next_close,base,unlimited,2,largest_drop,0.005,LINKUSDT,110,0,0.0,1.996644554884504,1.8151314135313672,0.493017836049965,0.5454545454545454,1.0023514348195928,0.16906258530702267,-0.2671245959607882,-0.5347372688711852,2.3215376753507146,5,0.8090909090909091,2,2.0,0.40454545454545454,1.0,1.0,2020-03,-0.08238579339697738,2021-04,0.19643470405498356,LINKUSDT,0.9999999999999999,1.0,low
next_close_base_ccapunlimited_scap2_largest_drop_alloc0.005,next_close,base,unlimited,2,largest_drop,0.005,BTCUSDT,38,0,0.0,0.2054861608237611,0.5407530547993713,0.9719881211731951,0.6842105263157895,0.1026964064948066,0.017385943584979913,-0.1296345447327596,-0.2593009008005734,0.7243035324131148,3,0.6842105263157895,2,2.0,0.34210526315789475,1.0,1.0,2020-03,-0.06499198303751008,2021-05,0.6062691133464253,BTCUSDT,1.0,1.0,low
next_close_base_ccapunlimited_scap2_largest_drop_alloc0.005,next_close,base,unlimited,2,largest_drop,0.005,AVAXUSDT,107,0,0.0,2.0338973721878535,1.900838665596125,1.80350161257717,0.6355140186915887,1.021160073505878,0.19571902978516853,-0.42891294899568555,-0.8590928668979219,2.3610981268485154,5,0.8177570093457944,2,2.0,0.4088785046728972,1.0,1.0,2021-05,-0.29747673662091634,2022-05,0.41986872438239436,AVAXUSDT,1.0000000000000002,1.0,low
next_close_base_ccapunlimited_scap2_largest_drop_alloc0.005,next_close,base,unlimited,2,largest_drop,0.005,SOLUSDT,84,0,0.0,1.6534090319659032,1.9683440856736942,0.858218810887045,0.5833333333333334,0.8292140275533821,0.15905318477529296,-0.2288694239184763,-0.4579555794656901,1.971144998941455,4,0.8333333333333334,2,2.0,0.4166666666666667,1.0,1.0,2021-06,-0.08830786832736415,2024-08,0.23315188589634905,SOLUSDT,1.0,1.0,low
next_close_base_ccapunlimited_scap2_liquidity_priority_alloc0.005,next_close,base,unlimited,2,liquidity_priority,0.005,XRPUSDT,100,0,0.0,2.025734586971149,2.025734586971149,1.364323495856255,0.67,1.0174525862251427,0.16957652823865743,-0.09320256815444905,-0.1864051363088888,3.1719236764783743,3,0.76,2,2.0,0.38,1.0,1.0,2021-06,-0.017660361473159636,2021-12,0.17018220843708706,XRPUSDT,1.0,1.0,low
next_close_base_ccapunlimited_scap2_liquidity_priority_alloc0.005,next_close,base,unlimited,2,liquidity_priority,0.005,LTCUSDT,87,0,0.0,0.17576328637682284,0.20202676595037108,0.78208099692073,0.5862068965517241,0.08760729809220713,0.014664062269909017,-0.19213170109948496,-0.38420810363071245,0.3496575019814929,4,0.7758620689655172,2,2.0,0.3879310344827586,1.0,1.0,2020-03,-0.1446085841023459,2024-04,0.7501664525317189,LTCUSDT,0.9999999999999999,1.0,low
next_close_base_ccapunlimited_scap2_liquidity_priority_alloc0.005,next_close,base,unlimited,2,liquidity_priority,0.005,ADAUSDT,101,0,0.0,1.519645128016625,1.5045991366501237,1.42625663877304,0.6138613861386139,0.7619697537103454,0.12863713411759292,-0.18334839747647935,-0.3668720061852233,2.0024014042230527,4,0.7376237623762376,2,2.0,0.3688118811881188,1.0,1.0,2025-02,-0.18334839747646825,2025-10,0.2557661418148232,ADAUSDT,0.9999999999999999,1.0,low
next_close_base_ccapunlimited_scap2_liquidity_priority_alloc0.005,next_close,base,unlimited,2,liquidity_priority,0.005,BTCUSDT,38,0,0.0,0.2054861608237611,0.5407530547993713,0.9719881211731951,0.6842105263157895,0.1026964064948066,0.017385943584979913,-0.1296345447327596,-0.2593009008005734,0.7243035324131148,3,0.6842105263157895,2,2.0,0.34210526315789475,1.0,1.0,2020-03,-0.06499198303751008,2021-05,0.6062691133464253,BTCUSDT,1.0,1.0,low
next_close_base_ccapunlimited_scap2_liquidity_priority_alloc0.005,next_close,base,unlimited,2,liquidity_priority,0.005,ETHUSDT,76,0,0.0,0.8362614460051827,1.100344007901556,0.502092834523615,0.6052631578947368,0.4185705672204776,0.07076901592759643,-0.1655066542406325,-0.33116464289653025,1.4290423679792623,3,0.7368421052631579,2,2.0,0.3684210526315789,1.0,1.0,2021-04,-0.02269828198115942,2021-05,0.3603144768808227,ETHUSDT,1.0,1.0,low
next_close_base_ccapunlimited_scap2_liquidity_priority_alloc0.005,next_close,base,unlimited,2,liquidity_priority,0.005,BNBUSDT,78,0,0.0,1.5638211123491619,2.004898861986105,1.6426490947294954,0.6153846153846154,0.7843862450874317,0.13241823548844067,-0.20767217543543603,-0.4155503847493419,2.3518818043794743,5,0.8333333333333334,2,2.0,0.4166666666666667,1.0,1.0,2021-05,-0.03662693398118755,2021-02,0.2659866040735977,BNBUSDT,1.0000000000000004,1.0,low
next_close_base_ccapunlimited_scap2_liquidity_priority_alloc0.005,next_close,base,unlimited,2,liquidity_priority,0.005,LINKUSDT,110,0,0.0,1.996644554884504,1.8151314135313672,0.493017836049965,0.5454545454545454,1.0023514348195928,0.16906258530702267,-0.2671245959607882,-0.5347372688711852,2.3215376753507146,5,0.8090909090909091,2,2.0,0.40454545454545454,1.0,1.0,2020-03,-0.08238579339697738,2021-04,0.19643470405498356,LINKUSDT,0.9999999999999999,1.0,low
next_close_base_ccapunlimited_scap2_liquidity_priority_alloc0.005,next_close,base,unlimited,2,liquidity_priority,0.005,AVAXUSDT,107,0,0.0,2.0338973721878535,1.900838665596125,1.80350161257717,0.6355140186915887,1.021160073505878,0.19571902978516853,-0.42891294899568555,-0.8590928668979219,2.3610981268485154,5,0.8177570093457944,2,2.0,0.4088785046728972,1.0,1.0,2021-05,-0.29747673662091634,2022-05,0.41986872438239436,AVAXUSDT,1.0000000000000002,1.0,low
next_close_base_ccapunlimited_scap2_liquidity_priority_alloc0.005,next_close,base,unlimited,2,liquidity_priority,0.005,SOLUSDT,84,0,0.0,1.6534090319659032,1.9683440856736942,0.858218810887045,0.5833333333333334,0.8292140275533821,0.15905318477529296,-0.2288694239184763,-0.4579555794656901,1.971144998941455,4,0.8333333333333334,2,2.0,0.4166666666666667,1.0,1.0,2021-06,-0.08830786832736415,2024-08,0.23315188589634905,SOLUSDT,1.0,1.0,low
next_close_base_ccapunlimited_scapunlimited_symbol_order_alloc0.005,next_close,base,unlimited,unlimited,symbol_order,0.005,XRPUSDT,116,0,0.0,3.5083857621109638,3.024470484578417,2.73158599319397,0.6896551724137931,1.7687161379672522,0.2938775729931953,-0.12138626145076215,-0.2428206269792307,4.3550561306448365,3,1.1551724137931034,5,4.0,0.5775862068965517,2.5,2.0,2021-06,-0.017660361473159636,2021-05,0.23407578195631795,XRPUSDT,0.9999999999999999,1.0,low
next_close_base_ccapunlimited_scapunlimited_symbol_order_alloc0.005,next_close,base,unlimited,unlimited,symbol_order,0.005,LTCUSDT,107,0,0.0,1.510690602660881,1.4118603763185804,1.09413413355014,0.6355140186915887,0.7575763737095231,0.1264542175997807,-0.11724467406254435,-0.2345223097135855,2.174561057817485,4,1.2102803738317758,5,3.0,0.6051401869158879,2.5,1.5,2025-02,-0.057719186281302015,2021-05,0.5314966059073273,LTCUSDT,0.9999999999999999,1.0,low
next_close_base_ccapunlimited_scapunlimited_symbol_order_alloc0.005,next_close,base,unlimited,unlimited,symbol_order,0.005,ADAUSDT,129,0,0.0,4.561628678203472,3.5361462621732342,2.1764757348203703,0.6589147286821705,2.3051784955369525,0.38670833865759313,-0.17543448408342543,-0.3510163631335259,4.01197933094946,4,1.3682170542635659,6,4.0,0.6841085271317829,3.0,2.0,2025-02,-0.15180209316379978,2021-05,0.3891668890630947,ADAUSDT,0.9999999999999998,1.0,low
next_close_base_ccapunlimited_scapunlimited_symbol_order_alloc0.005,next_close,base,unlimited,unlimited,symbol_order,0.005,BTCUSDT,48,0,0.0,1.229109286805464,2.560644347511383,1.35072601231911,0.7291666666666666,0.616083434791137,0.10407806882100079,-0.10194672883943046,-0.2039128204969531,2.395954323490213,2,1.3541666666666667,6,4.0,0.6770833333333334,3.0,2.0,2021-01,-0.038411802934246175,2020-03,0.48856811571998193,BTCUSDT,1.0,1.0,low
next_close_base_ccapunlimited_scapunlimited_symbol_order_alloc0.005,next_close,base,unlimited,unlimited,symbol_order,0.005,ETHUSDT,97,0,0.0,2.0101890456372176,2.0723598408631108,1.16072458232269,0.6288659793814433,1.009402732863296,0.17024695362188869,-0.15532815565210134,-0.3107765961317821,2.6712321347778225,5,1.3453608247422681,5,4.0,0.6726804123711341,2.5,2.0,2021-01,-0.03601718300173529,2021-05,0.45035022972706695,ETHUSDT,1.0,1.0,low
next_close_base_ccapunlimited_scapunlimited_symbol_order_alloc0.005,next_close,base,unlimited,unlimited,symbol_order,0.005,BNBUSDT,96,0,0.0,2.8722031138814135,2.9918782436264726,2.04874647655627,0.6458333333333334,1.4455034873727124,0.24336331518430843,-0.26785141554113157,-0.536168353106752,3.4878714944297733,5,1.375,6,4.0,0.6875,3.0,2.0,2021-01,-0.03340526959818568,2020-03,0.29885443235851883,BNBUSDT,0.9999999999999999,1.0,low
next_close_base_ccapunlimited_scapunlimited_symbol_order_alloc0.005,next_close,base,unlimited,unlimited,symbol_order,0.005,LINKUSDT,143,0,0.0,4.058988907685594,2.838453781598317,1.62819567591771,0.6013986013986014,2.048714814789787,0.34406820120238546,-0.23329278863435388,-0.4669154307609138,3.906257571507225,5,1.479020979020979,7,4.0,0.7395104895104895,3.5000000000000004,2.0,2025-02,-0.06743748296651475,2020-03,0.21898703523149624,LINKUSDT,0.9999999999999998,1.0,low
next_close_base_ccapunlimited_scapunlimited_symbol_order_alloc0.005,next_close,base,unlimited,unlimited,symbol_order,0.005,AVAXUSDT,131,0,0.0,4.048549277612163,3.09049563176501,2.461461236925,0.6717557251908397,2.0434248461468574,0.39005602830948227,-0.2909661571258937,-0.5823225801636243,3.96772890230422,5,1.2557251908396947,5,3.0,0.6278625954198473,2.5,1.5,2025-02,-0.14342377577305498,2022-05,0.2658152906580786,AVAXUSDT,1.0,1.0,low
next_close_base_ccapunlimited_scapunlimited_symbol_order_alloc0.005,next_close,base,unlimited,unlimited,symbol_order,0.005,SOLUSDT,99,0,0.0,3.0983306537094397,3.129626922938828,1.87907492644111,0.5959595959595959,1.5596967134771988,0.29829574993203156,-0.18787514815183926,-0.37591836117026634,2.9269496234804446,4,1.2272727272727273,5,3.1499999999999773,0.6136363636363636,2.5,1.5749999999999886,2021-06,-0.08830786832736415,2021-05,0.38117254638386044,SOLUSDT,1.0,1.0,low
next_close_base_ccapunlimited_scapunlimited_largest_drop_alloc0.005,next_close,base,unlimited,unlimited,largest_drop,0.005,XRPUSDT,116,0,0.0,3.5083857621109638,3.024470484578417,2.73158599319397,0.6896551724137931,1.7687161379672522,0.2938775729931953,-0.12138626145076215,-0.2428206269792307,4.3550561306448365,3,1.1551724137931034,5,4.0,0.5775862068965517,2.5,2.0,2021-06,-0.017660361473159636,2021-05,0.23407578195631795,XRPUSDT,0.9999999999999999,1.0,low
next_close_base_ccapunlimited_scapunlimited_largest_drop_alloc0.005,next_close,base,unlimited,unlimited,largest_drop,0.005,LTCUSDT,107,0,0.0,1.510690602660881,1.4118603763185804,1.09413413355014,0.6355140186915887,0.7575763737095231,0.1264542175997807,-0.11724467406254435,-0.2345223097135855,2.174561057817485,4,1.2102803738317758,5,3.0,0.6051401869158879,2.5,1.5,2025-02,-0.057719186281302015,2021-05,0.5314966059073273,LTCUSDT,0.9999999999999999,1.0,low
next_close_base_ccapunlimited_scapunlimited_largest_drop_alloc0.005,next_close,base,unlimited,unlimited,largest_drop,0.005,ADAUSDT,129,0,0.0,4.561628678203472,3.5361462621732342,2.1764757348203703,0.6589147286821705,2.3051784955369525,0.38670833865759313,-0.17543448408342543,-0.3510163631335259,4.01197933094946,4,1.3682170542635659,6,4.0,0.6841085271317829,3.0,2.0,2025-02,-0.15180209316379978,2021-05,0.3891668890630947,ADAUSDT,0.9999999999999998,1.0,low
next_close_base_ccapunlimited_scapunlimited_largest_drop_alloc0.005,next_close,base,unlimited,unlimited,largest_drop,0.005,BNBUSDT,96,0,0.0,2.8722031138814135,2.9918782436264726,2.04874647655627,0.6458333333333334,1.4455034873727124,0.24336331518430843,-0.26785141554113157,-0.536168353106752,3.4878714944297733,5,1.375,6,4.0,0.6875,3.0,2.0,2021-01,-0.03340526959818568,2020-03,0.29885443235851883,BNBUSDT,0.9999999999999999,1.0,low
next_close_base_ccapunlimited_scapunlimited_largest_drop_alloc0.005,next_close,base,unlimited,unlimited,largest_drop,0.005,ETHUSDT,97,0,0.0,2.0101890456372176,2.0723598408631108,1.16072458232269,0.6288659793814433,1.009402732863296,0.17024695362188869,-0.15532815565210134,-0.3107765961317821,2.6712321347778225,5,1.3453608247422681,5,4.0,0.6726804123711341,2.5,2.0,2021-01,-0.03601718300173529,2021-05,0.45035022972706695,ETHUSDT,1.0,1.0,low
next_close_base_ccapunlimited_scapunlimited_largest_drop_alloc0.005,next_close,base,unlimited,unlimited,largest_drop,0.005,LINKUSDT,143,0,0.0,4.058988907685594,2.838453781598317,1.62819567591771,0.6013986013986014,2.048714814789787,0.34406820120238546,-0.23329278863435388,-0.4669154307609138,3.906257571507225,5,1.479020979020979,7,4.0,0.7395104895104895,3.5000000000000004,2.0,2025-02,-0.06743748296651475,2020-03,0.21898703523149624,LINKUSDT,0.9999999999999998,1.0,low
next_close_base_ccapunlimited_scapunlimited_largest_drop_alloc0.005,next_close,base,unlimited,unlimited,largest_drop,0.005,BTCUSDT,48,0,0.0,1.229109286805464,2.560644347511383,1.35072601231911,0.7291666666666666,0.616083434791137,0.10407806882100079,-0.10194672883943046,-0.2039128204969531,2.395954323490213,2,1.3541666666666667,6,4.0,0.6770833333333334,3.0,2.0,2021-01,-0.038411802934246175,2020-03,0.48856811571998193,BTCUSDT,1.0,1.0,low
next_close_base_ccapunlimited_scapunlimited_largest_drop_alloc0.005,next_close,base,unlimited,unlimited,largest_drop,0.005,AVAXUSDT,131,0,0.0,4.048549277612163,3.09049563176501,2.461461236925,0.6717557251908397,2.0434248461468574,0.39005602830948227,-0.2909661571258937,-0.5823225801636243,3.96772890230422,5,1.2557251908396947,5,3.0,0.6278625954198473,2.5,1.5,2025-02,-0.14342377577305498,2022-05,0.2658152906580786,AVAXUSDT,1.0,1.0,low
next_close_base_ccapunlimited_scapunlimited_largest_drop_alloc0.005,next_close,base,unlimited,unlimited,largest_drop,0.005,SOLUSDT,99,0,0.0,3.0983306537094397,3.129626922938828,1.87907492644111,0.5959595959595959,1.5596967134771988,0.29829574993203156,-0.18787514815183926,-0.37591836117026634,2.9269496234804446,4,1.2272727272727273,5,3.1499999999999773,0.6136363636363636,2.5,1.5749999999999886,2021-06,-0.08830786832736415,2021-05,0.38117254638386044,SOLUSDT,1.0,1.0,low
next_close_base_ccapunlimited_scapunlimited_liquidity_priority_alloc0.005,next_close,base,unlimited,unlimited,liquidity_priority,0.005,XRPUSDT,116,0,0.0,3.5083857621109638,3.024470484578417,2.73158599319397,0.6896551724137931,1.7687161379672522,0.2938775729931953,-0.12138626145076215,-0.2428206269792307,4.3550561306448365,3,1.1551724137931034,5,4.0,0.5775862068965517,2.5,2.0,2021-06,-0.017660361473159636,2021-05,0.23407578195631795,XRPUSDT,0.9999999999999999,1.0,low
next_close_base_ccapunlimited_scapunlimited_liquidity_priority_alloc0.005,next_close,base,unlimited,unlimited,liquidity_priority,0.005,LTCUSDT,107,0,0.0,1.510690602660881,1.4118603763185804,1.09413413355014,0.6355140186915887,0.7575763737095231,0.1264542175997807,-0.11724467406254435,-0.2345223097135855,2.174561057817485,4,1.2102803738317758,5,3.0,0.6051401869158879,2.5,1.5,2025-02,-0.057719186281302015,2021-05,0.5314966059073273,LTCUSDT,0.9999999999999999,1.0,low
next_close_base_ccapunlimited_scapunlimited_liquidity_priority_alloc0.005,next_close,base,unlimited,unlimited,liquidity_priority,0.005,ADAUSDT,129,0,0.0,4.561628678203472,3.5361462621732342,2.1764757348203703,0.6589147286821705,2.3051784955369525,0.38670833865759313,-0.17543448408342543,-0.3510163631335259,4.01197933094946,4,1.3682170542635659,6,4.0,0.6841085271317829,3.0,2.0,2025-02,-0.15180209316379978,2021-05,0.3891668890630947,ADAUSDT,0.9999999999999998,1.0,low
next_close_base_ccapunlimited_scapunlimited_liquidity_priority_alloc0.005,next_close,base,unlimited,unlimited,liquidity_priority,0.005,BTCUSDT,48,0,0.0,1.229109286805464,2.560644347511383,1.35072601231911,0.7291666666666666,0.616083434791137,0.10407806882100079,-0.10194672883943046,-0.2039128204969531,2.395954323490213,2,1.3541666666666667,6,4.0,0.6770833333333334,3.0,2.0,2021-01,-0.038411802934246175,2020-03,0.48856811571998193,BTCUSDT,1.0,1.0,low
next_close_base_ccapunlimited_scapunlimited_liquidity_priority_alloc0.005,next_close,base,unlimited,unlimited,liquidity_priority,0.005,ETHUSDT,97,0,0.0,2.0101890456372176,2.0723598408631108,1.16072458232269,0.6288659793814433,1.009402732863296,0.17024695362188869,-0.15532815565210134,-0.3107765961317821,2.6712321347778225,5,1.3453608247422681,5,4.0,0.6726804123711341,2.5,2.0,2021-01,-0.03601718300173529,2021-05,0.45035022972706695,ETHUSDT,1.0,1.0,low
next_close_base_ccapunlimited_scapunlimited_liquidity_priority_alloc0.005,next_close,base,unlimited,unlimited,liquidity_priority,0.005,BNBUSDT,96,0,0.0,2.8722031138814135,2.9918782436264726,2.04874647655627,0.6458333333333334,1.4455034873727124,0.24336331518430843,-0.26785141554113157,-0.536168353106752,3.4878714944297733,5,1.375,6,4.0,0.6875,3.0,2.0,2021-01,-0.03340526959818568,2020-03,0.29885443235851883,BNBUSDT,0.9999999999999999,1.0,low
next_close_base_ccapunlimited_scapunlimited_liquidity_priority_alloc0.005,next_close,base,unlimited,unlimited,liquidity_priority,0.005,LINKUSDT,143,0,0.0,4.058988907685594,2.838453781598317,1.62819567591771,0.6013986013986014,2.048714814789787,0.34406820120238546,-0.23329278863435388,-0.4669154307609138,3.906257571507225,5,1.479020979020979,7,4.0,0.7395104895104895,3.5000000000000004,2.0,2025-02,-0.06743748296651475,2020-03,0.21898703523149624,LINKUSDT,0.9999999999999998,1.0,low
next_close_base_ccapunlimited_scapunlimited_liquidity_priority_alloc0.005,next_close,base,unlimited,unlimited,liquidity_priority,0.005,AVAXUSDT,131,0,0.0,4.048549277612163,3.09049563176501,2.461461236925,0.6717557251908397,2.0434248461468574,0.39005602830948227,-0.2909661571258937,-0.5823225801636243,3.96772890230422,5,1.2557251908396947,5,3.0,0.6278625954198473,2.5,1.5,2025-02,-0.14342377577305498,2022-05,0.2658152906580786,AVAXUSDT,1.0,1.0,low
next_close_base_ccapunlimited_scapunlimited_liquidity_priority_alloc0.005,next_close,base,unlimited,unlimited,liquidity_priority,0.005,SOLUSDT,99,0,0.0,3.0983306537094397,3.129626922938828,1.87907492644111,0.5959595959595959,1.5596967134771988,0.29829574993203156,-0.18787514815183926,-0.37591836117026634,2.9269496234804446,4,1.2272727272727273,5,3.1499999999999773,0.6136363636363636,2.5,1.5749999999999886,2021-06,-0.08830786832736415,2021-05,0.38117254638386044,SOLUSDT,1.0,1.0,low
next_close_stress_ccap5_scap1_symbol_order_alloc0.005,next_close,stress,5,1,symbol_order,0.005,XRPUSDT,69,0,0.0,0.7106175397012834,1.0298804923207006,1.00863366225612,0.6376811594202898,0.3556438816569196,0.05943700207009517,-0.10311416487882585,-0.2062456497193455,1.4731147284333477,4,0.5,1,1.0,0.25,0.5,0.5,2020-03,-0.08044230488224446,2022-05,0.23030764829006933,XRPUSDT,0.9999999999999999,1.0,low
next_close_stress_ccap5_scap1_symbol_order_alloc0.005,next_close,stress,5,1,symbol_order,0.005,LTCUSDT,28,0,0.0,-0.05015722926800969,-0.17913296167146317,0.704319302164515,0.5714285714285714,-0.025124203415372026,-0.004220787388531377,-0.11328565355563924,-0.22665603069101198,-0.24971769055329882,2,0.5,1,1.0,0.25,0.5,0.5,2022-05,-0.04535994620610273,2025-03,,LTCUSDT,,0.0,low
next_close_stress_ccap5_scap1_symbol_order_alloc0.005,next_close,stress,5,1,symbol_order,0.005,ADAUSDT,68,0,0.0,0.33530900838620853,0.4931014829208949,0.9266677281731701,0.5735294117647058,0.16748856752963892,0.028415095248957023,-0.15025821966181407,-0.30057250906727734,0.675012632839175,4,0.5,1,1.0,0.25,0.5,0.5,2020-03,-0.15132934062380698,2021-02,0.9140661137249504,ADAUSDT,0.9999999999999999,1.0,low
next_close_stress_ccap5_scap1_symbol_order_alloc0.005,next_close,stress,5,1,symbol_order,0.005,BTCUSDT,27,0,0.0,-0.048389910629457224,-0.17922189122021193,0.59149154091456,0.6296296296296297,-0.024270830224637496,-0.004111086260172314,-0.15150985809877504,-0.30313345946315046,-0.18926176035794534,2,0.5,1,1.0,0.25,0.5,0.5,2020-03,-0.08568176475545197,2026-02,,BTCUSDT,,0.0,low
next_close_stress_ccap5_scap1_symbol_order_alloc0.005,next_close,stress,5,1,symbol_order,0.005,ETHUSDT,54,0,0.0,0.249278053329644,0.4616260246845259,0.2842452821882,0.5370370370370371,0.12442723896426422,0.021062956122275267,-0.15909769716278,-0.31837072912080344,0.5146101653604928,4,0.5,1,1.0,0.25,0.5,0.5,2021-04,-0.04965373077461255,2020-03,0.7047829817910379,ETHUSDT,1.0000000000000004,1.0,low
next_close_stress_ccap5_scap1_symbol_order_alloc0.005,next_close,stress,5,1,symbol_order,0.005,BNBUSDT,52,0,0.0,0.793392983195375,1.5257557369141825,0.87701933140664,0.5576923076923077,0.39711209518591417,0.06714693025162699,-0.1551545912997998,-0.31046186781566915,1.4726719263582548,6,0.5,1,1.0,0.25,0.5,0.5,2021-05,-0.14311376288044242,2020-03,0.482491549709037,BNBUSDT,1.0,1.0,low
next_close_stress_ccap5_scap1_symbol_order_alloc0.005,next_close,stress,5,1,symbol_order,0.005,LINKUSDT,56,0,0.0,0.26760312979962353,0.477862731785042,-0.041595191281865,0.48214285714285715,0.13372929002479772,0.022644165624052803,-0.12955192459586096,-0.25922419438930366,0.7411917179182398,5,0.5,1,1.0,0.25,0.5,0.5,2025-02,-0.06749379094346253,2021-04,0.9809667023248606,LINKUSDT,0.9999999999999998,1.0,low
next_close_stress_ccap5_scap1_symbol_order_alloc0.005,next_close,stress,5,1,symbol_order,0.005,AVAXUSDT,71,0,0.0,0.6276400203052035,0.8840000285988782,0.8345654944822,0.6056338028169014,0.31368993181819516,0.060298926439172895,-0.3587857710393383,-0.7184457414208609,0.8891770741253759,5,0.5,1,1.0,0.25,0.5,0.5,2021-05,-0.2627836342089629,2022-05,0.6199721170573453,AVAXUSDT,1.0,1.0,low
next_close_stress_ccap5_scap1_symbol_order_alloc0.005,next_close,stress,5,1,symbol_order,0.005,SOLUSDT,55,0,0.0,0.4616935904419281,0.8394428917125966,0.09371713355057,0.509090909090909,0.23059673774148415,0.04433780293728873,-0.18721305751531192,-0.37439093153547737,0.7157330388718369,3,0.5,1,1.0,0.25,0.5,0.5,2021-05,-0.09638221988130802,2021-02,0.4265383439985972,SOLUSDT,0.9999999999999999,1.0,low
next_close_stress_ccap5_scap1_largest_drop_alloc0.005,next_close,stress,5,1,largest_drop,0.005,XRPUSDT,62,0,0.0,0.020027192347128846,0.032301923140530396,0.46072824967357,0.5967741935483871,0.009763190670764033,0.0016341385143725518,-0.19495031594825019,-0.3902041721511616,0.044344421823355545,5,0.5,1,1.0,0.25,0.5,0.5,2021-05,-0.12558169158702892,2020-12,8.31930307965806,XRPUSDT,1.0000000000000007,1.0,low
next_close_stress_ccap5_scap1_largest_drop_alloc0.005,next_close,stress,5,1,largest_drop,0.005,LTCUSDT,55,0,0.0,0.5271864626727922,0.9585208412232586,0.92159979763444,0.5636363636363636,0.26372553934350673,0.0441111367512681,-0.06304372289157589,-0.12606654940580464,1.2787480541017782,3,0.5,1,1.0,0.25,0.5,0.5,2025-02,-0.05875998872921784,2020-03,0.3704867799914706,LTCUSDT,0.9999999999999998,1.0,low
next_close_stress_ccap5_scap1_largest_drop_alloc0.005,next_close,stress,5,1,largest_drop,0.005,ADAUSDT,66,0,0.0,0.9572196658419173,1.450332827033208,1.2135424717681,0.5909090909090909,0.4793817654114685,0.08102467750532583,-0.11555326656133014,-0.23112536262535122,1.7795519111443583,3,0.5,1,1.0,0.25,0.5,0.5,2025-02,-0.11555326656134124,2021-02,0.2797605888753969,ADAUSDT,0.9999999999999999,1.0,low
next_close_stress_ccap5_scap1_largest_drop_alloc0.005,next_close,stress,5,1,largest_drop,0.005,BNBUSDT,43,0,0.0,0.488318994047736,1.1356255675528744,0.42644457358514004,0.5116279069767442,0.244253497613256,0.05547696770999977,-0.09308464319311982,-0.18623387158543953,1.2159689766603252,5,0.5,1,1.0,0.25,0.5,0.5,2020-03,-0.02466331782835507,2021-02,0.45176614934912207,BNBUSDT,1.0,1.0,low
next_close_stress_ccap5_scap1_largest_drop_alloc0.005,next_close,stress,5,1,largest_drop,0.005,ETHUSDT,38,0,0.0,-0.1440397896013046,-0.37905207789816997,0.2842452821882,0.5526315789473685,-0.07209645614408844,-0.01221646608742244,-0.20738328040944554,-0.41506956470208667,-0.49790342758053996,5,0.5,1,1.0,0.25,0.5,0.5,2020-03,-0.0893258105786443,2022-06,,ETHUSDT,,0.0,low
next_close_stress_ccap5_scap1_largest_drop_alloc0.005,next_close,stress,5,1,largest_drop,0.005,LINKUSDT,78,0,0.0,0.49343407450529825,0.6326077878273054,0.04018917867491,0.5,0.24667268089604288,0.04173541609731046,-0.17469439816401033,-0.3495553284357972,0.9343175912086253,7,0.5,1,1.0,0.25,0.5,0.5,2020-03,-0.19604303275704282,2021-02,0.4269859618585339,LINKUSDT,1.0000000000000004,1.0,low
next_close_stress_ccap5_scap1_largest_drop_alloc0.005,next_close,stress,5,1,largest_drop,0.005,BTCUSDT,10,0,0.0,-0.0798746000532985,-0.798746000532985,0.29022126267104,0.6,-0.03997563244869662,-0.008021339387398463,-0.08962532072893659,-0.17925105360513813,-0.3971532808565864,2,0.5,1,1.0,0.25,0.5,0.5,2020-03,-0.0886966369511688,2021-06,,BTCUSDT,,0.0,low
next_close_stress_ccap5_scap1_largest_drop_alloc0.005,next_close,stress,5,1,largest_drop,0.005,AVAXUSDT,73,0,0.0,0.6835389181888281,0.9363546824504495,1.09360076816389,0.6164383561643836,0.3417683182352471,0.06568344546526994,-0.2805310850267917,-0.5614683739538302,1.0002451330260813,4,0.5,1,1.0,0.25,0.5,0.5,2021-05,-0.2531585315759255,2022-05,0.5690375636135948,AVAXUSDT,1.0000000000000002,1.0,low
next_close_stress_ccap5_scap1_largest_drop_alloc0.005,next_close,stress,5,1,largest_drop,0.005,SOLUSDT,54,0,0.0,0.4239451538263735,0.785083618196988,0.003993947459860002,0.5,0.21167061595850356,0.04070190280542896,-0.21824836007213744,-0.43659557884811995,0.6502385108797473,3,0.5,1,1.0,0.25,0.5,0.5,2021-05,-0.12744576493703974,2021-04,0.5178153439714633,SOLUSDT,1.0000000000000004,1.0,low
next_close_stress_ccap5_scap1_liquidity_priority_alloc0.005,next_close,stress,5,1,liquidity_priority,0.005,XRPUSDT,69,0,0.0,0.7106175397012834,1.0298804923207006,1.00863366225612,0.6376811594202898,0.3556438816569196,0.05943700207009517,-0.10311416487882585,-0.2062456497193455,1.4731147284333477,4,0.5,1,1.0,0.25,0.5,0.5,2020-03,-0.08044230488224446,2022-05,0.23030764829006933,XRPUSDT,0.9999999999999999,1.0,low
next_close_stress_ccap5_scap1_liquidity_priority_alloc0.005,next_close,stress,5,1,liquidity_priority,0.005,LTCUSDT,28,0,0.0,-0.05015722926800969,-0.17913296167146317,0.704319302164515,0.5714285714285714,-0.025124203415372026,-0.004220787388531377,-0.11328565355563924,-0.22665603069101198,-0.24971769055329882,2,0.5,1,1.0,0.25,0.5,0.5,2022-05,-0.04535994620610273,2025-03,,LTCUSDT,,0.0,low
next_close_stress_ccap5_scap1_liquidity_priority_alloc0.005,next_close,stress,5,1,liquidity_priority,0.005,ADAUSDT,68,0,0.0,0.33530900838620853,0.4931014829208949,0.9266677281731701,0.5735294117647058,0.16748856752963892,0.028415095248957023,-0.15025821966181407,-0.30057250906727734,0.675012632839175,4,0.5,1,1.0,0.25,0.5,0.5,2020-03,-0.15132934062380698,2021-02,0.9140661137249504,ADAUSDT,0.9999999999999999,1.0,low
next_close_stress_ccap5_scap1_liquidity_priority_alloc0.005,next_close,stress,5,1,liquidity_priority,0.005,BTCUSDT,27,0,0.0,-0.048389910629457224,-0.17922189122021193,0.59149154091456,0.6296296296296297,-0.024270830224637496,-0.004111086260172314,-0.15150985809877504,-0.30313345946315046,-0.18926176035794534,2,0.5,1,1.0,0.25,0.5,0.5,2020-03,-0.08568176475545197,2026-02,,BTCUSDT,,0.0,low
next_close_stress_ccap5_scap1_liquidity_priority_alloc0.005,next_close,stress,5,1,liquidity_priority,0.005,ETHUSDT,54,0,0.0,0.249278053329644,0.4616260246845259,0.2842452821882,0.5370370370370371,0.12442723896426422,0.021062956122275267,-0.15909769716278,-0.31837072912080344,0.5146101653604928,4,0.5,1,1.0,0.25,0.5,0.5,2021-04,-0.04965373077461255,2020-03,0.7047829817910379,ETHUSDT,1.0000000000000004,1.0,low
next_close_stress_ccap5_scap1_liquidity_priority_alloc0.005,next_close,stress,5,1,liquidity_priority,0.005,BNBUSDT,52,0,0.0,0.793392983195375,1.5257557369141825,0.87701933140664,0.5576923076923077,0.39711209518591417,0.06714693025162699,-0.1551545912997998,-0.31046186781566915,1.4726719263582548,6,0.5,1,1.0,0.25,0.5,0.5,2021-05,-0.14311376288044242,2020-03,0.482491549709037,BNBUSDT,1.0,1.0,low
next_close_stress_ccap5_scap1_liquidity_priority_alloc0.005,next_close,stress,5,1,liquidity_priority,0.005,LINKUSDT,56,0,0.0,0.26760312979962353,0.477862731785042,-0.041595191281865,0.48214285714285715,0.13372929002479772,0.022644165624052803,-0.12955192459586096,-0.25922419438930366,0.7411917179182398,5,0.5,1,1.0,0.25,0.5,0.5,2025-02,-0.06749379094346253,2021-04,0.9809667023248606,LINKUSDT,0.9999999999999998,1.0,low
next_close_stress_ccap5_scap1_liquidity_priority_alloc0.005,next_close,stress,5,1,liquidity_priority,0.005,AVAXUSDT,71,0,0.0,0.6276400203052035,0.8840000285988782,0.8345654944822,0.6056338028169014,0.31368993181819516,0.060298926439172895,-0.3587857710393383,-0.7184457414208609,0.8891770741253759,5,0.5,1,1.0,0.25,0.5,0.5,2021-05,-0.2627836342089629,2022-05,0.6199721170573453,AVAXUSDT,1.0,1.0,low
next_close_stress_ccap5_scap1_liquidity_priority_alloc0.005,next_close,stress,5,1,liquidity_priority,0.005,SOLUSDT,55,0,0.0,0.4616935904419281,0.8394428917125966,0.09371713355057,0.509090909090909,0.23059673774148415,0.04433780293728873,-0.18721305751531192,-0.37439093153547737,0.7157330388718369,3,0.5,1,1.0,0.25,0.5,0.5,2021-05,-0.09638221988130802,2021-02,0.4265383439985972,SOLUSDT,0.9999999999999999,1.0,low
next_close_stress_ccap5_scap2_symbol_order_alloc0.005,next_close,stress,5,2,symbol_order,0.005,XRPUSDT,65,0,0.0,0.6595306424229568,1.014662526804549,0.7784247939610001,0.6153846153846154,0.33008293950005374,0.055170982769148225,-0.11801553176368218,-0.23613295109525617,1.568482844386429,7,0.5307692307692308,2,1.0,0.2653846153846154,1.0,0.5,2021-05,-0.06806669825697442,2022-05,0.24814219764649045,XRPUSDT,1.0,1.0,low
next_close_stress_ccap5_scap2_symbol_order_alloc0.005,next_close,stress,5,2,symbol_order,0.005,LTCUSDT,27,0,0.0,-0.09203596352938881,-0.3408739389977363,0.6012692713807101,0.5555555555555556,-0.046053927145151,-0.007737589217338137,-0.11328565355562814,-0.22665603069101198,-0.47000780531141295,2,0.5,1,1.0,0.25,0.5,0.5,2022-05,-0.04535994620610273,2025-03,,LTCUSDT,,0.0,low
next_close_stress_ccap5_scap2_symbol_order_alloc0.005,next_close,stress,5,2,symbol_order,0.005,ADAUSDT,66,0,0.0,0.4807997751372915,0.728484507783775,0.9266677281731701,0.5757575757575758,0.24043264129562925,0.04077801544879467,-0.18586235600493994,-0.3719062183900417,1.0638893678841186,4,0.5454545454545454,2,1.0,0.2727272727272727,1.0,0.5,2025-02,-0.18586235600492884,2021-02,0.6367505809119065,ADAUSDT,1.0,1.0,low
next_close_stress_ccap5_scap2_symbol_order_alloc0.005,next_close,stress,5,2,symbol_order,0.005,BTCUSDT,27,0,0.0,0.2645781778342286,0.9799191771638096,0.59149154091456,0.6296296296296297,0.13216468436350048,0.02237202728372356,-0.08935285275841753,-0.1787057055168262,0.6356456394345313,2,0.5740740740740741,2,1.0,0.28703703703703703,1.0,0.5,2021-01,-0.04594118135539116,2020-03,0.5856799297811418,BTCUSDT,1.0,1.0,low
next_close_stress_ccap5_scap2_symbol_order_alloc0.005,next_close,stress,5,2,symbol_order,0.005,ETHUSDT,63,0,0.0,0.23565372601808862,0.37405353336204544,0.30903540188705,0.5555555555555556,0.11754758855158087,0.019898941702423123,-0.15697186001368824,-0.31406657539101024,0.44346337365675814,4,0.6587301587301587,2,2.0,0.32936507936507936,1.0,1.0,2021-04,-0.025375599869026377,2022-06,0.38769823977203066,ETHUSDT,1.0000000000000004,1.0,low
next_close_stress_ccap5_scap2_symbol_order_alloc0.005,next_close,stress,5,2,symbol_order,0.005,BNBUSDT,51,0,0.0,1.3043971080372954,2.557641388308422,1.37082437023597,0.6078431372549019,0.6539306145431301,0.11045450803541801,-0.08254891974909251,-0.1650978394981926,2.422536595750957,5,0.5392156862745098,2,1.0,0.2696078431372549,1.0,0.5,2021-01,-0.020145368700130728,2020-03,0.2930023858086509,BNBUSDT,1.0,1.0,low
next_close_stress_ccap5_scap2_symbol_order_alloc0.005,next_close,stress,5,2,symbol_order,0.005,LINKUSDT,53,0,0.0,-0.0674089034721403,-0.12718661032479303,-0.76549206890669,0.4528301886792453,-0.03387084589344669,-0.005739287558048645,-0.13367088499341984,-0.26742709031234707,-0.17999176660122934,5,0.5377358490566038,2,1.0,0.2688679245283019,1.0,0.5,2020-03,-0.13695400425891568,2021-04,,LINKUSDT,,0.0,low
next_close_stress_ccap5_scap2_symbol_order_alloc0.005,next_close,stress,5,2,symbol_order,0.005,AVAXUSDT,71,0,0.0,0.7244765566967042,1.0203895164742314,0.8345654944822,0.6197183098591549,0.36227827921411215,0.06962517907644905,-0.31625170978032413,-0.633107736001618,1.0337256756975426,5,0.5422535211267606,2,1.0,0.2711267605633803,1.0,0.5,2021-05,-0.22020859230956757,2022-05,0.5485572568346383,AVAXUSDT,1.0,1.0,low
next_close_stress_ccap5_scap2_symbol_order_alloc0.005,next_close,stress,5,2,symbol_order,0.005,SOLUSDT,68,0,0.0,0.7480524779802638,1.1000771735003878,0.003993947459860002,0.5,0.37394892199673624,0.07185922434642666,-0.26147121681180385,-0.5232054504197852,0.9494422638851522,4,0.7205882352941176,2,2.0,0.3602941176470588,1.0,1.0,2021-05,-0.1707079549966961,2024-08,0.5068438025539763,SOLUSDT,0.9999999999999997,1.0,low
next_close_stress_ccap5_scap2_largest_drop_alloc0.005,next_close,stress,5,2,largest_drop,0.005,XRPUSDT,61,0,0.0,0.7888393619994575,1.2931792819663237,0.7784247939610001,0.6229508196721312,0.39484802916698314,0.06598298629263422,-0.09724113800684275,-0.19454148113413705,1.5078867283637856,4,0.5327868852459017,2,1.0,0.26639344262295084,1.0,0.5,2025-04,-0.04772034629476618,2020-03,0.31640332091055834,XRPUSDT,0.9999999999999997,1.0,low
next_close_stress_ccap5_scap2_largest_drop_alloc0.005,next_close,stress,5,2,largest_drop,0.005,LTCUSDT,53,0,0.0,0.4119772577849632,0.7773155807263457,0.92159979763444,0.5660377358490566,0.2060042198752443,0.0344648452622387,-0.06304372289156479,-0.1260665494058047,1.0402170352334281,3,0.5188679245283019,2,1.0,0.25943396226415094,1.0,0.5,2025-02,-0.05875998872921784,2020-03,0.5213743551971797,LTCUSDT,0.9999999999999998,1.0,low
next_close_stress_ccap5_scap2_largest_drop_alloc0.005,next_close,stress,5,2,largest_drop,0.005,ADAUSDT,63,0,0.0,0.6914390720219703,1.09752233654281,1.1160824081578802,0.5714285714285714,0.34593602510022414,0.05850210512199361,-0.18586235600492884,-0.3719062183900417,1.2589050361494925,3,0.5317460317460317,2,1.0,0.26587301587301587,1.0,0.5,2025-02,-0.18586235600492884,2021-02,0.3876789789348623,ADAUSDT,0.9999999999999999,1.0,low
next_close_stress_ccap5_scap2_largest_drop_alloc0.005,next_close,stress,5,2,largest_drop,0.005,BNBUSDT,45,0,0.0,0.8367317561549601,1.8594039025665778,0.8161488573573499,0.5555555555555556,0.4189909786195489,0.09510080472414639,-0.08254891974909251,-0.1650978394981926,1.9254292607639802,4,0.5888888888888889,2,1.0,0.29444444444444445,1.0,0.5,2023-06,-0.018566523500873622,2021-02,0.383393071207686,BNBUSDT,1.0,1.0,low
next_close_stress_ccap5_scap2_largest_drop_alloc0.005,next_close,stress,5,2,largest_drop,0.005,ETHUSDT,42,0,0.0,0.06945302769434278,0.16536435165319707,0.321560957361745,0.5952380952380952,0.03462838675121205,0.005865045877473385,-0.1654388745438884,-0.33103381082263894,0.2379453452328909,4,0.6190476190476191,2,1.8499999999999943,0.30952380952380953,1.0,0.9249999999999972,2020-03,-0.0893258105786443,2021-05,2.560561889022245,ETHUSDT,1.0000000000000004,1.0,low
next_close_stress_ccap5_scap2_largest_drop_alloc0.005,next_close,stress,5,2,largest_drop,0.005,LINKUSDT,80,0,0.0,0.22386634522559035,0.2798329315319879,-0.12897636639961,0.475,0.11159128376148075,0.018891100688334106,-0.29527576467245353,-0.5911942667111875,0.3916583837768956,9,0.5875,2,1.0,0.29375,1.0,0.5,2020-03,-0.28694709223048287,2021-02,0.9438530355269251,LINKUSDT,1.0000000000000002,1.0,low
next_close_stress_ccap5_scap2_largest_drop_alloc0.005,next_close,stress,5,2,largest_drop,0.005,BTCUSDT,10,0,0.0,-0.0798746000532985,-0.798746000532985,0.29022126267104,0.6,-0.03997563244869662,-0.008021339387398463,-0.08962532072893659,-0.17925105360513813,-0.3971532808565864,2,0.5,1,1.0,0.25,0.5,0.5,2020-03,-0.0886966369511688,2021-06,,BTCUSDT,,0.0,low
next_close_stress_ccap5_scap2_largest_drop_alloc0.005,next_close,stress,5,2,largest_drop,0.005,AVAXUSDT,81,0,0.0,1.014445068374626,1.2524013189810197,1.32870018174467,0.6296296296296297,0.5078597361699577,0.09753885256962302,-0.32308038792011606,-0.6468063793730732,1.417727397640577,5,0.6111111111111112,2,1.9499999999999886,0.3055555555555556,1.0,0.9749999999999943,2021-05,-0.26482384634124445,2022-05,0.524943153575461,AVAXUSDT,1.0,1.0,low
next_close_stress_ccap5_scap2_largest_drop_alloc0.005,next_close,stress,5,2,largest_drop,0.005,SOLUSDT,56,0,0.0,0.019552658448116933,0.034915461514494525,-0.4530106337487,0.44642857142857145,0.00915190301600255,0.001787412056608595,-0.409564024681619,-0.819989909467818,0.027407474766409205,4,0.6428571428571429,2,2.0,0.32142857142857145,1.0,1.0,2021-05,-0.2519820394635053,2024-08,17.19652922111337,SOLUSDT,0.999999999999995,1.0,low
next_close_stress_ccap5_scap2_liquidity_priority_alloc0.005,next_close,stress,5,2,liquidity_priority,0.005,XRPUSDT,65,0,0.0,0.6595306424229568,1.014662526804549,0.7784247939610001,0.6153846153846154,0.33008293950005374,0.055170982769148225,-0.11801553176368218,-0.23613295109525617,1.568482844386429,7,0.5307692307692308,2,1.0,0.2653846153846154,1.0,0.5,2021-05,-0.06806669825697442,2022-05,0.24814219764649045,XRPUSDT,1.0,1.0,low
next_close_stress_ccap5_scap2_liquidity_priority_alloc0.005,next_close,stress,5,2,liquidity_priority,0.005,LTCUSDT,27,0,0.0,-0.09203596352938881,-0.3408739389977363,0.6012692713807101,0.5555555555555556,-0.046053927145151,-0.007737589217338137,-0.11328565355562814,-0.22665603069101198,-0.47000780531141295,2,0.5,1,1.0,0.25,0.5,0.5,2022-05,-0.04535994620610273,2025-03,,LTCUSDT,,0.0,low
next_close_stress_ccap5_scap2_liquidity_priority_alloc0.005,next_close,stress,5,2,liquidity_priority,0.005,ADAUSDT,66,0,0.0,0.4807997751372915,0.728484507783775,0.9266677281731701,0.5757575757575758,0.24043264129562925,0.04077801544879467,-0.18586235600493994,-0.3719062183900417,1.0638893678841186,4,0.5454545454545454,2,1.0,0.2727272727272727,1.0,0.5,2025-02,-0.18586235600492884,2021-02,0.6367505809119065,ADAUSDT,1.0,1.0,low
next_close_stress_ccap5_scap2_liquidity_priority_alloc0.005,next_close,stress,5,2,liquidity_priority,0.005,BTCUSDT,27,0,0.0,0.2645781778342286,0.9799191771638096,0.59149154091456,0.6296296296296297,0.13216468436350048,0.02237202728372356,-0.08935285275841753,-0.1787057055168262,0.6356456394345313,2,0.5740740740740741,2,1.0,0.28703703703703703,1.0,0.5,2021-01,-0.04594118135539116,2020-03,0.5856799297811418,BTCUSDT,1.0,1.0,low
next_close_stress_ccap5_scap2_liquidity_priority_alloc0.005,next_close,stress,5,2,liquidity_priority,0.005,ETHUSDT,63,0,0.0,0.23565372601808862,0.37405353336204544,0.30903540188705,0.5555555555555556,0.11754758855158087,0.019898941702423123,-0.15697186001368824,-0.31406657539101024,0.44346337365675814,4,0.6587301587301587,2,2.0,0.32936507936507936,1.0,1.0,2021-04,-0.025375599869026377,2022-06,0.38769823977203066,ETHUSDT,1.0000000000000004,1.0,low
next_close_stress_ccap5_scap2_liquidity_priority_alloc0.005,next_close,stress,5,2,liquidity_priority,0.005,BNBUSDT,51,0,0.0,1.3043971080372954,2.557641388308422,1.37082437023597,0.6078431372549019,0.6539306145431301,0.11045450803541801,-0.08254891974909251,-0.1650978394981926,2.422536595750957,5,0.5392156862745098,2,1.0,0.2696078431372549,1.0,0.5,2021-01,-0.020145368700130728,2020-03,0.2930023858086509,BNBUSDT,1.0,1.0,low
next_close_stress_ccap5_scap2_liquidity_priority_alloc0.005,next_close,stress,5,2,liquidity_priority,0.005,LINKUSDT,53,0,0.0,-0.0674089034721403,-0.12718661032479303,-0.76549206890669,0.4528301886792453,-0.03387084589344669,-0.005739287558048645,-0.13367088499341984,-0.26742709031234707,-0.17999176660122934,5,0.5377358490566038,2,1.0,0.2688679245283019,1.0,0.5,2020-03,-0.13695400425891568,2021-04,,LINKUSDT,,0.0,low
next_close_stress_ccap5_scap2_liquidity_priority_alloc0.005,next_close,stress,5,2,liquidity_priority,0.005,AVAXUSDT,71,0,0.0,0.7244765566967042,1.0203895164742314,0.8345654944822,0.6197183098591549,0.36227827921411215,0.06962517907644905,-0.31625170978032413,-0.633107736001618,1.0337256756975426,5,0.5422535211267606,2,1.0,0.2711267605633803,1.0,0.5,2021-05,-0.22020859230956757,2022-05,0.5485572568346383,AVAXUSDT,1.0,1.0,low
next_close_stress_ccap5_scap2_liquidity_priority_alloc0.005,next_close,stress,5,2,liquidity_priority,0.005,SOLUSDT,68,0,0.0,0.7480524779802638,1.1000771735003878,0.003993947459860002,0.5,0.37394892199673624,0.07185922434642666,-0.26147121681180385,-0.5232054504197852,0.9494422638851522,4,0.7205882352941176,2,2.0,0.3602941176470588,1.0,1.0,2021-05,-0.1707079549966961,2024-08,0.5068438025539763,SOLUSDT,0.9999999999999997,1.0,low
next_close_stress_ccap5_scapunlimited_symbol_order_alloc0.005,next_close,stress,5,unlimited,symbol_order,0.005,XRPUSDT,64,0,0.0,0.683874856633254,1.0685544634894593,0.8935292281085601,0.625,0.3422967113275277,0.0572095254558036,-0.11801553176367108,-0.23613295109525617,1.631851674602096,7,0.53125,2,1.0,0.265625,1.0,0.5,2021-05,-0.06806669825697442,2022-05,0.23928803083002287,XRPUSDT,1.0,1.0,low
next_close_stress_ccap5_scapunlimited_symbol_order_alloc0.005,next_close,stress,5,unlimited,symbol_order,0.005,LTCUSDT,27,0,0.0,-0.09203596352938881,-0.3408739389977363,0.6012692713807101,0.5555555555555556,-0.046053927145151,-0.007737589217338137,-0.11328565355562814,-0.22665603069101198,-0.47000780531141295,2,0.5,1,1.0,0.25,0.5,0.5,2022-05,-0.04535994620610273,2025-03,,LTCUSDT,,0.0,low
next_close_stress_ccap5_scapunlimited_symbol_order_alloc0.005,next_close,stress,5,unlimited,symbol_order,0.005,ADAUSDT,66,0,0.0,0.4807997751372915,0.728484507783775,0.9266677281731701,0.5757575757575758,0.24043264129562925,0.04077801544879467,-0.18586235600493994,-0.3719062183900417,1.0638893678841186,4,0.5454545454545454,2,1.0,0.2727272727272727,1.0,0.5,2025-02,-0.18586235600492884,2021-02,0.6367505809119065,ADAUSDT,1.0,1.0,low
next_close_stress_ccap5_scapunlimited_symbol_order_alloc0.005,next_close,stress,5,unlimited,symbol_order,0.005,BTCUSDT,27,0,0.0,0.2645781778342286,0.9799191771638096,0.59149154091456,0.6296296296296297,0.13216468436350048,0.02237202728372356,-0.08935285275841753,-0.1787057055168262,0.6356456394345313,2,0.5740740740740741,2,1.0,0.28703703703703703,1.0,0.5,2021-01,-0.04594118135539116,2020-03,0.5856799297811418,BTCUSDT,1.0,1.0,low
next_close_stress_ccap5_scapunlimited_symbol_order_alloc0.005,next_close,stress,5,unlimited,symbol_order,0.005,ETHUSDT,66,0,0.0,0.2638782044567834,0.3998154612981567,0.30532267451194495,0.5454545454545454,0.13165714777541027,0.022286161529261328,-0.17828095153749057,-0.3567431036224321,0.48303166541638104,4,0.7424242424242424,3,2.0,0.3712121212121212,1.5,1.0,2021-01,-0.044750393306736136,2021-05,0.37791089790640103,ETHUSDT,1.0,1.0,low
next_close_stress_ccap5_scapunlimited_symbol_order_alloc0.005,next_close,stress,5,unlimited,symbol_order,0.005,BNBUSDT,52,0,0.0,1.3532933583685987,2.6024872276319204,1.428540685042245,0.6153846153846154,0.6785386134839699,0.1145993604978246,-0.08254891974909251,-0.1650978394981926,2.51147515146697,5,0.5769230769230769,3,1.0,0.28846153846153844,1.5,0.5,2021-01,-0.020145368700130728,2020-03,0.2823763105104126,BNBUSDT,1.0,1.0,low
next_close_stress_ccap5_scapunlimited_symbol_order_alloc0.005,next_close,stress,5,unlimited,symbol_order,0.005,LINKUSDT,51,0,0.0,-0.17567974461442076,-0.3444700874792564,-0.78941570643452,0.43137254901960786,-0.08796339032849376,-0.014908416243331057,-0.13367088499341984,-0.26742709031234707,-0.4839985617374351,5,0.5392156862745098,2,1.0,0.2696078431372549,1.0,0.5,2020-03,-0.13695400425891568,2021-04,,LINKUSDT,,0.0,low
next_close_stress_ccap5_scapunlimited_symbol_order_alloc0.005,next_close,stress,5,unlimited,symbol_order,0.005,AVAXUSDT,71,0,0.0,0.7244765566967042,1.0203895164742314,0.8345654944822,0.6197183098591549,0.36227827921411215,0.06962517907644905,-0.31625170978032413,-0.633107736001618,1.0337256756975426,5,0.5422535211267606,2,1.0,0.2711267605633803,1.0,0.5,2021-05,-0.22020859230956757,2022-05,0.5485572568346383,AVAXUSDT,1.0,1.0,low
next_close_stress_ccap5_scapunlimited_symbol_order_alloc0.005,next_close,stress,5,unlimited,symbol_order,0.005,SOLUSDT,67,0,0.0,0.6865589573116049,1.0247148616591117,-0.08572923863085,0.4925373134328358,0.3430966705513461,0.06593874691425139,-0.29212815720179863,-0.5846989710884438,0.8731453779698779,4,0.7089552238805971,2,2.0,0.35447761194029853,1.0,1.0,2021-05,-0.20139279357145323,2024-08,0.5524206728127414,SOLUSDT,1.0,1.0,low
next_close_stress_ccap5_scapunlimited_largest_drop_alloc0.005,next_close,stress,5,unlimited,largest_drop,0.005,XRPUSDT,61,0,0.0,0.7888393619994575,1.2931792819663237,0.7784247939610001,0.6229508196721312,0.39484802916698314,0.06598298629263422,-0.09724113800684275,-0.19454148113413705,1.5078867283637856,4,0.5327868852459017,2,1.0,0.26639344262295084,1.0,0.5,2025-04,-0.04772034629476618,2020-03,0.31640332091055834,XRPUSDT,0.9999999999999997,1.0,low
next_close_stress_ccap5_scapunlimited_largest_drop_alloc0.005,next_close,stress,5,unlimited,largest_drop,0.005,LTCUSDT,53,0,0.0,0.4119772577849632,0.7773155807263457,0.92159979763444,0.5660377358490566,0.2060042198752443,0.0344648452622387,-0.06304372289156479,-0.1260665494058047,1.0402170352334281,3,0.5188679245283019,2,1.0,0.25943396226415094,1.0,0.5,2025-02,-0.05875998872921784,2020-03,0.5213743551971797,LTCUSDT,0.9999999999999998,1.0,low
next_close_stress_ccap5_scapunlimited_largest_drop_alloc0.005,next_close,stress,5,unlimited,largest_drop,0.005,ADAUSDT,63,0,0.0,0.6914390720219703,1.09752233654281,1.1160824081578802,0.5714285714285714,0.34593602510022414,0.05850210512199361,-0.18586235600492884,-0.3719062183900417,1.2589050361494925,3,0.5317460317460317,2,1.0,0.26587301587301587,1.0,0.5,2025-02,-0.18586235600492884,2021-02,0.3876789789348623,ADAUSDT,0.9999999999999999,1.0,low
next_close_stress_ccap5_scapunlimited_largest_drop_alloc0.005,next_close,stress,5,unlimited,largest_drop,0.005,BNBUSDT,45,0,0.0,0.8367317561549601,1.8594039025665778,0.8161488573573499,0.5555555555555556,0.4189909786195489,0.09510080472414639,-0.08254891974909251,-0.1650978394981926,1.9254292607639802,4,0.5888888888888889,2,1.0,0.29444444444444445,1.0,0.5,2023-06,-0.018566523500873622,2021-02,0.383393071207686,BNBUSDT,1.0,1.0,low
next_close_stress_ccap5_scapunlimited_largest_drop_alloc0.005,next_close,stress,5,unlimited,largest_drop,0.005,ETHUSDT,42,0,0.0,0.06945302769434278,0.16536435165319707,0.321560957361745,0.5952380952380952,0.03462838675121205,0.005865045877473385,-0.1654388745438884,-0.33103381082263894,0.2379453452328909,4,0.6190476190476191,2,1.8499999999999943,0.30952380952380953,1.0,0.9249999999999972,2020-03,-0.0893258105786443,2021-05,2.560561889022245,ETHUSDT,1.0000000000000004,1.0,low
next_close_stress_ccap5_scapunlimited_largest_drop_alloc0.005,next_close,stress,5,unlimited,largest_drop,0.005,LINKUSDT,79,0,0.0,0.22651412769339446,0.2867267439156892,-0.07226060853912,0.4810126582278481,0.11291666988924032,0.01911536794931834,-0.29527576467245353,-0.5911942667111875,0.39627742535051336,9,0.5886075949367089,2,1.0,0.29430379746835444,1.0,0.5,2020-03,-0.28694709223048287,2021-02,0.932774337216408,LINKUSDT,1.0000000000000002,1.0,low
next_close_stress_ccap5_scapunlimited_largest_drop_alloc0.005,next_close,stress,5,unlimited,largest_drop,0.005,BTCUSDT,10,0,0.0,-0.0798746000532985,-0.798746000532985,0.29022126267104,0.6,-0.03997563244869662,-0.008021339387398463,-0.08962532072893659,-0.17925105360513813,-0.3971532808565864,2,0.5,1,1.0,0.25,0.5,0.5,2020-03,-0.0886966369511688,2021-06,,BTCUSDT,,0.0,low
next_close_stress_ccap5_scapunlimited_largest_drop_alloc0.005,next_close,stress,5,unlimited,largest_drop,0.005,AVAXUSDT,81,0,0.0,1.014445068374626,1.2524013189810197,1.32870018174467,0.6296296296296297,0.5078597361699577,0.09753885256962302,-0.32308038792011606,-0.6468063793730732,1.417727397640577,5,0.6111111111111112,2,1.9499999999999886,0.3055555555555556,1.0,0.9749999999999943,2021-05,-0.26482384634124445,2022-05,0.524943153575461,AVAXUSDT,1.0,1.0,low
next_close_stress_ccap5_scapunlimited_largest_drop_alloc0.005,next_close,stress,5,unlimited,largest_drop,0.005,SOLUSDT,57,0,0.0,0.08544448865181169,0.14990261166984506,-0.40010071659883006,0.45614035087719296,0.04210083329601044,0.008221411836983883,-0.3767530441956435,-0.7540980792641233,0.11928635595883026,4,0.6754385964912281,3,2.0,0.33771929824561403,1.5,1.0,2021-05,-0.2519820394635053,2024-08,3.7381912737199228,SOLUSDT,0.9999999999999996,1.0,low
next_close_stress_ccap5_scapunlimited_liquidity_priority_alloc0.005,next_close,stress,5,unlimited,liquidity_priority,0.005,XRPUSDT,64,0,0.0,0.683874856633254,1.0685544634894593,0.8935292281085601,0.625,0.3422967113275277,0.0572095254558036,-0.11801553176367108,-0.23613295109525617,1.631851674602096,7,0.53125,2,1.0,0.265625,1.0,0.5,2021-05,-0.06806669825697442,2022-05,0.23928803083002287,XRPUSDT,1.0,1.0,low
next_close_stress_ccap5_scapunlimited_liquidity_priority_alloc0.005,next_close,stress,5,unlimited,liquidity_priority,0.005,LTCUSDT,27,0,0.0,-0.09203596352938881,-0.3408739389977363,0.6012692713807101,0.5555555555555556,-0.046053927145151,-0.007737589217338137,-0.11328565355562814,-0.22665603069101198,-0.47000780531141295,2,0.5,1,1.0,0.25,0.5,0.5,2022-05,-0.04535994620610273,2025-03,,LTCUSDT,,0.0,low
next_close_stress_ccap5_scapunlimited_liquidity_priority_alloc0.005,next_close,stress,5,unlimited,liquidity_priority,0.005,ADAUSDT,66,0,0.0,0.4807997751372915,0.728484507783775,0.9266677281731701,0.5757575757575758,0.24043264129562925,0.04077801544879467,-0.18586235600493994,-0.3719062183900417,1.0638893678841186,4,0.5454545454545454,2,1.0,0.2727272727272727,1.0,0.5,2025-02,-0.18586235600492884,2021-02,0.6367505809119065,ADAUSDT,1.0,1.0,low
next_close_stress_ccap5_scapunlimited_liquidity_priority_alloc0.005,next_close,stress,5,unlimited,liquidity_priority,0.005,BTCUSDT,27,0,0.0,0.2645781778342286,0.9799191771638096,0.59149154091456,0.6296296296296297,0.13216468436350048,0.02237202728372356,-0.08935285275841753,-0.1787057055168262,0.6356456394345313,2,0.5740740740740741,2,1.0,0.28703703703703703,1.0,0.5,2021-01,-0.04594118135539116,2020-03,0.5856799297811418,BTCUSDT,1.0,1.0,low
next_close_stress_ccap5_scapunlimited_liquidity_priority_alloc0.005,next_close,stress,5,unlimited,liquidity_priority,0.005,ETHUSDT,66,0,0.0,0.2638782044567834,0.3998154612981567,0.30532267451194495,0.5454545454545454,0.13165714777541027,0.022286161529261328,-0.17828095153749057,-0.3567431036224321,0.48303166541638104,4,0.7424242424242424,3,2.0,0.3712121212121212,1.5,1.0,2021-01,-0.044750393306736136,2021-05,0.37791089790640103,ETHUSDT,1.0,1.0,low
next_close_stress_ccap5_scapunlimited_liquidity_priority_alloc0.005,next_close,stress,5,unlimited,liquidity_priority,0.005,BNBUSDT,52,0,0.0,1.3532933583685987,2.6024872276319204,1.428540685042245,0.6153846153846154,0.6785386134839699,0.1145993604978246,-0.08254891974909251,-0.1650978394981926,2.51147515146697,5,0.5769230769230769,3,1.0,0.28846153846153844,1.5,0.5,2021-01,-0.020145368700130728,2020-03,0.2823763105104126,BNBUSDT,1.0,1.0,low
next_close_stress_ccap5_scapunlimited_liquidity_priority_alloc0.005,next_close,stress,5,unlimited,liquidity_priority,0.005,LINKUSDT,51,0,0.0,-0.17567974461442076,-0.3444700874792564,-0.78941570643452,0.43137254901960786,-0.08796339032849376,-0.014908416243331057,-0.13367088499341984,-0.26742709031234707,-0.4839985617374351,5,0.5392156862745098,2,1.0,0.2696078431372549,1.0,0.5,2020-03,-0.13695400425891568,2021-04,,LINKUSDT,,0.0,low
next_close_stress_ccap5_scapunlimited_liquidity_priority_alloc0.005,next_close,stress,5,unlimited,liquidity_priority,0.005,AVAXUSDT,71,0,0.0,0.7244765566967042,1.0203895164742314,0.8345654944822,0.6197183098591549,0.36227827921411215,0.06962517907644905,-0.31625170978032413,-0.633107736001618,1.0337256756975426,5,0.5422535211267606,2,1.0,0.2711267605633803,1.0,0.5,2021-05,-0.22020859230956757,2022-05,0.5485572568346383,AVAXUSDT,1.0,1.0,low
next_close_stress_ccap5_scapunlimited_liquidity_priority_alloc0.005,next_close,stress,5,unlimited,liquidity_priority,0.005,SOLUSDT,67,0,0.0,0.6865589573116049,1.0247148616591117,-0.08572923863085,0.4925373134328358,0.3430966705513461,0.06593874691425139,-0.29212815720179863,-0.5846989710884438,0.8731453779698779,4,0.7089552238805971,2,2.0,0.35447761194029853,1.0,1.0,2021-05,-0.20139279357145323,2024-08,0.5524206728127414,SOLUSDT,1.0,1.0,low
next_close_stress_ccap10_scap1_symbol_order_alloc0.005,next_close,stress,10,1,symbol_order,0.005,XRPUSDT,76,0,0.0,0.6686592101212386,0.8798147501595246,0.644750871406685,0.631578947368421,0.3345489855578476,0.05591641328253072,-0.19302918146836268,-0.38635439804467087,1.2895613097715812,5,0.5,1,1.0,0.25,0.5,0.5,2021-05,-0.12365922183951161,2022-05,0.3222629720174154,XRPUSDT,1.0,1.0,low
next_close_stress_ccap10_scap1_symbol_order_alloc0.005,next_close,stress,10,1,symbol_order,0.005,LTCUSDT,66,0,0.0,-0.37891371313287175,-0.5741116865649573,0.038254935016584994,0.5,-0.18949900214655369,-0.031755731060856274,-0.3154327737122098,-0.6315245616736781,-0.8980966580648353,9,0.5,1,1.0,0.25,0.5,0.5,2021-05,-0.21576664165806614,2021-04,,LTCUSDT,,0.0,low
next_close_stress_ccap10_scap1_symbol_order_alloc0.005,next_close,stress,10,1,symbol_order,0.005,ADAUSDT,77,0,0.0,0.46538018956238913,0.6043898565745314,1.1822838843399601,0.6103896103896104,0.23261916864472099,0.03935728389810045,-0.17560995484338093,-0.35135228021047454,0.8898154225593656,3,0.5,1,1.0,0.25,0.5,0.5,2020-03,-0.15132934062380698,2021-02,0.7419432906471278,ADAUSDT,1.0,1.0,low
next_close_stress_ccap10_scap1_symbol_order_alloc0.005,next_close,stress,10,1,symbol_order,0.005,BTCUSDT,31,0,0.0,0.0484260441870748,0.15621304576475742,0.97846343465853,0.6774193548387096,0.024133843820739465,0.004087061262136871,-0.1467879978091835,-0.29367539356162686,0.18603083512947205,2,0.5,1,1.0,0.25,0.5,0.5,2020-03,-0.08568176475545197,2021-05,1.0666308066927126,BTCUSDT,1.0,1.0,low
next_close_stress_ccap10_scap1_symbol_order_alloc0.005,next_close,stress,10,1,symbol_order,0.005,ETHUSDT,59,0,0.0,0.3881010826543482,0.6577984451768614,0.30160994713684,0.559322033898305,0.1939369387374379,0.03282004565532404,-0.1579265260067908,-0.316020761804848,0.787558168000069,4,0.5,1,1.0,0.25,0.5,0.5,2021-04,-0.04965373077461255,2020-03,0.45217894571381895,ETHUSDT,1.0,1.0,low
next_close_stress_ccap10_scap1_symbol_order_alloc0.005,next_close,stress,10,1,symbol_order,0.005,BNBUSDT,58,0,0.0,0.9199209671958084,1.5860706330962215,0.84730058445002,0.5517241379310345,0.4606154539721796,0.07786412469215076,-0.17150720554883758,-0.3432125927058077,1.6442046284583096,6,0.5,1,1.0,0.25,0.5,0.5,2021-05,-0.13170391409248472,2020-03,0.415972214050002,BNBUSDT,1.0,1.0,low
next_close_stress_ccap10_scap1_symbol_order_alloc0.005,next_close,stress,10,1,symbol_order,0.005,LINKUSDT,82,0,0.0,0.29900901521515655,0.3646451405062885,-0.12897636639961,0.47560975609756095,0.14924065063155467,0.025260752625055893,-0.17469439816401033,-0.3495553284357972,0.5435018047100434,7,0.5,1,1.0,0.25,0.5,0.5,2020-03,-0.19604303275704282,2021-04,0.8790097073734804,LINKUSDT,1.0,1.0,low
next_close_stress_ccap10_scap1_symbol_order_alloc0.005,next_close,stress,10,1,symbol_order,0.005,AVAXUSDT,79,0,0.0,0.8916898754021079,1.128721361268491,1.09360076816389,0.6075949367088608,0.446158811504227,0.08570992580387848,-0.3572212504762251,-0.7152738679637085,1.2140177916882546,5,0.5,1,1.0,0.25,0.5,0.5,2021-05,-0.2612176062643967,2022-05,0.4358963806479887,AVAXUSDT,0.9999999999999999,1.0,low
next_close_stress_ccap10_scap1_symbol_order_alloc0.005,next_close,stress,10,1,symbol_order,0.005,SOLUSDT,60,0,0.0,0.7204192373325355,1.2006987288875592,0.20268157809921497,0.5333333333333333,0.360302673471935,0.06924072132490355,-0.19748266481227628,-0.3949694331746699,1.0832233043836426,3,0.5,1,1.0,0.25,0.5,0.5,2021-05,-0.10666117264452879,2021-04,0.3042061602125236,SOLUSDT,1.0,1.0,low
next_close_stress_ccap10_scap1_largest_drop_alloc0.005,next_close,stress,10,1,largest_drop,0.005,XRPUSDT,76,0,0.0,0.6686592101212386,0.8798147501595246,0.644750871406685,0.631578947368421,0.3345489855578476,0.05591641328253072,-0.19302918146836268,-0.38635439804467087,1.2895613097715812,5,0.5,1,1.0,0.25,0.5,0.5,2021-05,-0.12365922183951161,2022-05,0.3222629720174154,XRPUSDT,1.0,1.0,low
next_close_stress_ccap10_scap1_largest_drop_alloc0.005,next_close,stress,10,1,largest_drop,0.005,LTCUSDT,66,0,0.0,-0.37891371313287175,-0.5741116865649573,0.038254935016584994,0.5,-0.18949900214655369,-0.031755731060856274,-0.3154327737122098,-0.6315245616736781,-0.8980966580648353,9,0.5,1,1.0,0.25,0.5,0.5,2021-05,-0.21576664165806614,2021-04,,LTCUSDT,,0.0,low
next_close_stress_ccap10_scap1_largest_drop_alloc0.005,next_close,stress,10,1,largest_drop,0.005,ADAUSDT,77,0,0.0,0.46538018956238913,0.6043898565745314,1.1822838843399601,0.6103896103896104,0.23261916864472099,0.03935728389810045,-0.17560995484338093,-0.35135228021047454,0.8898154225593656,3,0.5,1,1.0,0.25,0.5,0.5,2020-03,-0.15132934062380698,2021-02,0.7419432906471278,ADAUSDT,1.0,1.0,low
next_close_stress_ccap10_scap1_largest_drop_alloc0.005,next_close,stress,10,1,largest_drop,0.005,BNBUSDT,58,0,0.0,0.9199209671958084,1.5860706330962215,0.84730058445002,0.5517241379310345,0.4606154539721796,0.07786412469215076,-0.17150720554883758,-0.3432125927058077,1.6442046284583096,6,0.5,1,1.0,0.25,0.5,0.5,2021-05,-0.13170391409248472,2020-03,0.415972214050002,BNBUSDT,1.0,1.0,low
next_close_stress_ccap10_scap1_largest_drop_alloc0.005,next_close,stress,10,1,largest_drop,0.005,ETHUSDT,59,0,0.0,0.3881010826543482,0.6577984451768614,0.30160994713684,0.559322033898305,0.1939369387374379,0.03282004565532404,-0.1579265260067908,-0.316020761804848,0.787558168000069,4,0.5,1,1.0,0.25,0.5,0.5,2021-04,-0.04965373077461255,2020-03,0.45217894571381895,ETHUSDT,1.0,1.0,low
next_close_stress_ccap10_scap1_largest_drop_alloc0.005,next_close,stress,10,1,largest_drop,0.005,LINKUSDT,82,0,0.0,0.29900901521515655,0.3646451405062885,-0.12897636639961,0.47560975609756095,0.14924065063155467,0.025260752625055893,-0.17469439816401033,-0.3495553284357972,0.5435018047100434,7,0.5,1,1.0,0.25,0.5,0.5,2020-03,-0.19604303275704282,2021-04,0.8790097073734804,LINKUSDT,1.0,1.0,low
next_close_stress_ccap10_scap1_largest_drop_alloc0.005,next_close,stress,10,1,largest_drop,0.005,BTCUSDT,31,0,0.0,0.0484260441870748,0.15621304576475742,0.97846343465853,0.6774193548387096,0.024133843820739465,0.004087061262136871,-0.1467879978091835,-0.29367539356162686,0.18603083512947205,2,0.5,1,1.0,0.25,0.5,0.5,2020-03,-0.08568176475545197,2021-05,1.0666308066927126,BTCUSDT,1.0,1.0,low
next_close_stress_ccap10_scap1_largest_drop_alloc0.005,next_close,stress,10,1,largest_drop,0.005,AVAXUSDT,79,0,0.0,0.8916898754021079,1.128721361268491,1.09360076816389,0.6075949367088608,0.446158811504227,0.08570992580387848,-0.3572212504762251,-0.7152738679637085,1.2140177916882546,5,0.5,1,1.0,0.25,0.5,0.5,2021-05,-0.2612176062643967,2022-05,0.4358963806479887,AVAXUSDT,0.9999999999999999,1.0,low
next_close_stress_ccap10_scap1_largest_drop_alloc0.005,next_close,stress,10,1,largest_drop,0.005,SOLUSDT,60,0,0.0,0.7204192373325355,1.2006987288875592,0.20268157809921497,0.5333333333333333,0.360302673471935,0.06924072132490355,-0.19748266481227628,-0.3949694331746699,1.0832233043836426,3,0.5,1,1.0,0.25,0.5,0.5,2021-05,-0.10666117264452879,2021-04,0.3042061602125236,SOLUSDT,1.0,1.0,low
next_close_stress_ccap10_scap1_liquidity_priority_alloc0.005,next_close,stress,10,1,liquidity_priority,0.005,XRPUSDT,76,0,0.0,0.6686592101212386,0.8798147501595246,0.644750871406685,0.631578947368421,0.3345489855578476,0.05591641328253072,-0.19302918146836268,-0.38635439804467087,1.2895613097715812,5,0.5,1,1.0,0.25,0.5,0.5,2021-05,-0.12365922183951161,2022-05,0.3222629720174154,XRPUSDT,1.0,1.0,low
next_close_stress_ccap10_scap1_liquidity_priority_alloc0.005,next_close,stress,10,1,liquidity_priority,0.005,LTCUSDT,66,0,0.0,-0.37891371313287175,-0.5741116865649573,0.038254935016584994,0.5,-0.18949900214655369,-0.031755731060856274,-0.3154327737122098,-0.6315245616736781,-0.8980966580648353,9,0.5,1,1.0,0.25,0.5,0.5,2021-05,-0.21576664165806614,2021-04,,LTCUSDT,,0.0,low
next_close_stress_ccap10_scap1_liquidity_priority_alloc0.005,next_close,stress,10,1,liquidity_priority,0.005,ADAUSDT,77,0,0.0,0.46538018956238913,0.6043898565745314,1.1822838843399601,0.6103896103896104,0.23261916864472099,0.03935728389810045,-0.17560995484338093,-0.35135228021047454,0.8898154225593656,3,0.5,1,1.0,0.25,0.5,0.5,2020-03,-0.15132934062380698,2021-02,0.7419432906471278,ADAUSDT,1.0,1.0,low
next_close_stress_ccap10_scap1_liquidity_priority_alloc0.005,next_close,stress,10,1,liquidity_priority,0.005,BTCUSDT,31,0,0.0,0.0484260441870748,0.15621304576475742,0.97846343465853,0.6774193548387096,0.024133843820739465,0.004087061262136871,-0.1467879978091835,-0.29367539356162686,0.18603083512947205,2,0.5,1,1.0,0.25,0.5,0.5,2020-03,-0.08568176475545197,2021-05,1.0666308066927126,BTCUSDT,1.0,1.0,low
next_close_stress_ccap10_scap1_liquidity_priority_alloc0.005,next_close,stress,10,1,liquidity_priority,0.005,ETHUSDT,59,0,0.0,0.3881010826543482,0.6577984451768614,0.30160994713684,0.559322033898305,0.1939369387374379,0.03282004565532404,-0.1579265260067908,-0.316020761804848,0.787558168000069,4,0.5,1,1.0,0.25,0.5,0.5,2021-04,-0.04965373077461255,2020-03,0.45217894571381895,ETHUSDT,1.0,1.0,low
next_close_stress_ccap10_scap1_liquidity_priority_alloc0.005,next_close,stress,10,1,liquidity_priority,0.005,BNBUSDT,58,0,0.0,0.9199209671958084,1.5860706330962215,0.84730058445002,0.5517241379310345,0.4606154539721796,0.07786412469215076,-0.17150720554883758,-0.3432125927058077,1.6442046284583096,6,0.5,1,1.0,0.25,0.5,0.5,2021-05,-0.13170391409248472,2020-03,0.415972214050002,BNBUSDT,1.0,1.0,low
next_close_stress_ccap10_scap1_liquidity_priority_alloc0.005,next_close,stress,10,1,liquidity_priority,0.005,LINKUSDT,82,0,0.0,0.29900901521515655,0.3646451405062885,-0.12897636639961,0.47560975609756095,0.14924065063155467,0.025260752625055893,-0.17469439816401033,-0.3495553284357972,0.5435018047100434,7,0.5,1,1.0,0.25,0.5,0.5,2020-03,-0.19604303275704282,2021-04,0.8790097073734804,LINKUSDT,1.0,1.0,low
next_close_stress_ccap10_scap1_liquidity_priority_alloc0.005,next_close,stress,10,1,liquidity_priority,0.005,AVAXUSDT,79,0,0.0,0.8916898754021079,1.128721361268491,1.09360076816389,0.6075949367088608,0.446158811504227,0.08570992580387848,-0.3572212504762251,-0.7152738679637085,1.2140177916882546,5,0.5,1,1.0,0.25,0.5,0.5,2021-05,-0.2612176062643967,2022-05,0.4358963806479887,AVAXUSDT,0.9999999999999999,1.0,low
next_close_stress_ccap10_scap1_liquidity_priority_alloc0.005,next_close,stress,10,1,liquidity_priority,0.005,SOLUSDT,60,0,0.0,0.7204192373325355,1.2006987288875592,0.20268157809921497,0.5333333333333333,0.360302673471935,0.06924072132490355,-0.19748266481227628,-0.3949694331746699,1.0832233043836426,3,0.5,1,1.0,0.25,0.5,0.5,2021-05,-0.10666117264452879,2021-04,0.3042061602125236,SOLUSDT,1.0,1.0,low
next_close_stress_ccap10_scap2_symbol_order_alloc0.005,next_close,stress,10,2,symbol_order,0.005,XRPUSDT,86,0,0.0,1.1693528169196965,1.3597125778136006,0.7384175611033901,0.6395348837209303,0.5859576529357202,0.0978347058852469,-0.17358026861564735,-0.3473889359855238,2.0323447217331383,4,0.6395348837209303,2,2.0,0.31976744186046513,1.0,1.0,2021-05,-0.1281597085419528,2022-05,0.21730113488801178,XRPUSDT,0.9999999999999998,1.0,low
next_close_stress_ccap10_scap2_symbol_order_alloc0.005,next_close,stress,10,2,symbol_order,0.005,LTCUSDT,60,0,0.0,0.02263995231214344,0.0377332538535724,0.77030224117205,0.55,0.011161830503092496,0.001868906530466674,-0.14792637724426738,-0.2959734494550428,0.06300122226511667,4,0.5166666666666667,2,1.0,0.25833333333333336,1.0,0.5,2020-03,-0.11395769824924518,2021-04,4.933129536919784,LTCUSDT,0.9999999999999997,1.0,low
next_close_stress_ccap10_scap2_symbol_order_alloc0.005,next_close,stress,10,2,symbol_order,0.005,ADAUSDT,88,0,0.0,0.8719030865049835,0.9907989619374813,0.9266677281731701,0.5909090909090909,0.4363110426037764,0.07375804683444898,-0.18586235600491774,-0.3719062183900416,1.2738502033997452,4,0.6477272727272727,2,2.0,0.32386363636363635,1.0,1.0,2025-02,-0.18586235600492884,2025-10,0.44209111222900466,ADAUSDT,0.9999999999999999,1.0,low
next_close_stress_ccap10_scap2_symbol_order_alloc0.005,next_close,stress,10,2,symbol_order,0.005,BTCUSDT,34,0,0.0,0.27331353487684373,0.8038633378730697,0.5975006364482149,0.6470588235294118,0.13653211292805612,0.023110900056777517,-0.11384758426014052,-0.22773898115085672,0.649030771410741,3,0.6470588235294118,2,2.0,0.3235294117647059,1.0,1.0,2021-01,-0.057663854918643676,2020-03,0.38723921214015394,BTCUSDT,1.0000000000000002,1.0,low
next_close_stress_ccap10_scap2_symbol_order_alloc0.005,next_close,stress,10,2,symbol_order,0.005,ETHUSDT,73,0,0.0,0.4644685798938999,0.6362583286217807,0.30960913102647,0.5753424657534246,0.2321351900383073,0.03927813387629708,-0.16893739224822513,-0.3380348449876888,0.854106431606022,4,0.7191780821917808,2,2.0,0.3595890410958904,1.0,1.0,2021-04,-0.025375599869026377,2025-10,0.20217164261933743,ETHUSDT,1.0000000000000002,1.0,low
next_close_stress_ccap10_scap2_symbol_order_alloc0.005,next_close,stress,10,2,symbol_order,0.005,BNBUSDT,70,0,0.0,1.3532018565843205,1.933145509406172,1.55334451744493,0.6142857142857143,0.6783170143856321,0.11456203917123986,-0.20926313363092142,-0.41873564252833195,2.0411047929143593,5,0.7857142857142857,2,2.0,0.3928571428571429,1.0,1.0,2021-05,-0.05343842160856482,2021-02,0.29397691079445787,BNBUSDT,0.9999999999999999,1.0,low
next_close_stress_ccap10_scap2_symbol_order_alloc0.005,next_close,stress,10,2,symbol_order,0.005,LINKUSDT,90,0,0.0,0.30755398050423566,0.3417266450047063,-0.12897636639961,0.4777777777777778,0.15344163013204515,0.0259713657153382,-0.2585404463659291,-0.517528966276743,0.508825483460001,8,0.6444444444444445,2,2.0,0.32222222222222224,1.0,1.0,2020-03,-0.2487991651563326,2021-04,0.9977558207977453,LINKUSDT,1.0,1.0,low
next_close_stress_ccap10_scap2_symbol_order_alloc0.005,next_close,stress,10,2,symbol_order,0.005,AVAXUSDT,95,0,0.0,1.1741052336557012,1.2359002459533697,1.45286360539836,0.6210526315789474,0.5879541260315646,0.11288531903350663,-0.47687285563342563,-0.9554975029236378,1.4580836027937667,4,0.7,2,2.0,0.35,1.0,1.0,2021-05,-0.2670892100075761,2022-05,0.5708869409947248,AVAXUSDT,1.0,1.0,low
next_close_stress_ccap10_scap2_symbol_order_alloc0.005,next_close,stress,10,2,symbol_order,0.005,SOLUSDT,80,0,0.0,1.3433731313057826,1.679216414132228,0.468628804809455,0.55,0.6730777420871359,0.12918530550618534,-0.24465486871094733,-0.48955365942875734,1.6325747929194532,4,0.8,2,2.0,0.4,1.0,1.0,2021-06,-0.09091846687063754,2024-08,0.2815925735384803,SOLUSDT,1.0,1.0,low
next_close_stress_ccap10_scap2_largest_drop_alloc0.005,next_close,stress,10,2,largest_drop,0.005,XRPUSDT,87,0,0.0,1.7049895022573445,1.9597580485716601,1.16104304262461,0.6436781609195402,0.8555682569247214,0.14269104693807044,-0.10311416487882585,-0.2062456497193455,2.6178310503200044,4,0.6724137931034483,2,2.0,0.33620689655172414,1.0,1.0,2021-06,-0.01854286010362083,2022-05,0.14882420186663262,XRPUSDT,1.0000000000000002,1.0,low
next_close_stress_ccap10_scap2_largest_drop_alloc0.005,next_close,stress,10,2,largest_drop,0.005,LTCUSDT,71,0,0.0,0.21602772424420139,0.30426440034394564,0.73323514939578,0.5352112676056338,0.10775306132269069,0.018034629928642687,-0.18336381549115544,-0.3669166881549009,0.42527074558446454,7,0.6267605633802817,2,2.0,0.31338028169014087,1.0,1.0,2021-05,-0.1179039254031733,2021-12,0.5501968391109088,LTCUSDT,1.0,1.0,low
next_close_stress_ccap10_scap2_largest_drop_alloc0.005,next_close,stress,10,2,largest_drop,0.005,ADAUSDT,90,0,0.0,1.3632754957777713,1.5147505508641903,1.1491831462489202,0.6,0.6832386635817089,0.1153831114594217,-0.18586235600492884,-0.37190621839004157,1.8154214651055132,4,0.6777777777777778,2,2.0,0.3388888888888889,1.0,1.0,2025-02,-0.18586235600492884,2025-10,0.2823160403296357,ADAUSDT,1.0,1.0,low
next_close_stress_ccap10_scap2_largest_drop_alloc0.005,next_close,stress,10,2,largest_drop,0.005,BNBUSDT,63,0,0.0,0.9643820090807709,1.5307650937790014,1.37989509687744,0.6031746031746031,0.4829344790629353,0.08162947616234817,-0.20926313363092142,-0.418735642528332,1.6903063250922201,5,0.7063492063492064,2,2.0,0.3531746031746032,1.0,1.0,2020-03,-0.05732294773003188,2021-02,0.41291220460244094,BNBUSDT,0.9999999999999999,1.0,low
next_close_stress_ccap10_scap2_largest_drop_alloc0.005,next_close,stress,10,2,largest_drop,0.005,ETHUSDT,65,0,0.0,-0.24044169821079003,-0.36991030493967697,0.18273202654946,0.5230769230769231,-0.12032432103836754,-0.020389131604292565,-0.3030410903896885,-0.6067483747393039,-0.6380664461570594,5,0.6538461538461539,2,2.0,0.3269230769230769,1.0,1.0,2020-03,-0.15144633880280756,2022-06,,ETHUSDT,,0.0,low
next_close_stress_ccap10_scap2_largest_drop_alloc0.005,next_close,stress,10,2,largest_drop,0.005,LINKUSDT,102,0,0.0,1.267055378313647,1.242211155209458,0.10068582499410501,0.5098039215686274,0.6348224622209742,0.10723544257544848,-0.29322770854294244,-0.5870833167589742,1.6942829720727042,8,0.7450980392156863,2,2.0,0.37254901960784315,1.0,1.0,2020-03,-0.2834898150757881,2021-04,0.3013283768703891,LINKUSDT,1.0000000000000002,1.0,low
next_close_stress_ccap10_scap2_largest_drop_alloc0.005,next_close,stress,10,2,largest_drop,0.005,BTCUSDT,24,0,0.0,-0.06850423710602462,-0.28543432127510254,0.47650306561225503,0.625,-0.034312309401463015,-0.005812192938292604,-0.1540432037845263,-0.30822292164560006,-0.2922700545607912,3,0.5416666666666666,2,1.0,0.2708333333333333,1.0,0.5,2020-03,-0.1101773962845276,2021-05,,BTCUSDT,,0.0,low
next_close_stress_ccap10_scap2_largest_drop_alloc0.005,next_close,stress,10,2,largest_drop,0.005,AVAXUSDT,101,0,0.0,1.786721666435329,1.769031352906266,1.6216689763663799,0.6435643564356436,0.8964291202022467,0.17189856142092452,-0.495820052340179,-0.9935644708376726,2.1114229664098305,5,0.7574257425742574,2,2.0,0.37871287128712877,1.0,1.0,2021-05,-0.2860763452905646,2022-05,0.4667231161112143,AVAXUSDT,1.0000000000000002,1.0,low
next_close_stress_ccap10_scap2_largest_drop_alloc0.005,next_close,stress,10,2,largest_drop,0.005,SOLUSDT,73,0,0.0,0.9223488307644248,1.2634915489923626,0.09371713355057,0.5068493150684932,0.4614265051309463,0.08863798828873115,-0.3587028273363768,-0.7184040369001259,1.1487997005906927,5,0.7328767123287672,2,2.0,0.3664383561643836,1.0,1.0,2021-05,-0.19210346334626038,2024-08,0.4107559740895229,SOLUSDT,1.0000000000000002,1.0,low
next_close_stress_ccap10_scap2_liquidity_priority_alloc0.005,next_close,stress,10,2,liquidity_priority,0.005,XRPUSDT,86,0,0.0,1.1693528169196965,1.3597125778136006,0.7384175611033901,0.6395348837209303,0.5859576529357202,0.0978347058852469,-0.17358026861564735,-0.3473889359855238,2.0323447217331383,4,0.6395348837209303,2,2.0,0.31976744186046513,1.0,1.0,2021-05,-0.1281597085419528,2022-05,0.21730113488801178,XRPUSDT,0.9999999999999998,1.0,low
next_close_stress_ccap10_scap2_liquidity_priority_alloc0.005,next_close,stress,10,2,liquidity_priority,0.005,LTCUSDT,60,0,0.0,0.02263995231214344,0.0377332538535724,0.77030224117205,0.55,0.011161830503092496,0.001868906530466674,-0.14792637724426738,-0.2959734494550428,0.06300122226511667,4,0.5166666666666667,2,1.0,0.25833333333333336,1.0,0.5,2020-03,-0.11395769824924518,2021-04,4.933129536919784,LTCUSDT,0.9999999999999997,1.0,low
next_close_stress_ccap10_scap2_liquidity_priority_alloc0.005,next_close,stress,10,2,liquidity_priority,0.005,ADAUSDT,88,0,0.0,0.8719030865049835,0.9907989619374813,0.9266677281731701,0.5909090909090909,0.4363110426037764,0.07375804683444898,-0.18586235600491774,-0.3719062183900416,1.2738502033997452,4,0.6477272727272727,2,2.0,0.32386363636363635,1.0,1.0,2025-02,-0.18586235600492884,2025-10,0.44209111222900466,ADAUSDT,0.9999999999999999,1.0,low
next_close_stress_ccap10_scap2_liquidity_priority_alloc0.005,next_close,stress,10,2,liquidity_priority,0.005,BTCUSDT,34,0,0.0,0.27331353487684373,0.8038633378730697,0.5975006364482149,0.6470588235294118,0.13653211292805612,0.023110900056777517,-0.11384758426014052,-0.22773898115085672,0.649030771410741,3,0.6470588235294118,2,2.0,0.3235294117647059,1.0,1.0,2021-01,-0.057663854918643676,2020-03,0.38723921214015394,BTCUSDT,1.0000000000000002,1.0,low
next_close_stress_ccap10_scap2_liquidity_priority_alloc0.005,next_close,stress,10,2,liquidity_priority,0.005,ETHUSDT,73,0,0.0,0.4644685798938999,0.6362583286217807,0.30960913102647,0.5753424657534246,0.2321351900383073,0.03927813387629708,-0.16893739224822513,-0.3380348449876888,0.854106431606022,4,0.7191780821917808,2,2.0,0.3595890410958904,1.0,1.0,2021-04,-0.025375599869026377,2025-10,0.20217164261933743,ETHUSDT,1.0000000000000002,1.0,low
next_close_stress_ccap10_scap2_liquidity_priority_alloc0.005,next_close,stress,10,2,liquidity_priority,0.005,BNBUSDT,70,0,0.0,1.3532018565843205,1.933145509406172,1.55334451744493,0.6142857142857143,0.6783170143856321,0.11456203917123986,-0.20926313363092142,-0.41873564252833195,2.0411047929143593,5,0.7857142857142857,2,2.0,0.3928571428571429,1.0,1.0,2021-05,-0.05343842160856482,2021-02,0.29397691079445787,BNBUSDT,0.9999999999999999,1.0,low
next_close_stress_ccap10_scap2_liquidity_priority_alloc0.005,next_close,stress,10,2,liquidity_priority,0.005,LINKUSDT,90,0,0.0,0.30755398050423566,0.3417266450047063,-0.12897636639961,0.4777777777777778,0.15344163013204515,0.0259713657153382,-0.2585404463659291,-0.517528966276743,0.508825483460001,8,0.6444444444444445,2,2.0,0.32222222222222224,1.0,1.0,2020-03,-0.2487991651563326,2021-04,0.9977558207977453,LINKUSDT,1.0,1.0,low
next_close_stress_ccap10_scap2_liquidity_priority_alloc0.005,next_close,stress,10,2,liquidity_priority,0.005,AVAXUSDT,95,0,0.0,1.1741052336557012,1.2359002459533697,1.45286360539836,0.6210526315789474,0.5879541260315646,0.11288531903350663,-0.47687285563342563,-0.9554975029236378,1.4580836027937667,4,0.7,2,2.0,0.35,1.0,1.0,2021-05,-0.2670892100075761,2022-05,0.5708869409947248,AVAXUSDT,1.0,1.0,low
next_close_stress_ccap10_scap2_liquidity_priority_alloc0.005,next_close,stress,10,2,liquidity_priority,0.005,SOLUSDT,80,0,0.0,1.3433731313057826,1.679216414132228,0.468628804809455,0.55,0.6730777420871359,0.12918530550618534,-0.24465486871094733,-0.48955365942875734,1.6325747929194532,4,0.8,2,2.0,0.4,1.0,1.0,2021-06,-0.09091846687063754,2024-08,0.2815925735384803,SOLUSDT,1.0,1.0,low
next_close_stress_ccap10_scapunlimited_symbol_order_alloc0.005,next_close,stress,10,unlimited,symbol_order,0.005,XRPUSDT,87,0,0.0,1.230639761039363,1.4145284609647848,0.7784247939610001,0.6436781609195402,0.6167806827652722,0.10296793804549509,-0.17358026861565845,-0.3473889359855238,2.131695741897179,4,0.6609195402298851,3,2.0,0.33045977011494254,1.5,1.0,2021-05,-0.1281597085419528,2022-05,0.20644171670289704,XRPUSDT,1.0,1.0,low
next_close_stress_ccap10_scapunlimited_symbol_order_alloc0.005,next_close,stress,10,unlimited,symbol_order,0.005,LTCUSDT,57,0,0.0,0.060547205973814015,0.10622316837511231,0.8073693329483199,0.5614035087719298,0.03012519141578629,0.005043681987637605,-0.12183706363589897,-0.2437311717812312,0.17162636859117028,4,0.5175438596491229,2,1.0,0.25877192982456143,1.0,0.5,2020-03,-0.11395769824924518,2021-04,1.2073999681945988,LTCUSDT,0.9999999999999999,1.0,low
next_close_stress_ccap10_scapunlimited_symbol_order_alloc0.005,next_close,stress,10,unlimited,symbol_order,0.005,ADAUSDT,87,0,0.0,0.8758294626477597,1.006700531779034,1.1160824081578802,0.5977011494252874,0.4382828349915435,0.07409077219842075,-0.18586235600492884,-0.3719062183900416,1.2797695880318165,4,0.6379310344827587,2,2.0,0.31896551724137934,1.0,1.0,2025-02,-0.18586235600492884,2025-10,0.4401021867676425,ADAUSDT,1.0,1.0,low
next_close_stress_ccap10_scapunlimited_symbol_order_alloc0.005,next_close,stress,10,unlimited,symbol_order,0.005,BTCUSDT,34,0,0.0,0.27331353487684373,0.8038633378730697,0.5975006364482149,0.6470588235294118,0.13653211292805612,0.023110900056777517,-0.11384758426014052,-0.22773898115085672,0.649030771410741,3,0.6470588235294118,2,2.0,0.3235294117647059,1.0,1.0,2021-01,-0.057663854918643676,2020-03,0.38723921214015394,BTCUSDT,1.0000000000000002,1.0,low
next_close_stress_ccap10_scapunlimited_symbol_order_alloc0.005,next_close,stress,10,unlimited,symbol_order,0.005,ETHUSDT,76,0,0.0,0.4926930583325947,0.6482803399113087,0.30932226645676,0.5657894736842105,0.2462608980849268,0.04166581623499255,-0.16893739224822513,-0.3380348449876888,0.882442558610886,4,0.7894736842105263,3,2.0,0.39473684210526316,1.5,1.0,2021-01,-0.044750393306736136,2021-05,0.20204048356244672,ETHUSDT,1.0,1.0,low
next_close_stress_ccap10_scapunlimited_symbol_order_alloc0.005,next_close,stress,10,unlimited,symbol_order,0.005,BNBUSDT,71,0,0.0,1.4020981069156238,1.9747860660783434,1.6204320350413401,0.6197183098591549,0.7029309753440627,0.11870706169692102,-0.20926313363092142,-0.41873564252833195,2.112973035572321,5,0.8098591549295775,3,2.0,0.4049295774647887,1.5,1.0,2021-05,-0.05343842160856482,2021-02,0.31853258049766453,BNBUSDT,0.9999999999999999,1.0,low
next_close_stress_ccap10_scapunlimited_symbol_order_alloc0.005,next_close,stress,10,unlimited,symbol_order,0.005,LINKUSDT,89,0,0.0,0.27614196254862355,0.3102718680321613,-0.18569212426009998,0.47191011235955055,0.1377142823713262,0.023310892500183478,-0.2585404463659291,-0.517528966276743,0.4574770114275547,8,0.6460674157303371,3,2.0,0.32303370786516855,1.5,1.0,2020-03,-0.2487991651563326,2022-05,1.0314295088545167,LINKUSDT,0.9999999999999994,1.0,low
next_close_stress_ccap10_scapunlimited_symbol_order_alloc0.005,next_close,stress,10,unlimited,symbol_order,0.005,AVAXUSDT,96,0,0.0,1.2324499672219467,1.283802049189528,1.4535621867260449,0.625,0.617298012948786,0.11850527759484919,-0.47687285563342563,-0.9554975029236377,1.5281347201668734,4,0.71875,3,2.0,0.359375,1.5,1.0,2021-05,-0.2670892100075761,2022-05,0.5437492514385178,AVAXUSDT,0.9999999999999998,1.0,low
next_close_stress_ccap10_scapunlimited_symbol_order_alloc0.005,next_close,stress,10,unlimited,symbol_order,0.005,SOLUSDT,81,0,0.0,1.3120566523129757,1.6198230275468837,0.31846889952154,0.5432098765432098,0.6573130347216072,0.12616753843917028,-0.2753169779938558,-0.5510471800974159,1.5909087001900262,4,0.8333333333333334,3,2.0,0.4166666666666667,1.5,1.0,2021-05,-0.10857819360412524,2024-08,0.2883461662464363,SOLUSDT,1.0,1.0,low
next_close_stress_ccap10_scapunlimited_largest_drop_alloc0.005,next_close,stress,10,unlimited,largest_drop,0.005,XRPUSDT,87,0,0.0,1.7049895022573445,1.9597580485716601,1.16104304262461,0.6436781609195402,0.8555682569247214,0.14269104693807044,-0.10311416487882585,-0.2062456497193455,2.6178310503200044,4,0.6724137931034483,2,2.0,0.33620689655172414,1.0,1.0,2021-06,-0.01854286010362083,2022-05,0.14882420186663262,XRPUSDT,1.0000000000000002,1.0,low
next_close_stress_ccap10_scapunlimited_largest_drop_alloc0.005,next_close,stress,10,unlimited,largest_drop,0.005,LTCUSDT,70,0,0.0,0.25523578527412955,0.3646225503916136,0.860189921807265,0.5571428571428572,0.1273803935501583,0.021317916347673993,-0.18336381549118874,-0.3669166881549009,0.5028750965017168,7,0.6285714285714286,3,2.0,0.3142857142857143,1.5,1.0,2021-05,-0.1179039254031733,2021-12,0.4654200861840143,LTCUSDT,0.9999999999999998,1.0,low
next_close_stress_ccap10_scapunlimited_largest_drop_alloc0.005,next_close,stress,10,unlimited,largest_drop,0.005,ADAUSDT,90,0,0.0,1.4285468950249331,1.5872743278054813,1.2135424717681,0.6111111111111112,0.7160979880136642,0.12091587635425505,-0.17705792476130355,-0.3542661227154813,1.899408670452829,4,0.6777777777777778,2,2.0,0.3388888888888889,1.0,1.0,2025-02,-0.1552468531053508,2025-10,0.26936150824490174,ADAUSDT,1.0,1.0,low
next_close_stress_ccap10_scapunlimited_largest_drop_alloc0.005,next_close,stress,10,unlimited,largest_drop,0.005,BNBUSDT,62,0,0.0,0.9905599094121071,1.5976772732453342,1.43307604836298,0.6129032258064516,0.4960891317975946,0.08384841846440505,-0.20926313363092142,-0.418735642528332,1.7423980438418316,4,0.7419354838709677,3,2.0,0.3709677419354839,1.5,1.0,2020-03,-0.05732294773003188,2021-02,0.4513431219038251,BNBUSDT,0.9999999999999999,1.0,low
next_close_stress_ccap10_scapunlimited_largest_drop_alloc0.005,next_close,stress,10,unlimited,largest_drop,0.005,ETHUSDT,67,0,0.0,-0.3422284552823074,-0.5107887392273245,0.12245416044625,0.5074626865671642,-0.17115116565419308,-0.02900794441893506,-0.3537749539582524,-0.7085351318108213,-0.8917745567736659,5,0.7238805970149254,4,2.0,0.3619402985074627,2.0,1.0,2020-03,-0.15144633880280756,2022-06,,ETHUSDT,,0.0,low
next_close_stress_ccap10_scapunlimited_largest_drop_alloc0.005,next_close,stress,10,unlimited,largest_drop,0.005,LINKUSDT,103,0,0.0,1.3014280711964854,1.2635223992198887,0.11006351861378,0.5145631067961165,0.6521179114500342,0.1101491517993658,-0.29322770854294244,-0.5870833167589742,1.7395798747007294,8,0.7621359223300971,3,2.0,0.38106796116504854,1.5,1.0,2020-03,-0.2834898150757881,2021-04,0.29333655583322654,LINKUSDT,1.0000000000000004,1.0,low
next_close_stress_ccap10_scapunlimited_largest_drop_alloc0.005,next_close,stress,10,unlimited,largest_drop,0.005,BTCUSDT,22,0,0.0,-0.08417845892050532,-0.38262935872956966,0.47650306561225503,0.5909090909090909,-0.04214617303138768,-0.00713941049254041,-0.1540432037845263,-0.30822292164560006,-0.35955332184522426,3,0.5454545454545454,2,1.0,0.2727272727272727,1.0,0.5,2020-03,-0.1101773962845276,2021-05,,BTCUSDT,,0.0,low
next_close_stress_ccap10_scapunlimited_largest_drop_alloc0.005,next_close,stress,10,unlimited,largest_drop,0.005,AVAXUSDT,102,0,0.0,1.8908985898581907,1.8538221469197949,1.6510521008396248,0.6470588235294118,0.9489845180528089,0.18193821516947484,-0.4958200523402012,-0.9935644708376726,2.2230599223803127,5,0.7745098039215687,3,2.0,0.3872549019607843,1.5,1.0,2021-05,-0.2860763452905646,2022-05,0.44087567752116347,AVAXUSDT,1.0,1.0,low
next_close_stress_ccap10_scapunlimited_largest_drop_alloc0.005,next_close,stress,10,unlimited,largest_drop,0.005,SOLUSDT,75,0,0.0,0.9525258724402766,1.2700344965870354,0.09371713355057,0.5066666666666667,0.47657873797419814,0.09154308524046417,-0.3587028273363879,-0.7184040369001259,1.181806658193984,5,0.78,3,2.0,0.39,1.5,1.0,2021-05,-0.19210346334626038,2024-08,0.3976964947942084,SOLUSDT,1.0,1.0,low
next_close_stress_ccap10_scapunlimited_liquidity_priority_alloc0.005,next_close,stress,10,unlimited,liquidity_priority,0.005,XRPUSDT,87,0,0.0,1.230639761039363,1.4145284609647848,0.7784247939610001,0.6436781609195402,0.6167806827652722,0.10296793804549509,-0.17358026861565845,-0.3473889359855238,2.131695741897179,4,0.6609195402298851,3,2.0,0.33045977011494254,1.5,1.0,2021-05,-0.1281597085419528,2022-05,0.20644171670289704,XRPUSDT,1.0,1.0,low
next_close_stress_ccap10_scapunlimited_liquidity_priority_alloc0.005,next_close,stress,10,unlimited,liquidity_priority,0.005,LTCUSDT,57,0,0.0,0.060547205973814015,0.10622316837511231,0.8073693329483199,0.5614035087719298,0.03012519141578629,0.005043681987637605,-0.12183706363589897,-0.2437311717812312,0.17162636859117028,4,0.5175438596491229,2,1.0,0.25877192982456143,1.0,0.5,2020-03,-0.11395769824924518,2021-04,1.2073999681945988,LTCUSDT,0.9999999999999999,1.0,low
next_close_stress_ccap10_scapunlimited_liquidity_priority_alloc0.005,next_close,stress,10,unlimited,liquidity_priority,0.005,ADAUSDT,87,0,0.0,0.8758294626477597,1.006700531779034,1.1160824081578802,0.5977011494252874,0.4382828349915435,0.07409077219842075,-0.18586235600492884,-0.3719062183900416,1.2797695880318165,4,0.6379310344827587,2,2.0,0.31896551724137934,1.0,1.0,2025-02,-0.18586235600492884,2025-10,0.4401021867676425,ADAUSDT,1.0,1.0,low
next_close_stress_ccap10_scapunlimited_liquidity_priority_alloc0.005,next_close,stress,10,unlimited,liquidity_priority,0.005,BTCUSDT,34,0,0.0,0.27331353487684373,0.8038633378730697,0.5975006364482149,0.6470588235294118,0.13653211292805612,0.023110900056777517,-0.11384758426014052,-0.22773898115085672,0.649030771410741,3,0.6470588235294118,2,2.0,0.3235294117647059,1.0,1.0,2021-01,-0.057663854918643676,2020-03,0.38723921214015394,BTCUSDT,1.0000000000000002,1.0,low
next_close_stress_ccap10_scapunlimited_liquidity_priority_alloc0.005,next_close,stress,10,unlimited,liquidity_priority,0.005,ETHUSDT,76,0,0.0,0.4926930583325947,0.6482803399113087,0.30932226645676,0.5657894736842105,0.2462608980849268,0.04166581623499255,-0.16893739224822513,-0.3380348449876888,0.882442558610886,4,0.7894736842105263,3,2.0,0.39473684210526316,1.5,1.0,2021-01,-0.044750393306736136,2021-05,0.20204048356244672,ETHUSDT,1.0,1.0,low
next_close_stress_ccap10_scapunlimited_liquidity_priority_alloc0.005,next_close,stress,10,unlimited,liquidity_priority,0.005,BNBUSDT,71,0,0.0,1.4020981069156238,1.9747860660783434,1.6204320350413401,0.6197183098591549,0.7029309753440627,0.11870706169692102,-0.20926313363092142,-0.41873564252833195,2.112973035572321,5,0.8098591549295775,3,2.0,0.4049295774647887,1.5,1.0,2021-05,-0.05343842160856482,2021-02,0.31853258049766453,BNBUSDT,0.9999999999999999,1.0,low
next_close_stress_ccap10_scapunlimited_liquidity_priority_alloc0.005,next_close,stress,10,unlimited,liquidity_priority,0.005,LINKUSDT,89,0,0.0,0.27614196254862355,0.3102718680321613,-0.18569212426009998,0.47191011235955055,0.1377142823713262,0.023310892500183478,-0.2585404463659291,-0.517528966276743,0.4574770114275547,8,0.6460674157303371,3,2.0,0.32303370786516855,1.5,1.0,2020-03,-0.2487991651563326,2022-05,1.0314295088545167,LINKUSDT,0.9999999999999994,1.0,low
next_close_stress_ccap10_scapunlimited_liquidity_priority_alloc0.005,next_close,stress,10,unlimited,liquidity_priority,0.005,AVAXUSDT,96,0,0.0,1.2324499672219467,1.283802049189528,1.4535621867260449,0.625,0.617298012948786,0.11850527759484919,-0.47687285563342563,-0.9554975029236377,1.5281347201668734,4,0.71875,3,2.0,0.359375,1.5,1.0,2021-05,-0.2670892100075761,2022-05,0.5437492514385178,AVAXUSDT,0.9999999999999998,1.0,low
next_close_stress_ccap10_scapunlimited_liquidity_priority_alloc0.005,next_close,stress,10,unlimited,liquidity_priority,0.005,SOLUSDT,81,0,0.0,1.3120566523129757,1.6198230275468837,0.31846889952154,0.5432098765432098,0.6573130347216072,0.12616753843917028,-0.2753169779938558,-0.5510471800974159,1.5909087001900262,4,0.8333333333333334,3,2.0,0.4166666666666667,1.5,1.0,2021-05,-0.10857819360412524,2024-08,0.2883461662464363,SOLUSDT,1.0,1.0,low
next_close_stress_ccapunlimited_scap1_symbol_order_alloc0.005,next_close,stress,unlimited,1,symbol_order,0.005,XRPUSDT,76,0,0.0,0.6686592101212386,0.8798147501595246,0.644750871406685,0.631578947368421,0.3345489855578476,0.05591641328253072,-0.19302918146836268,-0.38635439804467087,1.2895613097715812,5,0.5,1,1.0,0.25,0.5,0.5,2021-05,-0.12365922183951161,2022-05,0.3222629720174154,XRPUSDT,1.0,1.0,low
next_close_stress_ccapunlimited_scap1_symbol_order_alloc0.005,next_close,stress,unlimited,1,symbol_order,0.005,LTCUSDT,66,0,0.0,-0.37891371313287175,-0.5741116865649573,0.038254935016584994,0.5,-0.18949900214655369,-0.031755731060856274,-0.3154327737122098,-0.6315245616736781,-0.8980966580648353,9,0.5,1,1.0,0.25,0.5,0.5,2021-05,-0.21576664165806614,2021-04,,LTCUSDT,,0.0,low
next_close_stress_ccapunlimited_scap1_symbol_order_alloc0.005,next_close,stress,unlimited,1,symbol_order,0.005,ADAUSDT,77,0,0.0,0.46538018956238913,0.6043898565745314,1.1822838843399601,0.6103896103896104,0.23261916864472099,0.03935728389810045,-0.17560995484338093,-0.35135228021047454,0.8898154225593656,3,0.5,1,1.0,0.25,0.5,0.5,2020-03,-0.15132934062380698,2021-02,0.7419432906471278,ADAUSDT,1.0,1.0,low
next_close_stress_ccapunlimited_scap1_symbol_order_alloc0.005,next_close,stress,unlimited,1,symbol_order,0.005,BTCUSDT,31,0,0.0,0.0484260441870748,0.15621304576475742,0.97846343465853,0.6774193548387096,0.024133843820739465,0.004087061262136871,-0.1467879978091835,-0.29367539356162686,0.18603083512947205,2,0.5,1,1.0,0.25,0.5,0.5,2020-03,-0.08568176475545197,2021-05,1.0666308066927126,BTCUSDT,1.0,1.0,low
next_close_stress_ccapunlimited_scap1_symbol_order_alloc0.005,next_close,stress,unlimited,1,symbol_order,0.005,ETHUSDT,59,0,0.0,0.3881010826543482,0.6577984451768614,0.30160994713684,0.559322033898305,0.1939369387374379,0.03282004565532404,-0.1579265260067908,-0.316020761804848,0.787558168000069,4,0.5,1,1.0,0.25,0.5,0.5,2021-04,-0.04965373077461255,2020-03,0.45217894571381895,ETHUSDT,1.0,1.0,low
next_close_stress_ccapunlimited_scap1_symbol_order_alloc0.005,next_close,stress,unlimited,1,symbol_order,0.005,BNBUSDT,58,0,0.0,0.9199209671958084,1.5860706330962215,0.84730058445002,0.5517241379310345,0.4606154539721796,0.07786412469215076,-0.17150720554883758,-0.3432125927058077,1.6442046284583096,6,0.5,1,1.0,0.25,0.5,0.5,2021-05,-0.13170391409248472,2020-03,0.415972214050002,BNBUSDT,1.0,1.0,low
next_close_stress_ccapunlimited_scap1_symbol_order_alloc0.005,next_close,stress,unlimited,1,symbol_order,0.005,LINKUSDT,82,0,0.0,0.29900901521515655,0.3646451405062885,-0.12897636639961,0.47560975609756095,0.14924065063155467,0.025260752625055893,-0.17469439816401033,-0.3495553284357972,0.5435018047100434,7,0.5,1,1.0,0.25,0.5,0.5,2020-03,-0.19604303275704282,2021-04,0.8790097073734804,LINKUSDT,1.0,1.0,low
next_close_stress_ccapunlimited_scap1_symbol_order_alloc0.005,next_close,stress,unlimited,1,symbol_order,0.005,AVAXUSDT,79,0,0.0,0.8916898754021079,1.128721361268491,1.09360076816389,0.6075949367088608,0.446158811504227,0.08570992580387848,-0.3572212504762251,-0.7152738679637085,1.2140177916882546,5,0.5,1,1.0,0.25,0.5,0.5,2021-05,-0.2612176062643967,2022-05,0.4358963806479887,AVAXUSDT,0.9999999999999999,1.0,low
next_close_stress_ccapunlimited_scap1_symbol_order_alloc0.005,next_close,stress,unlimited,1,symbol_order,0.005,SOLUSDT,60,0,0.0,0.7204192373325355,1.2006987288875592,0.20268157809921497,0.5333333333333333,0.360302673471935,0.06924072132490355,-0.19748266481227628,-0.3949694331746699,1.0832233043836426,3,0.5,1,1.0,0.25,0.5,0.5,2021-05,-0.10666117264452879,2021-04,0.3042061602125236,SOLUSDT,1.0,1.0,low
next_close_stress_ccapunlimited_scap1_largest_drop_alloc0.005,next_close,stress,unlimited,1,largest_drop,0.005,XRPUSDT,76,0,0.0,0.6686592101212386,0.8798147501595246,0.644750871406685,0.631578947368421,0.3345489855578476,0.05591641328253072,-0.19302918146836268,-0.38635439804467087,1.2895613097715812,5,0.5,1,1.0,0.25,0.5,0.5,2021-05,-0.12365922183951161,2022-05,0.3222629720174154,XRPUSDT,1.0,1.0,low
next_close_stress_ccapunlimited_scap1_largest_drop_alloc0.005,next_close,stress,unlimited,1,largest_drop,0.005,LTCUSDT,66,0,0.0,-0.37891371313287175,-0.5741116865649573,0.038254935016584994,0.5,-0.18949900214655369,-0.031755731060856274,-0.3154327737122098,-0.6315245616736781,-0.8980966580648353,9,0.5,1,1.0,0.25,0.5,0.5,2021-05,-0.21576664165806614,2021-04,,LTCUSDT,,0.0,low
next_close_stress_ccapunlimited_scap1_largest_drop_alloc0.005,next_close,stress,unlimited,1,largest_drop,0.005,ADAUSDT,77,0,0.0,0.46538018956238913,0.6043898565745314,1.1822838843399601,0.6103896103896104,0.23261916864472099,0.03935728389810045,-0.17560995484338093,-0.35135228021047454,0.8898154225593656,3,0.5,1,1.0,0.25,0.5,0.5,2020-03,-0.15132934062380698,2021-02,0.7419432906471278,ADAUSDT,1.0,1.0,low
next_close_stress_ccapunlimited_scap1_largest_drop_alloc0.005,next_close,stress,unlimited,1,largest_drop,0.005,BNBUSDT,58,0,0.0,0.9199209671958084,1.5860706330962215,0.84730058445002,0.5517241379310345,0.4606154539721796,0.07786412469215076,-0.17150720554883758,-0.3432125927058077,1.6442046284583096,6,0.5,1,1.0,0.25,0.5,0.5,2021-05,-0.13170391409248472,2020-03,0.415972214050002,BNBUSDT,1.0,1.0,low
next_close_stress_ccapunlimited_scap1_largest_drop_alloc0.005,next_close,stress,unlimited,1,largest_drop,0.005,ETHUSDT,59,0,0.0,0.3881010826543482,0.6577984451768614,0.30160994713684,0.559322033898305,0.1939369387374379,0.03282004565532404,-0.1579265260067908,-0.316020761804848,0.787558168000069,4,0.5,1,1.0,0.25,0.5,0.5,2021-04,-0.04965373077461255,2020-03,0.45217894571381895,ETHUSDT,1.0,1.0,low
next_close_stress_ccapunlimited_scap1_largest_drop_alloc0.005,next_close,stress,unlimited,1,largest_drop,0.005,LINKUSDT,82,0,0.0,0.29900901521515655,0.3646451405062885,-0.12897636639961,0.47560975609756095,0.14924065063155467,0.025260752625055893,-0.17469439816401033,-0.3495553284357972,0.5435018047100434,7,0.5,1,1.0,0.25,0.5,0.5,2020-03,-0.19604303275704282,2021-04,0.8790097073734804,LINKUSDT,1.0,1.0,low
next_close_stress_ccapunlimited_scap1_largest_drop_alloc0.005,next_close,stress,unlimited,1,largest_drop,0.005,BTCUSDT,31,0,0.0,0.0484260441870748,0.15621304576475742,0.97846343465853,0.6774193548387096,0.024133843820739465,0.004087061262136871,-0.1467879978091835,-0.29367539356162686,0.18603083512947205,2,0.5,1,1.0,0.25,0.5,0.5,2020-03,-0.08568176475545197,2021-05,1.0666308066927126,BTCUSDT,1.0,1.0,low
next_close_stress_ccapunlimited_scap1_largest_drop_alloc0.005,next_close,stress,unlimited,1,largest_drop,0.005,AVAXUSDT,79,0,0.0,0.8916898754021079,1.128721361268491,1.09360076816389,0.6075949367088608,0.446158811504227,0.08570992580387848,-0.3572212504762251,-0.7152738679637085,1.2140177916882546,5,0.5,1,1.0,0.25,0.5,0.5,2021-05,-0.2612176062643967,2022-05,0.4358963806479887,AVAXUSDT,0.9999999999999999,1.0,low
next_close_stress_ccapunlimited_scap1_largest_drop_alloc0.005,next_close,stress,unlimited,1,largest_drop,0.005,SOLUSDT,60,0,0.0,0.7204192373325355,1.2006987288875592,0.20268157809921497,0.5333333333333333,0.360302673471935,0.06924072132490355,-0.19748266481227628,-0.3949694331746699,1.0832233043836426,3,0.5,1,1.0,0.25,0.5,0.5,2021-05,-0.10666117264452879,2021-04,0.3042061602125236,SOLUSDT,1.0,1.0,low
next_close_stress_ccapunlimited_scap1_liquidity_priority_alloc0.005,next_close,stress,unlimited,1,liquidity_priority,0.005,XRPUSDT,76,0,0.0,0.6686592101212386,0.8798147501595246,0.644750871406685,0.631578947368421,0.3345489855578476,0.05591641328253072,-0.19302918146836268,-0.38635439804467087,1.2895613097715812,5,0.5,1,1.0,0.25,0.5,0.5,2021-05,-0.12365922183951161,2022-05,0.3222629720174154,XRPUSDT,1.0,1.0,low
next_close_stress_ccapunlimited_scap1_liquidity_priority_alloc0.005,next_close,stress,unlimited,1,liquidity_priority,0.005,LTCUSDT,66,0,0.0,-0.37891371313287175,-0.5741116865649573,0.038254935016584994,0.5,-0.18949900214655369,-0.031755731060856274,-0.3154327737122098,-0.6315245616736781,-0.8980966580648353,9,0.5,1,1.0,0.25,0.5,0.5,2021-05,-0.21576664165806614,2021-04,,LTCUSDT,,0.0,low
next_close_stress_ccapunlimited_scap1_liquidity_priority_alloc0.005,next_close,stress,unlimited,1,liquidity_priority,0.005,ADAUSDT,77,0,0.0,0.46538018956238913,0.6043898565745314,1.1822838843399601,0.6103896103896104,0.23261916864472099,0.03935728389810045,-0.17560995484338093,-0.35135228021047454,0.8898154225593656,3,0.5,1,1.0,0.25,0.5,0.5,2020-03,-0.15132934062380698,2021-02,0.7419432906471278,ADAUSDT,1.0,1.0,low
next_close_stress_ccapunlimited_scap1_liquidity_priority_alloc0.005,next_close,stress,unlimited,1,liquidity_priority,0.005,BTCUSDT,31,0,0.0,0.0484260441870748,0.15621304576475742,0.97846343465853,0.6774193548387096,0.024133843820739465,0.004087061262136871,-0.1467879978091835,-0.29367539356162686,0.18603083512947205,2,0.5,1,1.0,0.25,0.5,0.5,2020-03,-0.08568176475545197,2021-05,1.0666308066927126,BTCUSDT,1.0,1.0,low
next_close_stress_ccapunlimited_scap1_liquidity_priority_alloc0.005,next_close,stress,unlimited,1,liquidity_priority,0.005,ETHUSDT,59,0,0.0,0.3881010826543482,0.6577984451768614,0.30160994713684,0.559322033898305,0.1939369387374379,0.03282004565532404,-0.1579265260067908,-0.316020761804848,0.787558168000069,4,0.5,1,1.0,0.25,0.5,0.5,2021-04,-0.04965373077461255,2020-03,0.45217894571381895,ETHUSDT,1.0,1.0,low
next_close_stress_ccapunlimited_scap1_liquidity_priority_alloc0.005,next_close,stress,unlimited,1,liquidity_priority,0.005,BNBUSDT,58,0,0.0,0.9199209671958084,1.5860706330962215,0.84730058445002,0.5517241379310345,0.4606154539721796,0.07786412469215076,-0.17150720554883758,-0.3432125927058077,1.6442046284583096,6,0.5,1,1.0,0.25,0.5,0.5,2021-05,-0.13170391409248472,2020-03,0.415972214050002,BNBUSDT,1.0,1.0,low
next_close_stress_ccapunlimited_scap1_liquidity_priority_alloc0.005,next_close,stress,unlimited,1,liquidity_priority,0.005,LINKUSDT,82,0,0.0,0.29900901521515655,0.3646451405062885,-0.12897636639961,0.47560975609756095,0.14924065063155467,0.025260752625055893,-0.17469439816401033,-0.3495553284357972,0.5435018047100434,7,0.5,1,1.0,0.25,0.5,0.5,2020-03,-0.19604303275704282,2021-04,0.8790097073734804,LINKUSDT,1.0,1.0,low
next_close_stress_ccapunlimited_scap1_liquidity_priority_alloc0.005,next_close,stress,unlimited,1,liquidity_priority,0.005,AVAXUSDT,79,0,0.0,0.8916898754021079,1.128721361268491,1.09360076816389,0.6075949367088608,0.446158811504227,0.08570992580387848,-0.3572212504762251,-0.7152738679637085,1.2140177916882546,5,0.5,1,1.0,0.25,0.5,0.5,2021-05,-0.2612176062643967,2022-05,0.4358963806479887,AVAXUSDT,0.9999999999999999,1.0,low
next_close_stress_ccapunlimited_scap1_liquidity_priority_alloc0.005,next_close,stress,unlimited,1,liquidity_priority,0.005,SOLUSDT,60,0,0.0,0.7204192373325355,1.2006987288875592,0.20268157809921497,0.5333333333333333,0.360302673471935,0.06924072132490355,-0.19748266481227628,-0.3949694331746699,1.0832233043836426,3,0.5,1,1.0,0.25,0.5,0.5,2021-05,-0.10666117264452879,2021-04,0.3042061602125236,SOLUSDT,1.0,1.0,low
next_close_stress_ccapunlimited_scap2_symbol_order_alloc0.005,next_close,stress,unlimited,2,symbol_order,0.005,XRPUSDT,100,0,0.0,1.8436798287359166,1.8436798287359164,1.182929818502245,0.66,0.925550779942963,0.15431803429062363,-0.0940095622927184,-0.1880191245854357,2.889748083662724,3,0.76,2,2.0,0.38,1.0,1.0,2020-03,-0.018898226744079594,2021-12,0.18494646065989329,XRPUSDT,1.0000000000000002,1.0,low
next_close_stress_ccapunlimited_scap2_symbol_order_alloc0.005,next_close,stress,unlimited,2,symbol_order,0.005,LTCUSDT,87,0,0.0,0.01896148039253403,0.021794805048889688,0.6012692713807101,0.5287356321839081,0.00916951968041868,0.001535332159230407,-0.23415847841655735,-0.4684382037920511,0.037759064185637535,4,0.7758620689655172,2,2.0,0.3879310344827586,1.0,1.0,2020-03,-0.15345353855217292,2024-04,6.865435600650994,LTCUSDT,1.0000000000000022,1.0,low
next_close_stress_ccapunlimited_scap2_symbol_order_alloc0.005,next_close,stress,unlimited,2,symbol_order,0.005,ADAUSDT,101,0,0.0,1.3362959062248945,1.3230652536880143,1.24480105919624,0.6138613861386139,0.6696468820846402,0.11309412523121676,-0.18586235600491774,-0.37190621839004157,1.7625680432944808,4,0.7376237623762376,2,2.0,0.3688118811881188,1.0,1.0,2025-02,-0.18586235600492884,2025-10,0.28804619160179984,ADAUSDT,1.0000000000000002,1.0,low
next_close_stress_ccapunlimited_scap2_symbol_order_alloc0.005,next_close,stress,unlimited,2,symbol_order,0.005,BTCUSDT,38,0,0.0,0.1368693639529738,0.36018253671835215,0.7909865833202001,0.6842105263157895,0.06835963268090328,0.01157456371119192,-0.14388893620025378,-0.28784653495551193,0.4829237550506898,3,0.6842105263157895,2,2.0,0.34210526315789475,1.0,1.0,2020-03,-0.07122436948753252,2021-05,0.8176637447542174,BTCUSDT,0.9999999999999998,1.0,low
next_close_stress_ccapunlimited_scap2_symbol_order_alloc0.005,next_close,stress,unlimited,2,symbol_order,0.005,ETHUSDT,76,0,0.0,0.698602775465111,0.9192141782435671,0.321560957361745,0.5789473684210527,0.34948123951836774,0.05910477515993495,-0.16893739224822513,-0.3380348449876888,1.1949992459675562,4,0.7368421052631579,2,2.0,0.3684210526315789,1.0,1.0,2021-04,-0.025375599869026377,2021-05,0.3898478673919666,ETHUSDT,1.0,1.0,low
next_close_stress_ccapunlimited_scap2_symbol_order_alloc0.005,next_close,stress,unlimited,2,symbol_order,0.005,BNBUSDT,78,0,0.0,1.4218346446774193,1.8228649290736143,1.46097723073083,0.6153846153846154,0.7128694709091832,0.12038047857549916,-0.20926313363092142,-0.41873564252833195,2.1404831184035387,5,0.8333333333333334,2,2.0,0.4166666666666667,1.0,1.0,2021-05,-0.05278610157825048,2021-02,0.2797279846674932,BNBUSDT,1.0,1.0,low
next_close_stress_ccapunlimited_scap2_symbol_order_alloc0.005,next_close,stress,unlimited,2,symbol_order,0.005,LINKUSDT,110,0,0.0,1.7966158686583904,1.6332871533258095,0.31249502935585,0.5272727272727272,0.9013956237383214,0.15209804945874872,-0.2704511919050967,-0.5414039999701296,2.091050416071,5,0.8090909090909091,2,2.0,0.40454545454545454,1.0,1.0,2020-03,-0.09129764222127745,2021-04,0.21221538812067972,LINKUSDT,1.0000000000000004,1.0,low
next_close_stress_ccapunlimited_scap2_symbol_order_alloc0.005,next_close,stress,unlimited,2,symbol_order,0.005,AVAXUSDT,107,0,0.0,1.839232352792855,1.718908740927902,1.6216689763663799,0.6355140186915887,0.9228922040822152,0.17695433008912964,-0.4455169237018053,-0.8924399095832017,2.137252796078459,5,0.8177570093457944,2,2.0,0.4088785046728972,1.0,1.0,2021-05,-0.31871937832030905,2022-05,0.45334026065340505,AVAXUSDT,1.0,1.0,low
next_close_stress_ccapunlimited_scap2_symbol_order_alloc0.005,next_close,stress,unlimited,2,symbol_order,0.005,SOLUSDT,84,0,0.0,1.5005312190015132,1.7863466892875157,0.67733098554492,0.5595238095238095,0.7521796898910971,0.1443216769905442,-0.23403126520817885,-0.4682996546206848,1.7906784084036524,4,0.8333333333333334,2,2.0,0.4166666666666667,1.0,1.0,2021-06,-0.09091846687063754,2024-08,0.2519792758738638,SOLUSDT,1.0,1.0,low
next_close_stress_ccapunlimited_scap2_largest_drop_alloc0.005,next_close,stress,unlimited,2,largest_drop,0.005,XRPUSDT,100,0,0.0,1.8436798287359166,1.8436798287359164,1.182929818502245,0.66,0.925550779942963,0.15431803429062363,-0.0940095622927184,-0.1880191245854357,2.889748083662724,3,0.76,2,2.0,0.38,1.0,1.0,2020-03,-0.018898226744079594,2021-12,0.18494646065989329,XRPUSDT,1.0000000000000002,1.0,low
next_close_stress_ccapunlimited_scap2_largest_drop_alloc0.005,next_close,stress,unlimited,2,largest_drop,0.005,LTCUSDT,87,0,0.0,0.01896148039253403,0.021794805048889688,0.6012692713807101,0.5287356321839081,0.00916951968041868,0.001535332159230407,-0.23415847841655735,-0.4684382037920511,0.037759064185637535,4,0.7758620689655172,2,2.0,0.3879310344827586,1.0,1.0,2020-03,-0.15345353855217292,2024-04,6.865435600650994,LTCUSDT,1.0000000000000022,1.0,low
next_close_stress_ccapunlimited_scap2_largest_drop_alloc0.005,next_close,stress,unlimited,2,largest_drop,0.005,ADAUSDT,101,0,0.0,1.3362959062248945,1.3230652536880143,1.24480105919624,0.6138613861386139,0.6696468820846402,0.11309412523121676,-0.18586235600491774,-0.37190621839004157,1.7625680432944808,4,0.7376237623762376,2,2.0,0.3688118811881188,1.0,1.0,2025-02,-0.18586235600492884,2025-10,0.28804619160179984,ADAUSDT,1.0000000000000002,1.0,low
next_close_stress_ccapunlimited_scap2_largest_drop_alloc0.005,next_close,stress,unlimited,2,largest_drop,0.005,BNBUSDT,78,0,0.0,1.4218346446774193,1.8228649290736143,1.46097723073083,0.6153846153846154,0.7128694709091832,0.12038047857549916,-0.20926313363092142,-0.41873564252833195,2.1404831184035387,5,0.8333333333333334,2,2.0,0.4166666666666667,1.0,1.0,2021-05,-0.05278610157825048,2021-02,0.2797279846674932,BNBUSDT,1.0,1.0,low
next_close_stress_ccapunlimited_scap2_largest_drop_alloc0.005,next_close,stress,unlimited,2,largest_drop,0.005,ETHUSDT,76,0,0.0,0.698602775465111,0.9192141782435671,0.321560957361745,0.5789473684210527,0.34948123951836774,0.05910477515993495,-0.16893739224822513,-0.3380348449876888,1.1949992459675562,4,0.7368421052631579,2,2.0,0.3684210526315789,1.0,1.0,2021-04,-0.025375599869026377,2021-05,0.3898478673919666,ETHUSDT,1.0,1.0,low
next_close_stress_ccapunlimited_scap2_largest_drop_alloc0.005,next_close,stress,unlimited,2,largest_drop,0.005,LINKUSDT,110,0,0.0,1.7966158686583904,1.6332871533258095,0.31249502935585,0.5272727272727272,0.9013956237383214,0.15209804945874872,-0.2704511919050967,-0.5414039999701296,2.091050416071,5,0.8090909090909091,2,2.0,0.40454545454545454,1.0,1.0,2020-03,-0.09129764222127745,2021-04,0.21221538812067972,LINKUSDT,1.0000000000000004,1.0,low
next_close_stress_ccapunlimited_scap2_largest_drop_alloc0.005,next_close,stress,unlimited,2,largest_drop,0.005,BTCUSDT,38,0,0.0,0.1368693639529738,0.36018253671835215,0.7909865833202001,0.6842105263157895,0.06835963268090328,0.01157456371119192,-0.14388893620025378,-0.28784653495551193,0.4829237550506898,3,0.6842105263157895,2,2.0,0.34210526315789475,1.0,1.0,2020-03,-0.07122436948753252,2021-05,0.8176637447542174,BTCUSDT,0.9999999999999998,1.0,low
next_close_stress_ccapunlimited_scap2_largest_drop_alloc0.005,next_close,stress,unlimited,2,largest_drop,0.005,AVAXUSDT,107,0,0.0,1.839232352792855,1.718908740927902,1.6216689763663799,0.6355140186915887,0.9228922040822152,0.17695433008912964,-0.4455169237018053,-0.8924399095832017,2.137252796078459,5,0.8177570093457944,2,2.0,0.4088785046728972,1.0,1.0,2021-05,-0.31871937832030905,2022-05,0.45334026065340505,AVAXUSDT,1.0,1.0,low
next_close_stress_ccapunlimited_scap2_largest_drop_alloc0.005,next_close,stress,unlimited,2,largest_drop,0.005,SOLUSDT,84,0,0.0,1.5005312190015132,1.7863466892875157,0.67733098554492,0.5595238095238095,0.7521796898910971,0.1443216769905442,-0.23403126520817885,-0.4682996546206848,1.7906784084036524,4,0.8333333333333334,2,2.0,0.4166666666666667,1.0,1.0,2021-06,-0.09091846687063754,2024-08,0.2519792758738638,SOLUSDT,1.0,1.0,low
next_close_stress_ccapunlimited_scap2_liquidity_priority_alloc0.005,next_close,stress,unlimited,2,liquidity_priority,0.005,XRPUSDT,100,0,0.0,1.8436798287359166,1.8436798287359164,1.182929818502245,0.66,0.925550779942963,0.15431803429062363,-0.0940095622927184,-0.1880191245854357,2.889748083662724,3,0.76,2,2.0,0.38,1.0,1.0,2020-03,-0.018898226744079594,2021-12,0.18494646065989329,XRPUSDT,1.0000000000000002,1.0,low
next_close_stress_ccapunlimited_scap2_liquidity_priority_alloc0.005,next_close,stress,unlimited,2,liquidity_priority,0.005,LTCUSDT,87,0,0.0,0.01896148039253403,0.021794805048889688,0.6012692713807101,0.5287356321839081,0.00916951968041868,0.001535332159230407,-0.23415847841655735,-0.4684382037920511,0.037759064185637535,4,0.7758620689655172,2,2.0,0.3879310344827586,1.0,1.0,2020-03,-0.15345353855217292,2024-04,6.865435600650994,LTCUSDT,1.0000000000000022,1.0,low
next_close_stress_ccapunlimited_scap2_liquidity_priority_alloc0.005,next_close,stress,unlimited,2,liquidity_priority,0.005,ADAUSDT,101,0,0.0,1.3362959062248945,1.3230652536880143,1.24480105919624,0.6138613861386139,0.6696468820846402,0.11309412523121676,-0.18586235600491774,-0.37190621839004157,1.7625680432944808,4,0.7376237623762376,2,2.0,0.3688118811881188,1.0,1.0,2025-02,-0.18586235600492884,2025-10,0.28804619160179984,ADAUSDT,1.0000000000000002,1.0,low
next_close_stress_ccapunlimited_scap2_liquidity_priority_alloc0.005,next_close,stress,unlimited,2,liquidity_priority,0.005,BTCUSDT,38,0,0.0,0.1368693639529738,0.36018253671835215,0.7909865833202001,0.6842105263157895,0.06835963268090328,0.01157456371119192,-0.14388893620025378,-0.28784653495551193,0.4829237550506898,3,0.6842105263157895,2,2.0,0.34210526315789475,1.0,1.0,2020-03,-0.07122436948753252,2021-05,0.8176637447542174,BTCUSDT,0.9999999999999998,1.0,low
next_close_stress_ccapunlimited_scap2_liquidity_priority_alloc0.005,next_close,stress,unlimited,2,liquidity_priority,0.005,ETHUSDT,76,0,0.0,0.698602775465111,0.9192141782435671,0.321560957361745,0.5789473684210527,0.34948123951836774,0.05910477515993495,-0.16893739224822513,-0.3380348449876888,1.1949992459675562,4,0.7368421052631579,2,2.0,0.3684210526315789,1.0,1.0,2021-04,-0.025375599869026377,2021-05,0.3898478673919666,ETHUSDT,1.0,1.0,low
next_close_stress_ccapunlimited_scap2_liquidity_priority_alloc0.005,next_close,stress,unlimited,2,liquidity_priority,0.005,BNBUSDT,78,0,0.0,1.4218346446774193,1.8228649290736143,1.46097723073083,0.6153846153846154,0.7128694709091832,0.12038047857549916,-0.20926313363092142,-0.41873564252833195,2.1404831184035387,5,0.8333333333333334,2,2.0,0.4166666666666667,1.0,1.0,2021-05,-0.05278610157825048,2021-02,0.2797279846674932,BNBUSDT,1.0,1.0,low
next_close_stress_ccapunlimited_scap2_liquidity_priority_alloc0.005,next_close,stress,unlimited,2,liquidity_priority,0.005,LINKUSDT,110,0,0.0,1.7966158686583904,1.6332871533258095,0.31249502935585,0.5272727272727272,0.9013956237383214,0.15209804945874872,-0.2704511919050967,-0.5414039999701296,2.091050416071,5,0.8090909090909091,2,2.0,0.40454545454545454,1.0,1.0,2020-03,-0.09129764222127745,2021-04,0.21221538812067972,LINKUSDT,1.0000000000000004,1.0,low
next_close_stress_ccapunlimited_scap2_liquidity_priority_alloc0.005,next_close,stress,unlimited,2,liquidity_priority,0.005,AVAXUSDT,107,0,0.0,1.839232352792855,1.718908740927902,1.6216689763663799,0.6355140186915887,0.9228922040822152,0.17695433008912964,-0.4455169237018053,-0.8924399095832017,2.137252796078459,5,0.8177570093457944,2,2.0,0.4088785046728972,1.0,1.0,2021-05,-0.31871937832030905,2022-05,0.45334026065340505,AVAXUSDT,1.0,1.0,low
next_close_stress_ccapunlimited_scap2_liquidity_priority_alloc0.005,next_close,stress,unlimited,2,liquidity_priority,0.005,SOLUSDT,84,0,0.0,1.5005312190015132,1.7863466892875157,0.67733098554492,0.5595238095238095,0.7521796898910971,0.1443216769905442,-0.23403126520817885,-0.4682996546206848,1.7906784084036524,4,0.8333333333333334,2,2.0,0.4166666666666667,1.0,1.0,2021-06,-0.09091846687063754,2024-08,0.2519792758738638,SOLUSDT,1.0,1.0,low
next_close_stress_ccapunlimited_scapunlimited_symbol_order_alloc0.005,next_close,stress,unlimited,unlimited,symbol_order,0.005,XRPUSDT,116,0,0.0,3.2960442873155134,2.8414174890650976,2.54882573594927,0.6810344827586207,1.6607423229828777,0.2760597708822088,-0.12396320268670546,-0.2479788286305267,4.095564313768291,3,1.1551724137931034,5,4.0,0.5775862068965517,2.5,2.0,2021-06,-0.01854286010362083,2021-05,0.23544203448500917,XRPUSDT,1.0000000000000002,1.0,low
next_close_stress_ccapunlimited_scapunlimited_symbol_order_alloc0.005,next_close,stress,unlimited,unlimited,symbol_order,0.005,LTCUSDT,107,0,0.0,1.3165485288241001,1.230419185816916,0.9130105106662101,0.5794392523364486,0.6598250497886538,0.11018219381231376,-0.12432109870808006,-0.24869030728908328,1.8969996273414065,4,1.2102803738317758,5,3.0,0.6051401869158879,2.5,1.5,2025-02,-0.059461269004723594,2021-05,0.574022701815362,LTCUSDT,1.0000000000000002,1.0,low
next_close_stress_ccapunlimited_scapunlimited_symbol_order_alloc0.005,next_close,stress,unlimited,unlimited,symbol_order,0.005,ADAUSDT,129,0,0.0,4.324830581774436,3.3525818463367725,1.9942703106949198,0.6589147286821705,2.1841458894104493,0.3665853129764196,-0.17705792476131466,-0.3542661227154813,3.8075196270186287,4,1.3682170542635659,6,4.0,0.6841085271317829,3.0,2.0,2025-02,-0.1552468531053508,2021-05,0.39785094631378026,ADAUSDT,1.0,1.0,low
next_close_stress_ccapunlimited_scapunlimited_symbol_order_alloc0.005,next_close,stress,unlimited,unlimited,symbol_order,0.005,BTCUSDT,48,0,0.0,1.141466374353428,2.3780549465696414,1.1693459256600949,0.7291666666666666,0.5720077428144288,0.0966497471234673,-0.105442644428555,-0.21091021087995954,2.2273345380575384,2,1.3541666666666667,6,4.0,0.6770833333333334,3.0,2.0,2021-01,-0.0419729245328182,2020-03,0.5035965786336797,BTCUSDT,1.0,1.0,low
next_close_stress_ccapunlimited_scapunlimited_symbol_order_alloc0.005,next_close,stress,unlimited,unlimited,symbol_order,0.005,ETHUSDT,97,0,0.0,1.833550726232123,1.8902584806516731,0.9795344022353001,0.6082474226804123,0.9202416883142606,0.15526599744477565,-0.15697186001368824,-0.31406657539101024,2.438944697024371,5,1.3453608247422681,5,4.0,0.6726804123711341,2.5,2.0,2021-01,-0.04767860663549284,2021-05,0.4708962184775561,ETHUSDT,1.0000000000000002,1.0,low
next_close_stress_ccapunlimited_scapunlimited_symbol_order_alloc0.005,next_close,stress,unlimited,unlimited,symbol_order,0.005,BNBUSDT,96,0,0.0,2.696503511119116,2.8088578240824122,1.86666871792016,0.6458333333333334,1.3564375414415908,0.22845182308790513,-0.2711772542786428,-0.5428336538359311,3.2777861192620614,5,1.375,6,4.0,0.6875,3.0,2.0,2021-01,-0.03517187555251988,2020-03,0.3061662611828768,BNBUSDT,0.9999999999999999,1.0,low
next_close_stress_ccapunlimited_scapunlimited_symbol_order_alloc0.005,next_close,stress,unlimited,unlimited,symbol_order,0.005,LINKUSDT,143,0,0.0,3.797488995184205,2.6555867099190245,1.4465382581219801,0.5874125874125874,1.9153943581989852,0.3218532737768509,-0.2357560059433106,-0.4718496494878985,3.658253785886875,5,1.479020979020979,7,4.0,0.7395104895104895,3.5000000000000004,2.0,2025-02,-0.07006930032068537,2020-03,0.22455689709941098,LINKUSDT,1.0,1.0,low
next_close_stress_ccapunlimited_scapunlimited_symbol_order_alloc0.005,next_close,stress,unlimited,unlimited,symbol_order,0.005,AVAXUSDT,131,0,0.0,3.8086634037285574,2.907376644067601,2.27897096957661,0.6717557251908397,1.9211252707724613,0.3668893639765747,-0.2924732050524015,-0.5853411490083227,3.736366322833872,5,1.2557251908396947,5,3.0,0.6278625954198473,2.5,1.5,2025-02,-0.14687717138174294,2022-05,0.2763325986093006,AVAXUSDT,1.0000000000000002,1.0,low
next_close_stress_ccapunlimited_scapunlimited_symbol_order_alloc0.005,next_close,stress,unlimited,unlimited,symbol_order,0.005,SOLUSDT,99,0,0.0,2.9170041352517004,2.946468823486566,1.69716675464646,0.5757575757575758,1.4676778649961975,0.28079998655026195,-0.1894860527304587,-0.3791432311865224,2.758410031111411,4,1.2272727272727273,5,3.1499999999999773,0.6136363636363636,2.5,1.5749999999999886,2021-06,-0.09091846687063754,2021-05,0.3855458954656469,SOLUSDT,1.0,1.0,low
next_close_stress_ccapunlimited_scapunlimited_largest_drop_alloc0.005,next_close,stress,unlimited,unlimited,largest_drop,0.005,XRPUSDT,116,0,0.0,3.2960442873155134,2.8414174890650976,2.54882573594927,0.6810344827586207,1.6607423229828777,0.2760597708822088,-0.12396320268670546,-0.2479788286305267,4.095564313768291,3,1.1551724137931034,5,4.0,0.5775862068965517,2.5,2.0,2021-06,-0.01854286010362083,2021-05,0.23544203448500917,XRPUSDT,1.0000000000000002,1.0,low
next_close_stress_ccapunlimited_scapunlimited_largest_drop_alloc0.005,next_close,stress,unlimited,unlimited,largest_drop,0.005,LTCUSDT,107,0,0.0,1.3165485288241001,1.230419185816916,0.9130105106662101,0.5794392523364486,0.6598250497886538,0.11018219381231376,-0.12432109870808006,-0.24869030728908328,1.8969996273414065,4,1.2102803738317758,5,3.0,0.6051401869158879,2.5,1.5,2025-02,-0.059461269004723594,2021-05,0.574022701815362,LTCUSDT,1.0000000000000002,1.0,low
next_close_stress_ccapunlimited_scapunlimited_largest_drop_alloc0.005,next_close,stress,unlimited,unlimited,largest_drop,0.005,ADAUSDT,129,0,0.0,4.324830581774436,3.3525818463367725,1.9942703106949198,0.6589147286821705,2.1841458894104493,0.3665853129764196,-0.17705792476131466,-0.3542661227154813,3.8075196270186287,4,1.3682170542635659,6,4.0,0.6841085271317829,3.0,2.0,2025-02,-0.1552468531053508,2021-05,0.39785094631378026,ADAUSDT,1.0,1.0,low
next_close_stress_ccapunlimited_scapunlimited_largest_drop_alloc0.005,next_close,stress,unlimited,unlimited,largest_drop,0.005,BNBUSDT,96,0,0.0,2.696503511119116,2.8088578240824122,1.86666871792016,0.6458333333333334,1.3564375414415908,0.22845182308790513,-0.2711772542786428,-0.5428336538359311,3.2777861192620614,5,1.375,6,4.0,0.6875,3.0,2.0,2021-01,-0.03517187555251988,2020-03,0.3061662611828768,BNBUSDT,0.9999999999999999,1.0,low
next_close_stress_ccapunlimited_scapunlimited_largest_drop_alloc0.005,next_close,stress,unlimited,unlimited,largest_drop,0.005,ETHUSDT,97,0,0.0,1.833550726232123,1.8902584806516731,0.9795344022353001,0.6082474226804123,0.9202416883142606,0.15526599744477565,-0.15697186001368824,-0.31406657539101024,2.438944697024371,5,1.3453608247422681,5,4.0,0.6726804123711341,2.5,2.0,2021-01,-0.04767860663549284,2021-05,0.4708962184775561,ETHUSDT,1.0000000000000002,1.0,low
next_close_stress_ccapunlimited_scapunlimited_largest_drop_alloc0.005,next_close,stress,unlimited,unlimited,largest_drop,0.005,LINKUSDT,143,0,0.0,3.797488995184205,2.6555867099190245,1.4465382581219801,0.5874125874125874,1.9153943581989852,0.3218532737768509,-0.2357560059433106,-0.4718496494878985,3.658253785886875,5,1.479020979020979,7,4.0,0.7395104895104895,3.5000000000000004,2.0,2025-02,-0.07006930032068537,2020-03,0.22455689709941098,LINKUSDT,1.0,1.0,low
next_close_stress_ccapunlimited_scapunlimited_largest_drop_alloc0.005,next_close,stress,unlimited,unlimited,largest_drop,0.005,BTCUSDT,48,0,0.0,1.141466374353428,2.3780549465696414,1.1693459256600949,0.7291666666666666,0.5720077428144288,0.0966497471234673,-0.105442644428555,-0.21091021087995954,2.2273345380575384,2,1.3541666666666667,6,4.0,0.6770833333333334,3.0,2.0,2021-01,-0.0419729245328182,2020-03,0.5035965786336797,BTCUSDT,1.0,1.0,low
next_close_stress_ccapunlimited_scapunlimited_largest_drop_alloc0.005,next_close,stress,unlimited,unlimited,largest_drop,0.005,AVAXUSDT,131,0,0.0,3.8086634037285574,2.907376644067601,2.27897096957661,0.6717557251908397,1.9211252707724613,0.3668893639765747,-0.2924732050524015,-0.5853411490083227,3.736366322833872,5,1.2557251908396947,5,3.0,0.6278625954198473,2.5,1.5,2025-02,-0.14687717138174294,2022-05,0.2763325986093006,AVAXUSDT,1.0000000000000002,1.0,low
next_close_stress_ccapunlimited_scapunlimited_largest_drop_alloc0.005,next_close,stress,unlimited,unlimited,largest_drop,0.005,SOLUSDT,99,0,0.0,2.9170041352517004,2.946468823486566,1.69716675464646,0.5757575757575758,1.4676778649961975,0.28079998655026195,-0.1894860527304587,-0.3791432311865224,2.758410031111411,4,1.2272727272727273,5,3.1499999999999773,0.6136363636363636,2.5,1.5749999999999886,2021-06,-0.09091846687063754,2021-05,0.3855458954656469,SOLUSDT,1.0,1.0,low
next_close_stress_ccapunlimited_scapunlimited_liquidity_priority_alloc0.005,next_close,stress,unlimited,unlimited,liquidity_priority,0.005,XRPUSDT,116,0,0.0,3.2960442873155134,2.8414174890650976,2.54882573594927,0.6810344827586207,1.6607423229828777,0.2760597708822088,-0.12396320268670546,-0.2479788286305267,4.095564313768291,3,1.1551724137931034,5,4.0,0.5775862068965517,2.5,2.0,2021-06,-0.01854286010362083,2021-05,0.23544203448500917,XRPUSDT,1.0000000000000002,1.0,low
next_close_stress_ccapunlimited_scapunlimited_liquidity_priority_alloc0.005,next_close,stress,unlimited,unlimited,liquidity_priority,0.005,LTCUSDT,107,0,0.0,1.3165485288241001,1.230419185816916,0.9130105106662101,0.5794392523364486,0.6598250497886538,0.11018219381231376,-0.12432109870808006,-0.24869030728908328,1.8969996273414065,4,1.2102803738317758,5,3.0,0.6051401869158879,2.5,1.5,2025-02,-0.059461269004723594,2021-05,0.574022701815362,LTCUSDT,1.0000000000000002,1.0,low
next_close_stress_ccapunlimited_scapunlimited_liquidity_priority_alloc0.005,next_close,stress,unlimited,unlimited,liquidity_priority,0.005,ADAUSDT,129,0,0.0,4.324830581774436,3.3525818463367725,1.9942703106949198,0.6589147286821705,2.1841458894104493,0.3665853129764196,-0.17705792476131466,-0.3542661227154813,3.8075196270186287,4,1.3682170542635659,6,4.0,0.6841085271317829,3.0,2.0,2025-02,-0.1552468531053508,2021-05,0.39785094631378026,ADAUSDT,1.0,1.0,low
next_close_stress_ccapunlimited_scapunlimited_liquidity_priority_alloc0.005,next_close,stress,unlimited,unlimited,liquidity_priority,0.005,BTCUSDT,48,0,0.0,1.141466374353428,2.3780549465696414,1.1693459256600949,0.7291666666666666,0.5720077428144288,0.0966497471234673,-0.105442644428555,-0.21091021087995954,2.2273345380575384,2,1.3541666666666667,6,4.0,0.6770833333333334,3.0,2.0,2021-01,-0.0419729245328182,2020-03,0.5035965786336797,BTCUSDT,1.0,1.0,low
next_close_stress_ccapunlimited_scapunlimited_liquidity_priority_alloc0.005,next_close,stress,unlimited,unlimited,liquidity_priority,0.005,ETHUSDT,97,0,0.0,1.833550726232123,1.8902584806516731,0.9795344022353001,0.6082474226804123,0.9202416883142606,0.15526599744477565,-0.15697186001368824,-0.31406657539101024,2.438944697024371,5,1.3453608247422681,5,4.0,0.6726804123711341,2.5,2.0,2021-01,-0.04767860663549284,2021-05,0.4708962184775561,ETHUSDT,1.0000000000000002,1.0,low
next_close_stress_ccapunlimited_scapunlimited_liquidity_priority_alloc0.005,next_close,stress,unlimited,unlimited,liquidity_priority,0.005,BNBUSDT,96,0,0.0,2.696503511119116,2.8088578240824122,1.86666871792016,0.6458333333333334,1.3564375414415908,0.22845182308790513,-0.2711772542786428,-0.5428336538359311,3.2777861192620614,5,1.375,6,4.0,0.6875,3.0,2.0,2021-01,-0.03517187555251988,2020-03,0.3061662611828768,BNBUSDT,0.9999999999999999,1.0,low
next_close_stress_ccapunlimited_scapunlimited_liquidity_priority_alloc0.005,next_close,stress,unlimited,unlimited,liquidity_priority,0.005,LINKUSDT,143,0,0.0,3.797488995184205,2.6555867099190245,1.4465382581219801,0.5874125874125874,1.9153943581989852,0.3218532737768509,-0.2357560059433106,-0.4718496494878985,3.658253785886875,5,1.479020979020979,7,4.0,0.7395104895104895,3.5000000000000004,2.0,2025-02,-0.07006930032068537,2020-03,0.22455689709941098,LINKUSDT,1.0,1.0,low
next_close_stress_ccapunlimited_scapunlimited_liquidity_priority_alloc0.005,next_close,stress,unlimited,unlimited,liquidity_priority,0.005,AVAXUSDT,131,0,0.0,3.8086634037285574,2.907376644067601,2.27897096957661,0.6717557251908397,1.9211252707724613,0.3668893639765747,-0.2924732050524015,-0.5853411490083227,3.736366322833872,5,1.2557251908396947,5,3.0,0.6278625954198473,2.5,1.5,2025-02,-0.14687717138174294,2022-05,0.2763325986093006,AVAXUSDT,1.0000000000000002,1.0,low
next_close_stress_ccapunlimited_scapunlimited_liquidity_priority_alloc0.005,next_close,stress,unlimited,unlimited,liquidity_priority,0.005,SOLUSDT,99,0,0.0,2.9170041352517004,2.946468823486566,1.69716675464646,0.5757575757575758,1.4676778649961975,0.28079998655026195,-0.1894860527304587,-0.3791432311865224,2.758410031111411,4,1.2272727272727273,5,3.1499999999999773,0.6136363636363636,2.5,1.5749999999999886,2021-06,-0.09091846687063754,2021-05,0.3855458954656469,SOLUSDT,1.0,1.0,low
next_close_clusterstress_ccap5_scap1_symbol_order_alloc0.005,next_close,cluster_stress,5,1,symbol_order,0.005,XRPUSDT,69,0,0.0,0.6126571848898392,0.8879089636084626,0.8274143683372601,0.5652173913043478,0.30650471513071764,0.051235068714095,-0.10482004403378209,-0.20965940447074272,1.2718547269639546,4,0.5,1,1.0,0.25,0.5,0.5,2020-03,-0.08397166160913905,2020-12,0.2617924745131317,XRPUSDT,0.9999999999999998,1.0,low
next_close_clusterstress_ccap5_scap1_symbol_order_alloc0.005,next_close,cluster_stress,5,1,symbol_order,0.005,LTCUSDT,28,0,0.0,-0.0770426960824914,-0.27515248600889786,0.523404474991355,0.5714285714285714,-0.038563329696783555,-0.006478880766036532,-0.11767344691301362,-0.2354397689213053,-0.3815363840085809,5,0.5,1,1.0,0.25,0.5,0.5,2022-05,-0.046215614321787335,2025-03,,LTCUSDT,,0.0,low
next_close_clusterstress_ccap5_scap1_symbol_order_alloc0.005,next_close,cluster_stress,5,1,symbol_order,0.005,ADAUSDT,68,0,0.0,0.24023514286550404,0.35328697480221183,0.7455304412328851,0.5441176470588235,0.11988145393475591,0.020342375992288275,-0.1572725878440151,-0.3146197685059475,0.4813444932138537,4,0.5,1,1.0,0.25,0.5,0.5,2020-03,-0.15479140888059462,2021-02,1.2463264886589842,ADAUSDT,0.9999999999999996,1.0,low
next_close_clusterstress_ccap5_scap1_symbol_order_alloc0.005,next_close,cluster_stress,5,1,symbol_order,0.005,BTCUSDT,27,0,0.0,-0.09699823838687063,-0.3592527347661875,0.41068959800122995,0.5925925925925926,-0.04856631384180243,-0.008227178756559095,-0.16125580311071586,-0.32265329127951076,-0.3797577378153124,3,0.5,1,1.0,0.25,0.5,0.5,2020-03,-0.08919787745248486,2026-02,,BTCUSDT,,0.0,low
next_close_clusterstress_ccap5_scap1_symbol_order_alloc0.005,next_close,cluster_stress,5,1,symbol_order,0.005,ETHUSDT,54,0,0.0,0.17684790602552217,0.3274961222694855,0.167850487636695,0.5370370370370371,0.08817559799516594,0.014928549192250173,-0.16889120894223453,-0.33798808952522563,0.36586032797149687,4,0.5,1,1.0,0.25,0.5,0.5,2021-04,-0.05050360773900531,2020-03,0.9727297761457481,ETHUSDT,1.0000000000000002,1.0,low
next_close_clusterstress_ccap5_scap1_symbol_order_alloc0.005,next_close,cluster_stress,5,1,symbol_order,0.005,BNBUSDT,52,0,0.0,0.7175605622229941,1.3799241581211426,0.786445074088125,0.5576923076923077,0.35905357247263403,0.06072125483447266,-0.16129824000378212,-0.3227659613466652,1.328724035588655,6,0.5,1,1.0,0.25,0.5,0.5,2021-05,-0.15106949244754198,2020-03,0.5260249790379619,BNBUSDT,1.0,1.0,low
next_close_clusterstress_ccap5_scap1_symbol_order_alloc0.005,next_close,cluster_stress,5,1,symbol_order,0.005,LINKUSDT,56,0,0.0,0.193355571556256,0.34527780635045713,-0.14006118581118499,0.44642857142857145,0.09656441439376273,0.016353618511044665,-0.13932181825390133,-0.27878795745832985,0.5370341012071892,8,0.5,1,1.0,0.25,0.5,0.5,2025-02,-0.0692277565482069,2021-04,1.3293356005043753,LINKUSDT,1.0,1.0,low
next_close_clusterstress_ccap5_scap1_symbol_order_alloc0.005,next_close,cluster_stress,5,1,symbol_order,0.005,AVAXUSDT,71,0,0.0,0.5373651633246588,0.756852342710787,0.6535203558958699,0.5915492957746479,0.2684227273403117,0.05160686504992462,-0.36386441123551494,-0.7286349858763614,0.7611308344687536,5,0.5,1,1.0,0.25,0.5,0.5,2021-05,-0.2715568664299006,2022-05,0.710450618286964,AVAXUSDT,1.0,1.0,low
next_close_clusterstress_ccap5_scap1_symbol_order_alloc0.005,next_close,cluster_stress,5,1,symbol_order,0.005,SOLUSDT,55,0,0.0,0.41077373270851936,0.7468613321973079,0.00424406756008998,0.509090909090909,0.20508381527883923,0.039436381447433,-0.19439871216198057,-0.3887901192905711,0.6377064823821266,3,0.5,1,1.0,0.25,0.5,0.5,2021-05,-0.10359168686095988,2021-02,0.474727331046527,SOLUSDT,1.0,1.0,low
next_close_clusterstress_ccap5_scap1_largest_drop_alloc0.005,next_close,cluster_stress,5,1,largest_drop,0.005,XRPUSDT,62,0,0.0,-0.06462751544062567,-0.10423792813004142,0.28005713553128003,0.5161290322580645,-0.032559346665561595,-0.005450662639805426,-0.20197616707525734,-0.40428083655244706,-0.14311925054321875,5,0.5,1,1.0,0.25,0.5,0.5,2021-05,-0.13355620618368258,2020-12,,XRPUSDT,,0.0,low
next_close_clusterstress_ccap5_scap1_largest_drop_alloc0.005,next_close,cluster_stress,5,1,largest_drop,0.005,LTCUSDT,55,0,0.0,0.4510666211618335,0.8201211293851518,0.797458853513,0.5636363636363636,0.2255746548952775,0.037735942234906616,-0.0738627653251056,-0.14770413642632174,1.0953084869549663,3,0.5,1,1.0,0.25,0.5,0.5,2025-02,-0.059602250092305464,2020-03,0.43271778776942543,LTCUSDT,1.0,1.0,low
next_close_clusterstress_ccap5_scap1_largest_drop_alloc0.005,next_close,cluster_stress,5,1,largest_drop,0.005,ADAUSDT,66,0,0.0,0.8651277813452605,1.3107996687049401,1.0321181664315,0.5606060606060606,0.43312680729461484,0.07322071924946716,-0.11723871803770436,-0.23449832463020936,1.603604860513057,3,0.5,1,1.0,0.25,0.5,0.5,2025-02,-0.11723871803771546,2021-02,0.3032591859664552,ADAUSDT,0.9999999999999999,1.0,low
next_close_clusterstress_ccap5_scap1_largest_drop_alloc0.005,next_close,cluster_stress,5,1,largest_drop,0.005,BNBUSDT,43,0,0.0,0.4251509409536845,0.9887231184969407,0.24580776028650003,0.5116279069767442,0.2125979290044322,0.04829297597297444,-0.09749336505071593,-0.19505805221625974,1.0558031640364791,5,0.5,1,1.0,0.25,0.5,0.5,2020-03,-0.028202791983789055,2021-02,0.5020382658054553,BNBUSDT,1.0,1.0,low
next_close_clusterstress_ccap5_scap1_largest_drop_alloc0.005,next_close,cluster_stress,5,1,largest_drop,0.005,ETHUSDT,38,0,0.0,-0.18724279727911308,-0.4927442033660871,0.22480632189451003,0.5526315789473685,-0.09368020215317907,-0.015875172403212456,-0.2126285790050475,-0.4255796700897918,-0.6482784550402738,5,0.5,1,1.0,0.25,0.5,0.5,2020-03,-0.08926990332775997,2022-06,,ETHUSDT,,0.0,low
next_close_clusterstress_ccap5_scap1_largest_drop_alloc0.005,next_close,cluster_stress,5,1,largest_drop,0.005,LINKUSDT,78,0,0.0,0.37931433809205156,0.48630043345134816,-0.08062699310067499,0.47435897435897434,0.18949132814156666,0.03206830390973803,-0.17818453341080787,-0.35654616395911565,0.719648806570703,7,0.5,1,1.0,0.25,0.5,0.5,2020-03,-0.19951125368958822,2021-02,0.5314830193819949,LINKUSDT,1.0,1.0,low
next_close_clusterstress_ccap5_scap1_largest_drop_alloc0.005,next_close,cluster_stress,5,1,largest_drop,0.005,BTCUSDT,10,0,0.0,-0.09781570097425642,-0.9781570097425643,0.10972074089721996,0.6,-0.048942502797277854,-0.009820945327254638,-0.09223716518736991,-0.18447801744693593,-0.48684729238815333,2,0.5,1,1.0,0.25,0.5,0.5,2020-03,-0.09130942647140872,2021-06,,BTCUSDT,,0.0,low
next_close_clusterstress_ccap5_scap1_largest_drop_alloc0.005,next_close,cluster_stress,5,1,largest_drop,0.005,AVAXUSDT,73,0,0.0,0.5896039312153382,0.8076766181032029,0.9122964645917898,0.6027397260273972,0.29465313928123127,0.05663926470016456,-0.28569134649018,-0.5718146743833128,0.8625805407652947,4,0.5,1,1.0,0.25,0.5,0.5,2021-05,-0.2610434948849605,2022-05,0.6472053651503208,AVAXUSDT,1.0,1.0,low
next_close_clusterstress_ccap5_scap1_largest_drop_alloc0.005,next_close,cluster_stress,5,1,largest_drop,0.005,SOLUSDT,54,0,0.0,0.37486516498396033,0.694194749970297,-0.077283217718615,0.5,0.1870840162372156,0.035977739202075476,-0.22630003968969747,-0.4527346323587118,0.575742126317196,3,0.5,1,1.0,0.25,0.5,0.5,2021-05,-0.13552203945959018,2021-04,0.5806444439519387,SOLUSDT,1.0000000000000002,1.0,low
next_close_clusterstress_ccap5_scap1_liquidity_priority_alloc0.005,next_close,cluster_stress,5,1,liquidity_priority,0.005,XRPUSDT,69,0,0.0,0.6126571848898392,0.8879089636084626,0.8274143683372601,0.5652173913043478,0.30650471513071764,0.051235068714095,-0.10482004403378209,-0.20965940447074272,1.2718547269639546,4,0.5,1,1.0,0.25,0.5,0.5,2020-03,-0.08397166160913905,2020-12,0.2617924745131317,XRPUSDT,0.9999999999999998,1.0,low
next_close_clusterstress_ccap5_scap1_liquidity_priority_alloc0.005,next_close,cluster_stress,5,1,liquidity_priority,0.005,LTCUSDT,28,0,0.0,-0.0770426960824914,-0.27515248600889786,0.523404474991355,0.5714285714285714,-0.038563329696783555,-0.006478880766036532,-0.11767344691301362,-0.2354397689213053,-0.3815363840085809,5,0.5,1,1.0,0.25,0.5,0.5,2022-05,-0.046215614321787335,2025-03,,LTCUSDT,,0.0,low
next_close_clusterstress_ccap5_scap1_liquidity_priority_alloc0.005,next_close,cluster_stress,5,1,liquidity_priority,0.005,ADAUSDT,68,0,0.0,0.24023514286550404,0.35328697480221183,0.7455304412328851,0.5441176470588235,0.11988145393475591,0.020342375992288275,-0.1572725878440151,-0.3146197685059475,0.4813444932138537,4,0.5,1,1.0,0.25,0.5,0.5,2020-03,-0.15479140888059462,2021-02,1.2463264886589842,ADAUSDT,0.9999999999999996,1.0,low
next_close_clusterstress_ccap5_scap1_liquidity_priority_alloc0.005,next_close,cluster_stress,5,1,liquidity_priority,0.005,BTCUSDT,27,0,0.0,-0.09699823838687063,-0.3592527347661875,0.41068959800122995,0.5925925925925926,-0.04856631384180243,-0.008227178756559095,-0.16125580311071586,-0.32265329127951076,-0.3797577378153124,3,0.5,1,1.0,0.25,0.5,0.5,2020-03,-0.08919787745248486,2026-02,,BTCUSDT,,0.0,low
next_close_clusterstress_ccap5_scap1_liquidity_priority_alloc0.005,next_close,cluster_stress,5,1,liquidity_priority,0.005,ETHUSDT,54,0,0.0,0.17684790602552217,0.3274961222694855,0.167850487636695,0.5370370370370371,0.08817559799516594,0.014928549192250173,-0.16889120894223453,-0.33798808952522563,0.36586032797149687,4,0.5,1,1.0,0.25,0.5,0.5,2021-04,-0.05050360773900531,2020-03,0.9727297761457481,ETHUSDT,1.0000000000000002,1.0,low
next_close_clusterstress_ccap5_scap1_liquidity_priority_alloc0.005,next_close,cluster_stress,5,1,liquidity_priority,0.005,BNBUSDT,52,0,0.0,0.7175605622229941,1.3799241581211426,0.786445074088125,0.5576923076923077,0.35905357247263403,0.06072125483447266,-0.16129824000378212,-0.3227659613466652,1.328724035588655,6,0.5,1,1.0,0.25,0.5,0.5,2021-05,-0.15106949244754198,2020-03,0.5260249790379619,BNBUSDT,1.0,1.0,low
next_close_clusterstress_ccap5_scap1_liquidity_priority_alloc0.005,next_close,cluster_stress,5,1,liquidity_priority,0.005,LINKUSDT,56,0,0.0,0.193355571556256,0.34527780635045713,-0.14006118581118499,0.44642857142857145,0.09656441439376273,0.016353618511044665,-0.13932181825390133,-0.27878795745832985,0.5370341012071892,8,0.5,1,1.0,0.25,0.5,0.5,2025-02,-0.0692277565482069,2021-04,1.3293356005043753,LINKUSDT,1.0,1.0,low
next_close_clusterstress_ccap5_scap1_liquidity_priority_alloc0.005,next_close,cluster_stress,5,1,liquidity_priority,0.005,AVAXUSDT,71,0,0.0,0.5373651633246588,0.756852342710787,0.6535203558958699,0.5915492957746479,0.2684227273403117,0.05160686504992462,-0.36386441123551494,-0.7286349858763614,0.7611308344687536,5,0.5,1,1.0,0.25,0.5,0.5,2021-05,-0.2715568664299006,2022-05,0.710450618286964,AVAXUSDT,1.0,1.0,low
next_close_clusterstress_ccap5_scap1_liquidity_priority_alloc0.005,next_close,cluster_stress,5,1,liquidity_priority,0.005,SOLUSDT,55,0,0.0,0.41077373270851936,0.7468613321973079,0.00424406756008998,0.509090909090909,0.20508381527883923,0.039436381447433,-0.19439871216198057,-0.3887901192905711,0.6377064823821266,3,0.5,1,1.0,0.25,0.5,0.5,2021-05,-0.10359168686095988,2021-02,0.474727331046527,SOLUSDT,1.0,1.0,low
next_close_clusterstress_ccap5_scap2_symbol_order_alloc0.005,next_close,cluster_stress,5,2,symbol_order,0.005,XRPUSDT,65,0,0.0,0.5707213735159398,0.878032882332215,0.5974358241877,0.5384615384615384,0.28554401954590247,0.047735452001451684,-0.1233039550092907,-0.24672057579116627,1.3581896400158713,7,0.5307692307692308,2,1.0,0.2653846153846154,1.0,0.5,2021-05,-0.07430210631917955,2020-12,0.2810096599173006,XRPUSDT,1.0,1.0,low
next_close_clusterstress_ccap5_scap2_symbol_order_alloc0.005,next_close,cluster_stress,5,2,symbol_order,0.005,LTCUSDT,27,0,0.0,-0.11707742908698011,-0.433620107729556,0.4204575458406901,0.5555555555555556,-0.058568972233186134,-0.00984077322224719,-0.11767344691302473,-0.2354397689213053,-0.5939173019715597,5,0.5,1,1.0,0.25,0.5,0.5,2022-05,-0.046215614321787335,2025-03,,LTCUSDT,,0.0,low
next_close_clusterstress_ccap5_scap2_symbol_order_alloc0.005,next_close,cluster_stress,5,2,symbol_order,0.005,ADAUSDT,66,0,0.0,0.38918454909889677,0.5896735592407527,0.7455304412328851,0.5454545454545454,0.19452409234348433,0.03299808039458618,-0.18837627237054955,-0.37694043059486,0.8563790482004424,4,0.5454545454545454,2,1.0,0.2727272727272727,1.0,0.5,2025-02,-0.18837627237054955,2021-02,0.7680870258168959,ADAUSDT,1.0000000000000002,1.0,low
next_close_clusterstress_ccap5_scap2_symbol_order_alloc0.005,next_close,cluster_stress,5,2,symbol_order,0.005,BTCUSDT,27,0,0.0,0.21565672526938537,0.7987286121088347,0.41068959800122995,0.5925925925925926,0.10767612720994357,0.018228606561287997,-0.0901645059380729,-0.18032901187614223,0.5186313754672179,3,0.5740740740740741,2,1.0,0.28703703703703703,1.0,0.5,2021-01,-0.0476969001542038,2020-03,0.6762960558051018,BTCUSDT,1.0000000000000002,1.0,low
next_close_clusterstress_ccap5_scap2_symbol_order_alloc0.005,next_close,cluster_stress,5,2,symbol_order,0.005,ETHUSDT,63,0,0.0,0.14883303103521117,0.23624290640509707,0.26688061723956,0.5555555555555556,0.07409754029530369,0.012545799928642687,-0.1586155508457754,-0.3173565546502384,0.2805808308142242,4,0.6587301587301587,2,2.0,0.32936507936507936,1.0,1.0,2021-04,-0.02715056906457125,2022-06,0.5660617267380454,ETHUSDT,0.9999999999999994,1.0,low
next_close_clusterstress_ccap5_scap2_symbol_order_alloc0.005,next_close,cluster_stress,5,2,symbol_order,0.005,BNBUSDT,51,0,0.0,1.2298555286062636,2.4114814286397324,1.1892427042419,0.6078431372549019,0.6164265042578165,0.10413587762576615,-0.0833673802688395,-0.1667347605376747,2.2801527723307355,5,0.5392156862745098,2,1.0,0.2696078431372549,1.0,0.5,2021-01,-0.021026264019530228,2020-03,0.30639686423091966,BNBUSDT,1.0000000000000002,1.0,low
next_close_clusterstress_ccap5_scap2_symbol_order_alloc0.005,next_close,cluster_stress,5,2,symbol_order,0.005,LINKUSDT,53,0,0.0,-0.13426127605743102,-0.25332316237251135,-0.77026226202548,0.41509433962264153,-0.06727930076825261,-0.011401807134769903,-0.13449715412304775,-0.26908063781669095,-0.35969803366005626,7,0.5377358490566038,2,1.0,0.2688679245283019,1.0,0.5,2020-03,-0.13778350231850034,2021-04,,LINKUSDT,,0.0,low
next_close_clusterstress_ccap5_scap2_symbol_order_alloc0.005,next_close,cluster_stress,5,2,symbol_order,0.005,AVAXUSDT,71,0,0.0,0.6415270664378422,0.9035592485040032,0.6799888727779699,0.6056338028169014,0.32066291691641435,0.06163757481238985,-0.32047654310781715,-0.6415802596437707,0.9146258079732187,5,0.5422535211267606,2,1.0,0.2711267605633803,1.0,0.5,2021-05,-0.22812880176553696,2022-05,0.6109916307018038,AVAXUSDT,0.9999999999999998,1.0,low
next_close_clusterstress_ccap5_scap2_symbol_order_alloc0.005,next_close,cluster_stress,5,2,symbol_order,0.005,SOLUSDT,68,0,0.0,0.6749898327079323,0.9926321069234298,-0.077283217718615,0.5,0.33729282891041823,0.06482483852552345,-0.2712737815863453,-0.5428620537925108,0.858520437927802,4,0.7205882352941176,2,2.0,0.3602941176470588,1.0,1.0,2021-05,-0.18053670021916934,2024-08,0.5589138541157278,SOLUSDT,1.0,1.0,low
next_close_clusterstress_ccap5_scap2_largest_drop_alloc0.005,next_close,cluster_stress,5,2,largest_drop,0.005,XRPUSDT,61,0,0.0,0.707109125828749,1.1591952882438508,0.5974358241877,0.5409836065573771,0.3538331811495876,0.059139068766289604,-0.10074540596071158,-0.2015552484435415,1.3531305999005028,4,0.5327868852459017,2,1.0,0.26639344262295084,1.0,0.5,2025-04,-0.04857365282838755,2020-03,0.3476077112568106,XRPUSDT,1.0,1.0,low
next_close_clusterstress_ccap5_scap2_largest_drop_alloc0.005,next_close,cluster_stress,5,2,largest_drop,0.005,LTCUSDT,53,0,0.0,0.33957688627362725,0.6407111061766552,0.797458853513,0.5660377358490566,0.16973762499172818,0.028401665199040416,-0.06928441734725954,-0.13855513059128255,0.8581187714179929,3,0.5188679245283019,2,1.0,0.25943396226415094,1.0,0.5,2025-02,-0.059602250092305464,2020-03,0.626832230530459,LTCUSDT,0.9999999999999999,1.0,low
next_close_clusterstress_ccap5_scap2_largest_drop_alloc0.005,next_close,cluster_stress,5,2,largest_drop,0.005,ADAUSDT,63,0,0.0,0.6031414292074995,0.9573673479484118,0.9347556116880901,0.5396825396825397,0.30164450212097904,0.051021215289348554,-0.18837627237054955,-0.37694043059486,1.0951692040916126,3,0.5317460317460317,2,1.0,0.26587301587301587,1.0,0.5,2025-02,-0.18837627237054955,2021-02,0.4354453075618625,ADAUSDT,0.9999999999999998,1.0,low
next_close_clusterstress_ccap5_scap2_largest_drop_alloc0.005,next_close,cluster_stress,5,2,largest_drop,0.005,BNBUSDT,45,0,0.0,0.7697608747717526,1.7105797217150058,0.7567412908189001,0.5555555555555556,0.38537238403655305,0.08748152294426603,-0.0833673802688395,-0.1667347605376747,1.7656942016823491,4,0.5888888888888889,2,1.0,0.29444444444444445,1.0,0.5,2023-06,-0.02034987471903893,2021-02,0.40498731690354145,BNBUSDT,1.0,1.0,low
next_close_clusterstress_ccap5_scap2_largest_drop_alloc0.005,next_close,cluster_stress,5,2,largest_drop,0.005,ETHUSDT,42,0,0.0,0.02064274922325218,0.049149402912505184,0.39586949875697997,0.5952380952380952,0.010218522389915385,0.0017308971930862782,-0.16892417153719919,-0.33801417496515546,0.07093293739620612,4,0.6190476190476191,2,1.8499999999999943,0.30952380952380953,1.0,0.9249999999999972,2020-03,-0.08926990332775997,2021-05,8.227317333892938,ETHUSDT,0.9999999999999987,1.0,low
next_close_clusterstress_ccap5_scap2_largest_drop_alloc0.005,next_close,cluster_stress,5,2,largest_drop,0.005,LINKUSDT,80,0,0.0,0.10990688391471833,0.1373836048933979,-0.27842274414659907,0.45,0.05456653078721452,0.00923966273327359,-0.29870097579000054,-0.5980623492524934,0.19269653142026083,9,0.5875,2,1.0,0.29375,1.0,0.5,2020-03,-0.2912204608755298,2021-02,1.8456629324688887,LINKUSDT,1.0000000000000004,1.0,low
next_close_clusterstress_ccap5_scap2_largest_drop_alloc0.005,next_close,cluster_stress,5,2,largest_drop,0.005,BTCUSDT,10,0,0.0,-0.09781570097425642,-0.9781570097425643,0.10972074089721996,0.6,-0.048942502797277854,-0.009820945327254638,-0.09223716518736991,-0.18447801744693593,-0.48684729238815333,2,0.5,1,1.0,0.25,0.5,0.5,2020-03,-0.09130942647140872,2021-06,,BTCUSDT,,0.0,low
next_close_clusterstress_ccap5_scap2_largest_drop_alloc0.005,next_close,cluster_stress,5,2,largest_drop,0.005,AVAXUSDT,81,0,0.0,0.9169971101677239,1.1320951977379308,1.14716066103281,0.6172839506172839,0.458901583337501,0.08815337335978946,-0.32909435569670187,-0.6588694006159035,1.279966806792584,5,0.6111111111111112,2,1.9499999999999886,0.3055555555555556,1.0,0.9749999999999943,2021-05,-0.27449348840262733,2022-05,0.5727085353485747,AVAXUSDT,1.0,1.0,low
next_close_clusterstress_ccap5_scap2_largest_drop_alloc0.005,next_close,cluster_stress,5,2,largest_drop,0.005,SOLUSDT,56,0,0.0,-0.031155903586021383,-0.05563554211789533,-0.385887086272245,0.44642857142857145,-0.016199887692425197,-0.0031642411747467847,-0.42013927496239445,-0.8412253878921874,-0.04372862630247318,4,0.6428571428571429,2,2.0,0.32142857142857145,1.0,1.0,2021-05,-0.2590261536640215,2024-08,,SOLUSDT,,0.0,low
next_close_clusterstress_ccap5_scap2_liquidity_priority_alloc0.005,next_close,cluster_stress,5,2,liquidity_priority,0.005,XRPUSDT,65,0,0.0,0.5707213735159398,0.878032882332215,0.5974358241877,0.5384615384615384,0.28554401954590247,0.047735452001451684,-0.1233039550092907,-0.24672057579116627,1.3581896400158713,7,0.5307692307692308,2,1.0,0.2653846153846154,1.0,0.5,2021-05,-0.07430210631917955,2020-12,0.2810096599173006,XRPUSDT,1.0,1.0,low
next_close_clusterstress_ccap5_scap2_liquidity_priority_alloc0.005,next_close,cluster_stress,5,2,liquidity_priority,0.005,LTCUSDT,27,0,0.0,-0.11707742908698011,-0.433620107729556,0.4204575458406901,0.5555555555555556,-0.058568972233186134,-0.00984077322224719,-0.11767344691302473,-0.2354397689213053,-0.5939173019715597,5,0.5,1,1.0,0.25,0.5,0.5,2022-05,-0.046215614321787335,2025-03,,LTCUSDT,,0.0,low
next_close_clusterstress_ccap5_scap2_liquidity_priority_alloc0.005,next_close,cluster_stress,5,2,liquidity_priority,0.005,ADAUSDT,66,0,0.0,0.38918454909889677,0.5896735592407527,0.7455304412328851,0.5454545454545454,0.19452409234348433,0.03299808039458618,-0.18837627237054955,-0.37694043059486,0.8563790482004424,4,0.5454545454545454,2,1.0,0.2727272727272727,1.0,0.5,2025-02,-0.18837627237054955,2021-02,0.7680870258168959,ADAUSDT,1.0000000000000002,1.0,low
next_close_clusterstress_ccap5_scap2_liquidity_priority_alloc0.005,next_close,cluster_stress,5,2,liquidity_priority,0.005,BTCUSDT,27,0,0.0,0.21565672526938537,0.7987286121088347,0.41068959800122995,0.5925925925925926,0.10767612720994357,0.018228606561287997,-0.0901645059380729,-0.18032901187614223,0.5186313754672179,3,0.5740740740740741,2,1.0,0.28703703703703703,1.0,0.5,2021-01,-0.0476969001542038,2020-03,0.6762960558051018,BTCUSDT,1.0000000000000002,1.0,low
next_close_clusterstress_ccap5_scap2_liquidity_priority_alloc0.005,next_close,cluster_stress,5,2,liquidity_priority,0.005,ETHUSDT,63,0,0.0,0.14883303103521117,0.23624290640509707,0.26688061723956,0.5555555555555556,0.07409754029530369,0.012545799928642687,-0.1586155508457754,-0.3173565546502384,0.2805808308142242,4,0.6587301587301587,2,2.0,0.32936507936507936,1.0,1.0,2021-04,-0.02715056906457125,2022-06,0.5660617267380454,ETHUSDT,0.9999999999999994,1.0,low
next_close_clusterstress_ccap5_scap2_liquidity_priority_alloc0.005,next_close,cluster_stress,5,2,liquidity_priority,0.005,BNBUSDT,51,0,0.0,1.2298555286062636,2.4114814286397324,1.1892427042419,0.6078431372549019,0.6164265042578165,0.10413587762576615,-0.0833673802688395,-0.1667347605376747,2.2801527723307355,5,0.5392156862745098,2,1.0,0.2696078431372549,1.0,0.5,2021-01,-0.021026264019530228,2020-03,0.30639686423091966,BNBUSDT,1.0000000000000002,1.0,low
next_close_clusterstress_ccap5_scap2_liquidity_priority_alloc0.005,next_close,cluster_stress,5,2,liquidity_priority,0.005,LINKUSDT,53,0,0.0,-0.13426127605743102,-0.25332316237251135,-0.77026226202548,0.41509433962264153,-0.06727930076825261,-0.011401807134769903,-0.13449715412304775,-0.26908063781669095,-0.35969803366005626,7,0.5377358490566038,2,1.0,0.2688679245283019,1.0,0.5,2020-03,-0.13778350231850034,2021-04,,LINKUSDT,,0.0,low
next_close_clusterstress_ccap5_scap2_liquidity_priority_alloc0.005,next_close,cluster_stress,5,2,liquidity_priority,0.005,AVAXUSDT,71,0,0.0,0.6415270664378422,0.9035592485040032,0.6799888727779699,0.6056338028169014,0.32066291691641435,0.06163757481238985,-0.32047654310781715,-0.6415802596437707,0.9146258079732187,5,0.5422535211267606,2,1.0,0.2711267605633803,1.0,0.5,2021-05,-0.22812880176553696,2022-05,0.6109916307018038,AVAXUSDT,0.9999999999999998,1.0,low
next_close_clusterstress_ccap5_scap2_liquidity_priority_alloc0.005,next_close,cluster_stress,5,2,liquidity_priority,0.005,SOLUSDT,68,0,0.0,0.6749898327079323,0.9926321069234298,-0.077283217718615,0.5,0.33729282891041823,0.06482483852552345,-0.2712737815863453,-0.5428620537925108,0.858520437927802,4,0.7205882352941176,2,2.0,0.3602941176470588,1.0,1.0,2021-05,-0.18053670021916934,2024-08,0.5589138541157278,SOLUSDT,1.0,1.0,low
next_close_clusterstress_ccap5_scapunlimited_symbol_order_alloc0.005,next_close,cluster_stress,5,unlimited,symbol_order,0.005,XRPUSDT,64,0,0.0,0.5968433328734726,0.9325677076148009,0.7124250962624801,0.546875,0.2986440050574579,0.0499227088069043,-0.1233039550093018,-0.24672057579116627,1.4252609495029307,7,0.53125,2,1.0,0.265625,1.0,0.5,2021-05,-0.07430210631917955,2020-12,0.2686832029612485,XRPUSDT,1.0,1.0,low
next_close_clusterstress_ccap5_scapunlimited_symbol_order_alloc0.005,next_close,cluster_stress,5,unlimited,symbol_order,0.005,LTCUSDT,27,0,0.0,-0.11707742908698011,-0.433620107729556,0.4204575458406901,0.5555555555555556,-0.058568972233186134,-0.00984077322224719,-0.11767344691302473,-0.2354397689213053,-0.5939173019715597,5,0.5,1,1.0,0.25,0.5,0.5,2022-05,-0.046215614321787335,2025-03,,LTCUSDT,,0.0,low
next_close_clusterstress_ccap5_scapunlimited_symbol_order_alloc0.005,next_close,cluster_stress,5,unlimited,symbol_order,0.005,ADAUSDT,66,0,0.0,0.38918454909889677,0.5896735592407527,0.7455304412328851,0.5454545454545454,0.19452409234348433,0.03299808039458618,-0.18837627237054955,-0.37694043059486,0.8563790482004424,4,0.5454545454545454,2,1.0,0.2727272727272727,1.0,0.5,2025-02,-0.18837627237054955,2021-02,0.7680870258168959,ADAUSDT,1.0000000000000002,1.0,low
next_close_clusterstress_ccap5_scapunlimited_symbol_order_alloc0.005,next_close,cluster_stress,5,unlimited,symbol_order,0.005,BTCUSDT,27,0,0.0,0.21565672526938537,0.7987286121088347,0.41068959800122995,0.5925925925925926,0.10767612720994357,0.018228606561287997,-0.0901645059380729,-0.18032901187614223,0.5186313754672179,3,0.5740740740740741,2,1.0,0.28703703703703703,1.0,0.5,2021-01,-0.0476969001542038,2020-03,0.6762960558051018,BTCUSDT,1.0000000000000002,1.0,low
next_close_clusterstress_ccap5_scapunlimited_symbol_order_alloc0.005,next_close,cluster_stress,5,unlimited,symbol_order,0.005,ETHUSDT,66,0,0.0,0.171622966206562,0.2600347972826697,0.22480632189451003,0.5454545454545454,0.08548149986005171,0.014472587351876953,-0.1934433048666584,-0.3871220481621665,0.31471252895868734,4,0.7424242424242424,3,2.0,0.3712121212121212,1.5,1.0,2021-01,-0.04832485267064479,2022-06,0.4906767157252841,ETHUSDT,1.0,1.0,low
next_close_clusterstress_ccap5_scapunlimited_symbol_order_alloc0.005,next_close,cluster_stress,5,unlimited,symbol_order,0.005,BNBUSDT,52,0,0.0,1.276900756650581,2.455578378174194,1.246901273831895,0.6153846153846154,0.6400941179073527,0.10812358567828806,-0.0833673802688395,-0.1667347605376747,2.365692190225443,5,0.5769230769230769,3,1.0,0.28846153846153844,1.5,0.5,2021-01,-0.021026264019530228,2020-03,0.29506777620593583,BNBUSDT,1.0,1.0,low
next_close_clusterstress_ccap5_scapunlimited_symbol_order_alloc0.005,next_close,cluster_stress,5,unlimited,symbol_order,0.005,LINKUSDT,51,0,0.0,-0.23881958903822467,-0.4682737039965189,-0.9449363486998199,0.39215686274509803,-0.1195002371691567,-0.02025607255029538,-0.13449715412304775,-0.26908063781669095,-0.6599361151141,7,0.5392156862745098,2,1.0,0.2696078431372549,1.0,0.5,2020-03,-0.13778350231850034,2021-04,,LINKUSDT,,0.0,low
next_close_clusterstress_ccap5_scapunlimited_symbol_order_alloc0.005,next_close,cluster_stress,5,unlimited,symbol_order,0.005,AVAXUSDT,71,0,0.0,0.6415270664378422,0.9035592485040032,0.6799888727779699,0.6056338028169014,0.32066291691641435,0.06163757481238985,-0.32047654310781715,-0.6415802596437707,0.9146258079732187,5,0.5422535211267606,2,1.0,0.2711267605633803,1.0,0.5,2021-05,-0.22812880176553696,2022-05,0.6109916307018038,AVAXUSDT,0.9999999999999998,1.0,low
next_close_clusterstress_ccap5_scapunlimited_symbol_order_alloc0.005,next_close,cluster_stress,5,unlimited,symbol_order,0.005,SOLUSDT,67,0,0.0,0.6153599379046881,0.9184476685144599,-0.15881050299732,0.4925373134328358,0.3073862344647127,0.0590841590657476,-0.3009989862985396,-0.602491948595755,0.7842057543249151,4,0.7089552238805971,2,2.0,0.35447761194029853,1.0,1.0,2021-05,-0.21028895008093906,2024-08,0.6132923788867978,SOLUSDT,1.0000000000000002,1.0,low
next_close_clusterstress_ccap5_scapunlimited_largest_drop_alloc0.005,next_close,cluster_stress,5,unlimited,largest_drop,0.005,XRPUSDT,61,0,0.0,0.707109125828749,1.1591952882438508,0.5974358241877,0.5409836065573771,0.3538331811495876,0.059139068766289604,-0.10074540596071158,-0.2015552484435415,1.3531305999005028,4,0.5327868852459017,2,1.0,0.26639344262295084,1.0,0.5,2025-04,-0.04857365282838755,2020-03,0.3476077112568106,XRPUSDT,1.0,1.0,low
next_close_clusterstress_ccap5_scapunlimited_largest_drop_alloc0.005,next_close,cluster_stress,5,unlimited,largest_drop,0.005,LTCUSDT,53,0,0.0,0.33957688627362725,0.6407111061766552,0.797458853513,0.5660377358490566,0.16973762499172818,0.028401665199040416,-0.06928441734725954,-0.13855513059128255,0.8581187714179929,3,0.5188679245283019,2,1.0,0.25943396226415094,1.0,0.5,2025-02,-0.059602250092305464,2020-03,0.626832230530459,LTCUSDT,0.9999999999999999,1.0,low
next_close_clusterstress_ccap5_scapunlimited_largest_drop_alloc0.005,next_close,cluster_stress,5,unlimited,largest_drop,0.005,ADAUSDT,63,0,0.0,0.6031414292074995,0.9573673479484118,0.9347556116880901,0.5396825396825397,0.30164450212097904,0.051021215289348554,-0.18837627237054955,-0.37694043059486,1.0951692040916126,3,0.5317460317460317,2,1.0,0.26587301587301587,1.0,0.5,2025-02,-0.18837627237054955,2021-02,0.4354453075618625,ADAUSDT,0.9999999999999998,1.0,low
next_close_clusterstress_ccap5_scapunlimited_largest_drop_alloc0.005,next_close,cluster_stress,5,unlimited,largest_drop,0.005,BNBUSDT,45,0,0.0,0.7697608747717526,1.7105797217150058,0.7567412908189001,0.5555555555555556,0.38537238403655305,0.08748152294426603,-0.0833673802688395,-0.1667347605376747,1.7656942016823491,4,0.5888888888888889,2,1.0,0.29444444444444445,1.0,0.5,2023-06,-0.02034987471903893,2021-02,0.40498731690354145,BNBUSDT,1.0,1.0,low
next_close_clusterstress_ccap5_scapunlimited_largest_drop_alloc0.005,next_close,cluster_stress,5,unlimited,largest_drop,0.005,ETHUSDT,42,0,0.0,0.02064274922325218,0.049149402912505184,0.39586949875697997,0.5952380952380952,0.010218522389915385,0.0017308971930862782,-0.16892417153719919,-0.33801417496515546,0.07093293739620612,4,0.6190476190476191,2,1.8499999999999943,0.30952380952380953,1.0,0.9249999999999972,2020-03,-0.08926990332775997,2021-05,8.227317333892938,ETHUSDT,0.9999999999999987,1.0,low
next_close_clusterstress_ccap5_scapunlimited_largest_drop_alloc0.005,next_close,cluster_stress,5,unlimited,largest_drop,0.005,LINKUSDT,79,0,0.0,0.11435411882600253,0.14475204914683865,-0.19112899396014002,0.45569620253164556,0.05679141106660346,0.009616309307802773,-0.29870097579000054,-0.5980623492524934,0.20048838310771228,9,0.5886075949367089,2,1.0,0.29430379746835444,1.0,0.5,2020-03,-0.2912204608755298,2021-02,1.7733565927649264,LINKUSDT,1.0000000000000004,1.0,low
next_close_clusterstress_ccap5_scapunlimited_largest_drop_alloc0.005,next_close,cluster_stress,5,unlimited,largest_drop,0.005,BTCUSDT,10,0,0.0,-0.09781570097425642,-0.9781570097425643,0.10972074089721996,0.6,-0.048942502797277854,-0.009820945327254638,-0.09223716518736991,-0.18447801744693593,-0.48684729238815333,2,0.5,1,1.0,0.25,0.5,0.5,2020-03,-0.09130942647140872,2021-06,,BTCUSDT,,0.0,low
next_close_clusterstress_ccap5_scapunlimited_largest_drop_alloc0.005,next_close,cluster_stress,5,unlimited,largest_drop,0.005,AVAXUSDT,81,0,0.0,0.9169971101677239,1.1320951977379308,1.14716066103281,0.6172839506172839,0.458901583337501,0.08815337335978946,-0.32909435569670187,-0.6588694006159035,1.279966806792584,5,0.6111111111111112,2,1.9499999999999886,0.3055555555555556,1.0,0.9749999999999943,2021-05,-0.27449348840262733,2022-05,0.5727085353485747,AVAXUSDT,1.0,1.0,low
next_close_clusterstress_ccap5_scapunlimited_largest_drop_alloc0.005,next_close,cluster_stress,5,unlimited,largest_drop,0.005,SOLUSDT,57,0,0.0,0.0328679002402678,0.0576629828776628,-0.26585362164591997,0.45614035087719296,0.015806828328579492,0.003087069330343084,-0.388261867621853,-0.7772015840658981,0.04595040956223748,4,0.6754385964912281,3,2.0,0.33771929824561403,1.5,1.0,2021-05,-0.2590261536640215,2024-08,9.951368409577132,SOLUSDT,0.9999999999999998,1.0,low
next_close_clusterstress_ccap5_scapunlimited_liquidity_priority_alloc0.005,next_close,cluster_stress,5,unlimited,liquidity_priority,0.005,XRPUSDT,64,0,0.0,0.5968433328734726,0.9325677076148009,0.7124250962624801,0.546875,0.2986440050574579,0.0499227088069043,-0.1233039550093018,-0.24672057579116627,1.4252609495029307,7,0.53125,2,1.0,0.265625,1.0,0.5,2021-05,-0.07430210631917955,2020-12,0.2686832029612485,XRPUSDT,1.0,1.0,low
next_close_clusterstress_ccap5_scapunlimited_liquidity_priority_alloc0.005,next_close,cluster_stress,5,unlimited,liquidity_priority,0.005,LTCUSDT,27,0,0.0,-0.11707742908698011,-0.433620107729556,0.4204575458406901,0.5555555555555556,-0.058568972233186134,-0.00984077322224719,-0.11767344691302473,-0.2354397689213053,-0.5939173019715597,5,0.5,1,1.0,0.25,0.5,0.5,2022-05,-0.046215614321787335,2025-03,,LTCUSDT,,0.0,low
next_close_clusterstress_ccap5_scapunlimited_liquidity_priority_alloc0.005,next_close,cluster_stress,5,unlimited,liquidity_priority,0.005,ADAUSDT,66,0,0.0,0.38918454909889677,0.5896735592407527,0.7455304412328851,0.5454545454545454,0.19452409234348433,0.03299808039458618,-0.18837627237054955,-0.37694043059486,0.8563790482004424,4,0.5454545454545454,2,1.0,0.2727272727272727,1.0,0.5,2025-02,-0.18837627237054955,2021-02,0.7680870258168959,ADAUSDT,1.0000000000000002,1.0,low
next_close_clusterstress_ccap5_scapunlimited_liquidity_priority_alloc0.005,next_close,cluster_stress,5,unlimited,liquidity_priority,0.005,BTCUSDT,27,0,0.0,0.21565672526938537,0.7987286121088347,0.41068959800122995,0.5925925925925926,0.10767612720994357,0.018228606561287997,-0.0901645059380729,-0.18032901187614223,0.5186313754672179,3,0.5740740740740741,2,1.0,0.28703703703703703,1.0,0.5,2021-01,-0.0476969001542038,2020-03,0.6762960558051018,BTCUSDT,1.0000000000000002,1.0,low
next_close_clusterstress_ccap5_scapunlimited_liquidity_priority_alloc0.005,next_close,cluster_stress,5,unlimited,liquidity_priority,0.005,ETHUSDT,66,0,0.0,0.171622966206562,0.2600347972826697,0.22480632189451003,0.5454545454545454,0.08548149986005171,0.014472587351876953,-0.1934433048666584,-0.3871220481621665,0.31471252895868734,4,0.7424242424242424,3,2.0,0.3712121212121212,1.5,1.0,2021-01,-0.04832485267064479,2022-06,0.4906767157252841,ETHUSDT,1.0,1.0,low
next_close_clusterstress_ccap5_scapunlimited_liquidity_priority_alloc0.005,next_close,cluster_stress,5,unlimited,liquidity_priority,0.005,BNBUSDT,52,0,0.0,1.276900756650581,2.455578378174194,1.246901273831895,0.6153846153846154,0.6400941179073527,0.10812358567828806,-0.0833673802688395,-0.1667347605376747,2.365692190225443,5,0.5769230769230769,3,1.0,0.28846153846153844,1.5,0.5,2021-01,-0.021026264019530228,2020-03,0.29506777620593583,BNBUSDT,1.0,1.0,low
next_close_clusterstress_ccap5_scapunlimited_liquidity_priority_alloc0.005,next_close,cluster_stress,5,unlimited,liquidity_priority,0.005,LINKUSDT,51,0,0.0,-0.23881958903822467,-0.4682737039965189,-0.9449363486998199,0.39215686274509803,-0.1195002371691567,-0.02025607255029538,-0.13449715412304775,-0.26908063781669095,-0.6599361151141,7,0.5392156862745098,2,1.0,0.2696078431372549,1.0,0.5,2020-03,-0.13778350231850034,2021-04,,LINKUSDT,,0.0,low
next_close_clusterstress_ccap5_scapunlimited_liquidity_priority_alloc0.005,next_close,cluster_stress,5,unlimited,liquidity_priority,0.005,AVAXUSDT,71,0,0.0,0.6415270664378422,0.9035592485040032,0.6799888727779699,0.6056338028169014,0.32066291691641435,0.06163757481238985,-0.32047654310781715,-0.6415802596437707,0.9146258079732187,5,0.5422535211267606,2,1.0,0.2711267605633803,1.0,0.5,2021-05,-0.22812880176553696,2022-05,0.6109916307018038,AVAXUSDT,0.9999999999999998,1.0,low
next_close_clusterstress_ccap5_scapunlimited_liquidity_priority_alloc0.005,next_close,cluster_stress,5,unlimited,liquidity_priority,0.005,SOLUSDT,67,0,0.0,0.6153599379046881,0.9184476685144599,-0.15881050299732,0.4925373134328358,0.3073862344647127,0.0590841590657476,-0.3009989862985396,-0.602491948595755,0.7842057543249151,4,0.7089552238805971,2,2.0,0.35447761194029853,1.0,1.0,2021-05,-0.21028895008093906,2024-08,0.6132923788867978,SOLUSDT,1.0000000000000002,1.0,low
next_close_clusterstress_ccap10_scap1_symbol_order_alloc0.005,next_close,cluster_stress,10,1,symbol_order,0.005,XRPUSDT,76,0,0.0,0.5636213712268914,0.7416070674038044,0.46389564249318505,0.5789473684210527,0.28187081911896783,0.04712210841806286,-0.20095632066439162,-0.4022370156996665,1.0877891682725502,5,0.5,1,1.0,0.25,0.5,0.5,2021-05,-0.13253566058210042,2022-05,0.36931023081670095,XRPUSDT,1.0000000000000002,1.0,low
next_close_clusterstress_ccap10_scap1_symbol_order_alloc0.005,next_close,cluster_stress,10,1,symbol_order,0.005,LTCUSDT,66,0,0.0,-0.4687135505650492,-0.7101720463106806,0.038172636483805006,0.5,-0.2343050050636064,-0.039271536696783294,-0.3421200378289857,-0.6850707593495152,-1.1114810039119059,9,0.5,1,1.0,0.25,0.5,0.5,2021-05,-0.2228290943825928,2021-04,,LTCUSDT,,0.0,low
next_close_clusterstress_ccap10_scap1_symbol_order_alloc0.005,next_close,cluster_stress,10,1,symbol_order,0.005,ADAUSDT,77,0,0.0,0.35395727376084335,0.4596847711179784,1.00089085324356,0.5714285714285714,0.17679240775210214,0.02991877178801783,-0.18349681310730892,-0.36715083600182585,0.6740460408075429,4,0.5,1,1.0,0.25,0.5,0.5,2020-03,-0.15479140888059462,2021-02,0.9552785365218865,ADAUSDT,1.0,1.0,low
next_close_clusterstress_ccap10_scap1_symbol_order_alloc0.005,next_close,cluster_stress,10,1,symbol_order,0.005,BTCUSDT,31,0,0.0,-0.0074875542131121395,-0.024153400687458512,0.7972743260750301,0.6451612903225806,-0.003825539107682463,-0.0006479294524019963,-0.15653908496531255,-0.31320468818002106,-0.02879258456731862,2,0.5,1,1.0,0.25,0.5,0.5,2020-03,-0.08919787745248486,2026-02,,BTCUSDT,,0.0,low
next_close_clusterstress_ccap10_scap1_symbol_order_alloc0.005,next_close,cluster_stress,10,1,symbol_order,0.005,ETHUSDT,59,0,0.0,0.30652153504604923,0.5195280255017783,0.18273202654946,0.5423728813559322,0.15307895266947202,0.025910018296171344,-0.16862085136666316,-0.3374425749051606,0.6234358371567692,4,0.5,1,1.0,0.25,0.5,0.5,2021-04,-0.05050360773900531,2020-03,0.5603058304465408,ETHUSDT,1.0,1.0,low
next_close_clusterstress_ccap10_scap1_symbol_order_alloc0.005,next_close,cluster_stress,10,1,symbol_order,0.005,BNBUSDT,58,0,0.0,0.829439534770765,1.4300681633978707,0.7270522774909199,0.5517241379310345,0.4151787756847991,0.07019654080056004,-0.1812313850056535,-0.36269232531927453,1.4800434150315738,6,0.5,1,1.0,0.25,0.5,0.5,2021-05,-0.1414714380704729,2020-03,0.45491522928140316,BNBUSDT,0.9999999999999999,1.0,low
next_close_clusterstress_ccap10_scap1_symbol_order_alloc0.005,next_close,cluster_stress,10,1,symbol_order,0.005,LINKUSDT,82,0,0.0,0.17787539501236282,0.21692121342971074,-0.27842274414659907,0.45121951219512196,0.08860392448484244,0.015001040242790253,-0.17818453341080787,-0.35654616395911565,0.3238543681599324,7,0.5,1,1.0,0.25,0.5,0.5,2020-03,-0.19951125368958822,2021-04,1.4487678118303404,LINKUSDT,1.0,1.0,low
next_close_clusterstress_ccap10_scap1_symbol_order_alloc0.005,next_close,cluster_stress,10,1,symbol_order,0.005,AVAXUSDT,79,0,0.0,0.7851146629055183,0.9938160289943271,0.9122964645917898,0.5949367088607594,0.3926497622193992,0.07544674381718686,-0.3658023854162029,-0.7324919515596676,1.0682924665278724,5,0.5,1,1.0,0.25,0.5,0.5,2021-05,-0.27349663603993823,2022-05,0.4856773413621486,AVAXUSDT,1.0000000000000002,1.0,low
next_close_clusterstress_ccap10_scap1_symbol_order_alloc0.005,next_close,cluster_stress,10,1,symbol_order,0.005,SOLUSDT,60,0,0.0,0.6620970239815909,1.1034950399693182,0.08911666404839996,0.5333333333333333,0.3310441624173599,0.06362549849274757,-0.20645580425453502,-0.41295223522708047,0.9971008470430438,3,0.5,1,1.0,0.25,0.5,0.5,2021-05,-0.11565974896574627,2021-04,0.32814139898168776,SOLUSDT,1.0,1.0,low
next_close_clusterstress_ccap10_scap1_largest_drop_alloc0.005,next_close,cluster_stress,10,1,largest_drop,0.005,XRPUSDT,76,0,0.0,0.5636213712268914,0.7416070674038044,0.46389564249318505,0.5789473684210527,0.28187081911896783,0.04712210841806286,-0.20095632066439162,-0.4022370156996665,1.0877891682725502,5,0.5,1,1.0,0.25,0.5,0.5,2021-05,-0.13253566058210042,2022-05,0.36931023081670095,XRPUSDT,1.0000000000000002,1.0,low
next_close_clusterstress_ccap10_scap1_largest_drop_alloc0.005,next_close,cluster_stress,10,1,largest_drop,0.005,LTCUSDT,66,0,0.0,-0.4687135505650492,-0.7101720463106806,0.038172636483805006,0.5,-0.2343050050636064,-0.039271536696783294,-0.3421200378289857,-0.6850707593495152,-1.1114810039119059,9,0.5,1,1.0,0.25,0.5,0.5,2021-05,-0.2228290943825928,2021-04,,LTCUSDT,,0.0,low
next_close_clusterstress_ccap10_scap1_largest_drop_alloc0.005,next_close,cluster_stress,10,1,largest_drop,0.005,ADAUSDT,77,0,0.0,0.35395727376084335,0.4596847711179784,1.00089085324356,0.5714285714285714,0.17679240775210214,0.02991877178801783,-0.18349681310730892,-0.36715083600182585,0.6740460408075429,4,0.5,1,1.0,0.25,0.5,0.5,2020-03,-0.15479140888059462,2021-02,0.9552785365218865,ADAUSDT,1.0,1.0,low
next_close_clusterstress_ccap10_scap1_largest_drop_alloc0.005,next_close,cluster_stress,10,1,largest_drop,0.005,BNBUSDT,58,0,0.0,0.829439534770765,1.4300681633978707,0.7270522774909199,0.5517241379310345,0.4151787756847991,0.07019654080056004,-0.1812313850056535,-0.36269232531927453,1.4800434150315738,6,0.5,1,1.0,0.25,0.5,0.5,2021-05,-0.1414714380704729,2020-03,0.45491522928140316,BNBUSDT,0.9999999999999999,1.0,low
next_close_clusterstress_ccap10_scap1_largest_drop_alloc0.005,next_close,cluster_stress,10,1,largest_drop,0.005,ETHUSDT,59,0,0.0,0.30652153504604923,0.5195280255017783,0.18273202654946,0.5423728813559322,0.15307895266947202,0.025910018296171344,-0.16862085136666316,-0.3374425749051606,0.6234358371567692,4,0.5,1,1.0,0.25,0.5,0.5,2021-04,-0.05050360773900531,2020-03,0.5603058304465408,ETHUSDT,1.0,1.0,low
next_close_clusterstress_ccap10_scap1_largest_drop_alloc0.005,next_close,cluster_stress,10,1,largest_drop,0.005,LINKUSDT,82,0,0.0,0.17787539501236282,0.21692121342971074,-0.27842274414659907,0.45121951219512196,0.08860392448484244,0.015001040242790253,-0.17818453341080787,-0.35654616395911565,0.3238543681599324,7,0.5,1,1.0,0.25,0.5,0.5,2020-03,-0.19951125368958822,2021-04,1.4487678118303404,LINKUSDT,1.0,1.0,low
next_close_clusterstress_ccap10_scap1_largest_drop_alloc0.005,next_close,cluster_stress,10,1,largest_drop,0.005,BTCUSDT,31,0,0.0,-0.0074875542131121395,-0.024153400687458512,0.7972743260750301,0.6451612903225806,-0.003825539107682463,-0.0006479294524019963,-0.15653908496531255,-0.31320468818002106,-0.02879258456731862,2,0.5,1,1.0,0.25,0.5,0.5,2020-03,-0.08919787745248486,2026-02,,BTCUSDT,,0.0,low
next_close_clusterstress_ccap10_scap1_largest_drop_alloc0.005,next_close,cluster_stress,10,1,largest_drop,0.005,AVAXUSDT,79,0,0.0,0.7851146629055183,0.9938160289943271,0.9122964645917898,0.5949367088607594,0.3926497622193992,0.07544674381718686,-0.3658023854162029,-0.7324919515596676,1.0682924665278724,5,0.5,1,1.0,0.25,0.5,0.5,2021-05,-0.27349663603993823,2022-05,0.4856773413621486,AVAXUSDT,1.0000000000000002,1.0,low
next_close_clusterstress_ccap10_scap1_largest_drop_alloc0.005,next_close,cluster_stress,10,1,largest_drop,0.005,SOLUSDT,60,0,0.0,0.6620970239815909,1.1034950399693182,0.08911666404839996,0.5333333333333333,0.3310441624173599,0.06362549849274757,-0.20645580425453502,-0.41295223522708047,0.9971008470430438,3,0.5,1,1.0,0.25,0.5,0.5,2021-05,-0.11565974896574627,2021-04,0.32814139898168776,SOLUSDT,1.0,1.0,low
next_close_clusterstress_ccap10_scap1_liquidity_priority_alloc0.005,next_close,cluster_stress,10,1,liquidity_priority,0.005,XRPUSDT,76,0,0.0,0.5636213712268914,0.7416070674038044,0.46389564249318505,0.5789473684210527,0.28187081911896783,0.04712210841806286,-0.20095632066439162,-0.4022370156996665,1.0877891682725502,5,0.5,1,1.0,0.25,0.5,0.5,2021-05,-0.13253566058210042,2022-05,0.36931023081670095,XRPUSDT,1.0000000000000002,1.0,low
next_close_clusterstress_ccap10_scap1_liquidity_priority_alloc0.005,next_close,cluster_stress,10,1,liquidity_priority,0.005,LTCUSDT,66,0,0.0,-0.4687135505650492,-0.7101720463106806,0.038172636483805006,0.5,-0.2343050050636064,-0.039271536696783294,-0.3421200378289857,-0.6850707593495152,-1.1114810039119059,9,0.5,1,1.0,0.25,0.5,0.5,2021-05,-0.2228290943825928,2021-04,,LTCUSDT,,0.0,low
next_close_clusterstress_ccap10_scap1_liquidity_priority_alloc0.005,next_close,cluster_stress,10,1,liquidity_priority,0.005,ADAUSDT,77,0,0.0,0.35395727376084335,0.4596847711179784,1.00089085324356,0.5714285714285714,0.17679240775210214,0.02991877178801783,-0.18349681310730892,-0.36715083600182585,0.6740460408075429,4,0.5,1,1.0,0.25,0.5,0.5,2020-03,-0.15479140888059462,2021-02,0.9552785365218865,ADAUSDT,1.0,1.0,low
next_close_clusterstress_ccap10_scap1_liquidity_priority_alloc0.005,next_close,cluster_stress,10,1,liquidity_priority,0.005,BTCUSDT,31,0,0.0,-0.0074875542131121395,-0.024153400687458512,0.7972743260750301,0.6451612903225806,-0.003825539107682463,-0.0006479294524019963,-0.15653908496531255,-0.31320468818002106,-0.02879258456731862,2,0.5,1,1.0,0.25,0.5,0.5,2020-03,-0.08919787745248486,2026-02,,BTCUSDT,,0.0,low
next_close_clusterstress_ccap10_scap1_liquidity_priority_alloc0.005,next_close,cluster_stress,10,1,liquidity_priority,0.005,ETHUSDT,59,0,0.0,0.30652153504604923,0.5195280255017783,0.18273202654946,0.5423728813559322,0.15307895266947202,0.025910018296171344,-0.16862085136666316,-0.3374425749051606,0.6234358371567692,4,0.5,1,1.0,0.25,0.5,0.5,2021-04,-0.05050360773900531,2020-03,0.5603058304465408,ETHUSDT,1.0,1.0,low
next_close_clusterstress_ccap10_scap1_liquidity_priority_alloc0.005,next_close,cluster_stress,10,1,liquidity_priority,0.005,BNBUSDT,58,0,0.0,0.829439534770765,1.4300681633978707,0.7270522774909199,0.5517241379310345,0.4151787756847991,0.07019654080056004,-0.1812313850056535,-0.36269232531927453,1.4800434150315738,6,0.5,1,1.0,0.25,0.5,0.5,2021-05,-0.1414714380704729,2020-03,0.45491522928140316,BNBUSDT,0.9999999999999999,1.0,low
next_close_clusterstress_ccap10_scap1_liquidity_priority_alloc0.005,next_close,cluster_stress,10,1,liquidity_priority,0.005,LINKUSDT,82,0,0.0,0.17787539501236282,0.21692121342971074,-0.27842274414659907,0.45121951219512196,0.08860392448484244,0.015001040242790253,-0.17818453341080787,-0.35654616395911565,0.3238543681599324,7,0.5,1,1.0,0.25,0.5,0.5,2020-03,-0.19951125368958822,2021-04,1.4487678118303404,LINKUSDT,1.0,1.0,low
next_close_clusterstress_ccap10_scap1_liquidity_priority_alloc0.005,next_close,cluster_stress,10,1,liquidity_priority,0.005,AVAXUSDT,79,0,0.0,0.7851146629055183,0.9938160289943271,0.9122964645917898,0.5949367088607594,0.3926497622193992,0.07544674381718686,-0.3658023854162029,-0.7324919515596676,1.0682924665278724,5,0.5,1,1.0,0.25,0.5,0.5,2021-05,-0.27349663603993823,2022-05,0.4856773413621486,AVAXUSDT,1.0000000000000002,1.0,low
next_close_clusterstress_ccap10_scap1_liquidity_priority_alloc0.005,next_close,cluster_stress,10,1,liquidity_priority,0.005,SOLUSDT,60,0,0.0,0.6620970239815909,1.1034950399693182,0.08911666404839996,0.5333333333333333,0.3310441624173599,0.06362549849274757,-0.20645580425453502,-0.41295223522708047,0.9971008470430438,3,0.5,1,1.0,0.25,0.5,0.5,2021-05,-0.11565974896574627,2021-04,0.32814139898168776,SOLUSDT,1.0,1.0,low
next_close_clusterstress_ccap10_scap2_symbol_order_alloc0.005,next_close,cluster_stress,10,2,symbol_order,0.005,XRPUSDT,86,0,0.0,1.049552850931942,1.220410291781328,0.557468618596565,0.5813953488372093,0.5257290260033631,0.08780051804995193,-0.181508952535836,-0.3632715536405194,1.8250764111752023,4,0.6395348837209303,2,2.0,0.31976744186046513,1.0,1.0,2021-05,-0.137931101529154,2022-05,0.23337507583900152,XRPUSDT,1.0,1.0,low
next_close_clusterstress_ccap10_scap2_symbol_order_alloc0.005,next_close,cluster_stress,10,2,symbol_order,0.005,LTCUSDT,60,0,0.0,-0.0619855977956066,-0.10330932965934433,0.5893213980188949,0.55,-0.031146973712015136,-0.00521608319421496,-0.15407745637349146,-0.30829163932091846,-0.17238921071369065,4,0.5166666666666667,2,1.0,0.25833333333333336,1.0,0.5,2020-03,-0.11564459808803829,2021-04,,LTCUSDT,,0.0,low
next_close_clusterstress_ccap10_scap2_symbol_order_alloc0.005,next_close,cluster_stress,10,2,symbol_order,0.005,ADAUSDT,88,0,0.0,0.7402503271698065,0.841193553602053,0.7455304412328851,0.5454545454545454,0.37022023431165785,0.06260257226193833,-0.18837627237056065,-0.37694043059486,1.0796551381041322,4,0.6477272727272727,2,2.0,0.32386363636363635,1.0,1.0,2025-02,-0.18837627237054955,2025-10,0.515618559258162,ADAUSDT,0.9999999999999999,1.0,low
next_close_clusterstress_ccap10_scap2_symbol_order_alloc0.005,next_close,cluster_stress,10,2,symbol_order,0.005,BTCUSDT,34,0,0.0,0.2117686317179356,0.6228489168174577,0.416692681430305,0.5882352941176471,0.10572391299688011,0.017898259124038418,-0.11553476999949241,-0.23111533123292194,0.5033852764374408,3,0.6470588235294118,2,2.0,0.3235294117647059,1.0,1.0,2021-01,-0.06030826047063176,2020-03,0.44842540894074195,BTCUSDT,0.9999999999999999,1.0,low
next_close_clusterstress_ccap10_scap2_symbol_order_alloc0.005,next_close,cluster_stress,10,2,symbol_order,0.005,ETHUSDT,73,0,0.0,0.3593979399596987,0.49232594515027217,0.30160994713684,0.5616438356164384,0.1794946739212211,0.030377793223990146,-0.17056596591170647,-0.34129464869183435,0.6622083918834176,4,0.7191780821917808,2,2.0,0.3595890410958904,1.0,1.0,2021-04,-0.02715056906457125,2025-10,0.2511588564624668,ETHUSDT,0.9999999999999997,1.0,low
next_close_clusterstress_ccap10_scap2_symbol_order_alloc0.005,next_close,cluster_stress,10,2,symbol_order,0.005,BNBUSDT,70,0,0.0,1.244371518481027,1.7776735978300384,1.371580239906585,0.6142857142857143,0.6235515526016089,0.10533644448496027,-0.2108540791538993,-0.4219209003073221,1.8749583847888345,5,0.7857142857142857,2,2.0,0.3928571428571429,1.0,1.0,2021-05,-0.0659925882168344,2021-02,0.30951156288412296,BNBUSDT,1.0000000000000002,1.0,low
next_close_clusterstress_ccap10_scap2_symbol_order_alloc0.005,next_close,cluster_stress,10,2,symbol_order,0.005,LINKUSDT,90,0,0.0,0.1829198361696699,0.20324426241074434,-0.27842274414659907,0.45555555555555555,0.09105005373788444,0.015415024361464802,-0.26194451387658857,-0.5243517440493162,0.302905564904553,8,0.6444444444444445,2,2.0,0.32222222222222224,1.0,1.0,2020-03,-0.2540107608198672,2021-04,1.6403621850996701,LINKUSDT,1.0,1.0,low
next_close_clusterstress_ccap10_scap2_symbol_order_alloc0.005,next_close,cluster_stress,10,2,symbol_order,0.005,AVAXUSDT,95,0,0.0,1.0569027659512844,1.1125292273171414,1.2711998590879399,0.6105263157894737,0.5290268686782174,0.10159553578499292,-0.48720854750021747,-0.9762621862247772,1.3107537701002194,4,0.7,2,2.0,0.35,1.0,1.0,2021-05,-0.28206517816078414,2022-05,0.6273255866624046,AVAXUSDT,0.9999999999999996,1.0,low
next_close_clusterstress_ccap10_scap2_symbol_order_alloc0.005,next_close,cluster_stress,10,2,symbol_order,0.005,SOLUSDT,80,0,0.0,1.250053531390796,1.562566914238495,0.355990254570745,0.55,0.6261220301341464,0.12019565983185654,-0.2544030671793873,-0.5090968385435751,1.5222383928339167,4,0.8,2,2.0,0.4,1.0,1.0,2021-05,-0.09131572278163747,2024-08,0.30108768881926873,SOLUSDT,1.0,1.0,low
next_close_clusterstress_ccap10_scap2_largest_drop_alloc0.005,next_close,cluster_stress,10,2,largest_drop,0.005,XRPUSDT,87,0,0.0,1.5828515298120214,1.819369574496576,0.9796712630063,0.5977011494252874,0.7940026004548351,0.1324568932085768,-0.10482004403378209,-0.20965940447074272,2.4330838808085136,4,0.6724137931034483,2,2.0,0.33620689655172414,1.0,1.0,2021-05,-0.02699870753426481,2022-05,0.1545234880137881,XRPUSDT,1.0,1.0,low
next_close_clusterstress_ccap10_scap2_largest_drop_alloc0.005,next_close,cluster_stress,10,2,largest_drop,0.005,LTCUSDT,71,0,0.0,0.11138557245537746,0.15688108796532038,0.55229139189577,0.5352112676056338,0.05539019314972915,0.009272676318827777,-0.19127641421464725,-0.38276850169942495,0.21937206443092458,7,0.6267605633802817,2,2.0,0.31338028169014087,1.0,1.0,2021-05,-0.12678655742424105,2021-12,1.0367079189199926,LTCUSDT,1.0000000000000009,1.0,low
next_close_clusterstress_ccap10_scap2_largest_drop_alloc0.005,next_close,cluster_stress,10,2,largest_drop,0.005,ADAUSDT,90,0,0.0,1.227526914874627,1.3639187943051412,0.967823232465825,0.5555555555555556,0.6149273249048459,0.1038762296342588,-0.18837627237054955,-0.37694043059485993,1.633027082331225,4,0.6777777777777778,2,2.0,0.3388888888888889,1.0,1.0,2025-02,-0.18837627237054955,2025-10,0.3104308689706299,ADAUSDT,1.0000000000000002,1.0,low
next_close_clusterstress_ccap10_scap2_largest_drop_alloc0.005,next_close,cluster_stress,10,2,largest_drop,0.005,BNBUSDT,63,0,0.0,0.8685553963895498,1.3786593593484917,1.1983043556145399,0.6031746031746031,0.4348031814764175,0.07350857513823694,-0.2108540791538993,-0.4219209003073221,1.5192764828997618,5,0.7063492063492064,2,2.0,0.3531746031746032,1.0,1.0,2020-03,-0.0616028211893882,2021-02,0.4438707530363666,BNBUSDT,0.9999999999999999,1.0,low
next_close_clusterstress_ccap10_scap2_largest_drop_alloc0.005,next_close,cluster_stress,10,2,largest_drop,0.005,ETHUSDT,65,0,0.0,-0.33039026246801034,-0.5082927114892467,0.12851605655280995,0.5076923076923077,-0.16523498618014054,-0.02800453825280158,-0.3207523106583121,-0.6422772981897455,-0.877749173368407,5,0.6538461538461539,2,2.0,0.3269230769230769,1.0,1.0,2020-03,-0.15582721760752927,2022-06,,ETHUSDT,,0.0,low
next_close_clusterstress_ccap10_scap2_largest_drop_alloc0.005,next_close,cluster_stress,10,2,largest_drop,0.005,LINKUSDT,102,0,0.0,1.119836033488427,1.0978784642043402,-0.0712586818705,0.4803921568627451,0.5607792467153816,0.09475691399600805,-0.2974945792905026,-0.595638606903507,1.4997650204246025,8,0.7450980392156863,2,2.0,0.37254901960784315,1.0,1.0,2020-03,-0.2895636540956148,2021-04,0.33276155398165974,LINKUSDT,0.9999999999999998,1.0,low
next_close_clusterstress_ccap10_scap2_largest_drop_alloc0.005,next_close,cluster_stress,10,2,largest_drop,0.005,BTCUSDT,24,0,0.0,-0.11168613580921971,-0.4653588992050821,0.29581616875476996,0.5833333333333334,-0.0558937951253502,-0.00946874917649998,-0.1610876238515413,-0.3223313567957468,-0.4769807818277777,3,0.5416666666666666,2,1.0,0.2708333333333333,1.0,0.5,2020-03,-0.11456838697142535,2021-05,,BTCUSDT,,0.0,low
next_close_clusterstress_ccap10_scap2_largest_drop_alloc0.005,next_close,cluster_stress,10,2,largest_drop,0.005,AVAXUSDT,101,0,0.0,1.65809366621911,1.6416768972466436,1.61783999440051,0.6336633663366337,0.8315636802006754,0.1595014969071773,-0.5061349878843213,-1.01429106810884,1.958007325562014,5,0.7574257425742574,2,2.0,0.37871287128712877,1.0,1.0,2021-05,-0.3010306349737535,2022-05,0.4963014174732459,AVAXUSDT,0.9999999999999999,1.0,low
next_close_clusterstress_ccap10_scap2_largest_drop_alloc0.005,next_close,cluster_stress,10,2,largest_drop,0.005,SOLUSDT,73,0,0.0,0.8420651768409484,1.1535139408780115,0.00424406756008998,0.5068493150684932,0.4211127357489186,0.08090701400722544,-0.36473590104108,-0.7305098448331958,1.0506252701273802,5,0.7328767123287672,2,2.0,0.3664383561643836,1.0,1.0,2021-05,-0.20182895446965166,2024-08,0.4476654799733227,SOLUSDT,0.9999999999999999,1.0,low
next_close_clusterstress_ccap10_scap2_liquidity_priority_alloc0.005,next_close,cluster_stress,10,2,liquidity_priority,0.005,XRPUSDT,86,0,0.0,1.049552850931942,1.220410291781328,0.557468618596565,0.5813953488372093,0.5257290260033631,0.08780051804995193,-0.181508952535836,-0.3632715536405194,1.8250764111752023,4,0.6395348837209303,2,2.0,0.31976744186046513,1.0,1.0,2021-05,-0.137931101529154,2022-05,0.23337507583900152,XRPUSDT,1.0,1.0,low
next_close_clusterstress_ccap10_scap2_liquidity_priority_alloc0.005,next_close,cluster_stress,10,2,liquidity_priority,0.005,LTCUSDT,60,0,0.0,-0.0619855977956066,-0.10330932965934433,0.5893213980188949,0.55,-0.031146973712015136,-0.00521608319421496,-0.15407745637349146,-0.30829163932091846,-0.17238921071369065,4,0.5166666666666667,2,1.0,0.25833333333333336,1.0,0.5,2020-03,-0.11564459808803829,2021-04,,LTCUSDT,,0.0,low
next_close_clusterstress_ccap10_scap2_liquidity_priority_alloc0.005,next_close,cluster_stress,10,2,liquidity_priority,0.005,ADAUSDT,88,0,0.0,0.7402503271698065,0.841193553602053,0.7455304412328851,0.5454545454545454,0.37022023431165785,0.06260257226193833,-0.18837627237056065,-0.37694043059486,1.0796551381041322,4,0.6477272727272727,2,2.0,0.32386363636363635,1.0,1.0,2025-02,-0.18837627237054955,2025-10,0.515618559258162,ADAUSDT,0.9999999999999999,1.0,low
next_close_clusterstress_ccap10_scap2_liquidity_priority_alloc0.005,next_close,cluster_stress,10,2,liquidity_priority,0.005,BTCUSDT,34,0,0.0,0.2117686317179356,0.6228489168174577,0.416692681430305,0.5882352941176471,0.10572391299688011,0.017898259124038418,-0.11553476999949241,-0.23111533123292194,0.5033852764374408,3,0.6470588235294118,2,2.0,0.3235294117647059,1.0,1.0,2021-01,-0.06030826047063176,2020-03,0.44842540894074195,BTCUSDT,0.9999999999999999,1.0,low
next_close_clusterstress_ccap10_scap2_liquidity_priority_alloc0.005,next_close,cluster_stress,10,2,liquidity_priority,0.005,ETHUSDT,73,0,0.0,0.3593979399596987,0.49232594515027217,0.30160994713684,0.5616438356164384,0.1794946739212211,0.030377793223990146,-0.17056596591170647,-0.34129464869183435,0.6622083918834176,4,0.7191780821917808,2,2.0,0.3595890410958904,1.0,1.0,2021-04,-0.02715056906457125,2025-10,0.2511588564624668,ETHUSDT,0.9999999999999997,1.0,low
next_close_clusterstress_ccap10_scap2_liquidity_priority_alloc0.005,next_close,cluster_stress,10,2,liquidity_priority,0.005,BNBUSDT,70,0,0.0,1.244371518481027,1.7776735978300384,1.371580239906585,0.6142857142857143,0.6235515526016089,0.10533644448496027,-0.2108540791538993,-0.4219209003073221,1.8749583847888345,5,0.7857142857142857,2,2.0,0.3928571428571429,1.0,1.0,2021-05,-0.0659925882168344,2021-02,0.30951156288412296,BNBUSDT,1.0000000000000002,1.0,low
next_close_clusterstress_ccap10_scap2_liquidity_priority_alloc0.005,next_close,cluster_stress,10,2,liquidity_priority,0.005,LINKUSDT,90,0,0.0,0.1829198361696699,0.20324426241074434,-0.27842274414659907,0.45555555555555555,0.09105005373788444,0.015415024361464802,-0.26194451387658857,-0.5243517440493162,0.302905564904553,8,0.6444444444444445,2,2.0,0.32222222222222224,1.0,1.0,2020-03,-0.2540107608198672,2021-04,1.6403621850996701,LINKUSDT,1.0,1.0,low
next_close_clusterstress_ccap10_scap2_liquidity_priority_alloc0.005,next_close,cluster_stress,10,2,liquidity_priority,0.005,AVAXUSDT,95,0,0.0,1.0569027659512844,1.1125292273171414,1.2711998590879399,0.6105263157894737,0.5290268686782174,0.10159553578499292,-0.48720854750021747,-0.9762621862247772,1.3107537701002194,4,0.7,2,2.0,0.35,1.0,1.0,2021-05,-0.28206517816078414,2022-05,0.6273255866624046,AVAXUSDT,0.9999999999999996,1.0,low
next_close_clusterstress_ccap10_scap2_liquidity_priority_alloc0.005,next_close,cluster_stress,10,2,liquidity_priority,0.005,SOLUSDT,80,0,0.0,1.250053531390796,1.562566914238495,0.355990254570745,0.55,0.6261220301341464,0.12019565983185654,-0.2544030671793873,-0.5090968385435751,1.5222383928339167,4,0.8,2,2.0,0.4,1.0,1.0,2021-05,-0.09131572278163747,2024-08,0.30108768881926873,SOLUSDT,1.0,1.0,low
next_close_clusterstress_ccap10_scapunlimited_symbol_order_alloc0.005,next_close,cluster_stress,10,unlimited,symbol_order,0.005,XRPUSDT,87,0,0.0,1.1089763758661866,1.2746854895013637,0.5974358241877,0.5862068965517241,0.5555969918300097,0.09277719552314156,-0.18150895253579158,-0.3632715536405194,1.9220694919902417,4,0.6609195402298851,3,2.0,0.33045977011494254,1.5,1.0,2021-05,-0.137931101529154,2022-05,0.2208292217533066,XRPUSDT,1.0,1.0,low
next_close_clusterstress_ccap10_scapunlimited_symbol_order_alloc0.005,next_close,cluster_stress,10,unlimited,symbol_order,0.005,LTCUSDT,57,0,0.0,-0.018709965714198584,-0.032824501252979976,0.6263514041420198,0.5614035087719298,-0.00950756585313961,-0.00159205793549555,-0.1271157172091253,-0.2542995285333073,-0.05300784843026303,4,0.5175438596491229,2,1.0,0.25877192982456143,1.0,0.5,2020-03,-0.11564459808803829,2021-04,,LTCUSDT,,0.0,low
next_close_clusterstress_ccap10_scapunlimited_symbol_order_alloc0.005,next_close,cluster_stress,10,unlimited,symbol_order,0.005,ADAUSDT,87,0,0.0,0.7459748765221316,0.8574423868070478,0.9347556116880901,0.5517241379310345,0.3730931879398103,0.06308762524396272,-0.18837627237053844,-0.37694043059486,1.0881691850497768,4,0.6379310344827587,2,2.0,0.31896551724137934,1.0,1.0,2025-02,-0.18837627237054955,2025-10,0.5116481082865338,ADAUSDT,1.0,1.0,low
next_close_clusterstress_ccap10_scapunlimited_symbol_order_alloc0.005,next_close,cluster_stress,10,unlimited,symbol_order,0.005,BTCUSDT,34,0,0.0,0.2117686317179356,0.6228489168174577,0.416692681430305,0.5882352941176471,0.10572391299688011,0.017898259124038418,-0.11553476999949241,-0.23111533123292194,0.5033852764374408,3,0.6470588235294118,2,2.0,0.3235294117647059,1.0,1.0,2021-01,-0.06030826047063176,2020-03,0.44842540894074195,BTCUSDT,0.9999999999999999,1.0,low
next_close_clusterstress_ccap10_scapunlimited_symbol_order_alloc0.005,next_close,cluster_stress,10,unlimited,symbol_order,0.005,ETHUSDT,76,0,0.0,0.38218787513104935,0.5028787830671703,0.2842452821882,0.5526315789473685,0.19089062296897552,0.03230492418868636,-0.17056596591170647,-0.34129464869183435,0.685855150508222,4,0.7894736842105263,3,2.0,0.39473684210526316,1.5,1.0,2021-01,-0.04832485267064479,2025-10,0.23616496369485962,ETHUSDT,1.0000000000000002,1.0,low
next_close_clusterstress_ccap10_scapunlimited_symbol_order_alloc0.005,next_close,cluster_stress,10,unlimited,symbol_order,0.005,BNBUSDT,71,0,0.0,1.2914167465253443,1.8188968260920344,1.4386006363912802,0.6197183098591549,0.6472208422486414,0.10932420036275925,-0.2108540791538993,-0.4219209003073221,1.944152428750582,5,0.8098591549295775,3,2.0,0.4049295774647887,1.5,1.0,2021-05,-0.0659925882168344,2021-02,0.3346066956932272,BNBUSDT,1.0000000000000002,1.0,low
next_close_clusterstress_ccap10_scapunlimited_symbol_order_alloc0.005,next_close,cluster_stress,10,unlimited,symbol_order,0.005,LINKUSDT,89,0,0.0,0.15334134751342732,0.17229364889149137,-0.36571649433305814,0.449438202247191,0.07624982251515089,0.01291009753212613,-0.26194451387658857,-0.5243517440493162,0.2542615722299152,8,0.6460674157303371,3,2.0,0.32303370786516855,1.5,1.0,2020-03,-0.2540107608198672,2022-05,1.8266684261171464,LINKUSDT,0.9999999999999997,1.0,low
next_close_clusterstress_ccap10_scapunlimited_symbol_order_alloc0.005,next_close,cluster_stress,10,unlimited,symbol_order,0.005,AVAXUSDT,96,0,0.0,1.113387024015975,1.1597781500166404,1.2718977414844799,0.6145833333333334,0.557418406161414,0.10703569403782698,-0.4872085475002397,-0.9762621862247772,1.3787012065846742,4,0.71875,3,2.0,0.359375,1.5,1.0,2021-05,-0.28206517816078414,2022-05,0.5953733983043896,AVAXUSDT,0.9999999999999996,1.0,low
next_close_clusterstress_ccap10_scapunlimited_symbol_order_alloc0.005,next_close,cluster_stress,10,unlimited,symbol_order,0.005,SOLUSDT,81,0,0.0,1.2169662830069017,1.5024275098850637,0.27402105279571004,0.5432098765432098,0.609473749564593,0.11700754205179464,-0.2841333003869573,-0.5687267333468193,1.4785177282614625,4,0.8333333333333334,3,2.0,0.4166666666666667,1.5,1.0,2021-05,-0.12109456590212453,2024-08,0.30931214856520944,SOLUSDT,0.9999999999999998,1.0,low
next_close_clusterstress_ccap10_scapunlimited_largest_drop_alloc0.005,next_close,cluster_stress,10,unlimited,largest_drop,0.005,XRPUSDT,87,0,0.0,1.5828515298120214,1.819369574496576,0.9796712630063,0.5977011494252874,0.7940026004548351,0.1324568932085768,-0.10482004403378209,-0.20965940447074272,2.4330838808085136,4,0.6724137931034483,2,2.0,0.33620689655172414,1.0,1.0,2021-05,-0.02699870753426481,2022-05,0.1545234880137881,XRPUSDT,1.0,1.0,low
next_close_clusterstress_ccap10_scapunlimited_largest_drop_alloc0.005,next_close,cluster_stress,10,unlimited,largest_drop,0.005,LTCUSDT,70,0,0.0,0.15235650734264122,0.2176521533466303,0.67911914596215,0.5571428571428572,0.07588954112383028,0.012703316156170708,-0.19127641421465835,-0.3827685016994249,0.3003307953320068,7,0.6285714285714286,3,2.0,0.3142857142857143,1.5,1.0,2021-05,-0.12678655742424105,2021-12,0.756671486195091,LTCUSDT,1.0000000000000004,1.0,low
next_close_clusterstress_ccap10_scapunlimited_largest_drop_alloc0.005,next_close,cluster_stress,10,unlimited,largest_drop,0.005,ADAUSDT,90,0,0.0,1.2927330100378482,1.4363700111531648,1.0321181664315,0.5666666666666667,0.6477317964889595,0.10940287414775707,-0.17868135224463622,-0.35751588229743647,1.7171947519649717,4,0.6777777777777778,2,2.0,0.3388888888888889,1.0,1.0,2025-02,-0.15869152402447906,2025-10,0.2947090522014383,ADAUSDT,1.0,1.0,low
next_close_clusterstress_ccap10_scapunlimited_largest_drop_alloc0.005,next_close,cluster_stress,10,unlimited,largest_drop,0.005,BNBUSDT,62,0,0.0,0.8927993964650464,1.4399990265565263,1.2514320995182149,0.6129032258064516,0.44698086697467776,0.07556354735287485,-0.2108540791538993,-0.4219209003073221,1.5679940983869858,4,0.7419354838709677,3,2.0,0.3709677419354839,1.5,1.0,2020-03,-0.0616028211893882,2021-02,0.4845049160032036,BNBUSDT,1.0,1.0,low
next_close_clusterstress_ccap10_scapunlimited_largest_drop_alloc0.005,next_close,cluster_stress,10,unlimited,largest_drop,0.005,ETHUSDT,67,0,0.0,-0.4356793849163272,-0.6502677386810853,-0.05787851021587,0.4925373134328358,-0.2177868108687364,-0.03691925402087293,-0.3732222728897616,-0.7475664206380623,-1.1362578232590161,5,0.7238805970149254,4,2.0,0.3619402985074627,2.0,1.0,2020-03,-0.15582721760752927,2022-06,,ETHUSDT,,0.0,low
next_close_clusterstress_ccap10_scapunlimited_largest_drop_alloc0.005,next_close,cluster_stress,10,unlimited,largest_drop,0.005,LINKUSDT,103,0,0.0,1.1523722349144085,1.1188079950625325,-0.07025675520187999,0.4854368932038835,0.5771385755609648,0.09751461397808914,-0.2974945792905026,-0.595638606903507,1.5427711038345988,8,0.7621359223300971,3,2.0,0.38106796116504854,1.5,1.0,2020-03,-0.2895636540956148,2021-04,0.3233292340514557,LINKUSDT,0.9999999999999998,1.0,low
next_close_clusterstress_ccap10_scapunlimited_largest_drop_alloc0.005,next_close,cluster_stress,10,unlimited,largest_drop,0.005,BTCUSDT,22,0,0.0,-0.1237404724493559,-0.5624566929516178,0.29581616875476996,0.5909090909090909,-0.06191722484440998,-0.010489417369319298,-0.1610876238515413,-0.3223313567957468,-0.5290647588993316,3,0.5454545454545454,2,1.0,0.2727272727272727,1.0,0.5,2020-03,-0.11456838697142535,2021-05,,BTCUSDT,,0.0,low
next_close_clusterstress_ccap10_scapunlimited_largest_drop_alloc0.005,next_close,cluster_stress,10,unlimited,largest_drop,0.005,AVAXUSDT,102,0,0.0,1.7641769202838804,1.7295852159645888,1.619754485383445,0.6372549019607843,0.8850463821388654,0.169723561454882,-0.5061349878843435,-1.01429106810884,2.071797958475873,5,0.7745098039215687,3,2.0,0.3872549019607843,1.5,1.0,2021-05,-0.3010306349737535,2022-05,0.46631028783541173,AVAXUSDT,1.0000000000000002,1.0,low
next_close_clusterstress_ccap10_scapunlimited_largest_drop_alloc0.005,next_close,cluster_stress,10,unlimited,largest_drop,0.005,SOLUSDT,75,0,0.0,0.8686078232602978,1.1581437643470638,0.00424406756008998,0.5066666666666667,0.434433921711741,0.0834618959521416,-0.3647359010410578,-0.7305098448331958,1.079557604657662,5,0.78,3,2.0,0.39,1.5,1.0,2021-05,-0.20182895446965166,2024-08,0.4339385705175328,SOLUSDT,1.0000000000000002,1.0,low
next_close_clusterstress_ccap10_scapunlimited_liquidity_priority_alloc0.005,next_close,cluster_stress,10,unlimited,liquidity_priority,0.005,XRPUSDT,87,0,0.0,1.1089763758661866,1.2746854895013637,0.5974358241877,0.5862068965517241,0.5555969918300097,0.09277719552314156,-0.18150895253579158,-0.3632715536405194,1.9220694919902417,4,0.6609195402298851,3,2.0,0.33045977011494254,1.5,1.0,2021-05,-0.137931101529154,2022-05,0.2208292217533066,XRPUSDT,1.0,1.0,low
next_close_clusterstress_ccap10_scapunlimited_liquidity_priority_alloc0.005,next_close,cluster_stress,10,unlimited,liquidity_priority,0.005,LTCUSDT,57,0,0.0,-0.018709965714198584,-0.032824501252979976,0.6263514041420198,0.5614035087719298,-0.00950756585313961,-0.00159205793549555,-0.1271157172091253,-0.2542995285333073,-0.05300784843026303,4,0.5175438596491229,2,1.0,0.25877192982456143,1.0,0.5,2020-03,-0.11564459808803829,2021-04,,LTCUSDT,,0.0,low
next_close_clusterstress_ccap10_scapunlimited_liquidity_priority_alloc0.005,next_close,cluster_stress,10,unlimited,liquidity_priority,0.005,ADAUSDT,87,0,0.0,0.7459748765221316,0.8574423868070478,0.9347556116880901,0.5517241379310345,0.3730931879398103,0.06308762524396272,-0.18837627237053844,-0.37694043059486,1.0881691850497768,4,0.6379310344827587,2,2.0,0.31896551724137934,1.0,1.0,2025-02,-0.18837627237054955,2025-10,0.5116481082865338,ADAUSDT,1.0,1.0,low
next_close_clusterstress_ccap10_scapunlimited_liquidity_priority_alloc0.005,next_close,cluster_stress,10,unlimited,liquidity_priority,0.005,BTCUSDT,34,0,0.0,0.2117686317179356,0.6228489168174577,0.416692681430305,0.5882352941176471,0.10572391299688011,0.017898259124038418,-0.11553476999949241,-0.23111533123292194,0.5033852764374408,3,0.6470588235294118,2,2.0,0.3235294117647059,1.0,1.0,2021-01,-0.06030826047063176,2020-03,0.44842540894074195,BTCUSDT,0.9999999999999999,1.0,low
next_close_clusterstress_ccap10_scapunlimited_liquidity_priority_alloc0.005,next_close,cluster_stress,10,unlimited,liquidity_priority,0.005,ETHUSDT,76,0,0.0,0.38218787513104935,0.5028787830671703,0.2842452821882,0.5526315789473685,0.19089062296897552,0.03230492418868636,-0.17056596591170647,-0.34129464869183435,0.685855150508222,4,0.7894736842105263,3,2.0,0.39473684210526316,1.5,1.0,2021-01,-0.04832485267064479,2025-10,0.23616496369485962,ETHUSDT,1.0000000000000002,1.0,low
next_close_clusterstress_ccap10_scapunlimited_liquidity_priority_alloc0.005,next_close,cluster_stress,10,unlimited,liquidity_priority,0.005,BNBUSDT,71,0,0.0,1.2914167465253443,1.8188968260920344,1.4386006363912802,0.6197183098591549,0.6472208422486414,0.10932420036275925,-0.2108540791538993,-0.4219209003073221,1.944152428750582,5,0.8098591549295775,3,2.0,0.4049295774647887,1.5,1.0,2021-05,-0.0659925882168344,2021-02,0.3346066956932272,BNBUSDT,1.0000000000000002,1.0,low
next_close_clusterstress_ccap10_scapunlimited_liquidity_priority_alloc0.005,next_close,cluster_stress,10,unlimited,liquidity_priority,0.005,LINKUSDT,89,0,0.0,0.15334134751342732,0.17229364889149137,-0.36571649433305814,0.449438202247191,0.07624982251515089,0.01291009753212613,-0.26194451387658857,-0.5243517440493162,0.2542615722299152,8,0.6460674157303371,3,2.0,0.32303370786516855,1.5,1.0,2020-03,-0.2540107608198672,2022-05,1.8266684261171464,LINKUSDT,0.9999999999999997,1.0,low
next_close_clusterstress_ccap10_scapunlimited_liquidity_priority_alloc0.005,next_close,cluster_stress,10,unlimited,liquidity_priority,0.005,AVAXUSDT,96,0,0.0,1.113387024015975,1.1597781500166404,1.2718977414844799,0.6145833333333334,0.557418406161414,0.10703569403782698,-0.4872085475002397,-0.9762621862247772,1.3787012065846742,4,0.71875,3,2.0,0.359375,1.5,1.0,2021-05,-0.28206517816078414,2022-05,0.5953733983043896,AVAXUSDT,0.9999999999999996,1.0,low
next_close_clusterstress_ccap10_scapunlimited_liquidity_priority_alloc0.005,next_close,cluster_stress,10,unlimited,liquidity_priority,0.005,SOLUSDT,81,0,0.0,1.2169662830069017,1.5024275098850637,0.27402105279571004,0.5432098765432098,0.609473749564593,0.11700754205179464,-0.2841333003869573,-0.5687267333468193,1.4785177282614625,4,0.8333333333333334,3,2.0,0.4166666666666667,1.5,1.0,2021-05,-0.12109456590212453,2024-08,0.30931214856520944,SOLUSDT,0.9999999999999998,1.0,low
next_close_clusterstress_ccapunlimited_scap1_symbol_order_alloc0.005,next_close,cluster_stress,unlimited,1,symbol_order,0.005,XRPUSDT,76,0,0.0,0.5636213712268914,0.7416070674038044,0.46389564249318505,0.5789473684210527,0.28187081911896783,0.04712210841806286,-0.20095632066439162,-0.4022370156996665,1.0877891682725502,5,0.5,1,1.0,0.25,0.5,0.5,2021-05,-0.13253566058210042,2022-05,0.36931023081670095,XRPUSDT,1.0000000000000002,1.0,low
next_close_clusterstress_ccapunlimited_scap1_symbol_order_alloc0.005,next_close,cluster_stress,unlimited,1,symbol_order,0.005,LTCUSDT,66,0,0.0,-0.4687135505650492,-0.7101720463106806,0.038172636483805006,0.5,-0.2343050050636064,-0.039271536696783294,-0.3421200378289857,-0.6850707593495152,-1.1114810039119059,9,0.5,1,1.0,0.25,0.5,0.5,2021-05,-0.2228290943825928,2021-04,,LTCUSDT,,0.0,low
next_close_clusterstress_ccapunlimited_scap1_symbol_order_alloc0.005,next_close,cluster_stress,unlimited,1,symbol_order,0.005,ADAUSDT,77,0,0.0,0.35395727376084335,0.4596847711179784,1.00089085324356,0.5714285714285714,0.17679240775210214,0.02991877178801783,-0.18349681310730892,-0.36715083600182585,0.6740460408075429,4,0.5,1,1.0,0.25,0.5,0.5,2020-03,-0.15479140888059462,2021-02,0.9552785365218865,ADAUSDT,1.0,1.0,low
next_close_clusterstress_ccapunlimited_scap1_symbol_order_alloc0.005,next_close,cluster_stress,unlimited,1,symbol_order,0.005,BTCUSDT,31,0,0.0,-0.0074875542131121395,-0.024153400687458512,0.7972743260750301,0.6451612903225806,-0.003825539107682463,-0.0006479294524019963,-0.15653908496531255,-0.31320468818002106,-0.02879258456731862,2,0.5,1,1.0,0.25,0.5,0.5,2020-03,-0.08919787745248486,2026-02,,BTCUSDT,,0.0,low
next_close_clusterstress_ccapunlimited_scap1_symbol_order_alloc0.005,next_close,cluster_stress,unlimited,1,symbol_order,0.005,ETHUSDT,59,0,0.0,0.30652153504604923,0.5195280255017783,0.18273202654946,0.5423728813559322,0.15307895266947202,0.025910018296171344,-0.16862085136666316,-0.3374425749051606,0.6234358371567692,4,0.5,1,1.0,0.25,0.5,0.5,2021-04,-0.05050360773900531,2020-03,0.5603058304465408,ETHUSDT,1.0,1.0,low
next_close_clusterstress_ccapunlimited_scap1_symbol_order_alloc0.005,next_close,cluster_stress,unlimited,1,symbol_order,0.005,BNBUSDT,58,0,0.0,0.829439534770765,1.4300681633978707,0.7270522774909199,0.5517241379310345,0.4151787756847991,0.07019654080056004,-0.1812313850056535,-0.36269232531927453,1.4800434150315738,6,0.5,1,1.0,0.25,0.5,0.5,2021-05,-0.1414714380704729,2020-03,0.45491522928140316,BNBUSDT,0.9999999999999999,1.0,low
next_close_clusterstress_ccapunlimited_scap1_symbol_order_alloc0.005,next_close,cluster_stress,unlimited,1,symbol_order,0.005,LINKUSDT,82,0,0.0,0.17787539501236282,0.21692121342971074,-0.27842274414659907,0.45121951219512196,0.08860392448484244,0.015001040242790253,-0.17818453341080787,-0.35654616395911565,0.3238543681599324,7,0.5,1,1.0,0.25,0.5,0.5,2020-03,-0.19951125368958822,2021-04,1.4487678118303404,LINKUSDT,1.0,1.0,low
next_close_clusterstress_ccapunlimited_scap1_symbol_order_alloc0.005,next_close,cluster_stress,unlimited,1,symbol_order,0.005,AVAXUSDT,79,0,0.0,0.7851146629055183,0.9938160289943271,0.9122964645917898,0.5949367088607594,0.3926497622193992,0.07544674381718686,-0.3658023854162029,-0.7324919515596676,1.0682924665278724,5,0.5,1,1.0,0.25,0.5,0.5,2021-05,-0.27349663603993823,2022-05,0.4856773413621486,AVAXUSDT,1.0000000000000002,1.0,low
next_close_clusterstress_ccapunlimited_scap1_symbol_order_alloc0.005,next_close,cluster_stress,unlimited,1,symbol_order,0.005,SOLUSDT,60,0,0.0,0.6620970239815909,1.1034950399693182,0.08911666404839996,0.5333333333333333,0.3310441624173599,0.06362549849274757,-0.20645580425453502,-0.41295223522708047,0.9971008470430438,3,0.5,1,1.0,0.25,0.5,0.5,2021-05,-0.11565974896574627,2021-04,0.32814139898168776,SOLUSDT,1.0,1.0,low
next_close_clusterstress_ccapunlimited_scap1_largest_drop_alloc0.005,next_close,cluster_stress,unlimited,1,largest_drop,0.005,XRPUSDT,76,0,0.0,0.5636213712268914,0.7416070674038044,0.46389564249318505,0.5789473684210527,0.28187081911896783,0.04712210841806286,-0.20095632066439162,-0.4022370156996665,1.0877891682725502,5,0.5,1,1.0,0.25,0.5,0.5,2021-05,-0.13253566058210042,2022-05,0.36931023081670095,XRPUSDT,1.0000000000000002,1.0,low
next_close_clusterstress_ccapunlimited_scap1_largest_drop_alloc0.005,next_close,cluster_stress,unlimited,1,largest_drop,0.005,LTCUSDT,66,0,0.0,-0.4687135505650492,-0.7101720463106806,0.038172636483805006,0.5,-0.2343050050636064,-0.039271536696783294,-0.3421200378289857,-0.6850707593495152,-1.1114810039119059,9,0.5,1,1.0,0.25,0.5,0.5,2021-05,-0.2228290943825928,2021-04,,LTCUSDT,,0.0,low
next_close_clusterstress_ccapunlimited_scap1_largest_drop_alloc0.005,next_close,cluster_stress,unlimited,1,largest_drop,0.005,ADAUSDT,77,0,0.0,0.35395727376084335,0.4596847711179784,1.00089085324356,0.5714285714285714,0.17679240775210214,0.02991877178801783,-0.18349681310730892,-0.36715083600182585,0.6740460408075429,4,0.5,1,1.0,0.25,0.5,0.5,2020-03,-0.15479140888059462,2021-02,0.9552785365218865,ADAUSDT,1.0,1.0,low
next_close_clusterstress_ccapunlimited_scap1_largest_drop_alloc0.005,next_close,cluster_stress,unlimited,1,largest_drop,0.005,BNBUSDT,58,0,0.0,0.829439534770765,1.4300681633978707,0.7270522774909199,0.5517241379310345,0.4151787756847991,0.07019654080056004,-0.1812313850056535,-0.36269232531927453,1.4800434150315738,6,0.5,1,1.0,0.25,0.5,0.5,2021-05,-0.1414714380704729,2020-03,0.45491522928140316,BNBUSDT,0.9999999999999999,1.0,low
next_close_clusterstress_ccapunlimited_scap1_largest_drop_alloc0.005,next_close,cluster_stress,unlimited,1,largest_drop,0.005,ETHUSDT,59,0,0.0,0.30652153504604923,0.5195280255017783,0.18273202654946,0.5423728813559322,0.15307895266947202,0.025910018296171344,-0.16862085136666316,-0.3374425749051606,0.6234358371567692,4,0.5,1,1.0,0.25,0.5,0.5,2021-04,-0.05050360773900531,2020-03,0.5603058304465408,ETHUSDT,1.0,1.0,low
next_close_clusterstress_ccapunlimited_scap1_largest_drop_alloc0.005,next_close,cluster_stress,unlimited,1,largest_drop,0.005,LINKUSDT,82,0,0.0,0.17787539501236282,0.21692121342971074,-0.27842274414659907,0.45121951219512196,0.08860392448484244,0.015001040242790253,-0.17818453341080787,-0.35654616395911565,0.3238543681599324,7,0.5,1,1.0,0.25,0.5,0.5,2020-03,-0.19951125368958822,2021-04,1.4487678118303404,LINKUSDT,1.0,1.0,low
next_close_clusterstress_ccapunlimited_scap1_largest_drop_alloc0.005,next_close,cluster_stress,unlimited,1,largest_drop,0.005,BTCUSDT,31,0,0.0,-0.0074875542131121395,-0.024153400687458512,0.7972743260750301,0.6451612903225806,-0.003825539107682463,-0.0006479294524019963,-0.15653908496531255,-0.31320468818002106,-0.02879258456731862,2,0.5,1,1.0,0.25,0.5,0.5,2020-03,-0.08919787745248486,2026-02,,BTCUSDT,,0.0,low
next_close_clusterstress_ccapunlimited_scap1_largest_drop_alloc0.005,next_close,cluster_stress,unlimited,1,largest_drop,0.005,AVAXUSDT,79,0,0.0,0.7851146629055183,0.9938160289943271,0.9122964645917898,0.5949367088607594,0.3926497622193992,0.07544674381718686,-0.3658023854162029,-0.7324919515596676,1.0682924665278724,5,0.5,1,1.0,0.25,0.5,0.5,2021-05,-0.27349663603993823,2022-05,0.4856773413621486,AVAXUSDT,1.0000000000000002,1.0,low
next_close_clusterstress_ccapunlimited_scap1_largest_drop_alloc0.005,next_close,cluster_stress,unlimited,1,largest_drop,0.005,SOLUSDT,60,0,0.0,0.6620970239815909,1.1034950399693182,0.08911666404839996,0.5333333333333333,0.3310441624173599,0.06362549849274757,-0.20645580425453502,-0.41295223522708047,0.9971008470430438,3,0.5,1,1.0,0.25,0.5,0.5,2021-05,-0.11565974896574627,2021-04,0.32814139898168776,SOLUSDT,1.0,1.0,low
next_close_clusterstress_ccapunlimited_scap1_liquidity_priority_alloc0.005,next_close,cluster_stress,unlimited,1,liquidity_priority,0.005,XRPUSDT,76,0,0.0,0.5636213712268914,0.7416070674038044,0.46389564249318505,0.5789473684210527,0.28187081911896783,0.04712210841806286,-0.20095632066439162,-0.4022370156996665,1.0877891682725502,5,0.5,1,1.0,0.25,0.5,0.5,2021-05,-0.13253566058210042,2022-05,0.36931023081670095,XRPUSDT,1.0000000000000002,1.0,low
next_close_clusterstress_ccapunlimited_scap1_liquidity_priority_alloc0.005,next_close,cluster_stress,unlimited,1,liquidity_priority,0.005,LTCUSDT,66,0,0.0,-0.4687135505650492,-0.7101720463106806,0.038172636483805006,0.5,-0.2343050050636064,-0.039271536696783294,-0.3421200378289857,-0.6850707593495152,-1.1114810039119059,9,0.5,1,1.0,0.25,0.5,0.5,2021-05,-0.2228290943825928,2021-04,,LTCUSDT,,0.0,low
next_close_clusterstress_ccapunlimited_scap1_liquidity_priority_alloc0.005,next_close,cluster_stress,unlimited,1,liquidity_priority,0.005,ADAUSDT,77,0,0.0,0.35395727376084335,0.4596847711179784,1.00089085324356,0.5714285714285714,0.17679240775210214,0.02991877178801783,-0.18349681310730892,-0.36715083600182585,0.6740460408075429,4,0.5,1,1.0,0.25,0.5,0.5,2020-03,-0.15479140888059462,2021-02,0.9552785365218865,ADAUSDT,1.0,1.0,low
next_close_clusterstress_ccapunlimited_scap1_liquidity_priority_alloc0.005,next_close,cluster_stress,unlimited,1,liquidity_priority,0.005,BTCUSDT,31,0,0.0,-0.0074875542131121395,-0.024153400687458512,0.7972743260750301,0.6451612903225806,-0.003825539107682463,-0.0006479294524019963,-0.15653908496531255,-0.31320468818002106,-0.02879258456731862,2,0.5,1,1.0,0.25,0.5,0.5,2020-03,-0.08919787745248486,2026-02,,BTCUSDT,,0.0,low
next_close_clusterstress_ccapunlimited_scap1_liquidity_priority_alloc0.005,next_close,cluster_stress,unlimited,1,liquidity_priority,0.005,ETHUSDT,59,0,0.0,0.30652153504604923,0.5195280255017783,0.18273202654946,0.5423728813559322,0.15307895266947202,0.025910018296171344,-0.16862085136666316,-0.3374425749051606,0.6234358371567692,4,0.5,1,1.0,0.25,0.5,0.5,2021-04,-0.05050360773900531,2020-03,0.5603058304465408,ETHUSDT,1.0,1.0,low
next_close_clusterstress_ccapunlimited_scap1_liquidity_priority_alloc0.005,next_close,cluster_stress,unlimited,1,liquidity_priority,0.005,BNBUSDT,58,0,0.0,0.829439534770765,1.4300681633978707,0.7270522774909199,0.5517241379310345,0.4151787756847991,0.07019654080056004,-0.1812313850056535,-0.36269232531927453,1.4800434150315738,6,0.5,1,1.0,0.25,0.5,0.5,2021-05,-0.1414714380704729,2020-03,0.45491522928140316,BNBUSDT,0.9999999999999999,1.0,low
next_close_clusterstress_ccapunlimited_scap1_liquidity_priority_alloc0.005,next_close,cluster_stress,unlimited,1,liquidity_priority,0.005,LINKUSDT,82,0,0.0,0.17787539501236282,0.21692121342971074,-0.27842274414659907,0.45121951219512196,0.08860392448484244,0.015001040242790253,-0.17818453341080787,-0.35654616395911565,0.3238543681599324,7,0.5,1,1.0,0.25,0.5,0.5,2020-03,-0.19951125368958822,2021-04,1.4487678118303404,LINKUSDT,1.0,1.0,low
next_close_clusterstress_ccapunlimited_scap1_liquidity_priority_alloc0.005,next_close,cluster_stress,unlimited,1,liquidity_priority,0.005,AVAXUSDT,79,0,0.0,0.7851146629055183,0.9938160289943271,0.9122964645917898,0.5949367088607594,0.3926497622193992,0.07544674381718686,-0.3658023854162029,-0.7324919515596676,1.0682924665278724,5,0.5,1,1.0,0.25,0.5,0.5,2021-05,-0.27349663603993823,2022-05,0.4856773413621486,AVAXUSDT,1.0000000000000002,1.0,low
next_close_clusterstress_ccapunlimited_scap1_liquidity_priority_alloc0.005,next_close,cluster_stress,unlimited,1,liquidity_priority,0.005,SOLUSDT,60,0,0.0,0.6620970239815909,1.1034950399693182,0.08911666404839996,0.5333333333333333,0.3310441624173599,0.06362549849274757,-0.20645580425453502,-0.41295223522708047,0.9971008470430438,3,0.5,1,1.0,0.25,0.5,0.5,2021-05,-0.11565974896574627,2021-04,0.32814139898168776,SOLUSDT,1.0,1.0,low
next_close_clusterstress_ccapunlimited_scap2_symbol_order_alloc0.005,next_close,cluster_stress,unlimited,2,symbol_order,0.005,XRPUSDT,100,0,0.0,1.7015863459486424,1.7015863459486424,1.0672477185158051,0.61,0.8538794646922421,0.14241038580342646,-0.09481655643098774,-0.18963311286198262,2.670168458415403,3,0.76,2,2.0,0.38,1.0,1.0,2020-03,-0.024286967710873686,2021-12,0.19815721091885102,XRPUSDT,1.0,1.0,low
next_close_clusterstress_ccapunlimited_scap2_symbol_order_alloc0.005,next_close,cluster_stress,unlimited,2,symbol_order,0.005,LTCUSDT,87,0,0.0,-0.10908056405778115,-0.12537995868710478,0.4204575458406901,0.5287356321839081,-0.054836230450405754,-0.009184152534835732,-0.26634012685615716,-0.5329601788023258,-0.21750562708495952,4,0.7758620689655172,2,2.0,0.3879310344827586,1.0,1.0,2020-03,-0.15779954846045774,2024-04,,LTCUSDT,,0.0,low
next_close_clusterstress_ccapunlimited_scap2_symbol_order_alloc0.005,next_close,cluster_stress,unlimited,2,symbol_order,0.005,ADAUSDT,101,0,0.0,1.1901307171566695,1.178347244709574,1.06334547961944,0.5742574257425742,0.5961033165158725,0.10070422990944294,-0.18837627237056065,-0.37694043059485993,1.566452016291828,4,0.7376237623762376,2,2.0,0.3688118811881188,1.0,1.0,2025-02,-0.18837627237054955,2025-10,0.3202337892359525,ADAUSDT,1.0,1.0,low
next_close_clusterstress_ccapunlimited_scap2_symbol_order_alloc0.005,next_close,cluster_stress,unlimited,2,symbol_order,0.005,BTCUSDT,38,0,0.0,0.0701319371436048,0.18455772932527578,0.609985045467205,0.6052631578947368,0.034973977704932935,0.0059225690228981165,-0.15720357475309532,-0.314512799049032,0.24725528179800002,3,0.6842105263157895,2,2.0,0.34210526315789475,1.0,1.0,2020-03,-0.07651781930996249,2021-05,1.4161693235254063,BTCUSDT,1.0000000000000009,1.0,low
next_close_clusterstress_ccapunlimited_scap2_symbol_order_alloc0.005,next_close,cluster_stress,unlimited,2,symbol_order,0.005,ETHUSDT,76,0,0.0,0.5878915794370133,0.773541551890807,0.39586949875697997,0.5657894736842105,0.29395165323709005,0.049724967638242745,-0.17056596591170647,-0.34129464869183435,1.0077161664584333,4,0.7368421052631579,2,2.0,0.3684210526315789,1.0,1.0,2021-04,-0.02715056906457125,2021-05,0.41392515814527575,ETHUSDT,1.0,1.0,low
next_close_clusterstress_ccapunlimited_scap2_symbol_order_alloc0.005,next_close,cluster_stress,unlimited,2,symbol_order,0.005,BNBUSDT,78,0,0.0,1.3002785029851813,1.6670237217758737,1.2793053667321648,0.6153846153846154,0.6516811176248583,0.11007557165438886,-0.2108540791538993,-0.4219209003073221,1.9558113786531235,5,0.8333333333333334,2,2.0,0.4166666666666667,1.0,1.0,2021-05,-0.06806337671557694,2021-02,0.2961516152070624,BNBUSDT,1.0000000000000002,1.0,low
next_close_clusterstress_ccapunlimited_scap2_symbol_order_alloc0.005,next_close,cluster_stress,unlimited,2,symbol_order,0.005,LINKUSDT,110,0,0.0,1.634449885750466,1.4858635325004235,0.13197222266173497,0.5,0.8196242678308874,0.13834691673304533,-0.2720458488572941,-0.5445986876499176,1.905407494397195,6,0.8090909090909091,2,2.0,0.40454545454545454,1.0,1.0,2020-03,-0.09847390623247687,2021-04,0.22767233829169295,LINKUSDT,0.9999999999999999,1.0,low
next_close_clusterstress_ccapunlimited_scap2_symbol_order_alloc0.005,next_close,cluster_stress,unlimited,2,symbol_order,0.005,AVAXUSDT,107,0,0.0,1.6996597872325436,1.588467090871536,1.61783999440051,0.6261682242990654,0.8524913528137557,0.16350189131955073,-0.45943161961422563,-0.9203887883806108,1.9741135454715453,5,0.8177570093457944,2,2.0,0.4088785046728972,1.0,1.0,2021-05,-0.33726772974762564,2022-05,0.4841177940875001,AVAXUSDT,1.0,1.0,low
next_close_clusterstress_ccapunlimited_scap2_symbol_order_alloc0.005,next_close,cluster_stress,unlimited,2,symbol_order,0.005,SOLUSDT,84,0,0.0,1.401712983440031,1.6687059326667038,0.496443160202795,0.5595238095238095,0.7024188847553514,0.13480093260804793,-0.24177297790887176,-0.4837211002549823,1.6759934807218269,4,0.8333333333333334,2,2.0,0.4166666666666667,1.0,1.0,2021-06,-0.09090119137855623,2024-08,0.26838349461173483,SOLUSDT,0.9999999999999999,1.0,low
next_close_clusterstress_ccapunlimited_scap2_largest_drop_alloc0.005,next_close,cluster_stress,unlimited,2,largest_drop,0.005,XRPUSDT,100,0,0.0,1.7015863459486424,1.7015863459486424,1.0672477185158051,0.61,0.8538794646922421,0.14241038580342646,-0.09481655643098774,-0.18963311286198262,2.670168458415403,3,0.76,2,2.0,0.38,1.0,1.0,2020-03,-0.024286967710873686,2021-12,0.19815721091885102,XRPUSDT,1.0,1.0,low
next_close_clusterstress_ccapunlimited_scap2_largest_drop_alloc0.005,next_close,cluster_stress,unlimited,2,largest_drop,0.005,LTCUSDT,87,0,0.0,-0.10908056405778115,-0.12537995868710478,0.4204575458406901,0.5287356321839081,-0.054836230450405754,-0.009184152534835732,-0.26634012685615716,-0.5329601788023258,-0.21750562708495952,4,0.7758620689655172,2,2.0,0.3879310344827586,1.0,1.0,2020-03,-0.15779954846045774,2024-04,,LTCUSDT,,0.0,low
next_close_clusterstress_ccapunlimited_scap2_largest_drop_alloc0.005,next_close,cluster_stress,unlimited,2,largest_drop,0.005,ADAUSDT,101,0,0.0,1.1901307171566695,1.178347244709574,1.06334547961944,0.5742574257425742,0.5961033165158725,0.10070422990944294,-0.18837627237056065,-0.37694043059485993,1.566452016291828,4,0.7376237623762376,2,2.0,0.3688118811881188,1.0,1.0,2025-02,-0.18837627237054955,2025-10,0.3202337892359525,ADAUSDT,1.0,1.0,low
next_close_clusterstress_ccapunlimited_scap2_largest_drop_alloc0.005,next_close,cluster_stress,unlimited,2,largest_drop,0.005,BNBUSDT,78,0,0.0,1.3002785029851813,1.6670237217758737,1.2793053667321648,0.6153846153846154,0.6516811176248583,0.11007557165438886,-0.2108540791538993,-0.4219209003073221,1.9558113786531235,5,0.8333333333333334,2,2.0,0.4166666666666667,1.0,1.0,2021-05,-0.06806337671557694,2021-02,0.2961516152070624,BNBUSDT,1.0000000000000002,1.0,low
next_close_clusterstress_ccapunlimited_scap2_largest_drop_alloc0.005,next_close,cluster_stress,unlimited,2,largest_drop,0.005,ETHUSDT,76,0,0.0,0.5878915794370133,0.773541551890807,0.39586949875697997,0.5657894736842105,0.29395165323709005,0.049724967638242745,-0.17056596591170647,-0.34129464869183435,1.0077161664584333,4,0.7368421052631579,2,2.0,0.3684210526315789,1.0,1.0,2021-04,-0.02715056906457125,2021-05,0.41392515814527575,ETHUSDT,1.0,1.0,low
next_close_clusterstress_ccapunlimited_scap2_largest_drop_alloc0.005,next_close,cluster_stress,unlimited,2,largest_drop,0.005,LINKUSDT,110,0,0.0,1.634449885750466,1.4858635325004235,0.13197222266173497,0.5,0.8196242678308874,0.13834691673304533,-0.2720458488572941,-0.5445986876499176,1.905407494397195,6,0.8090909090909091,2,2.0,0.40454545454545454,1.0,1.0,2020-03,-0.09847390623247687,2021-04,0.22767233829169295,LINKUSDT,0.9999999999999999,1.0,low
next_close_clusterstress_ccapunlimited_scap2_largest_drop_alloc0.005,next_close,cluster_stress,unlimited,2,largest_drop,0.005,BTCUSDT,38,0,0.0,0.0701319371436048,0.18455772932527578,0.609985045467205,0.6052631578947368,0.034973977704932935,0.0059225690228981165,-0.15720357475309532,-0.314512799049032,0.24725528179800002,3,0.6842105263157895,2,2.0,0.34210526315789475,1.0,1.0,2020-03,-0.07651781930996249,2021-05,1.4161693235254063,BTCUSDT,1.0000000000000009,1.0,low
next_close_clusterstress_ccapunlimited_scap2_largest_drop_alloc0.005,next_close,cluster_stress,unlimited,2,largest_drop,0.005,AVAXUSDT,107,0,0.0,1.6996597872325436,1.588467090871536,1.61783999440051,0.6261682242990654,0.8524913528137557,0.16350189131955073,-0.45943161961422563,-0.9203887883806108,1.9741135454715453,5,0.8177570093457944,2,2.0,0.4088785046728972,1.0,1.0,2021-05,-0.33726772974762564,2022-05,0.4841177940875001,AVAXUSDT,1.0,1.0,low
next_close_clusterstress_ccapunlimited_scap2_largest_drop_alloc0.005,next_close,cluster_stress,unlimited,2,largest_drop,0.005,SOLUSDT,84,0,0.0,1.401712983440031,1.6687059326667038,0.496443160202795,0.5595238095238095,0.7024188847553514,0.13480093260804793,-0.24177297790887176,-0.4837211002549823,1.6759934807218269,4,0.8333333333333334,2,2.0,0.4166666666666667,1.0,1.0,2021-06,-0.09090119137855623,2024-08,0.26838349461173483,SOLUSDT,0.9999999999999999,1.0,low
next_close_clusterstress_ccapunlimited_scap2_liquidity_priority_alloc0.005,next_close,cluster_stress,unlimited,2,liquidity_priority,0.005,XRPUSDT,100,0,0.0,1.7015863459486424,1.7015863459486424,1.0672477185158051,0.61,0.8538794646922421,0.14241038580342646,-0.09481655643098774,-0.18963311286198262,2.670168458415403,3,0.76,2,2.0,0.38,1.0,1.0,2020-03,-0.024286967710873686,2021-12,0.19815721091885102,XRPUSDT,1.0,1.0,low
next_close_clusterstress_ccapunlimited_scap2_liquidity_priority_alloc0.005,next_close,cluster_stress,unlimited,2,liquidity_priority,0.005,LTCUSDT,87,0,0.0,-0.10908056405778115,-0.12537995868710478,0.4204575458406901,0.5287356321839081,-0.054836230450405754,-0.009184152534835732,-0.26634012685615716,-0.5329601788023258,-0.21750562708495952,4,0.7758620689655172,2,2.0,0.3879310344827586,1.0,1.0,2020-03,-0.15779954846045774,2024-04,,LTCUSDT,,0.0,low
next_close_clusterstress_ccapunlimited_scap2_liquidity_priority_alloc0.005,next_close,cluster_stress,unlimited,2,liquidity_priority,0.005,ADAUSDT,101,0,0.0,1.1901307171566695,1.178347244709574,1.06334547961944,0.5742574257425742,0.5961033165158725,0.10070422990944294,-0.18837627237056065,-0.37694043059485993,1.566452016291828,4,0.7376237623762376,2,2.0,0.3688118811881188,1.0,1.0,2025-02,-0.18837627237054955,2025-10,0.3202337892359525,ADAUSDT,1.0,1.0,low
next_close_clusterstress_ccapunlimited_scap2_liquidity_priority_alloc0.005,next_close,cluster_stress,unlimited,2,liquidity_priority,0.005,BTCUSDT,38,0,0.0,0.0701319371436048,0.18455772932527578,0.609985045467205,0.6052631578947368,0.034973977704932935,0.0059225690228981165,-0.15720357475309532,-0.314512799049032,0.24725528179800002,3,0.6842105263157895,2,2.0,0.34210526315789475,1.0,1.0,2020-03,-0.07651781930996249,2021-05,1.4161693235254063,BTCUSDT,1.0000000000000009,1.0,low
next_close_clusterstress_ccapunlimited_scap2_liquidity_priority_alloc0.005,next_close,cluster_stress,unlimited,2,liquidity_priority,0.005,ETHUSDT,76,0,0.0,0.5878915794370133,0.773541551890807,0.39586949875697997,0.5657894736842105,0.29395165323709005,0.049724967638242745,-0.17056596591170647,-0.34129464869183435,1.0077161664584333,4,0.7368421052631579,2,2.0,0.3684210526315789,1.0,1.0,2021-04,-0.02715056906457125,2021-05,0.41392515814527575,ETHUSDT,1.0,1.0,low
next_close_clusterstress_ccapunlimited_scap2_liquidity_priority_alloc0.005,next_close,cluster_stress,unlimited,2,liquidity_priority,0.005,BNBUSDT,78,0,0.0,1.3002785029851813,1.6670237217758737,1.2793053667321648,0.6153846153846154,0.6516811176248583,0.11007557165438886,-0.2108540791538993,-0.4219209003073221,1.9558113786531235,5,0.8333333333333334,2,2.0,0.4166666666666667,1.0,1.0,2021-05,-0.06806337671557694,2021-02,0.2961516152070624,BNBUSDT,1.0000000000000002,1.0,low
next_close_clusterstress_ccapunlimited_scap2_liquidity_priority_alloc0.005,next_close,cluster_stress,unlimited,2,liquidity_priority,0.005,LINKUSDT,110,0,0.0,1.634449885750466,1.4858635325004235,0.13197222266173497,0.5,0.8196242678308874,0.13834691673304533,-0.2720458488572941,-0.5445986876499176,1.905407494397195,6,0.8090909090909091,2,2.0,0.40454545454545454,1.0,1.0,2020-03,-0.09847390623247687,2021-04,0.22767233829169295,LINKUSDT,0.9999999999999999,1.0,low
next_close_clusterstress_ccapunlimited_scap2_liquidity_priority_alloc0.005,next_close,cluster_stress,unlimited,2,liquidity_priority,0.005,AVAXUSDT,107,0,0.0,1.6996597872325436,1.588467090871536,1.61783999440051,0.6261682242990654,0.8524913528137557,0.16350189131955073,-0.45943161961422563,-0.9203887883806108,1.9741135454715453,5,0.8177570093457944,2,2.0,0.4088785046728972,1.0,1.0,2021-05,-0.33726772974762564,2022-05,0.4841177940875001,AVAXUSDT,1.0,1.0,low
next_close_clusterstress_ccapunlimited_scap2_liquidity_priority_alloc0.005,next_close,cluster_stress,unlimited,2,liquidity_priority,0.005,SOLUSDT,84,0,0.0,1.401712983440031,1.6687059326667038,0.496443160202795,0.5595238095238095,0.7024188847553514,0.13480093260804793,-0.24177297790887176,-0.4837211002549823,1.6759934807218269,4,0.8333333333333334,2,2.0,0.4166666666666667,1.0,1.0,2021-06,-0.09090119137855623,2024-08,0.26838349461173483,SOLUSDT,0.9999999999999999,1.0,low
next_close_clusterstress_ccapunlimited_scapunlimited_symbol_order_alloc0.005,next_close,cluster_stress,unlimited,unlimited,symbol_order,0.005,XRPUSDT,116,0,0.0,3.129367013013109,2.6977301836319905,2.4573560049546597,0.6379310344827587,1.5760684014766158,0.2620758824777747,-0.12563467993268462,-0.25132381222200617,3.8926482334141643,3,1.1551724137931034,5,4.0,0.5775862068965517,2.5,2.0,2021-06,-0.01942535873408202,2021-05,0.23465484644539408,XRPUSDT,1.0,1.0,low
next_close_clusterstress_ccapunlimited_scapunlimited_symbol_order_alloc0.005,next_close,cluster_stress,unlimited,unlimited,symbol_order,0.005,LTCUSDT,107,0,0.0,1.15850182324847,1.0827119843443647,0.7318868877822802,0.5794392523364486,0.580318150220771,0.09693749531176632,-0.1287063769271235,-0.2574700420963212,1.6718691052327992,4,1.2102803738317758,5,3.0,0.6051401869158879,2.5,1.5,2025-02,-0.06120333656156607,2021-05,0.6177366452784224,LTCUSDT,1.0,1.0,low
next_close_clusterstress_ccapunlimited_scapunlimited_symbol_order_alloc0.005,next_close,cluster_stress,unlimited,unlimited,symbol_order,0.005,ADAUSDT,129,0,0.0,4.1365850123777665,3.2066550483548575,1.8120648865694695,0.627906976744186,2.0880271654102334,0.3505903895776097,-0.178681352244614,-0.3575158822974367,3.640526337638949,5,1.3682170542635659,6,4.0,0.6841085271317829,3.0,2.0,2025-02,-0.15869152402447906,2021-05,0.4049598953745451,ADAUSDT,1.0,1.0,low
next_close_clusterstress_ccapunlimited_scapunlimited_symbol_order_alloc0.005,next_close,cluster_stress,unlimited,unlimited,symbol_order,0.005,BTCUSDT,48,0,0.0,1.0576398771535584,2.20341641073658,0.9879658390010799,0.6666666666666666,0.5298682445077363,0.08954521396846715,-0.1089384683201633,-0.21790760126296593,2.063269912812872,2,1.3541666666666667,6,4.0,0.6770833333333334,3.0,2.0,2021-01,-0.045533950996135,2020-03,0.5228423864447089,BTCUSDT,1.0,1.0,low
next_close_clusterstress_ccapunlimited_scapunlimited_symbol_order_alloc0.005,next_close,cluster_stress,unlimited,unlimited,symbol_order,0.005,ETHUSDT,97,0,0.0,1.6949759154351067,1.7473978509640276,0.7983442221479101,0.5979381443298969,0.8503492448032723,0.14351488839410287,-0.1586155508457754,-0.3173565546502384,2.2578415076533607,5,1.3453608247422681,5,4.0,0.6726804123711341,2.5,2.0,2021-01,-0.052154573869722665,2021-05,0.4857171139019269,ETHUSDT,1.0,1.0,low
next_close_clusterstress_ccapunlimited_scapunlimited_symbol_order_alloc0.005,next_close,cluster_stress,unlimited,unlimited,symbol_order,0.005,BNBUSDT,96,0,0.0,2.5451154623183836,2.651161939914983,1.6845909592840498,0.6458333333333334,1.27975519319512,0.21560488100844655,-0.27361395183425063,-0.5477161316830883,3.0918289724931918,5,1.375,6,4.0,0.6875,3.0,2.0,2021-01,-0.036938465897118355,2020-03,0.3152366786151941,BNBUSDT,0.9999999999999998,1.0,low
next_close_clusterstress_ccapunlimited_scapunlimited_symbol_order_alloc0.005,next_close,cluster_stress,unlimited,unlimited,symbol_order,0.005,LINKUSDT,143,0,0.0,3.5943974758714328,2.5135646684415613,1.2648808403262501,0.5664335664335665,1.8119719818626479,0.30460357337376287,-0.23648670940829009,-0.47331182479572687,3.4658176198413293,6,1.479020979020979,7,4.0,0.7395104895104895,3.5000000000000004,2.0,2025-02,-0.07270107148116267,2020-03,0.23080186529350433,LINKUSDT,0.9999999999999999,1.0,low
next_close_clusterstress_ccapunlimited_scapunlimited_symbol_order_alloc0.005,next_close,cluster_stress,unlimited,unlimited,symbol_order,0.005,AVAXUSDT,131,0,0.0,3.6390884957516447,2.7779301494287365,2.20495056705126,0.6641221374045801,1.8347565072513117,0.35051538511194913,-0.29398024162277103,-0.5883597178530212,3.5682276444571905,5,1.2557251908396947,5,3.0,0.6278625954198473,2.5,1.5,2025-02,-0.15033047743944206,2022-05,0.28572990072407634,AVAXUSDT,1.0,1.0,low
next_close_clusterstress_ccapunlimited_scapunlimited_symbol_order_alloc0.005,next_close,cluster_stress,unlimited,unlimited,symbol_order,0.005,SOLUSDT,99,0,0.0,2.802778735614377,2.831089631933714,1.5152585828518097,0.5757575757575758,1.4097565185948513,0.26978069071004196,-0.1903120153930793,-0.3807970662860254,2.654837777240639,4,1.2272727272727273,5,3.1499999999999773,0.6136363636363636,2.5,1.5749999999999886,2021-06,-0.09090119137855623,2021-05,0.38824532578071014,SOLUSDT,1.0000000000000002,1.0,low
next_close_clusterstress_ccapunlimited_scapunlimited_largest_drop_alloc0.005,next_close,cluster_stress,unlimited,unlimited,largest_drop,0.005,XRPUSDT,116,0,0.0,3.129367013013109,2.6977301836319905,2.4573560049546597,0.6379310344827587,1.5760684014766158,0.2620758824777747,-0.12563467993268462,-0.25132381222200617,3.8926482334141643,3,1.1551724137931034,5,4.0,0.5775862068965517,2.5,2.0,2021-06,-0.01942535873408202,2021-05,0.23465484644539408,XRPUSDT,1.0,1.0,low
next_close_clusterstress_ccapunlimited_scapunlimited_largest_drop_alloc0.005,next_close,cluster_stress,unlimited,unlimited,largest_drop,0.005,LTCUSDT,107,0,0.0,1.15850182324847,1.0827119843443647,0.7318868877822802,0.5794392523364486,0.580318150220771,0.09693749531176632,-0.1287063769271235,-0.2574700420963212,1.6718691052327992,4,1.2102803738317758,5,3.0,0.6051401869158879,2.5,1.5,2025-02,-0.06120333656156607,2021-05,0.6177366452784224,LTCUSDT,1.0,1.0,low
next_close_clusterstress_ccapunlimited_scapunlimited_largest_drop_alloc0.005,next_close,cluster_stress,unlimited,unlimited,largest_drop,0.005,ADAUSDT,129,0,0.0,4.1365850123777665,3.2066550483548575,1.8120648865694695,0.627906976744186,2.0880271654102334,0.3505903895776097,-0.178681352244614,-0.3575158822974367,3.640526337638949,5,1.3682170542635659,6,4.0,0.6841085271317829,3.0,2.0,2025-02,-0.15869152402447906,2021-05,0.4049598953745451,ADAUSDT,1.0,1.0,low
next_close_clusterstress_ccapunlimited_scapunlimited_largest_drop_alloc0.005,next_close,cluster_stress,unlimited,unlimited,largest_drop,0.005,BNBUSDT,96,0,0.0,2.5451154623183836,2.651161939914983,1.6845909592840498,0.6458333333333334,1.27975519319512,0.21560488100844655,-0.27361395183425063,-0.5477161316830883,3.0918289724931918,5,1.375,6,4.0,0.6875,3.0,2.0,2021-01,-0.036938465897118355,2020-03,0.3152366786151941,BNBUSDT,0.9999999999999998,1.0,low
next_close_clusterstress_ccapunlimited_scapunlimited_largest_drop_alloc0.005,next_close,cluster_stress,unlimited,unlimited,largest_drop,0.005,ETHUSDT,97,0,0.0,1.6949759154351067,1.7473978509640276,0.7983442221479101,0.5979381443298969,0.8503492448032723,0.14351488839410287,-0.1586155508457754,-0.3173565546502384,2.2578415076533607,5,1.3453608247422681,5,4.0,0.6726804123711341,2.5,2.0,2021-01,-0.052154573869722665,2021-05,0.4857171139019269,ETHUSDT,1.0,1.0,low
next_close_clusterstress_ccapunlimited_scapunlimited_largest_drop_alloc0.005,next_close,cluster_stress,unlimited,unlimited,largest_drop,0.005,LINKUSDT,143,0,0.0,3.5943974758714328,2.5135646684415613,1.2648808403262501,0.5664335664335665,1.8119719818626479,0.30460357337376287,-0.23648670940829009,-0.47331182479572687,3.4658176198413293,6,1.479020979020979,7,4.0,0.7395104895104895,3.5000000000000004,2.0,2025-02,-0.07270107148116267,2020-03,0.23080186529350433,LINKUSDT,0.9999999999999999,1.0,low
next_close_clusterstress_ccapunlimited_scapunlimited_largest_drop_alloc0.005,next_close,cluster_stress,unlimited,unlimited,largest_drop,0.005,BTCUSDT,48,0,0.0,1.0576398771535584,2.20341641073658,0.9879658390010799,0.6666666666666666,0.5298682445077363,0.08954521396846715,-0.1089384683201633,-0.21790760126296593,2.063269912812872,2,1.3541666666666667,6,4.0,0.6770833333333334,3.0,2.0,2021-01,-0.045533950996135,2020-03,0.5228423864447089,BTCUSDT,1.0,1.0,low
next_close_clusterstress_ccapunlimited_scapunlimited_largest_drop_alloc0.005,next_close,cluster_stress,unlimited,unlimited,largest_drop,0.005,AVAXUSDT,131,0,0.0,3.6390884957516447,2.7779301494287365,2.20495056705126,0.6641221374045801,1.8347565072513117,0.35051538511194913,-0.29398024162277103,-0.5883597178530212,3.5682276444571905,5,1.2557251908396947,5,3.0,0.6278625954198473,2.5,1.5,2025-02,-0.15033047743944206,2022-05,0.28572990072407634,AVAXUSDT,1.0,1.0,low
next_close_clusterstress_ccapunlimited_scapunlimited_largest_drop_alloc0.005,next_close,cluster_stress,unlimited,unlimited,largest_drop,0.005,SOLUSDT,99,0,0.0,2.802778735614377,2.831089631933714,1.5152585828518097,0.5757575757575758,1.4097565185948513,0.26978069071004196,-0.1903120153930793,-0.3807970662860254,2.654837777240639,4,1.2272727272727273,5,3.1499999999999773,0.6136363636363636,2.5,1.5749999999999886,2021-06,-0.09090119137855623,2021-05,0.38824532578071014,SOLUSDT,1.0000000000000002,1.0,low
next_close_clusterstress_ccapunlimited_scapunlimited_liquidity_priority_alloc0.005,next_close,cluster_stress,unlimited,unlimited,liquidity_priority,0.005,XRPUSDT,116,0,0.0,3.129367013013109,2.6977301836319905,2.4573560049546597,0.6379310344827587,1.5760684014766158,0.2620758824777747,-0.12563467993268462,-0.25132381222200617,3.8926482334141643,3,1.1551724137931034,5,4.0,0.5775862068965517,2.5,2.0,2021-06,-0.01942535873408202,2021-05,0.23465484644539408,XRPUSDT,1.0,1.0,low
next_close_clusterstress_ccapunlimited_scapunlimited_liquidity_priority_alloc0.005,next_close,cluster_stress,unlimited,unlimited,liquidity_priority,0.005,LTCUSDT,107,0,0.0,1.15850182324847,1.0827119843443647,0.7318868877822802,0.5794392523364486,0.580318150220771,0.09693749531176632,-0.1287063769271235,-0.2574700420963212,1.6718691052327992,4,1.2102803738317758,5,3.0,0.6051401869158879,2.5,1.5,2025-02,-0.06120333656156607,2021-05,0.6177366452784224,LTCUSDT,1.0,1.0,low
next_close_clusterstress_ccapunlimited_scapunlimited_liquidity_priority_alloc0.005,next_close,cluster_stress,unlimited,unlimited,liquidity_priority,0.005,ADAUSDT,129,0,0.0,4.1365850123777665,3.2066550483548575,1.8120648865694695,0.627906976744186,2.0880271654102334,0.3505903895776097,-0.178681352244614,-0.3575158822974367,3.640526337638949,5,1.3682170542635659,6,4.0,0.6841085271317829,3.0,2.0,2025-02,-0.15869152402447906,2021-05,0.4049598953745451,ADAUSDT,1.0,1.0,low
next_close_clusterstress_ccapunlimited_scapunlimited_liquidity_priority_alloc0.005,next_close,cluster_stress,unlimited,unlimited,liquidity_priority,0.005,BTCUSDT,48,0,0.0,1.0576398771535584,2.20341641073658,0.9879658390010799,0.6666666666666666,0.5298682445077363,0.08954521396846715,-0.1089384683201633,-0.21790760126296593,2.063269912812872,2,1.3541666666666667,6,4.0,0.6770833333333334,3.0,2.0,2021-01,-0.045533950996135,2020-03,0.5228423864447089,BTCUSDT,1.0,1.0,low
next_close_clusterstress_ccapunlimited_scapunlimited_liquidity_priority_alloc0.005,next_close,cluster_stress,unlimited,unlimited,liquidity_priority,0.005,ETHUSDT,97,0,0.0,1.6949759154351067,1.7473978509640276,0.7983442221479101,0.5979381443298969,0.8503492448032723,0.14351488839410287,-0.1586155508457754,-0.3173565546502384,2.2578415076533607,5,1.3453608247422681,5,4.0,0.6726804123711341,2.5,2.0,2021-01,-0.052154573869722665,2021-05,0.4857171139019269,ETHUSDT,1.0,1.0,low
next_close_clusterstress_ccapunlimited_scapunlimited_liquidity_priority_alloc0.005,next_close,cluster_stress,unlimited,unlimited,liquidity_priority,0.005,BNBUSDT,96,0,0.0,2.5451154623183836,2.651161939914983,1.6845909592840498,0.6458333333333334,1.27975519319512,0.21560488100844655,-0.27361395183425063,-0.5477161316830883,3.0918289724931918,5,1.375,6,4.0,0.6875,3.0,2.0,2021-01,-0.036938465897118355,2020-03,0.3152366786151941,BNBUSDT,0.9999999999999998,1.0,low
next_close_clusterstress_ccapunlimited_scapunlimited_liquidity_priority_alloc0.005,next_close,cluster_stress,unlimited,unlimited,liquidity_priority,0.005,LINKUSDT,143,0,0.0,3.5943974758714328,2.5135646684415613,1.2648808403262501,0.5664335664335665,1.8119719818626479,0.30460357337376287,-0.23648670940829009,-0.47331182479572687,3.4658176198413293,6,1.479020979020979,7,4.0,0.7395104895104895,3.5000000000000004,2.0,2025-02,-0.07270107148116267,2020-03,0.23080186529350433,LINKUSDT,0.9999999999999999,1.0,low
next_close_clusterstress_ccapunlimited_scapunlimited_liquidity_priority_alloc0.005,next_close,cluster_stress,unlimited,unlimited,liquidity_priority,0.005,AVAXUSDT,131,0,0.0,3.6390884957516447,2.7779301494287365,2.20495056705126,0.6641221374045801,1.8347565072513117,0.35051538511194913,-0.29398024162277103,-0.5883597178530212,3.5682276444571905,5,1.2557251908396947,5,3.0,0.6278625954198473,2.5,1.5,2025-02,-0.15033047743944206,2022-05,0.28572990072407634,AVAXUSDT,1.0,1.0,low
next_close_clusterstress_ccapunlimited_scapunlimited_liquidity_priority_alloc0.005,next_close,cluster_stress,unlimited,unlimited,liquidity_priority,0.005,SOLUSDT,99,0,0.0,2.802778735614377,2.831089631933714,1.5152585828518097,0.5757575757575758,1.4097565185948513,0.26978069071004196,-0.1903120153930793,-0.3807970662860254,2.654837777240639,4,1.2272727272727273,5,3.1499999999999773,0.6136363636363636,2.5,1.5749999999999886,2021-06,-0.09090119137855623,2021-05,0.38824532578071014,SOLUSDT,1.0000000000000002,1.0,low
next_close_base_ccap5_scap1_symbol_order_alloc0.01,next_close,base,5,1,symbol_order,0.01,XRPUSDT,69,0,0.0,0.8356735201592034,1.2111210437089903,1.18985295617498,0.6376811594202898,0.837965485768577,0.13976544235367871,-0.20101832803191,-0.20104569399122313,1.7306250882204437,4,0.5,1,1.0,0.5,1.0,1.0,2020-03,-0.15207786468813822,2022-05,0.2021931204677373,XRPUSDT,1.0,1.0,low
next_close_base_ccap5_scap1_symbol_order_alloc0.01,next_close,base,5,1,symbol_order,0.01,LTCUSDT,28,0,0.0,0.00025143183760658987,0.0008979708485949637,0.885234129337675,0.6071428571428571,5.649529730700209e-05,9.490038510584498e-06,-0.21771854983007044,-0.2178722924607187,0.0012505519763094837,2,0.5,1,1.0,0.5,1.0,1.0,2022-05,-0.08900855618083625,2025-03,1373.120327371347,LTCUSDT,1.0000000000001104,1.0,low
next_close_base_ccap5_scap1_symbol_order_alloc0.01,next_close,base,5,1,symbol_order,0.01,ADAUSDT,68,0,0.0,0.45818739082500504,0.6738049865073603,1.107805015113455,0.5735294117647058,0.45799901513183805,0.07760792457092158,-0.290633780172056,-0.290748262740321,0.9214579430296105,4,0.5,1,1.0,0.5,1.0,1.0,2020-03,-0.2939021359403826,2021-02,0.6932662493508357,ADAUSDT,0.9999999999999999,1.0,low
next_close_base_ccap5_scap1_symbol_order_alloc0.01,next_close,base,5,1,symbol_order,0.01,BTCUSDT,27,0,0.0,0.00021841712795622747,0.0008089523257638055,0.77229348382789,0.6296296296296297,-9.715273538990488e-05,-1.6454450502134677e-05,-0.28343854234884613,-0.2836136276467901,0.0008534153549784578,2,0.5,1,1.0,0.5,1.0,1.0,2020-03,-0.16434223977688234,2026-02,,BTCUSDT,0.9999999999999047,1.0,low
next_close_base_ccap5_scap1_symbol_order_alloc0.01,next_close,base,5,1,symbol_order,0.01,ETHUSDT,54,0,0.0,0.34684094000775656,0.642298037051401,0.464739824989055,0.5555555555555556,0.3462756254730692,0.058563414552326165,-0.28419575730523894,-0.2844493297895589,0.7153035429560096,4,0.5,1,1.0,0.5,1.0,1.0,2021-04,-0.09580592224520679,2020-03,0.537322565183283,ETHUSDT,1.0000000000000002,1.0,low
next_close_base_ccap5_scap1_symbol_order_alloc0.01,next_close,base,5,1,symbol_order,0.01,BNBUSDT,52,0,0.0,0.8878960541655887,1.7074924118569015,1.05810694508869,0.5576923076923077,0.8903355004949765,0.15023865816983228,-0.2978847376050253,-0.2981577742846728,1.6464383897754888,6,0.5,1,1.0,0.5,1.0,1.0,2021-05,-0.2702219729473265,2020-03,0.44295906682663877,BNBUSDT,0.9999999999999998,1.0,low
next_close_base_ccap5_scap1_symbol_order_alloc0.01,next_close,base,5,1,symbol_order,0.01,LINKUSDT,56,0,0.0,0.3687885538341512,0.6585509889895558,0.138573347880685,0.5178571428571429,0.36881361411202906,0.06238979963566482,-0.2394642483496967,-0.2396604313202773,1.020428331366292,5,0.5,1,1.0,0.5,1.0,1.0,2025-02,-0.1315060418973335,2021-04,0.7320064487968152,LINKUSDT,1.0,1.0,low
next_close_base_ccap5_scap1_symbol_order_alloc0.01,next_close,base,5,1,symbol_order,0.01,AVAXUSDT,71,0,0.0,0.7562171847963352,1.0650946264737116,1.01561063306853,0.6056338028169014,0.7565628240201239,0.14517128406206226,-0.7030864745727339,-0.7047477345098231,1.070261434526927,5,0.5,1,1.0,0.5,1.0,1.0,2021-05,-0.5043434236673194,2022-05,0.5314631095343701,AVAXUSDT,1.0000000000000002,1.0,low
next_close_base_ccap5_scap1_symbol_order_alloc0.01,next_close,base,5,1,symbol_order,0.01,SOLUSDT,55,0,0.0,0.5612711005761927,1.0204929101385323,0.27402105279571004,0.5454545454545454,0.5607621395783857,0.10767690303099542,-0.3478949457506153,-0.34773398666610494,0.8692318001444431,3,0.5,1,1.0,0.5,1.0,1.0,2021-06,-0.17656658969875672,2021-02,0.3543670373395883,SOLUSDT,1.0000000000000002,1.0,low
next_close_base_ccap5_scap1_largest_drop_alloc0.01,next_close,base,5,1,largest_drop,0.01,XRPUSDT,62,0,0.0,0.13177752578135934,0.21254439642154735,0.64139936381586,0.5967741935483871,0.13085609311129787,0.02189133425707368,-0.3720273116117667,-0.37257355620002874,0.2914915584836621,5,0.5,1,1.0,0.5,1.0,1.0,2021-05,-0.23515473911833729,2020-12,1.2564222979702067,XRPUSDT,0.999999999999999,1.0,low
next_close_base_ccap5_scap1_largest_drop_alloc0.01,next_close,base,5,1,largest_drop,0.01,LTCUSDT,55,0,0.0,0.6268294984748857,1.1396899972270649,1.10273201410641,0.6181818181818182,0.6279215571795671,0.10486858041391933,-0.11971949570986906,-0.11974887193876699,1.5189233815773484,3,0.5,1,1.0,0.5,1.0,1.0,2025-02,-0.11583545473227153,2020-03,0.32576342435439376,LTCUSDT,0.9999999999999998,1.0,low
next_close_base_ccap5_scap1_largest_drop_alloc0.01,next_close,base,5,1,largest_drop,0.01,ADAUSDT,66,0,0.0,1.0771160672566662,1.631994041297979,1.3949667771046999,0.5909090909090909,1.0814068099947116,0.1823248180754078,-0.22771880302697722,-0.22775240062049318,2.000447961258986,3,0.5,1,1.0,0.5,1.0,1.0,2025-02,-0.22771880302697722,2021-02,0.2567476825043372,ADAUSDT,0.9999999999999998,1.0,low
next_close_base_ccap5_scap1_largest_drop_alloc0.01,next_close,base,5,1,largest_drop,0.01,BNBUSDT,43,0,0.0,0.5662979242963723,1.3169719169683076,0.60708138688378,0.5116279069767442,0.567073456873346,0.1286386151886143,-0.17729338999634692,-0.17740969095461923,1.4087358037543798,5,0.5,1,1.0,0.5,1.0,1.0,2020-03,-0.04045132004047991,2021-02,0.41186522305274836,BNBUSDT,1.0,1.0,low
next_close_base_ccap5_scap1_largest_drop_alloc0.01,next_close,base,5,1,largest_drop,0.01,ETHUSDT,38,0,0.0,-0.07570404254950516,-0.19922116460396097,0.464739824989055,0.5789473684210527,-0.07608424704395045,-0.012892395497865472,-0.38974263574804713,-0.39025542038755917,-0.26142517902496454,5,0.5,1,1.0,0.5,1.0,1.0,2020-03,-0.1716251996524254,2022-06,,ETHUSDT,,0.0,low
next_close_base_ccap5_scap1_largest_drop_alloc0.01,next_close,base,5,1,largest_drop,0.01,LINKUSDT,78,0,0.0,0.6344916767097052,0.8134508675765451,0.22043954316100503,0.5256410256410257,0.6350945408631237,0.10728128201749065,-0.33878979888466443,-0.3390924494933223,1.200209399499171,7,0.5,1,1.0,0.5,1.0,1.0,2020-03,-0.38146179477819286,2021-02,0.346245748950139,LINKUSDT,1.0000000000000002,1.0,low
next_close_base_ccap5_scap1_largest_drop_alloc0.01,next_close,base,5,1,largest_drop,0.01,BTCUSDT,10,0,0.0,-0.061933499132340586,-0.6193349913234059,0.47072178444486,0.6,-0.06209868701909649,-0.012461559165477532,-0.17708239915751323,-0.1770823991575102,-0.30763856778849996,2,0.5,1,1.0,0.5,1.0,1.0,2020-03,-0.17217197291204966,2021-06,,BTCUSDT,,0.0,low
next_close_base_ccap5_scap1_largest_drop_alloc0.01,next_close,base,5,1,largest_drop,0.01,AVAXUSDT,73,0,0.0,0.8157762126729052,1.1175016611957607,1.27490507173599,0.6164383561643836,0.8167396352706913,0.15666742557893798,-0.5468693989949425,-0.5476133110688102,1.192559188458074,4,0.5,1,1.0,0.5,1.0,1.0,2021-05,-0.4868322184901963,2022-05,0.4923052753262999,AVAXUSDT,0.9999999999999999,1.0,low
next_close_base_ccap5_scap1_largest_drop_alloc0.01,next_close,base,5,1,largest_drop,0.01,SOLUSDT,54,0,0.0,0.5216827950696429,0.9660792501289683,0.184208098589965,0.5370370370370371,0.5209195859908311,0.10004240506482631,-0.4081141972217872,-0.4081987682232496,0.7993467831160986,3,0.5,1,1.0,0.5,1.0,1.0,2021-05,-0.23195716638128028,2021-04,0.42826504273394767,SOLUSDT,1.0,1.0,low
next_close_base_ccap5_scap1_liquidity_priority_alloc0.01,next_close,base,5,1,liquidity_priority,0.01,XRPUSDT,69,0,0.0,0.8356735201592034,1.2111210437089903,1.18985295617498,0.6376811594202898,0.837965485768577,0.13976544235367871,-0.20101832803191,-0.20104569399122313,1.7306250882204437,4,0.5,1,1.0,0.5,1.0,1.0,2020-03,-0.15207786468813822,2022-05,0.2021931204677373,XRPUSDT,1.0,1.0,low
next_close_base_ccap5_scap1_liquidity_priority_alloc0.01,next_close,base,5,1,liquidity_priority,0.01,LTCUSDT,28,0,0.0,0.00025143183760658987,0.0008979708485949637,0.885234129337675,0.6071428571428571,5.649529730700209e-05,9.490038510584498e-06,-0.21771854983007044,-0.2178722924607187,0.0012505519763094837,2,0.5,1,1.0,0.5,1.0,1.0,2022-05,-0.08900855618083625,2025-03,1373.120327371347,LTCUSDT,1.0000000000001104,1.0,low
next_close_base_ccap5_scap1_liquidity_priority_alloc0.01,next_close,base,5,1,liquidity_priority,0.01,ADAUSDT,68,0,0.0,0.45818739082500504,0.6738049865073603,1.107805015113455,0.5735294117647058,0.45799901513183805,0.07760792457092158,-0.290633780172056,-0.290748262740321,0.9214579430296105,4,0.5,1,1.0,0.5,1.0,1.0,2020-03,-0.2939021359403826,2021-02,0.6932662493508357,ADAUSDT,0.9999999999999999,1.0,low
next_close_base_ccap5_scap1_liquidity_priority_alloc0.01,next_close,base,5,1,liquidity_priority,0.01,BTCUSDT,27,0,0.0,0.00021841712795622747,0.0008089523257638055,0.77229348382789,0.6296296296296297,-9.715273538990488e-05,-1.6454450502134677e-05,-0.28343854234884613,-0.2836136276467901,0.0008534153549784578,2,0.5,1,1.0,0.5,1.0,1.0,2020-03,-0.16434223977688234,2026-02,,BTCUSDT,0.9999999999999047,1.0,low
next_close_base_ccap5_scap1_liquidity_priority_alloc0.01,next_close,base,5,1,liquidity_priority,0.01,ETHUSDT,54,0,0.0,0.34684094000775656,0.642298037051401,0.464739824989055,0.5555555555555556,0.3462756254730692,0.058563414552326165,-0.28419575730523894,-0.2844493297895589,0.7153035429560096,4,0.5,1,1.0,0.5,1.0,1.0,2021-04,-0.09580592224520679,2020-03,0.537322565183283,ETHUSDT,1.0000000000000002,1.0,low
next_close_base_ccap5_scap1_liquidity_priority_alloc0.01,next_close,base,5,1,liquidity_priority,0.01,BNBUSDT,52,0,0.0,0.8878960541655887,1.7074924118569015,1.05810694508869,0.5576923076923077,0.8903355004949765,0.15023865816983228,-0.2978847376050253,-0.2981577742846728,1.6464383897754888,6,0.5,1,1.0,0.5,1.0,1.0,2021-05,-0.2702219729473265,2020-03,0.44295906682663877,BNBUSDT,0.9999999999999998,1.0,low
next_close_base_ccap5_scap1_liquidity_priority_alloc0.01,next_close,base,5,1,liquidity_priority,0.01,LINKUSDT,56,0,0.0,0.3687885538341512,0.6585509889895558,0.138573347880685,0.5178571428571429,0.36881361411202906,0.06238979963566482,-0.2394642483496967,-0.2396604313202773,1.020428331366292,5,0.5,1,1.0,0.5,1.0,1.0,2025-02,-0.1315060418973335,2021-04,0.7320064487968152,LINKUSDT,1.0,1.0,low
next_close_base_ccap5_scap1_liquidity_priority_alloc0.01,next_close,base,5,1,liquidity_priority,0.01,AVAXUSDT,71,0,0.0,0.7562171847963352,1.0650946264737116,1.01561063306853,0.6056338028169014,0.7565628240201239,0.14517128406206226,-0.7030864745727339,-0.7047477345098231,1.070261434526927,5,0.5,1,1.0,0.5,1.0,1.0,2021-05,-0.5043434236673194,2022-05,0.5314631095343701,AVAXUSDT,1.0000000000000002,1.0,low
next_close_base_ccap5_scap1_liquidity_priority_alloc0.01,next_close,base,5,1,liquidity_priority,0.01,SOLUSDT,55,0,0.0,0.5612711005761927,1.0204929101385323,0.27402105279571004,0.5454545454545454,0.5607621395783857,0.10767690303099542,-0.3478949457506153,-0.34773398666610494,0.8692318001444431,3,0.5,1,1.0,0.5,1.0,1.0,2021-06,-0.17656658969875672,2021-02,0.3543670373395883,SOLUSDT,1.0000000000000002,1.0,low
next_close_base_ccap5_scap2_symbol_order_alloc0.01,next_close,base,5,2,symbol_order,0.01,XRPUSDT,65,0,0.0,0.7773271041944962,1.1958878526069174,0.9594137637343001,0.6153846153846154,0.7794304818274922,0.13003378578086977,-0.22357520891062022,-0.2237544914272869,1.8467763793385568,7,0.5307692307692308,2,1.0,0.5307692307692308,2.0,1.0,2021-05,-0.12366885340021616,2022-05,0.21737776538397074,XRPUSDT,0.9999999999999999,1.0,low
next_close_base_ccap5_scap2_symbol_order_alloc0.01,next_close,base,5,2,symbol_order,0.01,LTCUSDT,27,0,0.0,-0.04347130368066291,-0.16100482844689967,0.78208099692073,0.5925925925925926,-0.043647156490178585,-0.007333150628519025,-0.21771854983009264,-0.2178722924607187,-0.22177667949371152,2,0.5,1,1.0,0.5,1.0,1.0,2022-05,-0.08900855618083625,2025-03,,LTCUSDT,,0.0,low
next_close_base_ccap5_scap2_symbol_order_alloc0.01,next_close,base,5,2,symbol_order,0.01,ADAUSDT,66,0,0.0,0.6002195180937782,0.9094235122633002,1.107805015113455,0.5757575757575758,0.6009831047079528,0.10177640531539023,-0.36652160709116366,-0.36687200618522325,1.326807848767606,4,0.5454545454545454,2,1.0,0.5454545454545454,2.0,1.0,2025-02,-0.36652160709114145,2021-02,0.5283264320402522,ADAUSDT,1.0,1.0,low
next_close_base_ccap5_scap2_symbol_order_alloc0.01,next_close,base,5,2,symbol_order,0.01,BTCUSDT,27,0,0.0,0.3134996303990718,1.1611097422187844,0.77229348382789,0.6296296296296297,0.31313582164376186,0.0529659585358333,-0.17708239915751323,-0.1770823991575102,0.7524259917127983,2,0.5740740740740741,2,1.0,0.5740740740740741,2.0,1.0,2021-01,-0.08836545191327483,2020-03,0.522783135164583,BTCUSDT,1.0,1.0,low
next_close_base_ccap5_scap2_symbol_order_alloc0.01,next_close,base,5,2,symbol_order,0.01,ETHUSDT,63,0,0.0,0.34942189551294023,0.5546379293856194,0.48955474722129,0.5714285714285714,0.34862761344549575,0.05896061712202805,-0.3105360264766044,-0.3107765961317821,0.6569000065417921,4,0.6587301587301587,2,2.0,0.6587301587301587,2.0,2.0,2021-04,-0.04542314816968762,2022-06,0.2927304009121161,ETHUSDT,0.9999999999999999,1.0,low
next_close_base_ccap5_scap2_symbol_order_alloc0.01,next_close,base,5,2,symbol_order,0.01,BNBUSDT,51,0,0.0,1.3976093374661593,2.74041046561992,1.55240603623004,0.6078431372549019,1.4057850472752875,0.23671496606578746,-0.16346091845871324,-0.1634609184587105,2.593056728131304,5,0.5392156862745098,2,1.0,0.5392156862745098,2.0,1.0,2021-01,-0.03852894676144025,2020-03,0.28054230853164946,BNBUSDT,1.0000000000000002,1.0,low
next_close_base_ccap5_scap2_symbol_order_alloc0.01,next_close,base,5,2,symbol_order,0.01,LINKUSDT,53,0,0.0,0.0280350361161504,0.05289629455877434,-0.58604778911356,0.4716981132075472,0.027349213086802493,0.00463304329987313,-0.2621269262495729,-0.2622883466614623,0.07478288269349698,5,0.5377358490566038,2,1.0,0.5377358490566038,2.0,1.0,2020-03,-0.268693118540031,2021-04,4.536489778316205,LINKUSDT,0.9999999999999998,1.0,low
next_close_base_ccap5_scap2_symbol_order_alloc0.01,next_close,base,5,2,symbol_order,0.01,AVAXUSDT,71,0,0.0,0.8531506062151845,1.2016205721340627,1.01561063306853,0.6197183098591549,0.8543011353020269,0.1638613073550843,-0.6199836282411275,-0.6211264499039277,1.2161086447197076,5,0.5422535211267606,2,1.0,0.5422535211267606,2.0,1.0,2021-05,-0.4210742467557149,2022-05,0.48063634535511296,AVAXUSDT,0.9999999999999999,1.0,low
next_close_base_ccap5_scap2_symbol_order_alloc0.01,next_close,base,5,2,symbol_order,0.01,SOLUSDT,68,0,0.0,0.8713438105702044,1.2813879567208888,0.184208098589965,0.5294117647058824,0.8720042999156963,0.16723217100180765,-0.4909186518667896,-0.4912910899327809,1.1048205665286677,4,0.7205882352941176,2,2.0,0.7205882352941176,2.0,2.0,2021-05,-0.3149080846338026,2024-08,0.4436924413701842,SOLUSDT,0.9999999999999999,1.0,low
next_close_base_ccap5_scap2_largest_drop_alloc0.01,next_close,base,5,2,largest_drop,0.01,XRPUSDT,61,0,0.0,0.8995567910346879,1.4746832639912917,0.9594137637343001,0.6229508196721312,0.9021881464598369,0.15044806282096257,-0.18741940861505269,-0.18752771382473266,1.7178072740029426,4,0.5327868852459017,2,1.0,0.5327868852459017,2.0,1.0,2025-04,-0.09373407952227852,2020-03,0.28319655911704583,XRPUSDT,1.0,1.0,low
next_close_base_ccap5_scap2_largest_drop_alloc0.01,next_close,base,5,2,largest_drop,0.01,LTCUSDT,53,0,0.0,0.5079008235874336,0.9583034407310068,1.10273201410641,0.6226415094339622,0.5083939825088812,0.08494845878446178,-0.11715424269141961,-0.11715577208702571,1.281136314225753,3,0.5188679245283019,2,1.0,0.5188679245283019,2.0,1.0,2025-02,-0.11583545473227153,2020-03,0.4441373962553206,LTCUSDT,1.0,1.0,low
next_close_base_ccap5_scap2_largest_drop_alloc0.01,next_close,base,5,2,largest_drop,0.01,ADAUSDT,63,0,0.0,0.8056632550976204,1.2788305636470165,1.2974092046276702,0.5714285714285714,0.8073669079682766,0.1362756299192025,-0.36652160709114145,-0.3668720061852232,1.4654071820925638,3,0.5317460317460317,2,1.0,0.5317460317460317,2.0,1.0,2025-02,-0.36652160709114145,2021-02,0.34389407042858366,ADAUSDT,1.0000000000000002,1.0,low
next_close_base_ccap5_scap2_largest_drop_alloc0.01,next_close,base,5,2,largest_drop,0.01,BNBUSDT,45,0,0.0,0.9186634767372654,2.0414743927494787,0.9971755700844199,0.5555555555555556,0.9218682334040551,0.2088378014345027,-0.16346091845871324,-0.1634609184587105,2.1118519614596782,4,0.5888888888888889,2,1.0,0.5888888888888889,2.0,1.0,2023-06,-0.033565149684156026,2021-02,0.36466627570232824,BNBUSDT,1.0,1.0,low
next_close_base_ccap5_scap2_largest_drop_alloc0.01,next_close,base,5,2,largest_drop,0.01,ETHUSDT,42,0,0.0,0.14521078067740742,0.3457399539938272,0.502092834523615,0.6190476190476191,0.14489634969248044,0.024530017572876872,-0.30949054163783574,-0.30973979177692834,0.49699337101062246,4,0.6190476190476191,2,1.8499999999999943,0.6190476190476191,2.0,1.8499999999999943,2020-03,-0.1716251996524254,2021-05,1.287709481147987,ETHUSDT,1.0,1.0,low
next_close_base_ccap5_scap2_largest_drop_alloc0.01,next_close,base,5,2,largest_drop,0.01,LINKUSDT,80,0,0.0,0.36825844781816136,0.4603230597727017,0.05110474783165406,0.5,0.3673062725630061,0.062114785334910216,-0.5761551598190362,-0.5773689446041843,0.6436311310600902,9,0.5875,2,1.0,0.5875,2.0,1.0,2020-03,-0.5613184791889103,2021-02,0.5986796343576639,LINKUSDT,0.9999999999999999,1.0,low
next_close_base_ccap5_scap2_largest_drop_alloc0.01,next_close,base,5,2,largest_drop,0.01,BTCUSDT,10,0,0.0,-0.061933499132340586,-0.6193349913234059,0.47072178444486,0.6,-0.06209868701909649,-0.012461559165477532,-0.17708239915751323,-0.1770823991575102,-0.30763856778849996,2,0.5,1,1.0,0.5,1.0,1.0,2020-03,-0.17217197291204966,2021-06,,BTCUSDT,,0.0,low
next_close_base_ccap5_scap2_largest_drop_alloc0.01,next_close,base,5,2,largest_drop,0.01,AVAXUSDT,81,0,0.0,1.1614302471249645,1.433864502623413,1.51023970245653,0.6296296296296297,1.1655532625039378,0.22326484578141237,-0.6300333843842432,-0.6312345956747055,1.6215227060181154,5,0.6111111111111112,2,1.9499999999999886,0.6111111111111112,2.0,1.9499999999999886,2021-05,-0.5065716043906932,2022-05,0.4706563215696411,AVAXUSDT,1.0,1.0,low
next_close_base_ccap5_scap2_largest_drop_alloc0.01,next_close,base,5,2,largest_drop,0.01,SOLUSDT,56,0,0.0,0.12048990779986463,0.2151605496426154,-0.273253716045145,0.48214285714285715,0.1180539323084151,0.02304642347294994,-0.7582791826424851,-0.7595388572256379,0.16872505807665478,4,0.6428571428571429,2,2.0,0.6428571428571429,2.0,2.0,2021-05,-0.4826151701155412,2024-08,2.7158700309069044,SOLUSDT,0.9999999999999998,1.0,low
next_close_base_ccap5_scap2_liquidity_priority_alloc0.01,next_close,base,5,2,liquidity_priority,0.01,XRPUSDT,65,0,0.0,0.7773271041944962,1.1958878526069174,0.9594137637343001,0.6153846153846154,0.7794304818274922,0.13003378578086977,-0.22357520891062022,-0.2237544914272869,1.8467763793385568,7,0.5307692307692308,2,1.0,0.5307692307692308,2.0,1.0,2021-05,-0.12366885340021616,2022-05,0.21737776538397074,XRPUSDT,0.9999999999999999,1.0,low
next_close_base_ccap5_scap2_liquidity_priority_alloc0.01,next_close,base,5,2,liquidity_priority,0.01,LTCUSDT,27,0,0.0,-0.04347130368066291,-0.16100482844689967,0.78208099692073,0.5925925925925926,-0.043647156490178585,-0.007333150628519025,-0.21771854983009264,-0.2178722924607187,-0.22177667949371152,2,0.5,1,1.0,0.5,1.0,1.0,2022-05,-0.08900855618083625,2025-03,,LTCUSDT,,0.0,low
next_close_base_ccap5_scap2_liquidity_priority_alloc0.01,next_close,base,5,2,liquidity_priority,0.01,ADAUSDT,66,0,0.0,0.6002195180937782,0.9094235122633002,1.107805015113455,0.5757575757575758,0.6009831047079528,0.10177640531539023,-0.36652160709116366,-0.36687200618522325,1.326807848767606,4,0.5454545454545454,2,1.0,0.5454545454545454,2.0,1.0,2025-02,-0.36652160709114145,2021-02,0.5283264320402522,ADAUSDT,1.0,1.0,low
next_close_base_ccap5_scap2_liquidity_priority_alloc0.01,next_close,base,5,2,liquidity_priority,0.01,BTCUSDT,27,0,0.0,0.3134996303990718,1.1611097422187844,0.77229348382789,0.6296296296296297,0.31313582164376186,0.0529659585358333,-0.17708239915751323,-0.1770823991575102,0.7524259917127983,2,0.5740740740740741,2,1.0,0.5740740740740741,2.0,1.0,2021-01,-0.08836545191327483,2020-03,0.522783135164583,BTCUSDT,1.0,1.0,low
next_close_base_ccap5_scap2_liquidity_priority_alloc0.01,next_close,base,5,2,liquidity_priority,0.01,ETHUSDT,63,0,0.0,0.34942189551294023,0.5546379293856194,0.48955474722129,0.5714285714285714,0.34862761344549575,0.05896061712202805,-0.3105360264766044,-0.3107765961317821,0.6569000065417921,4,0.6587301587301587,2,2.0,0.6587301587301587,2.0,2.0,2021-04,-0.04542314816968762,2022-06,0.2927304009121161,ETHUSDT,0.9999999999999999,1.0,low
next_close_base_ccap5_scap2_liquidity_priority_alloc0.01,next_close,base,5,2,liquidity_priority,0.01,BNBUSDT,51,0,0.0,1.3976093374661593,2.74041046561992,1.55240603623004,0.6078431372549019,1.4057850472752875,0.23671496606578746,-0.16346091845871324,-0.1634609184587105,2.593056728131304,5,0.5392156862745098,2,1.0,0.5392156862745098,2.0,1.0,2021-01,-0.03852894676144025,2020-03,0.28054230853164946,BNBUSDT,1.0000000000000002,1.0,low
next_close_base_ccap5_scap2_liquidity_priority_alloc0.01,next_close,base,5,2,liquidity_priority,0.01,LINKUSDT,53,0,0.0,0.0280350361161504,0.05289629455877434,-0.58604778911356,0.4716981132075472,0.027349213086802493,0.00463304329987313,-0.2621269262495729,-0.2622883466614623,0.07478288269349698,5,0.5377358490566038,2,1.0,0.5377358490566038,2.0,1.0,2020-03,-0.268693118540031,2021-04,4.536489778316205,LINKUSDT,0.9999999999999998,1.0,low
next_close_base_ccap5_scap2_liquidity_priority_alloc0.01,next_close,base,5,2,liquidity_priority,0.01,AVAXUSDT,71,0,0.0,0.8531506062151845,1.2016205721340627,1.01561063306853,0.6197183098591549,0.8543011353020269,0.1638613073550843,-0.6199836282411275,-0.6211264499039277,1.2161086447197076,5,0.5422535211267606,2,1.0,0.5422535211267606,2.0,1.0,2021-05,-0.4210742467557149,2022-05,0.48063634535511296,AVAXUSDT,0.9999999999999999,1.0,low
next_close_base_ccap5_scap2_liquidity_priority_alloc0.01,next_close,base,5,2,liquidity_priority,0.01,SOLUSDT,68,0,0.0,0.8713438105702044,1.2813879567208888,0.184208098589965,0.5294117647058824,0.8720042999156963,0.16723217100180765,-0.4909186518667896,-0.4912910899327809,1.1048205665286677,4,0.7205882352941176,2,2.0,0.7205882352941176,2.0,2.0,2021-05,-0.3149080846338026,2024-08,0.4436924413701842,SOLUSDT,0.9999999999999999,1.0,low
next_close_base_ccap5_scapunlimited_symbol_order_alloc0.01,next_close,base,5,unlimited,symbol_order,0.01,XRPUSDT,64,0,0.0,0.7998935732575576,1.2498337082149338,1.0746333599546398,0.625,0.802177974135021,0.13381619778229936,-0.2235752089105869,-0.2237544914272869,1.906786012651654,7,0.53125,2,1.0,0.53125,2.0,1.0,2021-05,-0.12366885340021616,2022-05,0.21121354845788076,XRPUSDT,1.0,1.0,low
next_close_base_ccap5_scapunlimited_symbol_order_alloc0.01,next_close,base,5,unlimited,symbol_order,0.01,LTCUSDT,27,0,0.0,-0.04347130368066291,-0.16100482844689967,0.78208099692073,0.5925925925925926,-0.043647156490178585,-0.007333150628519025,-0.21771854983009264,-0.2178722924607187,-0.22177667949371152,2,0.5,1,1.0,0.5,1.0,1.0,2022-05,-0.08900855618083625,2025-03,,LTCUSDT,,0.0,low
next_close_base_ccap5_scapunlimited_symbol_order_alloc0.01,next_close,base,5,unlimited,symbol_order,0.01,ADAUSDT,66,0,0.0,0.6002195180937782,0.9094235122633002,1.107805015113455,0.5757575757575758,0.6009831047079528,0.10177640531539023,-0.36652160709116366,-0.36687200618522325,1.326807848767606,4,0.5454545454545454,2,1.0,0.5454545454545454,2.0,1.0,2025-02,-0.36652160709114145,2021-02,0.5283264320402522,ADAUSDT,1.0,1.0,low
next_close_base_ccap5_scapunlimited_symbol_order_alloc0.01,next_close,base,5,unlimited,symbol_order,0.01,BTCUSDT,27,0,0.0,0.3134996303990718,1.1611097422187844,0.77229348382789,0.6296296296296297,0.31313582164376186,0.0529659585358333,-0.17708239915751323,-0.1770823991575102,0.7524259917127983,2,0.5740740740740741,2,1.0,0.5740740740740741,2.0,1.0,2021-01,-0.08836545191327483,2020-03,0.522783135164583,BTCUSDT,1.0,1.0,low
next_close_base_ccap5_scapunlimited_symbol_order_alloc0.01,next_close,base,5,unlimited,symbol_order,0.01,ETHUSDT,66,0,0.0,0.3830809172189788,0.5804256321499679,0.48583830525964505,0.5606060606060606,0.38232769250656773,0.06465102084407537,-0.3105360264766044,-0.3107765961317821,0.7005325278079241,4,0.7424242424242424,3,2.0,0.7424242424242424,3.0,2.0,2021-01,-0.0733950091266311,2021-05,0.33100933840064095,ETHUSDT,0.9999999999999997,1.0,low
next_close_base_ccap5_scapunlimited_symbol_order_alloc0.01,next_close,base,5,unlimited,symbol_order,0.01,BNBUSDT,52,0,0.0,1.4483566100844483,2.785301173239324,1.6101800962525952,0.6153846153846154,1.457245717463973,0.2453283973427256,-0.16346091845871324,-0.1634609184587105,2.6852093218457447,5,0.5769230769230769,3,1.0,0.5769230769230769,3.0,1.0,2021-01,-0.03852894676144025,2020-03,0.2706353346834477,BNBUSDT,1.0000000000000002,1.0,low
next_close_base_ccap5_scapunlimited_symbol_order_alloc0.01,next_close,base,5,unlimited,symbol_order,0.01,LINKUSDT,51,0,0.0,-0.08394833318761678,-0.16460457487768,-0.60999536225868,0.45098039215686275,-0.08456045795820488,-0.01433146985723166,-0.2621269262495729,-0.2622883466614623,-0.23104690882044396,5,0.5392156862745098,2,1.0,0.5392156862745098,2.0,1.0,2020-03,-0.268693118540031,2021-04,,LINKUSDT,,0.0,low
next_close_base_ccap5_scapunlimited_symbol_order_alloc0.01,next_close,base,5,unlimited,symbol_order,0.01,AVAXUSDT,71,0,0.0,0.8531506062151845,1.2016205721340627,1.01561063306853,0.6197183098591549,0.8543011353020269,0.1638613073550843,-0.6199836282411275,-0.6211264499039277,1.2161086447197076,5,0.5422535211267606,2,1.0,0.5422535211267606,2.0,1.0,2021-05,-0.4210742467557149,2022-05,0.48063634535511296,AVAXUSDT,0.9999999999999999,1.0,low
next_close_base_ccap5_scapunlimited_symbol_order_alloc0.01,next_close,base,5,unlimited,symbol_order,0.01,SOLUSDT,67,0,0.0,0.8079866640361314,1.205950244830047,0.09439514438422,0.5223880597014925,0.8081351420154759,0.1550231096710153,-0.5539248474236036,-0.5546482364668539,1.0265464838144127,4,0.7089552238805971,2,2.0,0.7089552238805971,2.0,2.0,2021-05,-0.3780257248554242,2024-08,0.47875868354142725,SOLUSDT,0.9999999999999998,1.0,low
next_close_base_ccap5_scapunlimited_largest_drop_alloc0.01,next_close,base,5,unlimited,largest_drop,0.01,XRPUSDT,61,0,0.0,0.8995567910346879,1.4746832639912917,0.9594137637343001,0.6229508196721312,0.9021881464598369,0.15044806282096257,-0.18741940861505269,-0.18752771382473266,1.7178072740029426,4,0.5327868852459017,2,1.0,0.5327868852459017,2.0,1.0,2025-04,-0.09373407952227852,2020-03,0.28319655911704583,XRPUSDT,1.0,1.0,low
next_close_base_ccap5_scapunlimited_largest_drop_alloc0.01,next_close,base,5,unlimited,largest_drop,0.01,LTCUSDT,53,0,0.0,0.5079008235874336,0.9583034407310068,1.10273201410641,0.6226415094339622,0.5083939825088812,0.08494845878446178,-0.11715424269141961,-0.11715577208702571,1.281136314225753,3,0.5188679245283019,2,1.0,0.5188679245283019,2.0,1.0,2025-02,-0.11583545473227153,2020-03,0.4441373962553206,LTCUSDT,1.0,1.0,low
next_close_base_ccap5_scapunlimited_largest_drop_alloc0.01,next_close,base,5,unlimited,largest_drop,0.01,ADAUSDT,63,0,0.0,0.8056632550976204,1.2788305636470165,1.2974092046276702,0.5714285714285714,0.8073669079682766,0.1362756299192025,-0.36652160709114145,-0.3668720061852232,1.4654071820925638,3,0.5317460317460317,2,1.0,0.5317460317460317,2.0,1.0,2025-02,-0.36652160709114145,2021-02,0.34389407042858366,ADAUSDT,1.0000000000000002,1.0,low
next_close_base_ccap5_scapunlimited_largest_drop_alloc0.01,next_close,base,5,unlimited,largest_drop,0.01,BNBUSDT,45,0,0.0,0.9186634767372654,2.0414743927494787,0.9971755700844199,0.5555555555555556,0.9218682334040551,0.2088378014345027,-0.16346091845871324,-0.1634609184587105,2.1118519614596782,4,0.5888888888888889,2,1.0,0.5888888888888889,2.0,1.0,2023-06,-0.033565149684156026,2021-02,0.36466627570232824,BNBUSDT,1.0,1.0,low
next_close_base_ccap5_scapunlimited_largest_drop_alloc0.01,next_close,base,5,unlimited,largest_drop,0.01,ETHUSDT,42,0,0.0,0.14521078067740742,0.3457399539938272,0.502092834523615,0.6190476190476191,0.14489634969248044,0.024530017572876872,-0.30949054163783574,-0.30973979177692834,0.49699337101062246,4,0.6190476190476191,2,1.8499999999999943,0.6190476190476191,2.0,1.8499999999999943,2020-03,-0.1716251996524254,2021-05,1.287709481147987,ETHUSDT,1.0,1.0,low
next_close_base_ccap5_scapunlimited_largest_drop_alloc0.01,next_close,base,5,unlimited,largest_drop,0.01,LINKUSDT,79,0,0.0,0.3691067778424856,0.46722376942086785,0.10787724985045,0.5063291139240507,0.36815772577989403,0.06225855420016746,-0.5761551598190362,-0.5773689446041843,0.6450921601753763,9,0.5886075949367089,2,1.0,0.5886075949367089,2.0,1.0,2020-03,-0.5613184791889103,2021-02,0.5972950438279411,LINKUSDT,0.9999999999999994,1.0,low
next_close_base_ccap5_scapunlimited_largest_drop_alloc0.01,next_close,base,5,unlimited,largest_drop,0.01,BTCUSDT,10,0,0.0,-0.061933499132340586,-0.6193349913234059,0.47072178444486,0.6,-0.06209868701909649,-0.012461559165477532,-0.17708239915751323,-0.1770823991575102,-0.30763856778849996,2,0.5,1,1.0,0.5,1.0,1.0,2020-03,-0.17217197291204966,2021-06,,BTCUSDT,,0.0,low
next_close_base_ccap5_scapunlimited_largest_drop_alloc0.01,next_close,base,5,unlimited,largest_drop,0.01,AVAXUSDT,81,0,0.0,1.1614302471249645,1.433864502623413,1.51023970245653,0.6296296296296297,1.1655532625039378,0.22326484578141237,-0.6300333843842432,-0.6312345956747055,1.6215227060181154,5,0.6111111111111112,2,1.9499999999999886,0.6111111111111112,2.0,1.9499999999999886,2021-05,-0.5065716043906932,2022-05,0.4706563215696411,AVAXUSDT,1.0,1.0,low
next_close_base_ccap5_scapunlimited_largest_drop_alloc0.01,next_close,base,5,unlimited,largest_drop,0.01,SOLUSDT,57,0,0.0,0.18824976438096502,0.3302627445280088,-0.22029086248345997,0.49122807017543857,0.18589378206474994,0.036280189506188165,-0.6910331349480048,-0.6917790006445372,0.2625468809008024,4,0.6754385964912281,3,2.0,0.6754385964912281,3.0,2.0,2021-05,-0.4826151701155412,2024-08,1.7247437392793477,SOLUSDT,1.0000000000000004,1.0,low
next_close_base_ccap5_scapunlimited_liquidity_priority_alloc0.01,next_close,base,5,unlimited,liquidity_priority,0.01,XRPUSDT,64,0,0.0,0.7998935732575576,1.2498337082149338,1.0746333599546398,0.625,0.802177974135021,0.13381619778229936,-0.2235752089105869,-0.2237544914272869,1.906786012651654,7,0.53125,2,1.0,0.53125,2.0,1.0,2021-05,-0.12366885340021616,2022-05,0.21121354845788076,XRPUSDT,1.0,1.0,low
next_close_base_ccap5_scapunlimited_liquidity_priority_alloc0.01,next_close,base,5,unlimited,liquidity_priority,0.01,LTCUSDT,27,0,0.0,-0.04347130368066291,-0.16100482844689967,0.78208099692073,0.5925925925925926,-0.043647156490178585,-0.007333150628519025,-0.21771854983009264,-0.2178722924607187,-0.22177667949371152,2,0.5,1,1.0,0.5,1.0,1.0,2022-05,-0.08900855618083625,2025-03,,LTCUSDT,,0.0,low
next_close_base_ccap5_scapunlimited_liquidity_priority_alloc0.01,next_close,base,5,unlimited,liquidity_priority,0.01,ADAUSDT,66,0,0.0,0.6002195180937782,0.9094235122633002,1.107805015113455,0.5757575757575758,0.6009831047079528,0.10177640531539023,-0.36652160709116366,-0.36687200618522325,1.326807848767606,4,0.5454545454545454,2,1.0,0.5454545454545454,2.0,1.0,2025-02,-0.36652160709114145,2021-02,0.5283264320402522,ADAUSDT,1.0,1.0,low
next_close_base_ccap5_scapunlimited_liquidity_priority_alloc0.01,next_close,base,5,unlimited,liquidity_priority,0.01,BTCUSDT,27,0,0.0,0.3134996303990718,1.1611097422187844,0.77229348382789,0.6296296296296297,0.31313582164376186,0.0529659585358333,-0.17708239915751323,-0.1770823991575102,0.7524259917127983,2,0.5740740740740741,2,1.0,0.5740740740740741,2.0,1.0,2021-01,-0.08836545191327483,2020-03,0.522783135164583,BTCUSDT,1.0,1.0,low
next_close_base_ccap5_scapunlimited_liquidity_priority_alloc0.01,next_close,base,5,unlimited,liquidity_priority,0.01,ETHUSDT,66,0,0.0,0.3830809172189788,0.5804256321499679,0.48583830525964505,0.5606060606060606,0.38232769250656773,0.06465102084407537,-0.3105360264766044,-0.3107765961317821,0.7005325278079241,4,0.7424242424242424,3,2.0,0.7424242424242424,3.0,2.0,2021-01,-0.0733950091266311,2021-05,0.33100933840064095,ETHUSDT,0.9999999999999997,1.0,low
next_close_base_ccap5_scapunlimited_liquidity_priority_alloc0.01,next_close,base,5,unlimited,liquidity_priority,0.01,BNBUSDT,52,0,0.0,1.4483566100844483,2.785301173239324,1.6101800962525952,0.6153846153846154,1.457245717463973,0.2453283973427256,-0.16346091845871324,-0.1634609184587105,2.6852093218457447,5,0.5769230769230769,3,1.0,0.5769230769230769,3.0,1.0,2021-01,-0.03852894676144025,2020-03,0.2706353346834477,BNBUSDT,1.0000000000000002,1.0,low
next_close_base_ccap5_scapunlimited_liquidity_priority_alloc0.01,next_close,base,5,unlimited,liquidity_priority,0.01,LINKUSDT,51,0,0.0,-0.08394833318761678,-0.16460457487768,-0.60999536225868,0.45098039215686275,-0.08456045795820488,-0.01433146985723166,-0.2621269262495729,-0.2622883466614623,-0.23104690882044396,5,0.5392156862745098,2,1.0,0.5392156862745098,2.0,1.0,2020-03,-0.268693118540031,2021-04,,LINKUSDT,,0.0,low
next_close_base_ccap5_scapunlimited_liquidity_priority_alloc0.01,next_close,base,5,unlimited,liquidity_priority,0.01,AVAXUSDT,71,0,0.0,0.8531506062151845,1.2016205721340627,1.01561063306853,0.6197183098591549,0.8543011353020269,0.1638613073550843,-0.6199836282411275,-0.6211264499039277,1.2161086447197076,5,0.5422535211267606,2,1.0,0.5422535211267606,2.0,1.0,2021-05,-0.4210742467557149,2022-05,0.48063634535511296,AVAXUSDT,0.9999999999999999,1.0,low
next_close_base_ccap5_scapunlimited_liquidity_priority_alloc0.01,next_close,base,5,unlimited,liquidity_priority,0.01,SOLUSDT,67,0,0.0,0.8079866640361314,1.205950244830047,0.09439514438422,0.5223880597014925,0.8081351420154759,0.1550231096710153,-0.5539248474236036,-0.5546482364668539,1.0265464838144127,4,0.7089552238805971,2,2.0,0.7089552238805971,2.0,2.0,2021-05,-0.3780257248554242,2024-08,0.47875868354142725,SOLUSDT,0.9999999999999998,1.0,low
next_close_base_ccap10_scap1_symbol_order_alloc0.01,next_close,base,10,1,symbol_order,0.01,XRPUSDT,76,0,0.0,0.8062879221017055,1.060905160660139,0.8256061003201851,0.6447368421052632,0.8081642268818134,0.13481146297067426,-0.36639262510202997,-0.36691782883982804,1.5534347759615132,5,0.5,1,1.0,0.5,1.0,1.0,2021-05,-0.22951231146906004,2022-05,0.27611181428511566,XRPUSDT,1.0000000000000002,1.0,low
next_close_base_ccap10_scap1_symbol_order_alloc0.01,next_close,base,10,1,symbol_order,0.01,LTCUSDT,66,0,0.0,-0.2603541141667207,-0.39447593055563746,0.218503364290445,0.5606060606060606,-0.2608971230435908,-0.04373345525172656,-0.5602377317326601,-0.5614259017610711,-0.6164713636034669,9,0.5,1,1.0,0.5,1.0,1.0,2021-05,-0.413689470535461,2021-04,,LTCUSDT,,0.0,low
next_close_base_ccap10_scap1_symbol_order_alloc0.01,next_close,base,10,1,symbol_order,0.01,ADAUSDT,77,0,0.0,0.6046076222820269,0.7852047042623727,1.36367691543636,0.6103896103896104,0.605053854384785,0.1022125303889565,-0.3316769717617296,-0.3318806913604652,1.1548653732197118,3,0.5,1,1.0,0.5,1.0,1.0,2020-03,-0.2939021359403826,2021-02,0.5893841414984946,ADAUSDT,1.0,1.0,low
next_close_base_ccap10_scap1_symbol_order_alloc0.01,next_close,base,10,1,symbol_order,0.01,BTCUSDT,31,0,0.0,0.10433964258726165,0.3365794922169731,1.1596525432420302,0.6774193548387096,0.10406326809162536,0.017617245899259615,-0.2739980492584504,-0.2741460989432326,0.40042482248832145,2,0.5,1,1.0,0.5,1.0,1.0,2020-03,-0.16434223977688234,2021-05,0.5988789030780002,BTCUSDT,1.0000000000000004,1.0,low
next_close_base_ccap10_scap1_symbol_order_alloc0.01,next_close,base,10,1,symbol_order,0.01,ETHUSDT,59,0,0.0,0.4948133696366379,0.8386667281976914,0.48212186329800005,0.576271186440678,0.49481829988831105,0.08363406357081438,-0.28006092127769167,-0.28029490977771304,1.003101584964993,4,0.5,1,1.0,0.5,1.0,1.0,2021-04,-0.09580592224520679,2020-03,0.3760202631584819,ETHUSDT,0.9999999999999998,1.0,low
next_close_base_ccap10_scap1_symbol_order_alloc0.01,next_close,base,10,1,symbol_order,0.01,BNBUSDT,58,0,0.0,1.0253632388199496,1.767867653137844,1.0283584645034298,0.5517241379310345,1.02899080797334,0.1735366960979423,-0.323395851788133,-0.3237328600923405,1.8308332757756,6,0.5,1,1.0,0.5,1.0,1.0,2021-05,-0.24381967473287025,2020-03,0.3832708508238697,BNBUSDT,1.0,1.0,low
next_close_base_ccap10_scap1_symbol_order_alloc0.01,next_close,base,10,1,symbol_order,0.01,LINKUSDT,82,0,0.0,0.44708050120911036,0.5452201234257443,0.05110474783165406,0.5,0.4465644207815478,0.07549327589293497,-0.33878979888466443,-0.3390924494933223,0.8118356944399556,7,0.5,1,1.0,0.5,1.0,1.0,2020-03,-0.38146179477819286,2021-04,0.6045576659725257,LINKUSDT,0.9999999999999998,1.0,low
next_close_base_ccap10_scap1_symbol_order_alloc0.01,next_close,base,10,1,symbol_order,0.01,AVAXUSDT,79,0,0.0,1.03494803438608,1.3100608030203544,1.27490507173599,0.6075949367088608,1.0375568835673477,0.19884864064299013,-0.6946280575519936,-0.6961663829354161,1.4076525300966969,5,0.5,1,1.0,0.5,1.0,1.0,2021-05,-0.4958680771012025,2022-05,0.3875307825334669,AVAXUSDT,1.0000000000000002,1.0,low
next_close_base_ccap10_scap1_symbol_order_alloc0.01,next_close,base,10,1,symbol_order,0.01,SOLUSDT,60,0,0.0,0.8292661104298539,1.3821101840497565,0.3830945163529,0.5666666666666667,0.8304592567308866,0.15929123903359876,-0.36482952310367134,-0.364728874007981,1.245639341568086,3,0.5,1,1.0,0.5,1.0,1.0,2021-05,-0.1885959308082663,2021-04,0.2686364766810075,SOLUSDT,1.0,1.0,low
next_close_base_ccap10_scap1_largest_drop_alloc0.01,next_close,base,10,1,largest_drop,0.01,XRPUSDT,76,0,0.0,0.8062879221017055,1.060905160660139,0.8256061003201851,0.6447368421052632,0.8081642268818134,0.13481146297067426,-0.36639262510202997,-0.36691782883982804,1.5534347759615132,5,0.5,1,1.0,0.5,1.0,1.0,2021-05,-0.22951231146906004,2022-05,0.27611181428511566,XRPUSDT,1.0000000000000002,1.0,low
next_close_base_ccap10_scap1_largest_drop_alloc0.01,next_close,base,10,1,largest_drop,0.01,LTCUSDT,66,0,0.0,-0.2603541141667207,-0.39447593055563746,0.218503364290445,0.5606060606060606,-0.2608971230435908,-0.04373345525172656,-0.5602377317326601,-0.5614259017610711,-0.6164713636034669,9,0.5,1,1.0,0.5,1.0,1.0,2021-05,-0.413689470535461,2021-04,,LTCUSDT,,0.0,low
next_close_base_ccap10_scap1_largest_drop_alloc0.01,next_close,base,10,1,largest_drop,0.01,ADAUSDT,77,0,0.0,0.6046076222820269,0.7852047042623727,1.36367691543636,0.6103896103896104,0.605053854384785,0.1022125303889565,-0.3316769717617296,-0.3318806913604652,1.1548653732197118,3,0.5,1,1.0,0.5,1.0,1.0,2020-03,-0.2939021359403826,2021-02,0.5893841414984946,ADAUSDT,1.0,1.0,low
next_close_base_ccap10_scap1_largest_drop_alloc0.01,next_close,base,10,1,largest_drop,0.01,BNBUSDT,58,0,0.0,1.0253632388199496,1.767867653137844,1.0283584645034298,0.5517241379310345,1.02899080797334,0.1735366960979423,-0.323395851788133,-0.3237328600923405,1.8308332757756,6,0.5,1,1.0,0.5,1.0,1.0,2021-05,-0.24381967473287025,2020-03,0.3832708508238697,BNBUSDT,1.0,1.0,low
next_close_base_ccap10_scap1_largest_drop_alloc0.01,next_close,base,10,1,largest_drop,0.01,ETHUSDT,59,0,0.0,0.4948133696366379,0.8386667281976914,0.48212186329800005,0.576271186440678,0.49481829988831105,0.08363406357081438,-0.28006092127769167,-0.28029490977771304,1.003101584964993,4,0.5,1,1.0,0.5,1.0,1.0,2021-04,-0.09580592224520679,2020-03,0.3760202631584819,ETHUSDT,0.9999999999999998,1.0,low
next_close_base_ccap10_scap1_largest_drop_alloc0.01,next_close,base,10,1,largest_drop,0.01,LINKUSDT,82,0,0.0,0.44708050120911036,0.5452201234257443,0.05110474783165406,0.5,0.4465644207815478,0.07549327589293497,-0.33878979888466443,-0.3390924494933223,0.8118356944399556,7,0.5,1,1.0,0.5,1.0,1.0,2020-03,-0.38146179477819286,2021-04,0.6045576659725257,LINKUSDT,0.9999999999999998,1.0,low
next_close_base_ccap10_scap1_largest_drop_alloc0.01,next_close,base,10,1,largest_drop,0.01,BTCUSDT,31,0,0.0,0.10433964258726165,0.3365794922169731,1.1596525432420302,0.6774193548387096,0.10406326809162536,0.017617245899259615,-0.2739980492584504,-0.2741460989432326,0.40042482248832145,2,0.5,1,1.0,0.5,1.0,1.0,2020-03,-0.16434223977688234,2021-05,0.5988789030780002,BTCUSDT,1.0000000000000004,1.0,low
next_close_base_ccap10_scap1_largest_drop_alloc0.01,next_close,base,10,1,largest_drop,0.01,AVAXUSDT,79,0,0.0,1.03494803438608,1.3100608030203544,1.27490507173599,0.6075949367088608,1.0375568835673477,0.19884864064299013,-0.6946280575519936,-0.6961663829354161,1.4076525300966969,5,0.5,1,1.0,0.5,1.0,1.0,2021-05,-0.4958680771012025,2022-05,0.3875307825334669,AVAXUSDT,1.0000000000000002,1.0,low
next_close_base_ccap10_scap1_largest_drop_alloc0.01,next_close,base,10,1,largest_drop,0.01,SOLUSDT,60,0,0.0,0.8292661104298539,1.3821101840497565,0.3830945163529,0.5666666666666667,0.8304592567308866,0.15929123903359876,-0.36482952310367134,-0.364728874007981,1.245639341568086,3,0.5,1,1.0,0.5,1.0,1.0,2021-05,-0.1885959308082663,2021-04,0.2686364766810075,SOLUSDT,1.0,1.0,low
next_close_base_ccap10_scap1_liquidity_priority_alloc0.01,next_close,base,10,1,liquidity_priority,0.01,XRPUSDT,76,0,0.0,0.8062879221017055,1.060905160660139,0.8256061003201851,0.6447368421052632,0.8081642268818134,0.13481146297067426,-0.36639262510202997,-0.36691782883982804,1.5534347759615132,5,0.5,1,1.0,0.5,1.0,1.0,2021-05,-0.22951231146906004,2022-05,0.27611181428511566,XRPUSDT,1.0000000000000002,1.0,low
next_close_base_ccap10_scap1_liquidity_priority_alloc0.01,next_close,base,10,1,liquidity_priority,0.01,LTCUSDT,66,0,0.0,-0.2603541141667207,-0.39447593055563746,0.218503364290445,0.5606060606060606,-0.2608971230435908,-0.04373345525172656,-0.5602377317326601,-0.5614259017610711,-0.6164713636034669,9,0.5,1,1.0,0.5,1.0,1.0,2021-05,-0.413689470535461,2021-04,,LTCUSDT,,0.0,low
next_close_base_ccap10_scap1_liquidity_priority_alloc0.01,next_close,base,10,1,liquidity_priority,0.01,ADAUSDT,77,0,0.0,0.6046076222820269,0.7852047042623727,1.36367691543636,0.6103896103896104,0.605053854384785,0.1022125303889565,-0.3316769717617296,-0.3318806913604652,1.1548653732197118,3,0.5,1,1.0,0.5,1.0,1.0,2020-03,-0.2939021359403826,2021-02,0.5893841414984946,ADAUSDT,1.0,1.0,low
next_close_base_ccap10_scap1_liquidity_priority_alloc0.01,next_close,base,10,1,liquidity_priority,0.01,BTCUSDT,31,0,0.0,0.10433964258726165,0.3365794922169731,1.1596525432420302,0.6774193548387096,0.10406326809162536,0.017617245899259615,-0.2739980492584504,-0.2741460989432326,0.40042482248832145,2,0.5,1,1.0,0.5,1.0,1.0,2020-03,-0.16434223977688234,2021-05,0.5988789030780002,BTCUSDT,1.0000000000000004,1.0,low
next_close_base_ccap10_scap1_liquidity_priority_alloc0.01,next_close,base,10,1,liquidity_priority,0.01,ETHUSDT,59,0,0.0,0.4948133696366379,0.8386667281976914,0.48212186329800005,0.576271186440678,0.49481829988831105,0.08363406357081438,-0.28006092127769167,-0.28029490977771304,1.003101584964993,4,0.5,1,1.0,0.5,1.0,1.0,2021-04,-0.09580592224520679,2020-03,0.3760202631584819,ETHUSDT,0.9999999999999998,1.0,low
next_close_base_ccap10_scap1_liquidity_priority_alloc0.01,next_close,base,10,1,liquidity_priority,0.01,BNBUSDT,58,0,0.0,1.0253632388199496,1.767867653137844,1.0283584645034298,0.5517241379310345,1.02899080797334,0.1735366960979423,-0.323395851788133,-0.3237328600923405,1.8308332757756,6,0.5,1,1.0,0.5,1.0,1.0,2021-05,-0.24381967473287025,2020-03,0.3832708508238697,BNBUSDT,1.0,1.0,low
next_close_base_ccap10_scap1_liquidity_priority_alloc0.01,next_close,base,10,1,liquidity_priority,0.01,LINKUSDT,82,0,0.0,0.44708050120911036,0.5452201234257443,0.05110474783165406,0.5,0.4465644207815478,0.07549327589293497,-0.33878979888466443,-0.3390924494933223,0.8118356944399556,7,0.5,1,1.0,0.5,1.0,1.0,2020-03,-0.38146179477819286,2021-04,0.6045576659725257,LINKUSDT,0.9999999999999998,1.0,low
next_close_base_ccap10_scap1_liquidity_priority_alloc0.01,next_close,base,10,1,liquidity_priority,0.01,AVAXUSDT,79,0,0.0,1.03494803438608,1.3100608030203544,1.27490507173599,0.6075949367088608,1.0375568835673477,0.19884864064299013,-0.6946280575519936,-0.6961663829354161,1.4076525300966969,5,0.5,1,1.0,0.5,1.0,1.0,2021-05,-0.4958680771012025,2022-05,0.3875307825334669,AVAXUSDT,1.0000000000000002,1.0,low
next_close_base_ccap10_scap1_liquidity_priority_alloc0.01,next_close,base,10,1,liquidity_priority,0.01,SOLUSDT,60,0,0.0,0.8292661104298539,1.3821101840497565,0.3830945163529,0.5666666666666667,0.8304592567308866,0.15929123903359876,-0.36482952310367134,-0.364728874007981,1.245639341568086,3,0.5,1,1.0,0.5,1.0,1.0,2021-05,-0.1885959308082663,2021-04,0.2686364766810075,SOLUSDT,1.0,1.0,low
next_close_base_ccap10_scap2_symbol_order_alloc0.01,next_close,base,10,2,symbol_order,0.01,XRPUSDT,86,0,0.0,1.325503488747866,1.541283126451007,0.9193665036102149,0.6511627906976745,1.3325631831348606,0.22180686185384602,-0.3293127917031735,-0.329715483358469,2.301433275704577,4,0.6395348837209303,2,2.0,0.6395348837209303,2.0,2.0,2021-05,-0.2367147756982657,2022-05,0.19816464130612194,XRPUSDT,0.9999999999999998,1.0,low
next_close_base_ccap10_scap2_symbol_order_alloc0.01,next_close,base,10,2,symbol_order,0.01,LTCUSDT,60,0,0.0,0.130788696711028,0.21798116118504668,0.9512830843252049,0.6,0.13023561946081674,0.021795497716592394,-0.27445904171137236,-0.2746443524914678,0.36358786908040885,4,0.5166666666666667,2,1.0,0.5166666666666667,2.0,1.0,2020-03,-0.21550615571777065,2021-04,0.901981079255609,LTCUSDT,1.0000000000000002,1.0,low
next_close_base_ccap10_scap2_symbol_order_alloc0.01,next_close,base,10,2,symbol_order,0.01,ADAUSDT,88,0,0.0,1.0313603627582524,1.172000412225287,1.107805015113455,0.5909090909090909,1.0342931833484448,0.17441531391595433,-0.36652160709114145,-0.36687200618522325,1.5053111813676665,4,0.6477272727272727,2,2.0,0.6477272727272727,2.0,2.0,2025-02,-0.36652160709114145,2025-10,0.37684185686517707,ADAUSDT,1.0,1.0,low
next_close_base_ccap10_scap2_symbol_order_alloc0.01,next_close,base,10,2,symbol_order,0.01,BTCUSDT,34,0,0.0,0.334858438035752,0.9848777589286823,0.778308591466125,0.6470588235294118,0.33453895763391195,0.0565812162874435,-0.22427890609980627,-0.2243626310687915,0.7943851208213031,3,0.6470588235294118,2,2.0,0.6470588235294118,2.0,2.0,2021-01,-0.1100237859653519,2020-03,0.3477756275016705,BTCUSDT,1.0,1.0,low
next_close_base_ccap10_scap2_symbol_order_alloc0.01,next_close,base,10,2,symbol_order,0.01,ETHUSDT,73,0,0.0,0.5964866943400754,0.8171050607398292,0.49012905037712,0.6027397260273972,0.596776100601093,0.10082442906838018,-0.33086199666583216,-0.33116464289653025,1.0957768410240243,4,0.7191780821917808,2,2.0,0.7191780821917808,2.0,2.0,2021-04,-0.04542314816968762,2022-06,0.17100869312652114,ETHUSDT,1.0,1.0,low
next_close_base_ccap10_scap2_symbol_order_alloc0.01,next_close,base,10,2,symbol_order,0.01,BNBUSDT,70,0,0.0,1.4807028446854456,2.115289778122065,1.7351087949832749,0.6142857142857143,1.4893588425470616,0.2507016187699662,-0.4151383169924028,-0.4155503847493419,2.231188863417073,5,0.7857142857142857,2,2.0,0.7857142857142858,2.0,2.0,2021-05,-0.08195315964177885,2021-02,0.2803580098144535,BNBUSDT,1.0000000000000004,1.0,low
next_close_base_ccap10_scap2_symbol_order_alloc0.01,next_close,base,10,2,symbol_order,0.01,LINKUSDT,90,0,0.0,0.47005082815698884,0.5222786979522098,0.05110474783165406,0.5,0.46932615547832235,0.0793337541954875,-0.5063826352775469,-0.5072341450850136,0.7768873128021966,8,0.6444444444444445,2,2.0,0.6444444444444445,2.0,2.0,2020-03,-0.4833644513995927,2021-04,0.672692458133455,LINKUSDT,1.0,1.0,low
next_close_base_ccap10_scap2_symbol_order_alloc0.01,next_close,base,10,2,symbol_order,0.01,AVAXUSDT,95,0,0.0,1.3464795742468216,1.4173469202598121,1.63452735170878,0.6210526315789474,1.3522303459645446,0.2588301207925525,-0.9279371191844743,-0.9312240571669608,1.6704784484940987,4,0.7,2,2.0,0.7,2.0,2.0,2021-05,-0.49879024100499825,2022-05,0.5095505182810928,AVAXUSDT,0.9999999999999999,1.0,low
next_close_base_ccap10_scap2_symbol_order_alloc0.01,next_close,base,10,2,symbol_order,0.01,SOLUSDT,80,0,0.0,1.4888853012781595,1.8611066265976992,0.649307823463105,0.575,1.496484735518977,0.28627848286519875,-0.4626427955592427,-0.46301193495508663,1.8076043451747776,4,0.8,2,2.0,0.8,2.0,2.0,2021-06,-0.17656658969875672,2024-08,0.2585403696621851,SOLUSDT,0.9999999999999999,1.0,low
next_close_base_ccap10_scap2_largest_drop_alloc0.01,next_close,base,10,2,largest_drop,0.01,XRPUSDT,87,0,0.0,1.863478180543083,2.1419289431529687,1.34241482224292,0.6551724137931034,1.8786072050562597,0.3119956048311945,-0.20101832803191,-0.20104569399122313,2.858313907859582,4,0.6724137931034483,2,2.0,0.6724137931034483,2.0,2.0,2021-06,-0.03532072294630817,2022-05,0.1405652573315642,XRPUSDT,1.0000000000000002,1.0,low
next_close_base_ccap10_scap2_largest_drop_alloc0.01,next_close,base,10,2,largest_drop,0.01,LTCUSDT,71,0,0.0,0.3441930703241597,0.48477897228754885,0.91417890689579,0.5915492957746479,0.343498938380149,0.057435127770477656,-0.35073776473606433,-0.35106487461037694,0.676898958166831,7,0.6267605633802817,2,2.0,0.6267605633802817,2.0,2.0,2021-05,-0.21805139743683588,2021-12,0.3560278653739458,LTCUSDT,1.0000000000000002,1.0,low
next_close_base_ccap10_scap2_largest_drop_alloc0.01,next_close,base,10,2,largest_drop,0.01,ADAUSDT,90,0,0.0,1.5268285935990074,1.6964762151100081,1.3305430600320152,0.6,1.5355783699803505,0.2584151710055993,-0.36652160709114145,-0.3668720061852233,2.031186621759014,4,0.6777777777777778,2,2.0,0.6777777777777778,2.0,2.0,2025-02,-0.36652160709114145,2025-10,0.25382290567234966,ADAUSDT,0.9999999999999999,1.0,low
next_close_base_ccap10_scap2_largest_drop_alloc0.01,next_close,base,10,2,largest_drop,0.01,BNBUSDT,63,0,0.0,1.0788792717698246,1.7125067805870233,1.56148583814034,0.6031746031746031,1.0830042813673613,0.1826053089715174,-0.4151383169924139,-0.41555038474934186,1.8890996658207009,5,0.7063492063492064,2,2.0,0.7063492063492064,2.0,2.0,2020-03,-0.10062465734935744,2021-02,0.3855512745239238,BNBUSDT,1.0,1.0,low
next_close_base_ccap10_scap2_largest_drop_alloc0.01,next_close,base,10,2,largest_drop,0.01,ETHUSDT,65,0,0.0,-0.12354565944159565,-0.19007024529476255,0.36312500526186,0.5538461538461539,-0.12417044150937473,-0.021041198756521773,-0.5504683715878089,-0.5514902788370435,-0.32752866686720805,5,0.6538461538461539,2,2.0,0.6538461538461539,2.0,2.0,2020-03,-0.2869245340280768,2022-06,,ETHUSDT,,0.0,low
next_close_base_ccap10_scap2_largest_drop_alloc0.01,next_close,base,10,2,largest_drop,0.01,LINKUSDT,102,0,0.0,1.452137426457055,1.423664143585348,0.28099671642026497,0.5294117647058824,1.4598137415274826,0.24575813535803182,-0.5738610353766993,-0.5750559831952851,1.9398304552673102,8,0.7450980392156863,2,2.0,0.7450980392156863,2.0,2.0,2020-03,-0.5508584628541535,2021-04,0.26997006683267144,LINKUSDT,0.9999999999999999,1.0,low
next_close_base_ccap10_scap2_largest_drop_alloc0.01,next_close,base,10,2,largest_drop,0.01,BTCUSDT,24,0,0.0,-0.025322338402829506,-0.10550974334512295,0.65718996246974,0.625,-0.025583152165298273,-0.004333396003908252,-0.29387893246187735,-0.2941144864954533,-0.10792856431444717,3,0.5416666666666666,2,1.0,0.5416666666666666,2.0,1.0,2020-03,-0.21154477029606822,2021-05,,BTCUSDT,,0.0,low
next_close_base_ccap10_scap2_largest_drop_alloc0.01,next_close,base,10,2,largest_drop,0.01,AVAXUSDT,101,0,0.0,1.9705215395382514,1.9510114252853972,1.80350161257717,0.6435643564356436,1.9862455750535801,0.3792276059575217,-0.9657057730563023,-0.9693291111109678,2.3262973664100572,5,0.7574257425742574,2,2.0,0.7574257425742575,2.0,2.0,2021-05,-0.5367224959912487,2022-05,0.4324203880771803,AVAXUSDT,1.0,1.0,low
next_close_base_ccap10_scap2_largest_drop_alloc0.01,next_close,base,10,2,largest_drop,0.01,SOLUSDT,73,0,0.0,1.0548250547452918,1.4449658284182079,0.27402105279571004,0.5342465753424658,1.057112687039874,0.20258177605063654,-0.6974277927886186,-0.699299683608203,1.3124877367057106,5,0.7328767123287672,2,2.0,0.7328767123287672,2.0,2.0,2021-05,-0.3558829149450493,2024-08,0.3659985557436601,SOLUSDT,0.9999999999999998,1.0,low
next_close_base_ccap10_scap2_liquidity_priority_alloc0.01,next_close,base,10,2,liquidity_priority,0.01,XRPUSDT,86,0,0.0,1.325503488747866,1.541283126451007,0.9193665036102149,0.6511627906976745,1.3325631831348606,0.22180686185384602,-0.3293127917031735,-0.329715483358469,2.301433275704577,4,0.6395348837209303,2,2.0,0.6395348837209303,2.0,2.0,2021-05,-0.2367147756982657,2022-05,0.19816464130612194,XRPUSDT,0.9999999999999998,1.0,low
next_close_base_ccap10_scap2_liquidity_priority_alloc0.01,next_close,base,10,2,liquidity_priority,0.01,LTCUSDT,60,0,0.0,0.130788696711028,0.21798116118504668,0.9512830843252049,0.6,0.13023561946081674,0.021795497716592394,-0.27445904171137236,-0.2746443524914678,0.36358786908040885,4,0.5166666666666667,2,1.0,0.5166666666666667,2.0,1.0,2020-03,-0.21550615571777065,2021-04,0.901981079255609,LTCUSDT,1.0000000000000002,1.0,low
next_close_base_ccap10_scap2_liquidity_priority_alloc0.01,next_close,base,10,2,liquidity_priority,0.01,ADAUSDT,88,0,0.0,1.0313603627582524,1.172000412225287,1.107805015113455,0.5909090909090909,1.0342931833484448,0.17441531391595433,-0.36652160709114145,-0.36687200618522325,1.5053111813676665,4,0.6477272727272727,2,2.0,0.6477272727272727,2.0,2.0,2025-02,-0.36652160709114145,2025-10,0.37684185686517707,ADAUSDT,1.0,1.0,low
next_close_base_ccap10_scap2_liquidity_priority_alloc0.01,next_close,base,10,2,liquidity_priority,0.01,BTCUSDT,34,0,0.0,0.334858438035752,0.9848777589286823,0.778308591466125,0.6470588235294118,0.33453895763391195,0.0565812162874435,-0.22427890609980627,-0.2243626310687915,0.7943851208213031,3,0.6470588235294118,2,2.0,0.6470588235294118,2.0,2.0,2021-01,-0.1100237859653519,2020-03,0.3477756275016705,BTCUSDT,1.0,1.0,low
next_close_base_ccap10_scap2_liquidity_priority_alloc0.01,next_close,base,10,2,liquidity_priority,0.01,ETHUSDT,73,0,0.0,0.5964866943400754,0.8171050607398292,0.49012905037712,0.6027397260273972,0.596776100601093,0.10082442906838018,-0.33086199666583216,-0.33116464289653025,1.0957768410240243,4,0.7191780821917808,2,2.0,0.7191780821917808,2.0,2.0,2021-04,-0.04542314816968762,2022-06,0.17100869312652114,ETHUSDT,1.0,1.0,low
next_close_base_ccap10_scap2_liquidity_priority_alloc0.01,next_close,base,10,2,liquidity_priority,0.01,BNBUSDT,70,0,0.0,1.4807028446854456,2.115289778122065,1.7351087949832749,0.6142857142857143,1.4893588425470616,0.2507016187699662,-0.4151383169924028,-0.4155503847493419,2.231188863417073,5,0.7857142857142857,2,2.0,0.7857142857142858,2.0,2.0,2021-05,-0.08195315964177885,2021-02,0.2803580098144535,BNBUSDT,1.0000000000000004,1.0,low
next_close_base_ccap10_scap2_liquidity_priority_alloc0.01,next_close,base,10,2,liquidity_priority,0.01,LINKUSDT,90,0,0.0,0.47005082815698884,0.5222786979522098,0.05110474783165406,0.5,0.46932615547832235,0.0793337541954875,-0.5063826352775469,-0.5072341450850136,0.7768873128021966,8,0.6444444444444445,2,2.0,0.6444444444444445,2.0,2.0,2020-03,-0.4833644513995927,2021-04,0.672692458133455,LINKUSDT,1.0,1.0,low
next_close_base_ccap10_scap2_liquidity_priority_alloc0.01,next_close,base,10,2,liquidity_priority,0.01,AVAXUSDT,95,0,0.0,1.3464795742468216,1.4173469202598121,1.63452735170878,0.6210526315789474,1.3522303459645446,0.2588301207925525,-0.9279371191844743,-0.9312240571669608,1.6704784484940987,4,0.7,2,2.0,0.7,2.0,2.0,2021-05,-0.49879024100499825,2022-05,0.5095505182810928,AVAXUSDT,0.9999999999999999,1.0,low
next_close_base_ccap10_scap2_liquidity_priority_alloc0.01,next_close,base,10,2,liquidity_priority,0.01,SOLUSDT,80,0,0.0,1.4888853012781595,1.8611066265976992,0.649307823463105,0.575,1.496484735518977,0.28627848286519875,-0.4626427955592427,-0.46301193495508663,1.8076043451747776,4,0.8,2,2.0,0.8,2.0,2.0,2021-06,-0.17656658969875672,2024-08,0.2585403696621851,SOLUSDT,0.9999999999999999,1.0,low
next_close_base_ccap10_scapunlimited_symbol_order_alloc0.01,next_close,base,10,unlimited,symbol_order,0.01,XRPUSDT,87,0,0.0,1.3886538520529546,1.5961538529344306,0.9594137637343001,0.6551724137931034,1.3965550649313707,0.2323971452603768,-0.3293127917031624,-0.32971548335846895,2.4030011766114856,4,0.6609195402298851,3,2.0,0.6609195402298851,3.0,2.0,2021-05,-0.2367147756982657,2022-05,0.18908449214398892,XRPUSDT,1.0,1.0,low
next_close_base_ccap10_scapunlimited_symbol_order_alloc0.01,next_close,base,10,unlimited,symbol_order,0.01,LTCUSDT,57,0,0.0,0.16332757195296121,0.28653959991747585,0.98838726175462,0.6140350877192983,0.16284490359648185,0.02724910851250595,-0.23535886162624475,-0.23547633522566722,0.46250360014628694,4,0.5175438596491229,2,1.0,0.5175438596491229,2.0,1.0,2020-03,-0.21550615571777065,2021-04,0.48042213818884666,LTCUSDT,1.0,1.0,low
next_close_base_ccap10_scapunlimited_symbol_order_alloc0.01,next_close,base,10,unlimited,symbol_order,0.01,ADAUSDT,87,0,0.0,1.0334885656914798,1.187917891599402,1.2974092046276702,0.5977011494252874,1.0364434439014802,0.17477636949982944,-0.36652160709115256,-0.36687200618522325,1.508633044888217,4,0.6379310344827587,2,2.0,0.6379310344827587,2.0,2.0,2025-02,-0.36652160709114145,2025-10,0.37606004075710314,ADAUSDT,1.0000000000000002,1.0,low
next_close_base_ccap10_scapunlimited_symbol_order_alloc0.01,next_close,base,10,unlimited,symbol_order,0.01,BTCUSDT,34,0,0.0,0.334858438035752,0.9848777589286823,0.778308591466125,0.6470588235294118,0.33453895763391195,0.0565812162874435,-0.22427890609980627,-0.2243626310687915,0.7943851208213031,3,0.6470588235294118,2,2.0,0.6470588235294118,2.0,2.0,2021-01,-0.1100237859653519,2020-03,0.3477756275016705,BTCUSDT,1.0,1.0,low
next_close_base_ccap10_scapunlimited_symbol_order_alloc0.01,next_close,base,10,unlimited,symbol_order,0.01,ETHUSDT,76,0,0.0,0.6301457160461139,0.8291391000606761,0.489841898799205,0.5921052631578947,0.6305595153671462,0.10651721360659394,-0.33086199666583216,-0.33116464289653025,1.1275003753136923,4,0.7894736842105263,3,2.0,0.7894736842105263,3.0,2.0,2021-01,-0.0733950091266311,2021-05,0.20070117643876328,ETHUSDT,1.0,1.0,low
next_close_base_ccap10_scapunlimited_symbol_order_alloc0.01,next_close,base,10,unlimited,symbol_order,0.01,BNBUSDT,71,0,0.0,1.531450117303735,2.1569719962024436,1.8022634336913999,0.6197183098591549,1.5408619241575217,0.25931625193258423,-0.4151383169924028,-0.4155503847493419,2.3056007921061266,5,0.8098591549295775,3,2.0,0.8098591549295774,3.0,2.0,2021-05,-0.08195315964177885,2021-02,0.3040589447852854,BNBUSDT,1.0000000000000002,1.0,low
next_close_base_ccap10_scapunlimited_symbol_order_alloc0.01,next_close,base,10,unlimited,symbol_order,0.01,LINKUSDT,89,0,0.0,0.436805280902007,0.4907924504516933,-0.00566775418714187,0.4943820224719101,0.4359368467456326,0.07369988875189915,-0.5063826352775469,-0.5072341450850136,0.7229203560021431,8,0.6460674157303371,3,2.0,0.6460674157303371,3.0,2.0,2020-03,-0.4833644513995927,2022-05,0.6816121927183145,LINKUSDT,0.9999999999999998,1.0,low
next_close_base_ccap10_scapunlimited_symbol_order_alloc0.01,next_close,base,10,unlimited,symbol_order,0.01,AVAXUSDT,96,0,0.0,1.4066847833146214,1.465296649286064,1.6352266319676103,0.625,1.4132496681391604,0.2704439055452923,-0.9279371191844743,-0.9312240571669609,1.7424279963976153,4,0.71875,3,2.0,0.71875,3.0,2.0,2021-05,-0.49879024100499825,2022-05,0.4875498570106916,AVAXUSDT,1.0,1.0,low
next_close_base_ccap10_scapunlimited_symbol_order_alloc0.01,next_close,base,10,unlimited,symbol_order,0.01,SOLUSDT,81,0,0.0,1.4593395916764396,1.8016538168844933,0.49899768307725006,0.5679012345679012,1.4664925334436418,0.2805745330588305,-0.5256668945485932,-0.5263690814891597,1.7677251450129017,4,0.8333333333333334,3,2.0,0.8333333333333334,3.0,2.0,2021-05,-0.1835312560257485,2024-08,0.26382794858584424,SOLUSDT,1.0000000000000002,1.0,low
next_close_base_ccap10_scapunlimited_largest_drop_alloc0.01,next_close,base,10,unlimited,largest_drop,0.01,XRPUSDT,87,0,0.0,1.863478180543083,2.1419289431529687,1.34241482224292,0.6551724137931034,1.8786072050562597,0.3119956048311945,-0.20101832803191,-0.20104569399122313,2.858313907859582,4,0.6724137931034483,2,2.0,0.6724137931034483,2.0,2.0,2021-06,-0.03532072294630817,2022-05,0.1405652573315642,XRPUSDT,1.0000000000000002,1.0,low
next_close_base_ccap10_scapunlimited_largest_drop_alloc0.01,next_close,base,10,unlimited,largest_drop,0.01,LTCUSDT,70,0,0.0,0.3816382574967523,0.5451975107096462,1.0412606976523802,0.6,0.38108011213382476,0.06370899180934142,-0.3507377647360532,-0.35106487461037694,0.7511664353817484,7,0.6285714285714286,3,2.0,0.6285714285714286,3.0,2.0,2021-05,-0.21805139743683588,2021-12,0.32091728194609725,LTCUSDT,1.0,1.0,low
next_close_base_ccap10_scapunlimited_largest_drop_alloc0.01,next_close,base,10,unlimited,largest_drop,0.01,ADAUSDT,90,0,0.0,1.59216529693011,1.769072552144567,1.3949667771046999,0.6111111111111112,1.6019197814753028,0.26950610914782125,-0.3507215732001856,-0.35101636313352624,2.1148412541127564,4,0.6777777777777778,2,2.0,0.6777777777777778,2.0,2.0,2025-02,-0.3035447795047497,2025-10,0.24331116218383006,ADAUSDT,1.0,1.0,low
next_close_base_ccap10_scapunlimited_largest_drop_alloc0.01,next_close,base,10,unlimited,largest_drop,0.01,BNBUSDT,62,0,0.0,1.1032812615582657,1.7794859057391383,1.614719997207745,0.6129032258064516,1.1076796699969638,0.18674685346726783,-0.4151383169924139,-0.41555038474934186,1.9387355558446566,4,0.7419354838709677,3,2.0,0.7419354838709677,3.0,2.0,2020-03,-0.10062465734935744,2021-02,0.42296781588529536,BNBUSDT,1.0,1.0,low
next_close_base_ccap10_scapunlimited_largest_drop_alloc0.01,next_close,base,10,unlimited,largest_drop,0.01,ETHUSDT,67,0,0.0,-0.22183005113631354,-0.331089628561662,0.30278683110837,0.5373134328358209,-0.22231336563135473,-0.03768730604238879,-0.648192394304048,-0.6497746705317613,-0.5774641729764007,5,0.7238805970149254,4,2.0,0.7238805970149254,4.0,2.0,2020-03,-0.2869245340280768,2022-06,,ETHUSDT,,0.0,low
next_close_base_ccap10_scapunlimited_largest_drop_alloc0.01,next_close,base,10,unlimited,largest_drop,0.01,LINKUSDT,103,0,0.0,1.488346610796751,1.4449967095114087,0.29038379242944,0.5339805825242718,1.4965515125158868,0.2519049146734842,-0.5738610353766993,-0.5750559831952851,1.9874398460923772,8,0.7621359223300971,3,2.0,0.7621359223300971,3.0,2.0,2020-03,-0.5508584628541535,2021-04,0.26334276506184945,LINKUSDT,0.9999999999999999,1.0,low
next_close_base_ccap10_scapunlimited_largest_drop_alloc0.01,next_close,base,10,unlimited,largest_drop,0.01,BTCUSDT,22,0,0.0,-0.04461644539165473,-0.2028020245075215,0.65718996246974,0.5909090909090909,-0.04486914063684955,-0.007600757421111215,-0.29387893246187735,-0.2941144864954533,-0.19038073840784317,3,0.5454545454545454,2,1.0,0.5454545454545454,2.0,1.0,2020-03,-0.21154477029606822,2021-05,,BTCUSDT,,0.0,low
next_close_base_ccap10_scapunlimited_largest_drop_alloc0.01,next_close,base,10,unlimited,largest_drop,0.01,AVAXUSDT,102,0,0.0,2.076604793603023,2.0358870525519834,1.832914134888505,0.6470588235294118,2.0944359030582227,0.3997121997820319,-0.9657057730562801,-0.9693291111109678,2.4389477065955814,5,0.7745098039215687,3,2.0,0.7745098039215687,3.0,2.0,2021-05,-0.5367224959912487,2022-05,0.410083250161595,AVAXUSDT,0.9999999999999996,1.0,low
next_close_base_ccap10_scapunlimited_largest_drop_alloc0.01,next_close,base,10,unlimited,largest_drop,0.01,SOLUSDT,75,0,0.0,1.0886364916776448,1.4515153222368598,0.27402105279571004,0.5333333333333333,1.0912583023893196,0.20909675070401867,-0.6974277927886519,-0.699299683608203,1.3493302133467888,5,0.78,3,2.0,0.78,3.0,2.0,2021-05,-0.3558829149450493,2024-08,0.3545464129507825,SOLUSDT,1.0000000000000002,1.0,low
next_close_base_ccap10_scapunlimited_liquidity_priority_alloc0.01,next_close,base,10,unlimited,liquidity_priority,0.01,XRPUSDT,87,0,0.0,1.3886538520529546,1.5961538529344306,0.9594137637343001,0.6551724137931034,1.3965550649313707,0.2323971452603768,-0.3293127917031624,-0.32971548335846895,2.4030011766114856,4,0.6609195402298851,3,2.0,0.6609195402298851,3.0,2.0,2021-05,-0.2367147756982657,2022-05,0.18908449214398892,XRPUSDT,1.0,1.0,low
next_close_base_ccap10_scapunlimited_liquidity_priority_alloc0.01,next_close,base,10,unlimited,liquidity_priority,0.01,LTCUSDT,57,0,0.0,0.16332757195296121,0.28653959991747585,0.98838726175462,0.6140350877192983,0.16284490359648185,0.02724910851250595,-0.23535886162624475,-0.23547633522566722,0.46250360014628694,4,0.5175438596491229,2,1.0,0.5175438596491229,2.0,1.0,2020-03,-0.21550615571777065,2021-04,0.48042213818884666,LTCUSDT,1.0,1.0,low
next_close_base_ccap10_scapunlimited_liquidity_priority_alloc0.01,next_close,base,10,unlimited,liquidity_priority,0.01,ADAUSDT,87,0,0.0,1.0334885656914798,1.187917891599402,1.2974092046276702,0.5977011494252874,1.0364434439014802,0.17477636949982944,-0.36652160709115256,-0.36687200618522325,1.508633044888217,4,0.6379310344827587,2,2.0,0.6379310344827587,2.0,2.0,2025-02,-0.36652160709114145,2025-10,0.37606004075710314,ADAUSDT,1.0000000000000002,1.0,low
next_close_base_ccap10_scapunlimited_liquidity_priority_alloc0.01,next_close,base,10,unlimited,liquidity_priority,0.01,BTCUSDT,34,0,0.0,0.334858438035752,0.9848777589286823,0.778308591466125,0.6470588235294118,0.33453895763391195,0.0565812162874435,-0.22427890609980627,-0.2243626310687915,0.7943851208213031,3,0.6470588235294118,2,2.0,0.6470588235294118,2.0,2.0,2021-01,-0.1100237859653519,2020-03,0.3477756275016705,BTCUSDT,1.0,1.0,low
next_close_base_ccap10_scapunlimited_liquidity_priority_alloc0.01,next_close,base,10,unlimited,liquidity_priority,0.01,ETHUSDT,76,0,0.0,0.6301457160461139,0.8291391000606761,0.489841898799205,0.5921052631578947,0.6305595153671462,0.10651721360659394,-0.33086199666583216,-0.33116464289653025,1.1275003753136923,4,0.7894736842105263,3,2.0,0.7894736842105263,3.0,2.0,2021-01,-0.0733950091266311,2021-05,0.20070117643876328,ETHUSDT,1.0,1.0,low
next_close_base_ccap10_scapunlimited_liquidity_priority_alloc0.01,next_close,base,10,unlimited,liquidity_priority,0.01,BNBUSDT,71,0,0.0,1.531450117303735,2.1569719962024436,1.8022634336913999,0.6197183098591549,1.5408619241575217,0.25931625193258423,-0.4151383169924028,-0.4155503847493419,2.3056007921061266,5,0.8098591549295775,3,2.0,0.8098591549295774,3.0,2.0,2021-05,-0.08195315964177885,2021-02,0.3040589447852854,BNBUSDT,1.0000000000000002,1.0,low
next_close_base_ccap10_scapunlimited_liquidity_priority_alloc0.01,next_close,base,10,unlimited,liquidity_priority,0.01,LINKUSDT,89,0,0.0,0.436805280902007,0.4907924504516933,-0.00566775418714187,0.4943820224719101,0.4359368467456326,0.07369988875189915,-0.5063826352775469,-0.5072341450850136,0.7229203560021431,8,0.6460674157303371,3,2.0,0.6460674157303371,3.0,2.0,2020-03,-0.4833644513995927,2022-05,0.6816121927183145,LINKUSDT,0.9999999999999998,1.0,low
next_close_base_ccap10_scapunlimited_liquidity_priority_alloc0.01,next_close,base,10,unlimited,liquidity_priority,0.01,AVAXUSDT,96,0,0.0,1.4066847833146214,1.465296649286064,1.6352266319676103,0.625,1.4132496681391604,0.2704439055452923,-0.9279371191844743,-0.9312240571669609,1.7424279963976153,4,0.71875,3,2.0,0.71875,3.0,2.0,2021-05,-0.49879024100499825,2022-05,0.4875498570106916,AVAXUSDT,1.0,1.0,low
next_close_base_ccap10_scapunlimited_liquidity_priority_alloc0.01,next_close,base,10,unlimited,liquidity_priority,0.01,SOLUSDT,81,0,0.0,1.4593395916764396,1.8016538168844933,0.49899768307725006,0.5679012345679012,1.4664925334436418,0.2805745330588305,-0.5256668945485932,-0.5263690814891597,1.7677251450129017,4,0.8333333333333334,3,2.0,0.8333333333333334,3.0,2.0,2021-05,-0.1835312560257485,2024-08,0.26382794858584424,SOLUSDT,1.0000000000000002,1.0,low
next_close_base_ccapunlimited_scap1_symbol_order_alloc0.01,next_close,base,unlimited,1,symbol_order,0.01,XRPUSDT,76,0,0.0,0.8062879221017055,1.060905160660139,0.8256061003201851,0.6447368421052632,0.8081642268818134,0.13481146297067426,-0.36639262510202997,-0.36691782883982804,1.5534347759615132,5,0.5,1,1.0,0.5,1.0,1.0,2021-05,-0.22951231146906004,2022-05,0.27611181428511566,XRPUSDT,1.0000000000000002,1.0,low
next_close_base_ccapunlimited_scap1_symbol_order_alloc0.01,next_close,base,unlimited,1,symbol_order,0.01,LTCUSDT,66,0,0.0,-0.2603541141667207,-0.39447593055563746,0.218503364290445,0.5606060606060606,-0.2608971230435908,-0.04373345525172656,-0.5602377317326601,-0.5614259017610711,-0.6164713636034669,9,0.5,1,1.0,0.5,1.0,1.0,2021-05,-0.413689470535461,2021-04,,LTCUSDT,,0.0,low
next_close_base_ccapunlimited_scap1_symbol_order_alloc0.01,next_close,base,unlimited,1,symbol_order,0.01,ADAUSDT,77,0,0.0,0.6046076222820269,0.7852047042623727,1.36367691543636,0.6103896103896104,0.605053854384785,0.1022125303889565,-0.3316769717617296,-0.3318806913604652,1.1548653732197118,3,0.5,1,1.0,0.5,1.0,1.0,2020-03,-0.2939021359403826,2021-02,0.5893841414984946,ADAUSDT,1.0,1.0,low
next_close_base_ccapunlimited_scap1_symbol_order_alloc0.01,next_close,base,unlimited,1,symbol_order,0.01,BTCUSDT,31,0,0.0,0.10433964258726165,0.3365794922169731,1.1596525432420302,0.6774193548387096,0.10406326809162536,0.017617245899259615,-0.2739980492584504,-0.2741460989432326,0.40042482248832145,2,0.5,1,1.0,0.5,1.0,1.0,2020-03,-0.16434223977688234,2021-05,0.5988789030780002,BTCUSDT,1.0000000000000004,1.0,low
next_close_base_ccapunlimited_scap1_symbol_order_alloc0.01,next_close,base,unlimited,1,symbol_order,0.01,ETHUSDT,59,0,0.0,0.4948133696366379,0.8386667281976914,0.48212186329800005,0.576271186440678,0.49481829988831105,0.08363406357081438,-0.28006092127769167,-0.28029490977771304,1.003101584964993,4,0.5,1,1.0,0.5,1.0,1.0,2021-04,-0.09580592224520679,2020-03,0.3760202631584819,ETHUSDT,0.9999999999999998,1.0,low
next_close_base_ccapunlimited_scap1_symbol_order_alloc0.01,next_close,base,unlimited,1,symbol_order,0.01,BNBUSDT,58,0,0.0,1.0253632388199496,1.767867653137844,1.0283584645034298,0.5517241379310345,1.02899080797334,0.1735366960979423,-0.323395851788133,-0.3237328600923405,1.8308332757756,6,0.5,1,1.0,0.5,1.0,1.0,2021-05,-0.24381967473287025,2020-03,0.3832708508238697,BNBUSDT,1.0,1.0,low
next_close_base_ccapunlimited_scap1_symbol_order_alloc0.01,next_close,base,unlimited,1,symbol_order,0.01,LINKUSDT,82,0,0.0,0.44708050120911036,0.5452201234257443,0.05110474783165406,0.5,0.4465644207815478,0.07549327589293497,-0.33878979888466443,-0.3390924494933223,0.8118356944399556,7,0.5,1,1.0,0.5,1.0,1.0,2020-03,-0.38146179477819286,2021-04,0.6045576659725257,LINKUSDT,0.9999999999999998,1.0,low
next_close_base_ccapunlimited_scap1_symbol_order_alloc0.01,next_close,base,unlimited,1,symbol_order,0.01,AVAXUSDT,79,0,0.0,1.03494803438608,1.3100608030203544,1.27490507173599,0.6075949367088608,1.0375568835673477,0.19884864064299013,-0.6946280575519936,-0.6961663829354161,1.4076525300966969,5,0.5,1,1.0,0.5,1.0,1.0,2021-05,-0.4958680771012025,2022-05,0.3875307825334669,AVAXUSDT,1.0000000000000002,1.0,low
next_close_base_ccapunlimited_scap1_symbol_order_alloc0.01,next_close,base,unlimited,1,symbol_order,0.01,SOLUSDT,60,0,0.0,0.8292661104298539,1.3821101840497565,0.3830945163529,0.5666666666666667,0.8304592567308866,0.15929123903359876,-0.36482952310367134,-0.364728874007981,1.245639341568086,3,0.5,1,1.0,0.5,1.0,1.0,2021-05,-0.1885959308082663,2021-04,0.2686364766810075,SOLUSDT,1.0,1.0,low
next_close_base_ccapunlimited_scap1_largest_drop_alloc0.01,next_close,base,unlimited,1,largest_drop,0.01,XRPUSDT,76,0,0.0,0.8062879221017055,1.060905160660139,0.8256061003201851,0.6447368421052632,0.8081642268818134,0.13481146297067426,-0.36639262510202997,-0.36691782883982804,1.5534347759615132,5,0.5,1,1.0,0.5,1.0,1.0,2021-05,-0.22951231146906004,2022-05,0.27611181428511566,XRPUSDT,1.0000000000000002,1.0,low
next_close_base_ccapunlimited_scap1_largest_drop_alloc0.01,next_close,base,unlimited,1,largest_drop,0.01,LTCUSDT,66,0,0.0,-0.2603541141667207,-0.39447593055563746,0.218503364290445,0.5606060606060606,-0.2608971230435908,-0.04373345525172656,-0.5602377317326601,-0.5614259017610711,-0.6164713636034669,9,0.5,1,1.0,0.5,1.0,1.0,2021-05,-0.413689470535461,2021-04,,LTCUSDT,,0.0,low
next_close_base_ccapunlimited_scap1_largest_drop_alloc0.01,next_close,base,unlimited,1,largest_drop,0.01,ADAUSDT,77,0,0.0,0.6046076222820269,0.7852047042623727,1.36367691543636,0.6103896103896104,0.605053854384785,0.1022125303889565,-0.3316769717617296,-0.3318806913604652,1.1548653732197118,3,0.5,1,1.0,0.5,1.0,1.0,2020-03,-0.2939021359403826,2021-02,0.5893841414984946,ADAUSDT,1.0,1.0,low
next_close_base_ccapunlimited_scap1_largest_drop_alloc0.01,next_close,base,unlimited,1,largest_drop,0.01,BNBUSDT,58,0,0.0,1.0253632388199496,1.767867653137844,1.0283584645034298,0.5517241379310345,1.02899080797334,0.1735366960979423,-0.323395851788133,-0.3237328600923405,1.8308332757756,6,0.5,1,1.0,0.5,1.0,1.0,2021-05,-0.24381967473287025,2020-03,0.3832708508238697,BNBUSDT,1.0,1.0,low
next_close_base_ccapunlimited_scap1_largest_drop_alloc0.01,next_close,base,unlimited,1,largest_drop,0.01,ETHUSDT,59,0,0.0,0.4948133696366379,0.8386667281976914,0.48212186329800005,0.576271186440678,0.49481829988831105,0.08363406357081438,-0.28006092127769167,-0.28029490977771304,1.003101584964993,4,0.5,1,1.0,0.5,1.0,1.0,2021-04,-0.09580592224520679,2020-03,0.3760202631584819,ETHUSDT,0.9999999999999998,1.0,low
next_close_base_ccapunlimited_scap1_largest_drop_alloc0.01,next_close,base,unlimited,1,largest_drop,0.01,LINKUSDT,82,0,0.0,0.44708050120911036,0.5452201234257443,0.05110474783165406,0.5,0.4465644207815478,0.07549327589293497,-0.33878979888466443,-0.3390924494933223,0.8118356944399556,7,0.5,1,1.0,0.5,1.0,1.0,2020-03,-0.38146179477819286,2021-04,0.6045576659725257,LINKUSDT,0.9999999999999998,1.0,low
next_close_base_ccapunlimited_scap1_largest_drop_alloc0.01,next_close,base,unlimited,1,largest_drop,0.01,BTCUSDT,31,0,0.0,0.10433964258726165,0.3365794922169731,1.1596525432420302,0.6774193548387096,0.10406326809162536,0.017617245899259615,-0.2739980492584504,-0.2741460989432326,0.40042482248832145,2,0.5,1,1.0,0.5,1.0,1.0,2020-03,-0.16434223977688234,2021-05,0.5988789030780002,BTCUSDT,1.0000000000000004,1.0,low
next_close_base_ccapunlimited_scap1_largest_drop_alloc0.01,next_close,base,unlimited,1,largest_drop,0.01,AVAXUSDT,79,0,0.0,1.03494803438608,1.3100608030203544,1.27490507173599,0.6075949367088608,1.0375568835673477,0.19884864064299013,-0.6946280575519936,-0.6961663829354161,1.4076525300966969,5,0.5,1,1.0,0.5,1.0,1.0,2021-05,-0.4958680771012025,2022-05,0.3875307825334669,AVAXUSDT,1.0000000000000002,1.0,low
next_close_base_ccapunlimited_scap1_largest_drop_alloc0.01,next_close,base,unlimited,1,largest_drop,0.01,SOLUSDT,60,0,0.0,0.8292661104298539,1.3821101840497565,0.3830945163529,0.5666666666666667,0.8304592567308866,0.15929123903359876,-0.36482952310367134,-0.364728874007981,1.245639341568086,3,0.5,1,1.0,0.5,1.0,1.0,2021-05,-0.1885959308082663,2021-04,0.2686364766810075,SOLUSDT,1.0,1.0,low
next_close_base_ccapunlimited_scap1_liquidity_priority_alloc0.01,next_close,base,unlimited,1,liquidity_priority,0.01,XRPUSDT,76,0,0.0,0.8062879221017055,1.060905160660139,0.8256061003201851,0.6447368421052632,0.8081642268818134,0.13481146297067426,-0.36639262510202997,-0.36691782883982804,1.5534347759615132,5,0.5,1,1.0,0.5,1.0,1.0,2021-05,-0.22951231146906004,2022-05,0.27611181428511566,XRPUSDT,1.0000000000000002,1.0,low
next_close_base_ccapunlimited_scap1_liquidity_priority_alloc0.01,next_close,base,unlimited,1,liquidity_priority,0.01,LTCUSDT,66,0,0.0,-0.2603541141667207,-0.39447593055563746,0.218503364290445,0.5606060606060606,-0.2608971230435908,-0.04373345525172656,-0.5602377317326601,-0.5614259017610711,-0.6164713636034669,9,0.5,1,1.0,0.5,1.0,1.0,2021-05,-0.413689470535461,2021-04,,LTCUSDT,,0.0,low
next_close_base_ccapunlimited_scap1_liquidity_priority_alloc0.01,next_close,base,unlimited,1,liquidity_priority,0.01,ADAUSDT,77,0,0.0,0.6046076222820269,0.7852047042623727,1.36367691543636,0.6103896103896104,0.605053854384785,0.1022125303889565,-0.3316769717617296,-0.3318806913604652,1.1548653732197118,3,0.5,1,1.0,0.5,1.0,1.0,2020-03,-0.2939021359403826,2021-02,0.5893841414984946,ADAUSDT,1.0,1.0,low
next_close_base_ccapunlimited_scap1_liquidity_priority_alloc0.01,next_close,base,unlimited,1,liquidity_priority,0.01,BTCUSDT,31,0,0.0,0.10433964258726165,0.3365794922169731,1.1596525432420302,0.6774193548387096,0.10406326809162536,0.017617245899259615,-0.2739980492584504,-0.2741460989432326,0.40042482248832145,2,0.5,1,1.0,0.5,1.0,1.0,2020-03,-0.16434223977688234,2021-05,0.5988789030780002,BTCUSDT,1.0000000000000004,1.0,low
next_close_base_ccapunlimited_scap1_liquidity_priority_alloc0.01,next_close,base,unlimited,1,liquidity_priority,0.01,ETHUSDT,59,0,0.0,0.4948133696366379,0.8386667281976914,0.48212186329800005,0.576271186440678,0.49481829988831105,0.08363406357081438,-0.28006092127769167,-0.28029490977771304,1.003101584964993,4,0.5,1,1.0,0.5,1.0,1.0,2021-04,-0.09580592224520679,2020-03,0.3760202631584819,ETHUSDT,0.9999999999999998,1.0,low
next_close_base_ccapunlimited_scap1_liquidity_priority_alloc0.01,next_close,base,unlimited,1,liquidity_priority,0.01,BNBUSDT,58,0,0.0,1.0253632388199496,1.767867653137844,1.0283584645034298,0.5517241379310345,1.02899080797334,0.1735366960979423,-0.323395851788133,-0.3237328600923405,1.8308332757756,6,0.5,1,1.0,0.5,1.0,1.0,2021-05,-0.24381967473287025,2020-03,0.3832708508238697,BNBUSDT,1.0,1.0,low
next_close_base_ccapunlimited_scap1_liquidity_priority_alloc0.01,next_close,base,unlimited,1,liquidity_priority,0.01,LINKUSDT,82,0,0.0,0.44708050120911036,0.5452201234257443,0.05110474783165406,0.5,0.4465644207815478,0.07549327589293497,-0.33878979888466443,-0.3390924494933223,0.8118356944399556,7,0.5,1,1.0,0.5,1.0,1.0,2020-03,-0.38146179477819286,2021-04,0.6045576659725257,LINKUSDT,0.9999999999999998,1.0,low
next_close_base_ccapunlimited_scap1_liquidity_priority_alloc0.01,next_close,base,unlimited,1,liquidity_priority,0.01,AVAXUSDT,79,0,0.0,1.03494803438608,1.3100608030203544,1.27490507173599,0.6075949367088608,1.0375568835673477,0.19884864064299013,-0.6946280575519936,-0.6961663829354161,1.4076525300966969,5,0.5,1,1.0,0.5,1.0,1.0,2021-05,-0.4958680771012025,2022-05,0.3875307825334669,AVAXUSDT,1.0000000000000002,1.0,low
next_close_base_ccapunlimited_scap1_liquidity_priority_alloc0.01,next_close,base,unlimited,1,liquidity_priority,0.01,SOLUSDT,60,0,0.0,0.8292661104298539,1.3821101840497565,0.3830945163529,0.5666666666666667,0.8304592567308866,0.15929123903359876,-0.36482952310367134,-0.364728874007981,1.245639341568086,3,0.5,1,1.0,0.5,1.0,1.0,2021-05,-0.1885959308082663,2021-04,0.2686364766810075,SOLUSDT,1.0,1.0,low
next_close_base_ccapunlimited_scap2_symbol_order_alloc0.01,next_close,base,unlimited,2,symbol_order,0.01,XRPUSDT,100,0,0.0,2.025734586971149,2.025734586971149,1.364323495856255,0.67,2.0441231962444517,0.3392539779839998,-0.186405136308887,-0.1864051363088888,3.1719236764783743,3,0.76,2,2.0,0.76,2.0,2.0,2021-06,-0.03532072294630817,2021-12,0.16948595065645658,XRPUSDT,1.0,1.0,low
next_close_base_ccapunlimited_scap2_symbol_order_alloc0.01,next_close,base,unlimited,2,symbol_order,0.01,LTCUSDT,87,0,0.0,0.17576328637682284,0.20202676595037108,0.78208099692073,0.5862068965517241,0.17466471707348052,0.02922550148423131,-0.38431770516608177,-0.38420810363071245,0.3496575019814929,4,0.7758620689655172,2,2.0,0.7758620689655172,2.0,2.0,2020-03,-0.2891023234672052,2024-04,0.7526871143459091,LTCUSDT,0.9999999999999999,1.0,low
next_close_base_ccapunlimited_scap2_symbol_order_alloc0.01,next_close,base,unlimited,2,symbol_order,0.01,ADAUSDT,101,0,0.0,1.519645128016625,1.5045991366501237,1.42625663877304,0.6138613861386139,1.5282415540712302,0.2571882346016796,-0.36652160709114145,-0.3668720061852233,2.0024014042230527,4,0.7376237623762376,2,2.0,0.7376237623762376,2.0,2.0,2025-02,-0.36652160709114145,2025-10,0.25504146430103963,ADAUSDT,0.9999999999999999,1.0,low
next_close_base_ccapunlimited_scap2_symbol_order_alloc0.01,next_close,base,unlimited,2,symbol_order,0.01,BTCUSDT,38,0,0.0,0.2054861608237611,0.5407530547993713,0.9719881211731951,0.6842105263157895,0.20529904522368358,0.034741223846723734,-0.2592371723724729,-0.2593009008005734,0.7243035324131148,3,0.6842105263157895,2,2.0,0.6842105263157895,2.0,2.0,2020-03,-0.13004159978534657,2021-05,0.6064982776608442,BTCUSDT,1.0,1.0,low
next_close_base_ccapunlimited_scap2_symbol_order_alloc0.01,next_close,base,unlimited,2,symbol_order,0.01,ETHUSDT,76,0,0.0,0.8362614460051827,1.100344007901556,0.502092834523615,0.6052631578947368,0.8380192418355747,0.14144112676852671,-0.33086199666583216,-0.33116464289653025,1.4290423679792623,3,0.7368421052631579,2,2.0,0.7368421052631579,2.0,2.0,2021-04,-0.04542314816968762,2021-05,0.3599481360127781,ETHUSDT,1.0,1.0,low
next_close_base_ccapunlimited_scap2_symbol_order_alloc0.01,next_close,base,unlimited,2,symbol_order,0.01,BNBUSDT,78,0,0.0,1.5638211123491619,2.004898861986105,1.6426490947294954,0.6153846153846154,1.5737379811394225,0.2648133489514981,-0.4151383169924028,-0.4155503847493419,2.3518818043794743,5,0.8333333333333334,2,2.0,0.8333333333333334,2.0,2.0,2021-05,-0.07343250736938645,2021-02,0.2653260491900525,BNBUSDT,1.0000000000000004,1.0,low
next_close_base_ccapunlimited_scap2_symbol_order_alloc0.01,next_close,base,unlimited,2,symbol_order,0.01,LINKUSDT,110,0,0.0,1.996644554884504,1.8151314135313672,0.493017836049965,0.5454545454545454,2.01279091943376,0.33808464648352743,-0.5337614675138491,-0.5347372688711852,2.3215376753507146,5,0.8090909090909091,2,2.0,0.8090909090909091,2.0,2.0,2020-03,-0.16532904195791787,2021-04,0.19580077073991214,LINKUSDT,0.9999999999999999,1.0,low
next_close_base_ccapunlimited_scap2_symbol_order_alloc0.01,next_close,base,unlimited,2,symbol_order,0.01,AVAXUSDT,107,0,0.0,2.0338973721878535,1.900838665596125,1.80350161257717,0.6355140186915887,2.050773619856594,0.39144735954812493,-0.8565602912389281,-0.8590928668979219,2.3610981268485154,5,0.8177570093457944,2,2.0,0.8177570093457944,2.0,2.0,2021-05,-0.5947058431266861,2022-05,0.4188141850787566,AVAXUSDT,1.0000000000000002,1.0,low
next_close_base_ccapunlimited_scap2_symbol_order_alloc0.01,next_close,base,unlimited,2,symbol_order,0.01,SOLUSDT,84,0,0.0,1.6534090319659032,1.9683440856736942,0.858218810887045,0.5833333333333334,1.6634550865578523,0.31800822855816424,-0.4575218085529187,-0.4579555794656901,1.971144998941455,4,0.8333333333333334,2,2.0,0.8333333333333334,2.0,2.0,2021-06,-0.17656658969875672,2024-08,0.23258921737135688,SOLUSDT,1.0,1.0,low
next_close_base_ccapunlimited_scap2_largest_drop_alloc0.01,next_close,base,unlimited,2,largest_drop,0.01,XRPUSDT,100,0,0.0,2.025734586971149,2.025734586971149,1.364323495856255,0.67,2.0441231962444517,0.3392539779839998,-0.186405136308887,-0.1864051363088888,3.1719236764783743,3,0.76,2,2.0,0.76,2.0,2.0,2021-06,-0.03532072294630817,2021-12,0.16948595065645658,XRPUSDT,1.0,1.0,low
next_close_base_ccapunlimited_scap2_largest_drop_alloc0.01,next_close,base,unlimited,2,largest_drop,0.01,LTCUSDT,87,0,0.0,0.17576328637682284,0.20202676595037108,0.78208099692073,0.5862068965517241,0.17466471707348052,0.02922550148423131,-0.38431770516608177,-0.38420810363071245,0.3496575019814929,4,0.7758620689655172,2,2.0,0.7758620689655172,2.0,2.0,2020-03,-0.2891023234672052,2024-04,0.7526871143459091,LTCUSDT,0.9999999999999999,1.0,low
next_close_base_ccapunlimited_scap2_largest_drop_alloc0.01,next_close,base,unlimited,2,largest_drop,0.01,ADAUSDT,101,0,0.0,1.519645128016625,1.5045991366501237,1.42625663877304,0.6138613861386139,1.5282415540712302,0.2571882346016796,-0.36652160709114145,-0.3668720061852233,2.0024014042230527,4,0.7376237623762376,2,2.0,0.7376237623762376,2.0,2.0,2025-02,-0.36652160709114145,2025-10,0.25504146430103963,ADAUSDT,0.9999999999999999,1.0,low
next_close_base_ccapunlimited_scap2_largest_drop_alloc0.01,next_close,base,unlimited,2,largest_drop,0.01,BNBUSDT,78,0,0.0,1.5638211123491619,2.004898861986105,1.6426490947294954,0.6153846153846154,1.5737379811394225,0.2648133489514981,-0.4151383169924028,-0.4155503847493419,2.3518818043794743,5,0.8333333333333334,2,2.0,0.8333333333333334,2.0,2.0,2021-05,-0.07343250736938645,2021-02,0.2653260491900525,BNBUSDT,1.0000000000000004,1.0,low
next_close_base_ccapunlimited_scap2_largest_drop_alloc0.01,next_close,base,unlimited,2,largest_drop,0.01,ETHUSDT,76,0,0.0,0.8362614460051827,1.100344007901556,0.502092834523615,0.6052631578947368,0.8380192418355747,0.14144112676852671,-0.33086199666583216,-0.33116464289653025,1.4290423679792623,3,0.7368421052631579,2,2.0,0.7368421052631579,2.0,2.0,2021-04,-0.04542314816968762,2021-05,0.3599481360127781,ETHUSDT,1.0,1.0,low
next_close_base_ccapunlimited_scap2_largest_drop_alloc0.01,next_close,base,unlimited,2,largest_drop,0.01,LINKUSDT,110,0,0.0,1.996644554884504,1.8151314135313672,0.493017836049965,0.5454545454545454,2.01279091943376,0.33808464648352743,-0.5337614675138491,-0.5347372688711852,2.3215376753507146,5,0.8090909090909091,2,2.0,0.8090909090909091,2.0,2.0,2020-03,-0.16532904195791787,2021-04,0.19580077073991214,LINKUSDT,0.9999999999999999,1.0,low
next_close_base_ccapunlimited_scap2_largest_drop_alloc0.01,next_close,base,unlimited,2,largest_drop,0.01,BTCUSDT,38,0,0.0,0.2054861608237611,0.5407530547993713,0.9719881211731951,0.6842105263157895,0.20529904522368358,0.034741223846723734,-0.2592371723724729,-0.2593009008005734,0.7243035324131148,3,0.6842105263157895,2,2.0,0.6842105263157895,2.0,2.0,2020-03,-0.13004159978534657,2021-05,0.6064982776608442,BTCUSDT,1.0,1.0,low
next_close_base_ccapunlimited_scap2_largest_drop_alloc0.01,next_close,base,unlimited,2,largest_drop,0.01,AVAXUSDT,107,0,0.0,2.0338973721878535,1.900838665596125,1.80350161257717,0.6355140186915887,2.050773619856594,0.39144735954812493,-0.8565602912389281,-0.8590928668979219,2.3610981268485154,5,0.8177570093457944,2,2.0,0.8177570093457944,2.0,2.0,2021-05,-0.5947058431266861,2022-05,0.4188141850787566,AVAXUSDT,1.0000000000000002,1.0,low
next_close_base_ccapunlimited_scap2_largest_drop_alloc0.01,next_close,base,unlimited,2,largest_drop,0.01,SOLUSDT,84,0,0.0,1.6534090319659032,1.9683440856736942,0.858218810887045,0.5833333333333334,1.6634550865578523,0.31800822855816424,-0.4575218085529187,-0.4579555794656901,1.971144998941455,4,0.8333333333333334,2,2.0,0.8333333333333334,2.0,2.0,2021-06,-0.17656658969875672,2024-08,0.23258921737135688,SOLUSDT,1.0,1.0,low
next_close_base_ccapunlimited_scap2_liquidity_priority_alloc0.01,next_close,base,unlimited,2,liquidity_priority,0.01,XRPUSDT,100,0,0.0,2.025734586971149,2.025734586971149,1.364323495856255,0.67,2.0441231962444517,0.3392539779839998,-0.186405136308887,-0.1864051363088888,3.1719236764783743,3,0.76,2,2.0,0.76,2.0,2.0,2021-06,-0.03532072294630817,2021-12,0.16948595065645658,XRPUSDT,1.0,1.0,low
next_close_base_ccapunlimited_scap2_liquidity_priority_alloc0.01,next_close,base,unlimited,2,liquidity_priority,0.01,LTCUSDT,87,0,0.0,0.17576328637682284,0.20202676595037108,0.78208099692073,0.5862068965517241,0.17466471707348052,0.02922550148423131,-0.38431770516608177,-0.38420810363071245,0.3496575019814929,4,0.7758620689655172,2,2.0,0.7758620689655172,2.0,2.0,2020-03,-0.2891023234672052,2024-04,0.7526871143459091,LTCUSDT,0.9999999999999999,1.0,low
next_close_base_ccapunlimited_scap2_liquidity_priority_alloc0.01,next_close,base,unlimited,2,liquidity_priority,0.01,ADAUSDT,101,0,0.0,1.519645128016625,1.5045991366501237,1.42625663877304,0.6138613861386139,1.5282415540712302,0.2571882346016796,-0.36652160709114145,-0.3668720061852233,2.0024014042230527,4,0.7376237623762376,2,2.0,0.7376237623762376,2.0,2.0,2025-02,-0.36652160709114145,2025-10,0.25504146430103963,ADAUSDT,0.9999999999999999,1.0,low
next_close_base_ccapunlimited_scap2_liquidity_priority_alloc0.01,next_close,base,unlimited,2,liquidity_priority,0.01,BTCUSDT,38,0,0.0,0.2054861608237611,0.5407530547993713,0.9719881211731951,0.6842105263157895,0.20529904522368358,0.034741223846723734,-0.2592371723724729,-0.2593009008005734,0.7243035324131148,3,0.6842105263157895,2,2.0,0.6842105263157895,2.0,2.0,2020-03,-0.13004159978534657,2021-05,0.6064982776608442,BTCUSDT,1.0,1.0,low
next_close_base_ccapunlimited_scap2_liquidity_priority_alloc0.01,next_close,base,unlimited,2,liquidity_priority,0.01,ETHUSDT,76,0,0.0,0.8362614460051827,1.100344007901556,0.502092834523615,0.6052631578947368,0.8380192418355747,0.14144112676852671,-0.33086199666583216,-0.33116464289653025,1.4290423679792623,3,0.7368421052631579,2,2.0,0.7368421052631579,2.0,2.0,2021-04,-0.04542314816968762,2021-05,0.3599481360127781,ETHUSDT,1.0,1.0,low
next_close_base_ccapunlimited_scap2_liquidity_priority_alloc0.01,next_close,base,unlimited,2,liquidity_priority,0.01,BNBUSDT,78,0,0.0,1.5638211123491619,2.004898861986105,1.6426490947294954,0.6153846153846154,1.5737379811394225,0.2648133489514981,-0.4151383169924028,-0.4155503847493419,2.3518818043794743,5,0.8333333333333334,2,2.0,0.8333333333333334,2.0,2.0,2021-05,-0.07343250736938645,2021-02,0.2653260491900525,BNBUSDT,1.0000000000000004,1.0,low
next_close_base_ccapunlimited_scap2_liquidity_priority_alloc0.01,next_close,base,unlimited,2,liquidity_priority,0.01,LINKUSDT,110,0,0.0,1.996644554884504,1.8151314135313672,0.493017836049965,0.5454545454545454,2.01279091943376,0.33808464648352743,-0.5337614675138491,-0.5347372688711852,2.3215376753507146,5,0.8090909090909091,2,2.0,0.8090909090909091,2.0,2.0,2020-03,-0.16532904195791787,2021-04,0.19580077073991214,LINKUSDT,0.9999999999999999,1.0,low
next_close_base_ccapunlimited_scap2_liquidity_priority_alloc0.01,next_close,base,unlimited,2,liquidity_priority,0.01,AVAXUSDT,107,0,0.0,2.0338973721878535,1.900838665596125,1.80350161257717,0.6355140186915887,2.050773619856594,0.39144735954812493,-0.8565602912389281,-0.8590928668979219,2.3610981268485154,5,0.8177570093457944,2,2.0,0.8177570093457944,2.0,2.0,2021-05,-0.5947058431266861,2022-05,0.4188141850787566,AVAXUSDT,1.0000000000000002,1.0,low
next_close_base_ccapunlimited_scap2_liquidity_priority_alloc0.01,next_close,base,unlimited,2,liquidity_priority,0.01,SOLUSDT,84,0,0.0,1.6534090319659032,1.9683440856736942,0.858218810887045,0.5833333333333334,1.6634550865578523,0.31800822855816424,-0.4575218085529187,-0.4579555794656901,1.971144998941455,4,0.8333333333333334,2,2.0,0.8333333333333334,2.0,2.0,2021-06,-0.17656658969875672,2024-08,0.23258921737135688,SOLUSDT,1.0,1.0,low
next_close_base_ccapunlimited_scapunlimited_symbol_order_alloc0.01,next_close,base,unlimited,unlimited,symbol_order,0.01,XRPUSDT,116,0,0.0,3.5083857621109638,3.024470484578417,2.73158599319397,0.6896551724137931,3.5667775129106127,0.5883036958584276,-0.24272441047136217,-0.2428206269792307,4.3550561306448365,3,1.1551724137931034,5,4.0,1.1551724137931034,5.0,4.0,2021-06,-0.03532072294630817,2021-05,0.23248328287775843,XRPUSDT,0.9999999999999999,1.0,low
next_close_base_ccapunlimited_scapunlimited_symbol_order_alloc0.01,next_close,base,unlimited,unlimited,symbol_order,0.01,LTCUSDT,107,0,0.0,1.510690602660881,1.4118603763185804,1.09413413355014,0.6355140186915887,1.5196254469987736,0.25285891670658867,-0.23445633182025416,-0.2345223097135855,2.174561057817485,4,1.2102803738317758,5,3.0,1.2102803738317758,5.0,3.0,2025-02,-0.1154386026768206,2021-05,0.5305747900683959,LTCUSDT,0.9999999999999999,1.0,low
next_close_base_ccapunlimited_scapunlimited_symbol_order_alloc0.01,next_close,base,unlimited,unlimited,symbol_order,0.01,ADAUSDT,129,0,0.0,4.561628678203472,3.5361462621732342,2.1764757348203703,0.6589147286821705,4.659725620598532,0.7742973777405959,-0.3507215732002078,-0.3510163631335259,4.01197933094946,4,1.3682170542635659,6,4.0,1.3682170542635659,6.0,4.0,2025-02,-0.3035447795047497,2021-05,0.3863840606087526,ADAUSDT,0.9999999999999998,1.0,low
next_close_base_ccapunlimited_scapunlimited_symbol_order_alloc0.01,next_close,base,unlimited,unlimited,symbol_order,0.01,BTCUSDT,48,0,0.0,1.229109286805464,2.560644347511383,1.35072601231911,0.7291666666666666,1.2352318407131024,0.2081419736808865,-0.2038740872807976,-0.2039128204969531,2.395954323490213,2,1.3541666666666667,6,4.0,1.3541666666666667,6.0,4.0,2021-01,-0.07682686625735125,2020-03,0.4876524510315591,BTCUSDT,1.0,1.0,low
next_close_base_ccapunlimited_scapunlimited_symbol_order_alloc0.01,next_close,base,unlimited,unlimited,symbol_order,0.01,ETHUSDT,97,0,0.0,2.0101890456372176,2.0723598408631108,1.16072458232269,0.6288659793814433,2.0274611411769783,0.340528358891401,-0.3105360264766044,-0.3107765961317821,2.6712321347778225,5,1.3453608247422681,5,4.0,1.3453608247422681,5.0,4.0,2021-01,-0.0720566440269077,2021-05,0.44916108108658476,ETHUSDT,1.0,1.0,low
next_close_base_ccapunlimited_scapunlimited_symbol_order_alloc0.01,next_close,base,unlimited,unlimited,symbol_order,0.01,BNBUSDT,96,0,0.0,2.8722031138814135,2.9918782436264726,2.04874647655627,0.6458333333333334,2.9099564848905635,0.48699717907272344,-0.5352375949857824,-0.536168353106752,3.4878714944297733,5,1.375,6,4.0,1.375,6.0,4.0,2021-01,-0.06680508984675537,2020-03,0.29721026044930476,BNBUSDT,0.9999999999999999,1.0,low
next_close_base_ccapunlimited_scapunlimited_symbol_order_alloc0.01,next_close,base,unlimited,unlimited,symbol_order,0.01,LINKUSDT,143,0,0.0,4.058988907685594,2.838453781598317,1.62819567591771,0.6013986013986014,4.136315222364395,0.6888147555424773,-0.46625585269318703,-0.4669154307609138,3.906257571507225,5,1.479020979020979,7,4.0,1.479020979020979,7.000000000000001,4.0,2025-02,-0.13485917975936124,2020-03,0.21714294354644126,LINKUSDT,0.9999999999999998,1.0,low
next_close_base_ccapunlimited_scapunlimited_symbol_order_alloc0.01,next_close,base,unlimited,unlimited,symbol_order,0.01,AVAXUSDT,131,0,0.0,4.048549277612163,3.09049563176501,2.461461236925,0.6717557251908397,4.125592189994798,0.7810722013628313,-0.5815420483400002,-0.5823225801636243,3.96772890230422,5,1.2557251908396947,5,3.0,1.2557251908396947,5.0,3.0,2025-02,-0.28671643750587394,2022-05,0.26390643330596114,AVAXUSDT,1.0,1.0,low
next_close_base_ccapunlimited_scapunlimited_symbol_order_alloc0.01,next_close,base,unlimited,unlimited,symbol_order,0.01,SOLUSDT,99,0,0.0,3.0983306537094397,3.129626922938828,1.87907492644111,0.5959595959595959,3.1406150498160423,0.5968984969083824,-0.37558223143706604,-0.37591836117026634,2.9269496234804446,4,1.2272727272727273,5,3.1499999999999773,1.2272727272727273,5.0,3.1499999999999773,2021-06,-0.17656658969875672,2021-05,0.3791901653906485,SOLUSDT,1.0,1.0,low
next_close_base_ccapunlimited_scapunlimited_largest_drop_alloc0.01,next_close,base,unlimited,unlimited,largest_drop,0.01,XRPUSDT,116,0,0.0,3.5083857621109638,3.024470484578417,2.73158599319397,0.6896551724137931,3.5667775129106127,0.5883036958584276,-0.24272441047136217,-0.2428206269792307,4.3550561306448365,3,1.1551724137931034,5,4.0,1.1551724137931034,5.0,4.0,2021-06,-0.03532072294630817,2021-05,0.23248328287775843,XRPUSDT,0.9999999999999999,1.0,low
next_close_base_ccapunlimited_scapunlimited_largest_drop_alloc0.01,next_close,base,unlimited,unlimited,largest_drop,0.01,LTCUSDT,107,0,0.0,1.510690602660881,1.4118603763185804,1.09413413355014,0.6355140186915887,1.5196254469987736,0.25285891670658867,-0.23445633182025416,-0.2345223097135855,2.174561057817485,4,1.2102803738317758,5,3.0,1.2102803738317758,5.0,3.0,2025-02,-0.1154386026768206,2021-05,0.5305747900683959,LTCUSDT,0.9999999999999999,1.0,low
next_close_base_ccapunlimited_scapunlimited_largest_drop_alloc0.01,next_close,base,unlimited,unlimited,largest_drop,0.01,ADAUSDT,129,0,0.0,4.561628678203472,3.5361462621732342,2.1764757348203703,0.6589147286821705,4.659725620598532,0.7742973777405959,-0.3507215732002078,-0.3510163631335259,4.01197933094946,4,1.3682170542635659,6,4.0,1.3682170542635659,6.0,4.0,2025-02,-0.3035447795047497,2021-05,0.3863840606087526,ADAUSDT,0.9999999999999998,1.0,low
next_close_base_ccapunlimited_scapunlimited_largest_drop_alloc0.01,next_close,base,unlimited,unlimited,largest_drop,0.01,BNBUSDT,96,0,0.0,2.8722031138814135,2.9918782436264726,2.04874647655627,0.6458333333333334,2.9099564848905635,0.48699717907272344,-0.5352375949857824,-0.536168353106752,3.4878714944297733,5,1.375,6,4.0,1.375,6.0,4.0,2021-01,-0.06680508984675537,2020-03,0.29721026044930476,BNBUSDT,0.9999999999999999,1.0,low
next_close_base_ccapunlimited_scapunlimited_largest_drop_alloc0.01,next_close,base,unlimited,unlimited,largest_drop,0.01,ETHUSDT,97,0,0.0,2.0101890456372176,2.0723598408631108,1.16072458232269,0.6288659793814433,2.0274611411769783,0.340528358891401,-0.3105360264766044,-0.3107765961317821,2.6712321347778225,5,1.3453608247422681,5,4.0,1.3453608247422681,5.0,4.0,2021-01,-0.0720566440269077,2021-05,0.44916108108658476,ETHUSDT,1.0,1.0,low
next_close_base_ccapunlimited_scapunlimited_largest_drop_alloc0.01,next_close,base,unlimited,unlimited,largest_drop,0.01,LINKUSDT,143,0,0.0,4.058988907685594,2.838453781598317,1.62819567591771,0.6013986013986014,4.136315222364395,0.6888147555424773,-0.46625585269318703,-0.4669154307609138,3.906257571507225,5,1.479020979020979,7,4.0,1.479020979020979,7.000000000000001,4.0,2025-02,-0.13485917975936124,2020-03,0.21714294354644126,LINKUSDT,0.9999999999999998,1.0,low
next_close_base_ccapunlimited_scapunlimited_largest_drop_alloc0.01,next_close,base,unlimited,unlimited,largest_drop,0.01,BTCUSDT,48,0,0.0,1.229109286805464,2.560644347511383,1.35072601231911,0.7291666666666666,1.2352318407131024,0.2081419736808865,-0.2038740872807976,-0.2039128204969531,2.395954323490213,2,1.3541666666666667,6,4.0,1.3541666666666667,6.0,4.0,2021-01,-0.07682686625735125,2020-03,0.4876524510315591,BTCUSDT,1.0,1.0,low
next_close_base_ccapunlimited_scapunlimited_largest_drop_alloc0.01,next_close,base,unlimited,unlimited,largest_drop,0.01,AVAXUSDT,131,0,0.0,4.048549277612163,3.09049563176501,2.461461236925,0.6717557251908397,4.125592189994798,0.7810722013628313,-0.5815420483400002,-0.5823225801636243,3.96772890230422,5,1.2557251908396947,5,3.0,1.2557251908396947,5.0,3.0,2025-02,-0.28671643750587394,2022-05,0.26390643330596114,AVAXUSDT,1.0,1.0,low
next_close_base_ccapunlimited_scapunlimited_largest_drop_alloc0.01,next_close,base,unlimited,unlimited,largest_drop,0.01,SOLUSDT,99,0,0.0,3.0983306537094397,3.129626922938828,1.87907492644111,0.5959595959595959,3.1406150498160423,0.5968984969083824,-0.37558223143706604,-0.37591836117026634,2.9269496234804446,4,1.2272727272727273,5,3.1499999999999773,1.2272727272727273,5.0,3.1499999999999773,2021-06,-0.17656658969875672,2021-05,0.3791901653906485,SOLUSDT,1.0,1.0,low
next_close_base_ccapunlimited_scapunlimited_liquidity_priority_alloc0.01,next_close,base,unlimited,unlimited,liquidity_priority,0.01,XRPUSDT,116,0,0.0,3.5083857621109638,3.024470484578417,2.73158599319397,0.6896551724137931,3.5667775129106127,0.5883036958584276,-0.24272441047136217,-0.2428206269792307,4.3550561306448365,3,1.1551724137931034,5,4.0,1.1551724137931034,5.0,4.0,2021-06,-0.03532072294630817,2021-05,0.23248328287775843,XRPUSDT,0.9999999999999999,1.0,low
next_close_base_ccapunlimited_scapunlimited_liquidity_priority_alloc0.01,next_close,base,unlimited,unlimited,liquidity_priority,0.01,LTCUSDT,107,0,0.0,1.510690602660881,1.4118603763185804,1.09413413355014,0.6355140186915887,1.5196254469987736,0.25285891670658867,-0.23445633182025416,-0.2345223097135855,2.174561057817485,4,1.2102803738317758,5,3.0,1.2102803738317758,5.0,3.0,2025-02,-0.1154386026768206,2021-05,0.5305747900683959,LTCUSDT,0.9999999999999999,1.0,low
next_close_base_ccapunlimited_scapunlimited_liquidity_priority_alloc0.01,next_close,base,unlimited,unlimited,liquidity_priority,0.01,ADAUSDT,129,0,0.0,4.561628678203472,3.5361462621732342,2.1764757348203703,0.6589147286821705,4.659725620598532,0.7742973777405959,-0.3507215732002078,-0.3510163631335259,4.01197933094946,4,1.3682170542635659,6,4.0,1.3682170542635659,6.0,4.0,2025-02,-0.3035447795047497,2021-05,0.3863840606087526,ADAUSDT,0.9999999999999998,1.0,low
next_close_base_ccapunlimited_scapunlimited_liquidity_priority_alloc0.01,next_close,base,unlimited,unlimited,liquidity_priority,0.01,BTCUSDT,48,0,0.0,1.229109286805464,2.560644347511383,1.35072601231911,0.7291666666666666,1.2352318407131024,0.2081419736808865,-0.2038740872807976,-0.2039128204969531,2.395954323490213,2,1.3541666666666667,6,4.0,1.3541666666666667,6.0,4.0,2021-01,-0.07682686625735125,2020-03,0.4876524510315591,BTCUSDT,1.0,1.0,low
next_close_base_ccapunlimited_scapunlimited_liquidity_priority_alloc0.01,next_close,base,unlimited,unlimited,liquidity_priority,0.01,ETHUSDT,97,0,0.0,2.0101890456372176,2.0723598408631108,1.16072458232269,0.6288659793814433,2.0274611411769783,0.340528358891401,-0.3105360264766044,-0.3107765961317821,2.6712321347778225,5,1.3453608247422681,5,4.0,1.3453608247422681,5.0,4.0,2021-01,-0.0720566440269077,2021-05,0.44916108108658476,ETHUSDT,1.0,1.0,low
next_close_base_ccapunlimited_scapunlimited_liquidity_priority_alloc0.01,next_close,base,unlimited,unlimited,liquidity_priority,0.01,BNBUSDT,96,0,0.0,2.8722031138814135,2.9918782436264726,2.04874647655627,0.6458333333333334,2.9099564848905635,0.48699717907272344,-0.5352375949857824,-0.536168353106752,3.4878714944297733,5,1.375,6,4.0,1.375,6.0,4.0,2021-01,-0.06680508984675537,2020-03,0.29721026044930476,BNBUSDT,0.9999999999999999,1.0,low
next_close_base_ccapunlimited_scapunlimited_liquidity_priority_alloc0.01,next_close,base,unlimited,unlimited,liquidity_priority,0.01,LINKUSDT,143,0,0.0,4.058988907685594,2.838453781598317,1.62819567591771,0.6013986013986014,4.136315222364395,0.6888147555424773,-0.46625585269318703,-0.4669154307609138,3.906257571507225,5,1.479020979020979,7,4.0,1.479020979020979,7.000000000000001,4.0,2025-02,-0.13485917975936124,2020-03,0.21714294354644126,LINKUSDT,0.9999999999999998,1.0,low
next_close_base_ccapunlimited_scapunlimited_liquidity_priority_alloc0.01,next_close,base,unlimited,unlimited,liquidity_priority,0.01,AVAXUSDT,131,0,0.0,4.048549277612163,3.09049563176501,2.461461236925,0.6717557251908397,4.125592189994798,0.7810722013628313,-0.5815420483400002,-0.5823225801636243,3.96772890230422,5,1.2557251908396947,5,3.0,1.2557251908396947,5.0,3.0,2025-02,-0.28671643750587394,2022-05,0.26390643330596114,AVAXUSDT,1.0,1.0,low
next_close_base_ccapunlimited_scapunlimited_liquidity_priority_alloc0.01,next_close,base,unlimited,unlimited,liquidity_priority,0.01,SOLUSDT,99,0,0.0,3.0983306537094397,3.129626922938828,1.87907492644111,0.5959595959595959,3.1406150498160423,0.5968984969083824,-0.37558223143706604,-0.37591836117026634,2.9269496234804446,4,1.2272727272727273,5,3.1499999999999773,1.2272727272727273,5.0,3.1499999999999773,2021-06,-0.17656658969875672,2021-05,0.3791901653906485,SOLUSDT,1.0,1.0,low
next_close_stress_ccap5_scap1_symbol_order_alloc0.01,next_close,stress,5,1,symbol_order,0.01,XRPUSDT,69,0,0.0,0.7106175397012834,1.0298804923207006,1.00863366225612,0.6376811594202898,0.7119567775960123,0.11881019693142925,-0.20621101014466348,-0.2062456497193455,1.4731147284333477,4,0.5,1,1.0,0.5,1.0,1.0,2020-03,-0.16091602741566957,2022-05,0.23014673581624023,XRPUSDT,0.9999999999999999,1.0,low
next_close_stress_ccap5_scap1_symbol_order_alloc0.01,next_close,stress,5,1,symbol_order,0.01,LTCUSDT,28,0,0.0,-0.05015722926800969,-0.17913296167146317,0.704319302164515,0.5714285714285714,-0.050339557935774604,-0.008457775307801896,-0.22648660606955362,-0.22665603069101198,-0.24971769055329882,2,0.5,1,1.0,0.5,1.0,1.0,2022-05,-0.09071989241220546,2025-03,,LTCUSDT,,0.0,low
next_close_stress_ccap5_scap1_symbol_order_alloc0.01,next_close,stress,5,1,symbol_order,0.01,ADAUSDT,68,0,0.0,0.33530900838620853,0.4931014829208949,0.9266677281731701,0.5735294117647058,0.33464325345351487,0.056734245041223375,-0.3004603361215996,-0.30057250906727734,0.675012632839175,4,0.5,1,1.0,0.5,1.0,1.0,2020-03,-0.3025885321724431,2021-02,0.9155052663641894,ADAUSDT,0.9999999999999999,1.0,low
next_close_stress_ccap5_scap1_symbol_order_alloc0.01,next_close,stress,5,1,symbol_order,0.01,BTCUSDT,27,0,0.0,-0.048389910629457224,-0.17922189122021193,0.59149154091456,0.6296296296296297,-0.04869343570240714,-0.008248717674719241,-0.30290596603721465,-0.30313345946315046,-0.18926176035794534,2,0.5,1,1.0,0.5,1.0,1.0,2020-03,-0.1713700977833299,2026-02,,BTCUSDT,,0.0,low
next_close_stress_ccap5_scap1_symbol_order_alloc0.01,next_close,stress,5,1,symbol_order,0.01,ETHUSDT,54,0,0.0,0.249278053329644,0.4616260246845259,0.2842452821882,0.5370370370370371,0.24843030745820283,0.04203248888421385,-0.31802012824651005,-0.31837072912080344,0.5146101653604928,4,0.5,1,1.0,0.5,1.0,1.0,2021-04,-0.09930900461613268,2020-03,0.704657680110496,ETHUSDT,1.0000000000000004,1.0,low
next_close_stress_ccap5_scap1_symbol_order_alloc0.01,next_close,stress,5,1,symbol_order,0.01,BNBUSDT,52,0,0.0,0.793392983195375,1.5257557369141825,0.87701933140664,0.5576923076923077,0.7950542858951914,0.1342132799154072,-0.31015654773693946,-0.31046186781566915,1.4726719263582548,6,0.5,1,1.0,0.5,1.0,1.0,2021-05,-0.2861147274792364,2020-03,0.4819184035525401,BNBUSDT,1.0,1.0,low
next_close_stress_ccap5_scap1_symbol_order_alloc0.01,next_close,stress,5,1,symbol_order,0.01,LINKUSDT,56,0,0.0,0.26760312979962353,0.477862731785042,-0.041595191281865,0.48214285714285715,0.2673133942253436,0.045238684063386714,-0.25898355309409427,-0.25922419438930366,0.7411917179182398,5,0.5,1,1.0,0.5,1.0,1.0,2025-02,-0.13497283128992565,2021-04,0.9819496019846549,LINKUSDT,0.9999999999999998,1.0,low
next_close_stress_ccap5_scap1_symbol_order_alloc0.01,next_close,stress,5,1,symbol_order,0.01,AVAXUSDT,71,0,0.0,0.6276400203052035,0.8840000285988782,0.8345654944822,0.6056338028169014,0.627113611301322,0.12039478931180625,-0.7166983510235814,-0.7184457414208609,0.8891770741253759,5,0.5,1,1.0,0.5,1.0,1.0,2021-05,-0.5253413735234025,2022-05,0.620363409842575,AVAXUSDT,1.0,1.0,low
next_close_stress_ccap5_scap1_symbol_order_alloc0.01,next_close,stress,5,1,symbol_order,0.01,SOLUSDT,55,0,0.0,0.4616935904419281,0.8394428917125966,0.09371713355057,0.509090909090909,0.4606894128175387,0.0884966585321667,-0.37446058419688955,-0.37439093153547737,0.7157330388718369,3,0.5,1,1.0,0.5,1.0,1.0,2021-05,-0.19302681694027823,2021-02,0.4270050403207269,SOLUSDT,0.9999999999999999,1.0,low
next_close_stress_ccap5_scap1_largest_drop_alloc0.01,next_close,stress,5,1,largest_drop,0.01,XRPUSDT,62,0,0.0,0.020027192347128846,0.032301923140530396,0.46072824967357,0.5967741935483871,0.019025368540726006,0.0031842959832273365,-0.3895973363474692,-0.3902041721511616,0.044344421823355545,5,0.5,1,1.0,0.5,1.0,1.0,2021-05,-0.25108752094757936,2020-12,8.538383058463117,XRPUSDT,1.0000000000000007,1.0,low
next_close_stress_ccap5_scap1_largest_drop_alloc0.01,next_close,stress,5,1,largest_drop,0.01,LTCUSDT,55,0,0.0,0.5271864626727922,0.9585208412232586,0.92159979763444,0.5636363636363636,0.5277149349895982,0.0881697690372718,-0.1261083070943858,-0.12606654940580464,1.2787480541017782,3,0.5,1,1.0,0.5,1.0,1.0,2025-02,-0.11751997745843568,2020-03,0.37014998464406346,LTCUSDT,0.9999999999999998,1.0,low
next_close_stress_ccap5_scap1_largest_drop_alloc0.01,next_close,stress,5,1,largest_drop,0.01,ADAUSDT,66,0,0.0,0.9572196658419173,1.450332827033208,1.2135424717681,0.5909090909090909,0.9603079427173977,0.16198837884560113,-0.2310877036200032,-0.23112536262535122,1.7795519111443583,3,0.5,1,1.0,0.5,1.0,1.0,2025-02,-0.2310877036200143,2021-02,0.2794413678734752,ADAUSDT,0.9999999999999999,1.0,low
next_close_stress_ccap5_scap1_largest_drop_alloc0.01,next_close,stress,5,1,largest_drop,0.01,BNBUSDT,43,0,0.0,0.488318994047736,1.1356255675528744,0.42644457358514004,0.5116279069767442,0.4886940603579193,0.1108919582335055,-0.18610472261225697,-0.18623387158543953,1.2159689766603252,5,0.5,1,1.0,0.5,1.0,1.0,2020-03,-0.04940899154927125,2021-02,0.45160715304249704,BNBUSDT,1.0,1.0,low
next_close_stress_ccap5_scap1_largest_drop_alloc0.01,next_close,stress,5,1,largest_drop,0.01,ETHUSDT,38,0,0.0,-0.1440397896013046,-0.37905207789816997,0.2842452821882,0.5526315789473685,-0.14434584828673103,-0.024466193052785634,-0.4144637318969413,-0.41506956470208667,-0.49790342758053996,5,0.5,1,1.0,0.5,1.0,1.0,2020-03,-0.17864541012052593,2022-06,,ETHUSDT,,0.0,low
next_close_stress_ccap5_scap1_largest_drop_alloc0.01,next_close,stress,5,1,largest_drop,0.01,LINKUSDT,78,0,0.0,0.49343407450529825,0.6326077878273054,0.04018917867491,0.5,0.4932541292268944,0.08337022729036914,-0.34922232621756866,-0.3495553284357972,0.9343175912086253,7,0.5,1,1.0,0.5,1.0,1.0,2020-03,-0.3918479711825351,2021-02,0.4270860619353802,LINKUSDT,1.0000000000000004,1.0,low
next_close_stress_ccap5_scap1_largest_drop_alloc0.01,next_close,stress,5,1,largest_drop,0.01,BTCUSDT,10,0,0.0,-0.0798746000532985,-0.798746000532985,0.29022126267104,0.6,-0.08002795152107778,-0.016060638470682953,-0.17925022917612,-0.17925105360513813,-0.3971532808565864,2,0.5,1,1.0,0.5,1.0,1.0,2020-03,-0.1773944891730883,2021-06,,BTCUSDT,,0.0,low
next_close_stress_ccap5_scap1_largest_drop_alloc0.01,next_close,stress,5,1,largest_drop,0.01,AVAXUSDT,73,0,0.0,0.6835389181888281,0.9363546824504495,1.09360076816389,0.6164383561643836,0.6835286469868862,0.13118494441499706,-0.5606561825063916,-0.5614683739538302,1.0002451330260813,4,0.5,1,1.0,0.5,1.0,1.0,2021-05,-0.506060018241572,2022-05,0.5691617168944247,AVAXUSDT,1.0000000000000002,1.0,low
next_close_stress_ccap5_scap1_largest_drop_alloc0.01,next_close,stress,5,1,largest_drop,0.01,SOLUSDT,54,0,0.0,0.4239451538263735,0.785083618196988,0.003993947459860002,0.5,0.4227335179176839,0.08121787986505868,-0.43639720244392777,-0.43659557884811995,0.6502385108797473,3,0.5,1,1.0,0.5,1.0,1.0,2021-05,-0.25507623150483605,2021-04,0.5186813292418739,SOLUSDT,1.0000000000000004,1.0,low
next_close_stress_ccap5_scap1_liquidity_priority_alloc0.01,next_close,stress,5,1,liquidity_priority,0.01,XRPUSDT,69,0,0.0,0.7106175397012834,1.0298804923207006,1.00863366225612,0.6376811594202898,0.7119567775960123,0.11881019693142925,-0.20621101014466348,-0.2062456497193455,1.4731147284333477,4,0.5,1,1.0,0.5,1.0,1.0,2020-03,-0.16091602741566957,2022-05,0.23014673581624023,XRPUSDT,0.9999999999999999,1.0,low
next_close_stress_ccap5_scap1_liquidity_priority_alloc0.01,next_close,stress,5,1,liquidity_priority,0.01,LTCUSDT,28,0,0.0,-0.05015722926800969,-0.17913296167146317,0.704319302164515,0.5714285714285714,-0.050339557935774604,-0.008457775307801896,-0.22648660606955362,-0.22665603069101198,-0.24971769055329882,2,0.5,1,1.0,0.5,1.0,1.0,2022-05,-0.09071989241220546,2025-03,,LTCUSDT,,0.0,low
next_close_stress_ccap5_scap1_liquidity_priority_alloc0.01,next_close,stress,5,1,liquidity_priority,0.01,ADAUSDT,68,0,0.0,0.33530900838620853,0.4931014829208949,0.9266677281731701,0.5735294117647058,0.33464325345351487,0.056734245041223375,-0.3004603361215996,-0.30057250906727734,0.675012632839175,4,0.5,1,1.0,0.5,1.0,1.0,2020-03,-0.3025885321724431,2021-02,0.9155052663641894,ADAUSDT,0.9999999999999999,1.0,low
next_close_stress_ccap5_scap1_liquidity_priority_alloc0.01,next_close,stress,5,1,liquidity_priority,0.01,BTCUSDT,27,0,0.0,-0.048389910629457224,-0.17922189122021193,0.59149154091456,0.6296296296296297,-0.04869343570240714,-0.008248717674719241,-0.30290596603721465,-0.30313345946315046,-0.18926176035794534,2,0.5,1,1.0,0.5,1.0,1.0,2020-03,-0.1713700977833299,2026-02,,BTCUSDT,,0.0,low
next_close_stress_ccap5_scap1_liquidity_priority_alloc0.01,next_close,stress,5,1,liquidity_priority,0.01,ETHUSDT,54,0,0.0,0.249278053329644,0.4616260246845259,0.2842452821882,0.5370370370370371,0.24843030745820283,0.04203248888421385,-0.31802012824651005,-0.31837072912080344,0.5146101653604928,4,0.5,1,1.0,0.5,1.0,1.0,2021-04,-0.09930900461613268,2020-03,0.704657680110496,ETHUSDT,1.0000000000000004,1.0,low
next_close_stress_ccap5_scap1_liquidity_priority_alloc0.01,next_close,stress,5,1,liquidity_priority,0.01,BNBUSDT,52,0,0.0,0.793392983195375,1.5257557369141825,0.87701933140664,0.5576923076923077,0.7950542858951914,0.1342132799154072,-0.31015654773693946,-0.31046186781566915,1.4726719263582548,6,0.5,1,1.0,0.5,1.0,1.0,2021-05,-0.2861147274792364,2020-03,0.4819184035525401,BNBUSDT,1.0,1.0,low
next_close_stress_ccap5_scap1_liquidity_priority_alloc0.01,next_close,stress,5,1,liquidity_priority,0.01,LINKUSDT,56,0,0.0,0.26760312979962353,0.477862731785042,-0.041595191281865,0.48214285714285715,0.2673133942253436,0.045238684063386714,-0.25898355309409427,-0.25922419438930366,0.7411917179182398,5,0.5,1,1.0,0.5,1.0,1.0,2025-02,-0.13497283128992565,2021-04,0.9819496019846549,LINKUSDT,0.9999999999999998,1.0,low
next_close_stress_ccap5_scap1_liquidity_priority_alloc0.01,next_close,stress,5,1,liquidity_priority,0.01,AVAXUSDT,71,0,0.0,0.6276400203052035,0.8840000285988782,0.8345654944822,0.6056338028169014,0.627113611301322,0.12039478931180625,-0.7166983510235814,-0.7184457414208609,0.8891770741253759,5,0.5,1,1.0,0.5,1.0,1.0,2021-05,-0.5253413735234025,2022-05,0.620363409842575,AVAXUSDT,1.0,1.0,low
next_close_stress_ccap5_scap1_liquidity_priority_alloc0.01,next_close,stress,5,1,liquidity_priority,0.01,SOLUSDT,55,0,0.0,0.4616935904419281,0.8394428917125966,0.09371713355057,0.509090909090909,0.4606894128175387,0.0884966585321667,-0.37446058419688955,-0.37439093153547737,0.7157330388718369,3,0.5,1,1.0,0.5,1.0,1.0,2021-05,-0.19302681694027823,2021-02,0.4270050403207269,SOLUSDT,0.9999999999999999,1.0,low
next_close_stress_ccap5_scap2_symbol_order_alloc0.01,next_close,stress,5,2,symbol_order,0.01,XRPUSDT,65,0,0.0,0.6595306424229568,1.014662526804549,0.7784247939610001,0.6153846153846154,0.660800598286504,0.1102966947271522,-0.23592921794532984,-0.23613295109525617,1.568482844386429,7,0.5307692307692308,2,1.0,0.5307692307692308,2.0,1.0,2021-05,-0.13613331003422546,2022-05,0.24796365020076538,XRPUSDT,1.0,1.0,low
next_close_stress_ccap5_scap2_symbol_order_alloc0.01,next_close,stress,5,2,symbol_order,0.01,LTCUSDT,27,0,0.0,-0.09203596352938881,-0.3408739389977363,0.6012692713807101,0.5555555555555556,-0.09217968851031877,-0.015490221166170048,-0.22648660606954252,-0.22665603069101198,-0.47000780531141295,2,0.5,1,1.0,0.5,1.0,1.0,2022-05,-0.09071989241220546,2025-03,,LTCUSDT,,0.0,low
next_close_stress_ccap5_scap2_symbol_order_alloc0.01,next_close,stress,5,2,symbol_order,0.01,ADAUSDT,66,0,0.0,0.4807997751372915,0.728484507783775,0.9266677281731701,0.5757575757575758,0.48092918780819893,0.08148571440071972,-0.371543232137983,-0.3719062183900417,1.0638893678841186,4,0.5454545454545454,2,1.0,0.5454545454545454,2.0,1.0,2025-02,-0.3715432321379719,2021-02,0.6370327870641168,ADAUSDT,1.0,1.0,low
next_close_stress_ccap5_scap2_symbol_order_alloc0.01,next_close,stress,5,2,symbol_order,0.01,BTCUSDT,27,0,0.0,0.2645781778342286,0.9799191771638096,0.59149154091456,0.6296296296296297,0.2640800723314074,0.04467741023272964,-0.17870570551682396,-0.1787057055168262,0.6356456394345313,2,0.5740740740740741,2,1.0,0.5740740740740741,2.0,1.0,2021-01,-0.09187612028618286,2020-03,0.5851486712915973,BTCUSDT,1.0,1.0,low
next_close_stress_ccap5_scap2_symbol_order_alloc0.01,next_close,stress,5,2,symbol_order,0.01,ETHUSDT,63,0,0.0,0.23565372601808862,0.37405353336204544,0.30903540188705,0.5555555555555556,0.2345357626639455,0.03968392474713589,-0.3138208646637719,-0.31406657539101024,0.44346337365675814,4,0.6587301587301587,2,2.0,0.6587301587301587,2.0,2.0,2021-04,-0.050776865527546455,2022-06,0.38860344671514013,ETHUSDT,1.0000000000000004,1.0,low
next_close_stress_ccap5_scap2_symbol_order_alloc0.01,next_close,stress,5,2,symbol_order,0.01,BNBUSDT,51,0,0.0,1.3043971080372954,2.557641388308422,1.37082437023597,0.6078431372549019,1.3113343288757129,0.22089645522329615,-0.16509783949819612,-0.1650978394981926,2.422536595750957,5,0.5392156862745098,2,1.0,0.5392156862745098,2.0,1.0,2021-01,-0.040290737400250354,2020-03,0.2921842918004858,BNBUSDT,1.0,1.0,low
next_close_stress_ccap5_scap2_symbol_order_alloc0.01,next_close,stress,5,2,symbol_order,0.01,LINKUSDT,53,0,0.0,-0.0674089034721403,-0.12718661032479303,-0.76549206890669,0.4528301886792453,-0.06807428631430135,-0.011536571255121864,-0.2672564636308383,-0.26742709031234707,-0.17999176660122934,5,0.5377358490566038,2,1.0,0.5377358490566038,2.0,1.0,2020-03,-0.2738158700143489,2021-04,,LINKUSDT,,0.0,low
next_close_stress_ccap5_scap2_symbol_order_alloc0.01,next_close,stress,5,2,symbol_order,0.01,AVAXUSDT,71,0,0.0,0.7244765566967042,1.0203895164742314,0.8345654944822,0.6197183098591549,0.7246304726068242,0.13906184233074548,-0.631899596115959,-0.633107736001618,1.0337256756975426,5,0.5422535211267606,2,1.0,0.5422535211267606,2.0,1.0,2021-05,-0.44037917891174283,2022-05,0.5486269725217094,AVAXUSDT,1.0,1.0,low
next_close_stress_ccap5_scap2_symbol_order_alloc0.01,next_close,stress,5,2,symbol_order,0.01,SOLUSDT,68,0,0.0,0.7480524779802638,1.1000771735003878,0.003993947459860002,0.5,0.7477353408418264,0.1434714932842418,-0.522678718414904,-0.5232054504197852,0.9494422638851522,4,0.7205882352941176,2,2.0,0.7205882352941176,2.0,2.0,2021-05,-0.3415148796789169,2024-08,0.5072552312828339,SOLUSDT,0.9999999999999997,1.0,low
next_close_stress_ccap5_scap2_largest_drop_alloc0.01,next_close,stress,5,2,largest_drop,0.01,XRPUSDT,61,0,0.0,0.7888393619994575,1.2931792819663237,0.7784247939610001,0.6229508196721312,0.7905517656458194,0.1318925513434266,-0.19442308384540752,-0.19454148113413705,1.5078867283637856,4,0.5327868852459017,2,1.0,0.5327868852459017,2.0,1.0,2025-04,-0.09544069258952126,2020-03,0.3160213903527475,XRPUSDT,0.9999999999999997,1.0,low
next_close_stress_ccap5_scap2_largest_drop_alloc0.01,next_close,stress,5,2,largest_drop,0.01,LTCUSDT,53,0,0.0,0.4119772577849632,0.7773155807263457,0.92159979763444,0.5660377358490566,0.41203884813620917,0.06887582617440824,-0.1261083070943969,-0.1260665494058047,1.0402170352334281,3,0.5188679245283019,2,1.0,0.5188679245283019,2.0,1.0,2025-02,-0.11751997745843568,2020-03,0.521187691641323,LTCUSDT,0.9999999999999998,1.0,low
next_close_stress_ccap5_scap2_largest_drop_alloc0.01,next_close,stress,5,2,largest_drop,0.01,ADAUSDT,63,0,0.0,0.6914390720219703,1.09752233654281,1.1160824081578802,0.5714285714285714,0.6923028545851695,0.11690946541185188,-0.3715432321379608,-0.3719062183900417,1.2589050361494925,3,0.5317460317460317,2,1.0,0.5317460317460317,2.0,1.0,2025-02,-0.3715432321379719,2021-02,0.3876190359687433,ADAUSDT,0.9999999999999999,1.0,low
next_close_stress_ccap5_scap2_largest_drop_alloc0.01,next_close,stress,5,2,largest_drop,0.01,BNBUSDT,45,0,0.0,0.8367317561549601,1.8594039025665778,0.8161488573573499,0.5555555555555556,0.839233015068741,0.19017810034844818,-0.16509783949819612,-0.1650978394981926,1.9254292607639802,4,0.5888888888888889,2,1.0,0.5888888888888889,2.0,1.0,2023-06,-0.03713156819232788,2021-02,0.38296177065200643,BNBUSDT,1.0,1.0,low
next_close_stress_ccap5_scap2_largest_drop_alloc0.01,next_close,stress,5,2,largest_drop,0.01,ETHUSDT,42,0,0.0,0.06945302769434278,0.16536435165319707,0.321560957361745,0.5952380952380952,0.06906031274851454,0.011695145205203872,-0.3307216926304757,-0.33103381082263894,0.2379453452328909,4,0.6190476190476191,2,1.8499999999999943,0.6190476190476191,2.0,1.8499999999999943,2020-03,-0.17864541012052593,2021-05,2.568525969034794,ETHUSDT,1.0000000000000004,1.0,low
next_close_stress_ccap5_scap2_largest_drop_alloc0.01,next_close,stress,5,2,largest_drop,0.01,LINKUSDT,80,0,0.0,0.22386634522559035,0.2798329315319879,-0.12897636639961,0.475,0.22249692123350595,0.03764880737278098,-0.5899094453168163,-0.5911942667111875,0.3916583837768956,9,0.5875,2,1.0,0.5875,2.0,1.0,2020-03,-0.5732994015910431,2021-02,0.9468084430875968,LINKUSDT,1.0000000000000002,1.0,low
next_close_stress_ccap5_scap2_largest_drop_alloc0.01,next_close,stress,5,2,largest_drop,0.01,BTCUSDT,10,0,0.0,-0.0798746000532985,-0.798746000532985,0.29022126267104,0.6,-0.08002795152107778,-0.016060638470682953,-0.17925022917612,-0.17925105360513813,-0.3971532808565864,2,0.5,1,1.0,0.5,1.0,1.0,2020-03,-0.1773944891730883,2021-06,,BTCUSDT,,0.0,low
next_close_stress_ccap5_scap2_largest_drop_alloc0.01,next_close,stress,5,2,largest_drop,0.01,AVAXUSDT,81,0,0.0,1.014445068374626,1.2524013189810197,1.32870018174467,0.6296296296296297,1.0169890850194374,0.1949228600481634,-0.6455157351222041,-0.6468063793730732,1.417727397640577,5,0.6111111111111112,2,1.9499999999999886,0.6111111111111112,2.0,1.9499999999999886,2021-05,-0.529357804636077,2022-05,0.5246421899559356,AVAXUSDT,1.0,1.0,low
next_close_stress_ccap5_scap2_largest_drop_alloc0.01,next_close,stress,5,2,largest_drop,0.01,SOLUSDT,56,0,0.0,0.019552658448116933,0.034915461514494525,-0.4530106337487,0.44642857142857145,0.017054683954009775,0.003330758478603535,-0.8182646401399651,-0.819989909467818,0.027407474766409205,4,0.6428571428571429,2,2.0,0.6428571428571429,2.0,2.0,2021-05,-0.5036393338403,2024-08,18.463319929895505,SOLUSDT,0.999999999999995,1.0,low
next_close_stress_ccap5_scap2_liquidity_priority_alloc0.01,next_close,stress,5,2,liquidity_priority,0.01,XRPUSDT,65,0,0.0,0.6595306424229568,1.014662526804549,0.7784247939610001,0.6153846153846154,0.660800598286504,0.1102966947271522,-0.23592921794532984,-0.23613295109525617,1.568482844386429,7,0.5307692307692308,2,1.0,0.5307692307692308,2.0,1.0,2021-05,-0.13613331003422546,2022-05,0.24796365020076538,XRPUSDT,1.0,1.0,low
next_close_stress_ccap5_scap2_liquidity_priority_alloc0.01,next_close,stress,5,2,liquidity_priority,0.01,LTCUSDT,27,0,0.0,-0.09203596352938881,-0.3408739389977363,0.6012692713807101,0.5555555555555556,-0.09217968851031877,-0.015490221166170048,-0.22648660606954252,-0.22665603069101198,-0.47000780531141295,2,0.5,1,1.0,0.5,1.0,1.0,2022-05,-0.09071989241220546,2025-03,,LTCUSDT,,0.0,low
next_close_stress_ccap5_scap2_liquidity_priority_alloc0.01,next_close,stress,5,2,liquidity_priority,0.01,ADAUSDT,66,0,0.0,0.4807997751372915,0.728484507783775,0.9266677281731701,0.5757575757575758,0.48092918780819893,0.08148571440071972,-0.371543232137983,-0.3719062183900417,1.0638893678841186,4,0.5454545454545454,2,1.0,0.5454545454545454,2.0,1.0,2025-02,-0.3715432321379719,2021-02,0.6370327870641168,ADAUSDT,1.0,1.0,low
next_close_stress_ccap5_scap2_liquidity_priority_alloc0.01,next_close,stress,5,2,liquidity_priority,0.01,BTCUSDT,27,0,0.0,0.2645781778342286,0.9799191771638096,0.59149154091456,0.6296296296296297,0.2640800723314074,0.04467741023272964,-0.17870570551682396,-0.1787057055168262,0.6356456394345313,2,0.5740740740740741,2,1.0,0.5740740740740741,2.0,1.0,2021-01,-0.09187612028618286,2020-03,0.5851486712915973,BTCUSDT,1.0,1.0,low
next_close_stress_ccap5_scap2_liquidity_priority_alloc0.01,next_close,stress,5,2,liquidity_priority,0.01,ETHUSDT,63,0,0.0,0.23565372601808862,0.37405353336204544,0.30903540188705,0.5555555555555556,0.2345357626639455,0.03968392474713589,-0.3138208646637719,-0.31406657539101024,0.44346337365675814,4,0.6587301587301587,2,2.0,0.6587301587301587,2.0,2.0,2021-04,-0.050776865527546455,2022-06,0.38860344671514013,ETHUSDT,1.0000000000000004,1.0,low
next_close_stress_ccap5_scap2_liquidity_priority_alloc0.01,next_close,stress,5,2,liquidity_priority,0.01,BNBUSDT,51,0,0.0,1.3043971080372954,2.557641388308422,1.37082437023597,0.6078431372549019,1.3113343288757129,0.22089645522329615,-0.16509783949819612,-0.1650978394981926,2.422536595750957,5,0.5392156862745098,2,1.0,0.5392156862745098,2.0,1.0,2021-01,-0.040290737400250354,2020-03,0.2921842918004858,BNBUSDT,1.0,1.0,low
next_close_stress_ccap5_scap2_liquidity_priority_alloc0.01,next_close,stress,5,2,liquidity_priority,0.01,LINKUSDT,53,0,0.0,-0.0674089034721403,-0.12718661032479303,-0.76549206890669,0.4528301886792453,-0.06807428631430135,-0.011536571255121864,-0.2672564636308383,-0.26742709031234707,-0.17999176660122934,5,0.5377358490566038,2,1.0,0.5377358490566038,2.0,1.0,2020-03,-0.2738158700143489,2021-04,,LINKUSDT,,0.0,low
next_close_stress_ccap5_scap2_liquidity_priority_alloc0.01,next_close,stress,5,2,liquidity_priority,0.01,AVAXUSDT,71,0,0.0,0.7244765566967042,1.0203895164742314,0.8345654944822,0.6197183098591549,0.7246304726068242,0.13906184233074548,-0.631899596115959,-0.633107736001618,1.0337256756975426,5,0.5422535211267606,2,1.0,0.5422535211267606,2.0,1.0,2021-05,-0.44037917891174283,2022-05,0.5486269725217094,AVAXUSDT,1.0,1.0,low
next_close_stress_ccap5_scap2_liquidity_priority_alloc0.01,next_close,stress,5,2,liquidity_priority,0.01,SOLUSDT,68,0,0.0,0.7480524779802638,1.1000771735003878,0.003993947459860002,0.5,0.7477353408418264,0.1434714932842418,-0.522678718414904,-0.5232054504197852,0.9494422638851522,4,0.7205882352941176,2,2.0,0.7205882352941176,2.0,2.0,2021-05,-0.3415148796789169,2024-08,0.5072552312828339,SOLUSDT,0.9999999999999997,1.0,low
next_close_stress_ccap5_scapunlimited_symbol_order_alloc0.01,next_close,stress,5,unlimited,symbol_order,0.01,XRPUSDT,64,0,0.0,0.683874856633254,1.0685544634894593,0.8935292281085601,0.625,0.6853116462318898,0.11437631626327605,-0.23592921794529653,-0.23613295109525617,1.631851674602096,7,0.53125,2,1.0,0.53125,2.0,1.0,2021-05,-0.13613331003422546,2022-05,0.23909491295953764,XRPUSDT,1.0,1.0,low
next_close_stress_ccap5_scapunlimited_symbol_order_alloc0.01,next_close,stress,5,unlimited,symbol_order,0.01,LTCUSDT,27,0,0.0,-0.09203596352938881,-0.3408739389977363,0.6012692713807101,0.5555555555555556,-0.09217968851031877,-0.015490221166170048,-0.22648660606954252,-0.22665603069101198,-0.47000780531141295,2,0.5,1,1.0,0.5,1.0,1.0,2022-05,-0.09071989241220546,2025-03,,LTCUSDT,,0.0,low
next_close_stress_ccap5_scapunlimited_symbol_order_alloc0.01,next_close,stress,5,unlimited,symbol_order,0.01,ADAUSDT,66,0,0.0,0.4807997751372915,0.728484507783775,0.9266677281731701,0.5757575757575758,0.48092918780819893,0.08148571440071972,-0.371543232137983,-0.3719062183900417,1.0638893678841186,4,0.5454545454545454,2,1.0,0.5454545454545454,2.0,1.0,2025-02,-0.3715432321379719,2021-02,0.6370327870641168,ADAUSDT,1.0,1.0,low
next_close_stress_ccap5_scapunlimited_symbol_order_alloc0.01,next_close,stress,5,unlimited,symbol_order,0.01,BTCUSDT,27,0,0.0,0.2645781778342286,0.9799191771638096,0.59149154091456,0.6296296296296297,0.2640800723314074,0.04467741023272964,-0.17870570551682396,-0.1787057055168262,0.6356456394345313,2,0.5740740740740741,2,1.0,0.5740740740740741,2.0,1.0,2021-01,-0.09187612028618286,2020-03,0.5851486712915973,BTCUSDT,1.0,1.0,low
next_close_stress_ccap5_scapunlimited_symbol_order_alloc0.01,next_close,stress,5,unlimited,symbol_order,0.01,ETHUSDT,66,0,0.0,0.2638782044567834,0.3998154612981567,0.30532267451194495,0.5454545454545454,0.2627492745767679,0.04445250930666944,-0.3563806544215842,-0.3567431036224321,0.48303166541638104,4,0.7424242424242424,3,2.0,0.7424242424242424,3.0,2.0,2021-01,-0.08951259305507442,2021-05,0.37828754968684364,ETHUSDT,1.0,1.0,low
next_close_stress_ccap5_scapunlimited_symbol_order_alloc0.01,next_close,stress,5,unlimited,symbol_order,0.01,BNBUSDT,52,0,0.0,1.3532933583685987,2.6024872276319204,1.428540685042245,0.6153846153846154,1.3608717725231312,0.22919446300837532,-0.16509783949819612,-0.1650978394981926,2.51147515146697,5,0.5769230769230769,3,1.0,0.5769230769230769,3.0,1.0,2021-01,-0.040290737400250354,2020-03,0.28154841619341686,BNBUSDT,1.0,1.0,low
next_close_stress_ccap5_scapunlimited_symbol_order_alloc0.01,next_close,stress,5,unlimited,symbol_order,0.01,LINKUSDT,51,0,0.0,-0.17567974461442076,-0.3444700874792564,-0.78941570643452,0.43137254901960786,-0.1761733392103726,-0.029869571939877826,-0.2672564636308383,-0.26742709031234707,-0.4839985617374351,5,0.5392156862745098,2,1.0,0.5392156862745098,2.0,1.0,2020-03,-0.2738158700143489,2021-04,,LINKUSDT,,0.0,low
next_close_stress_ccap5_scapunlimited_symbol_order_alloc0.01,next_close,stress,5,unlimited,symbol_order,0.01,AVAXUSDT,71,0,0.0,0.7244765566967042,1.0203895164742314,0.8345654944822,0.6197183098591549,0.7246304726068242,0.13906184233074548,-0.631899596115959,-0.633107736001618,1.0337256756975426,5,0.5422535211267606,2,1.0,0.5422535211267606,2.0,1.0,2021-05,-0.44037917891174283,2022-05,0.5486269725217094,AVAXUSDT,1.0,1.0,low
next_close_stress_ccap5_scapunlimited_symbol_order_alloc0.01,next_close,stress,5,unlimited,symbol_order,0.01,SOLUSDT,67,0,0.0,0.6865589573116049,1.0247148616591117,-0.08572923863085,0.4925373134328358,0.6858200852571716,0.13162423610828533,-0.5838132317732558,-0.5846989710884438,0.8731453779698779,4,0.7089552238805971,2,2.0,0.7089552238805971,2.0,2.0,2021-05,-0.4027607285956969,2024-08,0.5530498033093337,SOLUSDT,1.0,1.0,low
next_close_stress_ccap5_scapunlimited_largest_drop_alloc0.01,next_close,stress,5,unlimited,largest_drop,0.01,XRPUSDT,61,0,0.0,0.7888393619994575,1.2931792819663237,0.7784247939610001,0.6229508196721312,0.7905517656458194,0.1318925513434266,-0.19442308384540752,-0.19454148113413705,1.5078867283637856,4,0.5327868852459017,2,1.0,0.5327868852459017,2.0,1.0,2025-04,-0.09544069258952126,2020-03,0.3160213903527475,XRPUSDT,0.9999999999999997,1.0,low
next_close_stress_ccap5_scapunlimited_largest_drop_alloc0.01,next_close,stress,5,unlimited,largest_drop,0.01,LTCUSDT,53,0,0.0,0.4119772577849632,0.7773155807263457,0.92159979763444,0.5660377358490566,0.41203884813620917,0.06887582617440824,-0.1261083070943969,-0.1260665494058047,1.0402170352334281,3,0.5188679245283019,2,1.0,0.5188679245283019,2.0,1.0,2025-02,-0.11751997745843568,2020-03,0.521187691641323,LTCUSDT,0.9999999999999998,1.0,low
next_close_stress_ccap5_scapunlimited_largest_drop_alloc0.01,next_close,stress,5,unlimited,largest_drop,0.01,ADAUSDT,63,0,0.0,0.6914390720219703,1.09752233654281,1.1160824081578802,0.5714285714285714,0.6923028545851695,0.11690946541185188,-0.3715432321379608,-0.3719062183900417,1.2589050361494925,3,0.5317460317460317,2,1.0,0.5317460317460317,2.0,1.0,2025-02,-0.3715432321379719,2021-02,0.3876190359687433,ADAUSDT,0.9999999999999999,1.0,low
next_close_stress_ccap5_scapunlimited_largest_drop_alloc0.01,next_close,stress,5,unlimited,largest_drop,0.01,BNBUSDT,45,0,0.0,0.8367317561549601,1.8594039025665778,0.8161488573573499,0.5555555555555556,0.839233015068741,0.19017810034844818,-0.16509783949819612,-0.1650978394981926,1.9254292607639802,4,0.5888888888888889,2,1.0,0.5888888888888889,2.0,1.0,2023-06,-0.03713156819232788,2021-02,0.38296177065200643,BNBUSDT,1.0,1.0,low
next_close_stress_ccap5_scapunlimited_largest_drop_alloc0.01,next_close,stress,5,unlimited,largest_drop,0.01,ETHUSDT,42,0,0.0,0.06945302769434278,0.16536435165319707,0.321560957361745,0.5952380952380952,0.06906031274851454,0.011695145205203872,-0.3307216926304757,-0.33103381082263894,0.2379453452328909,4,0.6190476190476191,2,1.8499999999999943,0.6190476190476191,2.0,1.8499999999999943,2020-03,-0.17864541012052593,2021-05,2.568525969034794,ETHUSDT,1.0000000000000004,1.0,low
next_close_stress_ccap5_scapunlimited_largest_drop_alloc0.01,next_close,stress,5,unlimited,largest_drop,0.01,LINKUSDT,79,0,0.0,0.22651412769339446,0.2867267439156892,-0.07226060853912,0.4810126582278481,0.2251506652011237,0.03809742948630568,-0.5899094453168163,-0.5911942667111875,0.39627742535051336,9,0.5886075949367089,2,1.0,0.5886075949367089,2.0,1.0,2020-03,-0.5732994015910431,2021-02,0.9356488616042874,LINKUSDT,1.0000000000000002,1.0,low
next_close_stress_ccap5_scapunlimited_largest_drop_alloc0.01,next_close,stress,5,unlimited,largest_drop,0.01,BTCUSDT,10,0,0.0,-0.0798746000532985,-0.798746000532985,0.29022126267104,0.6,-0.08002795152107778,-0.016060638470682953,-0.17925022917612,-0.17925105360513813,-0.3971532808565864,2,0.5,1,1.0,0.5,1.0,1.0,2020-03,-0.1773944891730883,2021-06,,BTCUSDT,,0.0,low
next_close_stress_ccap5_scapunlimited_largest_drop_alloc0.01,next_close,stress,5,unlimited,largest_drop,0.01,AVAXUSDT,81,0,0.0,1.014445068374626,1.2524013189810197,1.32870018174467,0.6296296296296297,1.0169890850194374,0.1949228600481634,-0.6455157351222041,-0.6468063793730732,1.417727397640577,5,0.6111111111111112,2,1.9499999999999886,0.6111111111111112,2.0,1.9499999999999886,2021-05,-0.529357804636077,2022-05,0.5246421899559356,AVAXUSDT,1.0,1.0,low
next_close_stress_ccap5_scapunlimited_largest_drop_alloc0.01,next_close,stress,5,unlimited,largest_drop,0.01,SOLUSDT,57,0,0.0,0.08544448865181169,0.14990261166984506,-0.40010071659883006,0.45614035087719296,0.08295775180113818,0.01619725166590591,-0.7529119794835615,-0.7540980792641233,0.11928635595883026,4,0.6754385964912281,3,2.0,0.6754385964912281,3.0,2.0,2021-05,-0.5036393338403,2024-08,3.795740353486985,SOLUSDT,0.9999999999999996,1.0,low
next_close_stress_ccap5_scapunlimited_liquidity_priority_alloc0.01,next_close,stress,5,unlimited,liquidity_priority,0.01,XRPUSDT,64,0,0.0,0.683874856633254,1.0685544634894593,0.8935292281085601,0.625,0.6853116462318898,0.11437631626327605,-0.23592921794529653,-0.23613295109525617,1.631851674602096,7,0.53125,2,1.0,0.53125,2.0,1.0,2021-05,-0.13613331003422546,2022-05,0.23909491295953764,XRPUSDT,1.0,1.0,low
next_close_stress_ccap5_scapunlimited_liquidity_priority_alloc0.01,next_close,stress,5,unlimited,liquidity_priority,0.01,LTCUSDT,27,0,0.0,-0.09203596352938881,-0.3408739389977363,0.6012692713807101,0.5555555555555556,-0.09217968851031877,-0.015490221166170048,-0.22648660606954252,-0.22665603069101198,-0.47000780531141295,2,0.5,1,1.0,0.5,1.0,1.0,2022-05,-0.09071989241220546,2025-03,,LTCUSDT,,0.0,low
next_close_stress_ccap5_scapunlimited_liquidity_priority_alloc0.01,next_close,stress,5,unlimited,liquidity_priority,0.01,ADAUSDT,66,0,0.0,0.4807997751372915,0.728484507783775,0.9266677281731701,0.5757575757575758,0.48092918780819893,0.08148571440071972,-0.371543232137983,-0.3719062183900417,1.0638893678841186,4,0.5454545454545454,2,1.0,0.5454545454545454,2.0,1.0,2025-02,-0.3715432321379719,2021-02,0.6370327870641168,ADAUSDT,1.0,1.0,low
next_close_stress_ccap5_scapunlimited_liquidity_priority_alloc0.01,next_close,stress,5,unlimited,liquidity_priority,0.01,BTCUSDT,27,0,0.0,0.2645781778342286,0.9799191771638096,0.59149154091456,0.6296296296296297,0.2640800723314074,0.04467741023272964,-0.17870570551682396,-0.1787057055168262,0.6356456394345313,2,0.5740740740740741,2,1.0,0.5740740740740741,2.0,1.0,2021-01,-0.09187612028618286,2020-03,0.5851486712915973,BTCUSDT,1.0,1.0,low
next_close_stress_ccap5_scapunlimited_liquidity_priority_alloc0.01,next_close,stress,5,unlimited,liquidity_priority,0.01,ETHUSDT,66,0,0.0,0.2638782044567834,0.3998154612981567,0.30532267451194495,0.5454545454545454,0.2627492745767679,0.04445250930666944,-0.3563806544215842,-0.3567431036224321,0.48303166541638104,4,0.7424242424242424,3,2.0,0.7424242424242424,3.0,2.0,2021-01,-0.08951259305507442,2021-05,0.37828754968684364,ETHUSDT,1.0,1.0,low
next_close_stress_ccap5_scapunlimited_liquidity_priority_alloc0.01,next_close,stress,5,unlimited,liquidity_priority,0.01,BNBUSDT,52,0,0.0,1.3532933583685987,2.6024872276319204,1.428540685042245,0.6153846153846154,1.3608717725231312,0.22919446300837532,-0.16509783949819612,-0.1650978394981926,2.51147515146697,5,0.5769230769230769,3,1.0,0.5769230769230769,3.0,1.0,2021-01,-0.040290737400250354,2020-03,0.28154841619341686,BNBUSDT,1.0,1.0,low
next_close_stress_ccap5_scapunlimited_liquidity_priority_alloc0.01,next_close,stress,5,unlimited,liquidity_priority,0.01,LINKUSDT,51,0,0.0,-0.17567974461442076,-0.3444700874792564,-0.78941570643452,0.43137254901960786,-0.1761733392103726,-0.029869571939877826,-0.2672564636308383,-0.26742709031234707,-0.4839985617374351,5,0.5392156862745098,2,1.0,0.5392156862745098,2.0,1.0,2020-03,-0.2738158700143489,2021-04,,LINKUSDT,,0.0,low
next_close_stress_ccap5_scapunlimited_liquidity_priority_alloc0.01,next_close,stress,5,unlimited,liquidity_priority,0.01,AVAXUSDT,71,0,0.0,0.7244765566967042,1.0203895164742314,0.8345654944822,0.6197183098591549,0.7246304726068242,0.13906184233074548,-0.631899596115959,-0.633107736001618,1.0337256756975426,5,0.5422535211267606,2,1.0,0.5422535211267606,2.0,1.0,2021-05,-0.44037917891174283,2022-05,0.5486269725217094,AVAXUSDT,1.0,1.0,low
next_close_stress_ccap5_scapunlimited_liquidity_priority_alloc0.01,next_close,stress,5,unlimited,liquidity_priority,0.01,SOLUSDT,67,0,0.0,0.6865589573116049,1.0247148616591117,-0.08572923863085,0.4925373134328358,0.6858200852571716,0.13162423610828533,-0.5838132317732558,-0.5846989710884438,0.8731453779698779,4,0.7089552238805971,2,2.0,0.7089552238805971,2.0,2.0,2021-05,-0.4027607285956969,2024-08,0.5530498033093337,SOLUSDT,1.0,1.0,low
next_close_stress_ccap10_scap1_symbol_order_alloc0.01,next_close,stress,10,1,symbol_order,0.01,XRPUSDT,76,0,0.0,0.6686592101212386,0.8798147501595246,0.644750871406685,0.631578947368421,0.6695347468992807,0.11175050223568572,-0.38576256085832705,-0.38635439804467087,1.2895613097715812,5,0.5,1,1.0,0.5,1.0,1.0,2021-05,-0.24724741314343657,2022-05,0.3221751231386145,XRPUSDT,1.0,1.0,low
next_close_stress_ccap10_scap1_symbol_order_alloc0.01,next_close,stress,10,1,symbol_order,0.01,LTCUSDT,66,0,0.0,-0.37891371313287175,-0.5741116865649573,0.038254935016584994,0.5,-0.379081334647291,-0.06357569490591519,-0.6302067551856028,-0.6315245616736781,-0.8980966580648353,9,0.5,1,1.0,0.5,1.0,1.0,2021-05,-0.4312111411898578,2021-04,,LTCUSDT,,0.0,low
next_close_stress_ccap10_scap1_symbol_order_alloc0.01,next_close,stress,10,1,symbol_order,0.01,ADAUSDT,77,0,0.0,0.46538018956238913,0.6043898565745314,1.1822838843399601,0.6103896103896104,0.4650938688795625,0.07861439724712316,-0.35108753419373917,-0.35135228021047454,0.8898154225593656,3,0.5,1,1.0,0.5,1.0,1.0,2020-03,-0.3025885321724431,2021-02,0.7426862749017866,ADAUSDT,1.0,1.0,low
next_close_stress_ccap10_scap1_symbol_order_alloc0.01,next_close,stress,10,1,symbol_order,0.01,BTCUSDT,31,0,0.0,0.0484260441870748,0.15621304576475742,0.97846343465853,0.6774193548387096,0.04810915297386309,0.008146463736391496,-0.2934765799749717,-0.29367539356162686,0.18603083512947205,2,0.5,1,1.0,0.5,1.0,1.0,2020-03,-0.1713700977833299,2021-05,1.069487606692265,BTCUSDT,1.0,1.0,low
next_close_stress_ccap10_scap1_symbol_order_alloc0.01,next_close,stress,10,1,symbol_order,0.01,ETHUSDT,59,0,0.0,0.3881010826543482,0.6577984451768614,0.30160994713684,0.559322033898305,0.38764554619601377,0.06554881841891458,-0.3156853935681214,-0.316020761804848,0.787558168000069,4,0.5,1,1.0,0.5,1.0,1.0,2021-04,-0.09930900461613268,2020-03,0.45159379706665287,ETHUSDT,1.0,1.0,low
next_close_stress_ccap10_scap1_symbol_order_alloc0.01,next_close,stress,10,1,symbol_order,0.01,BNBUSDT,58,0,0.0,0.9199209671958084,1.5860706330962215,0.84730058445002,0.5517241379310345,0.9225405780459273,0.1556523979753699,-0.34281631096722,-0.3432125927058077,1.6442046284583096,6,0.5,1,1.0,0.5,1.0,1.0,2021-05,-0.26333375146284643,2020-03,0.41532188536116715,BNBUSDT,1.0,1.0,low
next_close_stress_ccap10_scap1_symbol_order_alloc0.01,next_close,stress,10,1,symbol_order,0.01,LINKUSDT,82,0,0.0,0.29900901521515655,0.3646451405062885,-0.12897636639961,0.47560975609756095,0.2979514654272375,0.050400742041856184,-0.34922232621756866,-0.3495553284357972,0.5435018047100434,7,0.5,1,1.0,0.5,1.0,1.0,2020-03,-0.3918479711825351,2021-04,0.8809766405691513,LINKUSDT,1.0,1.0,low
next_close_stress_ccap10_scap1_symbol_order_alloc0.01,next_close,stress,10,1,symbol_order,0.01,AVAXUSDT,79,0,0.0,0.8916898754021079,1.128721361268491,1.09360076816389,0.6075949367088608,0.8929388760316126,0.17123167080712598,-0.7136118857242191,-0.7152738679637085,1.2140177916882546,5,0.5,1,1.0,0.5,1.0,1.0,2021-05,-0.5222489594223889,2022-05,0.4356830559271184,AVAXUSDT,0.9999999999999999,1.0,low
next_close_stress_ccap10_scap1_symbol_order_alloc0.01,next_close,stress,10,1,symbol_order,0.01,SOLUSDT,60,0,0.0,0.7204192373325355,1.2006987288875592,0.20268157809921497,0.5333333333333333,0.7207866249722583,0.13831567812645496,-0.3949605077097629,-0.3949694331746699,1.0832233043836426,3,0.5,1,1.0,0.5,1.0,1.0,2021-05,-0.21356407403623212,2021-04,0.30420095960725807,SOLUSDT,1.0,1.0,low
next_close_stress_ccap10_scap1_largest_drop_alloc0.01,next_close,stress,10,1,largest_drop,0.01,XRPUSDT,76,0,0.0,0.6686592101212386,0.8798147501595246,0.644750871406685,0.631578947368421,0.6695347468992807,0.11175050223568572,-0.38576256085832705,-0.38635439804467087,1.2895613097715812,5,0.5,1,1.0,0.5,1.0,1.0,2021-05,-0.24724741314343657,2022-05,0.3221751231386145,XRPUSDT,1.0,1.0,low
next_close_stress_ccap10_scap1_largest_drop_alloc0.01,next_close,stress,10,1,largest_drop,0.01,LTCUSDT,66,0,0.0,-0.37891371313287175,-0.5741116865649573,0.038254935016584994,0.5,-0.379081334647291,-0.06357569490591519,-0.6302067551856028,-0.6315245616736781,-0.8980966580648353,9,0.5,1,1.0,0.5,1.0,1.0,2021-05,-0.4312111411898578,2021-04,,LTCUSDT,,0.0,low
next_close_stress_ccap10_scap1_largest_drop_alloc0.01,next_close,stress,10,1,largest_drop,0.01,ADAUSDT,77,0,0.0,0.46538018956238913,0.6043898565745314,1.1822838843399601,0.6103896103896104,0.4650938688795625,0.07861439724712316,-0.35108753419373917,-0.35135228021047454,0.8898154225593656,3,0.5,1,1.0,0.5,1.0,1.0,2020-03,-0.3025885321724431,2021-02,0.7426862749017866,ADAUSDT,1.0,1.0,low
next_close_stress_ccap10_scap1_largest_drop_alloc0.01,next_close,stress,10,1,largest_drop,0.01,BNBUSDT,58,0,0.0,0.9199209671958084,1.5860706330962215,0.84730058445002,0.5517241379310345,0.9225405780459273,0.1556523979753699,-0.34281631096722,-0.3432125927058077,1.6442046284583096,6,0.5,1,1.0,0.5,1.0,1.0,2021-05,-0.26333375146284643,2020-03,0.41532188536116715,BNBUSDT,1.0,1.0,low
next_close_stress_ccap10_scap1_largest_drop_alloc0.01,next_close,stress,10,1,largest_drop,0.01,ETHUSDT,59,0,0.0,0.3881010826543482,0.6577984451768614,0.30160994713684,0.559322033898305,0.38764554619601377,0.06554881841891458,-0.3156853935681214,-0.316020761804848,0.787558168000069,4,0.5,1,1.0,0.5,1.0,1.0,2021-04,-0.09930900461613268,2020-03,0.45159379706665287,ETHUSDT,1.0,1.0,low
next_close_stress_ccap10_scap1_largest_drop_alloc0.01,next_close,stress,10,1,largest_drop,0.01,LINKUSDT,82,0,0.0,0.29900901521515655,0.3646451405062885,-0.12897636639961,0.47560975609756095,0.2979514654272375,0.050400742041856184,-0.34922232621756866,-0.3495553284357972,0.5435018047100434,7,0.5,1,1.0,0.5,1.0,1.0,2020-03,-0.3918479711825351,2021-04,0.8809766405691513,LINKUSDT,1.0,1.0,low
next_close_stress_ccap10_scap1_largest_drop_alloc0.01,next_close,stress,10,1,largest_drop,0.01,BTCUSDT,31,0,0.0,0.0484260441870748,0.15621304576475742,0.97846343465853,0.6774193548387096,0.04810915297386309,0.008146463736391496,-0.2934765799749717,-0.29367539356162686,0.18603083512947205,2,0.5,1,1.0,0.5,1.0,1.0,2020-03,-0.1713700977833299,2021-05,1.069487606692265,BTCUSDT,1.0,1.0,low
next_close_stress_ccap10_scap1_largest_drop_alloc0.01,next_close,stress,10,1,largest_drop,0.01,AVAXUSDT,79,0,0.0,0.8916898754021079,1.128721361268491,1.09360076816389,0.6075949367088608,0.8929388760316126,0.17123167080712598,-0.7136118857242191,-0.7152738679637085,1.2140177916882546,5,0.5,1,1.0,0.5,1.0,1.0,2021-05,-0.5222489594223889,2022-05,0.4356830559271184,AVAXUSDT,0.9999999999999999,1.0,low
next_close_stress_ccap10_scap1_largest_drop_alloc0.01,next_close,stress,10,1,largest_drop,0.01,SOLUSDT,60,0,0.0,0.7204192373325355,1.2006987288875592,0.20268157809921497,0.5333333333333333,0.7207866249722583,0.13831567812645496,-0.3949605077097629,-0.3949694331746699,1.0832233043836426,3,0.5,1,1.0,0.5,1.0,1.0,2021-05,-0.21356407403623212,2021-04,0.30420095960725807,SOLUSDT,1.0,1.0,low
next_close_stress_ccap10_scap1_liquidity_priority_alloc0.01,next_close,stress,10,1,liquidity_priority,0.01,XRPUSDT,76,0,0.0,0.6686592101212386,0.8798147501595246,0.644750871406685,0.631578947368421,0.6695347468992807,0.11175050223568572,-0.38576256085832705,-0.38635439804467087,1.2895613097715812,5,0.5,1,1.0,0.5,1.0,1.0,2021-05,-0.24724741314343657,2022-05,0.3221751231386145,XRPUSDT,1.0,1.0,low
next_close_stress_ccap10_scap1_liquidity_priority_alloc0.01,next_close,stress,10,1,liquidity_priority,0.01,LTCUSDT,66,0,0.0,-0.37891371313287175,-0.5741116865649573,0.038254935016584994,0.5,-0.379081334647291,-0.06357569490591519,-0.6302067551856028,-0.6315245616736781,-0.8980966580648353,9,0.5,1,1.0,0.5,1.0,1.0,2021-05,-0.4312111411898578,2021-04,,LTCUSDT,,0.0,low
next_close_stress_ccap10_scap1_liquidity_priority_alloc0.01,next_close,stress,10,1,liquidity_priority,0.01,ADAUSDT,77,0,0.0,0.46538018956238913,0.6043898565745314,1.1822838843399601,0.6103896103896104,0.4650938688795625,0.07861439724712316,-0.35108753419373917,-0.35135228021047454,0.8898154225593656,3,0.5,1,1.0,0.5,1.0,1.0,2020-03,-0.3025885321724431,2021-02,0.7426862749017866,ADAUSDT,1.0,1.0,low
next_close_stress_ccap10_scap1_liquidity_priority_alloc0.01,next_close,stress,10,1,liquidity_priority,0.01,BTCUSDT,31,0,0.0,0.0484260441870748,0.15621304576475742,0.97846343465853,0.6774193548387096,0.04810915297386309,0.008146463736391496,-0.2934765799749717,-0.29367539356162686,0.18603083512947205,2,0.5,1,1.0,0.5,1.0,1.0,2020-03,-0.1713700977833299,2021-05,1.069487606692265,BTCUSDT,1.0,1.0,low
next_close_stress_ccap10_scap1_liquidity_priority_alloc0.01,next_close,stress,10,1,liquidity_priority,0.01,ETHUSDT,59,0,0.0,0.3881010826543482,0.6577984451768614,0.30160994713684,0.559322033898305,0.38764554619601377,0.06554881841891458,-0.3156853935681214,-0.316020761804848,0.787558168000069,4,0.5,1,1.0,0.5,1.0,1.0,2021-04,-0.09930900461613268,2020-03,0.45159379706665287,ETHUSDT,1.0,1.0,low
next_close_stress_ccap10_scap1_liquidity_priority_alloc0.01,next_close,stress,10,1,liquidity_priority,0.01,BNBUSDT,58,0,0.0,0.9199209671958084,1.5860706330962215,0.84730058445002,0.5517241379310345,0.9225405780459273,0.1556523979753699,-0.34281631096722,-0.3432125927058077,1.6442046284583096,6,0.5,1,1.0,0.5,1.0,1.0,2021-05,-0.26333375146284643,2020-03,0.41532188536116715,BNBUSDT,1.0,1.0,low
next_close_stress_ccap10_scap1_liquidity_priority_alloc0.01,next_close,stress,10,1,liquidity_priority,0.01,LINKUSDT,82,0,0.0,0.29900901521515655,0.3646451405062885,-0.12897636639961,0.47560975609756095,0.2979514654272375,0.050400742041856184,-0.34922232621756866,-0.3495553284357972,0.5435018047100434,7,0.5,1,1.0,0.5,1.0,1.0,2020-03,-0.3918479711825351,2021-04,0.8809766405691513,LINKUSDT,1.0,1.0,low
next_close_stress_ccap10_scap1_liquidity_priority_alloc0.01,next_close,stress,10,1,liquidity_priority,0.01,AVAXUSDT,79,0,0.0,0.8916898754021079,1.128721361268491,1.09360076816389,0.6075949367088608,0.8929388760316126,0.17123167080712598,-0.7136118857242191,-0.7152738679637085,1.2140177916882546,5,0.5,1,1.0,0.5,1.0,1.0,2021-05,-0.5222489594223889,2022-05,0.4356830559271184,AVAXUSDT,0.9999999999999999,1.0,low
next_close_stress_ccap10_scap1_liquidity_priority_alloc0.01,next_close,stress,10,1,liquidity_priority,0.01,SOLUSDT,60,0,0.0,0.7204192373325355,1.2006987288875592,0.20268157809921497,0.5333333333333333,0.7207866249722583,0.13831567812645496,-0.3949605077097629,-0.3949694331746699,1.0832233043836426,3,0.5,1,1.0,0.5,1.0,1.0,2021-05,-0.21356407403623212,2021-04,0.30420095960725807,SOLUSDT,1.0,1.0,low
next_close_stress_ccap10_scap2_symbol_order_alloc0.01,next_close,stress,10,2,symbol_order,0.01,XRPUSDT,86,0,0.0,1.1693528169196965,1.3597125778136006,0.7384175611033901,0.6395348837209303,1.1744813451356695,0.19562135037356487,-0.34693228256615916,-0.3473889359855238,2.0323447217331383,4,0.6395348837209303,2,2.0,0.6395348837209303,2.0,2.0,2021-05,-0.2562372486350384,2022-05,0.21693195469156604,XRPUSDT,0.9999999999999998,1.0,low
next_close_stress_ccap10_scap2_symbol_order_alloc0.01,next_close,stress,10,2,symbol_order,0.01,LTCUSDT,60,0,0.0,0.02263995231214344,0.0377332538535724,0.77030224117205,0.55,0.022007194819506637,0.003684658491587278,-0.2957320738391611,-0.2959734494550428,0.06300122226511667,4,0.5166666666666667,2,1.0,0.5166666666666667,2.0,1.0,2020-03,-0.2278689924346211,2021-04,5.004966071856035,LTCUSDT,0.9999999999999997,1.0,low
next_close_stress_ccap10_scap2_symbol_order_alloc0.01,next_close,stress,10,2,symbol_order,0.01,ADAUSDT,88,0,0.0,0.8719030865049835,0.9907989619374813,0.9266677281731701,0.5909090909090909,0.8733370117825379,0.1473706254493834,-0.371543232137983,-0.3719062183900416,1.2738502033997452,4,0.6477272727272727,2,2.0,0.6477272727272727,2.0,2.0,2025-02,-0.3715432321379719,2025-10,0.4417170279194326,ADAUSDT,0.9999999999999999,1.0,low
next_close_stress_ccap10_scap2_symbol_order_alloc0.01,next_close,stress,10,2,symbol_order,0.01,BTCUSDT,34,0,0.0,0.27331353487684373,0.8038633378730697,0.5975006364482149,0.6470588235294118,0.2728143736796973,0.04615342006322187,-0.22765135588969088,-0.22773898115085672,0.649030771410741,3,0.6470588235294118,2,2.0,0.6470588235294118,2.0,2.0,2021-01,-0.11531069285686257,2020-03,0.38640580836421656,BTCUSDT,1.0000000000000002,1.0,low
next_close_stress_ccap10_scap2_symbol_order_alloc0.01,next_close,stress,10,2,symbol_order,0.01,ETHUSDT,73,0,0.0,0.4644685798938999,0.6362583286217807,0.30960913102647,0.5753424657534246,0.46407027262638234,0.07844701847368185,-0.33771475213726365,-0.3380348449876888,0.854106431606022,4,0.7191780821917808,2,2.0,0.7191780821917808,2.0,2.0,2021-04,-0.050776865527546455,2025-10,0.20228100871639068,ETHUSDT,1.0000000000000002,1.0,low
next_close_stress_ccap10_scap2_symbol_order_alloc0.01,next_close,stress,10,2,symbol_order,0.01,BNBUSDT,70,0,0.0,1.3532018565843205,1.933145509406172,1.55334451744493,0.6142857142857143,1.3600718333205197,0.22906049210600354,-0.418316891995385,-0.41873564252833195,2.0411047929143593,5,0.7857142857142857,2,2.0,0.7857142857142858,2.0,2.0,2021-05,-0.1070529765709205,2021-02,0.29341586748382914,BNBUSDT,0.9999999999999999,1.0,low
next_close_stress_ccap10_scap2_symbol_order_alloc0.01,next_close,stress,10,2,symbol_order,0.01,LINKUSDT,90,0,0.0,0.30755398050423566,0.3417266450047063,-0.12897636639961,0.4777777777777778,0.30620984570401966,0.0517959372352772,-0.5166331208889874,-0.517528966276743,0.508825483460001,8,0.6444444444444445,2,2.0,0.6444444444444445,2.0,2.0,2020-03,-0.4972226510946087,2021-04,1.0005306953139377,LINKUSDT,1.0,1.0,low
next_close_stress_ccap10_scap2_symbol_order_alloc0.01,next_close,stress,10,2,symbol_order,0.01,AVAXUSDT,95,0,0.0,1.1741052336557012,1.2359002459533697,1.45286360539836,0.6210526315789474,1.1777051106486969,0.22558159900434305,-0.951997184556419,-0.9554975029236378,1.4580836027937667,4,0.7,2,2.0,0.7,2.0,2.0,2021-05,-0.5341210733361135,2022-05,0.5706341824887864,AVAXUSDT,1.0,1.0,low
next_close_stress_ccap10_scap2_symbol_order_alloc0.01,next_close,stress,10,2,symbol_order,0.01,SOLUSDT,80,0,0.0,1.3433731313057826,1.679216414132228,0.468628804809455,0.55,1.3489351586090326,0.25820420734445904,-0.4890653736855932,-0.48955365942875734,1.6325747929194532,4,0.8,2,2.0,0.8,2.0,2.0,2021-06,-0.18178466040024155,2024-08,0.28117931454035233,SOLUSDT,1.0,1.0,low
next_close_stress_ccap10_scap2_largest_drop_alloc0.01,next_close,stress,10,2,largest_drop,0.01,XRPUSDT,87,0,0.0,1.7049895022573445,1.9597580485716601,1.16104304262461,0.6436781609195402,1.7173062754520574,0.2853958990689298,-0.20621101014466348,-0.2062456497193455,2.6178310503200044,4,0.6724137931034483,2,2.0,0.6724137931034483,2.0,2.0,2021-06,-0.037085720207230555,2022-05,0.1483617323194097,XRPUSDT,1.0000000000000002,1.0,low
next_close_stress_ccap10_scap2_largest_drop_alloc0.01,next_close,stress,10,2,largest_drop,0.01,LTCUSDT,71,0,0.0,0.21602772424420139,0.30426440034394564,0.73323514939578,0.5352112676056338,0.2149832971289234,0.03596571760255962,-0.3665385981822755,-0.3669166881549009,0.42527074558446454,7,0.6267605633802817,2,2.0,0.6267605633802817,2.0,2.0,2021-05,-0.23579968761106018,2021-12,0.5515321074200528,LTCUSDT,1.0,1.0,low
next_close_stress_ccap10_scap2_largest_drop_alloc0.01,next_close,stress,10,2,largest_drop,0.01,ADAUSDT,90,0,0.0,1.3632754957777713,1.5147505508641903,1.1491831462489202,0.6,1.369681679311574,0.23065424047838956,-0.3715432321379719,-0.37190621839004157,1.8154214651055132,4,0.6777777777777778,2,2.0,0.6777777777777778,2.0,2.0,2025-02,-0.3715432321379719,2025-10,0.28164779820265595,ADAUSDT,1.0,1.0,low
next_close_stress_ccap10_scap2_largest_drop_alloc0.01,next_close,stress,10,2,largest_drop,0.01,BNBUSDT,63,0,0.0,0.9643820090807709,1.5307650937790014,1.37989509687744,0.6031746031746031,0.9673551649816314,0.16318343502390587,-0.4183168919953739,-0.418735642528332,1.6903063250922201,5,0.7063492063492064,2,2.0,0.7063492063492064,2.0,2.0,2020-03,-0.11491237388000508,2021-02,0.4125337531243138,BNBUSDT,0.9999999999999999,1.0,low
next_close_stress_ccap10_scap2_largest_drop_alloc0.01,next_close,stress,10,2,largest_drop,0.01,ETHUSDT,65,0,0.0,-0.24044169821079003,-0.36991030493967697,0.18273202654946,0.5230769230769231,-0.24085501122277364,-0.040833698095010806,-0.6054164937127071,-0.6067483747393039,-0.6380664461570594,5,0.6538461538461539,2,2.0,0.6538461538461539,2.0,2.0,2020-03,-0.3027981531080637,2022-06,,ETHUSDT,,0.0,low
next_close_stress_ccap10_scap2_largest_drop_alloc0.01,next_close,stress,10,2,largest_drop,0.01,LINKUSDT,102,0,0.0,1.267055378313647,1.242211155209458,0.10068582499410501,0.5098039215686274,1.2722339996848575,0.21434438625513863,-0.5858281305596291,-0.5870833167589742,1.6942829720727042,8,0.7450980392156863,2,2.0,0.7450980392156863,2.0,2.0,2020-03,-0.5664311615914297,2021-04,0.3009467880222181,LINKUSDT,1.0000000000000002,1.0,low
next_close_stress_ccap10_scap2_largest_drop_alloc0.01,next_close,stress,10,2,largest_drop,0.01,BTCUSDT,24,0,0.0,-0.06850423710602462,-0.28543432127510254,0.47650306561225503,0.625,-0.0687450097251796,-0.011646445071933353,-0.3079499305625788,-0.30822292164560006,-0.2922700545607912,3,0.5416666666666666,2,1.0,0.5416666666666666,2.0,1.0,2020-03,-0.22031934504496142,2021-05,,BTCUSDT,,0.0,low
next_close_stress_ccap10_scap2_largest_drop_alloc0.01,next_close,stress,10,2,largest_drop,0.01,AVAXUSDT,101,0,0.0,1.786721666435329,1.769031352906266,1.6216689763663799,0.6435643564356436,1.7990090376313717,0.3437350201934253,-0.9897195877790477,-0.9935644708376726,2.1114229664098305,5,0.7574257425742574,2,2.0,0.7574257425742575,2.0,2.0,2021-05,-0.5720026245548349,2022-05,0.4658542003077073,AVAXUSDT,1.0000000000000002,1.0,low
next_close_stress_ccap10_scap2_largest_drop_alloc0.01,next_close,stress,10,2,largest_drop,0.01,SOLUSDT,73,0,0.0,0.9223488307644248,1.2634915489923626,0.09371713355057,0.5068493150684932,0.9233490870250494,0.1770425806879805,-0.7164086449792939,-0.7184040369001259,1.1487997005906927,5,0.7328767123287672,2,2.0,0.7328767123287672,2.0,2.0,2021-05,-0.384231983460781,2024-08,0.41077926927844516,SOLUSDT,1.0000000000000002,1.0,low
next_close_stress_ccap10_scap2_liquidity_priority_alloc0.01,next_close,stress,10,2,liquidity_priority,0.01,XRPUSDT,86,0,0.0,1.1693528169196965,1.3597125778136006,0.7384175611033901,0.6395348837209303,1.1744813451356695,0.19562135037356487,-0.34693228256615916,-0.3473889359855238,2.0323447217331383,4,0.6395348837209303,2,2.0,0.6395348837209303,2.0,2.0,2021-05,-0.2562372486350384,2022-05,0.21693195469156604,XRPUSDT,0.9999999999999998,1.0,low
next_close_stress_ccap10_scap2_liquidity_priority_alloc0.01,next_close,stress,10,2,liquidity_priority,0.01,LTCUSDT,60,0,0.0,0.02263995231214344,0.0377332538535724,0.77030224117205,0.55,0.022007194819506637,0.003684658491587278,-0.2957320738391611,-0.2959734494550428,0.06300122226511667,4,0.5166666666666667,2,1.0,0.5166666666666667,2.0,1.0,2020-03,-0.2278689924346211,2021-04,5.004966071856035,LTCUSDT,0.9999999999999997,1.0,low
next_close_stress_ccap10_scap2_liquidity_priority_alloc0.01,next_close,stress,10,2,liquidity_priority,0.01,ADAUSDT,88,0,0.0,0.8719030865049835,0.9907989619374813,0.9266677281731701,0.5909090909090909,0.8733370117825379,0.1473706254493834,-0.371543232137983,-0.3719062183900416,1.2738502033997452,4,0.6477272727272727,2,2.0,0.6477272727272727,2.0,2.0,2025-02,-0.3715432321379719,2025-10,0.4417170279194326,ADAUSDT,0.9999999999999999,1.0,low
next_close_stress_ccap10_scap2_liquidity_priority_alloc0.01,next_close,stress,10,2,liquidity_priority,0.01,BTCUSDT,34,0,0.0,0.27331353487684373,0.8038633378730697,0.5975006364482149,0.6470588235294118,0.2728143736796973,0.04615342006322187,-0.22765135588969088,-0.22773898115085672,0.649030771410741,3,0.6470588235294118,2,2.0,0.6470588235294118,2.0,2.0,2021-01,-0.11531069285686257,2020-03,0.38640580836421656,BTCUSDT,1.0000000000000002,1.0,low
next_close_stress_ccap10_scap2_liquidity_priority_alloc0.01,next_close,stress,10,2,liquidity_priority,0.01,ETHUSDT,73,0,0.0,0.4644685798938999,0.6362583286217807,0.30960913102647,0.5753424657534246,0.46407027262638234,0.07844701847368185,-0.33771475213726365,-0.3380348449876888,0.854106431606022,4,0.7191780821917808,2,2.0,0.7191780821917808,2.0,2.0,2021-04,-0.050776865527546455,2025-10,0.20228100871639068,ETHUSDT,1.0000000000000002,1.0,low
next_close_stress_ccap10_scap2_liquidity_priority_alloc0.01,next_close,stress,10,2,liquidity_priority,0.01,BNBUSDT,70,0,0.0,1.3532018565843205,1.933145509406172,1.55334451744493,0.6142857142857143,1.3600718333205197,0.22906049210600354,-0.418316891995385,-0.41873564252833195,2.0411047929143593,5,0.7857142857142857,2,2.0,0.7857142857142858,2.0,2.0,2021-05,-0.1070529765709205,2021-02,0.29341586748382914,BNBUSDT,0.9999999999999999,1.0,low
next_close_stress_ccap10_scap2_liquidity_priority_alloc0.01,next_close,stress,10,2,liquidity_priority,0.01,LINKUSDT,90,0,0.0,0.30755398050423566,0.3417266450047063,-0.12897636639961,0.4777777777777778,0.30620984570401966,0.0517959372352772,-0.5166331208889874,-0.517528966276743,0.508825483460001,8,0.6444444444444445,2,2.0,0.6444444444444445,2.0,2.0,2020-03,-0.4972226510946087,2021-04,1.0005306953139377,LINKUSDT,1.0,1.0,low
next_close_stress_ccap10_scap2_liquidity_priority_alloc0.01,next_close,stress,10,2,liquidity_priority,0.01,AVAXUSDT,95,0,0.0,1.1741052336557012,1.2359002459533697,1.45286360539836,0.6210526315789474,1.1777051106486969,0.22558159900434305,-0.951997184556419,-0.9554975029236378,1.4580836027937667,4,0.7,2,2.0,0.7,2.0,2.0,2021-05,-0.5341210733361135,2022-05,0.5706341824887864,AVAXUSDT,1.0,1.0,low
next_close_stress_ccap10_scap2_liquidity_priority_alloc0.01,next_close,stress,10,2,liquidity_priority,0.01,SOLUSDT,80,0,0.0,1.3433731313057826,1.679216414132228,0.468628804809455,0.55,1.3489351586090326,0.25820420734445904,-0.4890653736855932,-0.48955365942875734,1.6325747929194532,4,0.8,2,2.0,0.8,2.0,2.0,2021-06,-0.18178466040024155,2024-08,0.28117931454035233,SOLUSDT,1.0,1.0,low
next_close_stress_ccap10_scapunlimited_symbol_order_alloc0.01,next_close,stress,10,unlimited,symbol_order,0.01,XRPUSDT,87,0,0.0,1.230639761039363,1.4145284609647848,0.7784247939610001,0.6436781609195402,1.2364880929809807,0.20589653367819594,-0.34693228256613695,-0.3473889359855238,2.131695741897179,4,0.6609195402298851,3,2.0,0.6609195402298851,3.0,2.0,2021-05,-0.2562372486350384,2022-05,0.2060533663003737,XRPUSDT,1.0,1.0,low
next_close_stress_ccap10_scapunlimited_symbol_order_alloc0.01,next_close,stress,10,unlimited,symbol_order,0.01,LTCUSDT,57,0,0.0,0.060547205973814015,0.10622316837511231,0.8073693329483199,0.5614035087719298,0.05995327473389267,0.010036375112054685,-0.24361706727009658,-0.2437311717812312,0.17162636859117028,4,0.5175438596491229,2,1.0,0.5175438596491229,2.0,1.0,2020-03,-0.2278689924346211,2021-04,1.21348615586887,LTCUSDT,0.9999999999999999,1.0,low
next_close_stress_ccap10_scapunlimited_symbol_order_alloc0.01,next_close,stress,10,unlimited,symbol_order,0.01,ADAUSDT,87,0,0.0,0.8758294626477597,1.006700531779034,1.1160824081578802,0.5977011494252874,0.877297833938151,0.1480365733158573,-0.371543232137983,-0.3719062183900416,1.2797695880318165,4,0.6379310344827587,2,2.0,0.6379310344827587,2.0,2.0,2025-02,-0.3715432321379719,2025-10,0.43972276494166923,ADAUSDT,1.0,1.0,low
next_close_stress_ccap10_scapunlimited_symbol_order_alloc0.01,next_close,stress,10,unlimited,symbol_order,0.01,BTCUSDT,34,0,0.0,0.27331353487684373,0.8038633378730697,0.5975006364482149,0.6470588235294118,0.2728143736796973,0.04615342006322187,-0.22765135588969088,-0.22773898115085672,0.649030771410741,3,0.6470588235294118,2,2.0,0.6470588235294118,2.0,2.0,2021-01,-0.11531069285686257,2020-03,0.38640580836421656,BTCUSDT,1.0000000000000002,1.0,low
next_close_stress_ccap10_scapunlimited_symbol_order_alloc0.01,next_close,stress,10,unlimited,symbol_order,0.01,ETHUSDT,76,0,0.0,0.4926930583325947,0.6482803399113087,0.30932226645676,0.5657894736842105,0.49234839275615894,0.08321745075090536,-0.33771475213726365,-0.3380348449876888,0.882442558610886,4,0.7894736842105263,3,2.0,0.7894736842105263,3.0,2.0,2021-01,-0.08951259305507442,2021-05,0.20187895547953494,ETHUSDT,1.0,1.0,low
next_close_stress_ccap10_scapunlimited_symbol_order_alloc0.01,next_close,stress,10,unlimited,symbol_order,0.01,BNBUSDT,71,0,0.0,1.4020981069156238,1.9747860660783434,1.6204320350413401,0.6197183098591549,1.4096331077801283,0.23735917585032684,-0.418316891995385,-0.41873564252833195,2.112973035572321,5,0.8098591549295775,3,2.0,0.8098591549295774,3.0,2.0,2021-05,-0.1070529765709205,2021-02,0.31792530503385935,BNBUSDT,0.9999999999999999,1.0,low
next_close_stress_ccap10_scapunlimited_symbol_order_alloc0.01,next_close,stress,10,unlimited,symbol_order,0.01,LINKUSDT,89,0,0.0,0.27614196254862355,0.3102718680321613,-0.18569212426009998,0.47191011235955055,0.27471269887482386,0.04647420396366453,-0.5166331208889874,-0.517528966276743,0.4574770114275547,8,0.6460674157303371,3,2.0,0.6460674157303371,3.0,2.0,2020-03,-0.4972226510946087,2022-05,1.0345685525841049,LINKUSDT,0.9999999999999994,1.0,low
next_close_stress_ccap10_scapunlimited_symbol_order_alloc0.01,next_close,stress,10,unlimited,symbol_order,0.01,AVAXUSDT,96,0,0.0,1.2324499672219467,1.283802049189528,1.4535621867260449,0.625,1.2367369731239197,0.2368328439100953,-0.9519971845564301,-0.9554975029236377,1.5281347201668734,4,0.71875,3,2.0,0.71875,3.0,2.0,2021-05,-0.5341210733361135,2022-05,0.5433967024777768,AVAXUSDT,0.9999999999999998,1.0,low
next_close_stress_ccap10_scapunlimited_symbol_order_alloc0.01,next_close,stress,10,unlimited,symbol_order,0.01,SOLUSDT,81,0,0.0,1.3120566523129757,1.6198230275468837,0.31846889952154,0.5432098765432098,1.3171919100873675,0.25216010188080507,-0.5502205443700725,-0.5510471800974159,1.5909087001900262,4,0.8333333333333334,3,2.0,0.8333333333333334,3.0,2.0,2021-05,-0.2174878613812381,2024-08,0.28795550621922,SOLUSDT,1.0,1.0,low
next_close_stress_ccap10_scapunlimited_largest_drop_alloc0.01,next_close,stress,10,unlimited,largest_drop,0.01,XRPUSDT,87,0,0.0,1.7049895022573445,1.9597580485716601,1.16104304262461,0.6436781609195402,1.7173062754520574,0.2853958990689298,-0.20621101014466348,-0.2062456497193455,2.6178310503200044,4,0.6724137931034483,2,2.0,0.6724137931034483,2.0,2.0,2021-06,-0.037085720207230555,2022-05,0.1483617323194097,XRPUSDT,1.0000000000000002,1.0,low
next_close_stress_ccap10_scapunlimited_largest_drop_alloc0.01,next_close,stress,10,unlimited,largest_drop,0.01,LTCUSDT,70,0,0.0,0.25523578527412955,0.3646225503916136,0.860189921807265,0.5571428571428572,0.25428437029224593,0.042533660510168936,-0.3665385981822644,-0.3669166881549009,0.5028750965017168,7,0.6285714285714286,3,2.0,0.6285714285714286,3.0,2.0,2021-05,-0.23579968761106018,2021-12,0.4662897321976778,LTCUSDT,0.9999999999999998,1.0,low
next_close_stress_ccap10_scapunlimited_largest_drop_alloc0.01,next_close,stress,10,unlimited,largest_drop,0.01,ADAUSDT,90,0,0.0,1.4285468950249331,1.5872743278054813,1.2135424717681,0.6111111111111112,1.4358496869610216,0.2417312274138883,-0.3539655763297178,-0.3542661227154813,1.899408670452829,4,0.6777777777777778,2,2.0,0.6777777777777778,2.0,2.0,2025-02,-0.3104261323152002,2025-10,0.26866867243819886,ADAUSDT,1.0,1.0,low
next_close_stress_ccap10_scapunlimited_largest_drop_alloc0.01,next_close,stress,10,unlimited,largest_drop,0.01,BNBUSDT,62,0,0.0,0.9905599094121071,1.5976772732453342,1.43307604836298,0.6129032258064516,0.9937963136520844,0.1676255357555556,-0.4183168919953739,-0.418735642528332,1.7423980438418316,4,0.7419354838709677,3,2.0,0.7419354838709677,3.0,2.0,2020-03,-0.11491237388000508,2021-02,0.45095562301886233,BNBUSDT,0.9999999999999999,1.0,low
next_close_stress_ccap10_scapunlimited_largest_drop_alloc0.01,next_close,stress,10,unlimited,largest_drop,0.01,ETHUSDT,67,0,0.0,-0.3422284552823074,-0.5107887392273245,0.12245416044625,0.5074626865671642,-0.34237544812606435,-0.05806964668879644,-0.7065659326389917,-0.7085351318108213,-0.8917745567736659,5,0.7238805970149254,4,2.0,0.7238805970149254,4.0,2.0,2020-03,-0.3027981531080637,2022-06,,ETHUSDT,,0.0,low
next_close_stress_ccap10_scapunlimited_largest_drop_alloc0.01,next_close,stress,10,unlimited,largest_drop,0.01,LINKUSDT,103,0,0.0,1.3014280711964854,1.2635223992198887,0.11006351861378,0.5145631067961165,1.307043993653223,0.22017762341137725,-0.5858281305596291,-0.5870833167589742,1.7395798747007294,8,0.7621359223300971,3,2.0,0.7621359223300971,3.0,2.0,2020-03,-0.5664311615914297,2021-04,0.2929317893483236,LINKUSDT,1.0000000000000004,1.0,low
next_close_stress_ccap10_scapunlimited_largest_drop_alloc0.01,next_close,stress,10,unlimited,largest_drop,0.01,BTCUSDT,22,0,0.0,-0.08417845892050532,-0.38262935872956966,0.47650306561225503,0.5909090909090909,-0.08440622448648849,-0.014300622585805556,-0.3079499305625788,-0.30822292164560006,-0.35955332184522426,3,0.5454545454545454,2,1.0,0.5454545454545454,2.0,1.0,2020-03,-0.22031934504496142,2021-05,,BTCUSDT,,0.0,low
next_close_stress_ccap10_scapunlimited_largest_drop_alloc0.01,next_close,stress,10,unlimited,largest_drop,0.01,AVAXUSDT,102,0,0.0,1.8908985898581907,1.8538221469197949,1.6510521008396248,0.6470588235294118,1.9050601133216771,0.36384454482571993,-0.9897195877790366,-0.9935644708376726,2.2230599223803127,5,0.7745098039215687,3,2.0,0.7745098039215687,3.0,2.0,2021-05,-0.5720026245548349,2022-05,0.4399209823940019,AVAXUSDT,1.0,1.0,low
next_close_stress_ccap10_scapunlimited_largest_drop_alloc0.01,next_close,stress,10,unlimited,largest_drop,0.01,SOLUSDT,75,0,0.0,0.9525258724402766,1.2700344965870354,0.09371713355057,0.5066666666666667,0.9537810177189909,0.18285528447534727,-0.7164086449792606,-0.7184040369001259,1.181806658193984,5,0.78,3,2.0,0.78,3.0,2.0,2021-05,-0.384231983460781,2024-08,0.3976726902828956,SOLUSDT,1.0,1.0,low
next_close_stress_ccap10_scapunlimited_liquidity_priority_alloc0.01,next_close,stress,10,unlimited,liquidity_priority,0.01,XRPUSDT,87,0,0.0,1.230639761039363,1.4145284609647848,0.7784247939610001,0.6436781609195402,1.2364880929809807,0.20589653367819594,-0.34693228256613695,-0.3473889359855238,2.131695741897179,4,0.6609195402298851,3,2.0,0.6609195402298851,3.0,2.0,2021-05,-0.2562372486350384,2022-05,0.2060533663003737,XRPUSDT,1.0,1.0,low
next_close_stress_ccap10_scapunlimited_liquidity_priority_alloc0.01,next_close,stress,10,unlimited,liquidity_priority,0.01,LTCUSDT,57,0,0.0,0.060547205973814015,0.10622316837511231,0.8073693329483199,0.5614035087719298,0.05995327473389267,0.010036375112054685,-0.24361706727009658,-0.2437311717812312,0.17162636859117028,4,0.5175438596491229,2,1.0,0.5175438596491229,2.0,1.0,2020-03,-0.2278689924346211,2021-04,1.21348615586887,LTCUSDT,0.9999999999999999,1.0,low
next_close_stress_ccap10_scapunlimited_liquidity_priority_alloc0.01,next_close,stress,10,unlimited,liquidity_priority,0.01,ADAUSDT,87,0,0.0,0.8758294626477597,1.006700531779034,1.1160824081578802,0.5977011494252874,0.877297833938151,0.1480365733158573,-0.371543232137983,-0.3719062183900416,1.2797695880318165,4,0.6379310344827587,2,2.0,0.6379310344827587,2.0,2.0,2025-02,-0.3715432321379719,2025-10,0.43972276494166923,ADAUSDT,1.0,1.0,low
next_close_stress_ccap10_scapunlimited_liquidity_priority_alloc0.01,next_close,stress,10,unlimited,liquidity_priority,0.01,BTCUSDT,34,0,0.0,0.27331353487684373,0.8038633378730697,0.5975006364482149,0.6470588235294118,0.2728143736796973,0.04615342006322187,-0.22765135588969088,-0.22773898115085672,0.649030771410741,3,0.6470588235294118,2,2.0,0.6470588235294118,2.0,2.0,2021-01,-0.11531069285686257,2020-03,0.38640580836421656,BTCUSDT,1.0000000000000002,1.0,low
next_close_stress_ccap10_scapunlimited_liquidity_priority_alloc0.01,next_close,stress,10,unlimited,liquidity_priority,0.01,ETHUSDT,76,0,0.0,0.4926930583325947,0.6482803399113087,0.30932226645676,0.5657894736842105,0.49234839275615894,0.08321745075090536,-0.33771475213726365,-0.3380348449876888,0.882442558610886,4,0.7894736842105263,3,2.0,0.7894736842105263,3.0,2.0,2021-01,-0.08951259305507442,2021-05,0.20187895547953494,ETHUSDT,1.0,1.0,low
next_close_stress_ccap10_scapunlimited_liquidity_priority_alloc0.01,next_close,stress,10,unlimited,liquidity_priority,0.01,BNBUSDT,71,0,0.0,1.4020981069156238,1.9747860660783434,1.6204320350413401,0.6197183098591549,1.4096331077801283,0.23735917585032684,-0.418316891995385,-0.41873564252833195,2.112973035572321,5,0.8098591549295775,3,2.0,0.8098591549295774,3.0,2.0,2021-05,-0.1070529765709205,2021-02,0.31792530503385935,BNBUSDT,0.9999999999999999,1.0,low
next_close_stress_ccap10_scapunlimited_liquidity_priority_alloc0.01,next_close,stress,10,unlimited,liquidity_priority,0.01,LINKUSDT,89,0,0.0,0.27614196254862355,0.3102718680321613,-0.18569212426009998,0.47191011235955055,0.27471269887482386,0.04647420396366453,-0.5166331208889874,-0.517528966276743,0.4574770114275547,8,0.6460674157303371,3,2.0,0.6460674157303371,3.0,2.0,2020-03,-0.4972226510946087,2022-05,1.0345685525841049,LINKUSDT,0.9999999999999994,1.0,low
next_close_stress_ccap10_scapunlimited_liquidity_priority_alloc0.01,next_close,stress,10,unlimited,liquidity_priority,0.01,AVAXUSDT,96,0,0.0,1.2324499672219467,1.283802049189528,1.4535621867260449,0.625,1.2367369731239197,0.2368328439100953,-0.9519971845564301,-0.9554975029236377,1.5281347201668734,4,0.71875,3,2.0,0.71875,3.0,2.0,2021-05,-0.5341210733361135,2022-05,0.5433967024777768,AVAXUSDT,0.9999999999999998,1.0,low
next_close_stress_ccap10_scapunlimited_liquidity_priority_alloc0.01,next_close,stress,10,unlimited,liquidity_priority,0.01,SOLUSDT,81,0,0.0,1.3120566523129757,1.6198230275468837,0.31846889952154,0.5432098765432098,1.3171919100873675,0.25216010188080507,-0.5502205443700725,-0.5510471800974159,1.5909087001900262,4,0.8333333333333334,3,2.0,0.8333333333333334,3.0,2.0,2021-05,-0.2174878613812381,2024-08,0.28795550621922,SOLUSDT,1.0,1.0,low
next_close_stress_ccapunlimited_scap1_symbol_order_alloc0.01,next_close,stress,unlimited,1,symbol_order,0.01,XRPUSDT,76,0,0.0,0.6686592101212386,0.8798147501595246,0.644750871406685,0.631578947368421,0.6695347468992807,0.11175050223568572,-0.38576256085832705,-0.38635439804467087,1.2895613097715812,5,0.5,1,1.0,0.5,1.0,1.0,2021-05,-0.24724741314343657,2022-05,0.3221751231386145,XRPUSDT,1.0,1.0,low
next_close_stress_ccapunlimited_scap1_symbol_order_alloc0.01,next_close,stress,unlimited,1,symbol_order,0.01,LTCUSDT,66,0,0.0,-0.37891371313287175,-0.5741116865649573,0.038254935016584994,0.5,-0.379081334647291,-0.06357569490591519,-0.6302067551856028,-0.6315245616736781,-0.8980966580648353,9,0.5,1,1.0,0.5,1.0,1.0,2021-05,-0.4312111411898578,2021-04,,LTCUSDT,,0.0,low
next_close_stress_ccapunlimited_scap1_symbol_order_alloc0.01,next_close,stress,unlimited,1,symbol_order,0.01,ADAUSDT,77,0,0.0,0.46538018956238913,0.6043898565745314,1.1822838843399601,0.6103896103896104,0.4650938688795625,0.07861439724712316,-0.35108753419373917,-0.35135228021047454,0.8898154225593656,3,0.5,1,1.0,0.5,1.0,1.0,2020-03,-0.3025885321724431,2021-02,0.7426862749017866,ADAUSDT,1.0,1.0,low
next_close_stress_ccapunlimited_scap1_symbol_order_alloc0.01,next_close,stress,unlimited,1,symbol_order,0.01,BTCUSDT,31,0,0.0,0.0484260441870748,0.15621304576475742,0.97846343465853,0.6774193548387096,0.04810915297386309,0.008146463736391496,-0.2934765799749717,-0.29367539356162686,0.18603083512947205,2,0.5,1,1.0,0.5,1.0,1.0,2020-03,-0.1713700977833299,2021-05,1.069487606692265,BTCUSDT,1.0,1.0,low
next_close_stress_ccapunlimited_scap1_symbol_order_alloc0.01,next_close,stress,unlimited,1,symbol_order,0.01,ETHUSDT,59,0,0.0,0.3881010826543482,0.6577984451768614,0.30160994713684,0.559322033898305,0.38764554619601377,0.06554881841891458,-0.3156853935681214,-0.316020761804848,0.787558168000069,4,0.5,1,1.0,0.5,1.0,1.0,2021-04,-0.09930900461613268,2020-03,0.45159379706665287,ETHUSDT,1.0,1.0,low
next_close_stress_ccapunlimited_scap1_symbol_order_alloc0.01,next_close,stress,unlimited,1,symbol_order,0.01,BNBUSDT,58,0,0.0,0.9199209671958084,1.5860706330962215,0.84730058445002,0.5517241379310345,0.9225405780459273,0.1556523979753699,-0.34281631096722,-0.3432125927058077,1.6442046284583096,6,0.5,1,1.0,0.5,1.0,1.0,2021-05,-0.26333375146284643,2020-03,0.41532188536116715,BNBUSDT,1.0,1.0,low
next_close_stress_ccapunlimited_scap1_symbol_order_alloc0.01,next_close,stress,unlimited,1,symbol_order,0.01,LINKUSDT,82,0,0.0,0.29900901521515655,0.3646451405062885,-0.12897636639961,0.47560975609756095,0.2979514654272375,0.050400742041856184,-0.34922232621756866,-0.3495553284357972,0.5435018047100434,7,0.5,1,1.0,0.5,1.0,1.0,2020-03,-0.3918479711825351,2021-04,0.8809766405691513,LINKUSDT,1.0,1.0,low
next_close_stress_ccapunlimited_scap1_symbol_order_alloc0.01,next_close,stress,unlimited,1,symbol_order,0.01,AVAXUSDT,79,0,0.0,0.8916898754021079,1.128721361268491,1.09360076816389,0.6075949367088608,0.8929388760316126,0.17123167080712598,-0.7136118857242191,-0.7152738679637085,1.2140177916882546,5,0.5,1,1.0,0.5,1.0,1.0,2021-05,-0.5222489594223889,2022-05,0.4356830559271184,AVAXUSDT,0.9999999999999999,1.0,low
next_close_stress_ccapunlimited_scap1_symbol_order_alloc0.01,next_close,stress,unlimited,1,symbol_order,0.01,SOLUSDT,60,0,0.0,0.7204192373325355,1.2006987288875592,0.20268157809921497,0.5333333333333333,0.7207866249722583,0.13831567812645496,-0.3949605077097629,-0.3949694331746699,1.0832233043836426,3,0.5,1,1.0,0.5,1.0,1.0,2021-05,-0.21356407403623212,2021-04,0.30420095960725807,SOLUSDT,1.0,1.0,low
next_close_stress_ccapunlimited_scap1_largest_drop_alloc0.01,next_close,stress,unlimited,1,largest_drop,0.01,XRPUSDT,76,0,0.0,0.6686592101212386,0.8798147501595246,0.644750871406685,0.631578947368421,0.6695347468992807,0.11175050223568572,-0.38576256085832705,-0.38635439804467087,1.2895613097715812,5,0.5,1,1.0,0.5,1.0,1.0,2021-05,-0.24724741314343657,2022-05,0.3221751231386145,XRPUSDT,1.0,1.0,low
next_close_stress_ccapunlimited_scap1_largest_drop_alloc0.01,next_close,stress,unlimited,1,largest_drop,0.01,LTCUSDT,66,0,0.0,-0.37891371313287175,-0.5741116865649573,0.038254935016584994,0.5,-0.379081334647291,-0.06357569490591519,-0.6302067551856028,-0.6315245616736781,-0.8980966580648353,9,0.5,1,1.0,0.5,1.0,1.0,2021-05,-0.4312111411898578,2021-04,,LTCUSDT,,0.0,low
next_close_stress_ccapunlimited_scap1_largest_drop_alloc0.01,next_close,stress,unlimited,1,largest_drop,0.01,ADAUSDT,77,0,0.0,0.46538018956238913,0.6043898565745314,1.1822838843399601,0.6103896103896104,0.4650938688795625,0.07861439724712316,-0.35108753419373917,-0.35135228021047454,0.8898154225593656,3,0.5,1,1.0,0.5,1.0,1.0,2020-03,-0.3025885321724431,2021-02,0.7426862749017866,ADAUSDT,1.0,1.0,low
next_close_stress_ccapunlimited_scap1_largest_drop_alloc0.01,next_close,stress,unlimited,1,largest_drop,0.01,BNBUSDT,58,0,0.0,0.9199209671958084,1.5860706330962215,0.84730058445002,0.5517241379310345,0.9225405780459273,0.1556523979753699,-0.34281631096722,-0.3432125927058077,1.6442046284583096,6,0.5,1,1.0,0.5,1.0,1.0,2021-05,-0.26333375146284643,2020-03,0.41532188536116715,BNBUSDT,1.0,1.0,low
next_close_stress_ccapunlimited_scap1_largest_drop_alloc0.01,next_close,stress,unlimited,1,largest_drop,0.01,ETHUSDT,59,0,0.0,0.3881010826543482,0.6577984451768614,0.30160994713684,0.559322033898305,0.38764554619601377,0.06554881841891458,-0.3156853935681214,-0.316020761804848,0.787558168000069,4,0.5,1,1.0,0.5,1.0,1.0,2021-04,-0.09930900461613268,2020-03,0.45159379706665287,ETHUSDT,1.0,1.0,low
next_close_stress_ccapunlimited_scap1_largest_drop_alloc0.01,next_close,stress,unlimited,1,largest_drop,0.01,LINKUSDT,82,0,0.0,0.29900901521515655,0.3646451405062885,-0.12897636639961,0.47560975609756095,0.2979514654272375,0.050400742041856184,-0.34922232621756866,-0.3495553284357972,0.5435018047100434,7,0.5,1,1.0,0.5,1.0,1.0,2020-03,-0.3918479711825351,2021-04,0.8809766405691513,LINKUSDT,1.0,1.0,low
next_close_stress_ccapunlimited_scap1_largest_drop_alloc0.01,next_close,stress,unlimited,1,largest_drop,0.01,BTCUSDT,31,0,0.0,0.0484260441870748,0.15621304576475742,0.97846343465853,0.6774193548387096,0.04810915297386309,0.008146463736391496,-0.2934765799749717,-0.29367539356162686,0.18603083512947205,2,0.5,1,1.0,0.5,1.0,1.0,2020-03,-0.1713700977833299,2021-05,1.069487606692265,BTCUSDT,1.0,1.0,low
next_close_stress_ccapunlimited_scap1_largest_drop_alloc0.01,next_close,stress,unlimited,1,largest_drop,0.01,AVAXUSDT,79,0,0.0,0.8916898754021079,1.128721361268491,1.09360076816389,0.6075949367088608,0.8929388760316126,0.17123167080712598,-0.7136118857242191,-0.7152738679637085,1.2140177916882546,5,0.5,1,1.0,0.5,1.0,1.0,2021-05,-0.5222489594223889,2022-05,0.4356830559271184,AVAXUSDT,0.9999999999999999,1.0,low
next_close_stress_ccapunlimited_scap1_largest_drop_alloc0.01,next_close,stress,unlimited,1,largest_drop,0.01,SOLUSDT,60,0,0.0,0.7204192373325355,1.2006987288875592,0.20268157809921497,0.5333333333333333,0.7207866249722583,0.13831567812645496,-0.3949605077097629,-0.3949694331746699,1.0832233043836426,3,0.5,1,1.0,0.5,1.0,1.0,2021-05,-0.21356407403623212,2021-04,0.30420095960725807,SOLUSDT,1.0,1.0,low
next_close_stress_ccapunlimited_scap1_liquidity_priority_alloc0.01,next_close,stress,unlimited,1,liquidity_priority,0.01,XRPUSDT,76,0,0.0,0.6686592101212386,0.8798147501595246,0.644750871406685,0.631578947368421,0.6695347468992807,0.11175050223568572,-0.38576256085832705,-0.38635439804467087,1.2895613097715812,5,0.5,1,1.0,0.5,1.0,1.0,2021-05,-0.24724741314343657,2022-05,0.3221751231386145,XRPUSDT,1.0,1.0,low
next_close_stress_ccapunlimited_scap1_liquidity_priority_alloc0.01,next_close,stress,unlimited,1,liquidity_priority,0.01,LTCUSDT,66,0,0.0,-0.37891371313287175,-0.5741116865649573,0.038254935016584994,0.5,-0.379081334647291,-0.06357569490591519,-0.6302067551856028,-0.6315245616736781,-0.8980966580648353,9,0.5,1,1.0,0.5,1.0,1.0,2021-05,-0.4312111411898578,2021-04,,LTCUSDT,,0.0,low
next_close_stress_ccapunlimited_scap1_liquidity_priority_alloc0.01,next_close,stress,unlimited,1,liquidity_priority,0.01,ADAUSDT,77,0,0.0,0.46538018956238913,0.6043898565745314,1.1822838843399601,0.6103896103896104,0.4650938688795625,0.07861439724712316,-0.35108753419373917,-0.35135228021047454,0.8898154225593656,3,0.5,1,1.0,0.5,1.0,1.0,2020-03,-0.3025885321724431,2021-02,0.7426862749017866,ADAUSDT,1.0,1.0,low
next_close_stress_ccapunlimited_scap1_liquidity_priority_alloc0.01,next_close,stress,unlimited,1,liquidity_priority,0.01,BTCUSDT,31,0,0.0,0.0484260441870748,0.15621304576475742,0.97846343465853,0.6774193548387096,0.04810915297386309,0.008146463736391496,-0.2934765799749717,-0.29367539356162686,0.18603083512947205,2,0.5,1,1.0,0.5,1.0,1.0,2020-03,-0.1713700977833299,2021-05,1.069487606692265,BTCUSDT,1.0,1.0,low
next_close_stress_ccapunlimited_scap1_liquidity_priority_alloc0.01,next_close,stress,unlimited,1,liquidity_priority,0.01,ETHUSDT,59,0,0.0,0.3881010826543482,0.6577984451768614,0.30160994713684,0.559322033898305,0.38764554619601377,0.06554881841891458,-0.3156853935681214,-0.316020761804848,0.787558168000069,4,0.5,1,1.0,0.5,1.0,1.0,2021-04,-0.09930900461613268,2020-03,0.45159379706665287,ETHUSDT,1.0,1.0,low
next_close_stress_ccapunlimited_scap1_liquidity_priority_alloc0.01,next_close,stress,unlimited,1,liquidity_priority,0.01,BNBUSDT,58,0,0.0,0.9199209671958084,1.5860706330962215,0.84730058445002,0.5517241379310345,0.9225405780459273,0.1556523979753699,-0.34281631096722,-0.3432125927058077,1.6442046284583096,6,0.5,1,1.0,0.5,1.0,1.0,2021-05,-0.26333375146284643,2020-03,0.41532188536116715,BNBUSDT,1.0,1.0,low
next_close_stress_ccapunlimited_scap1_liquidity_priority_alloc0.01,next_close,stress,unlimited,1,liquidity_priority,0.01,LINKUSDT,82,0,0.0,0.29900901521515655,0.3646451405062885,-0.12897636639961,0.47560975609756095,0.2979514654272375,0.050400742041856184,-0.34922232621756866,-0.3495553284357972,0.5435018047100434,7,0.5,1,1.0,0.5,1.0,1.0,2020-03,-0.3918479711825351,2021-04,0.8809766405691513,LINKUSDT,1.0,1.0,low
next_close_stress_ccapunlimited_scap1_liquidity_priority_alloc0.01,next_close,stress,unlimited,1,liquidity_priority,0.01,AVAXUSDT,79,0,0.0,0.8916898754021079,1.128721361268491,1.09360076816389,0.6075949367088608,0.8929388760316126,0.17123167080712598,-0.7136118857242191,-0.7152738679637085,1.2140177916882546,5,0.5,1,1.0,0.5,1.0,1.0,2021-05,-0.5222489594223889,2022-05,0.4356830559271184,AVAXUSDT,0.9999999999999999,1.0,low
next_close_stress_ccapunlimited_scap1_liquidity_priority_alloc0.01,next_close,stress,unlimited,1,liquidity_priority,0.01,SOLUSDT,60,0,0.0,0.7204192373325355,1.2006987288875592,0.20268157809921497,0.5333333333333333,0.7207866249722583,0.13831567812645496,-0.3949605077097629,-0.3949694331746699,1.0832233043836426,3,0.5,1,1.0,0.5,1.0,1.0,2021-05,-0.21356407403623212,2021-04,0.30420095960725807,SOLUSDT,1.0,1.0,low
next_close_stress_ccapunlimited_scap2_symbol_order_alloc0.01,next_close,stress,unlimited,2,symbol_order,0.01,XRPUSDT,100,0,0.0,1.8436798287359166,1.8436798287359164,1.182929818502245,0.66,1.858555921185423,0.3086909105130209,-0.1880191245854368,-0.1880191245854357,2.889748083662724,3,0.76,2,2.0,0.76,2.0,2.0,2020-03,-0.03790660973976845,2021-12,0.18428113866793247,XRPUSDT,1.0000000000000002,1.0,low
next_close_stress_ccapunlimited_scap2_symbol_order_alloc0.01,next_close,stress,unlimited,2,symbol_order,0.01,LTCUSDT,87,0,0.0,0.01896148039253403,0.021794805048889688,0.6012692713807101,0.5287356321839081,0.01771632477400864,0.002966292291173289,-0.46819474242867365,-0.4684382037920511,0.037759064185637535,4,0.7758620689655172,2,2.0,0.7758620689655172,2.0,2.0,2020-03,-0.3067683435243551,2024-04,7.108183784962384,LTCUSDT,1.0000000000000022,1.0,low
next_close_stress_ccapunlimited_scap2_symbol_order_alloc0.01,next_close,stress,unlimited,2,symbol_order,0.01,ADAUSDT,101,0,0.0,1.3362959062248945,1.3230652536880143,1.24480105919624,0.6138613861386139,1.342292792697375,0.22606739184634073,-0.3715432321379719,-0.37190621839004157,1.7625680432944808,4,0.7376237623762376,2,2.0,0.7376237623762376,2.0,2.0,2025-02,-0.3715432321379719,2025-10,0.2873946960866935,ADAUSDT,1.0000000000000002,1.0,low
next_close_stress_ccapunlimited_scap2_symbol_order_alloc0.01,next_close,stress,unlimited,2,symbol_order,0.01,BTCUSDT,38,0,0.0,0.1368693639529738,0.36018253671835215,0.7909865833202001,0.6842105263157895,0.13656882839518936,0.02311711139213468,-0.287709116998891,-0.28784653495551193,0.4829237550506898,3,0.6842105263157895,2,2.0,0.6842105263157895,2.0,2.0,2020-03,-0.1424988998006138,2021-05,0.8184461202106487,BTCUSDT,0.9999999999999998,1.0,low
next_close_stress_ccapunlimited_scap2_symbol_order_alloc0.01,next_close,stress,unlimited,2,symbol_order,0.01,ETHUSDT,76,0,0.0,0.698602775465111,0.9192141782435671,0.321560957361745,0.5789473684210527,0.6993197948682139,0.11809898696244492,-0.33771475213726365,-0.3380348449876888,1.1949992459675562,4,0.7368421052631579,2,2.0,0.7368421052631579,2.0,2.0,2021-04,-0.050776865527546455,2021-05,0.3896066903783594,ETHUSDT,1.0,1.0,low
next_close_stress_ccapunlimited_scap2_symbol_order_alloc0.01,next_close,stress,unlimited,2,symbol_order,0.01,BNBUSDT,78,0,0.0,1.4218346446774193,1.8228649290736143,1.46097723073083,0.6153846153846154,1.4296512548286122,0.24071011740820492,-0.418316891995385,-0.41873564252833195,2.1404831184035387,5,0.8333333333333334,2,2.0,0.8333333333333334,2.0,2.0,2021-05,-0.10573676094550732,2021-02,0.279135667153947,BNBUSDT,1.0,1.0,low
next_close_stress_ccapunlimited_scap2_symbol_order_alloc0.01,next_close,stress,unlimited,2,symbol_order,0.01,LINKUSDT,110,0,0.0,1.7966158686583904,1.6332871533258095,0.31249502935585,0.5272727272727272,1.808982439230511,0.3041047345581971,-0.5404011369323114,-0.5414039999701296,2.091050416071,5,0.8090909090909091,2,2.0,0.8090909090909091,2.0,2.0,2020-03,-0.18313749007623503,2021-04,0.211651991481289,LINKUSDT,1.0000000000000004,1.0,low
next_close_stress_ccapunlimited_scap2_symbol_order_alloc0.01,next_close,stress,unlimited,2,symbol_order,0.01,AVAXUSDT,107,0,0.0,1.839232352792855,1.718908740927902,1.6216689763663799,0.6355140186915887,1.8523529178968268,0.3538522604915384,-0.8896295513762476,-0.8924399095832017,2.137252796078459,5,0.8177570093457944,2,2.0,0.8177570093457944,2.0,2.0,2021-05,-0.637064230375195,2022-05,0.45243857608066257,AVAXUSDT,1.0,1.0,low
next_close_stress_ccapunlimited_scap2_symbol_order_alloc0.01,next_close,stress,unlimited,2,symbol_order,0.01,SOLUSDT,84,0,0.0,1.5005312190015132,1.7863466892875157,0.67733098554492,0.5595238095238095,1.5081890094267303,0.28850404525628814,-0.4678251158137914,-0.4682996546206848,1.7906784084036524,4,0.8333333333333334,2,2.0,0.8333333333333334,2.0,2.0,2021-06,-0.18178466040024155,2024-08,0.2514888126662852,SOLUSDT,1.0,1.0,low
next_close_stress_ccapunlimited_scap2_largest_drop_alloc0.01,next_close,stress,unlimited,2,largest_drop,0.01,XRPUSDT,100,0,0.0,1.8436798287359166,1.8436798287359164,1.182929818502245,0.66,1.858555921185423,0.3086909105130209,-0.1880191245854368,-0.1880191245854357,2.889748083662724,3,0.76,2,2.0,0.76,2.0,2.0,2020-03,-0.03790660973976845,2021-12,0.18428113866793247,XRPUSDT,1.0000000000000002,1.0,low
next_close_stress_ccapunlimited_scap2_largest_drop_alloc0.01,next_close,stress,unlimited,2,largest_drop,0.01,LTCUSDT,87,0,0.0,0.01896148039253403,0.021794805048889688,0.6012692713807101,0.5287356321839081,0.01771632477400864,0.002966292291173289,-0.46819474242867365,-0.4684382037920511,0.037759064185637535,4,0.7758620689655172,2,2.0,0.7758620689655172,2.0,2.0,2020-03,-0.3067683435243551,2024-04,7.108183784962384,LTCUSDT,1.0000000000000022,1.0,low
next_close_stress_ccapunlimited_scap2_largest_drop_alloc0.01,next_close,stress,unlimited,2,largest_drop,0.01,ADAUSDT,101,0,0.0,1.3362959062248945,1.3230652536880143,1.24480105919624,0.6138613861386139,1.342292792697375,0.22606739184634073,-0.3715432321379719,-0.37190621839004157,1.7625680432944808,4,0.7376237623762376,2,2.0,0.7376237623762376,2.0,2.0,2025-02,-0.3715432321379719,2025-10,0.2873946960866935,ADAUSDT,1.0000000000000002,1.0,low
next_close_stress_ccapunlimited_scap2_largest_drop_alloc0.01,next_close,stress,unlimited,2,largest_drop,0.01,BNBUSDT,78,0,0.0,1.4218346446774193,1.8228649290736143,1.46097723073083,0.6153846153846154,1.4296512548286122,0.24071011740820492,-0.418316891995385,-0.41873564252833195,2.1404831184035387,5,0.8333333333333334,2,2.0,0.8333333333333334,2.0,2.0,2021-05,-0.10573676094550732,2021-02,0.279135667153947,BNBUSDT,1.0,1.0,low
next_close_stress_ccapunlimited_scap2_largest_drop_alloc0.01,next_close,stress,unlimited,2,largest_drop,0.01,ETHUSDT,76,0,0.0,0.698602775465111,0.9192141782435671,0.321560957361745,0.5789473684210527,0.6993197948682139,0.11809898696244492,-0.33771475213726365,-0.3380348449876888,1.1949992459675562,4,0.7368421052631579,2,2.0,0.7368421052631579,2.0,2.0,2021-04,-0.050776865527546455,2021-05,0.3896066903783594,ETHUSDT,1.0,1.0,low
next_close_stress_ccapunlimited_scap2_largest_drop_alloc0.01,next_close,stress,unlimited,2,largest_drop,0.01,LINKUSDT,110,0,0.0,1.7966158686583904,1.6332871533258095,0.31249502935585,0.5272727272727272,1.808982439230511,0.3041047345581971,-0.5404011369323114,-0.5414039999701296,2.091050416071,5,0.8090909090909091,2,2.0,0.8090909090909091,2.0,2.0,2020-03,-0.18313749007623503,2021-04,0.211651991481289,LINKUSDT,1.0000000000000004,1.0,low
next_close_stress_ccapunlimited_scap2_largest_drop_alloc0.01,next_close,stress,unlimited,2,largest_drop,0.01,BTCUSDT,38,0,0.0,0.1368693639529738,0.36018253671835215,0.7909865833202001,0.6842105263157895,0.13656882839518936,0.02311711139213468,-0.287709116998891,-0.28784653495551193,0.4829237550506898,3,0.6842105263157895,2,2.0,0.6842105263157895,2.0,2.0,2020-03,-0.1424988998006138,2021-05,0.8184461202106487,BTCUSDT,0.9999999999999998,1.0,low
next_close_stress_ccapunlimited_scap2_largest_drop_alloc0.01,next_close,stress,unlimited,2,largest_drop,0.01,AVAXUSDT,107,0,0.0,1.839232352792855,1.718908740927902,1.6216689763663799,0.6355140186915887,1.8523529178968268,0.3538522604915384,-0.8896295513762476,-0.8924399095832017,2.137252796078459,5,0.8177570093457944,2,2.0,0.8177570093457944,2.0,2.0,2021-05,-0.637064230375195,2022-05,0.45243857608066257,AVAXUSDT,1.0,1.0,low
next_close_stress_ccapunlimited_scap2_largest_drop_alloc0.01,next_close,stress,unlimited,2,largest_drop,0.01,SOLUSDT,84,0,0.0,1.5005312190015132,1.7863466892875157,0.67733098554492,0.5595238095238095,1.5081890094267303,0.28850404525628814,-0.4678251158137914,-0.4682996546206848,1.7906784084036524,4,0.8333333333333334,2,2.0,0.8333333333333334,2.0,2.0,2021-06,-0.18178466040024155,2024-08,0.2514888126662852,SOLUSDT,1.0,1.0,low
next_close_stress_ccapunlimited_scap2_liquidity_priority_alloc0.01,next_close,stress,unlimited,2,liquidity_priority,0.01,XRPUSDT,100,0,0.0,1.8436798287359166,1.8436798287359164,1.182929818502245,0.66,1.858555921185423,0.3086909105130209,-0.1880191245854368,-0.1880191245854357,2.889748083662724,3,0.76,2,2.0,0.76,2.0,2.0,2020-03,-0.03790660973976845,2021-12,0.18428113866793247,XRPUSDT,1.0000000000000002,1.0,low
next_close_stress_ccapunlimited_scap2_liquidity_priority_alloc0.01,next_close,stress,unlimited,2,liquidity_priority,0.01,LTCUSDT,87,0,0.0,0.01896148039253403,0.021794805048889688,0.6012692713807101,0.5287356321839081,0.01771632477400864,0.002966292291173289,-0.46819474242867365,-0.4684382037920511,0.037759064185637535,4,0.7758620689655172,2,2.0,0.7758620689655172,2.0,2.0,2020-03,-0.3067683435243551,2024-04,7.108183784962384,LTCUSDT,1.0000000000000022,1.0,low
next_close_stress_ccapunlimited_scap2_liquidity_priority_alloc0.01,next_close,stress,unlimited,2,liquidity_priority,0.01,ADAUSDT,101,0,0.0,1.3362959062248945,1.3230652536880143,1.24480105919624,0.6138613861386139,1.342292792697375,0.22606739184634073,-0.3715432321379719,-0.37190621839004157,1.7625680432944808,4,0.7376237623762376,2,2.0,0.7376237623762376,2.0,2.0,2025-02,-0.3715432321379719,2025-10,0.2873946960866935,ADAUSDT,1.0000000000000002,1.0,low
next_close_stress_ccapunlimited_scap2_liquidity_priority_alloc0.01,next_close,stress,unlimited,2,liquidity_priority,0.01,BTCUSDT,38,0,0.0,0.1368693639529738,0.36018253671835215,0.7909865833202001,0.6842105263157895,0.13656882839518936,0.02311711139213468,-0.287709116998891,-0.28784653495551193,0.4829237550506898,3,0.6842105263157895,2,2.0,0.6842105263157895,2.0,2.0,2020-03,-0.1424988998006138,2021-05,0.8184461202106487,BTCUSDT,0.9999999999999998,1.0,low
next_close_stress_ccapunlimited_scap2_liquidity_priority_alloc0.01,next_close,stress,unlimited,2,liquidity_priority,0.01,ETHUSDT,76,0,0.0,0.698602775465111,0.9192141782435671,0.321560957361745,0.5789473684210527,0.6993197948682139,0.11809898696244492,-0.33771475213726365,-0.3380348449876888,1.1949992459675562,4,0.7368421052631579,2,2.0,0.7368421052631579,2.0,2.0,2021-04,-0.050776865527546455,2021-05,0.3896066903783594,ETHUSDT,1.0,1.0,low
next_close_stress_ccapunlimited_scap2_liquidity_priority_alloc0.01,next_close,stress,unlimited,2,liquidity_priority,0.01,BNBUSDT,78,0,0.0,1.4218346446774193,1.8228649290736143,1.46097723073083,0.6153846153846154,1.4296512548286122,0.24071011740820492,-0.418316891995385,-0.41873564252833195,2.1404831184035387,5,0.8333333333333334,2,2.0,0.8333333333333334,2.0,2.0,2021-05,-0.10573676094550732,2021-02,0.279135667153947,BNBUSDT,1.0,1.0,low
next_close_stress_ccapunlimited_scap2_liquidity_priority_alloc0.01,next_close,stress,unlimited,2,liquidity_priority,0.01,LINKUSDT,110,0,0.0,1.7966158686583904,1.6332871533258095,0.31249502935585,0.5272727272727272,1.808982439230511,0.3041047345581971,-0.5404011369323114,-0.5414039999701296,2.091050416071,5,0.8090909090909091,2,2.0,0.8090909090909091,2.0,2.0,2020-03,-0.18313749007623503,2021-04,0.211651991481289,LINKUSDT,1.0000000000000004,1.0,low
next_close_stress_ccapunlimited_scap2_liquidity_priority_alloc0.01,next_close,stress,unlimited,2,liquidity_priority,0.01,AVAXUSDT,107,0,0.0,1.839232352792855,1.718908740927902,1.6216689763663799,0.6355140186915887,1.8523529178968268,0.3538522604915384,-0.8896295513762476,-0.8924399095832017,2.137252796078459,5,0.8177570093457944,2,2.0,0.8177570093457944,2.0,2.0,2021-05,-0.637064230375195,2022-05,0.45243857608066257,AVAXUSDT,1.0,1.0,low
next_close_stress_ccapunlimited_scap2_liquidity_priority_alloc0.01,next_close,stress,unlimited,2,liquidity_priority,0.01,SOLUSDT,84,0,0.0,1.5005312190015132,1.7863466892875157,0.67733098554492,0.5595238095238095,1.5081890094267303,0.28850404525628814,-0.4678251158137914,-0.4682996546206848,1.7906784084036524,4,0.8333333333333334,2,2.0,0.8333333333333334,2.0,2.0,2021-06,-0.18178466040024155,2024-08,0.2514888126662852,SOLUSDT,1.0,1.0,low
next_close_stress_ccapunlimited_scapunlimited_symbol_order_alloc0.01,next_close,stress,unlimited,unlimited,symbol_order,0.01,XRPUSDT,116,0,0.0,3.2960442873155134,2.8414174890650976,2.54882573594927,0.6810344827586207,3.3471664693957237,0.5525724168558455,-0.2478739746927805,-0.2479788286305267,4.095564313768291,3,1.1551724137931034,5,4.0,1.1551724137931034,5.0,4.0,2021-06,-0.037085720207230555,2021-05,0.23393798408243383,XRPUSDT,1.0000000000000002,1.0,low
next_close_stress_ccapunlimited_scapunlimited_symbol_order_alloc0.01,next_close,stress,unlimited,unlimited,symbol_order,0.01,LTCUSDT,107,0,0.0,1.3165485288241001,1.230419185816916,0.9130105106662101,0.5794392523364486,1.3227550696596646,0.2202789727994814,-0.24859403736186003,-0.24869030728908328,1.8969996273414065,4,1.2102803738317758,5,3.0,1.2102803738317758,5.0,3.0,2025-02,-0.11892171338044877,2021-05,0.5732788053856849,LTCUSDT,1.0000000000000002,1.0,low
next_close_stress_ccapunlimited_scapunlimited_symbol_order_alloc0.01,next_close,stress,unlimited,unlimited,symbol_order,0.01,ADAUSDT,129,0,0.0,4.324830581774436,3.3525818463367725,1.9942703106949198,0.6589147286821705,4.412284819875234,0.7339080004588272,-0.3539655763297289,-0.3542661227154813,3.8075196270186287,4,1.3682170542635659,6,4.0,1.3682170542635659,6.0,4.0,2025-02,-0.3104261323152002,2021-05,0.3951916628298524,ADAUSDT,1.0,1.0,low
next_close_stress_ccapunlimited_scapunlimited_symbol_order_alloc0.01,next_close,stress,unlimited,unlimited,symbol_order,0.01,BTCUSDT,48,0,0.0,1.141466374353428,2.3780549465696414,1.1693459256600949,0.7291666666666666,1.1465696416842697,0.19327248528850927,-0.21086036007302855,-0.21091021087995954,2.2273345380575384,2,1.3541666666666667,6,4.0,1.3541666666666667,6.0,4.0,2021-01,-0.08394693317337332,2020-03,0.5027335076173062,BTCUSDT,1.0,1.0,low
next_close_stress_ccapunlimited_scapunlimited_symbol_order_alloc0.01,next_close,stress,unlimited,unlimited,symbol_order,0.01,ETHUSDT,97,0,0.0,1.833550726232123,1.8902584806516731,0.9795344022353001,0.6082474226804123,1.8474418501696066,0.3105211915353179,-0.3138208646637719,-0.31406657539101024,2.438944697024371,5,1.3453608247422681,5,4.0,1.3453608247422681,5.0,4.0,2021-01,-0.09537040663651908,2021-05,0.46983051640789686,ETHUSDT,1.0000000000000002,1.0,low
next_close_stress_ccapunlimited_scapunlimited_symbol_order_alloc0.01,next_close,stress,unlimited,unlimited,symbol_order,0.01,BNBUSDT,96,0,0.0,2.696503511119116,2.8088578240824122,1.86666871792016,0.6458333333333334,2.7293619398449875,0.45710882300258326,-0.5418756653370549,-0.5428336538359311,3.2777861192620614,5,1.375,6,4.0,1.375,6.0,4.0,2021-01,-0.07033769559470215,2020-03,0.3045905768893727,BNBUSDT,0.9999999999999999,1.0,low
next_close_stress_ccapunlimited_scapunlimited_symbol_order_alloc0.01,next_close,stress,unlimited,unlimited,symbol_order,0.01,LINKUSDT,143,0,0.0,3.797488995184205,2.6555867099190245,1.4465382581219801,0.5874125874125874,3.86444008992739,0.6442441964786383,-0.47117450881931644,-0.4718496494878985,3.658253785886875,5,1.479020979020979,7,4.0,1.479020979020979,7.000000000000001,4.0,2025-02,-0.14012037183880333,2020-03,0.22279177917959433,LINKUSDT,1.0,1.0,low
next_close_stress_ccapunlimited_scapunlimited_symbol_order_alloc0.01,next_close,stress,unlimited,unlimited,symbol_order,0.01,AVAXUSDT,131,0,0.0,3.8086634037285574,2.907376644067601,2.27897096957661,0.6717557251908397,3.876194188388693,0.734571715464849,-0.5845516712012944,-0.5853411490083227,3.736366322833872,5,1.2557251908396947,5,3.0,1.2557251908396947,5.0,3.0,2025-02,-0.2936156587040939,2022-05,0.2745066303320225,AVAXUSDT,1.0000000000000002,1.0,low
next_close_stress_ccapunlimited_scapunlimited_symbol_order_alloc0.01,next_close,stress,unlimited,unlimited,symbol_order,0.01,SOLUSDT,99,0,0.0,2.9170041352517004,2.946468823486566,1.69716675464646,0.5757575757575758,2.953831101217075,0.561812224994318,-0.37880097973526095,-0.3791432311865224,2.758410031111411,4,1.2272727272727273,5,3.1499999999999773,1.2272727272727273,5.0,3.1499999999999773,2021-06,-0.18178466040024155,2021-05,0.38365760826879414,SOLUSDT,1.0,1.0,low
next_close_stress_ccapunlimited_scapunlimited_largest_drop_alloc0.01,next_close,stress,unlimited,unlimited,largest_drop,0.01,XRPUSDT,116,0,0.0,3.2960442873155134,2.8414174890650976,2.54882573594927,0.6810344827586207,3.3471664693957237,0.5525724168558455,-0.2478739746927805,-0.2479788286305267,4.095564313768291,3,1.1551724137931034,5,4.0,1.1551724137931034,5.0,4.0,2021-06,-0.037085720207230555,2021-05,0.23393798408243383,XRPUSDT,1.0000000000000002,1.0,low
next_close_stress_ccapunlimited_scapunlimited_largest_drop_alloc0.01,next_close,stress,unlimited,unlimited,largest_drop,0.01,LTCUSDT,107,0,0.0,1.3165485288241001,1.230419185816916,0.9130105106662101,0.5794392523364486,1.3227550696596646,0.2202789727994814,-0.24859403736186003,-0.24869030728908328,1.8969996273414065,4,1.2102803738317758,5,3.0,1.2102803738317758,5.0,3.0,2025-02,-0.11892171338044877,2021-05,0.5732788053856849,LTCUSDT,1.0000000000000002,1.0,low
next_close_stress_ccapunlimited_scapunlimited_largest_drop_alloc0.01,next_close,stress,unlimited,unlimited,largest_drop,0.01,ADAUSDT,129,0,0.0,4.324830581774436,3.3525818463367725,1.9942703106949198,0.6589147286821705,4.412284819875234,0.7339080004588272,-0.3539655763297289,-0.3542661227154813,3.8075196270186287,4,1.3682170542635659,6,4.0,1.3682170542635659,6.0,4.0,2025-02,-0.3104261323152002,2021-05,0.3951916628298524,ADAUSDT,1.0,1.0,low
next_close_stress_ccapunlimited_scapunlimited_largest_drop_alloc0.01,next_close,stress,unlimited,unlimited,largest_drop,0.01,BNBUSDT,96,0,0.0,2.696503511119116,2.8088578240824122,1.86666871792016,0.6458333333333334,2.7293619398449875,0.45710882300258326,-0.5418756653370549,-0.5428336538359311,3.2777861192620614,5,1.375,6,4.0,1.375,6.0,4.0,2021-01,-0.07033769559470215,2020-03,0.3045905768893727,BNBUSDT,0.9999999999999999,1.0,low
next_close_stress_ccapunlimited_scapunlimited_largest_drop_alloc0.01,next_close,stress,unlimited,unlimited,largest_drop,0.01,ETHUSDT,97,0,0.0,1.833550726232123,1.8902584806516731,0.9795344022353001,0.6082474226804123,1.8474418501696066,0.3105211915353179,-0.3138208646637719,-0.31406657539101024,2.438944697024371,5,1.3453608247422681,5,4.0,1.3453608247422681,5.0,4.0,2021-01,-0.09537040663651908,2021-05,0.46983051640789686,ETHUSDT,1.0000000000000002,1.0,low
next_close_stress_ccapunlimited_scapunlimited_largest_drop_alloc0.01,next_close,stress,unlimited,unlimited,largest_drop,0.01,LINKUSDT,143,0,0.0,3.797488995184205,2.6555867099190245,1.4465382581219801,0.5874125874125874,3.86444008992739,0.6442441964786383,-0.47117450881931644,-0.4718496494878985,3.658253785886875,5,1.479020979020979,7,4.0,1.479020979020979,7.000000000000001,4.0,2025-02,-0.14012037183880333,2020-03,0.22279177917959433,LINKUSDT,1.0,1.0,low
next_close_stress_ccapunlimited_scapunlimited_largest_drop_alloc0.01,next_close,stress,unlimited,unlimited,largest_drop,0.01,BTCUSDT,48,0,0.0,1.141466374353428,2.3780549465696414,1.1693459256600949,0.7291666666666666,1.1465696416842697,0.19327248528850927,-0.21086036007302855,-0.21091021087995954,2.2273345380575384,2,1.3541666666666667,6,4.0,1.3541666666666667,6.0,4.0,2021-01,-0.08394693317337332,2020-03,0.5027335076173062,BTCUSDT,1.0,1.0,low
next_close_stress_ccapunlimited_scapunlimited_largest_drop_alloc0.01,next_close,stress,unlimited,unlimited,largest_drop,0.01,AVAXUSDT,131,0,0.0,3.8086634037285574,2.907376644067601,2.27897096957661,0.6717557251908397,3.876194188388693,0.734571715464849,-0.5845516712012944,-0.5853411490083227,3.736366322833872,5,1.2557251908396947,5,3.0,1.2557251908396947,5.0,3.0,2025-02,-0.2936156587040939,2022-05,0.2745066303320225,AVAXUSDT,1.0000000000000002,1.0,low
next_close_stress_ccapunlimited_scapunlimited_largest_drop_alloc0.01,next_close,stress,unlimited,unlimited,largest_drop,0.01,SOLUSDT,99,0,0.0,2.9170041352517004,2.946468823486566,1.69716675464646,0.5757575757575758,2.953831101217075,0.561812224994318,-0.37880097973526095,-0.3791432311865224,2.758410031111411,4,1.2272727272727273,5,3.1499999999999773,1.2272727272727273,5.0,3.1499999999999773,2021-06,-0.18178466040024155,2021-05,0.38365760826879414,SOLUSDT,1.0,1.0,low
next_close_stress_ccapunlimited_scapunlimited_liquidity_priority_alloc0.01,next_close,stress,unlimited,unlimited,liquidity_priority,0.01,XRPUSDT,116,0,0.0,3.2960442873155134,2.8414174890650976,2.54882573594927,0.6810344827586207,3.3471664693957237,0.5525724168558455,-0.2478739746927805,-0.2479788286305267,4.095564313768291,3,1.1551724137931034,5,4.0,1.1551724137931034,5.0,4.0,2021-06,-0.037085720207230555,2021-05,0.23393798408243383,XRPUSDT,1.0000000000000002,1.0,low
next_close_stress_ccapunlimited_scapunlimited_liquidity_priority_alloc0.01,next_close,stress,unlimited,unlimited,liquidity_priority,0.01,LTCUSDT,107,0,0.0,1.3165485288241001,1.230419185816916,0.9130105106662101,0.5794392523364486,1.3227550696596646,0.2202789727994814,-0.24859403736186003,-0.24869030728908328,1.8969996273414065,4,1.2102803738317758,5,3.0,1.2102803738317758,5.0,3.0,2025-02,-0.11892171338044877,2021-05,0.5732788053856849,LTCUSDT,1.0000000000000002,1.0,low
next_close_stress_ccapunlimited_scapunlimited_liquidity_priority_alloc0.01,next_close,stress,unlimited,unlimited,liquidity_priority,0.01,ADAUSDT,129,0,0.0,4.324830581774436,3.3525818463367725,1.9942703106949198,0.6589147286821705,4.412284819875234,0.7339080004588272,-0.3539655763297289,-0.3542661227154813,3.8075196270186287,4,1.3682170542635659,6,4.0,1.3682170542635659,6.0,4.0,2025-02,-0.3104261323152002,2021-05,0.3951916628298524,ADAUSDT,1.0,1.0,low
next_close_stress_ccapunlimited_scapunlimited_liquidity_priority_alloc0.01,next_close,stress,unlimited,unlimited,liquidity_priority,0.01,BTCUSDT,48,0,0.0,1.141466374353428,2.3780549465696414,1.1693459256600949,0.7291666666666666,1.1465696416842697,0.19327248528850927,-0.21086036007302855,-0.21091021087995954,2.2273345380575384,2,1.3541666666666667,6,4.0,1.3541666666666667,6.0,4.0,2021-01,-0.08394693317337332,2020-03,0.5027335076173062,BTCUSDT,1.0,1.0,low
next_close_stress_ccapunlimited_scapunlimited_liquidity_priority_alloc0.01,next_close,stress,unlimited,unlimited,liquidity_priority,0.01,ETHUSDT,97,0,0.0,1.833550726232123,1.8902584806516731,0.9795344022353001,0.6082474226804123,1.8474418501696066,0.3105211915353179,-0.3138208646637719,-0.31406657539101024,2.438944697024371,5,1.3453608247422681,5,4.0,1.3453608247422681,5.0,4.0,2021-01,-0.09537040663651908,2021-05,0.46983051640789686,ETHUSDT,1.0000000000000002,1.0,low
next_close_stress_ccapunlimited_scapunlimited_liquidity_priority_alloc0.01,next_close,stress,unlimited,unlimited,liquidity_priority,0.01,BNBUSDT,96,0,0.0,2.696503511119116,2.8088578240824122,1.86666871792016,0.6458333333333334,2.7293619398449875,0.45710882300258326,-0.5418756653370549,-0.5428336538359311,3.2777861192620614,5,1.375,6,4.0,1.375,6.0,4.0,2021-01,-0.07033769559470215,2020-03,0.3045905768893727,BNBUSDT,0.9999999999999999,1.0,low
next_close_stress_ccapunlimited_scapunlimited_liquidity_priority_alloc0.01,next_close,stress,unlimited,unlimited,liquidity_priority,0.01,LINKUSDT,143,0,0.0,3.797488995184205,2.6555867099190245,1.4465382581219801,0.5874125874125874,3.86444008992739,0.6442441964786383,-0.47117450881931644,-0.4718496494878985,3.658253785886875,5,1.479020979020979,7,4.0,1.479020979020979,7.000000000000001,4.0,2025-02,-0.14012037183880333,2020-03,0.22279177917959433,LINKUSDT,1.0,1.0,low
next_close_stress_ccapunlimited_scapunlimited_liquidity_priority_alloc0.01,next_close,stress,unlimited,unlimited,liquidity_priority,0.01,AVAXUSDT,131,0,0.0,3.8086634037285574,2.907376644067601,2.27897096957661,0.6717557251908397,3.876194188388693,0.734571715464849,-0.5845516712012944,-0.5853411490083227,3.736366322833872,5,1.2557251908396947,5,3.0,1.2557251908396947,5.0,3.0,2025-02,-0.2936156587040939,2022-05,0.2745066303320225,AVAXUSDT,1.0000000000000002,1.0,low
next_close_stress_ccapunlimited_scapunlimited_liquidity_priority_alloc0.01,next_close,stress,unlimited,unlimited,liquidity_priority,0.01,SOLUSDT,99,0,0.0,2.9170041352517004,2.946468823486566,1.69716675464646,0.5757575757575758,2.953831101217075,0.561812224994318,-0.37880097973526095,-0.3791432311865224,2.758410031111411,4,1.2272727272727273,5,3.1499999999999773,1.2272727272727273,5.0,3.1499999999999773,2021-06,-0.18178466040024155,2021-05,0.38365760826879414,SOLUSDT,1.0,1.0,low
next_close_clusterstress_ccap5_scap1_symbol_order_alloc0.01,next_close,cluster_stress,5,1,symbol_order,0.01,XRPUSDT,69,0,0.0,0.6126571848898392,0.8879089636084626,0.8274143683372601,0.5652173913043478,0.6133599944504908,0.10239832511851343,-0.20962077228728893,-0.20965940447074272,1.2718547269639546,4,0.5,1,1.0,0.5,1.0,1.0,2020-03,-0.16797008046122164,2020-12,0.26164284775664465,XRPUSDT,0.9999999999999998,1.0,low
next_close_clusterstress_ccap5_scap1_symbol_order_alloc0.01,next_close,cluster_stress,5,1,symbol_order,0.01,LTCUSDT,28,0,0.0,-0.0770426960824914,-0.27515248600889786,0.523404474991355,0.5714285714285714,-0.07721057480746252,-0.012973946558181293,-0.2352540459952257,-0.2354397689213053,-0.3815363840085809,5,0.5,1,1.0,0.5,1.0,1.0,2022-05,-0.09243122864358577,2025-03,,LTCUSDT,,0.0,low
next_close_clusterstress_ccap5_scap1_symbol_order_alloc0.01,next_close,cluster_stress,5,1,symbol_order,0.01,ADAUSDT,68,0,0.0,0.24023514286550404,0.35328697480221183,0.7455304412328851,0.5441176470588235,0.2392890304247386,0.04058424829687102,-0.3144705543000059,-0.3146197685059475,0.4813444932138537,4,0.5,1,1.0,0.5,1.0,1.0,2020-03,-0.30950426026225,2021-02,1.2494910654361455,ADAUSDT,0.9999999999999996,1.0,low
next_close_clusterstress_ccap5_scap1_symbol_order_alloc0.01,next_close,cluster_stress,5,1,symbol_order,0.01,BTCUSDT,27,0,0.0,-0.09699823838687063,-0.3592527347661875,0.41068959800122995,0.5925925925925926,-0.09726697752520108,-0.016480451490263892,-0.3223699349603204,-0.32265329127951076,-0.3797577378153124,3,0.5,1,1.0,0.5,1.0,1.0,2020-03,-0.17839758498096048,2026-02,,BTCUSDT,,0.0,low
next_close_clusterstress_ccap5_scap1_symbol_order_alloc0.01,next_close,cluster_stress,5,1,symbol_order,0.01,ETHUSDT,54,0,0.0,0.17684790602552217,0.3274961222694855,0.167850487636695,0.5370370370370371,0.1758542119091988,0.029762128449339897,-0.3375768486114761,-0.33798808952522563,0.36586032797149687,4,0.5,1,1.0,0.5,1.0,1.0,2021-04,-0.10100878417769188,2020-03,0.9735994877010851,ETHUSDT,1.0000000000000002,1.0,low
next_close_clusterstress_ccap5_scap1_symbol_order_alloc0.01,next_close,cluster_stress,5,1,symbol_order,0.01,BNBUSDT,52,0,0.0,0.7175605622229941,1.3799241581211426,0.786445074088125,0.5576923076923077,0.7186520896672377,0.12135407708786516,-0.32242706336302884,-0.3227659613466652,1.328724035588655,6,0.5,1,1.0,0.5,1.0,1.0,2021-05,-0.30200523100326615,2020-03,0.5255363303339396,BNBUSDT,1.0,1.0,low
next_close_clusterstress_ccap5_scap1_symbol_order_alloc0.01,next_close,cluster_stress,5,1,symbol_order,0.01,LINKUSDT,56,0,0.0,0.193355571556256,0.34527780635045713,-0.14006118581118499,0.44642857142857145,0.19290158905482802,0.032655700734784965,-0.2784993859214935,-0.27878795745832985,0.5370341012071892,8,0.5,1,1.0,0.5,1.0,1.0,2025-02,-0.13843956054027107,2021-04,1.3314982156644555,LINKUSDT,1.0,1.0,low
next_close_clusterstress_ccap5_scap1_symbol_order_alloc0.01,next_close,cluster_stress,5,1,symbol_order,0.01,AVAXUSDT,71,0,0.0,0.5373651633246588,0.756852342710787,0.6535203558958699,0.5915492957746479,0.536319992072154,0.10300158826612726,-0.7268237347678785,-0.7286349858763614,0.7611308344687536,5,0.5,1,1.0,0.5,1.0,1.0,2021-05,-0.5428439433508014,2022-05,0.7112759638878129,AVAXUSDT,1.0,1.0,low
next_close_clusterstress_ccap5_scap1_symbol_order_alloc0.01,next_close,cluster_stress,5,1,symbol_order,0.01,SOLUSDT,55,0,0.0,0.41077373270851936,0.7468613321973079,0.00424406756008998,0.509090909090909,0.4095578660244792,0.07869067373411642,-0.38880402502904365,-0.3887901192905711,0.6377064823821266,3,0.5,1,1.0,0.5,1.0,1.0,2021-05,-0.2074305853502545,2021-02,0.4754341222314811,SOLUSDT,1.0,1.0,low
next_close_clusterstress_ccap5_scap1_largest_drop_alloc0.01,next_close,cluster_stress,5,1,largest_drop,0.01,XRPUSDT,62,0,0.0,-0.06462751544062567,-0.10423792813004142,0.28005713553128003,0.5161290322580645,-0.06560966534150392,-0.010985029368038024,-0.4036241116017969,-0.40428083655244706,-0.14311925054321875,5,0.5,1,1.0,0.5,1.0,1.0,2021-05,-0.26701804119064754,2020-12,,XRPUSDT,,0.0,low
next_close_clusterstress_ccap5_scap1_largest_drop_alloc0.01,next_close,cluster_stress,5,1,largest_drop,0.01,LTCUSDT,55,0,0.0,0.4510666211618335,0.8201211293851518,0.797458853513,0.5636363636363636,0.4512311141208425,0.07541488724189804,-0.1477468542235627,-0.14770413642632174,1.0953084869549663,3,0.5,1,1.0,0.5,1.0,1.0,2025-02,-0.11920450018459983,2020-03,0.43246624067261097,LTCUSDT,1.0,1.0,low
next_close_clusterstress_ccap5_scap1_largest_drop_alloc0.01,next_close,cluster_stress,5,1,largest_drop,0.01,ADAUSDT,66,0,0.0,0.8651277813452605,1.3107996687049401,1.0321181664315,0.5606060606060606,0.8673787704642333,0.1463688031033472,-0.23445654752065614,-0.23449832463020936,1.603604860513057,3,0.5,1,1.0,0.5,1.0,1.0,2025-02,-0.23445654752064504,2021-02,0.3030032421611025,ADAUSDT,0.9999999999999999,1.0,low
next_close_clusterstress_ccap5_scap1_largest_drop_alloc0.01,next_close,cluster_stress,5,1,largest_drop,0.01,BNBUSDT,43,0,0.0,0.4251509409536845,0.9887231184969407,0.24580776028650003,0.5116279069767442,0.4252397605826186,0.09651680466336021,-0.1949154330157743,-0.19505805221625974,1.0558031640364791,5,0.5,1,1.0,0.5,1.0,1.0,2020-03,-0.056487109918135214,2021-02,0.5019844755283551,BNBUSDT,1.0,1.0,low
next_close_clusterstress_ccap5_scap1_largest_drop_alloc0.01,next_close,cluster_stress,5,1,largest_drop,0.01,ETHUSDT,38,0,0.0,-0.18724279727911308,-0.4927442033660871,0.22480632189451003,0.5526315789473685,-0.18747777199509263,-0.03178262642041796,-0.42493484692461836,-0.4255796700897918,-0.6482784550402738,5,0.5,1,1.0,0.5,1.0,1.0,2020-03,-0.17853461013693783,2022-06,,ETHUSDT,,0.0,low
next_close_clusterstress_ccap5_scap1_largest_drop_alloc0.01,next_close,cluster_stress,5,1,largest_drop,0.01,LINKUSDT,78,0,0.0,0.37931433809205156,0.48630043345134816,-0.08062699310067499,0.47435897435897434,0.37864870767514436,0.06402988555134215,-0.35619204115903136,-0.35654616395911565,0.719648806570703,7,0.5,1,1.0,0.5,1.0,1.0,2020-03,-0.39877282223074184,2021-02,0.5319596208709094,LINKUSDT,1.0,1.0,low
next_close_clusterstress_ccap5_scap1_largest_drop_alloc0.01,next_close,cluster_stress,5,1,largest_drop,0.01,BTCUSDT,10,0,0.0,-0.09781570097425642,-0.9781570097425643,0.10972074089721996,0.6,-0.09795432139875215,-0.019659652869119526,-0.18447064320528117,-0.18447801744693593,-0.48684729238815333,2,0.5,1,1.0,0.5,1.0,1.0,2020-03,-0.18261682349376418,2021-06,,BTCUSDT,,0.0,low
next_close_clusterstress_ccap5_scap1_largest_drop_alloc0.01,next_close,cluster_stress,5,1,largest_drop,0.01,AVAXUSDT,73,0,0.0,0.5896039312153382,0.8076766181032029,0.9122964645917898,0.6027397260273972,0.5890030557034187,0.11308623347985325,-0.5709509621062647,-0.5718146743833128,0.8625805407652947,4,0.5,1,1.0,0.5,1.0,1.0,2021-05,-0.5217923834446192,2022-05,0.6476562653106306,AVAXUSDT,1.0,1.0,low
next_close_clusterstress_ccap5_scap1_largest_drop_alloc0.01,next_close,cluster_stress,5,1,largest_drop,0.01,SOLUSDT,54,0,0.0,0.37486516498396033,0.694194749970297,-0.077283217718615,0.5,0.3734674268021321,0.07176683779428483,-0.4524648966617306,-0.4527346323587118,0.575742126317196,3,0.5,1,1.0,0.5,1.0,1.0,2021-05,-0.27120737157612096,2021-04,0.5818695466818453,SOLUSDT,1.0000000000000002,1.0,low
next_close_clusterstress_ccap5_scap1_liquidity_priority_alloc0.01,next_close,cluster_stress,5,1,liquidity_priority,0.01,XRPUSDT,69,0,0.0,0.6126571848898392,0.8879089636084626,0.8274143683372601,0.5652173913043478,0.6133599944504908,0.10239832511851343,-0.20962077228728893,-0.20965940447074272,1.2718547269639546,4,0.5,1,1.0,0.5,1.0,1.0,2020-03,-0.16797008046122164,2020-12,0.26164284775664465,XRPUSDT,0.9999999999999998,1.0,low
next_close_clusterstress_ccap5_scap1_liquidity_priority_alloc0.01,next_close,cluster_stress,5,1,liquidity_priority,0.01,LTCUSDT,28,0,0.0,-0.0770426960824914,-0.27515248600889786,0.523404474991355,0.5714285714285714,-0.07721057480746252,-0.012973946558181293,-0.2352540459952257,-0.2354397689213053,-0.3815363840085809,5,0.5,1,1.0,0.5,1.0,1.0,2022-05,-0.09243122864358577,2025-03,,LTCUSDT,,0.0,low
next_close_clusterstress_ccap5_scap1_liquidity_priority_alloc0.01,next_close,cluster_stress,5,1,liquidity_priority,0.01,ADAUSDT,68,0,0.0,0.24023514286550404,0.35328697480221183,0.7455304412328851,0.5441176470588235,0.2392890304247386,0.04058424829687102,-0.3144705543000059,-0.3146197685059475,0.4813444932138537,4,0.5,1,1.0,0.5,1.0,1.0,2020-03,-0.30950426026225,2021-02,1.2494910654361455,ADAUSDT,0.9999999999999996,1.0,low
next_close_clusterstress_ccap5_scap1_liquidity_priority_alloc0.01,next_close,cluster_stress,5,1,liquidity_priority,0.01,BTCUSDT,27,0,0.0,-0.09699823838687063,-0.3592527347661875,0.41068959800122995,0.5925925925925926,-0.09726697752520108,-0.016480451490263892,-0.3223699349603204,-0.32265329127951076,-0.3797577378153124,3,0.5,1,1.0,0.5,1.0,1.0,2020-03,-0.17839758498096048,2026-02,,BTCUSDT,,0.0,low
next_close_clusterstress_ccap5_scap1_liquidity_priority_alloc0.01,next_close,cluster_stress,5,1,liquidity_priority,0.01,ETHUSDT,54,0,0.0,0.17684790602552217,0.3274961222694855,0.167850487636695,0.5370370370370371,0.1758542119091988,0.029762128449339897,-0.3375768486114761,-0.33798808952522563,0.36586032797149687,4,0.5,1,1.0,0.5,1.0,1.0,2021-04,-0.10100878417769188,2020-03,0.9735994877010851,ETHUSDT,1.0000000000000002,1.0,low
next_close_clusterstress_ccap5_scap1_liquidity_priority_alloc0.01,next_close,cluster_stress,5,1,liquidity_priority,0.01,BNBUSDT,52,0,0.0,0.7175605622229941,1.3799241581211426,0.786445074088125,0.5576923076923077,0.7186520896672377,0.12135407708786516,-0.32242706336302884,-0.3227659613466652,1.328724035588655,6,0.5,1,1.0,0.5,1.0,1.0,2021-05,-0.30200523100326615,2020-03,0.5255363303339396,BNBUSDT,1.0,1.0,low
next_close_clusterstress_ccap5_scap1_liquidity_priority_alloc0.01,next_close,cluster_stress,5,1,liquidity_priority,0.01,LINKUSDT,56,0,0.0,0.193355571556256,0.34527780635045713,-0.14006118581118499,0.44642857142857145,0.19290158905482802,0.032655700734784965,-0.2784993859214935,-0.27878795745832985,0.5370341012071892,8,0.5,1,1.0,0.5,1.0,1.0,2025-02,-0.13843956054027107,2021-04,1.3314982156644555,LINKUSDT,1.0,1.0,low
next_close_clusterstress_ccap5_scap1_liquidity_priority_alloc0.01,next_close,cluster_stress,5,1,liquidity_priority,0.01,AVAXUSDT,71,0,0.0,0.5373651633246588,0.756852342710787,0.6535203558958699,0.5915492957746479,0.536319992072154,0.10300158826612726,-0.7268237347678785,-0.7286349858763614,0.7611308344687536,5,0.5,1,1.0,0.5,1.0,1.0,2021-05,-0.5428439433508014,2022-05,0.7112759638878129,AVAXUSDT,1.0,1.0,low
next_close_clusterstress_ccap5_scap1_liquidity_priority_alloc0.01,next_close,cluster_stress,5,1,liquidity_priority,0.01,SOLUSDT,55,0,0.0,0.41077373270851936,0.7468613321973079,0.00424406756008998,0.509090909090909,0.4095578660244792,0.07869067373411642,-0.38880402502904365,-0.3887901192905711,0.6377064823821266,3,0.5,1,1.0,0.5,1.0,1.0,2021-05,-0.2074305853502545,2021-02,0.4754341222314811,SOLUSDT,1.0,1.0,low
next_close_clusterstress_ccap5_scap2_symbol_order_alloc0.01,next_close,cluster_stress,5,2,symbol_order,0.01,XRPUSDT,65,0,0.0,0.5707213735159398,0.878032882332215,0.5974358241877,0.5384615384615384,0.5714537628319638,0.09541879144321364,-0.24649529407017035,-0.24672057579116627,1.3581896400158713,7,0.5307692307692308,2,1.0,0.5307692307692308,2.0,1.0,2021-05,-0.14859643346855078,2020-12,0.28082981701393706,XRPUSDT,1.0,1.0,low
next_close_clusterstress_ccap5_scap2_symbol_order_alloc0.01,next_close,cluster_stress,5,2,symbol_order,0.01,LTCUSDT,27,0,0.0,-0.11707742908698011,-0.433620107729556,0.4204575458406901,0.5555555555555556,-0.11719838775029467,-0.019696509022149034,-0.2352540459952257,-0.2354397689213053,-0.5939173019715597,5,0.5,1,1.0,0.5,1.0,1.0,2022-05,-0.09243122864358577,2025-03,,LTCUSDT,,0.0,low
next_close_clusterstress_ccap5_scap2_symbol_order_alloc0.01,next_close,cluster_stress,5,2,symbol_order,0.01,ADAUSDT,66,0,0.0,0.38918454909889677,0.5896735592407527,0.7455304412328851,0.5454545454545454,0.38891023579679107,0.06591967087985484,-0.376564688641412,-0.37694043059486,0.8563790482004424,4,0.5454545454545454,2,1.0,0.5454545454545454,2.0,1.0,2025-02,-0.3765646886414342,2021-02,0.7687879568405431,ADAUSDT,1.0000000000000002,1.0,low
next_close_clusterstress_ccap5_scap2_symbol_order_alloc0.01,next_close,cluster_stress,5,2,symbol_order,0.01,BTCUSDT,27,0,0.0,0.21565672526938537,0.7987286121088347,0.41068959800122995,0.5925925925925926,0.21504742287261625,0.036389398150671326,-0.1803290118761458,-0.18032901187614223,0.5186313754672179,3,0.5740740740740741,2,1.0,0.5740740740740741,2.0,1.0,2021-01,-0.09538672699620498,2020-03,0.6759009226160111,BTCUSDT,1.0000000000000002,1.0,low
next_close_clusterstress_ccap5_scap2_symbol_order_alloc0.01,next_close,cluster_stress,5,2,symbol_order,0.01,ETHUSDT,63,0,0.0,0.14883303103521117,0.23624290640509707,0.26688061723956,0.5555555555555556,0.14755676808688722,0.024975909963775855,-0.31710564873288494,-0.3173565546502384,0.2805808308142242,4,0.6587301587301587,2,2.0,0.6587301587301587,2.0,2.0,2021-04,-0.054326307734919865,2022-06,0.5684608276257278,ETHUSDT,0.9999999999999994,1.0,low
next_close_clusterstress_ccap5_scap2_symbol_order_alloc0.01,next_close,cluster_stress,5,2,symbol_order,0.01,BNBUSDT,51,0,0.0,1.2298555286062636,2.4114814286397324,1.1892427042419,0.6078431372549019,1.2358571163890275,0.2082467999004356,-0.166734760537679,-0.1667347605376747,2.2801527723307355,5,0.5392156862745098,2,1.0,0.5392156862745098,2.0,1.0,2021-01,-0.042052528039060455,2020-03,0.3055998763789541,BNBUSDT,1.0000000000000002,1.0,low
next_close_clusterstress_ccap5_scap2_symbol_order_alloc0.01,next_close,cluster_stress,5,2,symbol_order,0.01,LINKUSDT,53,0,0.0,-0.13426127605743102,-0.25332316237251135,-0.77026226202548,0.41509433962264153,-0.1348555317580824,-0.022860354737452848,-0.26890799329855053,-0.26908063781669095,-0.35969803366005626,7,0.5377358490566038,2,1.0,0.5377358490566038,2.0,1.0,2020-03,-0.275473739160903,2021-04,,LINKUSDT,,0.0,low
next_close_clusterstress_ccap5_scap2_symbol_order_alloc0.01,next_close,cluster_stress,5,2,symbol_order,0.01,AVAXUSDT,71,0,0.0,0.6415270664378422,0.9035592485040032,0.6799888727779699,0.6056338028169014,0.6411185505229788,0.1230765667862066,-0.6403264429672206,-0.6415802596437707,0.9146258079732187,5,0.5422535211267606,2,1.0,0.5422535211267606,2.0,1.0,2021-05,-0.4561863488953377,2022-05,0.6113174519454228,AVAXUSDT,0.9999999999999998,1.0,low
next_close_clusterstress_ccap5_scap2_symbol_order_alloc0.01,next_close,cluster_stress,5,2,symbol_order,0.01,SOLUSDT,68,0,0.0,0.6749898327079323,0.9926321069234298,-0.077283217718615,0.5,0.674173862526728,0.12939511672509507,-0.5422324389256161,-0.5428620537925108,0.858520437927802,4,0.7205882352941176,2,2.0,0.7205882352941176,2.0,2.0,2021-05,-0.3611383638193022,2024-08,0.5595869539840015,SOLUSDT,1.0,1.0,low
next_close_clusterstress_ccap5_scap2_largest_drop_alloc0.01,next_close,cluster_stress,5,2,largest_drop,0.01,XRPUSDT,61,0,0.0,0.707109125828749,1.1591952882438508,0.5974358241877,0.5409836065573771,0.7082220610538759,0.11819724855559599,-0.20142639053788436,-0.2015552484435415,1.3531305999005028,4,0.5327868852459017,2,1.0,0.5327868852459017,2.0,1.0,2025-04,-0.0971473056567751,2020-03,0.3472880369213025,XRPUSDT,1.0,1.0,low
next_close_clusterstress_ccap5_scap2_largest_drop_alloc0.01,next_close,cluster_stress,5,2,largest_drop,0.01,LTCUSDT,53,0,0.0,0.33957688627362725,0.6407111061766552,0.797458853513,0.5660377358490566,0.3393728652921091,0.05674619504887346,-0.1385825022770404,-0.13855513059128255,0.8581187714179929,3,0.5188679245283019,2,1.0,0.5188679245283019,2.0,1.0,2025-02,-0.11920450018459983,2020-03,0.6268416408606146,LTCUSDT,0.9999999999999999,1.0,low
next_close_clusterstress_ccap5_scap2_largest_drop_alloc0.01,next_close,cluster_stress,5,2,largest_drop,0.01,ADAUSDT,63,0,0.0,0.6031414292074995,0.9573673479484118,0.9347556116880901,0.5396825396825397,0.6034341385922737,0.1019395921358468,-0.3765646886414342,-0.37694043059486,1.0951692040916126,3,0.5317460317460317,2,1.0,0.5317460317460317,2.0,1.0,2025-02,-0.3765646886414342,2021-02,0.43553813552128806,ADAUSDT,0.9999999999999998,1.0,low
next_close_clusterstress_ccap5_scap2_largest_drop_alloc0.01,next_close,cluster_stress,5,2,largest_drop,0.01,BNBUSDT,45,0,0.0,0.7697608747717526,1.7105797217150058,0.7567412908189001,0.5555555555555556,0.7717287823608698,0.17492632843580935,-0.166734760537679,-0.1667347605376747,1.7656942016823491,4,0.5888888888888889,2,1.0,0.5888888888888889,2.0,1.0,2023-06,-0.04069792308223352,2021-02,0.404606174061479,BNBUSDT,1.0,1.0,low
next_close_clusterstress_ccap5_scap2_largest_drop_alloc0.01,next_close,cluster_stress,5,2,largest_drop,0.01,ETHUSDT,42,0,0.0,0.02064274922325218,0.049149402912505184,0.39586949875697997,0.5952380952380952,0.020231226400158064,0.0034267886981131923,-0.3376825249725268,-0.33801417496515546,0.07093293739620612,4,0.6190476190476191,2,1.8499999999999943,0.6190476190476191,2.0,1.8499999999999943,2020-03,-0.17853461013693783,2021-05,8.313024767992347,ETHUSDT,0.9999999999999987,1.0,low
next_close_clusterstress_ccap5_scap2_largest_drop_alloc0.01,next_close,cluster_stress,5,2,largest_drop,0.01,LINKUSDT,80,0,0.0,0.10990688391471833,0.1373836048933979,-0.27842274414659907,0.45,0.10835819192305252,0.01834402210638686,-0.5967422417960222,-0.5980623492524934,0.19269653142026083,9,0.5875,2,1.0,0.5875,2.0,1.0,2020-03,-0.5818250235569034,2021-02,1.8588887411591957,LINKUSDT,1.0000000000000004,1.0,low
next_close_clusterstress_ccap5_scap2_largest_drop_alloc0.01,next_close,cluster_stress,5,2,largest_drop,0.01,BTCUSDT,10,0,0.0,-0.09781570097425642,-0.9781570097425643,0.10972074089721996,0.6,-0.09795432139875215,-0.019659652869119526,-0.18447064320528117,-0.18447801744693593,-0.48684729238815333,2,0.5,1,1.0,0.5,1.0,1.0,2020-03,-0.18261682349376418,2021-06,,BTCUSDT,,0.0,low
next_close_clusterstress_ccap5_scap2_largest_drop_alloc0.01,next_close,cluster_stress,5,2,largest_drop,0.01,AVAXUSDT,81,0,0.0,0.9169971101677239,1.1320951977379308,1.14716066103281,0.6172839506172839,0.9186034182190994,0.17613503081483906,-0.6575086485418491,-0.6588694006159035,1.279966806792584,5,0.6111111111111112,2,1.9499999999999886,0.6111111111111112,2.0,1.9499999999999886,2021-05,-0.5486480734746446,2022-05,0.572584053549779,AVAXUSDT,1.0,1.0,low
next_close_clusterstress_ccap5_scap2_largest_drop_alloc0.01,next_close,cluster_stress,5,2,largest_drop,0.01,SOLUSDT,56,0,0.0,-0.031155903586021383,-0.05563554211789533,-0.385887086272245,0.44642857142857145,-0.03364330832091866,-0.006571836579316592,-0.8393303385946793,-0.8412253878921874,-0.04372862630247318,4,0.6428571428571429,2,2.0,0.6428571428571429,2.0,2.0,2021-05,-0.517693704910116,2024-08,,SOLUSDT,,0.0,low
next_close_clusterstress_ccap5_scap2_liquidity_priority_alloc0.01,next_close,cluster_stress,5,2,liquidity_priority,0.01,XRPUSDT,65,0,0.0,0.5707213735159398,0.878032882332215,0.5974358241877,0.5384615384615384,0.5714537628319638,0.09541879144321364,-0.24649529407017035,-0.24672057579116627,1.3581896400158713,7,0.5307692307692308,2,1.0,0.5307692307692308,2.0,1.0,2021-05,-0.14859643346855078,2020-12,0.28082981701393706,XRPUSDT,1.0,1.0,low
next_close_clusterstress_ccap5_scap2_liquidity_priority_alloc0.01,next_close,cluster_stress,5,2,liquidity_priority,0.01,LTCUSDT,27,0,0.0,-0.11707742908698011,-0.433620107729556,0.4204575458406901,0.5555555555555556,-0.11719838775029467,-0.019696509022149034,-0.2352540459952257,-0.2354397689213053,-0.5939173019715597,5,0.5,1,1.0,0.5,1.0,1.0,2022-05,-0.09243122864358577,2025-03,,LTCUSDT,,0.0,low
next_close_clusterstress_ccap5_scap2_liquidity_priority_alloc0.01,next_close,cluster_stress,5,2,liquidity_priority,0.01,ADAUSDT,66,0,0.0,0.38918454909889677,0.5896735592407527,0.7455304412328851,0.5454545454545454,0.38891023579679107,0.06591967087985484,-0.376564688641412,-0.37694043059486,0.8563790482004424,4,0.5454545454545454,2,1.0,0.5454545454545454,2.0,1.0,2025-02,-0.3765646886414342,2021-02,0.7687879568405431,ADAUSDT,1.0000000000000002,1.0,low
next_close_clusterstress_ccap5_scap2_liquidity_priority_alloc0.01,next_close,cluster_stress,5,2,liquidity_priority,0.01,BTCUSDT,27,0,0.0,0.21565672526938537,0.7987286121088347,0.41068959800122995,0.5925925925925926,0.21504742287261625,0.036389398150671326,-0.1803290118761458,-0.18032901187614223,0.5186313754672179,3,0.5740740740740741,2,1.0,0.5740740740740741,2.0,1.0,2021-01,-0.09538672699620498,2020-03,0.6759009226160111,BTCUSDT,1.0000000000000002,1.0,low
next_close_clusterstress_ccap5_scap2_liquidity_priority_alloc0.01,next_close,cluster_stress,5,2,liquidity_priority,0.01,ETHUSDT,63,0,0.0,0.14883303103521117,0.23624290640509707,0.26688061723956,0.5555555555555556,0.14755676808688722,0.024975909963775855,-0.31710564873288494,-0.3173565546502384,0.2805808308142242,4,0.6587301587301587,2,2.0,0.6587301587301587,2.0,2.0,2021-04,-0.054326307734919865,2022-06,0.5684608276257278,ETHUSDT,0.9999999999999994,1.0,low
next_close_clusterstress_ccap5_scap2_liquidity_priority_alloc0.01,next_close,cluster_stress,5,2,liquidity_priority,0.01,BNBUSDT,51,0,0.0,1.2298555286062636,2.4114814286397324,1.1892427042419,0.6078431372549019,1.2358571163890275,0.2082467999004356,-0.166734760537679,-0.1667347605376747,2.2801527723307355,5,0.5392156862745098,2,1.0,0.5392156862745098,2.0,1.0,2021-01,-0.042052528039060455,2020-03,0.3055998763789541,BNBUSDT,1.0000000000000002,1.0,low
next_close_clusterstress_ccap5_scap2_liquidity_priority_alloc0.01,next_close,cluster_stress,5,2,liquidity_priority,0.01,LINKUSDT,53,0,0.0,-0.13426127605743102,-0.25332316237251135,-0.77026226202548,0.41509433962264153,-0.1348555317580824,-0.022860354737452848,-0.26890799329855053,-0.26908063781669095,-0.35969803366005626,7,0.5377358490566038,2,1.0,0.5377358490566038,2.0,1.0,2020-03,-0.275473739160903,2021-04,,LINKUSDT,,0.0,low
next_close_clusterstress_ccap5_scap2_liquidity_priority_alloc0.01,next_close,cluster_stress,5,2,liquidity_priority,0.01,AVAXUSDT,71,0,0.0,0.6415270664378422,0.9035592485040032,0.6799888727779699,0.6056338028169014,0.6411185505229788,0.1230765667862066,-0.6403264429672206,-0.6415802596437707,0.9146258079732187,5,0.5422535211267606,2,1.0,0.5422535211267606,2.0,1.0,2021-05,-0.4561863488953377,2022-05,0.6113174519454228,AVAXUSDT,0.9999999999999998,1.0,low
next_close_clusterstress_ccap5_scap2_liquidity_priority_alloc0.01,next_close,cluster_stress,5,2,liquidity_priority,0.01,SOLUSDT,68,0,0.0,0.6749898327079323,0.9926321069234298,-0.077283217718615,0.5,0.674173862526728,0.12939511672509507,-0.5422324389256161,-0.5428620537925108,0.858520437927802,4,0.7205882352941176,2,2.0,0.7205882352941176,2.0,2.0,2021-05,-0.3611383638193022,2024-08,0.5595869539840015,SOLUSDT,1.0,1.0,low
next_close_clusterstress_ccap5_scapunlimited_symbol_order_alloc0.01,next_close,cluster_stress,5,unlimited,symbol_order,0.01,XRPUSDT,64,0,0.0,0.5968433328734726,0.9325677076148009,0.7124250962624801,0.546875,0.5977318614633909,0.09979572369269718,-0.24649529407013704,-0.24672057579116627,1.4252609495029307,7,0.53125,2,1.0,0.53125,2.0,1.0,2021-05,-0.14859643346855078,2020-12,0.2684836897520062,XRPUSDT,1.0,1.0,low
next_close_clusterstress_ccap5_scapunlimited_symbol_order_alloc0.01,next_close,cluster_stress,5,unlimited,symbol_order,0.01,LTCUSDT,27,0,0.0,-0.11707742908698011,-0.433620107729556,0.4204575458406901,0.5555555555555556,-0.11719838775029467,-0.019696509022149034,-0.2352540459952257,-0.2354397689213053,-0.5939173019715597,5,0.5,1,1.0,0.5,1.0,1.0,2022-05,-0.09243122864358577,2025-03,,LTCUSDT,,0.0,low
next_close_clusterstress_ccap5_scapunlimited_symbol_order_alloc0.01,next_close,cluster_stress,5,unlimited,symbol_order,0.01,ADAUSDT,66,0,0.0,0.38918454909889677,0.5896735592407527,0.7455304412328851,0.5454545454545454,0.38891023579679107,0.06591967087985484,-0.376564688641412,-0.37694043059486,0.8563790482004424,4,0.5454545454545454,2,1.0,0.5454545454545454,2.0,1.0,2025-02,-0.3765646886414342,2021-02,0.7687879568405431,ADAUSDT,1.0000000000000002,1.0,low
next_close_clusterstress_ccap5_scapunlimited_symbol_order_alloc0.01,next_close,cluster_stress,5,unlimited,symbol_order,0.01,BTCUSDT,27,0,0.0,0.21565672526938537,0.7987286121088347,0.41068959800122995,0.5925925925925926,0.21504742287261625,0.036389398150671326,-0.1803290118761458,-0.18032901187614223,0.5186313754672179,3,0.5740740740740741,2,1.0,0.5740740740740741,2.0,1.0,2021-01,-0.09538672699620498,2020-03,0.6759009226160111,BTCUSDT,1.0000000000000002,1.0,low
next_close_clusterstress_ccap5_scapunlimited_symbol_order_alloc0.01,next_close,cluster_stress,5,unlimited,symbol_order,0.01,ETHUSDT,66,0,0.0,0.171622966206562,0.2600347972826697,0.22480632189451003,0.5454545454545454,0.17030247069302895,0.028823197688243596,-0.38665118251017816,-0.3871220481621665,0.31471252895868734,4,0.7424242424242424,3,2.0,0.7424242424242424,3.0,2.0,2021-01,-0.09665868624721963,2022-06,0.4925368502706226,ETHUSDT,1.0,1.0,low
next_close_clusterstress_ccap5_scapunlimited_symbol_order_alloc0.01,next_close,cluster_stress,5,unlimited,symbol_order,0.01,BNBUSDT,52,0,0.0,1.276900756650581,2.455578378174194,1.246901273831895,0.6153846153846154,1.28348375623204,0.21622973095136722,-0.166734760537679,-0.1667347605376747,2.365692190225443,5,0.5769230769230769,3,1.0,0.5769230769230769,3.0,1.0,2021-01,-0.042052528039060455,2020-03,0.2942598845966675,BNBUSDT,1.0,1.0,low
next_close_clusterstress_ccap5_scapunlimited_symbol_order_alloc0.01,next_close,cluster_stress,5,unlimited,symbol_order,0.01,LINKUSDT,51,0,0.0,-0.23881958903822467,-0.4682737039965189,-0.9449363486998199,0.39215686274509803,-0.2391807554946057,-0.040562888628037364,-0.26890799329855053,-0.26908063781669095,-0.6599361151141,7,0.5392156862745098,2,1.0,0.5392156862745098,2.0,1.0,2020-03,-0.275473739160903,2021-04,,LINKUSDT,,0.0,low
next_close_clusterstress_ccap5_scapunlimited_symbol_order_alloc0.01,next_close,cluster_stress,5,unlimited,symbol_order,0.01,AVAXUSDT,71,0,0.0,0.6415270664378422,0.9035592485040032,0.6799888727779699,0.6056338028169014,0.6411185505229788,0.1230765667862066,-0.6403264429672206,-0.6415802596437707,0.9146258079732187,5,0.5422535211267606,2,1.0,0.5422535211267606,2.0,1.0,2021-05,-0.4561863488953377,2022-05,0.6113174519454228,AVAXUSDT,0.9999999999999998,1.0,low
next_close_clusterstress_ccap5_scapunlimited_symbol_order_alloc0.01,next_close,cluster_stress,5,unlimited,symbol_order,0.01,SOLUSDT,67,0,0.0,0.6153599379046881,0.9184476685144599,-0.15881050299732,0.4925373134328358,0.6141777341865939,0.11790839038801071,-0.6015036577305399,-0.602491948595755,0.7842057543249151,4,0.7089552238805971,2,2.0,0.7089552238805971,2.0,2.0,2021-05,-0.42051750447698044,2024-08,0.6142503662829712,SOLUSDT,1.0000000000000002,1.0,low
next_close_clusterstress_ccap5_scapunlimited_largest_drop_alloc0.01,next_close,cluster_stress,5,unlimited,largest_drop,0.01,XRPUSDT,61,0,0.0,0.707109125828749,1.1591952882438508,0.5974358241877,0.5409836065573771,0.7082220610538759,0.11819724855559599,-0.20142639053788436,-0.2015552484435415,1.3531305999005028,4,0.5327868852459017,2,1.0,0.5327868852459017,2.0,1.0,2025-04,-0.0971473056567751,2020-03,0.3472880369213025,XRPUSDT,1.0,1.0,low
next_close_clusterstress_ccap5_scapunlimited_largest_drop_alloc0.01,next_close,cluster_stress,5,unlimited,largest_drop,0.01,LTCUSDT,53,0,0.0,0.33957688627362725,0.6407111061766552,0.797458853513,0.5660377358490566,0.3393728652921091,0.05674619504887346,-0.1385825022770404,-0.13855513059128255,0.8581187714179929,3,0.5188679245283019,2,1.0,0.5188679245283019,2.0,1.0,2025-02,-0.11920450018459983,2020-03,0.6268416408606146,LTCUSDT,0.9999999999999999,1.0,low
next_close_clusterstress_ccap5_scapunlimited_largest_drop_alloc0.01,next_close,cluster_stress,5,unlimited,largest_drop,0.01,ADAUSDT,63,0,0.0,0.6031414292074995,0.9573673479484118,0.9347556116880901,0.5396825396825397,0.6034341385922737,0.1019395921358468,-0.3765646886414342,-0.37694043059486,1.0951692040916126,3,0.5317460317460317,2,1.0,0.5317460317460317,2.0,1.0,2025-02,-0.3765646886414342,2021-02,0.43553813552128806,ADAUSDT,0.9999999999999998,1.0,low
next_close_clusterstress_ccap5_scapunlimited_largest_drop_alloc0.01,next_close,cluster_stress,5,unlimited,largest_drop,0.01,BNBUSDT,45,0,0.0,0.7697608747717526,1.7105797217150058,0.7567412908189001,0.5555555555555556,0.7717287823608698,0.17492632843580935,-0.166734760537679,-0.1667347605376747,1.7656942016823491,4,0.5888888888888889,2,1.0,0.5888888888888889,2.0,1.0,2023-06,-0.04069792308223352,2021-02,0.404606174061479,BNBUSDT,1.0,1.0,low
next_close_clusterstress_ccap5_scapunlimited_largest_drop_alloc0.01,next_close,cluster_stress,5,unlimited,largest_drop,0.01,ETHUSDT,42,0,0.0,0.02064274922325218,0.049149402912505184,0.39586949875697997,0.5952380952380952,0.020231226400158064,0.0034267886981131923,-0.3376825249725268,-0.33801417496515546,0.07093293739620612,4,0.6190476190476191,2,1.8499999999999943,0.6190476190476191,2.0,1.8499999999999943,2020-03,-0.17853461013693783,2021-05,8.313024767992347,ETHUSDT,0.9999999999999987,1.0,low
next_close_clusterstress_ccap5_scapunlimited_largest_drop_alloc0.01,next_close,cluster_stress,5,unlimited,largest_drop,0.01,LINKUSDT,79,0,0.0,0.11435411882600253,0.14475204914683865,-0.19112899396014002,0.45569620253164556,0.11281044377975391,0.019097393626510417,-0.5967422417960222,-0.5980623492524934,0.20048838310771228,9,0.5886075949367089,2,1.0,0.5886075949367089,2.0,1.0,2020-03,-0.5818250235569034,2021-02,1.7855246041881052,LINKUSDT,1.0000000000000004,1.0,low
next_close_clusterstress_ccap5_scapunlimited_largest_drop_alloc0.01,next_close,cluster_stress,5,unlimited,largest_drop,0.01,BTCUSDT,10,0,0.0,-0.09781570097425642,-0.9781570097425643,0.10972074089721996,0.6,-0.09795432139875215,-0.019659652869119526,-0.18447064320528117,-0.18447801744693593,-0.48684729238815333,2,0.5,1,1.0,0.5,1.0,1.0,2020-03,-0.18261682349376418,2021-06,,BTCUSDT,,0.0,low
next_close_clusterstress_ccap5_scapunlimited_largest_drop_alloc0.01,next_close,cluster_stress,5,unlimited,largest_drop,0.01,AVAXUSDT,81,0,0.0,0.9169971101677239,1.1320951977379308,1.14716066103281,0.6172839506172839,0.9186034182190994,0.17613503081483906,-0.6575086485418491,-0.6588694006159035,1.279966806792584,5,0.6111111111111112,2,1.9499999999999886,0.6111111111111112,2.0,1.9499999999999886,2021-05,-0.5486480734746446,2022-05,0.572584053549779,AVAXUSDT,1.0,1.0,low
next_close_clusterstress_ccap5_scapunlimited_largest_drop_alloc0.01,next_close,cluster_stress,5,unlimited,largest_drop,0.01,SOLUSDT,57,0,0.0,0.0328679002402678,0.0576629828776628,-0.26585362164591997,0.45614035087719296,0.030358955779674623,0.005928748844152842,-0.7758439059778355,-0.7772015840658981,0.04595040956223748,4,0.6754385964912281,3,2.0,0.6754385964912281,3.0,2.0,2021-05,-0.517693704910116,2024-08,10.36678069404679,SOLUSDT,0.9999999999999998,1.0,low
next_close_clusterstress_ccap5_scapunlimited_liquidity_priority_alloc0.01,next_close,cluster_stress,5,unlimited,liquidity_priority,0.01,XRPUSDT,64,0,0.0,0.5968433328734726,0.9325677076148009,0.7124250962624801,0.546875,0.5977318614633909,0.09979572369269718,-0.24649529407013704,-0.24672057579116627,1.4252609495029307,7,0.53125,2,1.0,0.53125,2.0,1.0,2021-05,-0.14859643346855078,2020-12,0.2684836897520062,XRPUSDT,1.0,1.0,low
next_close_clusterstress_ccap5_scapunlimited_liquidity_priority_alloc0.01,next_close,cluster_stress,5,unlimited,liquidity_priority,0.01,LTCUSDT,27,0,0.0,-0.11707742908698011,-0.433620107729556,0.4204575458406901,0.5555555555555556,-0.11719838775029467,-0.019696509022149034,-0.2352540459952257,-0.2354397689213053,-0.5939173019715597,5,0.5,1,1.0,0.5,1.0,1.0,2022-05,-0.09243122864358577,2025-03,,LTCUSDT,,0.0,low
next_close_clusterstress_ccap5_scapunlimited_liquidity_priority_alloc0.01,next_close,cluster_stress,5,unlimited,liquidity_priority,0.01,ADAUSDT,66,0,0.0,0.38918454909889677,0.5896735592407527,0.7455304412328851,0.5454545454545454,0.38891023579679107,0.06591967087985484,-0.376564688641412,-0.37694043059486,0.8563790482004424,4,0.5454545454545454,2,1.0,0.5454545454545454,2.0,1.0,2025-02,-0.3765646886414342,2021-02,0.7687879568405431,ADAUSDT,1.0000000000000002,1.0,low
next_close_clusterstress_ccap5_scapunlimited_liquidity_priority_alloc0.01,next_close,cluster_stress,5,unlimited,liquidity_priority,0.01,BTCUSDT,27,0,0.0,0.21565672526938537,0.7987286121088347,0.41068959800122995,0.5925925925925926,0.21504742287261625,0.036389398150671326,-0.1803290118761458,-0.18032901187614223,0.5186313754672179,3,0.5740740740740741,2,1.0,0.5740740740740741,2.0,1.0,2021-01,-0.09538672699620498,2020-03,0.6759009226160111,BTCUSDT,1.0000000000000002,1.0,low
next_close_clusterstress_ccap5_scapunlimited_liquidity_priority_alloc0.01,next_close,cluster_stress,5,unlimited,liquidity_priority,0.01,ETHUSDT,66,0,0.0,0.171622966206562,0.2600347972826697,0.22480632189451003,0.5454545454545454,0.17030247069302895,0.028823197688243596,-0.38665118251017816,-0.3871220481621665,0.31471252895868734,4,0.7424242424242424,3,2.0,0.7424242424242424,3.0,2.0,2021-01,-0.09665868624721963,2022-06,0.4925368502706226,ETHUSDT,1.0,1.0,low
next_close_clusterstress_ccap5_scapunlimited_liquidity_priority_alloc0.01,next_close,cluster_stress,5,unlimited,liquidity_priority,0.01,BNBUSDT,52,0,0.0,1.276900756650581,2.455578378174194,1.246901273831895,0.6153846153846154,1.28348375623204,0.21622973095136722,-0.166734760537679,-0.1667347605376747,2.365692190225443,5,0.5769230769230769,3,1.0,0.5769230769230769,3.0,1.0,2021-01,-0.042052528039060455,2020-03,0.2942598845966675,BNBUSDT,1.0,1.0,low
next_close_clusterstress_ccap5_scapunlimited_liquidity_priority_alloc0.01,next_close,cluster_stress,5,unlimited,liquidity_priority,0.01,LINKUSDT,51,0,0.0,-0.23881958903822467,-0.4682737039965189,-0.9449363486998199,0.39215686274509803,-0.2391807554946057,-0.040562888628037364,-0.26890799329855053,-0.26908063781669095,-0.6599361151141,7,0.5392156862745098,2,1.0,0.5392156862745098,2.0,1.0,2020-03,-0.275473739160903,2021-04,,LINKUSDT,,0.0,low
next_close_clusterstress_ccap5_scapunlimited_liquidity_priority_alloc0.01,next_close,cluster_stress,5,unlimited,liquidity_priority,0.01,AVAXUSDT,71,0,0.0,0.6415270664378422,0.9035592485040032,0.6799888727779699,0.6056338028169014,0.6411185505229788,0.1230765667862066,-0.6403264429672206,-0.6415802596437707,0.9146258079732187,5,0.5422535211267606,2,1.0,0.5422535211267606,2.0,1.0,2021-05,-0.4561863488953377,2022-05,0.6113174519454228,AVAXUSDT,0.9999999999999998,1.0,low
next_close_clusterstress_ccap5_scapunlimited_liquidity_priority_alloc0.01,next_close,cluster_stress,5,unlimited,liquidity_priority,0.01,SOLUSDT,67,0,0.0,0.6153599379046881,0.9184476685144599,-0.15881050299732,0.4925373134328358,0.6141777341865939,0.11790839038801071,-0.6015036577305399,-0.602491948595755,0.7842057543249151,4,0.7089552238805971,2,2.0,0.7089552238805971,2.0,2.0,2021-05,-0.42051750447698044,2024-08,0.6142503662829712,SOLUSDT,1.0000000000000002,1.0,low
next_close_clusterstress_ccap10_scap1_symbol_order_alloc0.01,next_close,cluster_stress,10,1,symbol_order,0.01,XRPUSDT,76,0,0.0,0.5636213712268914,0.7416070674038044,0.46389564249318505,0.5789473684210527,0.5638596449289102,0.0941537227429512,-0.4015885401027819,-0.4022370156996665,1.0877891682725502,5,0.5,1,1.0,0.5,1.0,1.0,2021-05,-0.2649796777082769,2022-05,0.36936780952862114,XRPUSDT,1.0000000000000002,1.0,low
next_close_clusterstress_ccap10_scap1_symbol_order_alloc0.01,next_close,cluster_stress,10,1,symbol_order,0.01,LTCUSDT,66,0,0.0,-0.4687135505650492,-0.7101720463106806,0.038172636483805006,0.5,-0.4685055184954212,-0.07860237106469548,-0.6834099930352111,-0.6850707593495152,-1.1114810039119059,9,0.5,1,1.0,0.5,1.0,1.0,2021-05,-0.44530727658399494,2021-04,,LTCUSDT,,0.0,low
next_close_clusterstress_ccap10_scap1_symbol_order_alloc0.01,next_close,cluster_stress,10,1,symbol_order,0.01,ADAUSDT,77,0,0.0,0.35395727376084335,0.4596847711179784,1.00089085324356,0.5714285714285714,0.35321001241994665,0.059730427833382116,-0.36683642705676034,-0.36715083600182585,0.6740460408075429,4,0.5,1,1.0,0.5,1.0,1.0,2020-03,-0.30950426026225,2021-02,0.9569361681482009,ADAUSDT,1.0,1.0,low
next_close_clusterstress_ccap10_scap1_symbol_order_alloc0.01,next_close,cluster_stress,10,1,symbol_order,0.01,BTCUSDT,31,0,0.0,-0.0074875542131121395,-0.024153400687458512,0.7972743260750301,0.6451612903225806,-0.007814695055041732,-0.0013235925284904582,-0.31295165231586264,-0.31320468818002106,-0.02879258456731862,2,0.5,1,1.0,0.5,1.0,1.0,2020-03,-0.17839758498096048,2026-02,,BTCUSDT,,0.0,low
next_close_clusterstress_ccap10_scap1_symbol_order_alloc0.01,next_close,cluster_stress,10,1,symbol_order,0.01,ETHUSDT,59,0,0.0,0.30652153504604923,0.5195280255017783,0.18273202654946,0.5423728813559322,0.3057933880900032,0.05172558193853316,-0.33704091789446,-0.3374425749051606,0.6234358371567692,4,0.5,1,1.0,0.5,1.0,1.0,2021-04,-0.10100878417769188,2020-03,0.5598929777202437,ETHUSDT,1.0,1.0,low
next_close_clusterstress_ccap10_scap1_symbol_order_alloc0.01,next_close,cluster_stress,10,1,symbol_order,0.01,BNBUSDT,58,0,0.0,0.829439534770765,1.4300681633978707,0.7270522774909199,0.5517241379310345,0.8312743051883453,0.14030661855040094,-0.36223333055428464,-0.36269232531927453,1.4800434150315738,6,0.5,1,1.0,0.5,1.0,1.0,2021-05,-0.28284435818221043,2020-03,0.4543359269416675,BNBUSDT,0.9999999999999999,1.0,low
next_close_clusterstress_ccap10_scap1_symbol_order_alloc0.01,next_close,cluster_stress,10,1,symbol_order,0.01,LINKUSDT,82,0,0.0,0.17787539501236282,0.21692121342971074,-0.27842274414659907,0.45121951219512196,0.17653890119244675,0.029877922608845253,-0.35619204115903136,-0.35654616395911565,0.3238543681599324,7,0.5,1,1.0,0.5,1.0,1.0,2020-03,-0.39877282223074184,2021-04,1.4549094839179322,LINKUSDT,1.0,1.0,low
next_close_clusterstress_ccap10_scap1_symbol_order_alloc0.01,next_close,cluster_stress,10,1,symbol_order,0.01,AVAXUSDT,79,0,0.0,0.7851146629055183,0.9938160289943271,0.9122964645917898,0.5949367088607594,0.785477463406159,0.15068959825295103,-0.7307184558840385,-0.7324919515596676,1.0682924665278724,5,0.5,1,1.0,0.5,1.0,1.0,2021-05,-0.5467458824285565,2022-05,0.485655587951824,AVAXUSDT,1.0000000000000002,1.0,low
next_close_clusterstress_ccap10_scap1_symbol_order_alloc0.01,next_close,cluster_stress,10,1,symbol_order,0.01,SOLUSDT,60,0,0.0,0.6620970239815909,1.1034950399693182,0.08911666404839996,0.5333333333333333,0.6620747699999097,0.12707909624822822,-0.4128702798113726,-0.41295223522708047,0.9971008470430438,3,0.5,1,1.0,0.5,1.0,1.0,2021-05,-0.23154066030127707,2021-04,0.3282247446671643,SOLUSDT,1.0,1.0,low
next_close_clusterstress_ccap10_scap1_largest_drop_alloc0.01,next_close,cluster_stress,10,1,largest_drop,0.01,XRPUSDT,76,0,0.0,0.5636213712268914,0.7416070674038044,0.46389564249318505,0.5789473684210527,0.5638596449289102,0.0941537227429512,-0.4015885401027819,-0.4022370156996665,1.0877891682725502,5,0.5,1,1.0,0.5,1.0,1.0,2021-05,-0.2649796777082769,2022-05,0.36936780952862114,XRPUSDT,1.0000000000000002,1.0,low
next_close_clusterstress_ccap10_scap1_largest_drop_alloc0.01,next_close,cluster_stress,10,1,largest_drop,0.01,LTCUSDT,66,0,0.0,-0.4687135505650492,-0.7101720463106806,0.038172636483805006,0.5,-0.4685055184954212,-0.07860237106469548,-0.6834099930352111,-0.6850707593495152,-1.1114810039119059,9,0.5,1,1.0,0.5,1.0,1.0,2021-05,-0.44530727658399494,2021-04,,LTCUSDT,,0.0,low
next_close_clusterstress_ccap10_scap1_largest_drop_alloc0.01,next_close,cluster_stress,10,1,largest_drop,0.01,ADAUSDT,77,0,0.0,0.35395727376084335,0.4596847711179784,1.00089085324356,0.5714285714285714,0.35321001241994665,0.059730427833382116,-0.36683642705676034,-0.36715083600182585,0.6740460408075429,4,0.5,1,1.0,0.5,1.0,1.0,2020-03,-0.30950426026225,2021-02,0.9569361681482009,ADAUSDT,1.0,1.0,low
next_close_clusterstress_ccap10_scap1_largest_drop_alloc0.01,next_close,cluster_stress,10,1,largest_drop,0.01,BNBUSDT,58,0,0.0,0.829439534770765,1.4300681633978707,0.7270522774909199,0.5517241379310345,0.8312743051883453,0.14030661855040094,-0.36223333055428464,-0.36269232531927453,1.4800434150315738,6,0.5,1,1.0,0.5,1.0,1.0,2021-05,-0.28284435818221043,2020-03,0.4543359269416675,BNBUSDT,0.9999999999999999,1.0,low
next_close_clusterstress_ccap10_scap1_largest_drop_alloc0.01,next_close,cluster_stress,10,1,largest_drop,0.01,ETHUSDT,59,0,0.0,0.30652153504604923,0.5195280255017783,0.18273202654946,0.5423728813559322,0.3057933880900032,0.05172558193853316,-0.33704091789446,-0.3374425749051606,0.6234358371567692,4,0.5,1,1.0,0.5,1.0,1.0,2021-04,-0.10100878417769188,2020-03,0.5598929777202437,ETHUSDT,1.0,1.0,low
next_close_clusterstress_ccap10_scap1_largest_drop_alloc0.01,next_close,cluster_stress,10,1,largest_drop,0.01,LINKUSDT,82,0,0.0,0.17787539501236282,0.21692121342971074,-0.27842274414659907,0.45121951219512196,0.17653890119244675,0.029877922608845253,-0.35619204115903136,-0.35654616395911565,0.3238543681599324,7,0.5,1,1.0,0.5,1.0,1.0,2020-03,-0.39877282223074184,2021-04,1.4549094839179322,LINKUSDT,1.0,1.0,low
next_close_clusterstress_ccap10_scap1_largest_drop_alloc0.01,next_close,cluster_stress,10,1,largest_drop,0.01,BTCUSDT,31,0,0.0,-0.0074875542131121395,-0.024153400687458512,0.7972743260750301,0.6451612903225806,-0.007814695055041732,-0.0013235925284904582,-0.31295165231586264,-0.31320468818002106,-0.02879258456731862,2,0.5,1,1.0,0.5,1.0,1.0,2020-03,-0.17839758498096048,2026-02,,BTCUSDT,,0.0,low
next_close_clusterstress_ccap10_scap1_largest_drop_alloc0.01,next_close,cluster_stress,10,1,largest_drop,0.01,AVAXUSDT,79,0,0.0,0.7851146629055183,0.9938160289943271,0.9122964645917898,0.5949367088607594,0.785477463406159,0.15068959825295103,-0.7307184558840385,-0.7324919515596676,1.0682924665278724,5,0.5,1,1.0,0.5,1.0,1.0,2021-05,-0.5467458824285565,2022-05,0.485655587951824,AVAXUSDT,1.0000000000000002,1.0,low
next_close_clusterstress_ccap10_scap1_largest_drop_alloc0.01,next_close,cluster_stress,10,1,largest_drop,0.01,SOLUSDT,60,0,0.0,0.6620970239815909,1.1034950399693182,0.08911666404839996,0.5333333333333333,0.6620747699999097,0.12707909624822822,-0.4128702798113726,-0.41295223522708047,0.9971008470430438,3,0.5,1,1.0,0.5,1.0,1.0,2021-05,-0.23154066030127707,2021-04,0.3282247446671643,SOLUSDT,1.0,1.0,low
next_close_clusterstress_ccap10_scap1_liquidity_priority_alloc0.01,next_close,cluster_stress,10,1,liquidity_priority,0.01,XRPUSDT,76,0,0.0,0.5636213712268914,0.7416070674038044,0.46389564249318505,0.5789473684210527,0.5638596449289102,0.0941537227429512,-0.4015885401027819,-0.4022370156996665,1.0877891682725502,5,0.5,1,1.0,0.5,1.0,1.0,2021-05,-0.2649796777082769,2022-05,0.36936780952862114,XRPUSDT,1.0000000000000002,1.0,low
next_close_clusterstress_ccap10_scap1_liquidity_priority_alloc0.01,next_close,cluster_stress,10,1,liquidity_priority,0.01,LTCUSDT,66,0,0.0,-0.4687135505650492,-0.7101720463106806,0.038172636483805006,0.5,-0.4685055184954212,-0.07860237106469548,-0.6834099930352111,-0.6850707593495152,-1.1114810039119059,9,0.5,1,1.0,0.5,1.0,1.0,2021-05,-0.44530727658399494,2021-04,,LTCUSDT,,0.0,low
next_close_clusterstress_ccap10_scap1_liquidity_priority_alloc0.01,next_close,cluster_stress,10,1,liquidity_priority,0.01,ADAUSDT,77,0,0.0,0.35395727376084335,0.4596847711179784,1.00089085324356,0.5714285714285714,0.35321001241994665,0.059730427833382116,-0.36683642705676034,-0.36715083600182585,0.6740460408075429,4,0.5,1,1.0,0.5,1.0,1.0,2020-03,-0.30950426026225,2021-02,0.9569361681482009,ADAUSDT,1.0,1.0,low
next_close_clusterstress_ccap10_scap1_liquidity_priority_alloc0.01,next_close,cluster_stress,10,1,liquidity_priority,0.01,BTCUSDT,31,0,0.0,-0.0074875542131121395,-0.024153400687458512,0.7972743260750301,0.6451612903225806,-0.007814695055041732,-0.0013235925284904582,-0.31295165231586264,-0.31320468818002106,-0.02879258456731862,2,0.5,1,1.0,0.5,1.0,1.0,2020-03,-0.17839758498096048,2026-02,,BTCUSDT,,0.0,low
next_close_clusterstress_ccap10_scap1_liquidity_priority_alloc0.01,next_close,cluster_stress,10,1,liquidity_priority,0.01,ETHUSDT,59,0,0.0,0.30652153504604923,0.5195280255017783,0.18273202654946,0.5423728813559322,0.3057933880900032,0.05172558193853316,-0.33704091789446,-0.3374425749051606,0.6234358371567692,4,0.5,1,1.0,0.5,1.0,1.0,2021-04,-0.10100878417769188,2020-03,0.5598929777202437,ETHUSDT,1.0,1.0,low
next_close_clusterstress_ccap10_scap1_liquidity_priority_alloc0.01,next_close,cluster_stress,10,1,liquidity_priority,0.01,BNBUSDT,58,0,0.0,0.829439534770765,1.4300681633978707,0.7270522774909199,0.5517241379310345,0.8312743051883453,0.14030661855040094,-0.36223333055428464,-0.36269232531927453,1.4800434150315738,6,0.5,1,1.0,0.5,1.0,1.0,2021-05,-0.28284435818221043,2020-03,0.4543359269416675,BNBUSDT,0.9999999999999999,1.0,low
next_close_clusterstress_ccap10_scap1_liquidity_priority_alloc0.01,next_close,cluster_stress,10,1,liquidity_priority,0.01,LINKUSDT,82,0,0.0,0.17787539501236282,0.21692121342971074,-0.27842274414659907,0.45121951219512196,0.17653890119244675,0.029877922608845253,-0.35619204115903136,-0.35654616395911565,0.3238543681599324,7,0.5,1,1.0,0.5,1.0,1.0,2020-03,-0.39877282223074184,2021-04,1.4549094839179322,LINKUSDT,1.0,1.0,low
next_close_clusterstress_ccap10_scap1_liquidity_priority_alloc0.01,next_close,cluster_stress,10,1,liquidity_priority,0.01,AVAXUSDT,79,0,0.0,0.7851146629055183,0.9938160289943271,0.9122964645917898,0.5949367088607594,0.785477463406159,0.15068959825295103,-0.7307184558840385,-0.7324919515596676,1.0682924665278724,5,0.5,1,1.0,0.5,1.0,1.0,2021-05,-0.5467458824285565,2022-05,0.485655587951824,AVAXUSDT,1.0000000000000002,1.0,low
next_close_clusterstress_ccap10_scap1_liquidity_priority_alloc0.01,next_close,cluster_stress,10,1,liquidity_priority,0.01,SOLUSDT,60,0,0.0,0.6620970239815909,1.1034950399693182,0.08911666404839996,0.5333333333333333,0.6620747699999097,0.12707909624822822,-0.4128702798113726,-0.41295223522708047,0.9971008470430438,3,0.5,1,1.0,0.5,1.0,1.0,2021-05,-0.23154066030127707,2021-04,0.3282247446671643,SOLUSDT,1.0,1.0,low
next_close_clusterstress_ccap10_scap2_symbol_order_alloc0.01,next_close,cluster_stress,10,2,symbol_order,0.01,XRPUSDT,86,0,0.0,1.049552850931942,1.220410291781328,0.557468618596565,0.5813953488372093,1.0533642005285948,0.17553580748721487,-0.3627644308803579,-0.3632715536405194,1.8250764111752023,4,0.6395348837209303,2,2.0,0.6395348837209303,2.0,2.0,2021-05,-0.27575624875795235,2022-05,0.2330616992131308,XRPUSDT,1.0,1.0,low
next_close_clusterstress_ccap10_scap2_symbol_order_alloc0.01,next_close,cluster_stress,10,2,symbol_order,0.01,LTCUSDT,60,0,0.0,-0.0619855977956066,-0.10330932965934433,0.5893213980188949,0.55,-0.06260221565812518,-0.010485164442408657,-0.3080182116922625,-0.30829163932091846,-0.17238921071369065,4,0.5166666666666667,2,1.0,0.5166666666666667,2.0,1.0,2020-03,-0.23124086368846442,2021-04,,LTCUSDT,,0.0,low
next_close_clusterstress_ccap10_scap2_symbol_order_alloc0.01,next_close,cluster_stress,10,2,symbol_order,0.01,ADAUSDT,88,0,0.0,0.7402503271698065,0.841193553602053,0.7455304412328851,0.5454545454545454,0.7406259369215906,0.12504484932975846,-0.3765646886414342,-0.37694043059486,1.0796551381041322,4,0.6477272727272727,2,2.0,0.6477272727272727,2.0,2.0,2025-02,-0.3765646886414342,2025-10,0.5154704344874053,ADAUSDT,0.9999999999999999,1.0,low
next_close_clusterstress_ccap10_scap2_symbol_order_alloc0.01,next_close,cluster_stress,10,2,symbol_order,0.01,BTCUSDT,34,0,0.0,0.2117686317179356,0.6228489168174577,0.416692681430305,0.5882352941176471,0.21112664411371274,0.0357265216228253,-0.23102374876505793,-0.23111533123292194,0.5033852764374408,3,0.6470588235294118,2,2.0,0.6470588235294118,2.0,2.0,2021-01,-0.12059741321721607,2020-03,0.4475541884768084,BTCUSDT,0.9999999999999999,1.0,low
next_close_clusterstress_ccap10_scap2_symbol_order_alloc0.01,next_close,cluster_stress,10,2,symbol_order,0.01,ETHUSDT,73,0,0.0,0.3593979399596987,0.49232594515027217,0.30160994713684,0.5616438356164384,0.3585791696736562,0.060641145459583434,-0.3409692427457811,-0.34129464869183435,0.6622083918834176,4,0.7191780821917808,2,2.0,0.7191780821917808,2.0,2.0,2021-04,-0.054326307734919865,2025-10,0.251472506073358,ETHUSDT,0.9999999999999997,1.0,low
next_close_clusterstress_ccap10_scap2_symbol_order_alloc0.01,next_close,cluster_stress,10,2,symbol_order,0.01,BNBUSDT,70,0,0.0,1.244371518481027,1.7776735978300384,1.371580239906585,0.6142857142857143,1.2498370359198319,0.21059036510098217,-0.4214954163082596,-0.4219209003073221,1.8749583847888345,5,0.7857142857142857,2,2.0,0.7857142857142858,2.0,2.0,2021-05,-0.1321469393711805,2021-02,0.3090139705869204,BNBUSDT,1.0000000000000002,1.0,low
next_close_clusterstress_ccap10_scap2_symbol_order_alloc0.01,next_close,cluster_stress,10,2,symbol_order,0.01,LINKUSDT,90,0,0.0,0.1829198361696699,0.20324426241074434,-0.27842274414659907,0.45555555555555555,0.18127860728842649,0.030679480271467163,-0.5234266343905225,-0.5243517440493162,0.302905564904553,8,0.6444444444444445,2,2.0,0.6444444444444445,2.0,2.0,2020-03,-0.507622521268658,2021-04,1.6487278472857563,LINKUSDT,1.0,1.0,low
next_close_clusterstress_ccap10_scap2_symbol_order_alloc0.01,next_close,cluster_stress,10,2,symbol_order,0.01,AVAXUSDT,95,0,0.0,1.0569027659512844,1.1125292273171414,1.2711998590879399,0.6105263157894737,1.0591968168132126,0.20297836321074847,-0.9725755913769119,-0.9762621862247772,1.3107537701002194,4,0.7,2,2.0,0.7,2.0,2.0,2021-05,-0.5639950220103218,2022-05,0.6273155587165904,AVAXUSDT,0.9999999999999996,1.0,low
next_close_clusterstress_ccap10_scap2_symbol_order_alloc0.01,next_close,cluster_stress,10,2,symbol_order,0.01,SOLUSDT,80,0,0.0,1.250053531390796,1.562566914238495,0.355990254570745,0.55,1.2544297436127616,0.24020530564892173,-0.5085150417255657,-0.5090968385435751,1.5222383928339167,4,0.8,2,2.0,0.8,2.0,2.0,2021-05,-0.1830074155339867,2024-08,0.3007413528799579,SOLUSDT,1.0,1.0,low
next_close_clusterstress_ccap10_scap2_largest_drop_alloc0.01,next_close,cluster_stress,10,2,largest_drop,0.01,XRPUSDT,87,0,0.0,1.5828515298120214,1.819369574496576,0.9796712630063,0.5977011494252874,1.5931748978655458,0.26490180054206114,-0.20962077228728893,-0.20965940447074272,2.4330838808085136,4,0.6724137931034483,2,2.0,0.6724137931034483,2.0,2.0,2021-05,-0.054148435330847455,2022-05,0.15409409901849583,XRPUSDT,1.0,1.0,low
next_close_clusterstress_ccap10_scap2_largest_drop_alloc0.01,next_close,cluster_stress,10,2,largest_drop,0.01,LTCUSDT,71,0,0.0,0.11138557245537746,0.15688108796532038,0.55229139189577,0.5352112676056338,0.11017455168680357,0.018439729059505083,-0.3823372049465257,-0.38276850169942495,0.21937206443092458,7,0.6267605633802817,2,2.0,0.6267605633802817,2.0,2.0,2021-05,-0.25354513697533054,2021-12,1.042393688269892,LTCUSDT,1.0000000000000009,1.0,low
next_close_clusterstress_ccap10_scap2_largest_drop_alloc0.01,next_close,cluster_stress,10,2,largest_drop,0.01,ADAUSDT,90,0,0.0,1.227526914874627,1.3639187943051412,0.967823232465825,0.5555555555555556,1.232181207448102,0.20761647916298642,-0.3765646886414342,-0.37694043059485993,1.633027082331225,4,0.6777777777777778,2,2.0,0.6777777777777778,2.0,2.0,2025-02,-0.3765646886414342,2025-10,0.3098333030807026,ADAUSDT,1.0000000000000002,1.0,low
next_close_clusterstress_ccap10_scap2_largest_drop_alloc0.01,next_close,cluster_stress,10,2,largest_drop,0.01,BNBUSDT,63,0,0.0,0.8685553963895498,1.3786593593484917,1.1983043556145399,0.6031746031746031,0.8706553866605349,0.14692968389753425,-0.4214954163082596,-0.4219209003073221,1.5192764828997618,5,0.7063492063492064,2,2.0,0.7063492063492064,2.0,2.0,2020-03,-0.12347070829371587,2021-02,0.4435935399625101,BNBUSDT,0.9999999999999999,1.0,low
next_close_clusterstress_ccap10_scap2_largest_drop_alloc0.01,next_close,cluster_stress,10,2,largest_drop,0.01,ETHUSDT,65,0,0.0,-0.33039026246801034,-0.5082927114892467,0.12851605655280995,0.5076923076923077,-0.33054898435638247,-0.05606102161382909,-0.6407326877624575,-0.6422772981897455,-0.877749173368407,5,0.6538461538461539,2,2.0,0.6538461538461539,2.0,2.0,2020-03,-0.31154838768303605,2022-06,,ETHUSDT,,0.0,low
next_close_clusterstress_ccap10_scap2_largest_drop_alloc0.01,next_close,cluster_stress,10,2,largest_drop,0.01,LINKUSDT,102,0,0.0,1.119836033488427,1.0978784642043402,-0.0712586818705,0.4803921568627451,1.1232774334438256,0.18936436625773823,-0.5943403628177135,-0.595638606903507,1.4997650204246025,8,0.7450980392156863,2,2.0,0.7450980392156863,2.0,2.0,2020-03,-0.578547515952299,2021-04,0.33250177130685404,LINKUSDT,0.9999999999999998,1.0,low
next_close_clusterstress_ccap10_scap2_largest_drop_alloc0.01,next_close,cluster_stress,10,2,largest_drop,0.01,BTCUSDT,24,0,0.0,-0.11168613580921971,-0.4653588992050821,0.29581616875476996,0.5833333333333334,-0.1118890096720393,-0.018959090964831837,-0.32201919136304324,-0.3223313567957468,-0.4769807818277777,3,0.5416666666666666,2,1.0,0.5416666666666666,2.0,1.0,2020-03,-0.2290933027705,2021-05,,BTCUSDT,,0.0,low
next_close_clusterstress_ccap10_scap2_largest_drop_alloc0.01,next_close,cluster_stress,10,2,largest_drop,0.01,AVAXUSDT,101,0,0.0,1.65809366621911,1.6416768972466436,1.61783999440051,0.6336633663366337,1.668168182485319,0.31890150460727185,-1.0102530853476233,-1.01429106810884,1.958007325562014,5,0.7574257425742574,2,2.0,0.7574257425742575,2.0,2.0,2021-05,-0.6018279708162377,2022-05,0.49556033761922397,AVAXUSDT,0.9999999999999999,1.0,low
next_close_clusterstress_ccap10_scap2_largest_drop_alloc0.01,next_close,cluster_stress,10,2,largest_drop,0.01,SOLUSDT,73,0,0.0,0.8420651768409484,1.1535139408780115,0.00424406756008998,0.5068493150684932,0.8423774610356816,0.16156955839210507,-0.7284352335125033,-0.7305098448331958,1.0506252701273802,5,0.7328767123287672,2,2.0,0.7328767123287672,2.0,2.0,2021-05,-0.4036471231630534,2024-08,0.44785018075285454,SOLUSDT,0.9999999999999999,1.0,low
next_close_clusterstress_ccap10_scap2_liquidity_priority_alloc0.01,next_close,cluster_stress,10,2,liquidity_priority,0.01,XRPUSDT,86,0,0.0,1.049552850931942,1.220410291781328,0.557468618596565,0.5813953488372093,1.0533642005285948,0.17553580748721487,-0.3627644308803579,-0.3632715536405194,1.8250764111752023,4,0.6395348837209303,2,2.0,0.6395348837209303,2.0,2.0,2021-05,-0.27575624875795235,2022-05,0.2330616992131308,XRPUSDT,1.0,1.0,low
next_close_clusterstress_ccap10_scap2_liquidity_priority_alloc0.01,next_close,cluster_stress,10,2,liquidity_priority,0.01,LTCUSDT,60,0,0.0,-0.0619855977956066,-0.10330932965934433,0.5893213980188949,0.55,-0.06260221565812518,-0.010485164442408657,-0.3080182116922625,-0.30829163932091846,-0.17238921071369065,4,0.5166666666666667,2,1.0,0.5166666666666667,2.0,1.0,2020-03,-0.23124086368846442,2021-04,,LTCUSDT,,0.0,low
next_close_clusterstress_ccap10_scap2_liquidity_priority_alloc0.01,next_close,cluster_stress,10,2,liquidity_priority,0.01,ADAUSDT,88,0,0.0,0.7402503271698065,0.841193553602053,0.7455304412328851,0.5454545454545454,0.7406259369215906,0.12504484932975846,-0.3765646886414342,-0.37694043059486,1.0796551381041322,4,0.6477272727272727,2,2.0,0.6477272727272727,2.0,2.0,2025-02,-0.3765646886414342,2025-10,0.5154704344874053,ADAUSDT,0.9999999999999999,1.0,low
next_close_clusterstress_ccap10_scap2_liquidity_priority_alloc0.01,next_close,cluster_stress,10,2,liquidity_priority,0.01,BTCUSDT,34,0,0.0,0.2117686317179356,0.6228489168174577,0.416692681430305,0.5882352941176471,0.21112664411371274,0.0357265216228253,-0.23102374876505793,-0.23111533123292194,0.5033852764374408,3,0.6470588235294118,2,2.0,0.6470588235294118,2.0,2.0,2021-01,-0.12059741321721607,2020-03,0.4475541884768084,BTCUSDT,0.9999999999999999,1.0,low
next_close_clusterstress_ccap10_scap2_liquidity_priority_alloc0.01,next_close,cluster_stress,10,2,liquidity_priority,0.01,ETHUSDT,73,0,0.0,0.3593979399596987,0.49232594515027217,0.30160994713684,0.5616438356164384,0.3585791696736562,0.060641145459583434,-0.3409692427457811,-0.34129464869183435,0.6622083918834176,4,0.7191780821917808,2,2.0,0.7191780821917808,2.0,2.0,2021-04,-0.054326307734919865,2025-10,0.251472506073358,ETHUSDT,0.9999999999999997,1.0,low
next_close_clusterstress_ccap10_scap2_liquidity_priority_alloc0.01,next_close,cluster_stress,10,2,liquidity_priority,0.01,BNBUSDT,70,0,0.0,1.244371518481027,1.7776735978300384,1.371580239906585,0.6142857142857143,1.2498370359198319,0.21059036510098217,-0.4214954163082596,-0.4219209003073221,1.8749583847888345,5,0.7857142857142857,2,2.0,0.7857142857142858,2.0,2.0,2021-05,-0.1321469393711805,2021-02,0.3090139705869204,BNBUSDT,1.0000000000000002,1.0,low
next_close_clusterstress_ccap10_scap2_liquidity_priority_alloc0.01,next_close,cluster_stress,10,2,liquidity_priority,0.01,LINKUSDT,90,0,0.0,0.1829198361696699,0.20324426241074434,-0.27842274414659907,0.45555555555555555,0.18127860728842649,0.030679480271467163,-0.5234266343905225,-0.5243517440493162,0.302905564904553,8,0.6444444444444445,2,2.0,0.6444444444444445,2.0,2.0,2020-03,-0.507622521268658,2021-04,1.6487278472857563,LINKUSDT,1.0,1.0,low
next_close_clusterstress_ccap10_scap2_liquidity_priority_alloc0.01,next_close,cluster_stress,10,2,liquidity_priority,0.01,AVAXUSDT,95,0,0.0,1.0569027659512844,1.1125292273171414,1.2711998590879399,0.6105263157894737,1.0591968168132126,0.20297836321074847,-0.9725755913769119,-0.9762621862247772,1.3107537701002194,4,0.7,2,2.0,0.7,2.0,2.0,2021-05,-0.5639950220103218,2022-05,0.6273155587165904,AVAXUSDT,0.9999999999999996,1.0,low
next_close_clusterstress_ccap10_scap2_liquidity_priority_alloc0.01,next_close,cluster_stress,10,2,liquidity_priority,0.01,SOLUSDT,80,0,0.0,1.250053531390796,1.562566914238495,0.355990254570745,0.55,1.2544297436127616,0.24020530564892173,-0.5085150417255657,-0.5090968385435751,1.5222383928339167,4,0.8,2,2.0,0.8,2.0,2.0,2021-05,-0.1830074155339867,2024-08,0.3007413528799579,SOLUSDT,1.0,1.0,low
next_close_clusterstress_ccap10_scapunlimited_symbol_order_alloc0.01,next_close,cluster_stress,10,unlimited,symbol_order,0.01,XRPUSDT,87,0,0.0,1.1089763758661866,1.2746854895013637,0.5974358241877,0.5862068965517241,1.1134136716010934,0.18549665564477902,-0.3627644308803468,-0.3632715536405194,1.9220694919902417,4,0.6609195402298851,3,2.0,0.6609195402298851,3.0,2.0,2021-05,-0.27575624875795235,2022-05,0.22049203878774637,XRPUSDT,1.0,1.0,low
next_close_clusterstress_ccap10_scapunlimited_symbol_order_alloc0.01,next_close,cluster_stress,10,unlimited,symbol_order,0.01,LTCUSDT,57,0,0.0,-0.018709965714198584,-0.032824501252979976,0.6263514041420198,0.5614035087719298,-0.019320352201368518,-0.003235357729503008,-0.25416332905083827,-0.2542995285333073,-0.05300784843026303,4,0.5175438596491229,2,1.0,0.5175438596491229,2.0,1.0,2020-03,-0.23124086368846442,2021-04,,LTCUSDT,,0.0,low
next_close_clusterstress_ccap10_scapunlimited_symbol_order_alloc0.01,next_close,cluster_stress,10,unlimited,symbol_order,0.01,ADAUSDT,87,0,0.0,0.7459748765221316,0.8574423868070478,0.9347556116880901,0.5517241379310345,0.7463932139218921,0.12601557691671594,-0.376564688641412,-0.37694043059486,1.0881691850497768,4,0.6379310344827587,2,2.0,0.6379310344827587,2.0,2.0,2025-02,-0.3765646886414342,2025-10,0.5114874658246359,ADAUSDT,1.0,1.0,low
next_close_clusterstress_ccap10_scapunlimited_symbol_order_alloc0.01,next_close,cluster_stress,10,unlimited,symbol_order,0.01,BTCUSDT,34,0,0.0,0.2117686317179356,0.6228489168174577,0.416692681430305,0.5882352941176471,0.21112664411371274,0.0357265216228253,-0.23102374876505793,-0.23111533123292194,0.5033852764374408,3,0.6470588235294118,2,2.0,0.6470588235294118,2.0,2.0,2021-01,-0.12059741321721607,2020-03,0.4475541884768084,BTCUSDT,0.9999999999999999,1.0,low
next_close_clusterstress_ccap10_scapunlimited_symbol_order_alloc0.01,next_close,cluster_stress,10,unlimited,symbol_order,0.01,ETHUSDT,76,0,0.0,0.38218787513104935,0.5028787830671703,0.2842452821882,0.5526315789473685,0.3813728000870764,0.06448980498565682,-0.3409692427457811,-0.34129464869183435,0.685855150508222,4,0.7894736842105263,3,2.0,0.7894736842105263,3.0,2.0,2021-01,-0.09665868624721963,2025-10,0.23644266817914025,ETHUSDT,1.0000000000000002,1.0,low
next_close_clusterstress_ccap10_scapunlimited_symbol_order_alloc0.01,next_close,cluster_stress,10,unlimited,symbol_order,0.01,BNBUSDT,71,0,0.0,1.2914167465253443,1.8188968260920344,1.4386006363912802,0.6197183098591549,1.2974702526479476,0.21857348284832767,-0.4214954163082596,-0.4219209003073221,1.944152428750582,5,0.8098591549295775,3,2.0,0.8098591549295774,3.0,2.0,2021-05,-0.1321469393711805,2021-02,0.33406856838044063,BNBUSDT,1.0000000000000002,1.0,low
next_close_clusterstress_ccap10_scapunlimited_symbol_order_alloc0.01,next_close,cluster_stress,10,unlimited,symbol_order,0.01,LINKUSDT,89,0,0.0,0.15334134751342732,0.17229364889149137,-0.36571649433305814,0.449438202247191,0.1516564211516025,0.025669393244021066,-0.5234266343905225,-0.5243517440493162,0.2542615722299152,8,0.6460674157303371,3,2.0,0.6460674157303371,3.0,2.0,2020-03,-0.507622521268658,2022-05,1.8375974784005276,LINKUSDT,0.9999999999999997,1.0,low
next_close_clusterstress_ccap10_scapunlimited_symbol_order_alloc0.01,next_close,cluster_stress,10,unlimited,symbol_order,0.01,AVAXUSDT,96,0,0.0,1.113387024015975,1.1597781500166404,1.2718977414844799,0.6145833333333334,1.1162793543413985,0.21386845779913788,-0.9725755913768896,-0.9762621862247772,1.3787012065846742,4,0.71875,3,2.0,0.71875,3.0,2.0,2021-05,-0.5639950220103218,2022-05,0.5952368825472352,AVAXUSDT,0.9999999999999996,1.0,low
next_close_clusterstress_ccap10_scapunlimited_symbol_order_alloc0.01,next_close,cluster_stress,10,unlimited,symbol_order,0.01,SOLUSDT,81,0,0.0,1.2169662830069017,1.5024275098850637,0.27402105279571004,0.5432098765432098,1.220923121021178,0.23382058929148908,-0.5678063541970646,-0.5687267333468193,1.4785177282614625,4,0.8333333333333334,3,2.0,0.8333333333333334,3.0,2.0,2021-05,-0.24249271218806934,2024-08,0.30899480212269387,SOLUSDT,0.9999999999999998,1.0,low
next_close_clusterstress_ccap10_scapunlimited_largest_drop_alloc0.01,next_close,cluster_stress,10,unlimited,largest_drop,0.01,XRPUSDT,87,0,0.0,1.5828515298120214,1.819369574496576,0.9796712630063,0.5977011494252874,1.5931748978655458,0.26490180054206114,-0.20962077228728893,-0.20965940447074272,2.4330838808085136,4,0.6724137931034483,2,2.0,0.6724137931034483,2.0,2.0,2021-05,-0.054148435330847455,2022-05,0.15409409901849583,XRPUSDT,1.0,1.0,low
next_close_clusterstress_ccap10_scapunlimited_largest_drop_alloc0.01,next_close,cluster_stress,10,unlimited,largest_drop,0.01,LTCUSDT,70,0,0.0,0.15235650734264122,0.2176521533466303,0.67911914596215,0.5571428571428572,0.15120076722157094,0.025301900662966226,-0.3823372049465368,-0.3827685016994249,0.3003307953320068,7,0.6285714285714286,3,2.0,0.6285714285714286,3.0,2.0,2021-05,-0.25354513697533054,2021-12,0.7595547257904701,LTCUSDT,1.0000000000000004,1.0,low
next_close_clusterstress_ccap10_scapunlimited_largest_drop_alloc0.01,next_close,cluster_stress,10,unlimited,largest_drop,0.01,ADAUSDT,90,0,0.0,1.2927330100378482,1.4363700111531648,1.0321181664315,0.5666666666666667,1.2981945388278238,0.21868004198986046,-0.3572095266810349,-0.35751588229743647,1.7171947519649717,4,0.6777777777777778,2,2.0,0.6777777777777778,2.0,2.0,2025-02,-0.31730712932831473,2025-10,0.2940782464254744,ADAUSDT,1.0,1.0,low
next_close_clusterstress_ccap10_scapunlimited_largest_drop_alloc0.01,next_close,cluster_stress,10,unlimited,largest_drop,0.01,BNBUSDT,62,0,0.0,0.8927993964650464,1.4399990265565263,1.2514320995182149,0.6129032258064516,0.8951224353715093,0.15104344258800584,-0.4214954163082596,-0.4219209003073221,1.5679940983869858,4,0.7419354838709677,3,2.0,0.7419354838709677,3.0,2.0,2020-03,-0.12347070829371587,2021-02,0.4842287632288123,BNBUSDT,1.0,1.0,low
next_close_clusterstress_ccap10_scapunlimited_largest_drop_alloc0.01,next_close,cluster_stress,10,unlimited,largest_drop,0.01,ETHUSDT,67,0,0.0,-0.4356793849163272,-0.6502677386810853,-0.05787851021587,0.4925373134328358,-0.4354671155519685,-0.07388739776058584,-0.745324300710426,-0.7475664206380623,-1.1362578232590161,5,0.7238805970149254,4,2.0,0.7238805970149254,4.0,2.0,2020-03,-0.31154838768303605,2022-06,,ETHUSDT,,0.0,low
next_close_clusterstress_ccap10_scapunlimited_largest_drop_alloc0.01,next_close,cluster_stress,10,unlimited,largest_drop,0.01,LINKUSDT,103,0,0.0,1.1523722349144085,1.1188079950625325,-0.07025675520187999,0.4854368932038835,1.156179106678068,0.19488460635204152,-0.5943403628177135,-0.595638606903507,1.5427711038345988,8,0.7621359223300971,3,2.0,0.7621359223300971,3.0,2.0,2020-03,-0.578547515952299,2021-04,0.323039686612401,LINKUSDT,0.9999999999999998,1.0,low
next_close_clusterstress_ccap10_scapunlimited_largest_drop_alloc0.01,next_close,cluster_stress,10,unlimited,largest_drop,0.01,BTCUSDT,22,0,0.0,-0.1237404724493559,-0.5624566929516178,0.29581616875476996,0.5909090909090909,-0.12392838060210076,-0.021000159394080065,-0.32201919136304324,-0.3223313567957468,-0.5290647588993316,3,0.5454545454545454,2,1.0,0.5454545454545454,2.0,1.0,2020-03,-0.2290933027705,2021-05,,BTCUSDT,,0.0,low
next_close_clusterstress_ccap10_scapunlimited_largest_drop_alloc0.01,next_close,cluster_stress,10,unlimited,largest_drop,0.01,AVAXUSDT,102,0,0.0,1.7641769202838804,1.7295852159645888,1.619754485383445,0.6372549019607843,1.7760210836413215,0.3393737875611258,-1.0102530853476344,-1.01429106810884,2.071797958475873,5,0.7745098039215687,3,2.0,0.7745098039215687,3.0,2.0,2021-05,-0.6018279708162377,2022-05,0.4654663141853921,AVAXUSDT,1.0000000000000002,1.0,low
next_close_clusterstress_ccap10_scapunlimited_largest_drop_alloc0.01,next_close,cluster_stress,10,unlimited,largest_drop,0.01,SOLUSDT,75,0,0.0,0.8686078232602978,1.1581437643470638,0.00424406756008998,0.5066666666666667,0.8691194977191952,0.16668085438606983,-0.7284352335125255,-0.7305098448331958,1.079557604657662,5,0.78,3,2.0,0.78,3.0,2.0,2021-05,-0.4036471231630534,2024-08,0.434070227600451,SOLUSDT,1.0000000000000002,1.0,low
next_close_clusterstress_ccap10_scapunlimited_liquidity_priority_alloc0.01,next_close,cluster_stress,10,unlimited,liquidity_priority,0.01,XRPUSDT,87,0,0.0,1.1089763758661866,1.2746854895013637,0.5974358241877,0.5862068965517241,1.1134136716010934,0.18549665564477902,-0.3627644308803468,-0.3632715536405194,1.9220694919902417,4,0.6609195402298851,3,2.0,0.6609195402298851,3.0,2.0,2021-05,-0.27575624875795235,2022-05,0.22049203878774637,XRPUSDT,1.0,1.0,low
next_close_clusterstress_ccap10_scapunlimited_liquidity_priority_alloc0.01,next_close,cluster_stress,10,unlimited,liquidity_priority,0.01,LTCUSDT,57,0,0.0,-0.018709965714198584,-0.032824501252979976,0.6263514041420198,0.5614035087719298,-0.019320352201368518,-0.003235357729503008,-0.25416332905083827,-0.2542995285333073,-0.05300784843026303,4,0.5175438596491229,2,1.0,0.5175438596491229,2.0,1.0,2020-03,-0.23124086368846442,2021-04,,LTCUSDT,,0.0,low
next_close_clusterstress_ccap10_scapunlimited_liquidity_priority_alloc0.01,next_close,cluster_stress,10,unlimited,liquidity_priority,0.01,ADAUSDT,87,0,0.0,0.7459748765221316,0.8574423868070478,0.9347556116880901,0.5517241379310345,0.7463932139218921,0.12601557691671594,-0.376564688641412,-0.37694043059486,1.0881691850497768,4,0.6379310344827587,2,2.0,0.6379310344827587,2.0,2.0,2025-02,-0.3765646886414342,2025-10,0.5114874658246359,ADAUSDT,1.0,1.0,low
next_close_clusterstress_ccap10_scapunlimited_liquidity_priority_alloc0.01,next_close,cluster_stress,10,unlimited,liquidity_priority,0.01,BTCUSDT,34,0,0.0,0.2117686317179356,0.6228489168174577,0.416692681430305,0.5882352941176471,0.21112664411371274,0.0357265216228253,-0.23102374876505793,-0.23111533123292194,0.5033852764374408,3,0.6470588235294118,2,2.0,0.6470588235294118,2.0,2.0,2021-01,-0.12059741321721607,2020-03,0.4475541884768084,BTCUSDT,0.9999999999999999,1.0,low
next_close_clusterstress_ccap10_scapunlimited_liquidity_priority_alloc0.01,next_close,cluster_stress,10,unlimited,liquidity_priority,0.01,ETHUSDT,76,0,0.0,0.38218787513104935,0.5028787830671703,0.2842452821882,0.5526315789473685,0.3813728000870764,0.06448980498565682,-0.3409692427457811,-0.34129464869183435,0.685855150508222,4,0.7894736842105263,3,2.0,0.7894736842105263,3.0,2.0,2021-01,-0.09665868624721963,2025-10,0.23644266817914025,ETHUSDT,1.0000000000000002,1.0,low
next_close_clusterstress_ccap10_scapunlimited_liquidity_priority_alloc0.01,next_close,cluster_stress,10,unlimited,liquidity_priority,0.01,BNBUSDT,71,0,0.0,1.2914167465253443,1.8188968260920344,1.4386006363912802,0.6197183098591549,1.2974702526479476,0.21857348284832767,-0.4214954163082596,-0.4219209003073221,1.944152428750582,5,0.8098591549295775,3,2.0,0.8098591549295774,3.0,2.0,2021-05,-0.1321469393711805,2021-02,0.33406856838044063,BNBUSDT,1.0000000000000002,1.0,low
next_close_clusterstress_ccap10_scapunlimited_liquidity_priority_alloc0.01,next_close,cluster_stress,10,unlimited,liquidity_priority,0.01,LINKUSDT,89,0,0.0,0.15334134751342732,0.17229364889149137,-0.36571649433305814,0.449438202247191,0.1516564211516025,0.025669393244021066,-0.5234266343905225,-0.5243517440493162,0.2542615722299152,8,0.6460674157303371,3,2.0,0.6460674157303371,3.0,2.0,2020-03,-0.507622521268658,2022-05,1.8375974784005276,LINKUSDT,0.9999999999999997,1.0,low
next_close_clusterstress_ccap10_scapunlimited_liquidity_priority_alloc0.01,next_close,cluster_stress,10,unlimited,liquidity_priority,0.01,AVAXUSDT,96,0,0.0,1.113387024015975,1.1597781500166404,1.2718977414844799,0.6145833333333334,1.1162793543413985,0.21386845779913788,-0.9725755913768896,-0.9762621862247772,1.3787012065846742,4,0.71875,3,2.0,0.71875,3.0,2.0,2021-05,-0.5639950220103218,2022-05,0.5952368825472352,AVAXUSDT,0.9999999999999996,1.0,low
next_close_clusterstress_ccap10_scapunlimited_liquidity_priority_alloc0.01,next_close,cluster_stress,10,unlimited,liquidity_priority,0.01,SOLUSDT,81,0,0.0,1.2169662830069017,1.5024275098850637,0.27402105279571004,0.5432098765432098,1.220923121021178,0.23382058929148908,-0.5678063541970646,-0.5687267333468193,1.4785177282614625,4,0.8333333333333334,3,2.0,0.8333333333333334,3.0,2.0,2021-05,-0.24249271218806934,2024-08,0.30899480212269387,SOLUSDT,0.9999999999999998,1.0,low
next_close_clusterstress_ccapunlimited_scap1_symbol_order_alloc0.01,next_close,cluster_stress,unlimited,1,symbol_order,0.01,XRPUSDT,76,0,0.0,0.5636213712268914,0.7416070674038044,0.46389564249318505,0.5789473684210527,0.5638596449289102,0.0941537227429512,-0.4015885401027819,-0.4022370156996665,1.0877891682725502,5,0.5,1,1.0,0.5,1.0,1.0,2021-05,-0.2649796777082769,2022-05,0.36936780952862114,XRPUSDT,1.0000000000000002,1.0,low
next_close_clusterstress_ccapunlimited_scap1_symbol_order_alloc0.01,next_close,cluster_stress,unlimited,1,symbol_order,0.01,LTCUSDT,66,0,0.0,-0.4687135505650492,-0.7101720463106806,0.038172636483805006,0.5,-0.4685055184954212,-0.07860237106469548,-0.6834099930352111,-0.6850707593495152,-1.1114810039119059,9,0.5,1,1.0,0.5,1.0,1.0,2021-05,-0.44530727658399494,2021-04,,LTCUSDT,,0.0,low
next_close_clusterstress_ccapunlimited_scap1_symbol_order_alloc0.01,next_close,cluster_stress,unlimited,1,symbol_order,0.01,ADAUSDT,77,0,0.0,0.35395727376084335,0.4596847711179784,1.00089085324356,0.5714285714285714,0.35321001241994665,0.059730427833382116,-0.36683642705676034,-0.36715083600182585,0.6740460408075429,4,0.5,1,1.0,0.5,1.0,1.0,2020-03,-0.30950426026225,2021-02,0.9569361681482009,ADAUSDT,1.0,1.0,low
next_close_clusterstress_ccapunlimited_scap1_symbol_order_alloc0.01,next_close,cluster_stress,unlimited,1,symbol_order,0.01,BTCUSDT,31,0,0.0,-0.0074875542131121395,-0.024153400687458512,0.7972743260750301,0.6451612903225806,-0.007814695055041732,-0.0013235925284904582,-0.31295165231586264,-0.31320468818002106,-0.02879258456731862,2,0.5,1,1.0,0.5,1.0,1.0,2020-03,-0.17839758498096048,2026-02,,BTCUSDT,,0.0,low
next_close_clusterstress_ccapunlimited_scap1_symbol_order_alloc0.01,next_close,cluster_stress,unlimited,1,symbol_order,0.01,ETHUSDT,59,0,0.0,0.30652153504604923,0.5195280255017783,0.18273202654946,0.5423728813559322,0.3057933880900032,0.05172558193853316,-0.33704091789446,-0.3374425749051606,0.6234358371567692,4,0.5,1,1.0,0.5,1.0,1.0,2021-04,-0.10100878417769188,2020-03,0.5598929777202437,ETHUSDT,1.0,1.0,low
next_close_clusterstress_ccapunlimited_scap1_symbol_order_alloc0.01,next_close,cluster_stress,unlimited,1,symbol_order,0.01,BNBUSDT,58,0,0.0,0.829439534770765,1.4300681633978707,0.7270522774909199,0.5517241379310345,0.8312743051883453,0.14030661855040094,-0.36223333055428464,-0.36269232531927453,1.4800434150315738,6,0.5,1,1.0,0.5,1.0,1.0,2021-05,-0.28284435818221043,2020-03,0.4543359269416675,BNBUSDT,0.9999999999999999,1.0,low
next_close_clusterstress_ccapunlimited_scap1_symbol_order_alloc0.01,next_close,cluster_stress,unlimited,1,symbol_order,0.01,LINKUSDT,82,0,0.0,0.17787539501236282,0.21692121342971074,-0.27842274414659907,0.45121951219512196,0.17653890119244675,0.029877922608845253,-0.35619204115903136,-0.35654616395911565,0.3238543681599324,7,0.5,1,1.0,0.5,1.0,1.0,2020-03,-0.39877282223074184,2021-04,1.4549094839179322,LINKUSDT,1.0,1.0,low
next_close_clusterstress_ccapunlimited_scap1_symbol_order_alloc0.01,next_close,cluster_stress,unlimited,1,symbol_order,0.01,AVAXUSDT,79,0,0.0,0.7851146629055183,0.9938160289943271,0.9122964645917898,0.5949367088607594,0.785477463406159,0.15068959825295103,-0.7307184558840385,-0.7324919515596676,1.0682924665278724,5,0.5,1,1.0,0.5,1.0,1.0,2021-05,-0.5467458824285565,2022-05,0.485655587951824,AVAXUSDT,1.0000000000000002,1.0,low
next_close_clusterstress_ccapunlimited_scap1_symbol_order_alloc0.01,next_close,cluster_stress,unlimited,1,symbol_order,0.01,SOLUSDT,60,0,0.0,0.6620970239815909,1.1034950399693182,0.08911666404839996,0.5333333333333333,0.6620747699999097,0.12707909624822822,-0.4128702798113726,-0.41295223522708047,0.9971008470430438,3,0.5,1,1.0,0.5,1.0,1.0,2021-05,-0.23154066030127707,2021-04,0.3282247446671643,SOLUSDT,1.0,1.0,low
next_close_clusterstress_ccapunlimited_scap1_largest_drop_alloc0.01,next_close,cluster_stress,unlimited,1,largest_drop,0.01,XRPUSDT,76,0,0.0,0.5636213712268914,0.7416070674038044,0.46389564249318505,0.5789473684210527,0.5638596449289102,0.0941537227429512,-0.4015885401027819,-0.4022370156996665,1.0877891682725502,5,0.5,1,1.0,0.5,1.0,1.0,2021-05,-0.2649796777082769,2022-05,0.36936780952862114,XRPUSDT,1.0000000000000002,1.0,low
next_close_clusterstress_ccapunlimited_scap1_largest_drop_alloc0.01,next_close,cluster_stress,unlimited,1,largest_drop,0.01,LTCUSDT,66,0,0.0,-0.4687135505650492,-0.7101720463106806,0.038172636483805006,0.5,-0.4685055184954212,-0.07860237106469548,-0.6834099930352111,-0.6850707593495152,-1.1114810039119059,9,0.5,1,1.0,0.5,1.0,1.0,2021-05,-0.44530727658399494,2021-04,,LTCUSDT,,0.0,low
next_close_clusterstress_ccapunlimited_scap1_largest_drop_alloc0.01,next_close,cluster_stress,unlimited,1,largest_drop,0.01,ADAUSDT,77,0,0.0,0.35395727376084335,0.4596847711179784,1.00089085324356,0.5714285714285714,0.35321001241994665,0.059730427833382116,-0.36683642705676034,-0.36715083600182585,0.6740460408075429,4,0.5,1,1.0,0.5,1.0,1.0,2020-03,-0.30950426026225,2021-02,0.9569361681482009,ADAUSDT,1.0,1.0,low
next_close_clusterstress_ccapunlimited_scap1_largest_drop_alloc0.01,next_close,cluster_stress,unlimited,1,largest_drop,0.01,BNBUSDT,58,0,0.0,0.829439534770765,1.4300681633978707,0.7270522774909199,0.5517241379310345,0.8312743051883453,0.14030661855040094,-0.36223333055428464,-0.36269232531927453,1.4800434150315738,6,0.5,1,1.0,0.5,1.0,1.0,2021-05,-0.28284435818221043,2020-03,0.4543359269416675,BNBUSDT,0.9999999999999999,1.0,low
next_close_clusterstress_ccapunlimited_scap1_largest_drop_alloc0.01,next_close,cluster_stress,unlimited,1,largest_drop,0.01,ETHUSDT,59,0,0.0,0.30652153504604923,0.5195280255017783,0.18273202654946,0.5423728813559322,0.3057933880900032,0.05172558193853316,-0.33704091789446,-0.3374425749051606,0.6234358371567692,4,0.5,1,1.0,0.5,1.0,1.0,2021-04,-0.10100878417769188,2020-03,0.5598929777202437,ETHUSDT,1.0,1.0,low
next_close_clusterstress_ccapunlimited_scap1_largest_drop_alloc0.01,next_close,cluster_stress,unlimited,1,largest_drop,0.01,LINKUSDT,82,0,0.0,0.17787539501236282,0.21692121342971074,-0.27842274414659907,0.45121951219512196,0.17653890119244675,0.029877922608845253,-0.35619204115903136,-0.35654616395911565,0.3238543681599324,7,0.5,1,1.0,0.5,1.0,1.0,2020-03,-0.39877282223074184,2021-04,1.4549094839179322,LINKUSDT,1.0,1.0,low
next_close_clusterstress_ccapunlimited_scap1_largest_drop_alloc0.01,next_close,cluster_stress,unlimited,1,largest_drop,0.01,BTCUSDT,31,0,0.0,-0.0074875542131121395,-0.024153400687458512,0.7972743260750301,0.6451612903225806,-0.007814695055041732,-0.0013235925284904582,-0.31295165231586264,-0.31320468818002106,-0.02879258456731862,2,0.5,1,1.0,0.5,1.0,1.0,2020-03,-0.17839758498096048,2026-02,,BTCUSDT,,0.0,low
next_close_clusterstress_ccapunlimited_scap1_largest_drop_alloc0.01,next_close,cluster_stress,unlimited,1,largest_drop,0.01,AVAXUSDT,79,0,0.0,0.7851146629055183,0.9938160289943271,0.9122964645917898,0.5949367088607594,0.785477463406159,0.15068959825295103,-0.7307184558840385,-0.7324919515596676,1.0682924665278724,5,0.5,1,1.0,0.5,1.0,1.0,2021-05,-0.5467458824285565,2022-05,0.485655587951824,AVAXUSDT,1.0000000000000002,1.0,low
next_close_clusterstress_ccapunlimited_scap1_largest_drop_alloc0.01,next_close,cluster_stress,unlimited,1,largest_drop,0.01,SOLUSDT,60,0,0.0,0.6620970239815909,1.1034950399693182,0.08911666404839996,0.5333333333333333,0.6620747699999097,0.12707909624822822,-0.4128702798113726,-0.41295223522708047,0.9971008470430438,3,0.5,1,1.0,0.5,1.0,1.0,2021-05,-0.23154066030127707,2021-04,0.3282247446671643,SOLUSDT,1.0,1.0,low
next_close_clusterstress_ccapunlimited_scap1_liquidity_priority_alloc0.01,next_close,cluster_stress,unlimited,1,liquidity_priority,0.01,XRPUSDT,76,0,0.0,0.5636213712268914,0.7416070674038044,0.46389564249318505,0.5789473684210527,0.5638596449289102,0.0941537227429512,-0.4015885401027819,-0.4022370156996665,1.0877891682725502,5,0.5,1,1.0,0.5,1.0,1.0,2021-05,-0.2649796777082769,2022-05,0.36936780952862114,XRPUSDT,1.0000000000000002,1.0,low
next_close_clusterstress_ccapunlimited_scap1_liquidity_priority_alloc0.01,next_close,cluster_stress,unlimited,1,liquidity_priority,0.01,LTCUSDT,66,0,0.0,-0.4687135505650492,-0.7101720463106806,0.038172636483805006,0.5,-0.4685055184954212,-0.07860237106469548,-0.6834099930352111,-0.6850707593495152,-1.1114810039119059,9,0.5,1,1.0,0.5,1.0,1.0,2021-05,-0.44530727658399494,2021-04,,LTCUSDT,,0.0,low
next_close_clusterstress_ccapunlimited_scap1_liquidity_priority_alloc0.01,next_close,cluster_stress,unlimited,1,liquidity_priority,0.01,ADAUSDT,77,0,0.0,0.35395727376084335,0.4596847711179784,1.00089085324356,0.5714285714285714,0.35321001241994665,0.059730427833382116,-0.36683642705676034,-0.36715083600182585,0.6740460408075429,4,0.5,1,1.0,0.5,1.0,1.0,2020-03,-0.30950426026225,2021-02,0.9569361681482009,ADAUSDT,1.0,1.0,low
next_close_clusterstress_ccapunlimited_scap1_liquidity_priority_alloc0.01,next_close,cluster_stress,unlimited,1,liquidity_priority,0.01,BTCUSDT,31,0,0.0,-0.0074875542131121395,-0.024153400687458512,0.7972743260750301,0.6451612903225806,-0.007814695055041732,-0.0013235925284904582,-0.31295165231586264,-0.31320468818002106,-0.02879258456731862,2,0.5,1,1.0,0.5,1.0,1.0,2020-03,-0.17839758498096048,2026-02,,BTCUSDT,,0.0,low
next_close_clusterstress_ccapunlimited_scap1_liquidity_priority_alloc0.01,next_close,cluster_stress,unlimited,1,liquidity_priority,0.01,ETHUSDT,59,0,0.0,0.30652153504604923,0.5195280255017783,0.18273202654946,0.5423728813559322,0.3057933880900032,0.05172558193853316,-0.33704091789446,-0.3374425749051606,0.6234358371567692,4,0.5,1,1.0,0.5,1.0,1.0,2021-04,-0.10100878417769188,2020-03,0.5598929777202437,ETHUSDT,1.0,1.0,low
next_close_clusterstress_ccapunlimited_scap1_liquidity_priority_alloc0.01,next_close,cluster_stress,unlimited,1,liquidity_priority,0.01,BNBUSDT,58,0,0.0,0.829439534770765,1.4300681633978707,0.7270522774909199,0.5517241379310345,0.8312743051883453,0.14030661855040094,-0.36223333055428464,-0.36269232531927453,1.4800434150315738,6,0.5,1,1.0,0.5,1.0,1.0,2021-05,-0.28284435818221043,2020-03,0.4543359269416675,BNBUSDT,0.9999999999999999,1.0,low
next_close_clusterstress_ccapunlimited_scap1_liquidity_priority_alloc0.01,next_close,cluster_stress,unlimited,1,liquidity_priority,0.01,LINKUSDT,82,0,0.0,0.17787539501236282,0.21692121342971074,-0.27842274414659907,0.45121951219512196,0.17653890119244675,0.029877922608845253,-0.35619204115903136,-0.35654616395911565,0.3238543681599324,7,0.5,1,1.0,0.5,1.0,1.0,2020-03,-0.39877282223074184,2021-04,1.4549094839179322,LINKUSDT,1.0,1.0,low
next_close_clusterstress_ccapunlimited_scap1_liquidity_priority_alloc0.01,next_close,cluster_stress,unlimited,1,liquidity_priority,0.01,AVAXUSDT,79,0,0.0,0.7851146629055183,0.9938160289943271,0.9122964645917898,0.5949367088607594,0.785477463406159,0.15068959825295103,-0.7307184558840385,-0.7324919515596676,1.0682924665278724,5,0.5,1,1.0,0.5,1.0,1.0,2021-05,-0.5467458824285565,2022-05,0.485655587951824,AVAXUSDT,1.0000000000000002,1.0,low
next_close_clusterstress_ccapunlimited_scap1_liquidity_priority_alloc0.01,next_close,cluster_stress,unlimited,1,liquidity_priority,0.01,SOLUSDT,60,0,0.0,0.6620970239815909,1.1034950399693182,0.08911666404839996,0.5333333333333333,0.6620747699999097,0.12707909624822822,-0.4128702798113726,-0.41295223522708047,0.9971008470430438,3,0.5,1,1.0,0.5,1.0,1.0,2021-05,-0.23154066030127707,2021-04,0.3282247446671643,SOLUSDT,1.0,1.0,low
next_close_clusterstress_ccapunlimited_scap2_symbol_order_alloc0.01,next_close,cluster_stress,unlimited,2,symbol_order,0.01,XRPUSDT,100,0,0.0,1.7015863459486424,1.7015863459486424,1.0672477185158051,0.61,1.713954689166619,0.2848428255635138,-0.18963311286198659,-0.18963311286198262,2.670168458415403,3,0.76,2,2.0,0.76,2.0,2.0,2020-03,-0.04868187740530994,2021-12,0.19752185964670416,XRPUSDT,1.0,1.0,low
next_close_clusterstress_ccapunlimited_scap2_symbol_order_alloc0.01,next_close,cluster_stress,unlimited,2,symbol_order,0.01,LTCUSDT,87,0,0.0,-0.10908056405778115,-0.12537995868710478,0.4204575458406901,0.5287356321839081,-0.11026386617704054,-0.018471619925131133,-0.5323994894171791,-0.5329601788023258,-0.21750562708495952,4,0.7758620689655172,2,2.0,0.7758620689655172,2.0,2.0,2020-03,-0.31544948167787634,2024-04,,LTCUSDT,,0.0,low
next_close_clusterstress_ccapunlimited_scap2_symbol_order_alloc0.01,next_close,cluster_stress,unlimited,2,symbol_order,0.01,ADAUSDT,101,0,0.0,1.1901307171566695,1.178347244709574,1.06334547961944,0.5742574257425742,1.194280025545158,0.2012616886240437,-0.3765646886414342,-0.37694043059485993,1.566452016291828,4,0.7376237623762376,2,2.0,0.7376237623762376,2.0,2.0,2025-02,-0.3765646886414342,2025-10,0.31966604592867187,ADAUSDT,1.0,1.0,low
next_close_clusterstress_ccapunlimited_scap2_symbol_order_alloc0.01,next_close,cluster_stress,unlimited,2,symbol_order,0.01,BTCUSDT,38,0,0.0,0.0701319371436048,0.18455772932527578,0.609985045467205,0.6052631578947368,0.06976374256901785,0.011812236918329333,-0.3143014249433196,-0.314512799049032,0.24725528179800002,3,0.6842105263157895,2,2.0,0.6842105263157895,2.0,2.0,2020-03,-0.1530798232399544,2021-05,1.4195959632532051,BTCUSDT,1.0000000000000009,1.0,low
next_close_clusterstress_ccapunlimited_scap2_symbol_order_alloc0.01,next_close,cluster_stress,unlimited,2,symbol_order,0.01,ETHUSDT,76,0,0.0,0.5878915794370133,0.773541551890807,0.39586949875697997,0.5657894736842105,0.587912468529117,0.0993305708510972,-0.3409692427457811,-0.34129464869183435,1.0077161664584333,4,0.7368421052631579,2,2.0,0.7368421052631579,2.0,2.0,2021-04,-0.054326307734919865,2021-05,0.41380962396174475,ETHUSDT,1.0,1.0,low
next_close_clusterstress_ccapunlimited_scap2_symbol_order_alloc0.01,next_close,cluster_stress,unlimited,2,symbol_order,0.01,BNBUSDT,78,0,0.0,1.3002785029851813,1.6670237217758737,1.2793053667321648,0.6153846153846154,1.306449819173272,0.2200780694025406,-0.4214954163082596,-0.4219209003073221,1.9558113786531235,5,0.8333333333333334,2,2.0,0.8333333333333334,2.0,2.0,2021-05,-0.13627312845443385,2021-02,0.2956233751867904,BNBUSDT,1.0000000000000002,1.0,low
next_close_clusterstress_ccapunlimited_scap2_symbol_order_alloc0.01,next_close,cluster_stress,unlimited,2,symbol_order,0.01,LINKUSDT,110,0,0.0,1.634449885750466,1.4858635325004235,0.13197222266173497,0.5,1.6440543543734476,0.27656575865746547,-0.5435850820187937,-0.5445986876499176,1.905407494397195,6,0.8090909090909091,2,2.0,0.8090909090909091,2.0,2.0,2020-03,-0.1974756646275888,2021-04,0.2271772434381753,LINKUSDT,0.9999999999999999,1.0,low
next_close_clusterstress_ccapunlimited_scap2_symbol_order_alloc0.01,next_close,cluster_stress,unlimited,2,symbol_order,0.01,AVAXUSDT,107,0,0.0,1.6996597872325436,1.588467090871536,1.61783999440051,0.6261682242990654,1.7103139029592151,0.3269035533159048,-0.9173398188787263,-0.9203887883806108,1.9741135454715453,5,0.8177570093457944,2,2.0,0.8177570093457944,2.0,2.0,2021-05,-0.6740436441560749,2022-05,0.4833486918908506,AVAXUSDT,1.0,1.0,low
next_close_clusterstress_ccapunlimited_scap2_symbol_order_alloc0.01,next_close,cluster_stress,unlimited,2,symbol_order,0.01,SOLUSDT,84,0,0.0,1.401712983440031,1.6687059326667038,0.496443160202795,0.5595238095238095,1.40796077328178,0.2694389763930216,-0.48337008919414615,-0.4837211002549823,1.6759934807218269,4,0.8333333333333334,2,2.0,0.8333333333333334,2.0,2.0,2021-06,-0.1817504456921526,2024-08,0.26794702334470405,SOLUSDT,0.9999999999999999,1.0,low
next_close_clusterstress_ccapunlimited_scap2_largest_drop_alloc0.01,next_close,cluster_stress,unlimited,2,largest_drop,0.01,XRPUSDT,100,0,0.0,1.7015863459486424,1.7015863459486424,1.0672477185158051,0.61,1.713954689166619,0.2848428255635138,-0.18963311286198659,-0.18963311286198262,2.670168458415403,3,0.76,2,2.0,0.76,2.0,2.0,2020-03,-0.04868187740530994,2021-12,0.19752185964670416,XRPUSDT,1.0,1.0,low
next_close_clusterstress_ccapunlimited_scap2_largest_drop_alloc0.01,next_close,cluster_stress,unlimited,2,largest_drop,0.01,LTCUSDT,87,0,0.0,-0.10908056405778115,-0.12537995868710478,0.4204575458406901,0.5287356321839081,-0.11026386617704054,-0.018471619925131133,-0.5323994894171791,-0.5329601788023258,-0.21750562708495952,4,0.7758620689655172,2,2.0,0.7758620689655172,2.0,2.0,2020-03,-0.31544948167787634,2024-04,,LTCUSDT,,0.0,low
next_close_clusterstress_ccapunlimited_scap2_largest_drop_alloc0.01,next_close,cluster_stress,unlimited,2,largest_drop,0.01,ADAUSDT,101,0,0.0,1.1901307171566695,1.178347244709574,1.06334547961944,0.5742574257425742,1.194280025545158,0.2012616886240437,-0.3765646886414342,-0.37694043059485993,1.566452016291828,4,0.7376237623762376,2,2.0,0.7376237623762376,2.0,2.0,2025-02,-0.3765646886414342,2025-10,0.31966604592867187,ADAUSDT,1.0,1.0,low
next_close_clusterstress_ccapunlimited_scap2_largest_drop_alloc0.01,next_close,cluster_stress,unlimited,2,largest_drop,0.01,BNBUSDT,78,0,0.0,1.3002785029851813,1.6670237217758737,1.2793053667321648,0.6153846153846154,1.306449819173272,0.2200780694025406,-0.4214954163082596,-0.4219209003073221,1.9558113786531235,5,0.8333333333333334,2,2.0,0.8333333333333334,2.0,2.0,2021-05,-0.13627312845443385,2021-02,0.2956233751867904,BNBUSDT,1.0000000000000002,1.0,low
next_close_clusterstress_ccapunlimited_scap2_largest_drop_alloc0.01,next_close,cluster_stress,unlimited,2,largest_drop,0.01,ETHUSDT,76,0,0.0,0.5878915794370133,0.773541551890807,0.39586949875697997,0.5657894736842105,0.587912468529117,0.0993305708510972,-0.3409692427457811,-0.34129464869183435,1.0077161664584333,4,0.7368421052631579,2,2.0,0.7368421052631579,2.0,2.0,2021-04,-0.054326307734919865,2021-05,0.41380962396174475,ETHUSDT,1.0,1.0,low
next_close_clusterstress_ccapunlimited_scap2_largest_drop_alloc0.01,next_close,cluster_stress,unlimited,2,largest_drop,0.01,LINKUSDT,110,0,0.0,1.634449885750466,1.4858635325004235,0.13197222266173497,0.5,1.6440543543734476,0.27656575865746547,-0.5435850820187937,-0.5445986876499176,1.905407494397195,6,0.8090909090909091,2,2.0,0.8090909090909091,2.0,2.0,2020-03,-0.1974756646275888,2021-04,0.2271772434381753,LINKUSDT,0.9999999999999999,1.0,low
next_close_clusterstress_ccapunlimited_scap2_largest_drop_alloc0.01,next_close,cluster_stress,unlimited,2,largest_drop,0.01,BTCUSDT,38,0,0.0,0.0701319371436048,0.18455772932527578,0.609985045467205,0.6052631578947368,0.06976374256901785,0.011812236918329333,-0.3143014249433196,-0.314512799049032,0.24725528179800002,3,0.6842105263157895,2,2.0,0.6842105263157895,2.0,2.0,2020-03,-0.1530798232399544,2021-05,1.4195959632532051,BTCUSDT,1.0000000000000009,1.0,low
next_close_clusterstress_ccapunlimited_scap2_largest_drop_alloc0.01,next_close,cluster_stress,unlimited,2,largest_drop,0.01,AVAXUSDT,107,0,0.0,1.6996597872325436,1.588467090871536,1.61783999440051,0.6261682242990654,1.7103139029592151,0.3269035533159048,-0.9173398188787263,-0.9203887883806108,1.9741135454715453,5,0.8177570093457944,2,2.0,0.8177570093457944,2.0,2.0,2021-05,-0.6740436441560749,2022-05,0.4833486918908506,AVAXUSDT,1.0,1.0,low
next_close_clusterstress_ccapunlimited_scap2_largest_drop_alloc0.01,next_close,cluster_stress,unlimited,2,largest_drop,0.01,SOLUSDT,84,0,0.0,1.401712983440031,1.6687059326667038,0.496443160202795,0.5595238095238095,1.40796077328178,0.2694389763930216,-0.48337008919414615,-0.4837211002549823,1.6759934807218269,4,0.8333333333333334,2,2.0,0.8333333333333334,2.0,2.0,2021-06,-0.1817504456921526,2024-08,0.26794702334470405,SOLUSDT,0.9999999999999999,1.0,low
next_close_clusterstress_ccapunlimited_scap2_liquidity_priority_alloc0.01,next_close,cluster_stress,unlimited,2,liquidity_priority,0.01,XRPUSDT,100,0,0.0,1.7015863459486424,1.7015863459486424,1.0672477185158051,0.61,1.713954689166619,0.2848428255635138,-0.18963311286198659,-0.18963311286198262,2.670168458415403,3,0.76,2,2.0,0.76,2.0,2.0,2020-03,-0.04868187740530994,2021-12,0.19752185964670416,XRPUSDT,1.0,1.0,low
next_close_clusterstress_ccapunlimited_scap2_liquidity_priority_alloc0.01,next_close,cluster_stress,unlimited,2,liquidity_priority,0.01,LTCUSDT,87,0,0.0,-0.10908056405778115,-0.12537995868710478,0.4204575458406901,0.5287356321839081,-0.11026386617704054,-0.018471619925131133,-0.5323994894171791,-0.5329601788023258,-0.21750562708495952,4,0.7758620689655172,2,2.0,0.7758620689655172,2.0,2.0,2020-03,-0.31544948167787634,2024-04,,LTCUSDT,,0.0,low
next_close_clusterstress_ccapunlimited_scap2_liquidity_priority_alloc0.01,next_close,cluster_stress,unlimited,2,liquidity_priority,0.01,ADAUSDT,101,0,0.0,1.1901307171566695,1.178347244709574,1.06334547961944,0.5742574257425742,1.194280025545158,0.2012616886240437,-0.3765646886414342,-0.37694043059485993,1.566452016291828,4,0.7376237623762376,2,2.0,0.7376237623762376,2.0,2.0,2025-02,-0.3765646886414342,2025-10,0.31966604592867187,ADAUSDT,1.0,1.0,low
next_close_clusterstress_ccapunlimited_scap2_liquidity_priority_alloc0.01,next_close,cluster_stress,unlimited,2,liquidity_priority,0.01,BTCUSDT,38,0,0.0,0.0701319371436048,0.18455772932527578,0.609985045467205,0.6052631578947368,0.06976374256901785,0.011812236918329333,-0.3143014249433196,-0.314512799049032,0.24725528179800002,3,0.6842105263157895,2,2.0,0.6842105263157895,2.0,2.0,2020-03,-0.1530798232399544,2021-05,1.4195959632532051,BTCUSDT,1.0000000000000009,1.0,low
next_close_clusterstress_ccapunlimited_scap2_liquidity_priority_alloc0.01,next_close,cluster_stress,unlimited,2,liquidity_priority,0.01,ETHUSDT,76,0,0.0,0.5878915794370133,0.773541551890807,0.39586949875697997,0.5657894736842105,0.587912468529117,0.0993305708510972,-0.3409692427457811,-0.34129464869183435,1.0077161664584333,4,0.7368421052631579,2,2.0,0.7368421052631579,2.0,2.0,2021-04,-0.054326307734919865,2021-05,0.41380962396174475,ETHUSDT,1.0,1.0,low
next_close_clusterstress_ccapunlimited_scap2_liquidity_priority_alloc0.01,next_close,cluster_stress,unlimited,2,liquidity_priority,0.01,BNBUSDT,78,0,0.0,1.3002785029851813,1.6670237217758737,1.2793053667321648,0.6153846153846154,1.306449819173272,0.2200780694025406,-0.4214954163082596,-0.4219209003073221,1.9558113786531235,5,0.8333333333333334,2,2.0,0.8333333333333334,2.0,2.0,2021-05,-0.13627312845443385,2021-02,0.2956233751867904,BNBUSDT,1.0000000000000002,1.0,low
next_close_clusterstress_ccapunlimited_scap2_liquidity_priority_alloc0.01,next_close,cluster_stress,unlimited,2,liquidity_priority,0.01,LINKUSDT,110,0,0.0,1.634449885750466,1.4858635325004235,0.13197222266173497,0.5,1.6440543543734476,0.27656575865746547,-0.5435850820187937,-0.5445986876499176,1.905407494397195,6,0.8090909090909091,2,2.0,0.8090909090909091,2.0,2.0,2020-03,-0.1974756646275888,2021-04,0.2271772434381753,LINKUSDT,0.9999999999999999,1.0,low
next_close_clusterstress_ccapunlimited_scap2_liquidity_priority_alloc0.01,next_close,cluster_stress,unlimited,2,liquidity_priority,0.01,AVAXUSDT,107,0,0.0,1.6996597872325436,1.588467090871536,1.61783999440051,0.6261682242990654,1.7103139029592151,0.3269035533159048,-0.9173398188787263,-0.9203887883806108,1.9741135454715453,5,0.8177570093457944,2,2.0,0.8177570093457944,2.0,2.0,2021-05,-0.6740436441560749,2022-05,0.4833486918908506,AVAXUSDT,1.0,1.0,low
next_close_clusterstress_ccapunlimited_scap2_liquidity_priority_alloc0.01,next_close,cluster_stress,unlimited,2,liquidity_priority,0.01,SOLUSDT,84,0,0.0,1.401712983440031,1.6687059326667038,0.496443160202795,0.5595238095238095,1.40796077328178,0.2694389763930216,-0.48337008919414615,-0.4837211002549823,1.6759934807218269,4,0.8333333333333334,2,2.0,0.8333333333333334,2.0,2.0,2021-06,-0.1817504456921526,2024-08,0.26794702334470405,SOLUSDT,0.9999999999999999,1.0,low
next_close_clusterstress_ccapunlimited_scapunlimited_symbol_order_alloc0.01,next_close,cluster_stress,unlimited,unlimited,symbol_order,0.01,XRPUSDT,116,0,0.0,3.129367013013109,2.6977301836319905,2.4573560049546597,0.6379310344827587,3.1751083391629464,0.5245339235225188,-0.25121489983911394,-0.25132381222200617,3.8926482334141643,3,1.1551724137931034,5,4.0,1.1551724137931034,5.0,4.0,2021-06,-0.03885071746815294,2021-05,0.2332276867972327,XRPUSDT,1.0,1.0,low
next_close_clusterstress_ccapunlimited_scapunlimited_symbol_order_alloc0.01,next_close,cluster_stress,unlimited,unlimited,symbol_order,0.01,LTCUSDT,107,0,0.0,1.15850182324847,1.0827119843443647,0.7318868877822802,0.5794392523364486,1.162770170029681,0.19376434198088432,-0.25735541860681943,-0.2574700420963212,1.6718691052327992,4,1.2102803738317758,5,3.0,1.2102803738317758,5.0,3.0,2025-02,-0.12240476341777162,2021-05,0.6171679215497423,LTCUSDT,1.0,1.0,low
next_close_clusterstress_ccapunlimited_scapunlimited_symbol_order_alloc0.01,next_close,cluster_stress,unlimited,unlimited,symbol_order,0.01,ADAUSDT,129,0,0.0,4.1365850123777665,3.2066550483548575,1.8120648865694695,0.627906976744186,4.215977658656955,0.7018084897892685,-0.357209526681046,-0.3575158822974367,3.640526337638949,5,1.3682170542635659,6,4.0,1.3682170542635659,6.0,4.0,2025-02,-0.31730712932831473,2021-05,0.4024021873481622,ADAUSDT,1.0,1.0,low
next_close_clusterstress_ccapunlimited_scapunlimited_symbol_order_alloc0.01,next_close,cluster_stress,unlimited,unlimited,symbol_order,0.01,BTCUSDT,48,0,0.0,1.0576398771535584,2.20341641073658,0.9879658390010799,0.6666666666666666,1.0618362746187548,0.17905177807242545,-0.21784626627707748,-0.21790760126296593,2.063269912812872,2,1.3541666666666667,6,4.0,1.3541666666666667,6.0,4.0,2021-01,-0.09106661963040885,2020-03,0.5220331957536839,BTCUSDT,1.0,1.0,low
next_close_clusterstress_ccapunlimited_scapunlimited_symbol_order_alloc0.01,next_close,cluster_stress,unlimited,unlimited,symbol_order,0.01,ETHUSDT,97,0,0.0,1.6949759154351067,1.7473978509640276,0.7983442221479101,0.5979381443298969,1.7064383408331052,0.2869867274857274,-0.31710564873287383,-0.3173565546502384,2.2578415076533607,5,1.3453608247422681,5,4.0,1.3453608247422681,5.0,4.0,2021-01,-0.10431837345475925,2021-05,0.4847540229044226,ETHUSDT,1.0,1.0,low
next_close_clusterstress_ccapunlimited_scapunlimited_symbol_order_alloc0.01,next_close,cluster_stress,unlimited,unlimited,symbol_order,0.01,BNBUSDT,96,0,0.0,2.5451154623183836,2.651161939914983,1.6845909592840498,0.6458333333333334,2.5739976027947087,0.43136111666952637,-0.5467399865106581,-0.5477161316830883,3.0918289724931918,5,1.375,6,4.0,1.375,6.0,4.0,2021-01,-0.07387023890382816,2020-03,0.31371623873430876,BNBUSDT,0.9999999999999998,1.0,low
next_close_clusterstress_ccapunlimited_scapunlimited_symbol_order_alloc0.01,next_close,cluster_stress,unlimited,unlimited,symbol_order,0.01,LINKUSDT,143,0,0.0,3.5943974758714328,2.5135646684415613,1.2648808403262501,0.5664335664335665,3.6537787590088966,0.609642197525817,-0.472635145932887,-0.47331182479572687,3.4658176198413293,6,1.479020979020979,7,4.0,1.479020979020979,7.000000000000001,4.0,2025-02,-0.14538137918762573,2020-03,0.22909209645698686,LINKUSDT,0.9999999999999999,1.0,low
next_close_clusterstress_ccapunlimited_scapunlimited_symbol_order_alloc0.01,next_close,cluster_stress,unlimited,unlimited,symbol_order,0.01,AVAXUSDT,131,0,0.0,3.6390884957516447,2.7779301494287365,2.20495056705126,0.6641221374045801,3.7002399648051076,0.701710617795892,-0.5875612486380688,-0.5883597178530212,3.5682276444571905,5,1.2557251908396947,5,3.0,1.2557251908396947,5.0,3.0,2025-02,-0.300514521964812,2022-05,0.28396198221435126,AVAXUSDT,1.0,1.0,low
next_close_clusterstress_ccapunlimited_scapunlimited_symbol_order_alloc0.01,next_close,cluster_stress,unlimited,unlimited,symbol_order,0.01,SOLUSDT,99,0,0.0,2.802778735614377,2.831089631933714,1.5152585828518097,0.5757575757575758,2.8363516210323736,0.5397180501016008,-0.38045099528629667,-0.3807970662860254,2.654837777240639,4,1.2272727272727273,5,3.1499999999999773,1.2272727272727273,5.0,3.1499999999999773,2021-06,-0.1817504456921526,2021-05,0.38641617652252197,SOLUSDT,1.0000000000000002,1.0,low
next_close_clusterstress_ccapunlimited_scapunlimited_largest_drop_alloc0.01,next_close,cluster_stress,unlimited,unlimited,largest_drop,0.01,XRPUSDT,116,0,0.0,3.129367013013109,2.6977301836319905,2.4573560049546597,0.6379310344827587,3.1751083391629464,0.5245339235225188,-0.25121489983911394,-0.25132381222200617,3.8926482334141643,3,1.1551724137931034,5,4.0,1.1551724137931034,5.0,4.0,2021-06,-0.03885071746815294,2021-05,0.2332276867972327,XRPUSDT,1.0,1.0,low
next_close_clusterstress_ccapunlimited_scapunlimited_largest_drop_alloc0.01,next_close,cluster_stress,unlimited,unlimited,largest_drop,0.01,LTCUSDT,107,0,0.0,1.15850182324847,1.0827119843443647,0.7318868877822802,0.5794392523364486,1.162770170029681,0.19376434198088432,-0.25735541860681943,-0.2574700420963212,1.6718691052327992,4,1.2102803738317758,5,3.0,1.2102803738317758,5.0,3.0,2025-02,-0.12240476341777162,2021-05,0.6171679215497423,LTCUSDT,1.0,1.0,low
next_close_clusterstress_ccapunlimited_scapunlimited_largest_drop_alloc0.01,next_close,cluster_stress,unlimited,unlimited,largest_drop,0.01,ADAUSDT,129,0,0.0,4.1365850123777665,3.2066550483548575,1.8120648865694695,0.627906976744186,4.215977658656955,0.7018084897892685,-0.357209526681046,-0.3575158822974367,3.640526337638949,5,1.3682170542635659,6,4.0,1.3682170542635659,6.0,4.0,2025-02,-0.31730712932831473,2021-05,0.4024021873481622,ADAUSDT,1.0,1.0,low
next_close_clusterstress_ccapunlimited_scapunlimited_largest_drop_alloc0.01,next_close,cluster_stress,unlimited,unlimited,largest_drop,0.01,BNBUSDT,96,0,0.0,2.5451154623183836,2.651161939914983,1.6845909592840498,0.6458333333333334,2.5739976027947087,0.43136111666952637,-0.5467399865106581,-0.5477161316830883,3.0918289724931918,5,1.375,6,4.0,1.375,6.0,4.0,2021-01,-0.07387023890382816,2020-03,0.31371623873430876,BNBUSDT,0.9999999999999998,1.0,low
next_close_clusterstress_ccapunlimited_scapunlimited_largest_drop_alloc0.01,next_close,cluster_stress,unlimited,unlimited,largest_drop,0.01,ETHUSDT,97,0,0.0,1.6949759154351067,1.7473978509640276,0.7983442221479101,0.5979381443298969,1.7064383408331052,0.2869867274857274,-0.31710564873287383,-0.3173565546502384,2.2578415076533607,5,1.3453608247422681,5,4.0,1.3453608247422681,5.0,4.0,2021-01,-0.10431837345475925,2021-05,0.4847540229044226,ETHUSDT,1.0,1.0,low
next_close_clusterstress_ccapunlimited_scapunlimited_largest_drop_alloc0.01,next_close,cluster_stress,unlimited,unlimited,largest_drop,0.01,LINKUSDT,143,0,0.0,3.5943974758714328,2.5135646684415613,1.2648808403262501,0.5664335664335665,3.6537787590088966,0.609642197525817,-0.472635145932887,-0.47331182479572687,3.4658176198413293,6,1.479020979020979,7,4.0,1.479020979020979,7.000000000000001,4.0,2025-02,-0.14538137918762573,2020-03,0.22909209645698686,LINKUSDT,0.9999999999999999,1.0,low
next_close_clusterstress_ccapunlimited_scapunlimited_largest_drop_alloc0.01,next_close,cluster_stress,unlimited,unlimited,largest_drop,0.01,BTCUSDT,48,0,0.0,1.0576398771535584,2.20341641073658,0.9879658390010799,0.6666666666666666,1.0618362746187548,0.17905177807242545,-0.21784626627707748,-0.21790760126296593,2.063269912812872,2,1.3541666666666667,6,4.0,1.3541666666666667,6.0,4.0,2021-01,-0.09106661963040885,2020-03,0.5220331957536839,BTCUSDT,1.0,1.0,low
next_close_clusterstress_ccapunlimited_scapunlimited_largest_drop_alloc0.01,next_close,cluster_stress,unlimited,unlimited,largest_drop,0.01,AVAXUSDT,131,0,0.0,3.6390884957516447,2.7779301494287365,2.20495056705126,0.6641221374045801,3.7002399648051076,0.701710617795892,-0.5875612486380688,-0.5883597178530212,3.5682276444571905,5,1.2557251908396947,5,3.0,1.2557251908396947,5.0,3.0,2025-02,-0.300514521964812,2022-05,0.28396198221435126,AVAXUSDT,1.0,1.0,low
next_close_clusterstress_ccapunlimited_scapunlimited_largest_drop_alloc0.01,next_close,cluster_stress,unlimited,unlimited,largest_drop,0.01,SOLUSDT,99,0,0.0,2.802778735614377,2.831089631933714,1.5152585828518097,0.5757575757575758,2.8363516210323736,0.5397180501016008,-0.38045099528629667,-0.3807970662860254,2.654837777240639,4,1.2272727272727273,5,3.1499999999999773,1.2272727272727273,5.0,3.1499999999999773,2021-06,-0.1817504456921526,2021-05,0.38641617652252197,SOLUSDT,1.0000000000000002,1.0,low
next_close_clusterstress_ccapunlimited_scapunlimited_liquidity_priority_alloc0.01,next_close,cluster_stress,unlimited,unlimited,liquidity_priority,0.01,XRPUSDT,116,0,0.0,3.129367013013109,2.6977301836319905,2.4573560049546597,0.6379310344827587,3.1751083391629464,0.5245339235225188,-0.25121489983911394,-0.25132381222200617,3.8926482334141643,3,1.1551724137931034,5,4.0,1.1551724137931034,5.0,4.0,2021-06,-0.03885071746815294,2021-05,0.2332276867972327,XRPUSDT,1.0,1.0,low
next_close_clusterstress_ccapunlimited_scapunlimited_liquidity_priority_alloc0.01,next_close,cluster_stress,unlimited,unlimited,liquidity_priority,0.01,LTCUSDT,107,0,0.0,1.15850182324847,1.0827119843443647,0.7318868877822802,0.5794392523364486,1.162770170029681,0.19376434198088432,-0.25735541860681943,-0.2574700420963212,1.6718691052327992,4,1.2102803738317758,5,3.0,1.2102803738317758,5.0,3.0,2025-02,-0.12240476341777162,2021-05,0.6171679215497423,LTCUSDT,1.0,1.0,low
next_close_clusterstress_ccapunlimited_scapunlimited_liquidity_priority_alloc0.01,next_close,cluster_stress,unlimited,unlimited,liquidity_priority,0.01,ADAUSDT,129,0,0.0,4.1365850123777665,3.2066550483548575,1.8120648865694695,0.627906976744186,4.215977658656955,0.7018084897892685,-0.357209526681046,-0.3575158822974367,3.640526337638949,5,1.3682170542635659,6,4.0,1.3682170542635659,6.0,4.0,2025-02,-0.31730712932831473,2021-05,0.4024021873481622,ADAUSDT,1.0,1.0,low
next_close_clusterstress_ccapunlimited_scapunlimited_liquidity_priority_alloc0.01,next_close,cluster_stress,unlimited,unlimited,liquidity_priority,0.01,BTCUSDT,48,0,0.0,1.0576398771535584,2.20341641073658,0.9879658390010799,0.6666666666666666,1.0618362746187548,0.17905177807242545,-0.21784626627707748,-0.21790760126296593,2.063269912812872,2,1.3541666666666667,6,4.0,1.3541666666666667,6.0,4.0,2021-01,-0.09106661963040885,2020-03,0.5220331957536839,BTCUSDT,1.0,1.0,low
next_close_clusterstress_ccapunlimited_scapunlimited_liquidity_priority_alloc0.01,next_close,cluster_stress,unlimited,unlimited,liquidity_priority,0.01,ETHUSDT,97,0,0.0,1.6949759154351067,1.7473978509640276,0.7983442221479101,0.5979381443298969,1.7064383408331052,0.2869867274857274,-0.31710564873287383,-0.3173565546502384,2.2578415076533607,5,1.3453608247422681,5,4.0,1.3453608247422681,5.0,4.0,2021-01,-0.10431837345475925,2021-05,0.4847540229044226,ETHUSDT,1.0,1.0,low
next_close_clusterstress_ccapunlimited_scapunlimited_liquidity_priority_alloc0.01,next_close,cluster_stress,unlimited,unlimited,liquidity_priority,0.01,BNBUSDT,96,0,0.0,2.5451154623183836,2.651161939914983,1.6845909592840498,0.6458333333333334,2.5739976027947087,0.43136111666952637,-0.5467399865106581,-0.5477161316830883,3.0918289724931918,5,1.375,6,4.0,1.375,6.0,4.0,2021-01,-0.07387023890382816,2020-03,0.31371623873430876,BNBUSDT,0.9999999999999998,1.0,low
next_close_clusterstress_ccapunlimited_scapunlimited_liquidity_priority_alloc0.01,next_close,cluster_stress,unlimited,unlimited,liquidity_priority,0.01,LINKUSDT,143,0,0.0,3.5943974758714328,2.5135646684415613,1.2648808403262501,0.5664335664335665,3.6537787590088966,0.609642197525817,-0.472635145932887,-0.47331182479572687,3.4658176198413293,6,1.479020979020979,7,4.0,1.479020979020979,7.000000000000001,4.0,2025-02,-0.14538137918762573,2020-03,0.22909209645698686,LINKUSDT,0.9999999999999999,1.0,low
next_close_clusterstress_ccapunlimited_scapunlimited_liquidity_priority_alloc0.01,next_close,cluster_stress,unlimited,unlimited,liquidity_priority,0.01,AVAXUSDT,131,0,0.0,3.6390884957516447,2.7779301494287365,2.20495056705126,0.6641221374045801,3.7002399648051076,0.701710617795892,-0.5875612486380688,-0.5883597178530212,3.5682276444571905,5,1.2557251908396947,5,3.0,1.2557251908396947,5.0,3.0,2025-02,-0.300514521964812,2022-05,0.28396198221435126,AVAXUSDT,1.0,1.0,low
next_close_clusterstress_ccapunlimited_scapunlimited_liquidity_priority_alloc0.01,next_close,cluster_stress,unlimited,unlimited,liquidity_priority,0.01,SOLUSDT,99,0,0.0,2.802778735614377,2.831089631933714,1.5152585828518097,0.5757575757575758,2.8363516210323736,0.5397180501016008,-0.38045099528629667,-0.3807970662860254,2.654837777240639,4,1.2272727272727273,5,3.1499999999999773,1.2272727272727273,5.0,3.1499999999999773,2021-06,-0.1817504456921526,2021-05,0.38641617652252197,SOLUSDT,1.0000000000000002,1.0,low
