scenario_entry_mode,scenario_friction_mode,concurrent_cap,symbol_cap,selection_policy,account_allocation,trades_taken,trades_skipped,skip_rate,account_total_return_pct,cagr_pct,max_drawdown_pct,max_exposure_pct,sharpe_like,best_month_contribution,best_symbol_contribution
next_open,base,unlimited,unlimited,symbol_order,0.01,966,0,0.0,35.917847629212,5.270526681038867,-2.6296374589889093,45.0,11.043008143711003,0.23993314945053704,0.15977527782672604
next_open,base,unlimited,unlimited,liquidity_priority,0.01,966,0,0.0,35.917847629212,5.270526681038867,-2.6296374589889093,45.0,11.043008143711003,0.23993314945053704,0.15977527782672604
next_open,base,unlimited,unlimited,largest_drop,0.01,966,0,0.0,35.917847629212,5.270526681038867,-2.6296374589889093,45.0,11.043008143711003,0.23993314945053704,0.15977527782672604
next_open,stress,unlimited,unlimited,symbol_order,0.01,966,0,0.0,33.53435723406542,4.959268631471159,-2.669151190347463,45.0,10.417462584576988,0.24276070912779668,0.16135062578515139
next_open,stress,unlimited,unlimited,largest_drop,0.01,966,0,0.0,33.53435723406542,4.959268631471159,-2.669151190347463,45.0,10.417462584576988,0.24276070912779668,0.16135062578515139
next_open,stress,unlimited,unlimited,liquidity_priority,0.01,966,0,0.0,33.53435723406542,4.959268631471159,-2.669151190347463,45.0,10.417462584576988,0.24276070912779668,0.16135062578515139
next_open,cluster_stress,unlimited,unlimited,liquidity_priority,0.01,966,0,0.0,31.709243133992125,4.717785763820093,-2.694796873646932,45.0,9.9273141932035,0.24399747214842496,0.1625648397017254
next_open,cluster_stress,unlimited,unlimited,largest_drop,0.01,966,0,0.0,31.709243133992125,4.717785763820093,-2.694796873646932,45.0,9.9273141932035,0.24399747214842496,0.1625648397017254
next_open,cluster_stress,unlimited,unlimited,symbol_order,0.01,966,0,0.0,31.709243133992125,4.717785763820093,-2.694796873646932,45.0,9.9273141932035,0.24399747214842496,0.1625648397017254
next_close,base,unlimited,unlimited,largest_drop,0.01,966,0,0.0,30.81140966847018,4.59796846467857,-1.9522459382292134,41.0,10.058192264355494,0.27230414322917035,0.16958940825788266
next_close,base,unlimited,unlimited,symbol_order,0.01,966,0,0.0,30.81140966847018,4.59796846467857,-1.9522459382292134,41.0,10.058192264355494,0.27230414322917035,0.16958940825788266
next_close,base,unlimited,unlimited,liquidity_priority,0.01,966,0,0.0,30.81140966847018,4.59796846467857,-1.9522459382292134,41.0,10.058192264355494,0.27230414322917035,0.16958940825788266
next_close,stress,unlimited,unlimited,liquidity_priority,0.01,966,0,0.0,28.52229248147202,4.289354365483011,-1.9697620839450036,41.0,9.407231047902135,0.2774756086877978,0.17208392805209635
next_close,stress,unlimited,unlimited,symbol_order,0.01,966,0,0.0,28.52229248147202,4.289354365483011,-1.9697620839450036,41.0,9.407231047902135,0.2774756086877978,0.17208392805209635
next_close,stress,unlimited,unlimited,largest_drop,0.01,966,0,0.0,28.52229248147202,4.289354365483011,-1.9697620839450036,41.0,9.407231047902135,0.2774756086877978,0.17208392805209635
next_close,cluster_stress,unlimited,unlimited,liquidity_priority,0.01,966,0,0.0,26.769397875364454,4.0499232642256855,-1.9838700324985803,41.0,8.897339573316724,0.2805840016944848,0.17411005538333524
next_close,cluster_stress,unlimited,unlimited,largest_drop,0.01,966,0,0.0,26.769397875364454,4.0499232642256855,-1.9838700324985803,41.0,8.897339573316724,0.2805840016944848,0.17411005538333524
next_close,cluster_stress,unlimited,unlimited,symbol_order,0.01,966,0,0.0,26.769397875364454,4.0499232642256855,-1.9838700324985803,41.0,8.897339573316724,0.2805840016944848,0.17411005538333524
next_open,base,20,unlimited,largest_drop,0.01,864,102,0.10559006211180125,18.326070708123886,2.8564766951154175,-2.552388067788258,20.0,7.417230910380696,0.16876088962361516,0.18422251189890987
next_open,base,20,unlimited,liquidity_priority,0.01,864,102,0.10559006211180125,17.919335053140983,2.797215630250016,-2.5250452413817848,20.0,7.314672811776574,0.1658239046911585,0.20988934789477512
next_open,base,20,unlimited,symbol_order,0.01,864,102,0.10559006211180125,17.919335053140983,2.797215630250016,-2.5250452413817848,20.0,7.314672811776574,0.1658239046911585,0.20988934789477512
next_open,base,unlimited,unlimited,symbol_order,0.005,966,0,0.0,16.59649224728026,2.603294235806408,-1.3228420214565162,22.5,11.043008143711003,0.254502443911778,0.15977527782672604
next_open,base,unlimited,unlimited,largest_drop,0.005,966,0,0.0,16.59649224728026,2.603294235806408,-1.3228420214565162,22.5,11.043008143711003,0.254502443911778,0.15977527782672604
next_open,base,unlimited,unlimited,liquidity_priority,0.005,966,0,0.0,16.59649224728026,2.603294235806408,-1.3228420214565162,22.5,11.043008143711003,0.254502443911778,0.15977527782672604
next_open,stress,20,unlimited,largest_drop,0.01,864,102,0.10559006211180125,16.480571977231783,2.5862138105423815,-2.593734063302222,20.0,6.7320413755643544,0.18083123732379475,0.19213502126957546
next_close,base,20,unlimited,symbol_order,0.01,864,102,0.10559006211180125,16.407832510200926,2.5754886893953,-2.0646460914893527,20.0,6.758239064925553,0.16399531793515051,0.1837897978902832
next_close,base,20,unlimited,liquidity_priority,0.01,864,102,0.10559006211180125,16.407832510200926,2.5754886893953,-2.0646460914893527,20.0,6.758239064925553,0.16399531793515051,0.1837897978902832
next_close,base,20,unlimited,largest_drop,0.01,864,102,0.10559006211180125,16.349475002276726,2.5668800912092005,-2.0646460914893527,20.0,6.793138952608052,0.1689927977346719,0.19564977455567148
next_open,stress,20,unlimited,symbol_order,0.01,864,102,0.10559006211180125,16.080571912388407,2.5271663854101734,-2.5664296604709147,20.0,6.624847859832244,0.17780358737819518,0.22029533795073056
next_open,stress,20,unlimited,liquidity_priority,0.01,864,102,0.10559006211180125,16.080571912388407,2.5271663854101734,-2.5664296604709147,20.0,6.624847859832244,0.17780358737819518,0.22029533795073056
next_open,stress,unlimited,unlimited,liquidity_priority,0.005,966,0,0.0,15.569457879976433,2.4514694361378986,-1.342855601628734,22.5,10.417462584576988,0.2565709818945864,0.16135062578515139
next_open,stress,unlimited,unlimited,largest_drop,0.005,966,0,0.0,15.569457879976433,2.4514694361378986,-1.342855601628734,22.5,10.417462584576988,0.2565709818945864,0.16135062578515139
next_open,stress,unlimited,unlimited,symbol_order,0.005,966,0,0.0,15.569457879976433,2.4514694361378986,-1.342855601628734,22.5,10.417462584576988,0.2565709818945864,0.16135062578515139
next_open,cluster_stress,20,unlimited,largest_drop,0.01,864,102,0.10559006211180125,15.079217154992586,2.37860150785294,-2.645767789192355,20.0,6.200195742599122,0.19221135160733807,0.2014580690178572
next_open,cluster_stress,unlimited,unlimited,symbol_order,0.005,966,0,0.0,14.776827192947417,2.333526178668688,-1.3558441513136121,22.5,9.9273141932035,0.2571776569723591,0.1625648397017254
next_open,cluster_stress,unlimited,unlimited,largest_drop,0.005,966,0,0.0,14.776827192947417,2.333526178668688,-1.3558441513136121,22.5,9.9273141932035,0.2571776569723591,0.1625648397017254
next_open,cluster_stress,unlimited,unlimited,liquidity_priority,0.005,966,0,0.0,14.776827192947417,2.333526178668688,-1.3558441513136121,22.5,9.9273141932035,0.2571776569723591,0.1625648397017254
next_open,cluster_stress,20,unlimited,liquidity_priority,0.01,864,102,0.10559006211180125,14.68441863947756,2.319731704203165,-2.6185047811226436,20.0,6.089285882885991,0.18915236974266184,0.2319101492424325
next_open,cluster_stress,20,unlimited,symbol_order,0.01,864,102,0.10559006211180125,14.68441863947756,2.319731704203165,-2.6185047811226436,20.0,6.089285882885991,0.18915236974266184,0.2319101492424325
next_close,stress,20,unlimited,liquidity_priority,0.01,864,102,0.10559006211180125,14.594089454075853,2.3062386840254856,-2.1260926302279493,20.0,6.066849458550615,0.17672341648257972,0.18929549542086407
next_close,stress,20,unlimited,symbol_order,0.01,864,102,0.10559006211180125,14.594089454075853,2.3062386840254856,-2.1260926302279493,20.0,6.066849458550615,0.17672341648257972,0.18929549542086407
next_close,stress,20,unlimited,largest_drop,0.01,864,102,0.10559006211180125,14.536697098755003,2.2976610370672557,-2.1260926302279493,20.0,6.095861799032832,0.18237320087388706,0.20200999667483602
next_close,base,unlimited,unlimited,symbol_order,0.005,966,0,0.0,14.38408432112488,2.2748346786367835,-0.9804641687658155,20.5,10.058192264355494,0.28606181163561545,0.16958940825788266
next_close,base,unlimited,unlimited,largest_drop,0.005,966,0,0.0,14.38408432112488,2.2748346786367835,-0.9804641687658155,20.5,10.058192264355494,0.28606181163561545,0.16958940825788266
next_close,base,unlimited,unlimited,liquidity_priority,0.005,966,0,0.0,14.38408432112488,2.2748346786367835,-0.9804641687658155,20.5,10.058192264355494,0.28606181163561545,0.16958940825788266
next_open,base,15,unlimited,largest_drop,0.01,790,176,0.18219461697722567,13.620264637230605,2.1602073203755623,-2.7752220277864947,15.0,6.004565380980645,0.18376865109128868,0.18144891759882065
next_close,stress,unlimited,unlimited,liquidity_priority,0.005,966,0,0.0,13.378688073762234,2.123820076172045,-0.9893015423586893,20.5,9.407231047902135,0.29045511784693645,0.17208392805209635
next_close,stress,unlimited,unlimited,symbol_order,0.005,966,0,0.0,13.378688073762234,2.123820076172045,-0.9893015423586893,20.5,9.407231047902135,0.29045511784693645,0.17208392805209635
next_close,stress,unlimited,unlimited,largest_drop,0.005,966,0,0.0,13.378688073762234,2.123820076172045,-0.9893015423586893,20.5,9.407231047902135,0.29045511784693645,0.17208392805209635
next_close,cluster_stress,20,unlimited,liquidity_priority,0.01,864,102,0.10559006211180125,13.217055087371033,2.099438197146908,-2.1718159197019915,20.0,5.530199793830215,0.18899327283240175,0.19911874184242936
next_close,cluster_stress,20,unlimited,symbol_order,0.01,864,102,0.10559006211180125,13.217055087371033,2.099438197146908,-2.1718159197019915,20.0,5.530199793830215,0.18899327283240175,0.19911874184242936
next_close,cluster_stress,20,unlimited,largest_drop,0.01,864,102,0.10559006211180125,13.160365129799768,2.0908798119519734,-2.1718159197019915,20.0,5.554615518644111,0.1952676435599776,0.20942548842105976
next_close,base,15,unlimited,largest_drop,0.01,790,176,0.18219461697722567,12.846291157354761,2.0433998262813002,-2.2701266192738823,15.0,5.862955957611771,0.1874808590255528,0.18925706961200495
next_close,base,20,2,symbol_order,0.01,781,185,0.1915113871635611,12.736613825391995,2.026793485318823,-2.283358406319258,18.0,5.809643615762573,0.18884747891519615,0.1693409786327305
next_close,base,20,2,largest_drop,0.01,781,185,0.1915113871635611,12.736613825391995,2.026793485318823,-2.283358406319258,18.0,5.809643615762573,0.18884747891519615,0.1693409786327305
next_close,base,20,2,liquidity_priority,0.01,781,185,0.1915113871635611,12.736613825391995,2.026793485318823,-2.283358406319258,18.0,5.809643615762573,0.18884747891519615,0.1693409786327305
next_close,base,unlimited,2,symbol_order,0.01,781,185,0.1915113871635611,12.736613825391995,2.026793485318823,-2.283358406319258,18.0,5.809643615762573,0.18884747891519615,0.1693409786327305
next_close,base,unlimited,2,largest_drop,0.01,781,185,0.1915113871635611,12.736613825391995,2.026793485318823,-2.283358406319258,18.0,5.809643615762573,0.18884747891519615,0.1693409786327305
next_close,base,unlimited,2,liquidity_priority,0.01,781,185,0.1915113871635611,12.736613825391995,2.026793485318823,-2.283358406319258,18.0,5.809643615762573,0.18884747891519615,0.1693409786327305
next_close,cluster_stress,unlimited,unlimited,symbol_order,0.005,966,0,0.0,12.602749912097666,2.006506794679286,-0.9964189224864972,20.5,8.897339573316724,0.29292226689263806,0.17411005538333524
next_close,cluster_stress,unlimited,unlimited,largest_drop,0.005,966,0,0.0,12.602749912097666,2.006506794679286,-0.9964189224864972,20.5,8.897339573316724,0.29292226689263806,0.17411005538333524
next_close,cluster_stress,unlimited,unlimited,liquidity_priority,0.005,966,0,0.0,12.602749912097666,2.006506794679286,-0.9964189224864972,20.5,8.897339573316724,0.29292226689263806,0.17411005538333524
next_close,base,15,unlimited,liquidity_priority,0.01,790,176,0.18219461697722567,12.520675736753063,1.9940587574477364,-2.332776400366532,15.0,5.691756276393758,0.19235652708452008,0.19883037342832457
next_close,base,15,unlimited,symbol_order,0.01,790,176,0.18219461697722567,12.520675736753063,1.9940587574477364,-2.332776400366532,15.0,5.691756276393758,0.19235652708452008,0.19883037342832457
next_open,base,15,unlimited,liquidity_priority,0.01,790,176,0.18219461697722567,12.370181406650493,1.9712139090088288,-2.8598647092780594,15.0,5.708381367788201,0.20233960825704547,0.22964524402171882
next_open,base,15,unlimited,symbol_order,0.01,790,176,0.18219461697722567,12.370181406650493,1.9712139090088288,-2.8598647092780594,15.0,5.708381367788201,0.20233960825704547,0.22964524402171882
next_open,base,20,2,largest_drop,0.01,781,185,0.1915113871635611,12.346070443252799,1.9675515280426215,-2.87354139078404,18.0,5.725793812468069,0.2193790214151633,0.19778534302932543
next_open,base,20,2,liquidity_priority,0.01,781,185,0.1915113871635611,12.346070443252799,1.9675515280426215,-2.87354139078404,18.0,5.725793812468069,0.2193790214151633,0.19778534302932543
next_open,base,unlimited,2,symbol_order,0.01,781,185,0.1915113871635611,12.346070443252799,1.9675515280426215,-2.87354139078404,18.0,5.725793812468069,0.2193790214151633,0.19778534302932543
next_open,base,20,2,symbol_order,0.01,781,185,0.1915113871635611,12.346070443252799,1.9675515280426215,-2.87354139078404,18.0,5.725793812468069,0.2193790214151633,0.19778534302932543
next_open,base,unlimited,2,largest_drop,0.01,781,185,0.1915113871635611,12.346070443252799,1.9675515280426215,-2.87354139078404,18.0,5.725793812468069,0.2193790214151633,0.19778534302932543
next_open,base,unlimited,2,liquidity_priority,0.01,781,185,0.1915113871635611,12.346070443252799,1.9675515280426215,-2.87354139078404,18.0,5.725793812468069,0.2193790214151633,0.19778534302932543
next_open,stress,15,unlimited,largest_drop,0.01,790,176,0.18219461697722567,12.00172538980877,1.9151750302680126,-2.8302792946929944,15.0,5.336344496211046,0.20004565250846293,0.19085547328706667
next_close,base,15,2,largest_drop,0.01,768,198,0.20496894409937888,11.966388126317007,1.9097924841750213,-2.283358406319258,15.0,5.524571816149275,0.20245304218578694,0.17806017021092296
next_close,base,15,2,symbol_order,0.01,768,198,0.20496894409937888,11.674967654195623,1.8653495182811897,-2.283358406319258,15.0,5.432442857214046,0.20750650039515423,0.1732921234081438
next_close,base,15,2,liquidity_priority,0.01,768,198,0.20496894409937888,11.674967654195623,1.8653495182811897,-2.283358406319258,15.0,5.432442857214046,0.20750650039515423,0.1732921234081438
next_open,base,15,2,largest_drop,0.01,768,198,0.20496894409937888,11.50387330507725,1.839211832418508,-2.87354139078404,15.0,5.397484530952359,0.230179633147242,0.19162815058071087
next_open,base,15,2,liquidity_priority,0.01,768,198,0.20496894409937888,11.248834495377235,1.80018808938458,-2.87354139078404,15.0,5.3207254586527535,0.23539837289127358,0.1907029628369143
next_open,base,15,2,symbol_order,0.01,768,198,0.20496894409937888,11.248834495377235,1.80018808938458,-2.87354139078404,15.0,5.3207254586527535,0.23539837289127358,0.1907029628369143
next_close,stress,15,unlimited,largest_drop,0.01,790,176,0.18219461697722567,11.239521961209054,1.7987617601800565,-2.3224508201578398,15.0,5.173580978736295,0.20521651748096353,0.1957530616220183
next_close,stress,20,2,liquidity_priority,0.01,781,185,0.1915113871635611,11.149520314116046,1.7849717743484872,-2.3339042587113834,18.0,5.128854166352208,0.20642535983701557,0.17405318325495406
next_close,stress,20,2,symbol_order,0.01,781,185,0.1915113871635611,11.149520314116046,1.7849717743484872,-2.3339042587113834,18.0,5.128854166352208,0.20642535983701557,0.17405318325495406
next_close,stress,unlimited,2,largest_drop,0.01,781,185,0.1915113871635611,11.149520314116046,1.7849717743484872,-2.3339042587113834,18.0,5.128854166352208,0.20642535983701557,0.17405318325495406
next_close,stress,unlimited,2,symbol_order,0.01,781,185,0.1915113871635611,11.149520314116046,1.7849717743484872,-2.3339042587113834,18.0,5.128854166352208,0.20642535983701557,0.17405318325495406
next_close,stress,20,2,largest_drop,0.01,781,185,0.1915113871635611,11.149520314116046,1.7849717743484872,-2.3339042587113834,18.0,5.128854166352208,0.20642535983701557,0.17405318325495406
next_close,stress,unlimited,2,liquidity_priority,0.01,781,185,0.1915113871635611,11.149520314116046,1.7849717743484872,-2.3339042587113834,18.0,5.128854166352208,0.20642535983701557,0.17405318325495406
next_close,stress,15,unlimited,liquidity_priority,0.01,790,176,0.18219461697722567,10.918857633102895,1.7495873139504736,-2.3850056430918642,15.0,5.006159595744187,0.21124330333215136,0.20699124291364807
next_close,stress,15,unlimited,symbol_order,0.01,790,176,0.18219461697722567,10.918857633102895,1.7495873139504736,-2.3850056430918642,15.0,5.006159595744187,0.21124330333215136,0.20699124291364807
next_open,stress,15,unlimited,liquidity_priority,0.01,790,176,0.18219461697722567,10.770650553104932,1.7268194869399789,-2.914791132499861,15.0,5.012869724483815,0.22291067517175733,0.24605225854030474
next_open,stress,15,unlimited,symbol_order,0.01,790,176,0.18219461697722567,10.770650553104932,1.7268194869399789,-2.914791132499861,15.0,5.012869724483815,0.22291067517175733,0.24605225854030474
next_open,cluster_stress,15,unlimited,largest_drop,0.01,790,176,0.18219461697722567,10.764985139405248,1.7259486531236101,-2.8663015994702445,15.0,4.8157594746238335,0.21602903194514284,0.2027704290642277
next_open,stress,unlimited,2,liquidity_priority,0.01,781,185,0.1915113871635611,10.764851515990692,1.7259281133483295,-2.930194291814703,18.0,5.034827696941127,0.24191051477784112,0.20612683170037693
next_open,stress,20,2,liquidity_priority,0.01,781,185,0.1915113871635611,10.764851515990692,1.7259281133483295,-2.930194291814703,18.0,5.034827696941127,0.24191051477784112,0.20612683170037693
next_open,stress,unlimited,2,largest_drop,0.01,781,185,0.1915113871635611,10.764851515990692,1.7259281133483295,-2.930194291814703,18.0,5.034827696941127,0.24191051477784112,0.20612683170037693
next_open,stress,unlimited,2,symbol_order,0.01,781,185,0.1915113871635611,10.764851515990692,1.7259281133483295,-2.930194291814703,18.0,5.034827696941127,0.24191051477784112,0.20612683170037693
next_open,stress,20,2,largest_drop,0.01,781,185,0.1915113871635611,10.764851515990692,1.7259281133483295,-2.930194291814703,18.0,5.034827696941127,0.24191051477784112,0.20612683170037693
next_open,stress,20,2,symbol_order,0.01,781,185,0.1915113871635611,10.764851515990692,1.7259281133483295,-2.930194291814703,18.0,5.034827696941127,0.24191051477784112,0.20612683170037693
next_close,stress,15,2,largest_drop,0.01,768,198,0.20496894409937888,10.41671911025639,1.672345144435261,-2.3339042587113834,15.0,4.849400673312333,0.22278660575538387,0.184903759907762
next_close,stress,15,2,liquidity_priority,0.01,768,198,0.20496894409937888,10.129613413779136,1.6280491885437343,-2.4340621878452096,15.0,4.752873593952482,0.2291010919058814,0.17852141047641057
next_close,stress,15,2,symbol_order,0.01,768,198,0.20496894409937888,10.129613413779136,1.6280491885437343,-2.4340621878452096,15.0,4.752873593952482,0.2291010919058814,0.17852141047641057
next_close,cluster_stress,15,unlimited,largest_drop,0.01,790,176,0.18219461697722567,10.012166558316293,1.6099012451576078,-2.3590921705949786,15.0,4.635908420823192,0.22284381748572527,0.2034980498159839
next_open,stress,15,2,largest_drop,0.01,768,198,0.20496894409937888,9.96105180439848,1.6019979307893895,-2.930194291814703,15.0,4.712779515584387,0.255553951990838,0.19941659026016617
next_close,cluster_stress,20,2,symbol_order,0.01,781,185,0.1915113871635611,9.916315189815705,1.5950782876398284,-2.3687706486533178,18.0,4.590461762880689,0.2241174788887219,0.17955357474143707
next_close,cluster_stress,unlimited,2,symbol_order,0.01,781,185,0.1915113871635611,9.916315189815705,1.5950782876398284,-2.3687706486533178,18.0,4.590461762880689,0.2241174788887219,0.17955357474143707
next_close,cluster_stress,20,2,largest_drop,0.01,781,185,0.1915113871635611,9.916315189815705,1.5950782876398284,-2.3687706486533178,18.0,4.590461762880689,0.2241174788887219,0.17955357474143707
next_close,cluster_stress,unlimited,2,largest_drop,0.01,781,185,0.1915113871635611,9.916315189815705,1.5950782876398284,-2.3687706486533178,18.0,4.590461762880689,0.2241174788887219,0.17955357474143707
next_close,cluster_stress,unlimited,2,liquidity_priority,0.01,781,185,0.1915113871635611,9.916315189815705,1.5950782876398284,-2.3687706486533178,18.0,4.590461762880689,0.2241174788887219,0.17955357474143707
next_close,cluster_stress,20,2,liquidity_priority,0.01,781,185,0.1915113871635611,9.916315189815705,1.5950782876398284,-2.3687706486533178,18.0,4.590461762880689,0.2241174788887219,0.17955357474143707
next_open,base,10,unlimited,largest_drop,0.01,678,288,0.2981366459627329,9.856560137022207,1.5858320062561049,-2.8404574915440572,10.0,4.786263197989977,0.21241492291054614,0.21522004788573804
next_close,base,10,unlimited,largest_drop,0.01,678,288,0.2981366459627329,9.75552890249487,1.5701892674203188,-2.5028657044916303,10.0,4.839900904478125,0.21319570861748313,0.2226276375649558
next_open,stress,15,2,symbol_order,0.01,768,198,0.20496894409937888,9.709788078405989,1.5631032396246747,-2.930194291814703,15.0,4.631267278163996,0.26216701477354964,0.20139658017582124
next_open,stress,15,2,liquidity_priority,0.01,768,198,0.20496894409937888,9.709788078405989,1.5631032396246747,-2.930194291814703,15.0,4.631267278163996,0.26216701477354964,0.20139658017582124
next_close,cluster_stress,15,unlimited,symbol_order,0.01,790,176,0.18219461697722567,9.695387159445046,1.5608717844046494,-2.431703747968328,15.0,4.471442792327861,0.23012483983010193,0.2165018252693515
next_close,cluster_stress,15,unlimited,liquidity_priority,0.01,790,176,0.18219461697722567,9.695387159445046,1.5608717844046494,-2.431703747968328,15.0,4.471442792327861,0.23012483983010193,0.2165018252693515
next_close,base,10,2,largest_drop,0.01,676,290,0.3002070393374741,9.552037139195457,1.5386460632899945,-2.502865704491608,10.0,4.757556519288687,0.21773752205918565,0.21554611543200758
next_open,cluster_stress,15,unlimited,liquidity_priority,0.01,790,176,0.18219461697722567,9.548706938968277,1.5381294442571303,-2.95069922344785,15.0,4.470641687202823,0.24354599355007917,0.2654640555751051
next_open,cluster_stress,15,unlimited,symbol_order,0.01,790,176,0.18219461697722567,9.548706938968277,1.5381294442571303,-2.95069922344785,15.0,4.470641687202823,0.24354599355007917,0.2654640555751051
next_open,cluster_stress,unlimited,2,largest_drop,0.01,781,185,0.1915113871635611,9.536375779480766,1.5362163788456673,-2.9660102568114133,18.0,4.4880100280697945,0.26474612666921765,0.21601693665403135
next_open,cluster_stress,unlimited,2,liquidity_priority,0.01,781,185,0.1915113871635611,9.536375779480766,1.5362163788456673,-2.9660102568114133,18.0,4.4880100280697945,0.26474612666921765,0.21601693665403135
next_open,cluster_stress,20,2,largest_drop,0.01,781,185,0.1915113871635611,9.536375779480766,1.5362163788456673,-2.9660102568114133,18.0,4.4880100280697945,0.26474612666921765,0.21601693665403135
next_open,cluster_stress,20,2,symbol_order,0.01,781,185,0.1915113871635611,9.536375779480766,1.5362163788456673,-2.9660102568114133,18.0,4.4880100280697945,0.26474612666921765,0.21601693665403135
next_open,cluster_stress,unlimited,2,symbol_order,0.01,781,185,0.1915113871635611,9.536375779480766,1.5362163788456673,-2.9660102568114133,18.0,4.4880100280697945,0.26474612666921765,0.21601693665403135
next_open,cluster_stress,20,2,liquidity_priority,0.01,781,185,0.1915113871635611,9.536375779480766,1.5362163788456673,-2.9660102568114133,18.0,4.4880100280697945,0.26474612666921765,0.21601693665403135
next_open,base,10,2,largest_drop,0.01,676,290,0.3002070393374741,9.318654000081317,1.5024092883066942,-2.8404574915440572,10.0,4.571413968074353,0.22013098506964046,0.21407506848928465
next_close,cluster_stress,15,2,largest_drop,0.01,768,198,0.20496894409937888,9.215875897344251,1.4864307749243189,-2.4518176458230845,15.0,4.317031274414311,0.24342669431953765,0.191912695331519
next_open,base,10,unlimited,liquidity_priority,0.01,678,288,0.2981366459627329,9.037753410126825,1.458709086696075,-2.7527279445698216,10.0,4.562025174796055,0.22321281998546752,0.2368614395331353
next_open,base,10,unlimited,symbol_order,0.01,678,288,0.2981366459627329,9.037753410126825,1.458709086696075,-2.7527279445698216,10.0,4.562025174796055,0.22321281998546752,0.2368614395331353
next_close,cluster_stress,15,2,symbol_order,0.01,768,198,0.20496894409937888,8.93217096144494,1.442259198199669,-2.6199745987964373,15.0,4.216976818242622,0.2511584490078663,0.18521991940675245
next_close,cluster_stress,15,2,liquidity_priority,0.01,768,198,0.20496894409937888,8.93217096144494,1.442259198199669,-2.6199745987964373,15.0,4.216976818242622,0.2511584490078663,0.18521991940675245
next_open,base,20,unlimited,largest_drop,0.005,864,102,0.10559006211180125,8.785244721629692,1.419345786194004,-1.283715749872838,10.0,7.417230910380696,0.1747499312838533,0.18422251189890987
next_open,cluster_stress,15,2,largest_drop,0.01,768,198,0.20496894409937888,8.765558068139079,1.4162736597949532,-2.9660102568114133,15.0,4.172754131503502,0.28157057972298705,0.2098582298555063
next_close,base,10,unlimited,symbol_order,0.01,678,288,0.2981366459627329,8.726542193688092,1.4101838165020864,-2.590453526595249,10.0,4.4575010079116995,0.2218326222495415,0.18264699625866276
next_close,base,10,unlimited,liquidity_priority,0.01,678,288,0.2981366459627329,8.726542193688092,1.4101838165020864,-2.590453526595249,10.0,4.4575010079116995,0.2218326222495415,0.18264699625866276
next_open,base,20,unlimited,symbol_order,0.005,864,102,0.10559006211180125,8.598002188231524,1.3901076028155268,-1.2698653884849809,10.0,7.314672811776574,0.17160339810868694,0.20988934789477512
next_open,base,20,unlimited,liquidity_priority,0.005,864,102,0.10559006211180125,8.598002188231524,1.3901076028155268,-1.2698653884849809,10.0,7.314672811776574,0.17160339810868694,0.20988934789477512
next_open,base,10,2,symbol_order,0.01,676,290,0.3002070393374741,8.577709080392882,1.3869362851343547,-2.7527279445698216,10.0,4.375764261789084,0.22108417115645432,0.2332188818622125
next_open,base,10,2,liquidity_priority,0.01,676,290,0.3002070393374741,8.577709080392882,1.3869362851343547,-2.7527279445698216,10.0,4.375764261789084,0.22108417115645432,0.2332188818622125
next_close,base,10,2,symbol_order,0.01,676,290,0.3002070393374741,8.53152503503527,1.3797170054950625,-2.6323276228215065,10.0,4.373316426614193,0.22690336487878487,0.1814581609487822
next_close,base,10,2,liquidity_priority,0.01,676,290,0.3002070393374741,8.53152503503527,1.3797170054950625,-2.6323276228215065,10.0,4.373316426614193,0.22690336487878487,0.1814581609487822
next_open,cluster_stress,15,2,liquidity_priority,0.01,768,198,0.20496894409937888,8.51726965118067,1.377488152200046,-2.9660102568114133,15.0,4.087440185707202,0.2897786929288183,0.21684092082386228
next_open,cluster_stress,15,2,symbol_order,0.01,768,198,0.20496894409937888,8.51726965118067,1.377488152200046,-2.9660102568114133,15.0,4.087440185707202,0.2897786929288183,0.21684092082386228
next_open,stress,10,unlimited,largest_drop,0.01,678,288,0.2981366459627329,8.5137939663521,1.3769446860528278,-2.883175934609017,10.0,4.165493859101916,0.23509907807965924,0.2248736281501258
next_close,stress,10,unlimited,largest_drop,0.01,678,288,0.2981366459627329,8.41409466103431,1.3613492971314534,-2.640759995609132,10.0,4.2059280687324305,0.23711547930368254,0.23350833491375467
next_close,stress,10,2,largest_drop,0.01,676,290,0.3002070393374741,8.217183377386794,1.330512481876589,-2.6407599956090766,10.0,4.1235861985280575,0.2427975617470261,0.22571430888636632
next_open,stress,10,2,largest_drop,0.01,676,290,0.3002070393374741,7.986870599984441,1.2943855718039687,-2.883175934609017,10.0,3.947739609251384,0.24623556017444465,0.22429129836529327
next_open,base,unlimited,unlimited,symbol_order,0.0025,966,0,0.0,7.98279412470988,1.2937455574622225,-0.6634379717626038,11.25,11.043008143711003,0.2619444365795463,0.15977527782672604
next_open,base,unlimited,unlimited,liquidity_priority,0.0025,966,0,0.0,7.98279412470988,1.2937455574622225,-0.6634379717626038,11.25,11.043008143711003,0.2619444365795463,0.15977527782672604
next_open,base,unlimited,unlimited,largest_drop,0.0025,966,0,0.0,7.98279412470988,1.2937455574622225,-0.6634379717626038,11.25,11.043008143711003,0.2619444365795463,0.15977527782672604
next_open,stress,20,unlimited,largest_drop,0.005,864,102,0.10559006211180125,7.933471850103069,1.2860002722559605,-1.3045204163598667,10.0,6.7320413755643544,0.18652363110405418,0.19213502126957546
next_close,base,20,unlimited,symbol_order,0.005,864,102,0.10559006211180125,7.899648659649006,1.2806871701727562,-1.0371844934088492,10.0,6.758239064925553,0.16924381152039022,0.1837897978902832
next_close,base,20,unlimited,liquidity_priority,0.005,864,102,0.10559006211180125,7.899648659649006,1.2806871701727562,-1.0371844934088492,10.0,6.758239064925553,0.16924381152039022,0.1837897978902832
next_close,base,20,unlimited,largest_drop,0.005,864,102,0.10559006211180125,7.872482651500001,1.276418804580981,-1.0371844934088492,10.0,6.793138952608052,0.17434898630968168,0.19564977455567148
next_open,stress,20,unlimited,symbol_order,0.005,864,102,0.10559006211180125,7.7478791440198425,1.2568294322220286,-1.2906866890208701,10.0,6.624847859832244,0.18328850897141466,0.22029533795073056
next_open,stress,20,unlimited,liquidity_priority,0.005,864,102,0.10559006211180125,7.7478791440198425,1.2568294322220286,-1.2906866890208701,10.0,6.624847859832244,0.18328850897141466,0.22029533795073056
next_open,stress,10,unlimited,liquidity_priority,0.01,678,288,0.2981366459627329,7.705784839355401,1.2502073704199645,-2.795571097871563,10.0,3.91919261829147,0.24986301688297027,0.25611634030041186
next_open,stress,10,unlimited,symbol_order,0.01,678,288,0.2981366459627329,7.705784839355401,1.2502073704199645,-2.795571097871563,10.0,3.91919261829147,0.24986301688297027,0.25611634030041186
next_open,stress,unlimited,unlimited,liquidity_priority,0.0025,966,0,0.0,7.506119835465341,1.2187677050637502,-0.6735095111756517,11.25,10.417462584576988,0.2636158438893321,0.16135062578515139
next_open,stress,unlimited,unlimited,largest_drop,0.0025,966,0,0.0,7.506119835465341,1.2187677050637502,-0.6735095111756517,11.25,10.417462584576988,0.2636158438893321,0.16135062578515139
next_open,stress,unlimited,unlimited,symbol_order,0.0025,966,0,0.0,7.506119835465341,1.2187677050637502,-0.6735095111756517,11.25,10.417462584576988,0.2636158438893321,0.16135062578515139
next_open,cluster_stress,10,unlimited,largest_drop,0.01,678,288,0.2981366459627329,7.48657124349783,1.2156869308643792,-2.9102757175390237,10.0,3.6822292676122887,0.25786403613419323,0.2369341253472137
next_close,stress,10,unlimited,symbol_order,0.01,678,288,0.2981366459627329,7.398676128608872,1.2018292708563472,-2.747399763454328,10.0,3.8079547524310056,0.2502295619048866,0.195939523401642
next_close,stress,10,unlimited,liquidity_priority,0.01,678,288,0.2981366459627329,7.398676128608872,1.2018292708563472,-2.747399763454328,10.0,3.8079547524310056,0.2502295619048866,0.195939523401642
next_close,cluster_stress,10,unlimited,largest_drop,0.01,678,288,0.2981366459627329,7.387763416087223,1.2001080992595448,-2.7705206291155915,10.0,3.712565715066685,0.26190516862204505,0.24685964579047576
next_open,cluster_stress,20,unlimited,largest_drop,0.005,864,102,0.10559006211180125,7.28218603169859,1.1834487300948604,-1.330875638695972,10.0,6.200195742599122,0.19766800791894817,0.2014580690178572
next_open,stress,10,2,symbol_order,0.01,676,290,0.3002070393374741,7.255666786229864,1.179262034615336,-2.795571097871563,10.0,3.7294558228935606,0.24897838862059526,0.25312664567459353
next_open,stress,10,2,liquidity_priority,0.01,676,290,0.3002070393374741,7.255666786229864,1.179262034615336,-2.795571097871563,10.0,3.7294558228935606,0.24897838862059526,0.25312664567459353
next_close,stress,10,2,liquidity_priority,0.01,676,290,0.3002070393374741,7.210089654574192,1.17206458318313,-2.7891654018636913,10.0,3.724006383100075,0.2567745444279468,0.19387090025353063
next_close,stress,10,2,symbol_order,0.01,676,290,0.3002070393374741,7.210089654574192,1.17206458318313,-2.7891654018636913,10.0,3.724006383100075,0.2567745444279468,0.19387090025353063
next_close,cluster_stress,10,2,largest_drop,0.01,676,290,0.3002070393374741,7.196663027618477,1.1699437907277677,-2.7705206291155915,10.0,3.6307829531585796,0.2688598056911378,0.23795020950269616
next_open,cluster_stress,unlimited,unlimited,liquidity_priority,0.0025,966,0,0.0,7.136791783659824,1.1604841819007339,-0.6800455791309057,11.25,9.9273141932035,0.2638947700519404,0.1625648397017254
next_open,cluster_stress,unlimited,unlimited,largest_drop,0.0025,966,0,0.0,7.136791783659824,1.1604841819007339,-0.6800455791309057,11.25,9.9273141932035,0.2638947700519404,0.1625648397017254
next_open,cluster_stress,unlimited,unlimited,symbol_order,0.0025,966,0,0.0,7.136791783659824,1.1604841819007339,-0.6800455791309057,11.25,9.9273141932035,0.2638947700519404,0.1625648397017254
next_open,cluster_stress,20,unlimited,symbol_order,0.005,864,102,0.10559006211180125,7.097896829722594,1.1543364513965537,-1.3170593170989897,10.0,6.089285882885991,0.194403397507355,0.2319101492424325
next_open,cluster_stress,20,unlimited,liquidity_priority,0.005,864,102,0.10559006211180125,7.097896829722594,1.1543364513965537,-1.3170593170989897,10.0,6.089285882885991,0.194403397507355,0.2319101492424325
next_close,stress,20,unlimited,symbol_order,0.005,864,102,0.10559006211180125,7.055676447067039,1.1476609995787257,-1.0682265601971719,10.0,6.066849458550615,0.1816735662679868,0.18929549542086407
next_close,stress,20,unlimited,liquidity_priority,0.005,864,102,0.10559006211180125,7.055676447067039,1.1476609995787257,-1.0682265601971719,10.0,6.066849458550615,0.1816735662679868,0.18929549542086407
next_close,stress,20,unlimited,largest_drop,0.005,864,102,0.10559006211180125,7.028749506372578,1.143402444308017,-1.0682265601971719,10.0,6.095861799032832,0.1874256610568566,0.20200999667483602
next_open,cluster_stress,10,2,largest_drop,0.01,676,290,0.3002070393374741,6.968821316352525,1.1339214654656482,-2.9102757175390237,10.0,3.4628351639738644,0.2736071718584569,0.23671864395329878
next_close,base,unlimited,unlimited,liquidity_priority,0.0025,966,0,0.0,6.953131399956702,1.131438501384352,-0.4913216978080337,10.25,10.058192264355494,0.2930557502160559,0.16958940825788266
next_close,base,unlimited,unlimited,symbol_order,0.0025,966,0,0.0,6.953131399956702,1.131438501384352,-0.4913216978080337,10.25,10.058192264355494,0.2930557502160559,0.16958940825788266
next_close,base,unlimited,unlimited,largest_drop,0.0025,966,0,0.0,6.953131399956702,1.131438501384352,-0.4913216978080337,10.25,10.058192264355494,0.2930557502160559,0.16958940825788266
next_open,cluster_stress,10,unlimited,liquidity_priority,0.01,678,288,0.2981366459627329,6.686812304639234,1.0892465805654394,-2.82278144317053,10.0,3.4188124524955326,0.27732956686636595,0.27891253943508026
next_open,cluster_stress,10,unlimited,symbol_order,0.01,678,288,0.2981366459627329,6.686812304639234,1.0892465805654394,-2.82278144317053,10.0,3.4188124524955326,0.27732956686636595,0.27891253943508026
next_open,base,15,unlimited,largest_drop,0.005,790,176,0.18219461697722567,6.5991214511188945,1.0753348606069357,-1.3965884112881466,7.5,6.004565380980645,0.18855203759412453,0.18144891759882065
next_close,stress,unlimited,unlimited,largest_drop,0.0025,966,0,0.0,6.482017257761474,1.0567419933751099,-0.49576032981079043,10.25,9.407231047902135,0.29704496644933387,0.17208392805209635
next_close,stress,unlimited,unlimited,symbol_order,0.0025,966,0,0.0,6.482017257761474,1.0567419933751099,-0.49576032981079043,10.25,9.407231047902135,0.29704496644933387,0.17208392805209635
next_close,stress,unlimited,unlimited,liquidity_priority,0.0025,966,0,0.0,6.482017257761474,1.0567419933751099,-0.49576032981079043,10.25,9.407231047902135,0.29704496644933387,0.17208392805209635
next_close,cluster_stress,20,unlimited,symbol_order,0.005,864,102,0.10559006211180125,6.410458170153399,1.0453720316051296,-1.0913301518691187,10.0,5.530199793830215,0.1937046562711203,0.19911874184242936
next_close,cluster_stress,20,unlimited,liquidity_priority,0.005,864,102,0.10559006211180125,6.410458170153399,1.0453720316051296,-1.0913301518691187,10.0,5.530199793830215,0.1937046562711203,0.19911874184242936
next_close,cluster_stress,20,unlimited,largest_drop,0.005,864,102,0.10559006211180125,6.383699784719443,1.0411187793729626,-1.0913301518691187,10.0,5.554615518644111,0.2000758915721945,0.20942548842105976
next_close,cluster_stress,10,unlimited,symbol_order,0.01,678,288,0.2981366459627329,6.382832877874645,1.0409809694115646,-2.8869433255692245,10.0,3.3025142699397736,0.2806551072853063,0.2081148104033781
next_close,cluster_stress,10,unlimited,liquidity_priority,0.01,678,288,0.2981366459627329,6.382832877874645,1.0409809694115646,-2.8869433255692245,10.0,3.3025142699397736,0.2806551072853063,0.2081148104033781
next_open,cluster_stress,10,2,liquidity_priority,0.01,676,290,0.3002070393374741,6.245218728655044,1.0190929358600886,-2.82278144317053,10.0,3.2268008621823845,0.278228379324241,0.2771626037822065
next_open,cluster_stress,10,2,symbol_order,0.01,676,290,0.3002070393374741,6.245218728655044,1.0190929358600886,-2.82278144317053,10.0,3.2268008621823845,0.278228379324241,0.2771626037822065
next_close,base,15,unlimited,largest_drop,0.005,790,176,0.18219461697722567,6.235034296133857,1.0174721266863695,-1.1410722968433151,7.5,5.862955957611771,0.1920601619716698,0.18925706961200495
next_close,cluster_stress,10,2,symbol_order,0.01,676,290,0.3002070393374741,6.200041061452111,1.0119021159004093,-2.9286081032373623,10.0,3.2191887186728265,0.288929481009684,0.20719467973481068
next_close,cluster_stress,10,2,liquidity_priority,0.01,676,290,0.3002070393374741,6.200041061452111,1.0119021159004093,-2.9286081032373623,10.0,3.2191887186728265,0.288929481009684,0.20719467973481068
next_close,base,unlimited,2,symbol_order,0.005,781,185,0.1915113871635611,6.183406180567652,1.0092537405832491,-1.1477643820614225,9.0,5.809643615762573,0.19341201448594486,0.1693409786327305
next_close,base,20,2,symbol_order,0.005,781,185,0.1915113871635611,6.183406180567652,1.0092537405832491,-1.1477643820614225,9.0,5.809643615762573,0.19341201448594486,0.1693409786327305
next_close,base,20,2,largest_drop,0.005,781,185,0.1915113871635611,6.183406180567652,1.0092537405832491,-1.1477643820614225,9.0,5.809643615762573,0.19341201448594486,0.1693409786327305
next_close,base,20,2,liquidity_priority,0.005,781,185,0.1915113871635611,6.183406180567652,1.0092537405832491,-1.1477643820614225,9.0,5.809643615762573,0.19341201448594486,0.1693409786327305
next_close,base,unlimited,2,largest_drop,0.005,781,185,0.1915113871635611,6.183406180567652,1.0092537405832491,-1.1477643820614225,9.0,5.809643615762573,0.19341201448594486,0.1693409786327305
next_close,base,unlimited,2,liquidity_priority,0.005,781,185,0.1915113871635611,6.183406180567652,1.0092537405832491,-1.1477643820614225,9.0,5.809643615762573,0.19341201448594486,0.1693409786327305
next_close,cluster_stress,unlimited,unlimited,liquidity_priority,0.0025,966,0,0.0,6.1169969796967205,0.9986775438765916,-0.49933496638590036,10.25,8.897339573316724,0.2991808978349828,0.17411005538333524
next_close,cluster_stress,unlimited,unlimited,largest_drop,0.0025,966,0,0.0,6.1169969796967205,0.9986775438765916,-0.49933496638590036,10.25,8.897339573316724,0.2991808978349828,0.17411005538333524
next_close,cluster_stress,unlimited,unlimited,symbol_order,0.0025,966,0,0.0,6.1169969796967205,0.9986775438765916,-0.49933496638590036,10.25,8.897339573316724,0.2991808978349828,0.17411005538333524
next_close,base,15,unlimited,liquidity_priority,0.005,790,176,0.18219461697722567,6.081704353474948,0.9930546679337571,-1.1727702028836884,7.5,5.691756276393758,0.19690232001004118,0.19883037342832457
next_close,base,15,unlimited,symbol_order,0.005,790,176,0.18219461697722567,6.081704353474948,0.9930546679337571,-1.1727702028836884,7.5,5.691756276393758,0.19690232001004118,0.19883037342832457
next_open,base,15,unlimited,liquidity_priority,0.005,790,176,0.18219461697722567,6.0105761473037145,0.9817176773280645,-1.4395408115942088,7.5,5.708381367788201,0.20701472961086007,0.22964524402171882
next_open,base,15,unlimited,symbol_order,0.005,790,176,0.18219461697722567,6.0105761473037145,0.9817176773280645,-1.4395408115942088,7.5,5.708381367788201,0.20701472961086007,0.22964524402171882
next_open,base,unlimited,2,largest_drop,0.005,781,185,0.1915113871635611,5.9991500104704665,0.9798958965426374,-1.4464915239155829,9.0,5.725793812468069,0.22432341945494164,0.19778534302932543
next_open,base,20,2,largest_drop,0.005,781,185,0.1915113871635611,5.9991500104704665,0.9798958965426374,-1.4464915239155829,9.0,5.725793812468069,0.22432341945494164,0.19778534302932543
next_open,base,20,2,liquidity_priority,0.005,781,185,0.1915113871635611,5.9991500104704665,0.9798958965426374,-1.4464915239155829,9.0,5.725793812468069,0.22432341945494164,0.19778534302932543
next_open,base,unlimited,2,liquidity_priority,0.005,781,185,0.1915113871635611,5.9991500104704665,0.9798958965426374,-1.4464915239155829,9.0,5.725793812468069,0.22432341945494164,0.19778534302932543
next_open,base,unlimited,2,symbol_order,0.005,781,185,0.1915113871635611,5.9991500104704665,0.9798958965426374,-1.4464915239155829,9.0,5.725793812468069,0.22432341945494164,0.19778534302932543
next_open,base,20,2,symbol_order,0.005,781,185,0.1915113871635611,5.9991500104704665,0.9798958965426374,-1.4464915239155829,9.0,5.725793812468069,0.22432341945494164,0.19778534302932543
next_open,base,20,1,largest_drop,0.01,588,378,0.391304347826087,5.9789707968533445,0.9766781276756342,-2.1034842039209023,9.0,3.473406825557089,0.2987100490421916,0.19834475359738987
next_open,base,15,1,largest_drop,0.01,588,378,0.391304347826087,5.9789707968533445,0.9766781276756342,-2.1034842039209023,9.0,3.473406825557089,0.2987100490421916,0.19834475359738987
next_open,base,10,1,largest_drop,0.01,588,378,0.391304347826087,5.9789707968533445,0.9766781276756342,-2.1034842039209023,9.0,3.473406825557089,0.2987100490421916,0.19834475359738987
next_open,base,10,1,liquidity_priority,0.01,588,378,0.391304347826087,5.9789707968533445,0.9766781276756342,-2.1034842039209023,9.0,3.473406825557089,0.2987100490421916,0.19834475359738987
next_open,base,15,1,symbol_order,0.01,588,378,0.391304347826087,5.9789707968533445,0.9766781276756342,-2.1034842039209023,9.0,3.473406825557089,0.2987100490421916,0.19834475359738987
next_open,base,20,1,liquidity_priority,0.01,588,378,0.391304347826087,5.9789707968533445,0.9766781276756342,-2.1034842039209023,9.0,3.473406825557089,0.2987100490421916,0.19834475359738987
next_open,base,unlimited,1,symbol_order,0.01,588,378,0.391304347826087,5.9789707968533445,0.9766781276756342,-2.1034842039209023,9.0,3.473406825557089,0.2987100490421916,0.19834475359738987
next_open,base,10,1,symbol_order,0.01,588,378,0.391304347826087,5.9789707968533445,0.9766781276756342,-2.1034842039209023,9.0,3.473406825557089,0.2987100490421916,0.19834475359738987
next_open,base,unlimited,1,liquidity_priority,0.01,588,378,0.391304347826087,5.9789707968533445,0.9766781276756342,-2.1034842039209023,9.0,3.473406825557089,0.2987100490421916,0.19834475359738987
next_open,base,15,1,liquidity_priority,0.01,588,378,0.391304347826087,5.9789707968533445,0.9766781276756342,-2.1034842039209023,9.0,3.473406825557089,0.2987100490421916,0.19834475359738987
next_open,base,unlimited,1,largest_drop,0.01,588,378,0.391304347826087,5.9789707968533445,0.9766781276756342,-2.1034842039209023,9.0,3.473406825557089,0.2987100490421916,0.19834475359738987
next_open,base,20,1,symbol_order,0.01,588,378,0.391304347826087,5.9789707968533445,0.9766781276756342,-2.1034842039209023,9.0,3.473406825557089,0.2987100490421916,0.19834475359738987
next_open,stress,15,unlimited,largest_drop,0.005,790,176,0.18219461697722567,5.837067433629772,0.9540358589043896,-1.4245002873326085,7.5,5.336344496211046,0.20452695509103103,0.19085547328706667
next_close,base,15,2,largest_drop,0.005,768,198,0.20496894409937888,5.819939088084647,0.9513011304124852,-1.1477643820614225,7.5,5.524571816149275,0.2069641906900485,0.17806017021092296
next_close,base,15,2,symbol_order,0.005,768,198,0.20496894409937888,5.6820565439888115,0.9292732322818908,-1.1477643820614225,7.5,5.432442857214046,0.21198644784784978,0.1732921234081438
next_close,base,15,2,liquidity_priority,0.005,768,198,0.20496894409937888,5.6820565439888115,0.9292732322818908,-1.1477643820614225,7.5,5.432442857214046,0.21198644784784978,0.1732921234081438
next_open,base,15,2,largest_drop,0.005,768,198,0.20496894409937888,5.600985018373383,0.9163101992792022,-1.4464915239155829,7.5,5.397484530952359,0.23493844630666208,0.19162815058071087
next_open,base,15,2,symbol_order,0.005,768,198,0.20496894409937888,5.480064973256882,0.896960132401392,-1.4464915239155829,7.5,5.3207254586527535,0.24012246650818145,0.1907029628369143
next_open,base,15,2,liquidity_priority,0.005,768,198,0.20496894409937888,5.480064973256882,0.896960132401392,-1.4464915239155829,7.5,5.3207254586527535,0.24012246650818145,0.1907029628369143
next_close,stress,15,unlimited,largest_drop,0.005,790,176,0.18219461697722567,5.4759401140521025,0.8962997316749544,-1.1675308530997741,7.5,5.173580978736295,0.20948568375989965,0.1957530616220183
next_open,base,5,unlimited,largest_drop,0.01,491,475,0.4917184265010352,5.470870334310884,0.8954880172462376,-1.4804429564271526,5.0,3.326269390335666,0.26929882776919356,0.21619131150274207
next_close,stress,unlimited,2,liquidity_priority,0.005,781,185,0.1915113871635611,5.433272886414842,0.889467335215155,-1.1733249317336547,9.0,5.128854166352208,0.21067711645382378,0.17405318325495406
next_close,stress,unlimited,2,largest_drop,0.005,781,185,0.1915113871635611,5.433272886414842,0.889467335215155,-1.1733249317336547,9.0,5.128854166352208,0.21067711645382378,0.17405318325495406
next_close,stress,unlimited,2,symbol_order,0.005,781,185,0.1915113871635611,5.433272886414842,0.889467335215155,-1.1733249317336547,9.0,5.128854166352208,0.21067711645382378,0.17405318325495406
next_close,stress,20,2,liquidity_priority,0.005,781,185,0.1915113871635611,5.433272886414842,0.889467335215155,-1.1733249317336547,9.0,5.128854166352208,0.21067711645382378,0.17405318325495406
next_close,stress,20,2,largest_drop,0.005,781,185,0.1915113871635611,5.433272886414842,0.889467335215155,-1.1733249317336547,9.0,5.128854166352208,0.21067711645382378,0.17405318325495406
next_close,stress,20,2,symbol_order,0.005,781,185,0.1915113871635611,5.433272886414842,0.889467335215155,-1.1733249317336547,9.0,5.128854166352208,0.21067711645382378,0.17405318325495406
next_open,base,5,2,largest_drop,0.01,491,475,0.4917184265010352,5.331048736835231,0.8730885885850359,-1.4804429564271526,5.0,3.2610569126383826,0.27636193939239784,0.22170565473013162
next_close,stress,15,unlimited,symbol_order,0.005,790,176,0.18219461697722567,5.323856508681368,0.8719357238326175,-1.1991888979055454,7.5,5.006159595744187,0.21546994310419404,0.20699124291364807
next_close,stress,15,unlimited,liquidity_priority,0.005,790,176,0.18219461697722567,5.323856508681368,0.8719357238326175,-1.1991888979055454,7.5,5.006159595744187,0.21546994310419404,0.20699124291364807
next_close,base,5,2,symbol_order,0.01,491,475,0.4917184265010352,5.268960919898391,0.863134178002789,-1.6178762429391536,5.0,3.3152350592191495,0.2617393888379449,0.2715314762628662
next_close,base,5,2,liquidity_priority,0.01,491,475,0.4917184265010352,5.268960919898391,0.863134178002789,-1.6178762429391536,5.0,3.3152350592191495,0.2617393888379449,0.2715314762628662
next_open,stress,15,unlimited,liquidity_priority,0.005,790,176,0.18219461697722567,5.253306207232056,0.8606235188190592,-1.4673980269902298,7.5,5.012869724483815,0.2272545291987356,0.24605225854030474
next_open,stress,15,unlimited,symbol_order,0.005,790,176,0.18219461697722567,5.253306207232056,0.8606235188190592,-1.4673980269902298,7.5,5.012869724483815,0.2272545291987356,0.24605225854030474
next_open,cluster_stress,15,unlimited,largest_drop,0.005,790,176,0.18219461697722567,5.251068204292664,0.860264568744129,-1.4427635130174976,7.5,4.8157594746238335,0.22025906576203005,0.2027704290642277
next_open,stress,unlimited,2,liquidity_priority,0.005,781,185,0.1915113871635611,5.25049928199659,0.8601733191016203,-1.4752267831187438,9.0,5.034827696941127,0.24649976599028436,0.20612683170037693
next_open,stress,unlimited,2,symbol_order,0.005,781,185,0.1915113871635611,5.25049928199659,0.8601733191016203,-1.4752267831187438,9.0,5.034827696941127,0.24649976599028436,0.20612683170037693
next_open,stress,20,2,symbol_order,0.005,781,185,0.1915113871635611,5.25049928199659,0.8601733191016203,-1.4752267831187438,9.0,5.034827696941127,0.24649976599028436,0.20612683170037693
next_open,stress,unlimited,2,largest_drop,0.005,781,185,0.1915113871635611,5.25049928199659,0.8601733191016203,-1.4752267831187438,9.0,5.034827696941127,0.24649976599028436,0.20612683170037693
next_open,stress,20,2,largest_drop,0.005,781,185,0.1915113871635611,5.25049928199659,0.8601733191016203,-1.4752267831187438,9.0,5.034827696941127,0.24649976599028436,0.20612683170037693
next_open,stress,20,2,liquidity_priority,0.005,781,185,0.1915113871635611,5.25049928199659,0.8601733191016203,-1.4752267831187438,9.0,5.034827696941127,0.24649976599028436,0.20612683170037693
next_close,base,unlimited,1,largest_drop,0.01,588,378,0.391304347826087,5.203943744313699,0.8527048681951532,-2.659229387816664,9.0,3.142848532183021,0.29047461704906624,0.20347549044805002
next_close,base,unlimited,1,symbol_order,0.01,588,378,0.391304347826087,5.203943744313699,0.8527048681951532,-2.659229387816664,9.0,3.142848532183021,0.29047461704906624,0.20347549044805002
next_close,base,15,1,largest_drop,0.01,588,378,0.391304347826087,5.203943744313699,0.8527048681951532,-2.659229387816664,9.0,3.142848532183021,0.29047461704906624,0.20347549044805002
next_close,base,20,1,liquidity_priority,0.01,588,378,0.391304347826087,5.203943744313699,0.8527048681951532,-2.659229387816664,9.0,3.142848532183021,0.29047461704906624,0.20347549044805002
next_close,base,20,1,largest_drop,0.01,588,378,0.391304347826087,5.203943744313699,0.8527048681951532,-2.659229387816664,9.0,3.142848532183021,0.29047461704906624,0.20347549044805002
next_close,base,20,1,symbol_order,0.01,588,378,0.391304347826087,5.203943744313699,0.8527048681951532,-2.659229387816664,9.0,3.142848532183021,0.29047461704906624,0.20347549044805002
next_close,base,15,1,symbol_order,0.01,588,378,0.391304347826087,5.203943744313699,0.8527048681951532,-2.659229387816664,9.0,3.142848532183021,0.29047461704906624,0.20347549044805002
next_close,base,10,1,liquidity_priority,0.01,588,378,0.391304347826087,5.203943744313699,0.8527048681951532,-2.659229387816664,9.0,3.142848532183021,0.29047461704906624,0.20347549044805002
next_close,base,10,1,largest_drop,0.01,588,378,0.391304347826087,5.203943744313699,0.8527048681951532,-2.659229387816664,9.0,3.142848532183021,0.29047461704906624,0.20347549044805002
next_close,base,10,1,symbol_order,0.01,588,378,0.391304347826087,5.203943744313699,0.8527048681951532,-2.659229387816664,9.0,3.142848532183021,0.29047461704906624,0.20347549044805002
next_close,base,unlimited,1,liquidity_priority,0.01,588,378,0.391304347826087,5.203943744313699,0.8527048681951532,-2.659229387816664,9.0,3.142848532183021,0.29047461704906624,0.20347549044805002
next_close,base,15,1,liquidity_priority,0.01,588,378,0.391304347826087,5.203943744313699,0.8527048681951532,-2.659229387816664,9.0,3.142848532183021,0.29047461704906624,0.20347549044805002
next_close,base,5,unlimited,symbol_order,0.01,491,475,0.4917184265010352,5.19698366287058,0.8515880937619791,-1.5755658701371855,5.0,3.266128692751422,0.25807582166072746,0.2851787369714374
next_close,base,5,unlimited,liquidity_priority,0.01,491,475,0.4917184265010352,5.19698366287058,0.8515880937619791,-1.5755658701371855,5.0,3.266128692751422,0.25807582166072746,0.2851787369714374
next_close,stress,15,2,largest_drop,0.005,768,198,0.20496894409937888,5.085026590169295,0.8336156496431046,-1.1733249317336547,7.5,4.849400673312333,0.226967919860749,0.184903759907762
next_close,base,5,unlimited,largest_drop,0.01,491,475,0.4917184265010352,5.044836025732047,0.8271599782367023,-1.533087294865365,5.0,3.195712816855961,0.24808388116562038,0.2354004721832659
next_close,base,5,2,largest_drop,0.01,491,475,0.4917184265010352,4.9728154696374816,0.8155864189003381,-1.533087294865365,5.0,3.15341044797129,0.2516768435807225,0.23872002039806828
next_close,stress,15,2,symbol_order,0.005,768,198,0.20496894409937888,4.948237088171625,0.8116352089931222,-1.2234919585567439,7.5,4.752873593952482,0.23324224103291227,0.17852141047641057
next_close,stress,15,2,liquidity_priority,0.005,768,198,0.20496894409937888,4.948237088171625,0.8116352089931222,-1.2234919585567439,7.5,4.752873593952482,0.23324224103291227,0.17852141047641057
next_open,base,5,2,liquidity_priority,0.01,491,475,0.4917184265010352,4.916719184589047,0.8065672768819532,-1.497411038707297,5.0,3.0868088391776833,0.3289588792813896,0.2442810203036734
next_open,base,5,2,symbol_order,0.01,491,475,0.4917184265010352,4.916719184589047,0.8065672768819532,-1.497411038707297,5.0,3.0868088391776833,0.3289588792813896,0.2442810203036734
next_close,cluster_stress,15,unlimited,largest_drop,0.005,790,176,0.18219461697722567,4.892407102026453,0.8026571411172467,-1.186061141910566,7.5,4.635908420823192,0.22685157333538372,0.2034980498159839
next_open,stress,15,2,largest_drop,0.005,768,198,0.20496894409937888,4.867808125125661,0.7987000957665469,-1.4752267831187438,7.5,4.712779515584387,0.25994039984597866,0.19941659026016617
next_open,stress,20,1,symbol_order,0.01,588,378,0.391304347826087,4.857047234869305,0.7969688323737678,-2.222261759117672,9.0,2.841158453377946,0.35188239699579393,0.21977545117131483
next_open,stress,15,1,liquidity_priority,0.01,588,378,0.391304347826087,4.857047234869305,0.7969688323737678,-2.222261759117672,9.0,2.841158453377946,0.35188239699579393,0.21977545117131483
next_open,stress,15,1,largest_drop,0.01,588,378,0.391304347826087,4.857047234869305,0.7969688323737678,-2.222261759117672,9.0,2.841158453377946,0.35188239699579393,0.21977545117131483
next_open,stress,10,1,symbol_order,0.01,588,378,0.391304347826087,4.857047234869305,0.7969688323737678,-2.222261759117672,9.0,2.841158453377946,0.35188239699579393,0.21977545117131483
next_open,stress,10,1,largest_drop,0.01,588,378,0.391304347826087,4.857047234869305,0.7969688323737678,-2.222261759117672,9.0,2.841158453377946,0.35188239699579393,0.21977545117131483
next_open,stress,15,1,symbol_order,0.01,588,378,0.391304347826087,4.857047234869305,0.7969688323737678,-2.222261759117672,9.0,2.841158453377946,0.35188239699579393,0.21977545117131483
next_open,stress,unlimited,1,symbol_order,0.01,588,378,0.391304347826087,4.857047234869305,0.7969688323737678,-2.222261759117672,9.0,2.841158453377946,0.35188239699579393,0.21977545117131483
next_open,stress,unlimited,1,largest_drop,0.01,588,378,0.391304347826087,4.857047234869305,0.7969688323737678,-2.222261759117672,9.0,2.841158453377946,0.35188239699579393,0.21977545117131483
next_open,stress,unlimited,1,liquidity_priority,0.01,588,378,0.391304347826087,4.857047234869305,0.7969688323737678,-2.222261759117672,9.0,2.841158453377946,0.35188239699579393,0.21977545117131483
next_open,stress,20,1,liquidity_priority,0.01,588,378,0.391304347826087,4.857047234869305,0.7969688323737678,-2.222261759117672,9.0,2.841158453377946,0.35188239699579393,0.21977545117131483
next_open,stress,10,1,liquidity_priority,0.01,588,378,0.391304347826087,4.857047234869305,0.7969688323737678,-2.222261759117672,9.0,2.841158453377946,0.35188239699579393,0.21977545117131483
next_open,stress,20,1,largest_drop,0.01,588,378,0.391304347826087,4.857047234869305,0.7969688323737678,-2.222261759117672,9.0,2.841158453377946,0.35188239699579393,0.21977545117131483
next_open,base,5,1,largest_drop,0.01,479,487,0.5041407867494824,4.851849315710233,0.7961325133392094,-1.5225571475260269,5.0,3.092732507667173,0.3186049844103612,0.22116040562382983
next_close,cluster_stress,20,2,liquidity_priority,0.005,781,185,0.1915113871635611,4.846707895611035,0.7953052507587044,-1.1909580704663303,9.0,4.590461762880689,0.22810033450706646,0.17955357474143707
next_close,cluster_stress,unlimited,2,liquidity_priority,0.005,781,185,0.1915113871635611,4.846707895611035,0.7953052507587044,-1.1909580704663303,9.0,4.590461762880689,0.22810033450706646,0.17955357474143707
next_close,cluster_stress,20,2,largest_drop,0.005,781,185,0.1915113871635611,4.846707895611035,0.7953052507587044,-1.1909580704663303,9.0,4.590461762880689,0.22810033450706646,0.17955357474143707
next_close,cluster_stress,20,2,symbol_order,0.005,781,185,0.1915113871635611,4.846707895611035,0.7953052507587044,-1.1909580704663303,9.0,4.590461762880689,0.22810033450706646,0.17955357474143707
next_close,cluster_stress,unlimited,2,symbol_order,0.005,781,185,0.1915113871635611,4.846707895611035,0.7953052507587044,-1.1909580704663303,9.0,4.590461762880689,0.22810033450706646,0.17955357474143707
next_close,cluster_stress,unlimited,2,largest_drop,0.005,781,185,0.1915113871635611,4.846707895611035,0.7953052507587044,-1.1909580704663303,9.0,4.590461762880689,0.22810033450706646,0.17955357474143707
next_open,base,5,unlimited,liquidity_priority,0.01,491,475,0.4917184265010352,4.841821999702645,0.7945190711210248,-1.4709487655554576,5.0,3.044052381891745,0.3273819517483869,0.2730007142548365
next_open,base,5,unlimited,symbol_order,0.01,491,475,0.4917184265010352,4.841821999702645,0.7945190711210248,-1.4709487655554576,5.0,3.044052381891745,0.3273819517483869,0.2730007142548365
next_open,base,10,unlimited,largest_drop,0.005,678,288,0.2981366459627329,4.817719820237798,0.7906403916521976,-1.4297236094900856,5.0,4.786263197989977,0.21626316245806437,0.21522004788573804
next_close,base,10,unlimited,largest_drop,0.005,678,288,0.2981366459627329,4.769295865393763,0.7828454486259462,-1.258571225417937,5.0,4.839900904478125,0.21701209290424506,0.2226276375649558
next_open,stress,15,2,liquidity_priority,0.005,768,198,0.20496894409937888,4.747846407375023,0.7793917090910263,-1.4752267831187438,7.5,4.631267278163996,0.26650819800176434,0.20139658017582124
next_open,stress,15,2,symbol_order,0.005,768,198,0.20496894409937888,4.747846407375023,0.7793917090910263,-1.4752267831187438,7.5,4.631267278163996,0.26650819800176434,0.20139658017582124
next_close,cluster_stress,15,unlimited,liquidity_priority,0.005,790,176,0.18219461697722567,4.741331921600689,0.7783426458633169,-1.2221380944817395,7.5,4.471442792327861,0.23407984651646513,0.2165018252693515
next_close,cluster_stress,15,unlimited,symbol_order,0.005,790,176,0.18219461697722567,4.741331921600689,0.7783426458633169,-1.2221380944817395,7.5,4.471442792327861,0.23407984651646513,0.2165018252693515
next_close,base,10,2,largest_drop,0.005,676,290,0.3002070393374741,4.672092582509002,0.7671892983389217,-1.2585712254177928,5.0,4.757556519288687,0.2215270479235348,0.21554611543200758
next_open,cluster_stress,15,unlimited,symbol_order,0.005,790,176,0.18219461697722567,4.671120079793334,0.7670326000008831,-1.4856108099756904,7.5,4.470641687202823,0.24760557578759024,0.2654640555751051
next_open,cluster_stress,15,unlimited,liquidity_priority,0.005,790,176,0.18219461697722567,4.671120079793334,0.7670326000008831,-1.4856108099756904,7.5,4.470641687202823,0.24760557578759024,0.2654640555751051
next_open,cluster_stress,20,2,symbol_order,0.005,781,185,0.1915113871635611,4.665174278096829,0.7660745328745611,-1.4933938389066759,9.0,4.4880100280697945,0.2690213185349692,0.21601693665403135
next_open,cluster_stress,20,2,largest_drop,0.005,781,185,0.1915113871635611,4.665174278096829,0.7660745328745611,-1.4933938389066759,9.0,4.4880100280697945,0.2690213185349692,0.21601693665403135
next_open,cluster_stress,20,2,liquidity_priority,0.005,781,185,0.1915113871635611,4.665174278096829,0.7660745328745611,-1.4933938389066759,9.0,4.4880100280697945,0.2690213185349692,0.21601693665403135
next_open,cluster_stress,unlimited,2,symbol_order,0.005,781,185,0.1915113871635611,4.665174278096829,0.7660745328745611,-1.4933938389066759,9.0,4.4880100280697945,0.2690213185349692,0.21601693665403135
next_open,cluster_stress,unlimited,2,largest_drop,0.005,781,185,0.1915113871635611,4.665174278096829,0.7660745328745611,-1.4933938389066759,9.0,4.4880100280697945,0.2690213185349692,0.21601693665403135
next_open,cluster_stress,unlimited,2,liquidity_priority,0.005,781,185,0.1915113871635611,4.665174278096829,0.7660745328745611,-1.4933938389066759,9.0,4.4880100280697945,0.2690213185349692,0.21601693665403135
next_open,base,10,2,largest_drop,0.005,676,290,0.3002070393374741,4.560694741388871,0.7492319930952007,-1.4297236094900856,5.0,4.571413968074353,0.2238581357452155,0.21407506848928465
next_open,stress,5,unlimited,largest_drop,0.01,491,475,0.4917184265010352,4.53721148870998,0.7454444655963677,-1.5073743100296744,5.0,2.7750702159450937,0.3099038897049283,0.2263652694634109
next_close,cluster_stress,15,2,largest_drop,0.005,768,198,0.20496894409937888,4.511996439217114,0.7413768341569815,-1.2324194197845917,7.5,4.317031274414311,0.24731965177408125,0.191912695331519
next_open,base,10,unlimited,symbol_order,0.005,678,288,0.2981366459627329,4.425997828972861,0.7274975954545626,-1.3852394848327454,5.0,4.562025174796055,0.2268599560957837,0.2368614395331353
next_open,base,10,unlimited,liquidity_priority,0.005,678,288,0.2981366459627329,4.425997828972861,0.7274975954545626,-1.3852394848327454,5.0,4.562025174796055,0.2268599560957837,0.2368614395331353
next_open,stress,5,2,largest_drop,0.01,491,475,0.4917184265010352,4.398763409534512,0.7231002727248637,-1.5073743100296744,5.0,2.706880481568969,0.3196579033364989,0.2333211906237261
next_close,cluster_stress,15,2,liquidity_priority,0.005,768,198,0.20496894409937888,4.376087573359166,0.7194382590217874,-1.3176382985868318,7.5,4.216976818242622,0.2550006985569718,0.18521991940675245
next_close,cluster_stress,15,2,symbol_order,0.005,768,198,0.20496894409937888,4.376087573359166,0.7194382590217874,-1.3176382985868318,7.5,4.216976818242622,0.2550006985569718,0.18521991940675245
next_close,stress,5,2,liquidity_priority,0.01,491,475,0.4917184265010352,4.33728479021438,0.7131703016755253,-1.6995112250093536,5.0,2.7453208742581494,0.3025048760086502,0.3063371894355245
next_close,stress,5,2,symbol_order,0.01,491,475,0.4917184265010352,4.33728479021438,0.7131703016755253,-1.6995112250093536,5.0,2.7453208742581494,0.3025048760086502,0.3063371894355245
next_close,base,5,1,largest_drop,0.01,479,487,0.5041407867494824,4.316198375792624,0.7097633210298326,-1.5353842672995888,5.0,2.9202406633482902,0.29807148337127676,0.2542566348490765
next_open,base,20,unlimited,largest_drop,0.0025,864,102,0.10559006211180125,4.301953151330351,0.7074613626804283,-0.6437483324350568,5.0,7.417230910380696,0.1777899489264202,0.18422251189890987
next_open,cluster_stress,15,2,largest_drop,0.005,768,198,0.20496894409937888,4.2961535555820385,0.7065241014927892,-1.4933938389066759,7.5,4.172754131503502,0.28562210499054536,0.2098582298555063
next_close,base,5,1,symbol_order,0.01,480,486,0.5031055900621118,4.294147015569605,0.7061998184294982,-1.6599482698604007,5.0,2.8845555527790094,0.29278431439837005,0.2106342754446605
next_close,base,5,1,liquidity_priority,0.01,480,486,0.5031055900621118,4.294147015569605,0.7061998184294982,-1.6599482698604007,5.0,2.8845555527790094,0.29278431439837005,0.2106342754446605
next_close,base,10,unlimited,symbol_order,0.005,678,288,0.2981366459627329,4.276758374263512,0.7033893693789706,-1.3030181101248761,5.0,4.4575010079116995,0.22532977687434058,0.18264699625866276
next_close,base,10,unlimited,liquidity_priority,0.005,678,288,0.2981366459627329,4.276758374263512,0.7033893693789706,-1.3030181101248761,5.0,4.4575010079116995,0.22532977687434058,0.18264699625866276
next_close,stress,5,unlimited,liquidity_priority,0.01,491,475,0.4917184265010352,4.26601459179059,0.7016527043815168,-1.6572774278548974,5.0,2.697098014551027,0.2986940526931606,0.32300142939023724
next_close,stress,5,unlimited,symbol_order,0.01,491,475,0.4917184265010352,4.26601459179059,0.7016527043815168,-1.6572774278548974,5.0,2.697098014551027,0.2986940526931606,0.32300142939023724
next_open,base,5,1,symbol_order,0.01,480,486,0.5031055900621118,4.2242496727004974,0.6949002516510427,-1.5460964236306385,5.0,2.797242760648381,0.3608844232493359,0.195793817714426
next_open,base,5,1,liquidity_priority,0.01,480,486,0.5031055900621118,4.2242496727004974,0.6949002516510427,-1.5460964236306385,5.0,2.797242760648381,0.3608844232493359,0.195793817714426
next_open,base,20,unlimited,symbol_order,0.0025,864,102,0.10559006211180125,4.212124766927561,0.6929395037668318,-0.6367780152419455,5.0,7.314672811776574,0.17453654691108633,0.20988934789477512
next_open,base,20,unlimited,liquidity_priority,0.0025,864,102,0.10559006211180125,4.212124766927561,0.6929395037668318,-0.6367780152419455,5.0,7.314672811776574,0.17453654691108633,0.20988934789477512
next_open,base,10,2,symbol_order,0.005,676,290,0.3002070393374741,4.20538056610642,0.6918488005027479,-1.3852394848327454,5.0,4.375764261789084,0.2245155749574814,0.2332188818622125
next_open,base,10,2,liquidity_priority,0.005,676,290,0.3002070393374741,4.20538056610642,0.6918488005027479,-1.3852394848327454,5.0,4.375764261789084,0.2245155749574814,0.2332188818622125
next_open,base,3,unlimited,largest_drop,0.01,361,605,0.6262939958592133,4.200457134166946,0.6910525232641129,-0.9286264119022003,3.0,2.9006960909001753,0.24912402864289274,0.19457132887453854
next_open,base,3,2,largest_drop,0.01,361,605,0.6262939958592133,4.200457134166946,0.6910525232641129,-0.9286264119022003,3.0,2.9006960909001753,0.24912402864289274,0.19457132887453854
next_close,base,10,2,symbol_order,0.005,676,290,0.3002070393374741,4.1831693768887845,0.6882562889501509,-1.32424315621672,5.0,4.373316426614193,0.2303710233543062,0.1814581609487822
next_close,base,10,2,liquidity_priority,0.005,676,290,0.3002070393374741,4.1831693768887845,0.6882562889501509,-1.32424315621672,5.0,4.373316426614193,0.2303710233543062,0.1814581609487822
next_open,cluster_stress,15,2,liquidity_priority,0.005,768,198,0.20496894409937888,4.176963918863041,0.6872524835771943,-1.4933938389066759,7.5,4.087440185707202,0.2937723297935417,0.21684092082386228
next_open,cluster_stress,15,2,symbol_order,0.005,768,198,0.20496894409937888,4.176963918863041,0.6872524835771943,-1.4933938389066759,7.5,4.087440185707202,0.2937723297935417,0.21684092082386228
next_open,stress,10,unlimited,largest_drop,0.005,678,288,0.2981366459627329,4.175110458140585,0.6869526549839966,-1.4513839177843213,5.0,4.165493859101916,0.23862880319764343,0.2248736281501258
next_close,stress,10,unlimited,largest_drop,0.005,678,288,0.2981366459627329,4.127030826814759,0.6791734096790902,-1.3284129950136836,5.0,4.2059280687324305,0.24062029343691316,0.23350833491375467
next_close,stress,5,unlimited,largest_drop,0.01,491,475,0.4917184265010352,4.115361148072871,0.677284814093948,-1.614875542863714,5.0,2.6225966035482338,0.2878743666438661,0.25079176820648663
next_close,stress,20,1,symbol_order,0.01,588,378,0.391304347826087,4.090973687946087,0.6733374311467255,-2.789749877419534,9.0,2.4881014110029693,0.3508260023812898,0.22868292877298463
next_close,stress,15,1,symbol_order,0.01,588,378,0.391304347826087,4.090973687946087,0.6733374311467255,-2.789749877419534,9.0,2.4881014110029693,0.3508260023812898,0.22868292877298463
next_close,stress,unlimited,1,largest_drop,0.01,588,378,0.391304347826087,4.090973687946087,0.6733374311467255,-2.789749877419534,9.0,2.4881014110029693,0.3508260023812898,0.22868292877298463
next_close,stress,15,1,liquidity_priority,0.01,588,378,0.391304347826087,4.090973687946087,0.6733374311467255,-2.789749877419534,9.0,2.4881014110029693,0.3508260023812898,0.22868292877298463
next_close,stress,10,1,largest_drop,0.01,588,378,0.391304347826087,4.090973687946087,0.6733374311467255,-2.789749877419534,9.0,2.4881014110029693,0.3508260023812898,0.22868292877298463
next_close,stress,15,1,largest_drop,0.01,588,378,0.391304347826087,4.090973687946087,0.6733374311467255,-2.789749877419534,9.0,2.4881014110029693,0.3508260023812898,0.22868292877298463
next_close,stress,10,1,liquidity_priority,0.01,588,378,0.391304347826087,4.090973687946087,0.6733374311467255,-2.789749877419534,9.0,2.4881014110029693,0.3508260023812898,0.22868292877298463
next_close,stress,20,1,liquidity_priority,0.01,588,378,0.391304347826087,4.090973687946087,0.6733374311467255,-2.789749877419534,9.0,2.4881014110029693,0.3508260023812898,0.22868292877298463
next_close,stress,unlimited,1,liquidity_priority,0.01,588,378,0.391304347826087,4.090973687946087,0.6733374311467255,-2.789749877419534,9.0,2.4881014110029693,0.3508260023812898,0.22868292877298463
next_close,stress,20,1,largest_drop,0.01,588,378,0.391304347826087,4.090973687946087,0.6733374311467255,-2.789749877419534,9.0,2.4881014110029693,0.3508260023812898,0.22868292877298463
next_close,stress,10,1,symbol_order,0.01,588,378,0.391304347826087,4.090973687946087,0.6733374311467255,-2.789749877419534,9.0,2.4881014110029693,0.3508260023812898,0.22868292877298463
next_close,stress,unlimited,1,symbol_order,0.01,588,378,0.391304347826087,4.090973687946087,0.6733374311467255,-2.789749877419534,9.0,2.4881014110029693,0.3508260023812898,0.22868292877298463
next_close,stress,5,2,largest_drop,0.01,491,475,0.4917184265010352,4.044047872433154,0.6657397966497225,-1.614875542863714,5.0,2.5799057686897173,0.2929507813416306,0.25511453281704594
next_close,stress,10,2,largest_drop,0.005,676,290,0.3002070393374741,4.032391926215384,0.6638521709149581,-1.3284129950136059,5.0,4.1235861985280575,0.24626757188837592,0.22571430888636632
next_open,cluster_stress,unlimited,1,largest_drop,0.01,588,378,0.391304347826087,4.000346017063805,0.6586615787192329,-2.338178201636276,9.0,2.350559646111409,0.41277883595615483,0.25074361974160847
next_open,cluster_stress,unlimited,1,symbol_order,0.01,588,378,0.391304347826087,4.000346017063805,0.6586615787192329,-2.338178201636276,9.0,2.350559646111409,0.41277883595615483,0.25074361974160847
next_open,cluster_stress,unlimited,1,liquidity_priority,0.01,588,378,0.391304347826087,4.000346017063805,0.6586615787192329,-2.338178201636276,9.0,2.350559646111409,0.41277883595615483,0.25074361974160847
next_open,cluster_stress,20,1,symbol_order,0.01,588,378,0.391304347826087,4.000346017063805,0.6586615787192329,-2.338178201636276,9.0,2.350559646111409,0.41277883595615483,0.25074361974160847
next_open,cluster_stress,15,1,symbol_order,0.01,588,378,0.391304347826087,4.000346017063805,0.6586615787192329,-2.338178201636276,9.0,2.350559646111409,0.41277883595615483,0.25074361974160847
next_open,cluster_stress,15,1,liquidity_priority,0.01,588,378,0.391304347826087,4.000346017063805,0.6586615787192329,-2.338178201636276,9.0,2.350559646111409,0.41277883595615483,0.25074361974160847
next_open,cluster_stress,10,1,liquidity_priority,0.01,588,378,0.391304347826087,4.000346017063805,0.6586615787192329,-2.338178201636276,9.0,2.350559646111409,0.41277883595615483,0.25074361974160847
next_open,cluster_stress,10,1,largest_drop,0.01,588,378,0.391304347826087,4.000346017063805,0.6586615787192329,-2.338178201636276,9.0,2.350559646111409,0.41277883595615483,0.25074361974160847
next_open,cluster_stress,20,1,largest_drop,0.01,588,378,0.391304347826087,4.000346017063805,0.6586615787192329,-2.338178201636276,9.0,2.350559646111409,0.41277883595615483,0.25074361974160847
next_open,cluster_stress,10,1,symbol_order,0.01,588,378,0.391304347826087,4.000346017063805,0.6586615787192329,-2.338178201636276,9.0,2.350559646111409,0.41277883595615483,0.25074361974160847
next_open,cluster_stress,20,1,liquidity_priority,0.01,588,378,0.391304347826087,4.000346017063805,0.6586615787192329,-2.338178201636276,9.0,2.350559646111409,0.41277883595615483,0.25074361974160847
next_open,cluster_stress,15,1,largest_drop,0.01,588,378,0.391304347826087,4.000346017063805,0.6586615787192329,-2.338178201636276,9.0,2.350559646111409,0.41277883595615483,0.25074361974160847
next_open,stress,5,2,symbol_order,0.01,491,475,0.4917184265010352,3.9885027192921196,0.6567429397741797,-1.586351457055335,5.0,2.5192093610272166,0.38860754109276174,0.27591690559573506
next_open,stress,5,2,liquidity_priority,0.01,491,475,0.4917184265010352,3.9885027192921196,0.6567429397741797,-1.586351457055335,5.0,2.5192093610272166,0.38860754109276174,0.27591690559573506
next_open,stress,5,1,largest_drop,0.01,479,487,0.5041407867494824,3.9467235058194605,0.6499731667193309,-1.549435585486636,5.0,2.5306767177956857,0.37507867804768297,0.23967737910409045
next_open,stress,10,2,largest_drop,0.005,676,290,0.3002070393374741,3.92178464970101,0.6459310726139034,-1.4513839177843213,5.0,3.947739609251384,0.24963658214298404,0.22429129836529327
next_open,stress,5,unlimited,liquidity_priority,0.01,491,475,0.4917184265010352,3.914340967268326,0.644724442770217,-1.5599390068704144,5.0,2.475879264857221,0.3877388240637236,0.31134610038925664
next_open,stress,5,unlimited,symbol_order,0.01,491,475,0.4917184265010352,3.914340967268326,0.644724442770217,-1.5599390068704144,5.0,2.475879264857221,0.3877388240637236,0.31134610038925664
next_open,stress,20,unlimited,largest_drop,0.0025,864,102,0.10559006211180125,3.8927937512788446,0.6412312075071869,-0.6541835015491437,5.0,6.7320413755643544,0.1894080385660913,0.19213502126957546
next_close,base,20,unlimited,liquidity_priority,0.0025,864,102,0.10559006211180125,3.8764862894166807,0.6385870402775273,-0.5198127077575609,5.0,6.758239064925553,0.17190475669346525,0.1837897978902832
next_close,base,20,unlimited,symbol_order,0.0025,864,102,0.10559006211180125,3.8764862894166807,0.6385870402775273,-0.5198127077575609,5.0,6.758239064925553,0.17190475669346525,0.1837897978902832
next_open,cluster_stress,5,unlimited,largest_drop,0.01,491,475,0.4917184265010352,3.87198465019829,0.6378570628172486,-1.5184745224141927,5.0,2.376879150782756,0.35118226089648696,0.238743030291807
next_close,base,20,unlimited,largest_drop,0.0025,864,102,0.10559006211180125,3.8633807833202694,0.6364618024467195,-0.5198127077575609,5.0,6.793138952608052,0.17706385854296236,0.19564977455567148
next_close,base,3,unlimited,largest_drop,0.01,361,605,0.6262939958592133,3.859566221623245,0.6358431769182271,-0.9918412635007035,3.0,2.807599233477742,0.2529344276954078,0.20532017686504875
next_close,base,3,2,largest_drop,0.01,361,605,0.6262939958592133,3.859566221623245,0.6358431769182271,-0.9918412635007035,3.0,2.807599233477742,0.2529344276954078,0.20532017686504875
next_open,stress,20,unlimited,liquidity_priority,0.0025,864,102,0.10559006211180125,3.803406713008939,0.6267333333427105,-0.6472208509618271,5.0,6.624847859832244,0.18606732628032882,0.22029533795073056
next_open,stress,20,unlimited,symbol_order,0.0025,864,102,0.10559006211180125,3.803406713008939,0.6267333333427105,-0.6472208509618271,5.0,6.624847859832244,0.18606732628032882,0.22029533795073056
next_open,stress,10,unlimited,liquidity_priority,0.005,678,288,0.2981366459627329,3.7861745533881885,0.6239372176146896,-1.4069536378500613,5.0,3.91919261829147,0.25316910526857644,0.25611634030041186
next_open,stress,10,unlimited,symbol_order,0.005,678,288,0.2981366459627329,3.7861745533881885,0.6239372176146896,-1.4069536378500613,5.0,3.91919261829147,0.25316910526857644,0.25611634030041186
next_open,cluster_stress,5,2,largest_drop,0.01,491,475,0.4917184265010352,3.734552509193656,0.6155586342192265,-1.5184745224141927,5.0,2.3065373531518087,0.3641058253340032,0.24734341751532338
next_open,cluster_stress,10,unlimited,largest_drop,0.005,678,288,0.2981366459627329,3.6808330003072154,0.6068359321860006,-1.4651235660339434,5.0,3.6822292676122887,0.26111089791816505,0.2369341253472137
next_close,cluster_stress,5,2,liquidity_priority,0.01,491,475,0.4917184265010352,3.6731528385524292,0.6055885589465015,-1.7672424395095976,5.0,2.334045490115137,0.34461419662790416,0.3397926557394324
next_close,cluster_stress,5,2,symbol_order,0.01,491,475,0.4917184265010352,3.6731528385524292,0.6055885589465015,-1.7672424395095976,5.0,2.334045490115137,0.34461419662790416,0.3397926557394324
next_close,stress,10,unlimited,liquidity_priority,0.005,678,288,0.2981366459627329,3.6379962024347234,0.5998776125523131,-1.382549824790258,5.0,3.8079547524310056,0.2533904979220269,0.195939523401642
next_close,stress,10,unlimited,symbol_order,0.005,678,288,0.2981366459627329,3.6379962024347234,0.5998776125523131,-1.382549824790258,5.0,3.8079547524310056,0.2533904979220269,0.195939523401642
next_close,cluster_stress,10,unlimited,largest_drop,0.005,678,288,0.2981366459627329,3.63295610055574,0.5990587515239731,-1.3941763539903507,5.0,3.712565715066685,0.2651346437910322,0.24685964579047576
next_open,base,3,1,largest_drop,0.01,358,608,0.629399585921325,3.6188084611528337,0.5967600194997535,-0.9254002701922115,3.0,2.6075723391413783,0.3156507751570208,0.23081497563338904
next_close,cluster_stress,5,unlimited,liquidity_priority,0.01,491,475,0.4917184265010352,3.6024058773999723,0.5940945732125558,-1.725079182925704,5.0,2.286468098265011,0.3408995009542112,0.35956898007744975
next_close,cluster_stress,5,unlimited,symbol_order,0.01,491,475,0.4917184265010352,3.6024058773999723,0.5940945732125558,-1.725079182925704,5.0,2.286468098265011,0.3408995009542112,0.35956898007744975
next_open,cluster_stress,20,unlimited,largest_drop,0.0025,864,102,0.10559006211180125,3.5788535255440124,0.5902666635347442,-0.6674464423979232,5.0,6.200195742599122,0.20042929606162865,0.2014580690178572
next_open,stress,10,2,liquidity_priority,0.005,676,290,0.3002070393374741,3.5689904333196187,0.5886634224985254,-1.4069536378500613,5.0,3.7294558228935606,0.2520681239892204,0.25312664567459353
next_open,stress,10,2,symbol_order,0.005,676,290,0.3002070393374741,3.5689904333196187,0.5886634224985254,-1.4069536378500613,5.0,3.7294558228935606,0.2520681239892204,0.25312664567459353
next_close,stress,10,2,liquidity_priority,0.005,676,290,0.3002070393374741,3.5469367081545577,0.5850781398022198,-1.4037367718946814,5.0,3.724006383100075,0.25989571989092525,0.19387090025353063
next_close,stress,10,2,symbol_order,0.005,676,290,0.3002070393374741,3.5469367081545577,0.5850781398022198,-1.4037367718946814,5.0,3.724006383100075,0.25989571989092525,0.19387090025353063
next_close,cluster_stress,10,2,largest_drop,0.005,676,290,0.3002070393374741,3.5406727433743512,0.5840596886671268,-1.3941763539903174,5.0,3.6307829531585796,0.27204505794323364,0.23795020950269616
next_close,base,3,2,symbol_order,0.01,361,605,0.6262939958592133,3.532655943147689,0.5827561711011509,-1.112110363574148,3.0,2.5979557161336917,0.28241741460122666,0.3216520642091944
next_close,base,3,2,liquidity_priority,0.01,361,605,0.6262939958592133,3.532655943147689,0.5827561711011509,-1.112110363574148,3.0,2.5979557161336917,0.28241741460122666,0.3216520642091944
next_close,base,3,unlimited,symbol_order,0.01,361,605,0.6262939958592133,3.532655943147689,0.5827561711011509,-1.112110363574148,3.0,2.5979557161336917,0.28241741460122666,0.3216520642091944
next_close,base,3,unlimited,liquidity_priority,0.01,361,605,0.6262939958592133,3.532655943147689,0.5827561711011509,-1.112110363574148,3.0,2.5979557161336917,0.28241741460122666,0.3216520642091944
next_open,stress,3,unlimited,largest_drop,0.01,361,605,0.6262939958592133,3.521268986545789,0.5809045275881664,-0.9901238493581155,3.0,2.4432184997914774,0.2844864415886476,0.21648054263488262
next_open,stress,3,2,largest_drop,0.01,361,605,0.6262939958592133,3.521268986545789,0.5809045275881664,-0.9901238493581155,3.0,2.4432184997914774,0.2844864415886476,0.21648054263488262
next_open,cluster_stress,20,unlimited,symbol_order,0.0025,864,102,0.10559006211180125,3.4898257602167693,0.5757906347365838,-0.6604916550094431,5.0,6.089285882885991,0.1970602022304485,0.2319101492424325
next_open,cluster_stress,20,unlimited,liquidity_priority,0.0025,864,102,0.10559006211180125,3.4898257602167693,0.5757906347365838,-0.6604916550094431,5.0,6.089285882885991,0.1970602022304485,0.2319101492424325
next_close,stress,20,unlimited,symbol_order,0.0025,864,102,0.10559006211180125,3.469416696852856,0.5724706339879537,-0.5354140002001295,5.0,6.066849458550615,0.1841789645244337,0.18929549542086407
next_close,stress,20,unlimited,liquidity_priority,0.0025,864,102,0.10559006211180125,3.469416696852856,0.5724706339879537,-0.5354140002001295,5.0,6.066849458550615,0.1841789645244337,0.18929549542086407
next_close,stress,20,unlimited,largest_drop,0.0025,864,102,0.10559006211180125,3.456375508644083,0.5703489010442153,-0.5354140002001295,5.0,6.095861799032832,0.18998220912707053,0.20200999667483602
next_close,cluster_stress,5,unlimited,largest_drop,0.01,491,475,0.4917184265010352,3.4529249410006235,0.5697874745250076,-1.6827479297739867,5.0,2.2089217689631546,0.3297670287537755,0.2691797760810555
next_open,base,3,unlimited,symbol_order,0.01,361,605,0.6262939958592133,3.440744078469793,0.5678054558648782,-1.148274663076776,3.0,2.4567081462853877,0.2788044072587299,0.37621512536906704
next_open,base,3,2,liquidity_priority,0.01,361,605,0.6262939958592133,3.440744078469793,0.5678054558648782,-1.148274663076776,3.0,2.4567081462853877,0.2788044072587299,0.37621512536906704
next_open,base,3,unlimited,liquidity_priority,0.01,361,605,0.6262939958592133,3.440744078469793,0.5678054558648782,-1.148274663076776,3.0,2.4567081462853877,0.2788044072587299,0.37621512536906704
next_open,base,3,2,symbol_order,0.01,361,605,0.6262939958592133,3.440744078469793,0.5678054558648782,-1.148274663076776,3.0,2.4567081462853877,0.2788044072587299,0.37621512536906704
next_open,cluster_stress,10,2,largest_drop,0.005,676,290,0.3002070393374741,3.4307342269083163,0.5661765494980209,-1.4651235660339434,5.0,3.4628351639738644,0.2767148183344658,0.23671864395329878
next_close,stress,5,1,largest_drop,0.01,479,487,0.5041407867494824,3.41621507384835,0.563813609760011,-1.6153972409748585,5.0,2.325204708593689,0.3575492454676373,0.2840620049206034
next_close,stress,5,1,liquidity_priority,0.01,480,486,0.5031055900621118,3.392514158697746,0.5599557778544151,-1.7397381248129395,5.0,2.2926310438823814,0.35143133670717247,0.23704691391978439
next_close,stress,5,1,symbol_order,0.01,480,486,0.5031055900621118,3.392514158697746,0.5599557778544151,-1.7397381248129395,5.0,2.2926310438823814,0.35143133670717247,0.23704691391978439
next_close,cluster_stress,5,2,largest_drop,0.01,491,475,0.4917184265010352,3.3821349711204984,0.5582661107901732,-1.6827479297739867,5.0,2.1659564835217076,0.3366692364516558,0.27470108117136366
next_open,cluster_stress,5,2,symbol_order,0.01,491,475,0.4917184265010352,3.327124202968945,0.549308341637289,-1.66132570742199,5.0,2.1093367987077696,0.45187015045372597,0.30690125928114936
next_open,cluster_stress,5,2,liquidity_priority,0.01,491,475,0.4917184265010352,3.327124202968945,0.549308341637289,-1.66132570742199,5.0,2.1093367987077696,0.45187015045372597,0.30690125928114936
next_open,stress,5,1,symbol_order,0.01,480,486,0.5031055900621118,3.3232894011030023,0.5486837473108963,-1.6331743194361703,5.0,2.2140032835271195,0.4390255677578889,0.21166692869867296
next_open,stress,5,1,liquidity_priority,0.01,480,486,0.5031055900621118,3.3232894011030023,0.5486837473108963,-1.6331743194361703,5.0,2.2140032835271195,0.4390255677578889,0.21166692869867296
next_open,cluster_stress,10,unlimited,symbol_order,0.005,678,288,0.2981366459627329,3.2940368944859966,0.5439186025841813,-1.4207435447509131,5.0,3.4188124524955326,0.2803238088401184,0.27891253943508026
next_open,cluster_stress,10,unlimited,liquidity_priority,0.005,678,288,0.2981366459627329,3.2940368944859966,0.5439186025841813,-1.4207435447509131,5.0,3.4188124524955326,0.2803238088401184,0.27891253943508026
next_open,cluster_stress,5,1,largest_drop,0.01,479,487,0.5041407867494824,3.2891499576632732,0.5431224258456879,-1.560489657569919,5.0,2.1172052716531073,0.4359187423922118,0.25814832838494434
next_open,cluster_stress,5,unlimited,symbol_order,0.01,491,475,0.4917184265010352,3.253506472101164,0.5373144622932813,-1.634959289721294,5.0,2.0656059226757586,0.45220570960890766,0.3494479969128451
next_open,cluster_stress,5,unlimited,liquidity_priority,0.01,491,475,0.4917184265010352,3.253506472101164,0.5373144622932813,-1.634959289721294,5.0,2.0656059226757586,0.45220570960890766,0.3494479969128451
next_open,base,15,unlimited,largest_drop,0.0025,790,176,0.18219461697722567,3.248379833944526,0.5364789597749109,-0.7005518083403439,3.75,6.004565380980645,0.19097080445829817,0.18144891759882065
next_close,cluster_stress,20,1,largest_drop,0.01,588,378,0.391304347826087,3.2406946940462644,0.535226426388391,-2.9046579414307883,9.0,1.9807681336392469,0.4251532257020433,0.2590035225054544
next_close,cluster_stress,unlimited,1,symbol_order,0.01,588,378,0.391304347826087,3.2406946940462644,0.535226426388391,-2.9046579414307883,9.0,1.9807681336392469,0.4251532257020433,0.2590035225054544
next_close,cluster_stress,20,1,symbol_order,0.01,588,378,0.391304347826087,3.2406946940462644,0.535226426388391,-2.9046579414307883,9.0,1.9807681336392469,0.4251532257020433,0.2590035225054544
next_close,cluster_stress,20,1,liquidity_priority,0.01,588,378,0.391304347826087,3.2406946940462644,0.535226426388391,-2.9046579414307883,9.0,1.9807681336392469,0.4251532257020433,0.2590035225054544
next_close,cluster_stress,10,1,symbol_order,0.01,588,378,0.391304347826087,3.2406946940462644,0.535226426388391,-2.9046579414307883,9.0,1.9807681336392469,0.4251532257020433,0.2590035225054544
next_close,cluster_stress,10,1,largest_drop,0.01,588,378,0.391304347826087,3.2406946940462644,0.535226426388391,-2.9046579414307883,9.0,1.9807681336392469,0.4251532257020433,0.2590035225054544
next_close,cluster_stress,10,1,liquidity_priority,0.01,588,378,0.391304347826087,3.2406946940462644,0.535226426388391,-2.9046579414307883,9.0,1.9807681336392469,0.4251532257020433,0.2590035225054544
next_close,cluster_stress,unlimited,1,liquidity_priority,0.01,588,378,0.391304347826087,3.2406946940462644,0.535226426388391,-2.9046579414307883,9.0,1.9807681336392469,0.4251532257020433,0.2590035225054544
next_close,cluster_stress,15,1,symbol_order,0.01,588,378,0.391304347826087,3.2406946940462644,0.535226426388391,-2.9046579414307883,9.0,1.9807681336392469,0.4251532257020433,0.2590035225054544
next_close,cluster_stress,15,1,largest_drop,0.01,588,378,0.391304347826087,3.2406946940462644,0.535226426388391,-2.9046579414307883,9.0,1.9807681336392469,0.4251532257020433,0.2590035225054544
next_close,cluster_stress,15,1,liquidity_priority,0.01,588,378,0.391304347826087,3.2406946940462644,0.535226426388391,-2.9046579414307883,9.0,1.9807681336392469,0.4251532257020433,0.2590035225054544
next_close,cluster_stress,unlimited,1,largest_drop,0.01,588,378,0.391304347826087,3.2406946940462644,0.535226426388391,-2.9046579414307883,9.0,1.9807681336392469,0.4251532257020433,0.2590035225054544
next_close,stress,3,unlimited,largest_drop,0.01,361,605,0.6262939958592133,3.182930879757029,0.5258095246717831,-1.0478934551779062,3.0,2.3264659246816977,0.29269738508544624,0.23174160708706693
next_close,stress,3,2,largest_drop,0.01,361,605,0.6262939958592133,3.182930879757029,0.5258095246717831,-1.0478934551779062,3.0,2.3264659246816977,0.29269738508544624,0.23174160708706693
next_close,cluster_stress,20,unlimited,symbol_order,0.0025,864,102,0.10559006211180125,3.1571312196333023,0.5216021366549306,-0.5470267176149735,5.0,5.530199793830215,0.1960861245902873,0.19911874184242936
next_close,cluster_stress,20,unlimited,liquidity_priority,0.0025,864,102,0.10559006211180125,3.1571312196333023,0.5216021366549306,-0.5470267176149735,5.0,5.530199793830215,0.1960861245902873,0.19911874184242936
next_close,cluster_stress,10,unlimited,symbol_order,0.005,678,288,0.2981366459627329,3.1466705749921386,0.5198959734205033,-1.4533164465201365,5.0,3.3025142699397736,0.2835061287458306,0.2081148104033781
next_close,cluster_stress,10,unlimited,liquidity_priority,0.005,678,288,0.2981366459627329,3.1466705749921386,0.5198959734205033,-1.4533164465201365,5.0,3.3025142699397736,0.2835061287458306,0.2081148104033781
next_close,cluster_stress,20,unlimited,largest_drop,0.0025,864,102,0.10559006211180125,3.144132499571106,0.5194819838139297,-0.5470267176149735,5.0,5.554615518644111,0.20250572394052016,0.20942548842105976
next_open,cluster_stress,10,2,symbol_order,0.005,676,290,0.3002070393374741,3.0799542297882176,0.5090109419625399,-1.4207435447509131,5.0,3.2268008621823845,0.28100124861068904,0.2771626037822065
next_open,cluster_stress,10,2,liquidity_priority,0.005,676,290,0.3002070393374741,3.0799542297882176,0.5090109419625399,-1.4207435447509131,5.0,3.2268008621823845,0.28100124861068904,0.2771626037822065
next_open,cluster_stress,3,unlimited,largest_drop,0.01,361,605,0.6262939958592133,3.0768585374573165,0.508505725314734,-1.0403850376692114,3.0,2.1397526258246504,0.3165699156858697,0.23460909785507572
next_open,cluster_stress,3,2,largest_drop,0.01,361,605,0.6262939958592133,3.0768585374573165,0.508505725314734,-1.0403850376692114,3.0,2.1397526258246504,0.3165699156858697,0.23460909785507572
next_close,base,15,unlimited,largest_drop,0.0025,790,176,0.18219461697722567,3.071812286057307,0.5076821505590745,-0.5720456917538752,3.75,5.862955957611771,0.19437410259671548,0.18925706961200495
next_close,base,3,1,largest_drop,0.01,358,608,0.629399585921325,3.065827154453804,0.5067053020945789,-0.999039508500188,3.0,2.3174582607796625,0.3097991704128181,0.26518755469227207
next_close,cluster_stress,10,2,symbol_order,0.005,676,290,0.3002070393374741,3.057989765887714,0.505426070664905,-1.4744672093257472,5.0,3.2191887186728265,0.29172772358689275,0.20719467973481068
next_close,cluster_stress,10,2,liquidity_priority,0.005,676,290,0.3002070393374741,3.057989765887714,0.505426070664905,-1.4744672093257472,5.0,3.2191887186728265,0.29172772358689275,0.20719467973481068
next_close,base,unlimited,2,liquidity_priority,0.0025,781,185,0.1915113871635611,3.0467663919275356,0.5035940320801124,-0.5754109334231372,4.5,5.809643615762573,0.1957182391561819,0.1693409786327305
next_close,base,20,2,symbol_order,0.0025,781,185,0.1915113871635611,3.0467663919275356,0.5035940320801124,-0.5754109334231372,4.5,5.809643615762573,0.1957182391561819,0.1693409786327305
next_close,base,unlimited,2,largest_drop,0.0025,781,185,0.1915113871635611,3.0467663919275356,0.5035940320801124,-0.5754109334231372,4.5,5.809643615762573,0.1957182391561819,0.1693409786327305
next_close,base,unlimited,2,symbol_order,0.0025,781,185,0.1915113871635611,3.0467663919275356,0.5035940320801124,-0.5754109334231372,4.5,5.809643615762573,0.1957182391561819,0.1693409786327305
next_close,base,20,2,liquidity_priority,0.0025,781,185,0.1915113871635611,3.0467663919275356,0.5035940320801124,-0.5754109334231372,4.5,5.809643615762573,0.1957182391561819,0.1693409786327305
next_close,base,20,2,largest_drop,0.0025,781,185,0.1915113871635611,3.0467663919275356,0.5035940320801124,-0.5754109334231372,4.5,5.809643615762573,0.1957182391561819,0.1693409786327305
next_close,base,15,unlimited,liquidity_priority,0.0025,790,176,0.18219461697722567,2.9974154670517894,0.4955363008675606,-0.5879886692402247,3.75,5.691756276393758,0.19919853053778805,0.19883037342832457
next_close,base,15,unlimited,symbol_order,0.0025,790,176,0.18219461697722567,2.9974154670517894,0.4955363008675606,-0.5879886692402247,3.75,5.691756276393758,0.19919853053778805,0.19883037342832457
next_open,base,15,unlimited,liquidity_priority,0.0025,790,176,0.18219461697722567,2.9628395055086187,0.4898890242081011,-0.7221874082066759,3.75,5.708381367788201,0.2093754011721289,0.22964524402171882
next_open,base,15,unlimited,symbol_order,0.0025,790,176,0.18219461697722567,2.9628395055086187,0.4898890242081011,-0.7221874082066759,3.75,5.708381367788201,0.2093754011721289,0.22964524402171882
next_open,base,unlimited,2,largest_drop,0.0025,781,185,0.1915113871635611,2.957277821993509,0.4889804894572247,-0.7256911779593644,4.5,5.725793812468069,0.2268187695615656,0.19778534302932543
next_open,base,unlimited,2,symbol_order,0.0025,781,185,0.1915113871635611,2.957277821993509,0.4889804894572247,-0.7256911779593644,4.5,5.725793812468069,0.2268187695615656,0.19778534302932543
next_open,base,20,2,largest_drop,0.0025,781,185,0.1915113871635611,2.957277821993509,0.4889804894572247,-0.7256911779593644,4.5,5.725793812468069,0.2268187695615656,0.19778534302932543
next_open,base,unlimited,2,liquidity_priority,0.0025,781,185,0.1915113871635611,2.957277821993509,0.4889804894572247,-0.7256911779593644,4.5,5.725793812468069,0.2268187695615656,0.19778534302932543
next_open,base,20,2,symbol_order,0.0025,781,185,0.1915113871635611,2.957277821993509,0.4889804894572247,-0.7256911779593644,4.5,5.725793812468069,0.2268187695615656,0.19778534302932543
next_open,base,20,2,liquidity_priority,0.0025,781,185,0.1915113871635611,2.957277821993509,0.4889804894572247,-0.7256911779593644,4.5,5.725793812468069,0.2268187695615656,0.19778534302932543
next_open,base,unlimited,1,liquidity_priority,0.005,588,378,0.391304347826087,2.9497716695134457,0.48775424910776355,-1.056812302846566,4.5,3.473406825557089,0.30152155342910353,0.19834475359738987
next_open,base,10,1,largest_drop,0.005,588,378,0.391304347826087,2.9497716695134457,0.48775424910776355,-1.056812302846566,4.5,3.473406825557089,0.30152155342910353,0.19834475359738987
next_open,base,10,1,liquidity_priority,0.005,588,378,0.391304347826087,2.9497716695134457,0.48775424910776355,-1.056812302846566,4.5,3.473406825557089,0.30152155342910353,0.19834475359738987
next_open,base,15,1,symbol_order,0.005,588,378,0.391304347826087,2.9497716695134457,0.48775424910776355,-1.056812302846566,4.5,3.473406825557089,0.30152155342910353,0.19834475359738987
next_open,base,15,1,largest_drop,0.005,588,378,0.391304347826087,2.9497716695134457,0.48775424910776355,-1.056812302846566,4.5,3.473406825557089,0.30152155342910353,0.19834475359738987
next_open,base,15,1,liquidity_priority,0.005,588,378,0.391304347826087,2.9497716695134457,0.48775424910776355,-1.056812302846566,4.5,3.473406825557089,0.30152155342910353,0.19834475359738987
next_open,base,unlimited,1,largest_drop,0.005,588,378,0.391304347826087,2.9497716695134457,0.48775424910776355,-1.056812302846566,4.5,3.473406825557089,0.30152155342910353,0.19834475359738987
next_open,base,20,1,symbol_order,0.005,588,378,0.391304347826087,2.9497716695134457,0.48775424910776355,-1.056812302846566,4.5,3.473406825557089,0.30152155342910353,0.19834475359738987
next_open,base,10,1,symbol_order,0.005,588,378,0.391304347826087,2.9497716695134457,0.48775424910776355,-1.056812302846566,4.5,3.473406825557089,0.30152155342910353,0.19834475359738987
next_open,base,unlimited,1,symbol_order,0.005,588,378,0.391304347826087,2.9497716695134457,0.48775424910776355,-1.056812302846566,4.5,3.473406825557089,0.30152155342910353,0.19834475359738987
next_open,base,20,1,liquidity_priority,0.005,588,378,0.391304347826087,2.9497716695134457,0.48775424910776355,-1.056812302846566,4.5,3.473406825557089,0.30152155342910353,0.19834475359738987
next_open,base,20,1,largest_drop,0.005,588,378,0.391304347826087,2.9497716695134457,0.48775424910776355,-1.056812302846566,4.5,3.473406825557089,0.30152155342910353,0.19834475359738987
next_open,stress,3,1,largest_drop,0.01,358,608,0.629399585921325,2.9495364164731086,0.4877158158622441,-0.9869028776319455,3.0,2.1355997139975824,0.3720794235853179,0.25466333118498485
next_close,base,3,1,symbol_order,0.01,358,608,0.629399585921325,2.898745147683246,0.4794163430026144,-1.1214754186336329,3.0,2.2140735981579565,0.33505928474354335,0.3778878663531713
next_close,base,3,1,liquidity_priority,0.01,358,608,0.629399585921325,2.898745147683246,0.4794163430026144,-1.1214754186336329,3.0,2.2140735981579565,0.33505928474354335,0.3778878663531713
next_open,stress,15,unlimited,largest_drop,0.0025,790,176,0.18219461697722567,2.878650780734149,0.476131910707589,-0.714604474416114,3.75,5.336344496211046,0.20678955955670936,0.19085547328706667
next_close,base,15,2,largest_drop,0.0025,768,198,0.20496894409937888,2.8702212030406793,0.4747539338318951,-0.5754109334231372,3.75,5.524571816149275,0.20924141263198287,0.17806017021092296
next_close,stress,3,unlimited,liquidity_priority,0.01,361,605,0.6262939958592133,2.8584684654389347,0.4728325655181109,-1.16797673017357,3.0,2.112400673835387,0.3334203226264855,0.35738302827167984
next_close,stress,3,unlimited,symbol_order,0.01,361,605,0.6262939958592133,2.8584684654389347,0.4728325655181109,-1.16797673017357,3.0,2.112400673835387,0.3334203226264855,0.35738302827167984
next_close,stress,3,2,liquidity_priority,0.01,361,605,0.6262939958592133,2.8584684654389347,0.4728325655181109,-1.16797673017357,3.0,2.112400673835387,0.3334203226264855,0.35738302827167984
next_close,stress,3,2,symbol_order,0.01,361,605,0.6262939958592133,2.8584684654389347,0.4728325655181109,-1.16797673017357,3.0,2.112400673835387,0.3334203226264855,0.35738302827167984
next_open,base,3,1,liquidity_priority,0.01,358,608,0.629399585921325,2.841005898172133,0.46997740169840707,-1.140007854562386,3.0,2.1524781043380807,0.3713673568969559,0.3047053866865935
next_open,base,3,1,symbol_order,0.01,358,608,0.629399585921325,2.841005898172133,0.46997740169840707,-1.140007854562386,3.0,2.1524781043380807,0.3713673568969559,0.3047053866865935
next_close,base,15,2,liquidity_priority,0.0025,768,198,0.20496894409937888,2.8031599960151476,0.4637881371472474,-0.5754109334231372,3.75,5.432442857214046,0.21424718529953496,0.1732921234081438
next_close,base,15,2,symbol_order,0.0025,768,198,0.20496894409937888,2.8031599960151476,0.4637881371472474,-0.5754109334231372,3.75,5.432442857214046,0.21424718529953496,0.1732921234081438
next_open,stress,3,unlimited,liquidity_priority,0.01,361,605,0.6262939958592133,2.7672452595093766,0.45791293799439803,-1.209420888125723,3.0,1.9856062846075286,0.330558756656351,0.4260418046682214
next_open,stress,3,2,symbol_order,0.01,361,605,0.6262939958592133,2.7672452595093766,0.45791293799439803,-1.209420888125723,3.0,1.9856062846075286,0.330558756656351,0.4260418046682214
next_open,stress,3,unlimited,symbol_order,0.01,361,605,0.6262939958592133,2.7672452595093766,0.45791293799439803,-1.209420888125723,3.0,1.9856062846075286,0.330558756656351,0.4260418046682214
next_open,stress,3,2,liquidity_priority,0.01,361,605,0.6262939958592133,2.7672452595093766,0.45791293799439803,-1.209420888125723,3.0,1.9856062846075286,0.330558756656351,0.4260418046682214
next_open,base,15,2,largest_drop,0.0025,768,198,0.20496894409937888,2.7637000297593195,0.45733289029594726,-0.7256911779593644,3.75,5.397484530952359,0.23733828144064528,0.19162815058071087
next_close,cluster_stress,5,1,largest_drop,0.01,479,487,0.5041407867494824,2.7623508474569736,0.45711214138492995,-1.6814970608539204,5.0,1.8876241249720807,0.42547340589924393,0.316266087783833
next_close,cluster_stress,5,1,symbol_order,0.01,480,486,0.5031055900621118,2.7409320467736586,0.4536073421512521,-1.8056325858818778,5.0,1.8592705907309703,0.4181495206886833,0.264318783664876
next_close,cluster_stress,5,1,liquidity_priority,0.01,480,486,0.5031055900621118,2.7409320467736586,0.4536073421512521,-1.8056325858818778,5.0,1.8592705907309703,0.4181495206886833,0.264318783664876
next_close,cluster_stress,3,unlimited,largest_drop,0.01,361,605,0.6262939958592133,2.7399182141661482,0.4534414317076241,-1.0899820342964217,3.0,2.007771446288147,0.3299438102983,0.25446570274539865
next_close,cluster_stress,3,2,largest_drop,0.01,361,605,0.6262939958592133,2.7399182141661482,0.4534414317076241,-1.0899820342964217,3.0,2.007771446288147,0.3299438102983,0.25446570274539865
next_open,base,15,2,symbol_order,0.0025,768,198,0.20496894409937888,2.704827552425093,0.44769811754348243,-0.7256911779593644,3.75,5.3207254586527535,0.2425041163502058,0.1907029628369143
next_open,base,15,2,liquidity_priority,0.0025,768,198,0.20496894409937888,2.704827552425093,0.44769811754348243,-0.7256911779593644,3.75,5.3207254586527535,0.2425041163502058,0.1907029628369143
next_close,stress,15,unlimited,largest_drop,0.0025,790,176,0.18219461697722567,2.7028903277954264,0.44738100299070993,-0.5853496633780986,3.75,5.173580978736295,0.21163969782925696,0.1957530616220183
next_open,base,5,unlimited,largest_drop,0.005,491,475,0.4917184265010352,2.702387940755946,0.4472987637839543,-0.74264302306154,2.5,3.326269390335666,0.2717066227711965,0.21619131150274207
next_close,stress,unlimited,2,liquidity_priority,0.0025,781,185,0.1915113871635611,2.6821181556706764,0.44398038314439336,-0.5882636792587603,4.5,5.128854166352208,0.21282216959465514,0.17405318325495406
next_close,stress,20,2,symbol_order,0.0025,781,185,0.1915113871635611,2.6821181556706764,0.44398038314439336,-0.5882636792587603,4.5,5.128854166352208,0.21282216959465514,0.17405318325495406
next_close,stress,20,2,largest_drop,0.0025,781,185,0.1915113871635611,2.6821181556706764,0.44398038314439336,-0.5882636792587603,4.5,5.128854166352208,0.21282216959465514,0.17405318325495406
next_close,stress,20,2,liquidity_priority,0.0025,781,185,0.1915113871635611,2.6821181556706764,0.44398038314439336,-0.5882636792587603,4.5,5.128854166352208,0.21282216959465514,0.17405318325495406
next_close,stress,unlimited,2,symbol_order,0.0025,781,185,0.1915113871635611,2.6821181556706764,0.44398038314439336,-0.5882636792587603,4.5,5.128854166352208,0.21282216959465514,0.17405318325495406
next_close,stress,unlimited,2,largest_drop,0.0025,781,185,0.1915113871635611,2.6821181556706764,0.44398038314439336,-0.5882636792587603,4.5,5.128854166352208,0.21282216959465514,0.17405318325495406
next_open,cluster_stress,5,1,liquidity_priority,0.01,480,486,0.5031055900621118,2.6724440203835353,0.44239643143679785,-1.7062956536732177,5.0,1.7867860566555807,0.5285461273159957,0.23359572838460244
next_open,cluster_stress,5,1,symbol_order,0.01,480,486,0.5031055900621118,2.6724440203835353,0.44239643143679785,-1.7062956536732177,5.0,1.7867860566555807,0.5285461273159957,0.23359572838460244
next_open,base,5,2,largest_drop,0.005,491,475,0.4917184265010352,2.634250698481,0.43614180299116345,-0.74264302306154,2.5,3.2610569126383826,0.27873455674655573,0.22170565473013162
next_close,stress,15,unlimited,liquidity_priority,0.0025,790,176,0.18219461697722567,2.62883354095389,0.43525451957879824,-0.6012746491828036,3.75,5.006159595744187,0.21760179308754451,0.20699124291364807
next_close,stress,15,unlimited,symbol_order,0.0025,790,176,0.18219461697722567,2.62883354095389,0.43525451957879824,-0.6012746491828036,3.75,5.006159595744187,0.21760179308754451,0.20699124291364807
next_close,base,5,2,liquidity_priority,0.005,491,475,0.4917184265010352,2.6038160300635216,0.43115636234796195,-0.8117257719924442,2.5,3.3152350592191495,0.26402278595650047,0.2715314762628662
next_close,base,5,2,symbol_order,0.005,491,475,0.4917184265010352,2.6038160300635216,0.43115636234796195,-0.8117257719924442,2.5,3.3152350592191495,0.26402278595650047,0.2715314762628662
next_open,stress,15,unlimited,symbol_order,0.0025,790,176,0.18219461697722567,2.594415545924811,0.42961623942148197,-0.7362154957372136,3.75,5.012869724483815,0.2294447117388819,0.24605225854030474
next_open,stress,15,unlimited,liquidity_priority,0.0025,790,176,0.18219461697722567,2.594415545924811,0.42961623942148197,-0.7362154957372136,3.75,5.012869724483815,0.2294447117388819,0.24605225854030474
next_open,cluster_stress,15,unlimited,largest_drop,0.0025,790,176,0.18219461697722567,2.593435510462694,0.42945566911041233,-0.7237997129430074,3.75,4.8157594746238335,0.22239239853957327,0.2027704290642277
next_open,stress,20,2,largest_drop,0.0025,781,185,0.1915113871635611,2.5930349011181963,0.4293900323758981,-0.7401620335416026,4.5,5.034827696941127,0.24881255196792756,0.20612683170037693
next_open,stress,20,2,symbol_order,0.0025,781,185,0.1915113871635611,2.5930349011181963,0.4293900323758981,-0.7401620335416026,4.5,5.034827696941127,0.24881255196792756,0.20612683170037693
next_open,stress,20,2,liquidity_priority,0.0025,781,185,0.1915113871635611,2.5930349011181963,0.4293900323758981,-0.7401620335416026,4.5,5.034827696941127,0.24881255196792756,0.20612683170037693
next_open,stress,unlimited,2,symbol_order,0.0025,781,185,0.1915113871635611,2.5930349011181963,0.4293900323758981,-0.7401620335416026,4.5,5.034827696941127,0.24881255196792756,0.20612683170037693
next_open,stress,unlimited,2,largest_drop,0.0025,781,185,0.1915113871635611,2.5930349011181963,0.4293900323758981,-0.7401620335416026,4.5,5.034827696941127,0.24881255196792756,0.20612683170037693
next_open,stress,unlimited,2,liquidity_priority,0.0025,781,185,0.1915113871635611,2.5930349011181963,0.4293900323758981,-0.7401620335416026,4.5,5.034827696941127,0.24881255196792756,0.20612683170037693
next_close,base,15,1,symbol_order,0.005,588,378,0.391304347826087,2.5723820182832924,0.4260059285532858,-1.3379380483199532,4.5,3.142848532183021,0.2928313838353054,0.20347549044805002
next_close,base,10,1,largest_drop,0.005,588,378,0.391304347826087,2.5723820182832924,0.4260059285532858,-1.3379380483199532,4.5,3.142848532183021,0.2928313838353054,0.20347549044805002
next_close,base,10,1,symbol_order,0.005,588,378,0.391304347826087,2.5723820182832924,0.4260059285532858,-1.3379380483199532,4.5,3.142848532183021,0.2928313838353054,0.20347549044805002
next_close,base,10,1,liquidity_priority,0.005,588,378,0.391304347826087,2.5723820182832924,0.4260059285532858,-1.3379380483199532,4.5,3.142848532183021,0.2928313838353054,0.20347549044805002
next_close,base,20,1,liquidity_priority,0.005,588,378,0.391304347826087,2.5723820182832924,0.4260059285532858,-1.3379380483199532,4.5,3.142848532183021,0.2928313838353054,0.20347549044805002
next_close,base,20,1,largest_drop,0.005,588,378,0.391304347826087,2.5723820182832924,0.4260059285532858,-1.3379380483199532,4.5,3.142848532183021,0.2928313838353054,0.20347549044805002
next_close,base,15,1,largest_drop,0.005,588,378,0.391304347826087,2.5723820182832924,0.4260059285532858,-1.3379380483199532,4.5,3.142848532183021,0.2928313838353054,0.20347549044805002
next_close,base,15,1,liquidity_priority,0.005,588,378,0.391304347826087,2.5723820182832924,0.4260059285532858,-1.3379380483199532,4.5,3.142848532183021,0.2928313838353054,0.20347549044805002
next_close,base,unlimited,1,largest_drop,0.005,588,378,0.391304347826087,2.5723820182832924,0.4260059285532858,-1.3379380483199532,4.5,3.142848532183021,0.2928313838353054,0.20347549044805002
next_close,base,20,1,symbol_order,0.005,588,378,0.391304347826087,2.5723820182832924,0.4260059285532858,-1.3379380483199532,4.5,3.142848532183021,0.2928313838353054,0.20347549044805002
next_close,base,unlimited,1,liquidity_priority,0.005,588,378,0.391304347826087,2.5723820182832924,0.4260059285532858,-1.3379380483199532,4.5,3.142848532183021,0.2928313838353054,0.20347549044805002
next_close,base,unlimited,1,symbol_order,0.005,588,378,0.391304347826087,2.5723820182832924,0.4260059285532858,-1.3379380483199532,4.5,3.142848532183021,0.2928313838353054,0.20347549044805002
next_close,base,5,unlimited,symbol_order,0.005,491,475,0.4917184265010352,2.5687403036431578,0.42540915202977647,-0.790390483978487,2.5,3.266128692751422,0.2603020212925608,0.2851787369714374
next_close,base,5,unlimited,liquidity_priority,0.005,491,475,0.4917184265010352,2.5687403036431578,0.42540915202977647,-0.790390483978487,2.5,3.266128692751422,0.2603020212925608,0.2851787369714374
next_close,stress,15,2,largest_drop,0.0025,768,198,0.20496894409937888,2.5123703770431494,0.41616942598483586,-0.5882636792587603,3.75,4.849400673312333,0.22907567380651772,0.184903759907762
next_open,cluster_stress,3,1,largest_drop,0.01,358,608,0.629399585921325,2.5116172292432903,0.41604594713824383,-1.0371688669244206,3.0,1.8227793480194696,0.42587267603798895,0.2758115259112464
next_close,base,5,unlimited,largest_drop,0.005,491,475,0.4917184265010352,2.494493563098854,0.41323831221293794,-0.7689215822161755,2.5,3.195712816855961,0.25018421347662184,0.2354004721832659
next_close,base,5,2,largest_drop,0.005,491,475,0.4917184265010352,2.459345664479673,0.40747415968820366,-0.7689215822161755,2.5,3.15341044797129,0.2537597374456188,0.23872002039806828
next_close,stress,15,2,liquidity_priority,0.0025,768,198,0.20496894409937888,2.4456089061416497,0.4052209240418714,-0.6133680895357041,3.75,4.752873593952482,0.23532909760321266,0.17852141047641057
next_close,stress,15,2,symbol_order,0.0025,768,198,0.20496894409937888,2.4456089061416497,0.4052209240418714,-0.6133680895357041,3.75,4.752873593952482,0.23532909760321266,0.17852141047641057
next_open,base,5,2,symbol_order,0.005,491,475,0.4917184265010352,2.4320283631583006,0.4029930650427671,-0.75101322174842,2.5,3.0868088391776833,0.33132617497823225,0.2442810203036734
next_open,base,5,2,liquidity_priority,0.005,491,475,0.4917184265010352,2.4320283631583006,0.4029930650427671,-0.75101322174842,2.5,3.0868088391776833,0.33132617497823225,0.2442810203036734
next_close,cluster_stress,15,unlimited,largest_drop,0.0025,790,176,0.18219461697722567,2.41839141310487,0.40075570510169634,-0.5946676254865335,3.75,4.635908420823192,0.22887145528121264,0.2034980498159839
next_close,cluster_stress,3,2,symbol_order,0.01,361,605,0.6262939958592133,2.4168101930823527,0.4004962645990817,-1.2098965418058105,3.0,1.7912272392410804,0.3828958532993391,0.3955530752422211
next_close,cluster_stress,3,unlimited,liquidity_priority,0.01,361,605,0.6262939958592133,2.4168101930823527,0.4004962645990817,-1.2098965418058105,3.0,1.7912272392410804,0.3828958532993391,0.3955530752422211
next_close,cluster_stress,3,unlimited,symbol_order,0.01,361,605,0.6262939958592133,2.4168101930823527,0.4004962645990817,-1.2098965418058105,3.0,1.7912272392410804,0.3828958532993391,0.3955530752422211
next_close,cluster_stress,3,2,liquidity_priority,0.01,361,605,0.6262939958592133,2.4168101930823527,0.4004962645990817,-1.2098965418058105,3.0,1.7912272392410804,0.3828958532993391,0.3955530752422211
next_open,stress,15,2,largest_drop,0.0025,768,198,0.20496894409937888,2.406325280266608,0.3987758560284993,-0.7401620335416026,3.75,4.712779515584387,0.2621494166654093,0.19941659026016617
next_open,stress,20,1,largest_drop,0.005,588,378,0.391304347826087,2.403362507454987,0.39828968523387687,-1.1166868385586892,4.5,2.841158453377946,0.3542153350001063,0.21977545117131483
next_open,stress,unlimited,1,symbol_order,0.005,588,378,0.391304347826087,2.403362507454987,0.39828968523387687,-1.1166868385586892,4.5,2.841158453377946,0.3542153350001063,0.21977545117131483
next_open,stress,20,1,liquidity_priority,0.005,588,378,0.391304347826087,2.403362507454987,0.39828968523387687,-1.1166868385586892,4.5,2.841158453377946,0.3542153350001063,0.21977545117131483
next_open,stress,20,1,symbol_order,0.005,588,378,0.391304347826087,2.403362507454987,0.39828968523387687,-1.1166868385586892,4.5,2.841158453377946,0.3542153350001063,0.21977545117131483
next_open,stress,unlimited,1,largest_drop,0.005,588,378,0.391304347826087,2.403362507454987,0.39828968523387687,-1.1166868385586892,4.5,2.841158453377946,0.3542153350001063,0.21977545117131483
next_open,stress,15,1,largest_drop,0.005,588,378,0.391304347826087,2.403362507454987,0.39828968523387687,-1.1166868385586892,4.5,2.841158453377946,0.3542153350001063,0.21977545117131483
next_open,stress,15,1,liquidity_priority,0.005,588,378,0.391304347826087,2.403362507454987,0.39828968523387687,-1.1166868385586892,4.5,2.841158453377946,0.3542153350001063,0.21977545117131483
next_open,stress,unlimited,1,liquidity_priority,0.005,588,378,0.391304347826087,2.403362507454987,0.39828968523387687,-1.1166868385586892,4.5,2.841158453377946,0.3542153350001063,0.21977545117131483
next_open,stress,15,1,symbol_order,0.005,588,378,0.391304347826087,2.403362507454987,0.39828968523387687,-1.1166868385586892,4.5,2.841158453377946,0.3542153350001063,0.21977545117131483
next_open,stress,10,1,liquidity_priority,0.005,588,378,0.391304347826087,2.403362507454987,0.39828968523387687,-1.1166868385586892,4.5,2.841158453377946,0.3542153350001063,0.21977545117131483
next_open,stress,10,1,largest_drop,0.005,588,378,0.391304347826087,2.403362507454987,0.39828968523387687,-1.1166868385586892,4.5,2.841158453377946,0.3542153350001063,0.21977545117131483
next_open,stress,10,1,symbol_order,0.005,588,378,0.391304347826087,2.403362507454987,0.39828968523387687,-1.1166868385586892,4.5,2.841158453377946,0.3542153350001063,0.21977545117131483
next_close,stress,3,1,largest_drop,0.01,358,608,0.629399585921325,2.400663762510602,0.39784682941717,-1.055080557891519,3.0,1.8237626199291284,0.37708181491228976,0.303703676506964
next_open,base,5,1,largest_drop,0.005,479,487,0.5041407867494824,2.400265409934499,0.39778146015096993,-0.7638375700690592,2.5,3.092732507667173,0.32092017447673143,0.22116040562382983
next_close,cluster_stress,unlimited,2,liquidity_priority,0.0025,781,185,0.1915113871635611,2.3960798692581164,0.397094604239423,-0.5971306309026647,4.5,4.590461762880689,0.23010751116939196,0.17955357474143707
next_close,cluster_stress,unlimited,2,largest_drop,0.0025,781,185,0.1915113871635611,2.3960798692581164,0.397094604239423,-0.5971306309026647,4.5,4.590461762880689,0.23010751116939196,0.17955357474143707
next_close,cluster_stress,unlimited,2,symbol_order,0.0025,781,185,0.1915113871635611,2.3960798692581164,0.397094604239423,-0.5971306309026647,4.5,4.590461762880689,0.23010751116939196,0.17955357474143707
next_close,cluster_stress,20,2,liquidity_priority,0.0025,781,185,0.1915113871635611,2.3960798692581164,0.397094604239423,-0.5971306309026647,4.5,4.590461762880689,0.23010751116939196,0.17955357474143707
next_close,cluster_stress,20,2,largest_drop,0.0025,781,185,0.1915113871635611,2.3960798692581164,0.397094604239423,-0.5971306309026647,4.5,4.590461762880689,0.23010751116939196,0.17955357474143707
next_close,cluster_stress,20,2,symbol_order,0.0025,781,185,0.1915113871635611,2.3960798692581164,0.397094604239423,-0.5971306309026647,4.5,4.590461762880689,0.23010751116939196,0.17955357474143707
next_open,base,5,unlimited,liquidity_priority,0.005,491,475,0.4917184265010352,2.3954520915548727,0.39699158259942635,-0.7376766440333915,2.5,3.044052381891745,0.32969761894190924,0.2730007142548365
next_open,base,5,unlimited,symbol_order,0.005,491,475,0.4917184265010352,2.3954520915548727,0.39699158259942635,-0.7376766440333915,2.5,3.044052381891745,0.32969761894190924,0.2730007142548365
next_open,base,10,unlimited,largest_drop,0.0025,678,288,0.2981366459627329,2.381804890213357,0.39475187471769146,-0.7172502034516359,2.5,4.786263197989977,0.21820286072344716,0.21522004788573804
next_close,base,10,unlimited,largest_drop,0.0025,678,288,0.2981366459627329,2.358100776284333,0.39086108760211236,-0.6310791577921138,2.5,4.839900904478125,0.218935438725912,0.2226276375649558
next_open,stress,15,2,symbol_order,0.0025,768,198,0.20496894409937888,2.3477158780800034,0.3891562767633472,-0.7401620335416026,3.75,4.631267278163996,0.268693828933427,0.20139658017582124
next_open,stress,15,2,liquidity_priority,0.0025,768,198,0.20496894409937888,2.3477158780800034,0.3891562767633472,-0.7401620335416026,3.75,4.631267278163996,0.268693828933427,0.20139658017582124
next_close,cluster_stress,15,unlimited,symbol_order,0.0025,790,176,0.18219461697722567,2.344621729059404,0.3886483056790846,-0.6126466766500416,3.75,4.471442792327861,0.23607252090892666,0.2165018252693515
next_close,cluster_stress,15,unlimited,liquidity_priority,0.0025,790,176,0.18219461697722567,2.344621729059404,0.3886483056790846,-0.6126466766500416,3.75,4.471442792327861,0.23607252090892666,0.2165018252693515
next_open,cluster_stress,3,unlimited,liquidity_priority,0.01,361,605,0.6262939958592133,2.3263932096200035,0.38565544271791374,-1.2840899495683566,3.0,1.6736568571631731,0.3813176812783085,0.4783998232393432
next_open,cluster_stress,3,2,liquidity_priority,0.01,361,605,0.6262939958592133,2.3263932096200035,0.38565544271791374,-1.2840899495683566,3.0,1.6736568571631731,0.3813176812783085,0.4783998232393432
next_open,cluster_stress,3,unlimited,symbol_order,0.01,361,605,0.6262939958592133,2.3263932096200035,0.38565544271791374,-1.2840899495683566,3.0,1.6736568571631731,0.3813176812783085,0.4783998232393432
next_open,cluster_stress,3,2,symbol_order,0.01,361,605,0.6262939958592133,2.3263932096200035,0.38565544271791374,-1.2840899495683566,3.0,1.6736568571631731,0.3813176812783085,0.4783998232393432
next_close,base,10,2,largest_drop,0.0025,676,290,0.3002070393374741,2.310598170491529,0.38306176352298493,-0.6310791577920805,2.5,4.757556519288687,0.22343643936405377,0.21554611543200758
next_open,cluster_stress,15,unlimited,liquidity_priority,0.0025,790,176,0.18219461697722567,2.3102737187015387,0.3830084822967317,-0.7453872178432408,3.75,4.470641687202823,0.24965022064730155,0.2654640555751051
next_open,cluster_stress,15,unlimited,symbol_order,0.0025,790,176,0.18219461697722567,2.3102737187015387,0.3830084822967317,-0.7453872178432408,3.75,4.470641687202823,0.24965022064730155,0.2654640555751051
next_open,cluster_stress,20,2,symbol_order,0.0025,781,185,0.1915113871635611,2.3073544873432272,0.3825290820152816,-0.7493109804347475,4.5,4.4880100280697945,0.2711735312903044,0.21601693665403135
next_open,cluster_stress,20,2,largest_drop,0.0025,781,185,0.1915113871635611,2.3073544873432272,0.3825290820152816,-0.7493109804347475,4.5,4.4880100280697945,0.2711735312903044,0.21601693665403135
next_open,cluster_stress,20,2,liquidity_priority,0.0025,781,185,0.1915113871635611,2.3073544873432272,0.3825290820152816,-0.7493109804347475,4.5,4.4880100280697945,0.2711735312903044,0.21601693665403135
next_open,cluster_stress,unlimited,2,largest_drop,0.0025,781,185,0.1915113871635611,2.3073544873432272,0.3825290820152816,-0.7493109804347475,4.5,4.4880100280697945,0.2711735312903044,0.21601693665403135
next_open,cluster_stress,unlimited,2,symbol_order,0.0025,781,185,0.1915113871635611,2.3073544873432272,0.3825290820152816,-0.7493109804347475,4.5,4.4880100280697945,0.2711735312903044,0.21601693665403135
next_open,cluster_stress,unlimited,2,liquidity_priority,0.0025,781,185,0.1915113871635611,2.3073544873432272,0.3825290820152816,-0.7493109804347475,4.5,4.4880100280697945,0.2711735312903044,0.21601693665403135
next_open,base,10,2,largest_drop,0.0025,676,290,0.3002070393374741,2.256179048389262,0.3741231289140723,-0.7172502034516359,2.5,4.571413968074353,0.22573593592041652,0.21407506848928465
next_open,stress,5,unlimited,largest_drop,0.005,491,475,0.4917184265010352,2.246772688330645,0.3725776820268978,-0.7562044146840585,2.5,2.7750702159450937,0.31195371331171684,0.2263652694634109
next_close,stress,3,1,symbol_order,0.01,358,608,0.629399585921325,2.234822691963023,0.3706141498459603,-1.1773273675932394,3.0,1.7156723538931988,0.4146534666724488,0.4503372470053887
next_close,stress,3,1,liquidity_priority,0.01,358,608,0.629399585921325,2.234822691963023,0.3706141498459603,-1.1773273675932394,3.0,1.7156723538931988,0.4146534666724488,0.4503372470053887
next_close,cluster_stress,15,2,largest_drop,0.0025,768,198,0.20496894409937888,2.232478038879493,0.37022887192412757,-0.6178441842252136,3.75,4.317031274414311,0.24928000631216238,0.191912695331519
next_open,base,10,unlimited,liquidity_priority,0.0025,678,288,0.2981366459627329,2.190226865697875,0.36328481641265675,-0.6948517916988806,2.5,4.562025174796055,0.22869690206422127,0.2368614395331353
next_open,base,10,unlimited,symbol_order,0.0025,678,288,0.2981366459627329,2.190226865697875,0.36328481641265675,-0.6948517916988806,2.5,4.562025174796055,0.22869690206422127,0.2368614395331353
next_open,stress,5,2,largest_drop,0.005,491,475,0.4917184265010352,2.179004851511168,0.3614400566292586,-0.7562044146840585,2.5,2.706880481568969,0.3216555863131822,0.2333211906237261
next_open,stress,3,1,symbol_order,0.01,358,608,0.629399585921325,2.1775124229391984,0.3611947071951116,-1.2011673498488862,3.0,1.6582884708911056,0.4639988326480934,0.3572191792145891
next_open,stress,3,1,liquidity_priority,0.01,358,608,0.629399585921325,2.1775124229391984,0.3611947071951116,-1.2011673498488862,3.0,1.6582884708911056,0.4639988326480934,0.3572191792145891
next_close,cluster_stress,15,2,symbol_order,0.0025,768,198,0.20496894409937888,2.1659651206836106,0.3592962748954154,-0.6607412768717458,3.75,4.216976818242622,0.2569349498333567,0.18521991940675245
next_close,cluster_stress,15,2,liquidity_priority,0.0025,768,198,0.20496894409937888,2.1659651206836106,0.3592962748954154,-0.6607412768717458,3.75,4.216976818242622,0.2569349498333567,0.18521991940675245
next_close,stress,5,2,liquidity_priority,0.005,491,475,0.4917184265010352,2.148735009298308,0.35646322910587447,-0.852879807576612,2.5,2.7453208742581494,0.3044400266730386,0.3063371894355245
next_close,stress,5,2,symbol_order,0.005,491,475,0.4917184265010352,2.148735009298308,0.35646322910587447,-0.852879807576612,2.5,2.7453208742581494,0.3044400266730386,0.3063371894355245
next_close,base,5,1,largest_drop,0.005,479,487,0.5041407867494824,2.1380304446335874,0.35470294015917947,-0.7701058822054407,2.5,2.9202406633482902,0.3000430534977107,0.2542566348490765
next_close,base,5,1,symbol_order,0.005,480,486,0.5031055900621118,2.1272729747194408,0.35293379656700097,-0.8329401255597002,2.5,2.8845555527790094,0.2947110073173576,0.2106342754446605
next_close,base,5,1,liquidity_priority,0.005,480,486,0.5031055900621118,2.1272729747194408,0.35293379656700097,-0.8329401255597002,2.5,2.8845555527790094,0.2947110073173576,0.2106342754446605
next_open,cluster_stress,15,2,largest_drop,0.0025,768,198,0.20496894409937888,2.126816591246228,0.3528587375789982,-0.7493109804347475,3.75,4.172754131503502,0.28766042514821255,0.2098582298555063
next_close,base,10,unlimited,symbol_order,0.0025,678,288,0.2981366459627329,2.1171523532557357,0.3512692456402178,-0.653467502568994,2.5,4.4575010079116995,0.22709085708708018,0.18264699625866276
next_close,base,10,unlimited,liquidity_priority,0.0025,678,288,0.2981366459627329,2.1171523532557357,0.3512692456402178,-0.653467502568994,2.5,4.4575010079116995,0.22709085708708018,0.18264699625866276
next_close,stress,5,unlimited,liquidity_priority,0.005,491,475,0.4917184265010352,2.1138494454736367,0.35072598264971333,-0.8315744890757926,2.5,2.697098014551027,0.30057359386480753,0.32300142939023724
next_close,stress,5,unlimited,symbol_order,0.005,491,475,0.4917184265010352,2.1138494454736367,0.35072598264971333,-0.8315744890757926,2.5,2.697098014551027,0.30057359386480753,0.32300142939023724
next_open,base,5,1,liquidity_priority,0.005,480,486,0.5031055900621118,2.0931264242582515,0.34731712169837614,-0.7755602925829663,2.5,2.797242760648381,0.36293924174098524,0.195793817714426
next_open,base,5,1,symbol_order,0.005,480,486,0.5031055900621118,2.0931264242582515,0.34731712169837614,-0.7755602925829663,2.5,2.797242760648381,0.36293924174098524,0.195793817714426
next_open,base,10,2,symbol_order,0.0025,676,290,0.3002070393374741,2.082200565843939,0.3455196261232363,-0.6948517916988806,2.5,4.375764261789084,0.22624350996683004,0.2332188818622125
next_open,base,10,2,liquidity_priority,0.0025,676,290,0.3002070393374741,2.082200565843939,0.3455196261232363,-0.6948517916988806,2.5,4.375764261789084,0.22624350996683004,0.2332188818622125
next_open,base,3,2,largest_drop,0.005,361,605,0.6262939958592133,2.08125844495064,0.3453646231902585,-0.46483445471957596,1.5,2.9006960909001753,0.250835861076014,0.19457132887453854
next_open,base,3,unlimited,largest_drop,0.005,361,605,0.6262939958592133,2.08125844495064,0.3453646231902585,-0.46483445471957596,1.5,2.9006960909001753,0.250835861076014,0.19457132887453854
next_close,base,10,2,liquidity_priority,0.0025,676,290,0.3002070393374741,2.07130956274284,0.34372770543193987,-0.6641527099017108,2.5,4.373316426614193,0.23211689412958353,0.1814581609487822
next_close,base,10,2,symbol_order,0.0025,676,290,0.3002070393374741,2.07130956274284,0.34372770543193987,-0.6641527099017108,2.5,4.373316426614193,0.23211689412958353,0.1814581609487822
next_open,cluster_stress,15,2,liquidity_priority,0.0025,768,198,0.20496894409937888,2.0684253375220285,0.3432531308513953,-0.7493109804347475,3.75,4.087440185707202,0.29578102421772645,0.21684092082386228
next_open,cluster_stress,15,2,symbol_order,0.0025,768,198,0.20496894409937888,2.0684253375220285,0.3432531308513953,-0.7493109804347475,3.75,4.087440185707202,0.29578102421772645,0.21684092082386228
next_open,stress,10,unlimited,largest_drop,0.0025,678,288,0.2981366459627329,2.0674720645965206,0.34309627549329313,-0.728156364910737,2.5,4.165493859101916,0.2404059139201612,0.2248736281501258
next_close,stress,10,unlimited,largest_drop,0.0025,678,288,0.2981366459627329,2.0438641861299844,0.339211351088764,-0.6662256629997532,2.5,4.2059280687324305,0.24238454813269825,0.23350833491375467
next_close,stress,5,unlimited,largest_drop,0.005,491,475,0.4917184265010352,2.0400051311546763,0.33857623189201824,-0.8101356962914252,2.5,2.6225966035482338,0.28963690709186174,0.25079176820648663
next_close,stress,unlimited,1,symbol_order,0.005,588,378,0.391304347826087,2.02834674845469,0.3366573860846822,-1.4040953106590925,4.5,2.4881014110029693,0.35267558135385785,0.22868292877298463
next_close,stress,10,1,largest_drop,0.005,588,378,0.391304347826087,2.02834674845469,0.3366573860846822,-1.4040953106590925,4.5,2.4881014110029693,0.35267558135385785,0.22868292877298463
next_close,stress,10,1,symbol_order,0.005,588,378,0.391304347826087,2.02834674845469,0.3366573860846822,-1.4040953106590925,4.5,2.4881014110029693,0.35267558135385785,0.22868292877298463
next_close,stress,20,1,symbol_order,0.005,588,378,0.391304347826087,2.02834674845469,0.3366573860846822,-1.4040953106590925,4.5,2.4881014110029693,0.35267558135385785,0.22868292877298463
next_close,stress,10,1,liquidity_priority,0.005,588,378,0.391304347826087,2.02834674845469,0.3366573860846822,-1.4040953106590925,4.5,2.4881014110029693,0.35267558135385785,0.22868292877298463
next_close,stress,15,1,symbol_order,0.005,588,378,0.391304347826087,2.02834674845469,0.3366573860846822,-1.4040953106590925,4.5,2.4881014110029693,0.35267558135385785,0.22868292877298463
next_close,stress,15,1,largest_drop,0.005,588,378,0.391304347826087,2.02834674845469,0.3366573860846822,-1.4040953106590925,4.5,2.4881014110029693,0.35267558135385785,0.22868292877298463
next_close,stress,15,1,liquidity_priority,0.005,588,378,0.391304347826087,2.02834674845469,0.3366573860846822,-1.4040953106590925,4.5,2.4881014110029693,0.35267558135385785,0.22868292877298463
next_close,stress,20,1,largest_drop,0.005,588,378,0.391304347826087,2.02834674845469,0.3366573860846822,-1.4040953106590925,4.5,2.4881014110029693,0.35267558135385785,0.22868292877298463
next_close,stress,20,1,liquidity_priority,0.005,588,378,0.391304347826087,2.02834674845469,0.3366573860846822,-1.4040953106590925,4.5,2.4881014110029693,0.35267558135385785,0.22868292877298463
next_close,stress,unlimited,1,largest_drop,0.005,588,378,0.391304347826087,2.02834674845469,0.3366573860846822,-1.4040953106590925,4.5,2.4881014110029693,0.35267558135385785,0.22868292877298463
next_close,stress,unlimited,1,liquidity_priority,0.005,588,378,0.391304347826087,2.02834674845469,0.3366573860846822,-1.4040953106590925,4.5,2.4881014110029693,0.35267558135385785,0.22868292877298463
next_close,stress,5,2,largest_drop,0.005,491,475,0.4917184265010352,2.0050477360448404,0.3328220693705308,-0.8101356962914252,2.5,2.5799057686897173,0.2946866381369557,0.25511453281704594
next_close,stress,10,2,largest_drop,0.0025,676,290,0.3002070393374741,1.9974726412832489,0.33157495434692486,-0.6662256629996421,2.5,4.1235861985280575,0.24801395872008425,0.22571430888636632
next_open,cluster_stress,20,1,largest_drop,0.005,588,378,0.391304347826087,1.9841639269352562,0.3293837061861371,-1.1753090942916766,4.5,2.350559646111409,0.4145911739060789,0.25074361974160847
next_open,cluster_stress,20,1,symbol_order,0.005,588,378,0.391304347826087,1.9841639269352562,0.3293837061861371,-1.1753090942916766,4.5,2.350559646111409,0.4145911739060789,0.25074361974160847
next_open,cluster_stress,15,1,largest_drop,0.005,588,378,0.391304347826087,1.9841639269352562,0.3293837061861371,-1.1753090942916766,4.5,2.350559646111409,0.4145911739060789,0.25074361974160847
next_open,cluster_stress,20,1,liquidity_priority,0.005,588,378,0.391304347826087,1.9841639269352562,0.3293837061861371,-1.1753090942916766,4.5,2.350559646111409,0.4145911739060789,0.25074361974160847
next_open,cluster_stress,10,1,liquidity_priority,0.005,588,378,0.391304347826087,1.9841639269352562,0.3293837061861371,-1.1753090942916766,4.5,2.350559646111409,0.4145911739060789,0.25074361974160847
next_open,cluster_stress,unlimited,1,liquidity_priority,0.005,588,378,0.391304347826087,1.9841639269352562,0.3293837061861371,-1.1753090942916766,4.5,2.350559646111409,0.4145911739060789,0.25074361974160847
next_open,cluster_stress,unlimited,1,largest_drop,0.005,588,378,0.391304347826087,1.9841639269352562,0.3293837061861371,-1.1753090942916766,4.5,2.350559646111409,0.4145911739060789,0.25074361974160847
next_open,cluster_stress,unlimited,1,symbol_order,0.005,588,378,0.391304347826087,1.9841639269352562,0.3293837061861371,-1.1753090942916766,4.5,2.350559646111409,0.4145911739060789,0.25074361974160847
next_open,cluster_stress,15,1,symbol_order,0.005,588,378,0.391304347826087,1.9841639269352562,0.3293837061861371,-1.1753090942916766,4.5,2.350559646111409,0.4145911739060789,0.25074361974160847
next_open,cluster_stress,10,1,largest_drop,0.005,588,378,0.391304347826087,1.9841639269352562,0.3293837061861371,-1.1753090942916766,4.5,2.350559646111409,0.4145911739060789,0.25074361974160847
next_open,cluster_stress,15,1,liquidity_priority,0.005,588,378,0.391304347826087,1.9841639269352562,0.3293837061861371,-1.1753090942916766,4.5,2.350559646111409,0.4145911739060789,0.25074361974160847
next_open,cluster_stress,10,1,symbol_order,0.005,588,378,0.391304347826087,1.9841639269352562,0.3293837061861371,-1.1753090942916766,4.5,2.350559646111409,0.4145911739060789,0.25074361974160847
next_open,stress,5,2,liquidity_priority,0.005,491,475,0.4917184265010352,1.9778785540405686,0.3283487517135697,-0.7958245988474277,2.5,2.5192093610272166,0.39048530891106914,0.27591690559573506
next_open,stress,5,2,symbol_order,0.005,491,475,0.4917184265010352,1.9778785540405686,0.3283487517135697,-0.7958245988474277,2.5,2.5192093610272166,0.39048530891106914,0.27591690559573506
next_close,cluster_stress,3,1,largest_drop,0.01,358,608,0.629399585921325,1.9652158730141478,0.32626354334373,-1.0971590156974464,3.0,1.497077753160542,0.4465989131504569,0.3413078696077209
next_open,stress,5,1,largest_drop,0.005,479,487,0.5041407867494824,1.957300334970724,0.3249599542417103,-0.7773750553987213,2.5,2.5306767177956857,0.3769402032915786,0.23967737910409045
next_open,stress,10,2,largest_drop,0.0025,676,290,0.3002070393374741,1.9432740754520061,0.3226497995526101,-0.728156364910737,2.5,3.947739609251384,0.25134815650006803,0.22429129836529327
next_open,stress,5,unlimited,symbol_order,0.005,491,475,0.4917184265010352,1.9415005036744315,0.32235766967194657,-0.7825072415554191,2.5,2.475879264857221,0.3895615174373294,0.31134610038925664
next_open,stress,5,unlimited,liquidity_priority,0.005,491,475,0.4917184265010352,1.9415005036744315,0.32235766967194657,-0.7825072415554191,2.5,2.475879264857221,0.3895615174373294,0.31134610038925664
next_open,cluster_stress,5,unlimited,largest_drop,0.005,491,475,0.4917184265010352,1.9209143726539812,0.3189665618042792,-0.7617914813288884,2.5,2.376879150782756,0.35289478053618123,0.238743030291807
next_close,base,3,unlimited,largest_drop,0.005,361,605,0.6262939958592133,1.9138865914084757,0.3178087603525448,-0.496644023505155,1.5,2.807599233477742,0.2545164894113841,0.20532017686504875
next_close,base,3,2,largest_drop,0.005,361,605,0.6262939958592133,1.9138865914084757,0.3178087603525448,-0.496644023505155,1.5,2.807599233477742,0.2545164894113841,0.20532017686504875
next_open,stress,10,unlimited,liquidity_priority,0.0025,678,288,0.2981366459627329,1.87667199245527,0.3116766819797778,-0.7057827020744645,2.5,3.91919261829147,0.2548324529156008,0.25611634030041186
next_open,stress,10,unlimited,symbol_order,0.0025,678,288,0.2981366459627329,1.87667199245527,0.3116766819797778,-0.7057827020744645,2.5,3.91919261829147,0.2548324529156008,0.25611634030041186
next_open,cluster_stress,5,2,largest_drop,0.005,491,475,0.4917184265010352,1.853429428318476,0.3078459154829405,-0.7617914813288884,2.5,2.3065373531518087,0.3657439801101735,0.24734341751532338
next_open,cluster_stress,10,unlimited,largest_drop,0.0025,678,288,0.2981366459627329,1.825038260063483,0.3031655845245895,-0.7350740883527163,2.5,3.6822292676122887,0.26274431016304284,0.2369341253472137
next_close,cluster_stress,5,2,liquidity_priority,0.005,491,475,0.4917184265010352,1.8231012436091598,0.3028462245710406,-0.8870376127259494,2.5,2.334045490115137,0.3462181969538507,0.3397926557394324
next_close,cluster_stress,5,2,symbol_order,0.005,491,475,0.4917184265010352,1.8231012436091598,0.3028462245710406,-0.8870376127259494,2.5,2.334045490115137,0.3462181969538507,0.3397926557394324
next_close,stress,10,unlimited,symbol_order,0.0025,678,288,0.2981366459627329,1.8038941323523572,0.29967923417892894,-0.6935004687179891,2.5,3.8079547524310056,0.2549805229030554,0.195939523401642
next_close,stress,10,unlimited,liquidity_priority,0.0025,678,288,0.2981366459627329,1.8038941323523572,0.29967923417892894,-0.6935004687179891,2.5,3.8079547524310056,0.2549805229030554,0.195939523401642
next_close,cluster_stress,10,unlimited,largest_drop,0.0025,678,288,0.2981366459627329,1.8014739465796792,0.2992801432977643,-0.6993301529310658,2.5,3.712565715066685,0.2667589697853542,0.24685964579047576
next_close,cluster_stress,3,1,liquidity_priority,0.01,358,608,0.629399585921325,1.8000954255853907,0.2990528203744347,-1.2192340896733045,3.0,1.3860338598570503,0.4994319882944754,0.5210147250151186
next_close,cluster_stress,3,1,symbol_order,0.01,358,608,0.629399585921325,1.8000954255853907,0.2990528203744347,-1.2192340896733045,3.0,1.3860338598570503,0.4994319882944754,0.5210147250151186
next_open,base,3,1,largest_drop,0.005,358,608,0.629399585921325,1.7957405559900108,0.2983346703402612,-0.46321456273914485,1.5,2.6075723391413783,0.3172728867983921,0.23081497563338904
next_close,cluster_stress,5,unlimited,symbol_order,0.005,491,475,0.4917184265010352,1.7883613701432655,0.29711772990823615,-0.8657607446997617,2.5,2.286468098265011,0.3424476323771043,0.35956898007744975
next_close,cluster_stress,5,unlimited,liquidity_priority,0.005,491,475,0.4917184265010352,1.7883613701432655,0.29711772990823615,-0.8657607446997617,2.5,2.286468098265011,0.3424476323771043,0.35956898007744975
next_open,stress,10,2,symbol_order,0.0025,676,290,0.3002070393374741,1.7700003134611286,0.2940893924610055,-0.7057827020744645,2.5,3.7294558228935606,0.25362236183065395,0.25312664567459353
next_open,stress,10,2,liquidity_priority,0.0025,676,290,0.3002070393374741,1.7700003134611286,0.2940893924610055,-0.7057827020744645,2.5,3.7294558228935606,0.25362236183065395,0.25312664567459353
next_close,stress,10,2,symbol_order,0.0025,676,290,0.3002070393374741,1.7591534105418916,0.2923001704278727,-0.7041707455868962,2.5,3.724006383100075,0.2614654676349526,0.19387090025353063
next_close,stress,10,2,liquidity_priority,0.0025,676,290,0.3002070393374741,1.7591534105418916,0.2923001704278727,-0.7041707455868962,2.5,3.724006383100075,0.2614654676349526,0.19387090025353063
next_close,cluster_stress,10,2,largest_drop,0.0025,676,290,0.3002070393374741,1.7561295120598563,0.291801342987541,-0.6993301529310214,2.5,3.6307829531585796,0.27364686418889356,0.23795020950269616
next_close,base,3,2,liquidity_priority,0.005,361,605,0.6262939958592133,1.7533166118434806,0.291337311099249,-0.5571416546792274,1.5,2.5979557161336917,0.28392969417665936,0.3216520642091944
next_close,base,3,2,symbol_order,0.005,361,605,0.6262939958592133,1.7533166118434806,0.291337311099249,-0.5571416546792274,1.5,2.5979557161336917,0.28392969417665936,0.3216520642091944
next_close,base,3,unlimited,symbol_order,0.005,361,605,0.6262939958592133,1.7533166118434806,0.291337311099249,-0.5571416546792274,1.5,2.5979557161336917,0.28392969417665936,0.3216520642091944
next_close,base,3,unlimited,liquidity_priority,0.005,361,605,0.6262939958592133,1.7533166118434806,0.291337311099249,-0.5571416546792274,1.5,2.5979557161336917,0.28392969417665936,0.3216520642091944
next_open,stress,3,2,largest_drop,0.005,361,605,0.6262939958592133,1.7480045549390866,0.2904609750937093,-0.4957287029454416,1.5,2.4432184997914774,0.2859386019445114,0.21648054263488262
next_open,stress,3,unlimited,largest_drop,0.005,361,605,0.6262939958592133,1.7480045549390866,0.2904609750937093,-0.4957287029454416,1.5,2.4432184997914774,0.2859386019445114,0.21648054263488262
next_open,cluster_stress,3,1,symbol_order,0.01,358,608,0.629399585921325,1.7434574215351217,0.28971079911741526,-1.2758508002916669,3.0,1.3311146842472137,0.5635932639627353,0.4073798530425635
next_open,cluster_stress,3,1,liquidity_priority,0.01,358,608,0.629399585921325,1.7434574215351217,0.28971079911741526,-1.2758508002916669,3.0,1.3311146842472137,0.5635932639627353,0.4073798530425635
next_close,cluster_stress,5,unlimited,largest_drop,0.005,491,475,0.4917184265010352,1.7148585533321326,0.28499198130294,-0.844350532469329,2.5,2.2089217689631546,0.33120388205408297,0.2691797760810555
next_open,base,3,unlimited,liquidity_priority,0.005,361,605,0.6262939958592133,1.7082810200230947,0.28390653100485164,-0.5753231037577855,1.5,2.4567081462853877,0.28023437068662854,0.37621512536906704
next_open,base,3,unlimited,symbol_order,0.005,361,605,0.6262939958592133,1.7082810200230947,0.28390653100485164,-0.5753231037577855,1.5,2.4567081462853877,0.28023437068662854,0.37621512536906704
next_open,base,3,2,symbol_order,0.005,361,605,0.6262939958592133,1.7082810200230947,0.28390653100485164,-0.5753231037577855,1.5,2.4567081462853877,0.28023437068662854,0.37621512536906704
next_open,base,3,2,liquidity_priority,0.005,361,605,0.6262939958592133,1.7082810200230947,0.28390653100485164,-0.5753231037577855,1.5,2.4567081462853877,0.28023437068662854,0.37621512536906704
next_open,cluster_stress,10,2,largest_drop,0.0025,676,290,0.3002070393374741,1.7021312810393319,0.2828916241305768,-0.7350740883527163,2.5,3.4628351639738644,0.27827758666131397,0.23671864395329878
next_close,stress,5,1,largest_drop,0.005,479,487,0.5041407867494824,1.6964577104015444,0.2819552551972304,-0.8104255033183128,2.5,2.325204708593689,0.35907863259153483,0.2840620049206034
next_close,stress,5,1,liquidity_priority,0.005,480,486,0.5031055900621118,1.6848420705492861,0.2800380685008097,-0.8731720704781676,2.5,2.2926310438823814,0.35291757481228625,0.23704691391978439
next_close,stress,5,1,symbol_order,0.005,480,486,0.5031055900621118,1.6848420705492861,0.2800380685008097,-0.8731720704781676,2.5,2.2926310438823814,0.35291757481228625,0.23704691391978439
next_close,cluster_stress,5,2,largest_drop,0.005,491,475,0.4917184265010352,1.6800470870433681,0.27924659283897757,-0.844350532469329,2.5,2.1659564835217076,0.3380666020717249,0.27470108117136366
next_open,cluster_stress,5,2,liquidity_priority,0.005,491,475,0.4917184265010352,1.6530545415192055,0.2747905350163782,-0.8336150365282458,2.5,2.1093367987077696,0.4532439437936638,0.30690125928114936
next_open,cluster_stress,5,2,symbol_order,0.005,491,475,0.4917184265010352,1.6530545415192055,0.2747905350163782,-0.8336150365282458,2.5,2.1093367987077696,0.4532439437936638,0.30690125928114936
next_open,stress,5,1,liquidity_priority,0.005,480,486,0.5031055900621118,1.6508771984367954,0.2744310459233512,-0.8194435292673052,2.5,2.2140032835271195,0.4404829310636485,0.21166692869867296
next_open,stress,5,1,symbol_order,0.005,480,486,0.5031055900621118,1.6508771984367954,0.2744310459233512,-0.8194435292673052,2.5,2.2140032835271195,0.4404829310636485,0.21166692869867296
next_open,cluster_stress,10,unlimited,symbol_order,0.0025,678,288,0.2981366459627329,1.6348370463736162,0.2717825473815827,-0.7127242717178572,2.5,3.4188124524955326,0.2818292007168696,0.27891253943508026
next_open,cluster_stress,10,unlimited,liquidity_priority,0.0025,678,288,0.2981366459627329,1.6348370463736162,0.2717825473815827,-0.7127242717178572,2.5,3.4188124524955326,0.2818292007168696,0.27891253943508026
next_open,cluster_stress,5,1,largest_drop,0.005,479,487,0.5041407867494824,1.6342821050581824,0.27169091102021703,-0.7829399205453447,2.5,2.1172052716531073,0.4373074413951691,0.25814832838494434
next_open,cluster_stress,5,unlimited,symbol_order,0.005,491,475,0.4917184265010352,1.6168283039257103,0.2688085867466494,-0.8203159464126197,2.5,2.0656059226757586,0.45351620575464713,0.3494479969128451
next_open,cluster_stress,5,unlimited,liquidity_priority,0.005,491,475,0.4917184265010352,1.6168283039257103,0.2688085867466494,-0.8203159464126197,2.5,2.0656059226757586,0.45351620575464713,0.3494479969128451
next_close,cluster_stress,15,1,largest_drop,0.005,588,378,0.391304347826087,1.6107644556238476,0.26780710511995487,-1.4623753024338715,4.5,1.9807681336392469,0.42640013872633914,0.2590035225054544
next_close,cluster_stress,10,1,symbol_order,0.005,588,378,0.391304347826087,1.6107644556238476,0.26780710511995487,-1.4623753024338715,4.5,1.9807681336392469,0.42640013872633914,0.2590035225054544
next_close,cluster_stress,unlimited,1,symbol_order,0.005,588,378,0.391304347826087,1.6107644556238476,0.26780710511995487,-1.4623753024338715,4.5,1.9807681336392469,0.42640013872633914,0.2590035225054544
next_close,cluster_stress,unlimited,1,largest_drop,0.005,588,378,0.391304347826087,1.6107644556238476,0.26780710511995487,-1.4623753024338715,4.5,1.9807681336392469,0.42640013872633914,0.2590035225054544
next_close,cluster_stress,20,1,liquidity_priority,0.005,588,378,0.391304347826087,1.6107644556238476,0.26780710511995487,-1.4623753024338715,4.5,1.9807681336392469,0.42640013872633914,0.2590035225054544
next_close,cluster_stress,15,1,liquidity_priority,0.005,588,378,0.391304347826087,1.6107644556238476,0.26780710511995487,-1.4623753024338715,4.5,1.9807681336392469,0.42640013872633914,0.2590035225054544
next_close,cluster_stress,20,1,largest_drop,0.005,588,378,0.391304347826087,1.6107644556238476,0.26780710511995487,-1.4623753024338715,4.5,1.9807681336392469,0.42640013872633914,0.2590035225054544
next_close,cluster_stress,20,1,symbol_order,0.005,588,378,0.391304347826087,1.6107644556238476,0.26780710511995487,-1.4623753024338715,4.5,1.9807681336392469,0.42640013872633914,0.2590035225054544
next_close,cluster_stress,15,1,symbol_order,0.005,588,378,0.391304347826087,1.6107644556238476,0.26780710511995487,-1.4623753024338715,4.5,1.9807681336392469,0.42640013872633914,0.2590035225054544
next_close,cluster_stress,10,1,largest_drop,0.005,588,378,0.391304347826087,1.6107644556238476,0.26780710511995487,-1.4623753024338715,4.5,1.9807681336392469,0.42640013872633914,0.2590035225054544
next_close,cluster_stress,unlimited,1,liquidity_priority,0.005,588,378,0.391304347826087,1.6107644556238476,0.26780710511995487,-1.4623753024338715,4.5,1.9807681336392469,0.42640013872633914,0.2590035225054544
next_close,cluster_stress,10,1,liquidity_priority,0.005,588,378,0.391304347826087,1.6107644556238476,0.26780710511995487,-1.4623753024338715,4.5,1.9807681336392469,0.42640013872633914,0.2590035225054544
next_close,stress,3,unlimited,largest_drop,0.005,361,605,0.6262939958592133,1.5813439567458287,0.26294742329162624,-0.5248107002178815,1.5,2.3264659246816977,0.29400671095163206,0.23174160708706693
next_close,stress,3,2,largest_drop,0.005,361,605,0.6262939958592133,1.5813439567458287,0.26294742329162624,-0.5248107002178815,1.5,2.3264659246816977,0.29400671095163206,0.23174160708706693
next_close,cluster_stress,10,unlimited,liquidity_priority,0.0025,678,288,0.2981366459627329,1.5622860199969724,0.2597988053410605,-0.7291349520780588,2.5,3.3025142699397736,0.28493926160150035,0.2081148104033781
next_close,cluster_stress,10,unlimited,symbol_order,0.0025,678,288,0.2981366459627329,1.5622860199969724,0.2597988053410605,-0.7291349520780588,2.5,3.3025142699397736,0.28493926160150035,0.2081148104033781
next_open,cluster_stress,10,2,liquidity_priority,0.0025,676,290,0.3002070393374741,1.529439330225535,0.25437095204499105,-0.7127242717178572,2.5,3.2268008621823845,0.2823951974600246,0.2771626037822065
next_open,cluster_stress,10,2,symbol_order,0.0025,676,290,0.3002070393374741,1.529439330225535,0.25437095204499105,-0.7127242717178572,2.5,3.2268008621823845,0.2823951974600246,0.2771626037822065
next_open,cluster_stress,3,2,largest_drop,0.005,361,605,0.6262939958592133,1.529362384090427,0.2543582351253848,-0.5209198792072822,1.5,2.1397526258246504,0.31780013344082575,0.23460909785507572
next_open,cluster_stress,3,unlimited,largest_drop,0.005,361,605,0.6262939958592133,1.529362384090427,0.2543582351253848,-0.5209198792072822,1.5,2.1397526258246504,0.31780013344082575,0.23460909785507572
next_close,base,3,1,largest_drop,0.005,358,608,0.629399585921325,1.5235345079267715,0.2533950362978876,-0.5002596343291588,1.5,2.3174582607796625,0.31109222376790674,0.26518755469227207
next_close,cluster_stress,10,2,symbol_order,0.0025,676,290,0.3002070393374741,1.5186106515560516,0.2525812129334559,-0.7397907790853142,2.5,3.2191887186728265,0.29313413842590413,0.20719467973481068
next_close,cluster_stress,10,2,liquidity_priority,0.0025,676,290,0.3002070393374741,1.5186106515560516,0.2525812129334559,-0.7397907790853142,2.5,3.2191887186728265,0.29313413842590413,0.20719467973481068
next_open,stress,3,1,largest_drop,0.005,358,608,0.629399585921325,1.4664400759307528,0.24395635183132036,-0.4941109184959047,1.5,2.1355997139975824,0.3733188735558657,0.25466333118498485
next_open,base,20,1,largest_drop,0.0025,588,378,0.391304347826087,1.465074407493594,0.2437305293732761,-0.5296792103346437,2.25,3.473406825557089,0.30293383226225334,0.19834475359738987
next_open,base,unlimited,1,liquidity_priority,0.0025,588,378,0.391304347826087,1.465074407493594,0.2437305293732761,-0.5296792103346437,2.25,3.473406825557089,0.30293383226225334,0.19834475359738987
next_open,base,10,1,symbol_order,0.0025,588,378,0.391304347826087,1.465074407493594,0.2437305293732761,-0.5296792103346437,2.25,3.473406825557089,0.30293383226225334,0.19834475359738987
next_open,base,10,1,largest_drop,0.0025,588,378,0.391304347826087,1.465074407493594,0.2437305293732761,-0.5296792103346437,2.25,3.473406825557089,0.30293383226225334,0.19834475359738987
next_open,base,10,1,liquidity_priority,0.0025,588,378,0.391304347826087,1.465074407493594,0.2437305293732761,-0.5296792103346437,2.25,3.473406825557089,0.30293383226225334,0.19834475359738987
next_open,base,unlimited,1,symbol_order,0.0025,588,378,0.391304347826087,1.465074407493594,0.2437305293732761,-0.5296792103346437,2.25,3.473406825557089,0.30293383226225334,0.19834475359738987
next_open,base,unlimited,1,largest_drop,0.0025,588,378,0.391304347826087,1.465074407493594,0.2437305293732761,-0.5296792103346437,2.25,3.473406825557089,0.30293383226225334,0.19834475359738987
next_open,base,20,1,symbol_order,0.0025,588,378,0.391304347826087,1.465074407493594,0.2437305293732761,-0.5296792103346437,2.25,3.473406825557089,0.30293383226225334,0.19834475359738987
next_open,base,20,1,liquidity_priority,0.0025,588,378,0.391304347826087,1.465074407493594,0.2437305293732761,-0.5296792103346437,2.25,3.473406825557089,0.30293383226225334,0.19834475359738987
next_open,base,15,1,liquidity_priority,0.0025,588,378,0.391304347826087,1.465074407493594,0.2437305293732761,-0.5296792103346437,2.25,3.473406825557089,0.30293383226225334,0.19834475359738987
next_open,base,15,1,largest_drop,0.0025,588,378,0.391304347826087,1.465074407493594,0.2437305293732761,-0.5296792103346437,2.25,3.473406825557089,0.30293383226225334,0.19834475359738987
next_open,base,15,1,symbol_order,0.0025,588,378,0.391304347826087,1.465074407493594,0.2437305293732761,-0.5296792103346437,2.25,3.473406825557089,0.30293383226225334,0.19834475359738987
next_close,base,3,1,liquidity_priority,0.005,358,608,0.629399585921325,1.4411658218324463,0.23977667395258528,-0.5618658215737371,1.5,2.2140735981579565,0.33629807374296516,0.3778878663531713
next_close,base,3,1,symbol_order,0.005,358,608,0.629399585921325,1.4411658218324463,0.23977667395258528,-0.5618658215737371,1.5,2.2140735981579565,0.33629807374296516,0.3778878663531713
next_close,stress,3,2,symbol_order,0.005,361,605,0.6262939958592133,1.4214562656420737,0.23651664478929746,-0.5852313614238547,1.5,2.112400673835387,0.3345975244924734,0.35738302827167984
next_close,stress,3,2,liquidity_priority,0.005,361,605,0.6262939958592133,1.4214562656420737,0.23651664478929746,-0.5852313614238547,1.5,2.112400673835387,0.3345975244924734,0.35738302827167984
next_close,stress,3,unlimited,symbol_order,0.005,361,605,0.6262939958592133,1.4214562656420737,0.23651664478929746,-0.5852313614238547,1.5,2.112400673835387,0.3345975244924734,0.35738302827167984
next_close,stress,3,unlimited,liquidity_priority,0.005,361,605,0.6262939958592133,1.4214562656420737,0.23651664478929746,-0.5852313614238547,1.5,2.112400673835387,0.3345975244924734,0.35738302827167984
next_open,base,3,1,liquidity_priority,0.005,358,608,0.629399585921325,1.4127374967648043,0.2350743617982598,-0.5711779811143458,1.5,2.1524781043380807,0.3725986154438215,0.3047053866865935
next_open,base,3,1,symbol_order,0.005,358,608,0.629399585921325,1.4127374967648043,0.2350743617982598,-0.5711779811143458,1.5,2.1524781043380807,0.3725986154438215,0.3047053866865935
next_open,stress,3,unlimited,symbol_order,0.005,361,605,0.6262939958592133,1.3766121449611424,0.22909730530893402,-0.6060738009394551,1.5,1.9856062846075286,0.3316397361373841,0.4260418046682214
next_open,stress,3,2,liquidity_priority,0.005,361,605,0.6262939958592133,1.3766121449611424,0.22909730530893402,-0.6060738009394551,1.5,1.9856062846075286,0.3316397361373841,0.4260418046682214
next_open,stress,3,2,symbol_order,0.005,361,605,0.6262939958592133,1.3766121449611424,0.22909730530893402,-0.6060738009394551,1.5,1.9856062846075286,0.3316397361373841,0.4260418046682214
next_open,stress,3,unlimited,liquidity_priority,0.005,361,605,0.6262939958592133,1.3766121449611424,0.22909730530893402,-0.6060738009394551,1.5,1.9856062846075286,0.3316397361373841,0.4260418046682214
next_close,cluster_stress,5,1,largest_drop,0.005,479,487,0.5041407867494824,1.3744420770701593,0.22873820408439993,-0.8437465306646907,2.5,1.8876241249720807,0.42651245374996133,0.316266087783833
next_close,cluster_stress,5,1,symbol_order,0.005,480,486,0.5031055900621118,1.3639163454827186,0.22699632301235173,-0.9064098937726084,2.5,1.8592705907309703,0.419148172393269,0.264318783664876
next_close,cluster_stress,5,1,liquidity_priority,0.005,480,486,0.5031055900621118,1.3639163454827186,0.22699632301235173,-0.9064098937726084,2.5,1.8592705907309703,0.419148172393269,0.264318783664876
next_close,cluster_stress,3,2,largest_drop,0.005,361,605,0.6262939958592133,1.363032795310004,0.2268500993103162,-0.545966116235097,1.5,2.007771446288147,0.33101087803941126,0.25446570274539865
next_close,cluster_stress,3,unlimited,largest_drop,0.005,361,605,0.6262939958592133,1.363032795310004,0.2268500993103162,-0.545966116235097,1.5,2.007771446288147,0.33101087803941126,0.25446570274539865
next_open,base,5,unlimited,largest_drop,0.0025,491,475,0.4917184265010352,1.3430194932799955,0.22353770076450896,-0.37192861297802304,1.25,3.326269390335666,0.27291622329710435,0.21619131150274207
next_open,cluster_stress,5,1,symbol_order,0.005,480,486,0.5031055900621118,1.3302085015899356,0.2214170695762574,-0.8563082447099246,2.5,1.7867860566555807,0.5293115239964644,0.23359572838460244
next_open,cluster_stress,5,1,liquidity_priority,0.005,480,486,0.5031055900621118,1.3302085015899356,0.2214170695762574,-0.8563082447099246,2.5,1.7867860566555807,0.5293115239964644,0.23359572838460244
next_open,base,5,2,largest_drop,0.0025,491,475,0.4917184265010352,1.3093866079752159,0.2179699001369828,-0.37192861297802304,1.25,3.2610569126383826,0.27992634542609046,0.22170565473013162
next_close,base,5,2,symbol_order,0.0025,491,475,0.4917184265010352,1.2943201124846482,0.21547519799050008,-0.4065617056057347,1.25,3.3152350592191495,0.2651697710567626,0.2715314762628662
next_close,base,5,2,liquidity_priority,0.0025,491,475,0.4917184265010352,1.2943201124846482,0.21547519799050008,-0.4065617056057347,1.25,3.3152350592191495,0.2651697710567626,0.2715314762628662
next_close,base,10,1,symbol_order,0.0025,588,378,0.391304347826087,1.2788656825480915,0.21291594085735,-0.6710619063004186,2.25,3.142848532183021,0.2940150647551916,0.20347549044805002
next_close,base,20,1,symbol_order,0.0025,588,378,0.391304347826087,1.2788656825480915,0.21291594085735,-0.6710619063004186,2.25,3.142848532183021,0.2940150647551916,0.20347549044805002
next_close,base,unlimited,1,liquidity_priority,0.0025,588,378,0.391304347826087,1.2788656825480915,0.21291594085735,-0.6710619063004186,2.25,3.142848532183021,0.2940150647551916,0.20347549044805002
next_close,base,10,1,liquidity_priority,0.0025,588,378,0.391304347826087,1.2788656825480915,0.21291594085735,-0.6710619063004186,2.25,3.142848532183021,0.2940150647551916,0.20347549044805002
next_close,base,10,1,largest_drop,0.0025,588,378,0.391304347826087,1.2788656825480915,0.21291594085735,-0.6710619063004186,2.25,3.142848532183021,0.2940150647551916,0.20347549044805002
next_close,base,15,1,largest_drop,0.0025,588,378,0.391304347826087,1.2788656825480915,0.21291594085735,-0.6710619063004186,2.25,3.142848532183021,0.2940150647551916,0.20347549044805002
next_close,base,20,1,largest_drop,0.0025,588,378,0.391304347826087,1.2788656825480915,0.21291594085735,-0.6710619063004186,2.25,3.142848532183021,0.2940150647551916,0.20347549044805002
next_close,base,20,1,liquidity_priority,0.0025,588,378,0.391304347826087,1.2788656825480915,0.21291594085735,-0.6710619063004186,2.25,3.142848532183021,0.2940150647551916,0.20347549044805002
next_close,base,15,1,liquidity_priority,0.0025,588,378,0.391304347826087,1.2788656825480915,0.21291594085735,-0.6710619063004186,2.25,3.142848532183021,0.2940150647551916,0.20347549044805002
next_close,base,15,1,symbol_order,0.0025,588,378,0.391304347826087,1.2788656825480915,0.21291594085735,-0.6710619063004186,2.25,3.142848532183021,0.2940150647551916,0.20347549044805002
next_close,base,unlimited,1,symbol_order,0.0025,588,378,0.391304347826087,1.2788656825480915,0.21291594085735,-0.6710619063004186,2.25,3.142848532183021,0.2940150647551916,0.20347549044805002
next_close,base,unlimited,1,largest_drop,0.0025,588,378,0.391304347826087,1.2788656825480915,0.21291594085735,-0.6710619063004186,2.25,3.142848532183021,0.2940150647551916,0.20347549044805002
next_close,base,5,unlimited,liquidity_priority,0.0025,491,475,0.4917184265010352,1.2770065141111564,0.2126080402279129,-0.3958487901154606,1.25,3.266128692751422,0.26142030921559295,0.2851787369714374
next_close,base,5,unlimited,symbol_order,0.0025,491,475,0.4917184265010352,1.2770065141111564,0.2126080402279129,-0.3958487901154606,1.25,3.266128692751422,0.26142030921559295,0.2851787369714374
next_open,cluster_stress,3,1,largest_drop,0.005,358,608,0.629399585921325,1.2503984216081454,0.20820090469815256,-0.5193041086886119,1.5,1.8227793480194696,0.42674846558738416,0.2758115259112464
next_close,base,5,unlimited,largest_drop,0.0025,491,475,0.4917184265010352,1.2403323757176787,0.20653340004199716,-0.3850565500014391,1.25,3.195712816855961,0.2512393472568603,0.2354004721832659
next_close,base,5,2,largest_drop,0.0025,491,475,0.4917184265010352,1.2229705277694736,0.2036569748613326,-0.3850565500014391,1.25,3.15341044797129,0.25480605573154086,0.23872002039806828
next_open,base,5,2,liquidity_priority,0.0025,491,475,0.4917184265010352,1.209491258329276,0.2014235128232844,-0.37608483739210996,1.25,3.0868088391776833,0.3325145549712097,0.2442810203036734
next_open,base,5,2,symbol_order,0.0025,491,475,0.4917184265010352,1.209491258329276,0.2014235128232844,-0.37608483739210996,1.25,3.0868088391776833,0.3325145549712097,0.2442810203036734
next_close,cluster_stress,3,2,symbol_order,0.005,361,605,0.6262939958592133,1.203469393125789,0.200425633355783,-0.6063140945456125,1.5,1.7912272392410804,0.38375364735024303,0.3955530752422211
next_close,cluster_stress,3,unlimited,symbol_order,0.005,361,605,0.6262939958592133,1.203469393125789,0.200425633355783,-0.6063140945456125,1.5,1.7912272392410804,0.38375364735024303,0.3955530752422211
next_close,cluster_stress,3,2,liquidity_priority,0.005,361,605,0.6262939958592133,1.203469393125789,0.200425633355783,-0.6063140945456125,1.5,1.7912272392410804,0.38375364735024303,0.3955530752422211
next_close,cluster_stress,3,unlimited,liquidity_priority,0.005,361,605,0.6262939958592133,1.203469393125789,0.200425633355783,-0.6063140945456125,1.5,1.7912272392410804,0.38375364735024303,0.3955530752422211
next_open,stress,10,1,symbol_order,0.0025,588,378,0.391304347826087,1.1954438281447377,0.19909564521463086,-0.5597384190059618,2.25,2.841158453377946,0.3553867452731729,0.21977545117131483
next_open,stress,10,1,largest_drop,0.0025,588,378,0.391304347826087,1.1954438281447377,0.19909564521463086,-0.5597384190059618,2.25,2.841158453377946,0.3553867452731729,0.21977545117131483
next_open,stress,20,1,symbol_order,0.0025,588,378,0.391304347826087,1.1954438281447377,0.19909564521463086,-0.5597384190059618,2.25,2.841158453377946,0.3553867452731729,0.21977545117131483
next_open,stress,10,1,liquidity_priority,0.0025,588,378,0.391304347826087,1.1954438281447377,0.19909564521463086,-0.5597384190059618,2.25,2.841158453377946,0.3553867452731729,0.21977545117131483
next_open,stress,15,1,symbol_order,0.0025,588,378,0.391304347826087,1.1954438281447377,0.19909564521463086,-0.5597384190059618,2.25,2.841158453377946,0.3553867452731729,0.21977545117131483
next_open,stress,unlimited,1,symbol_order,0.0025,588,378,0.391304347826087,1.1954438281447377,0.19909564521463086,-0.5597384190059618,2.25,2.841158453377946,0.3553867452731729,0.21977545117131483
next_open,stress,unlimited,1,largest_drop,0.0025,588,378,0.391304347826087,1.1954438281447377,0.19909564521463086,-0.5597384190059618,2.25,2.841158453377946,0.3553867452731729,0.21977545117131483
next_open,stress,unlimited,1,liquidity_priority,0.0025,588,378,0.391304347826087,1.1954438281447377,0.19909564521463086,-0.5597384190059618,2.25,2.841158453377946,0.3553867452731729,0.21977545117131483
next_open,stress,20,1,liquidity_priority,0.0025,588,378,0.391304347826087,1.1954438281447377,0.19909564521463086,-0.5597384190059618,2.25,2.841158453377946,0.3553867452731729,0.21977545117131483
next_open,stress,15,1,liquidity_priority,0.0025,588,378,0.391304347826087,1.1954438281447377,0.19909564521463086,-0.5597384190059618,2.25,2.841158453377946,0.3553867452731729,0.21977545117131483
next_open,stress,15,1,largest_drop,0.0025,588,378,0.391304347826087,1.1954438281447377,0.19909564521463086,-0.5597384190059618,2.25,2.841158453377946,0.3553867452731729,0.21977545117131483
next_open,stress,20,1,largest_drop,0.0025,588,378,0.391304347826087,1.1954438281447377,0.19909564521463086,-0.5597384190059618,2.25,2.841158453377946,0.3553867452731729,0.21977545117131483
next_close,stress,3,1,largest_drop,0.005,358,608,0.629399585921325,1.1953827684253904,0.19908552612588615,-0.5284217057871632,1.5,1.8237626199291284,0.3779422925600526,0.303703676506964
next_open,base,5,1,largest_drop,0.0025,479,487,0.5041407867494824,1.1937755301643316,0.19881916561208524,-0.382560393815945,1.25,3.092732507667173,0.3220824527442449,0.22116040562382983
next_open,base,5,unlimited,liquidity_priority,0.0025,491,475,0.4917184265010352,1.1914177945884452,0.19842842211201805,-0.3693900566526409,1.25,3.044052381891745,0.3308601045515142,0.2730007142548365
next_open,base,5,unlimited,symbol_order,0.0025,491,475,0.4917184265010352,1.1914177945884452,0.19842842211201805,-0.3693900566526409,1.25,3.044052381891745,0.3308601045515142,0.2730007142548365
next_open,cluster_stress,3,unlimited,symbol_order,0.005,361,605,0.6262939958592133,1.1589285541312888,0.19304326356466284,-0.6435588714218343,1.5,1.6736568571631731,0.38205807368112243,0.4783998232393432
next_open,cluster_stress,3,2,liquidity_priority,0.005,361,605,0.6262939958592133,1.1589285541312888,0.19304326356466284,-0.6435588714218343,1.5,1.6736568571631731,0.38205807368112243,0.4783998232393432
next_open,cluster_stress,3,2,symbol_order,0.005,361,605,0.6262939958592133,1.1589285541312888,0.19304326356466284,-0.6435588714218343,1.5,1.6736568571631731,0.38205807368112243,0.4783998232393432
next_open,cluster_stress,3,unlimited,liquidity_priority,0.005,361,605,0.6262939958592133,1.1589285541312888,0.19304326356466284,-0.6435588714218343,1.5,1.6736568571631731,0.38205807368112243,0.4783998232393432
next_open,stress,5,unlimited,largest_drop,0.0025,491,475,0.4917184265010352,1.1179700593742847,0.18625225619008923,-0.3787333488852185,1.25,2.7750702159450937,0.3129831255609443,0.2263652694634109
next_close,stress,3,1,liquidity_priority,0.005,358,608,0.629399585921325,1.1133615668885932,0.18548801478754928,-0.5899495310727754,1.5,1.7156723538931988,0.4153855599303658,0.4503372470053887
next_close,stress,3,1,symbol_order,0.005,358,608,0.629399585921325,1.1133615668885932,0.18548801478754928,-0.5899495310727754,1.5,1.7156723538931988,0.4153855599303658,0.4503372470053887
next_open,stress,3,1,symbol_order,0.005,358,608,0.629399585921325,1.0850532061664087,0.18079291027668365,-0.6019340769409909,1.5,1.6582884708911056,0.46462841844528613,0.3572191792145891
next_open,stress,3,1,liquidity_priority,0.005,358,608,0.629399585921325,1.0850532061664087,0.18079291027668365,-0.6019340769409909,1.5,1.6582884708911056,0.46462841844528613,0.3572191792145891
next_open,stress,5,2,largest_drop,0.0025,491,475,0.4917184265010352,1.0844452370975421,0.1806920631004738,-0.3787333488852185,1.25,2.706880481568969,0.32265876735557586,0.2333211906237261
next_close,stress,5,2,liquidity_priority,0.0025,491,475,0.4917184265010352,1.069427107151455,0.17820076288113107,-0.42722330183309065,1.25,2.7453208742581494,0.3054117229033803,0.3063371894355245
next_close,stress,5,2,symbol_order,0.0025,491,475,0.4917184265010352,1.069427107151455,0.17820076288113107,-0.42722330183309065,1.25,2.7453208742581494,0.3054117229033803,0.3063371894355245
next_close,base,5,1,largest_drop,0.0025,479,487,0.5041407867494824,1.064036596535889,0.1773064764904797,-0.38565774595337166,1.25,2.9202406633482902,0.30103278952696433,0.2542566348490765
next_close,base,5,1,liquidity_priority,0.0025,480,486,0.5031055900621118,1.058723875715728,0.1764250565758685,-0.4172137195145642,1.25,2.8845555527790094,0.29567826878019376,0.2106342754446605
next_close,base,5,1,symbol_order,0.0025,480,486,0.5031055900621118,1.058723875715728,0.1764250565758685,-0.4172137195145642,1.25,2.8845555527790094,0.29567826878019376,0.2106342754446605
next_close,stress,5,unlimited,liquidity_priority,0.0025,491,475,0.4917184265010352,1.052169137611192,0.17533752358565025,-0.4165232643394523,1.25,2.697098014551027,0.30151742154088046,0.32300142939023724
next_close,stress,5,unlimited,symbol_order,0.0025,491,475,0.4917184265010352,1.052169137611192,0.17533752358565025,-0.4165232643394523,1.25,2.697098014551027,0.30151742154088046,0.32300142939023724
next_open,base,5,1,liquidity_priority,0.0025,480,486,0.5031055900621118,1.041847848435662,0.17362494212962432,-0.3884097545612919,1.25,2.797242760648381,0.3639704909669477,0.195793817714426
next_open,base,5,1,symbol_order,0.0025,480,486,0.5031055900621118,1.041847848435662,0.17362494212962432,-0.3884097545612919,1.25,2.797242760648381,0.3639704909669477,0.195793817714426
next_open,base,3,2,largest_drop,0.0025,361,605,0.6262939958592133,1.035921896979497,0.17264160043801713,-0.23254726262330605,0.75,2.9006960909001753,0.2516954725502992,0.19457132887453854
next_open,base,3,unlimited,largest_drop,0.0025,361,605,0.6262939958592133,1.035921896979497,0.17264160043801713,-0.23254726262330605,0.75,2.9006960909001753,0.2516954725502992,0.19457132887453854
next_close,stress,5,unlimited,largest_drop,0.0025,491,475,0.4917184265010352,1.0156128084141347,0.1692711825838078,-0.4057439854250888,1.25,2.6225966035482338,0.2905220852080574,0.25079176820648663
next_close,stress,20,1,largest_drop,0.0025,588,378,0.391304347826087,1.0099144821415607,0.1683254090163233,-0.7043669400926822,2.25,2.4881014110029693,0.35360448982714776,0.22868292877298463
next_close,stress,unlimited,1,symbol_order,0.0025,588,378,0.391304347826087,1.0099144821415607,0.1683254090163233,-0.7043669400926822,2.25,2.4881014110029693,0.35360448982714776,0.22868292877298463
next_close,stress,unlimited,1,largest_drop,0.0025,588,378,0.391304347826087,1.0099144821415607,0.1683254090163233,-0.7043669400926822,2.25,2.4881014110029693,0.35360448982714776,0.22868292877298463
next_close,stress,unlimited,1,liquidity_priority,0.0025,588,378,0.391304347826087,1.0099144821415607,0.1683254090163233,-0.7043669400926822,2.25,2.4881014110029693,0.35360448982714776,0.22868292877298463
next_close,stress,20,1,liquidity_priority,0.0025,588,378,0.391304347826087,1.0099144821415607,0.1683254090163233,-0.7043669400926822,2.25,2.4881014110029693,0.35360448982714776,0.22868292877298463
next_close,stress,10,1,symbol_order,0.0025,588,378,0.391304347826087,1.0099144821415607,0.1683254090163233,-0.7043669400926822,2.25,2.4881014110029693,0.35360448982714776,0.22868292877298463
next_close,stress,10,1,largest_drop,0.0025,588,378,0.391304347826087,1.0099144821415607,0.1683254090163233,-0.7043669400926822,2.25,2.4881014110029693,0.35360448982714776,0.22868292877298463
next_close,stress,10,1,liquidity_priority,0.0025,588,378,0.391304347826087,1.0099144821415607,0.1683254090163233,-0.7043669400926822,2.25,2.4881014110029693,0.35360448982714776,0.22868292877298463
next_close,stress,15,1,symbol_order,0.0025,588,378,0.391304347826087,1.0099144821415607,0.1683254090163233,-0.7043669400926822,2.25,2.4881014110029693,0.35360448982714776,0.22868292877298463
next_close,stress,15,1,largest_drop,0.0025,588,378,0.391304347826087,1.0099144821415607,0.1683254090163233,-0.7043669400926822,2.25,2.4881014110029693,0.35360448982714776,0.22868292877298463
next_close,stress,15,1,liquidity_priority,0.0025,588,378,0.391304347826087,1.0099144821415607,0.1683254090163233,-0.7043669400926822,2.25,2.4881014110029693,0.35360448982714776,0.22868292877298463
next_close,stress,20,1,symbol_order,0.0025,588,378,0.391304347826087,1.0099144821415607,0.1683254090163233,-0.7043669400926822,2.25,2.4881014110029693,0.35360448982714776,0.22868292877298463
next_close,stress,5,2,largest_drop,0.0025,491,475,0.4917184265010352,0.9983067317975935,0.1663986877254331,-0.4057439854250888,1.25,2.5799057686897173,0.29555841052297804,0.25511453281704594
next_open,cluster_stress,unlimited,1,liquidity_priority,0.0025,588,378,0.391304347826087,0.9881011294579078,0.16470455072048473,-0.5892168285830057,2.25,2.350559646111409,0.415501725915712,0.25074361974160847
next_open,cluster_stress,20,1,largest_drop,0.0025,588,378,0.391304347826087,0.9881011294579078,0.16470455072048473,-0.5892168285830057,2.25,2.350559646111409,0.415501725915712,0.25074361974160847
next_open,cluster_stress,20,1,symbol_order,0.0025,588,378,0.391304347826087,0.9881011294579078,0.16470455072048473,-0.5892168285830057,2.25,2.350559646111409,0.415501725915712,0.25074361974160847
next_open,cluster_stress,unlimited,1,symbol_order,0.0025,588,378,0.391304347826087,0.9881011294579078,0.16470455072048473,-0.5892168285830057,2.25,2.350559646111409,0.415501725915712,0.25074361974160847
next_open,cluster_stress,20,1,liquidity_priority,0.0025,588,378,0.391304347826087,0.9881011294579078,0.16470455072048473,-0.5892168285830057,2.25,2.350559646111409,0.415501725915712,0.25074361974160847
next_open,cluster_stress,10,1,symbol_order,0.0025,588,378,0.391304347826087,0.9881011294579078,0.16470455072048473,-0.5892168285830057,2.25,2.350559646111409,0.415501725915712,0.25074361974160847
next_open,cluster_stress,10,1,largest_drop,0.0025,588,378,0.391304347826087,0.9881011294579078,0.16470455072048473,-0.5892168285830057,2.25,2.350559646111409,0.415501725915712,0.25074361974160847
next_open,cluster_stress,10,1,liquidity_priority,0.0025,588,378,0.391304347826087,0.9881011294579078,0.16470455072048473,-0.5892168285830057,2.25,2.350559646111409,0.415501725915712,0.25074361974160847
next_open,cluster_stress,15,1,symbol_order,0.0025,588,378,0.391304347826087,0.9881011294579078,0.16470455072048473,-0.5892168285830057,2.25,2.350559646111409,0.415501725915712,0.25074361974160847
next_open,cluster_stress,15,1,largest_drop,0.0025,588,378,0.391304347826087,0.9881011294579078,0.16470455072048473,-0.5892168285830057,2.25,2.350559646111409,0.415501725915712,0.25074361974160847
next_open,cluster_stress,15,1,liquidity_priority,0.0025,588,378,0.391304347826087,0.9881011294579078,0.16470455072048473,-0.5892168285830057,2.25,2.350559646111409,0.415501725915712,0.25074361974160847
next_open,cluster_stress,unlimited,1,largest_drop,0.0025,588,378,0.391304347826087,0.9881011294579078,0.16470455072048473,-0.5892168285830057,2.25,2.350559646111409,0.415501725915712,0.25074361974160847
next_open,stress,5,2,symbol_order,0.0025,491,475,0.4917184265010352,0.9848707761021647,0.16416828014096385,-0.3985762230011569,1.25,2.5192093610272166,0.39142804695974537,0.27591690559573506
next_open,stress,5,2,liquidity_priority,0.0025,491,475,0.4917184265010352,0.9848707761021647,0.16416828014096385,-0.3985762230011569,1.25,2.5192093610272166,0.39142804695974537,0.27591690559573506
next_close,cluster_stress,3,1,largest_drop,0.005,358,608,0.629399585921325,0.9799865121018048,0.16335741692503625,-0.5495727727766742,1.5,1.497077753160542,0.4469994876082507,0.3413078696077209
next_open,stress,5,1,largest_drop,0.0025,479,487,0.5041407867494824,0.9746589121385485,0.16247291585858026,-0.38935382057161405,1.25,2.5306767177956857,0.37787476099936457,0.23967737910409045
next_open,stress,5,unlimited,symbol_order,0.0025,491,475,0.4917184265010352,0.9668553636128729,0.16117728166380463,-0.391889612234364,1.25,2.475879264857221,0.3904766821526608,0.31134610038925664
next_open,stress,5,unlimited,liquidity_priority,0.0025,491,475,0.4917184265010352,0.9668553636128729,0.16117728166380463,-0.391889612234364,1.25,2.475879264857221,0.3904766821526608,0.31134610038925664
next_open,cluster_stress,5,unlimited,largest_drop,0.0025,491,475,0.4917184265010352,0.9567077336220864,0.15949233159668896,-0.3815361619670554,1.25,2.376879150782756,0.3537550238853753,0.238743030291807
next_close,base,3,2,largest_drop,0.0025,361,605,0.6262939958592133,0.9529955983344607,0.15887591967693737,-0.2485027648015392,0.75,2.807599233477742,0.25531073768260254,0.20532017686504875
next_close,base,3,unlimited,largest_drop,0.0025,361,605,0.6262939958592133,0.9529955983344607,0.15887591967693737,-0.2485027648015392,0.75,2.807599233477742,0.25531073768260254,0.20532017686504875
next_open,cluster_stress,5,2,largest_drop,0.0025,491,475,0.4917184265010352,0.9232696991100076,0.15393915840793415,-0.3815361619670554,1.25,2.3065373531518087,0.3665669603205285,0.24734341751532338
next_close,cluster_stress,5,2,liquidity_priority,0.0025,491,475,0.4917184265010352,0.9081984466128512,0.15143572110174475,-0.44437566141625195,1.25,2.334045490115137,0.347023812053086,0.3397926557394324
next_close,cluster_stress,5,2,symbol_order,0.0025,491,475,0.4917184265010352,0.9081984466128512,0.15143572110174475,-0.44437566141625195,1.25,2.334045490115137,0.347023812053086,0.3397926557394324
next_close,cluster_stress,3,1,liquidity_priority,0.005,358,608,0.629399585921325,0.8981476131666222,0.14976603642338215,-0.6110266016880361,1.5,1.3860338598570503,0.49959400484506206,0.5210147250151186
next_close,cluster_stress,3,1,symbol_order,0.005,358,608,0.629399585921325,0.8981476131666222,0.14976603642338215,-0.6110266016880361,1.5,1.3860338598570503,0.49959400484506206,0.5210147250151186
next_open,base,3,1,largest_drop,0.0025,358,608,0.629399585921325,0.8944739234248766,0.14915571382054793,-0.23173560932150394,0.75,2.6075723391413783,0.31808705592868497,0.23081497563338904
next_close,cluster_stress,5,unlimited,liquidity_priority,0.0025,491,475,0.4917184265010352,0.8909851694739457,0.14857609810157157,-0.43368812087112296,1.25,2.286468098265011,0.343225279605375,0.35956898007744975
next_close,cluster_stress,5,unlimited,symbol_order,0.0025,491,475,0.4917184265010352,0.8909851694739457,0.14857609810157157,-0.43368812087112296,1.25,2.286468098265011,0.343225279605375,0.35956898007744975
next_close,base,3,2,symbol_order,0.0025,361,605,0.6262939958592133,0.8734237454753435,0.14565821917558175,-0.2788426498819607,0.75,2.5979557161336917,0.28468876592065656,0.3216520642091944
next_close,base,3,2,liquidity_priority,0.0025,361,605,0.6262939958592133,0.8734237454753435,0.14565821917558175,-0.2788426498819607,0.75,2.5979557161336917,0.28468876592065656,0.3216520642091944
next_close,base,3,unlimited,liquidity_priority,0.0025,361,605,0.6262939958592133,0.8734237454753435,0.14565821917558175,-0.2788426498819607,0.75,2.5979557161336917,0.28468876592065656,0.3216520642091944
next_close,base,3,unlimited,symbol_order,0.0025,361,605,0.6262939958592133,0.8734237454753435,0.14565821917558175,-0.2788426498819607,0.75,2.5979557161336917,0.28468876592065656,0.3216520642091944
next_open,stress,3,unlimited,largest_drop,0.0025,361,605,0.6262939958592133,0.8708608413605878,0.1452323502369124,-0.24803083598901043,0.75,2.4432184997914774,0.28666778780953095,0.21648054263488262
next_open,stress,3,2,largest_drop,0.0025,361,605,0.6262939958592133,0.8708608413605878,0.1452323502369124,-0.24803083598901043,0.75,2.4432184997914774,0.28666778780953095,0.21648054263488262
next_open,cluster_stress,3,1,symbol_order,0.005,358,608,0.629399585921325,0.8701142158462405,0.14510828435532197,-0.6394248237770572,1.5,1.3311146842472137,0.5635255258577011,0.4073798530425635
next_open,cluster_stress,3,1,liquidity_priority,0.005,358,608,0.629399585921325,0.8701142158462405,0.14510828435532197,-0.6394248237770572,1.5,1.3311146842472137,0.5635255258577011,0.4073798530425635
next_close,cluster_stress,5,unlimited,largest_drop,0.0025,491,475,0.4917184265010352,0.8545400292785166,0.14252016579270332,-0.42292141931534744,1.25,2.2089217689631546,0.3319257980826822,0.2691797760810555
next_open,base,3,2,liquidity_priority,0.0025,361,605,0.6262939958592133,0.851132928905729,0.14195392943856522,-0.2879582633088962,0.75,2.4567081462853877,0.2809523253667908,0.37621512536906704
next_open,base,3,unlimited,liquidity_priority,0.0025,361,605,0.6262939958592133,0.851132928905729,0.14195392943856522,-0.2879582633088962,0.75,2.4567081462853877,0.2809523253667908,0.37621512536906704
next_open,base,3,2,symbol_order,0.0025,361,605,0.6262939958592133,0.851132928905729,0.14195392943856522,-0.2879582633088962,0.75,2.4567081462853877,0.2809523253667908,0.37621512536906704
next_open,base,3,unlimited,symbol_order,0.0025,361,605,0.6262939958592133,0.851132928905729,0.14195392943856522,-0.2879582633088962,0.75,2.4567081462853877,0.2809523253667908,0.37621512536906704
next_close,stress,5,1,largest_drop,0.0025,479,487,0.5041407867494824,0.8453295506901659,0.14098941172369095,-0.40589621692085354,1.25,2.325204708593689,0.3598465605610643,0.2840620049206034
next_close,stress,5,1,liquidity_priority,0.0025,480,486,0.5031055900621118,0.8395797551025597,0.14003375382869443,-0.4374144043876149,1.25,2.2926310438823814,0.35366391331595465,0.23704691391978439
next_close,stress,5,1,symbol_order,0.0025,480,486,0.5031055900621118,0.8395797551025597,0.14003375382869443,-0.4374144043876149,1.25,2.2926310438823814,0.35366391331595465,0.23704691391978439
next_close,cluster_stress,5,2,largest_drop,0.0025,491,475,0.4917184265010352,0.8372787543168059,0.13965129803137355,-0.42292141931534744,1.25,2.1659564835217076,0.33876875502868226,0.27470108117136366
next_open,cluster_stress,5,2,liquidity_priority,0.0025,491,475,0.4917184265010352,0.8239091457790115,0.1374289540994278,-0.4175476573756942,1.25,2.1093367987077696,0.45393467432648366,0.30690125928114936
next_open,cluster_stress,5,2,symbol_order,0.0025,491,475,0.4917184265010352,0.8239091457790115,0.1374289540994278,-0.4175476573756942,1.25,2.1093367987077696,0.45393467432648366,0.30690125928114936
next_open,stress,5,1,liquidity_priority,0.0025,480,486,0.5031055900621118,0.8227570969075115,0.13723744495197643,-0.4104378742641246,1.25,2.2140032835271195,0.4412150817509532,0.21166692869867296
next_open,stress,5,1,symbol_order,0.0025,480,486,0.5031055900621118,0.8227570969075115,0.13723744495197643,-0.4104378742641246,1.25,2.2140032835271195,0.4412150817509532,0.21166692869867296
next_open,cluster_stress,5,1,largest_drop,0.0025,479,487,0.5041407867494824,0.8145764016854296,0.13587748672165834,-0.3921457520762339,1.25,2.1172052716531073,0.4380054889290067,0.25814832838494434
next_open,cluster_stress,5,unlimited,symbol_order,0.0025,491,475,0.4917184265010352,0.8059403596540449,0.13444173196568432,-0.41086897756481555,1.25,2.0656059226757586,0.45417530581803967,0.3494479969128451
next_open,cluster_stress,5,unlimited,liquidity_priority,0.0025,491,475,0.4917184265010352,0.8059403596540449,0.13444173196568432,-0.41086897756481555,1.25,2.0656059226757586,0.45417530581803967,0.3494479969128451
next_close,cluster_stress,10,1,symbol_order,0.0025,588,378,0.391304347826087,0.802992352432863,0.13395159795945855,-0.7337155052442812,2.25,1.9807681336392469,0.4270276729050226,0.2590035225054544
next_close,cluster_stress,20,1,largest_drop,0.0025,588,378,0.391304347826087,0.802992352432863,0.13395159795945855,-0.7337155052442812,2.25,1.9807681336392469,0.4270276729050226,0.2590035225054544
next_close,cluster_stress,unlimited,1,symbol_order,0.0025,588,378,0.391304347826087,0.802992352432863,0.13395159795945855,-0.7337155052442812,2.25,1.9807681336392469,0.4270276729050226,0.2590035225054544
next_close,cluster_stress,10,1,largest_drop,0.0025,588,378,0.391304347826087,0.802992352432863,0.13395159795945855,-0.7337155052442812,2.25,1.9807681336392469,0.4270276729050226,0.2590035225054544
next_close,cluster_stress,10,1,liquidity_priority,0.0025,588,378,0.391304347826087,0.802992352432863,0.13395159795945855,-0.7337155052442812,2.25,1.9807681336392469,0.4270276729050226,0.2590035225054544
next_close,cluster_stress,15,1,symbol_order,0.0025,588,378,0.391304347826087,0.802992352432863,0.13395159795945855,-0.7337155052442812,2.25,1.9807681336392469,0.4270276729050226,0.2590035225054544
next_close,cluster_stress,15,1,largest_drop,0.0025,588,378,0.391304347826087,0.802992352432863,0.13395159795945855,-0.7337155052442812,2.25,1.9807681336392469,0.4270276729050226,0.2590035225054544
next_close,cluster_stress,20,1,liquidity_priority,0.0025,588,378,0.391304347826087,0.802992352432863,0.13395159795945855,-0.7337155052442812,2.25,1.9807681336392469,0.4270276729050226,0.2590035225054544
next_close,cluster_stress,15,1,liquidity_priority,0.0025,588,378,0.391304347826087,0.802992352432863,0.13395159795945855,-0.7337155052442812,2.25,1.9807681336392469,0.4270276729050226,0.2590035225054544
next_close,cluster_stress,unlimited,1,largest_drop,0.0025,588,378,0.391304347826087,0.802992352432863,0.13395159795945855,-0.7337155052442812,2.25,1.9807681336392469,0.4270276729050226,0.2590035225054544
next_close,cluster_stress,unlimited,1,liquidity_priority,0.0025,588,378,0.391304347826087,0.802992352432863,0.13395159795945855,-0.7337155052442812,2.25,1.9807681336392469,0.4270276729050226,0.2590035225054544
next_close,cluster_stress,20,1,symbol_order,0.0025,588,378,0.391304347826087,0.802992352432863,0.13395159795945855,-0.7337155052442812,2.25,1.9807681336392469,0.4270276729050226,0.2590035225054544
next_close,stress,3,unlimited,largest_drop,0.0025,361,605,0.6262939958592133,0.7881522989215961,0.13148411781775948,-0.26262132889792733,0.75,2.3264659246816977,0.2946640787557316,0.23174160708706693
next_close,stress,3,2,largest_drop,0.0025,361,605,0.6262939958592133,0.7881522989215961,0.13148411781775948,-0.26262132889792733,0.75,2.3264659246816977,0.2946640787557316,0.23174160708706693
next_open,cluster_stress,3,unlimited,largest_drop,0.0025,361,605,0.6262939958592133,0.7624218277055173,0.127205152945975,-0.26064151115182677,0.75,2.1397526258246504,0.3184181515070579,0.23460909785507572
next_open,cluster_stress,3,2,largest_drop,0.0025,361,605,0.6262939958592133,0.7624218277055173,0.127205152945975,-0.26064151115182677,0.75,2.1397526258246504,0.3184181515070579,0.23460909785507572
next_close,base,3,1,largest_drop,0.0025,358,608,0.629399585921325,0.7594319378086745,0.1267078767086538,-0.250314699565668,0.75,2.3174582607796625,0.31174131471569366,0.26518755469227207
next_open,stress,3,1,largest_drop,0.0025,358,608,0.629399585921325,0.7311444022733093,0.12200250698775061,-0.24722011630802232,0.75,2.1355997139975824,0.3739414343291914,0.25466333118498485
next_close,base,3,1,liquidity_priority,0.0025,358,608,0.629399585921325,0.7185382978784238,0.119905243790841,-0.28121519557253727,0.75,2.2140735981579565,0.3369199394702817,0.3778878663531713
next_close,base,3,1,symbol_order,0.0025,358,608,0.629399585921325,0.7185382978784238,0.119905243790841,-0.28121519557253727,0.75,2.2140735981579565,0.3369199394702817,0.3778878663531713
next_close,stress,3,unlimited,symbol_order,0.0025,361,605,0.6262939958592133,0.7087893782707022,0.11828317728985738,-0.292926751247502,0.75,2.112400673835387,0.33518869780104443,0.35738302827167984
next_close,stress,3,2,symbol_order,0.0025,361,605,0.6262939958592133,0.7087893782707022,0.11828317728985738,-0.292926751247502,0.75,2.112400673835387,0.33518869780104443,0.35738302827167984
next_close,stress,3,2,liquidity_priority,0.0025,361,605,0.6262939958592133,0.7087893782707022,0.11828317728985738,-0.292926751247502,0.75,2.112400673835387,0.33518869780104443,0.35738302827167984
next_close,stress,3,unlimited,liquidity_priority,0.0025,361,605,0.6262939958592133,0.7087893782707022,0.11828317728985738,-0.292926751247502,0.75,2.112400673835387,0.33518869780104443,0.35738302827167984
next_open,base,3,1,liquidity_priority,0.0025,358,608,0.629399585921325,0.7044332754825078,0.1175583482121656,-0.28588278038749193,0.75,2.1524781043380807,0.3732168598031762,0.3047053866865935
next_open,base,3,1,symbol_order,0.0025,358,608,0.629399585921325,0.7044332754825078,0.1175583482121656,-0.28588278038749193,0.75,2.1524781043380807,0.3732168598031762,0.3047053866865935
next_open,stress,3,2,symbol_order,0.0025,361,605,0.6262939958592133,0.686557117538511,0.11458359056799594,-0.30337814897767323,0.75,1.9856062846075286,0.3321829461773776,0.4260418046682214
next_open,stress,3,unlimited,liquidity_priority,0.0025,361,605,0.6262939958592133,0.686557117538511,0.11458359056799594,-0.30337814897767323,0.75,1.9856062846075286,0.3321829461773776,0.4260418046682214
next_open,stress,3,2,liquidity_priority,0.0025,361,605,0.6262939958592133,0.686557117538511,0.11458359056799594,-0.30337814897767323,0.75,1.9856062846075286,0.3321829461773776,0.4260418046682214
next_open,stress,3,unlimited,symbol_order,0.0025,361,605,0.6262939958592133,0.686557117538511,0.11458359056799594,-0.30337814897767323,0.75,1.9856062846075286,0.3321829461773776,0.4260418046682214
next_close,cluster_stress,5,1,largest_drop,0.0025,479,487,0.5041407867494824,0.6855400612122642,0.1144143297888256,-0.42262485830670826,1.25,1.8876241249720807,0.42703530039243376,0.316266087783833
next_close,cluster_stress,5,1,symbol_order,0.0025,480,486,0.5031055900621118,0.6803227083428842,0.11354602392006363,-0.4541063817513402,1.25,1.8592705907309703,0.4196508283069431,0.264318783664876
next_close,cluster_stress,5,1,liquidity_priority,0.0025,480,486,0.5031055900621118,0.6803227083428842,0.11354602392006363,-0.4541063817513402,1.25,1.8592705907309703,0.4196508283069431,0.264318783664876
next_close,cluster_stress,3,unlimited,largest_drop,0.0025,361,605,0.6262939958592133,0.6797886939911235,0.11345714765760295,-0.27322689014858126,0.75,2.007771446288147,0.33154699728990433,0.25446570274539865
next_close,cluster_stress,3,2,largest_drop,0.0025,361,605,0.6262939958592133,0.6797886939911235,0.11345714765760295,-0.27322689014858126,0.75,2.007771446288147,0.33154699728990433,0.25446570274539865
next_open,cluster_stress,5,1,liquidity_priority,0.0025,480,486,0.5031055900621118,0.6636014301020232,0.11076290733935679,-0.42894664935662075,1.25,1.7867860566555807,0.5296984326087139,0.23359572838460244
next_open,cluster_stress,5,1,symbol_order,0.0025,480,486,0.5031055900621118,0.6636014301020232,0.11076290733935679,-0.42894664935662075,1.25,1.7867860566555807,0.5296984326087139,0.23359572838460244
next_open,cluster_stress,3,1,largest_drop,0.0025,358,608,0.629399585921325,0.623847619549811,0.1041446731070872,-0.25983170152211743,0.75,1.8227793480194696,0.4271894099991931,0.2758115259112464
next_close,cluster_stress,3,unlimited,symbol_order,0.0025,361,605,0.6262939958592133,0.6005014386589291,0.10025697450986026,-0.3034989243769548,0.75,1.7912272392410804,0.3841852098592377,0.3955530752422211
next_close,cluster_stress,3,2,liquidity_priority,0.0025,361,605,0.6262939958592133,0.6005014386589291,0.10025697450986026,-0.3034989243769548,0.75,1.7912272392410804,0.3841852098592377,0.3955530752422211
next_close,cluster_stress,3,2,symbol_order,0.0025,361,605,0.6262939958592133,0.6005014386589291,0.10025697450986026,-0.3034989243769548,0.75,1.7912272392410804,0.3841852098592377,0.3955530752422211
next_close,cluster_stress,3,unlimited,liquidity_priority,0.0025,361,605,0.6262939958592133,0.6005014386589291,0.10025697450986026,-0.3034989243769548,0.75,1.7912272392410804,0.3841852098592377,0.3955530752422211
next_close,stress,3,1,largest_drop,0.0025,358,608,0.629399585921325,0.5964550315899153,0.09958307438084901,-0.26443120420098776,0.75,1.8237626199291284,0.37837508946133525,0.303703676506964
next_open,cluster_stress,3,unlimited,liquidity_priority,0.0025,361,605,0.6262939958592133,0.5783964363313743,0.0965752694639832,-0.3221583294708785,0.75,1.6736568571631731,0.382431220132161,0.4783998232393432
next_open,cluster_stress,3,2,liquidity_priority,0.0025,361,605,0.6262939958592133,0.5783964363313743,0.0965752694639832,-0.3221583294708785,0.75,1.6736568571631731,0.382431220132161,0.4783998232393432
next_open,cluster_stress,3,unlimited,symbol_order,0.0025,361,605,0.6262939958592133,0.5783964363313743,0.0965752694639832,-0.3221583294708785,0.75,1.6736568571631731,0.382431220132161,0.4783998232393432
next_open,cluster_stress,3,2,symbol_order,0.0025,361,605,0.6262939958592133,0.5783964363313743,0.0965752694639832,-0.3221583294708785,0.75,1.6736568571631731,0.382431220132161,0.4783998232393432
next_close,stress,3,1,symbol_order,0.0025,358,608,0.629399585921325,0.5556681409581987,0.09278904910476893,-0.2952966053202499,0.75,1.7156723538931988,0.41575425577350106,0.4503372470053887
next_close,stress,3,1,liquidity_priority,0.0025,358,608,0.629399585921325,0.5556681409581987,0.09278904910476893,-0.2952966053202499,0.75,1.7156723538931988,0.41575425577350106,0.4503372470053887
next_open,stress,3,1,liquidity_priority,0.0025,358,608,0.629399585921325,0.5415999471834354,0.09044512512332847,-0.30130505486285486,0.75,1.6582884708911056,0.46494629037815083,0.3572191792145891
next_open,stress,3,1,symbol_order,0.0025,358,608,0.629399585921325,0.5415999471834354,0.09044512512332847,-0.30130505486285486,0.75,1.6582884708911056,0.46494629037815083,0.3572191792145891
next_close,cluster_stress,3,1,largest_drop,0.0025,358,608,0.629399585921325,0.48933584592947277,0.08173492827152629,-0.2750347701705125,0.75,1.497077753160542,0.4472029460187683,0.3413078696077209
next_close,cluster_stress,3,1,symbol_order,0.0025,358,608,0.629399585921325,0.4485962504689356,0.07494275865684852,-0.3058661708578714,0.75,1.3860338598570503,0.49967861932639906,0.5210147250151186
next_close,cluster_stress,3,1,liquidity_priority,0.0025,358,608,0.629399585921325,0.4485962504689356,0.07494275865684852,-0.3058661708578714,0.75,1.3860338598570503,0.49967861932639906,0.5210147250151186
next_open,cluster_stress,3,1,liquidity_priority,0.0025,358,608,0.629399585921325,0.43465049408710765,0.07261717318767236,-0.32008769333990994,0.75,1.3311146842472137,0.5634961849893376,0.4073798530425635
next_open,cluster_stress,3,1,symbol_order,0.0025,358,608,0.629399585921325,0.43465049408710765,0.07261717318767236,-0.32008769333990994,0.75,1.3311146842472137,0.5634961849893376,0.4073798530425635
