entry_mode,filter_name,event_threshold,min_simultaneous_drops,exit_model,friction_case,horizon_bars,taker_fee_bps_per_side,slippage_bps_per_side,timestamp,symbol,realized_return,cumulative_return,active_positions_after_exit
next_close,drop3_breadth4,-0.03,4,pure_horizon_12,base,12,4.0,5.0,2025-05-30 04:00:00+00:00,ADAUSDT,0.0018915631284829543,0.0018915631284829543,0
next_close,drop3_breadth4,-0.03,4,pure_horizon_12,base,12,4.0,5.0,2025-05-30 04:00:00+00:00,AVAXUSDT,0.00254518592466515,0.004436749053148104,0
next_close,drop3_breadth4,-0.03,4,pure_horizon_12,base,12,4.0,5.0,2025-05-30 04:00:00+00:00,LINKUSDT,0.002660629737332965,0.007097378790481069,0
next_close,drop3_breadth4,-0.03,4,pure_horizon_12,base,12,4.0,5.0,2025-05-30 04:00:00+00:00,LTCUSDT,0.0032415290380262366,0.010338907828507306,0
next_close,drop3_breadth4,-0.03,4,pure_horizon_12,base,12,4.0,5.0,2025-05-30 04:00:00+00:00,XRPUSDT,0.008619607473606596,0.018958515302113902,0
next_close,drop3_breadth4,-0.03,4,pure_horizon_12,base,12,4.0,5.0,2025-06-13 03:15:00+00:00,AVAXUSDT,-0.026196750849161822,-0.00723823554704792,0
next_close,drop3_breadth4,-0.03,4,pure_horizon_12,base,12,4.0,5.0,2025-06-22 16:30:00+00:00,ADAUSDT,-0.01108107485885421,-0.01831931040590213,0
next_close,drop3_breadth4,-0.03,4,pure_horizon_12,base,12,4.0,5.0,2025-06-22 16:30:00+00:00,LINKUSDT,-0.006793188620107115,-0.025112499026009247,0
next_close,drop3_breadth4,-0.03,4,pure_horizon_12,base,12,4.0,5.0,2025-06-22 16:30:00+00:00,SOLUSDT,0.0091681965792513,-0.015944302446757947,0
next_close,drop3_breadth4,-0.03,4,pure_horizon_12,base,12,4.0,5.0,2025-09-22 09:15:00+00:00,LINKUSDT,0.0035897699077775073,-0.01235453253898044,0
next_close,drop3_breadth4,-0.03,4,pure_horizon_12,base,12,4.0,5.0,2025-10-11 00:00:00+00:00,ADAUSDT,-0.0036421079961094,-0.01599664053508984,20
next_close,drop3_breadth4,-0.03,4,pure_horizon_12,base,12,4.0,5.0,2025-10-11 00:00:00+00:00,AVAXUSDT,-0.09807147100290267,-0.11406811153799251,20
next_close,drop3_breadth4,-0.03,4,pure_horizon_12,base,12,4.0,5.0,2025-10-11 00:00:00+00:00,ETHUSDT,0.03682370704898821,-0.0772444044890043,20
next_close,drop3_breadth4,-0.03,4,pure_horizon_12,base,12,4.0,5.0,2025-10-11 00:00:00+00:00,LINKUSDT,-0.030560122722912843,-0.10780452721191713,20
next_close,drop3_breadth4,-0.03,4,pure_horizon_12,base,12,4.0,5.0,2025-10-11 00:00:00+00:00,SOLUSDT,0.01740789756342389,-0.09039662964849324,20
next_close,drop3_breadth4,-0.03,4,pure_horizon_12,base,12,4.0,5.0,2025-10-11 00:00:00+00:00,XRPUSDT,0.03022226344358727,-0.06017436620490597,20
next_close,drop3_breadth4,-0.03,4,pure_horizon_12,base,12,4.0,5.0,2025-10-11 00:15:00+00:00,ADAUSDT,0.3934214005844302,0.33324703437952424,13
next_close,drop3_breadth4,-0.03,4,pure_horizon_12,base,12,4.0,5.0,2025-10-11 00:15:00+00:00,AVAXUSDT,0.1660820971746676,0.49932913155419184,13
next_close,drop3_breadth4,-0.03,4,pure_horizon_12,base,12,4.0,5.0,2025-10-11 00:15:00+00:00,BNBUSDT,0.13015699027423933,0.6294861218284311,13
next_close,drop3_breadth4,-0.03,4,pure_horizon_12,base,12,4.0,5.0,2025-10-11 00:15:00+00:00,ETHUSDT,0.06072640291601741,0.6902125247444485,13
next_close,drop3_breadth4,-0.03,4,pure_horizon_12,base,12,4.0,5.0,2025-10-11 00:15:00+00:00,LINKUSDT,0.3361631822589245,1.026375707003373,13
next_close,drop3_breadth4,-0.03,4,pure_horizon_12,base,12,4.0,5.0,2025-10-11 00:15:00+00:00,SOLUSDT,0.07608419951807402,1.102459906521447,13
next_close,drop3_breadth4,-0.03,4,pure_horizon_12,base,12,4.0,5.0,2025-10-11 00:15:00+00:00,XRPUSDT,0.21968672165974634,1.3221466281811933,13
next_close,drop3_breadth4,-0.03,4,pure_horizon_12,base,12,4.0,5.0,2025-10-11 00:30:00+00:00,ADAUSDT,0.07382405123012106,1.3959706794113145,7
next_close,drop3_breadth4,-0.03,4,pure_horizon_12,base,12,4.0,5.0,2025-10-11 00:30:00+00:00,AVAXUSDT,-0.05849503609934456,1.3374756433119699,7
next_close,drop3_breadth4,-0.03,4,pure_horizon_12,base,12,4.0,5.0,2025-10-11 00:30:00+00:00,BNBUSDT,0.01617344033183845,1.3536490836438084,7
next_close,drop3_breadth4,-0.03,4,pure_horizon_12,base,12,4.0,5.0,2025-10-11 00:30:00+00:00,LINKUSDT,0.07550045230798288,1.4291495359517914,7
next_close,drop3_breadth4,-0.03,4,pure_horizon_12,base,12,4.0,5.0,2025-10-11 00:30:00+00:00,SOLUSDT,-0.028274324382603556,1.4008752115691878,7
next_close,drop3_breadth4,-0.03,4,pure_horizon_12,base,12,4.0,5.0,2025-10-11 00:30:00+00:00,XRPUSDT,0.03205233776797925,1.4329275493371672,7
next_close,drop3_breadth4,-0.03,4,pure_horizon_12,base,12,4.0,5.0,2025-10-11 01:30:00+00:00,ADAUSDT,0.07410202312195438,1.5070295724591216,3
next_close,drop3_breadth4,-0.03,4,pure_horizon_12,base,12,4.0,5.0,2025-10-11 01:30:00+00:00,AVAXUSDT,0.015720847580302254,1.522750420039424,3
next_close,drop3_breadth4,-0.03,4,pure_horizon_12,base,12,4.0,5.0,2025-10-11 01:30:00+00:00,LINKUSDT,0.041696826472833376,1.5644472465122574,3
next_close,drop3_breadth4,-0.03,4,pure_horizon_12,base,12,4.0,5.0,2025-10-11 01:30:00+00:00,LTCUSDT,0.0010406612214583174,1.5654879077337158,3
next_close,drop3_breadth4,-0.03,4,pure_horizon_12,base,12,4.0,5.0,2025-10-11 03:00:00+00:00,AVAXUSDT,0.056962413329012,1.622450321062728,0
next_close,drop3_breadth4,-0.03,4,pure_horizon_12,base,12,4.0,5.0,2025-10-11 03:00:00+00:00,LINKUSDT,0.004959404570405912,1.627409725633134,0
next_close,drop3_breadth4,-0.03,4,pure_horizon_12,base,12,4.0,5.0,2025-10-11 03:00:00+00:00,LTCUSDT,0.010253880012958929,1.637663605646093,0
next_close,drop3_breadth4,-0.03,4,pure_horizon_12,base,12,4.0,5.0,2025-10-29 21:45:00+00:00,ETHUSDT,0.008182110192831573,1.6458457158389246,0
next_close,drop3_breadth4,-0.03,4,pure_horizon_12,base,12,4.0,5.0,2025-11-03 18:30:00+00:00,ADAUSDT,0.015596481606829382,1.661442197445754,0
next_close,drop3_breadth4,-0.03,4,pure_horizon_12,base,12,4.0,5.0,2025-11-03 18:30:00+00:00,AVAXUSDT,0.02570148367484961,1.6871436811206038,0
next_close,drop3_breadth4,-0.03,4,pure_horizon_12,base,12,4.0,5.0,2025-11-03 18:30:00+00:00,LINKUSDT,0.016281956759177117,1.703425637879781,0
next_close,drop3_breadth4,-0.03,4,pure_horizon_12,base,12,4.0,5.0,2025-11-03 18:30:00+00:00,SOLUSDT,0.0009993208927249427,1.704424958772506,0
next_close,drop3_breadth4,-0.03,4,pure_horizon_12,base,12,4.0,5.0,2026-01-19 03:15:00+00:00,ADAUSDT,0.010139638574264833,1.714564597346771,0
next_close,drop3_breadth4,-0.03,4,pure_horizon_12,base,12,4.0,5.0,2026-01-19 03:15:00+00:00,AVAXUSDT,0.008168972845739832,1.7227335701925108,0
next_close,drop3_breadth4,-0.03,4,pure_horizon_12,base,12,4.0,5.0,2026-01-19 03:15:00+00:00,LINKUSDT,-0.000630075597443857,1.722103494595067,0
next_close,drop3_breadth4,-0.03,4,pure_horizon_12,base,12,4.0,5.0,2026-01-19 03:15:00+00:00,LTCUSDT,0.009883872617546221,1.7319873672126134,0
next_close,drop3_breadth4,-0.03,4,pure_horizon_12,base,12,4.0,5.0,2026-01-19 03:15:00+00:00,SOLUSDT,-0.003663863678790657,1.7283235035338227,0
next_close,drop3_breadth4,-0.03,4,pure_horizon_12,base,12,4.0,5.0,2026-01-19 03:15:00+00:00,XRPUSDT,0.009989336453351118,1.738312839987174,0
next_close,drop3_breadth4,-0.03,4,pure_horizon_12,base,12,4.0,5.0,2026-01-30 04:45:00+00:00,ADAUSDT,0.002175708350293926,1.740488548337468,0
next_close,drop3_breadth4,-0.03,4,pure_horizon_12,base,12,4.0,5.0,2026-01-30 04:45:00+00:00,LTCUSDT,-0.00812228822297687,1.7323662601144911,0
next_close,drop3_breadth4,-0.03,4,pure_horizon_12,base,12,4.0,5.0,2026-01-30 04:45:00+00:00,XRPUSDT,0.0022420402334447868,1.734608300347936,0
next_close,drop3_breadth4,-0.03,4,pure_horizon_12,base,12,4.0,5.0,2026-01-31 20:15:00+00:00,ADAUSDT,-0.008805113852610711,1.7258031864953254,0
next_close,drop3_breadth4,-0.03,4,pure_horizon_12,base,12,4.0,5.0,2026-01-31 20:15:00+00:00,ETHUSDT,-0.023337961432334776,1.7024652250629906,0
next_close,drop3_breadth4,-0.03,4,pure_horizon_12,base,12,4.0,5.0,2026-01-31 20:15:00+00:00,LINKUSDT,-0.00842225061076238,1.6940429744522283,0
next_close,drop3_breadth4,-0.03,4,pure_horizon_12,base,12,4.0,5.0,2026-01-31 20:15:00+00:00,LTCUSDT,-0.011383880579840053,1.6826590938723882,0
next_close,drop3_breadth4,-0.03,4,pure_horizon_12,base,12,4.0,5.0,2026-01-31 20:15:00+00:00,SOLUSDT,-0.03208389611372717,1.6505751977586611,0
next_close,drop3_breadth4,-0.03,4,pure_horizon_12,base,12,4.0,5.0,2026-01-31 20:15:00+00:00,XRPUSDT,0.0027880395155443164,1.6533632372742055,0
next_close,drop3_breadth4,-0.03,4,pure_horizon_12,base,12,4.0,5.0,2026-02-05 18:15:00+00:00,AVAXUSDT,0.0018444090162831556,1.6552076462904888,1
next_close,drop3_breadth4,-0.03,4,pure_horizon_12,base,12,4.0,5.0,2026-02-05 18:15:00+00:00,LINKUSDT,-0.011102513499697018,1.6441051327907918,1
next_close,drop3_breadth4,-0.03,4,pure_horizon_12,base,12,4.0,5.0,2026-02-05 18:30:00+00:00,ETHUSDT,-0.02258497936200097,1.6215201534287909,0
next_close,drop3_breadth4,-0.03,4,pure_horizon_12,base,12,4.0,5.0,2026-02-05 23:30:00+00:00,AVAXUSDT,-0.019935310336108493,1.6015848430926825,0
next_close,drop3_breadth4,-0.03,4,pure_horizon_12,base,12,4.0,5.0,2026-02-05 23:30:00+00:00,SOLUSDT,-0.00972607852245164,1.591858764570231,0
next_close,drop3_breadth4,-0.03,4,pure_horizon_12,base,12,4.0,5.0,2026-02-05 23:30:00+00:00,XRPUSDT,0.01959631067090064,1.6114550752411316,0
next_close,drop3_breadth4,-0.03,4,pure_horizon_12,base,12,4.0,5.0,2026-02-06 03:15:00+00:00,ADAUSDT,0.06675513050552842,1.6782102057466601,0
next_close,drop3_breadth4,-0.03,4,pure_horizon_12,base,12,4.0,5.0,2026-02-06 03:15:00+00:00,AVAXUSDT,0.052936765664059054,1.7311469714107193,0
next_close,drop3_breadth4,-0.03,4,pure_horizon_12,base,12,4.0,5.0,2026-02-06 03:15:00+00:00,BNBUSDT,0.053122529909167465,1.7842695013198868,0
next_close,drop3_breadth4,-0.03,4,pure_horizon_12,base,12,4.0,5.0,2026-02-06 03:15:00+00:00,BTCUSDT,0.052675173014023496,1.8369446743339104,0
next_close,drop3_breadth4,-0.03,4,pure_horizon_12,base,12,4.0,5.0,2026-02-06 03:15:00+00:00,ETHUSDT,0.060416191984706075,1.8973608663186166,0
next_close,drop3_breadth4,-0.03,4,pure_horizon_12,base,12,4.0,5.0,2026-02-06 03:15:00+00:00,LINKUSDT,0.0728185221125405,1.9701793884311571,0
next_close,drop3_breadth4,-0.03,4,pure_horizon_12,base,12,4.0,5.0,2026-02-06 03:15:00+00:00,LTCUSDT,0.059976896600408086,2.0301562850315653,0
next_close,drop3_breadth4,-0.03,4,pure_horizon_12,base,12,4.0,5.0,2026-02-06 03:15:00+00:00,SOLUSDT,0.07576003222017694,2.1059163172517423,0
next_close,drop3_breadth4,-0.03,4,pure_horizon_12,base,12,4.0,5.0,2026-02-06 03:15:00+00:00,XRPUSDT,0.0981698525693794,2.204086169821122,0
next_open,drop3_breadth4,-0.03,4,pure_horizon_12,base,12,4.0,5.0,2025-05-30 04:00:00+00:00,ADAUSDT,0.019286819392096886,0.019286819392096886,0
next_open,drop3_breadth4,-0.03,4,pure_horizon_12,base,12,4.0,5.0,2025-05-30 04:00:00+00:00,AVAXUSDT,0.012010706546596108,0.03129752593869299,0
next_open,drop3_breadth4,-0.03,4,pure_horizon_12,base,12,4.0,5.0,2025-05-30 04:00:00+00:00,LINKUSDT,0.01486902866697917,0.046166554605672164,0
next_open,drop3_breadth4,-0.03,4,pure_horizon_12,base,12,4.0,5.0,2025-05-30 04:00:00+00:00,LTCUSDT,0.013140686685570693,0.05930724129124286,0
next_open,drop3_breadth4,-0.03,4,pure_horizon_12,base,12,4.0,5.0,2025-05-30 04:00:00+00:00,XRPUSDT,0.023234620584737707,0.08254186187598056,0
next_open,drop3_breadth4,-0.03,4,pure_horizon_12,base,12,4.0,5.0,2025-06-13 03:15:00+00:00,AVAXUSDT,-0.0382478697960201,0.04429399207996046,0
next_open,drop3_breadth4,-0.03,4,pure_horizon_12,base,12,4.0,5.0,2025-06-22 16:30:00+00:00,ADAUSDT,-0.01295412354382983,0.03133986853613063,0
next_open,drop3_breadth4,-0.03,4,pure_horizon_12,base,12,4.0,5.0,2025-06-22 16:30:00+00:00,LINKUSDT,-0.008707249876155985,0.022632618659974648,0
next_open,drop3_breadth4,-0.03,4,pure_horizon_12,base,12,4.0,5.0,2025-06-22 16:30:00+00:00,SOLUSDT,0.006718926916890489,0.02935154557686514,0
next_open,drop3_breadth4,-0.03,4,pure_horizon_12,base,12,4.0,5.0,2025-09-22 09:15:00+00:00,LINKUSDT,0.009373938303324805,0.03872548388018994,0
next_open,drop3_breadth4,-0.03,4,pure_horizon_12,base,12,4.0,5.0,2025-10-11 00:00:00+00:00,ADAUSDT,-0.09623931324911991,-0.05751382936892997,20
next_open,drop3_breadth4,-0.03,4,pure_horizon_12,base,12,4.0,5.0,2025-10-11 00:00:00+00:00,AVAXUSDT,-0.16865919495255965,-0.2261730243214896,20
next_open,drop3_breadth4,-0.03,4,pure_horizon_12,base,12,4.0,5.0,2025-10-11 00:00:00+00:00,ETHUSDT,-0.0012230683072854457,-0.22739609262877505,20
next_open,drop3_breadth4,-0.03,4,pure_horizon_12,base,12,4.0,5.0,2025-10-11 00:00:00+00:00,LINKUSDT,-0.10833635629043023,-0.3357324489192053,20
next_open,drop3_breadth4,-0.03,4,pure_horizon_12,base,12,4.0,5.0,2025-10-11 00:00:00+00:00,SOLUSDT,-0.04305870300816059,-0.3787911519273659,20
next_open,drop3_breadth4,-0.03,4,pure_horizon_12,base,12,4.0,5.0,2025-10-11 00:00:00+00:00,XRPUSDT,-0.05494932051621723,-0.43374047244358316,20
next_open,drop3_breadth4,-0.03,4,pure_horizon_12,base,12,4.0,5.0,2025-10-11 00:15:00+00:00,ADAUSDT,-0.013163994789691855,-0.44690446723327504,13
next_open,drop3_breadth4,-0.03,4,pure_horizon_12,base,12,4.0,5.0,2025-10-11 00:15:00+00:00,AVAXUSDT,-0.0855407778235143,-0.5324452450567894,13
next_open,drop3_breadth4,-0.03,4,pure_horizon_12,base,12,4.0,5.0,2025-10-11 00:15:00+00:00,BNBUSDT,-0.002274664044638918,-0.5347199091014283,13
next_open,drop3_breadth4,-0.03,4,pure_horizon_12,base,12,4.0,5.0,2025-10-11 00:15:00+00:00,ETHUSDT,0.030614585075279165,-0.5041053240261492,13
next_open,drop3_breadth4,-0.03,4,pure_horizon_12,base,12,4.0,5.0,2025-10-11 00:15:00+00:00,LINKUSDT,-0.0317250163337037,-0.5358303403598529,13
next_open,drop3_breadth4,-0.03,4,pure_horizon_12,base,12,4.0,5.0,2025-10-11 00:15:00+00:00,SOLUSDT,0.011526980817217283,-0.5243033595426356,13
next_open,drop3_breadth4,-0.03,4,pure_horizon_12,base,12,4.0,5.0,2025-10-11 00:15:00+00:00,XRPUSDT,0.035326550026877485,-0.48897680951575817,13
next_open,drop3_breadth4,-0.03,4,pure_horizon_12,base,12,4.0,5.0,2025-10-11 00:30:00+00:00,ADAUSDT,0.39138490125733416,-0.09759190825842401,7
next_open,drop3_breadth4,-0.03,4,pure_horizon_12,base,12,4.0,5.0,2025-10-11 00:30:00+00:00,AVAXUSDT,0.15829035746536546,0.06069844920694145,7
next_open,drop3_breadth4,-0.03,4,pure_horizon_12,base,12,4.0,5.0,2025-10-11 00:30:00+00:00,BNBUSDT,0.13340639981388647,0.19410484902082792,7
next_open,drop3_breadth4,-0.03,4,pure_horizon_12,base,12,4.0,5.0,2025-10-11 00:30:00+00:00,LINKUSDT,0.34358327855125903,0.537688127572087,7
next_open,drop3_breadth4,-0.03,4,pure_horizon_12,base,12,4.0,5.0,2025-10-11 00:30:00+00:00,SOLUSDT,0.08498027428891555,0.6226684018610025,7
next_open,drop3_breadth4,-0.03,4,pure_horizon_12,base,12,4.0,5.0,2025-10-11 00:30:00+00:00,XRPUSDT,0.21440478507595329,0.8370731869369558,7
next_open,drop3_breadth4,-0.03,4,pure_horizon_12,base,12,4.0,5.0,2025-10-11 01:30:00+00:00,ADAUSDT,0.08317058357873411,0.9202437705156898,3
next_open,drop3_breadth4,-0.03,4,pure_horizon_12,base,12,4.0,5.0,2025-10-11 01:30:00+00:00,AVAXUSDT,0.03023683359427145,0.9504806041099613,3
next_open,drop3_breadth4,-0.03,4,pure_horizon_12,base,12,4.0,5.0,2025-10-11 01:30:00+00:00,LINKUSDT,0.06352338687619433,1.0140039909861556,3
next_open,drop3_breadth4,-0.03,4,pure_horizon_12,base,12,4.0,5.0,2025-10-11 01:30:00+00:00,LTCUSDT,0.039261298602994016,1.0532652895891497,3
next_open,drop3_breadth4,-0.03,4,pure_horizon_12,base,12,4.0,5.0,2025-10-11 03:00:00+00:00,AVAXUSDT,0.06789257361810544,1.1211578632072552,0
next_open,drop3_breadth4,-0.03,4,pure_horizon_12,base,12,4.0,5.0,2025-10-11 03:00:00+00:00,LINKUSDT,0.014388944679231932,1.1355468078864872,0
next_open,drop3_breadth4,-0.03,4,pure_horizon_12,base,12,4.0,5.0,2025-10-11 03:00:00+00:00,LTCUSDT,0.02080418912353945,1.1563509970100267,0
next_open,drop3_breadth4,-0.03,4,pure_horizon_12,base,12,4.0,5.0,2025-10-29 21:45:00+00:00,ETHUSDT,0.02234568326998123,1.178696680280008,0
next_open,drop3_breadth4,-0.03,4,pure_horizon_12,base,12,4.0,5.0,2025-11-03 18:30:00+00:00,ADAUSDT,0.015596481606829382,1.1942931618868375,0
next_open,drop3_breadth4,-0.03,4,pure_horizon_12,base,12,4.0,5.0,2025-11-03 18:30:00+00:00,AVAXUSDT,0.01669383752648259,1.2109869994133202,0
next_open,drop3_breadth4,-0.03,4,pure_horizon_12,base,12,4.0,5.0,2025-11-03 18:30:00+00:00,LINKUSDT,0.002920085336570866,1.2139070847498912,0
next_open,drop3_breadth4,-0.03,4,pure_horizon_12,base,12,4.0,5.0,2025-11-03 18:30:00+00:00,SOLUSDT,0.0009396082312899353,1.2148466929811812,0
next_open,drop3_breadth4,-0.03,4,pure_horizon_12,base,12,4.0,5.0,2026-01-19 03:15:00+00:00,ADAUSDT,0.009578005441723738,1.224424698422905,0
next_open,drop3_breadth4,-0.03,4,pure_horizon_12,base,12,4.0,5.0,2026-01-19 03:15:00+00:00,AVAXUSDT,0.008491249927220414,1.2329159483501255,0
next_open,drop3_breadth4,-0.03,4,pure_horizon_12,base,12,4.0,5.0,2026-01-19 03:15:00+00:00,LINKUSDT,7.289428304204715e-05,1.2329888426331677,0
next_open,drop3_breadth4,-0.03,4,pure_horizon_12,base,12,4.0,5.0,2026-01-19 03:15:00+00:00,LTCUSDT,0.009883872617546221,1.242872715250714,0
next_open,drop3_breadth4,-0.03,4,pure_horizon_12,base,12,4.0,5.0,2026-01-19 03:15:00+00:00,SOLUSDT,0.0025527891653963856,1.2454255044161104,0
next_open,drop3_breadth4,-0.03,4,pure_horizon_12,base,12,4.0,5.0,2026-01-19 03:15:00+00:00,XRPUSDT,0.013296000083871242,1.2587215044999818,0
next_open,drop3_breadth4,-0.03,4,pure_horizon_12,base,12,4.0,5.0,2026-01-30 04:45:00+00:00,ADAUSDT,0.013350925156425355,1.2720724296564072,0
next_open,drop3_breadth4,-0.03,4,pure_horizon_12,base,12,4.0,5.0,2026-01-30 04:45:00+00:00,LTCUSDT,0.000377987994948726,1.272450417651356,0
next_open,drop3_breadth4,-0.03,4,pure_horizon_12,base,12,4.0,5.0,2026-01-30 04:45:00+00:00,XRPUSDT,0.008742226650051779,1.281192644301408,0
next_open,drop3_breadth4,-0.03,4,pure_horizon_12,base,12,4.0,5.0,2026-01-31 20:15:00+00:00,ADAUSDT,-0.0025045111883010614,1.2786881331131068,0
next_open,drop3_breadth4,-0.03,4,pure_horizon_12,base,12,4.0,5.0,2026-01-31 20:15:00+00:00,ETHUSDT,-0.018027610921860317,1.2606605221912466,0
next_open,drop3_breadth4,-0.03,4,pure_horizon_12,base,12,4.0,5.0,2026-01-31 20:15:00+00:00,LINKUSDT,-0.002528165822267425,1.2581323563689792,0
next_open,drop3_breadth4,-0.03,4,pure_horizon_12,base,12,4.0,5.0,2026-01-31 20:15:00+00:00,LTCUSDT,-0.0066147892829276685,1.2515175670860517,0
next_open,drop3_breadth4,-0.03,4,pure_horizon_12,base,12,4.0,5.0,2026-01-31 20:15:00+00:00,SOLUSDT,-0.021242873152757837,1.2302746939332938,0
next_open,drop3_breadth4,-0.03,4,pure_horizon_12,base,12,4.0,5.0,2026-01-31 20:15:00+00:00,XRPUSDT,0.007417906808753784,1.2376926007420477,0
next_open,drop3_breadth4,-0.03,4,pure_horizon_12,base,12,4.0,5.0,2026-02-05 18:15:00+00:00,AVAXUSDT,-0.012240840604647005,1.2254517601374006,1
next_open,drop3_breadth4,-0.03,4,pure_horizon_12,base,12,4.0,5.0,2026-02-05 18:15:00+00:00,LINKUSDT,-0.03395766889123661,1.191494091246164,1
next_open,drop3_breadth4,-0.03,4,pure_horizon_12,base,12,4.0,5.0,2026-02-05 18:30:00+00:00,ETHUSDT,-0.00671176978798369,1.1847823214581803,0
next_open,drop3_breadth4,-0.03,4,pure_horizon_12,base,12,4.0,5.0,2026-02-05 23:30:00+00:00,AVAXUSDT,-0.009180984099774612,1.1756013373584058,0
next_open,drop3_breadth4,-0.03,4,pure_horizon_12,base,12,4.0,5.0,2026-02-05 23:30:00+00:00,SOLUSDT,-2.0788944202631437e-05,1.1755805484142032,0
next_open,drop3_breadth4,-0.03,4,pure_horizon_12,base,12,4.0,5.0,2026-02-05 23:30:00+00:00,XRPUSDT,0.053738915912958346,1.2293194643271617,0
next_open,drop3_breadth4,-0.03,4,pure_horizon_12,base,12,4.0,5.0,2026-02-06 03:15:00+00:00,ADAUSDT,0.07839949274926253,1.3077189570764243,0
next_open,drop3_breadth4,-0.03,4,pure_horizon_12,base,12,4.0,5.0,2026-02-06 03:15:00+00:00,AVAXUSDT,0.06392590922254851,1.3716448662989729,0
next_open,drop3_breadth4,-0.03,4,pure_horizon_12,base,12,4.0,5.0,2026-02-06 03:15:00+00:00,BNBUSDT,0.0641408437990715,1.4357857100980445,0
next_open,drop3_breadth4,-0.03,4,pure_horizon_12,base,12,4.0,5.0,2026-02-06 03:15:00+00:00,BTCUSDT,0.07222438447164584,1.5080100945696904,0
next_open,drop3_breadth4,-0.03,4,pure_horizon_12,base,12,4.0,5.0,2026-02-06 03:15:00+00:00,ETHUSDT,0.07181910408187689,1.5798291986515673,0
next_open,drop3_breadth4,-0.03,4,pure_horizon_12,base,12,4.0,5.0,2026-02-06 03:15:00+00:00,LINKUSDT,0.08559278251625937,1.6654219811678268,0
next_open,drop3_breadth4,-0.03,4,pure_horizon_12,base,12,4.0,5.0,2026-02-06 03:15:00+00:00,LTCUSDT,0.06767024439998429,1.7330922255678112,0
next_open,drop3_breadth4,-0.03,4,pure_horizon_12,base,12,4.0,5.0,2026-02-06 03:15:00+00:00,SOLUSDT,0.057599036101418616,1.7906912616692299,0
next_open,drop3_breadth4,-0.03,4,pure_horizon_12,base,12,4.0,5.0,2026-02-06 03:15:00+00:00,XRPUSDT,0.10652375184185994,1.89721501351109,0
next_close,drop3_breadth4,-0.03,4,pure_horizon_12,stress,12,8.0,10.0,2025-05-30 04:00:00+00:00,ADAUSDT,8.937215974307434e-05,8.937215974307434e-05,0
next_close,drop3_breadth4,-0.03,4,pure_horizon_12,stress,12,8.0,10.0,2025-05-30 04:00:00+00:00,AVAXUSDT,0.0007423416594510194,0.0008317138191940937,0
next_close,drop3_breadth4,-0.03,4,pure_horizon_12,stress,12,8.0,10.0,2025-05-30 04:00:00+00:00,LINKUSDT,0.0008576700859415546,0.0016893839051356483,0
next_close,drop3_breadth4,-0.03,4,pure_horizon_12,stress,12,8.0,10.0,2025-05-30 04:00:00+00:00,LTCUSDT,0.0014379887773483995,0.003127372682484048,0
next_close,drop3_breadth4,-0.03,4,pure_horizon_12,stress,12,8.0,10.0,2025-05-30 04:00:00+00:00,XRPUSDT,0.006810691819501936,0.009938064501985984,0
next_close,drop3_breadth4,-0.03,4,pure_horizon_12,stress,12,8.0,10.0,2025-06-13 03:15:00+00:00,AVAXUSDT,-0.027970867527032102,-0.018032803025046118,0
next_close,drop3_breadth4,-0.03,4,pure_horizon_12,stress,12,8.0,10.0,2025-06-22 16:30:00+00:00,ADAUSDT,-0.012870299666203965,-0.030903102691250083,0
next_close,drop3_breadth4,-0.03,4,pure_horizon_12,stress,12,8.0,10.0,2025-06-22 16:30:00+00:00,LINKUSDT,-0.008586699172965905,-0.03948980186421599,0
next_close,drop3_breadth4,-0.03,4,pure_horizon_12,stress,12,8.0,10.0,2025-06-22 16:30:00+00:00,SOLUSDT,0.007358732609924746,-0.03213106925429124,0
next_close,drop3_breadth4,-0.03,4,pure_horizon_12,stress,12,8.0,10.0,2025-09-22 09:15:00+00:00,LINKUSDT,0.001785881580089345,-0.030345187674201895,0
next_close,drop3_breadth4,-0.03,4,pure_horizon_12,stress,12,8.0,10.0,2025-10-11 00:00:00+00:00,ADAUSDT,-0.005438768056413256,-0.03578395573061515,20
next_close,drop3_breadth4,-0.03,4,pure_horizon_12,stress,12,8.0,10.0,2025-10-11 00:00:00+00:00,AVAXUSDT,-0.099773748844118,-0.13555770457473315,20
next_close,drop3_breadth4,-0.03,4,pure_horizon_12,stress,12,8.0,10.0,2025-10-11 00:00:00+00:00,ETHUSDT,0.03498660137622282,-0.10057110319851033,20
next_close,drop3_breadth4,-0.03,4,pure_horizon_12,stress,12,8.0,10.0,2025-10-11 00:00:00+00:00,LINKUSDT,-0.03232987820732543,-0.13290098140583576,20
next_close,drop3_breadth4,-0.03,4,pure_horizon_12,stress,12,8.0,10.0,2025-10-11 00:00:00+00:00,SOLUSDT,0.015590198006789227,-0.11731078339904653,20
next_close,drop3_breadth4,-0.03,4,pure_horizon_12,stress,12,8.0,10.0,2025-10-11 00:00:00+00:00,XRPUSDT,0.028391755918652666,-0.08891902748039388,20
next_close,drop3_breadth4,-0.03,4,pure_horizon_12,stress,12,8.0,10.0,2025-10-11 00:15:00+00:00,ADAUSDT,0.39122787524975045,0.30230884776935657,13
next_close,drop3_breadth4,-0.03,4,pure_horizon_12,stress,12,8.0,10.0,2025-10-11 00:15:00+00:00,AVAXUSDT,0.16411579764410839,0.46642464541346496,13
next_close,drop3_breadth4,-0.03,4,pure_horizon_12,stress,12,8.0,10.0,2025-10-11 00:15:00+00:00,BNBUSDT,0.12822659791494867,0.5946512433284137,13
next_close,drop3_breadth4,-0.03,4,pure_horizon_12,stress,12,8.0,10.0,2025-10-11 00:15:00+00:00,ETHUSDT,0.05886540648082077,0.6535166498092344,13
next_close,drop3_breadth4,-0.03,4,pure_horizon_12,stress,12,8.0,10.0,2025-10-11 00:15:00+00:00,LINKUSDT,0.3340268865563689,0.9875435363656033,13
next_close,drop3_breadth4,-0.03,4,pure_horizon_12,stress,12,8.0,10.0,2025-10-11 00:15:00+00:00,SOLUSDT,0.07420785295366478,1.061751389319268,13
next_close,drop3_breadth4,-0.03,4,pure_horizon_12,stress,12,8.0,10.0,2025-10-11 00:15:00+00:00,XRPUSDT,0.21766684426684463,1.2794182335861126,13
next_close,drop3_breadth4,-0.03,4,pure_horizon_12,stress,12,8.0,10.0,2025-10-11 00:30:00+00:00,ADAUSDT,0.07194996368561962,1.3513681972717322,7
next_close,drop3_breadth4,-0.03,4,pure_horizon_12,stress,12,8.0,10.0,2025-10-11 00:30:00+00:00,AVAXUSDT,-0.060236870616903596,1.2911313266548285,7
next_close,drop3_breadth4,-0.03,4,pure_horizon_12,stress,12,8.0,10.0,2025-10-11 00:30:00+00:00,BNBUSDT,0.014356974616131436,1.30548830127096,7
next_close,drop3_breadth4,-0.03,4,pure_horizon_12,stress,12,8.0,10.0,2025-10-11 00:30:00+00:00,LINKUSDT,0.073624689199348,1.3791129904703079,7
next_close,drop3_breadth4,-0.03,4,pure_horizon_12,stress,12,8.0,10.0,2025-10-11 00:30:00+00:00,SOLUSDT,-0.03004636452417015,1.3490666259461377,7
next_close,drop3_breadth4,-0.03,4,pure_horizon_12,stress,12,8.0,10.0,2025-10-11 00:30:00+00:00,XRPUSDT,0.0302200010823857,1.3792866270285233,7
next_close,drop3_breadth4,-0.03,4,pure_horizon_12,stress,12,8.0,10.0,2025-10-11 01:30:00+00:00,ADAUSDT,0.07222765774433865,1.451514284772862,3
next_close,drop3_breadth4,-0.03,4,pure_horizon_12,stress,12,8.0,10.0,2025-10-11 01:30:00+00:00,AVAXUSDT,0.013904834231389707,1.4654191190042516,3
next_close,drop3_breadth4,-0.03,4,pure_horizon_12,stress,12,8.0,10.0,2025-10-11 01:30:00+00:00,LINKUSDT,0.039854850113552096,1.5052739691178036,3
next_close,drop3_breadth4,-0.03,4,pure_horizon_12,stress,12,8.0,10.0,2025-10-11 01:30:00+00:00,LTCUSDT,-0.0007606792701874796,1.5045132898476161,3
next_close,drop3_breadth4,-0.03,4,pure_horizon_12,stress,12,8.0,10.0,2025-10-11 03:00:00+00:00,AVAXUSDT,0.05510517900422833,1.5596184688518444,0
next_close,drop3_breadth4,-0.03,4,pure_horizon_12,stress,12,8.0,10.0,2025-10-11 03:00:00+00:00,LINKUSDT,0.0031541472918462,1.5627726161436906,0
next_close,drop3_breadth4,-0.03,4,pure_horizon_12,stress,12,8.0,10.0,2025-10-11 03:00:00+00:00,LTCUSDT,0.008443330902226754,1.5712159470459173,0
next_close,drop3_breadth4,-0.03,4,pure_horizon_12,stress,12,8.0,10.0,2025-10-29 21:45:00+00:00,ETHUSDT,0.006373631817587367,1.5775895788635046,0
next_close,drop3_breadth4,-0.03,4,pure_horizon_12,stress,12,8.0,10.0,2025-11-03 18:30:00+00:00,ADAUSDT,0.013780592561800687,1.5913701714253052,0
next_close,drop3_breadth4,-0.03,4,pure_horizon_12,stress,12,8.0,10.0,2025-11-03 18:30:00+00:00,AVAXUSDT,0.02387549467268118,1.6152456660979864,0
next_close,drop3_breadth4,-0.03,4,pure_horizon_12,stress,12,8.0,10.0,2025-11-03 18:30:00+00:00,LINKUSDT,0.01446538258121981,1.6297110486792061,0
next_close,drop3_breadth4,-0.03,4,pure_horizon_12,stress,12,8.0,10.0,2025-11-03 18:30:00+00:00,SOLUSDT,-0.0008019782792314065,1.6289090703999747,0
next_close,drop3_breadth4,-0.03,4,pure_horizon_12,stress,12,8.0,10.0,2026-01-19 03:15:00+00:00,ADAUSDT,0.008329203647936368,1.637238274047911,0
next_close,drop3_breadth4,-0.03,4,pure_horizon_12,stress,12,8.0,10.0,2026-01-19 03:15:00+00:00,AVAXUSDT,0.006360507601283639,1.6435987816491946,0
next_close,drop3_breadth4,-0.03,4,pure_horizon_12,stress,12,8.0,10.0,2026-01-19 03:15:00+00:00,LINKUSDT,-0.0024297461863872034,1.6411690354628075,0
next_close,drop3_breadth4,-0.03,4,pure_horizon_12,stress,12,8.0,10.0,2026-01-19 03:15:00+00:00,LTCUSDT,0.008073693329483201,1.6492427287922906,0
next_close,drop3_breadth4,-0.03,4,pure_horizon_12,stress,12,8.0,10.0,2026-01-19 03:15:00+00:00,SOLUSDT,-0.005460501994273125,1.6437822267980176,0
next_close,drop3_breadth4,-0.03,4,pure_horizon_12,stress,12,8.0,10.0,2026-01-19 03:15:00+00:00,XRPUSDT,0.008179051754104983,1.6519612785521225,0
next_close,drop3_breadth4,-0.03,4,pure_horizon_12,stress,12,8.0,10.0,2026-01-30 04:45:00+00:00,ADAUSDT,0.0003732333781923295,1.6523345119303148,0
next_close,drop3_breadth4,-0.03,4,pure_horizon_12,stress,12,8.0,10.0,2026-01-30 04:45:00+00:00,LTCUSDT,-0.009914470339786718,1.6424200415905281,0
next_close,drop3_breadth4,-0.03,4,pure_horizon_12,stress,12,8.0,10.0,2026-01-30 04:45:00+00:00,XRPUSDT,0.0004394989625760474,1.6428595405531041,0
next_close,drop3_breadth4,-0.03,4,pure_horizon_12,stress,12,8.0,10.0,2026-01-31 20:15:00+00:00,ADAUSDT,-0.01059661348469194,1.6322629270684121,0
next_close,drop3_breadth4,-0.03,4,pure_horizon_12,stress,12,8.0,10.0,2026-01-31 20:15:00+00:00,ETHUSDT,-0.025114935472369378,1.6071479915960427,0
next_close,drop3_breadth4,-0.03,4,pure_horizon_12,stress,12,8.0,10.0,2026-01-31 20:15:00+00:00,LINKUSDT,-0.010214132914940732,1.596933858681102,0
next_close,drop3_breadth4,-0.03,4,pure_horizon_12,stress,12,8.0,10.0,2026-01-31 20:15:00+00:00,LTCUSDT,-0.01317280273264505,1.583761055948457,0
next_close,drop3_breadth4,-0.03,4,pure_horizon_12,stress,12,8.0,10.0,2026-01-31 20:15:00+00:00,SOLUSDT,-0.03385212858549376,1.5499089273629632,0
next_close,drop3_breadth4,-0.03,4,pure_horizon_12,stress,12,8.0,10.0,2026-01-31 20:15:00+00:00,XRPUSDT,0.000984952517984185,1.5508938798809473,0
next_close,drop3_breadth4,-0.03,4,pure_horizon_12,stress,12,8.0,10.0,2026-02-05 18:15:00+00:00,AVAXUSDT,4.2265178113833025e-05,1.550936145059061,1
next_close,drop3_breadth4,-0.03,4,pure_horizon_12,stress,12,8.0,10.0,2026-02-05 18:15:00+00:00,LINKUSDT,-0.012891716879109127,1.538044428179952,1
next_close,drop3_breadth4,-0.03,4,pure_horizon_12,stress,12,8.0,10.0,2026-02-05 18:30:00+00:00,ETHUSDT,-0.024362706008179087,1.5136817221717729,0
next_close,drop3_breadth4,-0.03,4,pure_horizon_12,stress,12,8.0,10.0,2026-02-05 23:30:00+00:00,AVAXUSDT,-0.021715685328463637,1.4919660368433092,0
next_close,drop3_breadth4,-0.03,4,pure_horizon_12,stress,12,8.0,10.0,2026-02-05 23:30:00+00:00,SOLUSDT,-0.011516657649655215,1.480449379193654,0
next_close,drop3_breadth4,-0.03,4,pure_horizon_12,stress,12,8.0,10.0,2026-02-05 23:30:00+00:00,XRPUSDT,0.017776423793725064,1.498225802987379,0
next_close,drop3_breadth4,-0.03,4,pure_horizon_12,stress,12,8.0,10.0,2026-02-06 03:15:00+00:00,ADAUSDT,0.06488810835258857,1.5631139113399675,0
next_close,drop3_breadth4,-0.03,4,pure_horizon_12,stress,12,8.0,10.0,2026-02-06 03:15:00+00:00,AVAXUSDT,0.05108355497713295,1.6141974663171004,0
next_close,drop3_breadth4,-0.03,4,pure_horizon_12,stress,12,8.0,10.0,2026-02-06 03:15:00+00:00,BNBUSDT,0.05126913355073941,1.6654665998678397,0
next_close,drop3_breadth4,-0.03,4,pure_horizon_12,stress,12,8.0,10.0,2026-02-06 03:15:00+00:00,BTCUSDT,0.05082222378914718,1.7162888236569869,0
next_close,drop3_breadth4,-0.03,4,pure_horizon_12,stress,12,8.0,10.0,2026-02-06 03:15:00+00:00,ETHUSDT,0.058555505605568034,1.7748443292625549,0
next_close,drop3_breadth4,-0.03,4,pure_horizon_12,stress,12,8.0,10.0,2026-02-06 03:15:00+00:00,LINKUSDT,0.07094543959514571,1.8457897688577005,0
next_close,drop3_breadth4,-0.03,4,pure_horizon_12,stress,12,8.0,10.0,2026-02-06 03:15:00+00:00,LTCUSDT,0.05811664929733555,1.903906418155036,0
next_close,drop3_breadth4,-0.03,4,pure_horizon_12,stress,12,8.0,10.0,2026-02-06 03:15:00+00:00,SOLUSDT,0.07388400966122505,1.977790427816261,0
next_close,drop3_breadth4,-0.03,4,pure_horizon_12,stress,12,8.0,10.0,2026-02-06 03:15:00+00:00,XRPUSDT,0.09627143137819522,2.0740618591944564,0
next_open,drop3_breadth4,-0.03,4,pure_horizon_12,stress,12,8.0,10.0,2025-05-30 04:00:00+00:00,ADAUSDT,0.01746724185168596,0.01746724185168596,0
next_open,drop3_breadth4,-0.03,4,pure_horizon_12,stress,12,8.0,10.0,2025-05-30 04:00:00+00:00,AVAXUSDT,0.010198401486426967,0.027665643338112927,0
next_open,drop3_breadth4,-0.03,4,pure_horizon_12,stress,12,8.0,10.0,2025-05-30 04:00:00+00:00,LINKUSDT,0.013053866711708873,0.0407195100498218,0
next_open,drop3_breadth4,-0.03,4,pure_horizon_12,stress,12,8.0,10.0,2025-05-30 04:00:00+00:00,LTCUSDT,0.011327252209405936,0.05204676225922773,0
next_open,drop3_breadth4,-0.03,4,pure_horizon_12,stress,12,8.0,10.0,2025-05-30 04:00:00+00:00,XRPUSDT,0.021411097214076462,0.07345785947330419,0
next_open,drop3_breadth4,-0.03,4,pure_horizon_12,stress,12,8.0,10.0,2025-06-13 03:15:00+00:00,AVAXUSDT,-0.040009941371471916,0.03344791810183227,0
next_open,drop3_breadth4,-0.03,4,pure_horizon_12,stress,12,8.0,10.0,2025-06-22 16:30:00+00:00,ADAUSDT,-0.014741476237615524,0.018706441864216748,0
next_open,drop3_breadth4,-0.03,4,pure_horizon_12,stress,12,8.0,10.0,2025-06-22 16:30:00+00:00,LINKUSDT,-0.010498847323354887,0.00820759454086186,0
next_open,drop3_breadth4,-0.03,4,pure_horizon_12,stress,12,8.0,10.0,2025-06-22 16:30:00+00:00,SOLUSDT,0.004911910994426939,0.0131195055352888,0
next_open,drop3_breadth4,-0.03,4,pure_horizon_12,stress,12,8.0,10.0,2025-09-22 09:15:00+00:00,LINKUSDT,0.007564268694990651,0.02068377423027945,0
next_open,drop3_breadth4,-0.03,4,pure_horizon_12,stress,12,8.0,10.0,2025-10-11 00:00:00+00:00,ADAUSDT,-0.09794342233338321,-0.07725964810310376,20
next_open,drop3_breadth4,-0.03,4,pure_horizon_12,stress,12,8.0,10.0,2025-10-11 00:00:00+00:00,AVAXUSDT,-0.17029092031079057,-0.24755056841389433,20
next_open,drop3_breadth4,-0.03,4,pure_horizon_12,stress,12,8.0,10.0,2025-10-11 00:00:00+00:00,ETHUSDT,-0.0030221461995709282,-0.25057271461346525,20
next_open,drop3_breadth4,-0.03,4,pure_horizon_12,stress,12,8.0,10.0,2025-10-11 00:00:00+00:00,LINKUSDT,-0.11002837437110863,-0.3606010889845739,20
next_open,drop3_breadth4,-0.03,4,pure_horizon_12,stress,12,8.0,10.0,2025-10-11 00:00:00+00:00,SOLUSDT,-0.04481596615221191,-0.4054170551367858,20
next_open,drop3_breadth4,-0.03,4,pure_horizon_12,stress,12,8.0,10.0,2025-10-11 00:00:00+00:00,XRPUSDT,-0.056694698979158534,-0.4621117541159443,20
next_open,drop3_breadth4,-0.03,4,pure_horizon_12,stress,12,8.0,10.0,2025-10-11 00:15:00+00:00,ADAUSDT,-0.01495113771700991,-0.4770628918329542,13
next_open,drop3_breadth4,-0.03,4,pure_horizon_12,stress,12,8.0,10.0,2025-10-11 00:15:00+00:00,AVAXUSDT,-0.08725558010195261,-0.5643184719349068,13
next_open,drop3_breadth4,-0.03,4,pure_horizon_12,stress,12,8.0,10.0,2025-10-11 00:15:00+00:00,BNBUSDT,-0.004072690866196947,-0.5683911628011038,13
next_open,drop3_breadth4,-0.03,4,pure_horizon_12,stress,12,8.0,10.0,2025-10-11 00:15:00+00:00,ETHUSDT,0.028783685424579368,-0.5396074773765245,13
next_open,drop3_breadth4,-0.03,4,pure_horizon_12,stress,12,8.0,10.0,2025-10-11 00:15:00+00:00,LINKUSDT,-0.03349360750607962,-0.5731010848826041,13
next_open,drop3_breadth4,-0.03,4,pure_horizon_12,stress,12,8.0,10.0,2025-10-11 00:15:00+00:00,SOLUSDT,0.009715159241277239,-0.563385925641327,13
next_open,drop3_breadth4,-0.03,4,pure_horizon_12,stress,12,8.0,10.0,2025-10-11 00:15:00+00:00,XRPUSDT,0.03349094076367791,-0.5298949848776491,13
next_open,drop3_breadth4,-0.03,4,pure_horizon_12,stress,12,8.0,10.0,2025-10-11 00:30:00+00:00,ADAUSDT,0.389193411405258,-0.1407015734723911,7
next_open,drop3_breadth4,-0.03,4,pure_horizon_12,stress,12,8.0,10.0,2025-10-11 00:30:00+00:00,AVAXUSDT,0.1563318457844845,0.015630272312093407,7
next_open,drop3_breadth4,-0.03,4,pure_horizon_12,stress,12,8.0,10.0,2025-10-11 00:30:00+00:00,BNBUSDT,0.13147275966732602,0.14710303197941943,7
next_open,drop3_breadth4,-0.03,4,pure_horizon_12,stress,12,8.0,10.0,2025-10-11 00:30:00+00:00,LINKUSDT,0.341439566456899,0.4885425984363184,7
next_open,drop3_breadth4,-0.03,4,pure_horizon_12,stress,12,8.0,10.0,2025-10-11 00:30:00+00:00,SOLUSDT,0.08309503609110674,0.5716376345274252,7
next_open,drop3_breadth4,-0.03,4,pure_horizon_12,stress,12,8.0,10.0,2025-10-11 00:30:00+00:00,XRPUSDT,0.21239018698262485,0.78402782151005,7
next_open,drop3_breadth4,-0.03,4,pure_horizon_12,stress,12,8.0,10.0,2025-10-11 01:30:00+00:00,ADAUSDT,0.08128715416814597,0.8653149756781959,3
next_open,drop3_breadth4,-0.03,4,pure_horizon_12,stress,12,8.0,10.0,2025-10-11 01:30:00+00:00,AVAXUSDT,0.02840631150645994,0.8937212871846558,3
next_open,drop3_breadth4,-0.03,4,pure_horizon_12,stress,12,8.0,10.0,2025-10-11 01:30:00+00:00,LINKUSDT,0.06165959485343335,0.9553808820380891,3
next_open,drop3_breadth4,-0.03,4,pure_horizon_12,stress,12,8.0,10.0,2025-10-11 01:30:00+00:00,LTCUSDT,0.03742175655564366,0.9928026385937327,3
next_open,drop3_breadth4,-0.03,4,pure_horizon_12,stress,12,8.0,10.0,2025-10-11 03:00:00+00:00,AVAXUSDT,0.06602441458992186,1.0588270531836546,0
next_open,drop3_breadth4,-0.03,4,pure_horizon_12,stress,12,8.0,10.0,2025-10-11 03:00:00+00:00,LINKUSDT,0.012574262568267037,1.0714013157519215,0
next_open,drop3_breadth4,-0.03,4,pure_horizon_12,stress,12,8.0,10.0,2025-10-11 03:00:00+00:00,LTCUSDT,0.01898309497094513,1.0903844107228666,0
next_open,drop3_breadth4,-0.03,4,pure_horizon_12,stress,12,8.0,10.0,2025-10-29 21:45:00+00:00,ETHUSDT,0.020523048392832526,1.110907459115699,0
next_open,drop3_breadth4,-0.03,4,pure_horizon_12,stress,12,8.0,10.0,2025-11-03 18:30:00+00:00,ADAUSDT,0.013780592561800687,1.1246880516774997,0
next_open,drop3_breadth4,-0.03,4,pure_horizon_12,stress,12,8.0,10.0,2025-11-03 18:30:00+00:00,AVAXUSDT,0.014876851673389748,1.1395649033508894,0
next_open,drop3_breadth4,-0.03,4,pure_horizon_12,stress,12,8.0,10.0,2025-11-03 18:30:00+00:00,LINKUSDT,0.0011168663591135013,1.140681769710003,0
next_open,drop3_breadth4,-0.03,4,pure_horizon_12,stress,12,8.0,10.0,2025-11-03 18:30:00+00:00,SOLUSDT,-0.0008616312578166405,1.1398201384521862,0
next_open,drop3_breadth4,-0.03,4,pure_horizon_12,stress,12,8.0,10.0,2026-01-19 03:15:00+00:00,ADAUSDT,0.007768131868132012,1.1475882703203182,0
next_open,drop3_breadth4,-0.03,4,pure_horizon_12,stress,12,8.0,10.0,2026-01-19 03:15:00+00:00,AVAXUSDT,0.00668246256658005,1.1542707328868982,0
next_open,drop3_breadth4,-0.03,4,pure_horizon_12,stress,12,8.0,10.0,2026-01-19 03:15:00+00:00,LINKUSDT,-0.0017274789248235653,1.1525432539620746,0
next_open,drop3_breadth4,-0.03,4,pure_horizon_12,stress,12,8.0,10.0,2026-01-19 03:15:00+00:00,LTCUSDT,0.008073693329483201,1.1606169472915577,0
next_open,drop3_breadth4,-0.03,4,pure_horizon_12,stress,12,8.0,10.0,2026-01-19 03:15:00+00:00,SOLUSDT,0.0007499373007374036,1.161366884592295,0
next_open,drop3_breadth4,-0.03,4,pure_horizon_12,stress,12,8.0,10.0,2026-01-19 03:15:00+00:00,XRPUSDT,0.011482410371848762,1.1728492949641438,0
next_open,drop3_breadth4,-0.03,4,pure_horizon_12,stress,12,8.0,10.0,2026-01-30 04:45:00+00:00,ADAUSDT,0.011537280546751561,1.1843865755108953,0
next_open,drop3_breadth4,-0.03,4,pure_horizon_12,stress,12,8.0,10.0,2026-01-30 04:45:00+00:00,LTCUSDT,-0.0014226901543108004,1.1829638853565845,0
next_open,drop3_breadth4,-0.03,4,pure_horizon_12,stress,12,8.0,10.0,2026-01-30 04:45:00+00:00,XRPUSDT,0.0069331884379886695,1.189897073794573,0
next_open,drop3_breadth4,-0.03,4,pure_horizon_12,stress,12,8.0,10.0,2026-01-31 20:15:00+00:00,ADAUSDT,-0.004302308277466869,1.1855947655171062,0
next_open,drop3_breadth4,-0.03,4,pure_horizon_12,stress,12,8.0,10.0,2026-01-31 20:15:00+00:00,ETHUSDT,-0.019809892661209534,1.1657848728558966,0
next_open,drop3_breadth4,-0.03,4,pure_horizon_12,stress,12,8.0,10.0,2026-01-31 20:15:00+00:00,LINKUSDT,-0.004325939268608646,1.161458933587288,0
next_open,drop3_breadth4,-0.03,4,pure_horizon_12,stress,12,8.0,10.0,2026-01-31 20:15:00+00:00,LTCUSDT,-0.008408478146057673,1.1530504554412304,0
next_open,drop3_breadth4,-0.03,4,pure_horizon_12,stress,12,8.0,10.0,2026-01-31 20:15:00+00:00,SOLUSDT,-0.023021941235097994,1.1300285142061324,0
next_open,drop3_breadth4,-0.03,4,pure_horizon_12,stress,12,8.0,10.0,2026-01-31 20:15:00+00:00,XRPUSDT,0.005610192255364455,1.1356387064614968,0
next_open,drop3_breadth4,-0.03,4,pure_horizon_12,stress,12,8.0,10.0,2026-02-05 18:15:00+00:00,AVAXUSDT,-0.014028906225264825,1.121609800236232,1
next_open,drop3_breadth4,-0.03,4,pure_horizon_12,stress,12,8.0,10.0,2026-02-05 18:15:00+00:00,LINKUSDT,-0.035724028525707954,1.0858857717105241,1
next_open,drop3_breadth4,-0.03,4,pure_horizon_12,stress,12,8.0,10.0,2026-02-05 18:30:00+00:00,ETHUSDT,-0.008505361719026116,1.077380409991498,0
next_open,drop3_breadth4,-0.03,4,pure_horizon_12,stress,12,8.0,10.0,2026-02-05 23:30:00+00:00,AVAXUSDT,-0.01097210804926203,1.0664083019422361,0
next_open,drop3_breadth4,-0.03,4,pure_horizon_12,stress,12,8.0,10.0,2026-02-05 23:30:00+00:00,SOLUSDT,-0.0018210685156125435,1.0645872334266235,0
next_open,drop3_breadth4,-0.03,4,pure_horizon_12,stress,12,8.0,10.0,2026-02-05 23:30:00+00:00,XRPUSDT,0.051884903476257446,1.116472136902881,0
next_open,drop3_breadth4,-0.03,4,pure_horizon_12,stress,12,8.0,10.0,2026-02-06 03:15:00+00:00,ADAUSDT,0.07652083204753374,1.1929929689504146,0
next_open,drop3_breadth4,-0.03,4,pure_horizon_12,stress,12,8.0,10.0,2026-02-06 03:15:00+00:00,AVAXUSDT,0.06206171487840089,1.2550546838288155,0
next_open,drop3_breadth4,-0.03,4,pure_horizon_12,stress,12,8.0,10.0,2026-02-06 03:15:00+00:00,BNBUSDT,0.06227643462765369,1.317331118456469,0
next_open,drop3_breadth4,-0.03,4,pure_horizon_12,stress,12,8.0,10.0,2026-02-06 03:15:00+00:00,BTCUSDT,0.07035189579526807,1.3876830142517371,0
next_open,drop3_breadth4,-0.03,4,pure_horizon_12,stress,12,8.0,10.0,2026-02-06 03:15:00+00:00,ETHUSDT,0.06994702048355222,1.4576300347352893,0
next_open,drop3_breadth4,-0.03,4,pure_horizon_12,stress,12,8.0,10.0,2026-02-06 03:15:00+00:00,LINKUSDT,0.08370693211601804,1.5413369668513073,0
next_open,drop3_breadth4,-0.03,4,pure_horizon_12,stress,12,8.0,10.0,2026-02-06 03:15:00+00:00,LTCUSDT,0.06580230759002098,1.6071392744413282,0
next_open,drop3_breadth4,-0.03,4,pure_horizon_12,stress,12,8.0,10.0,2026-02-06 03:15:00+00:00,SOLUSDT,0.05574116547169665,1.6628804399130248,0
next_open,drop3_breadth4,-0.03,4,pure_horizon_12,stress,12,8.0,10.0,2026-02-06 03:15:00+00:00,XRPUSDT,0.10461698092209232,1.767497420835117,0
next_close,drop3_breadth4,-0.03,4,pure_horizon_6,base,6,4.0,5.0,2025-05-30 02:30:00+00:00,ADAUSDT,0.009273689885198302,0.009273689885198302,0
next_close,drop3_breadth4,-0.03,4,pure_horizon_6,base,6,4.0,5.0,2025-05-30 02:30:00+00:00,AVAXUSDT,0.0076293931501910895,0.016903083035389392,0
next_close,drop3_breadth4,-0.03,4,pure_horizon_6,base,6,4.0,5.0,2025-05-30 02:30:00+00:00,LINKUSDT,0.008012785721982187,0.02491586875737158,0
next_close,drop3_breadth4,-0.03,4,pure_horizon_6,base,6,4.0,5.0,2025-05-30 02:30:00+00:00,LTCUSDT,0.006748332020913761,0.03166420077828534,0
next_close,drop3_breadth4,-0.03,4,pure_horizon_6,base,6,4.0,5.0,2025-05-30 02:30:00+00:00,XRPUSDT,0.012366830426788235,0.04403103120507358,0
next_close,drop3_breadth4,-0.03,4,pure_horizon_6,base,6,4.0,5.0,2025-06-13 01:45:00+00:00,AVAXUSDT,-0.03257915395952379,0.011451877245549788,0
next_close,drop3_breadth4,-0.03,4,pure_horizon_6,base,6,4.0,5.0,2025-06-22 15:00:00+00:00,ADAUSDT,0.0012312179897916672,0.012683095235341455,0
next_close,drop3_breadth4,-0.03,4,pure_horizon_6,base,6,4.0,5.0,2025-06-22 15:00:00+00:00,LINKUSDT,0.014408084811404678,0.027091180046746134,0
next_close,drop3_breadth4,-0.03,4,pure_horizon_6,base,6,4.0,5.0,2025-06-22 15:00:00+00:00,SOLUSDT,0.01253684631962573,0.03962802636637186,0
next_close,drop3_breadth4,-0.03,4,pure_horizon_6,base,6,4.0,5.0,2025-09-22 07:45:00+00:00,LINKUSDT,0.0044879816007196375,0.044116007967091496,0
next_close,drop3_breadth4,-0.03,4,pure_horizon_6,base,6,4.0,5.0,2025-10-10 22:30:00+00:00,ADAUSDT,-0.1014538691920562,-0.05733786122496471,17
next_close,drop3_breadth4,-0.03,4,pure_horizon_6,base,6,4.0,5.0,2025-10-10 22:30:00+00:00,AVAXUSDT,-0.1110319929547959,-0.1683698541797606,17
next_close,drop3_breadth4,-0.03,4,pure_horizon_6,base,6,4.0,5.0,2025-10-10 22:30:00+00:00,ETHUSDT,0.03622533444737344,-0.13214451973238717,17
next_close,drop3_breadth4,-0.03,4,pure_horizon_6,base,6,4.0,5.0,2025-10-10 22:30:00+00:00,LINKUSDT,-0.09748280905766069,-0.22962732879004785,17
next_close,drop3_breadth4,-0.03,4,pure_horizon_6,base,6,4.0,5.0,2025-10-10 22:30:00+00:00,SOLUSDT,0.0109874471707764,-0.21863988161927145,17
next_close,drop3_breadth4,-0.03,4,pure_horizon_6,base,6,4.0,5.0,2025-10-10 22:30:00+00:00,XRPUSDT,0.005355226242942069,-0.21328465537632937,17
next_close,drop3_breadth4,-0.03,4,pure_horizon_6,base,6,4.0,5.0,2025-10-10 22:45:00+00:00,ADAUSDT,0.33835496678744004,0.12507031141111066,10
next_close,drop3_breadth4,-0.03,4,pure_horizon_6,base,6,4.0,5.0,2025-10-10 22:45:00+00:00,AVAXUSDT,0.14596725140029865,0.27103756281140934,10
next_close,drop3_breadth4,-0.03,4,pure_horizon_6,base,6,4.0,5.0,2025-10-10 22:45:00+00:00,BNBUSDT,0.12776055073874948,0.3987981135501588,10
next_close,drop3_breadth4,-0.03,4,pure_horizon_6,base,6,4.0,5.0,2025-10-10 22:45:00+00:00,ETHUSDT,0.06323947971832125,0.46203759326848004,10
next_close,drop3_breadth4,-0.03,4,pure_horizon_6,base,6,4.0,5.0,2025-10-10 22:45:00+00:00,LINKUSDT,0.2874333222695763,0.7494709155380563,10
next_close,drop3_breadth4,-0.03,4,pure_horizon_6,base,6,4.0,5.0,2025-10-10 22:45:00+00:00,SOLUSDT,0.08084790407278289,0.8303188196108392,10
next_close,drop3_breadth4,-0.03,4,pure_horizon_6,base,6,4.0,5.0,2025-10-10 22:45:00+00:00,XRPUSDT,0.20709643758367735,1.0374152571945165,10
next_close,drop3_breadth4,-0.03,4,pure_horizon_6,base,6,4.0,5.0,2025-10-10 23:00:00+00:00,ADAUSDT,0.027479529637291743,1.0648947868318084,4
next_close,drop3_breadth4,-0.03,4,pure_horizon_6,base,6,4.0,5.0,2025-10-10 23:00:00+00:00,AVAXUSDT,-0.06352665259311693,1.0013681342386915,4
next_close,drop3_breadth4,-0.03,4,pure_horizon_6,base,6,4.0,5.0,2025-10-10 23:00:00+00:00,BNBUSDT,0.007287123205317681,1.0086552574440093,4
next_close,drop3_breadth4,-0.03,4,pure_horizon_6,base,6,4.0,5.0,2025-10-10 23:00:00+00:00,LINKUSDT,0.029968445276685206,1.0386237027206946,4
next_close,drop3_breadth4,-0.03,4,pure_horizon_6,base,6,4.0,5.0,2025-10-10 23:00:00+00:00,SOLUSDT,-0.03207847386963633,1.0065452288510583,4
next_close,drop3_breadth4,-0.03,4,pure_horizon_6,base,6,4.0,5.0,2025-10-10 23:00:00+00:00,XRPUSDT,0.0248451722545008,1.0313904011055592,4
next_close,drop3_breadth4,-0.03,4,pure_horizon_6,base,6,4.0,5.0,2025-10-11 00:00:00+00:00,ADAUSDT,0.10685054556553034,1.1382409466710897,3
next_close,drop3_breadth4,-0.03,4,pure_horizon_6,base,6,4.0,5.0,2025-10-11 00:00:00+00:00,AVAXUSDT,0.012752121975744404,1.1509930686468341,3
next_close,drop3_breadth4,-0.03,4,pure_horizon_6,base,6,4.0,5.0,2025-10-11 00:00:00+00:00,LINKUSDT,0.07221192980305027,1.2232049984498845,3
next_close,drop3_breadth4,-0.03,4,pure_horizon_6,base,6,4.0,5.0,2025-10-11 00:00:00+00:00,LTCUSDT,0.027969599616323303,1.251174598066208,3
next_close,drop3_breadth4,-0.03,4,pure_horizon_6,base,6,4.0,5.0,2025-10-11 01:30:00+00:00,AVAXUSDT,0.0011266032018083746,1.2523012012680164,0
next_close,drop3_breadth4,-0.03,4,pure_horizon_6,base,6,4.0,5.0,2025-10-11 01:30:00+00:00,LINKUSDT,-0.030209812036817253,1.222091389231199,0
next_close,drop3_breadth4,-0.03,4,pure_horizon_6,base,6,4.0,5.0,2025-10-11 01:30:00+00:00,LTCUSDT,-0.027949206582802512,1.1941421826483967,0
next_close,drop3_breadth4,-0.03,4,pure_horizon_6,base,6,4.0,5.0,2025-10-29 20:15:00+00:00,ETHUSDT,0.002954012085187108,1.1970961947335839,0
next_close,drop3_breadth4,-0.03,4,pure_horizon_6,base,6,4.0,5.0,2025-11-03 17:00:00+00:00,ADAUSDT,0.015596481606829382,1.2126926763404133,0
next_close,drop3_breadth4,-0.03,4,pure_horizon_6,base,6,4.0,5.0,2025-11-03 17:00:00+00:00,AVAXUSDT,0.0197651479377944,1.2324578242782078,0
next_close,drop3_breadth4,-0.03,4,pure_horizon_6,base,6,4.0,5.0,2025-11-03 17:00:00+00:00,LINKUSDT,0.0234883345526399,1.2559461588308478,0
next_close,drop3_breadth4,-0.03,4,pure_horizon_6,base,6,4.0,5.0,2025-11-03 17:00:00+00:00,SOLUSDT,0.007132907652039578,1.2630790664828875,0
next_close,drop3_breadth4,-0.03,4,pure_horizon_6,base,6,4.0,5.0,2026-01-19 01:45:00+00:00,ADAUSDT,0.007640749052933461,1.270719815535821,0
next_close,drop3_breadth4,-0.03,4,pure_horizon_6,base,6,4.0,5.0,2026-01-19 01:45:00+00:00,AVAXUSDT,0.004022088037964134,1.2747419035737853,0
next_close,drop3_breadth4,-0.03,4,pure_horizon_6,base,6,4.0,5.0,2026-01-19 01:45:00+00:00,LINKUSDT,-0.00024026737996694014,1.2745016361938184,0
next_close,drop3_breadth4,-0.03,4,pure_horizon_6,base,6,4.0,5.0,2026-01-19 01:45:00+00:00,LTCUSDT,0.0019507182013961627,1.2764523543952147,0
next_close,drop3_breadth4,-0.03,4,pure_horizon_6,base,6,4.0,5.0,2026-01-19 01:45:00+00:00,SOLUSDT,-0.0035147146044773644,1.2729376397907373,0
next_close,drop3_breadth4,-0.03,4,pure_horizon_6,base,6,4.0,5.0,2026-01-19 01:45:00+00:00,XRPUSDT,0.008076235760283625,1.281013875551021,0
next_close,drop3_breadth4,-0.03,4,pure_horizon_6,base,6,4.0,5.0,2026-01-30 03:15:00+00:00,ADAUSDT,-0.006386279403915984,1.274627596147105,0
next_close,drop3_breadth4,-0.03,4,pure_horizon_6,base,6,4.0,5.0,2026-01-30 03:15:00+00:00,LTCUSDT,-0.011823432402353926,1.2628041637447511,0
next_close,drop3_breadth4,-0.03,4,pure_horizon_6,base,6,4.0,5.0,2026-01-30 03:15:00+00:00,XRPUSDT,-0.0036210396226385774,1.2591831241221125,0
next_close,drop3_breadth4,-0.03,4,pure_horizon_6,base,6,4.0,5.0,2026-01-31 18:45:00+00:00,ADAUSDT,-0.006353149091653387,1.2528299750304592,0
next_close,drop3_breadth4,-0.03,4,pure_horizon_6,base,6,4.0,5.0,2026-01-31 18:45:00+00:00,ETHUSDT,-0.018352933120306038,1.2344770419101532,0
next_close,drop3_breadth4,-0.03,4,pure_horizon_6,base,6,4.0,5.0,2026-01-31 18:45:00+00:00,LINKUSDT,-0.01090578199609513,1.223571259914058,0
next_close,drop3_breadth4,-0.03,4,pure_horizon_6,base,6,4.0,5.0,2026-01-31 18:45:00+00:00,LTCUSDT,-0.012753077769835228,1.2108181821442228,0
next_close,drop3_breadth4,-0.03,4,pure_horizon_6,base,6,4.0,5.0,2026-01-31 18:45:00+00:00,SOLUSDT,-0.02160453373544189,1.189213648408781,0
next_close,drop3_breadth4,-0.03,4,pure_horizon_6,base,6,4.0,5.0,2026-01-31 18:45:00+00:00,XRPUSDT,0.008841043372694781,1.1980546917814758,0
next_close,drop3_breadth4,-0.03,4,pure_horizon_6,base,6,4.0,5.0,2026-02-05 16:45:00+00:00,AVAXUSDT,0.023024631625826374,1.2210793234073023,1
next_close,drop3_breadth4,-0.03,4,pure_horizon_6,base,6,4.0,5.0,2026-02-05 16:45:00+00:00,LINKUSDT,0.020742416470847756,1.2418217398781501,1
next_close,drop3_breadth4,-0.03,4,pure_horizon_6,base,6,4.0,5.0,2026-02-05 17:00:00+00:00,ETHUSDT,0.003761951076821113,1.2455836909549713,0
next_close,drop3_breadth4,-0.03,4,pure_horizon_6,base,6,4.0,5.0,2026-02-05 22:00:00+00:00,AVAXUSDT,-0.012398350300271008,1.2331853406547004,0
next_close,drop3_breadth4,-0.03,4,pure_horizon_6,base,6,4.0,5.0,2026-02-05 22:00:00+00:00,SOLUSDT,-0.0029318685745288505,1.2302534720801717,0
next_close,drop3_breadth4,-0.03,4,pure_horizon_6,base,6,4.0,5.0,2026-02-05 22:00:00+00:00,XRPUSDT,-0.01625838809868061,1.213995083981491,0
next_close,drop3_breadth4,-0.03,4,pure_horizon_6,base,6,4.0,5.0,2026-02-06 01:45:00+00:00,ADAUSDT,0.08443273969402867,1.2984278236755198,0
next_close,drop3_breadth4,-0.03,4,pure_horizon_6,base,6,4.0,5.0,2026-02-06 01:45:00+00:00,AVAXUSDT,0.07546774023793437,1.3738955639134542,0
next_close,drop3_breadth4,-0.03,4,pure_horizon_6,base,6,4.0,5.0,2026-02-06 01:45:00+00:00,BNBUSDT,0.06900850649410697,1.4429040704075613,0
next_close,drop3_breadth4,-0.03,4,pure_horizon_6,base,6,4.0,5.0,2026-02-06 01:45:00+00:00,BTCUSDT,0.06907704338183143,1.5119811137893928,0
next_close,drop3_breadth4,-0.03,4,pure_horizon_6,base,6,4.0,5.0,2026-02-06 01:45:00+00:00,ETHUSDT,0.08014516700807187,1.5921262807974648,0
next_close,drop3_breadth4,-0.03,4,pure_horizon_6,base,6,4.0,5.0,2026-02-06 01:45:00+00:00,LINKUSDT,0.08937064156323751,1.6814969223607024,0
next_close,drop3_breadth4,-0.03,4,pure_horizon_6,base,6,4.0,5.0,2026-02-06 01:45:00+00:00,LTCUSDT,0.07584412181880276,1.7573410441795052,0
next_close,drop3_breadth4,-0.03,4,pure_horizon_6,base,6,4.0,5.0,2026-02-06 01:45:00+00:00,SOLUSDT,0.11594486244922578,1.873285906628731,0
next_close,drop3_breadth4,-0.03,4,pure_horizon_6,base,6,4.0,5.0,2026-02-06 01:45:00+00:00,XRPUSDT,0.10691933665494693,1.980205243283678,0
next_open,drop3_breadth4,-0.03,4,pure_horizon_6,base,6,4.0,5.0,2025-05-30 02:30:00+00:00,ADAUSDT,0.02679701542896331,0.02679701542896331,0
next_open,drop3_breadth4,-0.03,4,pure_horizon_6,base,6,4.0,5.0,2025-05-30 02:30:00+00:00,AVAXUSDT,0.01714287799123073,0.04393989342019404,0
next_open,drop3_breadth4,-0.03,4,pure_horizon_6,base,6,4.0,5.0,2025-05-30 02:30:00+00:00,LINKUSDT,0.020286300564956637,0.06422619398515067,0
next_open,drop3_breadth4,-0.03,4,pure_horizon_6,base,6,4.0,5.0,2025-05-30 02:30:00+00:00,LTCUSDT,0.016682064329527922,0.0809082583146786,0
next_open,drop3_breadth4,-0.03,4,pure_horizon_6,base,6,4.0,5.0,2025-05-30 02:30:00+00:00,XRPUSDT,0.027036098192956402,0.10794435650763501,0
next_open,drop3_breadth4,-0.03,4,pure_horizon_6,base,6,4.0,5.0,2025-06-13 01:45:00+00:00,AVAXUSDT,-0.04455135351111336,0.06339300299652165,0
next_open,drop3_breadth4,-0.03,4,pure_horizon_6,base,6,4.0,5.0,2025-06-22 15:00:00+00:00,ADAUSDT,-0.0006651317793032512,0.0627278712172184,0
next_open,drop3_breadth4,-0.03,4,pure_horizon_6,base,6,4.0,5.0,2025-06-22 15:00:00+00:00,LINKUSDT,0.012453198346122154,0.07518106956334056,0
next_open,drop3_breadth4,-0.03,4,pure_horizon_6,base,6,4.0,5.0,2025-06-22 15:00:00+00:00,SOLUSDT,0.010079407358825645,0.0852604769221662,0
next_open,drop3_breadth4,-0.03,4,pure_horizon_6,base,6,4.0,5.0,2025-09-22 07:45:00+00:00,LINKUSDT,0.010277322696987803,0.09553779961915401,0
next_open,drop3_breadth4,-0.03,4,pure_horizon_6,base,6,4.0,5.0,2025-10-10 22:30:00+00:00,ADAUSDT,-0.18496816410534267,-0.08943036448618866,17
next_open,drop3_breadth4,-0.03,4,pure_horizon_6,base,6,4.0,5.0,2025-10-10 22:30:00+00:00,AVAXUSDT,-0.18060628516235422,-0.2700366496485429,17
next_open,drop3_breadth4,-0.03,4,pure_horizon_6,base,6,4.0,5.0,2025-10-10 22:30:00+00:00,ETHUSDT,-0.0017995002498749405,-0.27183614989841787,17
next_open,drop3_breadth4,-0.03,4,pure_horizon_6,base,6,4.0,5.0,2025-10-10 22:30:00+00:00,LINKUSDT,-0.16989439558763886,-0.4417305454860567,17
next_open,drop3_breadth4,-0.03,4,pure_horizon_6,base,6,4.0,5.0,2025-10-10 22:30:00+00:00,SOLUSDT,-0.049097872907589796,-0.49082841839364655,17
next_open,drop3_breadth4,-0.03,4,pure_horizon_6,base,6,4.0,5.0,2025-10-10 22:30:00+00:00,XRPUSDT,-0.07776211987752388,-0.5685905382711705,17
next_open,drop3_breadth4,-0.03,4,pure_horizon_6,base,6,4.0,5.0,2025-10-10 22:45:00+00:00,ADAUSDT,-0.052171854426360714,-0.6207623926975312,10
next_open,drop3_breadth4,-0.03,4,pure_horizon_6,base,6,4.0,5.0,2025-10-10 22:45:00+00:00,AVAXUSDT,-0.10131811997506954,-0.7220805126726008,10
next_open,drop3_breadth4,-0.03,4,pure_horizon_6,base,6,4.0,5.0,2025-10-10 22:45:00+00:00,BNBUSDT,-0.004390487734531301,-0.7264710004071321,10
next_open,drop3_breadth4,-0.03,4,pure_horizon_6,base,6,4.0,5.0,2025-10-10 22:45:00+00:00,ETHUSDT,0.03305637461550184,-0.6934146257916303,10
next_open,drop3_breadth4,-0.03,4,pure_horizon_6,base,6,4.0,5.0,2025-10-10 22:45:00+00:00,LINKUSDT,-0.06704602509435706,-0.7604606508859874,10
next_open,drop3_breadth4,-0.03,4,pure_horizon_6,base,6,4.0,5.0,2025-10-10 22:45:00+00:00,SOLUSDT,0.016005110082677597,-0.7444555408033098,10
next_open,drop3_breadth4,-0.03,4,pure_horizon_6,base,6,4.0,5.0,2025-10-10 22:45:00+00:00,XRPUSDT,0.024638086668705615,-0.7198174541346042,10
next_open,drop3_breadth4,-0.03,4,pure_horizon_6,base,6,4.0,5.0,2025-10-10 23:00:00+00:00,ADAUSDT,0.3313451662973027,-0.3884722878373015,4
next_open,drop3_breadth4,-0.03,4,pure_horizon_6,base,6,4.0,5.0,2025-10-10 23:00:00+00:00,AVAXUSDT,0.15210117415017488,-0.2363711136871266,4
next_open,drop3_breadth4,-0.03,4,pure_horizon_6,base,6,4.0,5.0,2025-10-10 23:00:00+00:00,BNBUSDT,0.12349570071796237,-0.11287541296916423,4
next_open,drop3_breadth4,-0.03,4,pure_horizon_6,base,6,4.0,5.0,2025-10-10 23:00:00+00:00,LINKUSDT,0.2867102476420059,0.1738348346728417,4
next_open,drop3_breadth4,-0.03,4,pure_horizon_6,base,6,4.0,5.0,2025-10-10 23:00:00+00:00,SOLUSDT,0.0807331160112236,0.2545679506840653,4
next_open,drop3_breadth4,-0.03,4,pure_horizon_6,base,6,4.0,5.0,2025-10-10 23:00:00+00:00,XRPUSDT,0.2059251779737995,0.4604931286578648,4
next_open,drop3_breadth4,-0.03,4,pure_horizon_6,base,6,4.0,5.0,2025-10-11 00:00:00+00:00,ADAUSDT,0.1161953934878294,0.5766885221456942,3
next_open,drop3_breadth4,-0.03,4,pure_horizon_6,base,6,4.0,5.0,2025-10-11 00:00:00+00:00,AVAXUSDT,0.027225714388581145,0.6039142365342753,3
next_open,drop3_breadth4,-0.03,4,pure_horizon_6,base,6,4.0,5.0,2025-10-11 00:00:00+00:00,LINKUSDT,0.09467737919785804,0.6985916157321334,3
next_open,drop3_breadth4,-0.03,4,pure_horizon_6,base,6,4.0,5.0,2025-10-11 00:00:00+00:00,LTCUSDT,0.06721758718367102,0.7658092029158043,3
next_open,drop3_breadth4,-0.03,4,pure_horizon_6,base,6,4.0,5.0,2025-10-11 01:30:00+00:00,AVAXUSDT,0.011479796161687397,0.7772889990774917,0
next_open,drop3_breadth4,-0.03,4,pure_horizon_6,base,6,4.0,5.0,2025-10-11 01:30:00+00:00,LINKUSDT,-0.021110002415309338,0.7561789966621824,0
next_open,drop3_breadth4,-0.03,4,pure_horizon_6,base,6,4.0,5.0,2025-10-11 01:30:00+00:00,LTCUSDT,-0.01779754524019115,0.7383814514219912,0
next_open,drop3_breadth4,-0.03,4,pure_horizon_6,base,6,4.0,5.0,2025-10-29 20:15:00+00:00,ETHUSDT,0.01704419580403762,0.7554256472260288,0
next_open,drop3_breadth4,-0.03,4,pure_horizon_6,base,6,4.0,5.0,2025-11-03 17:00:00+00:00,ADAUSDT,0.015596481606829382,0.7710221288328581,0
next_open,drop3_breadth4,-0.03,4,pure_horizon_6,base,6,4.0,5.0,2025-11-03 17:00:00+00:00,AVAXUSDT,0.010809593688550525,0.7818317225214086,0
next_open,drop3_breadth4,-0.03,4,pure_horizon_6,base,6,4.0,5.0,2025-11-03 17:00:00+00:00,LINKUSDT,0.010031789644913493,0.7918635121663221,0
next_open,drop3_breadth4,-0.03,4,pure_horizon_6,base,6,4.0,5.0,2025-11-03 17:00:00+00:00,SOLUSDT,0.0070728293956378255,0.7989363415619599,0
next_open,drop3_breadth4,-0.03,4,pure_horizon_6,base,6,4.0,5.0,2026-01-19 01:45:00+00:00,ADAUSDT,0.007080504192348425,0.8060168457543083,0
next_open,drop3_breadth4,-0.03,4,pure_horizon_6,base,6,4.0,5.0,2026-01-19 01:45:00+00:00,AVAXUSDT,0.00434304055350756,0.8103598863078159,0
next_open,drop3_breadth4,-0.03,4,pure_horizon_6,base,6,4.0,5.0,2026-01-19 01:45:00+00:00,LINKUSDT,0.0004629764773997021,0.8108228627852155,0
next_open,drop3_breadth4,-0.03,4,pure_horizon_6,base,6,4.0,5.0,2026-01-19 01:45:00+00:00,LTCUSDT,0.0019507182013961627,0.8127735809866117,0
next_open,drop3_breadth4,-0.03,4,pure_horizon_6,base,6,4.0,5.0,2026-01-19 01:45:00+00:00,SOLUSDT,0.002702868110750512,0.8154764490973622,0
next_open,drop3_breadth4,-0.03,4,pure_horizon_6,base,6,4.0,5.0,2026-01-19 01:45:00+00:00,XRPUSDT,0.011376640934907114,0.8268530900322693,0
next_open,drop3_breadth4,-0.03,4,pure_horizon_6,base,6,4.0,5.0,2026-01-30 03:15:00+00:00,ADAUSDT,0.004693539209968201,0.8315466292422374,0
next_open,drop3_breadth4,-0.03,4,pure_horizon_6,base,6,4.0,5.0,2026-01-30 03:15:00+00:00,LTCUSDT,-0.003354848996177639,0.8281917802460598,0
next_open,drop3_breadth4,-0.03,4,pure_horizon_6,base,6,4.0,5.0,2026-01-30 03:15:00+00:00,XRPUSDT,0.0028411512658536257,0.8310329315119134,0
next_open,drop3_breadth4,-0.03,4,pure_horizon_6,base,6,4.0,5.0,2026-01-31 18:45:00+00:00,ADAUSDT,-3.697290380908424e-05,0.8309959586081043,0
next_open,drop3_breadth4,-0.03,4,pure_horizon_6,base,6,4.0,5.0,2026-01-31 18:45:00+00:00,ETHUSDT,-0.01301549997480642,0.8179804586332978,0
next_open,drop3_breadth4,-0.03,4,pure_horizon_6,base,6,4.0,5.0,2026-01-31 18:45:00+00:00,LINKUSDT,-0.005026447784756005,0.8129540108485418,0
next_open,drop3_breadth4,-0.03,4,pure_horizon_6,base,6,4.0,5.0,2026-01-31 18:45:00+00:00,LTCUSDT,-0.007990586149514289,0.8049634246990275,0
next_open,drop3_breadth4,-0.03,4,pure_horizon_6,base,6,4.0,5.0,2026-01-31 18:45:00+00:00,SOLUSDT,-0.010646234920686812,0.7943171897783406,0
next_open,drop3_breadth4,-0.03,4,pure_horizon_6,base,6,4.0,5.0,2026-01-31 18:45:00+00:00,XRPUSDT,0.013498835076599127,0.8078160248549398,0
next_open,drop3_breadth4,-0.03,4,pure_horizon_6,base,6,4.0,5.0,2026-02-05 16:45:00+00:00,AVAXUSDT,0.008641840104897238,0.816457864959837,1
next_open,drop3_breadth4,-0.03,4,pure_horizon_6,base,6,4.0,5.0,2026-02-05 16:45:00+00:00,LINKUSDT,-0.0028481361838325944,0.8136097287760043,1
next_open,drop3_breadth4,-0.03,4,pure_horizon_6,base,6,4.0,5.0,2026-02-05 17:00:00+00:00,ETHUSDT,0.020062684599729284,0.8336724133757336,0
next_open,drop3_breadth4,-0.03,4,pure_horizon_6,base,6,4.0,5.0,2026-02-05 22:00:00+00:00,AVAXUSDT,-0.0015613878676200336,0.8321110255081136,0
next_open,drop3_breadth4,-0.03,4,pure_horizon_6,base,6,4.0,5.0,2026-02-05 22:00:00+00:00,SOLUSDT,0.006839954663390735,0.8389509801715043,0
next_open,drop3_breadth4,-0.03,4,pure_horizon_6,base,6,4.0,5.0,2026-02-05 22:00:00+00:00,XRPUSDT,0.016684513838532887,0.8556354940100371,0
next_open,drop3_breadth4,-0.03,4,pure_horizon_6,base,6,4.0,5.0,2026-02-06 01:45:00+00:00,ADAUSDT,0.09626992053711372,0.9519054145471508,0
next_open,drop3_breadth4,-0.03,4,pure_horizon_6,base,6,4.0,5.0,2026-02-06 01:45:00+00:00,AVAXUSDT,0.08669185340379917,1.03859726795095,0
next_open,drop3_breadth4,-0.03,4,pure_horizon_6,base,6,4.0,5.0,2026-02-06 01:45:00+00:00,BNBUSDT,0.08019290154414685,1.118790169495097,0
next_open,drop3_breadth4,-0.03,4,pure_horizon_6,base,6,4.0,5.0,2026-02-06 01:45:00+00:00,BTCUSDT,0.08893062236546148,1.2077207918605586,0
next_open,drop3_breadth4,-0.03,4,pure_horizon_6,base,6,4.0,5.0,2026-02-06 01:45:00+00:00,ETHUSDT,0.09176006962108466,1.2994808614816433,0
next_open,drop3_breadth4,-0.03,4,pure_horizon_6,base,6,4.0,5.0,2026-02-06 01:45:00+00:00,LINKUSDT,0.10234184443743502,1.4018227059190784,0
next_open,drop3_breadth4,-0.03,4,pure_horizon_6,base,6,4.0,5.0,2026-02-06 01:45:00+00:00,LTCUSDT,0.08365254761697641,1.485475253536055,0
next_open,drop3_breadth4,-0.03,4,pure_horizon_6,base,6,4.0,5.0,2026-02-06 01:45:00+00:00,SOLUSDT,0.09710596958158116,1.5825812231176362,0
next_open,drop3_breadth4,-0.03,4,pure_horizon_6,base,6,4.0,5.0,2026-02-06 01:45:00+00:00,XRPUSDT,0.11533974576713404,1.6979209688847703,0
next_close,drop3_breadth4,-0.03,4,pure_horizon_6,stress,6,8.0,10.0,2025-05-30 02:30:00+00:00,ADAUSDT,0.007464120475233305,0.007464120475233305,0
next_close,drop3_breadth4,-0.03,4,pure_horizon_6,stress,6,8.0,10.0,2025-05-30 02:30:00+00:00,AVAXUSDT,0.005821467216045085,0.01328558769127839,0
next_close,drop3_breadth4,-0.03,4,pure_horizon_6,stress,6,8.0,10.0,2025-05-30 02:30:00+00:00,LINKUSDT,0.0062044765866733805,0.01949006427795177,0
next_close,drop3_breadth4,-0.03,4,pure_horizon_6,stress,6,8.0,10.0,2025-05-30 02:30:00+00:00,LTCUSDT,0.004941286708026783,0.024431350985978553,0
next_close,drop3_breadth4,-0.03,4,pure_horizon_6,stress,6,8.0,10.0,2025-05-30 02:30:00+00:00,XRPUSDT,0.010554169420534044,0.034985520406512594,0
next_close,drop3_breadth4,-0.03,4,pure_horizon_6,stress,6,8.0,10.0,2025-06-13 01:45:00+00:00,AVAXUSDT,-0.03434689142070242,0.0006386289858101718,0
next_close,drop3_breadth4,-0.03,4,pure_horizon_6,stress,6,8.0,10.0,2025-06-22 15:00:00+00:00,ADAUSDT,-0.0005703129634868174,6.831602232335444e-05,0
next_close,drop3_breadth4,-0.03,4,pure_horizon_6,stress,6,8.0,10.0,2025-06-22 15:00:00+00:00,LINKUSDT,0.012593383569863326,0.01266169959218668,0
next_close,drop3_breadth4,-0.03,4,pure_horizon_6,stress,6,8.0,10.0,2025-06-22 15:00:00+00:00,SOLUSDT,0.010724015382359387,0.023385714974546067,0
next_close,drop3_breadth4,-0.03,4,pure_horizon_6,stress,6,8.0,10.0,2025-09-22 07:45:00+00:00,LINKUSDT,0.0026831955097712983,0.026068910484317365,0
next_close,drop3_breadth4,-0.03,4,pure_horizon_6,stress,6,8.0,10.0,2025-10-10 22:30:00+00:00,ADAUSDT,-0.10315276632374687,-0.0770838558394295,17
next_close,drop3_breadth4,-0.03,4,pure_horizon_6,stress,6,8.0,10.0,2025-10-10 22:30:00+00:00,AVAXUSDT,-0.11272131674460822,-0.18980517258403773,17
next_close,drop3_breadth4,-0.03,4,pure_horizon_6,stress,6,8.0,10.0,2025-10-10 22:30:00+00:00,ETHUSDT,0.034388826848471596,-0.15541634573556612,17
next_close,drop3_breadth4,-0.03,4,pure_horizon_6,stress,6,8.0,10.0,2025-10-10 22:30:00+00:00,LINKUSDT,-0.0991856752669314,-0.2546020210024975,17
next_close,drop3_breadth4,-0.03,4,pure_horizon_6,stress,6,8.0,10.0,2025-10-10 22:30:00+00:00,SOLUSDT,0.009176164859120251,-0.24542585614337725,17
next_close,drop3_breadth4,-0.03,4,pure_horizon_6,stress,6,8.0,10.0,2025-10-10 22:30:00+00:00,XRPUSDT,0.003549573340324176,-0.24187628280305307,17
next_close,drop3_breadth4,-0.03,4,pure_horizon_6,stress,6,8.0,10.0,2025-10-10 22:45:00+00:00,ADAUSDT,0.3362164803946055,0.09434019759155243,10
next_close,drop3_breadth4,-0.03,4,pure_horizon_6,stress,6,8.0,10.0,2025-10-10 22:45:00+00:00,AVAXUSDT,0.14402105667316417,0.2383612542647166,10
next_close,drop3_breadth4,-0.03,4,pure_horizon_6,stress,6,8.0,10.0,2025-10-10 22:45:00+00:00,BNBUSDT,0.12583255362257023,0.36419380788728684,10
next_close,drop3_breadth4,-0.03,4,pure_horizon_6,stress,6,8.0,10.0,2025-10-10 22:45:00+00:00,ETHUSDT,0.06137597146097744,0.4255697793482643,10
next_close,drop3_breadth4,-0.03,4,pure_horizon_6,stress,6,8.0,10.0,2025-10-10 22:45:00+00:00,LINKUSDT,0.28534573209859726,0.7109155114468615,10
next_close,drop3_breadth4,-0.03,4,pure_horizon_6,stress,6,8.0,10.0,2025-10-10 22:45:00+00:00,SOLUSDT,0.0789667961821015,0.7898823076289629,10
next_close,drop3_breadth4,-0.03,4,pure_horizon_6,stress,6,8.0,10.0,2025-10-10 22:45:00+00:00,XRPUSDT,0.2050891441891443,0.9949714518181072,10
next_close,drop3_breadth4,-0.03,4,pure_horizon_6,stress,6,8.0,10.0,2025-10-10 23:00:00+00:00,ADAUSDT,0.025651763476851656,1.0206232152949588,4
next_close,drop3_breadth4,-0.03,4,pure_horizon_6,stress,6,8.0,10.0,2025-10-10 23:00:00+00:00,AVAXUSDT,-0.06526345800621985,0.9553597572887389,4
next_close,drop3_breadth4,-0.03,4,pure_horizon_6,stress,6,8.0,10.0,2025-10-10 23:00:00+00:00,BNBUSDT,0.005479539370237863,0.9608392966589767,4
next_close,drop3_breadth4,-0.03,4,pure_horizon_6,stress,6,8.0,10.0,2025-10-10 23:00:00+00:00,LINKUSDT,0.02813819144319845,0.9889774881021751,4
next_close,drop3_breadth4,-0.03,4,pure_horizon_6,stress,6,8.0,10.0,2025-10-10 23:00:00+00:00,SOLUSDT,-0.03384671176094019,0.9551307763412349,4
next_close,drop3_breadth4,-0.03,4,pure_horizon_6,stress,6,8.0,10.0,2025-10-10 23:00:00+00:00,XRPUSDT,0.023020039136238783,0.9781508154774736,4
next_close,drop3_breadth4,-0.03,4,pure_horizon_6,stress,6,8.0,10.0,2025-10-11 00:00:00+00:00,ADAUSDT,0.10494344801519123,1.0830942634926648,3
next_close,drop3_breadth4,-0.03,4,pure_horizon_6,stress,6,8.0,10.0,2025-10-11 00:00:00+00:00,AVAXUSDT,0.010939075870298343,1.094033339362963,3
next_close,drop3_breadth4,-0.03,4,pure_horizon_6,stress,6,8.0,10.0,2025-10-11 00:00:00+00:00,LINKUSDT,0.070339453575123,1.164372792938086,3
next_close,drop3_breadth4,-0.03,4,pure_horizon_6,stress,6,8.0,10.0,2025-10-11 00:00:00+00:00,LTCUSDT,0.026141343630571794,1.1905141365686578,3
next_close,drop3_breadth4,-0.03,4,pure_horizon_6,stress,6,8.0,10.0,2025-10-11 01:30:00+00:00,AVAXUSDT,-0.0006748231889110543,1.1898393133797467,0
next_close,drop3_breadth4,-0.03,4,pure_horizon_6,stress,6,8.0,10.0,2025-10-11 01:30:00+00:00,LINKUSDT,-0.03197991765702308,1.1578593957227237,0
next_close,drop3_breadth4,-0.03,4,pure_horizon_6,stress,6,8.0,10.0,2025-10-11 01:30:00+00:00,LTCUSDT,-0.02972157167985385,1.1281378240428699,0
next_close,drop3_breadth4,-0.03,4,pure_horizon_6,stress,6,8.0,10.0,2025-10-29 20:15:00+00:00,ETHUSDT,0.0011507591979190062,1.1292885832407888,0
next_close,drop3_breadth4,-0.03,4,pure_horizon_6,stress,6,8.0,10.0,2025-11-03 17:00:00+00:00,ADAUSDT,0.013780592561800687,1.1430691758025895,0
next_close,drop3_breadth4,-0.03,4,pure_horizon_6,stress,6,8.0,10.0,2025-11-03 17:00:00+00:00,AVAXUSDT,0.0179450923076439,1.1610142681102333,0
next_close,drop3_breadth4,-0.03,4,pure_horizon_6,stress,6,8.0,10.0,2025-11-03 17:00:00+00:00,LINKUSDT,0.021664557594677718,1.182678825704911,0
next_close,drop3_breadth4,-0.03,4,pure_horizon_6,stress,6,8.0,10.0,2025-11-03 17:00:00+00:00,SOLUSDT,0.005325477955521008,1.188004303660432,0
next_close,drop3_breadth4,-0.03,4,pure_horizon_6,stress,6,8.0,10.0,2026-01-19 01:45:00+00:00,ADAUSDT,0.005832811768554037,1.193837115428986,0
next_close,drop3_breadth4,-0.03,4,pure_horizon_6,stress,6,8.0,10.0,2026-01-19 01:45:00+00:00,AVAXUSDT,0.0022177676079809154,1.1960548830369668,0
next_close,drop3_breadth4,-0.03,4,pure_horizon_6,stress,6,8.0,10.0,2026-01-19 01:45:00+00:00,LINKUSDT,-0.002040327582515776,1.194014555454451,0
next_close,drop3_breadth4,-0.03,4,pure_horizon_6,stress,6,8.0,10.0,2026-01-19 01:45:00+00:00,LTCUSDT,0.00014846810711670734,1.1941630235615677,0
next_close,drop3_breadth4,-0.03,4,pure_horizon_6,stress,6,8.0,10.0,2026-01-19 01:45:00+00:00,SOLUSDT,-0.005311501994571598,1.1888515215669961,0
next_close,drop3_breadth4,-0.03,4,pure_horizon_6,stress,6,8.0,10.0,2026-01-19 01:45:00+00:00,XRPUSDT,0.006267863206614033,1.1951193847736101,0
next_close,drop3_breadth4,-0.03,4,pure_horizon_6,stress,6,8.0,10.0,2026-01-30 03:15:00+00:00,ADAUSDT,-0.008180196662841265,1.186939188110769,0
next_close,drop3_breadth4,-0.03,4,pure_horizon_6,stress,6,8.0,10.0,2026-01-30 03:15:00+00:00,LTCUSDT,-0.013611915222782888,1.173327272887986,0
next_close,drop3_breadth4,-0.03,4,pure_horizon_6,stress,6,8.0,10.0,2026-01-30 03:15:00+00:00,XRPUSDT,-0.0054177207407974486,1.1679095521471885,0
next_close,drop3_breadth4,-0.03,4,pure_horizon_6,stress,6,8.0,10.0,2026-01-31 18:45:00+00:00,ADAUSDT,-0.008147099464350615,1.1597624526828378,0
next_close,drop3_breadth4,-0.03,4,pure_horizon_6,stress,6,8.0,10.0,2026-01-31 18:45:00+00:00,ETHUSDT,-0.020134889699874155,1.1396275629829637,0
next_close,drop3_breadth4,-0.03,4,pure_horizon_6,stress,6,8.0,10.0,2026-01-31 18:45:00+00:00,LINKUSDT,-0.012695182008792782,1.126932380974171,0
next_close,drop3_breadth4,-0.03,4,pure_horizon_6,stress,6,8.0,10.0,2026-01-31 18:45:00+00:00,LTCUSDT,-0.014540631409022686,1.1123917495651483,0
next_close,drop3_breadth4,-0.03,4,pure_horizon_6,stress,6,8.0,10.0,2026-01-31 18:45:00+00:00,SOLUSDT,-0.023383240337758578,1.0890085092273898,0
next_close,drop3_breadth4,-0.03,4,pure_horizon_6,stress,6,8.0,10.0,2026-01-31 18:45:00+00:00,XRPUSDT,0.007031906393243404,1.0960404156206331,0
next_close,drop3_breadth4,-0.03,4,pure_horizon_6,stress,6,8.0,10.0,2026-02-05 16:45:00+00:00,AVAXUSDT,0.02120131813928699,1.11724173375992,1
next_close,drop3_breadth4,-0.03,4,pure_horizon_6,stress,6,8.0,10.0,2026-02-05 16:45:00+00:00,LINKUSDT,0.01892138406006621,1.1361631178199862,1
next_close,drop3_breadth4,-0.03,4,pure_horizon_6,stress,6,8.0,10.0,2026-02-05 17:00:00+00:00,ETHUSDT,0.001957890653925755,1.138121008473912,0
next_close,drop3_breadth4,-0.03,4,pure_horizon_6,stress,6,8.0,10.0,2026-02-05 22:00:00+00:00,AVAXUSDT,-0.014186258489830083,1.123934749984082,0
next_close,drop3_breadth4,-0.03,4,pure_horizon_6,stress,6,8.0,10.0,2026-02-05 22:00:00+00:00,SOLUSDT,-0.0047292385196667334,1.1192055114644153,0
next_close,drop3_breadth4,-0.03,4,pure_horizon_6,stress,6,8.0,10.0,2026-02-05 22:00:00+00:00,XRPUSDT,-0.018042438177567295,1.101163073286848,0
next_close,drop3_breadth4,-0.03,4,pure_horizon_6,stress,6,8.0,10.0,2026-02-06 01:45:00+00:00,ADAUSDT,0.08254804875745753,1.1837111220443055,0
next_close,drop3_breadth4,-0.03,4,pure_horizon_6,stress,6,8.0,10.0,2026-02-06 01:45:00+00:00,AVAXUSDT,0.07359200982503761,1.257303131869343,0
next_close,drop3_breadth4,-0.03,4,pure_horizon_6,stress,6,8.0,10.0,2026-02-06 01:45:00+00:00,BNBUSDT,0.06713923209017786,1.3244423639595209,0
next_close,drop3_breadth4,-0.03,4,pure_horizon_6,stress,6,8.0,10.0,2026-02-06 01:45:00+00:00,BTCUSDT,0.06720770047523167,1.3916500644347525,0
next_close,drop3_breadth4,-0.03,4,pure_horizon_6,stress,6,8.0,10.0,2026-02-06 01:45:00+00:00,ETHUSDT,0.07826476150361344,1.4699148259383659,0
next_close,drop3_breadth4,-0.03,4,pure_horizon_6,stress,6,8.0,10.0,2026-02-06 01:45:00+00:00,LINKUSDT,0.08748101519004786,1.5573958411284137,0
next_close,drop3_breadth4,-0.03,4,pure_horizon_6,stress,6,8.0,10.0,2026-02-06 01:45:00+00:00,LTCUSDT,0.07396801521223378,1.6313638563406474,0
next_close,drop3_breadth4,-0.03,4,pure_horizon_6,stress,6,8.0,10.0,2026-02-06 01:45:00+00:00,SOLUSDT,0.11402867512234632,1.7453925314629937,0
next_close,drop3_breadth4,-0.03,4,pure_horizon_6,stress,6,8.0,10.0,2026-02-06 01:45:00+00:00,XRPUSDT,0.10501217034786242,1.850404701810856,0
next_open,drop3_breadth4,-0.03,4,pure_horizon_6,stress,6,8.0,10.0,2025-05-30 02:30:00+00:00,ADAUSDT,0.024969931441986053,0.024969931441986053,0
next_open,drop3_breadth4,-0.03,4,pure_horizon_6,stress,6,8.0,10.0,2025-05-30 02:30:00+00:00,AVAXUSDT,0.01532544332185686,0.040295374763842914,0
next_open,drop3_breadth4,-0.03,4,pure_horizon_6,stress,6,8.0,10.0,2025-05-30 02:30:00+00:00,LINKUSDT,0.018465724042364955,0.05876109880620787,0
next_open,drop3_breadth4,-0.03,4,pure_horizon_6,stress,6,8.0,10.0,2025-05-30 02:30:00+00:00,LTCUSDT,0.014865090243754422,0.07362618904996229,0
next_open,drop3_breadth4,-0.03,4,pure_horizon_6,stress,6,8.0,10.0,2025-05-30 02:30:00+00:00,XRPUSDT,0.02520877524257719,0.09883496429253949,0
next_open,drop3_breadth4,-0.03,4,pure_horizon_6,stress,6,8.0,10.0,2025-06-13 01:45:00+00:00,AVAXUSDT,-0.04630712474986838,0.05252783954267111,0
next_open,drop3_breadth4,-0.03,4,pure_horizon_6,stress,6,8.0,10.0,2025-06-22 15:00:00+00:00,ADAUSDT,-0.00246476732956664,0.05006307221310447,0
next_open,drop3_breadth4,-0.03,4,pure_horizon_6,stress,6,8.0,10.0,2025-06-22 15:00:00+00:00,LINKUSDT,0.010640451015067987,0.06070352322817246,0
next_open,drop3_breadth4,-0.03,4,pure_horizon_6,stress,6,8.0,10.0,2025-06-22 15:00:00+00:00,SOLUSDT,0.008269032633642138,0.0689725558618146,0
next_open,drop3_breadth4,-0.03,4,pure_horizon_6,stress,6,8.0,10.0,2025-09-22 07:45:00+00:00,LINKUSDT,0.00846675015527536,0.07743930601708995,0
next_open,drop3_breadth4,-0.03,4,pure_horizon_6,stress,6,8.0,10.0,2025-10-10 22:30:00+00:00,ADAUSDT,-0.18658358863668395,-0.109144282619594,17
next_open,drop3_breadth4,-0.03,4,pure_horizon_6,stress,6,8.0,10.0,2025-10-10 22:30:00+00:00,AVAXUSDT,-0.18222606939496772,-0.29137035201456174,17
next_open,drop3_breadth4,-0.03,4,pure_horizon_6,stress,6,8.0,10.0,2025-10-10 22:30:00+00:00,ETHUSDT,-0.003598001998001819,-0.29496835401256355,17
next_open,drop3_breadth4,-0.03,4,pure_horizon_6,stress,6,8.0,10.0,2025-10-10 22:30:00+00:00,LINKUSDT,-0.17152488636190938,-0.46649324037447293,17
next_open,drop3_breadth4,-0.03,4,pure_horizon_6,stress,6,8.0,10.0,2025-10-10 22:30:00+00:00,SOLUSDT,-0.050849099896801156,-0.5173423402712741,17
next_open,drop3_breadth4,-0.03,4,pure_horizon_6,stress,6,8.0,10.0,2025-10-10 22:30:00+00:00,XRPUSDT,-0.07948469693040822,-0.5968270372016824,17
next_open,drop3_breadth4,-0.03,4,pure_horizon_6,stress,6,8.0,10.0,2025-10-10 22:45:00+00:00,ADAUSDT,-0.053920008968740565,-0.650747046170423,10
next_open,drop3_breadth4,-0.03,4,pure_horizon_6,stress,6,8.0,10.0,2025-10-10 22:45:00+00:00,AVAXUSDT,-0.10301715278820439,-0.7537641989586275,10
next_open,drop3_breadth4,-0.03,4,pure_horizon_6,stress,6,8.0,10.0,2025-10-10 22:45:00+00:00,BNBUSDT,-0.006186399788725771,-0.7599505987473533,10
next_open,drop3_breadth4,-0.03,4,pure_horizon_6,stress,6,8.0,10.0,2025-10-10 22:45:00+00:00,ETHUSDT,0.031223034394326766,-0.7287275643530265,10
next_open,drop3_breadth4,-0.03,4,pure_horizon_6,stress,6,8.0,10.0,2025-10-10 22:45:00+00:00,LINKUSDT,-0.06877931289200784,-0.7975068772450344,10
next_open,drop3_breadth4,-0.03,4,pure_horizon_6,stress,6,8.0,10.0,2025-10-10 22:45:00+00:00,SOLUSDT,0.014188812613181102,-0.7833180646318534,10
next_open,drop3_breadth4,-0.03,4,pure_horizon_6,stress,6,8.0,10.0,2025-10-10 22:45:00+00:00,XRPUSDT,0.022813160532641867,-0.7605049040992116,10
next_open,drop3_breadth4,-0.03,4,pure_horizon_6,stress,6,8.0,10.0,2025-10-10 23:00:00+00:00,ADAUSDT,0.32921368620531144,-0.4312912178939001,4
next_open,drop3_breadth4,-0.03,4,pure_horizon_6,stress,6,8.0,10.0,2025-10-10 23:00:00+00:00,AVAXUSDT,0.15014884856265548,-0.28114236933124465,4
next_open,drop3_breadth4,-0.03,4,pure_horizon_6,stress,6,8.0,10.0,2025-10-10 23:00:00+00:00,BNBUSDT,0.121571966322575,-0.15957040300866965,4
next_open,drop3_breadth4,-0.03,4,pure_horizon_6,stress,6,8.0,10.0,2025-10-10 23:00:00+00:00,LINKUSDT,0.2846233801846587,0.12505297717598907,4
next_open,drop3_breadth4,-0.03,4,pure_horizon_6,stress,6,8.0,10.0,2025-10-10 23:00:00+00:00,SOLUSDT,0.07885212285129556,0.20390510002728462,4
next_open,drop3_breadth4,-0.03,4,pure_horizon_6,stress,6,8.0,10.0,2025-10-10 23:00:00+00:00,XRPUSDT,0.20391905525412418,0.4078241552814088,4
next_open,drop3_breadth4,-0.03,4,pure_horizon_6,stress,6,8.0,10.0,2025-10-11 00:00:00+00:00,ADAUSDT,0.11427895575498886,0.5221031110363976,3
next_open,drop3_breadth4,-0.03,4,pure_horizon_6,stress,6,8.0,10.0,2025-10-11 00:00:00+00:00,AVAXUSDT,0.02539820191667213,0.5475013129530697,3
next_open,drop3_breadth4,-0.03,4,pure_horizon_6,stress,6,8.0,10.0,2025-10-11 00:00:00+00:00,LINKUSDT,0.09278244873642555,0.6402837616894952,3
next_open,drop3_breadth4,-0.03,4,pure_horizon_6,stress,6,8.0,10.0,2025-10-11 00:00:00+00:00,LTCUSDT,0.06535010280493442,0.7056338644944296,3
next_open,drop3_breadth4,-0.03,4,pure_horizon_6,stress,6,8.0,10.0,2025-10-11 01:30:00+00:00,AVAXUSDT,0.009668021746846157,0.7153018862412757,0
next_open,drop3_breadth4,-0.03,4,pure_horizon_6,stress,6,8.0,10.0,2025-10-11 01:30:00+00:00,LINKUSDT,-0.022889203302051193,0.6924126829392244,0
next_open,drop3_breadth4,-0.03,4,pure_horizon_6,stress,6,8.0,10.0,2025-10-11 01:30:00+00:00,LTCUSDT,-0.01958005693036175,0.6728326260088626,0
next_open,drop3_breadth4,-0.03,4,pure_horizon_6,stress,6,8.0,10.0,2025-10-29 20:15:00+00:00,ETHUSDT,0.015226859767583803,0.6880594857764464,0
next_open,drop3_breadth4,-0.03,4,pure_horizon_6,stress,6,8.0,10.0,2025-11-03 17:00:00+00:00,ADAUSDT,0.013780592561800687,0.701840078338247,0
next_open,drop3_breadth4,-0.03,4,pure_horizon_6,stress,6,8.0,10.0,2025-11-03 17:00:00+00:00,AVAXUSDT,0.008998489141583344,0.7108385674798303,0
next_open,drop3_breadth4,-0.03,4,pure_horizon_6,stress,6,8.0,10.0,2025-11-03 17:00:00+00:00,LINKUSDT,0.008221462513670775,0.719060029993501,0
next_open,drop3_breadth4,-0.03,4,pure_horizon_6,stress,6,8.0,10.0,2025-11-03 17:00:00+00:00,SOLUSDT,0.0052654597473813965,0.7243254897408824,0
next_open,drop3_breadth4,-0.03,4,pure_horizon_6,stress,6,8.0,10.0,2026-01-19 01:45:00+00:00,ADAUSDT,0.005273126873127022,0.7295986166140094,0
next_open,drop3_breadth4,-0.03,4,pure_horizon_6,stress,6,8.0,10.0,2026-01-19 01:45:00+00:00,AVAXUSDT,0.0025383993312444912,0.7321370159452538,0
next_open,drop3_breadth4,-0.03,4,pure_horizon_6,stress,6,8.0,10.0,2026-01-19 01:45:00+00:00,LINKUSDT,-0.0013377866179113504,0.7307992293273424,0
next_open,drop3_breadth4,-0.03,4,pure_horizon_6,stress,6,8.0,10.0,2026-01-19 01:45:00+00:00,LTCUSDT,0.00014846810711670734,0.7309476974344591,0
next_open,drop3_breadth4,-0.03,4,pure_horizon_6,stress,6,8.0,10.0,2026-01-19 01:45:00+00:00,SOLUSDT,0.00089986624207299,0.731847563676532,0
next_open,drop3_breadth4,-0.03,4,pure_horizon_6,stress,6,8.0,10.0,2026-01-19 01:45:00+00:00,XRPUSDT,0.009564969623792097,0.7414125333003241,0
next_open,drop3_breadth4,-0.03,4,pure_horizon_6,stress,6,8.0,10.0,2026-01-30 03:15:00+00:00,ADAUSDT,0.0028885476640350587,0.7443010809643591,0
next_open,drop3_breadth4,-0.03,4,pure_horizon_6,stress,6,8.0,10.0,2026-01-30 03:15:00+00:00,LTCUSDT,-0.005151796172067246,0.7391492847922918,0
next_open,drop3_breadth4,-0.03,4,pure_horizon_6,stress,6,8.0,10.0,2026-01-30 03:15:00+00:00,XRPUSDT,0.0010380111830590637,0.7401872959753508,0
next_open,drop3_breadth4,-0.03,4,pure_horizon_6,stress,6,8.0,10.0,2026-01-31 18:45:00+00:00,ADAUSDT,-0.0018372362993393605,0.7383500596760114,0
next_open,drop3_breadth4,-0.03,4,pure_horizon_6,stress,6,8.0,10.0,2026-01-31 18:45:00+00:00,ETHUSDT,-0.01480279132280322,0.7235472683532082,0
next_open,drop3_breadth4,-0.03,4,pure_horizon_6,stress,6,8.0,10.0,2026-01-31 18:45:00+00:00,LINKUSDT,-0.006821724196403544,0.7167255441568046,0
next_open,drop3_breadth4,-0.03,4,pure_horizon_6,stress,6,8.0,10.0,2026-01-31 18:45:00+00:00,LTCUSDT,-0.009782899902645092,0.7069426442541594,0
next_open,drop3_breadth4,-0.03,4,pure_horizon_6,stress,6,8.0,10.0,2026-01-31 18:45:00+00:00,SOLUSDT,-0.012435894350880727,0.6945067499032787,0
next_open,drop3_breadth4,-0.03,4,pure_horizon_6,stress,6,8.0,10.0,2026-01-31 18:45:00+00:00,XRPUSDT,0.011685042630849286,0.7061917925341279,0
next_open,drop3_breadth4,-0.03,4,pure_horizon_6,stress,6,8.0,10.0,2026-02-05 16:45:00+00:00,AVAXUSDT,0.006832902229261074,0.7130246947633889,1
next_open,drop3_breadth4,-0.03,4,pure_horizon_6,stress,6,8.0,10.0,2026-02-05 16:45:00+00:00,LINKUSDT,-0.0046455898195577145,0.7083791049438312,1
next_open,drop3_breadth4,-0.03,4,pure_horizon_6,stress,6,8.0,10.0,2026-02-05 17:00:00+00:00,ETHUSDT,0.018242331581462205,0.7266214365252933,0
next_open,drop3_breadth4,-0.03,4,pure_horizon_6,stress,6,8.0,10.0,2026-02-05 22:00:00+00:00,AVAXUSDT,-0.0033601276092514827,0.7232613089160418,0
next_open,drop3_breadth4,-0.03,4,pure_horizon_6,stress,6,8.0,10.0,2026-02-05 22:00:00+00:00,SOLUSDT,0.0050328177736039155,0.7282941266896457,0
next_open,drop3_breadth4,-0.03,4,pure_horizon_6,stress,6,8.0,10.0,2026-02-05 22:00:00+00:00,XRPUSDT,0.014867537304473369,0.743161663994119,0
next_open,drop3_breadth4,-0.03,4,pure_horizon_6,stress,6,8.0,10.0,2026-02-06 01:45:00+00:00,ADAUSDT,0.09437339832941932,0.8375350623235382,0
next_open,drop3_breadth4,-0.03,4,pure_horizon_6,stress,6,8.0,10.0,2026-02-06 01:45:00+00:00,AVAXUSDT,0.08480490448138195,0.9223399668049201,0
next_open,drop3_breadth4,-0.03,4,pure_horizon_6,stress,6,8.0,10.0,2026-02-06 01:45:00+00:00,BNBUSDT,0.07831244832898371,1.0006524151339038,0
next_open,drop3_breadth4,-0.03,4,pure_horizon_6,stress,6,8.0,10.0,2026-02-06 01:45:00+00:00,BTCUSDT,0.08704143579178975,1.0876938509256935,0
next_open,drop3_breadth4,-0.03,4,pure_horizon_6,stress,6,8.0,10.0,2026-02-06 01:45:00+00:00,ETHUSDT,0.08986805501276046,1.177561905938454,0
next_open,drop3_breadth4,-0.03,4,pure_horizon_6,stress,6,8.0,10.0,2026-02-06 01:45:00+00:00,LINKUSDT,0.10043925333725229,1.2780011592757061,0
next_open,drop3_breadth4,-0.03,4,pure_horizon_6,stress,6,8.0,10.0,2026-02-06 01:45:00+00:00,LTCUSDT,0.08176863648297089,1.359769795758677,0
next_open,drop3_breadth4,-0.03,4,pure_horizon_6,stress,6,8.0,10.0,2026-02-06 01:45:00+00:00,SOLUSDT,0.09520861174224021,1.4549784075009171,0
next_open,drop3_breadth4,-0.03,4,pure_horizon_6,stress,6,8.0,10.0,2026-02-06 01:45:00+00:00,XRPUSDT,0.11342416325483168,1.5684025707557487,0
next_close,drop3_breadth4,-0.03,4,scaled_exit_6_12,base,12,4.0,5.0,2025-05-30 04:00:00+00:00,ADAUSDT,0.005582626506840627,0.005582626506840627,0
next_close,drop3_breadth4,-0.03,4,scaled_exit_6_12,base,12,4.0,5.0,2025-05-30 04:00:00+00:00,AVAXUSDT,0.005087289537428119,0.010669916044268746,0
next_close,drop3_breadth4,-0.03,4,scaled_exit_6_12,base,12,4.0,5.0,2025-05-30 04:00:00+00:00,LINKUSDT,0.005336707729657575,0.016006623773926323,0
next_close,drop3_breadth4,-0.03,4,scaled_exit_6_12,base,12,4.0,5.0,2025-05-30 04:00:00+00:00,LTCUSDT,0.004994930529469999,0.02100155430339632,0
next_close,drop3_breadth4,-0.03,4,scaled_exit_6_12,base,12,4.0,5.0,2025-05-30 04:00:00+00:00,XRPUSDT,0.010493218950197416,0.03149477325359373,0
next_close,drop3_breadth4,-0.03,4,scaled_exit_6_12,base,12,4.0,5.0,2025-06-13 03:15:00+00:00,AVAXUSDT,-0.02938795240434281,0.002106820849250922,0
next_close,drop3_breadth4,-0.03,4,scaled_exit_6_12,base,12,4.0,5.0,2025-06-22 16:30:00+00:00,ADAUSDT,-0.004924928434531272,-0.0028181075852803505,0
next_close,drop3_breadth4,-0.03,4,scaled_exit_6_12,base,12,4.0,5.0,2025-06-22 16:30:00+00:00,LINKUSDT,0.0038074480956487803,0.0009893405103684298,0
next_close,drop3_breadth4,-0.03,4,scaled_exit_6_12,base,12,4.0,5.0,2025-06-22 16:30:00+00:00,SOLUSDT,0.010852521449438515,0.011841861959806944,0
next_close,drop3_breadth4,-0.03,4,scaled_exit_6_12,base,12,4.0,5.0,2025-09-22 09:15:00+00:00,LINKUSDT,0.004038875754248572,0.015880737714055515,0
next_close,drop3_breadth4,-0.03,4,scaled_exit_6_12,base,12,4.0,5.0,2025-10-11 00:00:00+00:00,ADAUSDT,-0.0525479885940828,-0.036667250880027286,20
next_close,drop3_breadth4,-0.03,4,scaled_exit_6_12,base,12,4.0,5.0,2025-10-11 00:00:00+00:00,AVAXUSDT,-0.10455173197884929,-0.14121898285887657,20
next_close,drop3_breadth4,-0.03,4,scaled_exit_6_12,base,12,4.0,5.0,2025-10-11 00:00:00+00:00,ETHUSDT,0.03652452074818083,-0.10469446211069575,20
next_close,drop3_breadth4,-0.03,4,scaled_exit_6_12,base,12,4.0,5.0,2025-10-11 00:00:00+00:00,LINKUSDT,-0.06402146589028676,-0.1687159280009825,20
next_close,drop3_breadth4,-0.03,4,scaled_exit_6_12,base,12,4.0,5.0,2025-10-11 00:00:00+00:00,SOLUSDT,0.014197672367100147,-0.15451825563388236,20
next_close,drop3_breadth4,-0.03,4,scaled_exit_6_12,base,12,4.0,5.0,2025-10-11 00:00:00+00:00,XRPUSDT,0.01778874484326467,-0.13672951079061768,20
next_close,drop3_breadth4,-0.03,4,scaled_exit_6_12,base,12,4.0,5.0,2025-10-11 00:15:00+00:00,ADAUSDT,0.3658881836859351,0.22915867289531744,13
next_close,drop3_breadth4,-0.03,4,scaled_exit_6_12,base,12,4.0,5.0,2025-10-11 00:15:00+00:00,AVAXUSDT,0.15602467428748312,0.38518334718280056,13
next_close,drop3_breadth4,-0.03,4,scaled_exit_6_12,base,12,4.0,5.0,2025-10-11 00:15:00+00:00,BNBUSDT,0.1289587705064944,0.514142117689295,13
next_close,drop3_breadth4,-0.03,4,scaled_exit_6_12,base,12,4.0,5.0,2025-10-11 00:15:00+00:00,ETHUSDT,0.06198294131716933,0.5761250590064643,13
next_close,drop3_breadth4,-0.03,4,scaled_exit_6_12,base,12,4.0,5.0,2025-10-11 00:15:00+00:00,LINKUSDT,0.3117982522642504,0.8879233112707147,13
next_close,drop3_breadth4,-0.03,4,scaled_exit_6_12,base,12,4.0,5.0,2025-10-11 00:15:00+00:00,SOLUSDT,0.07846605179542845,0.9663893630661431,13
next_close,drop3_breadth4,-0.03,4,scaled_exit_6_12,base,12,4.0,5.0,2025-10-11 00:15:00+00:00,XRPUSDT,0.21339157962171185,1.179780942687855,13
next_close,drop3_breadth4,-0.03,4,scaled_exit_6_12,base,12,4.0,5.0,2025-10-11 00:30:00+00:00,ADAUSDT,0.050651790433706406,1.2304327331215614,7
next_close,drop3_breadth4,-0.03,4,scaled_exit_6_12,base,12,4.0,5.0,2025-10-11 00:30:00+00:00,AVAXUSDT,-0.06101084434623075,1.1694218887753307,7
next_close,drop3_breadth4,-0.03,4,scaled_exit_6_12,base,12,4.0,5.0,2025-10-11 00:30:00+00:00,BNBUSDT,0.011730281768578068,1.1811521705439088,7
next_close,drop3_breadth4,-0.03,4,scaled_exit_6_12,base,12,4.0,5.0,2025-10-11 00:30:00+00:00,LINKUSDT,0.05273444879233405,1.2338866193362428,7
next_close,drop3_breadth4,-0.03,4,scaled_exit_6_12,base,12,4.0,5.0,2025-10-11 00:30:00+00:00,SOLUSDT,-0.030176399126119947,1.2037102202101229,7
next_close,drop3_breadth4,-0.03,4,scaled_exit_6_12,base,12,4.0,5.0,2025-10-11 00:30:00+00:00,XRPUSDT,0.028448755011240022,1.2321589752213629,7
next_close,drop3_breadth4,-0.03,4,scaled_exit_6_12,base,12,4.0,5.0,2025-10-11 01:30:00+00:00,ADAUSDT,0.09047628434374236,1.3226352595651052,3
next_close,drop3_breadth4,-0.03,4,scaled_exit_6_12,base,12,4.0,5.0,2025-10-11 01:30:00+00:00,AVAXUSDT,0.01423648477802333,1.3368717443431286,3
next_close,drop3_breadth4,-0.03,4,scaled_exit_6_12,base,12,4.0,5.0,2025-10-11 01:30:00+00:00,LINKUSDT,0.056954378137941825,1.3938261224810704,3
next_close,drop3_breadth4,-0.03,4,scaled_exit_6_12,base,12,4.0,5.0,2025-10-11 01:30:00+00:00,LTCUSDT,0.014505130418890812,1.4083312528999612,3
next_close,drop3_breadth4,-0.03,4,scaled_exit_6_12,base,12,4.0,5.0,2025-10-11 03:00:00+00:00,AVAXUSDT,0.029044508265410184,1.4373757611653715,0
next_close,drop3_breadth4,-0.03,4,scaled_exit_6_12,base,12,4.0,5.0,2025-10-11 03:00:00+00:00,LINKUSDT,-0.012625203733205668,1.4247505574321657,0
next_close,drop3_breadth4,-0.03,4,scaled_exit_6_12,base,12,4.0,5.0,2025-10-11 03:00:00+00:00,LTCUSDT,-0.00884766328492179,1.415902894147244,0
next_close,drop3_breadth4,-0.03,4,scaled_exit_6_12,base,12,4.0,5.0,2025-10-29 21:45:00+00:00,ETHUSDT,0.00556806113900934,1.4214709552862534,0
next_close,drop3_breadth4,-0.03,4,scaled_exit_6_12,base,12,4.0,5.0,2025-11-03 18:30:00+00:00,ADAUSDT,0.015596481606829382,1.437067436893083,0
next_close,drop3_breadth4,-0.03,4,scaled_exit_6_12,base,12,4.0,5.0,2025-11-03 18:30:00+00:00,AVAXUSDT,0.022733315806322006,1.459800752699405,0
next_close,drop3_breadth4,-0.03,4,scaled_exit_6_12,base,12,4.0,5.0,2025-11-03 18:30:00+00:00,LINKUSDT,0.019885145655908508,1.4796858983553136,0
next_close,drop3_breadth4,-0.03,4,scaled_exit_6_12,base,12,4.0,5.0,2025-11-03 18:30:00+00:00,SOLUSDT,0.00406611427238226,1.483752012627696,0
next_close,drop3_breadth4,-0.03,4,scaled_exit_6_12,base,12,4.0,5.0,2026-01-19 03:15:00+00:00,ADAUSDT,0.008890193813599147,1.4926422064412952,0
next_close,drop3_breadth4,-0.03,4,scaled_exit_6_12,base,12,4.0,5.0,2026-01-19 03:15:00+00:00,AVAXUSDT,0.006095530441851982,1.4987377368831472,0
next_close,drop3_breadth4,-0.03,4,scaled_exit_6_12,base,12,4.0,5.0,2026-01-19 03:15:00+00:00,LINKUSDT,-0.00043517148870539856,1.4983025653944417,0
next_close,drop3_breadth4,-0.03,4,scaled_exit_6_12,base,12,4.0,5.0,2026-01-19 03:15:00+00:00,LTCUSDT,0.005917295409471191,1.504219860803913,0
next_close,drop3_breadth4,-0.03,4,scaled_exit_6_12,base,12,4.0,5.0,2026-01-19 03:15:00+00:00,SOLUSDT,-0.003589289141634011,1.500630571662279,0
next_close,drop3_breadth4,-0.03,4,scaled_exit_6_12,base,12,4.0,5.0,2026-01-19 03:15:00+00:00,XRPUSDT,0.009032786106817372,1.5096633577690963,0
next_close,drop3_breadth4,-0.03,4,scaled_exit_6_12,base,12,4.0,5.0,2026-01-30 04:45:00+00:00,ADAUSDT,-0.0021052855268110285,1.5075580722422852,0
next_close,drop3_breadth4,-0.03,4,scaled_exit_6_12,base,12,4.0,5.0,2026-01-30 04:45:00+00:00,LTCUSDT,-0.009972860312665397,1.4975852119296198,0
next_close,drop3_breadth4,-0.03,4,scaled_exit_6_12,base,12,4.0,5.0,2026-01-30 04:45:00+00:00,XRPUSDT,-0.000689499694596895,1.4968957122350228,0
next_close,drop3_breadth4,-0.03,4,scaled_exit_6_12,base,12,4.0,5.0,2026-01-31 20:15:00+00:00,ADAUSDT,-0.00757913147213205,1.4893165807628908,0
next_close,drop3_breadth4,-0.03,4,scaled_exit_6_12,base,12,4.0,5.0,2026-01-31 20:15:00+00:00,ETHUSDT,-0.020845447276320407,1.4684711334865703,0
next_close,drop3_breadth4,-0.03,4,scaled_exit_6_12,base,12,4.0,5.0,2026-01-31 20:15:00+00:00,LINKUSDT,-0.009664016303428755,1.4588071171831416,0
next_close,drop3_breadth4,-0.03,4,scaled_exit_6_12,base,12,4.0,5.0,2026-01-31 20:15:00+00:00,LTCUSDT,-0.012068479174837641,1.446738638008304,0
next_close,drop3_breadth4,-0.03,4,scaled_exit_6_12,base,12,4.0,5.0,2026-01-31 20:15:00+00:00,SOLUSDT,-0.026844214924584532,1.4198944230837196,0
next_close,drop3_breadth4,-0.03,4,scaled_exit_6_12,base,12,4.0,5.0,2026-01-31 20:15:00+00:00,XRPUSDT,0.005814541444119548,1.4257089645278391,0
next_close,drop3_breadth4,-0.03,4,scaled_exit_6_12,base,12,4.0,5.0,2026-02-05 18:15:00+00:00,AVAXUSDT,0.012434520321054767,1.4381434848488939,1
next_close,drop3_breadth4,-0.03,4,scaled_exit_6_12,base,12,4.0,5.0,2026-02-05 18:15:00+00:00,LINKUSDT,0.004819951485575369,1.4429634363344692,1
next_close,drop3_breadth4,-0.03,4,scaled_exit_6_12,base,12,4.0,5.0,2026-02-05 18:30:00+00:00,ETHUSDT,-0.009411514142589925,1.4335519221918793,0
next_close,drop3_breadth4,-0.03,4,scaled_exit_6_12,base,12,4.0,5.0,2026-02-05 23:30:00+00:00,AVAXUSDT,-0.016166830318189752,1.4173850918736897,0
next_close,drop3_breadth4,-0.03,4,scaled_exit_6_12,base,12,4.0,5.0,2026-02-05 23:30:00+00:00,SOLUSDT,-0.006328973548490246,1.4110561183251995,0
next_close,drop3_breadth4,-0.03,4,scaled_exit_6_12,base,12,4.0,5.0,2026-02-05 23:30:00+00:00,XRPUSDT,0.0016689612861100162,1.4127250796113096,0
next_close,drop3_breadth4,-0.03,4,scaled_exit_6_12,base,12,4.0,5.0,2026-02-06 03:15:00+00:00,ADAUSDT,0.07559393509977855,1.488319014711088,0
next_close,drop3_breadth4,-0.03,4,scaled_exit_6_12,base,12,4.0,5.0,2026-02-06 03:15:00+00:00,AVAXUSDT,0.06420225295099671,1.5525212676620848,0
next_close,drop3_breadth4,-0.03,4,scaled_exit_6_12,base,12,4.0,5.0,2026-02-06 03:15:00+00:00,BNBUSDT,0.06106551820163722,1.613586785863722,0
next_close,drop3_breadth4,-0.03,4,scaled_exit_6_12,base,12,4.0,5.0,2026-02-06 03:15:00+00:00,BTCUSDT,0.060876108197927464,1.6744628940616495,0
next_close,drop3_breadth4,-0.03,4,scaled_exit_6_12,base,12,4.0,5.0,2026-02-06 03:15:00+00:00,ETHUSDT,0.07028067949638897,1.7447435735580386,0
next_close,drop3_breadth4,-0.03,4,scaled_exit_6_12,base,12,4.0,5.0,2026-02-06 03:15:00+00:00,LINKUSDT,0.08109458183788901,1.8258381553959275,0
next_close,drop3_breadth4,-0.03,4,scaled_exit_6_12,base,12,4.0,5.0,2026-02-06 03:15:00+00:00,LTCUSDT,0.06791050920960542,1.893748664605533,0
next_close,drop3_breadth4,-0.03,4,scaled_exit_6_12,base,12,4.0,5.0,2026-02-06 03:15:00+00:00,SOLUSDT,0.09585244733470136,1.9896011119402344,0
next_close,drop3_breadth4,-0.03,4,scaled_exit_6_12,base,12,4.0,5.0,2026-02-06 03:15:00+00:00,XRPUSDT,0.10254459461216317,2.0921457065523974,0
next_open,drop3_breadth4,-0.03,4,scaled_exit_6_12,base,12,4.0,5.0,2025-05-30 04:00:00+00:00,ADAUSDT,0.023041917410530098,0.023041917410530098,0
next_open,drop3_breadth4,-0.03,4,scaled_exit_6_12,base,12,4.0,5.0,2025-05-30 04:00:00+00:00,AVAXUSDT,0.014576792268913421,0.037618709679443516,0
next_open,drop3_breadth4,-0.03,4,scaled_exit_6_12,base,12,4.0,5.0,2025-05-30 04:00:00+00:00,LINKUSDT,0.0175776646159679,0.05519637429541142,0
next_open,drop3_breadth4,-0.03,4,scaled_exit_6_12,base,12,4.0,5.0,2025-05-30 04:00:00+00:00,LTCUSDT,0.01491137550754931,0.07010774980296072,0
next_open,drop3_breadth4,-0.03,4,scaled_exit_6_12,base,12,4.0,5.0,2025-05-30 04:00:00+00:00,XRPUSDT,0.025135359388847055,0.09524310919180778,0
next_open,drop3_breadth4,-0.03,4,scaled_exit_6_12,base,12,4.0,5.0,2025-06-13 03:15:00+00:00,AVAXUSDT,-0.04139961165356673,0.05384349753824105,0
next_open,drop3_breadth4,-0.03,4,scaled_exit_6_12,base,12,4.0,5.0,2025-06-22 16:30:00+00:00,ADAUSDT,-0.0068096276615665415,0.04703386987667451,0
next_open,drop3_breadth4,-0.03,4,scaled_exit_6_12,base,12,4.0,5.0,2025-06-22 16:30:00+00:00,LINKUSDT,0.001872974234983083,0.04890684411165759,0
next_open,drop3_breadth4,-0.03,4,scaled_exit_6_12,base,12,4.0,5.0,2025-06-22 16:30:00+00:00,SOLUSDT,0.008399167137858068,0.05730601124951566,0
next_open,drop3_breadth4,-0.03,4,scaled_exit_6_12,base,12,4.0,5.0,2025-09-22 09:15:00+00:00,LINKUSDT,0.009825630500156304,0.06713164174967197,0
next_open,drop3_breadth4,-0.03,4,scaled_exit_6_12,base,12,4.0,5.0,2025-10-11 00:00:00+00:00,ADAUSDT,-0.1406037386772313,-0.07347209692755934,20
next_open,drop3_breadth4,-0.03,4,scaled_exit_6_12,base,12,4.0,5.0,2025-10-11 00:00:00+00:00,AVAXUSDT,-0.17463274005745694,-0.24810483698501629,20
next_open,drop3_breadth4,-0.03,4,scaled_exit_6_12,base,12,4.0,5.0,2025-10-11 00:00:00+00:00,ETHUSDT,-0.001511284278580193,-0.24961612126359647,20
next_open,drop3_breadth4,-0.03,4,scaled_exit_6_12,base,12,4.0,5.0,2025-10-11 00:00:00+00:00,LINKUSDT,-0.13911537593903456,-0.388731497202631,20
next_open,drop3_breadth4,-0.03,4,scaled_exit_6_12,base,12,4.0,5.0,2025-10-11 00:00:00+00:00,SOLUSDT,-0.04607828795787519,-0.43480978516050617,20
next_open,drop3_breadth4,-0.03,4,scaled_exit_6_12,base,12,4.0,5.0,2025-10-11 00:00:00+00:00,XRPUSDT,-0.06635572019687055,-0.5011655053573767,20
next_open,drop3_breadth4,-0.03,4,scaled_exit_6_12,base,12,4.0,5.0,2025-10-11 00:15:00+00:00,ADAUSDT,-0.03266792460802628,-0.533833429965403,13
next_open,drop3_breadth4,-0.03,4,scaled_exit_6_12,base,12,4.0,5.0,2025-10-11 00:15:00+00:00,AVAXUSDT,-0.09342944889929192,-0.6272628788646949,13
next_open,drop3_breadth4,-0.03,4,scaled_exit_6_12,base,12,4.0,5.0,2025-10-11 00:15:00+00:00,BNBUSDT,-0.0033325758895851095,-0.63059545475428,13
next_open,drop3_breadth4,-0.03,4,scaled_exit_6_12,base,12,4.0,5.0,2025-10-11 00:15:00+00:00,ETHUSDT,0.03183547984539051,-0.5987599749088895,13
next_open,drop3_breadth4,-0.03,4,scaled_exit_6_12,base,12,4.0,5.0,2025-10-11 00:15:00+00:00,LINKUSDT,-0.04938552071403038,-0.6481454956229199,13
next_open,drop3_breadth4,-0.03,4,scaled_exit_6_12,base,12,4.0,5.0,2025-10-11 00:15:00+00:00,SOLUSDT,0.013766045449947441,-0.6343794501729725,13
next_open,drop3_breadth4,-0.03,4,scaled_exit_6_12,base,12,4.0,5.0,2025-10-11 00:15:00+00:00,XRPUSDT,0.029982318347791546,-0.604397131825181,13
next_open,drop3_breadth4,-0.03,4,scaled_exit_6_12,base,12,4.0,5.0,2025-10-11 00:30:00+00:00,ADAUSDT,0.36136503377731843,-0.24303209804786252,7
next_open,drop3_breadth4,-0.03,4,scaled_exit_6_12,base,12,4.0,5.0,2025-10-11 00:30:00+00:00,AVAXUSDT,0.15519576580777017,-0.08783633224009235,7
next_open,drop3_breadth4,-0.03,4,scaled_exit_6_12,base,12,4.0,5.0,2025-10-11 00:30:00+00:00,BNBUSDT,0.1284510502659244,0.04061471802583205,7
next_open,drop3_breadth4,-0.03,4,scaled_exit_6_12,base,12,4.0,5.0,2025-10-11 00:30:00+00:00,LINKUSDT,0.3151467630966325,0.35576148112246453,7
next_open,drop3_breadth4,-0.03,4,scaled_exit_6_12,base,12,4.0,5.0,2025-10-11 00:30:00+00:00,SOLUSDT,0.08285669515006958,0.4386181762725341,7
next_open,drop3_breadth4,-0.03,4,scaled_exit_6_12,base,12,4.0,5.0,2025-10-11 00:30:00+00:00,XRPUSDT,0.2101649815248764,0.6487831577974105,7
next_open,drop3_breadth4,-0.03,4,scaled_exit_6_12,base,12,4.0,5.0,2025-10-11 01:30:00+00:00,ADAUSDT,0.09968298853328175,0.7484661463306922,3
next_open,drop3_breadth4,-0.03,4,scaled_exit_6_12,base,12,4.0,5.0,2025-10-11 01:30:00+00:00,AVAXUSDT,0.028731273991426297,0.7771974203221185,3
next_open,drop3_breadth4,-0.03,4,scaled_exit_6_12,base,12,4.0,5.0,2025-10-11 01:30:00+00:00,LINKUSDT,0.07910038303702618,0.8562978033591446,3
next_open,drop3_breadth4,-0.03,4,scaled_exit_6_12,base,12,4.0,5.0,2025-10-11 01:30:00+00:00,LTCUSDT,0.05323944289333252,0.9095372462524771,3
next_open,drop3_breadth4,-0.03,4,scaled_exit_6_12,base,12,4.0,5.0,2025-10-11 03:00:00+00:00,AVAXUSDT,0.03968618488989642,0.9492234311423735,0
next_open,drop3_breadth4,-0.03,4,scaled_exit_6_12,base,12,4.0,5.0,2025-10-11 03:00:00+00:00,LINKUSDT,-0.003360528868038703,0.9458629022743348,0
next_open,drop3_breadth4,-0.03,4,scaled_exit_6_12,base,12,4.0,5.0,2025-10-11 03:00:00+00:00,LTCUSDT,0.0015033219416741525,0.9473662242160089,0
next_open,drop3_breadth4,-0.03,4,scaled_exit_6_12,base,12,4.0,5.0,2025-10-29 21:45:00+00:00,ETHUSDT,0.019694939537009425,0.9670611637530183,0
next_open,drop3_breadth4,-0.03,4,scaled_exit_6_12,base,12,4.0,5.0,2025-11-03 18:30:00+00:00,ADAUSDT,0.015596481606829382,0.9826576453598477,0
next_open,drop3_breadth4,-0.03,4,scaled_exit_6_12,base,12,4.0,5.0,2025-11-03 18:30:00+00:00,AVAXUSDT,0.013751715607516559,0.9964093609673642,0
next_open,drop3_breadth4,-0.03,4,scaled_exit_6_12,base,12,4.0,5.0,2025-11-03 18:30:00+00:00,LINKUSDT,0.006475937490742179,1.0028852984581065,0
next_open,drop3_breadth4,-0.03,4,scaled_exit_6_12,base,12,4.0,5.0,2025-11-03 18:30:00+00:00,SOLUSDT,0.00400621881346388,1.0068915172715704,0
next_open,drop3_breadth4,-0.03,4,scaled_exit_6_12,base,12,4.0,5.0,2026-01-19 03:15:00+00:00,ADAUSDT,0.008329254817036082,1.0152207720886066,0
next_open,drop3_breadth4,-0.03,4,scaled_exit_6_12,base,12,4.0,5.0,2026-01-19 03:15:00+00:00,AVAXUSDT,0.0064171452403639865,1.0216379173289707,0
next_open,drop3_breadth4,-0.03,4,scaled_exit_6_12,base,12,4.0,5.0,2026-01-19 03:15:00+00:00,LINKUSDT,0.00026793538022087466,1.0219058527091915,0
next_open,drop3_breadth4,-0.03,4,scaled_exit_6_12,base,12,4.0,5.0,2026-01-19 03:15:00+00:00,LTCUSDT,0.005917295409471191,1.0278231481186628,0
next_open,drop3_breadth4,-0.03,4,scaled_exit_6_12,base,12,4.0,5.0,2026-01-19 03:15:00+00:00,SOLUSDT,0.0026278286380734487,1.0304509767567362,0
next_open,drop3_breadth4,-0.03,4,scaled_exit_6_12,base,12,4.0,5.0,2026-01-19 03:15:00+00:00,XRPUSDT,0.012336320509389178,1.0427872972661254,0
next_open,drop3_breadth4,-0.03,4,scaled_exit_6_12,base,12,4.0,5.0,2026-01-30 04:45:00+00:00,ADAUSDT,0.009022232183196779,1.0518095294493222,0
next_open,drop3_breadth4,-0.03,4,scaled_exit_6_12,base,12,4.0,5.0,2026-01-30 04:45:00+00:00,LTCUSDT,-0.0014884305006144564,1.0503210989487077,0
next_open,drop3_breadth4,-0.03,4,scaled_exit_6_12,base,12,4.0,5.0,2026-01-30 04:45:00+00:00,XRPUSDT,0.005791688957952701,1.0561127879066605,0
next_open,drop3_breadth4,-0.03,4,scaled_exit_6_12,base,12,4.0,5.0,2026-01-31 20:15:00+00:00,ADAUSDT,-0.0012707420460550726,1.0548420458606054,0
next_open,drop3_breadth4,-0.03,4,scaled_exit_6_12,base,12,4.0,5.0,2026-01-31 20:15:00+00:00,ETHUSDT,-0.015521555448333366,1.039320490412272,0
next_open,drop3_breadth4,-0.03,4,scaled_exit_6_12,base,12,4.0,5.0,2026-01-31 20:15:00+00:00,LINKUSDT,-0.003777306803511715,1.0355431836087603,0
next_open,drop3_breadth4,-0.03,4,scaled_exit_6_12,base,12,4.0,5.0,2026-01-31 20:15:00+00:00,LTCUSDT,-0.007302687716220979,1.0282404958925393,0
next_open,drop3_breadth4,-0.03,4,scaled_exit_6_12,base,12,4.0,5.0,2026-01-31 20:15:00+00:00,SOLUSDT,-0.015944554036722323,1.012295941855817,0
next_open,drop3_breadth4,-0.03,4,scaled_exit_6_12,base,12,4.0,5.0,2026-01-31 20:15:00+00:00,XRPUSDT,0.010458370942676456,1.0227543127984935,0
next_open,drop3_breadth4,-0.03,4,scaled_exit_6_12,base,12,4.0,5.0,2026-02-05 18:15:00+00:00,AVAXUSDT,-0.001799500249874885,1.0209548125486185,1
next_open,drop3_breadth4,-0.03,4,scaled_exit_6_12,base,12,4.0,5.0,2026-02-05 18:15:00+00:00,LINKUSDT,-0.018402902537534606,1.002551910011084,1
next_open,drop3_breadth4,-0.03,4,scaled_exit_6_12,base,12,4.0,5.0,2026-02-05 18:30:00+00:00,ETHUSDT,0.006675457405872798,1.0092273674169567,0
next_open,drop3_breadth4,-0.03,4,scaled_exit_6_12,base,12,4.0,5.0,2026-02-05 23:30:00+00:00,AVAXUSDT,-0.005371185983697324,1.0038561814332594,0
next_open,drop3_breadth4,-0.03,4,scaled_exit_6_12,base,12,4.0,5.0,2026-02-05 23:30:00+00:00,SOLUSDT,0.0034095828595940517,1.0072657642928535,0
next_open,drop3_breadth4,-0.03,4,scaled_exit_6_12,base,12,4.0,5.0,2026-02-05 23:30:00+00:00,XRPUSDT,0.03521171487574562,1.0424774791685991,0
next_open,drop3_breadth4,-0.03,4,scaled_exit_6_12,base,12,4.0,5.0,2026-02-06 03:15:00+00:00,ADAUSDT,0.08733470664318813,1.1298121858117873,0
next_open,drop3_breadth4,-0.03,4,scaled_exit_6_12,base,12,4.0,5.0,2026-02-06 03:15:00+00:00,AVAXUSDT,0.07530888131317384,1.2051210671249613,0
next_open,drop3_breadth4,-0.03,4,scaled_exit_6_12,base,12,4.0,5.0,2026-02-06 03:15:00+00:00,BNBUSDT,0.07216687267160918,1.2772879397965704,0
next_open,drop3_breadth4,-0.03,4,scaled_exit_6_12,base,12,4.0,5.0,2026-02-06 03:15:00+00:00,BTCUSDT,0.08057750341855366,1.357865443215124,0
next_open,drop3_breadth4,-0.03,4,scaled_exit_6_12,base,12,4.0,5.0,2026-02-06 03:15:00+00:00,ETHUSDT,0.08178958685148077,1.439655030066605,0
next_open,drop3_breadth4,-0.03,4,scaled_exit_6_12,base,12,4.0,5.0,2026-02-06 03:15:00+00:00,LINKUSDT,0.0939673134768472,1.5336223435434522,0
next_open,drop3_breadth4,-0.03,4,scaled_exit_6_12,base,12,4.0,5.0,2026-02-06 03:15:00+00:00,LTCUSDT,0.07566139600848035,1.6092837395519326,0
next_open,drop3_breadth4,-0.03,4,scaled_exit_6_12,base,12,4.0,5.0,2026-02-06 03:15:00+00:00,SOLUSDT,0.07735250284149989,1.6866362423934325,0
next_open,drop3_breadth4,-0.03,4,scaled_exit_6_12,base,12,4.0,5.0,2026-02-06 03:15:00+00:00,XRPUSDT,0.110931748804497,1.7975679911979294,0
next_close,drop3_breadth4,-0.03,4,scaled_exit_6_12,stress,12,8.0,10.0,2025-05-30 04:00:00+00:00,ADAUSDT,0.00377674631748819,0.00377674631748819,0
next_close,drop3_breadth4,-0.03,4,scaled_exit_6_12,stress,12,8.0,10.0,2025-05-30 04:00:00+00:00,AVAXUSDT,0.003281904437748052,0.007058650755236242,0
next_close,drop3_breadth4,-0.03,4,scaled_exit_6_12,stress,12,8.0,10.0,2025-05-30 04:00:00+00:00,LINKUSDT,0.0035310733363074676,0.01058972409154371,0
next_close,drop3_breadth4,-0.03,4,scaled_exit_6_12,stress,12,8.0,10.0,2025-05-30 04:00:00+00:00,LTCUSDT,0.003189637742687591,0.0137793618342313,0
next_close,drop3_breadth4,-0.03,4,scaled_exit_6_12,stress,12,8.0,10.0,2025-05-30 04:00:00+00:00,XRPUSDT,0.00868243062001799,0.022461792454249292,0
next_close,drop3_breadth4,-0.03,4,scaled_exit_6_12,stress,12,8.0,10.0,2025-06-13 03:15:00+00:00,AVAXUSDT,-0.03115887947386726,-0.008697087019617966,0
next_close,drop3_breadth4,-0.03,4,scaled_exit_6_12,stress,12,8.0,10.0,2025-06-22 16:30:00+00:00,ADAUSDT,-0.006720306314845392,-0.015417393334463358,0
next_close,drop3_breadth4,-0.03,4,scaled_exit_6_12,stress,12,8.0,10.0,2025-06-22 16:30:00+00:00,LINKUSDT,0.0020033421984487114,-0.013414051136014647,0
next_close,drop3_breadth4,-0.03,4,scaled_exit_6_12,stress,12,8.0,10.0,2025-06-22 16:30:00+00:00,SOLUSDT,0.009041373996142067,-0.004372677139872581,0
next_close,drop3_breadth4,-0.03,4,scaled_exit_6_12,stress,12,8.0,10.0,2025-09-22 09:15:00+00:00,LINKUSDT,0.0022345385449303217,-0.002138138594942259,0
next_close,drop3_breadth4,-0.03,4,scaled_exit_6_12,stress,12,8.0,10.0,2025-10-11 00:00:00+00:00,ADAUSDT,-0.05429576719008007,-0.05643390578502233,20
next_close,drop3_breadth4,-0.03,4,scaled_exit_6_12,stress,12,8.0,10.0,2025-10-11 00:00:00+00:00,AVAXUSDT,-0.10624753279436311,-0.16268143857938544,20
next_close,drop3_breadth4,-0.03,4,scaled_exit_6_12,stress,12,8.0,10.0,2025-10-11 00:00:00+00:00,ETHUSDT,0.03468771411234721,-0.12799372446703822,20
next_close,drop3_breadth4,-0.03,4,scaled_exit_6_12,stress,12,8.0,10.0,2025-10-11 00:00:00+00:00,LINKUSDT,-0.0657577767371284,-0.19375150120416662,20
next_close,drop3_breadth4,-0.03,4,scaled_exit_6_12,stress,12,8.0,10.0,2025-10-11 00:00:00+00:00,SOLUSDT,0.012383181432954738,-0.18136831977121187,20
next_close,drop3_breadth4,-0.03,4,scaled_exit_6_12,stress,12,8.0,10.0,2025-10-11 00:00:00+00:00,XRPUSDT,0.015970664629488422,-0.16539765514172344,20
next_close,drop3_breadth4,-0.03,4,scaled_exit_6_12,stress,12,8.0,10.0,2025-10-11 00:15:00+00:00,ADAUSDT,0.36372217782217797,0.19832452268045453,13
next_close,drop3_breadth4,-0.03,4,scaled_exit_6_12,stress,12,8.0,10.0,2025-10-11 00:15:00+00:00,AVAXUSDT,0.15406842715863628,0.3523929498390908,13
next_close,drop3_breadth4,-0.03,4,scaled_exit_6_12,stress,12,8.0,10.0,2025-10-11 00:15:00+00:00,BNBUSDT,0.12702957576875945,0.47942252560785026,13
next_close,drop3_breadth4,-0.03,4,scaled_exit_6_12,stress,12,8.0,10.0,2025-10-11 00:15:00+00:00,ETHUSDT,0.0601206889708991,0.5395432145787493,13
next_close,drop3_breadth4,-0.03,4,scaled_exit_6_12,stress,12,8.0,10.0,2025-10-11 00:15:00+00:00,LINKUSDT,0.3096863093274831,0.8492295239062324,13
next_close,drop3_breadth4,-0.03,4,scaled_exit_6_12,stress,12,8.0,10.0,2025-10-11 00:15:00+00:00,SOLUSDT,0.07658732456788314,0.9258168484741156,13
next_close,drop3_breadth4,-0.03,4,scaled_exit_6_12,stress,12,8.0,10.0,2025-10-11 00:15:00+00:00,XRPUSDT,0.21137799422799447,1.1371948427021101,13
next_close,drop3_breadth4,-0.03,4,scaled_exit_6_12,stress,12,8.0,10.0,2025-10-11 00:30:00+00:00,ADAUSDT,0.04880086358123563,1.1859957062833457,7
next_close,drop3_breadth4,-0.03,4,scaled_exit_6_12,stress,12,8.0,10.0,2025-10-11 00:30:00+00:00,AVAXUSDT,-0.06275016431156173,1.123245541971784,7
next_close,drop3_breadth4,-0.03,4,scaled_exit_6_12,stress,12,8.0,10.0,2025-10-11 00:30:00+00:00,BNBUSDT,0.00991825699318465,1.1331637989649685,7
next_close,drop3_breadth4,-0.03,4,scaled_exit_6_12,stress,12,8.0,10.0,2025-10-11 00:30:00+00:00,LINKUSDT,0.050881440321273216,1.1840452392862417,7
next_close,drop3_breadth4,-0.03,4,scaled_exit_6_12,stress,12,8.0,10.0,2025-10-11 00:30:00+00:00,SOLUSDT,-0.031946538142555166,1.1520987011436865,7
next_close,drop3_breadth4,-0.03,4,scaled_exit_6_12,stress,12,8.0,10.0,2025-10-11 00:30:00+00:00,XRPUSDT,0.02662002010931224,1.1787187212529988,7
next_close,drop3_breadth4,-0.03,4,scaled_exit_6_12,stress,12,8.0,10.0,2025-10-11 01:30:00+00:00,ADAUSDT,0.08858555287976494,1.2673042741327638,3
next_close,drop3_breadth4,-0.03,4,scaled_exit_6_12,stress,12,8.0,10.0,2025-10-11 01:30:00+00:00,AVAXUSDT,0.012421955050844025,1.2797262291836078,3
next_close,drop3_breadth4,-0.03,4,scaled_exit_6_12,stress,12,8.0,10.0,2025-10-11 01:30:00+00:00,LINKUSDT,0.05509715184433754,1.3348233810279453,3
next_close,drop3_breadth4,-0.03,4,scaled_exit_6_12,stress,12,8.0,10.0,2025-10-11 01:30:00+00:00,LTCUSDT,0.012690332180192155,1.3475137132081374,3
next_close,drop3_breadth4,-0.03,4,scaled_exit_6_12,stress,12,8.0,10.0,2025-10-11 03:00:00+00:00,AVAXUSDT,0.027215177907658643,1.374728891115796,0
next_close,drop3_breadth4,-0.03,4,scaled_exit_6_12,stress,12,8.0,10.0,2025-10-11 03:00:00+00:00,LINKUSDT,-0.014412885182588441,1.3603160059332076,0
next_close,drop3_breadth4,-0.03,4,scaled_exit_6_12,stress,12,8.0,10.0,2025-10-11 03:00:00+00:00,LTCUSDT,-0.01063912038881355,1.349676885544394,0
next_close,drop3_breadth4,-0.03,4,scaled_exit_6_12,stress,12,8.0,10.0,2025-10-29 21:45:00+00:00,ETHUSDT,0.0037621955077531866,1.353439081052147,0
next_close,drop3_breadth4,-0.03,4,scaled_exit_6_12,stress,12,8.0,10.0,2025-11-03 18:30:00+00:00,ADAUSDT,0.013780592561800687,1.3672196736139477,0
next_close,drop3_breadth4,-0.03,4,scaled_exit_6_12,stress,12,8.0,10.0,2025-11-03 18:30:00+00:00,AVAXUSDT,0.02091029349016254,1.3881299671041103,0
next_close,drop3_breadth4,-0.03,4,scaled_exit_6_12,stress,12,8.0,10.0,2025-11-03 18:30:00+00:00,LINKUSDT,0.018064970087948766,1.406194937192059,0
next_close,drop3_breadth4,-0.03,4,scaled_exit_6_12,stress,12,8.0,10.0,2025-11-03 18:30:00+00:00,SOLUSDT,0.0022617498381448014,1.4084566870302038,0
next_close,drop3_breadth4,-0.03,4,scaled_exit_6_12,stress,12,8.0,10.0,2026-01-19 03:15:00+00:00,ADAUSDT,0.007081007708245202,1.415537694738449,0
next_close,drop3_breadth4,-0.03,4,scaled_exit_6_12,stress,12,8.0,10.0,2026-01-19 03:15:00+00:00,AVAXUSDT,0.004289137604632277,1.4198268323430814,0
next_close,drop3_breadth4,-0.03,4,scaled_exit_6_12,stress,12,8.0,10.0,2026-01-19 03:15:00+00:00,LINKUSDT,-0.0022350368844514896,1.41759179545863,0
next_close,drop3_breadth4,-0.03,4,scaled_exit_6_12,stress,12,8.0,10.0,2026-01-19 03:15:00+00:00,LTCUSDT,0.004111080718299954,1.42170287617693,0
next_close,drop3_breadth4,-0.03,4,scaled_exit_6_12,stress,12,8.0,10.0,2026-01-19 03:15:00+00:00,SOLUSDT,-0.005386001994422362,1.4163168741825076,0
next_close,drop3_breadth4,-0.03,4,scaled_exit_6_12,stress,12,8.0,10.0,2026-01-19 03:15:00+00:00,XRPUSDT,0.007223457480359508,1.4235403316628672,0
next_close,drop3_breadth4,-0.03,4,scaled_exit_6_12,stress,12,8.0,10.0,2026-01-30 04:45:00+00:00,ADAUSDT,-0.0039034816423244674,1.4196368500205427,0
next_close,drop3_breadth4,-0.03,4,scaled_exit_6_12,stress,12,8.0,10.0,2026-01-30 04:45:00+00:00,LTCUSDT,-0.011763192781284803,1.4078736572392578,0
next_close,drop3_breadth4,-0.03,4,scaled_exit_6_12,stress,12,8.0,10.0,2026-01-30 04:45:00+00:00,XRPUSDT,-0.0024891108891107,1.405384546350147,0
next_close,drop3_breadth4,-0.03,4,scaled_exit_6_12,stress,12,8.0,10.0,2026-01-31 20:15:00+00:00,ADAUSDT,-0.009371856474521278,1.3960126898756258,0
next_close,drop3_breadth4,-0.03,4,scaled_exit_6_12,stress,12,8.0,10.0,2026-01-31 20:15:00+00:00,ETHUSDT,-0.022624912586121766,1.373387777289504,0
next_close,drop3_breadth4,-0.03,4,scaled_exit_6_12,stress,12,8.0,10.0,2026-01-31 20:15:00+00:00,LINKUSDT,-0.011454657461866757,1.3619331198276372,0
next_close,drop3_breadth4,-0.03,4,scaled_exit_6_12,stress,12,8.0,10.0,2026-01-31 20:15:00+00:00,LTCUSDT,-0.013856717070833868,1.3480764027568033,0
next_close,drop3_breadth4,-0.03,4,scaled_exit_6_12,stress,12,8.0,10.0,2026-01-31 20:15:00+00:00,SOLUSDT,-0.028617684461626165,1.3194587182951771,0
next_close,drop3_breadth4,-0.03,4,scaled_exit_6_12,stress,12,8.0,10.0,2026-01-31 20:15:00+00:00,XRPUSDT,0.004008429455613794,1.3234671477507909,0
next_close,drop3_breadth4,-0.03,4,scaled_exit_6_12,stress,12,8.0,10.0,2026-02-05 18:15:00+00:00,AVAXUSDT,0.010621791658700409,1.3340889394094912,1
next_close,drop3_breadth4,-0.03,4,scaled_exit_6_12,stress,12,8.0,10.0,2026-02-05 18:15:00+00:00,LINKUSDT,0.00301483359047854,1.3371037729999697,1
next_close,drop3_breadth4,-0.03,4,scaled_exit_6_12,stress,12,8.0,10.0,2026-02-05 18:30:00+00:00,ETHUSDT,-0.011202407677126668,1.325901365322843,0
next_close,drop3_breadth4,-0.03,4,scaled_exit_6_12,stress,12,8.0,10.0,2026-02-05 23:30:00+00:00,AVAXUSDT,-0.017950971909146858,1.3079503934136962,0
next_close,drop3_breadth4,-0.03,4,scaled_exit_6_12,stress,12,8.0,10.0,2026-02-05 23:30:00+00:00,SOLUSDT,-0.008122948084660974,1.2998274453290353,0
next_close,drop3_breadth4,-0.03,4,scaled_exit_6_12,stress,12,8.0,10.0,2026-02-05 23:30:00+00:00,XRPUSDT,-0.0001330071919211182,1.299694438137114,0
next_close,drop3_breadth4,-0.03,4,scaled_exit_6_12,stress,12,8.0,10.0,2026-02-06 03:15:00+00:00,ADAUSDT,0.07371807855502305,1.3734125166921372,0
next_close,drop3_breadth4,-0.03,4,scaled_exit_6_12,stress,12,8.0,10.0,2026-02-06 03:15:00+00:00,AVAXUSDT,0.06233778240108528,1.4357502990932225,0
next_close,drop3_breadth4,-0.03,4,scaled_exit_6_12,stress,12,8.0,10.0,2026-02-06 03:15:00+00:00,BNBUSDT,0.059204182820458626,1.494954481913681,0
next_close,drop3_breadth4,-0.03,4,scaled_exit_6_12,stress,12,8.0,10.0,2026-02-06 03:15:00+00:00,BTCUSDT,0.059014962132189416,1.5539694440458705,0
next_close,drop3_breadth4,-0.03,4,scaled_exit_6_12,stress,12,8.0,10.0,2026-02-06 03:15:00+00:00,ETHUSDT,0.06841013355459075,1.6223795776004613,0
next_close,drop3_breadth4,-0.03,4,scaled_exit_6_12,stress,12,8.0,10.0,2026-02-06 03:15:00+00:00,LINKUSDT,0.07921322739259679,1.701592804993058,0
next_close,drop3_breadth4,-0.03,4,scaled_exit_6_12,stress,12,8.0,10.0,2026-02-06 03:15:00+00:00,LTCUSDT,0.06604233225478467,1.7676351372478427,0
next_close,drop3_breadth4,-0.03,4,scaled_exit_6_12,stress,12,8.0,10.0,2026-02-06 03:15:00+00:00,SOLUSDT,0.09395634239178569,1.8615914796396285,0
next_close,drop3_breadth4,-0.03,4,scaled_exit_6_12,stress,12,8.0,10.0,2026-02-06 03:15:00+00:00,XRPUSDT,0.10064180086302882,1.9622332805026572,0
next_open,drop3_breadth4,-0.03,4,scaled_exit_6_12,stress,12,8.0,10.0,2025-05-30 04:00:00+00:00,ADAUSDT,0.021218586646836006,0.021218586646836006,0
next_open,drop3_breadth4,-0.03,4,scaled_exit_6_12,stress,12,8.0,10.0,2025-05-30 04:00:00+00:00,AVAXUSDT,0.012761922404141913,0.03398050905097792,0
next_open,drop3_breadth4,-0.03,4,scaled_exit_6_12,stress,12,8.0,10.0,2025-05-30 04:00:00+00:00,LINKUSDT,0.015759795377036916,0.04974030442801484,0
next_open,drop3_breadth4,-0.03,4,scaled_exit_6_12,stress,12,8.0,10.0,2025-05-30 04:00:00+00:00,LTCUSDT,0.013096171226580178,0.06283647565459502,0
next_open,drop3_breadth4,-0.03,4,scaled_exit_6_12,stress,12,8.0,10.0,2025-05-30 04:00:00+00:00,XRPUSDT,0.023309936228326826,0.08614641188292185,0
next_open,drop3_breadth4,-0.03,4,scaled_exit_6_12,stress,12,8.0,10.0,2025-06-13 03:15:00+00:00,AVAXUSDT,-0.04315853306067015,0.042987878822251704,0
next_open,drop3_breadth4,-0.03,4,scaled_exit_6_12,stress,12,8.0,10.0,2025-06-22 16:30:00+00:00,ADAUSDT,-0.008603121783591083,0.03438475703866062,0
next_open,drop3_breadth4,-0.03,4,scaled_exit_6_12,stress,12,8.0,10.0,2025-06-22 16:30:00+00:00,LINKUSDT,7.080184585655093e-05,0.03445555888451717,0
next_open,drop3_breadth4,-0.03,4,scaled_exit_6_12,stress,12,8.0,10.0,2025-06-22 16:30:00+00:00,SOLUSDT,0.006590471814034538,0.041046030698551714,0
next_open,drop3_breadth4,-0.03,4,scaled_exit_6_12,stress,12,8.0,10.0,2025-09-22 09:15:00+00:00,LINKUSDT,0.008015509425133006,0.049061540123684716,0
next_open,drop3_breadth4,-0.03,4,scaled_exit_6_12,stress,12,8.0,10.0,2025-10-11 00:00:00+00:00,ADAUSDT,-0.14226350548503358,-0.09320196536134887,20
next_open,drop3_breadth4,-0.03,4,scaled_exit_6_12,stress,12,8.0,10.0,2025-10-11 00:00:00+00:00,AVAXUSDT,-0.17625849485287914,-0.269460460214228,20
next_open,drop3_breadth4,-0.03,4,scaled_exit_6_12,stress,12,8.0,10.0,2025-10-11 00:00:00+00:00,ETHUSDT,-0.0033100740987863737,-0.27277053431301435,20
next_open,drop3_breadth4,-0.03,4,scaled_exit_6_12,stress,12,8.0,10.0,2025-10-11 00:00:00+00:00,LINKUSDT,-0.140776630366509,-0.41354716467952335,20
next_open,drop3_breadth4,-0.03,4,scaled_exit_6_12,stress,12,8.0,10.0,2025-10-11 00:00:00+00:00,SOLUSDT,-0.04783253302450653,-0.46137969770402987,20
next_open,drop3_breadth4,-0.03,4,scaled_exit_6_12,stress,12,8.0,10.0,2025-10-11 00:00:00+00:00,XRPUSDT,-0.06808969795478337,-0.5294693956588132,20
next_open,drop3_breadth4,-0.03,4,scaled_exit_6_12,stress,12,8.0,10.0,2025-10-11 00:15:00+00:00,ADAUSDT,-0.03443557334287524,-0.5639049690016885,13
next_open,drop3_breadth4,-0.03,4,scaled_exit_6_12,stress,12,8.0,10.0,2025-10-11 00:15:00+00:00,AVAXUSDT,-0.0951363664450785,-0.659041335446767,13
next_open,drop3_breadth4,-0.03,4,scaled_exit_6_12,stress,12,8.0,10.0,2025-10-11 00:15:00+00:00,BNBUSDT,-0.005129545327461359,-0.6641708807742284,13
next_open,drop3_breadth4,-0.03,4,scaled_exit_6_12,stress,12,8.0,10.0,2025-10-11 00:15:00+00:00,ETHUSDT,0.03000335990945307,-0.6341675208647753,13
next_open,drop3_breadth4,-0.03,4,scaled_exit_6_12,stress,12,8.0,10.0,2025-10-11 00:15:00+00:00,LINKUSDT,-0.051136460199043735,-0.6853039810638191,13
next_open,drop3_breadth4,-0.03,4,scaled_exit_6_12,stress,12,8.0,10.0,2025-10-11 00:15:00+00:00,SOLUSDT,0.01195198592722917,-0.6733519951365899,13
next_open,drop3_breadth4,-0.03,4,scaled_exit_6_12,stress,12,8.0,10.0,2025-10-11 00:15:00+00:00,XRPUSDT,0.02815205064815989,-0.6451999444884301,13
next_open,drop3_breadth4,-0.03,4,scaled_exit_6_12,stress,12,8.0,10.0,2025-10-11 00:30:00+00:00,ADAUSDT,0.3592035488052847,-0.2859963956831454,7
next_open,drop3_breadth4,-0.03,4,scaled_exit_6_12,stress,12,8.0,10.0,2025-10-11 00:30:00+00:00,AVAXUSDT,0.15324034717357,-0.1327560485095754,7
next_open,drop3_breadth4,-0.03,4,scaled_exit_6_12,stress,12,8.0,10.0,2025-10-11 00:30:00+00:00,BNBUSDT,0.1265223629949505,-0.006233685514624887,7
next_open,drop3_breadth4,-0.03,4,scaled_exit_6_12,stress,12,8.0,10.0,2025-10-11 00:30:00+00:00,LINKUSDT,0.31303147332077885,0.30679778780615397,7
next_open,drop3_breadth4,-0.03,4,scaled_exit_6_12,stress,12,8.0,10.0,2025-10-11 00:30:00+00:00,SOLUSDT,0.08097357947120115,0.3877713672773551,7
next_open,drop3_breadth4,-0.03,4,scaled_exit_6_12,stress,12,8.0,10.0,2025-10-11 00:30:00+00:00,XRPUSDT,0.20815462111837452,0.5959259883957296,7
next_open,drop3_breadth4,-0.03,4,scaled_exit_6_12,stress,12,8.0,10.0,2025-10-11 01:30:00+00:00,ADAUSDT,0.09778305496156742,0.693709043357297,3
next_open,drop3_breadth4,-0.03,4,scaled_exit_6_12,stress,12,8.0,10.0,2025-10-11 01:30:00+00:00,AVAXUSDT,0.026902256711566035,0.720611300068863,3
next_open,drop3_breadth4,-0.03,4,scaled_exit_6_12,stress,12,8.0,10.0,2025-10-11 01:30:00+00:00,LINKUSDT,0.07722102179492946,0.7978323218637924,3
next_open,drop3_breadth4,-0.03,4,scaled_exit_6_12,stress,12,8.0,10.0,2025-10-11 01:30:00+00:00,LTCUSDT,0.05138592968028903,0.8492182515440814,3
next_open,drop3_breadth4,-0.03,4,scaled_exit_6_12,stress,12,8.0,10.0,2025-10-11 03:00:00+00:00,AVAXUSDT,0.037846218168384,0.8870644697124653,0
next_open,drop3_breadth4,-0.03,4,scaled_exit_6_12,stress,12,8.0,10.0,2025-10-11 03:00:00+00:00,LINKUSDT,-0.00515747036689208,0.8819069993455733,0
next_open,drop3_breadth4,-0.03,4,scaled_exit_6_12,stress,12,8.0,10.0,2025-10-11 03:00:00+00:00,LTCUSDT,-0.0002984809797083141,0.881608518365865,0
next_open,drop3_breadth4,-0.03,4,scaled_exit_6_12,stress,12,8.0,10.0,2025-10-29 21:45:00+00:00,ETHUSDT,0.017874954080208165,0.8994834724460731,0
next_open,drop3_breadth4,-0.03,4,scaled_exit_6_12,stress,12,8.0,10.0,2025-11-03 18:30:00+00:00,ADAUSDT,0.013780592561800687,0.9132640650078737,0
next_open,drop3_breadth4,-0.03,4,scaled_exit_6_12,stress,12,8.0,10.0,2025-11-03 18:30:00+00:00,AVAXUSDT,0.011937670407486545,0.9252017354153602,0
next_open,drop3_breadth4,-0.03,4,scaled_exit_6_12,stress,12,8.0,10.0,2025-11-03 18:30:00+00:00,LINKUSDT,0.004669164436392138,0.9298708998517523,0
next_open,drop3_breadth4,-0.03,4,scaled_exit_6_12,stress,12,8.0,10.0,2025-11-03 18:30:00+00:00,SOLUSDT,0.0022019142447823785,0.9320728140965346,0
next_open,drop3_breadth4,-0.03,4,scaled_exit_6_12,stress,12,8.0,10.0,2026-01-19 03:15:00+00:00,ADAUSDT,0.006520629370629517,0.9385934434671641,0
next_open,drop3_breadth4,-0.03,4,scaled_exit_6_12,stress,12,8.0,10.0,2026-01-19 03:15:00+00:00,AVAXUSDT,0.00461043094891227,0.9432038744160763,0
next_open,drop3_breadth4,-0.03,4,scaled_exit_6_12,stress,12,8.0,10.0,2026-01-19 03:15:00+00:00,LINKUSDT,-0.0015326327713674579,0.9416712416447088,0
next_open,drop3_breadth4,-0.03,4,scaled_exit_6_12,stress,12,8.0,10.0,2026-01-19 03:15:00+00:00,LTCUSDT,0.004111080718299954,0.9457823223630087,0
next_open,drop3_breadth4,-0.03,4,scaled_exit_6_12,stress,12,8.0,10.0,2026-01-19 03:15:00+00:00,SOLUSDT,0.0008249017714051968,0.9466072241344139,0
next_open,drop3_breadth4,-0.03,4,scaled_exit_6_12,stress,12,8.0,10.0,2026-01-19 03:15:00+00:00,XRPUSDT,0.01052368999782043,0.9571309141322343,0
next_open,drop3_breadth4,-0.03,4,scaled_exit_6_12,stress,12,8.0,10.0,2026-01-30 04:45:00+00:00,ADAUSDT,0.0072129141053933095,0.9643438282376275,0
next_open,drop3_breadth4,-0.03,4,scaled_exit_6_12,stress,12,8.0,10.0,2026-01-30 04:45:00+00:00,LTCUSDT,-0.0032872431631890226,0.9610565850744385,0
next_open,drop3_breadth4,-0.03,4,scaled_exit_6_12,stress,12,8.0,10.0,2026-01-30 04:45:00+00:00,XRPUSDT,0.003985599810523866,0.9650421848849623,0
next_open,drop3_breadth4,-0.03,4,scaled_exit_6_12,stress,12,8.0,10.0,2026-01-31 20:15:00+00:00,ADAUSDT,-0.003069772288403115,0.9619724125965592,0
next_open,drop3_breadth4,-0.03,4,scaled_exit_6_12,stress,12,8.0,10.0,2026-01-31 20:15:00+00:00,ETHUSDT,-0.017306341992006376,0.9446660706045528,0
next_open,drop3_breadth4,-0.03,4,scaled_exit_6_12,stress,12,8.0,10.0,2026-01-31 20:15:00+00:00,LINKUSDT,-0.005573831732506095,0.9390922388720466,0
next_open,drop3_breadth4,-0.03,4,scaled_exit_6_12,stress,12,8.0,10.0,2026-01-31 20:15:00+00:00,LTCUSDT,-0.009095689024351383,0.9299965498476952,0
next_open,drop3_breadth4,-0.03,4,scaled_exit_6_12,stress,12,8.0,10.0,2026-01-31 20:15:00+00:00,SOLUSDT,-0.01772891779298936,0.9122676320547058,0
next_open,drop3_breadth4,-0.03,4,scaled_exit_6_12,stress,12,8.0,10.0,2026-01-31 20:15:00+00:00,XRPUSDT,0.00864761744310687,0.9209152494978127,0
next_open,drop3_breadth4,-0.03,4,scaled_exit_6_12,stress,12,8.0,10.0,2026-02-05 18:15:00+00:00,AVAXUSDT,-0.0035980019980018747,0.9173172474998108,1
next_open,drop3_breadth4,-0.03,4,scaled_exit_6_12,stress,12,8.0,10.0,2026-02-05 18:15:00+00:00,LINKUSDT,-0.02018480917263283,0.8971324383271779,1
next_open,drop3_breadth4,-0.03,4,scaled_exit_6_12,stress,12,8.0,10.0,2026-02-05 18:30:00+00:00,ETHUSDT,0.004868484931218043,0.902000923258396,0
next_open,drop3_breadth4,-0.03,4,scaled_exit_6_12,stress,12,8.0,10.0,2026-02-05 23:30:00+00:00,AVAXUSDT,-0.007166117829256757,0.8948348054291392,0
next_open,drop3_breadth4,-0.03,4,scaled_exit_6_12,stress,12,8.0,10.0,2026-02-05 23:30:00+00:00,SOLUSDT,0.0016058746289956865,0.8964406800581348,0
next_open,drop3_breadth4,-0.03,4,scaled_exit_6_12,stress,12,8.0,10.0,2026-02-05 23:30:00+00:00,XRPUSDT,0.033376220390365405,0.9298169004485002,0
next_open,drop3_breadth4,-0.03,4,scaled_exit_6_12,stress,12,8.0,10.0,2026-02-06 03:15:00+00:00,ADAUSDT,0.08544711518847653,1.0152640156369768,0
next_open,drop3_breadth4,-0.03,4,scaled_exit_6_12,stress,12,8.0,10.0,2026-02-06 03:15:00+00:00,AVAXUSDT,0.07343330967989142,1.0886973253168681,0
next_open,drop3_breadth4,-0.03,4,scaled_exit_6_12,stress,12,8.0,10.0,2026-02-06 03:15:00+00:00,BNBUSDT,0.0702944414783187,1.1589917667951868,0
next_open,drop3_breadth4,-0.03,4,scaled_exit_6_12,stress,12,8.0,10.0,2026-02-06 03:15:00+00:00,BTCUSDT,0.07869666579352891,1.2376884325887156,0
next_open,drop3_breadth4,-0.03,4,scaled_exit_6_12,stress,12,8.0,10.0,2026-02-06 03:15:00+00:00,ETHUSDT,0.07990753774815634,1.317595970336872,0
next_open,drop3_breadth4,-0.03,4,scaled_exit_6_12,stress,12,8.0,10.0,2026-02-06 03:15:00+00:00,LINKUSDT,0.09207309272663516,1.4096690630635071,0
next_open,drop3_breadth4,-0.03,4,scaled_exit_6_12,stress,12,8.0,10.0,2026-02-06 03:15:00+00:00,LTCUSDT,0.07378547203649594,1.483454535100003,0
next_open,drop3_breadth4,-0.03,4,scaled_exit_6_12,stress,12,8.0,10.0,2026-02-06 03:15:00+00:00,SOLUSDT,0.07547488860696844,1.5589294237069715,0
next_open,drop3_breadth4,-0.03,4,scaled_exit_6_12,stress,12,8.0,10.0,2026-02-06 03:15:00+00:00,XRPUSDT,0.109020572088462,1.6679499957954336,0
next_close,drop3_breadth4,-0.03,4,wide_stop_2atr_horizon_12,base,12,4.0,5.0,2025-05-30 04:00:00+00:00,ADAUSDT,0.0018915631284829543,0.0018915631284829543,0
next_close,drop3_breadth4,-0.03,4,wide_stop_2atr_horizon_12,base,12,4.0,5.0,2025-05-30 04:00:00+00:00,AVAXUSDT,0.00254518592466515,0.004436749053148104,0
next_close,drop3_breadth4,-0.03,4,wide_stop_2atr_horizon_12,base,12,4.0,5.0,2025-05-30 04:00:00+00:00,LINKUSDT,0.002660629737332965,0.007097378790481069,0
next_close,drop3_breadth4,-0.03,4,wide_stop_2atr_horizon_12,base,12,4.0,5.0,2025-05-30 04:00:00+00:00,LTCUSDT,0.0032415290380262366,0.010338907828507306,0
next_close,drop3_breadth4,-0.03,4,wide_stop_2atr_horizon_12,base,12,4.0,5.0,2025-05-30 04:00:00+00:00,XRPUSDT,0.008619607473606596,0.018958515302113902,0
next_close,drop3_breadth4,-0.03,4,wide_stop_2atr_horizon_12,base,12,4.0,5.0,2025-06-13 00:30:00+00:00,AVAXUSDT,-0.016373647898896372,0.00258486740321753,0
next_close,drop3_breadth4,-0.03,4,wide_stop_2atr_horizon_12,base,12,4.0,5.0,2025-06-22 16:30:00+00:00,ADAUSDT,-0.01108107485885421,-0.00849620745563668,0
next_close,drop3_breadth4,-0.03,4,wide_stop_2atr_horizon_12,base,12,4.0,5.0,2025-06-22 16:30:00+00:00,LINKUSDT,-0.006793188620107115,-0.015289396075743795,0
next_close,drop3_breadth4,-0.03,4,wide_stop_2atr_horizon_12,base,12,4.0,5.0,2025-06-22 16:30:00+00:00,SOLUSDT,0.0091681965792513,-0.0061211994964924955,0
next_close,drop3_breadth4,-0.03,4,wide_stop_2atr_horizon_12,base,12,4.0,5.0,2025-09-22 09:15:00+00:00,LINKUSDT,0.0035897699077775073,-0.002531429588714988,0
next_close,drop3_breadth4,-0.03,4,wide_stop_2atr_horizon_12,base,12,4.0,5.0,2025-10-10 21:15:00+00:00,ADAUSDT,-0.020252536818411528,-0.022783966407126516,7
next_close,drop3_breadth4,-0.03,4,wide_stop_2atr_horizon_12,base,12,4.0,5.0,2025-10-10 21:15:00+00:00,AVAXUSDT,-0.020056531768889198,-0.042840498176015714,7
next_close,drop3_breadth4,-0.03,4,wide_stop_2atr_horizon_12,base,12,4.0,5.0,2025-10-10 21:15:00+00:00,ETHUSDT,-0.020393490894582846,-0.06323398907059856,7
next_close,drop3_breadth4,-0.03,4,wide_stop_2atr_horizon_12,base,12,4.0,5.0,2025-10-10 21:15:00+00:00,LINKUSDT,-0.023750610247673977,-0.08698459931827254,7
next_close,drop3_breadth4,-0.03,4,wide_stop_2atr_horizon_12,base,12,4.0,5.0,2025-10-10 21:15:00+00:00,SOLUSDT,-0.02197184628221014,-0.10895644560048268,7
next_close,drop3_breadth4,-0.03,4,wide_stop_2atr_horizon_12,base,12,4.0,5.0,2025-10-10 21:15:00+00:00,XRPUSDT,-0.020963033174946057,-0.12991947877542873,7
next_close,drop3_breadth4,-0.03,4,wide_stop_2atr_horizon_12,base,12,4.0,5.0,2025-10-10 21:45:00+00:00,SOLUSDT,-0.0461493067901729,-0.17606878556560163,12
next_close,drop3_breadth4,-0.03,4,wide_stop_2atr_horizon_12,base,12,4.0,5.0,2025-10-10 22:00:00+00:00,ADAUSDT,-0.06064680098762018,-0.2367155865532218,8
next_close,drop3_breadth4,-0.03,4,wide_stop_2atr_horizon_12,base,12,4.0,5.0,2025-10-10 22:00:00+00:00,AVAXUSDT,-0.05422182347914048,-0.2909374100323623,8
next_close,drop3_breadth4,-0.03,4,wide_stop_2atr_horizon_12,base,12,4.0,5.0,2025-10-10 22:00:00+00:00,LINKUSDT,-0.05771685158861614,-0.34865426162097846,8
next_close,drop3_breadth4,-0.03,4,wide_stop_2atr_horizon_12,base,12,4.0,5.0,2025-10-10 22:00:00+00:00,XRPUSDT,-0.05982467995750315,-0.40847894157848164,8
next_close,drop3_breadth4,-0.03,4,wide_stop_2atr_horizon_12,base,12,4.0,5.0,2025-10-11 00:15:00+00:00,ADAUSDT,0.3934214005844302,-0.015057540994051433,8
next_close,drop3_breadth4,-0.03,4,wide_stop_2atr_horizon_12,base,12,4.0,5.0,2025-10-11 00:15:00+00:00,AVAXUSDT,0.1660820971746676,0.15102455618061617,8
next_close,drop3_breadth4,-0.03,4,wide_stop_2atr_horizon_12,base,12,4.0,5.0,2025-10-11 00:15:00+00:00,BNBUSDT,0.13015699027423933,0.2811815464548555,8
next_close,drop3_breadth4,-0.03,4,wide_stop_2atr_horizon_12,base,12,4.0,5.0,2025-10-11 00:15:00+00:00,ETHUSDT,0.06072640291601741,0.3419079493708729,8
next_close,drop3_breadth4,-0.03,4,wide_stop_2atr_horizon_12,base,12,4.0,5.0,2025-10-11 00:15:00+00:00,LINKUSDT,0.3361631822589245,0.6780711316297974,8
next_close,drop3_breadth4,-0.03,4,wide_stop_2atr_horizon_12,base,12,4.0,5.0,2025-10-11 00:15:00+00:00,SOLUSDT,0.07608419951807402,0.7541553311478714,8
next_close,drop3_breadth4,-0.03,4,wide_stop_2atr_horizon_12,base,12,4.0,5.0,2025-10-11 00:15:00+00:00,XRPUSDT,0.21968672165974634,0.9738420528076177,8
next_close,drop3_breadth4,-0.03,4,wide_stop_2atr_horizon_12,base,12,4.0,5.0,2025-10-11 00:30:00+00:00,BNBUSDT,0.01617344033183845,0.9900154931394561,7
next_close,drop3_breadth4,-0.03,4,wide_stop_2atr_horizon_12,base,12,4.0,5.0,2025-10-11 01:30:00+00:00,ADAUSDT,0.07410202312195438,1.0641175162614105,3
next_close,drop3_breadth4,-0.03,4,wide_stop_2atr_horizon_12,base,12,4.0,5.0,2025-10-11 01:30:00+00:00,AVAXUSDT,0.015720847580302254,1.0798383638417128,3
next_close,drop3_breadth4,-0.03,4,wide_stop_2atr_horizon_12,base,12,4.0,5.0,2025-10-11 01:30:00+00:00,LINKUSDT,0.041696826472833376,1.1215351903145463,3
next_close,drop3_breadth4,-0.03,4,wide_stop_2atr_horizon_12,base,12,4.0,5.0,2025-10-11 01:30:00+00:00,LTCUSDT,0.0010406612214583174,1.1225758515360047,3
next_close,drop3_breadth4,-0.03,4,wide_stop_2atr_horizon_12,base,12,4.0,5.0,2025-10-11 03:00:00+00:00,AVAXUSDT,0.056962413329012,1.1795382648650168,0
next_close,drop3_breadth4,-0.03,4,wide_stop_2atr_horizon_12,base,12,4.0,5.0,2025-10-11 03:00:00+00:00,LINKUSDT,0.004959404570405912,1.1844976694354228,0
next_close,drop3_breadth4,-0.03,4,wide_stop_2atr_horizon_12,base,12,4.0,5.0,2025-10-11 03:00:00+00:00,LTCUSDT,0.010253880012958929,1.1947515494483818,0
next_close,drop3_breadth4,-0.03,4,wide_stop_2atr_horizon_12,base,12,4.0,5.0,2025-10-29 21:45:00+00:00,ETHUSDT,0.008182110192831573,1.2029336596412135,0
next_close,drop3_breadth4,-0.03,4,wide_stop_2atr_horizon_12,base,12,4.0,5.0,2025-11-03 15:45:00+00:00,SOLUSDT,-0.012665425673293183,1.1902682339679203,3
next_close,drop3_breadth4,-0.03,4,wide_stop_2atr_horizon_12,base,12,4.0,5.0,2025-11-03 18:30:00+00:00,ADAUSDT,0.015596481606829382,1.2058647155747497,0
next_close,drop3_breadth4,-0.03,4,wide_stop_2atr_horizon_12,base,12,4.0,5.0,2025-11-03 18:30:00+00:00,AVAXUSDT,0.02570148367484961,1.2315661992495994,0
next_close,drop3_breadth4,-0.03,4,wide_stop_2atr_horizon_12,base,12,4.0,5.0,2025-11-03 18:30:00+00:00,LINKUSDT,0.016281956759177117,1.2478481560087766,0
next_close,drop3_breadth4,-0.03,4,wide_stop_2atr_horizon_12,base,12,4.0,5.0,2026-01-19 03:15:00+00:00,ADAUSDT,0.010139638574264833,1.2579877945830416,0
next_close,drop3_breadth4,-0.03,4,wide_stop_2atr_horizon_12,base,12,4.0,5.0,2026-01-19 03:15:00+00:00,AVAXUSDT,0.008168972845739832,1.2661567674287815,0
next_close,drop3_breadth4,-0.03,4,wide_stop_2atr_horizon_12,base,12,4.0,5.0,2026-01-19 03:15:00+00:00,LINKUSDT,-0.000630075597443857,1.2655266918313377,0
next_close,drop3_breadth4,-0.03,4,wide_stop_2atr_horizon_12,base,12,4.0,5.0,2026-01-19 03:15:00+00:00,LTCUSDT,0.009883872617546221,1.275410564448884,0
next_close,drop3_breadth4,-0.03,4,wide_stop_2atr_horizon_12,base,12,4.0,5.0,2026-01-19 03:15:00+00:00,SOLUSDT,-0.003663863678790657,1.2717467007700933,0
next_close,drop3_breadth4,-0.03,4,wide_stop_2atr_horizon_12,base,12,4.0,5.0,2026-01-19 03:15:00+00:00,XRPUSDT,0.009989336453351118,1.2817360372234445,0
next_close,drop3_breadth4,-0.03,4,wide_stop_2atr_horizon_12,base,12,4.0,5.0,2026-01-30 02:00:00+00:00,LTCUSDT,-0.009186962001290853,1.2725490752221538,2
next_close,drop3_breadth4,-0.03,4,wide_stop_2atr_horizon_12,base,12,4.0,5.0,2026-01-30 02:15:00+00:00,ADAUSDT,-0.010167773031145664,1.2623813021910082,0
next_close,drop3_breadth4,-0.03,4,wide_stop_2atr_horizon_12,base,12,4.0,5.0,2026-01-30 02:15:00+00:00,XRPUSDT,-0.009683960238033171,1.252697341952975,0
next_close,drop3_breadth4,-0.03,4,wide_stop_2atr_horizon_12,base,12,4.0,5.0,2026-01-31 18:30:00+00:00,ADAUSDT,-0.02992293557689194,1.222774406376083,0
next_close,drop3_breadth4,-0.03,4,wide_stop_2atr_horizon_12,base,12,4.0,5.0,2026-01-31 18:30:00+00:00,ETHUSDT,-0.028129116748084028,1.194645289627999,0
next_close,drop3_breadth4,-0.03,4,wide_stop_2atr_horizon_12,base,12,4.0,5.0,2026-01-31 18:30:00+00:00,LINKUSDT,-0.029402340259033856,1.1652429493689653,0
next_close,drop3_breadth4,-0.03,4,wide_stop_2atr_horizon_12,base,12,4.0,5.0,2026-01-31 18:30:00+00:00,LTCUSDT,-0.03034654038775162,1.1348964089812137,0
next_close,drop3_breadth4,-0.03,4,wide_stop_2atr_horizon_12,base,12,4.0,5.0,2026-01-31 18:30:00+00:00,SOLUSDT,-0.03246339873699819,1.1024330102442155,0
next_close,drop3_breadth4,-0.03,4,wide_stop_2atr_horizon_12,base,12,4.0,5.0,2026-01-31 18:30:00+00:00,XRPUSDT,-0.027569126513888854,1.0748638837303266,0
next_close,drop3_breadth4,-0.03,4,wide_stop_2atr_horizon_12,base,12,4.0,5.0,2026-02-05 18:15:00+00:00,AVAXUSDT,0.0018444090162831556,1.0767082927466098,1
next_close,drop3_breadth4,-0.03,4,wide_stop_2atr_horizon_12,base,12,4.0,5.0,2026-02-05 18:15:00+00:00,LINKUSDT,-0.011102513499697018,1.065605779246913,1
next_close,drop3_breadth4,-0.03,4,wide_stop_2atr_horizon_12,base,12,4.0,5.0,2026-02-05 18:30:00+00:00,ETHUSDT,-0.02258497936200097,1.043020799884912,0
next_close,drop3_breadth4,-0.03,4,wide_stop_2atr_horizon_12,base,12,4.0,5.0,2026-02-05 23:30:00+00:00,AVAXUSDT,-0.019935310336108493,1.0230854895488035,0
next_close,drop3_breadth4,-0.03,4,wide_stop_2atr_horizon_12,base,12,4.0,5.0,2026-02-05 23:30:00+00:00,SOLUSDT,-0.00972607852245164,1.013359411026352,0
next_close,drop3_breadth4,-0.03,4,wide_stop_2atr_horizon_12,base,12,4.0,5.0,2026-02-05 23:30:00+00:00,XRPUSDT,0.01959631067090064,1.0329557216972527,0
next_close,drop3_breadth4,-0.03,4,wide_stop_2atr_horizon_12,base,12,4.0,5.0,2026-02-06 03:15:00+00:00,ADAUSDT,0.06675513050552842,1.0997108522027812,0
next_close,drop3_breadth4,-0.03,4,wide_stop_2atr_horizon_12,base,12,4.0,5.0,2026-02-06 03:15:00+00:00,AVAXUSDT,0.052936765664059054,1.1526476178668403,0
next_close,drop3_breadth4,-0.03,4,wide_stop_2atr_horizon_12,base,12,4.0,5.0,2026-02-06 03:15:00+00:00,BNBUSDT,0.053122529909167465,1.2057701477760079,0
next_close,drop3_breadth4,-0.03,4,wide_stop_2atr_horizon_12,base,12,4.0,5.0,2026-02-06 03:15:00+00:00,BTCUSDT,0.052675173014023496,1.2584453207900315,0
next_close,drop3_breadth4,-0.03,4,wide_stop_2atr_horizon_12,base,12,4.0,5.0,2026-02-06 03:15:00+00:00,ETHUSDT,0.060416191984706075,1.3188615127747376,0
next_close,drop3_breadth4,-0.03,4,wide_stop_2atr_horizon_12,base,12,4.0,5.0,2026-02-06 03:15:00+00:00,LINKUSDT,0.0728185221125405,1.3916800348872782,0
next_close,drop3_breadth4,-0.03,4,wide_stop_2atr_horizon_12,base,12,4.0,5.0,2026-02-06 03:15:00+00:00,LTCUSDT,0.059976896600408086,1.4516569314876864,0
next_close,drop3_breadth4,-0.03,4,wide_stop_2atr_horizon_12,base,12,4.0,5.0,2026-02-06 03:15:00+00:00,SOLUSDT,0.07576003222017694,1.5274169637078634,0
next_close,drop3_breadth4,-0.03,4,wide_stop_2atr_horizon_12,base,12,4.0,5.0,2026-02-06 03:15:00+00:00,XRPUSDT,0.0981698525693794,1.6255868162772429,0
next_open,drop3_breadth4,-0.03,4,wide_stop_2atr_horizon_12,base,12,4.0,5.0,2025-05-30 04:00:00+00:00,ADAUSDT,0.019286819392096886,0.019286819392096886,0
next_open,drop3_breadth4,-0.03,4,wide_stop_2atr_horizon_12,base,12,4.0,5.0,2025-05-30 04:00:00+00:00,AVAXUSDT,0.012010706546596108,0.03129752593869299,0
next_open,drop3_breadth4,-0.03,4,wide_stop_2atr_horizon_12,base,12,4.0,5.0,2025-05-30 04:00:00+00:00,LINKUSDT,0.01486902866697917,0.046166554605672164,0
next_open,drop3_breadth4,-0.03,4,wide_stop_2atr_horizon_12,base,12,4.0,5.0,2025-05-30 04:00:00+00:00,LTCUSDT,0.013140686685570693,0.05930724129124286,0
next_open,drop3_breadth4,-0.03,4,wide_stop_2atr_horizon_12,base,12,4.0,5.0,2025-05-30 04:00:00+00:00,XRPUSDT,0.023234620584737707,0.08254186187598056,0
next_open,drop3_breadth4,-0.03,4,wide_stop_2atr_horizon_12,base,12,4.0,5.0,2025-06-13 00:30:00+00:00,AVAXUSDT,-0.01618725992619994,0.06635460194978063,0
next_open,drop3_breadth4,-0.03,4,wide_stop_2atr_horizon_12,base,12,4.0,5.0,2025-06-22 16:30:00+00:00,ADAUSDT,-0.01295412354382983,0.0534004784059508,0
next_open,drop3_breadth4,-0.03,4,wide_stop_2atr_horizon_12,base,12,4.0,5.0,2025-06-22 16:30:00+00:00,LINKUSDT,-0.008707249876155985,0.04469322852979482,0
next_open,drop3_breadth4,-0.03,4,wide_stop_2atr_horizon_12,base,12,4.0,5.0,2025-06-22 16:30:00+00:00,SOLUSDT,0.006718926916890489,0.05141215544668531,0
next_open,drop3_breadth4,-0.03,4,wide_stop_2atr_horizon_12,base,12,4.0,5.0,2025-09-22 09:15:00+00:00,LINKUSDT,0.009373938303324805,0.06078609375001011,0
next_open,drop3_breadth4,-0.03,4,wide_stop_2atr_horizon_12,base,12,4.0,5.0,2025-10-10 21:00:00+00:00,ADAUSDT,-0.018492582897460454,0.042293510852549655,0
next_open,drop3_breadth4,-0.03,4,wide_stop_2atr_horizon_12,base,12,4.0,5.0,2025-10-10 21:00:00+00:00,AVAXUSDT,-0.01858988831603834,0.023703622536511315,0
next_open,drop3_breadth4,-0.03,4,wide_stop_2atr_horizon_12,base,12,4.0,5.0,2025-10-10 21:00:00+00:00,ETHUSDT,-0.019693385688911304,0.004010236847600011,0
next_open,drop3_breadth4,-0.03,4,wide_stop_2atr_horizon_12,base,12,4.0,5.0,2025-10-10 21:00:00+00:00,LINKUSDT,-0.021950927563782564,-0.017940690716182553,0
next_open,drop3_breadth4,-0.03,4,wide_stop_2atr_horizon_12,base,12,4.0,5.0,2025-10-10 21:00:00+00:00,SOLUSDT,-0.020744242101163525,-0.03868493281734608,0
next_open,drop3_breadth4,-0.03,4,wide_stop_2atr_horizon_12,base,12,4.0,5.0,2025-10-10 21:00:00+00:00,XRPUSDT,-0.019338692226797384,-0.05802362504414346,0
next_open,drop3_breadth4,-0.03,4,wide_stop_2atr_horizon_12,base,12,4.0,5.0,2025-10-10 21:15:00+00:00,ADAUSDT,-0.03534960526215422,-0.09337323030629768,0
next_open,drop3_breadth4,-0.03,4,wide_stop_2atr_horizon_12,base,12,4.0,5.0,2025-10-10 21:15:00+00:00,AVAXUSDT,-0.03406832600707618,-0.12744155631337387,0
next_open,drop3_breadth4,-0.03,4,wide_stop_2atr_horizon_12,base,12,4.0,5.0,2025-10-10 21:15:00+00:00,BNBUSDT,-0.025236216065617857,-0.15267777237899172,0
next_open,drop3_breadth4,-0.03,4,wide_stop_2atr_horizon_12,base,12,4.0,5.0,2025-10-10 21:15:00+00:00,ETHUSDT,-0.026625612455798066,-0.17930338483478978,0
next_open,drop3_breadth4,-0.03,4,wide_stop_2atr_horizon_12,base,12,4.0,5.0,2025-10-10 21:15:00+00:00,LINKUSDT,-0.035039708255957897,-0.21434309309074767,0
next_open,drop3_breadth4,-0.03,4,wide_stop_2atr_horizon_12,base,12,4.0,5.0,2025-10-10 21:15:00+00:00,SOLUSDT,-0.03223069318810953,-0.2465737862788572,0
next_open,drop3_breadth4,-0.03,4,wide_stop_2atr_horizon_12,base,12,4.0,5.0,2025-10-10 21:15:00+00:00,XRPUSDT,-0.03817052433058052,-0.2847443106094377,0
next_open,drop3_breadth4,-0.03,4,wide_stop_2atr_horizon_12,base,12,4.0,5.0,2025-10-11 00:30:00+00:00,ADAUSDT,0.39138490125733416,0.10664059064789644,7
next_open,drop3_breadth4,-0.03,4,wide_stop_2atr_horizon_12,base,12,4.0,5.0,2025-10-11 00:30:00+00:00,AVAXUSDT,0.15829035746536546,0.2649309481132619,7
next_open,drop3_breadth4,-0.03,4,wide_stop_2atr_horizon_12,base,12,4.0,5.0,2025-10-11 00:30:00+00:00,BNBUSDT,0.13340639981388647,0.39833734792714837,7
next_open,drop3_breadth4,-0.03,4,wide_stop_2atr_horizon_12,base,12,4.0,5.0,2025-10-11 00:30:00+00:00,LINKUSDT,0.34358327855125903,0.7419206264784074,7
next_open,drop3_breadth4,-0.03,4,wide_stop_2atr_horizon_12,base,12,4.0,5.0,2025-10-11 00:30:00+00:00,SOLUSDT,0.08498027428891555,0.8269009007673229,7
next_open,drop3_breadth4,-0.03,4,wide_stop_2atr_horizon_12,base,12,4.0,5.0,2025-10-11 00:30:00+00:00,XRPUSDT,0.21440478507595329,1.0413056858432763,7
next_open,drop3_breadth4,-0.03,4,wide_stop_2atr_horizon_12,base,12,4.0,5.0,2025-10-11 01:30:00+00:00,ADAUSDT,0.08317058357873411,1.1244762694220105,3
next_open,drop3_breadth4,-0.03,4,wide_stop_2atr_horizon_12,base,12,4.0,5.0,2025-10-11 01:30:00+00:00,AVAXUSDT,0.03023683359427145,1.154713103016282,3
next_open,drop3_breadth4,-0.03,4,wide_stop_2atr_horizon_12,base,12,4.0,5.0,2025-10-11 01:30:00+00:00,LINKUSDT,0.06352338687619433,1.2182364898924765,3
next_open,drop3_breadth4,-0.03,4,wide_stop_2atr_horizon_12,base,12,4.0,5.0,2025-10-11 01:30:00+00:00,LTCUSDT,0.039261298602994016,1.2574977884954706,3
next_open,drop3_breadth4,-0.03,4,wide_stop_2atr_horizon_12,base,12,4.0,5.0,2025-10-11 03:00:00+00:00,AVAXUSDT,0.06789257361810544,1.325390362113576,0
next_open,drop3_breadth4,-0.03,4,wide_stop_2atr_horizon_12,base,12,4.0,5.0,2025-10-11 03:00:00+00:00,LINKUSDT,0.014388944679231932,1.339779306792808,0
next_open,drop3_breadth4,-0.03,4,wide_stop_2atr_horizon_12,base,12,4.0,5.0,2025-10-11 03:00:00+00:00,LTCUSDT,0.02080418912353945,1.3605834959163476,0
next_open,drop3_breadth4,-0.03,4,wide_stop_2atr_horizon_12,base,12,4.0,5.0,2025-10-29 21:45:00+00:00,ETHUSDT,0.02234568326998123,1.382929179186329,0
next_open,drop3_breadth4,-0.03,4,wide_stop_2atr_horizon_12,base,12,4.0,5.0,2025-11-03 15:30:00+00:00,ADAUSDT,-0.015123592725416832,1.3678055864609122,0
next_open,drop3_breadth4,-0.03,4,wide_stop_2atr_horizon_12,base,12,4.0,5.0,2025-11-03 15:30:00+00:00,AVAXUSDT,-0.017914840107979814,1.3498907463529324,0
next_open,drop3_breadth4,-0.03,4,wide_stop_2atr_horizon_12,base,12,4.0,5.0,2025-11-03 15:30:00+00:00,LINKUSDT,-0.017352132581687975,1.3325386137712445,0
next_open,drop3_breadth4,-0.03,4,wide_stop_2atr_horizon_12,base,12,4.0,5.0,2025-11-03 15:30:00+00:00,SOLUSDT,-0.012664748232411347,1.3198738655388331,0
next_open,drop3_breadth4,-0.03,4,wide_stop_2atr_horizon_12,base,12,4.0,5.0,2026-01-19 03:15:00+00:00,ADAUSDT,0.009578005441723738,1.329451870980557,0
next_open,drop3_breadth4,-0.03,4,wide_stop_2atr_horizon_12,base,12,4.0,5.0,2026-01-19 03:15:00+00:00,AVAXUSDT,0.008491249927220414,1.3379431209077775,0
next_open,drop3_breadth4,-0.03,4,wide_stop_2atr_horizon_12,base,12,4.0,5.0,2026-01-19 03:15:00+00:00,LINKUSDT,7.289428304204715e-05,1.3380160151908196,0
next_open,drop3_breadth4,-0.03,4,wide_stop_2atr_horizon_12,base,12,4.0,5.0,2026-01-19 03:15:00+00:00,LTCUSDT,0.009883872617546221,1.347899887808366,0
next_open,drop3_breadth4,-0.03,4,wide_stop_2atr_horizon_12,base,12,4.0,5.0,2026-01-19 03:15:00+00:00,SOLUSDT,0.0025527891653963856,1.3504526769737624,0
next_open,drop3_breadth4,-0.03,4,wide_stop_2atr_horizon_12,base,12,4.0,5.0,2026-01-19 03:15:00+00:00,XRPUSDT,0.013296000083871242,1.3637486770576337,0
next_open,drop3_breadth4,-0.03,4,wide_stop_2atr_horizon_12,base,12,4.0,5.0,2026-01-30 02:15:00+00:00,ADAUSDT,-0.010266578301687621,1.3534820987559462,0
next_open,drop3_breadth4,-0.03,4,wide_stop_2atr_horizon_12,base,12,4.0,5.0,2026-01-30 02:15:00+00:00,LTCUSDT,-0.00925449787394714,1.344227600881999,0
next_open,drop3_breadth4,-0.03,4,wide_stop_2atr_horizon_12,base,12,4.0,5.0,2026-01-30 02:15:00+00:00,XRPUSDT,-0.00973829226228604,1.3344893086197132,0
next_open,drop3_breadth4,-0.03,4,wide_stop_2atr_horizon_12,base,12,4.0,5.0,2026-01-31 18:30:00+00:00,ADAUSDT,-0.030104732627133292,1.3043845759925798,0
next_open,drop3_breadth4,-0.03,4,wide_stop_2atr_horizon_12,base,12,4.0,5.0,2026-01-31 18:30:00+00:00,ETHUSDT,-0.028274873829379522,1.2761097021632004,0
next_open,drop3_breadth4,-0.03,4,wide_stop_2atr_horizon_12,base,12,4.0,5.0,2026-01-31 18:30:00+00:00,LINKUSDT,-0.029569250063635734,1.2465404520995647,0
next_open,drop3_breadth4,-0.03,4,wide_stop_2atr_horizon_12,base,12,4.0,5.0,2026-01-31 18:30:00+00:00,LTCUSDT,-0.030486547812585064,1.2160539042869796,0
next_open,drop3_breadth4,-0.03,4,wide_stop_2atr_horizon_12,base,12,4.0,5.0,2026-01-31 18:30:00+00:00,SOLUSDT,-0.03281215222617226,1.1832417520608074,0
next_open,drop3_breadth4,-0.03,4,wide_stop_2atr_horizon_12,base,12,4.0,5.0,2026-01-31 18:30:00+00:00,XRPUSDT,-0.027690314257145056,1.1555514378036624,0
next_open,drop3_breadth4,-0.03,4,wide_stop_2atr_horizon_12,base,12,4.0,5.0,2026-02-05 15:30:00+00:00,LINKUSDT,-0.026433972385329164,1.1291174654183334,2
next_open,drop3_breadth4,-0.03,4,wide_stop_2atr_horizon_12,base,12,4.0,5.0,2026-02-05 18:15:00+00:00,AVAXUSDT,-0.012240840604647005,1.1168766248136863,1
next_open,drop3_breadth4,-0.03,4,wide_stop_2atr_horizon_12,base,12,4.0,5.0,2026-02-05 18:30:00+00:00,ETHUSDT,-0.00671176978798369,1.1101648550257026,0
next_open,drop3_breadth4,-0.03,4,wide_stop_2atr_horizon_12,base,12,4.0,5.0,2026-02-05 23:30:00+00:00,AVAXUSDT,-0.009180984099774612,1.100983870925928,0
next_open,drop3_breadth4,-0.03,4,wide_stop_2atr_horizon_12,base,12,4.0,5.0,2026-02-05 23:30:00+00:00,SOLUSDT,-2.0788944202631437e-05,1.1009630819817255,0
next_open,drop3_breadth4,-0.03,4,wide_stop_2atr_horizon_12,base,12,4.0,5.0,2026-02-05 23:30:00+00:00,XRPUSDT,0.053738915912958346,1.154701997894684,0
next_open,drop3_breadth4,-0.03,4,wide_stop_2atr_horizon_12,base,12,4.0,5.0,2026-02-06 00:15:00+00:00,SOLUSDT,-0.05250903715335761,1.1021929607413263,8
next_open,drop3_breadth4,-0.03,4,wide_stop_2atr_horizon_12,base,12,4.0,5.0,2026-02-06 03:15:00+00:00,ADAUSDT,0.07839949274926253,1.180592453490589,0
next_open,drop3_breadth4,-0.03,4,wide_stop_2atr_horizon_12,base,12,4.0,5.0,2026-02-06 03:15:00+00:00,AVAXUSDT,0.06392590922254851,1.2445183627131375,0
next_open,drop3_breadth4,-0.03,4,wide_stop_2atr_horizon_12,base,12,4.0,5.0,2026-02-06 03:15:00+00:00,BNBUSDT,0.0641408437990715,1.3086592065122091,0
next_open,drop3_breadth4,-0.03,4,wide_stop_2atr_horizon_12,base,12,4.0,5.0,2026-02-06 03:15:00+00:00,BTCUSDT,0.07222438447164584,1.380883590983855,0
next_open,drop3_breadth4,-0.03,4,wide_stop_2atr_horizon_12,base,12,4.0,5.0,2026-02-06 03:15:00+00:00,ETHUSDT,0.07181910408187689,1.452702695065732,0
next_open,drop3_breadth4,-0.03,4,wide_stop_2atr_horizon_12,base,12,4.0,5.0,2026-02-06 03:15:00+00:00,LINKUSDT,0.08559278251625937,1.5382954775819915,0
next_open,drop3_breadth4,-0.03,4,wide_stop_2atr_horizon_12,base,12,4.0,5.0,2026-02-06 03:15:00+00:00,LTCUSDT,0.06767024439998429,1.6059657219819758,0
next_open,drop3_breadth4,-0.03,4,wide_stop_2atr_horizon_12,base,12,4.0,5.0,2026-02-06 03:15:00+00:00,XRPUSDT,0.10652375184185994,1.7124894738238359,0
next_close,drop3_breadth4,-0.03,4,wide_stop_2atr_horizon_12,stress,12,8.0,10.0,2025-05-30 04:00:00+00:00,ADAUSDT,8.937215974307434e-05,8.937215974307434e-05,0
next_close,drop3_breadth4,-0.03,4,wide_stop_2atr_horizon_12,stress,12,8.0,10.0,2025-05-30 04:00:00+00:00,AVAXUSDT,0.0007423416594510194,0.0008317138191940937,0
next_close,drop3_breadth4,-0.03,4,wide_stop_2atr_horizon_12,stress,12,8.0,10.0,2025-05-30 04:00:00+00:00,LINKUSDT,0.0008576700859415546,0.0016893839051356483,0
next_close,drop3_breadth4,-0.03,4,wide_stop_2atr_horizon_12,stress,12,8.0,10.0,2025-05-30 04:00:00+00:00,LTCUSDT,0.0014379887773483995,0.003127372682484048,0
next_close,drop3_breadth4,-0.03,4,wide_stop_2atr_horizon_12,stress,12,8.0,10.0,2025-05-30 04:00:00+00:00,XRPUSDT,0.006810691819501936,0.009938064501985984,0
next_close,drop3_breadth4,-0.03,4,wide_stop_2atr_horizon_12,stress,12,8.0,10.0,2025-06-13 00:30:00+00:00,AVAXUSDT,-0.017658581776525746,-0.007720517274539762,0
next_close,drop3_breadth4,-0.03,4,wide_stop_2atr_horizon_12,stress,12,8.0,10.0,2025-06-22 16:30:00+00:00,ADAUSDT,-0.012870299666203965,-0.020590816940743727,0
next_close,drop3_breadth4,-0.03,4,wide_stop_2atr_horizon_12,stress,12,8.0,10.0,2025-06-22 16:30:00+00:00,LINKUSDT,-0.008586699172965905,-0.029177516113709633,0
next_close,drop3_breadth4,-0.03,4,wide_stop_2atr_horizon_12,stress,12,8.0,10.0,2025-06-22 16:30:00+00:00,SOLUSDT,0.007358732609924746,-0.021818783503784887,0
next_close,drop3_breadth4,-0.03,4,wide_stop_2atr_horizon_12,stress,12,8.0,10.0,2025-09-22 09:15:00+00:00,LINKUSDT,0.001785881580089345,-0.020032901923695542,0
next_close,drop3_breadth4,-0.03,4,wide_stop_2atr_horizon_12,stress,12,8.0,10.0,2025-10-10 21:15:00+00:00,ADAUSDT,-0.021533593743659103,-0.041566495667354646,7
next_close,drop3_breadth4,-0.03,4,wide_stop_2atr_horizon_12,stress,12,8.0,10.0,2025-10-10 21:15:00+00:00,AVAXUSDT,-0.021337784601330574,-0.06290428026868522,7
next_close,drop3_breadth4,-0.03,4,wide_stop_2atr_horizon_12,stress,12,8.0,10.0,2025-10-10 21:15:00+00:00,ETHUSDT,-0.021674406936125497,-0.08457868720481071,7
next_close,drop3_breadth4,-0.03,4,wide_stop_2atr_horizon_12,stress,12,8.0,10.0,2025-10-10 21:15:00+00:00,LINKUSDT,-0.025028170845907534,-0.10960685805071824,7
next_close,drop3_breadth4,-0.03,4,wide_stop_2atr_horizon_12,stress,12,8.0,10.0,2025-10-10 21:15:00+00:00,SOLUSDT,-0.023251184756360184,-0.1328580428070784,7
next_close,drop3_breadth4,-0.03,4,wide_stop_2atr_horizon_12,stress,12,8.0,10.0,2025-10-10 21:15:00+00:00,XRPUSDT,-0.022243379958552918,-0.15510142276563132,7
next_close,drop3_breadth4,-0.03,4,wide_stop_2atr_horizon_12,stress,12,8.0,10.0,2025-10-10 21:45:00+00:00,SOLUSDT,-0.047404479874427155,-0.20250590264005847,12
next_close,drop3_breadth4,-0.03,4,wide_stop_2atr_horizon_12,stress,12,8.0,10.0,2025-10-10 22:00:00+00:00,ADAUSDT,-0.061887483815560154,-0.2643933864556186,8
next_close,drop3_breadth4,-0.03,4,wide_stop_2atr_horizon_12,stress,12,8.0,10.0,2025-10-10 22:00:00+00:00,AVAXUSDT,-0.055468928076914795,-0.3198623145325334,8
next_close,drop3_breadth4,-0.03,4,wide_stop_2atr_horizon_12,stress,12,8.0,10.0,2025-10-10 22:00:00+00:00,LINKUSDT,-0.058960462903175984,-0.37882277743570936,8
next_close,drop3_breadth4,-0.03,4,wide_stop_2atr_horizon_12,stress,12,8.0,10.0,2025-10-10 22:00:00+00:00,XRPUSDT,-0.06106618449602881,-0.43988896193173815,8
next_close,drop3_breadth4,-0.03,4,wide_stop_2atr_horizon_12,stress,12,8.0,10.0,2025-10-11 00:15:00+00:00,ADAUSDT,0.39122787524975045,-0.04866108668198771,8
next_close,drop3_breadth4,-0.03,4,wide_stop_2atr_horizon_12,stress,12,8.0,10.0,2025-10-11 00:15:00+00:00,AVAXUSDT,0.16411579764410839,0.11545471096212068,8
next_close,drop3_breadth4,-0.03,4,wide_stop_2atr_horizon_12,stress,12,8.0,10.0,2025-10-11 00:15:00+00:00,BNBUSDT,0.12822659791494867,0.24368130887706935,8
next_close,drop3_breadth4,-0.03,4,wide_stop_2atr_horizon_12,stress,12,8.0,10.0,2025-10-11 00:15:00+00:00,ETHUSDT,0.05886540648082077,0.30254671535789013,8
next_close,drop3_breadth4,-0.03,4,wide_stop_2atr_horizon_12,stress,12,8.0,10.0,2025-10-11 00:15:00+00:00,LINKUSDT,0.3340268865563689,0.636573601914259,8
next_close,drop3_breadth4,-0.03,4,wide_stop_2atr_horizon_12,stress,12,8.0,10.0,2025-10-11 00:15:00+00:00,SOLUSDT,0.07420785295366478,0.7107814548679239,8
next_close,drop3_breadth4,-0.03,4,wide_stop_2atr_horizon_12,stress,12,8.0,10.0,2025-10-11 00:15:00+00:00,XRPUSDT,0.21766684426684463,0.9284482991347685,8
next_close,drop3_breadth4,-0.03,4,wide_stop_2atr_horizon_12,stress,12,8.0,10.0,2025-10-11 00:30:00+00:00,BNBUSDT,0.014356974616131436,0.9428052737508998,7
next_close,drop3_breadth4,-0.03,4,wide_stop_2atr_horizon_12,stress,12,8.0,10.0,2025-10-11 01:30:00+00:00,ADAUSDT,0.07222765774433865,1.0150329314952384,3
next_close,drop3_breadth4,-0.03,4,wide_stop_2atr_horizon_12,stress,12,8.0,10.0,2025-10-11 01:30:00+00:00,AVAXUSDT,0.013904834231389707,1.028937765726628,3
next_close,drop3_breadth4,-0.03,4,wide_stop_2atr_horizon_12,stress,12,8.0,10.0,2025-10-11 01:30:00+00:00,LINKUSDT,0.039854850113552096,1.0687926158401801,3
next_close,drop3_breadth4,-0.03,4,wide_stop_2atr_horizon_12,stress,12,8.0,10.0,2025-10-11 01:30:00+00:00,LTCUSDT,-0.0007606792701874796,1.0680319365699926,3
next_close,drop3_breadth4,-0.03,4,wide_stop_2atr_horizon_12,stress,12,8.0,10.0,2025-10-11 03:00:00+00:00,AVAXUSDT,0.05510517900422833,1.123137115574221,0
next_close,drop3_breadth4,-0.03,4,wide_stop_2atr_horizon_12,stress,12,8.0,10.0,2025-10-11 03:00:00+00:00,LINKUSDT,0.0031541472918462,1.126291262866067,0
next_close,drop3_breadth4,-0.03,4,wide_stop_2atr_horizon_12,stress,12,8.0,10.0,2025-10-11 03:00:00+00:00,LTCUSDT,0.008443330902226754,1.1347345937682938,0
next_close,drop3_breadth4,-0.03,4,wide_stop_2atr_horizon_12,stress,12,8.0,10.0,2025-10-29 21:45:00+00:00,ETHUSDT,0.006373631817587367,1.141108225585881,0
next_close,drop3_breadth4,-0.03,4,wide_stop_2atr_horizon_12,stress,12,8.0,10.0,2025-11-03 15:45:00+00:00,SOLUSDT,-0.01395406592181576,1.1271541596640653,3
next_close,drop3_breadth4,-0.03,4,wide_stop_2atr_horizon_12,stress,12,8.0,10.0,2025-11-03 18:30:00+00:00,ADAUSDT,0.013780592561800687,1.140934752225866,0
next_close,drop3_breadth4,-0.03,4,wide_stop_2atr_horizon_12,stress,12,8.0,10.0,2025-11-03 18:30:00+00:00,AVAXUSDT,0.02387549467268118,1.164810246898547,0
next_close,drop3_breadth4,-0.03,4,wide_stop_2atr_horizon_12,stress,12,8.0,10.0,2025-11-03 18:30:00+00:00,LINKUSDT,0.01446538258121981,1.1792756294797668,0
next_close,drop3_breadth4,-0.03,4,wide_stop_2atr_horizon_12,stress,12,8.0,10.0,2026-01-19 03:15:00+00:00,ADAUSDT,0.008329203647936368,1.1876048331277032,0
next_close,drop3_breadth4,-0.03,4,wide_stop_2atr_horizon_12,stress,12,8.0,10.0,2026-01-19 03:15:00+00:00,AVAXUSDT,0.006360507601283639,1.1939653407289867,0
next_close,drop3_breadth4,-0.03,4,wide_stop_2atr_horizon_12,stress,12,8.0,10.0,2026-01-19 03:15:00+00:00,LINKUSDT,-0.0024297461863872034,1.1915355945425996,0
next_close,drop3_breadth4,-0.03,4,wide_stop_2atr_horizon_12,stress,12,8.0,10.0,2026-01-19 03:15:00+00:00,LTCUSDT,0.008073693329483201,1.1996092878720828,0
next_close,drop3_breadth4,-0.03,4,wide_stop_2atr_horizon_12,stress,12,8.0,10.0,2026-01-19 03:15:00+00:00,SOLUSDT,-0.005460501994273125,1.1941487858778097,0
next_close,drop3_breadth4,-0.03,4,wide_stop_2atr_horizon_12,stress,12,8.0,10.0,2026-01-19 03:15:00+00:00,XRPUSDT,0.008179051754104983,1.2023278376319146,0
next_close,drop3_breadth4,-0.03,4,wide_stop_2atr_horizon_12,stress,12,8.0,10.0,2026-01-30 02:00:00+00:00,LTCUSDT,-0.010479078976860467,1.1918487586550541,2
next_close,drop3_breadth4,-0.03,4,wide_stop_2atr_horizon_12,stress,12,8.0,10.0,2026-01-30 02:15:00+00:00,ADAUSDT,-0.011458909685355744,1.1803898489696985,0
next_close,drop3_breadth4,-0.03,4,wide_stop_2atr_horizon_12,stress,12,8.0,10.0,2026-01-30 02:15:00+00:00,XRPUSDT,-0.010975580463492517,1.169414268506206,0
next_close,drop3_breadth4,-0.03,4,wide_stop_2atr_horizon_12,stress,12,8.0,10.0,2026-01-31 18:30:00+00:00,ADAUSDT,-0.031194326931333567,1.1382199415748724,0
next_close,drop3_breadth4,-0.03,4,wide_stop_2atr_horizon_12,stress,12,8.0,10.0,2026-01-31 18:30:00+00:00,ETHUSDT,-0.029402301025789175,1.1088176405490833,0
next_close,drop3_breadth4,-0.03,4,wide_stop_2atr_horizon_12,stress,12,8.0,10.0,2026-01-31 18:30:00+00:00,LINKUSDT,-0.030674251948885796,1.0781433886001974,0
next_close,drop3_breadth4,-0.03,4,wide_stop_2atr_horizon_12,stress,12,8.0,10.0,2026-01-31 18:30:00+00:00,LTCUSDT,-0.0316175083488674,1.04652588025133,0
next_close,drop3_breadth4,-0.03,4,wide_stop_2atr_horizon_12,stress,12,8.0,10.0,2026-01-31 18:30:00+00:00,SOLUSDT,-0.03373225089660743,1.0127936293547226,0
next_close,drop3_breadth4,-0.03,4,wide_stop_2atr_horizon_12,stress,12,8.0,10.0,2026-01-31 18:30:00+00:00,XRPUSDT,-0.028842870502252933,0.9839507588524696,0
next_close,drop3_breadth4,-0.03,4,wide_stop_2atr_horizon_12,stress,12,8.0,10.0,2026-02-05 18:15:00+00:00,AVAXUSDT,4.2265178113833025e-05,0.9839930240305834,1
next_close,drop3_breadth4,-0.03,4,wide_stop_2atr_horizon_12,stress,12,8.0,10.0,2026-02-05 18:15:00+00:00,LINKUSDT,-0.012891716879109127,0.9711013071514742,1
next_close,drop3_breadth4,-0.03,4,wide_stop_2atr_horizon_12,stress,12,8.0,10.0,2026-02-05 18:30:00+00:00,ETHUSDT,-0.024362706008179087,0.9467386011432951,0
next_close,drop3_breadth4,-0.03,4,wide_stop_2atr_horizon_12,stress,12,8.0,10.0,2026-02-05 23:30:00+00:00,AVAXUSDT,-0.021715685328463637,0.9250229158148314,0
next_close,drop3_breadth4,-0.03,4,wide_stop_2atr_horizon_12,stress,12,8.0,10.0,2026-02-05 23:30:00+00:00,SOLUSDT,-0.011516657649655215,0.9135062581651762,0
next_close,drop3_breadth4,-0.03,4,wide_stop_2atr_horizon_12,stress,12,8.0,10.0,2026-02-05 23:30:00+00:00,XRPUSDT,0.017776423793725064,0.9312826819589012,0
next_close,drop3_breadth4,-0.03,4,wide_stop_2atr_horizon_12,stress,12,8.0,10.0,2026-02-06 03:15:00+00:00,ADAUSDT,0.06488810835258857,0.9961707903114898,0
next_close,drop3_breadth4,-0.03,4,wide_stop_2atr_horizon_12,stress,12,8.0,10.0,2026-02-06 03:15:00+00:00,AVAXUSDT,0.05108355497713295,1.0472543452886227,0
next_close,drop3_breadth4,-0.03,4,wide_stop_2atr_horizon_12,stress,12,8.0,10.0,2026-02-06 03:15:00+00:00,BNBUSDT,0.05126913355073941,1.098523478839362,0
next_close,drop3_breadth4,-0.03,4,wide_stop_2atr_horizon_12,stress,12,8.0,10.0,2026-02-06 03:15:00+00:00,BTCUSDT,0.05082222378914718,1.1493457026285092,0
next_close,drop3_breadth4,-0.03,4,wide_stop_2atr_horizon_12,stress,12,8.0,10.0,2026-02-06 03:15:00+00:00,ETHUSDT,0.058555505605568034,1.2079012082340772,0
next_close,drop3_breadth4,-0.03,4,wide_stop_2atr_horizon_12,stress,12,8.0,10.0,2026-02-06 03:15:00+00:00,LINKUSDT,0.07094543959514571,1.2788466478292229,0
next_close,drop3_breadth4,-0.03,4,wide_stop_2atr_horizon_12,stress,12,8.0,10.0,2026-02-06 03:15:00+00:00,LTCUSDT,0.05811664929733555,1.3369632971265584,0
next_close,drop3_breadth4,-0.03,4,wide_stop_2atr_horizon_12,stress,12,8.0,10.0,2026-02-06 03:15:00+00:00,SOLUSDT,0.07388400966122505,1.4108473067877834,0
next_close,drop3_breadth4,-0.03,4,wide_stop_2atr_horizon_12,stress,12,8.0,10.0,2026-02-06 03:15:00+00:00,XRPUSDT,0.09627143137819522,1.5071187381659785,0
next_open,drop3_breadth4,-0.03,4,wide_stop_2atr_horizon_12,stress,12,8.0,10.0,2025-05-30 04:00:00+00:00,ADAUSDT,0.01746724185168596,0.01746724185168596,0
next_open,drop3_breadth4,-0.03,4,wide_stop_2atr_horizon_12,stress,12,8.0,10.0,2025-05-30 04:00:00+00:00,AVAXUSDT,0.010198401486426967,0.027665643338112927,0
next_open,drop3_breadth4,-0.03,4,wide_stop_2atr_horizon_12,stress,12,8.0,10.0,2025-05-30 04:00:00+00:00,LINKUSDT,0.013053866711708873,0.0407195100498218,0
next_open,drop3_breadth4,-0.03,4,wide_stop_2atr_horizon_12,stress,12,8.0,10.0,2025-05-30 04:00:00+00:00,LTCUSDT,0.011327252209405936,0.05204676225922773,0
next_open,drop3_breadth4,-0.03,4,wide_stop_2atr_horizon_12,stress,12,8.0,10.0,2025-05-30 04:00:00+00:00,XRPUSDT,0.021411097214076462,0.07345785947330419,0
next_open,drop3_breadth4,-0.03,4,wide_stop_2atr_horizon_12,stress,12,8.0,10.0,2025-06-13 00:30:00+00:00,AVAXUSDT,-0.017472380098747582,0.055985479374556606,0
next_open,drop3_breadth4,-0.03,4,wide_stop_2atr_horizon_12,stress,12,8.0,10.0,2025-06-22 16:30:00+00:00,ADAUSDT,-0.014741476237615524,0.041244003136941085,0
next_open,drop3_breadth4,-0.03,4,wide_stop_2atr_horizon_12,stress,12,8.0,10.0,2025-06-22 16:30:00+00:00,LINKUSDT,-0.010498847323354887,0.030745155813586198,0
next_open,drop3_breadth4,-0.03,4,wide_stop_2atr_horizon_12,stress,12,8.0,10.0,2025-06-22 16:30:00+00:00,SOLUSDT,0.004911910994426939,0.03565706680801314,0
next_open,drop3_breadth4,-0.03,4,wide_stop_2atr_horizon_12,stress,12,8.0,10.0,2025-09-22 09:15:00+00:00,LINKUSDT,0.007564268694990651,0.04322133550300379,0
next_open,drop3_breadth4,-0.03,4,wide_stop_2atr_horizon_12,stress,12,8.0,10.0,2025-10-10 21:00:00+00:00,ADAUSDT,-0.019775398897970704,0.023445936605033087,0
next_open,drop3_breadth4,-0.03,4,wide_stop_2atr_horizon_12,stress,12,8.0,10.0,2025-10-10 21:00:00+00:00,AVAXUSDT,-0.019872607059709897,0.0035733295453231895,0
next_open,drop3_breadth4,-0.03,4,wide_stop_2atr_horizon_12,stress,12,8.0,10.0,2025-10-10 21:00:00+00:00,ETHUSDT,-0.02097500148613169,-0.0174016719408085,0
next_open,drop3_breadth4,-0.03,4,wide_stop_2atr_horizon_12,stress,12,8.0,10.0,2025-10-10 21:00:00+00:00,LINKUSDT,-0.023230286946207275,-0.040631958887015776,0
next_open,drop3_breadth4,-0.03,4,wide_stop_2atr_horizon_12,stress,12,8.0,10.0,2025-10-10 21:00:00+00:00,SOLUSDT,-0.022024807566612355,-0.06265676645362814,0
next_open,drop3_breadth4,-0.03,4,wide_stop_2atr_horizon_12,stress,12,8.0,10.0,2025-10-10 21:00:00+00:00,XRPUSDT,-0.020620662540399022,-0.08327742899402715,0
next_open,drop3_breadth4,-0.03,4,wide_stop_2atr_horizon_12,stress,12,8.0,10.0,2025-10-10 21:15:00+00:00,ADAUSDT,-0.03661557265617883,-0.11989300165020599,0
next_open,drop3_breadth4,-0.03,4,wide_stop_2atr_horizon_12,stress,12,8.0,10.0,2025-10-10 21:15:00+00:00,AVAXUSDT,-0.0353355740406764,-0.1552285756908824,0
next_open,drop3_breadth4,-0.03,4,wide_stop_2atr_horizon_12,stress,12,8.0,10.0,2025-10-10 21:15:00+00:00,BNBUSDT,-0.026512291799723094,-0.18174086749060547,0
next_open,drop3_breadth4,-0.03,4,wide_stop_2atr_horizon_12,stress,12,8.0,10.0,2025-10-10 21:15:00+00:00,ETHUSDT,-0.02790029948717005,-0.20964116697777552,0
next_open,drop3_breadth4,-0.03,4,wide_stop_2atr_horizon_12,stress,12,8.0,10.0,2025-10-10 21:15:00+00:00,LINKUSDT,-0.036305985392272436,-0.24594715237004794,0
next_open,drop3_breadth4,-0.03,4,wide_stop_2atr_horizon_12,stress,12,8.0,10.0,2025-10-10 21:15:00+00:00,SOLUSDT,-0.03349977793708932,-0.27944693030713724,0
next_open,drop3_breadth4,-0.03,4,wide_stop_2atr_horizon_12,stress,12,8.0,10.0,2025-10-10 21:15:00+00:00,XRPUSDT,-0.039433672213882345,-0.3188806025210196,0
next_open,drop3_breadth4,-0.03,4,wide_stop_2atr_horizon_12,stress,12,8.0,10.0,2025-10-11 00:30:00+00:00,ADAUSDT,0.389193411405258,0.07031280888423841,7
next_open,drop3_breadth4,-0.03,4,wide_stop_2atr_horizon_12,stress,12,8.0,10.0,2025-10-11 00:30:00+00:00,AVAXUSDT,0.1563318457844845,0.2266446546687229,7
next_open,drop3_breadth4,-0.03,4,wide_stop_2atr_horizon_12,stress,12,8.0,10.0,2025-10-11 00:30:00+00:00,BNBUSDT,0.13147275966732602,0.35811741433604893,7
next_open,drop3_breadth4,-0.03,4,wide_stop_2atr_horizon_12,stress,12,8.0,10.0,2025-10-11 00:30:00+00:00,LINKUSDT,0.341439566456899,0.6995569807929479,7
next_open,drop3_breadth4,-0.03,4,wide_stop_2atr_horizon_12,stress,12,8.0,10.0,2025-10-11 00:30:00+00:00,SOLUSDT,0.08309503609110674,0.7826520168840547,7
next_open,drop3_breadth4,-0.03,4,wide_stop_2atr_horizon_12,stress,12,8.0,10.0,2025-10-11 00:30:00+00:00,XRPUSDT,0.21239018698262485,0.9950422038666795,7
next_open,drop3_breadth4,-0.03,4,wide_stop_2atr_horizon_12,stress,12,8.0,10.0,2025-10-11 01:30:00+00:00,ADAUSDT,0.08128715416814597,1.0763293580348254,3
next_open,drop3_breadth4,-0.03,4,wide_stop_2atr_horizon_12,stress,12,8.0,10.0,2025-10-11 01:30:00+00:00,AVAXUSDT,0.02840631150645994,1.1047356695412853,3
next_open,drop3_breadth4,-0.03,4,wide_stop_2atr_horizon_12,stress,12,8.0,10.0,2025-10-11 01:30:00+00:00,LINKUSDT,0.06165959485343335,1.1663952643947186,3
next_open,drop3_breadth4,-0.03,4,wide_stop_2atr_horizon_12,stress,12,8.0,10.0,2025-10-11 01:30:00+00:00,LTCUSDT,0.03742175655564366,1.2038170209503622,3
next_open,drop3_breadth4,-0.03,4,wide_stop_2atr_horizon_12,stress,12,8.0,10.0,2025-10-11 03:00:00+00:00,AVAXUSDT,0.06602441458992186,1.269841435540284,0
next_open,drop3_breadth4,-0.03,4,wide_stop_2atr_horizon_12,stress,12,8.0,10.0,2025-10-11 03:00:00+00:00,LINKUSDT,0.012574262568267037,1.282415698108551,0
next_open,drop3_breadth4,-0.03,4,wide_stop_2atr_horizon_12,stress,12,8.0,10.0,2025-10-11 03:00:00+00:00,LTCUSDT,0.01898309497094513,1.3013987930794961,0
next_open,drop3_breadth4,-0.03,4,wide_stop_2atr_horizon_12,stress,12,8.0,10.0,2025-10-29 21:45:00+00:00,ETHUSDT,0.020523048392832526,1.3219218414723286,0
next_open,drop3_breadth4,-0.03,4,wide_stop_2atr_horizon_12,stress,12,8.0,10.0,2025-11-03 15:30:00+00:00,ADAUSDT,-0.01640977603412892,1.3055120654381998,0
next_open,drop3_breadth4,-0.03,4,wide_stop_2atr_horizon_12,stress,12,8.0,10.0,2025-11-03 15:30:00+00:00,AVAXUSDT,-0.019198233562841067,1.2863138318753586,0
next_open,drop3_breadth4,-0.03,4,wide_stop_2atr_horizon_12,stress,12,8.0,10.0,2025-11-03 15:30:00+00:00,LINKUSDT,-0.018636088463143526,1.267677743412215,0
next_open,drop3_breadth4,-0.03,4,wide_stop_2atr_horizon_12,stress,12,8.0,10.0,2025-11-03 15:30:00+00:00,SOLUSDT,-0.013953389158036743,1.2537243542541783,0
next_open,drop3_breadth4,-0.03,4,wide_stop_2atr_horizon_12,stress,12,8.0,10.0,2026-01-19 03:15:00+00:00,ADAUSDT,0.007768131868132012,1.2614924861223102,0
next_open,drop3_breadth4,-0.03,4,wide_stop_2atr_horizon_12,stress,12,8.0,10.0,2026-01-19 03:15:00+00:00,AVAXUSDT,0.00668246256658005,1.2681749486888902,0
next_open,drop3_breadth4,-0.03,4,wide_stop_2atr_horizon_12,stress,12,8.0,10.0,2026-01-19 03:15:00+00:00,LINKUSDT,-0.0017274789248235653,1.2664474697640666,0
next_open,drop3_breadth4,-0.03,4,wide_stop_2atr_horizon_12,stress,12,8.0,10.0,2026-01-19 03:15:00+00:00,LTCUSDT,0.008073693329483201,1.2745211630935498,0
next_open,drop3_breadth4,-0.03,4,wide_stop_2atr_horizon_12,stress,12,8.0,10.0,2026-01-19 03:15:00+00:00,SOLUSDT,0.0007499373007374036,1.2752711003942871,0
next_open,drop3_breadth4,-0.03,4,wide_stop_2atr_horizon_12,stress,12,8.0,10.0,2026-01-19 03:15:00+00:00,XRPUSDT,0.011482410371848762,1.2867535107661359,0
next_open,drop3_breadth4,-0.03,4,wide_stop_2atr_horizon_12,stress,12,8.0,10.0,2026-01-30 02:15:00+00:00,ADAUSDT,-0.011557616199955944,1.2751958945661799,0
next_open,drop3_breadth4,-0.03,4,wide_stop_2atr_horizon_12,stress,12,8.0,10.0,2026-01-30 02:15:00+00:00,LTCUSDT,-0.010546547347361334,1.2646493472188185,0
next_open,drop3_breadth4,-0.03,4,wide_stop_2atr_horizon_12,stress,12,8.0,10.0,2026-01-30 02:15:00+00:00,XRPUSDT,-0.011029858182846474,1.253619489035972,0
next_open,drop3_breadth4,-0.03,4,wide_stop_2atr_horizon_12,stress,12,8.0,10.0,2026-01-31 18:30:00+00:00,ADAUSDT,-0.03137594227528679,1.2222435467606851,0
next_open,drop3_breadth4,-0.03,4,wide_stop_2atr_horizon_12,stress,12,8.0,10.0,2026-01-31 18:30:00+00:00,ETHUSDT,-0.029547912422772722,1.1926956343379125,0
next_open,drop3_breadth4,-0.03,4,wide_stop_2atr_horizon_12,stress,12,8.0,10.0,2026-01-31 18:30:00+00:00,LINKUSDT,-0.030840994927012817,1.1618546394108997,0
next_open,drop3_breadth4,-0.03,4,wide_stop_2atr_horizon_12,stress,12,8.0,10.0,2026-01-31 18:30:00+00:00,LTCUSDT,-0.031757375836174724,1.130097263574725,0
next_open,drop3_breadth4,-0.03,4,wide_stop_2atr_horizon_12,stress,12,8.0,10.0,2026-01-31 18:30:00+00:00,SOLUSDT,-0.0340806558064078,1.0960166077683173,0
next_open,drop3_breadth4,-0.03,4,wide_stop_2atr_horizon_12,stress,12,8.0,10.0,2026-01-31 18:30:00+00:00,XRPUSDT,-0.028963937118269008,1.0670526706500483,0
next_open,drop3_breadth4,-0.03,4,wide_stop_2atr_horizon_12,stress,12,8.0,10.0,2026-02-05 15:15:00+00:00,LINKUSDT,-0.027708850961095384,1.0393438196889528,1
next_open,drop3_breadth4,-0.03,4,wide_stop_2atr_horizon_12,stress,12,8.0,10.0,2026-02-05 18:15:00+00:00,AVAXUSDT,-0.014028906225264825,1.025314913463688,1
next_open,drop3_breadth4,-0.03,4,wide_stop_2atr_horizon_12,stress,12,8.0,10.0,2026-02-05 18:30:00+00:00,ETHUSDT,-0.008505361719026116,1.016809551744662,0
next_open,drop3_breadth4,-0.03,4,wide_stop_2atr_horizon_12,stress,12,8.0,10.0,2026-02-05 23:30:00+00:00,AVAXUSDT,-0.01097210804926203,1.0058374436954,0
next_open,drop3_breadth4,-0.03,4,wide_stop_2atr_horizon_12,stress,12,8.0,10.0,2026-02-05 23:30:00+00:00,SOLUSDT,-0.0018210685156125435,1.0040163751797875,0
next_open,drop3_breadth4,-0.03,4,wide_stop_2atr_horizon_12,stress,12,8.0,10.0,2026-02-05 23:30:00+00:00,XRPUSDT,0.051884903476257446,1.0559012786560449,0
next_open,drop3_breadth4,-0.03,4,wide_stop_2atr_horizon_12,stress,12,8.0,10.0,2026-02-06 00:15:00+00:00,SOLUSDT,-0.053757853682347936,1.002143424973697,8
next_open,drop3_breadth4,-0.03,4,wide_stop_2atr_horizon_12,stress,12,8.0,10.0,2026-02-06 03:15:00+00:00,ADAUSDT,0.07652083204753374,1.0786642570212306,0
next_open,drop3_breadth4,-0.03,4,wide_stop_2atr_horizon_12,stress,12,8.0,10.0,2026-02-06 03:15:00+00:00,AVAXUSDT,0.06206171487840089,1.1407259718996314,0
next_open,drop3_breadth4,-0.03,4,wide_stop_2atr_horizon_12,stress,12,8.0,10.0,2026-02-06 03:15:00+00:00,BNBUSDT,0.06227643462765369,1.203002406527285,0
next_open,drop3_breadth4,-0.03,4,wide_stop_2atr_horizon_12,stress,12,8.0,10.0,2026-02-06 03:15:00+00:00,BTCUSDT,0.07035189579526807,1.273354302322553,0
next_open,drop3_breadth4,-0.03,4,wide_stop_2atr_horizon_12,stress,12,8.0,10.0,2026-02-06 03:15:00+00:00,ETHUSDT,0.06994702048355222,1.3433013228061053,0
next_open,drop3_breadth4,-0.03,4,wide_stop_2atr_horizon_12,stress,12,8.0,10.0,2026-02-06 03:15:00+00:00,LINKUSDT,0.08370693211601804,1.4270082549221232,0
next_open,drop3_breadth4,-0.03,4,wide_stop_2atr_horizon_12,stress,12,8.0,10.0,2026-02-06 03:15:00+00:00,LTCUSDT,0.06580230759002098,1.4928105625121442,0
next_open,drop3_breadth4,-0.03,4,wide_stop_2atr_horizon_12,stress,12,8.0,10.0,2026-02-06 03:15:00+00:00,XRPUSDT,0.10461698092209232,1.5974275434342364,0
next_close,drop3_breadth5,-0.03,5,pure_horizon_12,base,12,4.0,5.0,2025-05-30 04:00:00+00:00,ADAUSDT,0.0018915631284829543,0.0018915631284829543,0
next_close,drop3_breadth5,-0.03,5,pure_horizon_12,base,12,4.0,5.0,2025-05-30 04:00:00+00:00,AVAXUSDT,0.00254518592466515,0.004436749053148104,0
next_close,drop3_breadth5,-0.03,5,pure_horizon_12,base,12,4.0,5.0,2025-05-30 04:00:00+00:00,LINKUSDT,0.002660629737332965,0.007097378790481069,0
next_close,drop3_breadth5,-0.03,5,pure_horizon_12,base,12,4.0,5.0,2025-05-30 04:00:00+00:00,LTCUSDT,0.0032415290380262366,0.010338907828507306,0
next_close,drop3_breadth5,-0.03,5,pure_horizon_12,base,12,4.0,5.0,2025-05-30 04:00:00+00:00,XRPUSDT,0.008619607473606596,0.018958515302113902,0
next_close,drop3_breadth5,-0.03,5,pure_horizon_12,base,12,4.0,5.0,2025-06-13 03:15:00+00:00,AVAXUSDT,-0.026196750849161822,-0.00723823554704792,0
next_close,drop3_breadth5,-0.03,5,pure_horizon_12,base,12,4.0,5.0,2025-06-22 16:30:00+00:00,ADAUSDT,-0.01108107485885421,-0.01831931040590213,0
next_close,drop3_breadth5,-0.03,5,pure_horizon_12,base,12,4.0,5.0,2025-06-22 16:30:00+00:00,LINKUSDT,-0.006793188620107115,-0.025112499026009247,0
next_close,drop3_breadth5,-0.03,5,pure_horizon_12,base,12,4.0,5.0,2025-06-22 16:30:00+00:00,SOLUSDT,0.0091681965792513,-0.015944302446757947,0
next_close,drop3_breadth5,-0.03,5,pure_horizon_12,base,12,4.0,5.0,2025-10-11 00:00:00+00:00,ADAUSDT,-0.0036421079961094,-0.019586410442867346,20
next_close,drop3_breadth5,-0.03,5,pure_horizon_12,base,12,4.0,5.0,2025-10-11 00:00:00+00:00,AVAXUSDT,-0.09807147100290267,-0.11765788144577002,20
next_close,drop3_breadth5,-0.03,5,pure_horizon_12,base,12,4.0,5.0,2025-10-11 00:00:00+00:00,ETHUSDT,0.03682370704898821,-0.08083417439678181,20
next_close,drop3_breadth5,-0.03,5,pure_horizon_12,base,12,4.0,5.0,2025-10-11 00:00:00+00:00,LINKUSDT,-0.030560122722912843,-0.11139429711969465,20
next_close,drop3_breadth5,-0.03,5,pure_horizon_12,base,12,4.0,5.0,2025-10-11 00:00:00+00:00,SOLUSDT,0.01740789756342389,-0.09398639955627075,20
next_close,drop3_breadth5,-0.03,5,pure_horizon_12,base,12,4.0,5.0,2025-10-11 00:00:00+00:00,XRPUSDT,0.03022226344358727,-0.06376413611268347,20
next_close,drop3_breadth5,-0.03,5,pure_horizon_12,base,12,4.0,5.0,2025-10-11 00:15:00+00:00,ADAUSDT,0.3934214005844302,0.3296572644717467,13
next_close,drop3_breadth5,-0.03,5,pure_horizon_12,base,12,4.0,5.0,2025-10-11 00:15:00+00:00,AVAXUSDT,0.1660820971746676,0.4957393616464143,13
next_close,drop3_breadth5,-0.03,5,pure_horizon_12,base,12,4.0,5.0,2025-10-11 00:15:00+00:00,BNBUSDT,0.13015699027423933,0.6258963519206536,13
next_close,drop3_breadth5,-0.03,5,pure_horizon_12,base,12,4.0,5.0,2025-10-11 00:15:00+00:00,ETHUSDT,0.06072640291601741,0.686622754836671,13
next_close,drop3_breadth5,-0.03,5,pure_horizon_12,base,12,4.0,5.0,2025-10-11 00:15:00+00:00,LINKUSDT,0.3361631822589245,1.0227859370955956,13
next_close,drop3_breadth5,-0.03,5,pure_horizon_12,base,12,4.0,5.0,2025-10-11 00:15:00+00:00,SOLUSDT,0.07608419951807402,1.0988701366136697,13
next_close,drop3_breadth5,-0.03,5,pure_horizon_12,base,12,4.0,5.0,2025-10-11 00:15:00+00:00,XRPUSDT,0.21968672165974634,1.318556858273416,13
next_close,drop3_breadth5,-0.03,5,pure_horizon_12,base,12,4.0,5.0,2025-10-11 00:30:00+00:00,ADAUSDT,0.07382405123012106,1.392380909503537,7
next_close,drop3_breadth5,-0.03,5,pure_horizon_12,base,12,4.0,5.0,2025-10-11 00:30:00+00:00,AVAXUSDT,-0.05849503609934456,1.3338858734041925,7
next_close,drop3_breadth5,-0.03,5,pure_horizon_12,base,12,4.0,5.0,2025-10-11 00:30:00+00:00,BNBUSDT,0.01617344033183845,1.350059313736031,7
next_close,drop3_breadth5,-0.03,5,pure_horizon_12,base,12,4.0,5.0,2025-10-11 00:30:00+00:00,LINKUSDT,0.07550045230798288,1.425559766044014,7
next_close,drop3_breadth5,-0.03,5,pure_horizon_12,base,12,4.0,5.0,2025-10-11 00:30:00+00:00,SOLUSDT,-0.028274324382603556,1.3972854416614104,7
next_close,drop3_breadth5,-0.03,5,pure_horizon_12,base,12,4.0,5.0,2025-10-11 00:30:00+00:00,XRPUSDT,0.03205233776797925,1.4293377794293898,7
next_close,drop3_breadth5,-0.03,5,pure_horizon_12,base,12,4.0,5.0,2025-10-11 01:30:00+00:00,ADAUSDT,0.07410202312195438,1.5034398025513442,3
next_close,drop3_breadth5,-0.03,5,pure_horizon_12,base,12,4.0,5.0,2025-10-11 01:30:00+00:00,AVAXUSDT,0.015720847580302254,1.5191606501316466,3
next_close,drop3_breadth5,-0.03,5,pure_horizon_12,base,12,4.0,5.0,2025-10-11 01:30:00+00:00,LINKUSDT,0.041696826472833376,1.56085747660448,3
next_close,drop3_breadth5,-0.03,5,pure_horizon_12,base,12,4.0,5.0,2025-10-11 01:30:00+00:00,LTCUSDT,0.0010406612214583174,1.5618981378259384,3
next_close,drop3_breadth5,-0.03,5,pure_horizon_12,base,12,4.0,5.0,2025-10-11 03:00:00+00:00,AVAXUSDT,0.056962413329012,1.6188605511549505,0
next_close,drop3_breadth5,-0.03,5,pure_horizon_12,base,12,4.0,5.0,2025-10-11 03:00:00+00:00,LINKUSDT,0.004959404570405912,1.6238199557253565,0
next_close,drop3_breadth5,-0.03,5,pure_horizon_12,base,12,4.0,5.0,2025-10-11 03:00:00+00:00,LTCUSDT,0.010253880012958929,1.6340738357383155,0
next_close,drop3_breadth5,-0.03,5,pure_horizon_12,base,12,4.0,5.0,2025-10-29 21:45:00+00:00,ETHUSDT,0.008182110192831573,1.6422559459311472,0
next_close,drop3_breadth5,-0.03,5,pure_horizon_12,base,12,4.0,5.0,2025-11-03 18:30:00+00:00,ADAUSDT,0.015596481606829382,1.6578524275379767,0
next_close,drop3_breadth5,-0.03,5,pure_horizon_12,base,12,4.0,5.0,2025-11-03 18:30:00+00:00,AVAXUSDT,0.02570148367484961,1.6835539112128264,0
next_close,drop3_breadth5,-0.03,5,pure_horizon_12,base,12,4.0,5.0,2025-11-03 18:30:00+00:00,LINKUSDT,0.016281956759177117,1.6998358679720036,0
next_close,drop3_breadth5,-0.03,5,pure_horizon_12,base,12,4.0,5.0,2025-11-03 18:30:00+00:00,SOLUSDT,0.0009993208927249427,1.7008351888647286,0
next_close,drop3_breadth5,-0.03,5,pure_horizon_12,base,12,4.0,5.0,2026-01-19 03:15:00+00:00,ADAUSDT,0.010139638574264833,1.7109748274389935,0
next_close,drop3_breadth5,-0.03,5,pure_horizon_12,base,12,4.0,5.0,2026-01-19 03:15:00+00:00,AVAXUSDT,0.008168972845739832,1.7191438002847335,0
next_close,drop3_breadth5,-0.03,5,pure_horizon_12,base,12,4.0,5.0,2026-01-19 03:15:00+00:00,LINKUSDT,-0.000630075597443857,1.7185137246872897,0
next_close,drop3_breadth5,-0.03,5,pure_horizon_12,base,12,4.0,5.0,2026-01-19 03:15:00+00:00,LTCUSDT,0.009883872617546221,1.728397597304836,0
next_close,drop3_breadth5,-0.03,5,pure_horizon_12,base,12,4.0,5.0,2026-01-19 03:15:00+00:00,SOLUSDT,-0.003663863678790657,1.7247337336260453,0
next_close,drop3_breadth5,-0.03,5,pure_horizon_12,base,12,4.0,5.0,2026-01-19 03:15:00+00:00,XRPUSDT,0.009989336453351118,1.7347230700793965,0
next_close,drop3_breadth5,-0.03,5,pure_horizon_12,base,12,4.0,5.0,2026-01-30 04:45:00+00:00,ADAUSDT,0.002175708350293926,1.7368987784296905,0
next_close,drop3_breadth5,-0.03,5,pure_horizon_12,base,12,4.0,5.0,2026-01-30 04:45:00+00:00,LTCUSDT,-0.00812228822297687,1.7287764902067138,0
next_close,drop3_breadth5,-0.03,5,pure_horizon_12,base,12,4.0,5.0,2026-01-30 04:45:00+00:00,XRPUSDT,0.0022420402334447868,1.7310185304401586,0
next_close,drop3_breadth5,-0.03,5,pure_horizon_12,base,12,4.0,5.0,2026-01-31 20:15:00+00:00,ADAUSDT,-0.008805113852610711,1.722213416587548,0
next_close,drop3_breadth5,-0.03,5,pure_horizon_12,base,12,4.0,5.0,2026-01-31 20:15:00+00:00,ETHUSDT,-0.023337961432334776,1.6988754551552132,0
next_close,drop3_breadth5,-0.03,5,pure_horizon_12,base,12,4.0,5.0,2026-01-31 20:15:00+00:00,LINKUSDT,-0.00842225061076238,1.690453204544451,0
next_close,drop3_breadth5,-0.03,5,pure_horizon_12,base,12,4.0,5.0,2026-01-31 20:15:00+00:00,LTCUSDT,-0.011383880579840053,1.6790693239646108,0
next_close,drop3_breadth5,-0.03,5,pure_horizon_12,base,12,4.0,5.0,2026-01-31 20:15:00+00:00,SOLUSDT,-0.03208389611372717,1.6469854278508838,0
next_close,drop3_breadth5,-0.03,5,pure_horizon_12,base,12,4.0,5.0,2026-01-31 20:15:00+00:00,XRPUSDT,0.0027880395155443164,1.6497734673664282,0
next_close,drop3_breadth5,-0.03,5,pure_horizon_12,base,12,4.0,5.0,2026-02-05 18:15:00+00:00,AVAXUSDT,0.0018444090162831556,1.6516178763827114,1
next_close,drop3_breadth5,-0.03,5,pure_horizon_12,base,12,4.0,5.0,2026-02-05 18:15:00+00:00,LINKUSDT,-0.011102513499697018,1.6405153628830145,1
next_close,drop3_breadth5,-0.03,5,pure_horizon_12,base,12,4.0,5.0,2026-02-05 18:30:00+00:00,ETHUSDT,-0.02258497936200097,1.6179303835210135,0
next_close,drop3_breadth5,-0.03,5,pure_horizon_12,base,12,4.0,5.0,2026-02-05 23:30:00+00:00,AVAXUSDT,-0.019935310336108493,1.597995073184905,0
next_close,drop3_breadth5,-0.03,5,pure_horizon_12,base,12,4.0,5.0,2026-02-05 23:30:00+00:00,SOLUSDT,-0.00972607852245164,1.5882689946624535,0
next_close,drop3_breadth5,-0.03,5,pure_horizon_12,base,12,4.0,5.0,2026-02-05 23:30:00+00:00,XRPUSDT,0.01959631067090064,1.6078653053333543,0
next_close,drop3_breadth5,-0.03,5,pure_horizon_12,base,12,4.0,5.0,2026-02-06 03:15:00+00:00,ADAUSDT,0.06675513050552842,1.6746204358388828,0
next_close,drop3_breadth5,-0.03,5,pure_horizon_12,base,12,4.0,5.0,2026-02-06 03:15:00+00:00,AVAXUSDT,0.052936765664059054,1.727557201502942,0
next_close,drop3_breadth5,-0.03,5,pure_horizon_12,base,12,4.0,5.0,2026-02-06 03:15:00+00:00,BNBUSDT,0.053122529909167465,1.7806797314121094,0
next_close,drop3_breadth5,-0.03,5,pure_horizon_12,base,12,4.0,5.0,2026-02-06 03:15:00+00:00,BTCUSDT,0.052675173014023496,1.833354904426133,0
next_close,drop3_breadth5,-0.03,5,pure_horizon_12,base,12,4.0,5.0,2026-02-06 03:15:00+00:00,ETHUSDT,0.060416191984706075,1.8937710964108392,0
next_close,drop3_breadth5,-0.03,5,pure_horizon_12,base,12,4.0,5.0,2026-02-06 03:15:00+00:00,LINKUSDT,0.0728185221125405,1.9665896185233798,0
next_close,drop3_breadth5,-0.03,5,pure_horizon_12,base,12,4.0,5.0,2026-02-06 03:15:00+00:00,LTCUSDT,0.059976896600408086,2.026566515123788,0
next_close,drop3_breadth5,-0.03,5,pure_horizon_12,base,12,4.0,5.0,2026-02-06 03:15:00+00:00,SOLUSDT,0.07576003222017694,2.102326547343965,0
next_close,drop3_breadth5,-0.03,5,pure_horizon_12,base,12,4.0,5.0,2026-02-06 03:15:00+00:00,XRPUSDT,0.0981698525693794,2.2004963999133444,0
next_open,drop3_breadth5,-0.03,5,pure_horizon_12,base,12,4.0,5.0,2025-05-30 04:00:00+00:00,ADAUSDT,0.019286819392096886,0.019286819392096886,0
next_open,drop3_breadth5,-0.03,5,pure_horizon_12,base,12,4.0,5.0,2025-05-30 04:00:00+00:00,AVAXUSDT,0.012010706546596108,0.03129752593869299,0
next_open,drop3_breadth5,-0.03,5,pure_horizon_12,base,12,4.0,5.0,2025-05-30 04:00:00+00:00,LINKUSDT,0.01486902866697917,0.046166554605672164,0
next_open,drop3_breadth5,-0.03,5,pure_horizon_12,base,12,4.0,5.0,2025-05-30 04:00:00+00:00,LTCUSDT,0.013140686685570693,0.05930724129124286,0
next_open,drop3_breadth5,-0.03,5,pure_horizon_12,base,12,4.0,5.0,2025-05-30 04:00:00+00:00,XRPUSDT,0.023234620584737707,0.08254186187598056,0
next_open,drop3_breadth5,-0.03,5,pure_horizon_12,base,12,4.0,5.0,2025-06-13 03:15:00+00:00,AVAXUSDT,-0.0382478697960201,0.04429399207996046,0
next_open,drop3_breadth5,-0.03,5,pure_horizon_12,base,12,4.0,5.0,2025-06-22 16:30:00+00:00,ADAUSDT,-0.01295412354382983,0.03133986853613063,0
next_open,drop3_breadth5,-0.03,5,pure_horizon_12,base,12,4.0,5.0,2025-06-22 16:30:00+00:00,LINKUSDT,-0.008707249876155985,0.022632618659974648,0
next_open,drop3_breadth5,-0.03,5,pure_horizon_12,base,12,4.0,5.0,2025-06-22 16:30:00+00:00,SOLUSDT,0.006718926916890489,0.02935154557686514,0
next_open,drop3_breadth5,-0.03,5,pure_horizon_12,base,12,4.0,5.0,2025-10-11 00:00:00+00:00,ADAUSDT,-0.09623931324911991,-0.06688776767225477,20
next_open,drop3_breadth5,-0.03,5,pure_horizon_12,base,12,4.0,5.0,2025-10-11 00:00:00+00:00,AVAXUSDT,-0.16865919495255965,-0.23554696262481442,20
next_open,drop3_breadth5,-0.03,5,pure_horizon_12,base,12,4.0,5.0,2025-10-11 00:00:00+00:00,ETHUSDT,-0.0012230683072854457,-0.23677003093209986,20
next_open,drop3_breadth5,-0.03,5,pure_horizon_12,base,12,4.0,5.0,2025-10-11 00:00:00+00:00,LINKUSDT,-0.10833635629043023,-0.34510638722253006,20
next_open,drop3_breadth5,-0.03,5,pure_horizon_12,base,12,4.0,5.0,2025-10-11 00:00:00+00:00,SOLUSDT,-0.04305870300816059,-0.3881650902306907,20
next_open,drop3_breadth5,-0.03,5,pure_horizon_12,base,12,4.0,5.0,2025-10-11 00:00:00+00:00,XRPUSDT,-0.05494932051621723,-0.44311441074690794,20
next_open,drop3_breadth5,-0.03,5,pure_horizon_12,base,12,4.0,5.0,2025-10-11 00:15:00+00:00,ADAUSDT,-0.013163994789691855,-0.4562784055365998,13
next_open,drop3_breadth5,-0.03,5,pure_horizon_12,base,12,4.0,5.0,2025-10-11 00:15:00+00:00,AVAXUSDT,-0.0855407778235143,-0.5418191833601141,13
next_open,drop3_breadth5,-0.03,5,pure_horizon_12,base,12,4.0,5.0,2025-10-11 00:15:00+00:00,BNBUSDT,-0.002274664044638918,-0.5440938474047531,13
next_open,drop3_breadth5,-0.03,5,pure_horizon_12,base,12,4.0,5.0,2025-10-11 00:15:00+00:00,ETHUSDT,0.030614585075279165,-0.5134792623294739,13
next_open,drop3_breadth5,-0.03,5,pure_horizon_12,base,12,4.0,5.0,2025-10-11 00:15:00+00:00,LINKUSDT,-0.0317250163337037,-0.5452042786631777,13
next_open,drop3_breadth5,-0.03,5,pure_horizon_12,base,12,4.0,5.0,2025-10-11 00:15:00+00:00,SOLUSDT,0.011526980817217283,-0.5336772978459604,13
next_open,drop3_breadth5,-0.03,5,pure_horizon_12,base,12,4.0,5.0,2025-10-11 00:15:00+00:00,XRPUSDT,0.035326550026877485,-0.49835074781908295,13
next_open,drop3_breadth5,-0.03,5,pure_horizon_12,base,12,4.0,5.0,2025-10-11 00:30:00+00:00,ADAUSDT,0.39138490125733416,-0.10696584656174879,7
next_open,drop3_breadth5,-0.03,5,pure_horizon_12,base,12,4.0,5.0,2025-10-11 00:30:00+00:00,AVAXUSDT,0.15829035746536546,0.05132451090361667,7
next_open,drop3_breadth5,-0.03,5,pure_horizon_12,base,12,4.0,5.0,2025-10-11 00:30:00+00:00,BNBUSDT,0.13340639981388647,0.18473091071750314,7
next_open,drop3_breadth5,-0.03,5,pure_horizon_12,base,12,4.0,5.0,2025-10-11 00:30:00+00:00,LINKUSDT,0.34358327855125903,0.5283141892687622,7
next_open,drop3_breadth5,-0.03,5,pure_horizon_12,base,12,4.0,5.0,2025-10-11 00:30:00+00:00,SOLUSDT,0.08498027428891555,0.6132944635576777,7
next_open,drop3_breadth5,-0.03,5,pure_horizon_12,base,12,4.0,5.0,2025-10-11 00:30:00+00:00,XRPUSDT,0.21440478507595329,0.827699248633631,7
next_open,drop3_breadth5,-0.03,5,pure_horizon_12,base,12,4.0,5.0,2025-10-11 01:30:00+00:00,ADAUSDT,0.08317058357873411,0.9108698322123651,3
next_open,drop3_breadth5,-0.03,5,pure_horizon_12,base,12,4.0,5.0,2025-10-11 01:30:00+00:00,AVAXUSDT,0.03023683359427145,0.9411066658066365,3
next_open,drop3_breadth5,-0.03,5,pure_horizon_12,base,12,4.0,5.0,2025-10-11 01:30:00+00:00,LINKUSDT,0.06352338687619433,1.004630052682831,3
next_open,drop3_breadth5,-0.03,5,pure_horizon_12,base,12,4.0,5.0,2025-10-11 01:30:00+00:00,LTCUSDT,0.039261298602994016,1.043891351285825,3
next_open,drop3_breadth5,-0.03,5,pure_horizon_12,base,12,4.0,5.0,2025-10-11 03:00:00+00:00,AVAXUSDT,0.06789257361810544,1.1117839249039305,0
next_open,drop3_breadth5,-0.03,5,pure_horizon_12,base,12,4.0,5.0,2025-10-11 03:00:00+00:00,LINKUSDT,0.014388944679231932,1.1261728695831625,0
next_open,drop3_breadth5,-0.03,5,pure_horizon_12,base,12,4.0,5.0,2025-10-11 03:00:00+00:00,LTCUSDT,0.02080418912353945,1.146977058706702,0
next_open,drop3_breadth5,-0.03,5,pure_horizon_12,base,12,4.0,5.0,2025-10-29 21:45:00+00:00,ETHUSDT,0.02234568326998123,1.1693227419766834,0
next_open,drop3_breadth5,-0.03,5,pure_horizon_12,base,12,4.0,5.0,2025-11-03 18:30:00+00:00,ADAUSDT,0.015596481606829382,1.1849192235835129,0
next_open,drop3_breadth5,-0.03,5,pure_horizon_12,base,12,4.0,5.0,2025-11-03 18:30:00+00:00,AVAXUSDT,0.01669383752648259,1.2016130611099956,0
next_open,drop3_breadth5,-0.03,5,pure_horizon_12,base,12,4.0,5.0,2025-11-03 18:30:00+00:00,LINKUSDT,0.002920085336570866,1.2045331464465665,0
next_open,drop3_breadth5,-0.03,5,pure_horizon_12,base,12,4.0,5.0,2025-11-03 18:30:00+00:00,SOLUSDT,0.0009396082312899353,1.2054727546778565,0
next_open,drop3_breadth5,-0.03,5,pure_horizon_12,base,12,4.0,5.0,2026-01-19 03:15:00+00:00,ADAUSDT,0.009578005441723738,1.2150507601195804,0
next_open,drop3_breadth5,-0.03,5,pure_horizon_12,base,12,4.0,5.0,2026-01-19 03:15:00+00:00,AVAXUSDT,0.008491249927220414,1.2235420100468009,0
next_open,drop3_breadth5,-0.03,5,pure_horizon_12,base,12,4.0,5.0,2026-01-19 03:15:00+00:00,LINKUSDT,7.289428304204715e-05,1.223614904329843,0
next_open,drop3_breadth5,-0.03,5,pure_horizon_12,base,12,4.0,5.0,2026-01-19 03:15:00+00:00,LTCUSDT,0.009883872617546221,1.2334987769473893,0
next_open,drop3_breadth5,-0.03,5,pure_horizon_12,base,12,4.0,5.0,2026-01-19 03:15:00+00:00,SOLUSDT,0.0025527891653963856,1.2360515661127858,0
next_open,drop3_breadth5,-0.03,5,pure_horizon_12,base,12,4.0,5.0,2026-01-19 03:15:00+00:00,XRPUSDT,0.013296000083871242,1.249347566196657,0
next_open,drop3_breadth5,-0.03,5,pure_horizon_12,base,12,4.0,5.0,2026-01-30 04:45:00+00:00,ADAUSDT,0.013350925156425355,1.2626984913530825,0
next_open,drop3_breadth5,-0.03,5,pure_horizon_12,base,12,4.0,5.0,2026-01-30 04:45:00+00:00,LTCUSDT,0.000377987994948726,1.2630764793480314,0
next_open,drop3_breadth5,-0.03,5,pure_horizon_12,base,12,4.0,5.0,2026-01-30 04:45:00+00:00,XRPUSDT,0.008742226650051779,1.2718187059980832,0
next_open,drop3_breadth5,-0.03,5,pure_horizon_12,base,12,4.0,5.0,2026-01-31 20:15:00+00:00,ADAUSDT,-0.0025045111883010614,1.2693141948097821,0
next_open,drop3_breadth5,-0.03,5,pure_horizon_12,base,12,4.0,5.0,2026-01-31 20:15:00+00:00,ETHUSDT,-0.018027610921860317,1.251286583887922,0
next_open,drop3_breadth5,-0.03,5,pure_horizon_12,base,12,4.0,5.0,2026-01-31 20:15:00+00:00,LINKUSDT,-0.002528165822267425,1.2487584180656546,0
next_open,drop3_breadth5,-0.03,5,pure_horizon_12,base,12,4.0,5.0,2026-01-31 20:15:00+00:00,LTCUSDT,-0.0066147892829276685,1.242143628782727,0
next_open,drop3_breadth5,-0.03,5,pure_horizon_12,base,12,4.0,5.0,2026-01-31 20:15:00+00:00,SOLUSDT,-0.021242873152757837,1.2209007556299691,0
next_open,drop3_breadth5,-0.03,5,pure_horizon_12,base,12,4.0,5.0,2026-01-31 20:15:00+00:00,XRPUSDT,0.007417906808753784,1.228318662438723,0
next_open,drop3_breadth5,-0.03,5,pure_horizon_12,base,12,4.0,5.0,2026-02-05 18:15:00+00:00,AVAXUSDT,-0.012240840604647005,1.216077821834076,1
next_open,drop3_breadth5,-0.03,5,pure_horizon_12,base,12,4.0,5.0,2026-02-05 18:15:00+00:00,LINKUSDT,-0.03395766889123661,1.1821201529428393,1
next_open,drop3_breadth5,-0.03,5,pure_horizon_12,base,12,4.0,5.0,2026-02-05 18:30:00+00:00,ETHUSDT,-0.00671176978798369,1.1754083831548556,0
next_open,drop3_breadth5,-0.03,5,pure_horizon_12,base,12,4.0,5.0,2026-02-05 23:30:00+00:00,AVAXUSDT,-0.009180984099774612,1.166227399055081,0
next_open,drop3_breadth5,-0.03,5,pure_horizon_12,base,12,4.0,5.0,2026-02-05 23:30:00+00:00,SOLUSDT,-2.0788944202631437e-05,1.1662066101108786,0
next_open,drop3_breadth5,-0.03,5,pure_horizon_12,base,12,4.0,5.0,2026-02-05 23:30:00+00:00,XRPUSDT,0.053738915912958346,1.219945526023837,0
next_open,drop3_breadth5,-0.03,5,pure_horizon_12,base,12,4.0,5.0,2026-02-06 03:15:00+00:00,ADAUSDT,0.07839949274926253,1.2983450187730996,0
next_open,drop3_breadth5,-0.03,5,pure_horizon_12,base,12,4.0,5.0,2026-02-06 03:15:00+00:00,AVAXUSDT,0.06392590922254851,1.3622709279956482,0
next_open,drop3_breadth5,-0.03,5,pure_horizon_12,base,12,4.0,5.0,2026-02-06 03:15:00+00:00,BNBUSDT,0.0641408437990715,1.4264117717947198,0
next_open,drop3_breadth5,-0.03,5,pure_horizon_12,base,12,4.0,5.0,2026-02-06 03:15:00+00:00,BTCUSDT,0.07222438447164584,1.4986361562663657,0
next_open,drop3_breadth5,-0.03,5,pure_horizon_12,base,12,4.0,5.0,2026-02-06 03:15:00+00:00,ETHUSDT,0.07181910408187689,1.5704552603482427,0
next_open,drop3_breadth5,-0.03,5,pure_horizon_12,base,12,4.0,5.0,2026-02-06 03:15:00+00:00,LINKUSDT,0.08559278251625937,1.6560480428645021,0
next_open,drop3_breadth5,-0.03,5,pure_horizon_12,base,12,4.0,5.0,2026-02-06 03:15:00+00:00,LTCUSDT,0.06767024439998429,1.7237182872644865,0
next_open,drop3_breadth5,-0.03,5,pure_horizon_12,base,12,4.0,5.0,2026-02-06 03:15:00+00:00,SOLUSDT,0.057599036101418616,1.7813173233659052,0
next_open,drop3_breadth5,-0.03,5,pure_horizon_12,base,12,4.0,5.0,2026-02-06 03:15:00+00:00,XRPUSDT,0.10652375184185994,1.8878410752077652,0
next_close,drop3_breadth5,-0.03,5,pure_horizon_12,stress,12,8.0,10.0,2025-05-30 04:00:00+00:00,ADAUSDT,8.937215974307434e-05,8.937215974307434e-05,0
next_close,drop3_breadth5,-0.03,5,pure_horizon_12,stress,12,8.0,10.0,2025-05-30 04:00:00+00:00,AVAXUSDT,0.0007423416594510194,0.0008317138191940937,0
next_close,drop3_breadth5,-0.03,5,pure_horizon_12,stress,12,8.0,10.0,2025-05-30 04:00:00+00:00,LINKUSDT,0.0008576700859415546,0.0016893839051356483,0
next_close,drop3_breadth5,-0.03,5,pure_horizon_12,stress,12,8.0,10.0,2025-05-30 04:00:00+00:00,LTCUSDT,0.0014379887773483995,0.003127372682484048,0
next_close,drop3_breadth5,-0.03,5,pure_horizon_12,stress,12,8.0,10.0,2025-05-30 04:00:00+00:00,XRPUSDT,0.006810691819501936,0.009938064501985984,0
next_close,drop3_breadth5,-0.03,5,pure_horizon_12,stress,12,8.0,10.0,2025-06-13 03:15:00+00:00,AVAXUSDT,-0.027970867527032102,-0.018032803025046118,0
next_close,drop3_breadth5,-0.03,5,pure_horizon_12,stress,12,8.0,10.0,2025-06-22 16:30:00+00:00,ADAUSDT,-0.012870299666203965,-0.030903102691250083,0
next_close,drop3_breadth5,-0.03,5,pure_horizon_12,stress,12,8.0,10.0,2025-06-22 16:30:00+00:00,LINKUSDT,-0.008586699172965905,-0.03948980186421599,0
next_close,drop3_breadth5,-0.03,5,pure_horizon_12,stress,12,8.0,10.0,2025-06-22 16:30:00+00:00,SOLUSDT,0.007358732609924746,-0.03213106925429124,0
next_close,drop3_breadth5,-0.03,5,pure_horizon_12,stress,12,8.0,10.0,2025-10-11 00:00:00+00:00,ADAUSDT,-0.005438768056413256,-0.0375698373107045,20
next_close,drop3_breadth5,-0.03,5,pure_horizon_12,stress,12,8.0,10.0,2025-10-11 00:00:00+00:00,AVAXUSDT,-0.099773748844118,-0.1373435861548225,20
next_close,drop3_breadth5,-0.03,5,pure_horizon_12,stress,12,8.0,10.0,2025-10-11 00:00:00+00:00,ETHUSDT,0.03498660137622282,-0.10235698477859968,20
next_close,drop3_breadth5,-0.03,5,pure_horizon_12,stress,12,8.0,10.0,2025-10-11 00:00:00+00:00,LINKUSDT,-0.03232987820732543,-0.1346868629859251,20
next_close,drop3_breadth5,-0.03,5,pure_horizon_12,stress,12,8.0,10.0,2025-10-11 00:00:00+00:00,SOLUSDT,0.015590198006789227,-0.11909666497913589,20
next_close,drop3_breadth5,-0.03,5,pure_horizon_12,stress,12,8.0,10.0,2025-10-11 00:00:00+00:00,XRPUSDT,0.028391755918652666,-0.09070490906048323,20
next_close,drop3_breadth5,-0.03,5,pure_horizon_12,stress,12,8.0,10.0,2025-10-11 00:15:00+00:00,ADAUSDT,0.39122787524975045,0.3005229661892672,13
next_close,drop3_breadth5,-0.03,5,pure_horizon_12,stress,12,8.0,10.0,2025-10-11 00:15:00+00:00,AVAXUSDT,0.16411579764410839,0.4646387638333756,13
next_close,drop3_breadth5,-0.03,5,pure_horizon_12,stress,12,8.0,10.0,2025-10-11 00:15:00+00:00,BNBUSDT,0.12822659791494867,0.5928653617483243,13
next_close,drop3_breadth5,-0.03,5,pure_horizon_12,stress,12,8.0,10.0,2025-10-11 00:15:00+00:00,ETHUSDT,0.05886540648082077,0.651730768229145,13
next_close,drop3_breadth5,-0.03,5,pure_horizon_12,stress,12,8.0,10.0,2025-10-11 00:15:00+00:00,LINKUSDT,0.3340268865563689,0.9857576547855139,13
next_close,drop3_breadth5,-0.03,5,pure_horizon_12,stress,12,8.0,10.0,2025-10-11 00:15:00+00:00,SOLUSDT,0.07420785295366478,1.0599655077391787,13
next_close,drop3_breadth5,-0.03,5,pure_horizon_12,stress,12,8.0,10.0,2025-10-11 00:15:00+00:00,XRPUSDT,0.21766684426684463,1.2776323520060233,13
next_close,drop3_breadth5,-0.03,5,pure_horizon_12,stress,12,8.0,10.0,2025-10-11 00:30:00+00:00,ADAUSDT,0.07194996368561962,1.3495823156916429,7
next_close,drop3_breadth5,-0.03,5,pure_horizon_12,stress,12,8.0,10.0,2025-10-11 00:30:00+00:00,AVAXUSDT,-0.060236870616903596,1.2893454450747392,7
next_close,drop3_breadth5,-0.03,5,pure_horizon_12,stress,12,8.0,10.0,2025-10-11 00:30:00+00:00,BNBUSDT,0.014356974616131436,1.3037024196908706,7
next_close,drop3_breadth5,-0.03,5,pure_horizon_12,stress,12,8.0,10.0,2025-10-11 00:30:00+00:00,LINKUSDT,0.073624689199348,1.3773271088902186,7
next_close,drop3_breadth5,-0.03,5,pure_horizon_12,stress,12,8.0,10.0,2025-10-11 00:30:00+00:00,SOLUSDT,-0.03004636452417015,1.3472807443660484,7
next_close,drop3_breadth5,-0.03,5,pure_horizon_12,stress,12,8.0,10.0,2025-10-11 00:30:00+00:00,XRPUSDT,0.0302200010823857,1.377500745448434,7
next_close,drop3_breadth5,-0.03,5,pure_horizon_12,stress,12,8.0,10.0,2025-10-11 01:30:00+00:00,ADAUSDT,0.07222765774433865,1.4497284031927726,3
next_close,drop3_breadth5,-0.03,5,pure_horizon_12,stress,12,8.0,10.0,2025-10-11 01:30:00+00:00,AVAXUSDT,0.013904834231389707,1.4636332374241623,3
next_close,drop3_breadth5,-0.03,5,pure_horizon_12,stress,12,8.0,10.0,2025-10-11 01:30:00+00:00,LINKUSDT,0.039854850113552096,1.5034880875377143,3
next_close,drop3_breadth5,-0.03,5,pure_horizon_12,stress,12,8.0,10.0,2025-10-11 01:30:00+00:00,LTCUSDT,-0.0007606792701874796,1.5027274082675268,3
next_close,drop3_breadth5,-0.03,5,pure_horizon_12,stress,12,8.0,10.0,2025-10-11 03:00:00+00:00,AVAXUSDT,0.05510517900422833,1.557832587271755,0
next_close,drop3_breadth5,-0.03,5,pure_horizon_12,stress,12,8.0,10.0,2025-10-11 03:00:00+00:00,LINKUSDT,0.0031541472918462,1.5609867345636013,0
next_close,drop3_breadth5,-0.03,5,pure_horizon_12,stress,12,8.0,10.0,2025-10-11 03:00:00+00:00,LTCUSDT,0.008443330902226754,1.569430065465828,0
next_close,drop3_breadth5,-0.03,5,pure_horizon_12,stress,12,8.0,10.0,2025-10-29 21:45:00+00:00,ETHUSDT,0.006373631817587367,1.5758036972834153,0
next_close,drop3_breadth5,-0.03,5,pure_horizon_12,stress,12,8.0,10.0,2025-11-03 18:30:00+00:00,ADAUSDT,0.013780592561800687,1.589584289845216,0
next_close,drop3_breadth5,-0.03,5,pure_horizon_12,stress,12,8.0,10.0,2025-11-03 18:30:00+00:00,AVAXUSDT,0.02387549467268118,1.613459784517897,0
next_close,drop3_breadth5,-0.03,5,pure_horizon_12,stress,12,8.0,10.0,2025-11-03 18:30:00+00:00,LINKUSDT,0.01446538258121981,1.6279251670991168,0
next_close,drop3_breadth5,-0.03,5,pure_horizon_12,stress,12,8.0,10.0,2025-11-03 18:30:00+00:00,SOLUSDT,-0.0008019782792314065,1.6271231888198854,0
next_close,drop3_breadth5,-0.03,5,pure_horizon_12,stress,12,8.0,10.0,2026-01-19 03:15:00+00:00,ADAUSDT,0.008329203647936368,1.6354523924678217,0
next_close,drop3_breadth5,-0.03,5,pure_horizon_12,stress,12,8.0,10.0,2026-01-19 03:15:00+00:00,AVAXUSDT,0.006360507601283639,1.6418129000691053,0
next_close,drop3_breadth5,-0.03,5,pure_horizon_12,stress,12,8.0,10.0,2026-01-19 03:15:00+00:00,LINKUSDT,-0.0024297461863872034,1.6393831538827182,0
next_close,drop3_breadth5,-0.03,5,pure_horizon_12,stress,12,8.0,10.0,2026-01-19 03:15:00+00:00,LTCUSDT,0.008073693329483201,1.6474568472122013,0
next_close,drop3_breadth5,-0.03,5,pure_horizon_12,stress,12,8.0,10.0,2026-01-19 03:15:00+00:00,SOLUSDT,-0.005460501994273125,1.6419963452179283,0
next_close,drop3_breadth5,-0.03,5,pure_horizon_12,stress,12,8.0,10.0,2026-01-19 03:15:00+00:00,XRPUSDT,0.008179051754104983,1.6501753969720332,0
next_close,drop3_breadth5,-0.03,5,pure_horizon_12,stress,12,8.0,10.0,2026-01-30 04:45:00+00:00,ADAUSDT,0.0003732333781923295,1.6505486303502255,0
next_close,drop3_breadth5,-0.03,5,pure_horizon_12,stress,12,8.0,10.0,2026-01-30 04:45:00+00:00,LTCUSDT,-0.009914470339786718,1.6406341600104388,0
next_close,drop3_breadth5,-0.03,5,pure_horizon_12,stress,12,8.0,10.0,2026-01-30 04:45:00+00:00,XRPUSDT,0.0004394989625760474,1.6410736589730148,0
next_close,drop3_breadth5,-0.03,5,pure_horizon_12,stress,12,8.0,10.0,2026-01-31 20:15:00+00:00,ADAUSDT,-0.01059661348469194,1.6304770454883228,0
next_close,drop3_breadth5,-0.03,5,pure_horizon_12,stress,12,8.0,10.0,2026-01-31 20:15:00+00:00,ETHUSDT,-0.025114935472369378,1.6053621100159534,0
next_close,drop3_breadth5,-0.03,5,pure_horizon_12,stress,12,8.0,10.0,2026-01-31 20:15:00+00:00,LINKUSDT,-0.010214132914940732,1.5951479771010126,0
next_close,drop3_breadth5,-0.03,5,pure_horizon_12,stress,12,8.0,10.0,2026-01-31 20:15:00+00:00,LTCUSDT,-0.01317280273264505,1.5819751743683677,0
next_close,drop3_breadth5,-0.03,5,pure_horizon_12,stress,12,8.0,10.0,2026-01-31 20:15:00+00:00,SOLUSDT,-0.03385212858549376,1.5481230457828739,0
next_close,drop3_breadth5,-0.03,5,pure_horizon_12,stress,12,8.0,10.0,2026-01-31 20:15:00+00:00,XRPUSDT,0.000984952517984185,1.549107998300858,0
next_close,drop3_breadth5,-0.03,5,pure_horizon_12,stress,12,8.0,10.0,2026-02-05 18:15:00+00:00,AVAXUSDT,4.2265178113833025e-05,1.5491502634789718,1
next_close,drop3_breadth5,-0.03,5,pure_horizon_12,stress,12,8.0,10.0,2026-02-05 18:15:00+00:00,LINKUSDT,-0.012891716879109127,1.5362585465998626,1
next_close,drop3_breadth5,-0.03,5,pure_horizon_12,stress,12,8.0,10.0,2026-02-05 18:30:00+00:00,ETHUSDT,-0.024362706008179087,1.5118958405916836,0
next_close,drop3_breadth5,-0.03,5,pure_horizon_12,stress,12,8.0,10.0,2026-02-05 23:30:00+00:00,AVAXUSDT,-0.021715685328463637,1.49018015526322,0
next_close,drop3_breadth5,-0.03,5,pure_horizon_12,stress,12,8.0,10.0,2026-02-05 23:30:00+00:00,SOLUSDT,-0.011516657649655215,1.4786634976135646,0
next_close,drop3_breadth5,-0.03,5,pure_horizon_12,stress,12,8.0,10.0,2026-02-05 23:30:00+00:00,XRPUSDT,0.017776423793725064,1.4964399214072897,0
next_close,drop3_breadth5,-0.03,5,pure_horizon_12,stress,12,8.0,10.0,2026-02-06 03:15:00+00:00,ADAUSDT,0.06488810835258857,1.5613280297598782,0
next_close,drop3_breadth5,-0.03,5,pure_horizon_12,stress,12,8.0,10.0,2026-02-06 03:15:00+00:00,AVAXUSDT,0.05108355497713295,1.612411584737011,0
next_close,drop3_breadth5,-0.03,5,pure_horizon_12,stress,12,8.0,10.0,2026-02-06 03:15:00+00:00,BNBUSDT,0.05126913355073941,1.6636807182877504,0
next_close,drop3_breadth5,-0.03,5,pure_horizon_12,stress,12,8.0,10.0,2026-02-06 03:15:00+00:00,BTCUSDT,0.05082222378914718,1.7145029420768976,0
next_close,drop3_breadth5,-0.03,5,pure_horizon_12,stress,12,8.0,10.0,2026-02-06 03:15:00+00:00,ETHUSDT,0.058555505605568034,1.7730584476824656,0
next_close,drop3_breadth5,-0.03,5,pure_horizon_12,stress,12,8.0,10.0,2026-02-06 03:15:00+00:00,LINKUSDT,0.07094543959514571,1.8440038872776112,0
next_close,drop3_breadth5,-0.03,5,pure_horizon_12,stress,12,8.0,10.0,2026-02-06 03:15:00+00:00,LTCUSDT,0.05811664929733555,1.9021205365749467,0
next_close,drop3_breadth5,-0.03,5,pure_horizon_12,stress,12,8.0,10.0,2026-02-06 03:15:00+00:00,SOLUSDT,0.07388400966122505,1.9760045462361717,0
next_close,drop3_breadth5,-0.03,5,pure_horizon_12,stress,12,8.0,10.0,2026-02-06 03:15:00+00:00,XRPUSDT,0.09627143137819522,2.072275977614367,0
next_open,drop3_breadth5,-0.03,5,pure_horizon_12,stress,12,8.0,10.0,2025-05-30 04:00:00+00:00,ADAUSDT,0.01746724185168596,0.01746724185168596,0
next_open,drop3_breadth5,-0.03,5,pure_horizon_12,stress,12,8.0,10.0,2025-05-30 04:00:00+00:00,AVAXUSDT,0.010198401486426967,0.027665643338112927,0
next_open,drop3_breadth5,-0.03,5,pure_horizon_12,stress,12,8.0,10.0,2025-05-30 04:00:00+00:00,LINKUSDT,0.013053866711708873,0.0407195100498218,0
next_open,drop3_breadth5,-0.03,5,pure_horizon_12,stress,12,8.0,10.0,2025-05-30 04:00:00+00:00,LTCUSDT,0.011327252209405936,0.05204676225922773,0
next_open,drop3_breadth5,-0.03,5,pure_horizon_12,stress,12,8.0,10.0,2025-05-30 04:00:00+00:00,XRPUSDT,0.021411097214076462,0.07345785947330419,0
next_open,drop3_breadth5,-0.03,5,pure_horizon_12,stress,12,8.0,10.0,2025-06-13 03:15:00+00:00,AVAXUSDT,-0.040009941371471916,0.03344791810183227,0
next_open,drop3_breadth5,-0.03,5,pure_horizon_12,stress,12,8.0,10.0,2025-06-22 16:30:00+00:00,ADAUSDT,-0.014741476237615524,0.018706441864216748,0
next_open,drop3_breadth5,-0.03,5,pure_horizon_12,stress,12,8.0,10.0,2025-06-22 16:30:00+00:00,LINKUSDT,-0.010498847323354887,0.00820759454086186,0
next_open,drop3_breadth5,-0.03,5,pure_horizon_12,stress,12,8.0,10.0,2025-06-22 16:30:00+00:00,SOLUSDT,0.004911910994426939,0.0131195055352888,0
next_open,drop3_breadth5,-0.03,5,pure_horizon_12,stress,12,8.0,10.0,2025-10-11 00:00:00+00:00,ADAUSDT,-0.09794342233338321,-0.08482391679809441,20
next_open,drop3_breadth5,-0.03,5,pure_horizon_12,stress,12,8.0,10.0,2025-10-11 00:00:00+00:00,AVAXUSDT,-0.17029092031079057,-0.255114837108885,20
next_open,drop3_breadth5,-0.03,5,pure_horizon_12,stress,12,8.0,10.0,2025-10-11 00:00:00+00:00,ETHUSDT,-0.0030221461995709282,-0.2581369833084559,20
next_open,drop3_breadth5,-0.03,5,pure_horizon_12,stress,12,8.0,10.0,2025-10-11 00:00:00+00:00,LINKUSDT,-0.11002837437110863,-0.36816535767956454,20
next_open,drop3_breadth5,-0.03,5,pure_horizon_12,stress,12,8.0,10.0,2025-10-11 00:00:00+00:00,SOLUSDT,-0.04481596615221191,-0.41298132383177644,20
next_open,drop3_breadth5,-0.03,5,pure_horizon_12,stress,12,8.0,10.0,2025-10-11 00:00:00+00:00,XRPUSDT,-0.056694698979158534,-0.46967602281093496,20
next_open,drop3_breadth5,-0.03,5,pure_horizon_12,stress,12,8.0,10.0,2025-10-11 00:15:00+00:00,ADAUSDT,-0.01495113771700991,-0.48462716052794486,13
next_open,drop3_breadth5,-0.03,5,pure_horizon_12,stress,12,8.0,10.0,2025-10-11 00:15:00+00:00,AVAXUSDT,-0.08725558010195261,-0.5718827406298974,13
next_open,drop3_breadth5,-0.03,5,pure_horizon_12,stress,12,8.0,10.0,2025-10-11 00:15:00+00:00,BNBUSDT,-0.004072690866196947,-0.5759554314960944,13
next_open,drop3_breadth5,-0.03,5,pure_horizon_12,stress,12,8.0,10.0,2025-10-11 00:15:00+00:00,ETHUSDT,0.028783685424579368,-0.5471717460715151,13
next_open,drop3_breadth5,-0.03,5,pure_horizon_12,stress,12,8.0,10.0,2025-10-11 00:15:00+00:00,LINKUSDT,-0.03349360750607962,-0.5806653535775947,13
next_open,drop3_breadth5,-0.03,5,pure_horizon_12,stress,12,8.0,10.0,2025-10-11 00:15:00+00:00,SOLUSDT,0.009715159241277239,-0.5709501943363176,13
next_open,drop3_breadth5,-0.03,5,pure_horizon_12,stress,12,8.0,10.0,2025-10-11 00:15:00+00:00,XRPUSDT,0.03349094076367791,-0.5374592535726397,13
next_open,drop3_breadth5,-0.03,5,pure_horizon_12,stress,12,8.0,10.0,2025-10-11 00:30:00+00:00,ADAUSDT,0.389193411405258,-0.1482658421673817,7
next_open,drop3_breadth5,-0.03,5,pure_horizon_12,stress,12,8.0,10.0,2025-10-11 00:30:00+00:00,AVAXUSDT,0.1563318457844845,0.008066003617102802,7
next_open,drop3_breadth5,-0.03,5,pure_horizon_12,stress,12,8.0,10.0,2025-10-11 00:30:00+00:00,BNBUSDT,0.13147275966732602,0.13953876328442882,7
next_open,drop3_breadth5,-0.03,5,pure_horizon_12,stress,12,8.0,10.0,2025-10-11 00:30:00+00:00,LINKUSDT,0.341439566456899,0.4809783297413278,7
next_open,drop3_breadth5,-0.03,5,pure_horizon_12,stress,12,8.0,10.0,2025-10-11 00:30:00+00:00,SOLUSDT,0.08309503609110674,0.5640733658324346,7
next_open,drop3_breadth5,-0.03,5,pure_horizon_12,stress,12,8.0,10.0,2025-10-11 00:30:00+00:00,XRPUSDT,0.21239018698262485,0.7764635528150594,7
next_open,drop3_breadth5,-0.03,5,pure_horizon_12,stress,12,8.0,10.0,2025-10-11 01:30:00+00:00,ADAUSDT,0.08128715416814597,0.8577507069832053,3
next_open,drop3_breadth5,-0.03,5,pure_horizon_12,stress,12,8.0,10.0,2025-10-11 01:30:00+00:00,AVAXUSDT,0.02840631150645994,0.8861570184896652,3
next_open,drop3_breadth5,-0.03,5,pure_horizon_12,stress,12,8.0,10.0,2025-10-11 01:30:00+00:00,LINKUSDT,0.06165959485343335,0.9478166133430985,3
next_open,drop3_breadth5,-0.03,5,pure_horizon_12,stress,12,8.0,10.0,2025-10-11 01:30:00+00:00,LTCUSDT,0.03742175655564366,0.9852383698987421,3
next_open,drop3_breadth5,-0.03,5,pure_horizon_12,stress,12,8.0,10.0,2025-10-11 03:00:00+00:00,AVAXUSDT,0.06602441458992186,1.051262784488664,0
next_open,drop3_breadth5,-0.03,5,pure_horizon_12,stress,12,8.0,10.0,2025-10-11 03:00:00+00:00,LINKUSDT,0.012574262568267037,1.063837047056931,0
next_open,drop3_breadth5,-0.03,5,pure_horizon_12,stress,12,8.0,10.0,2025-10-11 03:00:00+00:00,LTCUSDT,0.01898309497094513,1.082820142027876,0
next_open,drop3_breadth5,-0.03,5,pure_horizon_12,stress,12,8.0,10.0,2025-10-29 21:45:00+00:00,ETHUSDT,0.020523048392832526,1.1033431904207085,0
next_open,drop3_breadth5,-0.03,5,pure_horizon_12,stress,12,8.0,10.0,2025-11-03 18:30:00+00:00,ADAUSDT,0.013780592561800687,1.1171237829825091,0
next_open,drop3_breadth5,-0.03,5,pure_horizon_12,stress,12,8.0,10.0,2025-11-03 18:30:00+00:00,AVAXUSDT,0.014876851673389748,1.1320006346558988,0
next_open,drop3_breadth5,-0.03,5,pure_horizon_12,stress,12,8.0,10.0,2025-11-03 18:30:00+00:00,LINKUSDT,0.0011168663591135013,1.1331175010150123,0
next_open,drop3_breadth5,-0.03,5,pure_horizon_12,stress,12,8.0,10.0,2025-11-03 18:30:00+00:00,SOLUSDT,-0.0008616312578166405,1.1322558697571956,0
next_open,drop3_breadth5,-0.03,5,pure_horizon_12,stress,12,8.0,10.0,2026-01-19 03:15:00+00:00,ADAUSDT,0.007768131868132012,1.1400240016253276,0
next_open,drop3_breadth5,-0.03,5,pure_horizon_12,stress,12,8.0,10.0,2026-01-19 03:15:00+00:00,AVAXUSDT,0.00668246256658005,1.1467064641919076,0
next_open,drop3_breadth5,-0.03,5,pure_horizon_12,stress,12,8.0,10.0,2026-01-19 03:15:00+00:00,LINKUSDT,-0.0017274789248235653,1.144978985267084,0
next_open,drop3_breadth5,-0.03,5,pure_horizon_12,stress,12,8.0,10.0,2026-01-19 03:15:00+00:00,LTCUSDT,0.008073693329483201,1.1530526785965671,0
next_open,drop3_breadth5,-0.03,5,pure_horizon_12,stress,12,8.0,10.0,2026-01-19 03:15:00+00:00,SOLUSDT,0.0007499373007374036,1.1538026158973045,0
next_open,drop3_breadth5,-0.03,5,pure_horizon_12,stress,12,8.0,10.0,2026-01-19 03:15:00+00:00,XRPUSDT,0.011482410371848762,1.1652850262691532,0
next_open,drop3_breadth5,-0.03,5,pure_horizon_12,stress,12,8.0,10.0,2026-01-30 04:45:00+00:00,ADAUSDT,0.011537280546751561,1.1768223068159047,0
next_open,drop3_breadth5,-0.03,5,pure_horizon_12,stress,12,8.0,10.0,2026-01-30 04:45:00+00:00,LTCUSDT,-0.0014226901543108004,1.1753996166615939,0
next_open,drop3_breadth5,-0.03,5,pure_horizon_12,stress,12,8.0,10.0,2026-01-30 04:45:00+00:00,XRPUSDT,0.0069331884379886695,1.1823328050995825,0
next_open,drop3_breadth5,-0.03,5,pure_horizon_12,stress,12,8.0,10.0,2026-01-31 20:15:00+00:00,ADAUSDT,-0.004302308277466869,1.1780304968221156,0
next_open,drop3_breadth5,-0.03,5,pure_horizon_12,stress,12,8.0,10.0,2026-01-31 20:15:00+00:00,ETHUSDT,-0.019809892661209534,1.158220604160906,0
next_open,drop3_breadth5,-0.03,5,pure_horizon_12,stress,12,8.0,10.0,2026-01-31 20:15:00+00:00,LINKUSDT,-0.004325939268608646,1.1538946648922974,0
next_open,drop3_breadth5,-0.03,5,pure_horizon_12,stress,12,8.0,10.0,2026-01-31 20:15:00+00:00,LTCUSDT,-0.008408478146057673,1.1454861867462398,0
next_open,drop3_breadth5,-0.03,5,pure_horizon_12,stress,12,8.0,10.0,2026-01-31 20:15:00+00:00,SOLUSDT,-0.023021941235097994,1.1224642455111418,0
next_open,drop3_breadth5,-0.03,5,pure_horizon_12,stress,12,8.0,10.0,2026-01-31 20:15:00+00:00,XRPUSDT,0.005610192255364455,1.1280744377665062,0
next_open,drop3_breadth5,-0.03,5,pure_horizon_12,stress,12,8.0,10.0,2026-02-05 18:15:00+00:00,AVAXUSDT,-0.014028906225264825,1.1140455315412414,1
next_open,drop3_breadth5,-0.03,5,pure_horizon_12,stress,12,8.0,10.0,2026-02-05 18:15:00+00:00,LINKUSDT,-0.035724028525707954,1.0783215030155335,1
next_open,drop3_breadth5,-0.03,5,pure_horizon_12,stress,12,8.0,10.0,2026-02-05 18:30:00+00:00,ETHUSDT,-0.008505361719026116,1.0698161412965075,0
next_open,drop3_breadth5,-0.03,5,pure_horizon_12,stress,12,8.0,10.0,2026-02-05 23:30:00+00:00,AVAXUSDT,-0.01097210804926203,1.0588440332472455,0
next_open,drop3_breadth5,-0.03,5,pure_horizon_12,stress,12,8.0,10.0,2026-02-05 23:30:00+00:00,SOLUSDT,-0.0018210685156125435,1.057022964731633,0
next_open,drop3_breadth5,-0.03,5,pure_horizon_12,stress,12,8.0,10.0,2026-02-05 23:30:00+00:00,XRPUSDT,0.051884903476257446,1.1089078682078903,0
next_open,drop3_breadth5,-0.03,5,pure_horizon_12,stress,12,8.0,10.0,2026-02-06 03:15:00+00:00,ADAUSDT,0.07652083204753374,1.185428700255424,0
next_open,drop3_breadth5,-0.03,5,pure_horizon_12,stress,12,8.0,10.0,2026-02-06 03:15:00+00:00,AVAXUSDT,0.06206171487840089,1.2474904151338249,0
next_open,drop3_breadth5,-0.03,5,pure_horizon_12,stress,12,8.0,10.0,2026-02-06 03:15:00+00:00,BNBUSDT,0.06227643462765369,1.3097668497614785,0
next_open,drop3_breadth5,-0.03,5,pure_horizon_12,stress,12,8.0,10.0,2026-02-06 03:15:00+00:00,BTCUSDT,0.07035189579526807,1.3801187455567465,0
next_open,drop3_breadth5,-0.03,5,pure_horizon_12,stress,12,8.0,10.0,2026-02-06 03:15:00+00:00,ETHUSDT,0.06994702048355222,1.4500657660402987,0
next_open,drop3_breadth5,-0.03,5,pure_horizon_12,stress,12,8.0,10.0,2026-02-06 03:15:00+00:00,LINKUSDT,0.08370693211601804,1.5337726981563167,0
next_open,drop3_breadth5,-0.03,5,pure_horizon_12,stress,12,8.0,10.0,2026-02-06 03:15:00+00:00,LTCUSDT,0.06580230759002098,1.5995750057463376,0
next_open,drop3_breadth5,-0.03,5,pure_horizon_12,stress,12,8.0,10.0,2026-02-06 03:15:00+00:00,SOLUSDT,0.05574116547169665,1.6553161712180342,0
next_open,drop3_breadth5,-0.03,5,pure_horizon_12,stress,12,8.0,10.0,2026-02-06 03:15:00+00:00,XRPUSDT,0.10461698092209232,1.7599331521401265,0
next_close,drop3_breadth5,-0.03,5,pure_horizon_6,base,6,4.0,5.0,2025-05-30 02:30:00+00:00,ADAUSDT,0.009273689885198302,0.009273689885198302,0
next_close,drop3_breadth5,-0.03,5,pure_horizon_6,base,6,4.0,5.0,2025-05-30 02:30:00+00:00,AVAXUSDT,0.0076293931501910895,0.016903083035389392,0
next_close,drop3_breadth5,-0.03,5,pure_horizon_6,base,6,4.0,5.0,2025-05-30 02:30:00+00:00,LINKUSDT,0.008012785721982187,0.02491586875737158,0
next_close,drop3_breadth5,-0.03,5,pure_horizon_6,base,6,4.0,5.0,2025-05-30 02:30:00+00:00,LTCUSDT,0.006748332020913761,0.03166420077828534,0
next_close,drop3_breadth5,-0.03,5,pure_horizon_6,base,6,4.0,5.0,2025-05-30 02:30:00+00:00,XRPUSDT,0.012366830426788235,0.04403103120507358,0
next_close,drop3_breadth5,-0.03,5,pure_horizon_6,base,6,4.0,5.0,2025-06-13 01:45:00+00:00,AVAXUSDT,-0.03257915395952379,0.011451877245549788,0
next_close,drop3_breadth5,-0.03,5,pure_horizon_6,base,6,4.0,5.0,2025-06-22 15:00:00+00:00,ADAUSDT,0.0012312179897916672,0.012683095235341455,0
next_close,drop3_breadth5,-0.03,5,pure_horizon_6,base,6,4.0,5.0,2025-06-22 15:00:00+00:00,LINKUSDT,0.014408084811404678,0.027091180046746134,0
next_close,drop3_breadth5,-0.03,5,pure_horizon_6,base,6,4.0,5.0,2025-06-22 15:00:00+00:00,SOLUSDT,0.01253684631962573,0.03962802636637186,0
next_close,drop3_breadth5,-0.03,5,pure_horizon_6,base,6,4.0,5.0,2025-10-10 22:30:00+00:00,ADAUSDT,-0.1014538691920562,-0.061825842825684346,17
next_close,drop3_breadth5,-0.03,5,pure_horizon_6,base,6,4.0,5.0,2025-10-10 22:30:00+00:00,AVAXUSDT,-0.1110319929547959,-0.17285783578048025,17
next_close,drop3_breadth5,-0.03,5,pure_horizon_6,base,6,4.0,5.0,2025-10-10 22:30:00+00:00,ETHUSDT,0.03622533444737344,-0.1366325013331068,17
next_close,drop3_breadth5,-0.03,5,pure_horizon_6,base,6,4.0,5.0,2025-10-10 22:30:00+00:00,LINKUSDT,-0.09748280905766069,-0.2341153103907675,17
next_close,drop3_breadth5,-0.03,5,pure_horizon_6,base,6,4.0,5.0,2025-10-10 22:30:00+00:00,SOLUSDT,0.0109874471707764,-0.2231278632199911,17
next_close,drop3_breadth5,-0.03,5,pure_horizon_6,base,6,4.0,5.0,2025-10-10 22:30:00+00:00,XRPUSDT,0.005355226242942069,-0.21777263697704902,17
next_close,drop3_breadth5,-0.03,5,pure_horizon_6,base,6,4.0,5.0,2025-10-10 22:45:00+00:00,ADAUSDT,0.33835496678744004,0.12058232981039102,10
next_close,drop3_breadth5,-0.03,5,pure_horizon_6,base,6,4.0,5.0,2025-10-10 22:45:00+00:00,AVAXUSDT,0.14596725140029865,0.26654958121068967,10
next_close,drop3_breadth5,-0.03,5,pure_horizon_6,base,6,4.0,5.0,2025-10-10 22:45:00+00:00,BNBUSDT,0.12776055073874948,0.39431013194943915,10
next_close,drop3_breadth5,-0.03,5,pure_horizon_6,base,6,4.0,5.0,2025-10-10 22:45:00+00:00,ETHUSDT,0.06323947971832125,0.4575496116677604,10
next_close,drop3_breadth5,-0.03,5,pure_horizon_6,base,6,4.0,5.0,2025-10-10 22:45:00+00:00,LINKUSDT,0.2874333222695763,0.7449829339373367,10
next_close,drop3_breadth5,-0.03,5,pure_horizon_6,base,6,4.0,5.0,2025-10-10 22:45:00+00:00,SOLUSDT,0.08084790407278289,0.8258308380101196,10
next_close,drop3_breadth5,-0.03,5,pure_horizon_6,base,6,4.0,5.0,2025-10-10 22:45:00+00:00,XRPUSDT,0.20709643758367735,1.032927275593797,10
next_close,drop3_breadth5,-0.03,5,pure_horizon_6,base,6,4.0,5.0,2025-10-10 23:00:00+00:00,ADAUSDT,0.027479529637291743,1.0604068052310889,4
next_close,drop3_breadth5,-0.03,5,pure_horizon_6,base,6,4.0,5.0,2025-10-10 23:00:00+00:00,AVAXUSDT,-0.06352665259311693,0.9968801526379719,4
next_close,drop3_breadth5,-0.03,5,pure_horizon_6,base,6,4.0,5.0,2025-10-10 23:00:00+00:00,BNBUSDT,0.007287123205317681,1.0041672758432896,4
next_close,drop3_breadth5,-0.03,5,pure_horizon_6,base,6,4.0,5.0,2025-10-10 23:00:00+00:00,LINKUSDT,0.029968445276685206,1.0341357211199749,4
next_close,drop3_breadth5,-0.03,5,pure_horizon_6,base,6,4.0,5.0,2025-10-10 23:00:00+00:00,SOLUSDT,-0.03207847386963633,1.0020572472503386,4
next_close,drop3_breadth5,-0.03,5,pure_horizon_6,base,6,4.0,5.0,2025-10-10 23:00:00+00:00,XRPUSDT,0.0248451722545008,1.0269024195048395,4
next_close,drop3_breadth5,-0.03,5,pure_horizon_6,base,6,4.0,5.0,2025-10-11 00:00:00+00:00,ADAUSDT,0.10685054556553034,1.13375296507037,3
next_close,drop3_breadth5,-0.03,5,pure_horizon_6,base,6,4.0,5.0,2025-10-11 00:00:00+00:00,AVAXUSDT,0.012752121975744404,1.1465050870461144,3
next_close,drop3_breadth5,-0.03,5,pure_horizon_6,base,6,4.0,5.0,2025-10-11 00:00:00+00:00,LINKUSDT,0.07221192980305027,1.2187170168491648,3
next_close,drop3_breadth5,-0.03,5,pure_horizon_6,base,6,4.0,5.0,2025-10-11 00:00:00+00:00,LTCUSDT,0.027969599616323303,1.2466866164654882,3
next_close,drop3_breadth5,-0.03,5,pure_horizon_6,base,6,4.0,5.0,2025-10-11 01:30:00+00:00,AVAXUSDT,0.0011266032018083746,1.2478132196672966,0
next_close,drop3_breadth5,-0.03,5,pure_horizon_6,base,6,4.0,5.0,2025-10-11 01:30:00+00:00,LINKUSDT,-0.030209812036817253,1.2176034076304794,0
next_close,drop3_breadth5,-0.03,5,pure_horizon_6,base,6,4.0,5.0,2025-10-11 01:30:00+00:00,LTCUSDT,-0.027949206582802512,1.189654201047677,0
next_close,drop3_breadth5,-0.03,5,pure_horizon_6,base,6,4.0,5.0,2025-10-29 20:15:00+00:00,ETHUSDT,0.002954012085187108,1.1926082131328641,0
next_close,drop3_breadth5,-0.03,5,pure_horizon_6,base,6,4.0,5.0,2025-11-03 17:00:00+00:00,ADAUSDT,0.015596481606829382,1.2082046947396936,0
next_close,drop3_breadth5,-0.03,5,pure_horizon_6,base,6,4.0,5.0,2025-11-03 17:00:00+00:00,AVAXUSDT,0.0197651479377944,1.227969842677488,0
next_close,drop3_breadth5,-0.03,5,pure_horizon_6,base,6,4.0,5.0,2025-11-03 17:00:00+00:00,LINKUSDT,0.0234883345526399,1.251458177230128,0
next_close,drop3_breadth5,-0.03,5,pure_horizon_6,base,6,4.0,5.0,2025-11-03 17:00:00+00:00,SOLUSDT,0.007132907652039578,1.2585910848821678,0
next_close,drop3_breadth5,-0.03,5,pure_horizon_6,base,6,4.0,5.0,2026-01-19 01:45:00+00:00,ADAUSDT,0.007640749052933461,1.2662318339351013,0
next_close,drop3_breadth5,-0.03,5,pure_horizon_6,base,6,4.0,5.0,2026-01-19 01:45:00+00:00,AVAXUSDT,0.004022088037964134,1.2702539219730655,0
next_close,drop3_breadth5,-0.03,5,pure_horizon_6,base,6,4.0,5.0,2026-01-19 01:45:00+00:00,LINKUSDT,-0.00024026737996694014,1.2700136545930987,0
next_close,drop3_breadth5,-0.03,5,pure_horizon_6,base,6,4.0,5.0,2026-01-19 01:45:00+00:00,LTCUSDT,0.0019507182013961627,1.271964372794495,0
next_close,drop3_breadth5,-0.03,5,pure_horizon_6,base,6,4.0,5.0,2026-01-19 01:45:00+00:00,SOLUSDT,-0.0035147146044773644,1.2684496581900175,0
next_close,drop3_breadth5,-0.03,5,pure_horizon_6,base,6,4.0,5.0,2026-01-19 01:45:00+00:00,XRPUSDT,0.008076235760283625,1.2765258939503012,0
next_close,drop3_breadth5,-0.03,5,pure_horizon_6,base,6,4.0,5.0,2026-01-30 03:15:00+00:00,ADAUSDT,-0.006386279403915984,1.2701396145463852,0
next_close,drop3_breadth5,-0.03,5,pure_horizon_6,base,6,4.0,5.0,2026-01-30 03:15:00+00:00,LTCUSDT,-0.011823432402353926,1.2583161821440314,0
next_close,drop3_breadth5,-0.03,5,pure_horizon_6,base,6,4.0,5.0,2026-01-30 03:15:00+00:00,XRPUSDT,-0.0036210396226385774,1.2546951425213928,0
next_close,drop3_breadth5,-0.03,5,pure_horizon_6,base,6,4.0,5.0,2026-01-31 18:45:00+00:00,ADAUSDT,-0.006353149091653387,1.2483419934297395,0
next_close,drop3_breadth5,-0.03,5,pure_horizon_6,base,6,4.0,5.0,2026-01-31 18:45:00+00:00,ETHUSDT,-0.018352933120306038,1.2299890603094334,0
next_close,drop3_breadth5,-0.03,5,pure_horizon_6,base,6,4.0,5.0,2026-01-31 18:45:00+00:00,LINKUSDT,-0.01090578199609513,1.2190832783133383,0
next_close,drop3_breadth5,-0.03,5,pure_horizon_6,base,6,4.0,5.0,2026-01-31 18:45:00+00:00,LTCUSDT,-0.012753077769835228,1.206330200543503,0
next_close,drop3_breadth5,-0.03,5,pure_horizon_6,base,6,4.0,5.0,2026-01-31 18:45:00+00:00,SOLUSDT,-0.02160453373544189,1.1847256668080612,0
next_close,drop3_breadth5,-0.03,5,pure_horizon_6,base,6,4.0,5.0,2026-01-31 18:45:00+00:00,XRPUSDT,0.008841043372694781,1.193566710180756,0
next_close,drop3_breadth5,-0.03,5,pure_horizon_6,base,6,4.0,5.0,2026-02-05 16:45:00+00:00,AVAXUSDT,0.023024631625826374,1.2165913418065826,1
next_close,drop3_breadth5,-0.03,5,pure_horizon_6,base,6,4.0,5.0,2026-02-05 16:45:00+00:00,LINKUSDT,0.020742416470847756,1.2373337582774304,1
next_close,drop3_breadth5,-0.03,5,pure_horizon_6,base,6,4.0,5.0,2026-02-05 17:00:00+00:00,ETHUSDT,0.003761951076821113,1.2410957093542516,0
next_close,drop3_breadth5,-0.03,5,pure_horizon_6,base,6,4.0,5.0,2026-02-05 22:00:00+00:00,AVAXUSDT,-0.012398350300271008,1.2286973590539807,0
next_close,drop3_breadth5,-0.03,5,pure_horizon_6,base,6,4.0,5.0,2026-02-05 22:00:00+00:00,SOLUSDT,-0.0029318685745288505,1.225765490479452,0
next_close,drop3_breadth5,-0.03,5,pure_horizon_6,base,6,4.0,5.0,2026-02-05 22:00:00+00:00,XRPUSDT,-0.01625838809868061,1.2095071023807713,0
next_close,drop3_breadth5,-0.03,5,pure_horizon_6,base,6,4.0,5.0,2026-02-06 01:45:00+00:00,ADAUSDT,0.08443273969402867,1.2939398420748,0
next_close,drop3_breadth5,-0.03,5,pure_horizon_6,base,6,4.0,5.0,2026-02-06 01:45:00+00:00,AVAXUSDT,0.07546774023793437,1.3694075823127345,0
next_close,drop3_breadth5,-0.03,5,pure_horizon_6,base,6,4.0,5.0,2026-02-06 01:45:00+00:00,BNBUSDT,0.06900850649410697,1.4384160888068416,0
next_close,drop3_breadth5,-0.03,5,pure_horizon_6,base,6,4.0,5.0,2026-02-06 01:45:00+00:00,BTCUSDT,0.06907704338183143,1.507493132188673,0
next_close,drop3_breadth5,-0.03,5,pure_horizon_6,base,6,4.0,5.0,2026-02-06 01:45:00+00:00,ETHUSDT,0.08014516700807187,1.587638299196745,0
next_close,drop3_breadth5,-0.03,5,pure_horizon_6,base,6,4.0,5.0,2026-02-06 01:45:00+00:00,LINKUSDT,0.08937064156323751,1.6770089407599826,0
next_close,drop3_breadth5,-0.03,5,pure_horizon_6,base,6,4.0,5.0,2026-02-06 01:45:00+00:00,LTCUSDT,0.07584412181880276,1.7528530625787855,0
next_close,drop3_breadth5,-0.03,5,pure_horizon_6,base,6,4.0,5.0,2026-02-06 01:45:00+00:00,SOLUSDT,0.11594486244922578,1.8687979250280113,0
next_close,drop3_breadth5,-0.03,5,pure_horizon_6,base,6,4.0,5.0,2026-02-06 01:45:00+00:00,XRPUSDT,0.10691933665494693,1.9757172616829584,0
next_open,drop3_breadth5,-0.03,5,pure_horizon_6,base,6,4.0,5.0,2025-05-30 02:30:00+00:00,ADAUSDT,0.02679701542896331,0.02679701542896331,0
next_open,drop3_breadth5,-0.03,5,pure_horizon_6,base,6,4.0,5.0,2025-05-30 02:30:00+00:00,AVAXUSDT,0.01714287799123073,0.04393989342019404,0
next_open,drop3_breadth5,-0.03,5,pure_horizon_6,base,6,4.0,5.0,2025-05-30 02:30:00+00:00,LINKUSDT,0.020286300564956637,0.06422619398515067,0
next_open,drop3_breadth5,-0.03,5,pure_horizon_6,base,6,4.0,5.0,2025-05-30 02:30:00+00:00,LTCUSDT,0.016682064329527922,0.0809082583146786,0
next_open,drop3_breadth5,-0.03,5,pure_horizon_6,base,6,4.0,5.0,2025-05-30 02:30:00+00:00,XRPUSDT,0.027036098192956402,0.10794435650763501,0
next_open,drop3_breadth5,-0.03,5,pure_horizon_6,base,6,4.0,5.0,2025-06-13 01:45:00+00:00,AVAXUSDT,-0.04455135351111336,0.06339300299652165,0
next_open,drop3_breadth5,-0.03,5,pure_horizon_6,base,6,4.0,5.0,2025-06-22 15:00:00+00:00,ADAUSDT,-0.0006651317793032512,0.0627278712172184,0
next_open,drop3_breadth5,-0.03,5,pure_horizon_6,base,6,4.0,5.0,2025-06-22 15:00:00+00:00,LINKUSDT,0.012453198346122154,0.07518106956334056,0
next_open,drop3_breadth5,-0.03,5,pure_horizon_6,base,6,4.0,5.0,2025-06-22 15:00:00+00:00,SOLUSDT,0.010079407358825645,0.0852604769221662,0
next_open,drop3_breadth5,-0.03,5,pure_horizon_6,base,6,4.0,5.0,2025-10-10 22:30:00+00:00,ADAUSDT,-0.18496816410534267,-0.09970768718317646,17
next_open,drop3_breadth5,-0.03,5,pure_horizon_6,base,6,4.0,5.0,2025-10-10 22:30:00+00:00,AVAXUSDT,-0.18060628516235422,-0.2803139723455307,17
next_open,drop3_breadth5,-0.03,5,pure_horizon_6,base,6,4.0,5.0,2025-10-10 22:30:00+00:00,ETHUSDT,-0.0017995002498749405,-0.28211347259540565,17
next_open,drop3_breadth5,-0.03,5,pure_horizon_6,base,6,4.0,5.0,2025-10-10 22:30:00+00:00,LINKUSDT,-0.16989439558763886,-0.4520078681830445,17
next_open,drop3_breadth5,-0.03,5,pure_horizon_6,base,6,4.0,5.0,2025-10-10 22:30:00+00:00,SOLUSDT,-0.049097872907589796,-0.5011057410906343,17
next_open,drop3_breadth5,-0.03,5,pure_horizon_6,base,6,4.0,5.0,2025-10-10 22:30:00+00:00,XRPUSDT,-0.07776211987752388,-0.5788678609681582,17
next_open,drop3_breadth5,-0.03,5,pure_horizon_6,base,6,4.0,5.0,2025-10-10 22:45:00+00:00,ADAUSDT,-0.052171854426360714,-0.631039715394519,10
next_open,drop3_breadth5,-0.03,5,pure_horizon_6,base,6,4.0,5.0,2025-10-10 22:45:00+00:00,AVAXUSDT,-0.10131811997506954,-0.7323578353695885,10
next_open,drop3_breadth5,-0.03,5,pure_horizon_6,base,6,4.0,5.0,2025-10-10 22:45:00+00:00,BNBUSDT,-0.004390487734531301,-0.7367483231041199,10
next_open,drop3_breadth5,-0.03,5,pure_horizon_6,base,6,4.0,5.0,2025-10-10 22:45:00+00:00,ETHUSDT,0.03305637461550184,-0.703691948488618,10
next_open,drop3_breadth5,-0.03,5,pure_horizon_6,base,6,4.0,5.0,2025-10-10 22:45:00+00:00,LINKUSDT,-0.06704602509435706,-0.7707379735829751,10
next_open,drop3_breadth5,-0.03,5,pure_horizon_6,base,6,4.0,5.0,2025-10-10 22:45:00+00:00,SOLUSDT,0.016005110082677597,-0.7547328635002976,10
next_open,drop3_breadth5,-0.03,5,pure_horizon_6,base,6,4.0,5.0,2025-10-10 22:45:00+00:00,XRPUSDT,0.024638086668705615,-0.730094776831592,10
next_open,drop3_breadth5,-0.03,5,pure_horizon_6,base,6,4.0,5.0,2025-10-10 23:00:00+00:00,ADAUSDT,0.3313451662973027,-0.39874961053428926,4
next_open,drop3_breadth5,-0.03,5,pure_horizon_6,base,6,4.0,5.0,2025-10-10 23:00:00+00:00,AVAXUSDT,0.15210117415017488,-0.24664843638411438,4
next_open,drop3_breadth5,-0.03,5,pure_horizon_6,base,6,4.0,5.0,2025-10-10 23:00:00+00:00,BNBUSDT,0.12349570071796237,-0.12315273566615201,4
next_open,drop3_breadth5,-0.03,5,pure_horizon_6,base,6,4.0,5.0,2025-10-10 23:00:00+00:00,LINKUSDT,0.2867102476420059,0.16355751197585391,4
next_open,drop3_breadth5,-0.03,5,pure_horizon_6,base,6,4.0,5.0,2025-10-10 23:00:00+00:00,SOLUSDT,0.0807331160112236,0.2442906279870775,4
next_open,drop3_breadth5,-0.03,5,pure_horizon_6,base,6,4.0,5.0,2025-10-10 23:00:00+00:00,XRPUSDT,0.2059251779737995,0.450215805960877,4
next_open,drop3_breadth5,-0.03,5,pure_horizon_6,base,6,4.0,5.0,2025-10-11 00:00:00+00:00,ADAUSDT,0.1161953934878294,0.5664111994487064,3
next_open,drop3_breadth5,-0.03,5,pure_horizon_6,base,6,4.0,5.0,2025-10-11 00:00:00+00:00,AVAXUSDT,0.027225714388581145,0.5936369138372876,3
next_open,drop3_breadth5,-0.03,5,pure_horizon_6,base,6,4.0,5.0,2025-10-11 00:00:00+00:00,LINKUSDT,0.09467737919785804,0.6883142930351456,3
next_open,drop3_breadth5,-0.03,5,pure_horizon_6,base,6,4.0,5.0,2025-10-11 00:00:00+00:00,LTCUSDT,0.06721758718367102,0.7555318802188166,3
next_open,drop3_breadth5,-0.03,5,pure_horizon_6,base,6,4.0,5.0,2025-10-11 01:30:00+00:00,AVAXUSDT,0.011479796161687397,0.7670116763805039,0
next_open,drop3_breadth5,-0.03,5,pure_horizon_6,base,6,4.0,5.0,2025-10-11 01:30:00+00:00,LINKUSDT,-0.021110002415309338,0.7459016739651946,0
next_open,drop3_breadth5,-0.03,5,pure_horizon_6,base,6,4.0,5.0,2025-10-11 01:30:00+00:00,LTCUSDT,-0.01779754524019115,0.7281041287250034,0
next_open,drop3_breadth5,-0.03,5,pure_horizon_6,base,6,4.0,5.0,2025-10-29 20:15:00+00:00,ETHUSDT,0.01704419580403762,0.745148324529041,0
next_open,drop3_breadth5,-0.03,5,pure_horizon_6,base,6,4.0,5.0,2025-11-03 17:00:00+00:00,ADAUSDT,0.015596481606829382,0.7607448061358704,0
next_open,drop3_breadth5,-0.03,5,pure_horizon_6,base,6,4.0,5.0,2025-11-03 17:00:00+00:00,AVAXUSDT,0.010809593688550525,0.7715543998244209,0
next_open,drop3_breadth5,-0.03,5,pure_horizon_6,base,6,4.0,5.0,2025-11-03 17:00:00+00:00,LINKUSDT,0.010031789644913493,0.7815861894693343,0
next_open,drop3_breadth5,-0.03,5,pure_horizon_6,base,6,4.0,5.0,2025-11-03 17:00:00+00:00,SOLUSDT,0.0070728293956378255,0.7886590188649721,0
next_open,drop3_breadth5,-0.03,5,pure_horizon_6,base,6,4.0,5.0,2026-01-19 01:45:00+00:00,ADAUSDT,0.007080504192348425,0.7957395230573205,0
next_open,drop3_breadth5,-0.03,5,pure_horizon_6,base,6,4.0,5.0,2026-01-19 01:45:00+00:00,AVAXUSDT,0.00434304055350756,0.8000825636108281,0
next_open,drop3_breadth5,-0.03,5,pure_horizon_6,base,6,4.0,5.0,2026-01-19 01:45:00+00:00,LINKUSDT,0.0004629764773997021,0.8005455400882278,0
next_open,drop3_breadth5,-0.03,5,pure_horizon_6,base,6,4.0,5.0,2026-01-19 01:45:00+00:00,LTCUSDT,0.0019507182013961627,0.8024962582896239,0
next_open,drop3_breadth5,-0.03,5,pure_horizon_6,base,6,4.0,5.0,2026-01-19 01:45:00+00:00,SOLUSDT,0.002702868110750512,0.8051991264003744,0
next_open,drop3_breadth5,-0.03,5,pure_horizon_6,base,6,4.0,5.0,2026-01-19 01:45:00+00:00,XRPUSDT,0.011376640934907114,0.8165757673352815,0
next_open,drop3_breadth5,-0.03,5,pure_horizon_6,base,6,4.0,5.0,2026-01-30 03:15:00+00:00,ADAUSDT,0.004693539209968201,0.8212693065452497,0
next_open,drop3_breadth5,-0.03,5,pure_horizon_6,base,6,4.0,5.0,2026-01-30 03:15:00+00:00,LTCUSDT,-0.003354848996177639,0.817914457549072,0
next_open,drop3_breadth5,-0.03,5,pure_horizon_6,base,6,4.0,5.0,2026-01-30 03:15:00+00:00,XRPUSDT,0.0028411512658536257,0.8207556088149256,0
next_open,drop3_breadth5,-0.03,5,pure_horizon_6,base,6,4.0,5.0,2026-01-31 18:45:00+00:00,ADAUSDT,-3.697290380908424e-05,0.8207186359111165,0
next_open,drop3_breadth5,-0.03,5,pure_horizon_6,base,6,4.0,5.0,2026-01-31 18:45:00+00:00,ETHUSDT,-0.01301549997480642,0.80770313593631,0
next_open,drop3_breadth5,-0.03,5,pure_horizon_6,base,6,4.0,5.0,2026-01-31 18:45:00+00:00,LINKUSDT,-0.005026447784756005,0.802676688151554,0
next_open,drop3_breadth5,-0.03,5,pure_horizon_6,base,6,4.0,5.0,2026-01-31 18:45:00+00:00,LTCUSDT,-0.007990586149514289,0.7946861020020397,0
next_open,drop3_breadth5,-0.03,5,pure_horizon_6,base,6,4.0,5.0,2026-01-31 18:45:00+00:00,SOLUSDT,-0.010646234920686812,0.7840398670813529,0
next_open,drop3_breadth5,-0.03,5,pure_horizon_6,base,6,4.0,5.0,2026-01-31 18:45:00+00:00,XRPUSDT,0.013498835076599127,0.797538702157952,0
next_open,drop3_breadth5,-0.03,5,pure_horizon_6,base,6,4.0,5.0,2026-02-05 16:45:00+00:00,AVAXUSDT,0.008641840104897238,0.8061805422628492,1
next_open,drop3_breadth5,-0.03,5,pure_horizon_6,base,6,4.0,5.0,2026-02-05 16:45:00+00:00,LINKUSDT,-0.0028481361838325944,0.8033324060790166,1
next_open,drop3_breadth5,-0.03,5,pure_horizon_6,base,6,4.0,5.0,2026-02-05 17:00:00+00:00,ETHUSDT,0.020062684599729284,0.8233950906787458,0
next_open,drop3_breadth5,-0.03,5,pure_horizon_6,base,6,4.0,5.0,2026-02-05 22:00:00+00:00,AVAXUSDT,-0.0015613878676200336,0.8218337028111258,0
next_open,drop3_breadth5,-0.03,5,pure_horizon_6,base,6,4.0,5.0,2026-02-05 22:00:00+00:00,SOLUSDT,0.006839954663390735,0.8286736574745165,0
next_open,drop3_breadth5,-0.03,5,pure_horizon_6,base,6,4.0,5.0,2026-02-05 22:00:00+00:00,XRPUSDT,0.016684513838532887,0.8453581713130494,0
next_open,drop3_breadth5,-0.03,5,pure_horizon_6,base,6,4.0,5.0,2026-02-06 01:45:00+00:00,ADAUSDT,0.09626992053711372,0.941628091850163,0
next_open,drop3_breadth5,-0.03,5,pure_horizon_6,base,6,4.0,5.0,2026-02-06 01:45:00+00:00,AVAXUSDT,0.08669185340379917,1.0283199452539622,0
next_open,drop3_breadth5,-0.03,5,pure_horizon_6,base,6,4.0,5.0,2026-02-06 01:45:00+00:00,BNBUSDT,0.08019290154414685,1.1085128467981091,0
next_open,drop3_breadth5,-0.03,5,pure_horizon_6,base,6,4.0,5.0,2026-02-06 01:45:00+00:00,BTCUSDT,0.08893062236546148,1.1974434691635707,0
next_open,drop3_breadth5,-0.03,5,pure_horizon_6,base,6,4.0,5.0,2026-02-06 01:45:00+00:00,ETHUSDT,0.09176006962108466,1.2892035387846554,0
next_open,drop3_breadth5,-0.03,5,pure_horizon_6,base,6,4.0,5.0,2026-02-06 01:45:00+00:00,LINKUSDT,0.10234184443743502,1.3915453832220905,0
next_open,drop3_breadth5,-0.03,5,pure_horizon_6,base,6,4.0,5.0,2026-02-06 01:45:00+00:00,LTCUSDT,0.08365254761697641,1.475197930839067,0
next_open,drop3_breadth5,-0.03,5,pure_horizon_6,base,6,4.0,5.0,2026-02-06 01:45:00+00:00,SOLUSDT,0.09710596958158116,1.5723039004206483,0
next_open,drop3_breadth5,-0.03,5,pure_horizon_6,base,6,4.0,5.0,2026-02-06 01:45:00+00:00,XRPUSDT,0.11533974576713404,1.6876436461877824,0
next_close,drop3_breadth5,-0.03,5,pure_horizon_6,stress,6,8.0,10.0,2025-05-30 02:30:00+00:00,ADAUSDT,0.007464120475233305,0.007464120475233305,0
next_close,drop3_breadth5,-0.03,5,pure_horizon_6,stress,6,8.0,10.0,2025-05-30 02:30:00+00:00,AVAXUSDT,0.005821467216045085,0.01328558769127839,0
next_close,drop3_breadth5,-0.03,5,pure_horizon_6,stress,6,8.0,10.0,2025-05-30 02:30:00+00:00,LINKUSDT,0.0062044765866733805,0.01949006427795177,0
next_close,drop3_breadth5,-0.03,5,pure_horizon_6,stress,6,8.0,10.0,2025-05-30 02:30:00+00:00,LTCUSDT,0.004941286708026783,0.024431350985978553,0
next_close,drop3_breadth5,-0.03,5,pure_horizon_6,stress,6,8.0,10.0,2025-05-30 02:30:00+00:00,XRPUSDT,0.010554169420534044,0.034985520406512594,0
next_close,drop3_breadth5,-0.03,5,pure_horizon_6,stress,6,8.0,10.0,2025-06-13 01:45:00+00:00,AVAXUSDT,-0.03434689142070242,0.0006386289858101718,0
next_close,drop3_breadth5,-0.03,5,pure_horizon_6,stress,6,8.0,10.0,2025-06-22 15:00:00+00:00,ADAUSDT,-0.0005703129634868174,6.831602232335444e-05,0
next_close,drop3_breadth5,-0.03,5,pure_horizon_6,stress,6,8.0,10.0,2025-06-22 15:00:00+00:00,LINKUSDT,0.012593383569863326,0.01266169959218668,0
next_close,drop3_breadth5,-0.03,5,pure_horizon_6,stress,6,8.0,10.0,2025-06-22 15:00:00+00:00,SOLUSDT,0.010724015382359387,0.023385714974546067,0
next_close,drop3_breadth5,-0.03,5,pure_horizon_6,stress,6,8.0,10.0,2025-10-10 22:30:00+00:00,ADAUSDT,-0.10315276632374687,-0.0797670513492008,17
next_close,drop3_breadth5,-0.03,5,pure_horizon_6,stress,6,8.0,10.0,2025-10-10 22:30:00+00:00,AVAXUSDT,-0.11272131674460822,-0.19248836809380904,17
next_close,drop3_breadth5,-0.03,5,pure_horizon_6,stress,6,8.0,10.0,2025-10-10 22:30:00+00:00,ETHUSDT,0.034388826848471596,-0.15809954124533743,17
next_close,drop3_breadth5,-0.03,5,pure_horizon_6,stress,6,8.0,10.0,2025-10-10 22:30:00+00:00,LINKUSDT,-0.0991856752669314,-0.2572852165122688,17
next_close,drop3_breadth5,-0.03,5,pure_horizon_6,stress,6,8.0,10.0,2025-10-10 22:30:00+00:00,SOLUSDT,0.009176164859120251,-0.24810905165314856,17
next_close,drop3_breadth5,-0.03,5,pure_horizon_6,stress,6,8.0,10.0,2025-10-10 22:30:00+00:00,XRPUSDT,0.003549573340324176,-0.24455947831282437,17
next_close,drop3_breadth5,-0.03,5,pure_horizon_6,stress,6,8.0,10.0,2025-10-10 22:45:00+00:00,ADAUSDT,0.3362164803946055,0.09165700208178112,10
next_close,drop3_breadth5,-0.03,5,pure_horizon_6,stress,6,8.0,10.0,2025-10-10 22:45:00+00:00,AVAXUSDT,0.14402105667316417,0.2356780587549453,10
next_close,drop3_breadth5,-0.03,5,pure_horizon_6,stress,6,8.0,10.0,2025-10-10 22:45:00+00:00,BNBUSDT,0.12583255362257023,0.36151061237751553,10
next_close,drop3_breadth5,-0.03,5,pure_horizon_6,stress,6,8.0,10.0,2025-10-10 22:45:00+00:00,ETHUSDT,0.06137597146097744,0.422886583838493,10
next_close,drop3_breadth5,-0.03,5,pure_horizon_6,stress,6,8.0,10.0,2025-10-10 22:45:00+00:00,LINKUSDT,0.28534573209859726,0.7082323159370902,10
next_close,drop3_breadth5,-0.03,5,pure_horizon_6,stress,6,8.0,10.0,2025-10-10 22:45:00+00:00,SOLUSDT,0.0789667961821015,0.7871991121191917,10
next_close,drop3_breadth5,-0.03,5,pure_horizon_6,stress,6,8.0,10.0,2025-10-10 22:45:00+00:00,XRPUSDT,0.2050891441891443,0.992288256308336,10
next_close,drop3_breadth5,-0.03,5,pure_horizon_6,stress,6,8.0,10.0,2025-10-10 23:00:00+00:00,ADAUSDT,0.025651763476851656,1.0179400197851876,4
next_close,drop3_breadth5,-0.03,5,pure_horizon_6,stress,6,8.0,10.0,2025-10-10 23:00:00+00:00,AVAXUSDT,-0.06526345800621985,0.9526765617789676,4
next_close,drop3_breadth5,-0.03,5,pure_horizon_6,stress,6,8.0,10.0,2025-10-10 23:00:00+00:00,BNBUSDT,0.005479539370237863,0.9581561011492055,4
next_close,drop3_breadth5,-0.03,5,pure_horizon_6,stress,6,8.0,10.0,2025-10-10 23:00:00+00:00,LINKUSDT,0.02813819144319845,0.9862942925924039,4
next_close,drop3_breadth5,-0.03,5,pure_horizon_6,stress,6,8.0,10.0,2025-10-10 23:00:00+00:00,SOLUSDT,-0.03384671176094019,0.9524475808314636,4
next_close,drop3_breadth5,-0.03,5,pure_horizon_6,stress,6,8.0,10.0,2025-10-10 23:00:00+00:00,XRPUSDT,0.023020039136238783,0.9754676199677024,4
next_close,drop3_breadth5,-0.03,5,pure_horizon_6,stress,6,8.0,10.0,2025-10-11 00:00:00+00:00,ADAUSDT,0.10494344801519123,1.0804110679828935,3
next_close,drop3_breadth5,-0.03,5,pure_horizon_6,stress,6,8.0,10.0,2025-10-11 00:00:00+00:00,AVAXUSDT,0.010939075870298343,1.0913501438531918,3
next_close,drop3_breadth5,-0.03,5,pure_horizon_6,stress,6,8.0,10.0,2025-10-11 00:00:00+00:00,LINKUSDT,0.070339453575123,1.1616895974283148,3
next_close,drop3_breadth5,-0.03,5,pure_horizon_6,stress,6,8.0,10.0,2025-10-11 00:00:00+00:00,LTCUSDT,0.026141343630571794,1.1878309410588865,3
next_close,drop3_breadth5,-0.03,5,pure_horizon_6,stress,6,8.0,10.0,2025-10-11 01:30:00+00:00,AVAXUSDT,-0.0006748231889110543,1.1871561178699754,0
next_close,drop3_breadth5,-0.03,5,pure_horizon_6,stress,6,8.0,10.0,2025-10-11 01:30:00+00:00,LINKUSDT,-0.03197991765702308,1.1551762002129524,0
next_close,drop3_breadth5,-0.03,5,pure_horizon_6,stress,6,8.0,10.0,2025-10-11 01:30:00+00:00,LTCUSDT,-0.02972157167985385,1.1254546285330986,0
next_close,drop3_breadth5,-0.03,5,pure_horizon_6,stress,6,8.0,10.0,2025-10-29 20:15:00+00:00,ETHUSDT,0.0011507591979190062,1.1266053877310176,0
next_close,drop3_breadth5,-0.03,5,pure_horizon_6,stress,6,8.0,10.0,2025-11-03 17:00:00+00:00,ADAUSDT,0.013780592561800687,1.1403859802928182,0
next_close,drop3_breadth5,-0.03,5,pure_horizon_6,stress,6,8.0,10.0,2025-11-03 17:00:00+00:00,AVAXUSDT,0.0179450923076439,1.158331072600462,0
next_close,drop3_breadth5,-0.03,5,pure_horizon_6,stress,6,8.0,10.0,2025-11-03 17:00:00+00:00,LINKUSDT,0.021664557594677718,1.1799956301951398,0
next_close,drop3_breadth5,-0.03,5,pure_horizon_6,stress,6,8.0,10.0,2025-11-03 17:00:00+00:00,SOLUSDT,0.005325477955521008,1.1853211081506607,0
next_close,drop3_breadth5,-0.03,5,pure_horizon_6,stress,6,8.0,10.0,2026-01-19 01:45:00+00:00,ADAUSDT,0.005832811768554037,1.1911539199192147,0
next_close,drop3_breadth5,-0.03,5,pure_horizon_6,stress,6,8.0,10.0,2026-01-19 01:45:00+00:00,AVAXUSDT,0.0022177676079809154,1.1933716875271956,0
next_close,drop3_breadth5,-0.03,5,pure_horizon_6,stress,6,8.0,10.0,2026-01-19 01:45:00+00:00,LINKUSDT,-0.002040327582515776,1.1913313599446798,0
next_close,drop3_breadth5,-0.03,5,pure_horizon_6,stress,6,8.0,10.0,2026-01-19 01:45:00+00:00,LTCUSDT,0.00014846810711670734,1.1914798280517964,0
next_close,drop3_breadth5,-0.03,5,pure_horizon_6,stress,6,8.0,10.0,2026-01-19 01:45:00+00:00,SOLUSDT,-0.005311501994571598,1.1861683260572249,0
next_close,drop3_breadth5,-0.03,5,pure_horizon_6,stress,6,8.0,10.0,2026-01-19 01:45:00+00:00,XRPUSDT,0.006267863206614033,1.1924361892638389,0
next_close,drop3_breadth5,-0.03,5,pure_horizon_6,stress,6,8.0,10.0,2026-01-30 03:15:00+00:00,ADAUSDT,-0.008180196662841265,1.1842559926009977,0
next_close,drop3_breadth5,-0.03,5,pure_horizon_6,stress,6,8.0,10.0,2026-01-30 03:15:00+00:00,LTCUSDT,-0.013611915222782888,1.1706440773782147,0
next_close,drop3_breadth5,-0.03,5,pure_horizon_6,stress,6,8.0,10.0,2026-01-30 03:15:00+00:00,XRPUSDT,-0.0054177207407974486,1.1652263566374172,0
next_close,drop3_breadth5,-0.03,5,pure_horizon_6,stress,6,8.0,10.0,2026-01-31 18:45:00+00:00,ADAUSDT,-0.008147099464350615,1.1570792571730666,0
next_close,drop3_breadth5,-0.03,5,pure_horizon_6,stress,6,8.0,10.0,2026-01-31 18:45:00+00:00,ETHUSDT,-0.020134889699874155,1.1369443674731925,0
next_close,drop3_breadth5,-0.03,5,pure_horizon_6,stress,6,8.0,10.0,2026-01-31 18:45:00+00:00,LINKUSDT,-0.012695182008792782,1.1242491854643997,0
next_close,drop3_breadth5,-0.03,5,pure_horizon_6,stress,6,8.0,10.0,2026-01-31 18:45:00+00:00,LTCUSDT,-0.014540631409022686,1.109708554055377,0
next_close,drop3_breadth5,-0.03,5,pure_horizon_6,stress,6,8.0,10.0,2026-01-31 18:45:00+00:00,SOLUSDT,-0.023383240337758578,1.0863253137176185,0
next_close,drop3_breadth5,-0.03,5,pure_horizon_6,stress,6,8.0,10.0,2026-01-31 18:45:00+00:00,XRPUSDT,0.007031906393243404,1.093357220110862,0
next_close,drop3_breadth5,-0.03,5,pure_horizon_6,stress,6,8.0,10.0,2026-02-05 16:45:00+00:00,AVAXUSDT,0.02120131813928699,1.1145585382501488,1
next_close,drop3_breadth5,-0.03,5,pure_horizon_6,stress,6,8.0,10.0,2026-02-05 16:45:00+00:00,LINKUSDT,0.01892138406006621,1.133479922310215,1
next_close,drop3_breadth5,-0.03,5,pure_horizon_6,stress,6,8.0,10.0,2026-02-05 17:00:00+00:00,ETHUSDT,0.001957890653925755,1.1354378129641407,0
next_close,drop3_breadth5,-0.03,5,pure_horizon_6,stress,6,8.0,10.0,2026-02-05 22:00:00+00:00,AVAXUSDT,-0.014186258489830083,1.1212515544743107,0
next_close,drop3_breadth5,-0.03,5,pure_horizon_6,stress,6,8.0,10.0,2026-02-05 22:00:00+00:00,SOLUSDT,-0.0047292385196667334,1.116522315954644,0
next_close,drop3_breadth5,-0.03,5,pure_horizon_6,stress,6,8.0,10.0,2026-02-05 22:00:00+00:00,XRPUSDT,-0.018042438177567295,1.0984798777770768,0
next_close,drop3_breadth5,-0.03,5,pure_horizon_6,stress,6,8.0,10.0,2026-02-06 01:45:00+00:00,ADAUSDT,0.08254804875745753,1.1810279265345343,0
next_close,drop3_breadth5,-0.03,5,pure_horizon_6,stress,6,8.0,10.0,2026-02-06 01:45:00+00:00,AVAXUSDT,0.07359200982503761,1.2546199363595718,0
next_close,drop3_breadth5,-0.03,5,pure_horizon_6,stress,6,8.0,10.0,2026-02-06 01:45:00+00:00,BNBUSDT,0.06713923209017786,1.3217591684497496,0
next_close,drop3_breadth5,-0.03,5,pure_horizon_6,stress,6,8.0,10.0,2026-02-06 01:45:00+00:00,BTCUSDT,0.06720770047523167,1.3889668689249812,0
next_close,drop3_breadth5,-0.03,5,pure_horizon_6,stress,6,8.0,10.0,2026-02-06 01:45:00+00:00,ETHUSDT,0.07826476150361344,1.4672316304285946,0
next_close,drop3_breadth5,-0.03,5,pure_horizon_6,stress,6,8.0,10.0,2026-02-06 01:45:00+00:00,LINKUSDT,0.08748101519004786,1.5547126456186424,0
next_close,drop3_breadth5,-0.03,5,pure_horizon_6,stress,6,8.0,10.0,2026-02-06 01:45:00+00:00,LTCUSDT,0.07396801521223378,1.6286806608308761,0
next_close,drop3_breadth5,-0.03,5,pure_horizon_6,stress,6,8.0,10.0,2026-02-06 01:45:00+00:00,SOLUSDT,0.11402867512234632,1.7427093359532224,0
next_close,drop3_breadth5,-0.03,5,pure_horizon_6,stress,6,8.0,10.0,2026-02-06 01:45:00+00:00,XRPUSDT,0.10501217034786242,1.8477215063010848,0
next_open,drop3_breadth5,-0.03,5,pure_horizon_6,stress,6,8.0,10.0,2025-05-30 02:30:00+00:00,ADAUSDT,0.024969931441986053,0.024969931441986053,0
next_open,drop3_breadth5,-0.03,5,pure_horizon_6,stress,6,8.0,10.0,2025-05-30 02:30:00+00:00,AVAXUSDT,0.01532544332185686,0.040295374763842914,0
next_open,drop3_breadth5,-0.03,5,pure_horizon_6,stress,6,8.0,10.0,2025-05-30 02:30:00+00:00,LINKUSDT,0.018465724042364955,0.05876109880620787,0
next_open,drop3_breadth5,-0.03,5,pure_horizon_6,stress,6,8.0,10.0,2025-05-30 02:30:00+00:00,LTCUSDT,0.014865090243754422,0.07362618904996229,0
next_open,drop3_breadth5,-0.03,5,pure_horizon_6,stress,6,8.0,10.0,2025-05-30 02:30:00+00:00,XRPUSDT,0.02520877524257719,0.09883496429253949,0
next_open,drop3_breadth5,-0.03,5,pure_horizon_6,stress,6,8.0,10.0,2025-06-13 01:45:00+00:00,AVAXUSDT,-0.04630712474986838,0.05252783954267111,0
next_open,drop3_breadth5,-0.03,5,pure_horizon_6,stress,6,8.0,10.0,2025-06-22 15:00:00+00:00,ADAUSDT,-0.00246476732956664,0.05006307221310447,0
next_open,drop3_breadth5,-0.03,5,pure_horizon_6,stress,6,8.0,10.0,2025-06-22 15:00:00+00:00,LINKUSDT,0.010640451015067987,0.06070352322817246,0
next_open,drop3_breadth5,-0.03,5,pure_horizon_6,stress,6,8.0,10.0,2025-06-22 15:00:00+00:00,SOLUSDT,0.008269032633642138,0.0689725558618146,0
next_open,drop3_breadth5,-0.03,5,pure_horizon_6,stress,6,8.0,10.0,2025-10-10 22:30:00+00:00,ADAUSDT,-0.18658358863668395,-0.11761103277486935,17
next_open,drop3_breadth5,-0.03,5,pure_horizon_6,stress,6,8.0,10.0,2025-10-10 22:30:00+00:00,AVAXUSDT,-0.18222606939496772,-0.29983710216983706,17
next_open,drop3_breadth5,-0.03,5,pure_horizon_6,stress,6,8.0,10.0,2025-10-10 22:30:00+00:00,ETHUSDT,-0.003598001998001819,-0.30343510416783886,17
next_open,drop3_breadth5,-0.03,5,pure_horizon_6,stress,6,8.0,10.0,2025-10-10 22:30:00+00:00,LINKUSDT,-0.17152488636190938,-0.47495999052974824,17
next_open,drop3_breadth5,-0.03,5,pure_horizon_6,stress,6,8.0,10.0,2025-10-10 22:30:00+00:00,SOLUSDT,-0.050849099896801156,-0.5258090904265494,17
next_open,drop3_breadth5,-0.03,5,pure_horizon_6,stress,6,8.0,10.0,2025-10-10 22:30:00+00:00,XRPUSDT,-0.07948469693040822,-0.6052937873569577,17
next_open,drop3_breadth5,-0.03,5,pure_horizon_6,stress,6,8.0,10.0,2025-10-10 22:45:00+00:00,ADAUSDT,-0.053920008968740565,-0.6592137963256983,10
next_open,drop3_breadth5,-0.03,5,pure_horizon_6,stress,6,8.0,10.0,2025-10-10 22:45:00+00:00,AVAXUSDT,-0.10301715278820439,-0.7622309491139028,10
next_open,drop3_breadth5,-0.03,5,pure_horizon_6,stress,6,8.0,10.0,2025-10-10 22:45:00+00:00,BNBUSDT,-0.006186399788725771,-0.7684173489026286,10
next_open,drop3_breadth5,-0.03,5,pure_horizon_6,stress,6,8.0,10.0,2025-10-10 22:45:00+00:00,ETHUSDT,0.031223034394326766,-0.7371943145083019,10
next_open,drop3_breadth5,-0.03,5,pure_horizon_6,stress,6,8.0,10.0,2025-10-10 22:45:00+00:00,LINKUSDT,-0.06877931289200784,-0.8059736274003098,10
next_open,drop3_breadth5,-0.03,5,pure_horizon_6,stress,6,8.0,10.0,2025-10-10 22:45:00+00:00,SOLUSDT,0.014188812613181102,-0.7917848147871287,10
next_open,drop3_breadth5,-0.03,5,pure_horizon_6,stress,6,8.0,10.0,2025-10-10 22:45:00+00:00,XRPUSDT,0.022813160532641867,-0.7689716542544869,10
next_open,drop3_breadth5,-0.03,5,pure_horizon_6,stress,6,8.0,10.0,2025-10-10 23:00:00+00:00,ADAUSDT,0.32921368620531144,-0.43975796804917544,4
next_open,drop3_breadth5,-0.03,5,pure_horizon_6,stress,6,8.0,10.0,2025-10-10 23:00:00+00:00,AVAXUSDT,0.15014884856265548,-0.28960911948651996,4
next_open,drop3_breadth5,-0.03,5,pure_horizon_6,stress,6,8.0,10.0,2025-10-10 23:00:00+00:00,BNBUSDT,0.121571966322575,-0.16803715316394496,4
next_open,drop3_breadth5,-0.03,5,pure_horizon_6,stress,6,8.0,10.0,2025-10-10 23:00:00+00:00,LINKUSDT,0.2846233801846587,0.11658622702071375,4
next_open,drop3_breadth5,-0.03,5,pure_horizon_6,stress,6,8.0,10.0,2025-10-10 23:00:00+00:00,SOLUSDT,0.07885212285129556,0.1954383498720093,4
next_open,drop3_breadth5,-0.03,5,pure_horizon_6,stress,6,8.0,10.0,2025-10-10 23:00:00+00:00,XRPUSDT,0.20391905525412418,0.3993574051261335,4
next_open,drop3_breadth5,-0.03,5,pure_horizon_6,stress,6,8.0,10.0,2025-10-11 00:00:00+00:00,ADAUSDT,0.11427895575498886,0.5136363608811223,3
next_open,drop3_breadth5,-0.03,5,pure_horizon_6,stress,6,8.0,10.0,2025-10-11 00:00:00+00:00,AVAXUSDT,0.02539820191667213,0.5390345627977944,3
next_open,drop3_breadth5,-0.03,5,pure_horizon_6,stress,6,8.0,10.0,2025-10-11 00:00:00+00:00,LINKUSDT,0.09278244873642555,0.6318170115342199,3
next_open,drop3_breadth5,-0.03,5,pure_horizon_6,stress,6,8.0,10.0,2025-10-11 00:00:00+00:00,LTCUSDT,0.06535010280493442,0.6971671143391542,3
next_open,drop3_breadth5,-0.03,5,pure_horizon_6,stress,6,8.0,10.0,2025-10-11 01:30:00+00:00,AVAXUSDT,0.009668021746846157,0.7068351360860003,0
next_open,drop3_breadth5,-0.03,5,pure_horizon_6,stress,6,8.0,10.0,2025-10-11 01:30:00+00:00,LINKUSDT,-0.022889203302051193,0.6839459327839491,0
next_open,drop3_breadth5,-0.03,5,pure_horizon_6,stress,6,8.0,10.0,2025-10-11 01:30:00+00:00,LTCUSDT,-0.01958005693036175,0.6643658758535873,0
next_open,drop3_breadth5,-0.03,5,pure_horizon_6,stress,6,8.0,10.0,2025-10-29 20:15:00+00:00,ETHUSDT,0.015226859767583803,0.6795927356211711,0
next_open,drop3_breadth5,-0.03,5,pure_horizon_6,stress,6,8.0,10.0,2025-11-03 17:00:00+00:00,ADAUSDT,0.013780592561800687,0.6933733281829717,0
next_open,drop3_breadth5,-0.03,5,pure_horizon_6,stress,6,8.0,10.0,2025-11-03 17:00:00+00:00,AVAXUSDT,0.008998489141583344,0.702371817324555,0
next_open,drop3_breadth5,-0.03,5,pure_horizon_6,stress,6,8.0,10.0,2025-11-03 17:00:00+00:00,LINKUSDT,0.008221462513670775,0.7105932798382257,0
next_open,drop3_breadth5,-0.03,5,pure_horizon_6,stress,6,8.0,10.0,2025-11-03 17:00:00+00:00,SOLUSDT,0.0052654597473813965,0.7158587395856071,0
next_open,drop3_breadth5,-0.03,5,pure_horizon_6,stress,6,8.0,10.0,2026-01-19 01:45:00+00:00,ADAUSDT,0.005273126873127022,0.7211318664587341,0
next_open,drop3_breadth5,-0.03,5,pure_horizon_6,stress,6,8.0,10.0,2026-01-19 01:45:00+00:00,AVAXUSDT,0.0025383993312444912,0.7236702657899785,0
next_open,drop3_breadth5,-0.03,5,pure_horizon_6,stress,6,8.0,10.0,2026-01-19 01:45:00+00:00,LINKUSDT,-0.0013377866179113504,0.7223324791720671,0
next_open,drop3_breadth5,-0.03,5,pure_horizon_6,stress,6,8.0,10.0,2026-01-19 01:45:00+00:00,LTCUSDT,0.00014846810711670734,0.7224809472791838,0
next_open,drop3_breadth5,-0.03,5,pure_horizon_6,stress,6,8.0,10.0,2026-01-19 01:45:00+00:00,SOLUSDT,0.00089986624207299,0.7233808135212567,0
next_open,drop3_breadth5,-0.03,5,pure_horizon_6,stress,6,8.0,10.0,2026-01-19 01:45:00+00:00,XRPUSDT,0.009564969623792097,0.7329457831450488,0
next_open,drop3_breadth5,-0.03,5,pure_horizon_6,stress,6,8.0,10.0,2026-01-30 03:15:00+00:00,ADAUSDT,0.0028885476640350587,0.7358343308090838,0
next_open,drop3_breadth5,-0.03,5,pure_horizon_6,stress,6,8.0,10.0,2026-01-30 03:15:00+00:00,LTCUSDT,-0.005151796172067246,0.7306825346370165,0
next_open,drop3_breadth5,-0.03,5,pure_horizon_6,stress,6,8.0,10.0,2026-01-30 03:15:00+00:00,XRPUSDT,0.0010380111830590637,0.7317205458200755,0
next_open,drop3_breadth5,-0.03,5,pure_horizon_6,stress,6,8.0,10.0,2026-01-31 18:45:00+00:00,ADAUSDT,-0.0018372362993393605,0.7298833095207361,0
next_open,drop3_breadth5,-0.03,5,pure_horizon_6,stress,6,8.0,10.0,2026-01-31 18:45:00+00:00,ETHUSDT,-0.01480279132280322,0.7150805181979328,0
next_open,drop3_breadth5,-0.03,5,pure_horizon_6,stress,6,8.0,10.0,2026-01-31 18:45:00+00:00,LINKUSDT,-0.006821724196403544,0.7082587940015292,0
next_open,drop3_breadth5,-0.03,5,pure_horizon_6,stress,6,8.0,10.0,2026-01-31 18:45:00+00:00,LTCUSDT,-0.009782899902645092,0.6984758940988841,0
next_open,drop3_breadth5,-0.03,5,pure_horizon_6,stress,6,8.0,10.0,2026-01-31 18:45:00+00:00,SOLUSDT,-0.012435894350880727,0.6860399997480033,0
next_open,drop3_breadth5,-0.03,5,pure_horizon_6,stress,6,8.0,10.0,2026-01-31 18:45:00+00:00,XRPUSDT,0.011685042630849286,0.6977250423788526,0
next_open,drop3_breadth5,-0.03,5,pure_horizon_6,stress,6,8.0,10.0,2026-02-05 16:45:00+00:00,AVAXUSDT,0.006832902229261074,0.7045579446081136,1
next_open,drop3_breadth5,-0.03,5,pure_horizon_6,stress,6,8.0,10.0,2026-02-05 16:45:00+00:00,LINKUSDT,-0.0046455898195577145,0.6999123547885558,1
next_open,drop3_breadth5,-0.03,5,pure_horizon_6,stress,6,8.0,10.0,2026-02-05 17:00:00+00:00,ETHUSDT,0.018242331581462205,0.718154686370018,0
next_open,drop3_breadth5,-0.03,5,pure_horizon_6,stress,6,8.0,10.0,2026-02-05 22:00:00+00:00,AVAXUSDT,-0.0033601276092514827,0.7147945587607665,0
next_open,drop3_breadth5,-0.03,5,pure_horizon_6,stress,6,8.0,10.0,2026-02-05 22:00:00+00:00,SOLUSDT,0.0050328177736039155,0.7198273765343703,0
next_open,drop3_breadth5,-0.03,5,pure_horizon_6,stress,6,8.0,10.0,2026-02-05 22:00:00+00:00,XRPUSDT,0.014867537304473369,0.7346949138388437,0
next_open,drop3_breadth5,-0.03,5,pure_horizon_6,stress,6,8.0,10.0,2026-02-06 01:45:00+00:00,ADAUSDT,0.09437339832941932,0.8290683121682629,0
next_open,drop3_breadth5,-0.03,5,pure_horizon_6,stress,6,8.0,10.0,2026-02-06 01:45:00+00:00,AVAXUSDT,0.08480490448138195,0.9138732166496448,0
next_open,drop3_breadth5,-0.03,5,pure_horizon_6,stress,6,8.0,10.0,2026-02-06 01:45:00+00:00,BNBUSDT,0.07831244832898371,0.9921856649786285,0
next_open,drop3_breadth5,-0.03,5,pure_horizon_6,stress,6,8.0,10.0,2026-02-06 01:45:00+00:00,BTCUSDT,0.08704143579178975,1.0792271007704182,0
next_open,drop3_breadth5,-0.03,5,pure_horizon_6,stress,6,8.0,10.0,2026-02-06 01:45:00+00:00,ETHUSDT,0.08986805501276046,1.1690951557831786,0
next_open,drop3_breadth5,-0.03,5,pure_horizon_6,stress,6,8.0,10.0,2026-02-06 01:45:00+00:00,LINKUSDT,0.10043925333725229,1.2695344091204308,0
next_open,drop3_breadth5,-0.03,5,pure_horizon_6,stress,6,8.0,10.0,2026-02-06 01:45:00+00:00,LTCUSDT,0.08176863648297089,1.3513030456034016,0
next_open,drop3_breadth5,-0.03,5,pure_horizon_6,stress,6,8.0,10.0,2026-02-06 01:45:00+00:00,SOLUSDT,0.09520861174224021,1.4465116573456418,0
next_open,drop3_breadth5,-0.03,5,pure_horizon_6,stress,6,8.0,10.0,2026-02-06 01:45:00+00:00,XRPUSDT,0.11342416325483168,1.5599358206004734,0
next_close,drop3_breadth5,-0.03,5,scaled_exit_6_12,base,12,4.0,5.0,2025-05-30 04:00:00+00:00,ADAUSDT,0.005582626506840627,0.005582626506840627,0
next_close,drop3_breadth5,-0.03,5,scaled_exit_6_12,base,12,4.0,5.0,2025-05-30 04:00:00+00:00,AVAXUSDT,0.005087289537428119,0.010669916044268746,0
next_close,drop3_breadth5,-0.03,5,scaled_exit_6_12,base,12,4.0,5.0,2025-05-30 04:00:00+00:00,LINKUSDT,0.005336707729657575,0.016006623773926323,0
next_close,drop3_breadth5,-0.03,5,scaled_exit_6_12,base,12,4.0,5.0,2025-05-30 04:00:00+00:00,LTCUSDT,0.004994930529469999,0.02100155430339632,0
next_close,drop3_breadth5,-0.03,5,scaled_exit_6_12,base,12,4.0,5.0,2025-05-30 04:00:00+00:00,XRPUSDT,0.010493218950197416,0.03149477325359373,0
next_close,drop3_breadth5,-0.03,5,scaled_exit_6_12,base,12,4.0,5.0,2025-06-13 03:15:00+00:00,AVAXUSDT,-0.02938795240434281,0.002106820849250922,0
next_close,drop3_breadth5,-0.03,5,scaled_exit_6_12,base,12,4.0,5.0,2025-06-22 16:30:00+00:00,ADAUSDT,-0.004924928434531272,-0.0028181075852803505,0
next_close,drop3_breadth5,-0.03,5,scaled_exit_6_12,base,12,4.0,5.0,2025-06-22 16:30:00+00:00,LINKUSDT,0.0038074480956487803,0.0009893405103684298,0
next_close,drop3_breadth5,-0.03,5,scaled_exit_6_12,base,12,4.0,5.0,2025-06-22 16:30:00+00:00,SOLUSDT,0.010852521449438515,0.011841861959806944,0
next_close,drop3_breadth5,-0.03,5,scaled_exit_6_12,base,12,4.0,5.0,2025-10-11 00:00:00+00:00,ADAUSDT,-0.0525479885940828,-0.040706126634275856,20
next_close,drop3_breadth5,-0.03,5,scaled_exit_6_12,base,12,4.0,5.0,2025-10-11 00:00:00+00:00,AVAXUSDT,-0.10455173197884929,-0.14525785861312515,20
next_close,drop3_breadth5,-0.03,5,scaled_exit_6_12,base,12,4.0,5.0,2025-10-11 00:00:00+00:00,ETHUSDT,0.03652452074818083,-0.10873333786494432,20
next_close,drop3_breadth5,-0.03,5,scaled_exit_6_12,base,12,4.0,5.0,2025-10-11 00:00:00+00:00,LINKUSDT,-0.06402146589028676,-0.17275480375523108,20
next_close,drop3_breadth5,-0.03,5,scaled_exit_6_12,base,12,4.0,5.0,2025-10-11 00:00:00+00:00,SOLUSDT,0.014197672367100147,-0.15855713138813093,20
next_close,drop3_breadth5,-0.03,5,scaled_exit_6_12,base,12,4.0,5.0,2025-10-11 00:00:00+00:00,XRPUSDT,0.01778874484326467,-0.14076838654486626,20
next_close,drop3_breadth5,-0.03,5,scaled_exit_6_12,base,12,4.0,5.0,2025-10-11 00:15:00+00:00,ADAUSDT,0.3658881836859351,0.22511979714106886,13
next_close,drop3_breadth5,-0.03,5,scaled_exit_6_12,base,12,4.0,5.0,2025-10-11 00:15:00+00:00,AVAXUSDT,0.15602467428748312,0.381144471428552,13
next_close,drop3_breadth5,-0.03,5,scaled_exit_6_12,base,12,4.0,5.0,2025-10-11 00:15:00+00:00,BNBUSDT,0.1289587705064944,0.5101032419350464,13
next_close,drop3_breadth5,-0.03,5,scaled_exit_6_12,base,12,4.0,5.0,2025-10-11 00:15:00+00:00,ETHUSDT,0.06198294131716933,0.5720861832522157,13
next_close,drop3_breadth5,-0.03,5,scaled_exit_6_12,base,12,4.0,5.0,2025-10-11 00:15:00+00:00,LINKUSDT,0.3117982522642504,0.8838844355164661,13
next_close,drop3_breadth5,-0.03,5,scaled_exit_6_12,base,12,4.0,5.0,2025-10-11 00:15:00+00:00,SOLUSDT,0.07846605179542845,0.9623504873118945,13
next_close,drop3_breadth5,-0.03,5,scaled_exit_6_12,base,12,4.0,5.0,2025-10-11 00:15:00+00:00,XRPUSDT,0.21339157962171185,1.1757420669336063,13
next_close,drop3_breadth5,-0.03,5,scaled_exit_6_12,base,12,4.0,5.0,2025-10-11 00:30:00+00:00,ADAUSDT,0.050651790433706406,1.2263938573673128,7
next_close,drop3_breadth5,-0.03,5,scaled_exit_6_12,base,12,4.0,5.0,2025-10-11 00:30:00+00:00,AVAXUSDT,-0.06101084434623075,1.165383013021082,7
next_close,drop3_breadth5,-0.03,5,scaled_exit_6_12,base,12,4.0,5.0,2025-10-11 00:30:00+00:00,BNBUSDT,0.011730281768578068,1.17711329478966,7
next_close,drop3_breadth5,-0.03,5,scaled_exit_6_12,base,12,4.0,5.0,2025-10-11 00:30:00+00:00,LINKUSDT,0.05273444879233405,1.2298477435819941,7
next_close,drop3_breadth5,-0.03,5,scaled_exit_6_12,base,12,4.0,5.0,2025-10-11 00:30:00+00:00,SOLUSDT,-0.030176399126119947,1.1996713444558742,7
next_close,drop3_breadth5,-0.03,5,scaled_exit_6_12,base,12,4.0,5.0,2025-10-11 00:30:00+00:00,XRPUSDT,0.028448755011240022,1.2281200994671142,7
next_close,drop3_breadth5,-0.03,5,scaled_exit_6_12,base,12,4.0,5.0,2025-10-11 01:30:00+00:00,ADAUSDT,0.09047628434374236,1.3185963838108565,3
next_close,drop3_breadth5,-0.03,5,scaled_exit_6_12,base,12,4.0,5.0,2025-10-11 01:30:00+00:00,AVAXUSDT,0.01423648477802333,1.33283286858888,3
next_close,drop3_breadth5,-0.03,5,scaled_exit_6_12,base,12,4.0,5.0,2025-10-11 01:30:00+00:00,LINKUSDT,0.056954378137941825,1.3897872467268217,3
next_close,drop3_breadth5,-0.03,5,scaled_exit_6_12,base,12,4.0,5.0,2025-10-11 01:30:00+00:00,LTCUSDT,0.014505130418890812,1.4042923771457125,3
next_close,drop3_breadth5,-0.03,5,scaled_exit_6_12,base,12,4.0,5.0,2025-10-11 03:00:00+00:00,AVAXUSDT,0.029044508265410184,1.4333368854111228,0
next_close,drop3_breadth5,-0.03,5,scaled_exit_6_12,base,12,4.0,5.0,2025-10-11 03:00:00+00:00,LINKUSDT,-0.012625203733205668,1.420711681677917,0
next_close,drop3_breadth5,-0.03,5,scaled_exit_6_12,base,12,4.0,5.0,2025-10-11 03:00:00+00:00,LTCUSDT,-0.00884766328492179,1.4118640183929954,0
next_close,drop3_breadth5,-0.03,5,scaled_exit_6_12,base,12,4.0,5.0,2025-10-29 21:45:00+00:00,ETHUSDT,0.00556806113900934,1.4174320795320048,0
next_close,drop3_breadth5,-0.03,5,scaled_exit_6_12,base,12,4.0,5.0,2025-11-03 18:30:00+00:00,ADAUSDT,0.015596481606829382,1.4330285611388343,0
next_close,drop3_breadth5,-0.03,5,scaled_exit_6_12,base,12,4.0,5.0,2025-11-03 18:30:00+00:00,AVAXUSDT,0.022733315806322006,1.4557618769451564,0
next_close,drop3_breadth5,-0.03,5,scaled_exit_6_12,base,12,4.0,5.0,2025-11-03 18:30:00+00:00,LINKUSDT,0.019885145655908508,1.475647022601065,0
next_close,drop3_breadth5,-0.03,5,scaled_exit_6_12,base,12,4.0,5.0,2025-11-03 18:30:00+00:00,SOLUSDT,0.00406611427238226,1.4797131368734473,0
next_close,drop3_breadth5,-0.03,5,scaled_exit_6_12,base,12,4.0,5.0,2026-01-19 03:15:00+00:00,ADAUSDT,0.008890193813599147,1.4886033306870465,0
next_close,drop3_breadth5,-0.03,5,scaled_exit_6_12,base,12,4.0,5.0,2026-01-19 03:15:00+00:00,AVAXUSDT,0.006095530441851982,1.4946988611288985,0
next_close,drop3_breadth5,-0.03,5,scaled_exit_6_12,base,12,4.0,5.0,2026-01-19 03:15:00+00:00,LINKUSDT,-0.00043517148870539856,1.494263689640193,0
next_close,drop3_breadth5,-0.03,5,scaled_exit_6_12,base,12,4.0,5.0,2026-01-19 03:15:00+00:00,LTCUSDT,0.005917295409471191,1.5001809850496644,0
next_close,drop3_breadth5,-0.03,5,scaled_exit_6_12,base,12,4.0,5.0,2026-01-19 03:15:00+00:00,SOLUSDT,-0.003589289141634011,1.4965916959080303,0
next_close,drop3_breadth5,-0.03,5,scaled_exit_6_12,base,12,4.0,5.0,2026-01-19 03:15:00+00:00,XRPUSDT,0.009032786106817372,1.5056244820148477,0
next_close,drop3_breadth5,-0.03,5,scaled_exit_6_12,base,12,4.0,5.0,2026-01-30 04:45:00+00:00,ADAUSDT,-0.0021052855268110285,1.5035191964880366,0
next_close,drop3_breadth5,-0.03,5,scaled_exit_6_12,base,12,4.0,5.0,2026-01-30 04:45:00+00:00,LTCUSDT,-0.009972860312665397,1.4935463361753711,0
next_close,drop3_breadth5,-0.03,5,scaled_exit_6_12,base,12,4.0,5.0,2026-01-30 04:45:00+00:00,XRPUSDT,-0.000689499694596895,1.4928568364807742,0
next_close,drop3_breadth5,-0.03,5,scaled_exit_6_12,base,12,4.0,5.0,2026-01-31 20:15:00+00:00,ADAUSDT,-0.00757913147213205,1.485277705008642,0
next_close,drop3_breadth5,-0.03,5,scaled_exit_6_12,base,12,4.0,5.0,2026-01-31 20:15:00+00:00,ETHUSDT,-0.020845447276320407,1.4644322577323217,0
next_close,drop3_breadth5,-0.03,5,scaled_exit_6_12,base,12,4.0,5.0,2026-01-31 20:15:00+00:00,LINKUSDT,-0.009664016303428755,1.454768241428893,0
next_close,drop3_breadth5,-0.03,5,scaled_exit_6_12,base,12,4.0,5.0,2026-01-31 20:15:00+00:00,LTCUSDT,-0.012068479174837641,1.4426997622540554,0
next_close,drop3_breadth5,-0.03,5,scaled_exit_6_12,base,12,4.0,5.0,2026-01-31 20:15:00+00:00,SOLUSDT,-0.026844214924584532,1.415855547329471,0
next_close,drop3_breadth5,-0.03,5,scaled_exit_6_12,base,12,4.0,5.0,2026-01-31 20:15:00+00:00,XRPUSDT,0.005814541444119548,1.4216700887735905,0
next_close,drop3_breadth5,-0.03,5,scaled_exit_6_12,base,12,4.0,5.0,2026-02-05 18:15:00+00:00,AVAXUSDT,0.012434520321054767,1.4341046090946452,1
next_close,drop3_breadth5,-0.03,5,scaled_exit_6_12,base,12,4.0,5.0,2026-02-05 18:15:00+00:00,LINKUSDT,0.004819951485575369,1.4389245605802206,1
next_close,drop3_breadth5,-0.03,5,scaled_exit_6_12,base,12,4.0,5.0,2026-02-05 18:30:00+00:00,ETHUSDT,-0.009411514142589925,1.4295130464376307,0
next_close,drop3_breadth5,-0.03,5,scaled_exit_6_12,base,12,4.0,5.0,2026-02-05 23:30:00+00:00,AVAXUSDT,-0.016166830318189752,1.413346216119441,0
next_close,drop3_breadth5,-0.03,5,scaled_exit_6_12,base,12,4.0,5.0,2026-02-05 23:30:00+00:00,SOLUSDT,-0.006328973548490246,1.4070172425709508,0
next_close,drop3_breadth5,-0.03,5,scaled_exit_6_12,base,12,4.0,5.0,2026-02-05 23:30:00+00:00,XRPUSDT,0.0016689612861100162,1.408686203857061,0
next_close,drop3_breadth5,-0.03,5,scaled_exit_6_12,base,12,4.0,5.0,2026-02-06 03:15:00+00:00,ADAUSDT,0.07559393509977855,1.4842801389568394,0
next_close,drop3_breadth5,-0.03,5,scaled_exit_6_12,base,12,4.0,5.0,2026-02-06 03:15:00+00:00,AVAXUSDT,0.06420225295099671,1.548482391907836,0
next_close,drop3_breadth5,-0.03,5,scaled_exit_6_12,base,12,4.0,5.0,2026-02-06 03:15:00+00:00,BNBUSDT,0.06106551820163722,1.6095479101094734,0
next_close,drop3_breadth5,-0.03,5,scaled_exit_6_12,base,12,4.0,5.0,2026-02-06 03:15:00+00:00,BTCUSDT,0.060876108197927464,1.6704240183074008,0
next_close,drop3_breadth5,-0.03,5,scaled_exit_6_12,base,12,4.0,5.0,2026-02-06 03:15:00+00:00,ETHUSDT,0.07028067949638897,1.74070469780379,0
next_close,drop3_breadth5,-0.03,5,scaled_exit_6_12,base,12,4.0,5.0,2026-02-06 03:15:00+00:00,LINKUSDT,0.08109458183788901,1.8217992796416789,0
next_close,drop3_breadth5,-0.03,5,scaled_exit_6_12,base,12,4.0,5.0,2026-02-06 03:15:00+00:00,LTCUSDT,0.06791050920960542,1.8897097888512844,0
next_close,drop3_breadth5,-0.03,5,scaled_exit_6_12,base,12,4.0,5.0,2026-02-06 03:15:00+00:00,SOLUSDT,0.09585244733470136,1.9855622361859857,0
next_close,drop3_breadth5,-0.03,5,scaled_exit_6_12,base,12,4.0,5.0,2026-02-06 03:15:00+00:00,XRPUSDT,0.10254459461216317,2.0881068307981487,0
next_open,drop3_breadth5,-0.03,5,scaled_exit_6_12,base,12,4.0,5.0,2025-05-30 04:00:00+00:00,ADAUSDT,0.023041917410530098,0.023041917410530098,0
next_open,drop3_breadth5,-0.03,5,scaled_exit_6_12,base,12,4.0,5.0,2025-05-30 04:00:00+00:00,AVAXUSDT,0.014576792268913421,0.037618709679443516,0
next_open,drop3_breadth5,-0.03,5,scaled_exit_6_12,base,12,4.0,5.0,2025-05-30 04:00:00+00:00,LINKUSDT,0.0175776646159679,0.05519637429541142,0
next_open,drop3_breadth5,-0.03,5,scaled_exit_6_12,base,12,4.0,5.0,2025-05-30 04:00:00+00:00,LTCUSDT,0.01491137550754931,0.07010774980296072,0
next_open,drop3_breadth5,-0.03,5,scaled_exit_6_12,base,12,4.0,5.0,2025-05-30 04:00:00+00:00,XRPUSDT,0.025135359388847055,0.09524310919180778,0
next_open,drop3_breadth5,-0.03,5,scaled_exit_6_12,base,12,4.0,5.0,2025-06-13 03:15:00+00:00,AVAXUSDT,-0.04139961165356673,0.05384349753824105,0
next_open,drop3_breadth5,-0.03,5,scaled_exit_6_12,base,12,4.0,5.0,2025-06-22 16:30:00+00:00,ADAUSDT,-0.0068096276615665415,0.04703386987667451,0
next_open,drop3_breadth5,-0.03,5,scaled_exit_6_12,base,12,4.0,5.0,2025-06-22 16:30:00+00:00,LINKUSDT,0.001872974234983083,0.04890684411165759,0
next_open,drop3_breadth5,-0.03,5,scaled_exit_6_12,base,12,4.0,5.0,2025-06-22 16:30:00+00:00,SOLUSDT,0.008399167137858068,0.05730601124951566,0
next_open,drop3_breadth5,-0.03,5,scaled_exit_6_12,base,12,4.0,5.0,2025-10-11 00:00:00+00:00,ADAUSDT,-0.1406037386772313,-0.08329772742771564,20
next_open,drop3_breadth5,-0.03,5,scaled_exit_6_12,base,12,4.0,5.0,2025-10-11 00:00:00+00:00,AVAXUSDT,-0.17463274005745694,-0.25793046748517257,20
next_open,drop3_breadth5,-0.03,5,scaled_exit_6_12,base,12,4.0,5.0,2025-10-11 00:00:00+00:00,ETHUSDT,-0.001511284278580193,-0.2594417517637528,20
next_open,drop3_breadth5,-0.03,5,scaled_exit_6_12,base,12,4.0,5.0,2025-10-11 00:00:00+00:00,LINKUSDT,-0.13911537593903456,-0.39855712770278734,20
next_open,drop3_breadth5,-0.03,5,scaled_exit_6_12,base,12,4.0,5.0,2025-10-11 00:00:00+00:00,SOLUSDT,-0.04607828795787519,-0.44463541566066256,20
next_open,drop3_breadth5,-0.03,5,scaled_exit_6_12,base,12,4.0,5.0,2025-10-11 00:00:00+00:00,XRPUSDT,-0.06635572019687055,-0.5109911358575331,20
next_open,drop3_breadth5,-0.03,5,scaled_exit_6_12,base,12,4.0,5.0,2025-10-11 00:15:00+00:00,ADAUSDT,-0.03266792460802628,-0.5436590604655593,13
next_open,drop3_breadth5,-0.03,5,scaled_exit_6_12,base,12,4.0,5.0,2025-10-11 00:15:00+00:00,AVAXUSDT,-0.09342944889929192,-0.6370885093648513,13
next_open,drop3_breadth5,-0.03,5,scaled_exit_6_12,base,12,4.0,5.0,2025-10-11 00:15:00+00:00,BNBUSDT,-0.0033325758895851095,-0.6404210852544364,13
next_open,drop3_breadth5,-0.03,5,scaled_exit_6_12,base,12,4.0,5.0,2025-10-11 00:15:00+00:00,ETHUSDT,0.03183547984539051,-0.6085856054090459,13
next_open,drop3_breadth5,-0.03,5,scaled_exit_6_12,base,12,4.0,5.0,2025-10-11 00:15:00+00:00,LINKUSDT,-0.04938552071403038,-0.6579711261230763,13
next_open,drop3_breadth5,-0.03,5,scaled_exit_6_12,base,12,4.0,5.0,2025-10-11 00:15:00+00:00,SOLUSDT,0.013766045449947441,-0.6442050806731289,13
next_open,drop3_breadth5,-0.03,5,scaled_exit_6_12,base,12,4.0,5.0,2025-10-11 00:15:00+00:00,XRPUSDT,0.029982318347791546,-0.6142227623253373,13
next_open,drop3_breadth5,-0.03,5,scaled_exit_6_12,base,12,4.0,5.0,2025-10-11 00:30:00+00:00,ADAUSDT,0.36136503377731843,-0.2528577285480189,7
next_open,drop3_breadth5,-0.03,5,scaled_exit_6_12,base,12,4.0,5.0,2025-10-11 00:30:00+00:00,AVAXUSDT,0.15519576580777017,-0.09766196274024874,7
next_open,drop3_breadth5,-0.03,5,scaled_exit_6_12,base,12,4.0,5.0,2025-10-11 00:30:00+00:00,BNBUSDT,0.1284510502659244,0.030789087525675662,7
next_open,drop3_breadth5,-0.03,5,scaled_exit_6_12,base,12,4.0,5.0,2025-10-11 00:30:00+00:00,LINKUSDT,0.3151467630966325,0.34593585062230814,7
next_open,drop3_breadth5,-0.03,5,scaled_exit_6_12,base,12,4.0,5.0,2025-10-11 00:30:00+00:00,SOLUSDT,0.08285669515006958,0.4287925457723777,7
next_open,drop3_breadth5,-0.03,5,scaled_exit_6_12,base,12,4.0,5.0,2025-10-11 00:30:00+00:00,XRPUSDT,0.2101649815248764,0.6389575272972541,7
next_open,drop3_breadth5,-0.03,5,scaled_exit_6_12,base,12,4.0,5.0,2025-10-11 01:30:00+00:00,ADAUSDT,0.09968298853328175,0.7386405158305358,3
next_open,drop3_breadth5,-0.03,5,scaled_exit_6_12,base,12,4.0,5.0,2025-10-11 01:30:00+00:00,AVAXUSDT,0.028731273991426297,0.7673717898219621,3
next_open,drop3_breadth5,-0.03,5,scaled_exit_6_12,base,12,4.0,5.0,2025-10-11 01:30:00+00:00,LINKUSDT,0.07910038303702618,0.8464721728589882,3
next_open,drop3_breadth5,-0.03,5,scaled_exit_6_12,base,12,4.0,5.0,2025-10-11 01:30:00+00:00,LTCUSDT,0.05323944289333252,0.8997116157523207,3
next_open,drop3_breadth5,-0.03,5,scaled_exit_6_12,base,12,4.0,5.0,2025-10-11 03:00:00+00:00,AVAXUSDT,0.03968618488989642,0.9393978006422171,0
next_open,drop3_breadth5,-0.03,5,scaled_exit_6_12,base,12,4.0,5.0,2025-10-11 03:00:00+00:00,LINKUSDT,-0.003360528868038703,0.9360372717741784,0
next_open,drop3_breadth5,-0.03,5,scaled_exit_6_12,base,12,4.0,5.0,2025-10-11 03:00:00+00:00,LTCUSDT,0.0015033219416741525,0.9375405937158525,0
next_open,drop3_breadth5,-0.03,5,scaled_exit_6_12,base,12,4.0,5.0,2025-10-29 21:45:00+00:00,ETHUSDT,0.019694939537009425,0.9572355332528619,0
next_open,drop3_breadth5,-0.03,5,scaled_exit_6_12,base,12,4.0,5.0,2025-11-03 18:30:00+00:00,ADAUSDT,0.015596481606829382,0.9728320148596913,0
next_open,drop3_breadth5,-0.03,5,scaled_exit_6_12,base,12,4.0,5.0,2025-11-03 18:30:00+00:00,AVAXUSDT,0.013751715607516559,0.9865837304672078,0
next_open,drop3_breadth5,-0.03,5,scaled_exit_6_12,base,12,4.0,5.0,2025-11-03 18:30:00+00:00,LINKUSDT,0.006475937490742179,0.99305966795795,0
next_open,drop3_breadth5,-0.03,5,scaled_exit_6_12,base,12,4.0,5.0,2025-11-03 18:30:00+00:00,SOLUSDT,0.00400621881346388,0.9970658867714138,0
next_open,drop3_breadth5,-0.03,5,scaled_exit_6_12,base,12,4.0,5.0,2026-01-19 03:15:00+00:00,ADAUSDT,0.008329254817036082,1.00539514158845,0
next_open,drop3_breadth5,-0.03,5,scaled_exit_6_12,base,12,4.0,5.0,2026-01-19 03:15:00+00:00,AVAXUSDT,0.0064171452403639865,1.011812286828814,0
next_open,drop3_breadth5,-0.03,5,scaled_exit_6_12,base,12,4.0,5.0,2026-01-19 03:15:00+00:00,LINKUSDT,0.00026793538022087466,1.0120802222090348,0
next_open,drop3_breadth5,-0.03,5,scaled_exit_6_12,base,12,4.0,5.0,2026-01-19 03:15:00+00:00,LTCUSDT,0.005917295409471191,1.017997517618506,0
next_open,drop3_breadth5,-0.03,5,scaled_exit_6_12,base,12,4.0,5.0,2026-01-19 03:15:00+00:00,SOLUSDT,0.0026278286380734487,1.0206253462565795,0
next_open,drop3_breadth5,-0.03,5,scaled_exit_6_12,base,12,4.0,5.0,2026-01-19 03:15:00+00:00,XRPUSDT,0.012336320509389178,1.0329616667659687,0
next_open,drop3_breadth5,-0.03,5,scaled_exit_6_12,base,12,4.0,5.0,2026-01-30 04:45:00+00:00,ADAUSDT,0.009022232183196779,1.0419838989491654,0
next_open,drop3_breadth5,-0.03,5,scaled_exit_6_12,base,12,4.0,5.0,2026-01-30 04:45:00+00:00,LTCUSDT,-0.0014884305006144564,1.040495468448551,0
next_open,drop3_breadth5,-0.03,5,scaled_exit_6_12,base,12,4.0,5.0,2026-01-30 04:45:00+00:00,XRPUSDT,0.005791688957952701,1.0462871574065038,0
next_open,drop3_breadth5,-0.03,5,scaled_exit_6_12,base,12,4.0,5.0,2026-01-31 20:15:00+00:00,ADAUSDT,-0.0012707420460550726,1.0450164153604486,0
next_open,drop3_breadth5,-0.03,5,scaled_exit_6_12,base,12,4.0,5.0,2026-01-31 20:15:00+00:00,ETHUSDT,-0.015521555448333366,1.0294948599121152,0
next_open,drop3_breadth5,-0.03,5,scaled_exit_6_12,base,12,4.0,5.0,2026-01-31 20:15:00+00:00,LINKUSDT,-0.003777306803511715,1.0257175531086036,0
next_open,drop3_breadth5,-0.03,5,scaled_exit_6_12,base,12,4.0,5.0,2026-01-31 20:15:00+00:00,LTCUSDT,-0.007302687716220979,1.0184148653923826,0
next_open,drop3_breadth5,-0.03,5,scaled_exit_6_12,base,12,4.0,5.0,2026-01-31 20:15:00+00:00,SOLUSDT,-0.015944554036722323,1.0024703113556603,0
next_open,drop3_breadth5,-0.03,5,scaled_exit_6_12,base,12,4.0,5.0,2026-01-31 20:15:00+00:00,XRPUSDT,0.010458370942676456,1.0129286822983368,0
next_open,drop3_breadth5,-0.03,5,scaled_exit_6_12,base,12,4.0,5.0,2026-02-05 18:15:00+00:00,AVAXUSDT,-0.001799500249874885,1.0111291820484618,1
next_open,drop3_breadth5,-0.03,5,scaled_exit_6_12,base,12,4.0,5.0,2026-02-05 18:15:00+00:00,LINKUSDT,-0.018402902537534606,0.9927262795109272,1
next_open,drop3_breadth5,-0.03,5,scaled_exit_6_12,base,12,4.0,5.0,2026-02-05 18:30:00+00:00,ETHUSDT,0.006675457405872798,0.9994017369168,0
next_open,drop3_breadth5,-0.03,5,scaled_exit_6_12,base,12,4.0,5.0,2026-02-05 23:30:00+00:00,AVAXUSDT,-0.005371185983697324,0.9940305509331027,0
next_open,drop3_breadth5,-0.03,5,scaled_exit_6_12,base,12,4.0,5.0,2026-02-05 23:30:00+00:00,SOLUSDT,0.0034095828595940517,0.9974401337926967,0
next_open,drop3_breadth5,-0.03,5,scaled_exit_6_12,base,12,4.0,5.0,2026-02-05 23:30:00+00:00,XRPUSDT,0.03521171487574562,1.0326518486684424,0
next_open,drop3_breadth5,-0.03,5,scaled_exit_6_12,base,12,4.0,5.0,2026-02-06 03:15:00+00:00,ADAUSDT,0.08733470664318813,1.1199865553116306,0
next_open,drop3_breadth5,-0.03,5,scaled_exit_6_12,base,12,4.0,5.0,2026-02-06 03:15:00+00:00,AVAXUSDT,0.07530888131317384,1.1952954366248045,0
next_open,drop3_breadth5,-0.03,5,scaled_exit_6_12,base,12,4.0,5.0,2026-02-06 03:15:00+00:00,BNBUSDT,0.07216687267160918,1.2674623092964137,0
next_open,drop3_breadth5,-0.03,5,scaled_exit_6_12,base,12,4.0,5.0,2026-02-06 03:15:00+00:00,BTCUSDT,0.08057750341855366,1.3480398127149673,0
next_open,drop3_breadth5,-0.03,5,scaled_exit_6_12,base,12,4.0,5.0,2026-02-06 03:15:00+00:00,ETHUSDT,0.08178958685148077,1.4298293995664482,0
next_open,drop3_breadth5,-0.03,5,scaled_exit_6_12,base,12,4.0,5.0,2026-02-06 03:15:00+00:00,LINKUSDT,0.0939673134768472,1.5237967130432954,0
next_open,drop3_breadth5,-0.03,5,scaled_exit_6_12,base,12,4.0,5.0,2026-02-06 03:15:00+00:00,LTCUSDT,0.07566139600848035,1.5994581090517759,0
next_open,drop3_breadth5,-0.03,5,scaled_exit_6_12,base,12,4.0,5.0,2026-02-06 03:15:00+00:00,SOLUSDT,0.07735250284149989,1.6768106118932757,0
next_open,drop3_breadth5,-0.03,5,scaled_exit_6_12,base,12,4.0,5.0,2026-02-06 03:15:00+00:00,XRPUSDT,0.110931748804497,1.7877423606977727,0
next_close,drop3_breadth5,-0.03,5,scaled_exit_6_12,stress,12,8.0,10.0,2025-05-30 04:00:00+00:00,ADAUSDT,0.00377674631748819,0.00377674631748819,0
next_close,drop3_breadth5,-0.03,5,scaled_exit_6_12,stress,12,8.0,10.0,2025-05-30 04:00:00+00:00,AVAXUSDT,0.003281904437748052,0.007058650755236242,0
next_close,drop3_breadth5,-0.03,5,scaled_exit_6_12,stress,12,8.0,10.0,2025-05-30 04:00:00+00:00,LINKUSDT,0.0035310733363074676,0.01058972409154371,0
next_close,drop3_breadth5,-0.03,5,scaled_exit_6_12,stress,12,8.0,10.0,2025-05-30 04:00:00+00:00,LTCUSDT,0.003189637742687591,0.0137793618342313,0
next_close,drop3_breadth5,-0.03,5,scaled_exit_6_12,stress,12,8.0,10.0,2025-05-30 04:00:00+00:00,XRPUSDT,0.00868243062001799,0.022461792454249292,0
next_close,drop3_breadth5,-0.03,5,scaled_exit_6_12,stress,12,8.0,10.0,2025-06-13 03:15:00+00:00,AVAXUSDT,-0.03115887947386726,-0.008697087019617966,0
next_close,drop3_breadth5,-0.03,5,scaled_exit_6_12,stress,12,8.0,10.0,2025-06-22 16:30:00+00:00,ADAUSDT,-0.006720306314845392,-0.015417393334463358,0
next_close,drop3_breadth5,-0.03,5,scaled_exit_6_12,stress,12,8.0,10.0,2025-06-22 16:30:00+00:00,LINKUSDT,0.0020033421984487114,-0.013414051136014647,0
next_close,drop3_breadth5,-0.03,5,scaled_exit_6_12,stress,12,8.0,10.0,2025-06-22 16:30:00+00:00,SOLUSDT,0.009041373996142067,-0.004372677139872581,0
next_close,drop3_breadth5,-0.03,5,scaled_exit_6_12,stress,12,8.0,10.0,2025-10-11 00:00:00+00:00,ADAUSDT,-0.05429576719008007,-0.05866844432995265,20
next_close,drop3_breadth5,-0.03,5,scaled_exit_6_12,stress,12,8.0,10.0,2025-10-11 00:00:00+00:00,AVAXUSDT,-0.10624753279436311,-0.16491597712431577,20
next_close,drop3_breadth5,-0.03,5,scaled_exit_6_12,stress,12,8.0,10.0,2025-10-11 00:00:00+00:00,ETHUSDT,0.03468771411234721,-0.13022826301196855,20
next_close,drop3_breadth5,-0.03,5,scaled_exit_6_12,stress,12,8.0,10.0,2025-10-11 00:00:00+00:00,LINKUSDT,-0.0657577767371284,-0.19598603974909695,20
next_close,drop3_breadth5,-0.03,5,scaled_exit_6_12,stress,12,8.0,10.0,2025-10-11 00:00:00+00:00,SOLUSDT,0.012383181432954738,-0.1836028583161422,20
next_close,drop3_breadth5,-0.03,5,scaled_exit_6_12,stress,12,8.0,10.0,2025-10-11 00:00:00+00:00,XRPUSDT,0.015970664629488422,-0.16763219368665377,20
next_close,drop3_breadth5,-0.03,5,scaled_exit_6_12,stress,12,8.0,10.0,2025-10-11 00:15:00+00:00,ADAUSDT,0.36372217782217797,0.1960899841355242,13
next_close,drop3_breadth5,-0.03,5,scaled_exit_6_12,stress,12,8.0,10.0,2025-10-11 00:15:00+00:00,AVAXUSDT,0.15406842715863628,0.3501584112941605,13
next_close,drop3_breadth5,-0.03,5,scaled_exit_6_12,stress,12,8.0,10.0,2025-10-11 00:15:00+00:00,BNBUSDT,0.12702957576875945,0.4771879870629199,13
next_close,drop3_breadth5,-0.03,5,scaled_exit_6_12,stress,12,8.0,10.0,2025-10-11 00:15:00+00:00,ETHUSDT,0.0601206889708991,0.537308676033819,13
next_close,drop3_breadth5,-0.03,5,scaled_exit_6_12,stress,12,8.0,10.0,2025-10-11 00:15:00+00:00,LINKUSDT,0.3096863093274831,0.8469949853613021,13
next_close,drop3_breadth5,-0.03,5,scaled_exit_6_12,stress,12,8.0,10.0,2025-10-11 00:15:00+00:00,SOLUSDT,0.07658732456788314,0.9235823099291853,13
next_close,drop3_breadth5,-0.03,5,scaled_exit_6_12,stress,12,8.0,10.0,2025-10-11 00:15:00+00:00,XRPUSDT,0.21137799422799447,1.1349603041571799,13
next_close,drop3_breadth5,-0.03,5,scaled_exit_6_12,stress,12,8.0,10.0,2025-10-11 00:30:00+00:00,ADAUSDT,0.04880086358123563,1.1837611677384154,7
next_close,drop3_breadth5,-0.03,5,scaled_exit_6_12,stress,12,8.0,10.0,2025-10-11 00:30:00+00:00,AVAXUSDT,-0.06275016431156173,1.1210110034268537,7
next_close,drop3_breadth5,-0.03,5,scaled_exit_6_12,stress,12,8.0,10.0,2025-10-11 00:30:00+00:00,BNBUSDT,0.00991825699318465,1.1309292604200383,7
next_close,drop3_breadth5,-0.03,5,scaled_exit_6_12,stress,12,8.0,10.0,2025-10-11 00:30:00+00:00,LINKUSDT,0.050881440321273216,1.1818107007413114,7
next_close,drop3_breadth5,-0.03,5,scaled_exit_6_12,stress,12,8.0,10.0,2025-10-11 00:30:00+00:00,SOLUSDT,-0.031946538142555166,1.1498641625987562,7
next_close,drop3_breadth5,-0.03,5,scaled_exit_6_12,stress,12,8.0,10.0,2025-10-11 00:30:00+00:00,XRPUSDT,0.02662002010931224,1.1764841827080685,7
next_close,drop3_breadth5,-0.03,5,scaled_exit_6_12,stress,12,8.0,10.0,2025-10-11 01:30:00+00:00,ADAUSDT,0.08858555287976494,1.2650697355878335,3
next_close,drop3_breadth5,-0.03,5,scaled_exit_6_12,stress,12,8.0,10.0,2025-10-11 01:30:00+00:00,AVAXUSDT,0.012421955050844025,1.2774916906386775,3
next_close,drop3_breadth5,-0.03,5,scaled_exit_6_12,stress,12,8.0,10.0,2025-10-11 01:30:00+00:00,LINKUSDT,0.05509715184433754,1.332588842483015,3
next_close,drop3_breadth5,-0.03,5,scaled_exit_6_12,stress,12,8.0,10.0,2025-10-11 01:30:00+00:00,LTCUSDT,0.012690332180192155,1.3452791746632071,3
next_close,drop3_breadth5,-0.03,5,scaled_exit_6_12,stress,12,8.0,10.0,2025-10-11 03:00:00+00:00,AVAXUSDT,0.027215177907658643,1.3724943525708657,0
next_close,drop3_breadth5,-0.03,5,scaled_exit_6_12,stress,12,8.0,10.0,2025-10-11 03:00:00+00:00,LINKUSDT,-0.014412885182588441,1.3580814673882773,0
next_close,drop3_breadth5,-0.03,5,scaled_exit_6_12,stress,12,8.0,10.0,2025-10-11 03:00:00+00:00,LTCUSDT,-0.01063912038881355,1.3474423469994636,0
next_close,drop3_breadth5,-0.03,5,scaled_exit_6_12,stress,12,8.0,10.0,2025-10-29 21:45:00+00:00,ETHUSDT,0.0037621955077531866,1.3512045425072168,0
next_close,drop3_breadth5,-0.03,5,scaled_exit_6_12,stress,12,8.0,10.0,2025-11-03 18:30:00+00:00,ADAUSDT,0.013780592561800687,1.3649851350690174,0
next_close,drop3_breadth5,-0.03,5,scaled_exit_6_12,stress,12,8.0,10.0,2025-11-03 18:30:00+00:00,AVAXUSDT,0.02091029349016254,1.38589542855918,0
next_close,drop3_breadth5,-0.03,5,scaled_exit_6_12,stress,12,8.0,10.0,2025-11-03 18:30:00+00:00,LINKUSDT,0.018064970087948766,1.4039603986471287,0
next_close,drop3_breadth5,-0.03,5,scaled_exit_6_12,stress,12,8.0,10.0,2025-11-03 18:30:00+00:00,SOLUSDT,0.0022617498381448014,1.4062221484852735,0
next_close,drop3_breadth5,-0.03,5,scaled_exit_6_12,stress,12,8.0,10.0,2026-01-19 03:15:00+00:00,ADAUSDT,0.007081007708245202,1.4133031561935188,0
next_close,drop3_breadth5,-0.03,5,scaled_exit_6_12,stress,12,8.0,10.0,2026-01-19 03:15:00+00:00,AVAXUSDT,0.004289137604632277,1.417592293798151,0
next_close,drop3_breadth5,-0.03,5,scaled_exit_6_12,stress,12,8.0,10.0,2026-01-19 03:15:00+00:00,LINKUSDT,-0.0022350368844514896,1.4153572569136996,0
next_close,drop3_breadth5,-0.03,5,scaled_exit_6_12,stress,12,8.0,10.0,2026-01-19 03:15:00+00:00,LTCUSDT,0.004111080718299954,1.4194683376319996,0
next_close,drop3_breadth5,-0.03,5,scaled_exit_6_12,stress,12,8.0,10.0,2026-01-19 03:15:00+00:00,SOLUSDT,-0.005386001994422362,1.4140823356375773,0
next_close,drop3_breadth5,-0.03,5,scaled_exit_6_12,stress,12,8.0,10.0,2026-01-19 03:15:00+00:00,XRPUSDT,0.007223457480359508,1.421305793117937,0
next_close,drop3_breadth5,-0.03,5,scaled_exit_6_12,stress,12,8.0,10.0,2026-01-30 04:45:00+00:00,ADAUSDT,-0.0039034816423244674,1.4174023114756125,0
next_close,drop3_breadth5,-0.03,5,scaled_exit_6_12,stress,12,8.0,10.0,2026-01-30 04:45:00+00:00,LTCUSDT,-0.011763192781284803,1.4056391186943276,0
next_close,drop3_breadth5,-0.03,5,scaled_exit_6_12,stress,12,8.0,10.0,2026-01-30 04:45:00+00:00,XRPUSDT,-0.0024891108891107,1.4031500078052168,0
next_close,drop3_breadth5,-0.03,5,scaled_exit_6_12,stress,12,8.0,10.0,2026-01-31 20:15:00+00:00,ADAUSDT,-0.009371856474521278,1.3937781513306955,0
next_close,drop3_breadth5,-0.03,5,scaled_exit_6_12,stress,12,8.0,10.0,2026-01-31 20:15:00+00:00,ETHUSDT,-0.022624912586121766,1.3711532387445737,0
next_close,drop3_breadth5,-0.03,5,scaled_exit_6_12,stress,12,8.0,10.0,2026-01-31 20:15:00+00:00,LINKUSDT,-0.011454657461866757,1.359698581282707,0
next_close,drop3_breadth5,-0.03,5,scaled_exit_6_12,stress,12,8.0,10.0,2026-01-31 20:15:00+00:00,LTCUSDT,-0.013856717070833868,1.345841864211873,0
next_close,drop3_breadth5,-0.03,5,scaled_exit_6_12,stress,12,8.0,10.0,2026-01-31 20:15:00+00:00,SOLUSDT,-0.028617684461626165,1.3172241797502469,0
next_close,drop3_breadth5,-0.03,5,scaled_exit_6_12,stress,12,8.0,10.0,2026-01-31 20:15:00+00:00,XRPUSDT,0.004008429455613794,1.3212326092058606,0
next_close,drop3_breadth5,-0.03,5,scaled_exit_6_12,stress,12,8.0,10.0,2026-02-05 18:15:00+00:00,AVAXUSDT,0.010621791658700409,1.331854400864561,1
next_close,drop3_breadth5,-0.03,5,scaled_exit_6_12,stress,12,8.0,10.0,2026-02-05 18:15:00+00:00,LINKUSDT,0.00301483359047854,1.3348692344550395,1
next_close,drop3_breadth5,-0.03,5,scaled_exit_6_12,stress,12,8.0,10.0,2026-02-05 18:30:00+00:00,ETHUSDT,-0.011202407677126668,1.3236668267779128,0
next_close,drop3_breadth5,-0.03,5,scaled_exit_6_12,stress,12,8.0,10.0,2026-02-05 23:30:00+00:00,AVAXUSDT,-0.017950971909146858,1.305715854868766,0
next_close,drop3_breadth5,-0.03,5,scaled_exit_6_12,stress,12,8.0,10.0,2026-02-05 23:30:00+00:00,SOLUSDT,-0.008122948084660974,1.297592906784105,0
next_close,drop3_breadth5,-0.03,5,scaled_exit_6_12,stress,12,8.0,10.0,2026-02-05 23:30:00+00:00,XRPUSDT,-0.0001330071919211182,1.2974598995921838,0
next_close,drop3_breadth5,-0.03,5,scaled_exit_6_12,stress,12,8.0,10.0,2026-02-06 03:15:00+00:00,ADAUSDT,0.07371807855502305,1.3711779781472069,0
next_close,drop3_breadth5,-0.03,5,scaled_exit_6_12,stress,12,8.0,10.0,2026-02-06 03:15:00+00:00,AVAXUSDT,0.06233778240108528,1.4335157605482922,0
next_close,drop3_breadth5,-0.03,5,scaled_exit_6_12,stress,12,8.0,10.0,2026-02-06 03:15:00+00:00,BNBUSDT,0.059204182820458626,1.4927199433687508,0
next_close,drop3_breadth5,-0.03,5,scaled_exit_6_12,stress,12,8.0,10.0,2026-02-06 03:15:00+00:00,BTCUSDT,0.059014962132189416,1.5517349055009402,0
next_close,drop3_breadth5,-0.03,5,scaled_exit_6_12,stress,12,8.0,10.0,2026-02-06 03:15:00+00:00,ETHUSDT,0.06841013355459075,1.620145039055531,0
next_close,drop3_breadth5,-0.03,5,scaled_exit_6_12,stress,12,8.0,10.0,2026-02-06 03:15:00+00:00,LINKUSDT,0.07921322739259679,1.6993582664481277,0
next_close,drop3_breadth5,-0.03,5,scaled_exit_6_12,stress,12,8.0,10.0,2026-02-06 03:15:00+00:00,LTCUSDT,0.06604233225478467,1.7654005987029124,0
next_close,drop3_breadth5,-0.03,5,scaled_exit_6_12,stress,12,8.0,10.0,2026-02-06 03:15:00+00:00,SOLUSDT,0.09395634239178569,1.8593569410946982,0
next_close,drop3_breadth5,-0.03,5,scaled_exit_6_12,stress,12,8.0,10.0,2026-02-06 03:15:00+00:00,XRPUSDT,0.10064180086302882,1.959998741957727,0
next_open,drop3_breadth5,-0.03,5,scaled_exit_6_12,stress,12,8.0,10.0,2025-05-30 04:00:00+00:00,ADAUSDT,0.021218586646836006,0.021218586646836006,0
next_open,drop3_breadth5,-0.03,5,scaled_exit_6_12,stress,12,8.0,10.0,2025-05-30 04:00:00+00:00,AVAXUSDT,0.012761922404141913,0.03398050905097792,0
next_open,drop3_breadth5,-0.03,5,scaled_exit_6_12,stress,12,8.0,10.0,2025-05-30 04:00:00+00:00,LINKUSDT,0.015759795377036916,0.04974030442801484,0
next_open,drop3_breadth5,-0.03,5,scaled_exit_6_12,stress,12,8.0,10.0,2025-05-30 04:00:00+00:00,LTCUSDT,0.013096171226580178,0.06283647565459502,0
next_open,drop3_breadth5,-0.03,5,scaled_exit_6_12,stress,12,8.0,10.0,2025-05-30 04:00:00+00:00,XRPUSDT,0.023309936228326826,0.08614641188292185,0
next_open,drop3_breadth5,-0.03,5,scaled_exit_6_12,stress,12,8.0,10.0,2025-06-13 03:15:00+00:00,AVAXUSDT,-0.04315853306067015,0.042987878822251704,0
next_open,drop3_breadth5,-0.03,5,scaled_exit_6_12,stress,12,8.0,10.0,2025-06-22 16:30:00+00:00,ADAUSDT,-0.008603121783591083,0.03438475703866062,0
next_open,drop3_breadth5,-0.03,5,scaled_exit_6_12,stress,12,8.0,10.0,2025-06-22 16:30:00+00:00,LINKUSDT,7.080184585655093e-05,0.03445555888451717,0
next_open,drop3_breadth5,-0.03,5,scaled_exit_6_12,stress,12,8.0,10.0,2025-06-22 16:30:00+00:00,SOLUSDT,0.006590471814034538,0.041046030698551714,0
next_open,drop3_breadth5,-0.03,5,scaled_exit_6_12,stress,12,8.0,10.0,2025-10-11 00:00:00+00:00,ADAUSDT,-0.14226350548503358,-0.10121747478648187,20
next_open,drop3_breadth5,-0.03,5,scaled_exit_6_12,stress,12,8.0,10.0,2025-10-11 00:00:00+00:00,AVAXUSDT,-0.17625849485287914,-0.277475969639361,20
next_open,drop3_breadth5,-0.03,5,scaled_exit_6_12,stress,12,8.0,10.0,2025-10-11 00:00:00+00:00,ETHUSDT,-0.0033100740987863737,-0.28078604373814736,20
next_open,drop3_breadth5,-0.03,5,scaled_exit_6_12,stress,12,8.0,10.0,2025-10-11 00:00:00+00:00,LINKUSDT,-0.140776630366509,-0.42156267410465637,20
next_open,drop3_breadth5,-0.03,5,scaled_exit_6_12,stress,12,8.0,10.0,2025-10-11 00:00:00+00:00,SOLUSDT,-0.04783253302450653,-0.4693952071291629,20
next_open,drop3_breadth5,-0.03,5,scaled_exit_6_12,stress,12,8.0,10.0,2025-10-11 00:00:00+00:00,XRPUSDT,-0.06808969795478337,-0.5374849050839463,20
next_open,drop3_breadth5,-0.03,5,scaled_exit_6_12,stress,12,8.0,10.0,2025-10-11 00:15:00+00:00,ADAUSDT,-0.03443557334287524,-0.5719204784268216,13
next_open,drop3_breadth5,-0.03,5,scaled_exit_6_12,stress,12,8.0,10.0,2025-10-11 00:15:00+00:00,AVAXUSDT,-0.0951363664450785,-0.6670568448719001,13
next_open,drop3_breadth5,-0.03,5,scaled_exit_6_12,stress,12,8.0,10.0,2025-10-11 00:15:00+00:00,BNBUSDT,-0.005129545327461359,-0.6721863901993614,13
next_open,drop3_breadth5,-0.03,5,scaled_exit_6_12,stress,12,8.0,10.0,2025-10-11 00:15:00+00:00,ETHUSDT,0.03000335990945307,-0.6421830302899084,13
next_open,drop3_breadth5,-0.03,5,scaled_exit_6_12,stress,12,8.0,10.0,2025-10-11 00:15:00+00:00,LINKUSDT,-0.051136460199043735,-0.6933194904889521,13
next_open,drop3_breadth5,-0.03,5,scaled_exit_6_12,stress,12,8.0,10.0,2025-10-11 00:15:00+00:00,SOLUSDT,0.01195198592722917,-0.681367504561723,13
next_open,drop3_breadth5,-0.03,5,scaled_exit_6_12,stress,12,8.0,10.0,2025-10-11 00:15:00+00:00,XRPUSDT,0.02815205064815989,-0.6532154539135632,13
next_open,drop3_breadth5,-0.03,5,scaled_exit_6_12,stress,12,8.0,10.0,2025-10-11 00:30:00+00:00,ADAUSDT,0.3592035488052847,-0.29401190510827846,7
next_open,drop3_breadth5,-0.03,5,scaled_exit_6_12,stress,12,8.0,10.0,2025-10-11 00:30:00+00:00,AVAXUSDT,0.15324034717357,-0.14077155793470847,7
next_open,drop3_breadth5,-0.03,5,scaled_exit_6_12,stress,12,8.0,10.0,2025-10-11 00:30:00+00:00,BNBUSDT,0.1265223629949505,-0.014249194939757959,7
next_open,drop3_breadth5,-0.03,5,scaled_exit_6_12,stress,12,8.0,10.0,2025-10-11 00:30:00+00:00,LINKUSDT,0.31303147332077885,0.2987822783810209,7
next_open,drop3_breadth5,-0.03,5,scaled_exit_6_12,stress,12,8.0,10.0,2025-10-11 00:30:00+00:00,SOLUSDT,0.08097357947120115,0.37975585785222205,7
next_open,drop3_breadth5,-0.03,5,scaled_exit_6_12,stress,12,8.0,10.0,2025-10-11 00:30:00+00:00,XRPUSDT,0.20815462111837452,0.5879104789705966,7
next_open,drop3_breadth5,-0.03,5,scaled_exit_6_12,stress,12,8.0,10.0,2025-10-11 01:30:00+00:00,ADAUSDT,0.09778305496156742,0.6856935339321639,3
next_open,drop3_breadth5,-0.03,5,scaled_exit_6_12,stress,12,8.0,10.0,2025-10-11 01:30:00+00:00,AVAXUSDT,0.026902256711566035,0.7125957906437299,3
next_open,drop3_breadth5,-0.03,5,scaled_exit_6_12,stress,12,8.0,10.0,2025-10-11 01:30:00+00:00,LINKUSDT,0.07722102179492946,0.7898168124386593,3
next_open,drop3_breadth5,-0.03,5,scaled_exit_6_12,stress,12,8.0,10.0,2025-10-11 01:30:00+00:00,LTCUSDT,0.05138592968028903,0.8412027421189483,3
next_open,drop3_breadth5,-0.03,5,scaled_exit_6_12,stress,12,8.0,10.0,2025-10-11 03:00:00+00:00,AVAXUSDT,0.037846218168384,0.8790489602873323,0
next_open,drop3_breadth5,-0.03,5,scaled_exit_6_12,stress,12,8.0,10.0,2025-10-11 03:00:00+00:00,LINKUSDT,-0.00515747036689208,0.8738914899204402,0
next_open,drop3_breadth5,-0.03,5,scaled_exit_6_12,stress,12,8.0,10.0,2025-10-11 03:00:00+00:00,LTCUSDT,-0.0002984809797083141,0.8735930089407319,0
next_open,drop3_breadth5,-0.03,5,scaled_exit_6_12,stress,12,8.0,10.0,2025-10-29 21:45:00+00:00,ETHUSDT,0.017874954080208165,0.89146796302094,0
next_open,drop3_breadth5,-0.03,5,scaled_exit_6_12,stress,12,8.0,10.0,2025-11-03 18:30:00+00:00,ADAUSDT,0.013780592561800687,0.9052485555827406,0
next_open,drop3_breadth5,-0.03,5,scaled_exit_6_12,stress,12,8.0,10.0,2025-11-03 18:30:00+00:00,AVAXUSDT,0.011937670407486545,0.9171862259902271,0
next_open,drop3_breadth5,-0.03,5,scaled_exit_6_12,stress,12,8.0,10.0,2025-11-03 18:30:00+00:00,LINKUSDT,0.004669164436392138,0.9218553904266192,0
next_open,drop3_breadth5,-0.03,5,scaled_exit_6_12,stress,12,8.0,10.0,2025-11-03 18:30:00+00:00,SOLUSDT,0.0022019142447823785,0.9240573046714016,0
next_open,drop3_breadth5,-0.03,5,scaled_exit_6_12,stress,12,8.0,10.0,2026-01-19 03:15:00+00:00,ADAUSDT,0.006520629370629517,0.930577934042031,0
next_open,drop3_breadth5,-0.03,5,scaled_exit_6_12,stress,12,8.0,10.0,2026-01-19 03:15:00+00:00,AVAXUSDT,0.00461043094891227,0.9351883649909433,0
next_open,drop3_breadth5,-0.03,5,scaled_exit_6_12,stress,12,8.0,10.0,2026-01-19 03:15:00+00:00,LINKUSDT,-0.0015326327713674579,0.9336557322195758,0
next_open,drop3_breadth5,-0.03,5,scaled_exit_6_12,stress,12,8.0,10.0,2026-01-19 03:15:00+00:00,LTCUSDT,0.004111080718299954,0.9377668129378757,0
next_open,drop3_breadth5,-0.03,5,scaled_exit_6_12,stress,12,8.0,10.0,2026-01-19 03:15:00+00:00,SOLUSDT,0.0008249017714051968,0.9385917147092808,0
next_open,drop3_breadth5,-0.03,5,scaled_exit_6_12,stress,12,8.0,10.0,2026-01-19 03:15:00+00:00,XRPUSDT,0.01052368999782043,0.9491154047071012,0
next_open,drop3_breadth5,-0.03,5,scaled_exit_6_12,stress,12,8.0,10.0,2026-01-30 04:45:00+00:00,ADAUSDT,0.0072129141053933095,0.9563283188124945,0
next_open,drop3_breadth5,-0.03,5,scaled_exit_6_12,stress,12,8.0,10.0,2026-01-30 04:45:00+00:00,LTCUSDT,-0.0032872431631890226,0.9530410756493054,0
next_open,drop3_breadth5,-0.03,5,scaled_exit_6_12,stress,12,8.0,10.0,2026-01-30 04:45:00+00:00,XRPUSDT,0.003985599810523866,0.9570266754598292,0
next_open,drop3_breadth5,-0.03,5,scaled_exit_6_12,stress,12,8.0,10.0,2026-01-31 20:15:00+00:00,ADAUSDT,-0.003069772288403115,0.9539569031714261,0
next_open,drop3_breadth5,-0.03,5,scaled_exit_6_12,stress,12,8.0,10.0,2026-01-31 20:15:00+00:00,ETHUSDT,-0.017306341992006376,0.9366505611794197,0
next_open,drop3_breadth5,-0.03,5,scaled_exit_6_12,stress,12,8.0,10.0,2026-01-31 20:15:00+00:00,LINKUSDT,-0.005573831732506095,0.9310767294469136,0
next_open,drop3_breadth5,-0.03,5,scaled_exit_6_12,stress,12,8.0,10.0,2026-01-31 20:15:00+00:00,LTCUSDT,-0.009095689024351383,0.9219810404225621,0
next_open,drop3_breadth5,-0.03,5,scaled_exit_6_12,stress,12,8.0,10.0,2026-01-31 20:15:00+00:00,SOLUSDT,-0.01772891779298936,0.9042521226295728,0
next_open,drop3_breadth5,-0.03,5,scaled_exit_6_12,stress,12,8.0,10.0,2026-01-31 20:15:00+00:00,XRPUSDT,0.00864761744310687,0.9128997400726796,0
next_open,drop3_breadth5,-0.03,5,scaled_exit_6_12,stress,12,8.0,10.0,2026-02-05 18:15:00+00:00,AVAXUSDT,-0.0035980019980018747,0.9093017380746777,1
next_open,drop3_breadth5,-0.03,5,scaled_exit_6_12,stress,12,8.0,10.0,2026-02-05 18:15:00+00:00,LINKUSDT,-0.02018480917263283,0.8891169289020449,1
next_open,drop3_breadth5,-0.03,5,scaled_exit_6_12,stress,12,8.0,10.0,2026-02-05 18:30:00+00:00,ETHUSDT,0.004868484931218043,0.8939854138332629,0
next_open,drop3_breadth5,-0.03,5,scaled_exit_6_12,stress,12,8.0,10.0,2026-02-05 23:30:00+00:00,AVAXUSDT,-0.007166117829256757,0.8868192960040061,0
next_open,drop3_breadth5,-0.03,5,scaled_exit_6_12,stress,12,8.0,10.0,2026-02-05 23:30:00+00:00,SOLUSDT,0.0016058746289956865,0.8884251706330017,0
next_open,drop3_breadth5,-0.03,5,scaled_exit_6_12,stress,12,8.0,10.0,2026-02-05 23:30:00+00:00,XRPUSDT,0.033376220390365405,0.9218013910233671,0
next_open,drop3_breadth5,-0.03,5,scaled_exit_6_12,stress,12,8.0,10.0,2026-02-06 03:15:00+00:00,ADAUSDT,0.08544711518847653,1.0072485062118437,0
next_open,drop3_breadth5,-0.03,5,scaled_exit_6_12,stress,12,8.0,10.0,2026-02-06 03:15:00+00:00,AVAXUSDT,0.07343330967989142,1.080681815891735,0
next_open,drop3_breadth5,-0.03,5,scaled_exit_6_12,stress,12,8.0,10.0,2026-02-06 03:15:00+00:00,BNBUSDT,0.0702944414783187,1.1509762573700537,0
next_open,drop3_breadth5,-0.03,5,scaled_exit_6_12,stress,12,8.0,10.0,2026-02-06 03:15:00+00:00,BTCUSDT,0.07869666579352891,1.2296729231635826,0
next_open,drop3_breadth5,-0.03,5,scaled_exit_6_12,stress,12,8.0,10.0,2026-02-06 03:15:00+00:00,ETHUSDT,0.07990753774815634,1.309580460911739,0
next_open,drop3_breadth5,-0.03,5,scaled_exit_6_12,stress,12,8.0,10.0,2026-02-06 03:15:00+00:00,LINKUSDT,0.09207309272663516,1.401653553638374,0
next_open,drop3_breadth5,-0.03,5,scaled_exit_6_12,stress,12,8.0,10.0,2026-02-06 03:15:00+00:00,LTCUSDT,0.07378547203649594,1.47543902567487,0
next_open,drop3_breadth5,-0.03,5,scaled_exit_6_12,stress,12,8.0,10.0,2026-02-06 03:15:00+00:00,SOLUSDT,0.07547488860696844,1.5509139142818384,0
next_open,drop3_breadth5,-0.03,5,scaled_exit_6_12,stress,12,8.0,10.0,2026-02-06 03:15:00+00:00,XRPUSDT,0.109020572088462,1.6599344863703005,0
next_close,drop3_breadth5,-0.03,5,wide_stop_2atr_horizon_12,base,12,4.0,5.0,2025-05-30 04:00:00+00:00,ADAUSDT,0.0018915631284829543,0.0018915631284829543,0
next_close,drop3_breadth5,-0.03,5,wide_stop_2atr_horizon_12,base,12,4.0,5.0,2025-05-30 04:00:00+00:00,AVAXUSDT,0.00254518592466515,0.004436749053148104,0
next_close,drop3_breadth5,-0.03,5,wide_stop_2atr_horizon_12,base,12,4.0,5.0,2025-05-30 04:00:00+00:00,LINKUSDT,0.002660629737332965,0.007097378790481069,0
next_close,drop3_breadth5,-0.03,5,wide_stop_2atr_horizon_12,base,12,4.0,5.0,2025-05-30 04:00:00+00:00,LTCUSDT,0.0032415290380262366,0.010338907828507306,0
next_close,drop3_breadth5,-0.03,5,wide_stop_2atr_horizon_12,base,12,4.0,5.0,2025-05-30 04:00:00+00:00,XRPUSDT,0.008619607473606596,0.018958515302113902,0
next_close,drop3_breadth5,-0.03,5,wide_stop_2atr_horizon_12,base,12,4.0,5.0,2025-06-13 00:30:00+00:00,AVAXUSDT,-0.016373647898896372,0.00258486740321753,0
next_close,drop3_breadth5,-0.03,5,wide_stop_2atr_horizon_12,base,12,4.0,5.0,2025-06-22 16:30:00+00:00,ADAUSDT,-0.01108107485885421,-0.00849620745563668,0
next_close,drop3_breadth5,-0.03,5,wide_stop_2atr_horizon_12,base,12,4.0,5.0,2025-06-22 16:30:00+00:00,LINKUSDT,-0.006793188620107115,-0.015289396075743795,0
next_close,drop3_breadth5,-0.03,5,wide_stop_2atr_horizon_12,base,12,4.0,5.0,2025-06-22 16:30:00+00:00,SOLUSDT,0.0091681965792513,-0.0061211994964924955,0
next_close,drop3_breadth5,-0.03,5,wide_stop_2atr_horizon_12,base,12,4.0,5.0,2025-10-10 21:15:00+00:00,ADAUSDT,-0.020252536818411528,-0.02637373631490402,7
next_close,drop3_breadth5,-0.03,5,wide_stop_2atr_horizon_12,base,12,4.0,5.0,2025-10-10 21:15:00+00:00,AVAXUSDT,-0.020056531768889198,-0.04643026808379322,7
next_close,drop3_breadth5,-0.03,5,wide_stop_2atr_horizon_12,base,12,4.0,5.0,2025-10-10 21:15:00+00:00,ETHUSDT,-0.020393490894582846,-0.06682375897837606,7
next_close,drop3_breadth5,-0.03,5,wide_stop_2atr_horizon_12,base,12,4.0,5.0,2025-10-10 21:15:00+00:00,LINKUSDT,-0.023750610247673977,-0.09057436922605003,7
next_close,drop3_breadth5,-0.03,5,wide_stop_2atr_horizon_12,base,12,4.0,5.0,2025-10-10 21:15:00+00:00,SOLUSDT,-0.02197184628221014,-0.11254621550826016,7
next_close,drop3_breadth5,-0.03,5,wide_stop_2atr_horizon_12,base,12,4.0,5.0,2025-10-10 21:15:00+00:00,XRPUSDT,-0.020963033174946057,-0.1335092486832062,7
next_close,drop3_breadth5,-0.03,5,wide_stop_2atr_horizon_12,base,12,4.0,5.0,2025-10-10 21:45:00+00:00,SOLUSDT,-0.0461493067901729,-0.1796585554733791,12
next_close,drop3_breadth5,-0.03,5,wide_stop_2atr_horizon_12,base,12,4.0,5.0,2025-10-10 22:00:00+00:00,ADAUSDT,-0.06064680098762018,-0.2403053564609993,8
next_close,drop3_breadth5,-0.03,5,wide_stop_2atr_horizon_12,base,12,4.0,5.0,2025-10-10 22:00:00+00:00,AVAXUSDT,-0.05422182347914048,-0.29452717994013977,8
next_close,drop3_breadth5,-0.03,5,wide_stop_2atr_horizon_12,base,12,4.0,5.0,2025-10-10 22:00:00+00:00,LINKUSDT,-0.05771685158861614,-0.35224403152875594,8
next_close,drop3_breadth5,-0.03,5,wide_stop_2atr_horizon_12,base,12,4.0,5.0,2025-10-10 22:00:00+00:00,XRPUSDT,-0.05982467995750315,-0.4120687114862591,8
next_close,drop3_breadth5,-0.03,5,wide_stop_2atr_horizon_12,base,12,4.0,5.0,2025-10-11 00:15:00+00:00,ADAUSDT,0.3934214005844302,-0.018647310901828917,8
next_close,drop3_breadth5,-0.03,5,wide_stop_2atr_horizon_12,base,12,4.0,5.0,2025-10-11 00:15:00+00:00,AVAXUSDT,0.1660820971746676,0.14743478627283868,8
next_close,drop3_breadth5,-0.03,5,wide_stop_2atr_horizon_12,base,12,4.0,5.0,2025-10-11 00:15:00+00:00,BNBUSDT,0.13015699027423933,0.277591776547078,8
next_close,drop3_breadth5,-0.03,5,wide_stop_2atr_horizon_12,base,12,4.0,5.0,2025-10-11 00:15:00+00:00,ETHUSDT,0.06072640291601741,0.3383181794630954,8
next_close,drop3_breadth5,-0.03,5,wide_stop_2atr_horizon_12,base,12,4.0,5.0,2025-10-11 00:15:00+00:00,LINKUSDT,0.3361631822589245,0.6744813617220199,8
next_close,drop3_breadth5,-0.03,5,wide_stop_2atr_horizon_12,base,12,4.0,5.0,2025-10-11 00:15:00+00:00,SOLUSDT,0.07608419951807402,0.7505655612400939,8
next_close,drop3_breadth5,-0.03,5,wide_stop_2atr_horizon_12,base,12,4.0,5.0,2025-10-11 00:15:00+00:00,XRPUSDT,0.21968672165974634,0.9702522828998402,8
next_close,drop3_breadth5,-0.03,5,wide_stop_2atr_horizon_12,base,12,4.0,5.0,2025-10-11 00:30:00+00:00,BNBUSDT,0.01617344033183845,0.9864257232316787,7
next_close,drop3_breadth5,-0.03,5,wide_stop_2atr_horizon_12,base,12,4.0,5.0,2025-10-11 01:30:00+00:00,ADAUSDT,0.07410202312195438,1.0605277463536331,3
next_close,drop3_breadth5,-0.03,5,wide_stop_2atr_horizon_12,base,12,4.0,5.0,2025-10-11 01:30:00+00:00,AVAXUSDT,0.015720847580302254,1.0762485939339355,3
next_close,drop3_breadth5,-0.03,5,wide_stop_2atr_horizon_12,base,12,4.0,5.0,2025-10-11 01:30:00+00:00,LINKUSDT,0.041696826472833376,1.117945420406769,3
next_close,drop3_breadth5,-0.03,5,wide_stop_2atr_horizon_12,base,12,4.0,5.0,2025-10-11 01:30:00+00:00,LTCUSDT,0.0010406612214583174,1.1189860816282273,3
next_close,drop3_breadth5,-0.03,5,wide_stop_2atr_horizon_12,base,12,4.0,5.0,2025-10-11 03:00:00+00:00,AVAXUSDT,0.056962413329012,1.1759484949572394,0
next_close,drop3_breadth5,-0.03,5,wide_stop_2atr_horizon_12,base,12,4.0,5.0,2025-10-11 03:00:00+00:00,LINKUSDT,0.004959404570405912,1.1809078995276454,0
next_close,drop3_breadth5,-0.03,5,wide_stop_2atr_horizon_12,base,12,4.0,5.0,2025-10-11 03:00:00+00:00,LTCUSDT,0.010253880012958929,1.1911617795406044,0
next_close,drop3_breadth5,-0.03,5,wide_stop_2atr_horizon_12,base,12,4.0,5.0,2025-10-29 21:45:00+00:00,ETHUSDT,0.008182110192831573,1.199343889733436,0
next_close,drop3_breadth5,-0.03,5,wide_stop_2atr_horizon_12,base,12,4.0,5.0,2025-11-03 15:45:00+00:00,SOLUSDT,-0.012665425673293183,1.1866784640601429,3
next_close,drop3_breadth5,-0.03,5,wide_stop_2atr_horizon_12,base,12,4.0,5.0,2025-11-03 18:30:00+00:00,ADAUSDT,0.015596481606829382,1.2022749456669724,0
next_close,drop3_breadth5,-0.03,5,wide_stop_2atr_horizon_12,base,12,4.0,5.0,2025-11-03 18:30:00+00:00,AVAXUSDT,0.02570148367484961,1.227976429341822,0
next_close,drop3_breadth5,-0.03,5,wide_stop_2atr_horizon_12,base,12,4.0,5.0,2025-11-03 18:30:00+00:00,LINKUSDT,0.016281956759177117,1.2442583861009993,0
next_close,drop3_breadth5,-0.03,5,wide_stop_2atr_horizon_12,base,12,4.0,5.0,2026-01-19 03:15:00+00:00,ADAUSDT,0.010139638574264833,1.2543980246752642,0
next_close,drop3_breadth5,-0.03,5,wide_stop_2atr_horizon_12,base,12,4.0,5.0,2026-01-19 03:15:00+00:00,AVAXUSDT,0.008168972845739832,1.262566997521004,0
next_close,drop3_breadth5,-0.03,5,wide_stop_2atr_horizon_12,base,12,4.0,5.0,2026-01-19 03:15:00+00:00,LINKUSDT,-0.000630075597443857,1.2619369219235603,0
next_close,drop3_breadth5,-0.03,5,wide_stop_2atr_horizon_12,base,12,4.0,5.0,2026-01-19 03:15:00+00:00,LTCUSDT,0.009883872617546221,1.2718207945411066,0
next_close,drop3_breadth5,-0.03,5,wide_stop_2atr_horizon_12,base,12,4.0,5.0,2026-01-19 03:15:00+00:00,SOLUSDT,-0.003663863678790657,1.268156930862316,0
next_close,drop3_breadth5,-0.03,5,wide_stop_2atr_horizon_12,base,12,4.0,5.0,2026-01-19 03:15:00+00:00,XRPUSDT,0.009989336453351118,1.2781462673156672,0
next_close,drop3_breadth5,-0.03,5,wide_stop_2atr_horizon_12,base,12,4.0,5.0,2026-01-30 02:00:00+00:00,LTCUSDT,-0.009186962001290853,1.2689593053143764,2
next_close,drop3_breadth5,-0.03,5,wide_stop_2atr_horizon_12,base,12,4.0,5.0,2026-01-30 02:15:00+00:00,ADAUSDT,-0.010167773031145664,1.2587915322832308,0
next_close,drop3_breadth5,-0.03,5,wide_stop_2atr_horizon_12,base,12,4.0,5.0,2026-01-30 02:15:00+00:00,XRPUSDT,-0.009683960238033171,1.2491075720451976,0
next_close,drop3_breadth5,-0.03,5,wide_stop_2atr_horizon_12,base,12,4.0,5.0,2026-01-31 18:30:00+00:00,ADAUSDT,-0.02992293557689194,1.2191846364683057,0
next_close,drop3_breadth5,-0.03,5,wide_stop_2atr_horizon_12,base,12,4.0,5.0,2026-01-31 18:30:00+00:00,ETHUSDT,-0.028129116748084028,1.1910555197202217,0
next_close,drop3_breadth5,-0.03,5,wide_stop_2atr_horizon_12,base,12,4.0,5.0,2026-01-31 18:30:00+00:00,LINKUSDT,-0.029402340259033856,1.161653179461188,0
next_close,drop3_breadth5,-0.03,5,wide_stop_2atr_horizon_12,base,12,4.0,5.0,2026-01-31 18:30:00+00:00,LTCUSDT,-0.03034654038775162,1.1313066390734363,0
next_close,drop3_breadth5,-0.03,5,wide_stop_2atr_horizon_12,base,12,4.0,5.0,2026-01-31 18:30:00+00:00,SOLUSDT,-0.03246339873699819,1.098843240336438,0
next_close,drop3_breadth5,-0.03,5,wide_stop_2atr_horizon_12,base,12,4.0,5.0,2026-01-31 18:30:00+00:00,XRPUSDT,-0.027569126513888854,1.0712741138225492,0
next_close,drop3_breadth5,-0.03,5,wide_stop_2atr_horizon_12,base,12,4.0,5.0,2026-02-05 18:15:00+00:00,AVAXUSDT,0.0018444090162831556,1.0731185228388325,1
next_close,drop3_breadth5,-0.03,5,wide_stop_2atr_horizon_12,base,12,4.0,5.0,2026-02-05 18:15:00+00:00,LINKUSDT,-0.011102513499697018,1.0620160093391355,1
next_close,drop3_breadth5,-0.03,5,wide_stop_2atr_horizon_12,base,12,4.0,5.0,2026-02-05 18:30:00+00:00,ETHUSDT,-0.02258497936200097,1.0394310299771345,0
next_close,drop3_breadth5,-0.03,5,wide_stop_2atr_horizon_12,base,12,4.0,5.0,2026-02-05 23:30:00+00:00,AVAXUSDT,-0.019935310336108493,1.0194957196410261,0
next_close,drop3_breadth5,-0.03,5,wide_stop_2atr_horizon_12,base,12,4.0,5.0,2026-02-05 23:30:00+00:00,SOLUSDT,-0.00972607852245164,1.0097696411185746,0
next_close,drop3_breadth5,-0.03,5,wide_stop_2atr_horizon_12,base,12,4.0,5.0,2026-02-05 23:30:00+00:00,XRPUSDT,0.01959631067090064,1.0293659517894753,0
next_close,drop3_breadth5,-0.03,5,wide_stop_2atr_horizon_12,base,12,4.0,5.0,2026-02-06 03:15:00+00:00,ADAUSDT,0.06675513050552842,1.0961210822950038,0
next_close,drop3_breadth5,-0.03,5,wide_stop_2atr_horizon_12,base,12,4.0,5.0,2026-02-06 03:15:00+00:00,AVAXUSDT,0.052936765664059054,1.149057847959063,0
next_close,drop3_breadth5,-0.03,5,wide_stop_2atr_horizon_12,base,12,4.0,5.0,2026-02-06 03:15:00+00:00,BNBUSDT,0.053122529909167465,1.2021803778682305,0
next_close,drop3_breadth5,-0.03,5,wide_stop_2atr_horizon_12,base,12,4.0,5.0,2026-02-06 03:15:00+00:00,BTCUSDT,0.052675173014023496,1.254855550882254,0
next_close,drop3_breadth5,-0.03,5,wide_stop_2atr_horizon_12,base,12,4.0,5.0,2026-02-06 03:15:00+00:00,ETHUSDT,0.060416191984706075,1.3152717428669602,0
next_close,drop3_breadth5,-0.03,5,wide_stop_2atr_horizon_12,base,12,4.0,5.0,2026-02-06 03:15:00+00:00,LINKUSDT,0.0728185221125405,1.3880902649795008,0
next_close,drop3_breadth5,-0.03,5,wide_stop_2atr_horizon_12,base,12,4.0,5.0,2026-02-06 03:15:00+00:00,LTCUSDT,0.059976896600408086,1.448067161579909,0
next_close,drop3_breadth5,-0.03,5,wide_stop_2atr_horizon_12,base,12,4.0,5.0,2026-02-06 03:15:00+00:00,SOLUSDT,0.07576003222017694,1.523827193800086,0
next_close,drop3_breadth5,-0.03,5,wide_stop_2atr_horizon_12,base,12,4.0,5.0,2026-02-06 03:15:00+00:00,XRPUSDT,0.0981698525693794,1.6219970463694655,0
next_open,drop3_breadth5,-0.03,5,wide_stop_2atr_horizon_12,base,12,4.0,5.0,2025-05-30 04:00:00+00:00,ADAUSDT,0.019286819392096886,0.019286819392096886,0
next_open,drop3_breadth5,-0.03,5,wide_stop_2atr_horizon_12,base,12,4.0,5.0,2025-05-30 04:00:00+00:00,AVAXUSDT,0.012010706546596108,0.03129752593869299,0
next_open,drop3_breadth5,-0.03,5,wide_stop_2atr_horizon_12,base,12,4.0,5.0,2025-05-30 04:00:00+00:00,LINKUSDT,0.01486902866697917,0.046166554605672164,0
next_open,drop3_breadth5,-0.03,5,wide_stop_2atr_horizon_12,base,12,4.0,5.0,2025-05-30 04:00:00+00:00,LTCUSDT,0.013140686685570693,0.05930724129124286,0
next_open,drop3_breadth5,-0.03,5,wide_stop_2atr_horizon_12,base,12,4.0,5.0,2025-05-30 04:00:00+00:00,XRPUSDT,0.023234620584737707,0.08254186187598056,0
next_open,drop3_breadth5,-0.03,5,wide_stop_2atr_horizon_12,base,12,4.0,5.0,2025-06-13 00:30:00+00:00,AVAXUSDT,-0.01618725992619994,0.06635460194978063,0
next_open,drop3_breadth5,-0.03,5,wide_stop_2atr_horizon_12,base,12,4.0,5.0,2025-06-22 16:30:00+00:00,ADAUSDT,-0.01295412354382983,0.0534004784059508,0
next_open,drop3_breadth5,-0.03,5,wide_stop_2atr_horizon_12,base,12,4.0,5.0,2025-06-22 16:30:00+00:00,LINKUSDT,-0.008707249876155985,0.04469322852979482,0
next_open,drop3_breadth5,-0.03,5,wide_stop_2atr_horizon_12,base,12,4.0,5.0,2025-06-22 16:30:00+00:00,SOLUSDT,0.006718926916890489,0.05141215544668531,0
next_open,drop3_breadth5,-0.03,5,wide_stop_2atr_horizon_12,base,12,4.0,5.0,2025-10-10 21:00:00+00:00,ADAUSDT,-0.018492582897460454,0.032919572549224854,0
next_open,drop3_breadth5,-0.03,5,wide_stop_2atr_horizon_12,base,12,4.0,5.0,2025-10-10 21:00:00+00:00,AVAXUSDT,-0.01858988831603834,0.014329684233186514,0
next_open,drop3_breadth5,-0.03,5,wide_stop_2atr_horizon_12,base,12,4.0,5.0,2025-10-10 21:00:00+00:00,ETHUSDT,-0.019693385688911304,-0.00536370145572479,0
next_open,drop3_breadth5,-0.03,5,wide_stop_2atr_horizon_12,base,12,4.0,5.0,2025-10-10 21:00:00+00:00,LINKUSDT,-0.021950927563782564,-0.027314629019507354,0
next_open,drop3_breadth5,-0.03,5,wide_stop_2atr_horizon_12,base,12,4.0,5.0,2025-10-10 21:00:00+00:00,SOLUSDT,-0.020744242101163525,-0.04805887112067088,0
next_open,drop3_breadth5,-0.03,5,wide_stop_2atr_horizon_12,base,12,4.0,5.0,2025-10-10 21:00:00+00:00,XRPUSDT,-0.019338692226797384,-0.06739756334746827,0
next_open,drop3_breadth5,-0.03,5,wide_stop_2atr_horizon_12,base,12,4.0,5.0,2025-10-10 21:15:00+00:00,ADAUSDT,-0.03534960526215422,-0.10274716860962249,0
next_open,drop3_breadth5,-0.03,5,wide_stop_2atr_horizon_12,base,12,4.0,5.0,2025-10-10 21:15:00+00:00,AVAXUSDT,-0.03406832600707618,-0.13681549461669867,0
next_open,drop3_breadth5,-0.03,5,wide_stop_2atr_horizon_12,base,12,4.0,5.0,2025-10-10 21:15:00+00:00,BNBUSDT,-0.025236216065617857,-0.16205171068231652,0
next_open,drop3_breadth5,-0.03,5,wide_stop_2atr_horizon_12,base,12,4.0,5.0,2025-10-10 21:15:00+00:00,ETHUSDT,-0.026625612455798066,-0.18867732313811458,0
next_open,drop3_breadth5,-0.03,5,wide_stop_2atr_horizon_12,base,12,4.0,5.0,2025-10-10 21:15:00+00:00,LINKUSDT,-0.035039708255957897,-0.22371703139407248,0
next_open,drop3_breadth5,-0.03,5,wide_stop_2atr_horizon_12,base,12,4.0,5.0,2025-10-10 21:15:00+00:00,SOLUSDT,-0.03223069318810953,-0.255947724582182,0
next_open,drop3_breadth5,-0.03,5,wide_stop_2atr_horizon_12,base,12,4.0,5.0,2025-10-10 21:15:00+00:00,XRPUSDT,-0.03817052433058052,-0.2941182489127625,0
next_open,drop3_breadth5,-0.03,5,wide_stop_2atr_horizon_12,base,12,4.0,5.0,2025-10-11 00:30:00+00:00,ADAUSDT,0.39138490125733416,0.09726665234457166,7
next_open,drop3_breadth5,-0.03,5,wide_stop_2atr_horizon_12,base,12,4.0,5.0,2025-10-11 00:30:00+00:00,AVAXUSDT,0.15829035746536546,0.2555570098099371,7
next_open,drop3_breadth5,-0.03,5,wide_stop_2atr_horizon_12,base,12,4.0,5.0,2025-10-11 00:30:00+00:00,BNBUSDT,0.13340639981388647,0.3889634096238236,7
next_open,drop3_breadth5,-0.03,5,wide_stop_2atr_horizon_12,base,12,4.0,5.0,2025-10-11 00:30:00+00:00,LINKUSDT,0.34358327855125903,0.7325466881750826,7
next_open,drop3_breadth5,-0.03,5,wide_stop_2atr_horizon_12,base,12,4.0,5.0,2025-10-11 00:30:00+00:00,SOLUSDT,0.08498027428891555,0.8175269624639981,7
next_open,drop3_breadth5,-0.03,5,wide_stop_2atr_horizon_12,base,12,4.0,5.0,2025-10-11 00:30:00+00:00,XRPUSDT,0.21440478507595329,1.0319317475399514,7
next_open,drop3_breadth5,-0.03,5,wide_stop_2atr_horizon_12,base,12,4.0,5.0,2025-10-11 01:30:00+00:00,ADAUSDT,0.08317058357873411,1.1151023311186856,3
next_open,drop3_breadth5,-0.03,5,wide_stop_2atr_horizon_12,base,12,4.0,5.0,2025-10-11 01:30:00+00:00,AVAXUSDT,0.03023683359427145,1.1453391647129572,3
next_open,drop3_breadth5,-0.03,5,wide_stop_2atr_horizon_12,base,12,4.0,5.0,2025-10-11 01:30:00+00:00,LINKUSDT,0.06352338687619433,1.2088625515891516,3
next_open,drop3_breadth5,-0.03,5,wide_stop_2atr_horizon_12,base,12,4.0,5.0,2025-10-11 01:30:00+00:00,LTCUSDT,0.039261298602994016,1.2481238501921457,3
next_open,drop3_breadth5,-0.03,5,wide_stop_2atr_horizon_12,base,12,4.0,5.0,2025-10-11 03:00:00+00:00,AVAXUSDT,0.06789257361810544,1.3160164238102512,0
next_open,drop3_breadth5,-0.03,5,wide_stop_2atr_horizon_12,base,12,4.0,5.0,2025-10-11 03:00:00+00:00,LINKUSDT,0.014388944679231932,1.3304053684894832,0
next_open,drop3_breadth5,-0.03,5,wide_stop_2atr_horizon_12,base,12,4.0,5.0,2025-10-11 03:00:00+00:00,LTCUSDT,0.02080418912353945,1.3512095576130227,0
next_open,drop3_breadth5,-0.03,5,wide_stop_2atr_horizon_12,base,12,4.0,5.0,2025-10-29 21:45:00+00:00,ETHUSDT,0.02234568326998123,1.373555240883004,0
next_open,drop3_breadth5,-0.03,5,wide_stop_2atr_horizon_12,base,12,4.0,5.0,2025-11-03 15:30:00+00:00,ADAUSDT,-0.015123592725416832,1.3584316481575873,0
next_open,drop3_breadth5,-0.03,5,wide_stop_2atr_horizon_12,base,12,4.0,5.0,2025-11-03 15:30:00+00:00,AVAXUSDT,-0.017914840107979814,1.3405168080496075,0
next_open,drop3_breadth5,-0.03,5,wide_stop_2atr_horizon_12,base,12,4.0,5.0,2025-11-03 15:30:00+00:00,LINKUSDT,-0.017352132581687975,1.3231646754679196,0
next_open,drop3_breadth5,-0.03,5,wide_stop_2atr_horizon_12,base,12,4.0,5.0,2025-11-03 15:30:00+00:00,SOLUSDT,-0.012664748232411347,1.3104999272355082,0
next_open,drop3_breadth5,-0.03,5,wide_stop_2atr_horizon_12,base,12,4.0,5.0,2026-01-19 03:15:00+00:00,ADAUSDT,0.009578005441723738,1.320077932677232,0
next_open,drop3_breadth5,-0.03,5,wide_stop_2atr_horizon_12,base,12,4.0,5.0,2026-01-19 03:15:00+00:00,AVAXUSDT,0.008491249927220414,1.3285691826044526,0
next_open,drop3_breadth5,-0.03,5,wide_stop_2atr_horizon_12,base,12,4.0,5.0,2026-01-19 03:15:00+00:00,LINKUSDT,7.289428304204715e-05,1.3286420768874947,0
next_open,drop3_breadth5,-0.03,5,wide_stop_2atr_horizon_12,base,12,4.0,5.0,2026-01-19 03:15:00+00:00,LTCUSDT,0.009883872617546221,1.338525949505041,0
next_open,drop3_breadth5,-0.03,5,wide_stop_2atr_horizon_12,base,12,4.0,5.0,2026-01-19 03:15:00+00:00,SOLUSDT,0.0025527891653963856,1.3410787386704375,0
next_open,drop3_breadth5,-0.03,5,wide_stop_2atr_horizon_12,base,12,4.0,5.0,2026-01-19 03:15:00+00:00,XRPUSDT,0.013296000083871242,1.3543747387543088,0
next_open,drop3_breadth5,-0.03,5,wide_stop_2atr_horizon_12,base,12,4.0,5.0,2026-01-30 02:15:00+00:00,ADAUSDT,-0.010266578301687621,1.3441081604526213,0
next_open,drop3_breadth5,-0.03,5,wide_stop_2atr_horizon_12,base,12,4.0,5.0,2026-01-30 02:15:00+00:00,LTCUSDT,-0.00925449787394714,1.3348536625786742,0
next_open,drop3_breadth5,-0.03,5,wide_stop_2atr_horizon_12,base,12,4.0,5.0,2026-01-30 02:15:00+00:00,XRPUSDT,-0.00973829226228604,1.3251153703163883,0
next_open,drop3_breadth5,-0.03,5,wide_stop_2atr_horizon_12,base,12,4.0,5.0,2026-01-31 18:30:00+00:00,ADAUSDT,-0.030104732627133292,1.295010637689255,0
next_open,drop3_breadth5,-0.03,5,wide_stop_2atr_horizon_12,base,12,4.0,5.0,2026-01-31 18:30:00+00:00,ETHUSDT,-0.028274873829379522,1.2667357638598755,0
next_open,drop3_breadth5,-0.03,5,wide_stop_2atr_horizon_12,base,12,4.0,5.0,2026-01-31 18:30:00+00:00,LINKUSDT,-0.029569250063635734,1.2371665137962398,0
next_open,drop3_breadth5,-0.03,5,wide_stop_2atr_horizon_12,base,12,4.0,5.0,2026-01-31 18:30:00+00:00,LTCUSDT,-0.030486547812585064,1.2066799659836547,0
next_open,drop3_breadth5,-0.03,5,wide_stop_2atr_horizon_12,base,12,4.0,5.0,2026-01-31 18:30:00+00:00,SOLUSDT,-0.03281215222617226,1.1738678137574825,0
next_open,drop3_breadth5,-0.03,5,wide_stop_2atr_horizon_12,base,12,4.0,5.0,2026-01-31 18:30:00+00:00,XRPUSDT,-0.027690314257145056,1.1461774995003375,0
next_open,drop3_breadth5,-0.03,5,wide_stop_2atr_horizon_12,base,12,4.0,5.0,2026-02-05 15:30:00+00:00,LINKUSDT,-0.026433972385329164,1.1197435271150085,2
next_open,drop3_breadth5,-0.03,5,wide_stop_2atr_horizon_12,base,12,4.0,5.0,2026-02-05 18:15:00+00:00,AVAXUSDT,-0.012240840604647005,1.1075026865103614,1
next_open,drop3_breadth5,-0.03,5,wide_stop_2atr_horizon_12,base,12,4.0,5.0,2026-02-05 18:30:00+00:00,ETHUSDT,-0.00671176978798369,1.1007909167223777,0
next_open,drop3_breadth5,-0.03,5,wide_stop_2atr_horizon_12,base,12,4.0,5.0,2026-02-05 23:30:00+00:00,AVAXUSDT,-0.009180984099774612,1.0916099326226032,0
next_open,drop3_breadth5,-0.03,5,wide_stop_2atr_horizon_12,base,12,4.0,5.0,2026-02-05 23:30:00+00:00,SOLUSDT,-2.0788944202631437e-05,1.0915891436784007,0
next_open,drop3_breadth5,-0.03,5,wide_stop_2atr_horizon_12,base,12,4.0,5.0,2026-02-05 23:30:00+00:00,XRPUSDT,0.053738915912958346,1.145328059591359,0
next_open,drop3_breadth5,-0.03,5,wide_stop_2atr_horizon_12,base,12,4.0,5.0,2026-02-06 00:15:00+00:00,SOLUSDT,-0.05250903715335761,1.0928190224380014,8
next_open,drop3_breadth5,-0.03,5,wide_stop_2atr_horizon_12,base,12,4.0,5.0,2026-02-06 03:15:00+00:00,ADAUSDT,0.07839949274926253,1.171218515187264,0
next_open,drop3_breadth5,-0.03,5,wide_stop_2atr_horizon_12,base,12,4.0,5.0,2026-02-06 03:15:00+00:00,AVAXUSDT,0.06392590922254851,1.2351444244098126,0
next_open,drop3_breadth5,-0.03,5,wide_stop_2atr_horizon_12,base,12,4.0,5.0,2026-02-06 03:15:00+00:00,BNBUSDT,0.0641408437990715,1.2992852682088842,0
next_open,drop3_breadth5,-0.03,5,wide_stop_2atr_horizon_12,base,12,4.0,5.0,2026-02-06 03:15:00+00:00,BTCUSDT,0.07222438447164584,1.3715096526805302,0
next_open,drop3_breadth5,-0.03,5,wide_stop_2atr_horizon_12,base,12,4.0,5.0,2026-02-06 03:15:00+00:00,ETHUSDT,0.07181910408187689,1.4433287567624071,0
next_open,drop3_breadth5,-0.03,5,wide_stop_2atr_horizon_12,base,12,4.0,5.0,2026-02-06 03:15:00+00:00,LINKUSDT,0.08559278251625937,1.5289215392786666,0
next_open,drop3_breadth5,-0.03,5,wide_stop_2atr_horizon_12,base,12,4.0,5.0,2026-02-06 03:15:00+00:00,LTCUSDT,0.06767024439998429,1.596591783678651,0
next_open,drop3_breadth5,-0.03,5,wide_stop_2atr_horizon_12,base,12,4.0,5.0,2026-02-06 03:15:00+00:00,XRPUSDT,0.10652375184185994,1.703115535520511,0
next_close,drop3_breadth5,-0.03,5,wide_stop_2atr_horizon_12,stress,12,8.0,10.0,2025-05-30 04:00:00+00:00,ADAUSDT,8.937215974307434e-05,8.937215974307434e-05,0
next_close,drop3_breadth5,-0.03,5,wide_stop_2atr_horizon_12,stress,12,8.0,10.0,2025-05-30 04:00:00+00:00,AVAXUSDT,0.0007423416594510194,0.0008317138191940937,0
next_close,drop3_breadth5,-0.03,5,wide_stop_2atr_horizon_12,stress,12,8.0,10.0,2025-05-30 04:00:00+00:00,LINKUSDT,0.0008576700859415546,0.0016893839051356483,0
next_close,drop3_breadth5,-0.03,5,wide_stop_2atr_horizon_12,stress,12,8.0,10.0,2025-05-30 04:00:00+00:00,LTCUSDT,0.0014379887773483995,0.003127372682484048,0
next_close,drop3_breadth5,-0.03,5,wide_stop_2atr_horizon_12,stress,12,8.0,10.0,2025-05-30 04:00:00+00:00,XRPUSDT,0.006810691819501936,0.009938064501985984,0
next_close,drop3_breadth5,-0.03,5,wide_stop_2atr_horizon_12,stress,12,8.0,10.0,2025-06-13 00:30:00+00:00,AVAXUSDT,-0.017658581776525746,-0.007720517274539762,0
next_close,drop3_breadth5,-0.03,5,wide_stop_2atr_horizon_12,stress,12,8.0,10.0,2025-06-22 16:30:00+00:00,ADAUSDT,-0.012870299666203965,-0.020590816940743727,0
next_close,drop3_breadth5,-0.03,5,wide_stop_2atr_horizon_12,stress,12,8.0,10.0,2025-06-22 16:30:00+00:00,LINKUSDT,-0.008586699172965905,-0.029177516113709633,0
next_close,drop3_breadth5,-0.03,5,wide_stop_2atr_horizon_12,stress,12,8.0,10.0,2025-06-22 16:30:00+00:00,SOLUSDT,0.007358732609924746,-0.021818783503784887,0
next_close,drop3_breadth5,-0.03,5,wide_stop_2atr_horizon_12,stress,12,8.0,10.0,2025-10-10 21:15:00+00:00,ADAUSDT,-0.021533593743659103,-0.04335237724744399,7
next_close,drop3_breadth5,-0.03,5,wide_stop_2atr_horizon_12,stress,12,8.0,10.0,2025-10-10 21:15:00+00:00,AVAXUSDT,-0.021337784601330574,-0.06469016184877457,7
next_close,drop3_breadth5,-0.03,5,wide_stop_2atr_horizon_12,stress,12,8.0,10.0,2025-10-10 21:15:00+00:00,ETHUSDT,-0.021674406936125497,-0.08636456878490006,7
next_close,drop3_breadth5,-0.03,5,wide_stop_2atr_horizon_12,stress,12,8.0,10.0,2025-10-10 21:15:00+00:00,LINKUSDT,-0.025028170845907534,-0.11139273963080759,7
next_close,drop3_breadth5,-0.03,5,wide_stop_2atr_horizon_12,stress,12,8.0,10.0,2025-10-10 21:15:00+00:00,SOLUSDT,-0.023251184756360184,-0.13464392438716777,7
next_close,drop3_breadth5,-0.03,5,wide_stop_2atr_horizon_12,stress,12,8.0,10.0,2025-10-10 21:15:00+00:00,XRPUSDT,-0.022243379958552918,-0.15688730434572068,7
next_close,drop3_breadth5,-0.03,5,wide_stop_2atr_horizon_12,stress,12,8.0,10.0,2025-10-10 21:45:00+00:00,SOLUSDT,-0.047404479874427155,-0.20429178422014782,12
next_close,drop3_breadth5,-0.03,5,wide_stop_2atr_horizon_12,stress,12,8.0,10.0,2025-10-10 22:00:00+00:00,ADAUSDT,-0.061887483815560154,-0.26617926803570796,8
next_close,drop3_breadth5,-0.03,5,wide_stop_2atr_horizon_12,stress,12,8.0,10.0,2025-10-10 22:00:00+00:00,AVAXUSDT,-0.055468928076914795,-0.32164819611262274,8
next_close,drop3_breadth5,-0.03,5,wide_stop_2atr_horizon_12,stress,12,8.0,10.0,2025-10-10 22:00:00+00:00,LINKUSDT,-0.058960462903175984,-0.3806086590157987,8
next_close,drop3_breadth5,-0.03,5,wide_stop_2atr_horizon_12,stress,12,8.0,10.0,2025-10-10 22:00:00+00:00,XRPUSDT,-0.06106618449602881,-0.4416748435118275,8
next_close,drop3_breadth5,-0.03,5,wide_stop_2atr_horizon_12,stress,12,8.0,10.0,2025-10-11 00:15:00+00:00,ADAUSDT,0.39122787524975045,-0.05044696826207706,8
next_close,drop3_breadth5,-0.03,5,wide_stop_2atr_horizon_12,stress,12,8.0,10.0,2025-10-11 00:15:00+00:00,AVAXUSDT,0.16411579764410839,0.11366882938203132,8
next_close,drop3_breadth5,-0.03,5,wide_stop_2atr_horizon_12,stress,12,8.0,10.0,2025-10-11 00:15:00+00:00,BNBUSDT,0.12822659791494867,0.24189542729698,8
next_close,drop3_breadth5,-0.03,5,wide_stop_2atr_horizon_12,stress,12,8.0,10.0,2025-10-11 00:15:00+00:00,ETHUSDT,0.05886540648082077,0.3007608337778008,8
next_close,drop3_breadth5,-0.03,5,wide_stop_2atr_horizon_12,stress,12,8.0,10.0,2025-10-11 00:15:00+00:00,LINKUSDT,0.3340268865563689,0.6347877203341696,8
next_close,drop3_breadth5,-0.03,5,wide_stop_2atr_horizon_12,stress,12,8.0,10.0,2025-10-11 00:15:00+00:00,SOLUSDT,0.07420785295366478,0.7089955732878344,8
next_close,drop3_breadth5,-0.03,5,wide_stop_2atr_horizon_12,stress,12,8.0,10.0,2025-10-11 00:15:00+00:00,XRPUSDT,0.21766684426684463,0.9266624175546789,8
next_close,drop3_breadth5,-0.03,5,wide_stop_2atr_horizon_12,stress,12,8.0,10.0,2025-10-11 00:30:00+00:00,BNBUSDT,0.014356974616131436,0.9410193921708103,7
next_close,drop3_breadth5,-0.03,5,wide_stop_2atr_horizon_12,stress,12,8.0,10.0,2025-10-11 01:30:00+00:00,ADAUSDT,0.07222765774433865,1.013247049915149,3
next_close,drop3_breadth5,-0.03,5,wide_stop_2atr_horizon_12,stress,12,8.0,10.0,2025-10-11 01:30:00+00:00,AVAXUSDT,0.013904834231389707,1.0271518841465386,3
next_close,drop3_breadth5,-0.03,5,wide_stop_2atr_horizon_12,stress,12,8.0,10.0,2025-10-11 01:30:00+00:00,LINKUSDT,0.039854850113552096,1.0670067342600906,3
next_close,drop3_breadth5,-0.03,5,wide_stop_2atr_horizon_12,stress,12,8.0,10.0,2025-10-11 01:30:00+00:00,LTCUSDT,-0.0007606792701874796,1.066246054989903,3
next_close,drop3_breadth5,-0.03,5,wide_stop_2atr_horizon_12,stress,12,8.0,10.0,2025-10-11 03:00:00+00:00,AVAXUSDT,0.05510517900422833,1.1213512339941314,0
next_close,drop3_breadth5,-0.03,5,wide_stop_2atr_horizon_12,stress,12,8.0,10.0,2025-10-11 03:00:00+00:00,LINKUSDT,0.0031541472918462,1.1245053812859775,0
next_close,drop3_breadth5,-0.03,5,wide_stop_2atr_horizon_12,stress,12,8.0,10.0,2025-10-11 03:00:00+00:00,LTCUSDT,0.008443330902226754,1.1329487121882043,0
next_close,drop3_breadth5,-0.03,5,wide_stop_2atr_horizon_12,stress,12,8.0,10.0,2025-10-29 21:45:00+00:00,ETHUSDT,0.006373631817587367,1.1393223440057916,0
next_close,drop3_breadth5,-0.03,5,wide_stop_2atr_horizon_12,stress,12,8.0,10.0,2025-11-03 15:45:00+00:00,SOLUSDT,-0.01395406592181576,1.1253682780839758,3
next_close,drop3_breadth5,-0.03,5,wide_stop_2atr_horizon_12,stress,12,8.0,10.0,2025-11-03 18:30:00+00:00,ADAUSDT,0.013780592561800687,1.1391488706457764,0
next_close,drop3_breadth5,-0.03,5,wide_stop_2atr_horizon_12,stress,12,8.0,10.0,2025-11-03 18:30:00+00:00,AVAXUSDT,0.02387549467268118,1.1630243653184575,0
next_close,drop3_breadth5,-0.03,5,wide_stop_2atr_horizon_12,stress,12,8.0,10.0,2025-11-03 18:30:00+00:00,LINKUSDT,0.01446538258121981,1.1774897478996773,0
next_close,drop3_breadth5,-0.03,5,wide_stop_2atr_horizon_12,stress,12,8.0,10.0,2026-01-19 03:15:00+00:00,ADAUSDT,0.008329203647936368,1.1858189515476136,0
next_close,drop3_breadth5,-0.03,5,wide_stop_2atr_horizon_12,stress,12,8.0,10.0,2026-01-19 03:15:00+00:00,AVAXUSDT,0.006360507601283639,1.1921794591488972,0
next_close,drop3_breadth5,-0.03,5,wide_stop_2atr_horizon_12,stress,12,8.0,10.0,2026-01-19 03:15:00+00:00,LINKUSDT,-0.0024297461863872034,1.18974971296251,0
next_close,drop3_breadth5,-0.03,5,wide_stop_2atr_horizon_12,stress,12,8.0,10.0,2026-01-19 03:15:00+00:00,LTCUSDT,0.008073693329483201,1.1978234062919932,0
next_close,drop3_breadth5,-0.03,5,wide_stop_2atr_horizon_12,stress,12,8.0,10.0,2026-01-19 03:15:00+00:00,SOLUSDT,-0.005460501994273125,1.1923629042977202,0
next_close,drop3_breadth5,-0.03,5,wide_stop_2atr_horizon_12,stress,12,8.0,10.0,2026-01-19 03:15:00+00:00,XRPUSDT,0.008179051754104983,1.2005419560518251,0
next_close,drop3_breadth5,-0.03,5,wide_stop_2atr_horizon_12,stress,12,8.0,10.0,2026-01-30 02:00:00+00:00,LTCUSDT,-0.010479078976860467,1.1900628770749646,2
next_close,drop3_breadth5,-0.03,5,wide_stop_2atr_horizon_12,stress,12,8.0,10.0,2026-01-30 02:15:00+00:00,ADAUSDT,-0.011458909685355744,1.178603967389609,0
next_close,drop3_breadth5,-0.03,5,wide_stop_2atr_horizon_12,stress,12,8.0,10.0,2026-01-30 02:15:00+00:00,XRPUSDT,-0.010975580463492517,1.1676283869261164,0
next_close,drop3_breadth5,-0.03,5,wide_stop_2atr_horizon_12,stress,12,8.0,10.0,2026-01-31 18:30:00+00:00,ADAUSDT,-0.031194326931333567,1.1364340599947829,0
next_close,drop3_breadth5,-0.03,5,wide_stop_2atr_horizon_12,stress,12,8.0,10.0,2026-01-31 18:30:00+00:00,ETHUSDT,-0.029402301025789175,1.1070317589689938,0
next_close,drop3_breadth5,-0.03,5,wide_stop_2atr_horizon_12,stress,12,8.0,10.0,2026-01-31 18:30:00+00:00,LINKUSDT,-0.030674251948885796,1.076357507020108,0
next_close,drop3_breadth5,-0.03,5,wide_stop_2atr_horizon_12,stress,12,8.0,10.0,2026-01-31 18:30:00+00:00,LTCUSDT,-0.0316175083488674,1.0447399986712405,0
next_close,drop3_breadth5,-0.03,5,wide_stop_2atr_horizon_12,stress,12,8.0,10.0,2026-01-31 18:30:00+00:00,SOLUSDT,-0.03373225089660743,1.011007747774633,0
next_close,drop3_breadth5,-0.03,5,wide_stop_2atr_horizon_12,stress,12,8.0,10.0,2026-01-31 18:30:00+00:00,XRPUSDT,-0.028842870502252933,0.9821648772723801,0
next_close,drop3_breadth5,-0.03,5,wide_stop_2atr_horizon_12,stress,12,8.0,10.0,2026-02-05 18:15:00+00:00,AVAXUSDT,4.2265178113833025e-05,0.9822071424504939,1
next_close,drop3_breadth5,-0.03,5,wide_stop_2atr_horizon_12,stress,12,8.0,10.0,2026-02-05 18:15:00+00:00,LINKUSDT,-0.012891716879109127,0.9693154255713847,1
next_close,drop3_breadth5,-0.03,5,wide_stop_2atr_horizon_12,stress,12,8.0,10.0,2026-02-05 18:30:00+00:00,ETHUSDT,-0.024362706008179087,0.9449527195632056,0
next_close,drop3_breadth5,-0.03,5,wide_stop_2atr_horizon_12,stress,12,8.0,10.0,2026-02-05 23:30:00+00:00,AVAXUSDT,-0.021715685328463637,0.9232370342347419,0
next_close,drop3_breadth5,-0.03,5,wide_stop_2atr_horizon_12,stress,12,8.0,10.0,2026-02-05 23:30:00+00:00,SOLUSDT,-0.011516657649655215,0.9117203765850866,0
next_close,drop3_breadth5,-0.03,5,wide_stop_2atr_horizon_12,stress,12,8.0,10.0,2026-02-05 23:30:00+00:00,XRPUSDT,0.017776423793725064,0.9294968003788117,0
next_close,drop3_breadth5,-0.03,5,wide_stop_2atr_horizon_12,stress,12,8.0,10.0,2026-02-06 03:15:00+00:00,ADAUSDT,0.06488810835258857,0.9943849087314003,0
next_close,drop3_breadth5,-0.03,5,wide_stop_2atr_horizon_12,stress,12,8.0,10.0,2026-02-06 03:15:00+00:00,AVAXUSDT,0.05108355497713295,1.0454684637085332,0
next_close,drop3_breadth5,-0.03,5,wide_stop_2atr_horizon_12,stress,12,8.0,10.0,2026-02-06 03:15:00+00:00,BNBUSDT,0.05126913355073941,1.0967375972592726,0
next_close,drop3_breadth5,-0.03,5,wide_stop_2atr_horizon_12,stress,12,8.0,10.0,2026-02-06 03:15:00+00:00,BTCUSDT,0.05082222378914718,1.1475598210484197,0
next_close,drop3_breadth5,-0.03,5,wide_stop_2atr_horizon_12,stress,12,8.0,10.0,2026-02-06 03:15:00+00:00,ETHUSDT,0.058555505605568034,1.2061153266539877,0
next_close,drop3_breadth5,-0.03,5,wide_stop_2atr_horizon_12,stress,12,8.0,10.0,2026-02-06 03:15:00+00:00,LINKUSDT,0.07094543959514571,1.2770607662491333,0
next_close,drop3_breadth5,-0.03,5,wide_stop_2atr_horizon_12,stress,12,8.0,10.0,2026-02-06 03:15:00+00:00,LTCUSDT,0.05811664929733555,1.3351774155464688,0
next_close,drop3_breadth5,-0.03,5,wide_stop_2atr_horizon_12,stress,12,8.0,10.0,2026-02-06 03:15:00+00:00,SOLUSDT,0.07388400966122505,1.4090614252076938,0
next_close,drop3_breadth5,-0.03,5,wide_stop_2atr_horizon_12,stress,12,8.0,10.0,2026-02-06 03:15:00+00:00,XRPUSDT,0.09627143137819522,1.505332856585889,0
next_open,drop3_breadth5,-0.03,5,wide_stop_2atr_horizon_12,stress,12,8.0,10.0,2025-05-30 04:00:00+00:00,ADAUSDT,0.01746724185168596,0.01746724185168596,0
next_open,drop3_breadth5,-0.03,5,wide_stop_2atr_horizon_12,stress,12,8.0,10.0,2025-05-30 04:00:00+00:00,AVAXUSDT,0.010198401486426967,0.027665643338112927,0
next_open,drop3_breadth5,-0.03,5,wide_stop_2atr_horizon_12,stress,12,8.0,10.0,2025-05-30 04:00:00+00:00,LINKUSDT,0.013053866711708873,0.0407195100498218,0
next_open,drop3_breadth5,-0.03,5,wide_stop_2atr_horizon_12,stress,12,8.0,10.0,2025-05-30 04:00:00+00:00,LTCUSDT,0.011327252209405936,0.05204676225922773,0
next_open,drop3_breadth5,-0.03,5,wide_stop_2atr_horizon_12,stress,12,8.0,10.0,2025-05-30 04:00:00+00:00,XRPUSDT,0.021411097214076462,0.07345785947330419,0
next_open,drop3_breadth5,-0.03,5,wide_stop_2atr_horizon_12,stress,12,8.0,10.0,2025-06-13 00:30:00+00:00,AVAXUSDT,-0.017472380098747582,0.055985479374556606,0
next_open,drop3_breadth5,-0.03,5,wide_stop_2atr_horizon_12,stress,12,8.0,10.0,2025-06-22 16:30:00+00:00,ADAUSDT,-0.014741476237615524,0.041244003136941085,0
next_open,drop3_breadth5,-0.03,5,wide_stop_2atr_horizon_12,stress,12,8.0,10.0,2025-06-22 16:30:00+00:00,LINKUSDT,-0.010498847323354887,0.030745155813586198,0
next_open,drop3_breadth5,-0.03,5,wide_stop_2atr_horizon_12,stress,12,8.0,10.0,2025-06-22 16:30:00+00:00,SOLUSDT,0.004911910994426939,0.03565706680801314,0
next_open,drop3_breadth5,-0.03,5,wide_stop_2atr_horizon_12,stress,12,8.0,10.0,2025-10-10 21:00:00+00:00,ADAUSDT,-0.019775398897970704,0.015881667910042432,0
next_open,drop3_breadth5,-0.03,5,wide_stop_2atr_horizon_12,stress,12,8.0,10.0,2025-10-10 21:00:00+00:00,AVAXUSDT,-0.019872607059709897,-0.003990939149667465,0
next_open,drop3_breadth5,-0.03,5,wide_stop_2atr_horizon_12,stress,12,8.0,10.0,2025-10-10 21:00:00+00:00,ETHUSDT,-0.02097500148613169,-0.024965940635799155,0
next_open,drop3_breadth5,-0.03,5,wide_stop_2atr_horizon_12,stress,12,8.0,10.0,2025-10-10 21:00:00+00:00,LINKUSDT,-0.023230286946207275,-0.04819622758200643,0
next_open,drop3_breadth5,-0.03,5,wide_stop_2atr_horizon_12,stress,12,8.0,10.0,2025-10-10 21:00:00+00:00,SOLUSDT,-0.022024807566612355,-0.07022103514861879,0
next_open,drop3_breadth5,-0.03,5,wide_stop_2atr_horizon_12,stress,12,8.0,10.0,2025-10-10 21:00:00+00:00,XRPUSDT,-0.020620662540399022,-0.09084169768901781,0
next_open,drop3_breadth5,-0.03,5,wide_stop_2atr_horizon_12,stress,12,8.0,10.0,2025-10-10 21:15:00+00:00,ADAUSDT,-0.03661557265617883,-0.12745727034519666,0
next_open,drop3_breadth5,-0.03,5,wide_stop_2atr_horizon_12,stress,12,8.0,10.0,2025-10-10 21:15:00+00:00,AVAXUSDT,-0.0353355740406764,-0.16279284438587305,0
next_open,drop3_breadth5,-0.03,5,wide_stop_2atr_horizon_12,stress,12,8.0,10.0,2025-10-10 21:15:00+00:00,BNBUSDT,-0.026512291799723094,-0.18930513618559613,0
next_open,drop3_breadth5,-0.03,5,wide_stop_2atr_horizon_12,stress,12,8.0,10.0,2025-10-10 21:15:00+00:00,ETHUSDT,-0.02790029948717005,-0.21720543567276618,0
next_open,drop3_breadth5,-0.03,5,wide_stop_2atr_horizon_12,stress,12,8.0,10.0,2025-10-10 21:15:00+00:00,LINKUSDT,-0.036305985392272436,-0.2535114210650386,0
next_open,drop3_breadth5,-0.03,5,wide_stop_2atr_horizon_12,stress,12,8.0,10.0,2025-10-10 21:15:00+00:00,SOLUSDT,-0.03349977793708932,-0.2870111990021279,0
next_open,drop3_breadth5,-0.03,5,wide_stop_2atr_horizon_12,stress,12,8.0,10.0,2025-10-10 21:15:00+00:00,XRPUSDT,-0.039433672213882345,-0.32644487121601024,0
next_open,drop3_breadth5,-0.03,5,wide_stop_2atr_horizon_12,stress,12,8.0,10.0,2025-10-11 00:30:00+00:00,ADAUSDT,0.389193411405258,0.06274854018924775,7
next_open,drop3_breadth5,-0.03,5,wide_stop_2atr_horizon_12,stress,12,8.0,10.0,2025-10-11 00:30:00+00:00,AVAXUSDT,0.1563318457844845,0.21908038597373225,7
next_open,drop3_breadth5,-0.03,5,wide_stop_2atr_horizon_12,stress,12,8.0,10.0,2025-10-11 00:30:00+00:00,BNBUSDT,0.13147275966732602,0.3505531456410583,7
next_open,drop3_breadth5,-0.03,5,wide_stop_2atr_horizon_12,stress,12,8.0,10.0,2025-10-11 00:30:00+00:00,LINKUSDT,0.341439566456899,0.6919927120979572,7
next_open,drop3_breadth5,-0.03,5,wide_stop_2atr_horizon_12,stress,12,8.0,10.0,2025-10-11 00:30:00+00:00,SOLUSDT,0.08309503609110674,0.7750877481890639,7
next_open,drop3_breadth5,-0.03,5,wide_stop_2atr_horizon_12,stress,12,8.0,10.0,2025-10-11 00:30:00+00:00,XRPUSDT,0.21239018698262485,0.9874779351716887,7
next_open,drop3_breadth5,-0.03,5,wide_stop_2atr_horizon_12,stress,12,8.0,10.0,2025-10-11 01:30:00+00:00,ADAUSDT,0.08128715416814597,1.0687650893398346,3
next_open,drop3_breadth5,-0.03,5,wide_stop_2atr_horizon_12,stress,12,8.0,10.0,2025-10-11 01:30:00+00:00,AVAXUSDT,0.02840631150645994,1.0971714008462945,3
next_open,drop3_breadth5,-0.03,5,wide_stop_2atr_horizon_12,stress,12,8.0,10.0,2025-10-11 01:30:00+00:00,LINKUSDT,0.06165959485343335,1.1588309956997278,3
next_open,drop3_breadth5,-0.03,5,wide_stop_2atr_horizon_12,stress,12,8.0,10.0,2025-10-11 01:30:00+00:00,LTCUSDT,0.03742175655564366,1.1962527522553714,3
next_open,drop3_breadth5,-0.03,5,wide_stop_2atr_horizon_12,stress,12,8.0,10.0,2025-10-11 03:00:00+00:00,AVAXUSDT,0.06602441458992186,1.2622771668452932,0
next_open,drop3_breadth5,-0.03,5,wide_stop_2atr_horizon_12,stress,12,8.0,10.0,2025-10-11 03:00:00+00:00,LINKUSDT,0.012574262568267037,1.2748514294135602,0
next_open,drop3_breadth5,-0.03,5,wide_stop_2atr_horizon_12,stress,12,8.0,10.0,2025-10-11 03:00:00+00:00,LTCUSDT,0.01898309497094513,1.2938345243845053,0
next_open,drop3_breadth5,-0.03,5,wide_stop_2atr_horizon_12,stress,12,8.0,10.0,2025-10-29 21:45:00+00:00,ETHUSDT,0.020523048392832526,1.3143575727773378,0
next_open,drop3_breadth5,-0.03,5,wide_stop_2atr_horizon_12,stress,12,8.0,10.0,2025-11-03 15:30:00+00:00,ADAUSDT,-0.01640977603412892,1.297947796743209,0
next_open,drop3_breadth5,-0.03,5,wide_stop_2atr_horizon_12,stress,12,8.0,10.0,2025-11-03 15:30:00+00:00,AVAXUSDT,-0.019198233562841067,1.2787495631803678,0
next_open,drop3_breadth5,-0.03,5,wide_stop_2atr_horizon_12,stress,12,8.0,10.0,2025-11-03 15:30:00+00:00,LINKUSDT,-0.018636088463143526,1.2601134747172242,0
next_open,drop3_breadth5,-0.03,5,wide_stop_2atr_horizon_12,stress,12,8.0,10.0,2025-11-03 15:30:00+00:00,SOLUSDT,-0.013953389158036743,1.2461600855591874,0
next_open,drop3_breadth5,-0.03,5,wide_stop_2atr_horizon_12,stress,12,8.0,10.0,2026-01-19 03:15:00+00:00,ADAUSDT,0.007768131868132012,1.2539282174273194,0
next_open,drop3_breadth5,-0.03,5,wide_stop_2atr_horizon_12,stress,12,8.0,10.0,2026-01-19 03:15:00+00:00,AVAXUSDT,0.00668246256658005,1.2606106799938994,0
next_open,drop3_breadth5,-0.03,5,wide_stop_2atr_horizon_12,stress,12,8.0,10.0,2026-01-19 03:15:00+00:00,LINKUSDT,-0.0017274789248235653,1.2588832010690758,0
next_open,drop3_breadth5,-0.03,5,wide_stop_2atr_horizon_12,stress,12,8.0,10.0,2026-01-19 03:15:00+00:00,LTCUSDT,0.008073693329483201,1.266956894398559,0
next_open,drop3_breadth5,-0.03,5,wide_stop_2atr_horizon_12,stress,12,8.0,10.0,2026-01-19 03:15:00+00:00,SOLUSDT,0.0007499373007374036,1.2677068316992963,0
next_open,drop3_breadth5,-0.03,5,wide_stop_2atr_horizon_12,stress,12,8.0,10.0,2026-01-19 03:15:00+00:00,XRPUSDT,0.011482410371848762,1.279189242071145,0
next_open,drop3_breadth5,-0.03,5,wide_stop_2atr_horizon_12,stress,12,8.0,10.0,2026-01-30 02:15:00+00:00,ADAUSDT,-0.011557616199955944,1.267631625871189,0
next_open,drop3_breadth5,-0.03,5,wide_stop_2atr_horizon_12,stress,12,8.0,10.0,2026-01-30 02:15:00+00:00,LTCUSDT,-0.010546547347361334,1.2570850785238277,0
next_open,drop3_breadth5,-0.03,5,wide_stop_2atr_horizon_12,stress,12,8.0,10.0,2026-01-30 02:15:00+00:00,XRPUSDT,-0.011029858182846474,1.2460552203409812,0
next_open,drop3_breadth5,-0.03,5,wide_stop_2atr_horizon_12,stress,12,8.0,10.0,2026-01-31 18:30:00+00:00,ADAUSDT,-0.03137594227528679,1.2146792780656943,0
next_open,drop3_breadth5,-0.03,5,wide_stop_2atr_horizon_12,stress,12,8.0,10.0,2026-01-31 18:30:00+00:00,ETHUSDT,-0.029547912422772722,1.1851313656429217,0
next_open,drop3_breadth5,-0.03,5,wide_stop_2atr_horizon_12,stress,12,8.0,10.0,2026-01-31 18:30:00+00:00,LINKUSDT,-0.030840994927012817,1.154290370715909,0
next_open,drop3_breadth5,-0.03,5,wide_stop_2atr_horizon_12,stress,12,8.0,10.0,2026-01-31 18:30:00+00:00,LTCUSDT,-0.031757375836174724,1.1225329948797342,0
next_open,drop3_breadth5,-0.03,5,wide_stop_2atr_horizon_12,stress,12,8.0,10.0,2026-01-31 18:30:00+00:00,SOLUSDT,-0.0340806558064078,1.0884523390733265,0
next_open,drop3_breadth5,-0.03,5,wide_stop_2atr_horizon_12,stress,12,8.0,10.0,2026-01-31 18:30:00+00:00,XRPUSDT,-0.028963937118269008,1.0594884019550574,0
next_open,drop3_breadth5,-0.03,5,wide_stop_2atr_horizon_12,stress,12,8.0,10.0,2026-02-05 15:15:00+00:00,LINKUSDT,-0.027708850961095384,1.031779550993962,1
next_open,drop3_breadth5,-0.03,5,wide_stop_2atr_horizon_12,stress,12,8.0,10.0,2026-02-05 18:15:00+00:00,AVAXUSDT,-0.014028906225264825,1.0177506447686973,1
next_open,drop3_breadth5,-0.03,5,wide_stop_2atr_horizon_12,stress,12,8.0,10.0,2026-02-05 18:30:00+00:00,ETHUSDT,-0.008505361719026116,1.0092452830496712,0
next_open,drop3_breadth5,-0.03,5,wide_stop_2atr_horizon_12,stress,12,8.0,10.0,2026-02-05 23:30:00+00:00,AVAXUSDT,-0.01097210804926203,0.9982731750004091,0
next_open,drop3_breadth5,-0.03,5,wide_stop_2atr_horizon_12,stress,12,8.0,10.0,2026-02-05 23:30:00+00:00,SOLUSDT,-0.0018210685156125435,0.9964521064847965,0
next_open,drop3_breadth5,-0.03,5,wide_stop_2atr_horizon_12,stress,12,8.0,10.0,2026-02-05 23:30:00+00:00,XRPUSDT,0.051884903476257446,1.048337009961054,0
next_open,drop3_breadth5,-0.03,5,wide_stop_2atr_horizon_12,stress,12,8.0,10.0,2026-02-06 00:15:00+00:00,SOLUSDT,-0.053757853682347936,0.9945791562787061,8
next_open,drop3_breadth5,-0.03,5,wide_stop_2atr_horizon_12,stress,12,8.0,10.0,2026-02-06 03:15:00+00:00,ADAUSDT,0.07652083204753374,1.0710999883262398,0
next_open,drop3_breadth5,-0.03,5,wide_stop_2atr_horizon_12,stress,12,8.0,10.0,2026-02-06 03:15:00+00:00,AVAXUSDT,0.06206171487840089,1.1331617032046406,0
next_open,drop3_breadth5,-0.03,5,wide_stop_2atr_horizon_12,stress,12,8.0,10.0,2026-02-06 03:15:00+00:00,BNBUSDT,0.06227643462765369,1.1954381378322942,0
next_open,drop3_breadth5,-0.03,5,wide_stop_2atr_horizon_12,stress,12,8.0,10.0,2026-02-06 03:15:00+00:00,BTCUSDT,0.07035189579526807,1.2657900336275623,0
next_open,drop3_breadth5,-0.03,5,wide_stop_2atr_horizon_12,stress,12,8.0,10.0,2026-02-06 03:15:00+00:00,ETHUSDT,0.06994702048355222,1.3357370541111144,0
next_open,drop3_breadth5,-0.03,5,wide_stop_2atr_horizon_12,stress,12,8.0,10.0,2026-02-06 03:15:00+00:00,LINKUSDT,0.08370693211601804,1.4194439862271324,0
next_open,drop3_breadth5,-0.03,5,wide_stop_2atr_horizon_12,stress,12,8.0,10.0,2026-02-06 03:15:00+00:00,LTCUSDT,0.06580230759002098,1.4852462938171533,0
next_open,drop3_breadth5,-0.03,5,wide_stop_2atr_horizon_12,stress,12,8.0,10.0,2026-02-06 03:15:00+00:00,XRPUSDT,0.10461698092209232,1.5898632747392456,0
next_close,drop4_breadth4,-0.04,4,pure_horizon_12,base,12,4.0,5.0,2025-05-30 04:00:00+00:00,ADAUSDT,0.0018915631284829543,0.0018915631284829543,0
next_close,drop4_breadth4,-0.04,4,pure_horizon_12,base,12,4.0,5.0,2025-05-30 04:00:00+00:00,LINKUSDT,0.002660629737332965,0.004552192865815919,0
next_close,drop4_breadth4,-0.04,4,pure_horizon_12,base,12,4.0,5.0,2025-10-11 00:00:00+00:00,ADAUSDT,-0.0036421079961094,0.0009100848697065188,17
next_close,drop4_breadth4,-0.04,4,pure_horizon_12,base,12,4.0,5.0,2025-10-11 00:00:00+00:00,AVAXUSDT,-0.09807147100290267,-0.09716138613319615,17
next_close,drop4_breadth4,-0.04,4,pure_horizon_12,base,12,4.0,5.0,2025-10-11 00:00:00+00:00,LINKUSDT,-0.030560122722912843,-0.127721508856109,17
next_close,drop4_breadth4,-0.04,4,pure_horizon_12,base,12,4.0,5.0,2025-10-11 00:00:00+00:00,SOLUSDT,0.01740789756342389,-0.1103136112926851,17
next_close,drop4_breadth4,-0.04,4,pure_horizon_12,base,12,4.0,5.0,2025-10-11 00:00:00+00:00,XRPUSDT,0.03022226344358727,-0.08009134784909783,17
next_close,drop4_breadth4,-0.04,4,pure_horizon_12,base,12,4.0,5.0,2025-10-11 00:15:00+00:00,ADAUSDT,0.3934214005844302,0.3133300527353324,11
next_close,drop4_breadth4,-0.04,4,pure_horizon_12,base,12,4.0,5.0,2025-10-11 00:15:00+00:00,AVAXUSDT,0.1660820971746676,0.47941214991,11
next_close,drop4_breadth4,-0.04,4,pure_horizon_12,base,12,4.0,5.0,2025-10-11 00:15:00+00:00,BNBUSDT,0.13015699027423933,0.6095691401842394,11
next_close,drop4_breadth4,-0.04,4,pure_horizon_12,base,12,4.0,5.0,2025-10-11 00:15:00+00:00,LINKUSDT,0.3361631822589245,0.9457323224431639,11
next_close,drop4_breadth4,-0.04,4,pure_horizon_12,base,12,4.0,5.0,2025-10-11 00:15:00+00:00,SOLUSDT,0.07608419951807402,1.0218165219612378,11
next_close,drop4_breadth4,-0.04,4,pure_horizon_12,base,12,4.0,5.0,2025-10-11 00:15:00+00:00,XRPUSDT,0.21968672165974634,1.241503243620984,11
next_close,drop4_breadth4,-0.04,4,pure_horizon_12,base,12,4.0,5.0,2025-10-11 00:30:00+00:00,ADAUSDT,0.07382405123012106,1.3153272948511052,5
next_close,drop4_breadth4,-0.04,4,pure_horizon_12,base,12,4.0,5.0,2025-10-11 00:30:00+00:00,AVAXUSDT,-0.05849503609934456,1.2568322587517606,5
next_close,drop4_breadth4,-0.04,4,pure_horizon_12,base,12,4.0,5.0,2025-10-11 00:30:00+00:00,BNBUSDT,0.01617344033183845,1.2730056990835992,5
next_close,drop4_breadth4,-0.04,4,pure_horizon_12,base,12,4.0,5.0,2025-10-11 00:30:00+00:00,LINKUSDT,0.07550045230798288,1.3485061513915821,5
next_close,drop4_breadth4,-0.04,4,pure_horizon_12,base,12,4.0,5.0,2025-10-11 00:30:00+00:00,SOLUSDT,-0.028274324382603556,1.3202318270089786,5
next_close,drop4_breadth4,-0.04,4,pure_horizon_12,base,12,4.0,5.0,2025-10-11 00:30:00+00:00,XRPUSDT,0.03205233776797925,1.352284164776958,5
next_close,drop4_breadth4,-0.04,4,pure_horizon_12,base,12,4.0,5.0,2025-10-11 01:30:00+00:00,ADAUSDT,0.07410202312195438,1.4263861878989124,2
next_close,drop4_breadth4,-0.04,4,pure_horizon_12,base,12,4.0,5.0,2025-10-11 01:30:00+00:00,AVAXUSDT,0.015720847580302254,1.4421070354792147,2
next_close,drop4_breadth4,-0.04,4,pure_horizon_12,base,12,4.0,5.0,2025-10-11 01:30:00+00:00,LTCUSDT,0.0010406612214583174,1.443147696700673,2
next_close,drop4_breadth4,-0.04,4,pure_horizon_12,base,12,4.0,5.0,2025-10-11 03:00:00+00:00,AVAXUSDT,0.056962413329012,1.5001101100296852,0
next_close,drop4_breadth4,-0.04,4,pure_horizon_12,base,12,4.0,5.0,2025-10-11 03:00:00+00:00,LTCUSDT,0.010253880012958929,1.5103639900426442,0
next_close,drop4_breadth4,-0.04,4,pure_horizon_12,base,12,4.0,5.0,2025-11-03 18:30:00+00:00,LINKUSDT,0.016281956759177117,1.5266459468018214,0
next_close,drop4_breadth4,-0.04,4,pure_horizon_12,base,12,4.0,5.0,2025-11-03 18:30:00+00:00,SOLUSDT,0.0009993208927249427,1.5276452676945464,0
next_close,drop4_breadth4,-0.04,4,pure_horizon_12,base,12,4.0,5.0,2026-01-19 03:15:00+00:00,ADAUSDT,0.010139638574264833,1.5377849062688114,0
next_close,drop4_breadth4,-0.04,4,pure_horizon_12,base,12,4.0,5.0,2026-01-19 03:15:00+00:00,LTCUSDT,0.009883872617546221,1.5476687788863577,0
next_close,drop4_breadth4,-0.04,4,pure_horizon_12,base,12,4.0,5.0,2026-02-06 03:15:00+00:00,ADAUSDT,0.06675513050552842,1.6144239093918862,0
next_close,drop4_breadth4,-0.04,4,pure_horizon_12,base,12,4.0,5.0,2026-02-06 03:15:00+00:00,AVAXUSDT,0.052936765664059054,1.6673606750559453,0
next_close,drop4_breadth4,-0.04,4,pure_horizon_12,base,12,4.0,5.0,2026-02-06 03:15:00+00:00,BNBUSDT,0.053122529909167465,1.7204832049651129,0
next_close,drop4_breadth4,-0.04,4,pure_horizon_12,base,12,4.0,5.0,2026-02-06 03:15:00+00:00,BTCUSDT,0.052675173014023496,1.7731583779791364,0
next_close,drop4_breadth4,-0.04,4,pure_horizon_12,base,12,4.0,5.0,2026-02-06 03:15:00+00:00,LINKUSDT,0.0728185221125405,1.845976900091677,0
next_close,drop4_breadth4,-0.04,4,pure_horizon_12,base,12,4.0,5.0,2026-02-06 03:15:00+00:00,LTCUSDT,0.059976896600408086,1.9059537966920852,0
next_close,drop4_breadth4,-0.04,4,pure_horizon_12,base,12,4.0,5.0,2026-02-06 03:15:00+00:00,SOLUSDT,0.07576003222017694,1.9817138289122622,0
next_close,drop4_breadth4,-0.04,4,pure_horizon_12,base,12,4.0,5.0,2026-02-06 03:15:00+00:00,XRPUSDT,0.0981698525693794,2.0798836814816415,0
next_open,drop4_breadth4,-0.04,4,pure_horizon_12,base,12,4.0,5.0,2025-05-30 04:00:00+00:00,ADAUSDT,0.019286819392096886,0.019286819392096886,0
next_open,drop4_breadth4,-0.04,4,pure_horizon_12,base,12,4.0,5.0,2025-05-30 04:00:00+00:00,LINKUSDT,0.01486902866697917,0.03415584805907605,0
next_open,drop4_breadth4,-0.04,4,pure_horizon_12,base,12,4.0,5.0,2025-10-11 00:00:00+00:00,ADAUSDT,-0.09623931324911991,-0.06208346519004386,17
next_open,drop4_breadth4,-0.04,4,pure_horizon_12,base,12,4.0,5.0,2025-10-11 00:00:00+00:00,AVAXUSDT,-0.16865919495255965,-0.23074266014260353,17
next_open,drop4_breadth4,-0.04,4,pure_horizon_12,base,12,4.0,5.0,2025-10-11 00:00:00+00:00,LINKUSDT,-0.10833635629043023,-0.33907901643303373,17
next_open,drop4_breadth4,-0.04,4,pure_horizon_12,base,12,4.0,5.0,2025-10-11 00:00:00+00:00,SOLUSDT,-0.04305870300816059,-0.38213771944119435,17
next_open,drop4_breadth4,-0.04,4,pure_horizon_12,base,12,4.0,5.0,2025-10-11 00:00:00+00:00,XRPUSDT,-0.05494932051621723,-0.4370870399574116,17
next_open,drop4_breadth4,-0.04,4,pure_horizon_12,base,12,4.0,5.0,2025-10-11 00:15:00+00:00,ADAUSDT,-0.013163994789691855,-0.4502510347471035,11
next_open,drop4_breadth4,-0.04,4,pure_horizon_12,base,12,4.0,5.0,2025-10-11 00:15:00+00:00,AVAXUSDT,-0.0855407778235143,-0.5357918125706178,11
next_open,drop4_breadth4,-0.04,4,pure_horizon_12,base,12,4.0,5.0,2025-10-11 00:15:00+00:00,BNBUSDT,-0.002274664044638918,-0.5380664766152568,11
next_open,drop4_breadth4,-0.04,4,pure_horizon_12,base,12,4.0,5.0,2025-10-11 00:15:00+00:00,LINKUSDT,-0.0317250163337037,-0.5697914929489605,11
next_open,drop4_breadth4,-0.04,4,pure_horizon_12,base,12,4.0,5.0,2025-10-11 00:15:00+00:00,SOLUSDT,0.011526980817217283,-0.5582645121317432,11
next_open,drop4_breadth4,-0.04,4,pure_horizon_12,base,12,4.0,5.0,2025-10-11 00:15:00+00:00,XRPUSDT,0.035326550026877485,-0.5229379621048658,11
next_open,drop4_breadth4,-0.04,4,pure_horizon_12,base,12,4.0,5.0,2025-10-11 00:30:00+00:00,ADAUSDT,0.39138490125733416,-0.1315530608475316,5
next_open,drop4_breadth4,-0.04,4,pure_horizon_12,base,12,4.0,5.0,2025-10-11 00:30:00+00:00,AVAXUSDT,0.15829035746536546,0.02673729661783386,5
next_open,drop4_breadth4,-0.04,4,pure_horizon_12,base,12,4.0,5.0,2025-10-11 00:30:00+00:00,BNBUSDT,0.13340639981388647,0.16014369643172033,5
next_open,drop4_breadth4,-0.04,4,pure_horizon_12,base,12,4.0,5.0,2025-10-11 00:30:00+00:00,LINKUSDT,0.34358327855125903,0.5037269749829794,5
next_open,drop4_breadth4,-0.04,4,pure_horizon_12,base,12,4.0,5.0,2025-10-11 00:30:00+00:00,SOLUSDT,0.08498027428891555,0.5887072492718949,5
next_open,drop4_breadth4,-0.04,4,pure_horizon_12,base,12,4.0,5.0,2025-10-11 00:30:00+00:00,XRPUSDT,0.21440478507595329,0.8031120343478482,5
next_open,drop4_breadth4,-0.04,4,pure_horizon_12,base,12,4.0,5.0,2025-10-11 01:30:00+00:00,ADAUSDT,0.08317058357873411,0.8862826179265823,2
next_open,drop4_breadth4,-0.04,4,pure_horizon_12,base,12,4.0,5.0,2025-10-11 01:30:00+00:00,AVAXUSDT,0.03023683359427145,0.9165194515208537,2
next_open,drop4_breadth4,-0.04,4,pure_horizon_12,base,12,4.0,5.0,2025-10-11 01:30:00+00:00,LTCUSDT,0.039261298602994016,0.9557807501238477,2
next_open,drop4_breadth4,-0.04,4,pure_horizon_12,base,12,4.0,5.0,2025-10-11 03:00:00+00:00,AVAXUSDT,0.06789257361810544,1.023673323741953,0
next_open,drop4_breadth4,-0.04,4,pure_horizon_12,base,12,4.0,5.0,2025-10-11 03:00:00+00:00,LTCUSDT,0.02080418912353945,1.0444775128654926,0
next_open,drop4_breadth4,-0.04,4,pure_horizon_12,base,12,4.0,5.0,2025-11-03 18:30:00+00:00,LINKUSDT,0.002920085336570866,1.0473975982020636,0
next_open,drop4_breadth4,-0.04,4,pure_horizon_12,base,12,4.0,5.0,2025-11-03 18:30:00+00:00,SOLUSDT,0.0009396082312899353,1.0483372064333536,0
next_open,drop4_breadth4,-0.04,4,pure_horizon_12,base,12,4.0,5.0,2026-01-19 03:15:00+00:00,ADAUSDT,0.009578005441723738,1.0579152118750774,0
next_open,drop4_breadth4,-0.04,4,pure_horizon_12,base,12,4.0,5.0,2026-01-19 03:15:00+00:00,LTCUSDT,0.009883872617546221,1.0677990844926237,0
next_open,drop4_breadth4,-0.04,4,pure_horizon_12,base,12,4.0,5.0,2026-02-06 03:15:00+00:00,ADAUSDT,0.07839949274926253,1.1461985772418863,0
next_open,drop4_breadth4,-0.04,4,pure_horizon_12,base,12,4.0,5.0,2026-02-06 03:15:00+00:00,AVAXUSDT,0.06392590922254851,1.210124486464435,0
next_open,drop4_breadth4,-0.04,4,pure_horizon_12,base,12,4.0,5.0,2026-02-06 03:15:00+00:00,BNBUSDT,0.0641408437990715,1.2742653302635065,0
next_open,drop4_breadth4,-0.04,4,pure_horizon_12,base,12,4.0,5.0,2026-02-06 03:15:00+00:00,BTCUSDT,0.07222438447164584,1.3464897147351524,0
next_open,drop4_breadth4,-0.04,4,pure_horizon_12,base,12,4.0,5.0,2026-02-06 03:15:00+00:00,LINKUSDT,0.08559278251625937,1.432082497251412,0
next_open,drop4_breadth4,-0.04,4,pure_horizon_12,base,12,4.0,5.0,2026-02-06 03:15:00+00:00,LTCUSDT,0.06767024439998429,1.4997527416513963,0
next_open,drop4_breadth4,-0.04,4,pure_horizon_12,base,12,4.0,5.0,2026-02-06 03:15:00+00:00,SOLUSDT,0.057599036101418616,1.557351777752815,0
next_open,drop4_breadth4,-0.04,4,pure_horizon_12,base,12,4.0,5.0,2026-02-06 03:15:00+00:00,XRPUSDT,0.10652375184185994,1.663875529594675,0
next_close,drop4_breadth4,-0.04,4,pure_horizon_12,stress,12,8.0,10.0,2025-05-30 04:00:00+00:00,ADAUSDT,8.937215974307434e-05,8.937215974307434e-05,0
next_close,drop4_breadth4,-0.04,4,pure_horizon_12,stress,12,8.0,10.0,2025-05-30 04:00:00+00:00,LINKUSDT,0.0008576700859415546,0.0009470422456846289,0
next_close,drop4_breadth4,-0.04,4,pure_horizon_12,stress,12,8.0,10.0,2025-10-11 00:00:00+00:00,ADAUSDT,-0.005438768056413256,-0.004491725810728627,17
next_close,drop4_breadth4,-0.04,4,pure_horizon_12,stress,12,8.0,10.0,2025-10-11 00:00:00+00:00,AVAXUSDT,-0.099773748844118,-0.10426547465484662,17
next_close,drop4_breadth4,-0.04,4,pure_horizon_12,stress,12,8.0,10.0,2025-10-11 00:00:00+00:00,LINKUSDT,-0.03232987820732543,-0.13659535286217206,17
next_close,drop4_breadth4,-0.04,4,pure_horizon_12,stress,12,8.0,10.0,2025-10-11 00:00:00+00:00,SOLUSDT,0.015590198006789227,-0.12100515485538284,17
next_close,drop4_breadth4,-0.04,4,pure_horizon_12,stress,12,8.0,10.0,2025-10-11 00:00:00+00:00,XRPUSDT,0.028391755918652666,-0.09261339893673018,17
next_close,drop4_breadth4,-0.04,4,pure_horizon_12,stress,12,8.0,10.0,2025-10-11 00:15:00+00:00,ADAUSDT,0.39122787524975045,0.2986144763130203,11
next_close,drop4_breadth4,-0.04,4,pure_horizon_12,stress,12,8.0,10.0,2025-10-11 00:15:00+00:00,AVAXUSDT,0.16411579764410839,0.4627302739571287,11
next_close,drop4_breadth4,-0.04,4,pure_horizon_12,stress,12,8.0,10.0,2025-10-11 00:15:00+00:00,BNBUSDT,0.12822659791494867,0.5909568718720773,11
next_close,drop4_breadth4,-0.04,4,pure_horizon_12,stress,12,8.0,10.0,2025-10-11 00:15:00+00:00,LINKUSDT,0.3340268865563689,0.9249837584284463,11
next_close,drop4_breadth4,-0.04,4,pure_horizon_12,stress,12,8.0,10.0,2025-10-11 00:15:00+00:00,SOLUSDT,0.07420785295366478,0.9991916113821111,11
next_close,drop4_breadth4,-0.04,4,pure_horizon_12,stress,12,8.0,10.0,2025-10-11 00:15:00+00:00,XRPUSDT,0.21766684426684463,1.2168584556489557,11
next_close,drop4_breadth4,-0.04,4,pure_horizon_12,stress,12,8.0,10.0,2025-10-11 00:30:00+00:00,ADAUSDT,0.07194996368561962,1.2888084193345752,5
next_close,drop4_breadth4,-0.04,4,pure_horizon_12,stress,12,8.0,10.0,2025-10-11 00:30:00+00:00,AVAXUSDT,-0.060236870616903596,1.2285715487176716,5
next_close,drop4_breadth4,-0.04,4,pure_horizon_12,stress,12,8.0,10.0,2025-10-11 00:30:00+00:00,BNBUSDT,0.014356974616131436,1.242928523333803,5
next_close,drop4_breadth4,-0.04,4,pure_horizon_12,stress,12,8.0,10.0,2025-10-11 00:30:00+00:00,LINKUSDT,0.073624689199348,1.316553212533151,5
next_close,drop4_breadth4,-0.04,4,pure_horizon_12,stress,12,8.0,10.0,2025-10-11 00:30:00+00:00,SOLUSDT,-0.03004636452417015,1.2865068480089807,5
next_close,drop4_breadth4,-0.04,4,pure_horizon_12,stress,12,8.0,10.0,2025-10-11 00:30:00+00:00,XRPUSDT,0.0302200010823857,1.3167268490913664,5
next_close,drop4_breadth4,-0.04,4,pure_horizon_12,stress,12,8.0,10.0,2025-10-11 01:30:00+00:00,ADAUSDT,0.07222765774433865,1.388954506835705,2
next_close,drop4_breadth4,-0.04,4,pure_horizon_12,stress,12,8.0,10.0,2025-10-11 01:30:00+00:00,AVAXUSDT,0.013904834231389707,1.4028593410670946,2
next_close,drop4_breadth4,-0.04,4,pure_horizon_12,stress,12,8.0,10.0,2025-10-11 01:30:00+00:00,LTCUSDT,-0.0007606792701874796,1.4020986617969071,2
next_close,drop4_breadth4,-0.04,4,pure_horizon_12,stress,12,8.0,10.0,2025-10-11 03:00:00+00:00,AVAXUSDT,0.05510517900422833,1.4572038408011354,0
next_close,drop4_breadth4,-0.04,4,pure_horizon_12,stress,12,8.0,10.0,2025-10-11 03:00:00+00:00,LTCUSDT,0.008443330902226754,1.4656471717033621,0
next_close,drop4_breadth4,-0.04,4,pure_horizon_12,stress,12,8.0,10.0,2025-11-03 18:30:00+00:00,LINKUSDT,0.01446538258121981,1.4801125542845819,0
next_close,drop4_breadth4,-0.04,4,pure_horizon_12,stress,12,8.0,10.0,2025-11-03 18:30:00+00:00,SOLUSDT,-0.0008019782792314065,1.4793105760053504,0
next_close,drop4_breadth4,-0.04,4,pure_horizon_12,stress,12,8.0,10.0,2026-01-19 03:15:00+00:00,ADAUSDT,0.008329203647936368,1.4876397796532868,0
next_close,drop4_breadth4,-0.04,4,pure_horizon_12,stress,12,8.0,10.0,2026-01-19 03:15:00+00:00,LTCUSDT,0.008073693329483201,1.49571347298277,0
next_close,drop4_breadth4,-0.04,4,pure_horizon_12,stress,12,8.0,10.0,2026-02-06 03:15:00+00:00,ADAUSDT,0.06488810835258857,1.5606015813353584,0
next_close,drop4_breadth4,-0.04,4,pure_horizon_12,stress,12,8.0,10.0,2026-02-06 03:15:00+00:00,AVAXUSDT,0.05108355497713295,1.6116851363124913,0
next_close,drop4_breadth4,-0.04,4,pure_horizon_12,stress,12,8.0,10.0,2026-02-06 03:15:00+00:00,BNBUSDT,0.05126913355073941,1.6629542698632307,0
next_close,drop4_breadth4,-0.04,4,pure_horizon_12,stress,12,8.0,10.0,2026-02-06 03:15:00+00:00,BTCUSDT,0.05082222378914718,1.7137764936523778,0
next_close,drop4_breadth4,-0.04,4,pure_horizon_12,stress,12,8.0,10.0,2026-02-06 03:15:00+00:00,LINKUSDT,0.07094543959514571,1.7847219332475235,0
next_close,drop4_breadth4,-0.04,4,pure_horizon_12,stress,12,8.0,10.0,2026-02-06 03:15:00+00:00,LTCUSDT,0.05811664929733555,1.842838582544859,0
next_close,drop4_breadth4,-0.04,4,pure_horizon_12,stress,12,8.0,10.0,2026-02-06 03:15:00+00:00,SOLUSDT,0.07388400966122505,1.916722592206084,0
next_close,drop4_breadth4,-0.04,4,pure_horizon_12,stress,12,8.0,10.0,2026-02-06 03:15:00+00:00,XRPUSDT,0.09627143137819522,2.0129940235842794,0
next_open,drop4_breadth4,-0.04,4,pure_horizon_12,stress,12,8.0,10.0,2025-05-30 04:00:00+00:00,ADAUSDT,0.01746724185168596,0.01746724185168596,0
next_open,drop4_breadth4,-0.04,4,pure_horizon_12,stress,12,8.0,10.0,2025-05-30 04:00:00+00:00,LINKUSDT,0.013053866711708873,0.030521108563394832,0
next_open,drop4_breadth4,-0.04,4,pure_horizon_12,stress,12,8.0,10.0,2025-10-11 00:00:00+00:00,ADAUSDT,-0.09794342233338321,-0.06742231376998838,17
next_open,drop4_breadth4,-0.04,4,pure_horizon_12,stress,12,8.0,10.0,2025-10-11 00:00:00+00:00,AVAXUSDT,-0.17029092031079057,-0.23771323408077893,17
next_open,drop4_breadth4,-0.04,4,pure_horizon_12,stress,12,8.0,10.0,2025-10-11 00:00:00+00:00,LINKUSDT,-0.11002837437110863,-0.34774160845188756,17
next_open,drop4_breadth4,-0.04,4,pure_horizon_12,stress,12,8.0,10.0,2025-10-11 00:00:00+00:00,SOLUSDT,-0.04481596615221191,-0.39255757460409946,17
next_open,drop4_breadth4,-0.04,4,pure_horizon_12,stress,12,8.0,10.0,2025-10-11 00:00:00+00:00,XRPUSDT,-0.056694698979158534,-0.449252273583258,17
next_open,drop4_breadth4,-0.04,4,pure_horizon_12,stress,12,8.0,10.0,2025-10-11 00:15:00+00:00,ADAUSDT,-0.01495113771700991,-0.4642034113002679,11
next_open,drop4_breadth4,-0.04,4,pure_horizon_12,stress,12,8.0,10.0,2025-10-11 00:15:00+00:00,AVAXUSDT,-0.08725558010195261,-0.5514589914022205,11
next_open,drop4_breadth4,-0.04,4,pure_horizon_12,stress,12,8.0,10.0,2025-10-11 00:15:00+00:00,BNBUSDT,-0.004072690866196947,-0.5555316822684175,11
next_open,drop4_breadth4,-0.04,4,pure_horizon_12,stress,12,8.0,10.0,2025-10-11 00:15:00+00:00,LINKUSDT,-0.03349360750607962,-0.5890252897744972,11
next_open,drop4_breadth4,-0.04,4,pure_horizon_12,stress,12,8.0,10.0,2025-10-11 00:15:00+00:00,SOLUSDT,0.009715159241277239,-0.57931013053322,11
next_open,drop4_breadth4,-0.04,4,pure_horizon_12,stress,12,8.0,10.0,2025-10-11 00:15:00+00:00,XRPUSDT,0.03349094076367791,-0.5458191897695421,11
next_open,drop4_breadth4,-0.04,4,pure_horizon_12,stress,12,8.0,10.0,2025-10-11 00:30:00+00:00,ADAUSDT,0.389193411405258,-0.15662577836428415,5
next_open,drop4_breadth4,-0.04,4,pure_horizon_12,stress,12,8.0,10.0,2025-10-11 00:30:00+00:00,AVAXUSDT,0.1563318457844845,-0.0002939325797996495,5
next_open,drop4_breadth4,-0.04,4,pure_horizon_12,stress,12,8.0,10.0,2025-10-11 00:30:00+00:00,BNBUSDT,0.13147275966732602,0.13117882708752637,5
next_open,drop4_breadth4,-0.04,4,pure_horizon_12,stress,12,8.0,10.0,2025-10-11 00:30:00+00:00,LINKUSDT,0.341439566456899,0.47261839354442536,5
next_open,drop4_breadth4,-0.04,4,pure_horizon_12,stress,12,8.0,10.0,2025-10-11 00:30:00+00:00,SOLUSDT,0.08309503609110674,0.5557134296355322,5
next_open,drop4_breadth4,-0.04,4,pure_horizon_12,stress,12,8.0,10.0,2025-10-11 00:30:00+00:00,XRPUSDT,0.21239018698262485,0.768103616618157,5
next_open,drop4_breadth4,-0.04,4,pure_horizon_12,stress,12,8.0,10.0,2025-10-11 01:30:00+00:00,ADAUSDT,0.08128715416814597,0.8493907707863029,2
next_open,drop4_breadth4,-0.04,4,pure_horizon_12,stress,12,8.0,10.0,2025-10-11 01:30:00+00:00,AVAXUSDT,0.02840631150645994,0.8777970822927628,2
next_open,drop4_breadth4,-0.04,4,pure_horizon_12,stress,12,8.0,10.0,2025-10-11 01:30:00+00:00,LTCUSDT,0.03742175655564366,0.9152188388484064,2
next_open,drop4_breadth4,-0.04,4,pure_horizon_12,stress,12,8.0,10.0,2025-10-11 03:00:00+00:00,AVAXUSDT,0.06602441458992186,0.9812432534383282,0
next_open,drop4_breadth4,-0.04,4,pure_horizon_12,stress,12,8.0,10.0,2025-10-11 03:00:00+00:00,LTCUSDT,0.01898309497094513,1.0002263484092733,0
next_open,drop4_breadth4,-0.04,4,pure_horizon_12,stress,12,8.0,10.0,2025-11-03 18:30:00+00:00,LINKUSDT,0.0011168663591135013,1.0013432147683867,0
next_open,drop4_breadth4,-0.04,4,pure_horizon_12,stress,12,8.0,10.0,2025-11-03 18:30:00+00:00,SOLUSDT,-0.0008616312578166405,1.00048158351057,0
next_open,drop4_breadth4,-0.04,4,pure_horizon_12,stress,12,8.0,10.0,2026-01-19 03:15:00+00:00,ADAUSDT,0.007768131868132012,1.008249715378702,0
next_open,drop4_breadth4,-0.04,4,pure_horizon_12,stress,12,8.0,10.0,2026-01-19 03:15:00+00:00,LTCUSDT,0.008073693329483201,1.0163234087081852,0
next_open,drop4_breadth4,-0.04,4,pure_horizon_12,stress,12,8.0,10.0,2026-02-06 03:15:00+00:00,ADAUSDT,0.07652083204753374,1.0928442407557188,0
next_open,drop4_breadth4,-0.04,4,pure_horizon_12,stress,12,8.0,10.0,2026-02-06 03:15:00+00:00,AVAXUSDT,0.06206171487840089,1.1549059556341197,0
next_open,drop4_breadth4,-0.04,4,pure_horizon_12,stress,12,8.0,10.0,2026-02-06 03:15:00+00:00,BNBUSDT,0.06227643462765369,1.2171823902617733,0
next_open,drop4_breadth4,-0.04,4,pure_horizon_12,stress,12,8.0,10.0,2026-02-06 03:15:00+00:00,BTCUSDT,0.07035189579526807,1.2875342860570413,0
next_open,drop4_breadth4,-0.04,4,pure_horizon_12,stress,12,8.0,10.0,2026-02-06 03:15:00+00:00,LINKUSDT,0.08370693211601804,1.3712412181730593,0
next_open,drop4_breadth4,-0.04,4,pure_horizon_12,stress,12,8.0,10.0,2026-02-06 03:15:00+00:00,LTCUSDT,0.06580230759002098,1.4370435257630803,0
next_open,drop4_breadth4,-0.04,4,pure_horizon_12,stress,12,8.0,10.0,2026-02-06 03:15:00+00:00,SOLUSDT,0.05574116547169665,1.4927846912347769,0
next_open,drop4_breadth4,-0.04,4,pure_horizon_12,stress,12,8.0,10.0,2026-02-06 03:15:00+00:00,XRPUSDT,0.10461698092209232,1.5974016721568691,0
next_close,drop4_breadth4,-0.04,4,pure_horizon_6,base,6,4.0,5.0,2025-05-30 02:30:00+00:00,ADAUSDT,0.009273689885198302,0.009273689885198302,0
next_close,drop4_breadth4,-0.04,4,pure_horizon_6,base,6,4.0,5.0,2025-05-30 02:30:00+00:00,LINKUSDT,0.008012785721982187,0.01728647560718049,0
next_close,drop4_breadth4,-0.04,4,pure_horizon_6,base,6,4.0,5.0,2025-10-10 22:30:00+00:00,ADAUSDT,-0.1014538691920562,-0.08416739358487571,15
next_close,drop4_breadth4,-0.04,4,pure_horizon_6,base,6,4.0,5.0,2025-10-10 22:30:00+00:00,AVAXUSDT,-0.1110319929547959,-0.19519938653967162,15
next_close,drop4_breadth4,-0.04,4,pure_horizon_6,base,6,4.0,5.0,2025-10-10 22:30:00+00:00,LINKUSDT,-0.09748280905766069,-0.29268219559733233,15
next_close,drop4_breadth4,-0.04,4,pure_horizon_6,base,6,4.0,5.0,2025-10-10 22:30:00+00:00,SOLUSDT,0.0109874471707764,-0.28169474842655595,15
next_close,drop4_breadth4,-0.04,4,pure_horizon_6,base,6,4.0,5.0,2025-10-10 22:30:00+00:00,XRPUSDT,0.005355226242942069,-0.2763395221836139,15
next_close,drop4_breadth4,-0.04,4,pure_horizon_6,base,6,4.0,5.0,2025-10-10 22:45:00+00:00,ADAUSDT,0.33835496678744004,0.06201544460382613,9
next_close,drop4_breadth4,-0.04,4,pure_horizon_6,base,6,4.0,5.0,2025-10-10 22:45:00+00:00,AVAXUSDT,0.14596725140029865,0.20798269600412478,9
next_close,drop4_breadth4,-0.04,4,pure_horizon_6,base,6,4.0,5.0,2025-10-10 22:45:00+00:00,BNBUSDT,0.12776055073874948,0.33574324674287426,9
next_close,drop4_breadth4,-0.04,4,pure_horizon_6,base,6,4.0,5.0,2025-10-10 22:45:00+00:00,LINKUSDT,0.2874333222695763,0.6231765690124506,9
next_close,drop4_breadth4,-0.04,4,pure_horizon_6,base,6,4.0,5.0,2025-10-10 22:45:00+00:00,SOLUSDT,0.08084790407278289,0.7040244730852334,9
next_close,drop4_breadth4,-0.04,4,pure_horizon_6,base,6,4.0,5.0,2025-10-10 22:45:00+00:00,XRPUSDT,0.20709643758367735,0.9111209106689108,9
next_close,drop4_breadth4,-0.04,4,pure_horizon_6,base,6,4.0,5.0,2025-10-10 23:00:00+00:00,ADAUSDT,0.027479529637291743,0.9386004403062025,3
next_close,drop4_breadth4,-0.04,4,pure_horizon_6,base,6,4.0,5.0,2025-10-10 23:00:00+00:00,AVAXUSDT,-0.06352665259311693,0.8750737877130855,3
next_close,drop4_breadth4,-0.04,4,pure_horizon_6,base,6,4.0,5.0,2025-10-10 23:00:00+00:00,BNBUSDT,0.007287123205317681,0.8823609109184032,3
next_close,drop4_breadth4,-0.04,4,pure_horizon_6,base,6,4.0,5.0,2025-10-10 23:00:00+00:00,LINKUSDT,0.029968445276685206,0.9123293561950884,3
next_close,drop4_breadth4,-0.04,4,pure_horizon_6,base,6,4.0,5.0,2025-10-10 23:00:00+00:00,SOLUSDT,-0.03207847386963633,0.880250882325452,3
next_close,drop4_breadth4,-0.04,4,pure_horizon_6,base,6,4.0,5.0,2025-10-10 23:00:00+00:00,XRPUSDT,0.0248451722545008,0.9050960545799528,3
next_close,drop4_breadth4,-0.04,4,pure_horizon_6,base,6,4.0,5.0,2025-10-11 00:00:00+00:00,ADAUSDT,0.10685054556553034,1.011946600145483,2
next_close,drop4_breadth4,-0.04,4,pure_horizon_6,base,6,4.0,5.0,2025-10-11 00:00:00+00:00,AVAXUSDT,0.012752121975744404,1.0246987221212276,2
next_close,drop4_breadth4,-0.04,4,pure_horizon_6,base,6,4.0,5.0,2025-10-11 00:00:00+00:00,LTCUSDT,0.027969599616323303,1.052668321737551,2
next_close,drop4_breadth4,-0.04,4,pure_horizon_6,base,6,4.0,5.0,2025-10-11 01:30:00+00:00,AVAXUSDT,0.0011266032018083746,1.0537949249393594,0
next_close,drop4_breadth4,-0.04,4,pure_horizon_6,base,6,4.0,5.0,2025-10-11 01:30:00+00:00,LTCUSDT,-0.027949206582802512,1.025845718356557,0
next_close,drop4_breadth4,-0.04,4,pure_horizon_6,base,6,4.0,5.0,2025-11-03 17:00:00+00:00,LINKUSDT,0.0234883345526399,1.049334052909197,0
next_close,drop4_breadth4,-0.04,4,pure_horizon_6,base,6,4.0,5.0,2025-11-03 17:00:00+00:00,SOLUSDT,0.007132907652039578,1.0564669605612367,0
next_close,drop4_breadth4,-0.04,4,pure_horizon_6,base,6,4.0,5.0,2026-01-19 01:45:00+00:00,ADAUSDT,0.007640749052933461,1.0641077096141702,0
next_close,drop4_breadth4,-0.04,4,pure_horizon_6,base,6,4.0,5.0,2026-01-19 01:45:00+00:00,LTCUSDT,0.0019507182013961627,1.0660584278155665,0
next_close,drop4_breadth4,-0.04,4,pure_horizon_6,base,6,4.0,5.0,2026-02-06 01:45:00+00:00,ADAUSDT,0.08443273969402867,1.1504911675095952,0
next_close,drop4_breadth4,-0.04,4,pure_horizon_6,base,6,4.0,5.0,2026-02-06 01:45:00+00:00,AVAXUSDT,0.07546774023793437,1.2259589077475297,0
next_close,drop4_breadth4,-0.04,4,pure_horizon_6,base,6,4.0,5.0,2026-02-06 01:45:00+00:00,BNBUSDT,0.06900850649410697,1.2949674142416367,0
next_close,drop4_breadth4,-0.04,4,pure_horizon_6,base,6,4.0,5.0,2026-02-06 01:45:00+00:00,BTCUSDT,0.06907704338183143,1.3640444576234683,0
next_close,drop4_breadth4,-0.04,4,pure_horizon_6,base,6,4.0,5.0,2026-02-06 01:45:00+00:00,LINKUSDT,0.08937064156323751,1.4534150991867059,0
next_close,drop4_breadth4,-0.04,4,pure_horizon_6,base,6,4.0,5.0,2026-02-06 01:45:00+00:00,LTCUSDT,0.07584412181880276,1.5292592210055087,0
next_close,drop4_breadth4,-0.04,4,pure_horizon_6,base,6,4.0,5.0,2026-02-06 01:45:00+00:00,SOLUSDT,0.11594486244922578,1.6452040834547346,0
next_close,drop4_breadth4,-0.04,4,pure_horizon_6,base,6,4.0,5.0,2026-02-06 01:45:00+00:00,XRPUSDT,0.10691933665494693,1.7521234201096816,0
next_open,drop4_breadth4,-0.04,4,pure_horizon_6,base,6,4.0,5.0,2025-05-30 02:30:00+00:00,ADAUSDT,0.02679701542896331,0.02679701542896331,0
next_open,drop4_breadth4,-0.04,4,pure_horizon_6,base,6,4.0,5.0,2025-05-30 02:30:00+00:00,LINKUSDT,0.020286300564956637,0.04708331599391995,0
next_open,drop4_breadth4,-0.04,4,pure_horizon_6,base,6,4.0,5.0,2025-10-10 22:30:00+00:00,ADAUSDT,-0.18496816410534267,-0.1378848481114227,15
next_open,drop4_breadth4,-0.04,4,pure_horizon_6,base,6,4.0,5.0,2025-10-10 22:30:00+00:00,AVAXUSDT,-0.18060628516235422,-0.3184911332737769,15
next_open,drop4_breadth4,-0.04,4,pure_horizon_6,base,6,4.0,5.0,2025-10-10 22:30:00+00:00,LINKUSDT,-0.16989439558763886,-0.4883855288614158,15
next_open,drop4_breadth4,-0.04,4,pure_horizon_6,base,6,4.0,5.0,2025-10-10 22:30:00+00:00,SOLUSDT,-0.049097872907589796,-0.5374834017690056,15
next_open,drop4_breadth4,-0.04,4,pure_horizon_6,base,6,4.0,5.0,2025-10-10 22:30:00+00:00,XRPUSDT,-0.07776211987752388,-0.6152455216465295,15
next_open,drop4_breadth4,-0.04,4,pure_horizon_6,base,6,4.0,5.0,2025-10-10 22:45:00+00:00,ADAUSDT,-0.052171854426360714,-0.6674173760728902,9
next_open,drop4_breadth4,-0.04,4,pure_horizon_6,base,6,4.0,5.0,2025-10-10 22:45:00+00:00,AVAXUSDT,-0.10131811997506954,-0.7687354960479598,9
next_open,drop4_breadth4,-0.04,4,pure_horizon_6,base,6,4.0,5.0,2025-10-10 22:45:00+00:00,BNBUSDT,-0.004390487734531301,-0.7731259837824911,9
next_open,drop4_breadth4,-0.04,4,pure_horizon_6,base,6,4.0,5.0,2025-10-10 22:45:00+00:00,LINKUSDT,-0.06704602509435706,-0.8401720088768482,9
next_open,drop4_breadth4,-0.04,4,pure_horizon_6,base,6,4.0,5.0,2025-10-10 22:45:00+00:00,SOLUSDT,0.016005110082677597,-0.8241668987941706,9
next_open,drop4_breadth4,-0.04,4,pure_horizon_6,base,6,4.0,5.0,2025-10-10 22:45:00+00:00,XRPUSDT,0.024638086668705615,-0.799528812125465,9
next_open,drop4_breadth4,-0.04,4,pure_horizon_6,base,6,4.0,5.0,2025-10-10 23:00:00+00:00,ADAUSDT,0.3313451662973027,-0.4681836458281623,3
next_open,drop4_breadth4,-0.04,4,pure_horizon_6,base,6,4.0,5.0,2025-10-10 23:00:00+00:00,AVAXUSDT,0.15210117415017488,-0.3160824716779874,3
next_open,drop4_breadth4,-0.04,4,pure_horizon_6,base,6,4.0,5.0,2025-10-10 23:00:00+00:00,BNBUSDT,0.12349570071796237,-0.19258677096002505,3
next_open,drop4_breadth4,-0.04,4,pure_horizon_6,base,6,4.0,5.0,2025-10-10 23:00:00+00:00,LINKUSDT,0.2867102476420059,0.09412347668198087,3
next_open,drop4_breadth4,-0.04,4,pure_horizon_6,base,6,4.0,5.0,2025-10-10 23:00:00+00:00,SOLUSDT,0.0807331160112236,0.17485659269320447,3
next_open,drop4_breadth4,-0.04,4,pure_horizon_6,base,6,4.0,5.0,2025-10-10 23:00:00+00:00,XRPUSDT,0.2059251779737995,0.38078177066700397,3
next_open,drop4_breadth4,-0.04,4,pure_horizon_6,base,6,4.0,5.0,2025-10-11 00:00:00+00:00,ADAUSDT,0.1161953934878294,0.4969771641548334,2
next_open,drop4_breadth4,-0.04,4,pure_horizon_6,base,6,4.0,5.0,2025-10-11 00:00:00+00:00,AVAXUSDT,0.027225714388581145,0.5242028785434145,2
next_open,drop4_breadth4,-0.04,4,pure_horizon_6,base,6,4.0,5.0,2025-10-11 00:00:00+00:00,LTCUSDT,0.06721758718367102,0.5914204657270855,2
next_open,drop4_breadth4,-0.04,4,pure_horizon_6,base,6,4.0,5.0,2025-10-11 01:30:00+00:00,AVAXUSDT,0.011479796161687397,0.6029002618887729,0
next_open,drop4_breadth4,-0.04,4,pure_horizon_6,base,6,4.0,5.0,2025-10-11 01:30:00+00:00,LTCUSDT,-0.01779754524019115,0.5851027166485817,0
next_open,drop4_breadth4,-0.04,4,pure_horizon_6,base,6,4.0,5.0,2025-11-03 17:00:00+00:00,LINKUSDT,0.010031789644913493,0.5951345062934952,0
next_open,drop4_breadth4,-0.04,4,pure_horizon_6,base,6,4.0,5.0,2025-11-03 17:00:00+00:00,SOLUSDT,0.0070728293956378255,0.602207335689133,0
next_open,drop4_breadth4,-0.04,4,pure_horizon_6,base,6,4.0,5.0,2026-01-19 01:45:00+00:00,ADAUSDT,0.007080504192348425,0.6092878398814814,0
next_open,drop4_breadth4,-0.04,4,pure_horizon_6,base,6,4.0,5.0,2026-01-19 01:45:00+00:00,LTCUSDT,0.0019507182013961627,0.6112385580828775,0
next_open,drop4_breadth4,-0.04,4,pure_horizon_6,base,6,4.0,5.0,2026-02-06 01:45:00+00:00,ADAUSDT,0.09626992053711372,0.7075084786199912,0
next_open,drop4_breadth4,-0.04,4,pure_horizon_6,base,6,4.0,5.0,2026-02-06 01:45:00+00:00,AVAXUSDT,0.08669185340379917,0.7942003320237904,0
next_open,drop4_breadth4,-0.04,4,pure_horizon_6,base,6,4.0,5.0,2026-02-06 01:45:00+00:00,BNBUSDT,0.08019290154414685,0.8743932335679372,0
next_open,drop4_breadth4,-0.04,4,pure_horizon_6,base,6,4.0,5.0,2026-02-06 01:45:00+00:00,BTCUSDT,0.08893062236546148,0.9633238559333986,0
next_open,drop4_breadth4,-0.04,4,pure_horizon_6,base,6,4.0,5.0,2026-02-06 01:45:00+00:00,LINKUSDT,0.10234184443743502,1.0656657003708336,0
next_open,drop4_breadth4,-0.04,4,pure_horizon_6,base,6,4.0,5.0,2026-02-06 01:45:00+00:00,LTCUSDT,0.08365254761697641,1.1493182479878101,0
next_open,drop4_breadth4,-0.04,4,pure_horizon_6,base,6,4.0,5.0,2026-02-06 01:45:00+00:00,SOLUSDT,0.09710596958158116,1.2464242175693914,0
next_open,drop4_breadth4,-0.04,4,pure_horizon_6,base,6,4.0,5.0,2026-02-06 01:45:00+00:00,XRPUSDT,0.11533974576713404,1.3617639633365255,0
next_close,drop4_breadth4,-0.04,4,pure_horizon_6,stress,6,8.0,10.0,2025-05-30 02:30:00+00:00,ADAUSDT,0.007464120475233305,0.007464120475233305,0
next_close,drop4_breadth4,-0.04,4,pure_horizon_6,stress,6,8.0,10.0,2025-05-30 02:30:00+00:00,LINKUSDT,0.0062044765866733805,0.013668597061906686,0
next_close,drop4_breadth4,-0.04,4,pure_horizon_6,stress,6,8.0,10.0,2025-10-10 22:30:00+00:00,ADAUSDT,-0.10315276632374687,-0.08948416926184019,15
next_close,drop4_breadth4,-0.04,4,pure_horizon_6,stress,6,8.0,10.0,2025-10-10 22:30:00+00:00,AVAXUSDT,-0.11272131674460822,-0.20220548600644841,15
next_close,drop4_breadth4,-0.04,4,pure_horizon_6,stress,6,8.0,10.0,2025-10-10 22:30:00+00:00,LINKUSDT,-0.0991856752669314,-0.30139116127337984,15
next_close,drop4_breadth4,-0.04,4,pure_horizon_6,stress,6,8.0,10.0,2025-10-10 22:30:00+00:00,SOLUSDT,0.009176164859120251,-0.2922149964142596,15
next_close,drop4_breadth4,-0.04,4,pure_horizon_6,stress,6,8.0,10.0,2025-10-10 22:30:00+00:00,XRPUSDT,0.003549573340324176,-0.2886654230739354,15
next_close,drop4_breadth4,-0.04,4,pure_horizon_6,stress,6,8.0,10.0,2025-10-10 22:45:00+00:00,ADAUSDT,0.3362164803946055,0.04755105732067011,9
next_close,drop4_breadth4,-0.04,4,pure_horizon_6,stress,6,8.0,10.0,2025-10-10 22:45:00+00:00,AVAXUSDT,0.14402105667316417,0.19157211399383428,9
next_close,drop4_breadth4,-0.04,4,pure_horizon_6,stress,6,8.0,10.0,2025-10-10 22:45:00+00:00,BNBUSDT,0.12583255362257023,0.3174046676164045,9
next_close,drop4_breadth4,-0.04,4,pure_horizon_6,stress,6,8.0,10.0,2025-10-10 22:45:00+00:00,LINKUSDT,0.28534573209859726,0.6027503997150018,9
next_close,drop4_breadth4,-0.04,4,pure_horizon_6,stress,6,8.0,10.0,2025-10-10 22:45:00+00:00,SOLUSDT,0.0789667961821015,0.6817171958971033,9
next_close,drop4_breadth4,-0.04,4,pure_horizon_6,stress,6,8.0,10.0,2025-10-10 22:45:00+00:00,XRPUSDT,0.2050891441891443,0.8868063400862476,9
next_close,drop4_breadth4,-0.04,4,pure_horizon_6,stress,6,8.0,10.0,2025-10-10 23:00:00+00:00,ADAUSDT,0.025651763476851656,0.9124581035630992,3
next_close,drop4_breadth4,-0.04,4,pure_horizon_6,stress,6,8.0,10.0,2025-10-10 23:00:00+00:00,AVAXUSDT,-0.06526345800621985,0.8471946455568793,3
next_close,drop4_breadth4,-0.04,4,pure_horizon_6,stress,6,8.0,10.0,2025-10-10 23:00:00+00:00,BNBUSDT,0.005479539370237863,0.8526741849271171,3
next_close,drop4_breadth4,-0.04,4,pure_horizon_6,stress,6,8.0,10.0,2025-10-10 23:00:00+00:00,LINKUSDT,0.02813819144319845,0.8808123763703155,3
next_close,drop4_breadth4,-0.04,4,pure_horizon_6,stress,6,8.0,10.0,2025-10-10 23:00:00+00:00,SOLUSDT,-0.03384671176094019,0.8469656646093753,3
next_close,drop4_breadth4,-0.04,4,pure_horizon_6,stress,6,8.0,10.0,2025-10-10 23:00:00+00:00,XRPUSDT,0.023020039136238783,0.869985703745614,3
next_close,drop4_breadth4,-0.04,4,pure_horizon_6,stress,6,8.0,10.0,2025-10-11 00:00:00+00:00,ADAUSDT,0.10494344801519123,0.9749291517608052,2
next_close,drop4_breadth4,-0.04,4,pure_horizon_6,stress,6,8.0,10.0,2025-10-11 00:00:00+00:00,AVAXUSDT,0.010939075870298343,0.9858682276311035,2
next_close,drop4_breadth4,-0.04,4,pure_horizon_6,stress,6,8.0,10.0,2025-10-11 00:00:00+00:00,LTCUSDT,0.026141343630571794,1.0120095712616752,2
next_close,drop4_breadth4,-0.04,4,pure_horizon_6,stress,6,8.0,10.0,2025-10-11 01:30:00+00:00,AVAXUSDT,-0.0006748231889110543,1.0113347480727641,0
next_close,drop4_breadth4,-0.04,4,pure_horizon_6,stress,6,8.0,10.0,2025-10-11 01:30:00+00:00,LTCUSDT,-0.02972157167985385,0.9816131763929102,0
next_close,drop4_breadth4,-0.04,4,pure_horizon_6,stress,6,8.0,10.0,2025-11-03 17:00:00+00:00,LINKUSDT,0.021664557594677718,1.003277733987588,0
next_close,drop4_breadth4,-0.04,4,pure_horizon_6,stress,6,8.0,10.0,2025-11-03 17:00:00+00:00,SOLUSDT,0.005325477955521008,1.008603211943109,0
next_close,drop4_breadth4,-0.04,4,pure_horizon_6,stress,6,8.0,10.0,2026-01-19 01:45:00+00:00,ADAUSDT,0.005832811768554037,1.014436023711663,0
next_close,drop4_breadth4,-0.04,4,pure_horizon_6,stress,6,8.0,10.0,2026-01-19 01:45:00+00:00,LTCUSDT,0.00014846810711670734,1.0145844918187796,0
next_close,drop4_breadth4,-0.04,4,pure_horizon_6,stress,6,8.0,10.0,2026-02-06 01:45:00+00:00,ADAUSDT,0.08254804875745753,1.097132540576237,0
next_close,drop4_breadth4,-0.04,4,pure_horizon_6,stress,6,8.0,10.0,2026-02-06 01:45:00+00:00,AVAXUSDT,0.07359200982503761,1.1707245504012747,0
next_close,drop4_breadth4,-0.04,4,pure_horizon_6,stress,6,8.0,10.0,2026-02-06 01:45:00+00:00,BNBUSDT,0.06713923209017786,1.2378637824914525,0
next_close,drop4_breadth4,-0.04,4,pure_horizon_6,stress,6,8.0,10.0,2026-02-06 01:45:00+00:00,BTCUSDT,0.06720770047523167,1.305071482966684,0
next_close,drop4_breadth4,-0.04,4,pure_horizon_6,stress,6,8.0,10.0,2026-02-06 01:45:00+00:00,LINKUSDT,0.08748101519004786,1.3925524981567319,0
next_close,drop4_breadth4,-0.04,4,pure_horizon_6,stress,6,8.0,10.0,2026-02-06 01:45:00+00:00,LTCUSDT,0.07396801521223378,1.4665205133689656,0
next_close,drop4_breadth4,-0.04,4,pure_horizon_6,stress,6,8.0,10.0,2026-02-06 01:45:00+00:00,SOLUSDT,0.11402867512234632,1.5805491884913119,0
next_close,drop4_breadth4,-0.04,4,pure_horizon_6,stress,6,8.0,10.0,2026-02-06 01:45:00+00:00,XRPUSDT,0.10501217034786242,1.6855613588391742,0
next_open,drop4_breadth4,-0.04,4,pure_horizon_6,stress,6,8.0,10.0,2025-05-30 02:30:00+00:00,ADAUSDT,0.024969931441986053,0.024969931441986053,0
next_open,drop4_breadth4,-0.04,4,pure_horizon_6,stress,6,8.0,10.0,2025-05-30 02:30:00+00:00,LINKUSDT,0.018465724042364955,0.04343565548435101,0
next_open,drop4_breadth4,-0.04,4,pure_horizon_6,stress,6,8.0,10.0,2025-10-10 22:30:00+00:00,ADAUSDT,-0.18658358863668395,-0.14314793315233293,15
next_open,drop4_breadth4,-0.04,4,pure_horizon_6,stress,6,8.0,10.0,2025-10-10 22:30:00+00:00,AVAXUSDT,-0.18222606939496772,-0.32537400254730064,15
next_open,drop4_breadth4,-0.04,4,pure_horizon_6,stress,6,8.0,10.0,2025-10-10 22:30:00+00:00,LINKUSDT,-0.17152488636190938,-0.49689888890921,15
next_open,drop4_breadth4,-0.04,4,pure_horizon_6,stress,6,8.0,10.0,2025-10-10 22:30:00+00:00,SOLUSDT,-0.050849099896801156,-0.5477479888060112,15
next_open,drop4_breadth4,-0.04,4,pure_horizon_6,stress,6,8.0,10.0,2025-10-10 22:30:00+00:00,XRPUSDT,-0.07948469693040822,-0.6272326857364194,15
next_open,drop4_breadth4,-0.04,4,pure_horizon_6,stress,6,8.0,10.0,2025-10-10 22:45:00+00:00,ADAUSDT,-0.053920008968740565,-0.68115269470516,9
next_open,drop4_breadth4,-0.04,4,pure_horizon_6,stress,6,8.0,10.0,2025-10-10 22:45:00+00:00,AVAXUSDT,-0.10301715278820439,-0.7841698474933645,9
next_open,drop4_breadth4,-0.04,4,pure_horizon_6,stress,6,8.0,10.0,2025-10-10 22:45:00+00:00,BNBUSDT,-0.006186399788725771,-0.7903562472820903,9
next_open,drop4_breadth4,-0.04,4,pure_horizon_6,stress,6,8.0,10.0,2025-10-10 22:45:00+00:00,LINKUSDT,-0.06877931289200784,-0.8591355601740982,9
next_open,drop4_breadth4,-0.04,4,pure_horizon_6,stress,6,8.0,10.0,2025-10-10 22:45:00+00:00,SOLUSDT,0.014188812613181102,-0.8449467475609171,9
next_open,drop4_breadth4,-0.04,4,pure_horizon_6,stress,6,8.0,10.0,2025-10-10 22:45:00+00:00,XRPUSDT,0.022813160532641867,-0.8221335870282753,9
next_open,drop4_breadth4,-0.04,4,pure_horizon_6,stress,6,8.0,10.0,2025-10-10 23:00:00+00:00,ADAUSDT,0.32921368620531144,-0.4929199008229639,3
next_open,drop4_breadth4,-0.04,4,pure_horizon_6,stress,6,8.0,10.0,2025-10-10 23:00:00+00:00,AVAXUSDT,0.15014884856265548,-0.3427710522603084,3
next_open,drop4_breadth4,-0.04,4,pure_horizon_6,stress,6,8.0,10.0,2025-10-10 23:00:00+00:00,BNBUSDT,0.121571966322575,-0.2211990859377334,3
next_open,drop4_breadth4,-0.04,4,pure_horizon_6,stress,6,8.0,10.0,2025-10-10 23:00:00+00:00,LINKUSDT,0.2846233801846587,0.0634242942469253,3
next_open,drop4_breadth4,-0.04,4,pure_horizon_6,stress,6,8.0,10.0,2025-10-10 23:00:00+00:00,SOLUSDT,0.07885212285129556,0.14227641709822086,3
next_open,drop4_breadth4,-0.04,4,pure_horizon_6,stress,6,8.0,10.0,2025-10-10 23:00:00+00:00,XRPUSDT,0.20391905525412418,0.34619547235234505,3
next_open,drop4_breadth4,-0.04,4,pure_horizon_6,stress,6,8.0,10.0,2025-10-11 00:00:00+00:00,ADAUSDT,0.11427895575498886,0.4604744281073339,2
next_open,drop4_breadth4,-0.04,4,pure_horizon_6,stress,6,8.0,10.0,2025-10-11 00:00:00+00:00,AVAXUSDT,0.02539820191667213,0.48587263002400605,2
next_open,drop4_breadth4,-0.04,4,pure_horizon_6,stress,6,8.0,10.0,2025-10-11 00:00:00+00:00,LTCUSDT,0.06535010280493442,0.5512227328289405,2
next_open,drop4_breadth4,-0.04,4,pure_horizon_6,stress,6,8.0,10.0,2025-10-11 01:30:00+00:00,AVAXUSDT,0.009668021746846157,0.5608907545757866,0
next_open,drop4_breadth4,-0.04,4,pure_horizon_6,stress,6,8.0,10.0,2025-10-11 01:30:00+00:00,LTCUSDT,-0.01958005693036175,0.5413106976454248,0
next_open,drop4_breadth4,-0.04,4,pure_horizon_6,stress,6,8.0,10.0,2025-11-03 17:00:00+00:00,LINKUSDT,0.008221462513670775,0.5495321601590956,0
next_open,drop4_breadth4,-0.04,4,pure_horizon_6,stress,6,8.0,10.0,2025-11-03 17:00:00+00:00,SOLUSDT,0.0052654597473813965,0.5547976199064769,0
next_open,drop4_breadth4,-0.04,4,pure_horizon_6,stress,6,8.0,10.0,2026-01-19 01:45:00+00:00,ADAUSDT,0.005273126873127022,0.5600707467796039,0
next_open,drop4_breadth4,-0.04,4,pure_horizon_6,stress,6,8.0,10.0,2026-01-19 01:45:00+00:00,LTCUSDT,0.00014846810711670734,0.5602192148867206,0
next_open,drop4_breadth4,-0.04,4,pure_horizon_6,stress,6,8.0,10.0,2026-02-06 01:45:00+00:00,ADAUSDT,0.09437339832941932,0.6545926132161399,0
next_open,drop4_breadth4,-0.04,4,pure_horizon_6,stress,6,8.0,10.0,2026-02-06 01:45:00+00:00,AVAXUSDT,0.08480490448138195,0.7393975176975218,0
next_open,drop4_breadth4,-0.04,4,pure_horizon_6,stress,6,8.0,10.0,2026-02-06 01:45:00+00:00,BNBUSDT,0.07831244832898371,0.8177099660265055,0
next_open,drop4_breadth4,-0.04,4,pure_horizon_6,stress,6,8.0,10.0,2026-02-06 01:45:00+00:00,BTCUSDT,0.08704143579178975,0.9047514018182952,0
next_open,drop4_breadth4,-0.04,4,pure_horizon_6,stress,6,8.0,10.0,2026-02-06 01:45:00+00:00,LINKUSDT,0.10043925333725229,1.0051906551555474,0
next_open,drop4_breadth4,-0.04,4,pure_horizon_6,stress,6,8.0,10.0,2026-02-06 01:45:00+00:00,LTCUSDT,0.08176863648297089,1.0869592916385182,0
next_open,drop4_breadth4,-0.04,4,pure_horizon_6,stress,6,8.0,10.0,2026-02-06 01:45:00+00:00,SOLUSDT,0.09520861174224021,1.1821679033807584,0
next_open,drop4_breadth4,-0.04,4,pure_horizon_6,stress,6,8.0,10.0,2026-02-06 01:45:00+00:00,XRPUSDT,0.11342416325483168,1.29559206663559,0
next_close,drop4_breadth4,-0.04,4,scaled_exit_6_12,base,12,4.0,5.0,2025-05-30 04:00:00+00:00,ADAUSDT,0.005582626506840627,0.005582626506840627,0
next_close,drop4_breadth4,-0.04,4,scaled_exit_6_12,base,12,4.0,5.0,2025-05-30 04:00:00+00:00,LINKUSDT,0.005336707729657575,0.010919334236498202,0
next_close,drop4_breadth4,-0.04,4,scaled_exit_6_12,base,12,4.0,5.0,2025-10-11 00:00:00+00:00,ADAUSDT,-0.0525479885940828,-0.0416286543575846,17
next_close,drop4_breadth4,-0.04,4,scaled_exit_6_12,base,12,4.0,5.0,2025-10-11 00:00:00+00:00,AVAXUSDT,-0.10455173197884929,-0.14618038633643388,17
next_close,drop4_breadth4,-0.04,4,scaled_exit_6_12,base,12,4.0,5.0,2025-10-11 00:00:00+00:00,LINKUSDT,-0.06402146589028676,-0.21020185222672064,17
next_close,drop4_breadth4,-0.04,4,scaled_exit_6_12,base,12,4.0,5.0,2025-10-11 00:00:00+00:00,SOLUSDT,0.014197672367100147,-0.1960041798596205,17
next_close,drop4_breadth4,-0.04,4,scaled_exit_6_12,base,12,4.0,5.0,2025-10-11 00:00:00+00:00,XRPUSDT,0.01778874484326467,-0.1782154350163558,17
next_close,drop4_breadth4,-0.04,4,scaled_exit_6_12,base,12,4.0,5.0,2025-10-11 00:15:00+00:00,ADAUSDT,0.3658881836859351,0.1876727486695793,11
next_close,drop4_breadth4,-0.04,4,scaled_exit_6_12,base,12,4.0,5.0,2025-10-11 00:15:00+00:00,AVAXUSDT,0.15602467428748312,0.3436974229570624,11
next_close,drop4_breadth4,-0.04,4,scaled_exit_6_12,base,12,4.0,5.0,2025-10-11 00:15:00+00:00,BNBUSDT,0.1289587705064944,0.4726561934635568,11
next_close,drop4_breadth4,-0.04,4,scaled_exit_6_12,base,12,4.0,5.0,2025-10-11 00:15:00+00:00,LINKUSDT,0.3117982522642504,0.7844544457278072,11
next_close,drop4_breadth4,-0.04,4,scaled_exit_6_12,base,12,4.0,5.0,2025-10-11 00:15:00+00:00,SOLUSDT,0.07846605179542845,0.8629204975232356,11
next_close,drop4_breadth4,-0.04,4,scaled_exit_6_12,base,12,4.0,5.0,2025-10-11 00:15:00+00:00,XRPUSDT,0.21339157962171185,1.0763120771449475,11
next_close,drop4_breadth4,-0.04,4,scaled_exit_6_12,base,12,4.0,5.0,2025-10-11 00:30:00+00:00,ADAUSDT,0.050651790433706406,1.126963867578654,5
next_close,drop4_breadth4,-0.04,4,scaled_exit_6_12,base,12,4.0,5.0,2025-10-11 00:30:00+00:00,AVAXUSDT,-0.06101084434623075,1.0659530232324232,5
next_close,drop4_breadth4,-0.04,4,scaled_exit_6_12,base,12,4.0,5.0,2025-10-11 00:30:00+00:00,BNBUSDT,0.011730281768578068,1.0776833050010013,5
next_close,drop4_breadth4,-0.04,4,scaled_exit_6_12,base,12,4.0,5.0,2025-10-11 00:30:00+00:00,LINKUSDT,0.05273444879233405,1.1304177537933353,5
next_close,drop4_breadth4,-0.04,4,scaled_exit_6_12,base,12,4.0,5.0,2025-10-11 00:30:00+00:00,SOLUSDT,-0.030176399126119947,1.1002413546672154,5
next_close,drop4_breadth4,-0.04,4,scaled_exit_6_12,base,12,4.0,5.0,2025-10-11 00:30:00+00:00,XRPUSDT,0.028448755011240022,1.1286901096784554,5
next_close,drop4_breadth4,-0.04,4,scaled_exit_6_12,base,12,4.0,5.0,2025-10-11 01:30:00+00:00,ADAUSDT,0.09047628434374236,1.2191663940221977,2
next_close,drop4_breadth4,-0.04,4,scaled_exit_6_12,base,12,4.0,5.0,2025-10-11 01:30:00+00:00,AVAXUSDT,0.01423648477802333,1.2334028788002211,2
next_close,drop4_breadth4,-0.04,4,scaled_exit_6_12,base,12,4.0,5.0,2025-10-11 01:30:00+00:00,LTCUSDT,0.014505130418890812,1.247908009219112,2
next_close,drop4_breadth4,-0.04,4,scaled_exit_6_12,base,12,4.0,5.0,2025-10-11 03:00:00+00:00,AVAXUSDT,0.029044508265410184,1.2769525174845222,0
next_close,drop4_breadth4,-0.04,4,scaled_exit_6_12,base,12,4.0,5.0,2025-10-11 03:00:00+00:00,LTCUSDT,-0.00884766328492179,1.2681048541996005,0
next_close,drop4_breadth4,-0.04,4,scaled_exit_6_12,base,12,4.0,5.0,2025-11-03 18:30:00+00:00,LINKUSDT,0.019885145655908508,1.287989999855509,0
next_close,drop4_breadth4,-0.04,4,scaled_exit_6_12,base,12,4.0,5.0,2025-11-03 18:30:00+00:00,SOLUSDT,0.00406611427238226,1.2920561141278915,0
next_close,drop4_breadth4,-0.04,4,scaled_exit_6_12,base,12,4.0,5.0,2026-01-19 03:15:00+00:00,ADAUSDT,0.008890193813599147,1.3009463079414907,0
next_close,drop4_breadth4,-0.04,4,scaled_exit_6_12,base,12,4.0,5.0,2026-01-19 03:15:00+00:00,LTCUSDT,0.005917295409471191,1.306863603350962,0
next_close,drop4_breadth4,-0.04,4,scaled_exit_6_12,base,12,4.0,5.0,2026-02-06 03:15:00+00:00,ADAUSDT,0.07559393509977855,1.3824575384507405,0
next_close,drop4_breadth4,-0.04,4,scaled_exit_6_12,base,12,4.0,5.0,2026-02-06 03:15:00+00:00,AVAXUSDT,0.06420225295099671,1.4466597914017372,0
next_close,drop4_breadth4,-0.04,4,scaled_exit_6_12,base,12,4.0,5.0,2026-02-06 03:15:00+00:00,BNBUSDT,0.06106551820163722,1.5077253096033745,0
next_close,drop4_breadth4,-0.04,4,scaled_exit_6_12,base,12,4.0,5.0,2026-02-06 03:15:00+00:00,BTCUSDT,0.060876108197927464,1.568601417801302,0
next_close,drop4_breadth4,-0.04,4,scaled_exit_6_12,base,12,4.0,5.0,2026-02-06 03:15:00+00:00,LINKUSDT,0.08109458183788901,1.649695999639191,0
next_close,drop4_breadth4,-0.04,4,scaled_exit_6_12,base,12,4.0,5.0,2026-02-06 03:15:00+00:00,LTCUSDT,0.06791050920960542,1.7176065088487964,0
next_close,drop4_breadth4,-0.04,4,scaled_exit_6_12,base,12,4.0,5.0,2026-02-06 03:15:00+00:00,SOLUSDT,0.09585244733470136,1.8134589561834977,0
next_close,drop4_breadth4,-0.04,4,scaled_exit_6_12,base,12,4.0,5.0,2026-02-06 03:15:00+00:00,XRPUSDT,0.10254459461216317,1.916003550795661,0
next_open,drop4_breadth4,-0.04,4,scaled_exit_6_12,base,12,4.0,5.0,2025-05-30 04:00:00+00:00,ADAUSDT,0.023041917410530098,0.023041917410530098,0
next_open,drop4_breadth4,-0.04,4,scaled_exit_6_12,base,12,4.0,5.0,2025-05-30 04:00:00+00:00,LINKUSDT,0.0175776646159679,0.040619582026498,0
next_open,drop4_breadth4,-0.04,4,scaled_exit_6_12,base,12,4.0,5.0,2025-10-11 00:00:00+00:00,ADAUSDT,-0.1406037386772313,-0.0999841566507333,17
next_open,drop4_breadth4,-0.04,4,scaled_exit_6_12,base,12,4.0,5.0,2025-10-11 00:00:00+00:00,AVAXUSDT,-0.17463274005745694,-0.27461689670819023,17
next_open,drop4_breadth4,-0.04,4,scaled_exit_6_12,base,12,4.0,5.0,2025-10-11 00:00:00+00:00,LINKUSDT,-0.13911537593903456,-0.4137322726472248,17
next_open,drop4_breadth4,-0.04,4,scaled_exit_6_12,base,12,4.0,5.0,2025-10-11 00:00:00+00:00,SOLUSDT,-0.04607828795787519,-0.45981056060509995,17
next_open,drop4_breadth4,-0.04,4,scaled_exit_6_12,base,12,4.0,5.0,2025-10-11 00:00:00+00:00,XRPUSDT,-0.06635572019687055,-0.5261662808019705,17
next_open,drop4_breadth4,-0.04,4,scaled_exit_6_12,base,12,4.0,5.0,2025-10-11 00:15:00+00:00,ADAUSDT,-0.03266792460802628,-0.5588342054099967,11
next_open,drop4_breadth4,-0.04,4,scaled_exit_6_12,base,12,4.0,5.0,2025-10-11 00:15:00+00:00,AVAXUSDT,-0.09342944889929192,-0.6522636543092887,11
next_open,drop4_breadth4,-0.04,4,scaled_exit_6_12,base,12,4.0,5.0,2025-10-11 00:15:00+00:00,BNBUSDT,-0.0033325758895851095,-0.6555962301988738,11
next_open,drop4_breadth4,-0.04,4,scaled_exit_6_12,base,12,4.0,5.0,2025-10-11 00:15:00+00:00,LINKUSDT,-0.04938552071403038,-0.7049817509129042,11
next_open,drop4_breadth4,-0.04,4,scaled_exit_6_12,base,12,4.0,5.0,2025-10-11 00:15:00+00:00,SOLUSDT,0.013766045449947441,-0.6912157054629567,11
next_open,drop4_breadth4,-0.04,4,scaled_exit_6_12,base,12,4.0,5.0,2025-10-11 00:15:00+00:00,XRPUSDT,0.029982318347791546,-0.6612333871151652,11
next_open,drop4_breadth4,-0.04,4,scaled_exit_6_12,base,12,4.0,5.0,2025-10-11 00:30:00+00:00,ADAUSDT,0.36136503377731843,-0.2998683533378468,5
next_open,drop4_breadth4,-0.04,4,scaled_exit_6_12,base,12,4.0,5.0,2025-10-11 00:30:00+00:00,AVAXUSDT,0.15519576580777017,-0.1446725875300766,5
next_open,drop4_breadth4,-0.04,4,scaled_exit_6_12,base,12,4.0,5.0,2025-10-11 00:30:00+00:00,BNBUSDT,0.1284510502659244,-0.016221537264152208,5
next_open,drop4_breadth4,-0.04,4,scaled_exit_6_12,base,12,4.0,5.0,2025-10-11 00:30:00+00:00,LINKUSDT,0.3151467630966325,0.29892522583248027,5
next_open,drop4_breadth4,-0.04,4,scaled_exit_6_12,base,12,4.0,5.0,2025-10-11 00:30:00+00:00,SOLUSDT,0.08285669515006958,0.3817819209825498,5
next_open,drop4_breadth4,-0.04,4,scaled_exit_6_12,base,12,4.0,5.0,2025-10-11 00:30:00+00:00,XRPUSDT,0.2101649815248764,0.5919469025074262,5
next_open,drop4_breadth4,-0.04,4,scaled_exit_6_12,base,12,4.0,5.0,2025-10-11 01:30:00+00:00,ADAUSDT,0.09968298853328175,0.6916298910407079,2
next_open,drop4_breadth4,-0.04,4,scaled_exit_6_12,base,12,4.0,5.0,2025-10-11 01:30:00+00:00,AVAXUSDT,0.028731273991426297,0.7203611650321342,2
next_open,drop4_breadth4,-0.04,4,scaled_exit_6_12,base,12,4.0,5.0,2025-10-11 01:30:00+00:00,LTCUSDT,0.05323944289333252,0.7736006079254667,2
next_open,drop4_breadth4,-0.04,4,scaled_exit_6_12,base,12,4.0,5.0,2025-10-11 03:00:00+00:00,AVAXUSDT,0.03968618488989642,0.8132867928153631,0
next_open,drop4_breadth4,-0.04,4,scaled_exit_6_12,base,12,4.0,5.0,2025-10-11 03:00:00+00:00,LTCUSDT,0.0015033219416741525,0.8147901147570372,0
next_open,drop4_breadth4,-0.04,4,scaled_exit_6_12,base,12,4.0,5.0,2025-11-03 18:30:00+00:00,LINKUSDT,0.006475937490742179,0.8212660522477794,0
next_open,drop4_breadth4,-0.04,4,scaled_exit_6_12,base,12,4.0,5.0,2025-11-03 18:30:00+00:00,SOLUSDT,0.00400621881346388,0.8252722710612432,0
next_open,drop4_breadth4,-0.04,4,scaled_exit_6_12,base,12,4.0,5.0,2026-01-19 03:15:00+00:00,ADAUSDT,0.008329254817036082,0.8336015258782793,0
next_open,drop4_breadth4,-0.04,4,scaled_exit_6_12,base,12,4.0,5.0,2026-01-19 03:15:00+00:00,LTCUSDT,0.005917295409471191,0.8395188212877505,0
next_open,drop4_breadth4,-0.04,4,scaled_exit_6_12,base,12,4.0,5.0,2026-02-06 03:15:00+00:00,ADAUSDT,0.08733470664318813,0.9268535279309386,0
next_open,drop4_breadth4,-0.04,4,scaled_exit_6_12,base,12,4.0,5.0,2026-02-06 03:15:00+00:00,AVAXUSDT,0.07530888131317384,1.0021624092441124,0
next_open,drop4_breadth4,-0.04,4,scaled_exit_6_12,base,12,4.0,5.0,2026-02-06 03:15:00+00:00,BNBUSDT,0.07216687267160918,1.0743292819157215,0
next_open,drop4_breadth4,-0.04,4,scaled_exit_6_12,base,12,4.0,5.0,2026-02-06 03:15:00+00:00,BTCUSDT,0.08057750341855366,1.1549067853342752,0
next_open,drop4_breadth4,-0.04,4,scaled_exit_6_12,base,12,4.0,5.0,2026-02-06 03:15:00+00:00,LINKUSDT,0.0939673134768472,1.2488740988111224,0
next_open,drop4_breadth4,-0.04,4,scaled_exit_6_12,base,12,4.0,5.0,2026-02-06 03:15:00+00:00,LTCUSDT,0.07566139600848035,1.3245354948196029,0
next_open,drop4_breadth4,-0.04,4,scaled_exit_6_12,base,12,4.0,5.0,2026-02-06 03:15:00+00:00,SOLUSDT,0.07735250284149989,1.4018879976611027,0
next_open,drop4_breadth4,-0.04,4,scaled_exit_6_12,base,12,4.0,5.0,2026-02-06 03:15:00+00:00,XRPUSDT,0.110931748804497,1.5128197464655997,0
next_close,drop4_breadth4,-0.04,4,scaled_exit_6_12,stress,12,8.0,10.0,2025-05-30 04:00:00+00:00,ADAUSDT,0.00377674631748819,0.00377674631748819,0
next_close,drop4_breadth4,-0.04,4,scaled_exit_6_12,stress,12,8.0,10.0,2025-05-30 04:00:00+00:00,LINKUSDT,0.0035310733363074676,0.0073078196537956575,0
next_close,drop4_breadth4,-0.04,4,scaled_exit_6_12,stress,12,8.0,10.0,2025-10-11 00:00:00+00:00,ADAUSDT,-0.05429576719008007,-0.046987947536284415,17
next_close,drop4_breadth4,-0.04,4,scaled_exit_6_12,stress,12,8.0,10.0,2025-10-11 00:00:00+00:00,AVAXUSDT,-0.10624753279436311,-0.15323548033064752,17
next_close,drop4_breadth4,-0.04,4,scaled_exit_6_12,stress,12,8.0,10.0,2025-10-11 00:00:00+00:00,LINKUSDT,-0.0657577767371284,-0.21899325706777592,17
next_close,drop4_breadth4,-0.04,4,scaled_exit_6_12,stress,12,8.0,10.0,2025-10-11 00:00:00+00:00,SOLUSDT,0.012383181432954738,-0.20661007563482117,17
next_close,drop4_breadth4,-0.04,4,scaled_exit_6_12,stress,12,8.0,10.0,2025-10-11 00:00:00+00:00,XRPUSDT,0.015970664629488422,-0.19063941100533274,17
next_close,drop4_breadth4,-0.04,4,scaled_exit_6_12,stress,12,8.0,10.0,2025-10-11 00:15:00+00:00,ADAUSDT,0.36372217782217797,0.17308276681684523,11
next_close,drop4_breadth4,-0.04,4,scaled_exit_6_12,stress,12,8.0,10.0,2025-10-11 00:15:00+00:00,AVAXUSDT,0.15406842715863628,0.32715119397548154,11
next_close,drop4_breadth4,-0.04,4,scaled_exit_6_12,stress,12,8.0,10.0,2025-10-11 00:15:00+00:00,BNBUSDT,0.12702957576875945,0.454180769744241,11
next_close,drop4_breadth4,-0.04,4,scaled_exit_6_12,stress,12,8.0,10.0,2025-10-11 00:15:00+00:00,LINKUSDT,0.3096863093274831,0.7638670790717241,11
next_close,drop4_breadth4,-0.04,4,scaled_exit_6_12,stress,12,8.0,10.0,2025-10-11 00:15:00+00:00,SOLUSDT,0.07658732456788314,0.8404544036396073,11
next_close,drop4_breadth4,-0.04,4,scaled_exit_6_12,stress,12,8.0,10.0,2025-10-11 00:15:00+00:00,XRPUSDT,0.21137799422799447,1.0518323978676019,11
next_close,drop4_breadth4,-0.04,4,scaled_exit_6_12,stress,12,8.0,10.0,2025-10-11 00:30:00+00:00,ADAUSDT,0.04880086358123563,1.1006332614488374,5
next_close,drop4_breadth4,-0.04,4,scaled_exit_6_12,stress,12,8.0,10.0,2025-10-11 00:30:00+00:00,AVAXUSDT,-0.06275016431156173,1.0378830971372757,5
next_close,drop4_breadth4,-0.04,4,scaled_exit_6_12,stress,12,8.0,10.0,2025-10-11 00:30:00+00:00,BNBUSDT,0.00991825699318465,1.0478013541304603,5
next_close,drop4_breadth4,-0.04,4,scaled_exit_6_12,stress,12,8.0,10.0,2025-10-11 00:30:00+00:00,LINKUSDT,0.050881440321273216,1.0986827944517334,5
next_close,drop4_breadth4,-0.04,4,scaled_exit_6_12,stress,12,8.0,10.0,2025-10-11 00:30:00+00:00,SOLUSDT,-0.031946538142555166,1.0667362563091782,5
next_close,drop4_breadth4,-0.04,4,scaled_exit_6_12,stress,12,8.0,10.0,2025-10-11 00:30:00+00:00,XRPUSDT,0.02662002010931224,1.0933562764184905,5
next_close,drop4_breadth4,-0.04,4,scaled_exit_6_12,stress,12,8.0,10.0,2025-10-11 01:30:00+00:00,ADAUSDT,0.08858555287976494,1.1819418292982555,2
next_close,drop4_breadth4,-0.04,4,scaled_exit_6_12,stress,12,8.0,10.0,2025-10-11 01:30:00+00:00,AVAXUSDT,0.012421955050844025,1.1943637843490995,2
next_close,drop4_breadth4,-0.04,4,scaled_exit_6_12,stress,12,8.0,10.0,2025-10-11 01:30:00+00:00,LTCUSDT,0.012690332180192155,1.2070541165292916,2
next_close,drop4_breadth4,-0.04,4,scaled_exit_6_12,stress,12,8.0,10.0,2025-10-11 03:00:00+00:00,AVAXUSDT,0.027215177907658643,1.2342692944369502,0
next_close,drop4_breadth4,-0.04,4,scaled_exit_6_12,stress,12,8.0,10.0,2025-10-11 03:00:00+00:00,LTCUSDT,-0.01063912038881355,1.2236301740481366,0
next_close,drop4_breadth4,-0.04,4,scaled_exit_6_12,stress,12,8.0,10.0,2025-11-03 18:30:00+00:00,LINKUSDT,0.018064970087948766,1.2416951441360853,0
next_close,drop4_breadth4,-0.04,4,scaled_exit_6_12,stress,12,8.0,10.0,2025-11-03 18:30:00+00:00,SOLUSDT,0.0022617498381448014,1.24395689397423,0
next_close,drop4_breadth4,-0.04,4,scaled_exit_6_12,stress,12,8.0,10.0,2026-01-19 03:15:00+00:00,ADAUSDT,0.007081007708245202,1.2510379016824753,0
next_close,drop4_breadth4,-0.04,4,scaled_exit_6_12,stress,12,8.0,10.0,2026-01-19 03:15:00+00:00,LTCUSDT,0.004111080718299954,1.2551489824007753,0
next_close,drop4_breadth4,-0.04,4,scaled_exit_6_12,stress,12,8.0,10.0,2026-02-06 03:15:00+00:00,ADAUSDT,0.07371807855502305,1.3288670609557984,0
next_close,drop4_breadth4,-0.04,4,scaled_exit_6_12,stress,12,8.0,10.0,2026-02-06 03:15:00+00:00,AVAXUSDT,0.06233778240108528,1.3912048433568838,0
next_close,drop4_breadth4,-0.04,4,scaled_exit_6_12,stress,12,8.0,10.0,2026-02-06 03:15:00+00:00,BNBUSDT,0.059204182820458626,1.4504090261773424,0
next_close,drop4_breadth4,-0.04,4,scaled_exit_6_12,stress,12,8.0,10.0,2026-02-06 03:15:00+00:00,BTCUSDT,0.059014962132189416,1.5094239883095317,0
next_close,drop4_breadth4,-0.04,4,scaled_exit_6_12,stress,12,8.0,10.0,2026-02-06 03:15:00+00:00,LINKUSDT,0.07921322739259679,1.5886372157021285,0
next_close,drop4_breadth4,-0.04,4,scaled_exit_6_12,stress,12,8.0,10.0,2026-02-06 03:15:00+00:00,LTCUSDT,0.06604233225478467,1.6546795479569132,0
next_close,drop4_breadth4,-0.04,4,scaled_exit_6_12,stress,12,8.0,10.0,2026-02-06 03:15:00+00:00,SOLUSDT,0.09395634239178569,1.748635890348699,0
next_close,drop4_breadth4,-0.04,4,scaled_exit_6_12,stress,12,8.0,10.0,2026-02-06 03:15:00+00:00,XRPUSDT,0.10064180086302882,1.8492776912117277,0
next_open,drop4_breadth4,-0.04,4,scaled_exit_6_12,stress,12,8.0,10.0,2025-05-30 04:00:00+00:00,ADAUSDT,0.021218586646836006,0.021218586646836006,0
next_open,drop4_breadth4,-0.04,4,scaled_exit_6_12,stress,12,8.0,10.0,2025-05-30 04:00:00+00:00,LINKUSDT,0.015759795377036916,0.03697838202387292,0
next_open,drop4_breadth4,-0.04,4,scaled_exit_6_12,stress,12,8.0,10.0,2025-10-11 00:00:00+00:00,ADAUSDT,-0.14226350548503358,-0.10528512346116066,17
next_open,drop4_breadth4,-0.04,4,scaled_exit_6_12,stress,12,8.0,10.0,2025-10-11 00:00:00+00:00,AVAXUSDT,-0.17625849485287914,-0.2815436183140398,17
next_open,drop4_breadth4,-0.04,4,scaled_exit_6_12,stress,12,8.0,10.0,2025-10-11 00:00:00+00:00,LINKUSDT,-0.140776630366509,-0.4223202486805488,17
next_open,drop4_breadth4,-0.04,4,scaled_exit_6_12,stress,12,8.0,10.0,2025-10-11 00:00:00+00:00,SOLUSDT,-0.04783253302450653,-0.4701527817050553,17
next_open,drop4_breadth4,-0.04,4,scaled_exit_6_12,stress,12,8.0,10.0,2025-10-11 00:00:00+00:00,XRPUSDT,-0.06808969795478337,-0.5382424796598386,17
next_open,drop4_breadth4,-0.04,4,scaled_exit_6_12,stress,12,8.0,10.0,2025-10-11 00:15:00+00:00,ADAUSDT,-0.03443557334287524,-0.5726780530027139,11
next_open,drop4_breadth4,-0.04,4,scaled_exit_6_12,stress,12,8.0,10.0,2025-10-11 00:15:00+00:00,AVAXUSDT,-0.0951363664450785,-0.6678144194477924,11
next_open,drop4_breadth4,-0.04,4,scaled_exit_6_12,stress,12,8.0,10.0,2025-10-11 00:15:00+00:00,BNBUSDT,-0.005129545327461359,-0.6729439647752538,11
next_open,drop4_breadth4,-0.04,4,scaled_exit_6_12,stress,12,8.0,10.0,2025-10-11 00:15:00+00:00,LINKUSDT,-0.051136460199043735,-0.7240804249742975,11
next_open,drop4_breadth4,-0.04,4,scaled_exit_6_12,stress,12,8.0,10.0,2025-10-11 00:15:00+00:00,SOLUSDT,0.01195198592722917,-0.7121284390470684,11
next_open,drop4_breadth4,-0.04,4,scaled_exit_6_12,stress,12,8.0,10.0,2025-10-11 00:15:00+00:00,XRPUSDT,0.02815205064815989,-0.6839763883989085,11
next_open,drop4_breadth4,-0.04,4,scaled_exit_6_12,stress,12,8.0,10.0,2025-10-11 00:30:00+00:00,ADAUSDT,0.3592035488052847,-0.3247728395936238,5
next_open,drop4_breadth4,-0.04,4,scaled_exit_6_12,stress,12,8.0,10.0,2025-10-11 00:30:00+00:00,AVAXUSDT,0.15324034717357,-0.1715324924200538,5
next_open,drop4_breadth4,-0.04,4,scaled_exit_6_12,stress,12,8.0,10.0,2025-10-11 00:30:00+00:00,BNBUSDT,0.1265223629949505,-0.045010129425103296,5
next_open,drop4_breadth4,-0.04,4,scaled_exit_6_12,stress,12,8.0,10.0,2025-10-11 00:30:00+00:00,LINKUSDT,0.31303147332077885,0.26802134389567556,5
next_open,drop4_breadth4,-0.04,4,scaled_exit_6_12,stress,12,8.0,10.0,2025-10-11 00:30:00+00:00,SOLUSDT,0.08097357947120115,0.3489949233668767,5
next_open,drop4_breadth4,-0.04,4,scaled_exit_6_12,stress,12,8.0,10.0,2025-10-11 00:30:00+00:00,XRPUSDT,0.20815462111837452,0.5571495444852512,5
next_open,drop4_breadth4,-0.04,4,scaled_exit_6_12,stress,12,8.0,10.0,2025-10-11 01:30:00+00:00,ADAUSDT,0.09778305496156742,0.6549325994468187,2
next_open,drop4_breadth4,-0.04,4,scaled_exit_6_12,stress,12,8.0,10.0,2025-10-11 01:30:00+00:00,AVAXUSDT,0.026902256711566035,0.6818348561583847,2
next_open,drop4_breadth4,-0.04,4,scaled_exit_6_12,stress,12,8.0,10.0,2025-10-11 01:30:00+00:00,LTCUSDT,0.05138592968028903,0.7332207858386737,2
next_open,drop4_breadth4,-0.04,4,scaled_exit_6_12,stress,12,8.0,10.0,2025-10-11 03:00:00+00:00,AVAXUSDT,0.037846218168384,0.7710670040070576,0
next_open,drop4_breadth4,-0.04,4,scaled_exit_6_12,stress,12,8.0,10.0,2025-10-11 03:00:00+00:00,LTCUSDT,-0.0002984809797083141,0.7707685230273493,0
next_open,drop4_breadth4,-0.04,4,scaled_exit_6_12,stress,12,8.0,10.0,2025-11-03 18:30:00+00:00,LINKUSDT,0.004669164436392138,0.7754376874637414,0
next_open,drop4_breadth4,-0.04,4,scaled_exit_6_12,stress,12,8.0,10.0,2025-11-03 18:30:00+00:00,SOLUSDT,0.0022019142447823785,0.7776396017085238,0
next_open,drop4_breadth4,-0.04,4,scaled_exit_6_12,stress,12,8.0,10.0,2026-01-19 03:15:00+00:00,ADAUSDT,0.006520629370629517,0.7841602310791532,0
next_open,drop4_breadth4,-0.04,4,scaled_exit_6_12,stress,12,8.0,10.0,2026-01-19 03:15:00+00:00,LTCUSDT,0.004111080718299954,0.7882713117974531,0
next_open,drop4_breadth4,-0.04,4,scaled_exit_6_12,stress,12,8.0,10.0,2026-02-06 03:15:00+00:00,ADAUSDT,0.08544711518847653,0.8737184269859297,0
next_open,drop4_breadth4,-0.04,4,scaled_exit_6_12,stress,12,8.0,10.0,2026-02-06 03:15:00+00:00,AVAXUSDT,0.07343330967989142,0.9471517366658211,0
next_open,drop4_breadth4,-0.04,4,scaled_exit_6_12,stress,12,8.0,10.0,2026-02-06 03:15:00+00:00,BNBUSDT,0.0702944414783187,1.0174461781441397,0
next_open,drop4_breadth4,-0.04,4,scaled_exit_6_12,stress,12,8.0,10.0,2026-02-06 03:15:00+00:00,BTCUSDT,0.07869666579352891,1.0961428439376686,0
next_open,drop4_breadth4,-0.04,4,scaled_exit_6_12,stress,12,8.0,10.0,2026-02-06 03:15:00+00:00,LINKUSDT,0.09207309272663516,1.1882159366643037,0
next_open,drop4_breadth4,-0.04,4,scaled_exit_6_12,stress,12,8.0,10.0,2026-02-06 03:15:00+00:00,LTCUSDT,0.07378547203649594,1.2620014087007996,0
next_open,drop4_breadth4,-0.04,4,scaled_exit_6_12,stress,12,8.0,10.0,2026-02-06 03:15:00+00:00,SOLUSDT,0.07547488860696844,1.337476297307768,0
next_open,drop4_breadth4,-0.04,4,scaled_exit_6_12,stress,12,8.0,10.0,2026-02-06 03:15:00+00:00,XRPUSDT,0.109020572088462,1.4464968693962301,0
next_close,drop4_breadth4,-0.04,4,wide_stop_2atr_horizon_12,base,12,4.0,5.0,2025-05-30 04:00:00+00:00,ADAUSDT,0.0018915631284829543,0.0018915631284829543,0
next_close,drop4_breadth4,-0.04,4,wide_stop_2atr_horizon_12,base,12,4.0,5.0,2025-05-30 04:00:00+00:00,LINKUSDT,0.002660629737332965,0.004552192865815919,0
next_close,drop4_breadth4,-0.04,4,wide_stop_2atr_horizon_12,base,12,4.0,5.0,2025-10-10 21:15:00+00:00,ADAUSDT,-0.020252536818411528,-0.01570034395259561,6
next_close,drop4_breadth4,-0.04,4,wide_stop_2atr_horizon_12,base,12,4.0,5.0,2025-10-10 21:15:00+00:00,AVAXUSDT,-0.020056531768889198,-0.03575687572148481,6
next_close,drop4_breadth4,-0.04,4,wide_stop_2atr_horizon_12,base,12,4.0,5.0,2025-10-10 21:15:00+00:00,LINKUSDT,-0.023750610247673977,-0.05950748596915879,6
next_close,drop4_breadth4,-0.04,4,wide_stop_2atr_horizon_12,base,12,4.0,5.0,2025-10-10 21:15:00+00:00,SOLUSDT,-0.02197184628221014,-0.08147933225136893,6
next_close,drop4_breadth4,-0.04,4,wide_stop_2atr_horizon_12,base,12,4.0,5.0,2025-10-10 21:15:00+00:00,XRPUSDT,-0.020963033174946057,-0.10244236542631499,6
next_close,drop4_breadth4,-0.04,4,wide_stop_2atr_horizon_12,base,12,4.0,5.0,2025-10-10 21:45:00+00:00,SOLUSDT,-0.0461493067901729,-0.1485916722164879,11
next_close,drop4_breadth4,-0.04,4,wide_stop_2atr_horizon_12,base,12,4.0,5.0,2025-10-10 22:00:00+00:00,ADAUSDT,-0.06064680098762018,-0.20923847320410807,7
next_close,drop4_breadth4,-0.04,4,wide_stop_2atr_horizon_12,base,12,4.0,5.0,2025-10-10 22:00:00+00:00,AVAXUSDT,-0.05422182347914048,-0.26346029668324855,7
next_close,drop4_breadth4,-0.04,4,wide_stop_2atr_horizon_12,base,12,4.0,5.0,2025-10-10 22:00:00+00:00,LINKUSDT,-0.05771685158861614,-0.3211771482718647,7
next_close,drop4_breadth4,-0.04,4,wide_stop_2atr_horizon_12,base,12,4.0,5.0,2025-10-10 22:00:00+00:00,XRPUSDT,-0.05982467995750315,-0.3810018282293679,7
next_close,drop4_breadth4,-0.04,4,wide_stop_2atr_horizon_12,base,12,4.0,5.0,2025-10-11 00:15:00+00:00,ADAUSDT,0.3934214005844302,0.012419572355062303,6
next_close,drop4_breadth4,-0.04,4,wide_stop_2atr_horizon_12,base,12,4.0,5.0,2025-10-11 00:15:00+00:00,AVAXUSDT,0.1660820971746676,0.1785016695297299,6
next_close,drop4_breadth4,-0.04,4,wide_stop_2atr_horizon_12,base,12,4.0,5.0,2025-10-11 00:15:00+00:00,BNBUSDT,0.13015699027423933,0.3086586598039692,6
next_close,drop4_breadth4,-0.04,4,wide_stop_2atr_horizon_12,base,12,4.0,5.0,2025-10-11 00:15:00+00:00,LINKUSDT,0.3361631822589245,0.6448218420628937,6
next_close,drop4_breadth4,-0.04,4,wide_stop_2atr_horizon_12,base,12,4.0,5.0,2025-10-11 00:15:00+00:00,SOLUSDT,0.07608419951807402,0.7209060415809677,6
next_close,drop4_breadth4,-0.04,4,wide_stop_2atr_horizon_12,base,12,4.0,5.0,2025-10-11 00:15:00+00:00,XRPUSDT,0.21968672165974634,0.9405927632407141,6
next_close,drop4_breadth4,-0.04,4,wide_stop_2atr_horizon_12,base,12,4.0,5.0,2025-10-11 00:30:00+00:00,BNBUSDT,0.01617344033183845,0.9567662035725525,5
next_close,drop4_breadth4,-0.04,4,wide_stop_2atr_horizon_12,base,12,4.0,5.0,2025-10-11 01:30:00+00:00,ADAUSDT,0.07410202312195438,1.0308682266945068,2
next_close,drop4_breadth4,-0.04,4,wide_stop_2atr_horizon_12,base,12,4.0,5.0,2025-10-11 01:30:00+00:00,AVAXUSDT,0.015720847580302254,1.0465890742748092,2
next_close,drop4_breadth4,-0.04,4,wide_stop_2atr_horizon_12,base,12,4.0,5.0,2025-10-11 01:30:00+00:00,LTCUSDT,0.0010406612214583174,1.0476297354962676,2
next_close,drop4_breadth4,-0.04,4,wide_stop_2atr_horizon_12,base,12,4.0,5.0,2025-10-11 03:00:00+00:00,AVAXUSDT,0.056962413329012,1.1045921488252797,0
next_close,drop4_breadth4,-0.04,4,wide_stop_2atr_horizon_12,base,12,4.0,5.0,2025-10-11 03:00:00+00:00,LTCUSDT,0.010253880012958929,1.1148460288382387,0
next_close,drop4_breadth4,-0.04,4,wide_stop_2atr_horizon_12,base,12,4.0,5.0,2025-11-03 15:45:00+00:00,SOLUSDT,-0.012665425673293183,1.1021806031649455,1
next_close,drop4_breadth4,-0.04,4,wide_stop_2atr_horizon_12,base,12,4.0,5.0,2025-11-03 18:30:00+00:00,LINKUSDT,0.016281956759177117,1.1184625599241227,0
next_close,drop4_breadth4,-0.04,4,wide_stop_2atr_horizon_12,base,12,4.0,5.0,2026-01-19 03:15:00+00:00,ADAUSDT,0.010139638574264833,1.1286021984983876,0
next_close,drop4_breadth4,-0.04,4,wide_stop_2atr_horizon_12,base,12,4.0,5.0,2026-01-19 03:15:00+00:00,LTCUSDT,0.009883872617546221,1.138486071115934,0
next_close,drop4_breadth4,-0.04,4,wide_stop_2atr_horizon_12,base,12,4.0,5.0,2026-02-06 03:15:00+00:00,ADAUSDT,0.06675513050552842,1.2052412016214624,0
next_close,drop4_breadth4,-0.04,4,wide_stop_2atr_horizon_12,base,12,4.0,5.0,2026-02-06 03:15:00+00:00,AVAXUSDT,0.052936765664059054,1.2581779672855216,0
next_close,drop4_breadth4,-0.04,4,wide_stop_2atr_horizon_12,base,12,4.0,5.0,2026-02-06 03:15:00+00:00,BNBUSDT,0.053122529909167465,1.311300497194689,0
next_close,drop4_breadth4,-0.04,4,wide_stop_2atr_horizon_12,base,12,4.0,5.0,2026-02-06 03:15:00+00:00,BTCUSDT,0.052675173014023496,1.3639756702087127,0
next_close,drop4_breadth4,-0.04,4,wide_stop_2atr_horizon_12,base,12,4.0,5.0,2026-02-06 03:15:00+00:00,LINKUSDT,0.0728185221125405,1.4367941923212533,0
next_close,drop4_breadth4,-0.04,4,wide_stop_2atr_horizon_12,base,12,4.0,5.0,2026-02-06 03:15:00+00:00,LTCUSDT,0.059976896600408086,1.4967710889216614,0
next_close,drop4_breadth4,-0.04,4,wide_stop_2atr_horizon_12,base,12,4.0,5.0,2026-02-06 03:15:00+00:00,SOLUSDT,0.07576003222017694,1.5725311211418385,0
next_close,drop4_breadth4,-0.04,4,wide_stop_2atr_horizon_12,base,12,4.0,5.0,2026-02-06 03:15:00+00:00,XRPUSDT,0.0981698525693794,1.670700973711218,0
next_open,drop4_breadth4,-0.04,4,wide_stop_2atr_horizon_12,base,12,4.0,5.0,2025-05-30 04:00:00+00:00,ADAUSDT,0.019286819392096886,0.019286819392096886,0
next_open,drop4_breadth4,-0.04,4,wide_stop_2atr_horizon_12,base,12,4.0,5.0,2025-05-30 04:00:00+00:00,LINKUSDT,0.01486902866697917,0.03415584805907605,0
next_open,drop4_breadth4,-0.04,4,wide_stop_2atr_horizon_12,base,12,4.0,5.0,2025-10-10 21:00:00+00:00,ADAUSDT,-0.018492582897460454,0.0156632651616156,0
next_open,drop4_breadth4,-0.04,4,wide_stop_2atr_horizon_12,base,12,4.0,5.0,2025-10-10 21:00:00+00:00,AVAXUSDT,-0.01858988831603834,-0.0029266231544227417,0
next_open,drop4_breadth4,-0.04,4,wide_stop_2atr_horizon_12,base,12,4.0,5.0,2025-10-10 21:00:00+00:00,LINKUSDT,-0.021950927563782564,-0.024877550718205306,0
next_open,drop4_breadth4,-0.04,4,wide_stop_2atr_horizon_12,base,12,4.0,5.0,2025-10-10 21:00:00+00:00,SOLUSDT,-0.020744242101163525,-0.04562179281936883,0
next_open,drop4_breadth4,-0.04,4,wide_stop_2atr_horizon_12,base,12,4.0,5.0,2025-10-10 21:00:00+00:00,XRPUSDT,-0.019338692226797384,-0.06496048504616622,0
next_open,drop4_breadth4,-0.04,4,wide_stop_2atr_horizon_12,base,12,4.0,5.0,2025-10-10 21:15:00+00:00,ADAUSDT,-0.03534960526215422,-0.10031009030832044,0
next_open,drop4_breadth4,-0.04,4,wide_stop_2atr_horizon_12,base,12,4.0,5.0,2025-10-10 21:15:00+00:00,AVAXUSDT,-0.03406832600707618,-0.13437841631539663,0
next_open,drop4_breadth4,-0.04,4,wide_stop_2atr_horizon_12,base,12,4.0,5.0,2025-10-10 21:15:00+00:00,BNBUSDT,-0.025236216065617857,-0.15961463238101448,0
next_open,drop4_breadth4,-0.04,4,wide_stop_2atr_horizon_12,base,12,4.0,5.0,2025-10-10 21:15:00+00:00,LINKUSDT,-0.035039708255957897,-0.19465434063697237,0
next_open,drop4_breadth4,-0.04,4,wide_stop_2atr_horizon_12,base,12,4.0,5.0,2025-10-10 21:15:00+00:00,SOLUSDT,-0.03223069318810953,-0.2268850338250819,0
next_open,drop4_breadth4,-0.04,4,wide_stop_2atr_horizon_12,base,12,4.0,5.0,2025-10-10 21:15:00+00:00,XRPUSDT,-0.03817052433058052,-0.2650555581556624,0
next_open,drop4_breadth4,-0.04,4,wide_stop_2atr_horizon_12,base,12,4.0,5.0,2025-10-11 00:30:00+00:00,ADAUSDT,0.39138490125733416,0.12632934310167176,5
next_open,drop4_breadth4,-0.04,4,wide_stop_2atr_horizon_12,base,12,4.0,5.0,2025-10-11 00:30:00+00:00,AVAXUSDT,0.15829035746536546,0.2846197005670372,5
next_open,drop4_breadth4,-0.04,4,wide_stop_2atr_horizon_12,base,12,4.0,5.0,2025-10-11 00:30:00+00:00,BNBUSDT,0.13340639981388647,0.4180261003809237,5
next_open,drop4_breadth4,-0.04,4,wide_stop_2atr_horizon_12,base,12,4.0,5.0,2025-10-11 00:30:00+00:00,LINKUSDT,0.34358327855125903,0.7616093789321827,5
next_open,drop4_breadth4,-0.04,4,wide_stop_2atr_horizon_12,base,12,4.0,5.0,2025-10-11 00:30:00+00:00,SOLUSDT,0.08498027428891555,0.8465896532210982,5
next_open,drop4_breadth4,-0.04,4,wide_stop_2atr_horizon_12,base,12,4.0,5.0,2025-10-11 00:30:00+00:00,XRPUSDT,0.21440478507595329,1.0609944382970515,5
next_open,drop4_breadth4,-0.04,4,wide_stop_2atr_horizon_12,base,12,4.0,5.0,2025-10-11 01:30:00+00:00,ADAUSDT,0.08317058357873411,1.1441650218757857,2
next_open,drop4_breadth4,-0.04,4,wide_stop_2atr_horizon_12,base,12,4.0,5.0,2025-10-11 01:30:00+00:00,AVAXUSDT,0.03023683359427145,1.1744018554700573,2
next_open,drop4_breadth4,-0.04,4,wide_stop_2atr_horizon_12,base,12,4.0,5.0,2025-10-11 01:30:00+00:00,LTCUSDT,0.039261298602994016,1.2136631540730514,2
next_open,drop4_breadth4,-0.04,4,wide_stop_2atr_horizon_12,base,12,4.0,5.0,2025-10-11 03:00:00+00:00,AVAXUSDT,0.06789257361810544,1.2815557276911569,0
next_open,drop4_breadth4,-0.04,4,wide_stop_2atr_horizon_12,base,12,4.0,5.0,2025-10-11 03:00:00+00:00,LTCUSDT,0.02080418912353945,1.3023599168146964,0
next_open,drop4_breadth4,-0.04,4,wide_stop_2atr_horizon_12,base,12,4.0,5.0,2025-11-03 15:30:00+00:00,LINKUSDT,-0.017352132581687975,1.2850077842330085,0
next_open,drop4_breadth4,-0.04,4,wide_stop_2atr_horizon_12,base,12,4.0,5.0,2025-11-03 15:30:00+00:00,SOLUSDT,-0.012664748232411347,1.2723430360005972,0
next_open,drop4_breadth4,-0.04,4,wide_stop_2atr_horizon_12,base,12,4.0,5.0,2026-01-19 03:15:00+00:00,ADAUSDT,0.009578005441723738,1.281921041442321,0
next_open,drop4_breadth4,-0.04,4,wide_stop_2atr_horizon_12,base,12,4.0,5.0,2026-01-19 03:15:00+00:00,LTCUSDT,0.009883872617546221,1.2918049140598673,0
next_open,drop4_breadth4,-0.04,4,wide_stop_2atr_horizon_12,base,12,4.0,5.0,2026-02-06 00:15:00+00:00,SOLUSDT,-0.05250903715335761,1.2392958769065097,7
next_open,drop4_breadth4,-0.04,4,wide_stop_2atr_horizon_12,base,12,4.0,5.0,2026-02-06 03:15:00+00:00,ADAUSDT,0.07839949274926253,1.3176953696557723,0
next_open,drop4_breadth4,-0.04,4,wide_stop_2atr_horizon_12,base,12,4.0,5.0,2026-02-06 03:15:00+00:00,AVAXUSDT,0.06392590922254851,1.3816212788783209,0
next_open,drop4_breadth4,-0.04,4,wide_stop_2atr_horizon_12,base,12,4.0,5.0,2026-02-06 03:15:00+00:00,BNBUSDT,0.0641408437990715,1.4457621226773925,0
next_open,drop4_breadth4,-0.04,4,wide_stop_2atr_horizon_12,base,12,4.0,5.0,2026-02-06 03:15:00+00:00,BTCUSDT,0.07222438447164584,1.5179865071490384,0
next_open,drop4_breadth4,-0.04,4,wide_stop_2atr_horizon_12,base,12,4.0,5.0,2026-02-06 03:15:00+00:00,LINKUSDT,0.08559278251625937,1.6035792896652978,0
next_open,drop4_breadth4,-0.04,4,wide_stop_2atr_horizon_12,base,12,4.0,5.0,2026-02-06 03:15:00+00:00,LTCUSDT,0.06767024439998429,1.6712495340652822,0
next_open,drop4_breadth4,-0.04,4,wide_stop_2atr_horizon_12,base,12,4.0,5.0,2026-02-06 03:15:00+00:00,XRPUSDT,0.10652375184185994,1.7777732859071422,0
next_close,drop4_breadth4,-0.04,4,wide_stop_2atr_horizon_12,stress,12,8.0,10.0,2025-05-30 04:00:00+00:00,ADAUSDT,8.937215974307434e-05,8.937215974307434e-05,0
next_close,drop4_breadth4,-0.04,4,wide_stop_2atr_horizon_12,stress,12,8.0,10.0,2025-05-30 04:00:00+00:00,LINKUSDT,0.0008576700859415546,0.0009470422456846289,0
next_close,drop4_breadth4,-0.04,4,wide_stop_2atr_horizon_12,stress,12,8.0,10.0,2025-10-10 21:15:00+00:00,ADAUSDT,-0.021533593743659103,-0.020586551497974476,6
next_close,drop4_breadth4,-0.04,4,wide_stop_2atr_horizon_12,stress,12,8.0,10.0,2025-10-10 21:15:00+00:00,AVAXUSDT,-0.021337784601330574,-0.04192433609930505,6
next_close,drop4_breadth4,-0.04,4,wide_stop_2atr_horizon_12,stress,12,8.0,10.0,2025-10-10 21:15:00+00:00,LINKUSDT,-0.025028170845907534,-0.06695250694521258,6
next_close,drop4_breadth4,-0.04,4,wide_stop_2atr_horizon_12,stress,12,8.0,10.0,2025-10-10 21:15:00+00:00,SOLUSDT,-0.023251184756360184,-0.09020369170157277,6
next_close,drop4_breadth4,-0.04,4,wide_stop_2atr_horizon_12,stress,12,8.0,10.0,2025-10-10 21:15:00+00:00,XRPUSDT,-0.022243379958552918,-0.11244707166012569,6
next_close,drop4_breadth4,-0.04,4,wide_stop_2atr_horizon_12,stress,12,8.0,10.0,2025-10-10 21:45:00+00:00,SOLUSDT,-0.047404479874427155,-0.15985155153455283,11
next_close,drop4_breadth4,-0.04,4,wide_stop_2atr_horizon_12,stress,12,8.0,10.0,2025-10-10 22:00:00+00:00,ADAUSDT,-0.061887483815560154,-0.22173903535011297,7
next_close,drop4_breadth4,-0.04,4,wide_stop_2atr_horizon_12,stress,12,8.0,10.0,2025-10-10 22:00:00+00:00,AVAXUSDT,-0.055468928076914795,-0.27720796342702775,7
next_close,drop4_breadth4,-0.04,4,wide_stop_2atr_horizon_12,stress,12,8.0,10.0,2025-10-10 22:00:00+00:00,LINKUSDT,-0.058960462903175984,-0.3361684263302037,7
next_close,drop4_breadth4,-0.04,4,wide_stop_2atr_horizon_12,stress,12,8.0,10.0,2025-10-10 22:00:00+00:00,XRPUSDT,-0.06106618449602881,-0.3972346108262325,7
next_close,drop4_breadth4,-0.04,4,wide_stop_2atr_horizon_12,stress,12,8.0,10.0,2025-10-11 00:15:00+00:00,ADAUSDT,0.39122787524975045,-0.00600673557648207,6
next_close,drop4_breadth4,-0.04,4,wide_stop_2atr_horizon_12,stress,12,8.0,10.0,2025-10-11 00:15:00+00:00,AVAXUSDT,0.16411579764410839,0.15810906206762632,6
next_close,drop4_breadth4,-0.04,4,wide_stop_2atr_horizon_12,stress,12,8.0,10.0,2025-10-11 00:15:00+00:00,BNBUSDT,0.12822659791494867,0.286335659982575,6
next_close,drop4_breadth4,-0.04,4,wide_stop_2atr_horizon_12,stress,12,8.0,10.0,2025-10-11 00:15:00+00:00,LINKUSDT,0.3340268865563689,0.620362546538944,6
next_close,drop4_breadth4,-0.04,4,wide_stop_2atr_horizon_12,stress,12,8.0,10.0,2025-10-11 00:15:00+00:00,SOLUSDT,0.07420785295366478,0.6945703994926087,6
next_close,drop4_breadth4,-0.04,4,wide_stop_2atr_horizon_12,stress,12,8.0,10.0,2025-10-11 00:15:00+00:00,XRPUSDT,0.21766684426684463,0.9122372437594533,6
next_close,drop4_breadth4,-0.04,4,wide_stop_2atr_horizon_12,stress,12,8.0,10.0,2025-10-11 00:30:00+00:00,BNBUSDT,0.014356974616131436,0.9265942183755846,5
next_close,drop4_breadth4,-0.04,4,wide_stop_2atr_horizon_12,stress,12,8.0,10.0,2025-10-11 01:30:00+00:00,ADAUSDT,0.07222765774433865,0.9988218761199232,2
next_close,drop4_breadth4,-0.04,4,wide_stop_2atr_horizon_12,stress,12,8.0,10.0,2025-10-11 01:30:00+00:00,AVAXUSDT,0.013904834231389707,1.012726710351313,2
next_close,drop4_breadth4,-0.04,4,wide_stop_2atr_horizon_12,stress,12,8.0,10.0,2025-10-11 01:30:00+00:00,LTCUSDT,-0.0007606792701874796,1.0119660310811254,2
next_close,drop4_breadth4,-0.04,4,wide_stop_2atr_horizon_12,stress,12,8.0,10.0,2025-10-11 03:00:00+00:00,AVAXUSDT,0.05510517900422833,1.0670712100853537,0
next_close,drop4_breadth4,-0.04,4,wide_stop_2atr_horizon_12,stress,12,8.0,10.0,2025-10-11 03:00:00+00:00,LTCUSDT,0.008443330902226754,1.0755145409875804,0
next_close,drop4_breadth4,-0.04,4,wide_stop_2atr_horizon_12,stress,12,8.0,10.0,2025-11-03 15:45:00+00:00,SOLUSDT,-0.01395406592181576,1.0615604750657646,1
next_close,drop4_breadth4,-0.04,4,wide_stop_2atr_horizon_12,stress,12,8.0,10.0,2025-11-03 18:30:00+00:00,LINKUSDT,0.01446538258121981,1.0760258576469843,0
next_close,drop4_breadth4,-0.04,4,wide_stop_2atr_horizon_12,stress,12,8.0,10.0,2026-01-19 03:15:00+00:00,ADAUSDT,0.008329203647936368,1.0843550612949207,0
next_close,drop4_breadth4,-0.04,4,wide_stop_2atr_horizon_12,stress,12,8.0,10.0,2026-01-19 03:15:00+00:00,LTCUSDT,0.008073693329483201,1.0924287546244038,0
next_close,drop4_breadth4,-0.04,4,wide_stop_2atr_horizon_12,stress,12,8.0,10.0,2026-02-06 03:15:00+00:00,ADAUSDT,0.06488810835258857,1.1573168629769923,0
next_close,drop4_breadth4,-0.04,4,wide_stop_2atr_horizon_12,stress,12,8.0,10.0,2026-02-06 03:15:00+00:00,AVAXUSDT,0.05108355497713295,1.2084004179541252,0
next_close,drop4_breadth4,-0.04,4,wide_stop_2atr_horizon_12,stress,12,8.0,10.0,2026-02-06 03:15:00+00:00,BNBUSDT,0.05126913355073941,1.2596695515048646,0
next_close,drop4_breadth4,-0.04,4,wide_stop_2atr_horizon_12,stress,12,8.0,10.0,2026-02-06 03:15:00+00:00,BTCUSDT,0.05082222378914718,1.3104917752940117,0
next_close,drop4_breadth4,-0.04,4,wide_stop_2atr_horizon_12,stress,12,8.0,10.0,2026-02-06 03:15:00+00:00,LINKUSDT,0.07094543959514571,1.3814372148891574,0
next_close,drop4_breadth4,-0.04,4,wide_stop_2atr_horizon_12,stress,12,8.0,10.0,2026-02-06 03:15:00+00:00,LTCUSDT,0.05811664929733555,1.439553864186493,0
next_close,drop4_breadth4,-0.04,4,wide_stop_2atr_horizon_12,stress,12,8.0,10.0,2026-02-06 03:15:00+00:00,SOLUSDT,0.07388400966122505,1.5134378738477179,0
next_close,drop4_breadth4,-0.04,4,wide_stop_2atr_horizon_12,stress,12,8.0,10.0,2026-02-06 03:15:00+00:00,XRPUSDT,0.09627143137819522,1.609709305225913,0
next_open,drop4_breadth4,-0.04,4,wide_stop_2atr_horizon_12,stress,12,8.0,10.0,2025-05-30 04:00:00+00:00,ADAUSDT,0.01746724185168596,0.01746724185168596,0
next_open,drop4_breadth4,-0.04,4,wide_stop_2atr_horizon_12,stress,12,8.0,10.0,2025-05-30 04:00:00+00:00,LINKUSDT,0.013053866711708873,0.030521108563394832,0
next_open,drop4_breadth4,-0.04,4,wide_stop_2atr_horizon_12,stress,12,8.0,10.0,2025-10-10 21:00:00+00:00,ADAUSDT,-0.019775398897970704,0.010745709665424128,0
next_open,drop4_breadth4,-0.04,4,wide_stop_2atr_horizon_12,stress,12,8.0,10.0,2025-10-10 21:00:00+00:00,AVAXUSDT,-0.019872607059709897,-0.009126897394285769,0
next_open,drop4_breadth4,-0.04,4,wide_stop_2atr_horizon_12,stress,12,8.0,10.0,2025-10-10 21:00:00+00:00,LINKUSDT,-0.023230286946207275,-0.03235718434049305,0
next_open,drop4_breadth4,-0.04,4,wide_stop_2atr_horizon_12,stress,12,8.0,10.0,2025-10-10 21:00:00+00:00,SOLUSDT,-0.022024807566612355,-0.0543819919071054,0
next_open,drop4_breadth4,-0.04,4,wide_stop_2atr_horizon_12,stress,12,8.0,10.0,2025-10-10 21:00:00+00:00,XRPUSDT,-0.020620662540399022,-0.07500265444750442,0
next_open,drop4_breadth4,-0.04,4,wide_stop_2atr_horizon_12,stress,12,8.0,10.0,2025-10-10 21:15:00+00:00,ADAUSDT,-0.03661557265617883,-0.11161822710368326,0
next_open,drop4_breadth4,-0.04,4,wide_stop_2atr_horizon_12,stress,12,8.0,10.0,2025-10-10 21:15:00+00:00,AVAXUSDT,-0.0353355740406764,-0.14695380114435966,0
next_open,drop4_breadth4,-0.04,4,wide_stop_2atr_horizon_12,stress,12,8.0,10.0,2025-10-10 21:15:00+00:00,BNBUSDT,-0.026512291799723094,-0.17346609294408274,0
next_open,drop4_breadth4,-0.04,4,wide_stop_2atr_horizon_12,stress,12,8.0,10.0,2025-10-10 21:15:00+00:00,LINKUSDT,-0.036305985392272436,-0.2097720783363552,0
next_open,drop4_breadth4,-0.04,4,wide_stop_2atr_horizon_12,stress,12,8.0,10.0,2025-10-10 21:15:00+00:00,SOLUSDT,-0.03349977793708932,-0.2432718562734445,0
next_open,drop4_breadth4,-0.04,4,wide_stop_2atr_horizon_12,stress,12,8.0,10.0,2025-10-10 21:15:00+00:00,XRPUSDT,-0.039433672213882345,-0.28270552848732683,0
next_open,drop4_breadth4,-0.04,4,wide_stop_2atr_horizon_12,stress,12,8.0,10.0,2025-10-11 00:30:00+00:00,ADAUSDT,0.389193411405258,0.10648788291793115,5
next_open,drop4_breadth4,-0.04,4,wide_stop_2atr_horizon_12,stress,12,8.0,10.0,2025-10-11 00:30:00+00:00,AVAXUSDT,0.1563318457844845,0.26281972870241566,5
next_open,drop4_breadth4,-0.04,4,wide_stop_2atr_horizon_12,stress,12,8.0,10.0,2025-10-11 00:30:00+00:00,BNBUSDT,0.13147275966732602,0.3942924883697417,5
next_open,drop4_breadth4,-0.04,4,wide_stop_2atr_horizon_12,stress,12,8.0,10.0,2025-10-11 00:30:00+00:00,LINKUSDT,0.341439566456899,0.7357320548266406,5
next_open,drop4_breadth4,-0.04,4,wide_stop_2atr_horizon_12,stress,12,8.0,10.0,2025-10-11 00:30:00+00:00,SOLUSDT,0.08309503609110674,0.8188270909177473,5
next_open,drop4_breadth4,-0.04,4,wide_stop_2atr_horizon_12,stress,12,8.0,10.0,2025-10-11 00:30:00+00:00,XRPUSDT,0.21239018698262485,1.031217277900372,5
next_open,drop4_breadth4,-0.04,4,wide_stop_2atr_horizon_12,stress,12,8.0,10.0,2025-10-11 01:30:00+00:00,ADAUSDT,0.08128715416814597,1.112504432068518,2
next_open,drop4_breadth4,-0.04,4,wide_stop_2atr_horizon_12,stress,12,8.0,10.0,2025-10-11 01:30:00+00:00,AVAXUSDT,0.02840631150645994,1.140910743574978,2
next_open,drop4_breadth4,-0.04,4,wide_stop_2atr_horizon_12,stress,12,8.0,10.0,2025-10-11 01:30:00+00:00,LTCUSDT,0.03742175655564366,1.1783325001306215,2
next_open,drop4_breadth4,-0.04,4,wide_stop_2atr_horizon_12,stress,12,8.0,10.0,2025-10-11 03:00:00+00:00,AVAXUSDT,0.06602441458992186,1.2443569147205433,0
next_open,drop4_breadth4,-0.04,4,wide_stop_2atr_horizon_12,stress,12,8.0,10.0,2025-10-11 03:00:00+00:00,LTCUSDT,0.01898309497094513,1.2633400096914884,0
next_open,drop4_breadth4,-0.04,4,wide_stop_2atr_horizon_12,stress,12,8.0,10.0,2025-11-03 15:30:00+00:00,LINKUSDT,-0.018636088463143526,1.2447039212283448,0
next_open,drop4_breadth4,-0.04,4,wide_stop_2atr_horizon_12,stress,12,8.0,10.0,2025-11-03 15:30:00+00:00,SOLUSDT,-0.013953389158036743,1.230750532070308,0
next_open,drop4_breadth4,-0.04,4,wide_stop_2atr_horizon_12,stress,12,8.0,10.0,2026-01-19 03:15:00+00:00,ADAUSDT,0.007768131868132012,1.23851866393844,0
next_open,drop4_breadth4,-0.04,4,wide_stop_2atr_horizon_12,stress,12,8.0,10.0,2026-01-19 03:15:00+00:00,LTCUSDT,0.008073693329483201,1.2465923572679232,0
next_open,drop4_breadth4,-0.04,4,wide_stop_2atr_horizon_12,stress,12,8.0,10.0,2026-02-06 00:15:00+00:00,SOLUSDT,-0.053757853682347936,1.1928345035855752,7
next_open,drop4_breadth4,-0.04,4,wide_stop_2atr_horizon_12,stress,12,8.0,10.0,2026-02-06 03:15:00+00:00,ADAUSDT,0.07652083204753374,1.2693553356331089,0
next_open,drop4_breadth4,-0.04,4,wide_stop_2atr_horizon_12,stress,12,8.0,10.0,2026-02-06 03:15:00+00:00,AVAXUSDT,0.06206171487840089,1.3314170505115097,0
next_open,drop4_breadth4,-0.04,4,wide_stop_2atr_horizon_12,stress,12,8.0,10.0,2026-02-06 03:15:00+00:00,BNBUSDT,0.06227643462765369,1.3936934851391634,0
next_open,drop4_breadth4,-0.04,4,wide_stop_2atr_horizon_12,stress,12,8.0,10.0,2026-02-06 03:15:00+00:00,BTCUSDT,0.07035189579526807,1.4640453809344314,0
next_open,drop4_breadth4,-0.04,4,wide_stop_2atr_horizon_12,stress,12,8.0,10.0,2026-02-06 03:15:00+00:00,LINKUSDT,0.08370693211601804,1.5477523130504494,0
next_open,drop4_breadth4,-0.04,4,wide_stop_2atr_horizon_12,stress,12,8.0,10.0,2026-02-06 03:15:00+00:00,LTCUSDT,0.06580230759002098,1.6135546206404703,0
next_open,drop4_breadth4,-0.04,4,wide_stop_2atr_horizon_12,stress,12,8.0,10.0,2026-02-06 03:15:00+00:00,XRPUSDT,0.10461698092209232,1.7181716015625625,0
next_close,drop4_breadth5,-0.04,5,pure_horizon_12,base,12,4.0,5.0,2025-05-30 04:00:00+00:00,ADAUSDT,0.0018915631284829543,0.0018915631284829543,0
next_close,drop4_breadth5,-0.04,5,pure_horizon_12,base,12,4.0,5.0,2025-05-30 04:00:00+00:00,LINKUSDT,0.002660629737332965,0.004552192865815919,0
next_close,drop4_breadth5,-0.04,5,pure_horizon_12,base,12,4.0,5.0,2025-10-11 00:00:00+00:00,ADAUSDT,-0.0036421079961094,0.0009100848697065188,17
next_close,drop4_breadth5,-0.04,5,pure_horizon_12,base,12,4.0,5.0,2025-10-11 00:00:00+00:00,AVAXUSDT,-0.09807147100290267,-0.09716138613319615,17
next_close,drop4_breadth5,-0.04,5,pure_horizon_12,base,12,4.0,5.0,2025-10-11 00:00:00+00:00,LINKUSDT,-0.030560122722912843,-0.127721508856109,17
next_close,drop4_breadth5,-0.04,5,pure_horizon_12,base,12,4.0,5.0,2025-10-11 00:00:00+00:00,SOLUSDT,0.01740789756342389,-0.1103136112926851,17
next_close,drop4_breadth5,-0.04,5,pure_horizon_12,base,12,4.0,5.0,2025-10-11 00:00:00+00:00,XRPUSDT,0.03022226344358727,-0.08009134784909783,17
next_close,drop4_breadth5,-0.04,5,pure_horizon_12,base,12,4.0,5.0,2025-10-11 00:15:00+00:00,ADAUSDT,0.3934214005844302,0.3133300527353324,11
next_close,drop4_breadth5,-0.04,5,pure_horizon_12,base,12,4.0,5.0,2025-10-11 00:15:00+00:00,AVAXUSDT,0.1660820971746676,0.47941214991,11
next_close,drop4_breadth5,-0.04,5,pure_horizon_12,base,12,4.0,5.0,2025-10-11 00:15:00+00:00,BNBUSDT,0.13015699027423933,0.6095691401842394,11
next_close,drop4_breadth5,-0.04,5,pure_horizon_12,base,12,4.0,5.0,2025-10-11 00:15:00+00:00,LINKUSDT,0.3361631822589245,0.9457323224431639,11
next_close,drop4_breadth5,-0.04,5,pure_horizon_12,base,12,4.0,5.0,2025-10-11 00:15:00+00:00,SOLUSDT,0.07608419951807402,1.0218165219612378,11
next_close,drop4_breadth5,-0.04,5,pure_horizon_12,base,12,4.0,5.0,2025-10-11 00:15:00+00:00,XRPUSDT,0.21968672165974634,1.241503243620984,11
next_close,drop4_breadth5,-0.04,5,pure_horizon_12,base,12,4.0,5.0,2025-10-11 00:30:00+00:00,ADAUSDT,0.07382405123012106,1.3153272948511052,5
next_close,drop4_breadth5,-0.04,5,pure_horizon_12,base,12,4.0,5.0,2025-10-11 00:30:00+00:00,AVAXUSDT,-0.05849503609934456,1.2568322587517606,5
next_close,drop4_breadth5,-0.04,5,pure_horizon_12,base,12,4.0,5.0,2025-10-11 00:30:00+00:00,BNBUSDT,0.01617344033183845,1.2730056990835992,5
next_close,drop4_breadth5,-0.04,5,pure_horizon_12,base,12,4.0,5.0,2025-10-11 00:30:00+00:00,LINKUSDT,0.07550045230798288,1.3485061513915821,5
next_close,drop4_breadth5,-0.04,5,pure_horizon_12,base,12,4.0,5.0,2025-10-11 00:30:00+00:00,SOLUSDT,-0.028274324382603556,1.3202318270089786,5
next_close,drop4_breadth5,-0.04,5,pure_horizon_12,base,12,4.0,5.0,2025-10-11 00:30:00+00:00,XRPUSDT,0.03205233776797925,1.352284164776958,5
next_close,drop4_breadth5,-0.04,5,pure_horizon_12,base,12,4.0,5.0,2025-10-11 01:30:00+00:00,ADAUSDT,0.07410202312195438,1.4263861878989124,2
next_close,drop4_breadth5,-0.04,5,pure_horizon_12,base,12,4.0,5.0,2025-10-11 01:30:00+00:00,AVAXUSDT,0.015720847580302254,1.4421070354792147,2
next_close,drop4_breadth5,-0.04,5,pure_horizon_12,base,12,4.0,5.0,2025-10-11 01:30:00+00:00,LTCUSDT,0.0010406612214583174,1.443147696700673,2
next_close,drop4_breadth5,-0.04,5,pure_horizon_12,base,12,4.0,5.0,2025-10-11 03:00:00+00:00,AVAXUSDT,0.056962413329012,1.5001101100296852,0
next_close,drop4_breadth5,-0.04,5,pure_horizon_12,base,12,4.0,5.0,2025-10-11 03:00:00+00:00,LTCUSDT,0.010253880012958929,1.5103639900426442,0
next_close,drop4_breadth5,-0.04,5,pure_horizon_12,base,12,4.0,5.0,2025-11-03 18:30:00+00:00,LINKUSDT,0.016281956759177117,1.5266459468018214,0
next_close,drop4_breadth5,-0.04,5,pure_horizon_12,base,12,4.0,5.0,2025-11-03 18:30:00+00:00,SOLUSDT,0.0009993208927249427,1.5276452676945464,0
next_close,drop4_breadth5,-0.04,5,pure_horizon_12,base,12,4.0,5.0,2026-01-19 03:15:00+00:00,ADAUSDT,0.010139638574264833,1.5377849062688114,0
next_close,drop4_breadth5,-0.04,5,pure_horizon_12,base,12,4.0,5.0,2026-01-19 03:15:00+00:00,LTCUSDT,0.009883872617546221,1.5476687788863577,0
next_close,drop4_breadth5,-0.04,5,pure_horizon_12,base,12,4.0,5.0,2026-02-06 03:15:00+00:00,ADAUSDT,0.06675513050552842,1.6144239093918862,0
next_close,drop4_breadth5,-0.04,5,pure_horizon_12,base,12,4.0,5.0,2026-02-06 03:15:00+00:00,AVAXUSDT,0.052936765664059054,1.6673606750559453,0
next_close,drop4_breadth5,-0.04,5,pure_horizon_12,base,12,4.0,5.0,2026-02-06 03:15:00+00:00,BNBUSDT,0.053122529909167465,1.7204832049651129,0
next_close,drop4_breadth5,-0.04,5,pure_horizon_12,base,12,4.0,5.0,2026-02-06 03:15:00+00:00,BTCUSDT,0.052675173014023496,1.7731583779791364,0
next_close,drop4_breadth5,-0.04,5,pure_horizon_12,base,12,4.0,5.0,2026-02-06 03:15:00+00:00,LINKUSDT,0.0728185221125405,1.845976900091677,0
next_close,drop4_breadth5,-0.04,5,pure_horizon_12,base,12,4.0,5.0,2026-02-06 03:15:00+00:00,LTCUSDT,0.059976896600408086,1.9059537966920852,0
next_close,drop4_breadth5,-0.04,5,pure_horizon_12,base,12,4.0,5.0,2026-02-06 03:15:00+00:00,SOLUSDT,0.07576003222017694,1.9817138289122622,0
next_close,drop4_breadth5,-0.04,5,pure_horizon_12,base,12,4.0,5.0,2026-02-06 03:15:00+00:00,XRPUSDT,0.0981698525693794,2.0798836814816415,0
next_open,drop4_breadth5,-0.04,5,pure_horizon_12,base,12,4.0,5.0,2025-05-30 04:00:00+00:00,ADAUSDT,0.019286819392096886,0.019286819392096886,0
next_open,drop4_breadth5,-0.04,5,pure_horizon_12,base,12,4.0,5.0,2025-05-30 04:00:00+00:00,LINKUSDT,0.01486902866697917,0.03415584805907605,0
next_open,drop4_breadth5,-0.04,5,pure_horizon_12,base,12,4.0,5.0,2025-10-11 00:00:00+00:00,ADAUSDT,-0.09623931324911991,-0.06208346519004386,17
next_open,drop4_breadth5,-0.04,5,pure_horizon_12,base,12,4.0,5.0,2025-10-11 00:00:00+00:00,AVAXUSDT,-0.16865919495255965,-0.23074266014260353,17
next_open,drop4_breadth5,-0.04,5,pure_horizon_12,base,12,4.0,5.0,2025-10-11 00:00:00+00:00,LINKUSDT,-0.10833635629043023,-0.33907901643303373,17
next_open,drop4_breadth5,-0.04,5,pure_horizon_12,base,12,4.0,5.0,2025-10-11 00:00:00+00:00,SOLUSDT,-0.04305870300816059,-0.38213771944119435,17
next_open,drop4_breadth5,-0.04,5,pure_horizon_12,base,12,4.0,5.0,2025-10-11 00:00:00+00:00,XRPUSDT,-0.05494932051621723,-0.4370870399574116,17
next_open,drop4_breadth5,-0.04,5,pure_horizon_12,base,12,4.0,5.0,2025-10-11 00:15:00+00:00,ADAUSDT,-0.013163994789691855,-0.4502510347471035,11
next_open,drop4_breadth5,-0.04,5,pure_horizon_12,base,12,4.0,5.0,2025-10-11 00:15:00+00:00,AVAXUSDT,-0.0855407778235143,-0.5357918125706178,11
next_open,drop4_breadth5,-0.04,5,pure_horizon_12,base,12,4.0,5.0,2025-10-11 00:15:00+00:00,BNBUSDT,-0.002274664044638918,-0.5380664766152568,11
next_open,drop4_breadth5,-0.04,5,pure_horizon_12,base,12,4.0,5.0,2025-10-11 00:15:00+00:00,LINKUSDT,-0.0317250163337037,-0.5697914929489605,11
next_open,drop4_breadth5,-0.04,5,pure_horizon_12,base,12,4.0,5.0,2025-10-11 00:15:00+00:00,SOLUSDT,0.011526980817217283,-0.5582645121317432,11
next_open,drop4_breadth5,-0.04,5,pure_horizon_12,base,12,4.0,5.0,2025-10-11 00:15:00+00:00,XRPUSDT,0.035326550026877485,-0.5229379621048658,11
next_open,drop4_breadth5,-0.04,5,pure_horizon_12,base,12,4.0,5.0,2025-10-11 00:30:00+00:00,ADAUSDT,0.39138490125733416,-0.1315530608475316,5
next_open,drop4_breadth5,-0.04,5,pure_horizon_12,base,12,4.0,5.0,2025-10-11 00:30:00+00:00,AVAXUSDT,0.15829035746536546,0.02673729661783386,5
next_open,drop4_breadth5,-0.04,5,pure_horizon_12,base,12,4.0,5.0,2025-10-11 00:30:00+00:00,BNBUSDT,0.13340639981388647,0.16014369643172033,5
next_open,drop4_breadth5,-0.04,5,pure_horizon_12,base,12,4.0,5.0,2025-10-11 00:30:00+00:00,LINKUSDT,0.34358327855125903,0.5037269749829794,5
next_open,drop4_breadth5,-0.04,5,pure_horizon_12,base,12,4.0,5.0,2025-10-11 00:30:00+00:00,SOLUSDT,0.08498027428891555,0.5887072492718949,5
next_open,drop4_breadth5,-0.04,5,pure_horizon_12,base,12,4.0,5.0,2025-10-11 00:30:00+00:00,XRPUSDT,0.21440478507595329,0.8031120343478482,5
next_open,drop4_breadth5,-0.04,5,pure_horizon_12,base,12,4.0,5.0,2025-10-11 01:30:00+00:00,ADAUSDT,0.08317058357873411,0.8862826179265823,2
next_open,drop4_breadth5,-0.04,5,pure_horizon_12,base,12,4.0,5.0,2025-10-11 01:30:00+00:00,AVAXUSDT,0.03023683359427145,0.9165194515208537,2
next_open,drop4_breadth5,-0.04,5,pure_horizon_12,base,12,4.0,5.0,2025-10-11 01:30:00+00:00,LTCUSDT,0.039261298602994016,0.9557807501238477,2
next_open,drop4_breadth5,-0.04,5,pure_horizon_12,base,12,4.0,5.0,2025-10-11 03:00:00+00:00,AVAXUSDT,0.06789257361810544,1.023673323741953,0
next_open,drop4_breadth5,-0.04,5,pure_horizon_12,base,12,4.0,5.0,2025-10-11 03:00:00+00:00,LTCUSDT,0.02080418912353945,1.0444775128654926,0
next_open,drop4_breadth5,-0.04,5,pure_horizon_12,base,12,4.0,5.0,2025-11-03 18:30:00+00:00,LINKUSDT,0.002920085336570866,1.0473975982020636,0
next_open,drop4_breadth5,-0.04,5,pure_horizon_12,base,12,4.0,5.0,2025-11-03 18:30:00+00:00,SOLUSDT,0.0009396082312899353,1.0483372064333536,0
next_open,drop4_breadth5,-0.04,5,pure_horizon_12,base,12,4.0,5.0,2026-01-19 03:15:00+00:00,ADAUSDT,0.009578005441723738,1.0579152118750774,0
next_open,drop4_breadth5,-0.04,5,pure_horizon_12,base,12,4.0,5.0,2026-01-19 03:15:00+00:00,LTCUSDT,0.009883872617546221,1.0677990844926237,0
next_open,drop4_breadth5,-0.04,5,pure_horizon_12,base,12,4.0,5.0,2026-02-06 03:15:00+00:00,ADAUSDT,0.07839949274926253,1.1461985772418863,0
next_open,drop4_breadth5,-0.04,5,pure_horizon_12,base,12,4.0,5.0,2026-02-06 03:15:00+00:00,AVAXUSDT,0.06392590922254851,1.210124486464435,0
next_open,drop4_breadth5,-0.04,5,pure_horizon_12,base,12,4.0,5.0,2026-02-06 03:15:00+00:00,BNBUSDT,0.0641408437990715,1.2742653302635065,0
next_open,drop4_breadth5,-0.04,5,pure_horizon_12,base,12,4.0,5.0,2026-02-06 03:15:00+00:00,BTCUSDT,0.07222438447164584,1.3464897147351524,0
next_open,drop4_breadth5,-0.04,5,pure_horizon_12,base,12,4.0,5.0,2026-02-06 03:15:00+00:00,LINKUSDT,0.08559278251625937,1.432082497251412,0
next_open,drop4_breadth5,-0.04,5,pure_horizon_12,base,12,4.0,5.0,2026-02-06 03:15:00+00:00,LTCUSDT,0.06767024439998429,1.4997527416513963,0
next_open,drop4_breadth5,-0.04,5,pure_horizon_12,base,12,4.0,5.0,2026-02-06 03:15:00+00:00,SOLUSDT,0.057599036101418616,1.557351777752815,0
next_open,drop4_breadth5,-0.04,5,pure_horizon_12,base,12,4.0,5.0,2026-02-06 03:15:00+00:00,XRPUSDT,0.10652375184185994,1.663875529594675,0
next_close,drop4_breadth5,-0.04,5,pure_horizon_12,stress,12,8.0,10.0,2025-05-30 04:00:00+00:00,ADAUSDT,8.937215974307434e-05,8.937215974307434e-05,0
next_close,drop4_breadth5,-0.04,5,pure_horizon_12,stress,12,8.0,10.0,2025-05-30 04:00:00+00:00,LINKUSDT,0.0008576700859415546,0.0009470422456846289,0
next_close,drop4_breadth5,-0.04,5,pure_horizon_12,stress,12,8.0,10.0,2025-10-11 00:00:00+00:00,ADAUSDT,-0.005438768056413256,-0.004491725810728627,17
next_close,drop4_breadth5,-0.04,5,pure_horizon_12,stress,12,8.0,10.0,2025-10-11 00:00:00+00:00,AVAXUSDT,-0.099773748844118,-0.10426547465484662,17
next_close,drop4_breadth5,-0.04,5,pure_horizon_12,stress,12,8.0,10.0,2025-10-11 00:00:00+00:00,LINKUSDT,-0.03232987820732543,-0.13659535286217206,17
next_close,drop4_breadth5,-0.04,5,pure_horizon_12,stress,12,8.0,10.0,2025-10-11 00:00:00+00:00,SOLUSDT,0.015590198006789227,-0.12100515485538284,17
next_close,drop4_breadth5,-0.04,5,pure_horizon_12,stress,12,8.0,10.0,2025-10-11 00:00:00+00:00,XRPUSDT,0.028391755918652666,-0.09261339893673018,17
next_close,drop4_breadth5,-0.04,5,pure_horizon_12,stress,12,8.0,10.0,2025-10-11 00:15:00+00:00,ADAUSDT,0.39122787524975045,0.2986144763130203,11
next_close,drop4_breadth5,-0.04,5,pure_horizon_12,stress,12,8.0,10.0,2025-10-11 00:15:00+00:00,AVAXUSDT,0.16411579764410839,0.4627302739571287,11
next_close,drop4_breadth5,-0.04,5,pure_horizon_12,stress,12,8.0,10.0,2025-10-11 00:15:00+00:00,BNBUSDT,0.12822659791494867,0.5909568718720773,11
next_close,drop4_breadth5,-0.04,5,pure_horizon_12,stress,12,8.0,10.0,2025-10-11 00:15:00+00:00,LINKUSDT,0.3340268865563689,0.9249837584284463,11
next_close,drop4_breadth5,-0.04,5,pure_horizon_12,stress,12,8.0,10.0,2025-10-11 00:15:00+00:00,SOLUSDT,0.07420785295366478,0.9991916113821111,11
next_close,drop4_breadth5,-0.04,5,pure_horizon_12,stress,12,8.0,10.0,2025-10-11 00:15:00+00:00,XRPUSDT,0.21766684426684463,1.2168584556489557,11
next_close,drop4_breadth5,-0.04,5,pure_horizon_12,stress,12,8.0,10.0,2025-10-11 00:30:00+00:00,ADAUSDT,0.07194996368561962,1.2888084193345752,5
next_close,drop4_breadth5,-0.04,5,pure_horizon_12,stress,12,8.0,10.0,2025-10-11 00:30:00+00:00,AVAXUSDT,-0.060236870616903596,1.2285715487176716,5
next_close,drop4_breadth5,-0.04,5,pure_horizon_12,stress,12,8.0,10.0,2025-10-11 00:30:00+00:00,BNBUSDT,0.014356974616131436,1.242928523333803,5
next_close,drop4_breadth5,-0.04,5,pure_horizon_12,stress,12,8.0,10.0,2025-10-11 00:30:00+00:00,LINKUSDT,0.073624689199348,1.316553212533151,5
next_close,drop4_breadth5,-0.04,5,pure_horizon_12,stress,12,8.0,10.0,2025-10-11 00:30:00+00:00,SOLUSDT,-0.03004636452417015,1.2865068480089807,5
next_close,drop4_breadth5,-0.04,5,pure_horizon_12,stress,12,8.0,10.0,2025-10-11 00:30:00+00:00,XRPUSDT,0.0302200010823857,1.3167268490913664,5
next_close,drop4_breadth5,-0.04,5,pure_horizon_12,stress,12,8.0,10.0,2025-10-11 01:30:00+00:00,ADAUSDT,0.07222765774433865,1.388954506835705,2
next_close,drop4_breadth5,-0.04,5,pure_horizon_12,stress,12,8.0,10.0,2025-10-11 01:30:00+00:00,AVAXUSDT,0.013904834231389707,1.4028593410670946,2
next_close,drop4_breadth5,-0.04,5,pure_horizon_12,stress,12,8.0,10.0,2025-10-11 01:30:00+00:00,LTCUSDT,-0.0007606792701874796,1.4020986617969071,2
next_close,drop4_breadth5,-0.04,5,pure_horizon_12,stress,12,8.0,10.0,2025-10-11 03:00:00+00:00,AVAXUSDT,0.05510517900422833,1.4572038408011354,0
next_close,drop4_breadth5,-0.04,5,pure_horizon_12,stress,12,8.0,10.0,2025-10-11 03:00:00+00:00,LTCUSDT,0.008443330902226754,1.4656471717033621,0
next_close,drop4_breadth5,-0.04,5,pure_horizon_12,stress,12,8.0,10.0,2025-11-03 18:30:00+00:00,LINKUSDT,0.01446538258121981,1.4801125542845819,0
next_close,drop4_breadth5,-0.04,5,pure_horizon_12,stress,12,8.0,10.0,2025-11-03 18:30:00+00:00,SOLUSDT,-0.0008019782792314065,1.4793105760053504,0
next_close,drop4_breadth5,-0.04,5,pure_horizon_12,stress,12,8.0,10.0,2026-01-19 03:15:00+00:00,ADAUSDT,0.008329203647936368,1.4876397796532868,0
next_close,drop4_breadth5,-0.04,5,pure_horizon_12,stress,12,8.0,10.0,2026-01-19 03:15:00+00:00,LTCUSDT,0.008073693329483201,1.49571347298277,0
next_close,drop4_breadth5,-0.04,5,pure_horizon_12,stress,12,8.0,10.0,2026-02-06 03:15:00+00:00,ADAUSDT,0.06488810835258857,1.5606015813353584,0
next_close,drop4_breadth5,-0.04,5,pure_horizon_12,stress,12,8.0,10.0,2026-02-06 03:15:00+00:00,AVAXUSDT,0.05108355497713295,1.6116851363124913,0
next_close,drop4_breadth5,-0.04,5,pure_horizon_12,stress,12,8.0,10.0,2026-02-06 03:15:00+00:00,BNBUSDT,0.05126913355073941,1.6629542698632307,0
next_close,drop4_breadth5,-0.04,5,pure_horizon_12,stress,12,8.0,10.0,2026-02-06 03:15:00+00:00,BTCUSDT,0.05082222378914718,1.7137764936523778,0
next_close,drop4_breadth5,-0.04,5,pure_horizon_12,stress,12,8.0,10.0,2026-02-06 03:15:00+00:00,LINKUSDT,0.07094543959514571,1.7847219332475235,0
next_close,drop4_breadth5,-0.04,5,pure_horizon_12,stress,12,8.0,10.0,2026-02-06 03:15:00+00:00,LTCUSDT,0.05811664929733555,1.842838582544859,0
next_close,drop4_breadth5,-0.04,5,pure_horizon_12,stress,12,8.0,10.0,2026-02-06 03:15:00+00:00,SOLUSDT,0.07388400966122505,1.916722592206084,0
next_close,drop4_breadth5,-0.04,5,pure_horizon_12,stress,12,8.0,10.0,2026-02-06 03:15:00+00:00,XRPUSDT,0.09627143137819522,2.0129940235842794,0
next_open,drop4_breadth5,-0.04,5,pure_horizon_12,stress,12,8.0,10.0,2025-05-30 04:00:00+00:00,ADAUSDT,0.01746724185168596,0.01746724185168596,0
next_open,drop4_breadth5,-0.04,5,pure_horizon_12,stress,12,8.0,10.0,2025-05-30 04:00:00+00:00,LINKUSDT,0.013053866711708873,0.030521108563394832,0
next_open,drop4_breadth5,-0.04,5,pure_horizon_12,stress,12,8.0,10.0,2025-10-11 00:00:00+00:00,ADAUSDT,-0.09794342233338321,-0.06742231376998838,17
next_open,drop4_breadth5,-0.04,5,pure_horizon_12,stress,12,8.0,10.0,2025-10-11 00:00:00+00:00,AVAXUSDT,-0.17029092031079057,-0.23771323408077893,17
next_open,drop4_breadth5,-0.04,5,pure_horizon_12,stress,12,8.0,10.0,2025-10-11 00:00:00+00:00,LINKUSDT,-0.11002837437110863,-0.34774160845188756,17
next_open,drop4_breadth5,-0.04,5,pure_horizon_12,stress,12,8.0,10.0,2025-10-11 00:00:00+00:00,SOLUSDT,-0.04481596615221191,-0.39255757460409946,17
next_open,drop4_breadth5,-0.04,5,pure_horizon_12,stress,12,8.0,10.0,2025-10-11 00:00:00+00:00,XRPUSDT,-0.056694698979158534,-0.449252273583258,17
next_open,drop4_breadth5,-0.04,5,pure_horizon_12,stress,12,8.0,10.0,2025-10-11 00:15:00+00:00,ADAUSDT,-0.01495113771700991,-0.4642034113002679,11
next_open,drop4_breadth5,-0.04,5,pure_horizon_12,stress,12,8.0,10.0,2025-10-11 00:15:00+00:00,AVAXUSDT,-0.08725558010195261,-0.5514589914022205,11
next_open,drop4_breadth5,-0.04,5,pure_horizon_12,stress,12,8.0,10.0,2025-10-11 00:15:00+00:00,BNBUSDT,-0.004072690866196947,-0.5555316822684175,11
next_open,drop4_breadth5,-0.04,5,pure_horizon_12,stress,12,8.0,10.0,2025-10-11 00:15:00+00:00,LINKUSDT,-0.03349360750607962,-0.5890252897744972,11
next_open,drop4_breadth5,-0.04,5,pure_horizon_12,stress,12,8.0,10.0,2025-10-11 00:15:00+00:00,SOLUSDT,0.009715159241277239,-0.57931013053322,11
next_open,drop4_breadth5,-0.04,5,pure_horizon_12,stress,12,8.0,10.0,2025-10-11 00:15:00+00:00,XRPUSDT,0.03349094076367791,-0.5458191897695421,11
next_open,drop4_breadth5,-0.04,5,pure_horizon_12,stress,12,8.0,10.0,2025-10-11 00:30:00+00:00,ADAUSDT,0.389193411405258,-0.15662577836428415,5
next_open,drop4_breadth5,-0.04,5,pure_horizon_12,stress,12,8.0,10.0,2025-10-11 00:30:00+00:00,AVAXUSDT,0.1563318457844845,-0.0002939325797996495,5
next_open,drop4_breadth5,-0.04,5,pure_horizon_12,stress,12,8.0,10.0,2025-10-11 00:30:00+00:00,BNBUSDT,0.13147275966732602,0.13117882708752637,5
next_open,drop4_breadth5,-0.04,5,pure_horizon_12,stress,12,8.0,10.0,2025-10-11 00:30:00+00:00,LINKUSDT,0.341439566456899,0.47261839354442536,5
next_open,drop4_breadth5,-0.04,5,pure_horizon_12,stress,12,8.0,10.0,2025-10-11 00:30:00+00:00,SOLUSDT,0.08309503609110674,0.5557134296355322,5
next_open,drop4_breadth5,-0.04,5,pure_horizon_12,stress,12,8.0,10.0,2025-10-11 00:30:00+00:00,XRPUSDT,0.21239018698262485,0.768103616618157,5
next_open,drop4_breadth5,-0.04,5,pure_horizon_12,stress,12,8.0,10.0,2025-10-11 01:30:00+00:00,ADAUSDT,0.08128715416814597,0.8493907707863029,2
next_open,drop4_breadth5,-0.04,5,pure_horizon_12,stress,12,8.0,10.0,2025-10-11 01:30:00+00:00,AVAXUSDT,0.02840631150645994,0.8777970822927628,2
next_open,drop4_breadth5,-0.04,5,pure_horizon_12,stress,12,8.0,10.0,2025-10-11 01:30:00+00:00,LTCUSDT,0.03742175655564366,0.9152188388484064,2
next_open,drop4_breadth5,-0.04,5,pure_horizon_12,stress,12,8.0,10.0,2025-10-11 03:00:00+00:00,AVAXUSDT,0.06602441458992186,0.9812432534383282,0
next_open,drop4_breadth5,-0.04,5,pure_horizon_12,stress,12,8.0,10.0,2025-10-11 03:00:00+00:00,LTCUSDT,0.01898309497094513,1.0002263484092733,0
next_open,drop4_breadth5,-0.04,5,pure_horizon_12,stress,12,8.0,10.0,2025-11-03 18:30:00+00:00,LINKUSDT,0.0011168663591135013,1.0013432147683867,0
next_open,drop4_breadth5,-0.04,5,pure_horizon_12,stress,12,8.0,10.0,2025-11-03 18:30:00+00:00,SOLUSDT,-0.0008616312578166405,1.00048158351057,0
next_open,drop4_breadth5,-0.04,5,pure_horizon_12,stress,12,8.0,10.0,2026-01-19 03:15:00+00:00,ADAUSDT,0.007768131868132012,1.008249715378702,0
next_open,drop4_breadth5,-0.04,5,pure_horizon_12,stress,12,8.0,10.0,2026-01-19 03:15:00+00:00,LTCUSDT,0.008073693329483201,1.0163234087081852,0
next_open,drop4_breadth5,-0.04,5,pure_horizon_12,stress,12,8.0,10.0,2026-02-06 03:15:00+00:00,ADAUSDT,0.07652083204753374,1.0928442407557188,0
next_open,drop4_breadth5,-0.04,5,pure_horizon_12,stress,12,8.0,10.0,2026-02-06 03:15:00+00:00,AVAXUSDT,0.06206171487840089,1.1549059556341197,0
next_open,drop4_breadth5,-0.04,5,pure_horizon_12,stress,12,8.0,10.0,2026-02-06 03:15:00+00:00,BNBUSDT,0.06227643462765369,1.2171823902617733,0
next_open,drop4_breadth5,-0.04,5,pure_horizon_12,stress,12,8.0,10.0,2026-02-06 03:15:00+00:00,BTCUSDT,0.07035189579526807,1.2875342860570413,0
next_open,drop4_breadth5,-0.04,5,pure_horizon_12,stress,12,8.0,10.0,2026-02-06 03:15:00+00:00,LINKUSDT,0.08370693211601804,1.3712412181730593,0
next_open,drop4_breadth5,-0.04,5,pure_horizon_12,stress,12,8.0,10.0,2026-02-06 03:15:00+00:00,LTCUSDT,0.06580230759002098,1.4370435257630803,0
next_open,drop4_breadth5,-0.04,5,pure_horizon_12,stress,12,8.0,10.0,2026-02-06 03:15:00+00:00,SOLUSDT,0.05574116547169665,1.4927846912347769,0
next_open,drop4_breadth5,-0.04,5,pure_horizon_12,stress,12,8.0,10.0,2026-02-06 03:15:00+00:00,XRPUSDT,0.10461698092209232,1.5974016721568691,0
next_close,drop4_breadth5,-0.04,5,pure_horizon_6,base,6,4.0,5.0,2025-05-30 02:30:00+00:00,ADAUSDT,0.009273689885198302,0.009273689885198302,0
next_close,drop4_breadth5,-0.04,5,pure_horizon_6,base,6,4.0,5.0,2025-05-30 02:30:00+00:00,LINKUSDT,0.008012785721982187,0.01728647560718049,0
next_close,drop4_breadth5,-0.04,5,pure_horizon_6,base,6,4.0,5.0,2025-10-10 22:30:00+00:00,ADAUSDT,-0.1014538691920562,-0.08416739358487571,15
next_close,drop4_breadth5,-0.04,5,pure_horizon_6,base,6,4.0,5.0,2025-10-10 22:30:00+00:00,AVAXUSDT,-0.1110319929547959,-0.19519938653967162,15
next_close,drop4_breadth5,-0.04,5,pure_horizon_6,base,6,4.0,5.0,2025-10-10 22:30:00+00:00,LINKUSDT,-0.09748280905766069,-0.29268219559733233,15
next_close,drop4_breadth5,-0.04,5,pure_horizon_6,base,6,4.0,5.0,2025-10-10 22:30:00+00:00,SOLUSDT,0.0109874471707764,-0.28169474842655595,15
next_close,drop4_breadth5,-0.04,5,pure_horizon_6,base,6,4.0,5.0,2025-10-10 22:30:00+00:00,XRPUSDT,0.005355226242942069,-0.2763395221836139,15
next_close,drop4_breadth5,-0.04,5,pure_horizon_6,base,6,4.0,5.0,2025-10-10 22:45:00+00:00,ADAUSDT,0.33835496678744004,0.06201544460382613,9
next_close,drop4_breadth5,-0.04,5,pure_horizon_6,base,6,4.0,5.0,2025-10-10 22:45:00+00:00,AVAXUSDT,0.14596725140029865,0.20798269600412478,9
next_close,drop4_breadth5,-0.04,5,pure_horizon_6,base,6,4.0,5.0,2025-10-10 22:45:00+00:00,BNBUSDT,0.12776055073874948,0.33574324674287426,9
next_close,drop4_breadth5,-0.04,5,pure_horizon_6,base,6,4.0,5.0,2025-10-10 22:45:00+00:00,LINKUSDT,0.2874333222695763,0.6231765690124506,9
next_close,drop4_breadth5,-0.04,5,pure_horizon_6,base,6,4.0,5.0,2025-10-10 22:45:00+00:00,SOLUSDT,0.08084790407278289,0.7040244730852334,9
next_close,drop4_breadth5,-0.04,5,pure_horizon_6,base,6,4.0,5.0,2025-10-10 22:45:00+00:00,XRPUSDT,0.20709643758367735,0.9111209106689108,9
next_close,drop4_breadth5,-0.04,5,pure_horizon_6,base,6,4.0,5.0,2025-10-10 23:00:00+00:00,ADAUSDT,0.027479529637291743,0.9386004403062025,3
next_close,drop4_breadth5,-0.04,5,pure_horizon_6,base,6,4.0,5.0,2025-10-10 23:00:00+00:00,AVAXUSDT,-0.06352665259311693,0.8750737877130855,3
next_close,drop4_breadth5,-0.04,5,pure_horizon_6,base,6,4.0,5.0,2025-10-10 23:00:00+00:00,BNBUSDT,0.007287123205317681,0.8823609109184032,3
next_close,drop4_breadth5,-0.04,5,pure_horizon_6,base,6,4.0,5.0,2025-10-10 23:00:00+00:00,LINKUSDT,0.029968445276685206,0.9123293561950884,3
next_close,drop4_breadth5,-0.04,5,pure_horizon_6,base,6,4.0,5.0,2025-10-10 23:00:00+00:00,SOLUSDT,-0.03207847386963633,0.880250882325452,3
next_close,drop4_breadth5,-0.04,5,pure_horizon_6,base,6,4.0,5.0,2025-10-10 23:00:00+00:00,XRPUSDT,0.0248451722545008,0.9050960545799528,3
next_close,drop4_breadth5,-0.04,5,pure_horizon_6,base,6,4.0,5.0,2025-10-11 00:00:00+00:00,ADAUSDT,0.10685054556553034,1.011946600145483,2
next_close,drop4_breadth5,-0.04,5,pure_horizon_6,base,6,4.0,5.0,2025-10-11 00:00:00+00:00,AVAXUSDT,0.012752121975744404,1.0246987221212276,2
next_close,drop4_breadth5,-0.04,5,pure_horizon_6,base,6,4.0,5.0,2025-10-11 00:00:00+00:00,LTCUSDT,0.027969599616323303,1.052668321737551,2
next_close,drop4_breadth5,-0.04,5,pure_horizon_6,base,6,4.0,5.0,2025-10-11 01:30:00+00:00,AVAXUSDT,0.0011266032018083746,1.0537949249393594,0
next_close,drop4_breadth5,-0.04,5,pure_horizon_6,base,6,4.0,5.0,2025-10-11 01:30:00+00:00,LTCUSDT,-0.027949206582802512,1.025845718356557,0
next_close,drop4_breadth5,-0.04,5,pure_horizon_6,base,6,4.0,5.0,2025-11-03 17:00:00+00:00,LINKUSDT,0.0234883345526399,1.049334052909197,0
next_close,drop4_breadth5,-0.04,5,pure_horizon_6,base,6,4.0,5.0,2025-11-03 17:00:00+00:00,SOLUSDT,0.007132907652039578,1.0564669605612367,0
next_close,drop4_breadth5,-0.04,5,pure_horizon_6,base,6,4.0,5.0,2026-01-19 01:45:00+00:00,ADAUSDT,0.007640749052933461,1.0641077096141702,0
next_close,drop4_breadth5,-0.04,5,pure_horizon_6,base,6,4.0,5.0,2026-01-19 01:45:00+00:00,LTCUSDT,0.0019507182013961627,1.0660584278155665,0
next_close,drop4_breadth5,-0.04,5,pure_horizon_6,base,6,4.0,5.0,2026-02-06 01:45:00+00:00,ADAUSDT,0.08443273969402867,1.1504911675095952,0
next_close,drop4_breadth5,-0.04,5,pure_horizon_6,base,6,4.0,5.0,2026-02-06 01:45:00+00:00,AVAXUSDT,0.07546774023793437,1.2259589077475297,0
next_close,drop4_breadth5,-0.04,5,pure_horizon_6,base,6,4.0,5.0,2026-02-06 01:45:00+00:00,BNBUSDT,0.06900850649410697,1.2949674142416367,0
next_close,drop4_breadth5,-0.04,5,pure_horizon_6,base,6,4.0,5.0,2026-02-06 01:45:00+00:00,BTCUSDT,0.06907704338183143,1.3640444576234683,0
next_close,drop4_breadth5,-0.04,5,pure_horizon_6,base,6,4.0,5.0,2026-02-06 01:45:00+00:00,LINKUSDT,0.08937064156323751,1.4534150991867059,0
next_close,drop4_breadth5,-0.04,5,pure_horizon_6,base,6,4.0,5.0,2026-02-06 01:45:00+00:00,LTCUSDT,0.07584412181880276,1.5292592210055087,0
next_close,drop4_breadth5,-0.04,5,pure_horizon_6,base,6,4.0,5.0,2026-02-06 01:45:00+00:00,SOLUSDT,0.11594486244922578,1.6452040834547346,0
next_close,drop4_breadth5,-0.04,5,pure_horizon_6,base,6,4.0,5.0,2026-02-06 01:45:00+00:00,XRPUSDT,0.10691933665494693,1.7521234201096816,0
next_open,drop4_breadth5,-0.04,5,pure_horizon_6,base,6,4.0,5.0,2025-05-30 02:30:00+00:00,ADAUSDT,0.02679701542896331,0.02679701542896331,0
next_open,drop4_breadth5,-0.04,5,pure_horizon_6,base,6,4.0,5.0,2025-05-30 02:30:00+00:00,LINKUSDT,0.020286300564956637,0.04708331599391995,0
next_open,drop4_breadth5,-0.04,5,pure_horizon_6,base,6,4.0,5.0,2025-10-10 22:30:00+00:00,ADAUSDT,-0.18496816410534267,-0.1378848481114227,15
next_open,drop4_breadth5,-0.04,5,pure_horizon_6,base,6,4.0,5.0,2025-10-10 22:30:00+00:00,AVAXUSDT,-0.18060628516235422,-0.3184911332737769,15
next_open,drop4_breadth5,-0.04,5,pure_horizon_6,base,6,4.0,5.0,2025-10-10 22:30:00+00:00,LINKUSDT,-0.16989439558763886,-0.4883855288614158,15
next_open,drop4_breadth5,-0.04,5,pure_horizon_6,base,6,4.0,5.0,2025-10-10 22:30:00+00:00,SOLUSDT,-0.049097872907589796,-0.5374834017690056,15
next_open,drop4_breadth5,-0.04,5,pure_horizon_6,base,6,4.0,5.0,2025-10-10 22:30:00+00:00,XRPUSDT,-0.07776211987752388,-0.6152455216465295,15
next_open,drop4_breadth5,-0.04,5,pure_horizon_6,base,6,4.0,5.0,2025-10-10 22:45:00+00:00,ADAUSDT,-0.052171854426360714,-0.6674173760728902,9
next_open,drop4_breadth5,-0.04,5,pure_horizon_6,base,6,4.0,5.0,2025-10-10 22:45:00+00:00,AVAXUSDT,-0.10131811997506954,-0.7687354960479598,9
next_open,drop4_breadth5,-0.04,5,pure_horizon_6,base,6,4.0,5.0,2025-10-10 22:45:00+00:00,BNBUSDT,-0.004390487734531301,-0.7731259837824911,9
next_open,drop4_breadth5,-0.04,5,pure_horizon_6,base,6,4.0,5.0,2025-10-10 22:45:00+00:00,LINKUSDT,-0.06704602509435706,-0.8401720088768482,9
next_open,drop4_breadth5,-0.04,5,pure_horizon_6,base,6,4.0,5.0,2025-10-10 22:45:00+00:00,SOLUSDT,0.016005110082677597,-0.8241668987941706,9
next_open,drop4_breadth5,-0.04,5,pure_horizon_6,base,6,4.0,5.0,2025-10-10 22:45:00+00:00,XRPUSDT,0.024638086668705615,-0.799528812125465,9
next_open,drop4_breadth5,-0.04,5,pure_horizon_6,base,6,4.0,5.0,2025-10-10 23:00:00+00:00,ADAUSDT,0.3313451662973027,-0.4681836458281623,3
next_open,drop4_breadth5,-0.04,5,pure_horizon_6,base,6,4.0,5.0,2025-10-10 23:00:00+00:00,AVAXUSDT,0.15210117415017488,-0.3160824716779874,3
next_open,drop4_breadth5,-0.04,5,pure_horizon_6,base,6,4.0,5.0,2025-10-10 23:00:00+00:00,BNBUSDT,0.12349570071796237,-0.19258677096002505,3
next_open,drop4_breadth5,-0.04,5,pure_horizon_6,base,6,4.0,5.0,2025-10-10 23:00:00+00:00,LINKUSDT,0.2867102476420059,0.09412347668198087,3
next_open,drop4_breadth5,-0.04,5,pure_horizon_6,base,6,4.0,5.0,2025-10-10 23:00:00+00:00,SOLUSDT,0.0807331160112236,0.17485659269320447,3
next_open,drop4_breadth5,-0.04,5,pure_horizon_6,base,6,4.0,5.0,2025-10-10 23:00:00+00:00,XRPUSDT,0.2059251779737995,0.38078177066700397,3
next_open,drop4_breadth5,-0.04,5,pure_horizon_6,base,6,4.0,5.0,2025-10-11 00:00:00+00:00,ADAUSDT,0.1161953934878294,0.4969771641548334,2
next_open,drop4_breadth5,-0.04,5,pure_horizon_6,base,6,4.0,5.0,2025-10-11 00:00:00+00:00,AVAXUSDT,0.027225714388581145,0.5242028785434145,2
next_open,drop4_breadth5,-0.04,5,pure_horizon_6,base,6,4.0,5.0,2025-10-11 00:00:00+00:00,LTCUSDT,0.06721758718367102,0.5914204657270855,2
next_open,drop4_breadth5,-0.04,5,pure_horizon_6,base,6,4.0,5.0,2025-10-11 01:30:00+00:00,AVAXUSDT,0.011479796161687397,0.6029002618887729,0
next_open,drop4_breadth5,-0.04,5,pure_horizon_6,base,6,4.0,5.0,2025-10-11 01:30:00+00:00,LTCUSDT,-0.01779754524019115,0.5851027166485817,0
next_open,drop4_breadth5,-0.04,5,pure_horizon_6,base,6,4.0,5.0,2025-11-03 17:00:00+00:00,LINKUSDT,0.010031789644913493,0.5951345062934952,0
next_open,drop4_breadth5,-0.04,5,pure_horizon_6,base,6,4.0,5.0,2025-11-03 17:00:00+00:00,SOLUSDT,0.0070728293956378255,0.602207335689133,0
next_open,drop4_breadth5,-0.04,5,pure_horizon_6,base,6,4.0,5.0,2026-01-19 01:45:00+00:00,ADAUSDT,0.007080504192348425,0.6092878398814814,0
next_open,drop4_breadth5,-0.04,5,pure_horizon_6,base,6,4.0,5.0,2026-01-19 01:45:00+00:00,LTCUSDT,0.0019507182013961627,0.6112385580828775,0
next_open,drop4_breadth5,-0.04,5,pure_horizon_6,base,6,4.0,5.0,2026-02-06 01:45:00+00:00,ADAUSDT,0.09626992053711372,0.7075084786199912,0
next_open,drop4_breadth5,-0.04,5,pure_horizon_6,base,6,4.0,5.0,2026-02-06 01:45:00+00:00,AVAXUSDT,0.08669185340379917,0.7942003320237904,0
next_open,drop4_breadth5,-0.04,5,pure_horizon_6,base,6,4.0,5.0,2026-02-06 01:45:00+00:00,BNBUSDT,0.08019290154414685,0.8743932335679372,0
next_open,drop4_breadth5,-0.04,5,pure_horizon_6,base,6,4.0,5.0,2026-02-06 01:45:00+00:00,BTCUSDT,0.08893062236546148,0.9633238559333986,0
next_open,drop4_breadth5,-0.04,5,pure_horizon_6,base,6,4.0,5.0,2026-02-06 01:45:00+00:00,LINKUSDT,0.10234184443743502,1.0656657003708336,0
next_open,drop4_breadth5,-0.04,5,pure_horizon_6,base,6,4.0,5.0,2026-02-06 01:45:00+00:00,LTCUSDT,0.08365254761697641,1.1493182479878101,0
next_open,drop4_breadth5,-0.04,5,pure_horizon_6,base,6,4.0,5.0,2026-02-06 01:45:00+00:00,SOLUSDT,0.09710596958158116,1.2464242175693914,0
next_open,drop4_breadth5,-0.04,5,pure_horizon_6,base,6,4.0,5.0,2026-02-06 01:45:00+00:00,XRPUSDT,0.11533974576713404,1.3617639633365255,0
next_close,drop4_breadth5,-0.04,5,pure_horizon_6,stress,6,8.0,10.0,2025-05-30 02:30:00+00:00,ADAUSDT,0.007464120475233305,0.007464120475233305,0
next_close,drop4_breadth5,-0.04,5,pure_horizon_6,stress,6,8.0,10.0,2025-05-30 02:30:00+00:00,LINKUSDT,0.0062044765866733805,0.013668597061906686,0
next_close,drop4_breadth5,-0.04,5,pure_horizon_6,stress,6,8.0,10.0,2025-10-10 22:30:00+00:00,ADAUSDT,-0.10315276632374687,-0.08948416926184019,15
next_close,drop4_breadth5,-0.04,5,pure_horizon_6,stress,6,8.0,10.0,2025-10-10 22:30:00+00:00,AVAXUSDT,-0.11272131674460822,-0.20220548600644841,15
next_close,drop4_breadth5,-0.04,5,pure_horizon_6,stress,6,8.0,10.0,2025-10-10 22:30:00+00:00,LINKUSDT,-0.0991856752669314,-0.30139116127337984,15
next_close,drop4_breadth5,-0.04,5,pure_horizon_6,stress,6,8.0,10.0,2025-10-10 22:30:00+00:00,SOLUSDT,0.009176164859120251,-0.2922149964142596,15
next_close,drop4_breadth5,-0.04,5,pure_horizon_6,stress,6,8.0,10.0,2025-10-10 22:30:00+00:00,XRPUSDT,0.003549573340324176,-0.2886654230739354,15
next_close,drop4_breadth5,-0.04,5,pure_horizon_6,stress,6,8.0,10.0,2025-10-10 22:45:00+00:00,ADAUSDT,0.3362164803946055,0.04755105732067011,9
next_close,drop4_breadth5,-0.04,5,pure_horizon_6,stress,6,8.0,10.0,2025-10-10 22:45:00+00:00,AVAXUSDT,0.14402105667316417,0.19157211399383428,9
next_close,drop4_breadth5,-0.04,5,pure_horizon_6,stress,6,8.0,10.0,2025-10-10 22:45:00+00:00,BNBUSDT,0.12583255362257023,0.3174046676164045,9
next_close,drop4_breadth5,-0.04,5,pure_horizon_6,stress,6,8.0,10.0,2025-10-10 22:45:00+00:00,LINKUSDT,0.28534573209859726,0.6027503997150018,9
next_close,drop4_breadth5,-0.04,5,pure_horizon_6,stress,6,8.0,10.0,2025-10-10 22:45:00+00:00,SOLUSDT,0.0789667961821015,0.6817171958971033,9
next_close,drop4_breadth5,-0.04,5,pure_horizon_6,stress,6,8.0,10.0,2025-10-10 22:45:00+00:00,XRPUSDT,0.2050891441891443,0.8868063400862476,9
next_close,drop4_breadth5,-0.04,5,pure_horizon_6,stress,6,8.0,10.0,2025-10-10 23:00:00+00:00,ADAUSDT,0.025651763476851656,0.9124581035630992,3
next_close,drop4_breadth5,-0.04,5,pure_horizon_6,stress,6,8.0,10.0,2025-10-10 23:00:00+00:00,AVAXUSDT,-0.06526345800621985,0.8471946455568793,3
next_close,drop4_breadth5,-0.04,5,pure_horizon_6,stress,6,8.0,10.0,2025-10-10 23:00:00+00:00,BNBUSDT,0.005479539370237863,0.8526741849271171,3
next_close,drop4_breadth5,-0.04,5,pure_horizon_6,stress,6,8.0,10.0,2025-10-10 23:00:00+00:00,LINKUSDT,0.02813819144319845,0.8808123763703155,3
next_close,drop4_breadth5,-0.04,5,pure_horizon_6,stress,6,8.0,10.0,2025-10-10 23:00:00+00:00,SOLUSDT,-0.03384671176094019,0.8469656646093753,3
next_close,drop4_breadth5,-0.04,5,pure_horizon_6,stress,6,8.0,10.0,2025-10-10 23:00:00+00:00,XRPUSDT,0.023020039136238783,0.869985703745614,3
next_close,drop4_breadth5,-0.04,5,pure_horizon_6,stress,6,8.0,10.0,2025-10-11 00:00:00+00:00,ADAUSDT,0.10494344801519123,0.9749291517608052,2
next_close,drop4_breadth5,-0.04,5,pure_horizon_6,stress,6,8.0,10.0,2025-10-11 00:00:00+00:00,AVAXUSDT,0.010939075870298343,0.9858682276311035,2
next_close,drop4_breadth5,-0.04,5,pure_horizon_6,stress,6,8.0,10.0,2025-10-11 00:00:00+00:00,LTCUSDT,0.026141343630571794,1.0120095712616752,2
next_close,drop4_breadth5,-0.04,5,pure_horizon_6,stress,6,8.0,10.0,2025-10-11 01:30:00+00:00,AVAXUSDT,-0.0006748231889110543,1.0113347480727641,0
next_close,drop4_breadth5,-0.04,5,pure_horizon_6,stress,6,8.0,10.0,2025-10-11 01:30:00+00:00,LTCUSDT,-0.02972157167985385,0.9816131763929102,0
next_close,drop4_breadth5,-0.04,5,pure_horizon_6,stress,6,8.0,10.0,2025-11-03 17:00:00+00:00,LINKUSDT,0.021664557594677718,1.003277733987588,0
next_close,drop4_breadth5,-0.04,5,pure_horizon_6,stress,6,8.0,10.0,2025-11-03 17:00:00+00:00,SOLUSDT,0.005325477955521008,1.008603211943109,0
next_close,drop4_breadth5,-0.04,5,pure_horizon_6,stress,6,8.0,10.0,2026-01-19 01:45:00+00:00,ADAUSDT,0.005832811768554037,1.014436023711663,0
next_close,drop4_breadth5,-0.04,5,pure_horizon_6,stress,6,8.0,10.0,2026-01-19 01:45:00+00:00,LTCUSDT,0.00014846810711670734,1.0145844918187796,0
next_close,drop4_breadth5,-0.04,5,pure_horizon_6,stress,6,8.0,10.0,2026-02-06 01:45:00+00:00,ADAUSDT,0.08254804875745753,1.097132540576237,0
next_close,drop4_breadth5,-0.04,5,pure_horizon_6,stress,6,8.0,10.0,2026-02-06 01:45:00+00:00,AVAXUSDT,0.07359200982503761,1.1707245504012747,0
next_close,drop4_breadth5,-0.04,5,pure_horizon_6,stress,6,8.0,10.0,2026-02-06 01:45:00+00:00,BNBUSDT,0.06713923209017786,1.2378637824914525,0
next_close,drop4_breadth5,-0.04,5,pure_horizon_6,stress,6,8.0,10.0,2026-02-06 01:45:00+00:00,BTCUSDT,0.06720770047523167,1.305071482966684,0
next_close,drop4_breadth5,-0.04,5,pure_horizon_6,stress,6,8.0,10.0,2026-02-06 01:45:00+00:00,LINKUSDT,0.08748101519004786,1.3925524981567319,0
next_close,drop4_breadth5,-0.04,5,pure_horizon_6,stress,6,8.0,10.0,2026-02-06 01:45:00+00:00,LTCUSDT,0.07396801521223378,1.4665205133689656,0
next_close,drop4_breadth5,-0.04,5,pure_horizon_6,stress,6,8.0,10.0,2026-02-06 01:45:00+00:00,SOLUSDT,0.11402867512234632,1.5805491884913119,0
next_close,drop4_breadth5,-0.04,5,pure_horizon_6,stress,6,8.0,10.0,2026-02-06 01:45:00+00:00,XRPUSDT,0.10501217034786242,1.6855613588391742,0
next_open,drop4_breadth5,-0.04,5,pure_horizon_6,stress,6,8.0,10.0,2025-05-30 02:30:00+00:00,ADAUSDT,0.024969931441986053,0.024969931441986053,0
next_open,drop4_breadth5,-0.04,5,pure_horizon_6,stress,6,8.0,10.0,2025-05-30 02:30:00+00:00,LINKUSDT,0.018465724042364955,0.04343565548435101,0
next_open,drop4_breadth5,-0.04,5,pure_horizon_6,stress,6,8.0,10.0,2025-10-10 22:30:00+00:00,ADAUSDT,-0.18658358863668395,-0.14314793315233293,15
next_open,drop4_breadth5,-0.04,5,pure_horizon_6,stress,6,8.0,10.0,2025-10-10 22:30:00+00:00,AVAXUSDT,-0.18222606939496772,-0.32537400254730064,15
next_open,drop4_breadth5,-0.04,5,pure_horizon_6,stress,6,8.0,10.0,2025-10-10 22:30:00+00:00,LINKUSDT,-0.17152488636190938,-0.49689888890921,15
next_open,drop4_breadth5,-0.04,5,pure_horizon_6,stress,6,8.0,10.0,2025-10-10 22:30:00+00:00,SOLUSDT,-0.050849099896801156,-0.5477479888060112,15
next_open,drop4_breadth5,-0.04,5,pure_horizon_6,stress,6,8.0,10.0,2025-10-10 22:30:00+00:00,XRPUSDT,-0.07948469693040822,-0.6272326857364194,15
next_open,drop4_breadth5,-0.04,5,pure_horizon_6,stress,6,8.0,10.0,2025-10-10 22:45:00+00:00,ADAUSDT,-0.053920008968740565,-0.68115269470516,9
next_open,drop4_breadth5,-0.04,5,pure_horizon_6,stress,6,8.0,10.0,2025-10-10 22:45:00+00:00,AVAXUSDT,-0.10301715278820439,-0.7841698474933645,9
next_open,drop4_breadth5,-0.04,5,pure_horizon_6,stress,6,8.0,10.0,2025-10-10 22:45:00+00:00,BNBUSDT,-0.006186399788725771,-0.7903562472820903,9
next_open,drop4_breadth5,-0.04,5,pure_horizon_6,stress,6,8.0,10.0,2025-10-10 22:45:00+00:00,LINKUSDT,-0.06877931289200784,-0.8591355601740982,9
next_open,drop4_breadth5,-0.04,5,pure_horizon_6,stress,6,8.0,10.0,2025-10-10 22:45:00+00:00,SOLUSDT,0.014188812613181102,-0.8449467475609171,9
next_open,drop4_breadth5,-0.04,5,pure_horizon_6,stress,6,8.0,10.0,2025-10-10 22:45:00+00:00,XRPUSDT,0.022813160532641867,-0.8221335870282753,9
next_open,drop4_breadth5,-0.04,5,pure_horizon_6,stress,6,8.0,10.0,2025-10-10 23:00:00+00:00,ADAUSDT,0.32921368620531144,-0.4929199008229639,3
next_open,drop4_breadth5,-0.04,5,pure_horizon_6,stress,6,8.0,10.0,2025-10-10 23:00:00+00:00,AVAXUSDT,0.15014884856265548,-0.3427710522603084,3
next_open,drop4_breadth5,-0.04,5,pure_horizon_6,stress,6,8.0,10.0,2025-10-10 23:00:00+00:00,BNBUSDT,0.121571966322575,-0.2211990859377334,3
next_open,drop4_breadth5,-0.04,5,pure_horizon_6,stress,6,8.0,10.0,2025-10-10 23:00:00+00:00,LINKUSDT,0.2846233801846587,0.0634242942469253,3
next_open,drop4_breadth5,-0.04,5,pure_horizon_6,stress,6,8.0,10.0,2025-10-10 23:00:00+00:00,SOLUSDT,0.07885212285129556,0.14227641709822086,3
next_open,drop4_breadth5,-0.04,5,pure_horizon_6,stress,6,8.0,10.0,2025-10-10 23:00:00+00:00,XRPUSDT,0.20391905525412418,0.34619547235234505,3
next_open,drop4_breadth5,-0.04,5,pure_horizon_6,stress,6,8.0,10.0,2025-10-11 00:00:00+00:00,ADAUSDT,0.11427895575498886,0.4604744281073339,2
next_open,drop4_breadth5,-0.04,5,pure_horizon_6,stress,6,8.0,10.0,2025-10-11 00:00:00+00:00,AVAXUSDT,0.02539820191667213,0.48587263002400605,2
next_open,drop4_breadth5,-0.04,5,pure_horizon_6,stress,6,8.0,10.0,2025-10-11 00:00:00+00:00,LTCUSDT,0.06535010280493442,0.5512227328289405,2
next_open,drop4_breadth5,-0.04,5,pure_horizon_6,stress,6,8.0,10.0,2025-10-11 01:30:00+00:00,AVAXUSDT,0.009668021746846157,0.5608907545757866,0
next_open,drop4_breadth5,-0.04,5,pure_horizon_6,stress,6,8.0,10.0,2025-10-11 01:30:00+00:00,LTCUSDT,-0.01958005693036175,0.5413106976454248,0
next_open,drop4_breadth5,-0.04,5,pure_horizon_6,stress,6,8.0,10.0,2025-11-03 17:00:00+00:00,LINKUSDT,0.008221462513670775,0.5495321601590956,0
next_open,drop4_breadth5,-0.04,5,pure_horizon_6,stress,6,8.0,10.0,2025-11-03 17:00:00+00:00,SOLUSDT,0.0052654597473813965,0.5547976199064769,0
next_open,drop4_breadth5,-0.04,5,pure_horizon_6,stress,6,8.0,10.0,2026-01-19 01:45:00+00:00,ADAUSDT,0.005273126873127022,0.5600707467796039,0
next_open,drop4_breadth5,-0.04,5,pure_horizon_6,stress,6,8.0,10.0,2026-01-19 01:45:00+00:00,LTCUSDT,0.00014846810711670734,0.5602192148867206,0
next_open,drop4_breadth5,-0.04,5,pure_horizon_6,stress,6,8.0,10.0,2026-02-06 01:45:00+00:00,ADAUSDT,0.09437339832941932,0.6545926132161399,0
next_open,drop4_breadth5,-0.04,5,pure_horizon_6,stress,6,8.0,10.0,2026-02-06 01:45:00+00:00,AVAXUSDT,0.08480490448138195,0.7393975176975218,0
next_open,drop4_breadth5,-0.04,5,pure_horizon_6,stress,6,8.0,10.0,2026-02-06 01:45:00+00:00,BNBUSDT,0.07831244832898371,0.8177099660265055,0
next_open,drop4_breadth5,-0.04,5,pure_horizon_6,stress,6,8.0,10.0,2026-02-06 01:45:00+00:00,BTCUSDT,0.08704143579178975,0.9047514018182952,0
next_open,drop4_breadth5,-0.04,5,pure_horizon_6,stress,6,8.0,10.0,2026-02-06 01:45:00+00:00,LINKUSDT,0.10043925333725229,1.0051906551555474,0
next_open,drop4_breadth5,-0.04,5,pure_horizon_6,stress,6,8.0,10.0,2026-02-06 01:45:00+00:00,LTCUSDT,0.08176863648297089,1.0869592916385182,0
next_open,drop4_breadth5,-0.04,5,pure_horizon_6,stress,6,8.0,10.0,2026-02-06 01:45:00+00:00,SOLUSDT,0.09520861174224021,1.1821679033807584,0
next_open,drop4_breadth5,-0.04,5,pure_horizon_6,stress,6,8.0,10.0,2026-02-06 01:45:00+00:00,XRPUSDT,0.11342416325483168,1.29559206663559,0
next_close,drop4_breadth5,-0.04,5,scaled_exit_6_12,base,12,4.0,5.0,2025-05-30 04:00:00+00:00,ADAUSDT,0.005582626506840627,0.005582626506840627,0
next_close,drop4_breadth5,-0.04,5,scaled_exit_6_12,base,12,4.0,5.0,2025-05-30 04:00:00+00:00,LINKUSDT,0.005336707729657575,0.010919334236498202,0
next_close,drop4_breadth5,-0.04,5,scaled_exit_6_12,base,12,4.0,5.0,2025-10-11 00:00:00+00:00,ADAUSDT,-0.0525479885940828,-0.0416286543575846,17
next_close,drop4_breadth5,-0.04,5,scaled_exit_6_12,base,12,4.0,5.0,2025-10-11 00:00:00+00:00,AVAXUSDT,-0.10455173197884929,-0.14618038633643388,17
next_close,drop4_breadth5,-0.04,5,scaled_exit_6_12,base,12,4.0,5.0,2025-10-11 00:00:00+00:00,LINKUSDT,-0.06402146589028676,-0.21020185222672064,17
next_close,drop4_breadth5,-0.04,5,scaled_exit_6_12,base,12,4.0,5.0,2025-10-11 00:00:00+00:00,SOLUSDT,0.014197672367100147,-0.1960041798596205,17
next_close,drop4_breadth5,-0.04,5,scaled_exit_6_12,base,12,4.0,5.0,2025-10-11 00:00:00+00:00,XRPUSDT,0.01778874484326467,-0.1782154350163558,17
next_close,drop4_breadth5,-0.04,5,scaled_exit_6_12,base,12,4.0,5.0,2025-10-11 00:15:00+00:00,ADAUSDT,0.3658881836859351,0.1876727486695793,11
next_close,drop4_breadth5,-0.04,5,scaled_exit_6_12,base,12,4.0,5.0,2025-10-11 00:15:00+00:00,AVAXUSDT,0.15602467428748312,0.3436974229570624,11
next_close,drop4_breadth5,-0.04,5,scaled_exit_6_12,base,12,4.0,5.0,2025-10-11 00:15:00+00:00,BNBUSDT,0.1289587705064944,0.4726561934635568,11
next_close,drop4_breadth5,-0.04,5,scaled_exit_6_12,base,12,4.0,5.0,2025-10-11 00:15:00+00:00,LINKUSDT,0.3117982522642504,0.7844544457278072,11
next_close,drop4_breadth5,-0.04,5,scaled_exit_6_12,base,12,4.0,5.0,2025-10-11 00:15:00+00:00,SOLUSDT,0.07846605179542845,0.8629204975232356,11
next_close,drop4_breadth5,-0.04,5,scaled_exit_6_12,base,12,4.0,5.0,2025-10-11 00:15:00+00:00,XRPUSDT,0.21339157962171185,1.0763120771449475,11
next_close,drop4_breadth5,-0.04,5,scaled_exit_6_12,base,12,4.0,5.0,2025-10-11 00:30:00+00:00,ADAUSDT,0.050651790433706406,1.126963867578654,5
next_close,drop4_breadth5,-0.04,5,scaled_exit_6_12,base,12,4.0,5.0,2025-10-11 00:30:00+00:00,AVAXUSDT,-0.06101084434623075,1.0659530232324232,5
next_close,drop4_breadth5,-0.04,5,scaled_exit_6_12,base,12,4.0,5.0,2025-10-11 00:30:00+00:00,BNBUSDT,0.011730281768578068,1.0776833050010013,5
next_close,drop4_breadth5,-0.04,5,scaled_exit_6_12,base,12,4.0,5.0,2025-10-11 00:30:00+00:00,LINKUSDT,0.05273444879233405,1.1304177537933353,5
next_close,drop4_breadth5,-0.04,5,scaled_exit_6_12,base,12,4.0,5.0,2025-10-11 00:30:00+00:00,SOLUSDT,-0.030176399126119947,1.1002413546672154,5
next_close,drop4_breadth5,-0.04,5,scaled_exit_6_12,base,12,4.0,5.0,2025-10-11 00:30:00+00:00,XRPUSDT,0.028448755011240022,1.1286901096784554,5
next_close,drop4_breadth5,-0.04,5,scaled_exit_6_12,base,12,4.0,5.0,2025-10-11 01:30:00+00:00,ADAUSDT,0.09047628434374236,1.2191663940221977,2
next_close,drop4_breadth5,-0.04,5,scaled_exit_6_12,base,12,4.0,5.0,2025-10-11 01:30:00+00:00,AVAXUSDT,0.01423648477802333,1.2334028788002211,2
next_close,drop4_breadth5,-0.04,5,scaled_exit_6_12,base,12,4.0,5.0,2025-10-11 01:30:00+00:00,LTCUSDT,0.014505130418890812,1.247908009219112,2
next_close,drop4_breadth5,-0.04,5,scaled_exit_6_12,base,12,4.0,5.0,2025-10-11 03:00:00+00:00,AVAXUSDT,0.029044508265410184,1.2769525174845222,0
next_close,drop4_breadth5,-0.04,5,scaled_exit_6_12,base,12,4.0,5.0,2025-10-11 03:00:00+00:00,LTCUSDT,-0.00884766328492179,1.2681048541996005,0
next_close,drop4_breadth5,-0.04,5,scaled_exit_6_12,base,12,4.0,5.0,2025-11-03 18:30:00+00:00,LINKUSDT,0.019885145655908508,1.287989999855509,0
next_close,drop4_breadth5,-0.04,5,scaled_exit_6_12,base,12,4.0,5.0,2025-11-03 18:30:00+00:00,SOLUSDT,0.00406611427238226,1.2920561141278915,0
next_close,drop4_breadth5,-0.04,5,scaled_exit_6_12,base,12,4.0,5.0,2026-01-19 03:15:00+00:00,ADAUSDT,0.008890193813599147,1.3009463079414907,0
next_close,drop4_breadth5,-0.04,5,scaled_exit_6_12,base,12,4.0,5.0,2026-01-19 03:15:00+00:00,LTCUSDT,0.005917295409471191,1.306863603350962,0
next_close,drop4_breadth5,-0.04,5,scaled_exit_6_12,base,12,4.0,5.0,2026-02-06 03:15:00+00:00,ADAUSDT,0.07559393509977855,1.3824575384507405,0
next_close,drop4_breadth5,-0.04,5,scaled_exit_6_12,base,12,4.0,5.0,2026-02-06 03:15:00+00:00,AVAXUSDT,0.06420225295099671,1.4466597914017372,0
next_close,drop4_breadth5,-0.04,5,scaled_exit_6_12,base,12,4.0,5.0,2026-02-06 03:15:00+00:00,BNBUSDT,0.06106551820163722,1.5077253096033745,0
next_close,drop4_breadth5,-0.04,5,scaled_exit_6_12,base,12,4.0,5.0,2026-02-06 03:15:00+00:00,BTCUSDT,0.060876108197927464,1.568601417801302,0
next_close,drop4_breadth5,-0.04,5,scaled_exit_6_12,base,12,4.0,5.0,2026-02-06 03:15:00+00:00,LINKUSDT,0.08109458183788901,1.649695999639191,0
next_close,drop4_breadth5,-0.04,5,scaled_exit_6_12,base,12,4.0,5.0,2026-02-06 03:15:00+00:00,LTCUSDT,0.06791050920960542,1.7176065088487964,0
next_close,drop4_breadth5,-0.04,5,scaled_exit_6_12,base,12,4.0,5.0,2026-02-06 03:15:00+00:00,SOLUSDT,0.09585244733470136,1.8134589561834977,0
next_close,drop4_breadth5,-0.04,5,scaled_exit_6_12,base,12,4.0,5.0,2026-02-06 03:15:00+00:00,XRPUSDT,0.10254459461216317,1.916003550795661,0
next_open,drop4_breadth5,-0.04,5,scaled_exit_6_12,base,12,4.0,5.0,2025-05-30 04:00:00+00:00,ADAUSDT,0.023041917410530098,0.023041917410530098,0
next_open,drop4_breadth5,-0.04,5,scaled_exit_6_12,base,12,4.0,5.0,2025-05-30 04:00:00+00:00,LINKUSDT,0.0175776646159679,0.040619582026498,0
next_open,drop4_breadth5,-0.04,5,scaled_exit_6_12,base,12,4.0,5.0,2025-10-11 00:00:00+00:00,ADAUSDT,-0.1406037386772313,-0.0999841566507333,17
next_open,drop4_breadth5,-0.04,5,scaled_exit_6_12,base,12,4.0,5.0,2025-10-11 00:00:00+00:00,AVAXUSDT,-0.17463274005745694,-0.27461689670819023,17
next_open,drop4_breadth5,-0.04,5,scaled_exit_6_12,base,12,4.0,5.0,2025-10-11 00:00:00+00:00,LINKUSDT,-0.13911537593903456,-0.4137322726472248,17
next_open,drop4_breadth5,-0.04,5,scaled_exit_6_12,base,12,4.0,5.0,2025-10-11 00:00:00+00:00,SOLUSDT,-0.04607828795787519,-0.45981056060509995,17
next_open,drop4_breadth5,-0.04,5,scaled_exit_6_12,base,12,4.0,5.0,2025-10-11 00:00:00+00:00,XRPUSDT,-0.06635572019687055,-0.5261662808019705,17
next_open,drop4_breadth5,-0.04,5,scaled_exit_6_12,base,12,4.0,5.0,2025-10-11 00:15:00+00:00,ADAUSDT,-0.03266792460802628,-0.5588342054099967,11
next_open,drop4_breadth5,-0.04,5,scaled_exit_6_12,base,12,4.0,5.0,2025-10-11 00:15:00+00:00,AVAXUSDT,-0.09342944889929192,-0.6522636543092887,11
next_open,drop4_breadth5,-0.04,5,scaled_exit_6_12,base,12,4.0,5.0,2025-10-11 00:15:00+00:00,BNBUSDT,-0.0033325758895851095,-0.6555962301988738,11
next_open,drop4_breadth5,-0.04,5,scaled_exit_6_12,base,12,4.0,5.0,2025-10-11 00:15:00+00:00,LINKUSDT,-0.04938552071403038,-0.7049817509129042,11
next_open,drop4_breadth5,-0.04,5,scaled_exit_6_12,base,12,4.0,5.0,2025-10-11 00:15:00+00:00,SOLUSDT,0.013766045449947441,-0.6912157054629567,11
next_open,drop4_breadth5,-0.04,5,scaled_exit_6_12,base,12,4.0,5.0,2025-10-11 00:15:00+00:00,XRPUSDT,0.029982318347791546,-0.6612333871151652,11
next_open,drop4_breadth5,-0.04,5,scaled_exit_6_12,base,12,4.0,5.0,2025-10-11 00:30:00+00:00,ADAUSDT,0.36136503377731843,-0.2998683533378468,5
next_open,drop4_breadth5,-0.04,5,scaled_exit_6_12,base,12,4.0,5.0,2025-10-11 00:30:00+00:00,AVAXUSDT,0.15519576580777017,-0.1446725875300766,5
next_open,drop4_breadth5,-0.04,5,scaled_exit_6_12,base,12,4.0,5.0,2025-10-11 00:30:00+00:00,BNBUSDT,0.1284510502659244,-0.016221537264152208,5
next_open,drop4_breadth5,-0.04,5,scaled_exit_6_12,base,12,4.0,5.0,2025-10-11 00:30:00+00:00,LINKUSDT,0.3151467630966325,0.29892522583248027,5
next_open,drop4_breadth5,-0.04,5,scaled_exit_6_12,base,12,4.0,5.0,2025-10-11 00:30:00+00:00,SOLUSDT,0.08285669515006958,0.3817819209825498,5
next_open,drop4_breadth5,-0.04,5,scaled_exit_6_12,base,12,4.0,5.0,2025-10-11 00:30:00+00:00,XRPUSDT,0.2101649815248764,0.5919469025074262,5
next_open,drop4_breadth5,-0.04,5,scaled_exit_6_12,base,12,4.0,5.0,2025-10-11 01:30:00+00:00,ADAUSDT,0.09968298853328175,0.6916298910407079,2
next_open,drop4_breadth5,-0.04,5,scaled_exit_6_12,base,12,4.0,5.0,2025-10-11 01:30:00+00:00,AVAXUSDT,0.028731273991426297,0.7203611650321342,2
next_open,drop4_breadth5,-0.04,5,scaled_exit_6_12,base,12,4.0,5.0,2025-10-11 01:30:00+00:00,LTCUSDT,0.05323944289333252,0.7736006079254667,2
next_open,drop4_breadth5,-0.04,5,scaled_exit_6_12,base,12,4.0,5.0,2025-10-11 03:00:00+00:00,AVAXUSDT,0.03968618488989642,0.8132867928153631,0
next_open,drop4_breadth5,-0.04,5,scaled_exit_6_12,base,12,4.0,5.0,2025-10-11 03:00:00+00:00,LTCUSDT,0.0015033219416741525,0.8147901147570372,0
next_open,drop4_breadth5,-0.04,5,scaled_exit_6_12,base,12,4.0,5.0,2025-11-03 18:30:00+00:00,LINKUSDT,0.006475937490742179,0.8212660522477794,0
next_open,drop4_breadth5,-0.04,5,scaled_exit_6_12,base,12,4.0,5.0,2025-11-03 18:30:00+00:00,SOLUSDT,0.00400621881346388,0.8252722710612432,0
next_open,drop4_breadth5,-0.04,5,scaled_exit_6_12,base,12,4.0,5.0,2026-01-19 03:15:00+00:00,ADAUSDT,0.008329254817036082,0.8336015258782793,0
next_open,drop4_breadth5,-0.04,5,scaled_exit_6_12,base,12,4.0,5.0,2026-01-19 03:15:00+00:00,LTCUSDT,0.005917295409471191,0.8395188212877505,0
next_open,drop4_breadth5,-0.04,5,scaled_exit_6_12,base,12,4.0,5.0,2026-02-06 03:15:00+00:00,ADAUSDT,0.08733470664318813,0.9268535279309386,0
next_open,drop4_breadth5,-0.04,5,scaled_exit_6_12,base,12,4.0,5.0,2026-02-06 03:15:00+00:00,AVAXUSDT,0.07530888131317384,1.0021624092441124,0
next_open,drop4_breadth5,-0.04,5,scaled_exit_6_12,base,12,4.0,5.0,2026-02-06 03:15:00+00:00,BNBUSDT,0.07216687267160918,1.0743292819157215,0
next_open,drop4_breadth5,-0.04,5,scaled_exit_6_12,base,12,4.0,5.0,2026-02-06 03:15:00+00:00,BTCUSDT,0.08057750341855366,1.1549067853342752,0
next_open,drop4_breadth5,-0.04,5,scaled_exit_6_12,base,12,4.0,5.0,2026-02-06 03:15:00+00:00,LINKUSDT,0.0939673134768472,1.2488740988111224,0
next_open,drop4_breadth5,-0.04,5,scaled_exit_6_12,base,12,4.0,5.0,2026-02-06 03:15:00+00:00,LTCUSDT,0.07566139600848035,1.3245354948196029,0
next_open,drop4_breadth5,-0.04,5,scaled_exit_6_12,base,12,4.0,5.0,2026-02-06 03:15:00+00:00,SOLUSDT,0.07735250284149989,1.4018879976611027,0
next_open,drop4_breadth5,-0.04,5,scaled_exit_6_12,base,12,4.0,5.0,2026-02-06 03:15:00+00:00,XRPUSDT,0.110931748804497,1.5128197464655997,0
next_close,drop4_breadth5,-0.04,5,scaled_exit_6_12,stress,12,8.0,10.0,2025-05-30 04:00:00+00:00,ADAUSDT,0.00377674631748819,0.00377674631748819,0
next_close,drop4_breadth5,-0.04,5,scaled_exit_6_12,stress,12,8.0,10.0,2025-05-30 04:00:00+00:00,LINKUSDT,0.0035310733363074676,0.0073078196537956575,0
next_close,drop4_breadth5,-0.04,5,scaled_exit_6_12,stress,12,8.0,10.0,2025-10-11 00:00:00+00:00,ADAUSDT,-0.05429576719008007,-0.046987947536284415,17
next_close,drop4_breadth5,-0.04,5,scaled_exit_6_12,stress,12,8.0,10.0,2025-10-11 00:00:00+00:00,AVAXUSDT,-0.10624753279436311,-0.15323548033064752,17
next_close,drop4_breadth5,-0.04,5,scaled_exit_6_12,stress,12,8.0,10.0,2025-10-11 00:00:00+00:00,LINKUSDT,-0.0657577767371284,-0.21899325706777592,17
next_close,drop4_breadth5,-0.04,5,scaled_exit_6_12,stress,12,8.0,10.0,2025-10-11 00:00:00+00:00,SOLUSDT,0.012383181432954738,-0.20661007563482117,17
next_close,drop4_breadth5,-0.04,5,scaled_exit_6_12,stress,12,8.0,10.0,2025-10-11 00:00:00+00:00,XRPUSDT,0.015970664629488422,-0.19063941100533274,17
next_close,drop4_breadth5,-0.04,5,scaled_exit_6_12,stress,12,8.0,10.0,2025-10-11 00:15:00+00:00,ADAUSDT,0.36372217782217797,0.17308276681684523,11
next_close,drop4_breadth5,-0.04,5,scaled_exit_6_12,stress,12,8.0,10.0,2025-10-11 00:15:00+00:00,AVAXUSDT,0.15406842715863628,0.32715119397548154,11
next_close,drop4_breadth5,-0.04,5,scaled_exit_6_12,stress,12,8.0,10.0,2025-10-11 00:15:00+00:00,BNBUSDT,0.12702957576875945,0.454180769744241,11
next_close,drop4_breadth5,-0.04,5,scaled_exit_6_12,stress,12,8.0,10.0,2025-10-11 00:15:00+00:00,LINKUSDT,0.3096863093274831,0.7638670790717241,11
next_close,drop4_breadth5,-0.04,5,scaled_exit_6_12,stress,12,8.0,10.0,2025-10-11 00:15:00+00:00,SOLUSDT,0.07658732456788314,0.8404544036396073,11
next_close,drop4_breadth5,-0.04,5,scaled_exit_6_12,stress,12,8.0,10.0,2025-10-11 00:15:00+00:00,XRPUSDT,0.21137799422799447,1.0518323978676019,11
next_close,drop4_breadth5,-0.04,5,scaled_exit_6_12,stress,12,8.0,10.0,2025-10-11 00:30:00+00:00,ADAUSDT,0.04880086358123563,1.1006332614488374,5
next_close,drop4_breadth5,-0.04,5,scaled_exit_6_12,stress,12,8.0,10.0,2025-10-11 00:30:00+00:00,AVAXUSDT,-0.06275016431156173,1.0378830971372757,5
next_close,drop4_breadth5,-0.04,5,scaled_exit_6_12,stress,12,8.0,10.0,2025-10-11 00:30:00+00:00,BNBUSDT,0.00991825699318465,1.0478013541304603,5
next_close,drop4_breadth5,-0.04,5,scaled_exit_6_12,stress,12,8.0,10.0,2025-10-11 00:30:00+00:00,LINKUSDT,0.050881440321273216,1.0986827944517334,5
next_close,drop4_breadth5,-0.04,5,scaled_exit_6_12,stress,12,8.0,10.0,2025-10-11 00:30:00+00:00,SOLUSDT,-0.031946538142555166,1.0667362563091782,5
next_close,drop4_breadth5,-0.04,5,scaled_exit_6_12,stress,12,8.0,10.0,2025-10-11 00:30:00+00:00,XRPUSDT,0.02662002010931224,1.0933562764184905,5
next_close,drop4_breadth5,-0.04,5,scaled_exit_6_12,stress,12,8.0,10.0,2025-10-11 01:30:00+00:00,ADAUSDT,0.08858555287976494,1.1819418292982555,2
next_close,drop4_breadth5,-0.04,5,scaled_exit_6_12,stress,12,8.0,10.0,2025-10-11 01:30:00+00:00,AVAXUSDT,0.012421955050844025,1.1943637843490995,2
next_close,drop4_breadth5,-0.04,5,scaled_exit_6_12,stress,12,8.0,10.0,2025-10-11 01:30:00+00:00,LTCUSDT,0.012690332180192155,1.2070541165292916,2
next_close,drop4_breadth5,-0.04,5,scaled_exit_6_12,stress,12,8.0,10.0,2025-10-11 03:00:00+00:00,AVAXUSDT,0.027215177907658643,1.2342692944369502,0
next_close,drop4_breadth5,-0.04,5,scaled_exit_6_12,stress,12,8.0,10.0,2025-10-11 03:00:00+00:00,LTCUSDT,-0.01063912038881355,1.2236301740481366,0
next_close,drop4_breadth5,-0.04,5,scaled_exit_6_12,stress,12,8.0,10.0,2025-11-03 18:30:00+00:00,LINKUSDT,0.018064970087948766,1.2416951441360853,0
next_close,drop4_breadth5,-0.04,5,scaled_exit_6_12,stress,12,8.0,10.0,2025-11-03 18:30:00+00:00,SOLUSDT,0.0022617498381448014,1.24395689397423,0
next_close,drop4_breadth5,-0.04,5,scaled_exit_6_12,stress,12,8.0,10.0,2026-01-19 03:15:00+00:00,ADAUSDT,0.007081007708245202,1.2510379016824753,0
next_close,drop4_breadth5,-0.04,5,scaled_exit_6_12,stress,12,8.0,10.0,2026-01-19 03:15:00+00:00,LTCUSDT,0.004111080718299954,1.2551489824007753,0
next_close,drop4_breadth5,-0.04,5,scaled_exit_6_12,stress,12,8.0,10.0,2026-02-06 03:15:00+00:00,ADAUSDT,0.07371807855502305,1.3288670609557984,0
next_close,drop4_breadth5,-0.04,5,scaled_exit_6_12,stress,12,8.0,10.0,2026-02-06 03:15:00+00:00,AVAXUSDT,0.06233778240108528,1.3912048433568838,0
next_close,drop4_breadth5,-0.04,5,scaled_exit_6_12,stress,12,8.0,10.0,2026-02-06 03:15:00+00:00,BNBUSDT,0.059204182820458626,1.4504090261773424,0
next_close,drop4_breadth5,-0.04,5,scaled_exit_6_12,stress,12,8.0,10.0,2026-02-06 03:15:00+00:00,BTCUSDT,0.059014962132189416,1.5094239883095317,0
next_close,drop4_breadth5,-0.04,5,scaled_exit_6_12,stress,12,8.0,10.0,2026-02-06 03:15:00+00:00,LINKUSDT,0.07921322739259679,1.5886372157021285,0
next_close,drop4_breadth5,-0.04,5,scaled_exit_6_12,stress,12,8.0,10.0,2026-02-06 03:15:00+00:00,LTCUSDT,0.06604233225478467,1.6546795479569132,0
next_close,drop4_breadth5,-0.04,5,scaled_exit_6_12,stress,12,8.0,10.0,2026-02-06 03:15:00+00:00,SOLUSDT,0.09395634239178569,1.748635890348699,0
next_close,drop4_breadth5,-0.04,5,scaled_exit_6_12,stress,12,8.0,10.0,2026-02-06 03:15:00+00:00,XRPUSDT,0.10064180086302882,1.8492776912117277,0
next_open,drop4_breadth5,-0.04,5,scaled_exit_6_12,stress,12,8.0,10.0,2025-05-30 04:00:00+00:00,ADAUSDT,0.021218586646836006,0.021218586646836006,0
next_open,drop4_breadth5,-0.04,5,scaled_exit_6_12,stress,12,8.0,10.0,2025-05-30 04:00:00+00:00,LINKUSDT,0.015759795377036916,0.03697838202387292,0
next_open,drop4_breadth5,-0.04,5,scaled_exit_6_12,stress,12,8.0,10.0,2025-10-11 00:00:00+00:00,ADAUSDT,-0.14226350548503358,-0.10528512346116066,17
next_open,drop4_breadth5,-0.04,5,scaled_exit_6_12,stress,12,8.0,10.0,2025-10-11 00:00:00+00:00,AVAXUSDT,-0.17625849485287914,-0.2815436183140398,17
next_open,drop4_breadth5,-0.04,5,scaled_exit_6_12,stress,12,8.0,10.0,2025-10-11 00:00:00+00:00,LINKUSDT,-0.140776630366509,-0.4223202486805488,17
next_open,drop4_breadth5,-0.04,5,scaled_exit_6_12,stress,12,8.0,10.0,2025-10-11 00:00:00+00:00,SOLUSDT,-0.04783253302450653,-0.4701527817050553,17
next_open,drop4_breadth5,-0.04,5,scaled_exit_6_12,stress,12,8.0,10.0,2025-10-11 00:00:00+00:00,XRPUSDT,-0.06808969795478337,-0.5382424796598386,17
next_open,drop4_breadth5,-0.04,5,scaled_exit_6_12,stress,12,8.0,10.0,2025-10-11 00:15:00+00:00,ADAUSDT,-0.03443557334287524,-0.5726780530027139,11
next_open,drop4_breadth5,-0.04,5,scaled_exit_6_12,stress,12,8.0,10.0,2025-10-11 00:15:00+00:00,AVAXUSDT,-0.0951363664450785,-0.6678144194477924,11
next_open,drop4_breadth5,-0.04,5,scaled_exit_6_12,stress,12,8.0,10.0,2025-10-11 00:15:00+00:00,BNBUSDT,-0.005129545327461359,-0.6729439647752538,11
next_open,drop4_breadth5,-0.04,5,scaled_exit_6_12,stress,12,8.0,10.0,2025-10-11 00:15:00+00:00,LINKUSDT,-0.051136460199043735,-0.7240804249742975,11
next_open,drop4_breadth5,-0.04,5,scaled_exit_6_12,stress,12,8.0,10.0,2025-10-11 00:15:00+00:00,SOLUSDT,0.01195198592722917,-0.7121284390470684,11
next_open,drop4_breadth5,-0.04,5,scaled_exit_6_12,stress,12,8.0,10.0,2025-10-11 00:15:00+00:00,XRPUSDT,0.02815205064815989,-0.6839763883989085,11
next_open,drop4_breadth5,-0.04,5,scaled_exit_6_12,stress,12,8.0,10.0,2025-10-11 00:30:00+00:00,ADAUSDT,0.3592035488052847,-0.3247728395936238,5
next_open,drop4_breadth5,-0.04,5,scaled_exit_6_12,stress,12,8.0,10.0,2025-10-11 00:30:00+00:00,AVAXUSDT,0.15324034717357,-0.1715324924200538,5
next_open,drop4_breadth5,-0.04,5,scaled_exit_6_12,stress,12,8.0,10.0,2025-10-11 00:30:00+00:00,BNBUSDT,0.1265223629949505,-0.045010129425103296,5
next_open,drop4_breadth5,-0.04,5,scaled_exit_6_12,stress,12,8.0,10.0,2025-10-11 00:30:00+00:00,LINKUSDT,0.31303147332077885,0.26802134389567556,5
next_open,drop4_breadth5,-0.04,5,scaled_exit_6_12,stress,12,8.0,10.0,2025-10-11 00:30:00+00:00,SOLUSDT,0.08097357947120115,0.3489949233668767,5
next_open,drop4_breadth5,-0.04,5,scaled_exit_6_12,stress,12,8.0,10.0,2025-10-11 00:30:00+00:00,XRPUSDT,0.20815462111837452,0.5571495444852512,5
next_open,drop4_breadth5,-0.04,5,scaled_exit_6_12,stress,12,8.0,10.0,2025-10-11 01:30:00+00:00,ADAUSDT,0.09778305496156742,0.6549325994468187,2
next_open,drop4_breadth5,-0.04,5,scaled_exit_6_12,stress,12,8.0,10.0,2025-10-11 01:30:00+00:00,AVAXUSDT,0.026902256711566035,0.6818348561583847,2
next_open,drop4_breadth5,-0.04,5,scaled_exit_6_12,stress,12,8.0,10.0,2025-10-11 01:30:00+00:00,LTCUSDT,0.05138592968028903,0.7332207858386737,2
next_open,drop4_breadth5,-0.04,5,scaled_exit_6_12,stress,12,8.0,10.0,2025-10-11 03:00:00+00:00,AVAXUSDT,0.037846218168384,0.7710670040070576,0
next_open,drop4_breadth5,-0.04,5,scaled_exit_6_12,stress,12,8.0,10.0,2025-10-11 03:00:00+00:00,LTCUSDT,-0.0002984809797083141,0.7707685230273493,0
next_open,drop4_breadth5,-0.04,5,scaled_exit_6_12,stress,12,8.0,10.0,2025-11-03 18:30:00+00:00,LINKUSDT,0.004669164436392138,0.7754376874637414,0
next_open,drop4_breadth5,-0.04,5,scaled_exit_6_12,stress,12,8.0,10.0,2025-11-03 18:30:00+00:00,SOLUSDT,0.0022019142447823785,0.7776396017085238,0
next_open,drop4_breadth5,-0.04,5,scaled_exit_6_12,stress,12,8.0,10.0,2026-01-19 03:15:00+00:00,ADAUSDT,0.006520629370629517,0.7841602310791532,0
next_open,drop4_breadth5,-0.04,5,scaled_exit_6_12,stress,12,8.0,10.0,2026-01-19 03:15:00+00:00,LTCUSDT,0.004111080718299954,0.7882713117974531,0
next_open,drop4_breadth5,-0.04,5,scaled_exit_6_12,stress,12,8.0,10.0,2026-02-06 03:15:00+00:00,ADAUSDT,0.08544711518847653,0.8737184269859297,0
next_open,drop4_breadth5,-0.04,5,scaled_exit_6_12,stress,12,8.0,10.0,2026-02-06 03:15:00+00:00,AVAXUSDT,0.07343330967989142,0.9471517366658211,0
next_open,drop4_breadth5,-0.04,5,scaled_exit_6_12,stress,12,8.0,10.0,2026-02-06 03:15:00+00:00,BNBUSDT,0.0702944414783187,1.0174461781441397,0
next_open,drop4_breadth5,-0.04,5,scaled_exit_6_12,stress,12,8.0,10.0,2026-02-06 03:15:00+00:00,BTCUSDT,0.07869666579352891,1.0961428439376686,0
next_open,drop4_breadth5,-0.04,5,scaled_exit_6_12,stress,12,8.0,10.0,2026-02-06 03:15:00+00:00,LINKUSDT,0.09207309272663516,1.1882159366643037,0
next_open,drop4_breadth5,-0.04,5,scaled_exit_6_12,stress,12,8.0,10.0,2026-02-06 03:15:00+00:00,LTCUSDT,0.07378547203649594,1.2620014087007996,0
next_open,drop4_breadth5,-0.04,5,scaled_exit_6_12,stress,12,8.0,10.0,2026-02-06 03:15:00+00:00,SOLUSDT,0.07547488860696844,1.337476297307768,0
next_open,drop4_breadth5,-0.04,5,scaled_exit_6_12,stress,12,8.0,10.0,2026-02-06 03:15:00+00:00,XRPUSDT,0.109020572088462,1.4464968693962301,0
next_close,drop4_breadth5,-0.04,5,wide_stop_2atr_horizon_12,base,12,4.0,5.0,2025-05-30 04:00:00+00:00,ADAUSDT,0.0018915631284829543,0.0018915631284829543,0
next_close,drop4_breadth5,-0.04,5,wide_stop_2atr_horizon_12,base,12,4.0,5.0,2025-05-30 04:00:00+00:00,LINKUSDT,0.002660629737332965,0.004552192865815919,0
next_close,drop4_breadth5,-0.04,5,wide_stop_2atr_horizon_12,base,12,4.0,5.0,2025-10-10 21:15:00+00:00,ADAUSDT,-0.020252536818411528,-0.01570034395259561,6
next_close,drop4_breadth5,-0.04,5,wide_stop_2atr_horizon_12,base,12,4.0,5.0,2025-10-10 21:15:00+00:00,AVAXUSDT,-0.020056531768889198,-0.03575687572148481,6
next_close,drop4_breadth5,-0.04,5,wide_stop_2atr_horizon_12,base,12,4.0,5.0,2025-10-10 21:15:00+00:00,LINKUSDT,-0.023750610247673977,-0.05950748596915879,6
next_close,drop4_breadth5,-0.04,5,wide_stop_2atr_horizon_12,base,12,4.0,5.0,2025-10-10 21:15:00+00:00,SOLUSDT,-0.02197184628221014,-0.08147933225136893,6
next_close,drop4_breadth5,-0.04,5,wide_stop_2atr_horizon_12,base,12,4.0,5.0,2025-10-10 21:15:00+00:00,XRPUSDT,-0.020963033174946057,-0.10244236542631499,6
next_close,drop4_breadth5,-0.04,5,wide_stop_2atr_horizon_12,base,12,4.0,5.0,2025-10-10 21:45:00+00:00,SOLUSDT,-0.0461493067901729,-0.1485916722164879,11
next_close,drop4_breadth5,-0.04,5,wide_stop_2atr_horizon_12,base,12,4.0,5.0,2025-10-10 22:00:00+00:00,ADAUSDT,-0.06064680098762018,-0.20923847320410807,7
next_close,drop4_breadth5,-0.04,5,wide_stop_2atr_horizon_12,base,12,4.0,5.0,2025-10-10 22:00:00+00:00,AVAXUSDT,-0.05422182347914048,-0.26346029668324855,7
next_close,drop4_breadth5,-0.04,5,wide_stop_2atr_horizon_12,base,12,4.0,5.0,2025-10-10 22:00:00+00:00,LINKUSDT,-0.05771685158861614,-0.3211771482718647,7
next_close,drop4_breadth5,-0.04,5,wide_stop_2atr_horizon_12,base,12,4.0,5.0,2025-10-10 22:00:00+00:00,XRPUSDT,-0.05982467995750315,-0.3810018282293679,7
next_close,drop4_breadth5,-0.04,5,wide_stop_2atr_horizon_12,base,12,4.0,5.0,2025-10-11 00:15:00+00:00,ADAUSDT,0.3934214005844302,0.012419572355062303,6
next_close,drop4_breadth5,-0.04,5,wide_stop_2atr_horizon_12,base,12,4.0,5.0,2025-10-11 00:15:00+00:00,AVAXUSDT,0.1660820971746676,0.1785016695297299,6
next_close,drop4_breadth5,-0.04,5,wide_stop_2atr_horizon_12,base,12,4.0,5.0,2025-10-11 00:15:00+00:00,BNBUSDT,0.13015699027423933,0.3086586598039692,6
next_close,drop4_breadth5,-0.04,5,wide_stop_2atr_horizon_12,base,12,4.0,5.0,2025-10-11 00:15:00+00:00,LINKUSDT,0.3361631822589245,0.6448218420628937,6
next_close,drop4_breadth5,-0.04,5,wide_stop_2atr_horizon_12,base,12,4.0,5.0,2025-10-11 00:15:00+00:00,SOLUSDT,0.07608419951807402,0.7209060415809677,6
next_close,drop4_breadth5,-0.04,5,wide_stop_2atr_horizon_12,base,12,4.0,5.0,2025-10-11 00:15:00+00:00,XRPUSDT,0.21968672165974634,0.9405927632407141,6
next_close,drop4_breadth5,-0.04,5,wide_stop_2atr_horizon_12,base,12,4.0,5.0,2025-10-11 00:30:00+00:00,BNBUSDT,0.01617344033183845,0.9567662035725525,5
next_close,drop4_breadth5,-0.04,5,wide_stop_2atr_horizon_12,base,12,4.0,5.0,2025-10-11 01:30:00+00:00,ADAUSDT,0.07410202312195438,1.0308682266945068,2
next_close,drop4_breadth5,-0.04,5,wide_stop_2atr_horizon_12,base,12,4.0,5.0,2025-10-11 01:30:00+00:00,AVAXUSDT,0.015720847580302254,1.0465890742748092,2
next_close,drop4_breadth5,-0.04,5,wide_stop_2atr_horizon_12,base,12,4.0,5.0,2025-10-11 01:30:00+00:00,LTCUSDT,0.0010406612214583174,1.0476297354962676,2
next_close,drop4_breadth5,-0.04,5,wide_stop_2atr_horizon_12,base,12,4.0,5.0,2025-10-11 03:00:00+00:00,AVAXUSDT,0.056962413329012,1.1045921488252797,0
next_close,drop4_breadth5,-0.04,5,wide_stop_2atr_horizon_12,base,12,4.0,5.0,2025-10-11 03:00:00+00:00,LTCUSDT,0.010253880012958929,1.1148460288382387,0
next_close,drop4_breadth5,-0.04,5,wide_stop_2atr_horizon_12,base,12,4.0,5.0,2025-11-03 15:45:00+00:00,SOLUSDT,-0.012665425673293183,1.1021806031649455,1
next_close,drop4_breadth5,-0.04,5,wide_stop_2atr_horizon_12,base,12,4.0,5.0,2025-11-03 18:30:00+00:00,LINKUSDT,0.016281956759177117,1.1184625599241227,0
next_close,drop4_breadth5,-0.04,5,wide_stop_2atr_horizon_12,base,12,4.0,5.0,2026-01-19 03:15:00+00:00,ADAUSDT,0.010139638574264833,1.1286021984983876,0
next_close,drop4_breadth5,-0.04,5,wide_stop_2atr_horizon_12,base,12,4.0,5.0,2026-01-19 03:15:00+00:00,LTCUSDT,0.009883872617546221,1.138486071115934,0
next_close,drop4_breadth5,-0.04,5,wide_stop_2atr_horizon_12,base,12,4.0,5.0,2026-02-06 03:15:00+00:00,ADAUSDT,0.06675513050552842,1.2052412016214624,0
next_close,drop4_breadth5,-0.04,5,wide_stop_2atr_horizon_12,base,12,4.0,5.0,2026-02-06 03:15:00+00:00,AVAXUSDT,0.052936765664059054,1.2581779672855216,0
next_close,drop4_breadth5,-0.04,5,wide_stop_2atr_horizon_12,base,12,4.0,5.0,2026-02-06 03:15:00+00:00,BNBUSDT,0.053122529909167465,1.311300497194689,0
next_close,drop4_breadth5,-0.04,5,wide_stop_2atr_horizon_12,base,12,4.0,5.0,2026-02-06 03:15:00+00:00,BTCUSDT,0.052675173014023496,1.3639756702087127,0
next_close,drop4_breadth5,-0.04,5,wide_stop_2atr_horizon_12,base,12,4.0,5.0,2026-02-06 03:15:00+00:00,LINKUSDT,0.0728185221125405,1.4367941923212533,0
next_close,drop4_breadth5,-0.04,5,wide_stop_2atr_horizon_12,base,12,4.0,5.0,2026-02-06 03:15:00+00:00,LTCUSDT,0.059976896600408086,1.4967710889216614,0
next_close,drop4_breadth5,-0.04,5,wide_stop_2atr_horizon_12,base,12,4.0,5.0,2026-02-06 03:15:00+00:00,SOLUSDT,0.07576003222017694,1.5725311211418385,0
next_close,drop4_breadth5,-0.04,5,wide_stop_2atr_horizon_12,base,12,4.0,5.0,2026-02-06 03:15:00+00:00,XRPUSDT,0.0981698525693794,1.670700973711218,0
next_open,drop4_breadth5,-0.04,5,wide_stop_2atr_horizon_12,base,12,4.0,5.0,2025-05-30 04:00:00+00:00,ADAUSDT,0.019286819392096886,0.019286819392096886,0
next_open,drop4_breadth5,-0.04,5,wide_stop_2atr_horizon_12,base,12,4.0,5.0,2025-05-30 04:00:00+00:00,LINKUSDT,0.01486902866697917,0.03415584805907605,0
next_open,drop4_breadth5,-0.04,5,wide_stop_2atr_horizon_12,base,12,4.0,5.0,2025-10-10 21:00:00+00:00,ADAUSDT,-0.018492582897460454,0.0156632651616156,0
next_open,drop4_breadth5,-0.04,5,wide_stop_2atr_horizon_12,base,12,4.0,5.0,2025-10-10 21:00:00+00:00,AVAXUSDT,-0.01858988831603834,-0.0029266231544227417,0
next_open,drop4_breadth5,-0.04,5,wide_stop_2atr_horizon_12,base,12,4.0,5.0,2025-10-10 21:00:00+00:00,LINKUSDT,-0.021950927563782564,-0.024877550718205306,0
next_open,drop4_breadth5,-0.04,5,wide_stop_2atr_horizon_12,base,12,4.0,5.0,2025-10-10 21:00:00+00:00,SOLUSDT,-0.020744242101163525,-0.04562179281936883,0
next_open,drop4_breadth5,-0.04,5,wide_stop_2atr_horizon_12,base,12,4.0,5.0,2025-10-10 21:00:00+00:00,XRPUSDT,-0.019338692226797384,-0.06496048504616622,0
next_open,drop4_breadth5,-0.04,5,wide_stop_2atr_horizon_12,base,12,4.0,5.0,2025-10-10 21:15:00+00:00,ADAUSDT,-0.03534960526215422,-0.10031009030832044,0
next_open,drop4_breadth5,-0.04,5,wide_stop_2atr_horizon_12,base,12,4.0,5.0,2025-10-10 21:15:00+00:00,AVAXUSDT,-0.03406832600707618,-0.13437841631539663,0
next_open,drop4_breadth5,-0.04,5,wide_stop_2atr_horizon_12,base,12,4.0,5.0,2025-10-10 21:15:00+00:00,BNBUSDT,-0.025236216065617857,-0.15961463238101448,0
next_open,drop4_breadth5,-0.04,5,wide_stop_2atr_horizon_12,base,12,4.0,5.0,2025-10-10 21:15:00+00:00,LINKUSDT,-0.035039708255957897,-0.19465434063697237,0
next_open,drop4_breadth5,-0.04,5,wide_stop_2atr_horizon_12,base,12,4.0,5.0,2025-10-10 21:15:00+00:00,SOLUSDT,-0.03223069318810953,-0.2268850338250819,0
next_open,drop4_breadth5,-0.04,5,wide_stop_2atr_horizon_12,base,12,4.0,5.0,2025-10-10 21:15:00+00:00,XRPUSDT,-0.03817052433058052,-0.2650555581556624,0
next_open,drop4_breadth5,-0.04,5,wide_stop_2atr_horizon_12,base,12,4.0,5.0,2025-10-11 00:30:00+00:00,ADAUSDT,0.39138490125733416,0.12632934310167176,5
next_open,drop4_breadth5,-0.04,5,wide_stop_2atr_horizon_12,base,12,4.0,5.0,2025-10-11 00:30:00+00:00,AVAXUSDT,0.15829035746536546,0.2846197005670372,5
next_open,drop4_breadth5,-0.04,5,wide_stop_2atr_horizon_12,base,12,4.0,5.0,2025-10-11 00:30:00+00:00,BNBUSDT,0.13340639981388647,0.4180261003809237,5
next_open,drop4_breadth5,-0.04,5,wide_stop_2atr_horizon_12,base,12,4.0,5.0,2025-10-11 00:30:00+00:00,LINKUSDT,0.34358327855125903,0.7616093789321827,5
next_open,drop4_breadth5,-0.04,5,wide_stop_2atr_horizon_12,base,12,4.0,5.0,2025-10-11 00:30:00+00:00,SOLUSDT,0.08498027428891555,0.8465896532210982,5
next_open,drop4_breadth5,-0.04,5,wide_stop_2atr_horizon_12,base,12,4.0,5.0,2025-10-11 00:30:00+00:00,XRPUSDT,0.21440478507595329,1.0609944382970515,5
next_open,drop4_breadth5,-0.04,5,wide_stop_2atr_horizon_12,base,12,4.0,5.0,2025-10-11 01:30:00+00:00,ADAUSDT,0.08317058357873411,1.1441650218757857,2
next_open,drop4_breadth5,-0.04,5,wide_stop_2atr_horizon_12,base,12,4.0,5.0,2025-10-11 01:30:00+00:00,AVAXUSDT,0.03023683359427145,1.1744018554700573,2
next_open,drop4_breadth5,-0.04,5,wide_stop_2atr_horizon_12,base,12,4.0,5.0,2025-10-11 01:30:00+00:00,LTCUSDT,0.039261298602994016,1.2136631540730514,2
next_open,drop4_breadth5,-0.04,5,wide_stop_2atr_horizon_12,base,12,4.0,5.0,2025-10-11 03:00:00+00:00,AVAXUSDT,0.06789257361810544,1.2815557276911569,0
next_open,drop4_breadth5,-0.04,5,wide_stop_2atr_horizon_12,base,12,4.0,5.0,2025-10-11 03:00:00+00:00,LTCUSDT,0.02080418912353945,1.3023599168146964,0
next_open,drop4_breadth5,-0.04,5,wide_stop_2atr_horizon_12,base,12,4.0,5.0,2025-11-03 15:30:00+00:00,LINKUSDT,-0.017352132581687975,1.2850077842330085,0
next_open,drop4_breadth5,-0.04,5,wide_stop_2atr_horizon_12,base,12,4.0,5.0,2025-11-03 15:30:00+00:00,SOLUSDT,-0.012664748232411347,1.2723430360005972,0
next_open,drop4_breadth5,-0.04,5,wide_stop_2atr_horizon_12,base,12,4.0,5.0,2026-01-19 03:15:00+00:00,ADAUSDT,0.009578005441723738,1.281921041442321,0
next_open,drop4_breadth5,-0.04,5,wide_stop_2atr_horizon_12,base,12,4.0,5.0,2026-01-19 03:15:00+00:00,LTCUSDT,0.009883872617546221,1.2918049140598673,0
next_open,drop4_breadth5,-0.04,5,wide_stop_2atr_horizon_12,base,12,4.0,5.0,2026-02-06 00:15:00+00:00,SOLUSDT,-0.05250903715335761,1.2392958769065097,7
next_open,drop4_breadth5,-0.04,5,wide_stop_2atr_horizon_12,base,12,4.0,5.0,2026-02-06 03:15:00+00:00,ADAUSDT,0.07839949274926253,1.3176953696557723,0
next_open,drop4_breadth5,-0.04,5,wide_stop_2atr_horizon_12,base,12,4.0,5.0,2026-02-06 03:15:00+00:00,AVAXUSDT,0.06392590922254851,1.3816212788783209,0
next_open,drop4_breadth5,-0.04,5,wide_stop_2atr_horizon_12,base,12,4.0,5.0,2026-02-06 03:15:00+00:00,BNBUSDT,0.0641408437990715,1.4457621226773925,0
next_open,drop4_breadth5,-0.04,5,wide_stop_2atr_horizon_12,base,12,4.0,5.0,2026-02-06 03:15:00+00:00,BTCUSDT,0.07222438447164584,1.5179865071490384,0
next_open,drop4_breadth5,-0.04,5,wide_stop_2atr_horizon_12,base,12,4.0,5.0,2026-02-06 03:15:00+00:00,LINKUSDT,0.08559278251625937,1.6035792896652978,0
next_open,drop4_breadth5,-0.04,5,wide_stop_2atr_horizon_12,base,12,4.0,5.0,2026-02-06 03:15:00+00:00,LTCUSDT,0.06767024439998429,1.6712495340652822,0
next_open,drop4_breadth5,-0.04,5,wide_stop_2atr_horizon_12,base,12,4.0,5.0,2026-02-06 03:15:00+00:00,XRPUSDT,0.10652375184185994,1.7777732859071422,0
next_close,drop4_breadth5,-0.04,5,wide_stop_2atr_horizon_12,stress,12,8.0,10.0,2025-05-30 04:00:00+00:00,ADAUSDT,8.937215974307434e-05,8.937215974307434e-05,0
next_close,drop4_breadth5,-0.04,5,wide_stop_2atr_horizon_12,stress,12,8.0,10.0,2025-05-30 04:00:00+00:00,LINKUSDT,0.0008576700859415546,0.0009470422456846289,0
next_close,drop4_breadth5,-0.04,5,wide_stop_2atr_horizon_12,stress,12,8.0,10.0,2025-10-10 21:15:00+00:00,ADAUSDT,-0.021533593743659103,-0.020586551497974476,6
next_close,drop4_breadth5,-0.04,5,wide_stop_2atr_horizon_12,stress,12,8.0,10.0,2025-10-10 21:15:00+00:00,AVAXUSDT,-0.021337784601330574,-0.04192433609930505,6
next_close,drop4_breadth5,-0.04,5,wide_stop_2atr_horizon_12,stress,12,8.0,10.0,2025-10-10 21:15:00+00:00,LINKUSDT,-0.025028170845907534,-0.06695250694521258,6
next_close,drop4_breadth5,-0.04,5,wide_stop_2atr_horizon_12,stress,12,8.0,10.0,2025-10-10 21:15:00+00:00,SOLUSDT,-0.023251184756360184,-0.09020369170157277,6
next_close,drop4_breadth5,-0.04,5,wide_stop_2atr_horizon_12,stress,12,8.0,10.0,2025-10-10 21:15:00+00:00,XRPUSDT,-0.022243379958552918,-0.11244707166012569,6
next_close,drop4_breadth5,-0.04,5,wide_stop_2atr_horizon_12,stress,12,8.0,10.0,2025-10-10 21:45:00+00:00,SOLUSDT,-0.047404479874427155,-0.15985155153455283,11
next_close,drop4_breadth5,-0.04,5,wide_stop_2atr_horizon_12,stress,12,8.0,10.0,2025-10-10 22:00:00+00:00,ADAUSDT,-0.061887483815560154,-0.22173903535011297,7
next_close,drop4_breadth5,-0.04,5,wide_stop_2atr_horizon_12,stress,12,8.0,10.0,2025-10-10 22:00:00+00:00,AVAXUSDT,-0.055468928076914795,-0.27720796342702775,7
next_close,drop4_breadth5,-0.04,5,wide_stop_2atr_horizon_12,stress,12,8.0,10.0,2025-10-10 22:00:00+00:00,LINKUSDT,-0.058960462903175984,-0.3361684263302037,7
next_close,drop4_breadth5,-0.04,5,wide_stop_2atr_horizon_12,stress,12,8.0,10.0,2025-10-10 22:00:00+00:00,XRPUSDT,-0.06106618449602881,-0.3972346108262325,7
next_close,drop4_breadth5,-0.04,5,wide_stop_2atr_horizon_12,stress,12,8.0,10.0,2025-10-11 00:15:00+00:00,ADAUSDT,0.39122787524975045,-0.00600673557648207,6
next_close,drop4_breadth5,-0.04,5,wide_stop_2atr_horizon_12,stress,12,8.0,10.0,2025-10-11 00:15:00+00:00,AVAXUSDT,0.16411579764410839,0.15810906206762632,6
next_close,drop4_breadth5,-0.04,5,wide_stop_2atr_horizon_12,stress,12,8.0,10.0,2025-10-11 00:15:00+00:00,BNBUSDT,0.12822659791494867,0.286335659982575,6
next_close,drop4_breadth5,-0.04,5,wide_stop_2atr_horizon_12,stress,12,8.0,10.0,2025-10-11 00:15:00+00:00,LINKUSDT,0.3340268865563689,0.620362546538944,6
next_close,drop4_breadth5,-0.04,5,wide_stop_2atr_horizon_12,stress,12,8.0,10.0,2025-10-11 00:15:00+00:00,SOLUSDT,0.07420785295366478,0.6945703994926087,6
next_close,drop4_breadth5,-0.04,5,wide_stop_2atr_horizon_12,stress,12,8.0,10.0,2025-10-11 00:15:00+00:00,XRPUSDT,0.21766684426684463,0.9122372437594533,6
next_close,drop4_breadth5,-0.04,5,wide_stop_2atr_horizon_12,stress,12,8.0,10.0,2025-10-11 00:30:00+00:00,BNBUSDT,0.014356974616131436,0.9265942183755846,5
next_close,drop4_breadth5,-0.04,5,wide_stop_2atr_horizon_12,stress,12,8.0,10.0,2025-10-11 01:30:00+00:00,ADAUSDT,0.07222765774433865,0.9988218761199232,2
next_close,drop4_breadth5,-0.04,5,wide_stop_2atr_horizon_12,stress,12,8.0,10.0,2025-10-11 01:30:00+00:00,AVAXUSDT,0.013904834231389707,1.012726710351313,2
next_close,drop4_breadth5,-0.04,5,wide_stop_2atr_horizon_12,stress,12,8.0,10.0,2025-10-11 01:30:00+00:00,LTCUSDT,-0.0007606792701874796,1.0119660310811254,2
next_close,drop4_breadth5,-0.04,5,wide_stop_2atr_horizon_12,stress,12,8.0,10.0,2025-10-11 03:00:00+00:00,AVAXUSDT,0.05510517900422833,1.0670712100853537,0
next_close,drop4_breadth5,-0.04,5,wide_stop_2atr_horizon_12,stress,12,8.0,10.0,2025-10-11 03:00:00+00:00,LTCUSDT,0.008443330902226754,1.0755145409875804,0
next_close,drop4_breadth5,-0.04,5,wide_stop_2atr_horizon_12,stress,12,8.0,10.0,2025-11-03 15:45:00+00:00,SOLUSDT,-0.01395406592181576,1.0615604750657646,1
next_close,drop4_breadth5,-0.04,5,wide_stop_2atr_horizon_12,stress,12,8.0,10.0,2025-11-03 18:30:00+00:00,LINKUSDT,0.01446538258121981,1.0760258576469843,0
next_close,drop4_breadth5,-0.04,5,wide_stop_2atr_horizon_12,stress,12,8.0,10.0,2026-01-19 03:15:00+00:00,ADAUSDT,0.008329203647936368,1.0843550612949207,0
next_close,drop4_breadth5,-0.04,5,wide_stop_2atr_horizon_12,stress,12,8.0,10.0,2026-01-19 03:15:00+00:00,LTCUSDT,0.008073693329483201,1.0924287546244038,0
next_close,drop4_breadth5,-0.04,5,wide_stop_2atr_horizon_12,stress,12,8.0,10.0,2026-02-06 03:15:00+00:00,ADAUSDT,0.06488810835258857,1.1573168629769923,0
next_close,drop4_breadth5,-0.04,5,wide_stop_2atr_horizon_12,stress,12,8.0,10.0,2026-02-06 03:15:00+00:00,AVAXUSDT,0.05108355497713295,1.2084004179541252,0
next_close,drop4_breadth5,-0.04,5,wide_stop_2atr_horizon_12,stress,12,8.0,10.0,2026-02-06 03:15:00+00:00,BNBUSDT,0.05126913355073941,1.2596695515048646,0
next_close,drop4_breadth5,-0.04,5,wide_stop_2atr_horizon_12,stress,12,8.0,10.0,2026-02-06 03:15:00+00:00,BTCUSDT,0.05082222378914718,1.3104917752940117,0
next_close,drop4_breadth5,-0.04,5,wide_stop_2atr_horizon_12,stress,12,8.0,10.0,2026-02-06 03:15:00+00:00,LINKUSDT,0.07094543959514571,1.3814372148891574,0
next_close,drop4_breadth5,-0.04,5,wide_stop_2atr_horizon_12,stress,12,8.0,10.0,2026-02-06 03:15:00+00:00,LTCUSDT,0.05811664929733555,1.439553864186493,0
next_close,drop4_breadth5,-0.04,5,wide_stop_2atr_horizon_12,stress,12,8.0,10.0,2026-02-06 03:15:00+00:00,SOLUSDT,0.07388400966122505,1.5134378738477179,0
next_close,drop4_breadth5,-0.04,5,wide_stop_2atr_horizon_12,stress,12,8.0,10.0,2026-02-06 03:15:00+00:00,XRPUSDT,0.09627143137819522,1.609709305225913,0
next_open,drop4_breadth5,-0.04,5,wide_stop_2atr_horizon_12,stress,12,8.0,10.0,2025-05-30 04:00:00+00:00,ADAUSDT,0.01746724185168596,0.01746724185168596,0
next_open,drop4_breadth5,-0.04,5,wide_stop_2atr_horizon_12,stress,12,8.0,10.0,2025-05-30 04:00:00+00:00,LINKUSDT,0.013053866711708873,0.030521108563394832,0
next_open,drop4_breadth5,-0.04,5,wide_stop_2atr_horizon_12,stress,12,8.0,10.0,2025-10-10 21:00:00+00:00,ADAUSDT,-0.019775398897970704,0.010745709665424128,0
next_open,drop4_breadth5,-0.04,5,wide_stop_2atr_horizon_12,stress,12,8.0,10.0,2025-10-10 21:00:00+00:00,AVAXUSDT,-0.019872607059709897,-0.009126897394285769,0
next_open,drop4_breadth5,-0.04,5,wide_stop_2atr_horizon_12,stress,12,8.0,10.0,2025-10-10 21:00:00+00:00,LINKUSDT,-0.023230286946207275,-0.03235718434049305,0
next_open,drop4_breadth5,-0.04,5,wide_stop_2atr_horizon_12,stress,12,8.0,10.0,2025-10-10 21:00:00+00:00,SOLUSDT,-0.022024807566612355,-0.0543819919071054,0
next_open,drop4_breadth5,-0.04,5,wide_stop_2atr_horizon_12,stress,12,8.0,10.0,2025-10-10 21:00:00+00:00,XRPUSDT,-0.020620662540399022,-0.07500265444750442,0
next_open,drop4_breadth5,-0.04,5,wide_stop_2atr_horizon_12,stress,12,8.0,10.0,2025-10-10 21:15:00+00:00,ADAUSDT,-0.03661557265617883,-0.11161822710368326,0
next_open,drop4_breadth5,-0.04,5,wide_stop_2atr_horizon_12,stress,12,8.0,10.0,2025-10-10 21:15:00+00:00,AVAXUSDT,-0.0353355740406764,-0.14695380114435966,0
next_open,drop4_breadth5,-0.04,5,wide_stop_2atr_horizon_12,stress,12,8.0,10.0,2025-10-10 21:15:00+00:00,BNBUSDT,-0.026512291799723094,-0.17346609294408274,0
next_open,drop4_breadth5,-0.04,5,wide_stop_2atr_horizon_12,stress,12,8.0,10.0,2025-10-10 21:15:00+00:00,LINKUSDT,-0.036305985392272436,-0.2097720783363552,0
next_open,drop4_breadth5,-0.04,5,wide_stop_2atr_horizon_12,stress,12,8.0,10.0,2025-10-10 21:15:00+00:00,SOLUSDT,-0.03349977793708932,-0.2432718562734445,0
next_open,drop4_breadth5,-0.04,5,wide_stop_2atr_horizon_12,stress,12,8.0,10.0,2025-10-10 21:15:00+00:00,XRPUSDT,-0.039433672213882345,-0.28270552848732683,0
next_open,drop4_breadth5,-0.04,5,wide_stop_2atr_horizon_12,stress,12,8.0,10.0,2025-10-11 00:30:00+00:00,ADAUSDT,0.389193411405258,0.10648788291793115,5
next_open,drop4_breadth5,-0.04,5,wide_stop_2atr_horizon_12,stress,12,8.0,10.0,2025-10-11 00:30:00+00:00,AVAXUSDT,0.1563318457844845,0.26281972870241566,5
next_open,drop4_breadth5,-0.04,5,wide_stop_2atr_horizon_12,stress,12,8.0,10.0,2025-10-11 00:30:00+00:00,BNBUSDT,0.13147275966732602,0.3942924883697417,5
next_open,drop4_breadth5,-0.04,5,wide_stop_2atr_horizon_12,stress,12,8.0,10.0,2025-10-11 00:30:00+00:00,LINKUSDT,0.341439566456899,0.7357320548266406,5
next_open,drop4_breadth5,-0.04,5,wide_stop_2atr_horizon_12,stress,12,8.0,10.0,2025-10-11 00:30:00+00:00,SOLUSDT,0.08309503609110674,0.8188270909177473,5
next_open,drop4_breadth5,-0.04,5,wide_stop_2atr_horizon_12,stress,12,8.0,10.0,2025-10-11 00:30:00+00:00,XRPUSDT,0.21239018698262485,1.031217277900372,5
next_open,drop4_breadth5,-0.04,5,wide_stop_2atr_horizon_12,stress,12,8.0,10.0,2025-10-11 01:30:00+00:00,ADAUSDT,0.08128715416814597,1.112504432068518,2
next_open,drop4_breadth5,-0.04,5,wide_stop_2atr_horizon_12,stress,12,8.0,10.0,2025-10-11 01:30:00+00:00,AVAXUSDT,0.02840631150645994,1.140910743574978,2
next_open,drop4_breadth5,-0.04,5,wide_stop_2atr_horizon_12,stress,12,8.0,10.0,2025-10-11 01:30:00+00:00,LTCUSDT,0.03742175655564366,1.1783325001306215,2
next_open,drop4_breadth5,-0.04,5,wide_stop_2atr_horizon_12,stress,12,8.0,10.0,2025-10-11 03:00:00+00:00,AVAXUSDT,0.06602441458992186,1.2443569147205433,0
next_open,drop4_breadth5,-0.04,5,wide_stop_2atr_horizon_12,stress,12,8.0,10.0,2025-10-11 03:00:00+00:00,LTCUSDT,0.01898309497094513,1.2633400096914884,0
next_open,drop4_breadth5,-0.04,5,wide_stop_2atr_horizon_12,stress,12,8.0,10.0,2025-11-03 15:30:00+00:00,LINKUSDT,-0.018636088463143526,1.2447039212283448,0
next_open,drop4_breadth5,-0.04,5,wide_stop_2atr_horizon_12,stress,12,8.0,10.0,2025-11-03 15:30:00+00:00,SOLUSDT,-0.013953389158036743,1.230750532070308,0
next_open,drop4_breadth5,-0.04,5,wide_stop_2atr_horizon_12,stress,12,8.0,10.0,2026-01-19 03:15:00+00:00,ADAUSDT,0.007768131868132012,1.23851866393844,0
next_open,drop4_breadth5,-0.04,5,wide_stop_2atr_horizon_12,stress,12,8.0,10.0,2026-01-19 03:15:00+00:00,LTCUSDT,0.008073693329483201,1.2465923572679232,0
next_open,drop4_breadth5,-0.04,5,wide_stop_2atr_horizon_12,stress,12,8.0,10.0,2026-02-06 00:15:00+00:00,SOLUSDT,-0.053757853682347936,1.1928345035855752,7
next_open,drop4_breadth5,-0.04,5,wide_stop_2atr_horizon_12,stress,12,8.0,10.0,2026-02-06 03:15:00+00:00,ADAUSDT,0.07652083204753374,1.2693553356331089,0
next_open,drop4_breadth5,-0.04,5,wide_stop_2atr_horizon_12,stress,12,8.0,10.0,2026-02-06 03:15:00+00:00,AVAXUSDT,0.06206171487840089,1.3314170505115097,0
next_open,drop4_breadth5,-0.04,5,wide_stop_2atr_horizon_12,stress,12,8.0,10.0,2026-02-06 03:15:00+00:00,BNBUSDT,0.06227643462765369,1.3936934851391634,0
next_open,drop4_breadth5,-0.04,5,wide_stop_2atr_horizon_12,stress,12,8.0,10.0,2026-02-06 03:15:00+00:00,BTCUSDT,0.07035189579526807,1.4640453809344314,0
next_open,drop4_breadth5,-0.04,5,wide_stop_2atr_horizon_12,stress,12,8.0,10.0,2026-02-06 03:15:00+00:00,LINKUSDT,0.08370693211601804,1.5477523130504494,0
next_open,drop4_breadth5,-0.04,5,wide_stop_2atr_horizon_12,stress,12,8.0,10.0,2026-02-06 03:15:00+00:00,LTCUSDT,0.06580230759002098,1.6135546206404703,0
next_open,drop4_breadth5,-0.04,5,wide_stop_2atr_horizon_12,stress,12,8.0,10.0,2026-02-06 03:15:00+00:00,XRPUSDT,0.10461698092209232,1.7181716015625625,0
