timeframe,param_id,exit_model,friction_case,entry_mode,range_mult,ret_mult,vol_z_min,close_loc_long_min,close_loc_short_max,body_min,require_direction,stop_atr_mult,target_r,max_hold_bars,taker_fee_bps_per_side,slippage_bps_per_side,total_trades,trades_per_year,win_rate,ev_per_trade_r,total_ev_r,max_drawdown_r,max_losing_streak,profit_factor,average_win_r,average_loss_r,best_symbol_ev_share,best_symbol_total_ev_r,best_month_ev_share,best_month_total_ev_r
15m,range1.5_ret1.5_vz1.5_cl0.8_cs0.2_body0.5,model_a,base,next_close,1.5,1.5,1.5,0.8,0.2,0.5,True,1.0,1.5,8,4.0,5.0,5904,5917.501029041848,0.350440379403794,-0.47506891999207884,-2804.8069036332336,-2803.503611091008,31,0.4495828226158715,1.1072870169194897,-1.3287571686152955,,-465.8881999090804,,-280.3004082558899
15m,range2_ret2_vz2_cl0.8_cs0.2_body0.5,model_a,base,next_close,2.0,2.0,2.0,0.8,0.2,0.5,True,1.0,1.5,8,4.0,5.0,3458,3466.105768681036,0.3548293811451706,-0.4762044416280288,-1646.7149591497234,-1648.9488478900173,28,0.45326489435244455,1.11262545422691,-1.3500252763272713,,-275.04430316657624,,-227.77192086629125
15m,range1.5_ret1.5_vz2_cl0.8_cs0.2_body0.5,model_a,base,next_close,1.5,1.5,2.0,0.8,0.2,0.5,True,1.0,1.5,8,4.0,5.0,4719,4730.0616316963005,0.34901462174189446,-0.47804197337435494,-2255.880072353581,-2256.383039347871,37,0.44783087619752315,1.1108727761801873,-1.3299113068757649,,-372.83536948389843,,-182.91663746982374
15m,range1.5_ret1.5_vz1.5_cl0.8_cs0.2_body0.65,model_a,base,next_close,1.5,1.5,1.5,0.8,0.2,0.65,True,1.0,1.5,8,4.0,5.0,5218,5229.932311914018,0.3499425067075508,-0.47854730027721165,-2497.0598128464903,-2495.7565203042695,30,0.44676177689450164,1.1043125401171079,-1.330641070489484,,-236.2925344727016,,-139.44331247505667
15m,range1.5_ret1.5_vz2_cl0.8_cs0.2_body0.65,model_a,base,next_close,1.5,1.5,2.0,0.8,0.2,0.65,True,1.0,1.5,8,4.0,5.0,4198,4207.840375050026,0.3492139113863745,-0.481479787076116,-2021.2521461455349,-2023.181444612388,32,0.44569455075757713,1.1085995550322034,-1.3347214838297017,,-137.19026265630552,,-229.80306140064351
15m,range2_ret2_vz2.5_cl0.8_cs0.2_body0.5,model_a,base,next_close,2.0,2.0,2.5,0.8,0.2,0.5,True,1.0,1.5,8,4.0,5.0,2905,2911.809502029615,0.353184165232358,-0.4815553431174185,-1398.9182717561007,-1404.9478508243972,26,0.4493555055586096,1.1126632592893109,-1.3520546970659573,,-235.60451600553932,,-54.52210486814554
15m,range1.5_ret1.5_vz2.5_cl0.8_cs0.2_body0.5,model_a,base,next_close,1.5,1.5,2.5,0.8,0.2,0.5,True,1.0,1.5,8,4.0,5.0,3773,3781.8441484191867,0.34799893983567454,-0.4832929782098185,-1823.4644067856452,-1822.2088495917453,40,0.44402513788683357,1.1091364206055063,-1.3332359866019006,,-112.20513804340187,,-216.8013316285626
15m,range1.5_ret1.5_vz2.5_cl0.8_cs0.2_body0.65,model_a,base,next_close,1.5,1.5,2.5,0.8,0.2,0.65,True,1.0,1.5,8,4.0,5.0,3360,3367.876050540278,0.34851190476190474,-0.48653176110732776,-1634.7467173206212,-1635.2341111205242,35,0.4420255023027365,1.105927240118712,-1.3384136662858077,,-104.01458086190846,,-86.67311537626921
15m,range2_ret2_vz1.5_cl0.8_cs0.2_body0.5,model_a,base,next_close,2.0,2.0,1.5,0.8,0.2,0.5,True,1.0,1.5,8,4.0,5.0,4052,4061.4981419015494,0.351431391905232,-0.48662582408847777,-1971.807839206512,-1972.1476835969133,29,0.4448619428863146,1.1096316936914954,-1.3515690148490112,,-326.87375567827854,,-84.41437464653168
15m,range1.5_ret1.5_vz1.5_cl0.7_cs0.3_body0.5,model_a,base,next_close,1.5,1.5,1.5,0.7,0.3,0.5,True,1.0,1.5,8,4.0,5.0,7731,7748.678938943517,0.3465269693441987,-0.4872970017720381,-3767.293120699627,-3766.119597660066,26,0.4398043884603299,1.1040190191660848,-1.3311480746329312,,-307.5645202911403,,-188.7729205651042
15m,range2_ret2_vz2_cl0.8_cs0.2_body0.65,model_a,base,next_close,2.0,2.0,2.0,0.8,0.2,0.65,True,1.0,1.5,8,4.0,5.0,3073,3080.203304556629,0.3524243410348194,-0.48800480516054523,-1499.6387662583554,-1501.856537078872,28,0.44454530072108095,1.1082189708665755,-1.356703473219526,,-127.75300440913266,,-67.9676204353156
15m,range3_ret3_vz2_cl0.8_cs0.2_body0.65,model_a,base,next_close,3.0,3.0,2.0,0.8,0.2,0.65,True,1.0,1.5,8,4.0,5.0,1162,1165.6234587326562,0.36919104991394147,-0.48990188189839184,-569.2659867659313,-572.5660448461929,30,0.454392076070469,1.1051164000198874,-1.423411899555884,,-28.316589991801507,,-22.259896615955213
15m,range2.5_ret2.5_vz2.5_cl0.8_cs0.2_body0.5,model_a,base,next_close,2.5,2.5,2.5,0.8,0.2,0.5,True,1.0,1.5,8,4.0,5.0,1962,1968.118094693177,0.35881753312945974,-0.4899488720814838,-961.2796870238712,-971.4864368480598,22,0.44741093307564,1.1055576918120056,-1.3828237695226735,,-163.79692877906444,,-32.45011088093907
15m,range2.5_ret2.5_vz2_cl0.8_cs0.2_body0.5,model_a,base,next_close,2.5,2.5,2.0,0.8,0.2,0.5,True,1.0,1.5,8,4.0,5.0,2206,2212.8789586611356,0.3594741613780598,-0.49054626460054596,-1082.1450597088044,-1085.3481333251984,22,0.44701068523415793,1.1030963781865495,-1.384926035110218,,-98.95761716988751,,-91.08718351518405
15m,range2_ret2_vz2.5_cl0.8_cs0.2_body0.65,model_a,base,next_close,2.0,2.0,2.5,0.8,0.2,0.65,True,1.0,1.5,8,4.0,5.0,2587,2593.0640901034817,0.35175879396984927,-0.4909809165222753,-1270.1676310431262,-1274.8273998682575,26,0.44251950580076266,1.1079556869768965,-1.3586209339249264,,-226.63854540804434,,-200.90961470196143
15m,range2.5_ret2.5_vz1.5_cl0.8_cs0.2_body0.5,model_a,base,next_close,2.5,2.5,1.5,0.8,0.2,0.5,True,1.0,1.5,8,4.0,5.0,2422,2429.5525103704763,0.36044591246903385,-0.4912831727384185,-1189.8878443724495,-1191.85007524291,22,0.4471174516621279,1.1022510566823227,-1.3893821929348722,,-56.05248913447426,,-121.01062845930133
15m,range2_ret2_vz1.5_cl0.8_cs0.2_body0.65,model_a,base,next_close,2.0,2.0,1.5,0.8,0.2,0.65,True,1.0,1.5,8,4.0,5.0,3565,3573.356583385741,0.3509116409537167,-0.4916672117840886,-1752.7936100102759,-1753.1173364809003,27,0.44138160018576666,1.107063315781702,-1.3559765851569512,,-181.1051196304107,,-77.16831154447254
15m,range3_ret3_vz1.5_cl0.8_cs0.2_body0.65,model_a,base,next_close,3.0,3.0,1.5,0.8,0.2,0.65,True,1.0,1.5,8,4.0,5.0,1226,1229.823029609498,0.3703099510603589,-0.4925730044158902,-603.8945034138814,-606.009675206635,31,0.4522328499579108,1.0981744776307245,-1.4280643992982258,,-68.42481640616893,,-26.10211390695676
15m,range1.5_ret1.5_vz2_cl0.7_cs0.3_body0.5,model_a,base,next_close,1.5,1.5,2.0,0.7,0.3,0.5,True,1.0,1.5,8,4.0,5.0,6302,6316.4111593871485,0.34496985084100285,-0.49264390308318523,-3104.641877230233,-3108.5658916507214,27,0.43677167780999443,1.1074444605361864,-1.3353260984583097,,-516.8930396300161,,-336.98674111858173
15m,range2.5_ret2.5_vz1.5_cl0.8_cs0.2_body0.65,model_a,base,next_close,2.5,2.5,1.5,0.8,0.2,0.65,True,1.0,1.5,8,4.0,5.0,2163,2169.744871978258,0.36107258437355527,-0.4941861463969065,-1068.9246346565087,-1071.764674455473,26,0.44550655594118144,1.0996481192844936,-1.3948985642675096,,-114.82216660290302,,-45.70825261140525
15m,range3_ret3_vz2.5_cl0.8_cs0.2_body0.65,model_a,base,next_close,3.0,3.0,2.5,0.8,0.2,0.65,True,1.0,1.5,8,4.0,5.0,1083,1086.3771134315548,0.36657433056325023,-0.49543232756466155,-536.5532107525285,-541.54052826148,30,0.45125092469903644,1.1113902813232261,-1.4253282105508007,,-54.67760236168235,,-32.220559296118644
15m,range2.5_ret2.5_vz2_cl0.8_cs0.2_body0.65,model_a,base,next_close,2.5,2.5,2.0,0.8,0.2,0.65,True,1.0,1.5,8,4.0,5.0,1977,1983.1648691174369,0.35912999494183107,-0.4963817392183811,-981.3466984347394,-984.726348748354,21,0.4431997875221935,1.1001813235069653,-1.3910619085435556,,-47.70992129353299,,-78.12910356478656
15m,range1.5_ret1.5_vz1.5_cl0.7_cs0.3_body0.65,model_a,base,next_close,1.5,1.5,1.5,0.7,0.3,0.65,True,1.0,1.5,8,4.0,5.0,6564,6579.010290418477,0.3426264472882389,-0.4984896576818627,-3272.0861130237467,-3271.8457308754637,32,0.43117016546873466,1.1028123097947653,-1.3330964073585572,,-571.4801678849616,,-436.7301405210935
15m,range2_ret2_vz2_cl0.7_cs0.3_body0.5,model_a,base,next_close,2.0,2.0,2.0,0.7,0.3,0.5,True,1.0,1.5,8,4.0,5.0,4654,4664.909267623349,0.3483025354533734,-0.4995224232574426,-2324.777357840138,-2330.004915665075,36,0.4365428264533017,1.1111285223015996,-1.360341804316199,,-397.85431683464446,,-343.93603958970755
15m,range2.5_ret2.5_vz2.5_cl0.8_cs0.2_body0.65,model_a,base,next_close,2.5,2.5,2.5,0.8,0.2,0.65,True,1.0,1.5,8,4.0,5.0,1763,1768.4975539979976,0.35677821894498013,-0.5003154059011818,-882.0560606037835,-890.8930001848092,21,0.439476729115022,1.099481126690669,-1.3876805020213532,,-42.729092867719544,,-21.553514568625808
15m,range1.5_ret1.5_vz2.5_cl0.7_cs0.3_body0.5,model_a,base,next_close,1.5,1.5,2.5,0.7,0.3,0.5,True,1.0,1.5,8,4.0,5.0,5094,5105.940655194099,0.3425598743619945,-0.500790500981504,-2551.0268119997813,-2552.1784878454737,34,0.4303602604723364,1.1044637706031009,-1.3372099407889497,,-421.2275323956305,,-128.8378610101282
15m,range1.5_ret1.5_vz2_cl0.7_cs0.3_body0.65,model_a,base,next_close,1.5,1.5,2.0,0.7,0.3,0.65,True,1.0,1.5,8,4.0,5.0,5383,5395.61808930307,0.342559910830392,-0.5016238542014553,-2700.2412071664335,-2705.585983522451,25,0.4307183125230625,1.1079183789163376,-1.3402776767132412,,-241.62709745401966,,-144.366502736188
15m,range2_ret2_vz1.5_cl0.7_cs0.3_body0.5,model_a,base,next_close,2.0,2.0,1.5,0.7,0.3,0.5,True,1.0,1.5,8,4.0,5.0,5372,5384.592304613801,0.3467982129560685,-0.5029113133245313,-2701.6395751793825,-2704.9730886544226,41,0.43306130395858294,1.1077144812239135,-1.35802554964364,,-468.8128415821763,,-104.63423613598424
15m,range3_ret3_vz2_cl0.8_cs0.2_body0.5,model_a,base,next_close,3.0,3.0,2.0,0.8,0.2,0.5,True,1.0,1.5,8,4.0,5.0,1286,1290.010127306537,0.36158631415241055,-0.5029696188738696,-646.8189298717963,-651.09863514963,32,0.44318483014718335,1.1071426886629632,-1.414908989159652,,-41.73368170040119,,-68.22330508267538
15m,range2_ret2_vz2.5_cl0.7_cs0.3_body0.5,model_a,base,next_close,2.0,2.0,2.5,0.7,0.3,0.5,True,1.0,1.5,8,4.0,5.0,3950,3959.259047510148,0.3468354430379747,-0.5032487033710132,-1987.8323783155022,-1992.4058016059719,31,0.43342591466643166,1.109985641975612,-1.359888646442671,,-340.22557075013987,,-108.71480301202428
15m,range3_ret3_vz2.5_cl0.8_cs0.2_body0.5,model_a,base,next_close,3.0,3.0,2.5,0.8,0.2,0.5,True,1.0,1.5,8,4.0,5.0,1200,1203.741953940781,0.36,-0.5055628463709965,-606.6754156451957,-612.6423803517196,32,0.44218041411450226,1.1132133161654787,-1.4161244377977635,,-39.94637446132494,,-4.4660055926238105
15m,range3_ret3_vz1.5_cl0.8_cs0.2_body0.5,model_a,base,next_close,3.0,3.0,1.5,0.8,0.2,0.5,True,1.0,1.5,8,4.0,5.0,1363,1367.250236017737,0.36243580337490827,-0.5067260275018152,-690.6675754849741,-693.8081907649776,33,0.4405527397560428,1.1009836611338146,-1.4206599586709765,,-44.58414847374987,,-21.534478522538002
15m,range2_ret2_vz2_cl0.7_cs0.3_body0.65,model_a,base,next_close,2.0,2.0,2.0,0.7,0.3,0.65,True,1.0,1.5,8,4.0,5.0,3994,4003.362186267223,0.34702053079619427,-0.508097892002916,-2029.3429806596464,-2033.69486603294,36,0.4307292056601038,1.107841525893942,-1.366875512096875,,-190.37801147003714,,-89.60338648502142
15m,range2_ret2_vz2.5_cl0.7_cs0.3_body0.65,model_a,base,next_close,2.0,2.0,2.5,0.7,0.3,0.65,True,1.0,1.5,8,4.0,5.0,3389,3396.944028357441,0.34670994393626436,-0.5089693285680125,-1724.8970545169943,-1729.6994699188567,32,0.4300604016469594,1.1077096474244539,-1.3669629133878625,,-310.8352976043592,,-259.17514333187415
15m,range2_ret2_vz1.5_cl0.7_cs0.3_body0.65,model_a,base,next_close,2.0,2.0,1.5,0.7,0.3,0.65,True,1.0,1.5,8,4.0,5.0,4579,4589.733462923789,0.34570867001528716,-0.5093405050962034,-2332.2701728355155,-2334.7280138589213,32,0.4284946863913946,1.1046459673214328,-1.3621244122514498,,-410.22329888672607,,-10.692294173101065
15m,range1.5_ret1.5_vz2.5_cl0.7_cs0.3_body0.65,model_a,base,next_close,1.5,1.5,2.5,0.7,0.3,0.65,True,1.0,1.5,8,4.0,5.0,4360,4370.220113201075,0.3396788990825688,-0.5107812169653035,-2227.006105968723,-2230.2444804911647,43,0.4232056389869727,1.1033080557668964,-1.3410925100936077,,-379.5255754391438,,-10.6779420815262
15m,range2.5_ret2.5_vz1.5_cl0.7_cs0.3_body0.5,model_a,base,next_close,2.5,2.5,1.5,0.7,0.3,0.5,True,1.0,1.5,8,4.0,5.0,3276,3286.2155342583324,0.3522588522588523,-0.5174351126761146,-1695.1174291269515,-1701.9132479346872,27,0.42809378923123204,1.0995325606354431,-1.3967851103205715,,-189.22752315512696,,-61.793352410767234
15m,range2.5_ret2.5_vz1.5_cl0.7_cs0.3_body0.65,model_a,base,next_close,2.5,2.5,1.5,0.7,0.3,0.65,True,1.0,1.5,8,4.0,5.0,2829,2837.8216564153913,0.3534817956875221,-0.5187653725176447,-1467.5872388524167,-1474.1315655578028,33,0.42828231020684715,1.0993916478484462,-1.4034876362497883,,-98.9362873422727,,-135.58702607197606
15m,range2.5_ret2.5_vz2_cl0.7_cs0.3_body0.5,model_a,base,next_close,2.5,2.5,2.0,0.7,0.3,0.5,True,1.0,1.5,8,4.0,5.0,3006,3015.3735946216566,0.3509647371922821,-0.5193166484894676,-1561.0658453593396,-1569.6105934662319,24,0.4265351427329853,1.1005677243437855,-1.395266424675568,,-141.2421728639313,,-58.17436858199169
15m,range2.5_ret2.5_vz2_cl0.7_cs0.3_body0.65,model_a,base,next_close,2.5,2.5,2.0,0.7,0.3,0.65,True,1.0,1.5,8,4.0,5.0,2601,2609.1106851666427,0.35294117647058826,-0.5196838206462362,-1351.6976175008604,-1359.4374487561552,27,0.42771027061891825,1.1004507083878097,-1.4033935637557158,,-142.91944468265785,,-52.51655265144983
15m,range2.5_ret2.5_vz2.5_cl0.7_cs0.3_body0.5,model_a,base,next_close,2.5,2.5,2.5,0.7,0.3,0.5,True,1.0,1.5,8,4.0,5.0,2693,2701.3975683021026,0.3483104344597104,-0.5234450214835484,-1409.6374428551958,-1421.828499920851,23,0.42276604882287805,1.1006590897875752,-1.391484711724183,,-110.21705804121405,,-62.88389315905351
15m,range2.5_ret2.5_vz2.5_cl0.7_cs0.3_body0.65,model_a,base,next_close,2.5,2.5,2.5,0.7,0.3,0.65,True,1.0,1.5,8,4.0,5.0,2334,2341.278100414819,0.3496143958868895,-0.5256384375134779,-1226.8401131564576,-1239.6393001617582,25,0.4223457159764119,1.0992536172788727,-1.39909819819237,,-104.29001452147577,,-199.88498657433573
15m,range3_ret3_vz2_cl0.7_cs0.3_body0.65,model_a,base,next_close,3.0,3.0,2.0,0.7,0.3,0.65,True,1.0,1.5,8,4.0,5.0,1587,1591.9487340866829,0.350346565847511,-0.5439926571588432,-863.316346911084,-867.2815187464363,27,0.41506656653084284,1.101809417084538,-1.4315445032105598,,-114.26183869485945,,-8.369241953037326
15m,range3_ret3_vz1.5_cl0.7_cs0.3_body0.65,model_a,base,next_close,3.0,3.0,1.5,0.7,0.3,0.65,True,1.0,1.5,8,4.0,5.0,1674,1679.2200257473896,0.35185185185185186,-0.5442614715555615,-911.0937033840099,-914.3811154070258,28,0.41477130572957943,1.0963036056608075,-1.4348539420444473,,-49.5825474817961,,-169.81279072165688
15m,range3_ret3_vz2.5_cl0.7_cs0.3_body0.65,model_a,base,next_close,3.0,3.0,2.5,0.7,0.3,0.65,True,1.0,1.5,8,4.0,5.0,1484,1488.6275497067659,0.34568733153638814,-0.5542996743628208,-822.5807167544261,-829.2494183091409,24,0.4086320445057244,1.107989876063576,-1.432522680921772,,-142.22845870108262,,-124.43436946487061
15m,range3_ret3_vz1.5_cl0.7_cs0.3_body0.5,model_a,base,next_close,3.0,3.0,1.5,0.7,0.3,0.5,True,1.0,1.5,8,4.0,5.0,1916,1921.974653125447,0.34342379958246344,-0.557771683796228,-1068.6905461535728,-1072.7372251553825,30,0.403151809836874,1.0970610759613992,-1.4233360366742236,,-146.53456196951615,,-35.45848261289469
15m,range3_ret3_vz2_cl0.7_cs0.3_body0.5,model_a,base,next_close,3.0,3.0,2.0,0.7,0.3,0.5,True,1.0,1.5,8,4.0,5.0,1813,1818.65346874553,0.34142305570877,-0.5579979848422272,-1011.6503465189579,-1017.3489684748604,30,0.4028920274166593,1.1027462489295297,-1.4189700792347881,,-60.820342462847,,-29.617141754761793
15m,range3_ret3_vz2.5_cl0.7_cs0.3_body0.5,model_a,base,next_close,3.0,3.0,2.5,0.7,0.3,0.5,True,1.0,1.5,8,4.0,5.0,1696,1701.2886282363038,0.33785377358490565,-0.5658210430525631,-959.632489017147,-967.0183704017389,27,0.3981677134405417,1.1080028547933392,-1.4198736641262069,,-157.0646713617385,,-76.28289216049802
15m,range1.5_ret1.5_vz1.5_cl0.8_cs0.2_body0.65,model_a,base,next_open,1.5,1.5,1.5,0.8,0.2,0.65,True,1.0,1.5,8,4.0,5.0,5465,5477.497141550423,0.35718206770356814,-0.4614657850239085,-2521.91051515566,-2520.6734876785135,29,0.46798255428244295,1.1364586769924518,-1.3493532173768648,,-164.48896269124756,,-33.23253524429549
15m,range1.5_ret1.5_vz2.5_cl0.8_cs0.2_body0.65,model_a,base,next_open,1.5,1.5,2.5,0.8,0.2,0.65,True,1.0,1.5,8,4.0,5.0,3469,3477.529189776431,0.35802825021620066,-0.4643973045873451,-1610.9942496135002,-1609.6918234378752,35,0.46747065025455853,1.1386315024088078,-1.358407981861356,,-123.32733095618613,,-208.46436178534555
15m,range1.5_ret1.5_vz2_cl0.8_cs0.2_body0.65,model_a,base,next_open,1.5,1.5,2.0,0.8,0.2,0.65,True,1.0,1.5,8,4.0,5.0,4361,4370.972558884061,0.35381793166704884,-0.4690707740422095,-2045.6176455980756,-2044.315219422446,39,0.46223031626151906,1.139516572488034,-1.3498551160209766,,-136.29212522789973,,-133.86963592201633
15m,range2_ret2_vz2.5_cl0.8_cs0.2_body0.65,model_a,base,next_open,2.0,2.0,2.5,0.8,0.2,0.65,True,1.0,1.5,8,4.0,5.0,2657,2663.532734861913,0.36243884079789235,-0.46913338690599005,-1246.4874090092155,-1245.1849828335887,40,0.46769126542755857,1.1372534826974114,-1.3823273393428706,,-255.77037075861958,,-84.92156520056587
15m,range2.5_ret2.5_vz2.5_cl0.8_cs0.2_body0.65,model_a,base,next_open,2.5,2.5,2.5,0.8,0.2,0.65,True,1.0,1.5,8,4.0,5.0,1803,1808.8292752710938,0.3699389905712701,-0.47111591901667127,-849.4220019870583,-847.8569378174514,34,0.4702496475344277,1.130459210067315,-1.411477372448906,,-39.93326690990667,,-29.32072117723008
15m,range1.5_ret1.5_vz1.5_cl0.8_cs0.2_body0.5,model_a,base,next_open,1.5,1.5,1.5,0.8,0.2,0.5,True,1.0,1.5,8,4.0,5.0,6257,6271.308255202379,0.3498481700495445,-0.47795347353527623,-2990.5548839102235,-2989.317856433076,31,0.4543008497093188,1.1373556441978383,-1.3471549628955977,,-466.0171568238524,,-186.04690402320526
15m,range1.5_ret1.5_vz2.5_cl0.8_cs0.2_body0.5,model_a,base,next_open,1.5,1.5,2.5,0.8,0.2,0.5,True,1.0,1.5,8,4.0,5.0,3929,3938.6601864028817,0.34894375159073554,-0.48328825391940483,-1898.8395496493415,-1897.5371234737154,39,0.4511274876358196,1.1383573659869335,-1.3524345185369144,,-156.81034149495616,,-23.417632555577924
15m,range1.5_ret1.5_vz2_cl0.8_cs0.2_body0.5,model_a,base,next_open,1.5,1.5,2.0,0.8,0.2,0.5,True,1.0,1.5,8,4.0,5.0,4952,4963.324033844043,0.34693053311793215,-0.4839399371566948,-2396.4705687999526,-2395.1681426243226,42,0.44970375450376826,1.139931891503485,-1.346590463328058,,-381.52883734853276,,-257.56842753185293
15m,range2.5_ret2.5_vz2_cl0.8_cs0.2_body0.65,model_a,base,next_open,2.5,2.5,2.0,0.8,0.2,0.65,True,1.0,1.5,8,4.0,5.0,2024,2030.5437898772566,0.3641304347826087,-0.48541986497943257,-982.4898067183715,-981.2598475758867,41,0.4587149159293205,1.129737040244094,-1.4103387765176914,,-44.51387462911589,,-50.5206034465624
15m,range1.5_ret1.5_vz1.5_cl0.7_cs0.3_body0.65,model_a,base,next_open,1.5,1.5,1.5,0.7,0.3,0.65,True,1.0,1.5,8,4.0,5.0,6977,6992.954722158702,0.34929052601404614,-0.4854304450392159,-3386.8482150386094,-3385.6111875614633,33,0.44939953769022656,1.1343217359947717,-1.3548877281184732,,-551.2335371725486,,-278.778838955078
15m,range2_ret2_vz2.5_cl0.7_cs0.3_body0.65,model_a,base,next_open,2.0,2.0,2.5,0.7,0.3,0.65,True,1.0,1.5,8,4.0,5.0,3525,3533.6668763222597,0.3568794326241135,-0.4866632946301234,-1715.488113571185,-1717.8491407791482,59,0.45528263481543507,1.1397692544451192,-1.3892006332876685,,-318.40268039560397,,-117.41517110049287
15m,range1.5_ret1.5_vz2.5_cl0.7_cs0.3_body0.65,model_a,base,next_open,1.5,1.5,2.5,0.7,0.3,0.65,True,1.0,1.5,8,4.0,5.0,4548,4559.182114471953,0.3500439753737907,-0.48681385562269913,-2214.0294153720356,-2215.101458858796,46,0.45036931799560503,1.1395625039281647,-1.362724263066872,,-391.1578582860078,,-113.83023317508655
15m,range2_ret2_vz2.5_cl0.8_cs0.2_body0.5,model_a,base,next_open,2.0,2.0,2.5,0.8,0.2,0.5,True,1.0,1.5,8,4.0,5.0,2994,3001.3613128252045,0.3530394121576486,-0.487369793122343,-1459.185160608295,-1457.8827344326687,44,0.4520442054485827,1.138861206832242,-1.3747865029581698,,-265.91444026309506,,-102.67249523912217
15m,range2_ret2_vz2_cl0.8_cs0.2_body0.65,model_a,base,next_open,2.0,2.0,2.0,0.8,0.2,0.65,True,1.0,1.5,8,4.0,5.0,3159,3166.7669963977355,0.352326685660019,-0.4902865273795631,-1548.8151399920398,-1547.5127138164123,45,0.44964205884780367,1.1369100652167463,-1.3754623864018958,,-169.17740409615243,,-105.84267642255757
15m,range2.5_ret2.5_vz2.5_cl0.8_cs0.2_body0.5,model_a,base,next_open,2.5,2.5,2.5,0.8,0.2,0.5,True,1.0,1.5,8,4.0,5.0,2016,2022.517925095133,0.35912698412698413,-0.4909158551276816,-989.6863639374061,-988.1212997677983,35,0.4534662034223313,1.1341928944682,-1.4015805104739805,,-199.73198648646118,,-19.429716687911778
15m,range1.5_ret1.5_vz2_cl0.7_cs0.3_body0.65,model_a,base,next_open,1.5,1.5,2.0,0.7,0.3,0.65,True,1.0,1.5,8,4.0,5.0,5651,5663.922478847473,0.3457795080516723,-0.49438015946879554,-2793.7422811581637,-2792.4398549825337,34,0.4436238470565087,1.1400086787682233,-1.358214563016303,,-184.87594847972892,,-35.68493145935973
15m,range2.5_ret2.5_vz2.5_cl0.7_cs0.3_body0.65,model_a,base,next_open,2.5,2.5,2.5,0.7,0.3,0.65,True,1.0,1.5,8,4.0,5.0,2411,2418.794998712483,0.362090418913314,-0.494778490142904,-1192.9109397345414,-1194.4167882985928,50,0.4531949438357496,1.1325211254112206,-1.4184667634710904,,-66.05475763097273,,-72.87019425212848
15m,range2_ret2_vz1.5_cl0.8_cs0.2_body0.65,model_a,base,next_open,2.0,2.0,1.5,0.8,0.2,0.65,True,1.0,1.5,8,4.0,5.0,3685,3694.060266453199,0.35169606512890095,-0.49499689997801527,-1824.0635764189863,-1823.799253516147,26,0.4459924957363356,1.133044256387057,-1.378187079404191,,-99.45284375121247,,-160.45584433858303
15m,range1.5_ret1.5_vz1.5_cl0.7_cs0.3_body0.5,model_a,base,next_open,1.5,1.5,1.5,0.7,0.3,0.5,True,1.0,1.5,8,4.0,5.0,8321,8340.028127143838,0.3445499339021752,-0.49536913813171346,-4121.966598393988,-4120.729570916855,38,0.4410080147129759,1.1342732143560732,-1.3520219845898147,,-303.84621875981776,,-61.678889875855006
15m,range2.5_ret2.5_vz1.5_cl0.8_cs0.2_body0.65,model_a,base,next_open,2.5,2.5,1.5,0.8,0.2,0.65,True,1.0,1.5,8,4.0,5.0,2221,2228.180710137049,0.3624493471409275,-0.49571715455289533,-1100.9878002619805,-1100.8990810279347,26,0.4511450273172745,1.1242041853181162,-1.4166470123185482,,-118.31233054088165,,-123.60196974246428
15m,range2.5_ret2.5_vz2_cl0.8_cs0.2_body0.5,model_a,base,next_open,2.5,2.5,2.0,0.8,0.2,0.5,True,1.0,1.5,8,4.0,5.0,2267,2274.3294326342593,0.35730039700044114,-0.49619554431406515,-1124.8752989599857,-1123.3102347903791,41,0.44912333347687117,1.1322194279025486,-1.4014914451345573,,-54.48670852655578,,-79.36634357917421
15m,range1.5_ret1.5_vz2.5_cl0.7_cs0.3_body0.5,model_a,base,next_open,1.5,1.5,2.5,0.7,0.3,0.5,True,1.0,1.5,8,4.0,5.0,5375,5388.215449711247,0.34474418604651164,-0.4972065786108773,-2672.4853600334654,-2671.1829338578364,53,0.4410623519463797,1.1380898270071476,-1.3575712122310362,,-435.8980563133445,,-149.73441339886958
15m,range1.5_ret1.5_vz2_cl0.7_cs0.3_body0.5,model_a,base,next_open,1.5,1.5,2.0,0.7,0.3,0.5,True,1.0,1.5,8,4.0,5.0,6684,6699.284701577864,0.3432076600837822,-0.49868376894671507,-3333.2023116398436,-3331.899885464211,35,0.43929756743245707,1.1383992971193442,-1.354143576134765,,-518.560901030411,,-215.08011433095916
15m,range2_ret2_vz2.5_cl0.7_cs0.3_body0.5,model_a,base,next_open,2.0,2.0,2.5,0.7,0.3,0.5,True,1.0,1.5,8,4.0,5.0,4145,4155.19126307965,0.3490952955367913,-0.5010725637005984,-2076.94577653898,-2079.3068037469434,67,0.44313449760953555,1.142199258083505,-1.3823973695277287,,-345.07721103868386,,-110.86764136041961
15m,range2_ret2_vz2_cl0.8_cs0.2_body0.5,model_a,base,next_open,2.0,2.0,2.0,0.8,0.2,0.5,True,1.0,1.5,8,4.0,5.0,3571,3579.779975984905,0.3458415009801176,-0.5021260771177243,-1793.0922213873935,-1791.7897952117664,48,0.43919173788863974,1.1370391732033438,-1.3687224316325013,,-305.3534514851676,,-139.38569614037468
15m,range2.5_ret2.5_vz2.5_cl0.7_cs0.3_body0.5,model_a,base,next_open,2.5,2.5,2.5,0.7,0.3,0.5,True,1.0,1.5,8,4.0,5.0,2805,2814.0688392320676,0.3536541889483066,-0.5095612812698641,-1429.319393961969,-1431.808113726544,53,0.44054261048225885,1.1345888747964297,-1.4091735012465678,,-79.56163807178898,,-90.95343513592441
15m,range2.5_ret2.5_vz1.5_cl0.8_cs0.2_body0.5,model_a,base,next_open,2.5,2.5,1.5,0.8,0.2,0.5,True,1.0,1.5,8,4.0,5.0,2497,2505.0730451203112,0.35442531037244696,-0.5095639171940683,-1272.3811012335887,-1270.8160370639816,28,0.43931711314819544,1.1265092430952959,-1.4077802613975963,,-72.76162881787725,,-75.78733503959923
15m,range3_ret3_vz2_cl0.8_cs0.2_body0.65,model_a,base,next_open,3.0,3.0,2.0,0.8,0.2,0.65,True,1.0,1.5,8,4.0,5.0,1187,1190.8376870475809,0.36310025273799496,-0.5113284525247217,-606.9468731468446,-605.3818089772374,22,0.441909538754087,1.1150701357907558,-1.4385477535352649,,-20.10537705938494,,-58.482859281331514
15m,range2_ret2_vz1.5_cl0.7_cs0.3_body0.65,model_a,base,next_open,2.0,2.0,1.5,0.7,0.3,0.65,True,1.0,1.5,8,4.0,5.0,4802,4813.8066213048205,0.3461057892544773,-0.5125902023142865,-2461.458151513204,-2463.242594212557,37,0.43345198089111975,1.133093383815731,-1.3836494762467992,,-424.3805052501735,,-120.60495314707101
15m,range2_ret2_vz1.5_cl0.8_cs0.2_body0.5,model_a,base,next_open,2.0,2.0,1.5,0.8,0.2,0.5,True,1.0,1.5,8,4.0,5.0,4212,4222.355995196981,0.3430674264007597,-0.512747894091047,-2159.69412991149,-2158.391703735862,32,0.4311548902050676,1.1328272519810396,-1.3721104116458591,,-372.3283467598642,,-136.53478235397338
15m,range2_ret2_vz2_cl0.7_cs0.3_body0.65,model_a,base,next_open,2.0,2.0,2.0,0.7,0.3,0.65,True,1.0,1.5,8,4.0,5.0,4162,4172.233060781063,0.345747236905334,-0.5129428594464833,-2134.8681810162634,-2135.636795263158,43,0.43409818692122326,1.138039030520877,-1.385422822598533,,-138.91608323347756,,-246.6717108456974
15m,range3_ret3_vz2.5_cl0.8_cs0.2_body0.65,model_a,base,next_open,3.0,3.0,2.5,0.8,0.2,0.65,True,1.0,1.5,8,4.0,5.0,1106,1109.5758061285799,0.3616636528028933,-0.5153297055522822,-569.954654340824,-568.3895901712168,20,0.43970065977724354,1.1181944166538602,-1.4408391232328162,,-12.400818186967241,,-60.72549844628642
15m,range2.5_ret2.5_vz2_cl0.7_cs0.3_body0.65,model_a,base,next_open,2.5,2.5,2.0,0.7,0.3,0.65,True,1.0,1.5,8,4.0,5.0,2691,2699.700266086807,0.3541434410999628,-0.5160275082676216,-1388.6300247481697,-1390.9478272876233,33,0.43720942667873247,1.1319737435899009,-1.4196783673126268,,-150.52848900612514,,-166.29548692122478
15m,range2_ret2_vz2_cl0.7_cs0.3_body0.5,model_a,base,next_open,2.0,2.0,2.0,0.7,0.3,0.5,True,1.0,1.5,8,4.0,5.0,4891,4903.025444565155,0.3420568390922102,-0.5179741808871504,-2533.4117187190527,-2532.6326781888247,33,0.42947568137430847,1.1399196774226326,-1.3798935174167548,,-397.61019302988404,,-223.971409648318
15m,range2.5_ret2.5_vz2_cl0.7_cs0.3_body0.5,model_a,base,next_open,2.5,2.5,2.0,0.7,0.3,0.5,True,1.0,1.5,8,4.0,5.0,3132,3142.1260622013674,0.3502554278416347,-0.5198373406044412,-1628.1305507731097,-1628.9006985354447,32,0.4329942196049622,1.1333843468414706,-1.4110335033209842,,-106.35161943728134,,-109.7092422147792
15m,range2.5_ret2.5_vz1.5_cl0.7_cs0.3_body0.65,model_a,base,next_open,2.5,2.5,1.5,0.7,0.3,0.65,True,1.0,1.5,8,4.0,5.0,2932,2941.479442648279,0.35402455661664395,-0.5203425265796526,-1525.6442879315416,-1529.103330379431,28,0.433783911894287,1.1260227623923857,-1.4226271992052997,,-94.1221786770922,,-136.01321256896497
15m,range3_ret3_vz1.5_cl0.8_cs0.2_body0.65,model_a,base,next_open,3.0,3.0,1.5,0.8,0.2,0.65,True,1.0,1.5,8,4.0,5.0,1254,1258.0543045978654,0.361244019138756,-0.5228354883335566,-655.63570237028,-654.0706382006732,23,0.4341076554880564,1.1102685009770952,-1.446426133973663,,-82.9369711966277,,-80.85190972967526
15m,range2_ret2_vz1.5_cl0.7_cs0.3_body0.5,model_a,base,next_open,2.0,2.0,1.5,0.7,0.3,0.5,True,1.0,1.5,8,4.0,5.0,5687,5700.982560466579,0.34024969228064006,-0.5239461887356284,-2979.6819753395184,-2978.3795491638884,34,0.42420767115585034,1.134492391750043,-1.3792443372536918,,-477.2012869594308,,-326.6133911768642
15m,range2.5_ret2.5_vz1.5_cl0.7_cs0.3_body0.5,model_a,base,next_open,2.5,2.5,1.5,0.7,0.3,0.5,True,1.0,1.5,8,4.0,5.0,3420,3431.057194357815,0.3482456140350877,-0.5290665809119154,-1809.4077067187504,-1809.4132963047139,31,0.4260955049327479,1.1279555892229711,-1.4144472021010808,,-230.41531929208,,-38.88463070196405
15m,range3_ret3_vz2_cl0.8_cs0.2_body0.5,model_a,base,next_open,3.0,3.0,2.0,0.8,0.2,0.5,True,1.0,1.5,8,4.0,5.0,1315,1319.2515235615576,0.3520912547528517,-0.5302107367641109,-697.2271188448059,-695.6620546751992,25,0.4266044388337142,1.1203773571142215,-1.4271852525688855,,-62.5144882061204,,-14.46449302955849
15m,range3_ret3_vz2.5_cl0.8_cs0.2_body0.5,model_a,base,next_open,3.0,3.0,2.5,0.8,0.2,0.5,True,1.0,1.5,8,4.0,5.0,1227,1230.9670109581987,0.3504482477587612,-0.5340694885643376,-655.3032624684422,-653.738198298835,23,0.4243453445178058,1.1233919181570367,-1.4283083905595582,,-58.23646226882399,,-57.195745317936975
15m,range3_ret3_vz1.5_cl0.8_cs0.2_body0.5,model_a,base,next_open,3.0,3.0,1.5,0.8,0.2,0.5,True,1.0,1.5,8,4.0,5.0,1394,1398.5069382850274,0.3486370157819225,-0.5461152362715417,-761.2846393625291,-759.7195751929224,25,0.41594963042098043,1.1155813299301867,-1.4355255128949338,,-65.36858031087594,,-54.713326001229674
15m,range3_ret3_vz2.5_cl0.7_cs0.3_body0.65,model_a,base,next_open,3.0,3.0,2.5,0.7,0.3,0.65,True,1.0,1.5,8,4.0,5.0,1524,1528.9272409945352,0.34908136482939633,-0.5498475151385088,-837.9676130710874,-836.5200249944478,31,0.4167170153447864,1.125323861546376,-1.448225713118709,,-168.53065971603027,,-79.67415787261842
15m,range3_ret3_vz2_cl0.7_cs0.3_body0.65,model_a,base,next_open,3.0,3.0,2.0,0.7,0.3,0.65,True,1.0,1.5,8,4.0,5.0,1630,1635.2699493576722,0.347239263803681,-0.5556894555795245,-905.773812594625,-905.1381784933884,36,0.4121879079457141,1.122173633653928,-1.4482369259800265,,-122.40877168633752,,-88.81434084146122
15m,range3_ret3_vz1.5_cl0.7_cs0.3_body0.65,model_a,base,next_open,3.0,3.0,1.5,0.7,0.3,0.65,True,1.0,1.5,8,4.0,5.0,1721,1726.5641612543275,0.347472399767577,-0.5600363052193431,-963.8224812824895,-964.0946528192512,21,0.40949220312067275,1.1176758545309335,-1.4534217651754122,,-57.81181461304415,,-65.83565397313585
15m,range3_ret3_vz2_cl0.7_cs0.3_body0.5,model_a,base,next_open,3.0,3.0,2.0,0.7,0.3,0.5,True,1.0,1.5,8,4.0,5.0,1874,1880.05882521244,0.33778014941302026,-0.5703523898094309,-1068.8403785028736,-1067.882098577005,37,0.4000339397754495,1.1258468013658667,-1.4355369893372014,,-70.26890938111862,,-70.87497159907579
15m,range3_ret3_vz2.5_cl0.7_cs0.3_body0.5,model_a,base,next_open,3.0,3.0,2.5,0.7,0.3,0.5,True,1.0,1.5,8,4.0,5.0,1752,1757.6643872850561,0.3373287671232877,-0.570464641607584,-999.4540520964872,-997.8889879268804,32,0.4001834566369869,1.1282778015735873,-1.4351991669478703,,-182.02237071090872,,-27.455378751266885
15m,range3_ret3_vz1.5_cl0.7_cs0.3_body0.5,model_a,base,next_open,3.0,3.0,1.5,0.7,0.3,0.5,True,1.0,1.5,8,4.0,5.0,1980,1986.401533575577,0.3368686868686869,-0.577919048621739,-1144.2797162710433,-1142.7146521014372,22,0.3952891470315757,1.1214334168265092,-1.4411849240627,,-172.6030291314311,,-129.12059659714348
15m,range1.5_ret1.5_vz1.5_cl0.8_cs0.2_body0.5,model_a,stress,next_close,1.5,1.5,1.5,0.8,0.2,0.5,True,1.0,1.5,8,8.0,10.0,5931,5944.56277155271,0.281908615747766,-0.9765170728504597,-5791.722759076077,-5790.116383152293,39,0.20019879024523995,0.8670634584370986,-1.7002706883265803,,-934.4549378181331,,-352.25286014456094
15m,range1.5_ret1.5_vz2_cl0.8_cs0.2_body0.5,model_a,stress,next_close,1.5,1.5,2.0,0.8,0.2,0.5,True,1.0,1.5,8,8.0,10.0,4733,4743.8232334781615,0.27952672723431227,-0.9789752238609395,-4633.489734533827,-4631.883358610033,50,0.1991715913786271,0.8710363582989478,-1.6967363157077229,,-736.1122838932604,,-512.3968804966528
15m,range1.5_ret1.5_vz1.5_cl0.8_cs0.2_body0.65,model_a,stress,next_close,1.5,1.5,1.5,0.8,0.2,0.65,True,1.0,1.5,8,8.0,10.0,5239,5250.980333866911,0.280206146211109,-0.9839464245841798,-5154.895318396518,-5153.288942472747,37,0.1972001998575587,0.8625690873008034,-1.702770283360938,,-472.2873380775298,,-327.5085445259897
15m,range1.5_ret1.5_vz2.5_cl0.8_cs0.2_body0.5,model_a,stress,next_close,1.5,1.5,2.5,0.8,0.2,0.5,True,1.0,1.5,8,8.0,10.0,3785,3793.8722771711164,0.27873183619550856,-0.9865157613862995,-3733.9621568471434,-3732.3557809233494,39,0.1973782763831602,0.8703739706214351,-1.7041050167958818,,-248.8100772497906,,-289.2748647822856
15m,range1.5_ret1.5_vz2_cl0.8_cs0.2_body0.65,model_a,stress,next_close,1.5,1.5,2.0,0.8,0.2,0.65,True,1.0,1.5,8,8.0,10.0,4208,4217.622684655843,0.2785171102661597,-0.9878891189926907,-4157.037412721243,-4155.431036797453,35,0.19628942900882562,0.866270554690091,-1.7036582683853851,,-296.5745049355919,,-252.09827084920215
15m,range2_ret2_vz2_cl0.8_cs0.2_body0.5,model_a,stress,next_close,2.0,2.0,2.0,0.8,0.2,0.5,True,1.0,1.5,8,8.0,10.0,3463,3471.11748899434,0.28645682933872363,-0.9901807996243335,-3428.996109099067,-3427.3897331752755,38,0.20022215519694764,0.8653625226173803,-1.7351014696622857,,-557.0163937704177,,-170.36564961097028
15m,range1.5_ret1.5_vz2.5_cl0.8_cs0.2_body0.65,model_a,stress,next_close,1.5,1.5,2.5,0.8,0.2,0.65,True,1.0,1.5,8,8.0,10.0,3369,3376.897147104225,0.2778272484416741,-0.9942051996857298,-3349.477317741224,-3347.8709418174317,37,0.19477229972846424,0.8655849128788384,-1.7096854895995959,,-222.74222908627857,,-372.06806913908866
15m,range1.5_ret1.5_vz2_cl0.7_cs0.3_body0.5,model_a,stress,next_close,1.5,1.5,2.0,0.7,0.3,0.5,True,1.0,1.5,8,8.0,10.0,6336,6350.488909215642,0.27635732323232326,-0.9987156997127987,-6327.862673380293,-6326.25629745649,47,0.19211806321817126,0.8593917917229712,-1.7083222902262194,,-991.594629126789,,-362.02792415960135
15m,range1.5_ret1.5_vz1.5_cl0.7_cs0.3_body0.5,model_a,stress,next_close,1.5,1.5,1.5,0.7,0.3,0.5,True,1.0,1.5,8,8.0,10.0,7796,7813.827578321519,0.27642380708055414,-0.9989051733644245,-7787.464731549054,-7785.858355625261,36,0.19177547207318488,0.8574520688563261,-1.7080790533477108,,-1243.7245095388141,,-892.6037867856
15m,range2_ret2_vz2.5_cl0.8_cs0.2_body0.5,model_a,stress,next_close,2.0,2.0,2.5,0.8,0.2,0.5,True,1.0,1.5,8,8.0,10.0,2910,2916.821222342919,0.28419243986254294,-1.0005791648501994,-2911.6853697140805,-2910.078993790293,31,0.1973000331447446,0.8653919437747938,-1.741413589637943,,-464.3800512585066,,-341.99828054821216
15m,range2_ret2_vz1.5_cl0.8_cs0.2_body0.5,model_a,stress,next_close,2.0,2.0,1.5,0.8,0.2,0.5,True,1.0,1.5,8,8.0,10.0,4065,4074.5286147161396,0.2833948339483395,-1.0053305099950347,-4086.6685231298156,-4085.0621472060275,43,0.19492829344676635,0.8589289687429327,-1.742586575736929,,-659.9106638888001,,-218.55508497917583
15m,range2_ret2_vz2_cl0.8_cs0.2_body0.65,model_a,stress,next_close,2.0,2.0,2.0,0.8,0.2,0.65,True,1.0,1.5,8,8.0,10.0,3075,3082.2079926819506,0.2832520325203252,-1.0072663170054832,-3097.343924791861,-3095.737548868077,34,0.1948974716275873,0.8608476358360231,-1.745527321054917,,-263.8923664066182,,-163.0726292553425
15m,range1.5_ret1.5_vz1.5_cl0.7_cs0.3_body0.65,model_a,stress,next_close,1.5,1.5,1.5,0.7,0.3,0.65,True,1.0,1.5,8,8.0,10.0,6610,6625.115481362909,0.27337367624810893,-1.0088572576161225,-6668.54647284257,-6666.940096918778,49,0.18831214893732953,0.8561745677960199,-1.7105254875806744,,-1096.7031553690204,,-607.7827839725353
15m,range1.5_ret1.5_vz2_cl0.7_cs0.3_body0.65,model_a,stress,next_close,1.5,1.5,2.0,0.7,0.3,0.65,True,1.0,1.5,8,8.0,10.0,5407,5419.364509490053,0.27408914370260773,-1.0101864475439368,-5462.078121870067,-5460.471745946279,40,0.18918262292056587,0.8599395007939069,-1.7163078884195253,,-485.92449450005137,,-423.1719087702424
15m,range1.5_ret1.5_vz2.5_cl0.7_cs0.3_body0.5,model_a,stress,next_close,1.5,1.5,2.5,0.7,0.3,0.5,True,1.0,1.5,8,8.0,10.0,5119,5130.99925676062,0.27270951357687045,-1.0122530634743632,-5181.723431925265,-5180.117056001484,40,0.1876857032337492,0.8576219860503298,-1.7133934258532166,,-812.9718716256335,,-47.16534670738166
15m,range2_ret2_vz2.5_cl0.8_cs0.2_body0.65,model_a,stress,next_close,2.0,2.0,2.5,0.8,0.2,0.65,True,1.0,1.5,8,8.0,10.0,2590,2596.0711222914642,0.28185328185328185,-1.014124361497635,-2626.5820962788744,-2624.975720355089,34,0.19333021903115918,0.8623271790908654,-1.7505811489329064,,-443.2183289159436,,-363.40093683264763
15m,range2_ret2_vz1.5_cl0.8_cs0.2_body0.65,model_a,stress,next_close,2.0,2.0,1.5,0.8,0.2,0.65,True,1.0,1.5,8,8.0,10.0,3573,3581.3753358870276,0.28239574587181643,-1.014383349787281,-3624.391708789955,-3622.785332866166,34,0.192422916712634,0.8558876679637718,-1.7503831379740251,,-349.00938314036136,,-238.33834421906587
15m,range2_ret2_vz2_cl0.7_cs0.3_body0.5,model_a,stress,next_close,2.0,2.0,2.0,0.7,0.3,0.5,True,1.0,1.5,8,8.0,10.0,4675,4685.958492939226,0.28042780748663104,-1.0209656516880177,-4773.014421641483,-4771.408045717698,54,0.1898376616669749,0.8531008609423693,-1.7513167807184686,,-758.0851524524136,,-236.7599188864564
15m,range1.5_ret1.5_vz2.5_cl0.7_cs0.3_body0.65,model_a,stress,next_close,1.5,1.5,2.5,0.7,0.3,0.65,True,1.0,1.5,8,8.0,10.0,4381,4391.269338516951,0.2695731568135129,-1.0233152949827218,-4483.144307319304,-4481.537931395511,45,0.18435938320081036,0.858023579618635,-1.717646923390285,,-723.4070575070195,,-487.147893582497
15m,range2_ret2_vz2_cl0.7_cs0.3_body0.65,model_a,stress,next_close,2.0,2.0,2.0,0.7,0.3,0.65,True,1.0,1.5,8,8.0,10.0,4007,4016.3926590818132,0.278762166209134,-1.0319731437568476,-4135.116387033689,-4133.510011109897,43,0.1873089139731,0.8532327448218261,-1.7606150044981552,,-378.74422169061904,,-494.66641347289146
15m,range2_ret2_vz1.5_cl0.7_cs0.3_body0.5,model_a,stress,next_close,2.0,2.0,1.5,0.7,0.3,0.5,True,1.0,1.5,8,8.0,10.0,5407,5419.674346806929,0.27741816164231553,-1.0324388978936283,-5582.397120910849,-5580.790744987066,62,0.18522102359569434,0.8460186453802079,-1.7536281261789508,,-892.6294153729806,,-59.14315488630362
15m,range2_ret2_vz2.5_cl0.7_cs0.3_body0.5,model_a,stress,next_close,2.0,2.0,2.5,0.7,0.3,0.5,True,1.0,1.5,8,8.0,10.0,3965,3974.29420845006,0.2756620428751576,-1.0338115705041304,-4099.062877048877,-4097.456501125088,43,0.18549700735147515,0.8540998416818951,-1.7522959623980463,,-636.9029653137761,,-474.8061671792263
15m,range2.5_ret2.5_vz2_cl0.8_cs0.2_body0.5,model_a,stress,next_close,2.5,2.5,2.0,0.8,0.2,0.5,True,1.0,1.5,8,8.0,10.0,2210,2216.8914318409384,0.2850678733031674,-1.0364885702669249,-2290.639740289904,-2288.6581806320314,31,0.18890798015049037,0.8468303558479815,-1.7874321927051466,,-206.30592548388805,,-190.51263455909228
15m,range2.5_ret2.5_vz2.5_cl0.8_cs0.2_body0.5,model_a,stress,next_close,2.5,2.5,2.5,0.8,0.2,0.5,True,1.0,1.5,8,8.0,10.0,1966,1972.1305678729796,0.2843336724313327,-1.0390071378548744,-2042.688033022683,-2041.6161961549253,29,0.18853363708356807,0.8490017011320063,-1.7891115735291219,,-327.17560389799445,,-98.62005464453559
15m,range2_ret2_vz1.5_cl0.7_cs0.3_body0.65,model_a,stress,next_close,2.0,2.0,1.5,0.7,0.3,0.65,True,1.0,1.5,8,8.0,10.0,4601,4611.785032302327,0.27624429471853945,-1.0390972536091467,-4780.886463855684,-4779.280087931907,49,0.18351222656821958,0.8454310586904649,-1.758387189024404,,-784.8206545719994,,-256.13430152123357
15m,range2_ret2_vz2.5_cl0.7_cs0.3_body0.65,model_a,stress,next_close,2.0,2.0,2.5,0.7,0.3,0.65,True,1.0,1.5,8,8.0,10.0,3399,3406.967468984049,0.2759635186819653,-1.0392983945444572,-3532.57524305661,-3530.968867132819,42,0.1851110469885678,0.8555048765438195,-1.7614948465074005,,-575.1336127562988,,-174.6865701741476
15m,range2.5_ret2.5_vz1.5_cl0.8_cs0.2_body0.5,model_a,stress,next_close,2.5,2.5,1.5,0.8,0.2,0.5,True,1.0,1.5,8,8.0,10.0,2429,2436.574338435131,0.2873610539316591,-1.0410417686766222,-2528.6904561155156,-2526.7088964576446,34,0.1888064956633434,0.8432041086345347,-1.8008358890481924,,-139.47976243794696,,-127.26531925310769
15m,range2.5_ret2.5_vz2_cl0.8_cs0.2_body0.65,model_a,stress,next_close,2.5,2.5,2.0,0.8,0.2,0.65,True,1.0,1.5,8,8.0,10.0,1978,1984.1679874123874,0.28361981799797775,-1.050970984478873,-2078.8206072992107,-2076.8390476413365,31,0.1857790909267278,0.8454905048327558,-1.8017930702261022,,-116.2315007568526,,-105.19711830390638
15m,range2.5_ret2.5_vz1.5_cl0.8_cs0.2_body0.65,model_a,stress,next_close,2.5,2.5,1.5,0.8,0.2,0.65,True,1.0,1.5,8,8.0,10.0,2167,2173.7573451580606,0.286571296723581,-1.0526576584392462,-2281.1091458378464,-2279.1275861799727,33,0.18673411840626122,0.8434232879049017,-1.814278788891844,,-237.67716404047297,,-129.30795974088403
15m,range2.5_ret2.5_vz2.5_cl0.8_cs0.2_body0.65,model_a,stress,next_close,2.5,2.5,2.5,0.8,0.2,0.65,True,1.0,1.5,8,8.0,10.0,1764,1769.5006722929481,0.2811791383219955,-1.0563477739321154,-1863.3974732162515,-1862.3256363484925,29,0.18389198743398616,0.8465234446284978,-1.8006885660504623,,-100.37481723014858,,-89.97802205540638
15m,range2.5_ret2.5_vz2_cl0.7_cs0.3_body0.5,model_a,stress,next_close,2.5,2.5,2.0,0.7,0.3,0.5,True,1.0,1.5,8,8.0,10.0,3014,3023.3985409812617,0.28002654280026545,-1.063655478205459,-3205.8576113112535,-3203.876051653377,33,0.18043883332668564,0.8362775166971906,-1.8026155923519274,,-283.83976475101855,,-151.41490773669565
15m,range2.5_ret2.5_vz1.5_cl0.7_cs0.3_body0.5,model_a,stress,next_close,2.5,2.5,1.5,0.7,0.3,0.5,True,1.0,1.5,8,8.0,10.0,3288,3298.2529537977402,0.2816301703163017,-1.0673341546445128,-3509.3947004711576,-3507.413140813285,35,0.18034346269593632,0.8338534430575897,-1.8126769639045237,,-400.35735959289696,,-368.288258788537
15m,range2.5_ret2.5_vz2_cl0.7_cs0.3_body0.65,model_a,stress,next_close,2.5,2.5,2.0,0.7,0.3,0.65,True,1.0,1.5,8,8.0,10.0,2605,2613.1231583464455,0.28099808061420345,-1.0705524640301103,-2788.789168798437,-2787.3245563562714,35,0.1804570850839464,0.8388935202227616,-1.8167961695683388,,-300.1133833293222,,-217.14004675077572
15m,range2.5_ret2.5_vz2.5_cl0.7_cs0.3_body0.5,model_a,stress,next_close,2.5,2.5,2.5,0.7,0.3,0.5,True,1.0,1.5,8,8.0,10.0,2700,2708.419396366757,0.2762962962962963,-1.071188604741141,-2892.209232801081,-2893.1196155518987,30,0.17761921718482798,0.837351647428838,-1.7998329384764553,,-238.21156744363435,,-361.07283375770163
15m,range3_ret3_vz2_cl0.8_cs0.2_body0.65,model_a,stress,next_close,3.0,3.0,2.0,0.8,0.2,0.65,True,1.0,1.5,8,8.0,10.0,1162,1165.6234587326562,0.2908777969018933,-1.0718168562268933,-1245.45118693565,-1244.5304190264317,35,0.18308905489948432,0.8258433549052382,-1.8502260205019665,,-65.04688362308542,,-9.241145118925608
15m,range2.5_ret2.5_vz1.5_cl0.7_cs0.3_body0.65,model_a,stress,next_close,2.5,2.5,1.5,0.7,0.3,0.65,True,1.0,1.5,8,8.0,10.0,2836,2844.843484480046,0.2824400564174894,-1.072997333448588,-3043.0204376601955,-3041.038878002323,37,0.18042739799048452,0.8363487410092064,-1.8245384664415576,,-225.4012250993743,,-288.703742048416
15m,range2.5_ret2.5_vz2.5_cl0.7_cs0.3_body0.65,model_a,stress,next_close,2.5,2.5,2.5,0.7,0.3,0.65,True,1.0,1.5,8,8.0,10.0,2337,2344.287455299671,0.2772785622593068,-1.0764362473525517,-2515.6315100629135,-2516.5418928137315,33,0.1780843821778603,0.8411445224419749,-1.8121333100090666,,-217.26289245188232,,-114.96319481465433
15m,range3_ret3_vz2_cl0.8_cs0.2_body0.5,model_a,stress,next_close,3.0,3.0,2.0,0.8,0.2,0.5,True,1.0,1.5,8,8.0,10.0,1287,1291.0132456014876,0.2836052836052836,-1.0774731440078822,-1386.7079363381442,-1385.7871684289244,39,0.17903887270822216,0.828546482108981,-1.832025382112714,,-130.235389488757,,-60.79244953281197
15m,range3_ret3_vz2.5_cl0.8_cs0.2_body0.65,model_a,stress,next_close,3.0,3.0,2.5,0.8,0.2,0.65,True,1.0,1.5,8,8.0,10.0,1083,1086.3771134315548,0.2899353647276085,-1.0777473887538604,-1167.2004220204308,-1166.279654111212,34,0.18339189583611368,0.83479961926264,-1.8586833582170346,,-103.48969872495947,,-53.80366840391242
15m,range3_ret3_vz2.5_cl0.8_cs0.2_body0.5,model_a,stress,next_close,3.0,3.0,2.5,0.8,0.2,0.5,True,1.0,1.5,8,8.0,10.0,1201,1204.7450722357316,0.28309741881765194,-1.0808455875154204,-1298.0955506060197,-1297.1747826968008,38,0.17993970037985113,0.837739416123204,-1.8384749733889771,,-109.49773001917687,,-88.51381697821272
15m,range3_ret3_vz1.5_cl0.8_cs0.2_body0.65,model_a,stress,next_close,3.0,3.0,1.5,0.8,0.2,0.65,True,1.0,1.5,8,8.0,10.0,1226,1229.823029609498,0.28792822185970635,-1.089486464113648,-1335.7104050033324,-1334.7896370941132,33,0.17851633227785307,0.8222741276450444,-1.8625122245842303,,-153.21688764587952,,-129.25300307549213
15m,range3_ret3_vz1.5_cl0.8_cs0.2_body0.5,model_a,stress,next_close,3.0,3.0,1.5,0.8,0.2,0.5,True,1.0,1.5,8,8.0,10.0,1364,1368.2533543126879,0.28152492668621704,-1.0941404907761303,-1492.4076294186416,-1491.4868615094224,37,0.17506934942845329,0.824800496687205,-1.8460520613740083,,-137.42723985360794,,-69.47247188002517
15m,range3_ret3_vz2_cl0.7_cs0.3_body0.65,model_a,stress,next_close,3.0,3.0,2.0,0.7,0.3,0.65,True,1.0,1.5,8,8.0,10.0,1588,1592.9518523816337,0.28148614609571787,-1.1052430128551036,-1755.1259044139044,-1754.2051365046848,31,0.17321252420380248,0.8225951685354318,-1.8604960076680477,,-221.40969500193523,,-172.14190144053663
15m,range3_ret3_vz2.5_cl0.7_cs0.3_body0.65,model_a,stress,next_close,3.0,3.0,2.5,0.7,0.3,0.65,True,1.0,1.5,8,8.0,10.0,1485,1489.6306680017165,0.2787878787878788,-1.1117804897611014,-1650.9940272952356,-1650.9713047767164,28,0.17307187127657908,0.8346490151487261,-1.864181810986749,,-268.9573392165715,,-23.99166516363624
15m,range3_ret3_vz2_cl0.7_cs0.3_body0.5,model_a,stress,next_close,3.0,3.0,2.0,0.7,0.3,0.5,True,1.0,1.5,8,8.0,10.0,1815,1820.6597053354312,0.2716253443526171,-1.1156632347656976,-2024.9287710997412,-2024.0080031905213,35,0.16739347323497508,0.8257746401988023,-1.8396638946427768,,-118.56477881854981,,-31.088404418732658
15m,range3_ret3_vz1.5_cl0.7_cs0.3_body0.65,model_a,stress,next_close,3.0,3.0,1.5,0.7,0.3,0.65,True,1.0,1.5,8,8.0,10.0,1675,1680.2231440423402,0.28,-1.1171218531125324,-1871.1791039634918,-1870.2583360542724,32,0.17054728605431876,0.8203434154190914,-1.8705805686526085,,-99.58393635543557,,-94.6347962347731
15m,range3_ret3_vz2.5_cl0.7_cs0.3_body0.5,model_a,stress,next_close,3.0,3.0,2.5,0.7,0.3,0.5,True,1.0,1.5,8,8.0,10.0,1698,1703.2948648262052,0.26855123674911663,-1.1232255094677148,-1907.2369150761797,-1907.21419255766,32,0.16664902139978988,0.8364011462874259,-1.842701962788443,,-300.87132800530037,,-254.42472961756312
15m,range3_ret3_vz1.5_cl0.7_cs0.3_body0.5,model_a,stress,next_close,3.0,3.0,1.5,0.7,0.3,0.5,True,1.0,1.5,8,8.0,10.0,1918,1923.9808897153484,0.2711157455683003,-1.1267016250537603,-2161.0137168531123,-2160.0929489438918,36,0.16523911718106826,0.8226307818260354,-1.851775195566989,,-287.5270975225849,,-293.52677488533146
15m,range1.5_ret1.5_vz1.5_cl0.8_cs0.2_body0.65,model_a,stress,next_open,1.5,1.5,1.5,0.8,0.2,0.65,True,1.0,1.5,8,8.0,10.0,5480,5492.5314429453465,0.29105839416058393,-0.9683848341550614,-5306.748891169736,-5305.144247378748,52,0.2093024056224137,0.8807074150810785,-1.7275359635068357,,-417.1687994589145,,-333.3589768949027
15m,range1.5_ret1.5_vz2_cl0.8_cs0.2_body0.65,model_a,stress,next_open,1.5,1.5,2.0,0.8,0.2,0.65,True,1.0,1.5,8,8.0,10.0,4370,4379.993139721016,0.28924485125858124,-0.9716302452727198,-4246.024171841786,-4244.419528050795,42,0.20828209435493136,0.8837244222214143,-1.7266747719026574,,-426.77276998610444,,-39.597790486261566
15m,range1.5_ret1.5_vz2.5_cl0.8_cs0.2_body0.65,model_a,stress,next_open,1.5,1.5,2.5,0.8,0.2,0.65,True,1.0,1.5,8,8.0,10.0,3474,3482.5414832180227,0.2913068508923431,-0.9763941865058018,-3391.9934039211553,-3390.3887601301694,35,0.2087411615546038,0.884227480835214,-1.7411988686134816,,-244.04375637217046,,-195.87332031288187
15m,range1.5_ret1.5_vz2_cl0.8_cs0.2_body0.5,model_a,stress,next_open,1.5,1.5,2.0,0.8,0.2,0.5,True,1.0,1.5,8,8.0,10.0,4959,4970.340041161674,0.2827182899778181,-0.9845990232840005,-4882.626556465359,-4881.021912674375,42,0.20275058259880213,0.8856729801457692,-1.721771176449178,,-792.0381467236825,,-283.5348174408596
15m,range1.5_ret1.5_vz1.5_cl0.8_cs0.2_body0.5,model_a,stress,next_open,1.5,1.5,1.5,0.8,0.2,0.5,True,1.0,1.5,8,8.0,10.0,6271,6285.34026983764,0.2841652049114974,-0.9863669900879273,-6185.507394841392,-6183.902751050393,47,0.20255342126857073,0.881669088724535,-1.7279219672418162,,-1007.7305910185945,,-65.13526461910105
15m,range1.5_ret1.5_vz2.5_cl0.8_cs0.2_body0.5,model_a,stress,next_open,1.5,1.5,2.5,0.8,0.2,0.5,True,1.0,1.5,8,8.0,10.0,3933,3942.670021156155,0.2834986015764048,-0.9902903959157077,-3894.8121271364785,-3893.2074833454976,39,0.202280729267539,0.8857600188319155,-1.7325885550511229,,-295.9783679421408,,-534.5301844132849
15m,range2_ret2_vz2.5_cl0.8_cs0.2_body0.65,model_a,stress,next_open,2.0,2.0,2.5,0.8,0.2,0.65,True,1.0,1.5,8,8.0,10.0,2658,2664.5351935502317,0.29721595184349137,-0.9914396483326663,-2635.246585268227,-2633.641941477242,41,0.2080897703008382,0.8765343612543864,-1.7814286566698032,,-481.6080868327582,,-222.76123973881286
15m,range1.5_ret1.5_vz1.5_cl0.7_cs0.3_body0.65,model_a,stress,next_open,1.5,1.5,1.5,0.7,0.3,0.65,True,1.0,1.5,8,8.0,10.0,7007,7023.023324948548,0.2832881404309976,-0.9947599949566361,-6970.283284661149,-6968.678640870131,47,0.19982083723940278,0.8768866419743475,-1.7345486397810093,,-1138.8994074005886,,-436.9228520211628
15m,range2_ret2_vz2.5_cl0.8_cs0.2_body0.5,model_a,stress,next_open,2.0,2.0,2.5,0.8,0.2,0.5,True,1.0,1.5,8,8.0,10.0,2994,3001.3613128252045,0.2899131596526386,-1.001367607606981,-2998.094617175301,-2996.489973384316,45,0.20267496753029227,0.8779915221182305,-1.7686694536095602,,-506.39346897502105,,-175.1548323589873
15m,range1.5_ret1.5_vz2.5_cl0.7_cs0.3_body0.65,model_a,stress,next_open,1.5,1.5,2.5,0.7,0.3,0.65,True,1.0,1.5,8,8.0,10.0,4565,4576.223912173366,0.28433734939759037,-1.0028204604170894,-4577.875401804013,-4576.270758013033,47,0.20000689386715637,0.8817551326866809,-1.7515743997647153,,-772.1533557453668,,-56.474368795132584
15m,range1.5_ret1.5_vz2_cl0.7_cs0.3_body0.65,model_a,stress,next_open,1.5,1.5,2.0,0.7,0.3,0.65,True,1.0,1.5,8,8.0,10.0,5673,5685.972787560027,0.2809800810858452,-1.0039936533664406,-5695.655995547818,-5694.051351756826,41,0.1980426544867034,0.8823947248592187,-1.7411603792531043,,-450.7810530089369,,-662.1359084925356
15m,range1.5_ret1.5_vz2_cl0.7_cs0.3_body0.5,model_a,stress,next_open,1.5,1.5,2.0,0.7,0.3,0.5,True,1.0,1.5,8,8.0,10.0,6717,6732.360164646696,0.2785469703736787,-1.005125456218315,-6751.427689418422,-6749.823045627412,38,0.19660335640559642,0.8830448211649148,-1.7341321811427934,,-1067.2967532984214,,-85.24218183971907
15m,range1.5_ret1.5_vz1.5_cl0.7_cs0.3_body0.5,model_a,stress,next_open,1.5,1.5,1.5,0.7,0.3,0.5,True,1.0,1.5,8,8.0,10.0,8372,8391.144751886577,0.27854753941710464,-1.0053084405278316,-8416.442264099007,-8414.837620307995,44,0.19578214235950214,0.8786165237500697,-1.7326781452788362,,-680.4728246717763,,-612.9138559356131
15m,range2_ret2_vz2_cl0.8_cs0.2_body0.65,model_a,stress,next_open,2.0,2.0,2.0,0.8,0.2,0.65,True,1.0,1.5,8,8.0,10.0,3161,3168.7719137743725,0.2891490034799114,-1.0076269862540506,-3185.108903549054,-3183.5042597580727,46,0.20051580604708508,0.8740108434004388,-1.7730105983164466,,-331.3867910500344,,-307.4705575614706
15m,range1.5_ret1.5_vz2.5_cl0.7_cs0.3_body0.5,model_a,stress,next_open,1.5,1.5,2.5,0.7,0.3,0.5,True,1.0,1.5,8,8.0,10.0,5398,5411.27199954257,0.2793627269359022,-1.008684770438797,-5444.880390828625,-5443.275747037642,54,0.19626049567065434,0.8816669861767108,-1.7414997958825462,,-879.5929313347287,,-683.0190392247272
15m,range2_ret2_vz2_cl0.8_cs0.2_body0.5,model_a,stress,next_open,2.0,2.0,2.0,0.8,0.2,0.5,True,1.0,1.5,8,8.0,10.0,3573,3581.7848933615414,0.28407500699692134,-1.0123980908525796,-3617.2983786162667,-3615.693734825287,49,0.1972109654358767,0.8754834060769489,-1.7614988411979553,,-611.9798807871085,,-206.47906915667136
15m,range2_ret2_vz2.5_cl0.7_cs0.3_body0.65,model_a,stress,next_open,2.0,2.0,2.5,0.7,0.3,0.65,True,1.0,1.5,8,8.0,10.0,3533,3541.6865458288066,0.29238607415793944,-1.014126755530039,-3582.909827287628,-3581.3051834966454,62,0.20113471357679805,0.8732710000655497,-1.7939995081421363,,-608.5852155934416,,-365.344047054156
15m,range2.5_ret2.5_vz2.5_cl0.8_cs0.2_body0.65,model_a,stress,next_open,2.5,2.5,2.5,0.8,0.2,0.65,True,1.0,1.5,8,8.0,10.0,1803,1808.8292752710938,0.3033832501386578,-1.017382960984337,-1834.3414786547596,-1832.2109584910136,46,0.20521915274537872,0.8658912631598978,-1.837566878664987,,-101.73670207730852,,-92.96008803898508
15m,range2_ret2_vz2.5_cl0.7_cs0.3_body0.5,model_a,stress,next_open,2.0,2.0,2.5,0.7,0.3,0.5,True,1.0,1.5,8,8.0,10.0,4156,4166.218308651152,0.28657362848893164,-1.0178410732827448,-4230.147500563087,-4228.54285677211,70,0.19806030911410713,0.8772017577210692,-1.7790538934262667,,-671.1260971747404,,-244.75157208992084
15m,range2_ret2_vz1.5_cl0.8_cs0.2_body0.65,model_a,stress,next_open,2.0,2.0,1.5,0.8,0.2,0.65,True,1.0,1.5,8,8.0,10.0,3686,3695.0627251415176,0.28703201302224635,-1.0193391321976517,-3757.2840412805444,-3755.6793974895654,39,0.19650120374506075,0.8684970444861443,-1.779358414896075,,-267.8069952209797,,-239.47049116965698
15m,range2.5_ret2.5_vz2.5_cl0.8_cs0.2_body0.5,model_a,stress,next_open,2.5,2.5,2.5,0.8,0.2,0.5,True,1.0,1.5,8,8.0,10.0,2016,2022.517925095133,0.2961309523809524,-1.0240668979584504,-2064.518866284236,-2062.3883461204905,36,0.200755400815555,0.8686244551641682,-1.820357763225683,,-366.08312208016935,,-195.2461837116096
15m,range2.5_ret2.5_vz2_cl0.8_cs0.2_body0.5,model_a,stress,next_open,2.5,2.5,2.0,0.8,0.2,0.5,True,1.0,1.5,8,8.0,10.0,2267,2274.3294326342593,0.2937803264225849,-1.0314234810440859,-2338.2370315269427,-2336.1065113631944,42,0.1977783483655861,0.8655629765413597,-1.8205508893838152,,-157.62422035994638,,-165.51823176911833
15m,range2_ret2_vz2_cl0.7_cs0.3_body0.5,model_a,stress,next_open,2.0,2.0,2.0,0.7,0.3,0.5,True,1.0,1.5,8,8.0,10.0,4908,4920.0672422665675,0.28076609616951914,-1.0321091587774978,-5065.591751279959,-5063.987107488978,40,0.1922984601690119,0.8751970884613058,-1.7766610026004641,,-800.840938683532,,-512.1832230371577
15m,range2.5_ret2.5_vz2_cl0.8_cs0.2_body0.65,model_a,stress,next_open,2.5,2.5,2.0,0.8,0.2,0.65,True,1.0,1.5,8,8.0,10.0,2024,2030.5437898772566,0.29792490118577075,-1.0327594273077938,-2090.3050808709745,-2088.174560707228,42,0.19918773999995745,0.8622322343408627,-1.8368973386196445,,-115.3585408792199,,-27.944838989060294
15m,range2_ret2_vz1.5_cl0.8_cs0.2_body0.5,model_a,stress,next_open,2.0,2.0,1.5,0.8,0.2,0.5,True,1.0,1.5,8,8.0,10.0,4213,4223.358453885299,0.2796107286968906,-1.0328853839334353,-4351.546122511563,-4349.941478720583,40,0.19039686534330888,0.8687321887145509,-1.770976158424153,,-739.5452392629392,,-317.24961772506805
15m,range2_ret2_vz2_cl0.7_cs0.3_body0.65,model_a,stress,next_open,2.0,2.0,2.0,0.7,0.3,0.65,True,1.0,1.5,8,8.0,10.0,4172,4182.257647664246,0.2828379674017258,-1.0365813852175663,-4324.6175391276865,-4323.012895336707,46,0.19207878550125002,0.8713167984218093,-1.789027861385502,,-333.89410213735215,,-254.21779245203095
15m,range2_ret2_vz1.5_cl0.7_cs0.3_body0.65,model_a,stress,next_open,2.0,2.0,1.5,0.7,0.3,0.65,True,1.0,1.5,8,8.0,10.0,4812,4823.831208188004,0.2820033250207814,-1.03996579558284,-5004.315408344626,-5002.710764553646,49,0.18983778740581572,0.8641228851947866,-1.787823491621983,,-831.4166094383476,,-313.26738831299735
15m,range2.5_ret2.5_vz2.5_cl0.7_cs0.3_body0.65,model_a,stress,next_open,2.5,2.5,2.5,0.7,0.3,0.65,True,1.0,1.5,8,8.0,10.0,2413,2420.801464908014,0.2954828014919188,-1.0460905072234703,-2524.216393930234,-2522.0858737664885,51,0.19633436457233924,0.8648842251271468,-1.847575792026994,,-177.8064063434075,,-50.00950874670713
15m,range2_ret2_vz1.5_cl0.7_cs0.3_body0.5,model_a,stress,next_open,2.0,2.0,1.5,0.7,0.3,0.5,True,1.0,1.5,8,8.0,10.0,5707,5721.031734232946,0.2768529875591379,-1.0461191339519955,-5970.201897464039,-5968.597253673042,52,0.18672508937597335,0.8675554304054934,-1.778759262782825,,-949.9008557019671,,-369.61424460709594
15m,range2.5_ret2.5_vz2.5_cl0.7_cs0.3_body0.5,model_a,stress,next_open,2.5,2.5,2.5,0.7,0.3,0.5,True,1.0,1.5,8,8.0,10.0,2811,2820.08823781866,0.2895766631092138,-1.0465107072218898,-2941.741598000732,-2939.611077836993,54,0.19348140652087628,0.8669717944408618,-1.8264680213698516,,-202.82604678185456,,-167.97286808623565
15m,range2.5_ret2.5_vz1.5_cl0.8_cs0.2_body0.65,model_a,stress,next_open,2.5,2.5,1.5,0.8,0.2,0.65,True,1.0,1.5,8,8.0,10.0,2221,2228.180710137049,0.29536244934714095,-1.047984874705176,-2327.5744067201963,-2325.443886556449,34,0.19449363826248187,0.8567145829791385,-1.846376468469336,,-241.69261046228982,,-209.01433800753819
15m,range2.5_ret2.5_vz1.5_cl0.8_cs0.2_body0.5,model_a,stress,next_open,2.5,2.5,1.5,0.8,0.2,0.5,True,1.0,1.5,8,8.0,10.0,2497,2505.0730451203112,0.29034841810172207,-1.0497889106630323,-2621.3229099255914,-2619.192389761848,34,0.19224674907207862,0.8605236418977597,-1.831378414391347,,-158.43205843601518,,-36.13617381924645
15m,range2.5_ret2.5_vz2_cl0.7_cs0.3_body0.5,model_a,stress,next_open,2.5,2.5,2.0,0.7,0.3,0.5,True,1.0,1.5,8,8.0,10.0,3138,3148.14546078796,0.28616953473550033,-1.0593674601739387,-3324.2950900258197,-3322.1645698620805,48,0.18929882352944458,0.8643912124152513,-1.8305885708815697,,-248.56248113504392,,-357.1186145865191
15m,range2.5_ret2.5_vz2_cl0.7_cs0.3_body0.65,model_a,stress,next_open,2.5,2.5,2.0,0.7,0.3,0.65,True,1.0,1.5,8,8.0,10.0,2693,2701.706732282338,0.28815447456368365,-1.06906164953612,-2878.9830222007713,-2876.8525020370307,43,0.1885996037013214,0.8623487593253978,-1.8508949710157954,,-317.2353013064537,,-159.22040183163287
15m,range2.5_ret2.5_vz1.5_cl0.7_cs0.3_body0.5,model_a,stress,next_open,2.5,2.5,1.5,0.7,0.3,0.5,True,1.0,1.5,8,8.0,10.0,3429,3440.086292237704,0.28346456692913385,-1.0733525725749078,-3680.525971359359,-3678.3954511956176,52,0.18482529230254363,0.858527729606951,-1.8376129118995994,,-440.509545377606,,-478.2145931495137
15m,range2.5_ret2.5_vz1.5_cl0.7_cs0.3_body0.65,model_a,stress,next_open,2.5,2.5,1.5,0.7,0.3,0.65,True,1.0,1.5,8,8.0,10.0,2936,2945.4923750393405,0.28712534059945505,-1.0772850586281197,-3162.90893213216,-3160.7784119684165,47,0.18562821904022347,0.8552250136735183,-1.8556443471853492,,-238.1273374255037,,-161.02564509373536
15m,range3_ret3_vz2_cl0.8_cs0.2_body0.65,model_a,stress,next_open,3.0,3.0,2.0,0.8,0.2,0.65,True,1.0,1.5,8,8.0,10.0,1188,1191.8409201453462,0.28703703703703703,-1.0984802994203253,-1304.9945957113464,-1302.8640755475992,35,0.1808546533889527,0.8449345193445346,-1.8808940576243598,,-79.27348513815076,,-112.17787542605244
15m,range3_ret3_vz2.5_cl0.8_cs0.2_body0.65,model_a,stress,next_open,3.0,3.0,2.5,0.8,0.2,0.65,True,1.0,1.5,8,8.0,10.0,1107,1110.5790392263455,0.2863595302619693,-1.1006915379507252,-1218.4655325114527,-1216.335012347706,34,0.18119793856181107,0.8506057446896015,-1.88368044756716,,-61.5445816991246,,-66.78659832001323
15m,range3_ret3_vz2_cl0.8_cs0.2_body0.5,model_a,stress,next_open,3.0,3.0,2.0,0.8,0.2,0.5,True,1.0,1.5,8,8.0,10.0,1316,1320.254756659323,0.2811550151975684,-1.1018716838457305,-1450.0631359409813,-1447.932615777235,28,0.17836018516059324,0.8507493506899453,-1.8655818136324114,,-127.03758483361881,,-82.42540568466025
15m,range3_ret3_vz2.5_cl0.8_cs0.2_body0.5,model_a,stress,next_open,3.0,3.0,2.5,0.8,0.2,0.5,True,1.0,1.5,8,8.0,10.0,1228,1231.970244055964,0.28013029315960913,-1.1039663278023077,-1355.670650541234,-1353.5401303774872,26,0.1785060128686999,0.8563360198291327,-1.8667989155683888,,-120.4811458031977,,-79.96368286838202
15m,range3_ret3_vz1.5_cl0.8_cs0.2_body0.65,model_a,stress,next_open,3.0,3.0,1.5,0.8,0.2,0.65,True,1.0,1.5,8,8.0,10.0,1255,1259.057537695631,0.2852589641434263,-1.1158432738971469,-1400.3833087409193,-1398.2527885771733,36,0.17667208057719977,0.8393807012588076,-1.8961890744610617,,-162.69262060295722,,-74.04861162588192
15m,range3_ret3_vz1.5_cl0.8_cs0.2_body0.5,model_a,stress,next_open,3.0,3.0,1.5,0.8,0.2,0.5,True,1.0,1.5,8,8.0,10.0,1395,1399.510171382793,0.27813620071684586,-1.1230750617825083,-1566.689711186599,-1564.5591910228522,33,0.17303510192864607,0.844886563155554,-1.8813363432879382,,-135.24228940860476,,-130.52157508767368
15m,range3_ret3_vz2.5_cl0.7_cs0.3_body0.65,model_a,stress,next_open,3.0,3.0,2.5,0.7,0.3,0.65,True,1.0,1.5,8,8.0,10.0,1526,1530.9337071900661,0.2798165137614679,-1.1246822788274908,-1716.265157490751,-1714.1346373270044,31,0.17572136742288674,0.8568544232965501,-1.8945787044935196,,-303.37919123470965,,-176.87355640076373
15m,range3_ret3_vz2.5_cl0.7_cs0.3_body0.5,model_a,stress,next_open,3.0,3.0,2.5,0.7,0.3,0.5,True,1.0,1.5,8,8.0,10.0,1758,1763.6837858716488,0.26905574516496017,-1.134639752327554,-1994.6966845918398,-1992.5661644280951,32,0.16966989313209216,0.8617270505394685,-1.8694891669237421,,-333.35441589162906,,-139.14867652577453
15m,range3_ret3_vz2_cl0.7_cs0.3_body0.65,model_a,stress,next_open,3.0,3.0,2.0,0.7,0.3,0.65,True,1.0,1.5,8,8.0,10.0,1632,1637.276415553203,0.2763480392156863,-1.136290339994933,-1854.4258348717306,-1852.2953147079843,36,0.171717238986035,0.8524485993971335,-1.8957494946654003,,-234.38486735682437,,-98.19847064156168
15m,range3_ret3_vz2_cl0.7_cs0.3_body0.5,model_a,stress,next_open,3.0,3.0,2.0,0.7,0.3,0.5,True,1.0,1.5,8,8.0,10.0,1880,1886.078223799033,0.2680851063829787,-1.1396391413410385,-2142.5215857211524,-2140.3910655574077,37,0.16783087785078374,0.8573436561874034,-1.8710921427613398,,-136.38656136351966,,-290.7024572214528
15m,range3_ret3_vz1.5_cl0.7_cs0.3_body0.65,model_a,stress,next_open,3.0,3.0,1.5,0.7,0.3,0.65,True,1.0,1.5,8,8.0,10.0,1723,1728.5706274498582,0.2768427161926872,-1.1447968410069904,-1972.4849570550443,-1970.3544368912983,30,0.1699949299747142,0.8469359044207327,-1.9072820092004283,,-114.42203217275386,,-101.8809122457217
15m,range3_ret3_vz1.5_cl0.7_cs0.3_body0.5,model_a,stress,next_open,3.0,3.0,1.5,0.7,0.3,0.5,True,1.0,1.5,8,8.0,10.0,1986,1992.4209321621697,0.2673716012084592,-1.1522173735827197,-2288.303703935281,-2286.1731837715383,34,0.16501035760465227,0.8516266818810722,-1.8835171628963099,,-311.78331809410224,,-119.8700414994301
15m,range1.5_ret1.5_vz2_cl0.8_cs0.2_body0.65,model_b,base,next_close,1.5,1.5,2.0,0.8,0.2,0.65,True,1.2,2.0,12,4.0,5.0,4062,4071.521582528157,0.33357951747907433,-0.3420926039129917,-1389.580157094572,-1393.1035081469818,37,0.5931390145642067,1.4950466814297083,-1.2616802402777343,,-82.19806673716265,,-239.21429890616696
15m,range2_ret2_vz2_cl0.8_cs0.2_body0.5,model_b,base,next_close,2.0,2.0,2.0,0.8,0.2,0.5,True,1.2,2.0,12,4.0,5.0,3389,3396.944028357441,0.3349070522277958,-0.3442957499569938,-1166.818296604252,-1170.3656921797058,37,0.5965308848836759,1.5199524685585535,-1.283036534347032,,-166.59696643285412,,-55.6774698220991
15m,range2_ret2_vz2_cl0.8_cs0.2_body0.65,model_b,base,next_close,2.0,2.0,2.0,0.8,0.2,0.65,True,1.2,2.0,12,4.0,5.0,3022,3029.0837573609283,0.3358702845797485,-0.34492359994697613,-1042.359119039762,-1045.906514615215,33,0.5964391460284914,1.51777863525285,-1.286947899263281,,-99.11231206519469,,-207.8800545436145
15m,range1.5_ret1.5_vz1.5_cl0.8_cs0.2_body0.65,model_b,base,next_close,1.5,1.5,1.5,0.8,0.2,0.65,True,1.2,2.0,12,4.0,5.0,5028,5039.497827578321,0.33233890214797135,-0.3465720876979597,-1742.5644569453414,-1743.3964764069942,37,0.5888501214322448,1.4935405015692962,-1.2625173175655748,,-168.79074130464463,,-15.852557213217793
15m,range1.5_ret1.5_vz2_cl0.8_cs0.2_body0.5,model_b,base,next_close,1.5,1.5,2.0,0.8,0.2,0.5,True,1.2,2.0,12,4.0,5.0,4546,4556.656108855983,0.3308402991641003,-0.34821471641042107,-1582.9841008017743,-1585.1523255937152,53,0.5876077300595636,1.499704521811305,-1.2618473706791509,,-244.33667844496006,,-88.00922252109207
15m,range1.5_ret1.5_vz1.5_cl0.8_cs0.2_body0.5,model_b,base,next_close,1.5,1.5,1.5,0.8,0.2,0.5,True,1.2,2.0,12,4.0,5.0,5658,5670.938486165104,0.3303287380699894,-0.3515007427052029,-1988.7912022260377,-1988.2680954272214,39,0.5847001878223906,1.4981365078252733,-1.2638712946295785,,-302.8852440811766,,-136.90536735866968
15m,range2_ret2_vz1.5_cl0.8_cs0.2_body0.65,model_b,base,next_close,2.0,2.0,1.5,0.8,0.2,0.65,True,1.2,2.0,12,4.0,5.0,3498,3506.1995311874675,0.33390508862206975,-0.3524897379053723,-1233.0091031929924,-1236.1746677572764,35,0.5905170562969461,1.5223694830742265,-1.292333330224759,,-129.16608169308967,,-9.575530336557783
15m,range2_ret2_vz1.5_cl0.8_cs0.2_body0.5,model_b,base,next_close,2.0,2.0,1.5,0.8,0.2,0.5,True,1.2,2.0,12,4.0,5.0,3964,3973.291864387399,0.3329969727547931,-0.3533296129341293,-1400.5985856708885,-1403.2815503200868,39,0.5892252290771378,1.5220093627806428,-1.2895805387826538,,-190.56865748809372,,-100.50753390562356
15m,range1.5_ret1.5_vz2.5_cl0.8_cs0.2_body0.65,model_b,base,next_close,1.5,1.5,2.5,0.8,0.2,0.65,True,1.2,2.0,12,4.0,5.0,3270,3277.665084900806,0.3305810397553517,-0.3549412228270176,-1160.6577986443476,-1164.2626711783485,30,0.5823889782622413,1.4973374780681952,-1.2696572007474036,,-71.02225440365194,,-60.02182191007049
15m,range2.5_ret2.5_vz2_cl0.8_cs0.2_body0.5,model_b,base,next_close,2.5,2.5,2.0,0.8,0.2,0.5,True,1.2,2.0,12,4.0,5.0,2177,2183.788528107567,0.3330271015158475,-0.35584633572580143,-774.6774728750697,-778.5421074383082,28,0.5932732980284153,1.5586013121190696,-1.3117516695326412,,-68.09162561475891,,3.700289362508064
15m,range2_ret2_vz2.5_cl0.8_cs0.2_body0.65,model_b,base,next_close,2.0,2.0,2.5,0.8,0.2,0.65,True,1.2,2.0,12,4.0,5.0,2548,2553.9726716597106,0.3328100470957614,-0.35674272293660886,-908.9804580424793,-913.215076753899,26,0.5856524702112684,1.5150742590455453,-1.2904490763018246,,-136.36913910912227,,-47.54681825943999
15m,range2.5_ret2.5_vz1.5_cl0.8_cs0.2_body0.5,model_b,base,next_close,2.5,2.5,1.5,0.8,0.2,0.5,True,1.2,2.0,12,4.0,5.0,2391,2398.4558432270064,0.3345880384776244,-0.3576489638460591,-855.1386725559273,-856.4905122997332,29,0.592288016193969,1.552837566885991,-1.3182958680482213,,-42.3583746393779,,-47.7814316931963
15m,range2_ret2_vz2.5_cl0.8_cs0.2_body0.5,model_b,base,next_close,2.0,2.0,2.5,0.8,0.2,0.5,True,1.2,2.0,12,4.0,5.0,2851,2857.682922645932,0.33005962820063134,-0.3607136964832241,-1028.394748673672,-1033.8494454482486,29,0.5811721468795429,1.5164896949013278,-1.2855557861653515,,-145.34838142950966,,-86.70381403937267
15m,range2.5_ret2.5_vz2_cl0.8_cs0.2_body0.65,model_b,base,next_close,2.5,2.5,2.0,0.8,0.2,0.65,True,1.2,2.0,12,4.0,5.0,1959,1965.108739808325,0.3328228688106177,-0.3619445413628606,-709.0493565298439,-713.1490855135768,27,0.5880195334287631,1.5521868490492805,-1.316813452264709,,-75.24598886282655,,2.024409195589854
15m,range1.5_ret1.5_vz2.5_cl0.8_cs0.2_body0.5,model_b,base,next_close,1.5,1.5,2.5,0.8,0.2,0.5,True,1.2,2.0,12,4.0,5.0,3663,3671.586301526499,0.32732732732732733,-0.36206089478665227,-1326.2290576035073,-1328.5631163504536,42,0.5753653504450593,1.4987445995962272,-1.2675421398211784,,-91.33796166937299,,-141.91074236444945
15m,range2.5_ret2.5_vz1.5_cl0.8_cs0.2_body0.65,model_b,base,next_close,2.5,2.5,1.5,0.8,0.2,0.65,True,1.2,2.0,12,4.0,5.0,2143,2149.682506079245,0.33411105926271584,-0.3628142249522273,-777.5108840726232,-779.3053804421905,31,0.5881323011783494,1.5506391828824686,-1.3228931597872955,,-84.43557766631984,,-7.81870774460386
15m,range2.5_ret2.5_vz2.5_cl0.8_cs0.2_body0.5,model_b,base,next_close,2.5,2.5,2.5,0.8,0.2,0.5,True,1.2,2.0,12,4.0,5.0,1936,1942.03701902446,0.33109504132231404,-0.364239067565327,-705.166834806473,-715.1058767564673,26,0.5851619602361386,1.5517843286440982,-1.3126336598203399,,-114.84912957939758,,-81.88094335990408
15m,range1.5_ret1.5_vz2_cl0.7_cs0.3_body0.5,model_b,base,next_close,1.5,1.5,2.0,0.7,0.3,0.5,True,1.2,2.0,12,4.0,5.0,6012,6025.747999085296,0.3260146373918829,-0.3677122555978226,-2210.6860806541094,-2214.615460490034,34,0.5699511805866053,1.494826895460068,-1.268644322743298,,-369.02578860735184,,-336.422002118596
15m,range2.5_ret2.5_vz2.5_cl0.8_cs0.2_body0.65,model_b,base,next_close,2.5,2.5,2.5,0.8,0.2,0.65,True,1.2,2.0,12,4.0,5.0,1748,1753.4507795737377,0.3306636155606407,-0.37119691758642265,-648.8522119410668,-657.5711758279022,25,0.5790782581516442,1.5443788717958178,-1.317524102426538,,-110.14055902186573,,0.4052057377484233
15m,range1.5_ret1.5_vz1.5_cl0.7_cs0.3_body0.5,model_b,base,next_close,1.5,1.5,1.5,0.7,0.3,0.5,True,1.2,2.0,12,4.0,5.0,7325,7341.750514520924,0.32327645051194537,-0.37419391956482906,-2740.970460812373,-2742.2085090575288,40,0.5635148038170136,1.4943711275660516,-1.2668229354223892,,-223.78260083761202,,-201.3069934732392
15m,range1.5_ret1.5_vz2_cl0.7_cs0.3_body0.65,model_b,base,next_close,1.5,1.5,2.0,0.7,0.3,0.65,True,1.2,2.0,12,4.0,5.0,5179,5191.1399005202675,0.3240007723498745,-0.37537616989049244,-1944.0731838628603,-1949.3576899592565,30,0.5625969728831959,1.4901715235921276,-1.2695175665382608,,-194.2025985121485,,-158.62803166768018
15m,range2_ret2_vz2_cl0.7_cs0.3_body0.5,model_b,base,next_close,2.0,2.0,2.0,0.7,0.3,0.5,True,1.2,2.0,12,4.0,5.0,4529,4539.61625979075,0.32656215500110397,-0.3766659009757463,-1705.919865519155,-1709.4672610946084,37,0.5672376228015329,1.5118405274708047,-1.2924367231634346,,-277.0629160914341,,-300.5324207844441
15m,range1.5_ret1.5_vz1.5_cl0.7_cs0.3_body0.65,model_b,base,next_close,1.5,1.5,1.5,0.7,0.3,0.65,True,1.2,2.0,12,4.0,5.0,6271,6285.34026983764,0.32259607718067296,-0.3773914312785228,-2366.6216655476164,-2369.214840053253,37,0.5602339523325333,1.4903239542823614,-1.2668425200237365,,-396.67081280051667,,-130.5963773327002
15m,range1.5_ret1.5_vz2.5_cl0.7_cs0.3_body0.5,model_b,base,next_close,1.5,1.5,2.5,0.7,0.3,0.5,True,1.2,2.0,12,4.0,5.0,4900,4911.485907037905,0.32387755102040816,-0.377986568820224,-1852.1341872190978,-1859.345902715242,44,0.5613096405616899,1.4932754740292962,-1.2743623195000273,,-292.5163400830685,,-140.51582999435533
15m,range2_ret2_vz1.5_cl0.7_cs0.3_body0.5,model_b,base,next_close,2.0,2.0,1.5,0.7,0.3,0.5,True,1.2,2.0,12,4.0,5.0,5200,5212.189125836144,0.32596153846153847,-0.37998583984064327,-1975.926367171345,-1978.6093318205467,35,0.5649571177506819,1.5138556675291037,-1.2958378669424182,,-314.55875141019914,,-108.82593265626367
15m,range2_ret2_vz2_cl0.7_cs0.3_body0.65,model_b,base,next_close,2.0,2.0,2.0,0.7,0.3,0.65,True,1.2,2.0,12,4.0,5.0,3910,3919.1652850037162,0.32531969309462916,-0.38360693531252593,-1499.9031170719763,-1503.6418401511992,29,0.5614367057522923,1.509539976021903,-1.296451086645882,,-149.95815111329725,,-111.78619194622141
15m,range2_ret2_vz1.5_cl0.7_cs0.3_body0.65,model_b,base,next_close,2.0,2.0,1.5,0.7,0.3,0.65,True,1.2,2.0,12,4.0,5.0,4462,4472.459207592476,0.3245181532944868,-0.38575736850297765,-1721.2493782602862,-1724.1670444591077,30,0.5599262783441674,1.5124486849430003,-1.297702413423275,,-270.0025545377997,,-86.5409026789942
15m,range1.5_ret1.5_vz2.5_cl0.7_cs0.3_body0.65,model_b,base,next_close,1.5,1.5,2.5,0.7,0.3,0.65,True,1.2,2.0,12,4.0,5.0,4223,4232.898976616545,0.3213355434525219,-0.3879099706270323,-1638.1438059579575,-1654.0914079498668,37,0.5522998721035776,1.4892235678911545,-1.27669929783191,,-272.42582489192137,,-263.90804800768956
15m,range2_ret2_vz2.5_cl0.7_cs0.3_body0.5,model_b,base,next_close,2.0,2.0,2.5,0.7,0.3,0.5,True,1.2,2.0,12,4.0,5.0,3853,3862.0316734320504,0.32234622372177524,-0.3895122614962283,-1500.7907435449677,-1508.2338279318606,34,0.5555841824580319,1.5106328048144655,-1.2933729173207713,,-233.88357819665052,,-94.64643336186933
15m,range3_ret3_vz2_cl0.8_cs0.2_body0.65,model_b,base,next_close,3.0,3.0,2.0,0.8,0.2,0.65,True,1.2,2.0,12,4.0,5.0,1157,1160.607867257903,0.32497839239412274,-0.39036253347695765,-451.64945123284,-459.01776601574454,19,0.5686156673199567,1.5833178055477153,-1.3405594700624595,,-26.502104868150894,,-36.91982887612554
15m,range3_ret3_vz2.5_cl0.8_cs0.2_body0.65,model_b,base,next_close,3.0,3.0,2.5,0.8,0.2,0.65,True,1.2,2.0,12,4.0,5.0,1078,1081.3615219568017,0.32560296846011133,-0.39162497529469403,-422.17172336768016,-430.87685106365,20,0.5687035663043177,1.5859595612886033,-1.3464147584318842,,-44.67016070474534,,-16.640881092010424
15m,range2.5_ret2.5_vz1.5_cl0.7_cs0.3_body0.5,model_b,base,next_close,2.5,2.5,1.5,0.7,0.3,0.5,True,1.2,2.0,12,4.0,5.0,3220,3230.0409097410957,0.3248447204968944,-0.3929205275702065,-1265.204098776065,-1266.555938519873,39,0.5603641493177758,1.5417222771309291,-1.3237560260602654,,-145.51937724703797,,-80.40464365689598
15m,range2.5_ret2.5_vz2_cl0.7_cs0.3_body0.5,model_b,base,next_close,2.5,2.5,2.0,0.7,0.3,0.5,True,1.2,2.0,12,4.0,5.0,2955,2964.2145615791733,0.32351945854483927,-0.3933261782694949,-1162.2788567863574,-1169.9147428742504,36,0.5594763022339633,1.5440624625998602,-1.3198612161239738,,-107.83457321281905,,-77.08618289864903
15m,range2_ret2_vz2.5_cl0.7_cs0.3_body0.65,model_b,base,next_close,2.0,2.0,2.5,0.7,0.3,0.65,True,1.2,2.0,12,4.0,5.0,3325,3332.79400834715,0.32210526315789473,-0.39479106670560515,-1312.680296796137,-1323.6989866764059,28,0.5519072358959003,1.5096200416249301,-1.2996820591732197,,-212.8963405391986,,-255.35454898327345
15m,range3_ret3_vz2_cl0.8_cs0.2_body0.5,model_b,base,next_close,3.0,3.0,2.0,0.8,0.2,0.5,True,1.2,2.0,12,4.0,5.0,1279,1282.9882992418825,0.32134480062548865,-0.3956953278839165,-506.09432436352915,-513.995775211879,21,0.5630602101252042,1.5868025422649275,-1.3344126373668366,,-52.58887356141573,,-11.830015992425059
15m,range3_ret3_vz1.5_cl0.8_cs0.2_body0.5,model_b,base,next_close,3.0,3.0,1.5,0.8,0.2,0.5,True,1.2,2.0,12,4.0,5.0,1356,1360.2284079530825,0.3230088495575221,-0.39704050857591916,-538.3869296289464,-544.7964854984557,23,0.5627284115342638,1.581859766095166,-1.3412216853797703,,-52.75034848667415,,-33.258717310085586
15m,range3_ret3_vz1.5_cl0.8_cs0.2_body0.65,model_b,base,next_close,3.0,3.0,1.5,0.8,0.2,0.65,True,1.2,2.0,12,4.0,5.0,1221,1224.8074381347446,0.32432432432432434,-0.39749142730504944,-485.33703273946537,-490.97769923268623,22,0.5632621657223819,1.5806583475681726,-1.347003319244196,,-44.91106973884539,,-4.289561309739458
15m,range3_ret3_vz2.5_cl0.8_cs0.2_body0.5,model_b,base,next_close,3.0,3.0,2.5,0.8,0.2,0.5,True,1.2,2.0,12,4.0,5.0,1193,1196.7201258761265,0.3202011735121542,-0.4005751315383609,-477.8861319252645,-487.360148997523,22,0.5595302164018008,1.5891631593698088,-1.3377884818798171,,-42.27568577486831,,-52.00540472613457
15m,range2.5_ret2.5_vz1.5_cl0.7_cs0.3_body0.65,model_b,base,next_close,2.5,2.5,1.5,0.7,0.3,0.65,True,1.2,2.0,12,4.0,5.0,2797,2805.7218709769704,0.32248838040757954,-0.40222455354325337,-1125.0220762604797,-1129.4008357077446,40,0.5532927027929021,1.544850303919592,-1.3290116360928506,,-86.78041879376478,,-51.048672868434814
15m,range2.5_ret2.5_vz2_cl0.7_cs0.3_body0.65,model_b,base,next_close,2.5,2.5,2.0,0.7,0.3,0.65,True,1.2,2.0,12,4.0,5.0,2572,2580.020254613074,0.3215396578538103,-0.4031280403863316,-1036.845319873645,-1045.4448427849195,34,0.551944314680064,1.5444424641934962,-1.3261313683447944,,-110.29589526166717,,-13.787932932537963
15m,range2.5_ret2.5_vz2.5_cl0.7_cs0.3_body0.5,model_b,base,next_close,2.5,2.5,2.5,0.7,0.3,0.5,True,1.2,2.0,12,4.0,5.0,2646,2654.251008439422,0.31897203325774753,-0.4068536456686415,-1076.5347464392255,-1089.411963658499,33,0.5473201328415934,1.5421827784790143,-1.319720872072982,,-91.32731589478922,,-113.01373577818326
15m,range2.5_ret2.5_vz2.5_cl0.7_cs0.3_body0.65,model_b,base,next_close,2.5,2.5,2.5,0.7,0.3,0.65,True,1.2,2.0,12,4.0,5.0,2309,2316.200143041053,0.3174534430489389,-0.4154979488244924,-959.384763835753,-973.9320007224451,31,0.5410186183418273,1.5427870487202335,-1.3262992833424392,,-89.50350048221706,,-44.14676873657664
15m,range3_ret3_vz1.5_cl0.7_cs0.3_body0.5,model_b,base,next_close,3.0,3.0,1.5,0.7,0.3,0.5,True,1.2,2.0,12,4.0,5.0,1900,1905.9247604062366,0.3094736842105263,-0.43934382063923877,-834.7532592145536,-847.0776828974731,34,0.5271094578406453,1.5824171383178574,-1.3454379089523276,,-103.73761053972798,,-63.94464545726221
15m,range3_ret3_vz1.5_cl0.7_cs0.3_body0.65,model_b,base,next_close,3.0,3.0,1.5,0.7,0.3,0.65,True,1.2,2.0,12,4.0,5.0,1665,1670.1919610928337,0.3099099099099099,-0.4425324071278724,-736.8164578679075,-749.6835531742196,29,0.5258294299025126,1.5835067173387216,-1.352398541353079,,-38.04563780407708,,-30.006143114959634
15m,range3_ret3_vz2_cl0.7_cs0.3_body0.65,model_b,base,next_close,3.0,3.0,2.0,0.7,0.3,0.65,True,1.2,2.0,12,4.0,5.0,1578,1582.9206694321272,0.3086185044359949,-0.442754094512338,-698.6659611404693,-714.3841062368184,25,0.5247976024198383,1.5843599036485734,-1.347616163352268,,-85.33295091065955,,-24.560314285710927
15m,range3_ret3_vz2_cl0.7_cs0.3_body0.5,model_b,base,next_close,3.0,3.0,2.0,0.7,0.3,0.5,True,1.2,2.0,12,4.0,5.0,1797,1802.6035760263196,0.30662214802448523,-0.44312458350840633,-796.2948765646062,-813.2244390567581,30,0.5232045135543346,1.5858484021338488,-1.3403670514770119,,-49.40986735495288,,-35.29464729540064
15m,range3_ret3_vz2.5_cl0.7_cs0.3_body0.65,model_b,base,next_close,3.0,3.0,2.5,0.7,0.3,0.65,True,1.2,2.0,12,4.0,5.0,1475,1479.59948505221,0.3071186440677966,-0.44984910773946074,-663.5274339157046,-682.9182661204477,27,0.5199660146694175,1.586586135856168,-1.3524960405660946,,-113.3160681832526,,-25.45509930515912
15m,range3_ret3_vz2.5_cl0.7_cs0.3_body0.5,model_b,base,next_close,3.0,3.0,2.5,0.7,0.3,0.5,True,1.2,2.0,12,4.0,5.0,1680,1685.2387355170933,0.30238095238095236,-0.45767317207744485,-768.8909290901073,-787.6389365292993,29,0.5116457280148138,1.5857524325781125,-1.3433900723888978,,-118.65307410953261,,-80.72375511934278
15m,range2.5_ret2.5_vz2.5_cl0.8_cs0.2_body0.65,model_b,base,next_open,2.5,2.5,2.5,0.8,0.2,0.65,True,1.2,2.0,12,4.0,5.0,1773,1778.7322823381305,0.34517766497461927,-0.31160979194896754,-552.4841611255194,-556.1196512606141,22,0.6424650805263595,1.6221816073933126,-1.3309727001293943,,-21.631136367974815,,-35.8579890893944
15m,range2_ret2_vz2.5_cl0.8_cs0.2_body0.65,model_b,base,next_open,2.0,2.0,2.5,0.8,0.2,0.65,True,1.2,2.0,12,4.0,5.0,2598,2604.387672251129,0.3371824480369515,-0.325570576250117,-845.8323570978039,-850.0193449559434,21,0.6235996221194346,1.5996905577703615,-1.3049717106298724,,-153.15097710956277,,4.566172164730383
15m,range2.5_ret2.5_vz2_cl0.8_cs0.2_body0.65,model_b,base,next_open,2.5,2.5,2.0,0.8,0.2,0.65,True,1.2,2.0,12,4.0,5.0,1992,1998.4403307487626,0.33835341365461846,-0.3334095937344738,-664.1519107190718,-669.213354317002,27,0.6210155104421248,1.6146877142449951,-1.329629309651137,,-21.101478585942516,,-66.44615433591808
15m,range1.5_ret1.5_vz2.5_cl0.8_cs0.2_body0.65,model_b,base,next_open,1.5,1.5,2.5,0.8,0.2,0.65,True,1.2,2.0,12,4.0,5.0,3358,3366.2562753730917,0.3293627159023228,-0.33979396741520834,-1141.0281425802696,-1143.7948392744506,25,0.6041073458814256,1.574265226205647,-1.279824814726339,,-97.95241833241278,,9.313671189026499
15m,range2.5_ret2.5_vz1.5_cl0.8_cs0.2_body0.65,model_b,base,next_open,2.5,2.5,1.5,0.8,0.2,0.65,True,1.2,2.0,12,4.0,5.0,2184,2191.0610855197274,0.33791208791208793,-0.34026347983296235,-743.1354399551898,-746.8958913601517,29,0.6149589322628618,1.6082393065874818,-1.3347275575496207,,-47.221727668258524,,-53.35341700853924
15m,range2_ret2_vz2_cl0.8_cs0.2_body0.65,model_b,base,next_open,2.0,2.0,2.0,0.8,0.2,0.65,True,1.2,2.0,12,4.0,5.0,3093,3100.6047229687233,0.33042353701907534,-0.34399509684506174,-1063.976834541776,-1069.6674859429809,26,0.604975438528767,1.5943913149491513,-1.3005527563591543,,-70.19851964500485,,-121.4674155405076
15m,range1.5_ret1.5_vz2_cl0.8_cs0.2_body0.65,model_b,base,next_open,1.5,1.5,2.0,0.8,0.2,0.65,True,1.2,2.0,12,4.0,5.0,4202,4211.6089640978735,0.32770109471680153,-0.34453430476909647,-1447.7331486397434,-1454.6470438191845,28,0.5980803968870595,1.564497801880223,-1.2750607510898444,,-124.38219233562903,,-21.058870143477925
15m,range1.5_ret1.5_vz1.5_cl0.8_cs0.2_body0.65,model_b,base,next_open,1.5,1.5,1.5,0.8,0.2,0.65,True,1.2,2.0,12,4.0,5.0,5231,5242.962039789619,0.32861785509462815,-0.3447971898659458,-1803.6341001887627,-1806.143904705265,27,0.5967683609317953,1.552829416861139,-1.2736184133750172,,-101.67114663962491,,-144.31959402007425
15m,range2.5_ret2.5_vz2.5_cl0.8_cs0.2_body0.5,model_b,base,next_open,2.5,2.5,2.5,0.8,0.2,0.5,True,1.2,2.0,12,4.0,5.0,1978,1984.3950673800462,0.33114256825075833,-0.34719432466195455,-686.750374181346,-690.3858643164413,23,0.6074579926489503,1.6225112487163837,-1.3223697974985467,,-127.29490051138195,,-48.76011125212124
15m,range3_ret3_vz2.5_cl0.8_cs0.2_body0.65,model_b,base,next_open,3.0,3.0,2.5,0.8,0.2,0.65,True,1.2,2.0,12,4.0,5.0,1091,1094.5273096620983,0.3391384051329056,-0.34790521874628905,-379.5645936522013,-381.0931669083046,24,0.6126695323362467,1.6226639711906816,-1.3591543176043739,,-12.349661371620812,,-10.324751019340605
15m,range2_ret2_vz2.5_cl0.7_cs0.3_body0.65,model_b,base,next_open,2.0,2.0,2.5,0.7,0.3,0.65,True,1.2,2.0,12,4.0,5.0,3425,3433.4210074904227,0.32963503649635034,-0.3503180894126439,-1199.8394562383055,-1209.4328205303975,28,0.6004386775032687,1.5970349310481893,-1.307879744508585,,-194.07007993832391,,-72.6428237061927
15m,range2_ret2_vz1.5_cl0.8_cs0.2_body0.65,model_b,base,next_open,2.0,2.0,1.5,0.8,0.2,0.65,True,1.2,2.0,12,4.0,5.0,3587,3595.819314997999,0.32896570950655146,-0.3514040211835692,-1260.4862239854629,-1266.9373836259317,26,0.5980978319209845,1.5896736493542085,-1.3029917450035018,,-62.46769462019209,,-77.2092786045847
15m,range2.5_ret2.5_vz2.5_cl0.7_cs0.3_body0.65,model_b,base,next_open,2.5,2.5,2.5,0.7,0.3,0.65,True,1.2,2.0,12,4.0,5.0,2369,2376.6592086063347,0.33178556352891514,-0.3551551514421239,-841.3625537663916,-848.5742414623865,32,0.6015379671068126,1.6159827871906,-1.3338755682237542,,-65.11262693262985,,-103.88488920884457
15m,range2.5_ret2.5_vz2_cl0.8_cs0.2_body0.5,model_b,base,next_open,2.5,2.5,2.0,0.8,0.2,0.5,True,1.2,2.0,12,4.0,5.0,2226,2233.196875625876,0.3288409703504043,-0.356539170918482,-793.6561944645408,-797.2614090482058,28,0.59819390838968,1.6141608093039528,-1.322103016649956,,-42.43225219866522,,-17.47845752080863
15m,range3_ret3_vz2_cl0.8_cs0.2_body0.65,model_b,base,next_open,3.0,3.0,2.0,0.8,0.2,0.65,True,1.2,2.0,12,4.0,5.0,1171,1174.7859574833337,0.336464560204953,-0.3573401506461125,-418.4453164065978,-421.3998431255372,25,0.6029641979865633,1.6128884988555598,-1.3564007528387236,,-21.79294022575323,,-42.26600058052983
15m,range1.5_ret1.5_vz2.5_cl0.7_cs0.3_body0.65,model_b,base,next_open,1.5,1.5,2.5,0.7,0.3,0.65,True,1.2,2.0,12,4.0,5.0,4380,4390.769054834467,0.3226027397260274,-0.3615008876115887,-1583.3738877387586,-1594.596103444514,30,0.5844266572016574,1.5758818438701963,-1.2841573755063518,,-247.56088002326143,,-23.93344389318706
15m,range2_ret2_vz2.5_cl0.8_cs0.2_body0.5,model_b,base,next_open,2.0,2.0,2.5,0.8,0.2,0.5,True,1.2,2.0,12,4.0,5.0,2924,2931.1892046429184,0.3235294117647059,-0.36200562988215595,-1058.504461775424,-1062.6914496335644,24,0.5877328371751779,1.595154553277938,-1.2980387609587225,,-163.95773869760313,,-36.108268813636904
15m,range1.5_ret1.5_vz1.5_cl0.7_cs0.3_body0.65,model_b,base,next_open,1.5,1.5,1.5,0.7,0.3,0.65,True,1.2,2.0,12,4.0,5.0,6624,6639.147495998171,0.3211050724637681,-0.36974741536724914,-2449.2068793926583,-2453.478035490006,30,0.574234458861106,1.553018830325661,-1.2791812166989858,,-374.6914044827297,,-170.3617445322243
15m,range1.5_ret1.5_vz1.5_cl0.8_cs0.2_body0.5,model_b,base,next_open,1.5,1.5,1.5,0.8,0.2,0.5,True,1.2,2.0,12,4.0,5.0,5937,5950.576492110679,0.32036382011116726,-0.37028195003506587,-2198.363937358186,-2199.5184100327037,33,0.5724751595156261,1.547691408309696,-1.2743675330763884,,-322.9631912175391,,-248.5231167546537
15m,range3_ret3_vz1.5_cl0.8_cs0.2_body0.65,model_b,base,next_open,3.0,3.0,1.5,0.8,0.2,0.65,True,1.2,2.0,12,4.0,5.0,1237,1240.999341935853,0.33468067906224735,-0.37042560208291303,-458.21646977656343,-461.17099649550266,29,0.5912085436861461,1.60069742000947,-1.3619747286275625,,-31.710934604413243,,-37.4281212382426
15m,range2.5_ret2.5_vz1.5_cl0.8_cs0.2_body0.5,model_b,base,next_open,2.5,2.5,1.5,0.8,0.2,0.5,True,1.2,2.0,12,4.0,5.0,2449,2456.91785642757,0.3262556145365455,-0.37058265707811333,-907.5569271842995,-909.8611495749957,30,0.5858001802670275,1.6064480737608935,-1.3279448109813656,,-48.29770905352165,,-55.32803964529651
15m,range2_ret2_vz2_cl0.8_cs0.2_body0.5,model_b,base,next_open,2.0,2.0,2.0,0.8,0.2,0.5,True,1.2,2.0,12,4.0,5.0,3492,3500.5857396077536,0.3207331042382589,-0.37081331367638615,-1294.8800913579405,-1299.114513744881,29,0.5783194024437558,1.5856074415815844,-1.2945870261084802,,-188.1556214501376,,-20.452576812114668
15m,range1.5_ret1.5_vz2_cl0.8_cs0.2_body0.5,model_b,base,next_open,1.5,1.5,2.0,0.8,0.2,0.5,True,1.2,2.0,12,4.0,5.0,4741,4751.841527555454,0.3184982071292976,-0.3720154382327444,-1763.7251926614413,-1765.4513792900166,32,0.5715131799180215,1.5579113933675675,-1.273962054053379,,-253.5660509672662,,-122.17006595904597
15m,range1.5_ret1.5_vz2_cl0.7_cs0.3_body0.65,model_b,base,next_open,1.5,1.5,2.0,0.7,0.3,0.65,True,1.2,2.0,12,4.0,5.0,5421,5433.3965241253145,0.3193137797454344,-0.3722812377090182,-2018.1365896205878,-2031.4945173491587,30,0.5733726469085598,1.5669017394599676,-1.2819630082996725,,-134.5246802984062,,-142.806279206211
15m,range1.5_ret1.5_vz2.5_cl0.8_cs0.2_body0.5,model_b,base,next_open,1.5,1.5,2.5,0.8,0.2,0.5,True,1.2,2.0,12,4.0,5.0,3783,3792.3012179083994,0.31800158604282314,-0.3724724800726272,-1409.0633921147487,-1409.6934772672068,26,0.5722978076519121,1.567276098243372,-1.276936642752529,,-137.01327692338126,,-89.6529429208671
15m,range2_ret2_vz2_cl0.7_cs0.3_body0.65,model_b,base,next_open,2.0,2.0,2.0,0.7,0.3,0.65,True,1.2,2.0,12,4.0,5.0,4047,4056.9503116244496,0.32122559920929084,-0.37571086242976837,-1520.5018602532725,-1530.5179890944746,35,0.5763042456109998,1.590894243272476,-1.3063940212986864,,-105.09899723207087,,-116.9076494672698
15m,range2_ret2_vz1.5_cl0.7_cs0.3_body0.65,model_b,base,next_open,2.0,2.0,1.5,0.7,0.3,0.65,True,1.2,2.0,12,4.0,5.0,4634,4645.393561667333,0.32196806214933105,-0.3765803354959341,-1745.0732746881588,-1754.2677602397405,33,0.5750740105232317,1.5829066032751367,-1.3070559919715667,,-269.6259401023807,,-32.9285751135288
15m,range2.5_ret2.5_vz2.5_cl0.7_cs0.3_body0.5,model_b,base,next_open,2.5,2.5,2.5,0.7,0.3,0.5,True,1.2,2.0,12,4.0,5.0,2742,2750.8651540728447,0.3223924142961342,-0.3791699008133745,-1039.6838680302728,-1047.964390110039,33,0.5784719653191948,1.6140050646389978,-1.32748350116854,,-71.8537931173537,,-80.68258791753122
15m,range2_ret2_vz2.5_cl0.7_cs0.3_body0.5,model_b,base,next_open,2.0,2.0,2.5,0.7,0.3,0.5,True,1.2,2.0,12,4.0,5.0,4008,4017.854422780033,0.3186127744510978,-0.37950107154903895,-1521.0402947685482,-1530.6336590606388,34,0.5726444026710655,1.5960461525334202,-1.303255668822309,,-226.30119270703057,,-28.43702986088411
15m,range1.5_ret1.5_vz2.5_cl0.7_cs0.3_body0.5,model_b,base,next_open,1.5,1.5,2.5,0.7,0.3,0.5,True,1.2,2.0,12,4.0,5.0,5133,5145.620447138201,0.3163841807909605,-0.37960765535314456,-1948.526094927691,-1956.6540595423514,35,0.5669604271627403,1.5708885083236357,-1.2823166236663652,,-286.6514251467369,,-136.38781030565877
15m,range2.5_ret2.5_vz2_cl0.7_cs0.3_body0.65,model_b,base,next_open,2.5,2.5,2.0,0.7,0.3,0.65,True,1.2,2.0,12,4.0,5.0,2646,2654.5547766873624,0.3238851095993953,-0.38032257978062667,-1006.3335460995381,-1014.9711872583702,40,0.5784666143688016,1.6114151806978438,-1.334441786449184,,-88.36684559818436,,-146.64471534124766
15m,range2.5_ret2.5_vz1.5_cl0.7_cs0.3_body0.65,model_b,base,next_open,2.5,2.5,1.5,0.7,0.3,0.65,True,1.2,2.0,12,4.0,5.0,2879,2888.3080884667106,0.32511288641889546,-0.38164536453386794,-1098.7570044930058,-1106.0936534588677,43,0.5774613086684031,1.6042875595776198,-1.3383274113523715,,-54.75355737840855,,-71.01692961097758
15m,range1.5_ret1.5_vz2_cl0.7_cs0.3_body0.5,model_b,base,next_open,1.5,1.5,2.0,0.7,0.3,0.5,True,1.2,2.0,12,4.0,5.0,6345,6359.5094900525955,0.31599684791174154,-0.3837671301606956,-2435.0024408696136,-2439.329301102751,28,0.5617329396746187,1.5565966252133594,-1.2801794180696773,,-347.7952517058559,,-243.4311629017832
15m,range2_ret2_vz1.5_cl0.8_cs0.2_body0.5,model_b,base,next_open,2.0,2.0,1.5,0.8,0.2,0.5,True,1.2,2.0,12,4.0,5.0,4095,4105.068328663731,0.31794871794871793,-0.38376891585134326,-1571.5337104112507,-1576.5286410374538,29,0.5666566312247614,1.5783399067336739,-1.298436186530073,,-235.68323867418877,,-145.5394267071652
15m,range3_ret3_vz2.5_cl0.8_cs0.2_body0.5,model_b,base,next_open,3.0,3.0,2.5,0.8,0.2,0.5,True,1.2,2.0,12,4.0,5.0,1211,1214.9152813939515,0.32452518579686207,-0.38472622852080546,-465.9034627386954,-467.43203599479847,26,0.5783334898898016,1.6259703442536242,-1.3507454865896937,,-35.371690646887245,,-40.43901616983562
15m,range1.5_ret1.5_vz1.5_cl0.7_cs0.3_body0.5,model_b,base,next_open,1.5,1.5,1.5,0.7,0.3,0.5,True,1.2,2.0,12,4.0,5.0,7789,7806.811571003888,0.3159584028758506,-0.38688202030937807,-3013.424056189746,-3016.3398804451176,34,0.5577841717901384,1.5444737812180187,-1.2789741050614283,,-222.43653475705713,,-227.0554793299105
15m,range2.5_ret2.5_vz2_cl0.7_cs0.3_body0.5,model_b,base,next_open,2.5,2.5,2.0,0.7,0.3,0.5,True,1.2,2.0,12,4.0,5.0,3064,3073.9062115533175,0.3198433420365535,-0.3898239942018025,-1194.420718234323,-1201.6021303788887,41,0.5686811132801604,1.6069471053573279,-1.3288046456259617,,-100.17677671018673,,-102.47108397518286
15m,range3_ret3_vz2.5_cl0.7_cs0.3_body0.65,model_b,base,next_open,3.0,3.0,2.5,0.7,0.3,0.65,True,1.2,2.0,12,4.0,5.0,1505,1509.8658121369917,0.32558139534883723,-0.3899940721569386,-586.9410785961926,-592.4029231989931,27,0.5749541337806118,1.6203014840042977,-1.3604815820278804,,-108.58316418171766,,-33.875305314792435
15m,range3_ret3_vz2_cl0.8_cs0.2_body0.5,model_b,base,next_open,3.0,3.0,2.0,0.8,0.2,0.5,True,1.2,2.0,12,4.0,5.0,1298,1302.196560899545,0.32280431432973805,-0.39154754751030635,-508.2287166683777,-511.1832433873167,28,0.5714013613871481,1.6170954722202513,-1.3490235717049635,,-41.272596061300895,,-10.555393891298955
15m,range2_ret2_vz2_cl0.7_cs0.3_body0.5,model_b,base,next_open,2.0,2.0,2.0,0.7,0.3,0.5,True,1.2,2.0,12,4.0,5.0,4732,4743.634513122534,0.3153000845308538,-0.3918754274026129,-1854.3545224691643,-1862.9144222961,41,0.560394524575665,1.584363157683324,-1.3019210968310753,,-263.9231995318543,,-252.31226582962526
15m,range2.5_ret2.5_vz1.5_cl0.7_cs0.3_body0.5,model_b,base,next_open,2.5,2.5,1.5,0.7,0.3,0.5,True,1.2,2.0,12,4.0,5.0,3342,3352.8050127321103,0.3180730101735488,-0.40012878169910165,-1337.2303884383978,-1342.060258893344,44,0.5599279367099114,1.6005944614782888,-1.3333314177226059,,-142.59426479561142,,-95.8871554503934
15m,range2_ret2_vz1.5_cl0.7_cs0.3_body0.5,model_b,base,next_open,2.0,2.0,1.5,0.7,0.3,0.5,True,1.2,2.0,12,4.0,5.0,5458,5471.419520841672,0.3133015756687431,-0.4016383840711873,-2192.14230026054,-2198.1258750271777,36,0.5513709012218342,1.575538554800723,-1.3037121742181903,,-329.47517278209426,,-169.0458849282154
15m,range3_ret3_vz2_cl0.7_cs0.3_body0.65,model_b,base,next_open,3.0,3.0,2.0,0.7,0.3,0.65,True,1.2,2.0,12,4.0,5.0,1610,1615.2052874023632,0.32111801242236027,-0.4055416835808613,-652.9221105651867,-659.8099086308232,29,0.5608860578818421,1.6131258511741255,-1.3603917434786914,,-75.32083804819555,,-71.707773444818
15m,range3_ret3_vz1.5_cl0.8_cs0.2_body0.5,model_b,base,next_open,3.0,3.0,1.5,0.8,0.2,0.5,True,1.2,2.0,12,4.0,5.0,1376,1380.4487425252496,0.31976744186046513,-0.4083495794575461,-561.8890213335834,-564.8435480525237,34,0.5569797510533896,1.605512532574841,-1.3550368970796083,,-45.64950654859739,,-50.52549804488347
15m,range3_ret3_vz1.5_cl0.7_cs0.3_body0.65,model_b,base,next_open,3.0,3.0,1.5,0.7,0.3,0.65,True,1.2,2.0,12,4.0,5.0,1700,1705.496266201253,0.3211764705882353,-0.4121390738840966,-700.6364256029642,-709.0300535169324,30,0.5552426318191336,1.6019897092150883,-1.3650977528894301,,-49.139494720992815,,-21.325003191036863
15m,range3_ret3_vz2.5_cl0.7_cs0.3_body0.5,model_b,base,next_open,3.0,3.0,2.5,0.7,0.3,0.5,True,1.2,2.0,12,4.0,5.0,1728,1733.5867929386854,0.3101851851851852,-0.42906067523798436,-741.416846811237,-745.048176104114,24,0.5397275500825133,1.622023965934646,-1.3513604803290329,,-122.25425481783306,,-22.54734889272244
15m,range3_ret3_vz2_cl0.7_cs0.3_body0.5,model_b,base,next_open,3.0,3.0,2.0,0.7,0.3,0.5,True,1.2,2.0,12,4.0,5.0,1849,1854.977997768304,0.30935640886965926,-0.4332317917699324,-801.045582982605,-806.1028657383181,26,0.53593219097189,1.6172963311768276,-1.351714239949687,,-65.39904180713928,,-64.56457743256321
15m,range3_ret3_vz1.5_cl0.7_cs0.3_body0.5,model_b,base,next_open,3.0,3.0,1.5,0.7,0.3,0.5,True,1.2,2.0,12,4.0,5.0,1954,1960.3174730336757,0.30808597748208805,-0.4432822043265308,-866.1734272540413,-870.981858087413,26,0.5277805243795631,1.6081176944693056,-1.356701390032961,,-116.81446992691745,,-65.70665435291176
15m,range1.5_ret1.5_vz1.5_cl0.8_cs0.2_body0.65,model_b,stress,next_close,1.5,1.5,1.5,0.8,0.2,0.65,True,1.2,2.0,12,8.0,10.0,5064,5075.580150926138,0.2792259083728278,-0.7757149623564511,-3928.2205693730684,-3926.7149559699146,42,0.31696000728896057,1.2891539727585213,-1.5756395306448268,,-383.2113626464124,,-248.84749656241019
15m,range1.5_ret1.5_vz1.5_cl0.8_cs0.2_body0.5,model_b,stress,next_close,1.5,1.5,1.5,0.8,0.2,0.5,True,1.2,2.0,12,8.0,10.0,5707,5720.050537388521,0.27825477483791833,-0.7790823264806699,-4446.222837225183,-4444.717223822032,47,0.31540011757459685,1.2899288544307161,-1.5767491765139985,,-725.5040247206455,,-456.03587253392095
15m,range1.5_ret1.5_vz2_cl0.8_cs0.2_body0.65,model_b,stress,next_close,1.5,1.5,2.0,0.8,0.2,0.65,True,1.2,2.0,12,8.0,10.0,4087,4096.580184094677,0.27770981159774893,-0.7805775264241497,-3190.2203504954996,-3190.268818986093,38,0.31377180766636664,1.2851984202934572,-1.5748375872386768,,-222.264980178425,,-191.18318324965446
15m,range1.5_ret1.5_vz2_cl0.8_cs0.2_body0.5,model_b,stress,next_close,1.5,1.5,2.0,0.8,0.2,0.5,True,1.2,2.0,12,8.0,10.0,4578,4588.731118861128,0.2765399737876802,-0.7827339315436959,-3583.3559386070397,-3581.850325203885,53,0.31269042952740633,1.2877111059667112,-1.5741540455195941,,-587.2201758981298,,-29.48093188804225
15m,range1.5_ret1.5_vz2.5_cl0.8_cs0.2_body0.65,model_b,stress,next_close,1.5,1.5,2.5,0.8,0.2,0.65,True,1.2,2.0,12,8.0,10.0,3288,3295.7072780287003,0.2761557177615572,-0.7889322221813446,-2594.009146532261,-2592.5463173961793,34,0.3103908699663905,1.2858537923317437,-1.5804892394829768,,-166.46342190731795,,-17.45018599918612
15m,range2_ret2_vz2_cl0.8_cs0.2_body0.5,model_b,stress,next_close,2.0,2.0,2.0,0.8,0.2,0.5,True,1.2,2.0,12,8.0,10.0,3403,3410.976845234692,0.2785777255362915,-0.7915598245311761,-2693.6780828795922,-2693.774623753192,58,0.31491865937955216,1.3061516710076464,-1.6015926138471859,,-440.0006578369163,,-250.67343515062265
15m,range1.5_ret1.5_vz2.5_cl0.8_cs0.2_body0.5,model_b,stress,next_close,1.5,1.5,2.5,0.8,0.2,0.5,True,1.2,2.0,12,8.0,10.0,3686,3694.6402149676974,0.2742810634834509,-0.7926613835691694,-2921.7498598359584,-2920.2442464328074,42,0.3079414658251506,1.2859296807378608,-1.578252249368948,,-200.5594292089471,,-254.34023717244418
15m,range2_ret2_vz1.5_cl0.8_cs0.2_body0.5,model_b,stress,next_close,2.0,2.0,1.5,0.8,0.2,0.5,True,1.2,2.0,12,8.0,10.0,3980,3989.329369389972,0.28015075376884424,-0.7949554879133286,-3163.922841895048,-3162.417228491892,40,0.3150685530013867,1.3052958842313303,-1.6123308037741644,,-502.1771105087119,,-161.57069925222166
15m,range2_ret2_vz1.5_cl0.8_cs0.2_body0.65,model_b,stress,next_close,2.0,2.0,1.5,0.8,0.2,0.65,True,1.2,2.0,12,8.0,10.0,3509,3517.2253158767367,0.2809917355371901,-0.7969218521383413,-2796.3987791534396,-2794.893165750286,36,0.3152593867580526,1.305762307241853,-1.6186604891374978,,-283.16177818233183,,-238.23866087361546
15m,range2_ret2_vz2_cl0.8_cs0.2_body0.65,model_b,stress,next_close,2.0,2.0,2.0,0.8,0.2,0.65,True,1.2,2.0,12,8.0,10.0,3032,3039.1071979875364,0.2783641160949868,-0.7985762370787812,-2421.2831508228646,-2421.379691696463,52,0.31264004769405546,1.3048587925799346,-1.609956111407829,,-207.62724313937193,,-196.99308071232235
15m,range2_ret2_vz2.5_cl0.8_cs0.2_body0.5,model_b,stress,next_close,2.0,2.0,2.5,0.8,0.2,0.5,True,1.2,2.0,12,8.0,10.0,2865,2871.7157395231834,0.2753926701570681,-0.8015738059042222,-2296.5089539155965,-2295.094197162514,52,0.3093908450393096,1.3039659989672094,-1.601800639258538,,-371.2116531736594,,-227.2492403158024
15m,range2_ret2_vz2.5_cl0.8_cs0.2_body0.65,model_b,stress,next_close,2.0,2.0,2.5,0.8,0.2,0.65,True,1.2,2.0,12,8.0,10.0,2558,2563.9961122863187,0.27638780297107113,-0.8056424864635723,-2060.833480373818,-2059.418723620735,47,0.3090949626743556,1.3040584446347823,-1.6114547815940623,,-353.02497841618,,-186.78565050771908
15m,range1.5_ret1.5_vz2_cl0.7_cs0.3_body0.5,model_b,stress,next_close,1.5,1.5,2.0,0.7,0.3,0.5,True,1.2,2.0,12,8.0,10.0,6071,6084.882917905328,0.2688189754570911,-0.8131788394825294,-4936.808734498436,-4936.669181495422,53,0.298562791844226,1.2875764683452242,-1.585522309267367,,-818.9591134194774,,-376.1810183427871
15m,range1.5_ret1.5_vz1.5_cl0.7_cs0.3_body0.5,model_b,stress,next_close,1.5,1.5,1.5,0.7,0.3,0.5,True,1.2,2.0,12,8.0,10.0,7404,7420.931168534187,0.2685035116153431,-0.814037800650815,-6027.135876018634,-6025.630262615447,63,0.2977262089849602,1.2853020759415366,-1.5846226741119662,,-992.3470932428853,,-344.0984011973754
15m,range1.5_ret1.5_vz1.5_cl0.7_cs0.3_body0.65,model_b,stress,next_close,1.5,1.5,1.5,0.7,0.3,0.65,True,1.2,2.0,12,8.0,10.0,6336,6350.488909215642,0.2673611111111111,-0.8165588447482925,-5173.716840325182,-5172.2112269220115,38,0.29654786869373634,1.2875067281123984,-1.5843932007211514,,-860.9430452511139,,-47.15882256238045
15m,range1.5_ret1.5_vz2_cl0.7_cs0.3_body0.65,model_b,stress,next_close,1.5,1.5,2.0,0.7,0.3,0.65,True,1.2,2.0,12,8.0,10.0,5221,5233.238351152021,0.2668071250718253,-0.8210291214539193,-4286.593043110913,-4288.163989258905,37,0.29482449715517733,1.2865524256992338,-1.587972981219944,,-421.8139694865652,,-231.79318170133678
15m,range2.5_ret2.5_vz2.5_cl0.8_cs0.2_body0.5,model_b,stress,next_close,2.5,2.5,2.5,0.8,0.2,0.5,True,1.2,2.0,12,8.0,10.0,1943,1949.0588470891146,0.27792074112197634,-0.8219299282439477,-1597.0098505779904,-1600.4627140057987,34,0.30844665222480755,1.3190711080206667,-1.6459787946608342,,-265.75240217543336,,-62.85043223537498
15m,range2.5_ret2.5_vz2_cl0.8_cs0.2_body0.5,model_b,stress,next_close,2.5,2.5,2.0,0.8,0.2,0.5,True,1.2,2.0,12,8.0,10.0,2184,2190.8103561722214,0.2783882783882784,-0.8220591663951593,-1795.377219407028,-1794.4852862526363,38,0.3097507680741703,1.3251303196677513,-1.6504165315767898,,-173.1969265657896,,-232.669273911912
15m,range1.5_ret1.5_vz2.5_cl0.7_cs0.3_body0.5,model_b,stress,next_close,1.5,1.5,2.5,0.7,0.3,0.5,True,1.2,2.0,12,8.0,10.0,4937,4948.572637356355,0.26655863884950376,-0.8228058527724542,-4062.1924951376063,-4060.6868817344616,46,0.2940252938331674,1.285583120355035,-1.5890692851490837,,-663.0644839383089,,-36.4026205281309
15m,range2.5_ret2.5_vz1.5_cl0.8_cs0.2_body0.5,model_b,stress,next_close,2.5,2.5,1.5,0.8,0.2,0.5,True,1.2,2.0,12,8.0,10.0,2398,2405.477671291661,0.28065054211843204,-0.8235292264628995,-1974.823085058033,-1973.9311519036398,40,0.310541720298374,1.3216762751594018,-1.6604702714436583,,-109.86600937104562,,-84.97701779990454
15m,range2_ret2_vz2_cl0.7_cs0.3_body0.5,model_b,stress,next_close,2.0,2.0,2.0,0.7,0.3,0.5,True,1.2,2.0,12,8.0,10.0,4554,4564.674861357269,0.2707509881422925,-0.8260342385557732,-3761.759922382991,-3761.8564632565913,37,0.29902699261846105,1.3014787960521152,-1.6159239018112765,,-625.8242545527366,,-322.207977516928
15m,range1.5_ret1.5_vz2.5_cl0.7_cs0.3_body0.65,model_b,stress,next_close,1.5,1.5,2.5,0.7,0.3,0.65,True,1.2,2.0,12,8.0,10.0,4251,4260.9646103710475,0.26417313573276874,-0.8297275779912644,-3527.171934040865,-3527.231582562182,37,0.2907153150994262,1.2873427830387436,-1.58978832461425,,-587.0960625856393,,-211.00884190002992
15m,range2_ret2_vz1.5_cl0.7_cs0.3_body0.5,model_b,stress,next_close,2.0,2.0,1.5,0.7,0.3,0.5,True,1.2,2.0,12,8.0,10.0,5232,5244.264135841289,0.2706422018348624,-0.8305287709966829,-4345.326529854645,-4343.820916451503,43,0.2976772238728922,1.300672679033428,-1.6213519505676044,,-708.312643454535,,-227.11321537612582
15m,range2_ret2_vz2.5_cl0.7_cs0.3_body0.5,model_b,stress,next_close,2.0,2.0,2.5,0.7,0.3,0.5,True,1.2,2.0,12,8.0,10.0,3875,3884.083242810588,0.2673548387096774,-0.8338716964738889,-3231.2528238363197,-3232.3468252463754,45,0.2944699587321043,1.301777225818532,-1.6132067734358293,,-529.9798979344536,,-341.4572790276942
15m,range2.5_ret2.5_vz1.5_cl0.8_cs0.2_body0.65,model_b,stress,next_close,2.5,2.5,1.5,0.8,0.2,0.65,True,1.2,2.0,12,8.0,10.0,2146,2152.6918609640966,0.2786579683131407,-0.8344941439655265,-1790.8244329500199,-1789.9324997956269,38,0.3067205060259278,1.3249097142417865,-1.66868245611538,,-180.54296346735228,,-163.4352487472614
15m,range2.5_ret2.5_vz2_cl0.8_cs0.2_body0.65,model_b,stress,next_close,2.5,2.5,2.0,0.8,0.2,0.65,True,1.2,2.0,12,8.0,10.0,1962,1968.118094693177,0.27573904179408765,-0.8371646345298366,-1642.5170129475393,-1641.6250797931466,37,0.3036179076716568,1.3237086291742302,-1.6598475589942276,,-171.51084112695582,,-60.607427089197714
15m,range2_ret2_vz1.5_cl0.7_cs0.3_body0.65,model_b,stress,next_close,2.0,2.0,1.5,0.7,0.3,0.65,True,1.2,2.0,12,8.0,10.0,4486,4496.515465096335,0.26995095853767276,-0.8371683772406704,-3755.5373403016474,-3754.0317268984986,34,0.29533313790825955,1.2997393644590074,-1.627334873484429,,-613.601791425221,,-216.46028847101107
15m,range2_ret2_vz2_cl0.7_cs0.3_body0.65,model_b,stress,next_close,2.0,2.0,2.0,0.7,0.3,0.65,True,1.2,2.0,12,8.0,10.0,3928,3937.2074781316105,0.2690936863543788,-0.8387203937204843,-3294.4937065340623,-3294.5902474076665,29,0.29389386295007,1.2972815037712184,-1.6251202563637202,,-323.29409220412964,,-171.2791742557621
15m,range2.5_ret2.5_vz2.5_cl0.8_cs0.2_body0.65,model_b,stress,next_close,2.5,2.5,2.5,0.8,0.2,0.65,True,1.2,2.0,12,8.0,10.0,1751,1756.4601344585897,0.2741290691033695,-0.8400412443543034,-1470.9122188643853,-1473.603480807031,34,0.30044887079976845,1.3161234658091623,-1.654328467704786,,-257.3831319579142,,-134.09012392944504
15m,range2_ret2_vz2.5_cl0.7_cs0.3_body0.65,model_b,stress,next_close,2.0,2.0,2.5,0.7,0.3,0.65,True,1.2,2.0,12,8.0,10.0,3342,3349.833857412383,0.2663076002393776,-0.8445873265642124,-2822.610845377598,-2823.704846787658,39,0.29088622414939985,1.3009728433547474,-1.6233591663798217,,-475.93150685522534,,-216.09599785005602
15m,range3_ret3_vz2.5_cl0.8_cs0.2_body0.5,model_b,stress,next_close,3.0,3.0,2.5,0.8,0.2,0.5,True,1.2,2.0,12,8.0,10.0,1195,1198.7263624660277,0.2719665271966527,-0.8672732335137678,-1036.3915140489526,-1041.3343626795229,29,0.29423790022779767,1.3294768133781523,-1.6878982510308644,,-88.67544368274648,,-34.66630572229586
15m,range3_ret3_vz2_cl0.8_cs0.2_body0.5,model_b,stress,next_close,3.0,3.0,2.0,0.8,0.2,0.5,True,1.2,2.0,12,8.0,10.0,1280,1283.991417536833,0.271875,-0.8678615681129813,-1110.862807184616,-1113.6601263543666,32,0.29334544030169046,1.325114355454041,-1.68669807176247,,-104.4696129696707,,-156.80962330307858
15m,range2.5_ret2.5_vz2_cl0.7_cs0.3_body0.5,model_b,stress,next_close,2.5,2.5,2.0,0.7,0.3,0.5,True,1.2,2.0,12,8.0,10.0,2971,2980.2644542983835,0.2669134971390104,-0.8684670867012043,-2580.215714589278,-2579.582145430812,51,0.2871724405718285,1.310814103992994,-1.661933562468192,,-250.33512984034869,,-113.6328676672068
15m,range2.5_ret2.5_vz1.5_cl0.7_cs0.3_body0.5,model_b,stress,next_close,2.5,2.5,1.5,0.7,0.3,0.5,True,1.2,2.0,12,8.0,10.0,3236,3246.0908024603063,0.2688504326328801,-0.8690872524687391,-2812.3663489888395,-2811.474415834449,53,0.28799063364205096,1.3075108361168974,-1.6694424245184025,,-309.95407132124785,,-126.7366708659727
15m,range3_ret3_vz2_cl0.8_cs0.2_body0.65,model_b,stress,next_close,3.0,3.0,2.0,0.8,0.2,0.65,True,1.2,2.0,12,8.0,10.0,1157,1160.607867257903,0.27398444252376836,-0.8704856283455308,-1007.1518719957792,-1009.4165666500649,28,0.294326763059702,1.3251401397861169,-1.699072971795212,,-54.57317526082691,,-104.59083521252222
15m,range3_ret3_vz2.5_cl0.8_cs0.2_body0.65,model_b,stress,next_close,3.0,3.0,2.5,0.8,0.2,0.65,True,1.2,2.0,12,8.0,10.0,1079,1082.3646402517522,0.2743280815569972,-0.8705021532676583,-939.2718233758034,-943.6820474909102,25,0.29545657005815673,1.3307162669498251,-1.7026358089309728,,-87.37540624310387,,-69.45721457180558
15m,range2.5_ret2.5_vz2.5_cl0.7_cs0.3_body0.5,model_b,stress,next_close,2.5,2.5,2.5,0.7,0.3,0.5,True,1.2,2.0,12,8.0,10.0,2661,2669.2977828636817,0.26305900037579855,-0.8757872018165532,-2330.469744033848,-2334.398065797694,46,0.2823397226730274,1.3097804510734983,-1.655949036096531,,-214.29989649196568,,-32.895278055465056
15m,range3_ret3_vz1.5_cl0.8_cs0.2_body0.5,model_b,stress,next_close,3.0,3.0,1.5,0.8,0.2,0.5,True,1.2,2.0,12,8.0,10.0,1357,1361.2315262480333,0.27192336035372144,-0.8778641588931846,-1191.2616636180514,-1193.3333926270366,30,0.29043042669351127,1.3213806052906825,-1.6992420111035558,,-106.79315200704634,,-16.241287956133622
15m,range3_ret3_vz1.5_cl0.8_cs0.2_body0.65,model_b,stress,next_close,3.0,3.0,1.5,0.8,0.2,0.65,True,1.2,2.0,12,8.0,10.0,1221,1224.8074381347446,0.27354627354627353,-0.8808094071563205,-1075.4682861378674,-1077.5400151468525,27,0.29108210318867017,1.3221194835308603,-1.7103226534804676,,-108.26717818210605,,-108.81016057403939
15m,range2.5_ret2.5_vz1.5_cl0.7_cs0.3_body0.65,model_b,stress,next_close,2.5,2.5,1.5,0.7,0.3,0.65,True,1.2,2.0,12,8.0,10.0,2804,2812.743699041625,0.2660485021398003,-0.8826623224061422,-2474.9851520268226,-2474.662577384182,51,0.2838933561200612,1.3152590425808317,-1.6793821174888839,,-183.58098309549746,,-343.35583880762266
15m,range2.5_ret2.5_vz2_cl0.7_cs0.3_body0.65,model_b,stress,next_close,2.5,2.5,2.0,0.7,0.3,0.65,True,1.2,2.0,12,8.0,10.0,2580,2588.045200972679,0.26395348837209304,-0.8852716950340782,-2284.0009731879218,-2285.2780648194516,49,0.28135460063291823,1.3130720107376685,-1.673619279884294,,-234.18527134080017,,-125.65737753327146
15m,range2.5_ret2.5_vz2.5_cl0.7_cs0.3_body0.65,model_b,stress,next_close,2.5,2.5,2.5,0.7,0.3,0.65,True,1.2,2.0,12,8.0,10.0,2316,2323.2219711057073,0.2599309153713299,-0.8916373311246502,-2065.03205888469,-2070.5249565937193,45,0.27699191442845933,1.3141781580208476,-1.6663753267288446,,-199.98182954323772,,-118.54121781373571
15m,range3_ret3_vz2_cl0.7_cs0.3_body0.5,model_b,stress,next_close,3.0,3.0,2.0,0.7,0.3,0.5,True,1.2,2.0,12,8.0,10.0,1801,1806.6160492061222,0.25818989450305385,-0.9171143484049971,-1651.7229414773997,-1658.2671211093714,33,0.2716777442010012,1.3249964949093058,-1.6974897541992715,,-98.0717964977076,,-54.18073268155978
15m,range3_ret3_vz1.5_cl0.7_cs0.3_body0.5,model_b,stress,next_close,3.0,3.0,1.5,0.7,0.3,0.5,True,1.2,2.0,12,8.0,10.0,1904,1909.9372335860392,0.25945378151260506,-0.921451858931143,-1754.4443394048963,-1756.5160684138839,35,0.27121824409404593,1.321703540888807,-1.7073516940453668,,-218.25774905819364,,-64.58125237824551
15m,range3_ret3_vz2_cl0.7_cs0.3_body0.65,model_b,stress,next_close,3.0,3.0,2.0,0.7,0.3,0.65,True,1.2,2.0,12,8.0,10.0,1579,1583.9237877270778,0.25965801139962,-0.9235713908350928,-1458.3192261286115,-1465.1573564220987,34,0.27140223175709627,1.324934237151955,-1.7121832877338863,,-173.4446511259966,,-61.122980638763266
15m,range3_ret3_vz2.5_cl0.7_cs0.3_body0.5,model_b,stress,next_close,3.0,3.0,2.5,0.7,0.3,0.5,True,1.2,2.0,12,8.0,10.0,1685,1690.2543269918467,0.2545994065281899,-0.9274517245536534,-1562.756155872906,-1571.4458649656972,33,0.26718024150509434,1.3281315507685503,-1.697869897414502,,-256.5439237752709,,-99.88044947471684
15m,range3_ret3_vz1.5_cl0.7_cs0.3_body0.65,model_b,stress,next_close,3.0,3.0,1.5,0.7,0.3,0.65,True,1.2,2.0,12,8.0,10.0,1666,1671.1950793877843,0.2605042016806723,-0.9277018844171393,-1545.551339438954,-1548.6872768058756,35,0.27112676024395754,1.3246894737687738,-1.7211579310508132,,-82.34271117844558,,-216.92923022065852
15m,range3_ret3_vz2.5_cl0.7_cs0.3_body0.65,model_b,stress,next_close,3.0,3.0,2.5,0.7,0.3,0.65,True,1.2,2.0,12,8.0,10.0,1477,1481.6057216421113,0.25795531482735273,-0.9282420406543412,-1371.013494046462,-1381.1893107041446,32,0.27019625472185976,1.3322630735145424,-1.714056318481298,,-236.08091556245984,,-75.72650432688309
15m,range1.5_ret1.5_vz2_cl0.8_cs0.2_body0.65,model_b,stress,next_open,1.5,1.5,2.0,0.8,0.2,0.65,True,1.2,2.0,12,8.0,10.0,4231,4240.675280128059,0.27747577404868823,-0.7787973567666592,-3295.091616479735,-3293.5874465205884,45,0.3233235551341695,1.3410830819159059,-1.592909111759571,,-247.70864976976296,,-355.423672797761
15m,range1.5_ret1.5_vz2.5_cl0.8_cs0.2_body0.65,model_b,stress,next_open,1.5,1.5,2.5,0.8,0.2,0.65,True,1.2,2.0,12,8.0,10.0,3378,3386.305449139459,0.27827116637063354,-0.7800836074387243,-2635.1224259280107,-2633.6182559688586,35,0.3253154744045375,1.3516894249271365,-1.6020141449382768,,-192.3770232987983,,-118.36467821611973
15m,range1.5_ret1.5_vz1.5_cl0.8_cs0.2_body0.65,model_b,stress,next_open,1.5,1.5,1.5,0.8,0.2,0.65,True,1.2,2.0,12,8.0,10.0,5280,5292.074091013034,0.2755681818181818,-0.7845200987296792,-4142.266121292706,-4140.761951333561,45,0.31931716711255204,1.335526388344211,-1.5909691545970022,,-315.5923386678884,,-416.1409974220583
15m,range2.5_ret2.5_vz2.5_cl0.8_cs0.2_body0.65,model_b,stress,next_open,2.5,2.5,2.5,0.8,0.2,0.65,True,1.2,2.0,12,8.0,10.0,1774,1779.7355154358959,0.29368658399098085,-0.7851318165939787,-1392.8238426377181,-1390.8820423679297,35,0.34052652360220276,1.3804226633155576,-1.6855738629091173,,-65.06427735212031,,-112.27625763876418
15m,range2_ret2_vz2.5_cl0.8_cs0.2_body0.65,model_b,stress,next_open,2.0,2.0,2.5,0.8,0.2,0.65,True,1.2,2.0,12,8.0,10.0,2608,2614.412259134313,0.28412576687116564,-0.7853498160278446,-2048.1923202006187,-2046.6881502414622,41,0.3307793991877912,1.3662232694365317,-1.6392949988500742,,-382.3556176717744,,-225.16284352484325
15m,range2_ret2_vz2_cl0.8_cs0.2_body0.65,model_b,stress,next_open,2.0,2.0,2.0,0.8,0.2,0.65,True,1.2,2.0,12,8.0,10.0,3105,3112.6342272285438,0.2789049919484702,-0.7987886367888322,-2480.238717229324,-2478.734547270165,52,0.32159850942960794,1.3576968936713207,-1.6328737057385831,,-188.6163015024624,,-158.27238962087714
15m,range1.5_ret1.5_vz2.5_cl0.7_cs0.3_body0.65,model_b,stress,next_open,1.5,1.5,2.5,0.7,0.3,0.65,True,1.2,2.0,12,8.0,10.0,4418,4428.8624849905655,0.27342688999547304,-0.7993491955813823,-3531.5247460785467,-3530.020576119394,46,0.3162728709458636,1.3523043595556987,-1.6090680412529068,,-595.2028389296112,,-389.2833498050818
15m,range1.5_ret1.5_vz2_cl0.8_cs0.2_body0.5,model_b,stress,next_open,1.5,1.5,2.0,0.8,0.2,0.5,True,1.2,2.0,12,8.0,10.0,4780,4790.9307111822545,0.2690376569037657,-0.8022836942058117,-3834.9160583037797,-3833.411888344629,49,0.30951346563100135,1.3367162516169007,-1.5895630102699239,,-612.2879222067205,,-266.22503287738755
15m,range2.5_ret2.5_vz2_cl0.8_cs0.2_body0.65,model_b,stress,next_open,2.5,2.5,2.0,0.8,0.2,0.65,True,1.2,2.0,12,8.0,10.0,1994,2000.4467969442933,0.2883650952858576,-0.8033079945040992,-1601.7961410411738,-1599.9147055052285,42,0.3298222369906281,1.3709743128938807,-1.6843596694539502,,-71.11420730153931,,-89.70772779795632
15m,range1.5_ret1.5_vz2_cl0.7_cs0.3_body0.65,model_b,stress,next_open,1.5,1.5,2.0,0.7,0.3,0.65,True,1.2,2.0,12,8.0,10.0,5471,5483.510862108393,0.2714311825991592,-0.8053196298989954,-4405.903695177404,-4404.399525218245,48,0.31132022164700146,1.341215446163049,-1.6050197272276798,,-338.70489256871525,,-294.26396088614064
15m,range1.5_ret1.5_vz1.5_cl0.7_cs0.3_body0.65,model_b,stress,next_open,1.5,1.5,1.5,0.7,0.3,0.65,True,1.2,2.0,12,8.0,10.0,6702,6717.325863251773,0.26977021784541927,-0.8082197170504268,-5416.68854367196,-5415.184373712791,39,0.3082246547276483,1.334866190736619,-1.59994413905267,,-880.7302687320885,,-310.92544458304167
15m,range1.5_ret1.5_vz1.5_cl0.8_cs0.2_body0.5,model_b,stress,next_open,1.5,1.5,1.5,0.8,0.2,0.5,True,1.2,2.0,12,8.0,10.0,6005,6018.731991767666,0.26794338051623645,-0.8082297697373164,-4853.419767272585,-4851.91559731344,52,0.30636894307346535,1.332318378212584,-1.5917015554632923,,-780.38833281151,,-55.779688382584155
15m,range1.5_ret1.5_vz2.5_cl0.8_cs0.2_body0.5,model_b,stress,next_open,1.5,1.5,2.5,0.8,0.2,0.5,True,1.2,2.0,12,8.0,10.0,3810,3819.3676024929955,0.26666666666666666,-0.8096269108876188,-3084.6785304818277,-3083.174360522679,39,0.30786139860628414,1.3504495665675356,-1.5951092663258568,,-242.1807805667793,,-177.16472700425803
15m,range2.5_ret2.5_vz2.5_cl0.8_cs0.2_body0.5,model_b,stress,next_open,2.5,2.5,2.5,0.8,0.2,0.5,True,1.2,2.0,12,8.0,10.0,1980,1986.401533575577,0.2808080808080808,-0.8113172007560496,-1606.4080574969782,-1604.4662572271889,36,0.3241600741080079,1.3857878862020419,-1.6691756476301358,,-290.8936627563929,,-88.44086022659852
15m,range1.5_ret1.5_vz2.5_cl0.7_cs0.3_body0.5,model_b,stress,next_open,1.5,1.5,2.5,0.7,0.3,0.5,True,1.2,2.0,12,8.0,10.0,5186,5198.750757619075,0.2678364828384111,-0.8114902892766153,-4208.388640188527,-4206.8844702293645,53,0.30868642278768155,1.3528699037181355,-1.6032459669352166,,-684.6074900910359,,-312.15379634390575
15m,range2_ret2_vz2.5_cl0.7_cs0.3_body0.65,model_b,stress,next_open,2.0,2.0,2.5,0.7,0.3,0.65,True,1.2,2.0,12,8.0,10.0,3450,3458.482474698382,0.2773913043478261,-0.8119557243693704,-2801.2472490743276,-2801.180521305406,61,0.3171120087083274,1.3592605680502643,-1.6454310520250426,,-479.9149508155269,,-356.4534514738912
15m,range2_ret2_vz2.5_cl0.8_cs0.2_body0.5,model_b,stress,next_open,2.0,2.0,2.5,0.8,0.2,0.5,True,1.2,2.0,12,8.0,10.0,2937,2944.221167591057,0.2710248552945182,-0.8138663146346916,-2390.325366082089,-2388.821196122935,45,0.3129752275803808,1.3679855799077179,-1.6250545949036115,,-409.6087400188385,,-140.7125153263051
15m,range2_ret2_vz1.5_cl0.8_cs0.2_body0.65,model_b,stress,next_open,2.0,2.0,1.5,0.8,0.2,0.65,True,1.2,2.0,12,8.0,10.0,3610,3618.8758648293215,0.2753462603878116,-0.8151696853181876,-2942.7625639986572,-2941.2583940395025,36,0.3132166521423113,1.3501870087012493,-1.6379390101864293,,-210.05173106248958,,-199.21134873223926
15m,range2.5_ret2.5_vz2_cl0.8_cs0.2_body0.5,model_b,stress,next_open,2.5,2.5,2.0,0.8,0.2,0.5,True,1.2,2.0,12,8.0,10.0,2229,2236.2065749191725,0.27994616419919244,-0.8161756182845137,-1819.255453156181,-1817.3136528863902,42,0.3207020202724493,1.3764183963901386,-1.6686233847374627,,-139.93430406795798,,-29.907517121147976
15m,range1.5_ret1.5_vz2_cl0.7_cs0.3_body0.5,model_b,stress,next_open,1.5,1.5,2.0,0.7,0.3,0.5,True,1.2,2.0,12,8.0,10.0,6420,6434.6809970272125,0.26697819314641746,-0.8164067382976725,-5241.331259871057,-5239.82708991188,53,0.304132057821035,1.336491379931788,-1.6005264524169447,,-833.7109410697269,,-501.9804645200329
15m,range2_ret2_vz2_cl0.8_cs0.2_body0.5,model_b,stress,next_open,2.0,2.0,2.0,0.8,0.2,0.5,True,1.2,2.0,12,8.0,10.0,3507,3515.622619932529,0.26917593384659255,-0.8193786244949937,-2873.5608361039426,-2872.0566661447906,56,0.30796651410818326,1.3546427889415236,-1.620110662842271,,-481.4192707123678,,-280.591831411984
15m,range2.5_ret2.5_vz1.5_cl0.8_cs0.2_body0.65,model_b,stress,next_open,2.5,2.5,1.5,0.8,0.2,0.65,True,1.2,2.0,12,8.0,10.0,2188,2195.0740179107893,0.2861060329067642,-0.8200391594490711,-1794.2456808745676,-1792.3038806047764,30,0.3221367378024694,1.3620897830246308,-1.6945671479180453,,-170.77458466661565,,-94.5662967210123
15m,range1.5_ret1.5_vz1.5_cl0.7_cs0.3_body0.5,model_b,stress,next_open,1.5,1.5,1.5,0.7,0.3,0.5,True,1.2,2.0,12,8.0,10.0,7906,7924.0791218842905,0.2646091576018214,-0.8248934645565917,-6521.607730784414,-6520.103560825245,40,0.29920231405024467,1.330960851863766,-1.6006153823328884,,-521.7532278236978,,-455.0952294493763
15m,range2.5_ret2.5_vz2.5_cl0.7_cs0.3_body0.65,model_b,stress,next_open,2.5,2.5,2.5,0.7,0.3,0.65,True,1.2,2.0,12,8.0,10.0,2375,2382.6786071929273,0.2816842105263158,-0.8264176033012298,-1962.7418078404207,-1964.4204171109136,51,0.3185011980158921,1.3711438785834573,-1.6881811621411218,,-150.86480806854084,,-115.76373464628226
15m,range2_ret2_vz2.5_cl0.7_cs0.3_body0.5,model_b,stress,next_open,2.0,2.0,2.5,0.7,0.3,0.5,True,1.2,2.0,12,8.0,10.0,4039,4048.9306421179026,0.26813567714780884,-0.8292504266127241,-3349.3424730887928,-3349.275745319869,69,0.30623143141043585,1.3651055880362861,-1.633204270951316,,-541.5082202282676,,-359.81392536212905
15m,range3_ret3_vz2.5_cl0.8_cs0.2_body0.65,model_b,stress,next_open,3.0,3.0,2.5,0.8,0.2,0.65,True,1.2,2.0,12,8.0,10.0,1092,1095.5305427598637,0.29395604395604397,-0.8300607859177324,-906.4263782221637,-904.4845779523764,24,0.32337723496191195,1.349554230352165,-1.737526960006756,,-53.23230889336848,,-90.24147979847967
15m,range2_ret2_vz2_cl0.7_cs0.3_body0.65,model_b,stress,next_open,2.0,2.0,2.0,0.7,0.3,0.65,True,1.2,2.0,12,8.0,10.0,4074,4084.0166962090457,0.2709867452135493,-0.8330036137123079,-3393.6567222639424,-3392.152552304788,79,0.3050600328290065,1.3493880506136766,-1.6442360707546941,,-262.1925447387802,,-223.11572882952026
15m,range3_ret3_vz2_cl0.8_cs0.2_body0.65,model_b,stress,next_open,3.0,3.0,2.0,0.8,0.2,0.65,True,1.2,2.0,12,8.0,10.0,1172,1175.789190581099,0.29180887372013653,-0.8365684247003653,-980.4581937488282,-978.5163934790407,25,0.31853269494506087,1.3400221150561697,-1.7334286230096847,,-68.12054197208766,,-54.79477632562843
15m,range2.5_ret2.5_vz1.5_cl0.8_cs0.2_body0.5,model_b,stress,next_open,2.5,2.5,1.5,0.8,0.2,0.5,True,1.2,2.0,12,8.0,10.0,2455,2462.9372550141625,0.27617107942973523,-0.8388213671169699,-2059.306456272161,-2057.3646560023703,40,0.3103019958059265,1.3665228147939974,-1.68025263067107,,-113.08574662417058,,-221.33472898933087
15m,range2.5_ret2.5_vz2.5_cl0.7_cs0.3_body0.5,model_b,stress,next_open,2.5,2.5,2.5,0.7,0.3,0.5,True,1.2,2.0,12,8.0,10.0,2751,2759.8942519527336,0.2740821519447474,-0.8389359720319531,-2307.912859059903,-2309.591468330397,54,0.30994838442275074,1.3748517190927867,-1.6747877091917196,,-174.34371744363506,,-119.40093035820333
15m,range2_ret2_vz1.5_cl0.7_cs0.3_body0.65,model_b,stress,next_open,2.0,2.0,1.5,0.7,0.3,0.65,True,1.2,2.0,12,8.0,10.0,4680,4691.506661329979,0.26987179487179486,-0.8390920678494794,-3926.950877535564,-3925.446707576412,46,0.3012821292322901,1.3406753948835055,-1.644783114215227,,-647.0876687128496,,-253.89531401988208
15m,range2_ret2_vz2_cl0.7_cs0.3_body0.5,model_b,stress,next_open,2.0,2.0,2.0,0.7,0.3,0.5,True,1.2,2.0,12,8.0,10.0,4767,4778.720567213677,0.2647367316970841,-0.8423577182962971,-4015.5192431184482,-4014.0150731592926,65,0.2981135904010768,1.351441646821406,-1.6322506708722004,,-639.1815408469453,,-265.2187862069325
15m,range2_ret2_vz1.5_cl0.8_cs0.2_body0.5,model_b,stress,next_open,2.0,2.0,1.5,0.8,0.2,0.5,True,1.2,2.0,12,8.0,10.0,4124,4134.139630624964,0.2640640155189137,-0.8428841713513076,-3476.0543226527925,-3474.5501526936487,41,0.29660119513733596,1.3459531576332662,-1.6282692953263327,,-582.117165178528,,-333.4995454926744
15m,range2.5_ret2.5_vz2_cl0.7_cs0.3_body0.65,model_b,stress,next_open,2.5,2.5,2.0,0.7,0.3,0.65,True,1.2,2.0,12,8.0,10.0,2653,2661.57740837172,0.2759140595552205,-0.8480738510736253,-2249.939926898328,-2252.470048124614,61,0.30748446049922734,1.3647512194462113,-1.6912742423388623,,-236.43725719448653,,-135.21953365911966
15m,range2.5_ret2.5_vz2_cl0.7_cs0.3_body0.5,model_b,stress,next_open,2.5,2.5,2.0,0.7,0.3,0.5,True,1.2,2.0,12,8.0,10.0,3074,3083.938542530972,0.27228366948601174,-0.8483466487884693,-2607.8175983757546,-2608.434945020114,46,0.3049706052670983,1.3671197676182638,-1.6772896038767284,,-224.45565466009825,,-301.428039611174
15m,range2.5_ret2.5_vz1.5_cl0.7_cs0.3_body0.65,model_b,stress,next_open,2.5,2.5,1.5,0.7,0.3,0.65,True,1.2,2.0,12,8.0,10.0,2890,2899.3436525421303,0.2754325259515571,-0.8567039065016127,-2475.8742897896605,-2476.8026341965165,43,0.30362264218457885,1.3561415917275914,-1.6978810872993426,,-165.5596933410486,,-112.74636701463977
15m,range2_ret2_vz1.5_cl0.7_cs0.3_body0.5,model_b,stress,next_open,2.0,2.0,1.5,0.7,0.3,0.5,True,1.2,2.0,12,8.0,10.0,5517,5530.564583452456,0.26101141924959215,-0.8585619542690289,-4736.686301702232,-4735.1821317430795,44,0.2898981635384049,1.3428792392997664,-1.6361129277149609,,-760.8720671708695,,-323.129409537312
15m,range3_ret3_vz1.5_cl0.8_cs0.2_body0.65,model_b,stress,next_open,3.0,3.0,1.5,0.8,0.2,0.65,True,1.2,2.0,12,8.0,10.0,1239,1243.005808131384,0.288135593220339,-0.8595912927412588,-1065.0336117064196,-1063.091811436633,29,0.30861971766645235,1.3316858278952417,-1.746536793951271,,-116.97148041487512,,-16.522038476822388
15m,range3_ret3_vz2.5_cl0.8_cs0.2_body0.5,model_b,stress,next_open,3.0,3.0,2.5,0.8,0.2,0.5,True,1.2,2.0,12,8.0,10.0,1212,1215.918514491717,0.27887788778877887,-0.8625973648724102,-1045.4680062253613,-1043.5262059555741,26,0.30456572287033695,1.354624662914853,-1.720058515206615,,-84.31217663462893,,-18.107391512195857
15m,range2.5_ret2.5_vz1.5_cl0.7_cs0.3_body0.5,model_b,stress,next_open,2.5,2.5,1.5,0.7,0.3,0.5,True,1.2,2.0,12,8.0,10.0,3357,3367.8535091985923,0.269288054810843,-0.8654771440518656,-2905.406772582113,-2903.464972312325,44,0.29728971276660354,1.3596968270524485,-1.685516797487781,,-338.6678948343982,,-172.70679042260326
15m,range3_ret3_vz2_cl0.8_cs0.2_body0.5,model_b,stress,next_open,3.0,3.0,2.0,0.8,0.2,0.5,True,1.2,2.0,12,8.0,10.0,1299,1303.1997939973105,0.2779060816012317,-0.8663502743535312,-1125.389006385237,-1123.4472061154504,28,0.3015476433646835,1.3459056558398848,-1.7177622048437478,,-92.1143110266465,,-135.15500061119033
15m,range3_ret3_vz2.5_cl0.7_cs0.3_body0.65,model_b,stress,next_open,3.0,3.0,2.5,0.7,0.3,0.65,True,1.2,2.0,12,8.0,10.0,1509,1513.8787445280534,0.2776673293571902,-0.8769534651650887,-1323.3227789341188,-1321.380978664331,31,0.30031588182646585,1.3555890405263273,-1.7351509971694037,,-239.52955522905296,,-77.47936423825561
15m,range3_ret3_vz2_cl0.7_cs0.3_body0.65,model_b,stress,next_open,3.0,3.0,2.0,0.7,0.3,0.65,True,1.2,2.0,12,8.0,10.0,1614,1619.218219793425,0.27447335811648077,-0.8894389729936109,-1435.554502411688,-1434.3239429719079,36,0.29370668976394887,1.3475494315430052,-1.73571212688748,,-184.56129769668908,,-26.784383913614384
15m,range3_ret3_vz1.5_cl0.8_cs0.2_body0.5,model_b,stress,next_open,3.0,3.0,1.5,0.8,0.2,0.5,True,1.2,2.0,12,8.0,10.0,1378,1382.4552087207805,0.27358490566037735,-0.8916858686910009,-1228.7431270561992,-1226.8013267864121,34,0.29099109222945013,1.3376662030857998,-1.7313119736458997,,-101.8635838391348,,-140.59880074361783
15m,range3_ret3_vz1.5_cl0.7_cs0.3_body0.65,model_b,stress,next_open,3.0,3.0,1.5,0.7,0.3,0.65,True,1.2,2.0,12,8.0,10.0,1705,1710.5124316900803,0.273900293255132,-0.9015194217242966,-1537.0906140399256,-1536.8713745699856,29,0.28906993423376465,1.3383158839365294,-1.7464330628742204,,-80.3657654598879,,-111.49952205233775
15m,range3_ret3_vz2.5_cl0.7_cs0.3_body0.5,model_b,stress,next_open,3.0,3.0,2.5,0.7,0.3,0.5,True,1.2,2.0,12,8.0,10.0,1732,1737.5997253297473,0.26270207852193994,-0.9077711631852069,-1572.2596546367784,-1570.3178543669899,32,0.28261018136335414,1.3612737457775825,-1.7162405708422697,,-266.861137948116,,-159.22260505002686
15m,range3_ret3_vz2_cl0.7_cs0.3_body0.5,model_b,stress,next_open,3.0,3.0,2.0,0.7,0.3,0.5,True,1.2,2.0,12,8.0,10.0,1853,1858.990930159366,0.26227738801942796,-0.9113795709145306,-1688.7863449046251,-1687.189410321451,37,0.2805297870566221,1.3548917653256083,-1.7170912530013684,,-100.99811695651368,,-117.88522624186312
15m,range3_ret3_vz1.5_cl0.7_cs0.3_body0.5,model_b,stress,next_open,3.0,3.0,1.5,0.7,0.3,0.5,True,1.2,2.0,12,8.0,10.0,1959,1965.3336385225027,0.26033690658499237,-0.9276496658663529,-1817.2656954321853,-1815.3238951623941,33,0.2743472835733175,1.3471628296566491,-1.7283083081829373,,-256.5693126444204,,-106.94567147584893
1h,range1.5_ret1.5_vz1.5_cl0.8_cs0.2_body0.65,model_a,base,next_close,1.5,1.5,1.5,0.8,0.2,0.65,True,1.0,1.5,6,4.0,5.0,1407,1428.0145883987495,0.3695806680881308,-0.22762947903348138,-320.2746770001083,-343.88675961444187,28,0.6624937589247736,1.2089803480274868,-1.0698359165438573,,-5.0936971352247475,,4.3214325233785695
1h,range1.5_ret1.5_vz1.5_cl0.7_cs0.3_body0.65,model_a,base,next_close,1.5,1.5,1.5,0.7,0.3,0.65,True,1.0,1.5,6,4.0,5.0,1741,1767.0031260854464,0.37277426766226307,-0.22828336527634663,-397.44133894611946,-420.504125274497,23,0.6612423936310783,1.1953634548343652,-1.0743884808915958,,-33.179901241047546,,0.1053695811185924
1h,range1.5_ret1.5_vz1.5_cl0.7_cs0.3_body0.5,model_a,base,next_close,1.5,1.5,1.5,0.7,0.3,0.5,True,1.0,1.5,6,4.0,5.0,2042,2072.4987843001045,0.3721841332027424,-0.23518490855141871,-480.247583261997,-497.04282702594196,21,0.6534912397408417,1.1917280105008723,-1.081092723278206,,-46.89952203530123,,-27.48966655184753
1h,range1.5_ret1.5_vz1.5_cl0.8_cs0.2_body0.5,model_a,base,next_close,1.5,1.5,1.5,0.8,0.2,0.5,True,1.0,1.5,6,4.0,5.0,1585,1608.6731503994442,0.36719242902208205,-0.23895290047687037,-378.74034725583954,-398.3460444818539,28,0.6506455848233095,1.2119838678454786,-1.0808723413179542,,-33.917522534663455,,-35.49012819332459
1h,range2.5_ret2.5_vz1.5_cl0.7_cs0.3_body0.5,model_a,base,next_close,2.5,2.5,1.5,0.7,0.3,0.5,True,1.0,1.5,6,4.0,5.0,1019,1034.2195206668982,0.37389597644749756,-0.25528094473978413,-260.13128268984,-268.3278320818873,25,0.6409870787727316,1.219008691568914,-1.135695288679618,,-23.526831023582282,,9.075291536495419
1h,range1.5_ret1.5_vz2_cl0.7_cs0.3_body0.65,model_a,base,next_close,1.5,1.5,2.0,0.7,0.3,0.65,True,1.0,1.5,6,4.0,5.0,1410,1431.0593956234804,0.36524822695035464,-0.2553932627705065,-360.1045005064142,-372.86090239748273,23,0.6305544630446004,1.1934205161731948,-1.0890682305425805,,-16.828503293945136,,-31.691443864726374
1h,range2_ret2_vz1.5_cl0.8_cs0.2_body0.65,model_a,base,next_close,2.0,2.0,1.5,0.8,0.2,0.65,True,1.0,1.5,6,4.0,5.0,1064,1079.8916290378604,0.36466165413533835,-0.255432392980406,-271.78006613115195,-286.8443623591221,30,0.6323809000460477,1.204943133950109,-1.093636097786678,,-3.634831477790872,,4.831090792946326
1h,range2.5_ret2.5_vz1.5_cl0.7_cs0.3_body0.65,model_a,base,next_close,2.5,2.5,1.5,0.7,0.3,0.65,True,1.0,1.5,6,4.0,5.0,899,912.4272316776659,0.3704115684093437,-0.25936980329982506,-233.1734531665427,-241.37000255859002,26,0.6351061287157579,1.2187499348683377,-1.1290056209853343,,-17.66174503912808,,4.079984095004242
1h,range2_ret2_vz1.5_cl0.7_cs0.3_body0.65,model_a,base,next_close,2.0,2.0,1.5,0.7,0.3,0.65,True,1.0,1.5,6,4.0,5.0,1316,1335.6554359152485,0.3639817629179331,-0.26130744973622516,-343.8806038528723,-354.9517176777246,23,0.626460735170593,1.2040090833725037,-1.0998816664137414,,-27.4963129830238,,-7.718946122088788
1h,range2_ret2_vz1.5_cl0.7_cs0.3_body0.5,model_a,base,next_close,2.0,2.0,1.5,0.7,0.3,0.5,True,1.0,1.5,6,4.0,5.0,1532,1554.8815560958667,0.36488250652741516,-0.26142417584839583,-400.5018373997424,-411.5729512245942,21,0.6275267477433112,1.207062772579935,-1.105087283938259,,-48.98957185825879,,0.06105904554072161
1h,range3_ret3_vz1.5_cl0.7_cs0.3_body0.65,model_a,base,next_close,3.0,3.0,1.5,0.7,0.3,0.65,True,1.0,1.5,6,4.0,5.0,605,617.395809080326,0.3768595041322314,-0.26175634296847716,-158.3625874959287,-166.21857232651473,27,0.6356514088398069,1.2117685073406634,-1.1529066503172414,,-14.814687583394031,,6.9109422577579025
1h,range3_ret3_vz2.5_cl0.7_cs0.3_body0.65,model_a,base,next_close,3.0,3.0,2.5,0.7,0.3,0.65,True,1.0,1.5,6,4.0,5.0,533,543.920605355064,0.3771106941838649,-0.2634317907417459,-140.40914446535055,-143.3123213303763,23,0.6317699069080343,1.1985026352655024,-1.1485185968485436,,-8.064508658239852,,4.295639691724567
1h,range3_ret3_vz1.5_cl0.7_cs0.3_body0.5,model_a,base,next_close,3.0,3.0,1.5,0.7,0.3,0.5,True,1.0,1.5,6,4.0,5.0,660,673.5227008149011,0.37575757575757573,-0.26433947173289357,-174.46405134370977,-182.48534815589576,27,0.6338647104769636,1.217893342121631,-1.1565572820142578,,-44.64731453551123,,9.984823464820963
1h,range2_ret2_vz1.5_cl0.8_cs0.2_body0.5,model_a,base,next_close,2.0,2.0,1.5,0.8,0.2,0.5,True,1.0,1.5,6,4.0,5.0,1187,1204.7287252518236,0.36225779275484415,-0.2646711176460198,-314.1646166458255,-327.85675994307013,30,0.6232140648123942,1.2084574899586602,-1.101454870974966,,-29.117793485731276,,-50.728487127789876
1h,range2.5_ret2.5_vz2_cl0.7_cs0.3_body0.5,model_a,base,next_close,2.5,2.5,2.0,0.7,0.3,0.5,True,1.0,1.5,6,4.0,5.0,939,953.0246613407434,0.369542066027689,-0.2653454372400358,-249.15936556839358,-253.47808252651305,26,0.6289773201364547,1.2172569683625805,-1.134370833767245,,-11.149288865729991,,9.65396841211973
1h,range1.5_ret1.5_vz2_cl0.8_cs0.2_body0.65,model_a,base,next_close,1.5,1.5,2.0,0.8,0.2,0.65,True,1.0,1.5,6,4.0,5.0,1118,1134.698159083015,0.35867620751341683,-0.2661759938543545,-297.5847611291683,-310.604486636369,24,0.6182926146864465,1.2020701462596637,-1.0873289955080803,,-27.19469956865063,,-1.2861985934662143
1h,range2.5_ret2.5_vz2_cl0.7_cs0.3_body0.65,model_a,base,next_close,2.5,2.5,2.0,0.7,0.3,0.65,True,1.0,1.5,6,4.0,5.0,837,849.5012156998959,0.36798088410991636,-0.2666616185650651,-223.1957747389595,-227.514491697079,25,0.6261903979690175,1.2139231768619083,-1.128703427622736,,-54.541543437747485,,5.182231640841298
1h,range1.5_ret1.5_vz2_cl0.7_cs0.3_body0.5,model_a,base,next_close,1.5,1.5,2.0,0.7,0.3,0.5,True,1.0,1.5,6,4.0,5.0,1639,1663.479680444599,0.3605857230018304,-0.2688771142308569,-440.6895902243745,-455.28172372315026,25,0.6142314092452803,1.1872726600761725,-1.0900455461158325,,-46.867667103419286,,-54.05274951331047
1h,range2.5_ret2.5_vz2.5_cl0.7_cs0.3_body0.65,model_a,base,next_close,2.5,2.5,2.5,0.7,0.3,0.65,True,1.0,1.5,6,4.0,5.0,749,760.1868704411254,0.3684913217623498,-0.26967089814214273,-201.9835027084649,-204.8866795734907,24,0.620567324405111,1.1969086159331843,-1.125433997264321,,-7.052213052056876,,2.6871588614658903
1h,range3_ret3_vz2.5_cl0.7_cs0.3_body0.5,model_a,base,next_close,3.0,3.0,2.5,0.7,0.3,0.5,True,1.0,1.5,6,4.0,5.0,580,591.88358556461,0.3741379310344828,-0.2702990345100165,-156.77344001580957,-159.67661688083544,24,0.6249390216168799,1.2037838571902928,-1.151500102000284,,-15.18543456954371,,5.94357895182001
1h,range3_ret3_vz1.5_cl0.8_cs0.2_body0.65,model_a,base,next_close,3.0,3.0,1.5,0.8,0.2,0.65,True,1.0,1.5,6,4.0,5.0,484,494.4923076923077,0.3739669421487603,-0.27133519810516776,-131.3262358829012,-134.21995103514394,25,0.6240739632906656,1.2044993765865448,-1.1529393499837155,,-15.191639052218568,,3.0244765135798053
1h,range2.5_ret2.5_vz1.5_cl0.8_cs0.2_body0.65,model_a,base,next_close,2.5,2.5,1.5,0.8,0.2,0.65,True,1.0,1.5,6,4.0,5.0,723,733.7985411601251,0.3651452282157676,-0.27155473081753984,-196.3340703810813,-203.18980528183948,23,0.620257996617989,1.2147180318226287,-1.126404424362212,,-21.337052330500068,,11.686825094291521
1h,range2.5_ret2.5_vz2.5_cl0.7_cs0.3_body0.5,model_a,base,next_close,2.5,2.5,2.5,0.7,0.3,0.5,True,1.0,1.5,6,4.0,5.0,836,848.4862799583188,0.3672248803827751,-0.27245366294495327,-227.77126222198095,-230.67443908700668,25,0.6192794796047021,1.206815715664566,-1.1309332456162622,,-14.938524846983091,,6.8871084221792405
1h,range2_ret2_vz2_cl0.7_cs0.3_body0.65,model_a,base,next_close,2.0,2.0,2.0,0.7,0.3,0.65,True,1.0,1.5,6,4.0,5.0,1137,1153.9819381729767,0.36147757255936674,-0.2725263893580649,-309.86250470011976,-316.99659338894384,31,0.6141153511485337,1.1998298349830878,-1.1060503676007836,,-14.707529679515842,,2.4440413760084843
1h,range3_ret3_vz2_cl0.7_cs0.3_body0.65,model_a,base,next_close,3.0,3.0,2.0,0.7,0.3,0.65,True,1.0,1.5,6,4.0,5.0,580,591.88358556461,0.3724137931034483,-0.27493985752018973,-159.46511736171004,-162.3682942267358,23,0.6203408521001986,1.2062809219752595,-1.1539060343636431,,-19.94487532493866,,5.676029552792386
1h,range3_ret3_vz2.5_cl0.8_cs0.2_body0.65,model_a,base,next_close,3.0,3.0,2.5,0.8,0.2,0.65,True,1.0,1.5,6,4.0,5.0,423,432.16993006993005,0.3735224586288416,-0.27645901611728246,-116.94216381761049,-118.44559129658747,22,0.6159455053379559,1.1870348699866224,-1.1490327293414977,,-17.334384143242087,,3.0244765135798053
1h,range1.5_ret1.5_vz2_cl0.8_cs0.2_body0.5,model_a,base,next_close,1.5,1.5,2.0,0.8,0.2,0.5,True,1.0,1.5,6,4.0,5.0,1246,1264.609934004863,0.3539325842696629,-0.27786601142694006,-346.2210502379673,-361.31925786349643,25,0.6055098374466026,1.2050356786384244,-1.0902382416366616,,-33.38177265312634,,-13.139736190611334
1h,range3_ret3_vz1.5_cl0.8_cs0.2_body0.5,model_a,base,next_close,3.0,3.0,1.5,0.8,0.2,0.5,True,1.0,1.5,6,4.0,5.0,515,526.1643356643357,0.37087378640776697,-0.27803126362336833,-143.18610076603468,-146.07981591827735,25,0.6173550284705797,1.2095016766683384,-1.15494111422743,,0.6622896081943588,,0.7761699707014282
1h,range2_ret2_vz2_cl0.7_cs0.3_body0.5,model_a,base,next_close,2.0,2.0,2.0,0.7,0.3,0.5,True,1.0,1.5,6,4.0,5.0,1311,1330.5807572073638,0.35850495804729215,-0.2788716373608911,-365.6007165801282,-372.7348052689517,32,0.6076794291773489,1.204876780493408,-1.1080770551867183,,-44.943060814496086,,-1.2861985934662143
1h,range3_ret3_vz2_cl0.7_cs0.3_body0.5,model_a,base,next_close,3.0,3.0,2.0,0.7,0.3,0.5,True,1.0,1.5,6,4.0,5.0,632,644.9490104772992,0.370253164556962,-0.2798489866100774,-176.8645595375689,-179.87659772640504,24,0.6159698391300683,1.2123250325877286,-1.157157329555521,,-15.441691511966699,,8.749910759855446
1h,range3_ret3_vz2.5_cl0.8_cs0.2_body0.5,model_a,base,next_close,3.0,3.0,2.5,0.8,0.2,0.5,True,1.0,1.5,6,4.0,5.0,450,459.75524475524475,0.3711111111111111,-0.28075764472972564,-126.34094012837654,-127.84436760735355,22,0.6118719042219862,1.1926501396969886,-1.1502244291794121,,-14.751114453978152,,0.7761699707014282
1h,range2.5_ret2.5_vz2.5_cl0.8_cs0.2_body0.65,model_a,base,next_close,2.5,2.5,2.5,0.8,0.2,0.65,True,1.0,1.5,6,4.0,5.0,599,607.9465092045849,0.3639398998330551,-0.2808869378028062,-168.2512757438809,-169.8136381176176,21,0.6065608060089412,1.1898674791674675,-1.1224209611611256,,-20.42139549414036,,5.0893708455809925
1h,range2.5_ret2.5_vz1.5_cl0.8_cs0.2_body0.5,model_a,base,next_close,2.5,2.5,1.5,0.8,0.2,0.5,True,1.0,1.5,6,4.0,5.0,788,799.769364362626,0.3616751269035533,-0.28226895774984273,-222.4279387068761,-229.28367360763434,23,0.6089997767003595,1.2155829644566398,-1.1309524524394003,,-25.834140151883414,,7.071910494903533
1h,range2_ret2_vz2_cl0.8_cs0.2_body0.65,model_a,base,next_close,2.0,2.0,2.0,0.8,0.2,0.65,True,1.0,1.5,6,4.0,5.0,908,921.5616533518584,0.3568281938325991,-0.2832774371130014,-257.21591289860527,-263.6784332671169,27,0.6001597190151577,1.191607210234553,-1.101535357901713,,-14.322330191094753,,-1.2861985934662143
1h,range2.5_ret2.5_vz2_cl0.8_cs0.2_body0.65,model_a,base,next_close,2.5,2.5,2.0,0.8,0.2,0.65,True,1.0,1.5,6,4.0,5.0,668,677.9770753733935,0.36077844311377244,-0.2858429965985003,-190.9431217277982,-193.92102419462867,22,0.6032689586775876,1.2047634208985538,-1.1271454476916853,,-22.65439340126617,,3.6662093680421517
1h,range2_ret2_vz2.5_cl0.7_cs0.3_body0.5,model_a,base,next_close,2.0,2.0,2.5,0.7,0.3,0.5,True,1.0,1.5,6,4.0,5.0,1091,1107.2948940604376,0.3556370302474794,-0.28722285380026197,-313.3601334960858,-319.0786820918163,25,0.5975384411646949,1.1990946429860934,-1.1075517140465005,,-14.486781026130487,,1.537734757697809
1h,range2_ret2_vz2.5_cl0.7_cs0.3_body0.65,model_a,base,next_close,2.0,2.0,2.5,0.7,0.3,0.65,True,1.0,1.5,6,4.0,5.0,959,973.3233761722821,0.3555787278415016,-0.28799120161588904,-276.1835623496376,-281.9021109453681,24,0.5947052784344293,1.1884318806570313,-1.1026518343910765,,-18.064204316558115,,-1.2861985934662143
1h,range3_ret3_vz2_cl0.8_cs0.2_body0.65,model_a,base,next_close,3.0,3.0,2.0,0.8,0.2,0.65,True,1.0,1.5,6,4.0,5.0,462,472.0153846153846,0.36796536796536794,-0.2892696031853666,-133.64255667163937,-135.14598415061639,22,0.6036161376512164,1.1971283921001625,-1.1546382990707773,,-17.334384143242087,,3.0244765135798053
1h,range1.5_ret1.5_vz2.5_cl0.7_cs0.3_body0.65,model_a,base,next_close,1.5,1.5,2.5,0.7,0.3,0.65,True,1.0,1.5,6,4.0,5.0,1142,1159.0566168808614,0.351138353765324,-0.2916783852697857,-333.09671597809523,-340.7003433982025,24,0.5880623099633013,1.1858173342210854,-1.0912408461548588,,-42.60786391615394,,-18.599713109693017
1h,range1.5_ret1.5_vz2.5_cl0.8_cs0.2_body0.65,model_a,base,next_close,1.5,1.5,2.5,0.8,0.2,0.65,True,1.0,1.5,6,4.0,5.0,913,926.636332059743,0.3493975903614458,-0.2916916143548303,-266.3144439059601,-275.17722138821483,22,0.5878922217519328,1.1909429040503259,-1.0879212631279698,,-31.980097492265866,,-45.00652462359425
1h,range2.5_ret2.5_vz2.5_cl0.8_cs0.2_body0.5,model_a,base,next_close,2.5,2.5,2.5,0.8,0.2,0.5,True,1.0,1.5,6,4.0,5.0,643,652.6036818339702,0.35769828926905134,-0.2943848640434737,-189.2894675799536,-190.85182995369033,23,0.5925577059371051,1.1969145751399068,-1.124890604993056,,-14.151112764910401,,7.836301429043244
1h,range1.5_ret1.5_vz2.5_cl0.8_cs0.2_body0.5,model_a,base,next_close,1.5,1.5,2.5,0.8,0.2,0.5,True,1.0,1.5,6,4.0,5.0,1008,1023.055227509552,0.3482142857142857,-0.2944159311730597,-296.7712586224442,-306.41135714833695,22,0.5859390846723165,1.1964731375304516,-1.0909183103434288,,-39.96307867658148,,-1.2861985934662143
1h,range1.5_ret1.5_vz2.5_cl0.7_cs0.3_body0.5,model_a,base,next_close,1.5,1.5,2.5,0.7,0.3,0.5,True,1.0,1.5,6,4.0,5.0,1310,1329.5658214657867,0.3511450381679389,-0.2948041160150657,-386.193391979736,-395.0966115415366,24,0.58549222086939,1.1858655438922783,-1.0961076966708048,,-56.412118442363045,,-18.18071175619176
1h,range3_ret3_vz2_cl0.8_cs0.2_body0.5,model_a,base,next_close,3.0,3.0,2.0,0.8,0.2,0.5,True,1.0,1.5,6,4.0,5.0,493,503.68741258741255,0.36511156186612576,-0.295136757717592,-145.50242155477287,-147.00584903374985,22,0.5980759094217697,1.202845887436198,-1.1565964258571517,,0.6622896081943588,,0.7761699707014282
1h,range2_ret2_vz2_cl0.8_cs0.2_body0.5,model_a,base,next_close,2.0,2.0,2.0,0.8,0.2,0.5,True,1.0,1.5,6,4.0,5.0,998,1012.9058700937826,0.3517034068136273,-0.29559095182673706,-294.9997699230836,-300.7341092258589,27,0.587056627201249,1.194824323867835,-1.104146997837239,,-17.963243224936683,,0.9915009456253383
1h,range2_ret2_vz2.5_cl0.8_cs0.2_body0.65,model_a,base,next_close,2.0,2.0,2.5,0.8,0.2,0.65,True,1.0,1.5,6,4.0,5.0,771,782.515456755818,0.35149156939040205,-0.2966571500550744,-228.7226626924624,-235.31522288280632,23,0.5830916516857506,1.1804188585381767,-1.0972323467126166,,-28.072886445566233,,3.520853495807094
1h,range2.5_ret2.5_vz2_cl0.8_cs0.2_body0.5,model_a,base,next_close,2.5,2.5,2.0,0.8,0.2,0.5,True,1.0,1.5,6,4.0,5.0,721,731.7686696769712,0.3550624133148405,-0.2998235759565229,-216.172798264653,-219.15070073148354,24,0.5886891289809835,1.2085841847983574,-1.1302588162860914,,-21.368493693546586,,2.062206887966358
1h,range2_ret2_vz2.5_cl0.8_cs0.2_body0.5,model_a,base,next_close,2.0,2.0,2.5,0.8,0.2,0.5,True,1.0,1.5,6,4.0,5.0,840,852.5460229246266,0.35,-0.30007380735618017,-252.06199817919136,-260.92851991221636,23,0.5804600605478032,1.1862031580470898,-1.1003767887271716,,-14.685906823253816,,4.297658774977637
1h,range2.5_ret2.5_vz1.5_cl0.8_cs0.2_body0.65,model_a,base,next_open,2.5,2.5,1.5,0.8,0.2,0.65,True,1.0,1.5,6,4.0,5.0,731,742.4337851929093,0.42954856361149113,-0.11041621601835654,-80.71425390941863,-87.75984344566008,23,0.8319758222029872,1.272798090977978,-1.1519732721259082,,1.0102619760458524,,18.703070712191913
1h,range2.5_ret2.5_vz1.5_cl0.7_cs0.3_body0.65,model_a,base,next_open,2.5,2.5,1.5,0.7,0.3,0.65,True,1.0,1.5,6,4.0,5.0,914,928.29614181439,0.42669584245076586,-0.11673816743310861,-106.69868503386127,-118.13860417504767,31,0.8232226840377724,1.2740464247388472,-1.1518641043549842,,-9.018527547508356,,25.96574141224778
1h,range3_ret3_vz2.5_cl0.8_cs0.2_body0.65,model_a,base,next_open,3.0,3.0,2.5,0.8,0.2,0.65,True,1.0,1.5,6,4.0,5.0,424,433.2421028091852,0.4339622641509434,-0.11735585756664277,-49.75888360825653,-63.4546613323878,17,0.8220383653210213,1.2491612556327802,-1.1650189776862006,,3.6054101033199606,,9.179484293641933
1h,range1.5_ret1.5_vz2.5_cl0.8_cs0.2_body0.65,model_a,base,next_open,1.5,1.5,2.5,0.8,0.2,0.65,True,1.0,1.5,6,4.0,5.0,935,949.6246089676747,0.4203208556149733,-0.12286589473717936,-114.8796115792627,-137.4230993425605,29,0.8101325349674393,1.247256942171729,-1.1163313465917937,,-19.035755265815624,,20.098131993047406
1h,range3_ret3_vz2_cl0.8_cs0.2_body0.65,model_a,base,next_open,3.0,3.0,2.0,0.8,0.2,0.65,True,1.0,1.5,6,4.0,5.0,463,473.092201888332,0.4298056155507559,-0.12735165172982002,-58.96381475090667,-65.7719871178665,17,0.8088011801941848,1.2533981973330066,-1.168144151591572,,1.6692709090056654,,6.9471157205103635
1h,range2_ret2_vz2.5_cl0.8_cs0.2_body0.65,model_a,base,next_open,2.0,2.0,2.5,0.8,0.2,0.65,True,1.0,1.5,6,4.0,5.0,790,802.3566214807091,0.42278481012658226,-0.12760148446880398,-100.80517273035515,-123.50172988278591,26,0.8042063930785484,1.2396679278849996,-1.129066361061283,,3.677018064867408,,20.31789822434676
1h,range2.5_ret2.5_vz2_cl0.8_cs0.2_body0.65,model_a,base,next_open,2.5,2.5,2.0,0.8,0.2,0.65,True,1.0,1.5,6,4.0,5.0,674,684.5422314911366,0.42136498516320475,-0.13048741804871256,-87.94851976483227,-98.14776528419944,22,0.803992656180307,1.2702521327627818,-1.1505131422293906,,-1.4802030238934365,,18.452060295557537
1h,range3_ret3_vz1.5_cl0.8_cs0.2_body0.65,model_a,base,next_open,3.0,3.0,1.5,0.8,0.2,0.65,True,1.0,1.5,6,4.0,5.0,485,495.51398601398597,0.4268041237113402,-0.13393206427904822,-64.95705117533839,-71.94334317195204,18,0.8001253272567088,1.256192534016546,-1.1690248407077821,,-7.615800220174456,,6.633798033190883
1h,range2.5_ret2.5_vz2.5_cl0.8_cs0.2_body0.65,model_a,base,next_open,2.5,2.5,2.5,0.8,0.2,0.65,True,1.0,1.5,6,4.0,5.0,607,616.4942648592283,0.4200988467874794,-0.13535194847143298,-82.15863272215982,-95.96050691819403,22,0.7966836892772592,1.2624864567208305,-1.1479905658692375,,-0.27529300640607757,,18.62074193711887
1h,range2_ret2_vz2_cl0.8_cs0.2_body0.65,model_a,base,next_open,2.0,2.0,2.0,0.8,0.2,0.65,True,1.0,1.5,6,4.0,5.0,926,940.4838373305527,0.4190064794816415,-0.13550451245566272,-125.47717853394369,-141.68414025673766,27,0.793715721446252,1.24431939692609,-1.1306191534224286,,-0.7902527454491366,,20.678706582100308
1h,range2.5_ret2.5_vz2_cl0.7_cs0.3_body0.65,model_a,base,next_open,2.5,2.5,2.0,0.7,0.3,0.65,True,1.0,1.5,6,4.0,5.0,849,862.2794577685089,0.41813898704358066,-0.13724736658481723,-116.52301423050983,-130.0215632835983,29,0.7948584548144562,1.2718020864646944,-1.1498233905374016,,-16.74461041082107,,22.920627254414367
1h,range2_ret2_vz1.5_cl0.8_cs0.2_body0.65,model_a,base,next_open,2.0,2.0,1.5,0.8,0.2,0.65,True,1.0,1.5,6,4.0,5.0,1092,1109.080291970803,0.4184981684981685,-0.13727893278246392,-149.9085945984506,-167.55193766474798,29,0.7911691596109728,1.2427536466084175,-1.1304677340133815,,-31.869566940831373,,24.226163347543068
1h,range2.5_ret2.5_vz1.5_cl0.8_cs0.2_body0.5,model_a,base,next_open,2.5,2.5,1.5,0.8,0.2,0.5,True,1.0,1.5,6,4.0,5.0,799,811.497393117831,0.41802252816020025,-0.13781482778762352,-110.1140474023112,-117.36440791765295,24,0.7946412266155256,1.2757162585090525,-1.1531253284824403,,0.3849623774089683,,17.747146330034493
1h,range1.5_ret1.5_vz2_cl0.8_cs0.2_body0.65,model_a,base,next_open,1.5,1.5,2.0,0.8,0.2,0.65,True,1.0,1.5,6,4.0,5.0,1145,1162.9092805005214,0.41135371179039304,-0.13840973746658955,-158.47914939924505,-179.79631415251689,25,0.7885171830726898,1.2545480497959194,-1.1118268261915771,,-27.781952588801378,,15.058814966557652
1h,range1.5_ret1.5_vz2.5_cl0.7_cs0.3_body0.65,model_a,base,next_open,1.5,1.5,2.5,0.7,0.3,0.65,True,1.0,1.5,6,4.0,5.0,1181,1191.6029005524863,0.41320914479254867,-0.1393547240079795,-164.5779290534238,-195.48666377848937,27,0.7872901592225365,1.2482426331064946,-1.1164795584551128,,-25.357345069685028,,20.29642705128036
1h,range2.5_ret2.5_vz2.5_cl0.7_cs0.3_body0.65,model_a,base,next_open,2.5,2.5,2.5,0.7,0.3,0.65,True,1.0,1.5,6,4.0,5.0,762,773.9186652763295,0.4146981627296588,-0.14586997034781293,-111.15291740503346,-128.2495312486616,20,0.7824577247710157,1.2651761588981094,-1.1456246269435786,,-5.028407845909565,,24.42146889305496
1h,range2.5_ret2.5_vz1.5_cl0.7_cs0.3_body0.5,model_a,base,next_open,2.5,2.5,1.5,0.7,0.3,0.5,True,1.0,1.5,6,4.0,5.0,1042,1058.298227320125,0.4145873320537428,-0.14592833619794443,-152.0573263182581,-162.64642875980746,35,0.7839947570650724,1.2775340048321777,-1.1540196990258342,,-16.68600245352517,,24.342103076712657
1h,range3_ret3_vz2_cl0.7_cs0.3_body0.65,model_a,base,next_open,3.0,3.0,2.0,0.7,0.3,0.65,True,1.0,1.5,6,4.0,5.0,584,595.9655413271246,0.4195205479452055,-0.14608451341244713,-85.31335583286912,-98.52314553271908,21,0.7841358519391598,1.2649161390558394,-1.165834247497197,,2.109845348266595,,13.240854907600008
1h,range3_ret3_vz1.5_cl0.7_cs0.3_body0.65,model_a,base,next_open,3.0,3.0,1.5,0.7,0.3,0.65,True,1.0,1.5,6,4.0,5.0,609,621.4777648428405,0.4187192118226601,-0.1478280881321245,-90.02730567246383,-102.10300081755437,23,0.7821708491530052,1.2677093690976762,-1.1674949005434216,,3.4531744782190845,,16.128893192410892
1h,range2_ret2_vz1.5_cl0.7_cs0.3_body0.65,model_a,base,next_open,2.0,2.0,1.5,0.7,0.3,0.65,True,1.0,1.5,6,4.0,5.0,1367,1379.2727900552486,0.4133138258961229,-0.14872637730703414,-203.30895777871567,-229.73238777838773,22,0.7756004861827508,1.2437246079317914,-1.1296924703992242,,-19.985987975382294,,28.78517816957583
1h,range3_ret3_vz2.5_cl0.7_cs0.3_body0.65,model_a,base,next_open,3.0,3.0,2.5,0.7,0.3,0.65,True,1.0,1.5,6,4.0,5.0,536,546.9820721769499,0.417910447761194,-0.1488236058274548,-79.76945272351577,-97.26395555501993,18,0.7798505994681556,1.261486180671018,-1.1613537089545636,,4.301649874303801,,13.342235793196181
1h,range2_ret2_vz2_cl0.7_cs0.3_body0.65,model_a,base,next_open,2.0,2.0,2.0,0.7,0.3,0.65,True,1.0,1.5,6,4.0,5.0,1172,1182.5220994475137,0.4112627986348123,-0.15101663607558283,-176.99149748058306,-201.29679147532164,22,0.7729806818135663,1.2502912468104015,-1.1299012731060822,,-22.676074094954707,,21.088508407844174
1h,range2_ret2_vz2.5_cl0.7_cs0.3_body0.65,model_a,base,next_open,2.0,2.0,2.5,0.7,0.3,0.65,True,1.0,1.5,6,4.0,5.0,988,996.8701657458564,0.41194331983805665,-0.15102536863746757,-149.21306421381797,-177.22352998974577,23,0.772722466319348,1.2464632285945685,-1.129988981500529,,-5.697826712780135,,21.80259929358375
1h,range1.5_ret1.5_vz1.5_cl0.8_cs0.2_body0.65,model_a,base,next_open,1.5,1.5,1.5,0.8,0.2,0.65,True,1.0,1.5,6,4.0,5.0,1448,1470.648592283629,0.4053867403314917,-0.15342318310873332,-222.15676914144586,-242.5745239475104,21,0.7668955690615065,1.2451083603445643,-1.1068935849752672,,-13.477852157830712,,19.291861724788536
1h,range1.5_ret1.5_vz2_cl0.7_cs0.3_body0.65,model_a,base,next_open,1.5,1.5,2.0,0.7,0.3,0.65,True,1.0,1.5,6,4.0,5.0,1465,1478.1526243093922,0.40477815699658704,-0.15380242430357266,-225.32055160473396,-251.83477704461254,18,0.7674586073743376,1.2540094366075687,-1.1111790682488787,,-14.949889983497311,,10.078335407081255
1h,range3_ret3_vz2.5_cl0.8_cs0.2_body0.5,model_a,base,next_open,3.0,3.0,2.5,0.8,0.2,0.5,True,1.0,1.5,6,4.0,5.0,452,461.852430353188,0.41814159292035397,-0.1566594960528635,-70.8100922158943,-84.58769609055621,17,0.7692774924283824,1.2491840163433856,-1.1669424764440843,,2.286955523299322,,5.516437032904329
1h,range2_ret2_vz2.5_cl0.8_cs0.2_body0.5,model_a,base,next_open,2.0,2.0,2.5,0.8,0.2,0.5,True,1.0,1.5,6,4.0,5.0,860,873.451511991658,0.40930232558139534,-0.15979317942615784,-137.42213430649574,-155.34764253191767,27,0.7611572222434572,1.2441601443037444,-1.132611230514594,,0.5936473703147891,,17.25513464138395
1h,range1.5_ret1.5_vz1.5_cl0.7_cs0.3_body0.65,model_a,base,next_open,1.5,1.5,1.5,0.7,0.3,0.65,True,1.0,1.5,6,4.0,5.0,1824,1840.375690607735,0.4029605263157895,-0.16088333322569098,-293.45119980366036,-323.1549458693345,22,0.756640833543755,1.2413396180030483,-1.107287253476493,,-23.961111912340815,,19.32166644643197
1h,range2_ret2_vz1.5_cl0.8_cs0.2_body0.5,model_a,base,next_open,2.0,2.0,1.5,0.8,0.2,0.5,True,1.0,1.5,6,4.0,5.0,1219,1238.0667361835247,0.40689089417555374,-0.16134794109084963,-196.6831401897457,-213.4383828145215,31,0.7594080180633488,1.2516401486208144,-1.130700766121258,,-20.570536686691703,,21.2607522281592
1h,range3_ret3_vz2.5_cl0.7_cs0.3_body0.5,model_a,base,next_open,3.0,3.0,2.5,0.7,0.3,0.5,True,1.0,1.5,6,4.0,5.0,584,595.9655413271246,0.4126712328767123,-0.16175851063665536,-94.46697021180674,-114.62995023755767,18,0.7633883028549147,1.2646554926968625,-1.16399109023834,,2.0956508066443837,,14.983449563553155
1h,range3_ret3_vz2_cl0.7_cs0.3_body0.5,model_a,base,next_open,3.0,3.0,2.0,0.7,0.3,0.5,True,1.0,1.5,6,4.0,5.0,637,650.0514551804424,0.41287284144427,-0.16256323569529368,-103.55278113790207,-119.4310480319988,23,0.7630612296927103,1.2680292648488758,-1.1685681224415947,,0.5705699161502712,,13.803328235196501
1h,range1.5_ret1.5_vz2.5_cl0.8_cs0.2_body0.5,model_a,base,next_open,1.5,1.5,2.5,0.8,0.2,0.5,True,1.0,1.5,6,4.0,5.0,1035,1051.1887382690302,0.4028985507246377,-0.16322645534534513,-168.9393812824322,-190.72571527726254,31,0.7556160474705076,1.252631510833345,-1.118586927669801,,-18.795685211441455,,13.914859133208196
1h,range3_ret3_vz1.5_cl0.7_cs0.3_body0.5,model_a,base,next_open,3.0,3.0,1.5,0.7,0.3,0.5,True,1.0,1.5,6,4.0,5.0,666,679.6456344586729,0.4114114114114114,-0.16618515477692541,-110.67931308143233,-125.42348542076965,25,0.7588262782157938,1.270949424874932,-1.170712896676438,,-18.857554475131977,,16.691366520007385
1h,range2.5_ret2.5_vz2_cl0.8_cs0.2_body0.5,model_a,base,next_open,2.5,2.5,2.0,0.8,0.2,0.5,True,1.0,1.5,6,4.0,5.0,728,739.3868613138686,0.4065934065934066,-0.166212887851976,-121.00298235623853,-130.18802555937432,23,0.7567291352423289,1.271612299144011,-1.1513894048677449,,-4.570265210375485,,18.659412950365923
1h,range3_ret3_vz2_cl0.8_cs0.2_body0.5,model_a,base,next_open,3.0,3.0,2.0,0.8,0.2,0.5,True,1.0,1.5,6,4.0,5.0,495,505.78971908147804,0.41414141414141414,-0.16662260754045646,-82.47819073252595,-89.36818925001641,17,0.7570832279646788,1.2539245006764606,-1.170802459900691,,1.9176485872399693,,6.747216144387419
1h,range2.5_ret2.5_vz2_cl0.7_cs0.3_body0.5,model_a,base,next_open,2.5,2.5,2.0,0.7,0.3,0.5,True,1.0,1.5,6,4.0,5.0,956,970.9530761209594,0.40585774058577406,-0.16699708870190408,-159.6492167990203,-172.29694915247183,33,0.7558634175080209,1.273929904956359,-1.1512922885952246,,-12.485188918014634,,22.38059192055322
1h,range2.5_ret2.5_vz2.5_cl0.7_cs0.3_body0.5,model_a,base,next_open,2.5,2.5,2.5,0.7,0.3,0.5,True,1.0,1.5,6,4.0,5.0,853,866.3420229405631,0.4056271981242673,-0.16884124338785192,-144.02158060983768,-160.39591506169785,24,0.7527537422097026,1.267286096785156,-1.1489202566025674,,-9.021760045363195,,26.062682663411934
1h,range2.5_ret2.5_vz2.5_cl0.8_cs0.2_body0.5,model_a,base,next_open,2.5,2.5,2.5,0.8,0.2,0.5,True,1.0,1.5,6,4.0,5.0,652,662.1981230448384,0.40644171779141103,-0.16944105055163666,-110.4755649596671,-122.02409639895475,23,0.7519336623938204,1.2636652709212008,-1.1507670846351041,,-2.258996967863399,,18.828094591927254
1h,range3_ret3_vz1.5_cl0.8_cs0.2_body0.5,model_a,base,next_open,3.0,3.0,1.5,0.8,0.2,0.5,True,1.0,1.5,6,4.0,5.0,517,528.2076923076922,0.4119922630560928,-0.17112461732486975,-88.47142715695766,-95.53954530410188,18,0.7515765623387968,1.2566203563888787,-1.1714854048282528,,-1.6287225773160228,,6.841150687999267
1h,range2_ret2_vz2_cl0.8_cs0.2_body0.5,model_a,base,next_open,2.0,2.0,2.0,0.8,0.2,0.5,True,1.0,1.5,6,4.0,5.0,1017,1032.9071949947863,0.40216322517207476,-0.17371415647324137,-176.66729713328647,-191.72320656795472,28,0.7432278544463746,1.2502789643745347,-1.1316305815172223,,-6.11518092687732,,18.92362625641365
1h,range1.5_ret1.5_vz2.5_cl0.7_cs0.3_body0.5,model_a,base,next_open,1.5,1.5,2.5,0.7,0.3,0.5,True,1.0,1.5,6,4.0,5.0,1361,1373.2189226519338,0.39897134459955913,-0.17713925478219855,-241.08652575857224,-263.7905288873399,29,0.7370211982191442,1.2443207571556245,-1.1207245683301665,,-36.30928928914854,,13.232814219636975
1h,range2_ret2_vz2.5_cl0.7_cs0.3_body0.5,model_a,base,next_open,2.0,2.0,2.5,0.7,0.3,0.5,True,1.0,1.5,6,4.0,5.0,1128,1138.1270718232045,0.4015957446808511,-0.1790490306430618,-201.96730656537372,-223.21987251928795,25,0.7364330764038478,1.2457338071400748,-1.1352366239997445,,-8.238933991648663,,19.10387340230061
1h,range2_ret2_vz1.5_cl0.7_cs0.3_body0.5,model_a,base,next_open,2.0,2.0,1.5,0.7,0.3,0.5,True,1.0,1.5,6,4.0,5.0,1604,1618.400552486188,0.4002493765586035,-0.18098764939016604,-290.3041896218263,-309.0734657495623,23,0.732984320701591,1.2412984014202566,-1.1301639951493045,,-30.498095539258514,,21.699604671415873
1h,range1.5_ret1.5_vz2_cl0.8_cs0.2_body0.5,model_a,base,next_open,1.5,1.5,2.0,0.8,0.2,0.5,True,1.0,1.5,6,4.0,5.0,1277,1296.9739311783107,0.3923257635082224,-0.18122350346548416,-231.42241392542326,-254.90930785780955,28,0.7322076969539216,1.2630015777078374,-1.1136420159240332,,-31.370400751320307,,13.206298301020645
1h,range1.5_ret1.5_vz1.5_cl0.8_cs0.2_body0.5,model_a,base,next_open,1.5,1.5,1.5,0.8,0.2,0.5,True,1.0,1.5,6,4.0,5.0,1643,1668.6986444212723,0.3907486305538649,-0.18418020619464792,-302.60807877780655,-322.7021639200845,22,0.7270306899084844,1.255406613167082,-1.1074716527782948,,-10.092153317599287,,18.53739431528072
1h,range2_ret2_vz2_cl0.7_cs0.3_body0.5,model_a,base,next_open,2.0,2.0,2.0,0.7,0.3,0.5,True,1.0,1.5,6,4.0,5.0,1357,1369.1830110497237,0.3949889462048637,-0.19077569378574918,-258.88261646726164,-276.94410578876824,24,0.7213240015065481,1.2501695506675043,-1.1315146109927452,,-18.341127976496367,,15.169996419885528
1h,range1.5_ret1.5_vz1.5_cl0.7_cs0.3_body0.5,model_a,base,next_open,1.5,1.5,1.5,0.7,0.3,0.5,True,1.0,1.5,6,4.0,5.0,2172,2191.5,0.3867403314917127,-0.19896468285881136,-432.15129116933826,-455.4356575770689,26,0.7068815872582987,1.240680904430482,-1.106849287455663,,-48.32611733109301,,12.134148405397553
1h,range1.5_ret1.5_vz2_cl0.7_cs0.3_body0.5,model_a,base,next_open,1.5,1.5,2.0,0.7,0.3,0.5,True,1.0,1.5,6,4.0,5.0,1714,1729.3881215469614,0.3862310385064177,-0.20000476731292957,-342.8081711743613,-368.8868975554307,20,0.7072493968133209,1.2510306874193016,-1.1131088272299798,,-50.06774154566952,,3.9293875063581187
1h,range1.5_ret1.5_vz1.5_cl0.7_cs0.3_body0.65,model_a,stress,next_close,1.5,1.5,1.5,0.7,0.3,0.65,True,1.0,1.5,6,8.0,10.0,1745,1771.0628690517542,0.34326647564469914,-0.4491901777956147,-783.8368602533477,-796.2002699511464,23,0.44878512640032026,1.0654090646110215,-1.240852434516012,,-60.30477954359077,,-25.94740721901418
1h,range1.5_ret1.5_vz1.5_cl0.8_cs0.2_body0.65,model_a,stress,next_close,1.5,1.5,1.5,0.8,0.2,0.65,True,1.0,1.5,6,8.0,10.0,1409,1430.0444598819035,0.340667139815472,-0.45028966367976275,-634.4581361247857,-647.6844284338655,31,0.44835458924918836,1.0742944783696793,-1.2380188221121977,,-46.237618025490015,,-33.69467618290761
1h,range1.5_ret1.5_vz1.5_cl0.7_cs0.3_body0.5,model_a,stress,next_close,1.5,1.5,1.5,0.7,0.3,0.5,True,1.0,1.5,6,8.0,10.0,2050,2080.6182702327196,0.3404878048780488,-0.4593441388985601,-941.6554847420482,-955.2671967197685,21,0.4404339415924421,1.0618569994406097,-1.2446979810292853,,-78.8987243474483,,-131.67361717382968
1h,range1.5_ret1.5_vz1.5_cl0.8_cs0.2_body0.5,model_a,stress,next_close,1.5,1.5,1.5,0.8,0.2,0.5,True,1.0,1.5,6,8.0,10.0,1588,1611.7179576241751,0.33879093198992444,-0.4610538267356184,-732.153476856162,-743.9596289317989,31,0.4414515373087018,1.0755782863316623,-1.248394852288187,,-57.45292996147298,,-31.163981639130697
1h,range1.5_ret1.5_vz2_cl0.7_cs0.3_body0.65,model_a,stress,next_close,1.5,1.5,2.0,0.7,0.3,0.65,True,1.0,1.5,6,8.0,10.0,1412,1433.0892671066342,0.33640226628895187,-0.4726567401356849,-667.3913170715871,-675.7494398132038,23,0.4310953504568718,1.0646841729088772,-1.2519917814336219,,-46.63515547939125,,-41.956923045004274
1h,range1.5_ret1.5_vz2_cl0.8_cs0.2_body0.65,model_a,stress,next_close,1.5,1.5,2.0,0.8,0.2,0.65,True,1.0,1.5,6,8.0,10.0,1118,1134.698159083015,0.33184257602862255,-0.4835886216675596,-540.6520790243317,-546.5588384533589,26,0.4223343298806242,1.0654272341500575,-1.2529124268996024,,-41.95628337513978,,-32.11614313474855
1h,range1.5_ret1.5_vz2_cl0.7_cs0.3_body0.5,model_a,stress,next_close,1.5,1.5,2.0,0.7,0.3,0.5,True,1.0,1.5,6,8.0,10.0,1643,1667.5394234109067,0.33110164333536213,-0.4876562755710183,-801.2192607631831,-810.0860686329601,25,0.41828521715633493,1.059046177310262,-1.2532669528844091,,-69.75901669161073,,-58.18383117230676
1h,range2_ret2_vz1.5_cl0.8_cs0.2_body0.65,model_a,stress,next_close,2.0,2.0,1.5,0.8,0.2,0.65,True,1.0,1.5,6,8.0,10.0,1065,1080.9065647794373,0.3333333333333333,-0.48968800056263184,-521.5177205992029,-530.8041976026262,33,0.41963944521304625,1.0622313966135595,-1.2656476991507275,,-38.23523987084986,,-1.5725961461349431
1h,range1.5_ret1.5_vz2_cl0.8_cs0.2_body0.5,model_a,stress,next_close,1.5,1.5,2.0,0.8,0.2,0.5,True,1.0,1.5,6,8.0,10.0,1246,1264.609934004863,0.32825040128410915,-0.4949217742583533,-616.6725307259082,-623.9609990708045,27,0.4144523989653014,1.0671949150361288,-1.2582500011656927,,-65.45325873494177,,-83.1362586583217
1h,range2_ret2_vz1.5_cl0.7_cs0.3_body0.5,model_a,stress,next_close,2.0,2.0,1.5,0.7,0.3,0.5,True,1.0,1.5,6,8.0,10.0,1537,1559.9562348037514,0.33311646063760575,-0.4952418209717913,-761.1866788336432,-770.8279310347937,21,0.4179049672367441,1.067345094062627,-1.2757730409694714,,-83.42775836636474,,-89.79044170760142
1h,range2_ret2_vz1.5_cl0.8_cs0.2_body0.5,model_a,stress,next_close,2.0,2.0,1.5,0.8,0.2,0.5,True,1.0,1.5,6,8.0,10.0,1188,1205.7436609934005,0.3324915824915825,-0.4956881042884963,-588.8774678947336,-597.2192891243315,33,0.41652713206335906,1.0642666959996516,-1.2727147702580024,,-36.727310933864224,,-74.61051107133565
1h,range2_ret2_vz1.5_cl0.7_cs0.3_body0.65,model_a,stress,next_close,2.0,2.0,1.5,0.7,0.3,0.65,True,1.0,1.5,6,8.0,10.0,1319,1338.7002431399792,0.332827899924185,-0.4962000300083862,-654.4878395810614,-664.1290917822121,23,0.4160930887897888,1.0623899364650848,-1.2737238882832198,,-52.48476706380435,,-57.19151073692581
1h,range2.5_ret2.5_vz1.5_cl0.7_cs0.3_body0.5,model_a,stress,next_close,2.5,2.5,1.5,0.7,0.3,0.5,True,1.0,1.5,6,8.0,10.0,1021,1036.2493921500522,0.3418217433888345,-0.4985869338334148,-509.0572594439165,-516.4498117568739,25,0.42373280487874787,1.0725298760357649,-1.3145389675303547,,-34.57770617500966,,-96.2375574563907
1h,range2.5_ret2.5_vz1.5_cl0.7_cs0.3_body0.65,model_a,stress,next_close,2.5,2.5,1.5,0.7,0.3,0.65,True,1.0,1.5,6,8.0,10.0,900,913.4421674192429,0.3388888888888889,-0.49883279626660487,-448.94951663994436,-456.34206895290174,26,0.4214817691307381,1.0724064411850767,-1.3042579515989794,,-35.04879010765438,,-36.97660768515122
1h,range2_ret2_vz2_cl0.7_cs0.3_body0.65,model_a,stress,next_close,2.0,2.0,2.0,0.7,0.3,0.65,True,1.0,1.5,6,8.0,10.0,1139,1156.0118096561307,0.33274802458296754,-0.5013872345653021,-571.0800601698791,-577.2297363065402,31,0.41218765640708027,1.0566084194531689,-1.2783350672929343,,-128.87530680443967,,-34.28312546290312
1h,range2.5_ret2.5_vz2.5_cl0.7_cs0.3_body0.65,model_a,stress,next_close,2.5,2.5,2.5,0.7,0.3,0.65,True,1.0,1.5,6,8.0,10.0,750,761.2018061827024,0.336,-0.5056758880447885,-379.2569160335914,-381.56286057477905,24,0.4119904495945377,1.054473663376366,-1.295149155028987,,-24.733852371240886,,-1.5725961461349431
1h,range2_ret2_vz2_cl0.7_cs0.3_body0.5,model_a,stress,next_close,2.0,2.0,2.0,0.7,0.3,0.5,True,1.0,1.5,6,8.0,10.0,1314,1333.6255644320945,0.3310502283105023,-0.5066895917079182,-665.7901235042044,-671.9397996408661,32,0.4092647701763265,1.0603752479884767,-1.2821994953119362,,-113.97321728260731,,-51.41256864852687
1h,range2.5_ret2.5_vz2_cl0.7_cs0.3_body0.65,model_a,stress,next_close,2.5,2.5,2.0,0.7,0.3,0.65,True,1.0,1.5,6,8.0,10.0,838,850.5161514414727,0.3353221957040573,-0.5067580607429361,-424.66325490258043,-428.300222750371,25,0.41430687589275855,1.069031198170677,-1.3017253529417245,,-45.535009284485014,,-61.33429438664013
1h,range2_ret2_vz2_cl0.8_cs0.2_body0.65,model_a,stress,next_close,2.0,2.0,2.0,0.8,0.2,0.65,True,1.0,1.5,6,8.0,10.0,908,921.5616533518584,0.32929515418502203,-0.5077782679003484,-461.06266725351634,-465.91291241862507,29,0.4043314392153377,1.0466985027343865,-1.270977864648765,,-38.755928785447516,,-25.780369093019026
1h,range2.5_ret2.5_vz2_cl0.7_cs0.3_body0.5,model_a,stress,next_close,2.5,2.5,2.0,0.7,0.3,0.5,True,1.0,1.5,6,8.0,10.0,940,954.0395970823203,0.3372340425531915,-0.5086351706429494,-478.11706040437247,-481.754028252163,26,0.4152587789250719,1.0711001761224013,-1.3124491432346288,,-45.36377854036896,,-37.01681880780564
1h,range2.5_ret2.5_vz1.5_cl0.8_cs0.2_body0.65,model_a,stress,next_close,2.5,2.5,1.5,0.8,0.2,0.65,True,1.0,1.5,6,8.0,10.0,723,733.7985411601251,0.3333333333333333,-0.5091860967861862,-368.1415479764126,-374.2346693178171,24,0.4120373774611033,1.0704951092986668,-1.2990266998286124,,-37.514184448156236,,-36.94902073641152
1h,range3_ret3_vz1.5_cl0.7_cs0.3_body0.65,model_a,stress,next_close,3.0,3.0,1.5,0.7,0.3,0.65,True,1.0,1.5,6,8.0,10.0,606,618.4162980209546,0.3415841584158416,-0.5113816398360063,-309.89727374061977,-313.483719284009,27,0.415876905309029,1.065878829443398,-1.329659627657652,,-19.877850856906086,,-52.505205488946984
1h,range2.5_ret2.5_vz2.5_cl0.7_cs0.3_body0.5,model_a,stress,next_close,2.5,2.5,2.5,0.7,0.3,0.5,True,1.0,1.5,6,8.0,10.0,837,849.5012156998959,0.3345280764635603,-0.5134157813160795,-429.7290089615585,-432.0349535027464,25,0.40932244806994506,1.0635348784753682,-1.3061378365074716,,-55.155027133997976,,-34.316771131109995
1h,range3_ret3_vz2.5_cl0.7_cs0.3_body0.65,model_a,stress,next_close,3.0,3.0,2.5,0.7,0.3,0.65,True,1.0,1.5,6,8.0,10.0,534,544.9410942956927,0.3389513108614232,-0.5136737613815928,-274.30178857777054,-276.6077331189583,23,0.4109996807785326,1.057489390592485,-1.319284329390964,,-34.72905418947696,,-17.280835171624727
1h,range3_ret3_vz1.5_cl0.7_cs0.3_body0.5,model_a,stress,next_close,3.0,3.0,1.5,0.7,0.3,0.5,True,1.0,1.5,6,8.0,10.0,661,674.5431897555297,0.34190620272314676,-0.5140393612140831,-339.7800177625089,-343.366463305898,27,0.41630633708196013,1.0723027978332853,-1.338207931201911,,-83.77924819250595,,0.7862532452228013
1h,range1.5_ret1.5_vz2.5_cl0.7_cs0.3_body0.65,model_a,stress,next_close,1.5,1.5,2.5,0.7,0.3,0.65,True,1.0,1.5,6,8.0,10.0,1144,1161.0864883640154,0.31993006993006995,-0.5144712036317869,-588.5550569547642,-594.6434447056761,26,0.3971647120009865,1.059443981552712,-1.254899169926808,,-52.49617555442188,,-76.98133446899887
1h,range1.5_ret1.5_vz2.5_cl0.8_cs0.2_body0.65,model_a,stress,next_close,1.5,1.5,2.5,0.8,0.2,0.65,True,1.0,1.5,6,8.0,10.0,913,926.636332059743,0.3187294633077766,-0.516343532873438,-471.4216455134489,-476.15756908568767,24,0.3947972180583126,1.0567924417937526,-1.2523283698961911,,-66.51471005699338,,-1.5725961461349431
1h,range2_ret2_vz2_cl0.8_cs0.2_body0.5,model_a,stress,next_close,2.0,2.0,2.0,0.8,0.2,0.5,True,1.0,1.5,6,8.0,10.0,998,1012.9058700937826,0.32665330661322645,-0.5165711467689106,-515.5380044753728,-520.3882496404814,29,0.3987591180616618,1.0488302622468222,-1.275977187452138,,-68.25696708730128,,-49.20269785104248
1h,range2_ret2_vz2.5_cl0.7_cs0.3_body0.65,model_a,stress,next_close,2.0,2.0,2.5,0.7,0.3,0.65,True,1.0,1.5,6,8.0,10.0,961,975.353247655436,0.32570239334027057,-0.51712971865723,-496.96165962959805,-501.7803124596565,24,0.398115912816206,1.0502077581796287,-1.2741924196602188,,-47.129913302007324,,-32.66641408949029
1h,range2.5_ret2.5_vz2.5_cl0.8_cs0.2_body0.65,model_a,stress,next_close,2.5,2.5,2.5,0.8,0.2,0.65,True,1.0,1.5,6,8.0,10.0,599,607.9465092045849,0.330550918196995,-0.5175930822689012,-310.03825627907185,-311.04476984870666,21,0.40023638524276617,1.0449284351948465,-1.2891124350315497,,-32.03213227105218,,-50.808212683651654
1h,range2.5_ret2.5_vz1.5_cl0.8_cs0.2_body0.5,model_a,stress,next_close,2.5,2.5,1.5,0.8,0.2,0.5,True,1.0,1.5,6,8.0,10.0,788,799.769364362626,0.3299492385786802,-0.5204186971147069,-410.08993332638903,-416.18305466779367,23,0.40487608487518956,1.0730512938449557,-1.3050819502387832,,-38.22329915198846,,-57.485560205656654
1h,range2.5_ret2.5_vz2_cl0.8_cs0.2_body0.65,model_a,stress,next_close,2.5,2.5,2.0,0.8,0.2,0.65,True,1.0,1.5,6,8.0,10.0,668,677.9770753733935,0.32934131736526945,-0.5206582656142216,-347.7997214303,-350.13725830653766,22,0.4014532161329994,1.0603357126548547,-1.297039237085643,,-34.497968663310864,,-18.63907597268151
1h,range3_ret3_vz2.5_cl0.7_cs0.3_body0.5,model_a,stress,next_close,3.0,3.0,2.5,0.7,0.3,0.5,True,1.0,1.5,6,8.0,10.0,581,592.9040745052387,0.3373493975903614,-0.5210160801740527,-302.7103425811246,-305.01628712231224,24,0.4075593013304313,1.0624710659917267,-1.3271549909493585,,-29.64697071659802,,-16.959040698374995
1h,range1.5_ret1.5_vz2.5_cl0.8_cs0.2_body0.5,model_a,stress,next_close,1.5,1.5,2.5,0.8,0.2,0.5,True,1.0,1.5,6,8.0,10.0,1008,1023.055227509552,0.31746031746031744,-0.5215289891901114,-525.7012211036323,-531.1229586323144,24,0.3924432905059937,1.061155659468956,-1.257661383915259,,-76.94156215708529,,-26.579387185694117
1h,range2_ret2_vz2.5_cl0.7_cs0.3_body0.5,model_a,stress,next_close,2.0,2.0,2.5,0.7,0.3,0.5,True,1.0,1.5,6,8.0,10.0,1094,1110.3397012851685,0.32449725776965266,-0.5219175808760198,-570.9778334783657,-575.7964863084242,25,0.39700937913891743,1.0589637777829406,-1.281339613790676,,-44.11627246223589,,-41.09099976265304
1h,range1.5_ret1.5_vz2.5_cl0.7_cs0.3_body0.5,model_a,stress,next_close,1.5,1.5,2.5,0.7,0.3,0.5,True,1.0,1.5,6,8.0,10.0,1314,1333.6255644320945,0.3181126331811263,-0.5224799248621298,-686.5386212688386,-692.6270090197512,26,0.39177508895359375,1.0579406534728508,-1.2597743464514402,,-102.2451420240351,,-1.5725961461349431
1h,range3_ret3_vz1.5_cl0.8_cs0.2_body0.65,model_a,stress,next_close,3.0,3.0,1.5,0.8,0.2,0.65,True,1.0,1.5,6,8.0,10.0,484,494.4923076923077,0.3367768595041322,-0.52346962760136,-253.35929975905822,-255.6463143308944,25,0.40533632860697066,1.0594814745899737,-1.3272734583091088,,-24.05781915715604,,-24.975197877965012
1h,range2_ret2_vz2.5_cl0.8_cs0.2_body0.65,model_a,stress,next_close,2.0,2.0,2.5,0.8,0.2,0.65,True,1.0,1.5,6,8.0,10.0,771,782.515456755818,0.3203631647211414,-0.5254904101660995,-405.1531062380628,-408.8036619587631,23,0.3883300870713901,1.0413725867179544,-1.264068960224041,,-30.014628513850706,,-36.69894004014161
1h,range3_ret3_vz2_cl0.7_cs0.3_body0.65,model_a,stress,next_close,3.0,3.0,2.0,0.7,0.3,0.65,True,1.0,1.5,6,8.0,10.0,581,592.9040745052387,0.33562822719449226,-0.5256657337841711,-305.41179132860344,-307.7177358697912,23,0.4041875333924429,1.062489182457715,-1.327971973854554,,-26.177100235945662,,-30.172964701061638
1h,range2_ret2_vz2.5_cl0.8_cs0.2_body0.5,model_a,stress,next_close,2.0,2.0,2.5,0.8,0.2,0.5,True,1.0,1.5,6,8.0,10.0,840,852.5460229246266,0.3202380952380952,-0.5284114756480133,-443.86563954433115,-449.29952157007307,23,0.38801691662411053,1.0461898195529329,-1.2702113852960948,,-28.81371643333478,,-1.5725961461349431
1h,range3_ret3_vz2.5_cl0.8_cs0.2_body0.65,model_a,stress,next_close,3.0,3.0,2.5,0.8,0.2,0.65,True,1.0,1.5,6,8.0,10.0,423,432.16993006993005,0.3333333333333333,-0.5293221058381861,-223.90325076955273,-224.90976433918746,22,0.39682838812581794,1.0447277387929166,-1.3163470281537375,,-22.533754087416295,,-14.821953655286102
1h,range3_ret3_vz2_cl0.7_cs0.3_body0.5,model_a,stress,next_close,3.0,3.0,2.0,0.7,0.3,0.5,True,1.0,1.5,6,8.0,10.0,633,645.9694994179279,0.334913112164297,-0.5306332111346644,-335.8908226482426,-338.1967671894301,24,0.4028880652896829,1.0690325477498928,-1.3361656122831826,,-85.27339804894183,,1.0051514314005694
1h,range2.5_ret2.5_vz2.5_cl0.8_cs0.2_body0.5,model_a,stress,next_close,2.5,2.5,2.5,0.8,0.2,0.5,True,1.0,1.5,6,8.0,10.0,643,652.6036818339702,0.3250388802488336,-0.5322750983091303,-342.2528882127708,-343.2594017824055,23,0.39140569221981447,1.053173897883858,-1.295774730116353,,-30.73733949641731,,-24.628632706784735
1h,range3_ret3_vz1.5_cl0.8_cs0.2_body0.5,model_a,stress,next_close,3.0,3.0,1.5,0.8,0.2,0.5,True,1.0,1.5,6,8.0,10.0,515,526.1643356643357,0.3339805825242718,-0.5330791178103766,-274.535745672344,-276.82276024418036,25,0.4001199041247166,1.0646237646850665,-1.3342595720063424,,-21.89121548494773,,-8.913524635055012
1h,range2.5_ret2.5_vz2_cl0.8_cs0.2_body0.5,model_a,stress,next_close,2.5,2.5,2.0,0.8,0.2,0.5,True,1.0,1.5,6,8.0,10.0,721,731.7686696769712,0.3245492371705964,-0.5354263000254057,-386.0423623183175,-388.37989919455526,24,0.39224075405526193,1.064731855212538,-1.3042907935072925,,-27.700355525341106,,-22.141767232552837
1h,range3_ret3_vz2.5_cl0.8_cs0.2_body0.5,model_a,stress,next_close,3.0,3.0,2.5,0.8,0.2,0.5,True,1.0,1.5,6,8.0,10.0,450,459.75524475524475,0.33111111111111113,-0.5370161835865286,-241.65728261393784,-242.66379618357252,22,0.3930113481135251,1.0501180857952903,-1.3226740112871633,,-27.862498852206187,,-21.064049383264905
1h,range3_ret3_vz2_cl0.8_cs0.2_body0.65,model_a,stress,next_close,3.0,3.0,2.0,0.8,0.2,0.65,True,1.0,1.5,6,8.0,10.0,462,472.0153846153846,0.329004329004329,-0.54286152388317,-250.80202403402453,-251.80853760365923,22,0.38976681450512424,1.0538929205431564,-1.3257862837309171,,-67.29297731783417,,-38.51992930008731
1h,range3_ret3_vz2_cl0.8_cs0.2_body0.5,model_a,stress,next_close,3.0,3.0,2.0,0.8,0.2,0.5,True,1.0,1.5,6,8.0,10.0,493,503.68741258741255,0.3265720081135903,-0.5516804664245645,-271.97846994731026,-272.98498351694514,22,0.3854843776187254,1.0596989508709658,-1.333102412763662,,-28.683230404373028,,-19.03298597215775
1h,range2.5_ret2.5_vz1.5_cl0.8_cs0.2_body0.65,model_a,stress,next_open,2.5,2.5,1.5,0.8,0.2,0.65,True,1.0,1.5,6,8.0,10.0,731,742.4337851929093,0.4049247606019152,-0.3419289852325029,-249.95008820495963,-254.62307528627827,23,0.5674114765464869,1.1076044845724646,-1.328278196869906,,-21.94559197378189,,9.479719360274006
1h,range1.5_ret1.5_vz2.5_cl0.8_cs0.2_body0.65,model_a,stress,next_open,1.5,1.5,2.5,0.8,0.2,0.65,True,1.0,1.5,6,8.0,10.0,934,948.6089676746611,0.3886509635974304,-0.3423610146786109,-319.7651877098226,-331.4024444636281,30,0.558666141940259,1.1150893320219462,-1.2689012525985797,,-51.885745625569655,,1.7012297025812697
1h,range2.5_ret2.5_vz1.5_cl0.7_cs0.3_body0.65,model_a,stress,next_open,2.5,2.5,1.5,0.7,0.3,0.65,True,1.0,1.5,6,8.0,10.0,915,929.3117831074036,0.4021857923497268,-0.35249450750705125,-322.5324743689519,-329.85913735797413,32,0.5579300411577967,1.1061508890316483,-1.3338135311382058,,-28.511756262185507,,13.434301921457463
1h,range1.5_ret1.5_vz2.5_cl0.7_cs0.3_body0.65,model_a,stress,next_open,1.5,1.5,2.5,0.7,0.3,0.65,True,1.0,1.5,6,8.0,10.0,1181,1191.6029005524863,0.3852667231160034,-0.3536130583964723,-417.6170219662338,-435.0970835075312,27,0.5475522970045107,1.110769670632461,-1.271373584165294,,-76.28463286239683,,0.8702359229085626
1h,range1.5_ret1.5_vz2_cl0.8_cs0.2_body0.65,model_a,stress,next_open,1.5,1.5,2.0,0.8,0.2,0.65,True,1.0,1.5,6,8.0,10.0,1145,1162.9092805005214,0.37903930131004365,-0.3582543104156808,-410.2011854259545,-419.82605281500486,25,0.5440555894895933,1.127816806493856,-1.2653638248161576,,-43.8091551974707,,-1.5753715662633998
1h,range2_ret2_vz2.5_cl0.8_cs0.2_body0.65,model_a,stress,next_open,2.0,2.0,2.5,0.8,0.2,0.65,True,1.0,1.5,6,8.0,10.0,789,801.3409801876955,0.38783269961977185,-0.3588098691669909,-283.10098677275585,-291.65662231698786,27,0.5438277573833091,1.102941483562026,-1.2848883659269892,,-14.176389010710398,,6.540755188310438
1h,range3_ret3_vz2.5_cl0.8_cs0.2_body0.65,model_a,stress,next_open,3.0,3.0,2.5,0.8,0.2,0.65,True,1.0,1.5,6,8.0,10.0,424,433.2421028091852,0.4080188679245283,-0.3602840816257179,-152.7604506093044,-157.44433738649346,17,0.54831325656793,1.0719048327407807,-1.3474103054719502,,-13.6940548394657,,-3.0277785353922724
1h,range2_ret2_vz2_cl0.8_cs0.2_body0.65,model_a,stress,next_open,2.0,2.0,2.0,0.8,0.2,0.65,True,1.0,1.5,6,8.0,10.0,926,940.4838373305527,0.38444924406047515,-0.36205260124819694,-335.26070875583036,-341.66643512790637,28,0.5418660514053278,1.1138638993759964,-1.2838530823397984,,-27.805083363648492,,3.58575430709225
1h,range2.5_ret2.5_vz2_cl0.8_cs0.2_body0.65,model_a,stress,next_open,2.5,2.5,2.0,0.8,0.2,0.65,True,1.0,1.5,6,8.0,10.0,674,684.5422314911366,0.39465875370919884,-0.36615128745271197,-246.78596774312786,-251.62639015538124,22,0.5441852605145271,1.1076364405470505,-1.3270030905113805,,-26.757117785444287,,7.473672164987574
1h,range1.5_ret1.5_vz1.5_cl0.8_cs0.2_body0.65,model_a,stress,next_open,1.5,1.5,1.5,0.8,0.2,0.65,True,1.0,1.5,6,8.0,10.0,1449,1471.6642335766423,0.3747412008281574,-0.36688030492362694,-531.6095618343354,-543.3959677029604,21,0.5329635735637089,1.117222637537369,-1.2563592207694556,,-90.15700168046001,,-3.3836165291913924
1h,range2_ret2_vz1.5_cl0.8_cs0.2_body0.65,model_a,stress,next_open,2.0,2.0,1.5,0.8,0.2,0.65,True,1.0,1.5,6,8.0,10.0,1094,1111.11157455683,0.3829981718464351,-0.3674424336744254,-401.98202243982144,-408.94760825640554,30,0.5359826589068123,1.108177008562614,-1.283419539300084,,-33.71999722968895,,7.25170959965608
1h,range2.5_ret2.5_vz1.5_cl0.8_cs0.2_body0.5,model_a,stress,next_open,2.5,2.5,1.5,0.8,0.2,0.5,True,1.0,1.5,6,8.0,10.0,799,811.497393117831,0.392991239048811,-0.37034627074990967,-295.9066703291778,-300.46264309922657,24,0.5409957262882067,1.110713913594472,-1.3292182251501896,,-31.20985906097374,,7.567593544641178
1h,range2.5_ret2.5_vz2.5_cl0.8_cs0.2_body0.65,model_a,stress,next_open,2.5,2.5,2.5,0.8,0.2,0.65,True,1.0,1.5,6,8.0,10.0,606,615.4786235662149,0.3927392739273927,-0.37140178553485365,-225.0694820341213,-229.75336881131022,22,0.5376585702034574,1.099723271792157,-1.322835925871344,,-16.28798857070524,,9.987458459278209
1h,range3_ret3_vz2_cl0.8_cs0.2_body0.65,model_a,stress,next_open,3.0,3.0,2.0,0.8,0.2,0.65,True,1.0,1.5,6,8.0,10.0,463,473.092201888332,0.4038876889848812,-0.37185377643297407,-172.168298488467,-175.67806759048543,17,0.5384614649176698,1.074133451671273,-1.3515625143151995,,-17.317084032969266,,-15.28156952370609
1h,range1.5_ret1.5_vz1.5_cl0.7_cs0.3_body0.65,model_a,stress,next_open,1.5,1.5,1.5,0.7,0.3,0.65,True,1.0,1.5,6,8.0,10.0,1824,1840.375690607735,0.375,-0.3719345062614557,-678.4085394208952,-693.9981946479289,22,0.5278600099764941,1.1088764989722646,-1.260421109401688,,-54.87998366283814,,-2.8257172703161673
1h,range1.5_ret1.5_vz2_cl0.7_cs0.3_body0.65,model_a,stress,next_open,1.5,1.5,2.0,0.7,0.3,0.65,True,1.0,1.5,6,8.0,10.0,1467,1480.1705801104972,0.37491479209270623,-0.37341225411883877,-547.7957767923365,-562.1823833285096,20,0.5292911248234822,1.1199489194529455,-1.2691032524443364,,-48.645697190330466,,-52.21347563615372
1h,range2_ret2_vz2.5_cl0.7_cs0.3_body0.65,model_a,stress,next_open,2.0,2.0,2.5,0.7,0.3,0.65,True,1.0,1.5,6,8.0,10.0,988,996.8701657458564,0.3815789473684211,-0.3783177028559919,-373.77789042172003,-387.58296785468707,23,0.5263926113005741,1.1019542745455981,-1.2916770080612283,,-71.6370069563373,,3.9393632406321126
1h,range2.5_ret2.5_vz2_cl0.7_cs0.3_body0.65,model_a,stress,next_open,2.5,2.5,2.0,0.7,0.3,0.65,True,1.0,1.5,6,8.0,10.0,850,863.2950990615225,0.3905882352941176,-0.3794621621996266,-322.5428378696826,-330.727539870583,30,0.5323745606093706,1.1060340173388692,-1.331556238660593,,-25.744874018651558,,8.840070458204108
1h,range2.5_ret2.5_vz2.5_cl0.7_cs0.3_body0.65,model_a,stress,next_open,2.5,2.5,2.5,0.7,0.3,0.65,True,1.0,1.5,6,8.0,10.0,762,773.9186652763295,0.38976377952755903,-0.37948827195821005,-289.17006323215605,-297.5466099273691,21,0.5305994425749776,1.1005760785975462,-1.3248196958615643,,-34.0077837932716,,12.518062200826817
1h,range1.5_ret1.5_vz2.5_cl0.8_cs0.2_body0.5,model_a,stress,next_open,1.5,1.5,2.5,0.8,0.2,0.5,True,1.0,1.5,6,8.0,10.0,1034,1050.1730969760167,0.3733075435203095,-0.37953132836321296,-392.4353935275622,-406.4442771316519,33,0.5237982742963444,1.1182887680875369,-1.2717513240885052,,-55.45325249164342,,2.547396516189039
1h,range3_ret3_vz1.5_cl0.8_cs0.2_body0.65,model_a,stress,next_open,3.0,3.0,1.5,0.8,0.2,0.65,True,1.0,1.5,6,8.0,10.0,485,495.51398601398597,0.4,-0.3807253082326814,-184.65177449285048,-188.15883251496865,18,0.5308019153834805,1.0767825438271095,-1.3523972096058752,,-17.892963465449053,,-6.926630342560675
1h,range2_ret2_vz1.5_cl0.7_cs0.3_body0.65,model_a,stress,next_open,2.0,2.0,1.5,0.7,0.3,0.65,True,1.0,1.5,6,8.0,10.0,1370,1382.2997237569061,0.3802919708029197,-0.3814301027935674,-522.5592408271874,-532.1506701682881,22,0.5232323512934709,1.100742205330471,-1.2909846051877065,,-42.24863628273663,,7.299281461566988
1h,range2_ret2_vz2_cl0.7_cs0.3_body0.65,model_a,stress,next_open,2.0,2.0,2.0,0.7,0.3,0.65,True,1.0,1.5,6,8.0,10.0,1174,1184.5400552486187,0.3781942078364566,-0.38362566839159956,-450.3765346917379,-461.64915229801835,23,0.5225554647962454,1.1102026304391166,-1.2922006885023365,,-40.12665327994618,,-6.054540857314046
1h,range2.5_ret2.5_vz1.5_cl0.7_cs0.3_body0.5,model_a,stress,next_open,2.5,2.5,1.5,0.7,0.3,0.5,True,1.0,1.5,6,8.0,10.0,1043,1059.3138686131388,0.38926174496644295,-0.3843212113285057,-400.84702341563144,-407.510252794489,36,0.529357466152949,1.1104793798947092,-1.3370512584817638,,-34.71115078575976,,10.686863914453717
1h,range3_ret3_vz2.5_cl0.7_cs0.3_body0.65,model_a,stress,next_open,3.0,3.0,2.5,0.7,0.3,0.65,True,1.0,1.5,6,8.0,10.0,536,546.9820721769499,0.39552238805970147,-0.3870808911368798,-207.4753576493676,-214.81292033426013,18,0.5251219272406308,1.0822029102967423,-1.3484641192354225,,-27.936516452855813,,3.641174475304939
1h,range2_ret2_vz2.5_cl0.8_cs0.2_body0.5,model_a,stress,next_open,2.0,2.0,2.5,0.8,0.2,0.5,True,1.0,1.5,6,8.0,10.0,860,873.451511991658,0.3755813953488372,-0.39014987910039745,-335.5288960263418,-345.3663018663283,29,0.5156206644842529,1.1057886111755106,-1.289941559471195,,-17.843050019058943,,2.915152379428787
1h,range2_ret2_vz1.5_cl0.8_cs0.2_body0.5,model_a,stress,next_open,2.0,2.0,1.5,0.8,0.2,0.5,True,1.0,1.5,6,8.0,10.0,1224,1243.1449426485924,0.37336601307189543,-0.39114871578829424,-478.76602812487215,-485.7316139414561,33,0.5156881615245839,1.1154990454759734,-1.2888514887971214,,-40.545381895766496,,2.8206643847030315
1h,range1.5_ret1.5_vz2.5_cl0.7_cs0.3_body0.5,model_a,stress,next_open,1.5,1.5,2.5,0.7,0.3,0.5,True,1.0,1.5,6,8.0,10.0,1360,1372.2099447513813,0.3698529411764706,-0.3933938490779805,-535.0156347460535,-547.0939224309071,30,0.5099173974513354,1.1066977635792496,-1.273844352189517,,-84.05689004714931,,-9.221243378016885
1h,range3_ret3_vz1.5_cl0.7_cs0.3_body0.65,model_a,stress,next_open,3.0,3.0,1.5,0.7,0.3,0.65,True,1.0,1.5,6,8.0,10.0,609,621.4777648428405,0.39408866995073893,-0.394074826394147,-239.9915692740355,-244.93866420489218,23,0.5209295258842147,1.0873373643414845,-1.3575949504498424,,-23.572465331769802,,4.7134250326169616
1h,range3_ret3_vz2_cl0.7_cs0.3_body0.65,model_a,stress,next_open,3.0,3.0,2.0,0.7,0.3,0.65,True,1.0,1.5,6,8.0,10.0,584,595.9655413271246,0.3938356164383562,-0.3947971770487582,-230.5615513964748,-236.7249964061967,21,0.5194634722174156,1.0836465630082344,-1.355367968611211,,-23.30106698702234,,2.437652003905254
1h,range2_ret2_vz2_cl0.8_cs0.2_body0.5,model_a,stress,next_open,2.0,2.0,2.0,0.8,0.2,0.5,True,1.0,1.5,6,8.0,10.0,1019,1034.9384775808135,0.3699705593719333,-0.39729602439696515,-404.8446488605075,-411.1959160413385,30,0.5101349259782066,1.118293072580138,-1.2872914910018998,,-30.659398689064876,,1.075652825799801
1h,range1.5_ret1.5_vz1.5_cl0.8_cs0.2_body0.5,model_a,stress,next_open,1.5,1.5,1.5,0.8,0.2,0.5,True,1.0,1.5,6,8.0,10.0,1646,1671.745568300313,0.3614823815309842,-0.39960156414064424,-657.7441745755004,-670.7915795055027,22,0.5039814050344217,1.123198719775194,-1.2617006782509428,,-54.37648608695418,,-64.78613594310644
1h,range1.5_ret1.5_vz2_cl0.8_cs0.2_body0.5,model_a,stress,next_open,1.5,1.5,2.0,0.8,0.2,0.5,True,1.0,1.5,6,8.0,10.0,1278,1297.9895724713244,0.3615023474178404,-0.3998830217744625,-511.05050182776307,-522.1931051084432,28,0.5057814633407336,1.1320502935722847,-1.2672276194340177,,-42.14748500080961,,-53.43374459365403
1h,range3_ret3_vz2.5_cl0.8_cs0.2_body0.5,model_a,stress,next_open,3.0,3.0,2.5,0.8,0.2,0.5,True,1.0,1.5,6,8.0,10.0,452,461.852430353188,0.3915929203539823,-0.4002445591987245,-180.91054075782347,-185.5944275350125,17,0.5119902868158369,1.0723186543061634,-1.3480397911636888,,-19.063755535770632,,-3.029605827344028
1h,range2.5_ret2.5_vz2_cl0.8_cs0.2_body0.5,model_a,stress,next_open,2.5,2.5,2.0,0.8,0.2,0.5,True,1.0,1.5,6,8.0,10.0,728,739.3868613138686,0.3804945054945055,-0.40049010233488214,-291.5567944997942,-295.705203378902,23,0.5131305208253856,1.1093247291389594,-1.3278043114662659,,-29.60280347339686,,7.38835002685419
1h,range2.5_ret2.5_vz2.5_cl0.8_cs0.2_body0.5,model_a,stress,next_open,2.5,2.5,2.5,0.8,0.2,0.5,True,1.0,1.5,6,8.0,10.0,651,661.1824817518249,0.3794162826420891,-0.40438139488593416,-263.25228807074313,-266.7593460928613,23,0.5081431433925556,1.101089297084941,-1.3248053080463456,,-24.129670214210126,,9.902136321144823
1h,range2.5_ret2.5_vz2.5_cl0.7_cs0.3_body0.5,model_a,stress,next_open,2.5,2.5,2.5,0.7,0.3,0.5,True,1.0,1.5,6,8.0,10.0,853,866.3420229405631,0.3798358733880422,-0.4055059477965411,-345.89657347044954,-352.6737716273657,25,0.5081140847963836,1.1028033995029007,-1.3293097824374092,,-26.016642895063427,,13.800509664414431
1h,range3_ret3_vz2.5_cl0.7_cs0.3_body0.5,model_a,stress,next_open,3.0,3.0,2.5,0.7,0.3,0.5,True,1.0,1.5,6,8.0,10.0,584,595.9655413271246,0.386986301369863,-0.4074080744658475,-237.92631548805494,-245.26387817294759,18,0.5080750879211134,1.0873343908175535,-1.3510164464045307,,-23.42858404523027,,4.923621938892552
1h,range2_ret2_vz2.5_cl0.7_cs0.3_body0.5,model_a,stress,next_open,2.0,2.0,2.5,0.7,0.3,0.5,True,1.0,1.5,6,8.0,10.0,1129,1139.136049723757,0.36935341009743133,-0.4094764220761895,-462.29888052401793,-473.714525702915,26,0.49901098118926285,1.1042532418173738,-1.2960287673621669,,-29.507792259703777,,0.5418338730707422
1h,range2.5_ret2.5_vz2_cl0.7_cs0.3_body0.5,model_a,stress,next_open,2.5,2.5,2.0,0.7,0.3,0.5,True,1.0,1.5,6,8.0,10.0,957,971.968717413973,0.3782654127481714,-0.41002846693168893,-392.3972428536263,-400.4912831414816,34,0.5056458099398795,1.108729415646331,-1.3340458677606692,,-31.94426854222581,,7.760143272953375
1h,range3_ret3_vz2_cl0.8_cs0.2_body0.5,model_a,stress,next_open,3.0,3.0,2.0,0.8,0.2,0.5,True,1.0,1.5,6,8.0,10.0,495,505.78971908147804,0.3878787878787879,-0.411605983329784,-203.74496174824307,-207.25473085026138,17,0.5033338906962018,1.0754179885792634,-1.3538785991929427,,-22.991265817006525,,-25.126616989837967
1h,range1.5_ret1.5_vz1.5_cl0.7_cs0.3_body0.5,model_a,stress,next_open,1.5,1.5,1.5,0.7,0.3,0.5,True,1.0,1.5,6,8.0,10.0,2173,2192.5089779005525,0.35895075931891396,-0.4140019229231726,-899.6261785120541,-916.4635752393356,28,0.4897154401787252,1.1068756952572216,-1.2656060450916633,,-72.58589283923571,,-106.81943840931491
1h,range2_ret2_vz1.5_cl0.7_cs0.3_body0.5,model_a,stress,next_open,2.0,2.0,1.5,0.7,0.3,0.5,True,1.0,1.5,6,8.0,10.0,1610,1624.4544198895028,0.36645962732919257,-0.415560375804271,-669.0522050448764,-678.2797592431974,23,0.493061519886824,1.1029449751030729,-1.2939115101526364,,-61.01830407291624,,-54.02961301232641
1h,range3_ret3_vz2_cl0.7_cs0.3_body0.5,model_a,stress,next_open,3.0,3.0,2.0,0.7,0.3,0.5,True,1.0,1.5,6,8.0,10.0,637,650.0514551804424,0.38461538461538464,-0.41694899480053055,-265.59650968793795,-271.75995469765985,23,0.5011355961022524,1.0890028466547197,-1.3581688957100617,,-26.94618884989083,,2.562672125974073
1h,range3_ret3_vz1.5_cl0.7_cs0.3_body0.5,model_a,stress,next_open,3.0,3.0,1.5,0.7,0.3,0.5,True,1.0,1.5,6,8.0,10.0,666,679.6456344586729,0.3843843843843844,-0.4179452098872804,-278.35150978492874,-283.29860471578553,25,0.5012992757702669,1.092976172610425,-1.361349780422433,,-27.627492671213627,,4.838445154685781
1h,range3_ret3_vz1.5_cl0.8_cs0.2_body0.5,model_a,stress,next_open,3.0,3.0,1.5,0.8,0.2,0.5,True,1.0,1.5,6,8.0,10.0,517,528.2076923076922,0.3849129593810445,-0.41823682350604746,-216.22843775262655,-219.73549577474472,18,0.4980088687670477,1.0779553359153253,-1.354533174842064,,-23.262664161753985,,-22.684586693738506
1h,range1.5_ret1.5_vz2_cl0.7_cs0.3_body0.5,model_a,stress,next_open,1.5,1.5,2.0,0.7,0.3,0.5,True,1.0,1.5,6,8.0,10.0,1716,1731.4060773480662,0.3554778554778555,-0.4216543563182986,-723.5588754422005,-734.8606040534551,21,0.4850230613340868,1.1171684115637344,-1.270372157772223,,-130.1953144232992,,-4.518676719073885
1h,range2_ret2_vz2_cl0.7_cs0.3_body0.5,model_a,stress,next_open,2.0,2.0,2.0,0.7,0.3,0.5,True,1.0,1.5,6,8.0,10.0,1361,1373.2189226519338,0.36223365172667155,-0.4219284031636507,-574.2445567057287,-582.5788587643472,25,0.4884806335785781,1.1123340638620232,-1.293347062430537,,-50.21812408029556,,-64.61232310916049
1h,range1.5_ret1.5_vz1.5_cl0.7_cs0.3_body0.5,model_b,base,next_close,1.5,1.5,1.5,0.7,0.3,0.5,True,1.2,2.0,8,4.0,5.0,1953,1982.169503299757,0.3538146441372248,-0.18987222310659888,-370.8204517271876,-390.6015300228052,22,0.7174699918400638,1.3627769856377543,-1.0400153318564784,,-81.83816044379523,,24.607537850605457
1h,range1.5_ret1.5_vz1.5_cl0.7_cs0.3_body0.65,model_b,base,next_close,1.5,1.5,1.5,0.7,0.3,0.65,True,1.2,2.0,8,4.0,5.0,1684,1709.151788815561,0.3509501187648456,-0.19730522919528906,-332.2620059648668,-361.0021324279206,22,0.7048908711706031,1.3428652760901503,-1.0300964173230975,,-33.515118986965966,,9.489060004638125
1h,range1.5_ret1.5_vz1.5_cl0.8_cs0.2_body0.65,model_b,base,next_close,1.5,1.5,1.5,0.8,0.2,0.65,True,1.2,2.0,8,4.0,5.0,1371,1391.4769017019798,0.34719183078045224,-0.20307547770431492,-278.41647993261574,-300.84702501637105,22,0.6955164329213608,1.3360771058675922,-1.0216638908665807,,1.390307810204273,,-1.5890359727631695
1h,range1.5_ret1.5_vz2_cl0.7_cs0.3_body0.65,model_b,base,next_close,1.5,1.5,2.0,0.7,0.3,0.65,True,1.2,2.0,8,4.0,5.0,1377,1397.5665161514414,0.3427741466957153,-0.2107028576071937,-290.1378349251057,-305.29014855856536,20,0.689171951134874,1.3629180984078049,-1.031420085495679,,-35.04972606537666,,4.7447293819045395
1h,range1.5_ret1.5_vz1.5_cl0.8_cs0.2_body0.5,model_b,base,next_close,1.5,1.5,1.5,0.8,0.2,0.5,True,1.2,2.0,8,4.0,5.0,1536,1558.9412990621745,0.3470052083333333,-0.21083889754786322,-323.8485466335179,-337.4864823796387,31,0.6872446879075043,1.3351234999380852,-1.0323722553345138,,-5.137441471454325,,8.877427919029559
1h,range1.5_ret1.5_vz2_cl0.7_cs0.3_body0.5,model_b,base,next_close,1.5,1.5,2.0,0.7,0.3,0.5,True,1.2,2.0,8,4.0,5.0,1586,1609.6880861410214,0.34237074401008827,-0.21147297972830562,-335.3961458490927,-350.12801418593705,20,0.6901032312728486,1.3754830757120882,-1.0376639079201884,,-47.38401672550744,,9.039472915326245
1h,range2_ret2_vz1.5_cl0.7_cs0.3_body0.5,model_b,base,next_close,2.0,2.0,1.5,0.7,0.3,0.5,True,1.2,2.0,8,4.0,5.0,1484,1506.1646405001738,0.341644204851752,-0.21446742790766604,-318.2696630149764,-332.18630916399127,31,0.6904391956290923,1.4001248264816282,-1.0523366940032364,,-38.63371296684964,,19.02490382993532
1h,range2_ret2_vz2_cl0.7_cs0.3_body0.5,model_b,base,next_close,2.0,2.0,2.0,0.7,0.3,0.5,True,1.2,2.0,8,4.0,5.0,1275,1294.043070510594,0.33568627450980393,-0.22699085300510585,-289.41333758150995,-296.72449942671057,27,0.6743829590506176,1.4004713699806157,-1.0493684580085165,,-59.812386843485015,,15.230053818944292
1h,range1.5_ret1.5_vz2_cl0.8_cs0.2_body0.65,model_b,base,next_close,1.5,1.5,2.0,0.8,0.2,0.65,True,1.2,2.0,8,4.0,5.0,1095,1111.3546370267454,0.33515981735159817,-0.22967608117781205,-251.4953088897042,-265.90210287406376,33,0.6629893363717513,1.3481143284345012,-1.0250731695400634,,1.825120352672019,,2.821273413534996
1h,range2_ret2_vz1.5_cl0.7_cs0.3_body0.65,model_b,base,next_close,2.0,2.0,1.5,0.7,0.3,0.65,True,1.2,2.0,8,4.0,5.0,1286,1305.2073636679404,0.3343701399688958,-0.2309119998078658,-296.9528317529154,-313.275407010959,29,0.6673271067426656,1.3852889385726934,-1.0427886394149224,,-13.933436093916665,,14.284070087791827
1h,range2_ret2_vz1.5_cl0.8_cs0.2_body0.5,model_b,base,next_close,2.0,2.0,1.5,0.8,0.2,0.5,True,1.2,2.0,8,4.0,5.0,1163,1180.370267453977,0.33619948409286327,-0.23184623521884715,-269.63717155951923,-284.2298227368053,30,0.6661426502852471,1.3759710752456373,-1.0461682150007297,,-17.883864409869314,,17.277977315594285
1h,range2_ret2_vz1.5_cl0.8_cs0.2_body0.65,model_b,base,next_close,2.0,2.0,1.5,0.8,0.2,0.65,True,1.2,2.0,8,4.0,5.0,1046,1061.6227856894754,0.3326959847036329,-0.23397264761690031,-244.73538940727772,-261.68991862932376,29,0.6619192107189287,1.3768988024234776,-1.0371005338834498,,-20.000296475741525,,12.096073080726207
1h,range2_ret2_vz2.5_cl0.7_cs0.3_body0.5,model_b,base,next_close,2.0,2.0,2.5,0.7,0.3,0.5,True,1.2,2.0,8,4.0,5.0,1066,1081.9215005210142,0.3339587242026266,-0.23403599272775036,-249.4823682477819,-253.9468367146305,19,0.6631700610210324,1.3797616987780426,-1.0432077929757253,,-13.30797892772373,,13.2910448336747
1h,range2_ret2_vz2_cl0.7_cs0.3_body0.65,model_b,base,next_close,2.0,2.0,2.0,0.7,0.3,0.65,True,1.2,2.0,8,4.0,5.0,1115,1131.6533518582842,0.33183856502242154,-0.23646037262424918,-263.65331547603785,-270.96447732123914,23,0.6601712803770725,1.3842931215037617,-1.0413983495737311,,-16.000008725066934,,14.261170687579922
1h,range2.5_ret2.5_vz1.5_cl0.7_cs0.3_body0.5,model_b,base,next_close,2.5,2.5,1.5,0.7,0.3,0.5,True,1.2,2.0,8,4.0,5.0,1003,1017.9805488016673,0.3339980059820538,-0.23688796929912934,-237.59863320702672,-241.86913081239294,43,0.6688827785336787,1.4327399685758158,-1.0742013812573727,,-13.16776896148978,,28.833033044453096
1h,range2.5_ret2.5_vz2.5_cl0.7_cs0.3_body0.5,model_b,base,next_close,2.5,2.5,2.5,0.7,0.3,0.5,True,1.2,2.0,8,4.0,5.0,823,835.2921153178187,0.33414337788578374,-0.2387221886836514,-196.4683612866451,-197.9718334908335,39,0.6622801631925994,1.4010224850079107,-1.061586760335439,,-4.557271327058,,13.769179392026366
1h,range1.5_ret1.5_vz2_cl0.8_cs0.2_body0.5,model_b,base,next_close,1.5,1.5,2.0,0.8,0.2,0.5,True,1.2,2.0,8,4.0,5.0,1217,1235.1767974991317,0.33360723089564503,-0.23945030949364932,-291.4110266537712,-301.4240545686607,35,0.6518732200850075,1.3440197614826561,-1.0321615904016395,,1.3554576749481062,,9.66968984371364
1h,range2.5_ret2.5_vz2.5_cl0.7_cs0.3_body0.65,model_b,base,next_close,2.5,2.5,2.5,0.7,0.3,0.65,True,1.2,2.0,8,4.0,5.0,741,752.0673845085099,0.3333333333333333,-0.24030769551553544,-178.06800237701177,-179.57147458119996,36,0.6571144080993275,1.3815947898984458,-1.0512589382225261,,-12.244137183745172,,11.456075013749244
1h,range2.5_ret2.5_vz2_cl0.7_cs0.3_body0.5,model_b,base,next_close,2.5,2.5,2.0,0.7,0.3,0.5,True,1.2,2.0,8,4.0,5.0,925,938.8155609586662,0.3318918918918919,-0.24072994300851025,-222.67519728287198,-224.92527677587415,45,0.6625556764844155,1.4241434035521197,-1.067778676655943,,-5.340445150690042,,19.27335216987745
1h,range1.5_ret1.5_vz2.5_cl0.7_cs0.3_body0.5,model_b,base,next_close,1.5,1.5,2.5,0.7,0.3,0.5,True,1.2,2.0,8,4.0,5.0,1277,1296.072941993748,0.3335943617854346,-0.24090211932135155,-307.6320063733659,-319.8757601280486,21,0.6510050400517174,1.3470605408667617,-1.0358164474531215,,-40.8612617142896,,0.6145489630630978
1h,range1.5_ret1.5_vz2.5_cl0.7_cs0.3_body0.65,model_b,base,next_close,1.5,1.5,2.5,0.7,0.3,0.65,True,1.2,2.0,8,4.0,5.0,1123,1139.7728377908998,0.3321460373998219,-0.24642206937210495,-276.73198390487386,-287.1420690581454,20,0.6402306044111178,1.3202699502759627,-1.0255902338104106,,-59.467135544433106,,0.3276208474779602
1h,range2.5_ret2.5_vz2_cl0.7_cs0.3_body0.65,model_b,base,next_close,2.5,2.5,2.0,0.7,0.3,0.65,True,1.2,2.0,8,4.0,5.0,828,840.3667940257034,0.3272946859903382,-0.2492471409867526,-206.37663273703114,-209.95154759169196,41,0.6497171997824953,1.4125270791657338,-1.0577584761058259,,-9.322436617779088,,14.28949240448894
1h,range2.5_ret2.5_vz1.5_cl0.7_cs0.3_body0.65,model_b,base,next_close,2.5,2.5,1.5,0.7,0.3,0.65,True,1.2,2.0,8,4.0,5.0,889,902.2778742618965,0.32733408323959506,-0.2508169732424502,-222.97628921253823,-227.24678681790448,42,0.6495933373279812,1.4204792733294211,-1.0641066183133776,,-52.260113012565874,,16.500781289149902
1h,range2_ret2_vz2.5_cl0.7_cs0.3_body0.65,model_b,base,next_close,2.0,2.0,2.5,0.7,0.3,0.65,True,1.2,2.0,8,4.0,5.0,945,959.1142757902049,0.328042328042328,-0.2527088532908964,-238.8098663598971,-243.27433482674556,17,0.636124678432753,1.3467290051744754,-1.033536784195251,,-11.773176152997936,,8.44739265836584
1h,range2_ret2_vz2_cl0.8_cs0.2_body0.65,model_b,base,next_close,2.0,2.0,2.0,0.8,0.2,0.65,True,1.2,2.0,8,4.0,5.0,894,907.3525529697812,0.3243847874720358,-0.25420612812599913,-227.26027854464323,-232.79021984227637,35,0.6362351128521243,1.3706368200353543,-1.0343459542299602,,3.0938983657284007,,9.427828171491102
1h,range2_ret2_vz2_cl0.8_cs0.2_body0.5,model_b,base,next_close,2.0,2.0,2.0,0.8,0.2,0.5,True,1.2,2.0,8,4.0,5.0,979,993.6220910038209,0.3237997957099081,-0.25934405332550486,-253.89782820566927,-257.2174670325404,36,0.6319970908740679,1.3755093636009261,-1.0421968224579499,,1.9505623474740537,,15.924388256951032
1h,range3_ret3_vz2.5_cl0.7_cs0.3_body0.5,model_b,base,next_close,3.0,3.0,2.5,0.7,0.3,0.5,True,1.2,2.0,8,4.0,5.0,574,585.7606519208382,0.32926829268292684,-0.2596412471965359,-149.0340758908116,-157.0444637017199,30,0.6428012237116021,1.4190265046764332,-1.0837145072069023,,1.269357984048548,,10.38070983129313
1h,range1.5_ret1.5_vz2.5_cl0.8_cs0.2_body0.65,model_b,base,next_close,1.5,1.5,2.5,0.8,0.2,0.65,True,1.2,2.0,8,4.0,5.0,897,910.397360194512,0.32441471571906355,-0.26002400157065175,-233.24152940887464,-238.0267553898774,30,0.6211652196999758,1.3142263730721673,-1.0159759141466589,,-19.13170212004496,,6.000776902541709
1h,range3_ret3_vz2.5_cl0.7_cs0.3_body0.65,model_b,base,next_close,3.0,3.0,2.5,0.7,0.3,0.65,True,1.2,2.0,8,4.0,5.0,528,538.8181606519208,0.32765151515151514,-0.2601040146659179,-137.33491974360467,-142.1736046908225,29,0.6407156826777735,1.4156698029947623,-1.0767487201737986,,0.8022248882692118,,9.251364958557119
1h,range2.5_ret2.5_vz2.5_cl0.8_cs0.2_body0.65,model_b,base,next_close,2.5,2.5,2.5,0.8,0.2,0.65,True,1.2,2.0,8,4.0,5.0,592,600.8419590135464,0.32263513513513514,-0.2635539019417713,-156.02390994952862,-156.8018802478333,33,0.6268136767999378,1.3720518851040888,-1.0426080299361835,,-30.641675126904993,,10.974903982180017
1h,range2_ret2_vz2.5_cl0.8_cs0.2_body0.5,model_b,base,next_close,2.0,2.0,2.5,0.8,0.2,0.5,True,1.2,2.0,8,4.0,5.0,825,837.3219868009726,0.32242424242424245,-0.26384518536227664,-217.67227792387823,-223.5866326280489,30,0.6225651529465691,1.3497840728860804,-1.0316902349044286,,-13.319989655117,,15.354741389792219
1h,range3_ret3_vz1.5_cl0.7_cs0.3_body0.5,model_b,base,next_close,3.0,3.0,1.5,0.7,0.3,0.5,True,1.2,2.0,8,4.0,5.0,654,667.3997671711293,0.3256880733944954,-0.2641117099714844,-172.7290583213508,-185.98796166734235,33,0.6420708372264018,1.454694048737701,-1.0942831988718391,,-6.315948869173756,,13.836181894056526
1h,range1.5_ret1.5_vz2.5_cl0.8_cs0.2_body0.5,model_b,base,next_close,1.5,1.5,2.5,0.8,0.2,0.5,True,1.2,2.0,8,4.0,5.0,987,1001.7415769364363,0.3232016210739615,-0.2650464617385489,-261.6008577359478,-266.3860837169506,32,0.6170944413868504,1.3216256048547341,-1.0227536312643832,,-26.240074036854814,,6.030975907494835
1h,range2_ret2_vz2.5_cl0.8_cs0.2_body0.65,model_b,base,next_close,2.0,2.0,2.5,0.8,0.2,0.65,True,1.2,2.0,8,4.0,5.0,760,771.3511635984718,0.32105263157894737,-0.26706946451851,-202.9727930340676,-207.3915259087669,29,0.6162986009400934,1.3361210331600555,-1.0251672967541108,,-38.918433928890146,,11.566982270240324
1h,range3_ret3_vz2.5_cl0.8_cs0.2_body0.65,model_b,base,next_close,3.0,3.0,2.5,0.8,0.2,0.65,True,1.2,2.0,8,4.0,5.0,419,428.0333294487822,0.3221957040572792,-0.26762658554959845,-112.13553934528174,-118.08040127394548,25,0.6298918620791034,1.413666188366629,-1.0668326576576643,,5.81071681779442,,4.318247814187654
1h,range3_ret3_vz1.5_cl0.7_cs0.3_body0.65,model_b,base,next_close,3.0,3.0,1.5,0.7,0.3,0.65,True,1.2,2.0,8,4.0,5.0,600,612.2933643771828,0.3233333333333333,-0.2676348529884035,-160.5809117930421,-170.88123663449048,31,0.6362977621483838,1.4481268707812098,-1.0874815879916178,,-43.715400765497265,,10.76787691551417
1h,range3_ret3_vz2.5_cl0.8_cs0.2_body0.5,model_b,base,next_close,3.0,3.0,2.5,0.8,0.2,0.5,True,1.2,2.0,8,4.0,5.0,446,455.61542943712857,0.32286995515695066,-0.2687558925350596,-119.86512807063659,-131.32753856754852,26,0.6298364132831978,1.4163299283762099,-1.0722405223735456,,5.293012084217533,,2.03726210113199
1h,range2.5_ret2.5_vz2.5_cl0.8_cs0.2_body0.5,model_b,base,next_close,2.5,2.5,2.5,0.8,0.2,0.5,True,1.2,2.0,8,4.0,5.0,634,643.4692601597777,0.31703470031545744,-0.2751831522948684,-174.46611855494658,-174.09943169353605,35,0.6150930926304361,1.3870757750756109,-1.046809120889479,,-7.781160864796109,,14.76266310173191
1h,range3_ret3_vz2_cl0.7_cs0.3_body0.65,model_b,base,next_close,3.0,3.0,2.0,0.7,0.3,0.65,True,1.2,2.0,8,4.0,5.0,575,586.7811408614668,0.32,-0.2759806740735215,-158.68888759227485,-167.20736888469185,31,0.6254841623647763,1.4403725040184026,-1.0836762872932504,,0.37495827116620783,,9.276971688517747
1h,range3_ret3_vz2_cl0.7_cs0.3_body0.5,model_b,base,next_close,3.0,3.0,2.0,0.7,0.3,0.5,True,1.2,2.0,8,4.0,5.0,626,638.8260768335274,0.3210862619808307,-0.2767601698519409,-173.251866327315,-184.94205048342252,32,0.6262131951496867,1.4440429567708677,-1.0905988250311986,,-4.0038814818606285,,12.345276667060103
1h,range2.5_ret2.5_vz2_cl0.8_cs0.2_body0.65,model_b,base,next_close,2.5,2.5,2.0,0.8,0.2,0.65,True,1.2,2.0,8,4.0,5.0,660,669.857589440778,0.31363636363636366,-0.2820515972580769,-186.15405419033073,-186.49494585329208,40,0.6082651453407834,1.3963775896099833,-1.04901592768123,,4.281291467795482,,5.330275031282582
1h,range2.5_ret2.5_vz1.5_cl0.8_cs0.2_body0.65,model_b,base,next_close,2.5,2.5,1.5,0.8,0.2,0.65,True,1.2,2.0,8,4.0,5.0,715,725.6790552275096,0.3132867132867133,-0.2827280352659813,-202.15054521517663,-205.46160779486166,42,0.6096203228133397,1.409285990306876,-1.0546448208633745,,2.0053461476033005,,6.994929185406197
1h,range3_ret3_vz1.5_cl0.8_cs0.2_body0.65,model_b,base,next_close,3.0,3.0,1.5,0.8,0.2,0.65,True,1.2,2.0,8,4.0,5.0,480,490.3484442372684,0.3145833333333333,-0.28579702626641645,-137.1825726078799,-142.97304588757396,29,0.6135924173099407,1.4426345848685724,-1.079089346270621,,11.439216196347765,,1.8614018171433506
1h,range2.5_ret2.5_vz1.5_cl0.8_cs0.2_body0.5,model_b,base,next_close,2.5,2.5,1.5,0.8,0.2,0.5,True,1.2,2.0,8,4.0,5.0,778,789.6200069468566,0.31233933161953725,-0.28587564459262826,-222.41125149306478,-226.5458885152746,44,0.6078948450900394,1.418980374711814,-1.060230808501001,,-17.763684438373204,,5.423173391971695
1h,range2.5_ret2.5_vz2_cl0.8_cs0.2_body0.5,model_b,base,next_close,2.5,2.5,2.0,0.8,0.2,0.5,True,1.2,2.0,8,4.0,5.0,711,721.6193122612018,0.30942334739803096,-0.2914555714934137,-207.22491133181714,-207.55920785311176,42,0.5995792230514483,1.4104225818749863,-1.0540079009049168,,0.6708995200584136,,9.118034150834475
1h,range3_ret3_vz1.5_cl0.8_cs0.2_body0.5,model_b,base,next_close,3.0,3.0,1.5,0.8,0.2,0.5,True,1.2,2.0,8,4.0,5.0,511,522.0167812609253,0.3131115459882583,-0.29298423488625114,-149.71494402687432,-161.02296587481652,30,0.6066957301207955,1.443402478573961,-1.084499545865265,,9.763509837146056,,2.03726210113199
1h,range3_ret3_vz2_cl0.8_cs0.2_body0.65,model_b,base,next_close,3.0,3.0,2.0,0.8,0.2,0.65,True,1.2,2.0,8,4.0,5.0,458,467.87414054306026,0.31004366812227074,-0.2966937753120307,-135.88574909291006,-141.84544320834107,29,0.5998473842034513,1.4345004128489507,-1.0746354674603198,,11.439216196347765,,2.1436489582146745
1h,range3_ret3_vz2_cl0.8_cs0.2_body0.5,model_b,base,next_close,3.0,3.0,2.0,0.8,0.2,0.5,True,1.2,2.0,8,4.0,5.0,489,499.5424775667172,0.30879345603271985,-0.3035135388791503,-148.41812051190448,-159.89536319558363,30,0.5936241300490005,1.4357988932531809,-1.0805436490921148,,9.763509837146056,,2.03726210113199
1h,range3_ret3_vz2.5_cl0.7_cs0.3_body0.65,model_b,base,next_open,3.0,3.0,2.5,0.7,0.3,0.65,True,1.2,2.0,8,4.0,5.0,535,545.9615832363213,0.38691588785046727,-0.06823696611769138,-36.50677687296489,-68.96605704271076,20,0.8999693027479222,1.586709953980765,-1.1126699309359245,,10.143227928162792,,31.24837135606519
1h,range3_ret3_vz2.5_cl0.8_cs0.2_body0.65,model_b,base,next_open,3.0,3.0,2.5,0.8,0.2,0.65,True,1.2,2.0,8,4.0,5.0,423,432.16993006993005,0.39243498817966904,-0.06996550109572462,-29.595406963491513,-50.14260203542169,19,0.896976685631012,1.552250704774158,-1.1177783033307462,,10.01429090719255,,27.111335285391373
1h,range3_ret3_vz2_cl0.7_cs0.3_body0.65,model_b,base,next_open,3.0,3.0,2.0,0.7,0.3,0.65,True,1.2,2.0,8,4.0,5.0,583,594.945052386496,0.38421955403087477,-0.07193126474085194,-41.93592734391668,-71.06278843364598,26,0.8951746413463809,1.5987466474248655,-1.1143598227495446,,10.86992758608439,,27.33254434304391
1h,range3_ret3_vz2.5_cl0.7_cs0.3_body0.5,model_b,base,next_open,3.0,3.0,2.5,0.7,0.3,0.5,True,1.2,2.0,8,4.0,5.0,583,594.945052386496,0.38250428816466553,-0.07534280119357321,-43.92485309585318,-69.0900507858038,22,0.8901491589224326,1.5961174806572977,-1.1107195868956405,,13.19318430100378,,23.95809949725338
1h,range1.5_ret1.5_vz2.5_cl0.8_cs0.2_body0.65,model_b,base,next_open,1.5,1.5,2.5,0.8,0.2,0.65,True,1.2,2.0,8,4.0,5.0,917,931.3430656934307,0.3816793893129771,-0.0812245453514819,-74.4829080873089,-96.09326199343226,31,0.8760753951757855,1.5044318560579826,-1.060024793135102,,10.191329428191525,,31.96337738607876
1h,range3_ret3_vz1.5_cl0.7_cs0.3_body0.65,model_b,base,next_open,3.0,3.0,1.5,0.7,0.3,0.65,True,1.2,2.0,8,4.0,5.0,608,620.4572759022119,0.37993421052631576,-0.08207704998052534,-49.90284638815941,-73.62239006862512,28,0.8815988470127141,1.6085272399382615,-1.117964559188058,,8.557410554526454,,24.949316901909185
1h,range3_ret3_vz2_cl0.7_cs0.3_body0.5,model_b,base,next_open,3.0,3.0,2.0,0.7,0.3,0.5,True,1.2,2.0,8,4.0,5.0,636,649.0309662398138,0.3789308176100629,-0.08210941047812899,-52.221585064090036,-76.64312499740231,28,0.8812404153114867,1.6078989197088953,-1.1132284169973006,,13.919883958925379,,20.0422724842321
1h,range3_ret3_vz2_cl0.8_cs0.2_body0.65,model_b,base,next_open,3.0,3.0,2.0,0.8,0.2,0.65,True,1.2,2.0,8,4.0,5.0,462,472.0153846153846,0.38311688311688313,-0.09052579156256925,-41.82291570190699,-55.44927484983143,22,0.8686703270196963,1.5629070997087777,-1.117394639825827,,8.873351627143123,,25.501553191115043
1h,range3_ret3_vz1.5_cl0.7_cs0.3_body0.5,model_b,base,next_open,3.0,3.0,1.5,0.7,0.3,0.5,True,1.2,2.0,8,4.0,5.0,664,677.6046565774157,0.375,-0.09152703161983704,-60.77394899557179,-79.29223639837173,30,0.8689180672162231,1.6179090379924537,-1.1171886733872114,,11.607366927367442,,24.361019788436078
1h,range3_ret3_vz2.5_cl0.8_cs0.2_body0.5,model_b,base,next_open,3.0,3.0,2.5,0.8,0.2,0.5,True,1.2,2.0,8,4.0,5.0,451,460.7769230769231,0.3835920177383592,-0.09514116310600051,-42.90866456080623,-58.24819710540016,19,0.8617409791903969,1.5459027303927324,-1.116366319851615,,10.805130755721141,,20.97571489599844
1h,range3_ret3_vz1.5_cl0.8_cs0.2_body0.65,model_b,base,next_open,3.0,3.0,1.5,0.8,0.2,0.65,True,1.2,2.0,8,4.0,5.0,484,494.4923076923077,0.378099173553719,-0.10163716921524908,-49.19238990018056,-57.34495450272926,23,0.8541644826193646,1.5744360841686333,-1.1206451604752175,,5.418192223346443,,21.975683377741575
1h,range1.5_ret1.5_vz2.5_cl0.7_cs0.3_body0.65,model_b,base,next_open,1.5,1.5,2.5,0.7,0.3,0.65,True,1.2,2.0,8,4.0,5.0,1155,1165.3694751381215,0.37142857142857144,-0.10528087994318239,-121.59941633437566,-148.3033287624081,33,0.84185215005572,1.5088523083792833,-1.059086854861003,,1.4033512026590667,,31.052704073472434
1h,range2.5_ret2.5_vz1.5_cl0.7_cs0.3_body0.65,model_b,base,next_open,2.5,2.5,1.5,0.7,0.3,0.65,True,1.2,2.0,8,4.0,5.0,906,920.1710114702815,0.3686534216335541,-0.10569791941828886,-95.7623149929697,-107.90213247332495,38,0.8462414124265912,1.5779856996284032,-1.088827864805693,,0.5206394145319668,,27.981642260216987
1h,range1.5_ret1.5_vz2_cl0.8_cs0.2_body0.65,model_b,base,next_open,1.5,1.5,2.0,0.8,0.2,0.65,True,1.2,2.0,8,4.0,5.0,1120,1137.5182481751826,0.37142857142857144,-0.11056842428409411,-123.8366351981854,-146.31052826827263,42,0.833794578006345,1.4933778030328393,-1.0583548313350093,,-6.70295299049833,,20.304926282974865
1h,range2_ret2_vz2.5_cl0.8_cs0.2_body0.65,model_b,base,next_open,2.0,2.0,2.5,0.8,0.2,0.65,True,1.2,2.0,8,4.0,5.0,777,789.1532846715329,0.37194337194337196,-0.11180718490708214,-86.87418267280282,-101.61342224627293,30,0.8328603292767748,1.497909320140875,-1.065102410232614,,3.723093879879229,,28.113343859977473
1h,range1.5_ret1.5_vz1.5_cl0.8_cs0.2_body0.65,model_b,base,next_open,1.5,1.5,1.5,0.8,0.2,0.65,True,1.2,2.0,8,4.0,5.0,1407,1429.007299270073,0.3717128642501777,-0.11281455719827561,-158.73008197797378,-189.25552317418402,26,0.82925120896959,1.4739611191494928,-1.0515969992004055,,7.328586691401915,,25.28183456712248
1h,range2.5_ret2.5_vz1.5_cl0.8_cs0.2_body0.65,model_b,base,next_open,2.5,2.5,1.5,0.8,0.2,0.65,True,1.2,2.0,8,4.0,5.0,726,737.3555787278415,0.3677685950413223,-0.11449112553368454,-83.12055713745498,-91.35914951038794,34,0.8334957202822489,1.5583864290652436,-1.0876029056598584,,0.6363995402629257,,24.398406665013766
1h,range3_ret3_vz2_cl0.8_cs0.2_body0.5,model_b,base,next_open,3.0,3.0,2.0,0.8,0.2,0.5,True,1.2,2.0,8,4.0,5.0,494,504.7090909090909,0.37449392712550605,-0.11525908446870387,-56.937987727539706,-69.29450893729042,22,0.8350767263873409,1.5583852158270326,-1.1172791348075752,,9.664191475671714,,19.36593280172211
1h,range1.5_ret1.5_vz1.5_cl0.7_cs0.3_body0.65,model_b,base,next_open,1.5,1.5,1.5,0.7,0.3,0.65,True,1.2,2.0,8,4.0,5.0,1750,1765.7113259668508,0.36742857142857144,-0.11904659110704217,-208.3315344373238,-245.93361635022973,22,0.8208224852026073,1.4842592899657499,-1.0503254362107506,,0.213507793878571,,28.63522912880996
1h,range1.5_ret1.5_vz2.5_cl0.8_cs0.2_body0.5,model_b,base,next_open,1.5,1.5,2.5,0.8,0.2,0.5,True,1.2,2.0,8,4.0,5.0,1011,1026.8133472367049,0.3669634025717112,-0.12066801293215763,-121.99536107441136,-142.28993416847297,33,0.820527170864001,1.503362334132349,-1.0620981047461138,,7.102500319754599,,23.844015721350985
1h,range2_ret2_vz2_cl0.8_cs0.2_body0.65,model_b,base,next_open,2.0,2.0,2.0,0.8,0.2,0.65,True,1.2,2.0,8,4.0,5.0,911,925.2492179353494,0.36443468715697036,-0.12084495386587013,-110.08975297180768,-125.94151230802457,38,0.8205198995692182,1.51593865722622,-1.0593806341466538,,3.665325093346504,,18.670264494604996
1h,range2.5_ret2.5_vz2.5_cl0.7_cs0.3_body0.65,model_b,base,next_open,2.5,2.5,2.5,0.7,0.3,0.65,True,1.2,2.0,8,4.0,5.0,756,767.8248175182482,0.3664021164021164,-0.12133520634799666,-91.72941599908548,-102.87332339356354,30,0.8241221503462479,1.5517054996926707,-1.0888347378161904,,1.4755182969958414,,26.459942146416118
1h,range1.5_ret1.5_vz2_cl0.7_cs0.3_body0.65,model_b,base,next_open,1.5,1.5,2.0,0.7,0.3,0.65,True,1.2,2.0,8,4.0,5.0,1423,1435.775552486188,0.36472241742796907,-0.121490863759802,-172.88149913019825,-202.03643070759625,32,0.8188270983795569,1.5054978127654244,-1.0555695397737317,,-21.158375133711434,,16.521023660681557
1h,range2.5_ret2.5_vz2.5_cl0.8_cs0.2_body0.65,model_b,base,next_open,2.5,2.5,2.5,0.8,0.2,0.65,True,1.2,2.0,8,4.0,5.0,602,611.4160583941606,0.3687707641196013,-0.12216474613947,-73.54317717596093,-79.78265875622314,27,0.8230057286149215,1.540398409983871,-1.093451642611527,,3.9355470299154276,,23.876349701434574
1h,range2.5_ret2.5_vz2_cl0.7_cs0.3_body0.65,model_b,base,next_open,2.5,2.5,2.0,0.7,0.3,0.65,True,1.2,2.0,8,4.0,5.0,842,855.169968717414,0.36223277909738716,-0.12304499528573555,-103.60388603058934,-114.30341390161523,36,0.8222545997643613,1.5713905861552027,-1.0854339195678329,,2.3806870661608754,,24.546023228838497
1h,range2_ret2_vz1.5_cl0.8_cs0.2_body0.65,model_b,base,next_open,2.0,2.0,1.5,0.8,0.2,0.65,True,1.2,2.0,8,4.0,5.0,1073,1089.7831074035455,0.3625349487418453,-0.12447763246380544,-133.56449963366325,-163.458639740441,26,0.814974090551574,1.512351337030666,-1.055364283243556,,-10.548482735215888,,22.953753960429896
1h,range3_ret3_vz1.5_cl0.8_cs0.2_body0.5,model_b,base,next_open,3.0,3.0,1.5,0.8,0.2,0.5,True,1.2,2.0,8,4.0,5.0,516,527.186013986014,0.3701550387596899,-0.12462686419731255,-64.30746192581327,-73.11072343713751,23,0.8233777174503714,1.5695733595937553,-1.1202953034099092,,6.2090320718750345,,15.840062988348642
1h,range2.5_ret2.5_vz1.5_cl0.7_cs0.3_body0.5,model_b,base,next_open,2.5,2.5,1.5,0.7,0.3,0.5,True,1.2,2.0,8,4.0,5.0,1031,1047.1261730969761,0.35984481086323955,-0.12598526164290416,-129.8908047538342,-141.73760006782518,42,0.8198603770539429,1.5934379140062147,-1.0925095012880908,,-9.663933943404135,,26.733916111558436
1h,range2_ret2_vz2_cl0.7_cs0.3_body0.65,model_b,base,next_open,2.0,2.0,2.0,0.7,0.3,0.65,True,1.2,2.0,8,4.0,5.0,1148,1158.3066298342542,0.3597560975609756,-0.12867372041626018,-147.7174310378667,-166.62529899714275,38,0.8109634582094508,1.5343951470047883,-1.0631600363957066,,-5.665104097890195,,21.992899872032318
1h,range2.5_ret2.5_vz1.5_cl0.8_cs0.2_body0.5,model_b,base,next_open,2.5,2.5,1.5,0.8,0.2,0.5,True,1.2,2.0,8,4.0,5.0,793,805.4035453597497,0.36065573770491804,-0.1322670705016656,-104.88778690782082,-113.87983021333724,34,0.8101350038991081,1.5648451982640852,-1.0896124528823457,,-12.892175767666396,,22.864320810859606
1h,range2_ret2_vz1.5_cl0.8_cs0.2_body0.5,model_b,base,next_open,2.0,2.0,1.5,0.8,0.2,0.5,True,1.2,2.0,8,4.0,5.0,1198,1216.73826903024,0.3606010016694491,-0.13242121323752884,-158.64061345855956,-182.93920776793493,28,0.8050166396036593,1.5161352326600013,-1.0621553968246475,,4.3695919324812476,,20.373847917632613
1h,range2.5_ret2.5_vz2_cl0.8_cs0.2_body0.65,model_b,base,next_open,2.5,2.5,2.0,0.8,0.2,0.65,True,1.2,2.0,8,4.0,5.0,669,679.4640250260688,0.3617339312406577,-0.13320483144448694,-89.11403223636177,-94.80278350353973,33,0.8078257992316816,1.5479372968840766,-1.0859832741974433,,2.5156135986759947,,23.64466566019837
1h,range2_ret2_vz2.5_cl0.7_cs0.3_body0.65,model_b,base,next_open,2.0,2.0,2.5,0.7,0.3,0.65,True,1.2,2.0,8,4.0,5.0,973,981.735497237569,0.36279547790339156,-0.13434659756629702,-130.71923943200702,-148.84682609340922,32,0.8026305644802061,1.5059154941982034,-1.0682377562644723,,-33.606783367791564,,27.202670547371145
1h,range2_ret2_vz2.5_cl0.8_cs0.2_body0.5,model_b,base,next_open,2.0,2.0,2.5,0.8,0.2,0.5,True,1.2,2.0,8,4.0,5.0,845,858.2168925964546,0.3621301775147929,-0.13610393295501264,-115.00782334698569,-132.44926861895232,31,0.8001234287380019,1.5045307003223227,-1.067521739602257,,1.2376266510853893,,21.186432584637874
1h,range2_ret2_vz1.5_cl0.7_cs0.3_body0.65,model_b,base,next_open,2.0,2.0,1.5,0.7,0.3,0.65,True,1.2,2.0,8,4.0,5.0,1335,1346.985497237569,0.35730337078651686,-0.1361938443180981,-181.81878216466097,-213.62729606721138,32,0.799872730345697,1.5234737866109604,-1.0588761985758615,,-10.349064796932508,,27.120878828320667
1h,range2.5_ret2.5_vz2.5_cl0.7_cs0.3_body0.5,model_b,base,next_open,2.5,2.5,2.5,0.7,0.3,0.5,True,1.2,2.0,8,4.0,5.0,845,858.2168925964546,0.3585798816568047,-0.13725909390756855,-115.98393435189541,-124.97698510104856,34,0.8034979755795852,1.5652112690209463,-1.0890091307476792,,-0.9710180600537341,,26.229893483977833
1h,range1.5_ret1.5_vz1.5_cl0.8_cs0.2_body0.5,model_b,base,next_open,1.5,1.5,1.5,0.8,0.2,0.5,True,1.2,2.0,8,4.0,5.0,1589,1613.8540145985403,0.3618628067967275,-0.1407349772348059,-223.62787882610658,-247.73598466144423,28,0.7919139789573432,1.4801073086284426,-1.0598516580744193,,10.210021500439755,,18.671241557460014
1h,range1.5_ret1.5_vz2.5_cl0.7_cs0.3_body0.5,model_b,base,next_open,1.5,1.5,2.5,0.7,0.3,0.5,True,1.2,2.0,8,4.0,5.0,1324,1335.8867403314916,0.35725075528700906,-0.14073996206650174,-186.33970977604832,-207.51867465144872,38,0.7936338942807881,1.5150470233166162,-1.0610539974204556,,-17.697879685105267,,18.784433740965206
1h,range2.5_ret2.5_vz2_cl0.7_cs0.3_body0.5,model_b,base,next_open,2.5,2.5,2.0,0.7,0.3,0.5,True,1.2,2.0,8,4.0,5.0,946,960.7966631908238,0.35306553911205074,-0.14454502223145285,-136.7395910309544,-147.146096735616,40,0.7947158119656818,1.584908390623409,-1.088397048201263,,-1.1546311784093033,,22.016064531425567
1h,range2.5_ret2.5_vz2.5_cl0.8_cs0.2_body0.5,model_b,base,next_open,2.5,2.5,2.5,0.8,0.2,0.5,True,1.2,2.0,8,4.0,5.0,646,656.1042752867571,0.3591331269349845,-0.1470099163474499,-94.96840596045263,-100.38010364259452,27,0.790147575177157,1.5412936296789013,-1.093112386584439,,2.533285445367666,,17.74072931204164
1h,range2_ret2_vz1.5_cl0.7_cs0.3_body0.5,model_b,base,next_open,2.0,2.0,1.5,0.7,0.3,0.5,True,1.2,2.0,8,4.0,5.0,1559,1572.996546961326,0.3534316869788326,-0.14903219992866337,-232.34119968878622,-257.25350305858825,39,0.7839773624708238,1.530308134752048,-1.067004942397981,,-38.44877075606933,,23.21567608596853
1h,range2_ret2_vz2.5_cl0.7_cs0.3_body0.5,model_b,base,next_open,2.0,2.0,2.5,0.7,0.3,0.5,True,1.2,2.0,8,4.0,5.0,1107,1116.9385359116022,0.35501355013550134,-0.14903566680629388,-164.98248315456732,-182.53248278682818,36,0.7843257410480684,1.526663911524287,-1.0713745103411936,,-3.740700374722405,,19.189819225078683
1h,range1.5_ret1.5_vz1.5_cl0.7_cs0.3_body0.5,model_b,base,next_open,1.5,1.5,1.5,0.7,0.3,0.5,True,1.2,2.0,8,4.0,5.0,2064,2082.5303867403313,0.3551356589147287,-0.15045980356643235,-310.54903456111634,-339.8659368696448,30,0.779415239674711,1.4969924058574646,-1.057734386216858,,-34.01995410796793,,14.590940522850598
1h,range2_ret2_vz2_cl0.8_cs0.2_body0.5,model_b,base,next_open,2.0,2.0,2.0,0.8,0.2,0.5,True,1.2,2.0,8,4.0,5.0,1001,1016.6569343065694,0.35264735264735264,-0.15393680966164638,-154.09074647130802,-168.7526293915939,40,0.7765544865328943,1.5170578703653852,-1.0642163189973595,,-23.372736672020547,,12.483905564512838
1h,range2.5_ret2.5_vz2_cl0.8_cs0.2_body0.5,model_b,base,next_open,2.5,2.5,2.0,0.8,0.2,0.5,True,1.2,2.0,8,4.0,5.0,722,733.2930135557873,0.35318559556786705,-0.15515298993472043,-112.02045873286815,-118.46266093262975,33,0.7794178323779992,1.552233685885336,-1.0874519242690126,,0.024570126607629736,,19.35914686345821
1h,range1.5_ret1.5_vz2_cl0.8_cs0.2_body0.5,model_b,base,next_open,1.5,1.5,2.0,0.8,0.2,0.5,True,1.2,2.0,8,4.0,5.0,1246,1265.4890510948906,0.3539325842696629,-0.158215928888895,-197.13704739556317,-218.74442296097664,45,0.7692366507078899,1.490125314965928,-1.0612202624789284,,-34.27671563413863,,12.024767085640553
1h,range2_ret2_vz2_cl0.7_cs0.3_body0.5,model_b,base,next_open,2.0,2.0,2.0,0.7,0.3,0.5,True,1.2,2.0,8,4.0,5.0,1324,1335.8867403314916,0.3466767371601209,-0.16287974893572743,-215.6527875909031,-229.8610814714056,43,0.7667939178245142,1.5448317166415302,-1.0690526537911738,,-35.9471277336503,,18.642606638181242
1h,range1.5_ret1.5_vz2_cl0.7_cs0.3_body0.5,model_b,base,next_open,1.5,1.5,2.0,0.7,0.3,0.5,True,1.2,2.0,8,4.0,5.0,1652,1666.8314917127072,0.3450363196125908,-0.1712214524025804,-282.85783936906284,-306.53667641878684,39,0.7530829013943999,1.5135089238890145,-1.0587411515580416,,-12.797693580173693,,4.205118487607964
1h,range1.5_ret1.5_vz1.5_cl0.7_cs0.3_body0.5,model_b,stress,next_close,1.5,1.5,1.5,0.7,0.3,0.5,True,1.2,2.0,8,8.0,10.0,1960,1989.2740534907955,0.3137755102040816,-0.3918274432337977,-767.9817887382435,-777.9738481307635,25,0.5090100649412724,1.2945820659455054,-1.1629366240109513,,-62.03358172324122,,-90.95845802771214
1h,range1.5_ret1.5_vz1.5_cl0.7_cs0.3_body0.65,model_b,stress,next_close,1.5,1.5,1.5,0.7,0.3,0.65,True,1.2,2.0,8,8.0,10.0,1689,1714.2264675234458,0.310242747187685,-0.40176400847106347,-678.5794103076262,-687.5221642045831,30,0.49549920260461855,1.2718927562994213,-1.1545503988055992,,-65.16049272722034,,-73.51057782142192
1h,range1.5_ret1.5_vz1.5_cl0.8_cs0.2_body0.65,model_b,stress,next_close,1.5,1.5,1.5,0.8,0.2,0.65,True,1.2,2.0,8,8.0,10.0,1378,1398.5814518930185,0.3047895500725689,-0.4131186451137376,-569.2774929667304,-582.2941804110969,43,0.4831790790008781,1.2671929831537148,-1.1497897138739985,,-81.6274565100286,,-3.1482907722757965
1h,range1.5_ret1.5_vz2_cl0.7_cs0.3_body0.5,model_b,stress,next_close,1.5,1.5,2.0,0.7,0.3,0.5,True,1.2,2.0,8,8.0,10.0,1591,1614.762764848906,0.3023255813953488,-0.41365807916388475,-658.1300039497406,-666.5593769523671,28,0.49081553971929054,1.3188936512171985,-1.1644304956623541,,-56.23351419052847,,-53.08575686081999
1h,range1.5_ret1.5_vz1.5_cl0.8_cs0.2_body0.5,model_b,stress,next_close,1.5,1.5,1.5,0.8,0.2,0.5,True,1.2,2.0,8,8.0,10.0,1546,1569.0906564779439,0.30595084087968955,-0.41412494127151545,-640.2371592057629,-648.9409161049147,45,0.4842401987912796,1.2708464658770113,-1.1568942568178837,,-39.54564644984625,,-30.119335762705735
1h,range1.5_ret1.5_vz2_cl0.7_cs0.3_body0.65,model_b,stress,next_close,1.5,1.5,2.0,0.7,0.3,0.65,True,1.2,2.0,8,8.0,10.0,1380,1400.6113233761723,0.30217391304347824,-0.4170664011185207,-575.5516335435586,-583.9810065461849,25,0.4850043068413902,1.2998410073404474,-1.160524749329725,,-81.40263870268413,,-31.81926459900547
1h,range2_ret2_vz1.5_cl0.7_cs0.3_body0.5,model_b,stress,next_close,2.0,2.0,1.5,0.7,0.3,0.5,True,1.2,2.0,8,8.0,10.0,1493,1515.299062174366,0.30274614869390487,-0.4210339395202916,-628.6036717037954,-638.1122579535786,33,0.4894298040059213,1.3331328535037164,-1.1826894538784585,,-68.47255433627083,,-76.53857293292589
1h,range2_ret2_vz2_cl0.7_cs0.3_body0.5,model_b,stress,next_close,2.0,2.0,2.0,0.7,0.3,0.5,True,1.2,2.0,8,8.0,10.0,1283,1302.1625564432095,0.2977396726422447,-0.43013605368690644,-551.8645568803009,-556.0103015666839,30,0.4818984214259041,1.3437229290067707,-1.1822050119432712,,-35.063492939860375,,-49.41862803216379
1h,range2_ret2_vz2.5_cl0.7_cs0.3_body0.5,model_b,stress,next_close,2.0,2.0,2.5,0.7,0.3,0.5,True,1.2,2.0,8,8.0,10.0,1073,1089.026050712053,0.29636533084808947,-0.43694715460131406,-468.84429688720996,-472.3187641502623,37,0.47397490626622885,1.3284658797187414,-1.1805250948844632,,-27.06535795626172,,-3.571321933294942
1h,range2.5_ret2.5_vz2_cl0.7_cs0.3_body0.5,model_b,stress,next_close,2.5,2.5,2.0,0.7,0.3,0.5,True,1.2,2.0,8,8.0,10.0,927,940.8454324418201,0.29449838187702265,-0.4414416752418485,-409.2164329491936,-410.8730216720791,45,0.4801240288807704,1.3843442956443677,-1.2035816906117829,,-16.234915448623997,,9.116629637538036
1h,range2_ret2_vz1.5_cl0.7_cs0.3_body0.65,model_b,stress,next_close,2.0,2.0,1.5,0.7,0.3,0.65,True,1.2,2.0,8,8.0,10.0,1293,1312.3119138589789,0.2962103634957463,-0.4415605240515702,-570.9377575986803,-580.4463438484622,29,0.4671025810825778,1.306648100201853,-1.1773450329406483,,-45.65483100152027,,-19.59122354054241
1h,range2.5_ret2.5_vz1.5_cl0.7_cs0.3_body0.5,model_b,stress,next_close,2.5,2.5,1.5,0.7,0.3,0.5,True,1.2,2.0,8,8.0,10.0,1005,1020.0104202848212,0.2965174129353234,-0.4415651322949128,-443.77295795638736,-447.02122922189704,43,0.48105968824951556,1.3804673114010533,-1.209550518746678,,-42.927423720516884,,14.844355745241309
1h,range1.5_ret1.5_vz2.5_cl0.7_cs0.3_body0.5,model_b,stress,next_close,1.5,1.5,2.5,0.7,0.3,0.5,True,1.2,2.0,8,8.0,10.0,1282,1301.1476207016326,0.29407176287051484,-0.44170580444422364,-566.2668412974947,-571.3074672745338,39,0.4629290411565446,1.2946802960814383,-1.1650401247736983,,-82.4838585721068,,-15.44781715612724
1h,range2.5_ret2.5_vz2.5_cl0.7_cs0.3_body0.5,model_b,stress,next_close,2.5,2.5,2.5,0.7,0.3,0.5,True,1.2,2.0,8,8.0,10.0,825,837.3219868009726,0.2957575757575758,-0.4420450673821287,-364.68718059025616,-365.6937836412459,39,0.47650169941962944,1.3604414284862467,-1.1990273479189337,,-53.6078365659822,,4.165338066939197
1h,range2_ret2_vz1.5_cl0.8_cs0.2_body0.5,model_b,stress,next_close,2.0,2.0,1.5,0.8,0.2,0.5,True,1.2,2.0,8,8.0,10.0,1169,1186.4598819034388,0.2951240376390077,-0.44325162030072945,-518.1611441315528,-527.6559370288338,42,0.46570640221205295,1.3091155635075178,-1.1769490455602505,,-47.19428716898463,,-94.63610274696222
1h,range2.5_ret2.5_vz2.5_cl0.7_cs0.3_body0.65,model_b,stress,next_close,2.5,2.5,2.5,0.7,0.3,0.65,True,1.2,2.0,8,8.0,10.0,743,754.0972559916638,0.2934051144010767,-0.44428634977655684,-330.10475788398173,-331.1113609349711,36,0.4702986343375754,1.3444291347642499,-1.187029160500168,,-36.53939406022947,,3.3810982928444626
1h,range1.5_ret1.5_vz2_cl0.8_cs0.2_body0.65,model_b,stress,next_close,1.5,1.5,2.0,0.8,0.2,0.65,True,1.2,2.0,8,8.0,10.0,1100,1116.42931573463,0.2927272727272727,-0.4443599074897389,-488.7958982387128,-495.6715014462821,37,0.45876581375240894,1.2867006149799123,-1.1608142625478721,,-23.975663921819717,,-1.476863588445797
1h,range1.5_ret1.5_vz2_cl0.8_cs0.2_body0.5,model_b,stress,next_close,1.5,1.5,2.0,0.8,0.2,0.5,True,1.2,2.0,8,8.0,10.0,1224,1242.2813476901702,0.29411764705882354,-0.44457379696332383,-544.1583274831083,-550.5479289326477,39,0.4591886260443637,1.2834178769820892,-1.1645703277739126,,-62.93988157555376,,-37.076458572075715
1h,range2_ret2_vz2_cl0.7_cs0.3_body0.65,model_b,stress,next_close,2.0,2.0,2.0,0.7,0.3,0.65,True,1.2,2.0,8,8.0,10.0,1121,1137.7429663077457,0.29348795718108833,-0.44485607043241837,-498.683654954741,-502.829399641123,26,0.46511236548540064,1.3180277792140673,-1.1771651443385973,,-40.11011405949595,,-32.87125939807158
1h,range1.5_ret1.5_vz2.5_cl0.7_cs0.3_body0.65,model_b,stress,next_close,1.5,1.5,2.5,0.7,0.3,0.65,True,1.2,2.0,8,8.0,10.0,1127,1143.8325807572073,0.290150842945874,-0.45014498087767996,-507.31339344914534,-512.3540194261836,37,0.45015782029147144,1.2701509056235982,-1.1533159244850775,,-40.63901283821798,,-37.048405966723244
1h,range2.5_ret2.5_vz2_cl0.7_cs0.3_body0.65,model_b,stress,next_close,2.5,2.5,2.0,0.7,0.3,0.65,True,1.2,2.0,8,8.0,10.0,830,842.3966655088573,0.29036144578313255,-0.4510819737332328,-374.3980381985832,-376.05462692146864,41,0.46808308204742044,1.3670854559233285,-1.19501805276079,,-44.47539134339923,,4.6232551602371155
1h,range2_ret2_vz1.5_cl0.8_cs0.2_body0.65,model_b,stress,next_close,2.0,2.0,1.5,0.8,0.2,0.65,True,1.2,2.0,8,8.0,10.0,1050,1065.6825286557832,0.2904761904761905,-0.4515886221709803,-474.1680532795293,-486.10312546867544,40,0.4569148498962653,1.3079760633341815,-1.1719473189214156,,-43.57550271113551,,-1.476863588445797
1h,range2.5_ret2.5_vz1.5_cl0.7_cs0.3_body0.65,model_b,stress,next_close,2.5,2.5,1.5,0.7,0.3,0.65,True,1.2,2.0,8,8.0,10.0,891,904.3077457450504,0.29068462401795736,-0.458204937048626,-408.26059891032577,-411.5088701758353,42,0.46298576418913234,1.359000270621623,-1.2029140332299464,,-89.26041302468425,,3.0400062937057104
1h,range2_ret2_vz2.5_cl0.7_cs0.3_body0.65,model_b,stress,next_close,2.0,2.0,2.5,0.7,0.3,0.65,True,1.2,2.0,8,8.0,10.0,951,965.2038902396666,0.288117770767613,-0.4590674322755639,-436.57312809406125,-440.04759535711344,35,0.4483250389289638,1.294840156402044,-1.1689207251820106,,-88.61825948778555,,-29.299053071068727
1h,range3_ret3_vz2.5_cl0.7_cs0.3_body0.65,model_b,stress,next_close,3.0,3.0,2.5,0.7,0.3,0.65,True,1.2,2.0,8,8.0,10.0,529,539.8386495925495,0.29300567107750475,-0.4593029347591985,-242.971252487616,-243.97785553860555,31,0.4657741477821197,1.3667015079754292,-1.2160694818818383,,-7.3842719103994074,,3.0312748505891958
1h,range3_ret3_vz2.5_cl0.7_cs0.3_body0.5,model_b,stress,next_close,3.0,3.0,2.5,0.7,0.3,0.5,True,1.2,2.0,8,8.0,10.0,575,586.7811408614668,0.2921739130434783,-0.4613053205872613,-265.25055933767527,-266.25716238866494,32,0.46622705461894903,1.3790751747956806,-1.2209709796151096,,-8.025425753209902,,3.8155146246839298
1h,range1.5_ret1.5_vz2.5_cl0.8_cs0.2_body0.5,model_b,stress,next_close,1.5,1.5,2.5,0.8,0.2,0.5,True,1.2,2.0,8,8.0,10.0,992,1006.816255644321,0.2862903225806452,-0.4626756910506181,-458.97428552221317,-461.0799002815816,34,0.4396855164749103,1.2681783234449888,-1.1569730640968785,,-68.20498786764156,,-52.80774800426318
1h,range1.5_ret1.5_vz2.5_cl0.8_cs0.2_body0.65,model_b,stress,next_close,1.5,1.5,2.5,0.8,0.2,0.65,True,1.2,2.0,8,8.0,10.0,901,914.4571031608198,0.28412874583795783,-0.4665315410027563,-420.34491844348344,-422.4505332028516,32,0.43428157455042077,1.2604827774609142,-1.1519821852301977,,-66.2586589919278,,-24.57420076222805
1h,range2.5_ret2.5_vz2.5_cl0.8_cs0.2_body0.65,model_b,stress,next_close,2.5,2.5,2.5,0.8,0.2,0.65,True,1.2,2.0,8,8.0,10.0,593,601.8568947551233,0.2866779089376054,-0.4669763369792453,-276.91696782869246,-276.0920611367213,33,0.44887077405055814,1.3266871835928644,-1.1878340166417953,,-15.330431905023504,,2.8418488300328284
1h,range2_ret2_vz2_cl0.8_cs0.2_body0.5,model_b,stress,next_close,2.0,2.0,2.0,0.8,0.2,0.5,True,1.2,2.0,8,8.0,10.0,985,999.7117054532824,0.28527918781725886,-0.46800850478739925,-460.9883772155883,-463.3026121590095,39,0.4446483269203423,1.3135065228189058,-1.1790961791586658,,-30.331036223189848,,0.9811318782859411
1h,range2_ret2_vz2.5_cl0.8_cs0.2_body0.5,model_b,stress,next_close,2.0,2.0,2.5,0.8,0.2,0.5,True,1.2,2.0,8,8.0,10.0,830,842.3966655088573,0.28433734939759037,-0.4684279172441378,-388.79517131263435,-391.8399804377885,32,0.44063458238769093,1.2977523548096912,-1.1701426381274773,,-57.18611672968404,,1.8325494026145104
1h,range3_ret3_vz1.5_cl0.7_cs0.3_body0.5,model_b,stress,next_close,3.0,3.0,1.5,0.7,0.3,0.5,True,1.2,2.0,8,8.0,10.0,655,668.4202561117579,0.2900763358778626,-0.4701509851731637,-307.94889528842225,-309.191900883147,33,0.4636367344240554,1.4010184725292258,-1.2347148496106994,,-72.51374488575719,,6.111696211532141
1h,range2_ret2_vz2_cl0.8_cs0.2_body0.65,model_b,stress,next_close,2.0,2.0,2.0,0.8,0.2,0.65,True,1.2,2.0,8,8.0,10.0,898,911.412295936089,0.2828507795100223,-0.4719111258668496,-423.7761910284309,-426.09042597185197,38,0.439520289013344,1.3083437621697342,-1.1740613456825209,,-49.25778583879402,,-38.063923986853204
1h,range3_ret3_vz1.5_cl0.7_cs0.3_body0.65,model_b,stress,next_close,3.0,3.0,1.5,0.7,0.3,0.65,True,1.2,2.0,8,8.0,10.0,601,613.3138533178114,0.2895174708818636,-0.4721659393614815,-283.77172955625036,-285.01473515097524,31,0.4593413753290064,1.385582246153508,-1.2291874482130227,,-16.555575340033506,,3.449491876924474
1h,range3_ret3_vz2.5_cl0.8_cs0.2_body0.5,model_b,stress,next_close,3.0,3.0,2.5,0.8,0.2,0.5,True,1.2,2.0,8,8.0,10.0,446,455.66853146853146,0.28699551569506726,-0.47340397960621744,-211.138174904373,-210.3132682124019,27,0.4541380016371818,1.372340174634058,-1.2163450228224288,,-22.235113774611897,,-19.46719706420233
1h,range3_ret3_vz2.5_cl0.8_cs0.2_body0.65,model_b,stress,next_close,3.0,3.0,2.5,0.8,0.2,0.65,True,1.2,2.0,8,8.0,10.0,419,428.08321678321676,0.2863961813842482,-0.4741173970972108,-198.6551893837313,-197.8302826917602,25,0.45180968789605813,1.364403582913886,-1.2119853489411292,,-5.807582694446451,,-10.677582305278866
1h,range2.5_ret2.5_vz2.5_cl0.8_cs0.2_body0.5,model_b,stress,next_close,2.5,2.5,2.5,0.8,0.2,0.5,True,1.2,2.0,8,8.0,10.0,635,644.4841959013546,0.28346456692913385,-0.4757314642143047,-302.08947977608346,-301.2645730841122,35,0.4438009635773564,1.3391249597896053,-1.1936966429411264,,-32.52621178865185,,6.417224371130642
1h,range3_ret3_vz2_cl0.7_cs0.3_body0.65,model_b,stress,next_close,3.0,3.0,2.0,0.7,0.3,0.65,True,1.2,2.0,8,8.0,10.0,576,587.8016298020955,0.2864583333333333,-0.47806131502509835,-275.36331745445665,-276.3699205054463,31,0.4533839636344261,1.3842225731924636,-1.2256935329226597,,-34.66185129700066,,2.467939432072647
1h,range2_ret2_vz2.5_cl0.8_cs0.2_body0.65,model_b,stress,next_close,2.0,2.0,2.5,0.8,0.2,0.65,True,1.2,2.0,8,8.0,10.0,764,775.4109065647795,0.2801047120418848,-0.48010108354401965,-366.797227827631,-368.709671962408,30,0.42780993660641586,1.2815124428397924,-1.1655288919915392,,-23.10804882007627,,-1.476863588445797
1h,range3_ret3_vz2_cl0.7_cs0.3_body0.5,model_b,stress,next_close,3.0,3.0,2.0,0.7,0.3,0.5,True,1.2,2.0,8,8.0,10.0,627,639.846565774156,0.28548644338118023,-0.4806545832026904,-301.37042366808686,-302.37702671907647,32,0.45353519992394403,1.3973217026075546,-1.2310067152563373,,-14.572376535673504,,5.130143766680315
1h,range2.5_ret2.5_vz2_cl0.8_cs0.2_body0.65,model_b,stress,next_close,2.5,2.5,2.0,0.8,0.2,0.65,True,1.2,2.0,8,8.0,10.0,661,670.872525182355,0.2783661119515885,-0.48628549881339517,-321.4347147156542,-321.25979369557854,40,0.4362161122503383,1.351649220043245,-1.195258220552644,,-17.675703863568295,,-24.35299041706063
1h,range2.5_ret2.5_vz1.5_cl0.8_cs0.2_body0.5,model_b,stress,next_close,2.5,2.5,1.5,0.8,0.2,0.5,True,1.2,2.0,8,8.0,10.0,779,790.6349426884335,0.2785622593068036,-0.4916020413678107,-382.95799022552455,-385.13044909454004,44,0.43518532534669657,1.3597518927364016,-1.206448667169615,,-31.886230332683777,,-1.476863588445797
1h,range2.5_ret2.5_vz2_cl0.8_cs0.2_body0.5,model_b,stress,next_close,2.5,2.5,2.0,0.8,0.2,0.5,True,1.2,2.0,8,8.0,10.0,712,722.6342480027788,0.27668539325842695,-0.49264977483611055,-350.7666396833107,-350.59171866323516,42,0.43340554455360913,1.3619908775882659,-1.2020948399382507,,-24.95916349920841,,0.127637676375715
1h,range2.5_ret2.5_vz1.5_cl0.8_cs0.2_body0.65,model_b,stress,next_close,2.5,2.5,1.5,0.8,0.2,0.65,True,1.2,2.0,8,8.0,10.0,716,726.6939909690865,0.2779329608938548,-0.4926847445974591,-352.7622771317807,-354.1790386543293,42,0.43223860609969433,1.3495430920933553,-1.2017821130722601,,-42.55164218959057,,-22.18865435837158
1h,range3_ret3_vz1.5_cl0.8_cs0.2_body0.65,model_b,stress,next_close,3.0,3.0,1.5,0.8,0.2,0.65,True,1.2,2.0,8,8.0,10.0,480,490.4055944055944,0.2791666666666667,-0.49841530184462146,-239.2393448854183,-238.65084073718222,29,0.43617965561075306,1.3811869581726948,-1.2263537493657786,,-62.923560973339434,,-25.2012005365627
1h,range3_ret3_vz1.5_cl0.8_cs0.2_body0.5,model_b,stress,next_close,3.0,3.0,1.5,0.8,0.2,0.5,True,1.2,2.0,8,8.0,10.0,511,522.0776223776223,0.27788649706457924,-0.5035774840120232,-257.32809433014387,-256.7395901819079,30,0.43362001953437396,1.387395526750945,-1.231268994928938,,-21.23402535652953,,-17.109240001344364
1h,range3_ret3_vz2_cl0.8_cs0.2_body0.65,model_b,stress,next_close,3.0,3.0,2.0,0.8,0.2,0.65,True,1.2,2.0,8,8.0,10.0,458,467.9286713286713,0.27510917030567683,-0.5065979360031516,-232.02185468944342,-231.19694799747214,29,0.4284398619425412,1.3803406796914537,-1.2227252419595378,,-17.084061417885263,,-38.5255799120877
1h,range3_ret3_vz2_cl0.8_cs0.2_body0.5,model_b,stress,next_close,3.0,3.0,2.0,0.8,0.2,0.5,True,1.2,2.0,8,8.0,10.0,489,499.60069930069926,0.2740286298568507,-0.5114736280862352,-250.110604134169,-249.28569744219777,30,0.4263053010808137,1.386970433168778,-1.2280694145881275,,-22.298076163746387,,-4.6325588979785115
1h,range1.5_ret1.5_vz2.5_cl0.8_cs0.2_body0.65,model_b,stress,next_open,1.5,1.5,2.5,0.8,0.2,0.65,True,1.2,2.0,8,8.0,10.0,918,932.3587069864442,0.35076252723311546,-0.2663087648689973,-244.4714461497395,-260.3748239360044,31,0.6530236184508107,1.4288980555965325,-1.1821755369997031,,-34.534809580846776,,19.656079124334475
1h,range3_ret3_vz2.5_cl0.7_cs0.3_body0.65,model_b,stress,next_open,3.0,3.0,2.5,0.7,0.3,0.65,True,1.2,2.0,8,8.0,10.0,535,545.9615832363213,0.3532710280373832,-0.2669954056900752,-142.84254204419022,-151.16436936987708,22,0.6655532295349876,1.5040128774170913,-1.234395884034741,,0.8428618732953395,,21.30601847426185
1h,range3_ret3_vz2.5_cl0.8_cs0.2_body0.65,model_b,stress,next_open,3.0,3.0,2.5,0.8,0.2,0.65,True,1.2,2.0,8,8.0,10.0,423,432.2203053968994,0.3546099290780142,-0.2707156802406592,-114.51273274179883,-118.64203568980516,20,0.6589275311347695,1.474869207319189,-1.2298282558229934,,1.5848320742527988,,19.03115224533409
1h,range3_ret3_vz2.5_cl0.7_cs0.3_body0.5,model_b,stress,next_open,3.0,3.0,2.5,0.7,0.3,0.5,True,1.2,2.0,8,8.0,10.0,583,594.945052386496,0.34991423670668953,-0.27359249435624783,-159.50442420969247,-167.76417209530737,22,0.659808147830286,1.5164787629955045,-1.2371136988410962,,3.599841762779058,,12.72557830833809
1h,range3_ret3_vz2_cl0.7_cs0.3_body0.65,model_b,stress,next_open,3.0,3.0,2.0,0.7,0.3,0.65,True,1.2,2.0,8,8.0,10.0,583,594.945052386496,0.3516295025728988,-0.27442763199803877,-159.9913094548566,-167.64882554884113,26,0.6592684791062913,1.5100541870286415,-1.2422021634807623,,0.2957948858344921,,16.474321721975027
1h,range3_ret3_vz2_cl0.7_cs0.3_body0.5,model_b,stress,next_open,3.0,3.0,2.0,0.7,0.3,0.5,True,1.2,2.0,8,8.0,10.0,636,649.0309662398138,0.3474842767295597,-0.2836297304994845,-180.38850859767211,-188.0460246916565,28,0.6509856247925951,1.5224557462624575,-1.2454246470401813,,3.052774775318211,,7.893881556051265
1h,range1.5_ret1.5_vz1.5_cl0.8_cs0.2_body0.65,model_b,stress,next_open,1.5,1.5,1.5,0.8,0.2,0.65,True,1.2,2.0,8,8.0,10.0,1406,1427.9916579770595,0.34210526315789475,-0.28654517506086835,-402.8825161355809,-425.36362707167757,26,0.6278324392721404,1.4129883454800884,-1.1703026057421657,,-68.29664154867427,,10.548242793016705
1h,range3_ret3_vz1.5_cl0.7_cs0.3_body0.65,model_b,stress,next_open,3.0,3.0,1.5,0.7,0.3,0.65,True,1.2,2.0,8,8.0,10.0,608,620.4572759022119,0.3470394736842105,-0.2868488640115291,-174.40410931900968,-180.8816335472731,28,0.6476272737681669,1.5191375608828228,-1.2467056288798117,,-2.3294573608026363,,13.708130372143511
1h,range1.5_ret1.5_vz2_cl0.8_cs0.2_body0.65,model_b,stress,next_open,1.5,1.5,2.0,0.8,0.2,0.65,True,1.2,2.0,8,8.0,10.0,1120,1137.5182481751826,0.34285714285714286,-0.28757293013553387,-322.08168175179793,-337.6073578154762,42,0.629841329858241,1.4271776307317676,-1.1822253966749954,,-21.950021890879466,,5.359225720324166
1h,range1.5_ret1.5_vz2.5_cl0.7_cs0.3_body0.65,model_b,stress,next_open,1.5,1.5,2.5,0.7,0.3,0.65,True,1.2,2.0,8,8.0,10.0,1158,1168.396408839779,0.34283246977547494,-0.28840623723383174,-333.97442271677716,-355.3885212585225,33,0.6287172186957163,1.424535402786789,-1.1820170533812513,,-42.28760077411245,,15.834630265762158
1h,range1.5_ret1.5_vz1.5_cl0.7_cs0.3_body0.65,model_b,stress,next_open,1.5,1.5,1.5,0.7,0.3,0.65,True,1.2,2.0,8,8.0,10.0,1753,1768.7382596685084,0.33884768967484313,-0.2939946180972476,-515.372565524475,-542.7136953973643,24,0.6202990814658188,1.417406244241557,-1.1711060177773596,,-23.430907592358253,,12.237286886445144
1h,range3_ret3_vz2_cl0.8_cs0.2_body0.65,model_b,stress,next_open,3.0,3.0,2.0,0.8,0.2,0.65,True,1.2,2.0,8,8.0,10.0,462,472.0704044760462,0.3463203463203463,-0.2952829262079024,-136.42071190805092,-140.36953021228254,22,0.634625722994739,1.4809487554055634,-1.2363328237514606,,-10.558456785335386,,16.81175903790113
1h,range3_ret3_vz1.5_cl0.7_cs0.3_body0.5,model_b,stress,next_open,3.0,3.0,1.5,0.7,0.3,0.5,True,1.2,2.0,8,8.0,10.0,665,678.6251455180443,0.34285714285714286,-0.29672748387671727,-197.323776778017,-203.8013010062804,30,0.6389804664946063,1.5317978429937453,-1.2507406978960889,,0.42752252868108265,,10.656137153238696
1h,range3_ret3_vz2.5_cl0.8_cs0.2_body0.5,model_b,stress,next_open,3.0,3.0,2.5,0.8,0.2,0.5,True,1.2,2.0,8,8.0,10.0,451,460.8306329409022,0.3458980044345898,-0.29720664736740104,-134.04019796269787,-138.47088983845453,20,0.6316663740804735,1.4735227736071863,-1.2335923750692168,,2.1666577450601907,,11.759908867208193
1h,range2_ret2_vz2.5_cl0.8_cs0.2_body0.65,model_b,stress,next_open,2.0,2.0,2.5,0.8,0.2,0.65,True,1.2,2.0,8,8.0,10.0,778,790.1689259645465,0.3393316195372751,-0.2987743820056893,-232.44646920042626,-244.63133130798923,30,0.619398588136354,1.432909767160877,-1.1881997037566105,,-7.793940397462594,,17.541507997731003
1h,range2.5_ret2.5_vz1.5_cl0.7_cs0.3_body0.65,model_b,stress,next_open,2.5,2.5,1.5,0.7,0.3,0.65,True,1.2,2.0,8,8.0,10.0,906,920.1710114702815,0.34105960264900664,-0.29944326139327376,-271.29559482230604,-281.14681281379904,38,0.6276535585119654,1.4799841021975082,-1.220453404357347,,-13.731024966271963,,11.49496548156393
1h,range1.5_ret1.5_vz2_cl0.7_cs0.3_body0.65,model_b,stress,next_open,1.5,1.5,2.0,0.7,0.3,0.65,True,1.2,2.0,8,8.0,10.0,1425,1437.7935082872928,0.3375438596491228,-0.2995771733846555,-426.8974720731341,-448.5092159871955,32,0.6168692139187527,1.4289747421788774,-1.1803329693444642,,-89.49123043091372,,-0.7941319920150005
1h,range2.5_ret2.5_vz1.5_cl0.8_cs0.2_body0.65,model_b,stress,next_open,2.5,2.5,1.5,0.8,0.2,0.65,True,1.2,2.0,8,8.0,10.0,726,737.3555787278415,0.33884297520661155,-0.3044357181620241,-221.02033138562948,-227.81157776067025,34,0.6214023031485304,1.4746603712296995,-1.2162224639752823,,-34.87896855891962,,12.33663299890435
1h,range1.5_ret1.5_vz2.5_cl0.8_cs0.2_body0.5,model_b,stress,next_open,1.5,1.5,2.5,0.8,0.2,0.5,True,1.2,2.0,8,8.0,10.0,1012,1027.8289885297186,0.33695652173913043,-0.3054181448902474,-309.0831626289303,-324.34848902616557,33,0.6117204149911173,1.428003875651752,-1.1863375323788043,,-37.20236423594592,,9.875409284272983
1h,range2_ret2_vz2_cl0.8_cs0.2_body0.65,model_b,stress,next_open,2.0,2.0,2.0,0.8,0.2,0.65,True,1.2,2.0,8,8.0,10.0,911,925.2492179353494,0.3336992316136114,-0.30707259678300014,-279.7431356693131,-290.2788391766415,38,0.6118544857753602,1.4505724738010077,-1.187342945147973,,-42.605496399812964,,5.84792439908454
1h,range3_ret3_vz1.5_cl0.8_cs0.2_body0.65,model_b,stress,next_open,3.0,3.0,1.5,0.8,0.2,0.65,True,1.2,2.0,8,8.0,10.0,484,494.4923076923077,0.3409090909090909,-0.3091696429983946,-149.638107211223,-153.58692551545465,23,0.6217823097675698,1.490921527772091,-1.240251283052094,,-4.607862454443747,,12.760380772217541
1h,range2.5_ret2.5_vz2.5_cl0.8_cs0.2_body0.65,model_b,stress,next_open,2.5,2.5,2.5,0.8,0.2,0.65,True,1.2,2.0,8,8.0,10.0,602,611.4160583941606,0.33554817275747506,-0.30931949516005564,-186.2103360863535,-190.62493093234937,28,0.6157279664589077,1.47707489121327,-1.2114486602785852,,-6.053783742145892,,13.790431406114838
1h,range2_ret2_vz1.5_cl0.8_cs0.2_body0.65,model_b,stress,next_open,2.0,2.0,1.5,0.8,0.2,0.65,True,1.2,2.0,8,8.0,10.0,1073,1089.7831074035455,0.33271202236719477,-0.3111799163633284,-333.8960502578514,-351.45625159085046,45,0.6067227411101404,1.442894256851556,-1.185767178706504,,-20.928101775923302,,12.334422076045323
1h,range2.5_ret2.5_vz2.5_cl0.7_cs0.3_body0.65,model_b,stress,next_open,2.5,2.5,2.5,0.7,0.3,0.65,True,1.2,2.0,8,8.0,10.0,756,767.8248175182482,0.3333333333333333,-0.3126022689523553,-236.3273153279806,-245.76332585484815,33,0.6119560865649113,1.4789475201346927,-1.2083771634958793,,-9.973388293303573,,13.957858967202949
1h,range1.5_ret1.5_vz1.5_cl0.8_cs0.2_body0.5,model_b,stress,next_open,1.5,1.5,1.5,0.8,0.2,0.5,True,1.2,2.0,8,8.0,10.0,1588,1612.8383733055266,0.3343828715365239,-0.3133904356985528,-497.66401188930183,-516.3943149423142,28,0.6018259533736778,1.416575345088079,-1.1824650143151103,,-38.780612922600106,,1.6732326814647402
1h,range2_ret2_vz2_cl0.7_cs0.3_body0.65,model_b,stress,next_open,2.0,2.0,2.0,0.7,0.3,0.65,True,1.2,2.0,8,8.0,10.0,1148,1158.3066298342542,0.3318815331010453,-0.31390148304817533,-360.3589025393053,-372.2760583845901,38,0.6060342972221495,1.4549533452915069,-1.192563399081316,,-22.574272275443434,,2.1387848386848525
1h,range2.5_ret2.5_vz2_cl0.7_cs0.3_body0.65,model_b,stress,next_open,2.5,2.5,2.0,0.7,0.3,0.65,True,1.2,2.0,8,8.0,10.0,842,855.169968717414,0.333729216152019,-0.31625557152660416,-266.2871912254007,-275.10966924871303,36,0.6094026650775658,1.4784921749370563,-1.2152290416804161,,-56.36429456420153,,10.322625066320505
1h,range2_ret2_vz1.5_cl0.8_cs0.2_body0.5,model_b,stress,next_open,2.0,2.0,1.5,0.8,0.2,0.5,True,1.2,2.0,8,8.0,10.0,1198,1216.73826903024,0.3330550918196995,-0.3181103607314215,-381.096212156243,-397.4891385741781,47,0.6014821414897753,1.441573153751161,-1.1968509393028237,,-28.38857397802304,,9.174486723110865
1h,range2.5_ret2.5_vz1.5_cl0.7_cs0.3_body0.5,model_b,stress,next_open,2.5,2.5,1.5,0.7,0.3,0.5,True,1.2,2.0,8,8.0,10.0,1032,1048.1418143899896,0.33527131782945735,-0.318307629138632,-328.4934732710682,-337.71091584722956,42,0.6108811281234056,1.4904762525642745,-1.2306097035835382,,-41.6209914007432,,9.259574931949711
1h,range2_ret2_vz2.5_cl0.7_cs0.3_body0.65,model_b,stress,next_open,2.0,2.0,2.5,0.7,0.3,0.65,True,1.2,2.0,8,8.0,10.0,974,982.7444751381215,0.3326488706365503,-0.32021766359945664,-311.89200434587076,-326.8117091441289,32,0.5977112965677895,1.4302529679525617,-1.1927599476346165,,-24.437315125410734,,13.720059139158685
1h,range3_ret3_vz2_cl0.8_cs0.2_body0.5,model_b,stress,next_open,3.0,3.0,2.0,0.8,0.2,0.5,True,1.2,2.0,8,8.0,10.0,494,504.7679216691922,0.33805668016194335,-0.32095547474021097,-158.55200452166423,-162.50082282589585,22,0.6094214036777313,1.4813733545725256,-1.2414108707500797,,-22.120619074876092,,9.540515659775231
1h,range2.5_ret2.5_vz1.5_cl0.8_cs0.2_body0.5,model_b,stress,next_open,2.5,2.5,1.5,0.8,0.2,0.5,True,1.2,2.0,8,8.0,10.0,793,805.4035453597497,0.33417402269861285,-0.32126876138397253,-254.76612777749023,-261.5573741525308,34,0.6055974325289819,1.4761826754994056,-1.223398743910668,,-30.91812835093966,,9.077652743966702
1h,range2_ret2_vz2.5_cl0.8_cs0.2_body0.5,model_b,stress,next_open,2.0,2.0,2.5,0.8,0.2,0.5,True,1.2,2.0,8,8.0,10.0,846,859.2325338894682,0.3321513002364066,-0.3213965067254884,-271.9014446897632,-286.4907831104548,31,0.597379212228857,1.4356848145021017,-1.1952723496723077,,-10.764807837753034,,9.145873058752551
1h,range2.5_ret2.5_vz2_cl0.8_cs0.2_body0.65,model_b,stress,next_open,2.5,2.5,2.0,0.8,0.2,0.65,True,1.2,2.0,8,8.0,10.0,669,679.4640250260688,0.33183856502242154,-0.32221731902133166,-215.5633864252709,-220.04347042192282,33,0.6023763060964941,1.4710168536822048,-1.2128168410351685,,-10.482629764634911,,12.519993277125717
1h,range2_ret2_vz1.5_cl0.7_cs0.3_body0.65,model_b,stress,next_open,2.0,2.0,1.5,0.7,0.3,0.65,True,1.2,2.0,8,8.0,10.0,1335,1346.985497237569,0.3295880149812734,-0.3223073222998437,-430.2802752702914,-450.03516740074923,45,0.5961841445197241,1.4437626949284061,-1.1905428614958549,,-31.42828586109629,,9.29573426414239
1h,range1.5_ret1.5_vz2.5_cl0.7_cs0.3_body0.5,model_b,stress,next_open,1.5,1.5,2.5,0.7,0.3,0.5,True,1.2,2.0,8,8.0,10.0,1327,1338.9136740331492,0.3300678221552374,-0.32454178777987075,-430.6669523838885,-443.4992296442507,38,0.5925765386521564,1.4300981845333824,-1.1890325727891,,-49.62683131651546,,0.011590397878739722
1h,range1.5_ret1.5_vz1.5_cl0.7_cs0.3_body0.5,model_b,stress,next_open,1.5,1.5,1.5,0.7,0.3,0.5,True,1.2,2.0,8,8.0,10.0,2068,2086.5662983425414,0.32978723404255317,-0.3257666028557406,-673.6853347056716,-693.2875572216651,30,0.5899274805085372,1.4210543209972037,-1.1853134066563957,,-123.74861852110999,,-6.865964524004877
1h,range2.5_ret2.5_vz2.5_cl0.7_cs0.3_body0.5,model_b,stress,next_open,2.5,2.5,2.5,0.7,0.3,0.5,True,1.2,2.0,8,8.0,10.0,845,858.2168925964546,0.3289940828402367,-0.32778427482753253,-276.97771222926497,-284.1119674332406,34,0.5985189486396725,1.4852955485621815,-1.2167369924683447,,-41.204952584176056,,12.367401183035485
1h,range3_ret3_vz1.5_cl0.8_cs0.2_body0.5,model_b,stress,next_open,3.0,3.0,1.5,0.8,0.2,0.5,True,1.2,2.0,8,8.0,10.0,516,527.186013986014,0.3333333333333333,-0.33288643376906263,-171.7693998248363,-175.71821812906796,23,0.5988655088495799,1.49092791529719,-1.2447936083021889,,-22.526688650515784,,5.489137394091642
1h,range1.5_ret1.5_vz2_cl0.8_cs0.2_body0.5,model_b,stress,next_open,1.5,1.5,2.0,0.8,0.2,0.5,True,1.2,2.0,8,8.0,10.0,1246,1265.4890510948906,0.3274478330658106,-0.33341536404892436,-415.4355436049597,-429.78376661416036,45,0.5828479327529926,1.4226705718400876,-1.1884070846249588,,-52.74459033619768,,-1.479176438552844
1h,range2.5_ret2.5_vz2_cl0.7_cs0.3_body0.5,model_b,stress,next_open,2.5,2.5,2.0,0.7,0.3,0.5,True,1.2,2.0,8,8.0,10.0,947,961.8123044838374,0.32840549102428723,-0.33395629467537785,-316.2566110575828,-324.492906437899,40,0.5939847314464637,1.4876889571715053,-1.2247293659401273,,-38.31840101124417,,5.824540264032732
1h,range2.5_ret2.5_vz2.5_cl0.8_cs0.2_body0.5,model_b,stress,next_open,2.5,2.5,2.5,0.8,0.2,0.5,True,1.2,2.0,8,8.0,10.0,646,656.1042752867571,0.3281733746130031,-0.3344906847045527,-216.08098231914104,-220.0298006233726,29,0.5910446143111269,1.4730755356811567,-1.217449299270844,,-7.858296532371934,,6.51918802798894
1h,range2_ret2_vz2.5_cl0.7_cs0.3_body0.5,model_b,stress,next_open,2.0,2.0,2.5,0.7,0.3,0.5,True,1.2,2.0,8,8.0,10.0,1109,1118.9564917127072,0.32642019837691616,-0.33757772475069464,-374.37369674852033,-388.13824200171973,36,0.5832477965307291,1.4473446474771905,-1.2025601862587192,,-59.064467739528,,0.9355854538595654
1h,range2_ret2_vz1.5_cl0.7_cs0.3_body0.5,model_b,stress,next_open,2.0,2.0,1.5,0.7,0.3,0.5,True,1.2,2.0,8,8.0,10.0,1561,1575.014502762431,0.3273542600896861,-0.3378187242962916,-527.3350286265112,-541.5762220473807,50,0.5828828840026888,1.442078865785464,-1.2040355514694125,,-65.37494356080482,,-113.39889455263491
1h,range2_ret2_vz2_cl0.8_cs0.2_body0.5,model_b,stress,next_open,2.0,2.0,2.0,0.8,0.2,0.5,True,1.2,2.0,8,8.0,10.0,1001,1016.6569343065694,0.3246753246753247,-0.3380168151937931,-338.35483200898693,-347.723260601252,40,0.5815158249986663,1.4466768107125167,-1.196042596879519,,-44.953527312406564,,-0.7981660811625804
1h,range2.5_ret2.5_vz2_cl0.8_cs0.2_body0.5,model_b,stress,next_open,2.5,2.5,2.0,0.8,0.2,0.5,True,1.2,2.0,8,8.0,10.0,722,733.2930135557873,0.3254847645429363,-0.34403984069234306,-248.3967649798717,-252.70455969477453,33,0.5818937709974293,1.4710761132532717,-1.219917149064457,,-15.767633545265596,,6.949059012970225
1h,range1.5_ret1.5_vz2_cl0.7_cs0.3_body0.5,model_b,stress,next_open,1.5,1.5,2.0,0.7,0.3,0.5,True,1.2,2.0,8,8.0,10.0,1655,1669.8584254143645,0.3214501510574018,-0.3477421360139446,-575.5132351030783,-590.5763577038573,39,0.5692090136667683,1.429383762275196,-1.189621902612184,,-36.34854623391164,,-61.45461437517483
1h,range2_ret2_vz2_cl0.7_cs0.3_body0.5,model_b,stress,next_open,2.0,2.0,2.0,0.7,0.3,0.5,True,1.2,2.0,8,8.0,10.0,1326,1337.9046961325967,0.3212669683257919,-0.34873326463639603,-462.42030890786117,-471.0056690519571,43,0.573085260454858,1.4571537882236296,-1.2035198029901415,,-30.113638028051255,,-2.8409942648744226
