event_definition,dislocation_definition,exit_model,friction_case,total_trades_next_open,avg_return_pct_next_open,median_return_pct_next_open,cumulative_return_units_next_open,total_trades_next_close,avg_return_pct_next_close,median_return_pct_next_close,cumulative_return_units_next_close,avg_return_delta_close_minus_open_pct,cum_return_delta_close_minus_open
basket_return_le_1%,bottom_1_performer,fixed_horizon_12,base,259,0.17372573036823474,0.2783559761781263,0.44994964165372797,259,0.16170857408610875,0.13551865261753013,0.4188252068830217,-0.01201715628212599,-0.031124434770706255
basket_return_le_1%,bottom_1_performer,fixed_horizon_12,stress,259,-0.00647794362697297,0.09804772417383771,-0.016777873993859993,259,-0.018483088752388646,-0.04464683337483497,-0.0478711998686866,-0.012005145125415676,-0.031093325874826605
basket_return_le_1%,bottom_1_performer,fixed_horizon_6,base,259,0.08979535457240613,0.2057644536804926,0.23256996834253188,259,0.07627949249466628,-0.023917147244398796,0.19756388556118568,-0.013515862077739846,-0.035006082781346204
basket_return_le_1%,bottom_1_performer,fixed_horizon_6,stress,259,-0.09032443094929715,0.025528756957342726,-0.23394027615867963,259,-0.10382678391276237,-0.20392327703532925,-0.26891137033405454,-0.01350235296346522,-0.03497109417537492
basket_return_le_1%,bottom_1_performer,scaled_exit_6_12,base,259,0.13176054247032049,0.20175930363373842,0.34125980499813,259,0.11899403329038755,-0.05468097113968999,0.30819454622210374,-0.012766509179932939,-0.033065258776026285
basket_return_le_1%,bottom_1_performer,scaled_exit_6_12,stress,259,-0.04840118728813505,0.021527610061044124,-0.12535907507626978,259,-0.061154936332575495,-0.23465635246557964,-0.15839128510137054,-0.012753749044440446,-0.03303221002510076
basket_return_le_1%,bottom_2_performer,fixed_horizon_12,base,518,0.10414323761730859,0.13604570755356934,0.5394619708576585,518,0.07704155827799003,0.06796419025053799,0.39907527187998837,-0.027101679339318563,-0.1403866989776701
basket_return_le_1%,bottom_2_performer,fixed_horizon_12,stress,518,-0.07599088862425198,-0.044120305230594827,-0.39363280307362525,518,-0.1030654798147606,-0.1121337750060801,-0.5338791854404599,-0.027074591190508618,-0.14024638236683462
basket_return_le_1%,bottom_2_performer,fixed_horizon_6,base,518,0.04438480534409628,0.14633552973483352,0.2299132916824187,518,0.016548840582860203,-0.047985878626763886,0.08572299421921586,-0.027835964761236075,-0.14419029746320283
basket_return_le_1%,bottom_2_performer,fixed_horizon_6,stress,518,-0.1356895922996247,-0.03384076773430098,-0.702872088112056,518,-0.16349773499322212,-0.22796795170263545,-0.8469182672648905,-0.02780814269359741,-0.14404617915283446
basket_return_le_1%,bottom_2_performer,scaled_exit_6_12,base,518,0.07426402148070241,0.14771049394356148,0.38468763127003847,518,0.046795199430425115,-0.06837338154304422,0.2423991330496021,-0.027468822050277293,-0.14228849822043638
basket_return_le_1%,bottom_2_performer,scaled_exit_6_12,stress,518,-0.10584024046193834,-0.03246717780334794,-0.5482524455928406,518,-0.1332816074039913,-0.24833507729447407,-0.6903987263526751,-0.027441366942052972,-0.1421462807598345
basket_return_le_1%,bottom_3_performer,fixed_horizon_12,base,777,0.07817937171953263,0.10711908413611146,0.6074537182607685,777,0.08062154520827249,0.06762237972341109,0.6264294062682773,0.00244217348873986,0.018975688007508706
basket_return_le_1%,bottom_3_performer,fixed_horizon_12,stress,777,-0.10192880361860639,-0.07301801646625958,-0.7919868041165716,777,-0.0994890710840979,-0.11247524389332395,-0.7730300823234406,0.002439732534508493,0.018956721793131015
basket_return_le_1%,bottom_3_performer,fixed_horizon_6,base,777,0.025231814649054437,0.1584466859378209,0.196051199823153,777,0.025514132232109084,-0.04458410361213076,0.1982448074434876,0.0002823175830546469,0.0021936076203346033
basket_return_le_1%,bottom_3_performer,fixed_horizon_6,stress,777,-0.15482343956611427,-0.021741716641039275,-1.2029781254287077,777,-0.15454140415969492,-0.22456957676469474,-1.2007867103208294,0.0002820354064193564,0.0021914151078783473
basket_return_le_1%,bottom_3_performer,scaled_exit_6_12,base,777,0.05170559318429354,0.1572697116336142,0.4017524590419608,777,0.05306783872019076,-0.05724114980512389,0.4123371068558822,0.0013622455358972205,0.010584647813921433
basket_return_le_1%,bottom_3_performer,scaled_exit_6_12,stress,777,-0.12837612159236034,-0.022917514558552374,-0.9974824647726397,777,-0.1270152376218964,-0.2372139722305165,-0.986908396322135,0.0013608839704639386,0.010574068450504681
basket_return_le_1%,rel_basket_le_-1_atr_equiv,fixed_horizon_12,base,80,0.496216838139233,-0.5374887303449849,0.39697347051138643,80,0.4227408949967322,0.1199264461532202,0.33819271599738576,-0.07347594314250083,-0.058780754514000666
basket_return_le_1%,rel_basket_le_-1_atr_equiv,fixed_horizon_12,stress,80,0.31569083404014003,-0.7169815449537441,0.252552667232112,80,0.2422883301578717,-0.060223455417103146,0.19383066412629738,-0.07340250388226832,-0.05872200310581463
basket_return_le_1%,rel_basket_le_-1_atr_equiv,fixed_horizon_6,base,80,0.037821792822037084,-0.2944448598931814,0.030257434257629667,80,-0.03703007797963096,0.04131593650114292,-0.02962406238370477,-0.07485187080166805,-0.059881496641334436
basket_return_le_1%,rel_basket_le_-1_atr_equiv,fixed_horizon_6,stress,80,-0.14224604508574812,-0.47418059703258736,-0.1137968360685985,80,-0.21702310138645942,-0.13875539380586263,-0.17361848110916753,-0.0747770563007113,-0.05982164504056903
basket_return_le_1%,rel_basket_le_-1_atr_equiv,scaled_exit_6_12,base,80,0.26701931548063507,-0.40926727340437113,0.21361545238450802,80,0.19285540850855054,0.06322553288851071,0.15428432680684043,-0.07416390697208453,-0.05933112557766759
basket_return_le_1%,rel_basket_le_-1_atr_equiv,scaled_exit_6_12,stress,80,0.08672239447719603,-0.5888882454554277,0.06937791558175682,80,0.012632614385706191,-0.1168676960765068,0.010106091508564952,-0.07408978009148984,-0.05927182407319187
basket_return_le_1%,rel_basket_le_1%,fixed_horizon_12,base,49,2.5054378869111753,0.855622174501294,1.2276645645864759,49,2.2952680729109254,0.8143243276157366,1.1246813557263533,-0.21016981400024992,-0.10298320886012258
basket_return_le_1%,rel_basket_le_1%,fixed_horizon_12,stress,49,2.322903664868174,0.674736944499137,1.1382227957854054,49,2.112943915754517,0.6334803748425256,1.0353425187197134,-0.2099597491136569,-0.10288027706569203
basket_return_le_1%,rel_basket_le_1%,fixed_horizon_6,base,49,2.077679833623059,0.7072829395637825,1.0180631184752988,49,1.8573703221130704,0.39622595091099116,0.9101114578354045,-0.22030951150998845,-0.10795166063989436
basket_return_le_1%,rel_basket_le_1%,fixed_horizon_6,stress,49,1.8955731560748732,0.5265459747381397,0.9288308464766879,49,1.6754838440867323,0.2157998877786051,0.8209870836024988,-0.22008931198814086,-0.10784376287418906
basket_return_le_1%,rel_basket_le_1%,scaled_exit_6_12,base,49,2.291558860267117,0.6649000561594698,1.1228638415308874,49,2.0763191975119977,0.4682479478982949,1.017396406780879,-0.2152396627551192,-0.10546743475000842
basket_return_le_1%,rel_basket_le_1%,scaled_exit_6_12,stress,49,2.109238410471524,0.48420545305753354,1.0335268211310467,49,1.8942138799206243,0.28774989872595763,0.9281648011611059,-0.21502453055089954,-0.10536201996994077
basket_return_le_1%,rel_basket_le_2%,fixed_horizon_12,base,13,8.242229630465161,3.9261298602994015,1.0714898519604708,13,5.275345542030943,2.3814034038368703,0.6857949204640226,-2.9668840884342176,-0.3856949314964482
basket_return_le_1%,rel_basket_le_2%,fixed_horizon_12,stress,13,8.053961480775463,3.7421756555643655,1.04701499250081,13,5.090042795210959,2.1989931543526624,0.6617055633774247,-2.9639186855645043,-0.3853094291233854
basket_return_le_1%,rel_basket_le_2%,fixed_horizon_6,base,13,6.393419448773006,4.798356932138629,0.8311445283404908,13,3.419928619111502,1.2752121975744404,0.4445907204844953,-2.973490829661504,-0.38655380785599547
basket_return_le_1%,rel_basket_le_2%,fixed_horizon_6,stress,13,6.206999186245362,4.61353093579167,0.8069098942118971,13,3.2364803628963728,1.0939075870298343,0.4207424471765285,-2.970518823348989,-0.3861674470353686
basket_return_le_1%,rel_basket_le_2%,scaled_exit_6_12,base,13,7.3178245396190835,4.509979394988031,0.9513171901504808,13,4.347637080571223,1.7788744843264668,0.565192820474259,-2.9701874590478603,-0.38612436967622177
basket_return_le_1%,rel_basket_le_2%,scaled_exit_6_12,stress,13,7.130480333510411,4.325441632205555,0.9269624433563535,13,4.163261579053665,1.5970664629488422,0.5412240052769764,-2.967218754456746,-0.385738438079377
basket_return_le_1%,rel_basket_le_3%,fixed_horizon_12,base,4,25.885520957775356,25.093681800831224,1.0354208383110142,4,2.000887188781833,3.15150356713175,0.08003548755127332,-23.884633768993524,-0.9553853507597408
basket_return_le_1%,rel_basket_le_3%,fixed_horizon_12,stress,4,25.679618325182552,24.888570612069174,1.027184733007302,4,1.818857265539727,2.9683236019572337,0.07275429062158908,-23.860761059642826,-0.954430442385713
basket_return_le_1%,rel_basket_le_3%,fixed_horizon_6,base,4,22.56016912758761,21.94057108960904,0.9024067651035044,4,-0.6364574305177345,0.40499550478611746,-0.02545829722070938,-23.196626558105343,-0.9278650623242137
basket_return_le_1%,rel_basket_le_3%,fixed_horizon_6,stress,4,22.35759018664102,21.73861143736571,0.8943036074656407,4,-0.8158513258364952,0.22456067647807984,-0.03263405303345981,-23.173441512477513,-0.9269376604991005
basket_return_le_1%,rel_basket_le_3%,scaled_exit_6_12,base,4,24.22284504268148,23.517126445220132,0.9689138017072593,4,0.6822148791320495,1.7782495359589339,0.027288595165281978,-23.54063016354943,-0.9416252065419773
basket_return_le_1%,rel_basket_le_3%,scaled_exit_6_12,stress,4,24.018604255911786,23.313591024717443,0.9607441702364714,4,0.5015029698516154,1.5964421392176564,0.020060118794064614,-23.51710128606017,-0.9406840514424067
basket_return_le_1%,rel_btc_le_-1_atr_equiv,fixed_horizon_12,base,655,0.041052394691178974,0.09964368995839754,0.2688931852272223,655,0.16988562765165927,0.11502189851665631,1.1127508611183683,0.1288332329604803,0.843857675891146
basket_return_le_1%,rel_btc_le_-1_atr_equiv,fixed_horizon_12,stress,655,-0.13901867220559688,-0.08048593898190667,-0.9105723029466595,655,-0.010314208158005002,-0.06512310095460702,-0.06755806343493276,0.1287044640475919,0.8430142395117267
basket_return_le_1%,rel_btc_le_-1_atr_equiv,fixed_horizon_6,base,655,-0.12027632032621796,0.002912904107668158,-0.7878098981367276,655,0.005569047259517886,-0.036895060822814615,0.036477259549842156,0.12584536758573583,0.8242871576865698
basket_return_le_1%,rel_btc_le_-1_atr_equiv,fixed_horizon_6,stress,655,-0.3001861390514384,-0.17712004233969111,-1.9662192107869214,655,-0.17446655400491046,-0.2168882191793851,-1.1427559287321634,0.12571958504652797,0.823463282054758
basket_return_le_1%,rel_btc_le_-1_atr_equiv,scaled_exit_6_12,base,655,-0.03961196281751951,0.08596409296249505,-0.2594583564547528,655,0.08772733745558862,-0.007112568283316122,0.5746140603341054,0.12733930027310814,0.8340724167888582
basket_return_le_1%,rel_btc_le_-1_atr_equiv,scaled_exit_6_12,stress,655,-0.21960240562851766,-0.09415186321035204,-1.4383957568667907,655,-0.09239038108145767,-0.18713549426351378,-0.6051569960835477,0.12721202454706,0.833238760783243
basket_return_le_1%,rel_btc_le_1%,fixed_horizon_12,base,419,0.4948870766881123,0.4986163522012888,2.0735768513231907,419,0.5829750334694321,0.3260651705298568,2.442665390236921,0.08808795678131981,0.36908853891373017
basket_return_le_1%,rel_btc_le_1%,fixed_horizon_12,stress,419,0.3143624016865882,0.3180879497860768,1.3171784630668044,419,0.40236231448909426,0.1457092331500533,1.685898097709305,0.08799991280250608,0.36871963464250057
basket_return_le_1%,rel_btc_le_1%,fixed_horizon_6,base,419,0.377564354162446,0.39426152806850917,1.5819946439406487,419,0.45990907550842763,0.1974846273602138,1.9270190263803118,0.08234472134598164,0.34502438243966305
basket_return_le_1%,rel_btc_le_1%,fixed_horizon_6,stress,419,0.1971569433100046,0.2138374283782431,0.8260875924689194,419,0.27941936104529336,0.01725720632966179,1.1707671227797791,0.08226241773528875,0.34467953031085974
basket_return_le_1%,rel_btc_le_1%,scaled_exit_6_12,base,419,0.43622571542527905,0.3490685735807875,1.8277857476319195,419,0.52144205448893,0.1689343062710536,2.1848422083086168,0.08521633906365095,0.3570564606766973
basket_return_le_1%,rel_btc_le_1%,scaled_exit_6_12,stress,419,0.2557596724982964,0.16868964428239835,1.0716330277678618,419,0.3408908377671938,-0.011264578692161551,1.428332610244542,0.08513116526889741,0.3566995824766801
basket_return_le_1%,rel_btc_le_2%,fixed_horizon_12,base,84,2.2509051550737005,1.2276049662047008,1.8907603302619085,84,2.9239142394844264,1.0011755595905527,2.456087961166918,0.6730090844107259,0.5653276309050097
basket_return_le_1%,rel_btc_le_2%,fixed_horizon_12,stress,84,2.0686253386869122,1.0463479391235198,1.7376452844970063,84,2.7409617500134353,0.8201448488709785,2.3024078700112858,0.6723364113265231,0.5647625855142795
basket_return_le_1%,rel_btc_le_2%,fixed_horizon_6,base,84,1.9224907190103075,1.0178365027906724,1.6148922039686584,84,2.5674574811716675,0.9460885903306429,2.1566642841842008,0.64496676216136,0.5417720802155424
basket_return_le_1%,rel_btc_le_2%,fixed_horizon_6,stress,84,1.74053915309847,0.836789139445875,1.4620528886027147,84,2.384861270497726,0.7651129390781098,2.0032834672180897,0.6443221173992559,0.541230578615375
basket_return_le_1%,rel_btc_le_2%,scaled_exit_6_12,base,84,2.086697937042004,0.949538494084259,1.7528262671152832,84,2.745685860328048,0.9894622689918333,2.30637612267556,0.6589879232860438,0.5535498555602769
basket_return_le_1%,rel_btc_le_2%,scaled_exit_6_12,stress,84,1.904582245892691,0.7685593946503301,1.5998490865498605,84,2.5629115102555806,0.8084432657149799,2.1528456686146877,0.6583292643628895,0.5529965820648273
basket_return_le_1%,rel_btc_le_3%,fixed_horizon_12,base,27,4.69520195029902,3.023683359427145,1.2677045265807354,27,6.921122810959246,3.7518328536617322,1.8687031589589964,2.225920860660226,0.600998632378261
basket_return_le_1%,rel_btc_le_3%,fixed_horizon_12,stress,27,4.510479057433708,2.840631150645994,1.217829345507101,27,6.734175108525656,3.568052858915442,1.818227279301927,2.223696051091948,0.600397933794826
basket_return_le_1%,rel_btc_le_3%,fixed_horizon_6,base,27,3.831337357656386,2.679701542896331,1.0344610865672241,27,6.000310868211083,2.7969599616323304,1.6200839344169924,2.1689735105546974,0.5856228478497683
basket_return_le_1%,rel_btc_le_3%,fixed_horizon_6,stress,27,3.6474778980987783,2.4969931441986053,0.9848190324866701,27,5.814283518004298,2.6141343630571794,1.5698565498611603,2.1668056199055195,0.5850375173744902
basket_return_le_1%,rel_btc_le_3%,scaled_exit_6_12,base,27,4.2632696539777015,2.87312739914263,1.1510828065739795,27,6.460716839585164,4.68017047778724,1.7443935466879943,2.197447185607462,0.5933107401140147
basket_return_le_1%,rel_btc_le_3%,scaled_exit_6_12,stress,27,4.078978477766243,2.6902256711566035,1.1013241889968857,27,6.274229313264977,4.49546260888997,1.6940419145815437,2.195250835498734,0.5927177255846581
basket_return_le_1%,symbol_zscore_le_-1,fixed_horizon_12,base,2014,-0.06407471612205883,0.09292943837047271,-1.290464782698265,2014,-0.08708987113696215,0.007155268326488674,-1.7539900046984176,-0.023015155014903324,-0.46352522200015267
basket_return_le_1%,symbol_zscore_le_-1,fixed_horizon_12,stress,2014,-0.24404070839279796,-0.08719347967033983,-4.914979867030951,2014,-0.26703285974301644,-0.17288191836709696,-5.378041795224351,-0.02299215135021848,-0.4630619281934001
basket_return_le_1%,symbol_zscore_le_-1,fixed_horizon_6,base,2014,-0.06201744172133865,0.061621487793952566,-1.2490312762677604,2014,-0.08587551868812991,-0.05708991412347368,-1.7295329463789364,-0.023858076966791264,-0.48050167011117595
basket_return_le_1%,symbol_zscore_le_-1,fixed_horizon_6,stress,2014,-0.2419854902393828,-0.11847013792679148,-4.8735877734211694,2014,-0.26581972104036694,-0.2370628877090562,-5.35360918175299,-0.023834230800984152,-0.4800214083318206
basket_return_le_1%,symbol_zscore_le_-1,scaled_exit_6_12,base,2014,-0.06304607892169876,0.08066459327387651,-1.2697480294830132,2014,-0.08648269491254604,-0.07072836705294454,-1.7417614755386772,-0.023436615990847273,-0.472013446055664
basket_return_le_1%,symbol_zscore_le_-1,scaled_exit_6_12,stress,2014,-0.24301309931609033,-0.09944606604506231,-4.894283820226059,2014,-0.26642629039169163,-0.25068770899459397,-5.365825488488669,-0.023413191075601303,-0.4715416682626099
basket_return_le_1%,symbol_zscore_le_-2,fixed_horizon_12,base,1717,-0.1137906974893663,0.05229986687055551,-1.9537862758924192,1717,-0.11266770163357567,-0.01894594516148367,-1.9345044370484943,0.0011229958557906206,0.01928183884392487
basket_return_le_1%,symbol_zscore_le_-2,fixed_horizon_12,stress,1717,-0.2937069985994726,-0.1277824418830907,-5.042949165952944,1717,-0.292585125178881,-0.19895704367260497,-5.023686599321387,0.001121873420591557,0.01926256663155712
basket_return_le_1%,symbol_zscore_le_-2,fixed_horizon_6,base,1717,-0.09134477596872174,0.048654208364942234,-1.5683898033829522,1717,-0.09128672201680843,-0.0823983872331379,-1.5673930170286008,5.805395191331442e-05,0.0009967863543514088
basket_return_le_1%,symbol_zscore_le_-2,fixed_horizon_6,stress,1717,-0.27128351179420845,-0.1314244565503174,-4.657937897506558,1717,-0.27122551586726346,-0.2623460649808627,-4.656942107440914,5.799592694499811e-05,0.0009957900656445418
basket_return_le_1%,symbol_zscore_le_-2,scaled_exit_6_12,base,1717,-0.10256773672904405,0.07325438994489017,-1.7610880396376862,1717,-0.10197721182519205,-0.08247206307892323,-1.7509487270385478,0.0005905249038520022,0.010139312599138472
basket_return_le_1%,symbol_zscore_le_-2,scaled_exit_6_12,stress,1717,-0.2824952551968405,-0.10684886287029668,-4.850443531729751,1717,-0.2819053205230722,-0.262419667187581,-4.84031435338115,0.0005899346737682776,0.010129178348600831
basket_return_le_2%,bottom_1_performer,fixed_horizon_12,base,38,1.656006334999828,0.922004718127958,0.6292824072999347,38,2.00118831998006,0.32332294995586436,0.7604515615924229,0.3451819849802322,0.1311691542924882
basket_return_le_2%,bottom_1_performer,fixed_horizon_12,stress,38,1.474321120429507,0.7410531387237286,0.5602420257632127,38,1.819158095757081,0.1429697534275733,0.6912800763876907,0.34483697532757396,0.13103805062447804
basket_return_le_2%,bottom_1_performer,fixed_horizon_6,base,38,1.1764487603102298,0.48010050391674947,0.4470505289178873,38,1.5194378974665552,0.3357981581004111,0.577386401037291,0.3429891371563254,0.13033587211940367
basket_return_le_2%,bottom_1_performer,fixed_horizon_6,stress,38,0.9952428638951781,0.2995906081057977,0.3781922882801677,38,1.337889183151887,0.15543249259223807,0.5083978895977171,0.34264631925670896,0.13020560131754944
basket_return_le_2%,bottom_1_performer,scaled_exit_6_12,base,38,1.416227547655029,0.6662228983733748,0.538166468108911,38,1.760313108723308,0.47836405466732074,0.668918981314857,0.3440855610682789,0.13075251320594605
basket_return_le_2%,bottom_1_performer,scaled_exit_6_12,stress,38,1.234781992162343,0.4855269730896689,0.4692171570216903,38,1.5785236394544842,0.2978558944386774,0.599838982992704,0.3437416472921411,0.13062182597101368
basket_return_le_2%,bottom_2_performer,fixed_horizon_12,base,76,1.3511431931668394,0.6723206145487626,1.026868826806798,76,1.4682880629500508,0.2635743664011226,1.1158989278420386,0.11714486978321137,0.08903010103524056
basket_return_le_2%,bottom_2_performer,fixed_horizon_12,stress,76,1.169762689535237,0.49161859459318397,0.8890196440467802,76,1.2867904729333157,0.08328088862687336,0.9779607594293199,0.11702778339807862,0.08894111538253968
basket_return_le_2%,bottom_2_performer,fixed_horizon_6,base,76,0.9094472248095629,0.4303330830680597,0.6911798908552678,76,1.0271694064264203,0.33051639441448405,0.7806487488840794,0.11772218161685744,0.08946885802881166
basket_return_le_2%,bottom_2_performer,fixed_horizon_6,stress,76,0.7285081966293281,0.24987292983153403,0.5536662294382894,76,0.8461127148374414,0.1501560080330579,0.6430456632764554,0.11760451820811335,0.08937943383816604
basket_return_le_2%,bottom_2_performer,scaled_exit_6_12,base,76,1.130295208988201,0.4961757111467536,0.8590243588310328,76,1.2477287346882355,0.3644516319184688,0.9482738383630589,0.11743352570003451,0.08924947953202611
basket_return_le_2%,bottom_2_performer,scaled_exit_6_12,stress,76,0.9491354430822827,0.3156497481541166,0.7213429367425349,76,1.0664515938853785,0.1840573272417258,0.8105032113528876,0.11731615080309576,0.0891602746103527
basket_return_le_2%,bottom_3_performer,fixed_horizon_12,base,114,1.1012816503032237,0.6723206145487626,1.255461081345675,114,1.3970887118013853,0.24264489120671365,1.5926811314535791,0.2958070614981616,0.3372200501079041
basket_return_le_2%,bottom_3_performer,fixed_horizon_12,stress,114,0.9201508834709542,0.49161859459318397,1.0489720071568878,114,1.2156622855894785,0.062372332458598,1.3858550055720054,0.29551140211852434,0.3368829984151176
basket_return_le_2%,bottom_3_performer,fixed_horizon_6,base,114,0.7503691929515891,0.3544179716089691,0.8554208799648116,114,1.0360335502845006,0.2238933513628494,1.1810782473243309,0.2856643573329115,0.3256573673595192
basket_return_le_2%,bottom_3_performer,fixed_horizon_6,stress,114,0.569589163383406,0.17403369558322462,0.649331646257083,114,0.854967998977093,0.04363953479284324,0.9746635188338859,0.28537883559368693,0.32533187257680296
basket_return_le_2%,bottom_3_performer,scaled_exit_6_12,base,114,0.9258254216274066,0.3707900836528966,1.0554409806552434,114,1.216561131042943,0.1825760733004939,1.386879689388955,0.2907357094155364,0.3314387087337116
basket_return_le_2%,bottom_3_performer,scaled_exit_6_12,stress,114,0.7448700234271802,0.19038944368890326,0.8491518267069855,114,1.0353151422832858,0.0023635533808925814,1.1802592622029457,0.2904451188561056,0.3311074354959602
basket_return_le_2%,rel_basket_le_-1_atr_equiv,fixed_horizon_12,base,26,2.7687732834971635,0.53139171449327,0.7198810537092626,26,1.7179621134959657,0.2933218515575842,0.4466701495089511,-1.0508111700011977,-0.27321090420031147
basket_return_le_2%,rel_basket_le_-1_atr_equiv,fixed_horizon_12,stress,26,2.585975857527937,0.3508305530789003,0.6723537229572636,26,1.5362149740786126,0.11299864114962437,0.39941589326043925,-1.0497608834493244,-0.27293782969682434
basket_return_le_2%,rel_basket_le_-1_atr_equiv,fixed_horizon_6,base,26,1.7802477407598702,0.3346248789786311,0.4628644125975662,26,0.727519877840036,0.4837923601828687,0.1891551682384094,-1.0527278629198342,-0.27370924435915683
basket_return_le_2%,rel_basket_le_-1_atr_equiv,fixed_horizon_6,stress,26,1.5984383468113879,0.1542603861638005,0.41559397017096084,26,0.5467626861794304,0.30327877435881073,0.1421582984066519,-1.0516756606319575,-0.27343567176430894
basket_return_le_2%,rel_basket_le_-1_atr_equiv,scaled_exit_6_12,base,26,2.274510512128517,0.3411009821567857,0.5913727331534144,26,1.2227409956680009,0.5749960958155909,0.3179126588736802,-1.0517695164605163,-0.27346007427973423
basket_return_le_2%,rel_basket_le_-1_atr_equiv,scaled_exit_6_12,stress,26,2.092207102169662,0.160730016471979,0.5439738465641122,26,1.0414888301290215,0.39439135178940715,0.2707870958335456,-1.0507182720406407,-0.2731867507305666
basket_return_le_2%,rel_basket_le_1%,fixed_horizon_12,base,21,6.139586827822577,3.023683359427145,1.289313233842741,21,4.790219284372213,1.5720847580302253,1.005946049718165,-1.3493675434503638,-0.2833671841245762
basket_return_le_2%,rel_basket_le_1%,fixed_horizon_12,stress,21,5.953420271189789,2.840631150645994,1.2502182569498559,21,4.6054014216102965,1.3904834231389707,0.9671342985381624,-1.3480188495794927,-0.28308395841169354
basket_return_le_2%,rel_basket_le_1%,fixed_horizon_6,base,21,5.135149873031717,2.4638086668705617,1.0783814733366606,21,3.777699826099526,1.2752121975744404,0.7933169634809004,-1.3574500469321915,-0.28506450985576015
basket_return_le_2%,rel_basket_le_1%,fixed_horizon_6,stress,21,4.949987251887945,2.2813160532641867,1.0394973228964686,21,3.5938939772949063,1.0939075870298343,0.7547177352319303,-1.356093274593039,-0.28477958766453826
basket_return_le_2%,rel_basket_le_1%,scaled_exit_6_12,base,21,5.637368350427146,2.87312739914263,1.1838473535897007,21,4.28395955523587,1.4505130418890813,0.8996315065995327,-1.3534087951912763,-0.284215846990168
basket_return_le_2%,rel_basket_le_1%,scaled_exit_6_12,stress,21,5.451703761538868,2.6902256711566035,1.1448577899231622,21,4.099647699452602,1.2690332180192154,0.8609260168850463,-1.352056062086266,-0.2839317730381159
basket_return_le_2%,rel_basket_le_2%,fixed_horizon_12,base,10,10.237369255319846,6.1215941090864066,1.0237369255319846,10,5.909005755068963,2.2971555511944763,0.5909005755068963,-4.328363500250883,-0.43283635002508825
basket_return_le_2%,rel_basket_le_2%,fixed_horizon_12,stress,10,10.047106962080003,5.935445536189481,1.0047106962080001,10,5.723069664391197,2.114829507502119,0.5723069664391197,-4.324037297688806,-0.4324037297688804
basket_return_le_2%,rel_basket_le_2%,fixed_horizon_6,base,10,7.981433217543585,9.170649033575021,0.7981433217543585,10,3.6437029377521455,2.0115825806518073,0.3643702937752145,-4.337730279791439,-0.433773027979144
basket_return_le_2%,rel_basket_le_2%,fixed_horizon_6,stress,10,7.7934257340640345,8.981452927996164,0.7793425734064034,10,3.460031018937844,1.8295419673575002,0.3460031018937844,-4.3333947151261905,-0.43333947151261903
basket_return_le_2%,rel_basket_le_2%,scaled_exit_6_12,base,10,9.109401236431717,7.646121571330713,0.9109401236431717,10,4.776354346410554,1.6146937631077738,0.4776354346410554,-4.333046890021163,-0.4333046890021163
basket_return_le_2%,rel_basket_le_2%,scaled_exit_6_12,stress,10,8.920266348072017,7.458449232092823,0.8920266348072017,10,4.5915503416645205,1.4330498404840288,0.4591550341664521,-4.328716006407497,-0.4328716006407496
basket_return_le_2%,rel_basket_le_3%,fixed_horizon_12,base,4,25.885520957775356,25.093681800831224,1.0354208383110142,4,2.000887188781833,3.15150356713175,0.08003548755127332,-23.884633768993524,-0.9553853507597408
basket_return_le_2%,rel_basket_le_3%,fixed_horizon_12,stress,4,25.679618325182552,24.888570612069174,1.027184733007302,4,1.818857265539727,2.9683236019572337,0.07275429062158908,-23.860761059642826,-0.954430442385713
basket_return_le_2%,rel_basket_le_3%,fixed_horizon_6,base,4,22.56016912758761,21.94057108960904,0.9024067651035044,4,-0.6364574305177345,0.40499550478611746,-0.02545829722070938,-23.196626558105343,-0.9278650623242137
basket_return_le_2%,rel_basket_le_3%,fixed_horizon_6,stress,4,22.35759018664102,21.73861143736571,0.8943036074656407,4,-0.8158513258364952,0.22456067647807984,-0.03263405303345981,-23.173441512477513,-0.9269376604991005
basket_return_le_2%,rel_basket_le_3%,scaled_exit_6_12,base,4,24.22284504268148,23.517126445220132,0.9689138017072593,4,0.6822148791320495,1.7782495359589339,0.027288595165281978,-23.54063016354943,-0.9416252065419773
basket_return_le_2%,rel_basket_le_3%,scaled_exit_6_12,stress,4,24.018604255911786,23.313591024717443,0.9607441702364714,4,0.5015029698516154,1.5964421392176564,0.020060118794064614,-23.51710128606017,-0.9406840514424067
basket_return_le_2%,rel_btc_le_-1_atr_equiv,fixed_horizon_12,base,188,0.5548786159452077,0.35456728685178357,1.0431717979769903,188,0.9507547649778068,0.23936130790549684,1.787418958158277,0.39587614903259905,0.7442471601812866
basket_return_le_2%,rel_btc_le_-1_atr_equiv,fixed_horizon_12,stress,188,0.3742939793552398,0.17418286158535262,0.7036726811878508,188,0.7697744498802218,0.05909203110135334,1.447175965774817,0.39548047052498203,0.7435032845869664
basket_return_le_2%,rel_btc_le_-1_atr_equiv,fixed_horizon_6,base,188,0.3171511382725973,0.37024354242078067,0.5962441399524829,188,0.7047979637787403,0.19552829574002398,1.3250201719040318,0.387646825506143,0.7287760319515488
basket_return_le_2%,rel_btc_le_-1_atr_equiv,fixed_horizon_6,stress,188,0.13680411047470922,0.1898434487251512,0.25719172769245335,188,0.5240634826882647,0.01530283006438329,0.9852393474539377,0.38725937221355555,0.7280476197614844
basket_return_le_2%,rel_btc_le_-1_atr_equiv,scaled_exit_6_12,base,188,0.43601487710890235,0.26191205321451033,0.8197079689647364,188,0.8277763643782734,0.2569469213397924,1.556219565031154,0.39176148726937104,0.7365115960664177
basket_return_le_2%,rel_btc_le_-1_atr_equiv,scaled_exit_6_12,stress,188,0.2555490449149745,0.08162023692351764,0.480432204440152,188,0.6469189662842435,0.07666006770184378,1.2162076566143778,0.391369921369269,0.7357754521742258
basket_return_le_2%,rel_btc_le_1%,fixed_horizon_12,base,191,0.9707563423731743,0.8491249927220414,1.854144613932763,191,1.2133643125081162,0.34910615168025855,2.317525836890502,0.24260797013494184,0.463381222957739
basket_return_le_2%,rel_btc_le_1%,fixed_horizon_12,stress,191,0.7897560356839927,0.6682462566580051,1.5084340281564261,191,1.0321215189709818,0.1687271848225304,1.9713521012345754,0.24236548328698915,0.46291807307814925
basket_return_le_2%,rel_btc_le_1%,fixed_horizon_6,base,191,0.7690487401859563,0.48602307001585304,1.4688830937551764,191,1.0033482427042317,0.37619510768211134,1.9163951435650823,0.23429950251827547,0.4475120498099059
basket_return_le_2%,rel_btc_le_1%,fixed_horizon_6,stress,191,0.5882500403963143,0.30550725459566513,1.1235575771569604,191,0.8223153603862441,0.1957890653925755,1.5706223383377265,0.23406531998992974,0.4470647611807661
basket_return_le_2%,rel_btc_le_1%,scaled_exit_6_12,base,191,0.8699025412795652,0.6417145240363986,1.6615138538439698,191,1.1083562776061742,0.38074480956487805,2.1169604902277928,0.23845373632660893,0.455446636383823
basket_return_le_2%,rel_btc_le_1%,scaled_exit_6_12,stress,191,0.6890030380401537,0.461043094891227,1.3159958026566936,191,0.9272184396786133,0.20033421984487115,1.7709872197861514,0.23821540163845956,0.4549914171294578
basket_return_le_2%,rel_btc_le_2%,fixed_horizon_12,base,74,2.5257149845453473,1.28410397315343,1.869029088563557,74,3.151044584283625,1.0011755595905527,2.3317729923698827,0.625329599738278,0.4627439038063257
basket_return_le_2%,rel_btc_le_2%,fixed_horizon_12,stress,74,2.3431604955280663,1.1027904752724682,1.7339387666907689,74,2.9678650778628017,0.8201448488709785,2.1962201576184732,0.6247045823347355,0.46228139092770437
basket_return_le_2%,rel_btc_le_2%,fixed_horizon_6,base,74,2.1390588303331066,1.1835833219112326,1.582903534446499,74,2.7373211395717623,0.9842645689523335,2.025617643283104,0.5982623092386556,0.4427141088366051
basket_return_le_2%,rel_btc_le_2%,fixed_horizon_6,stress,74,1.9568908044317102,1.0023702944965174,1.4480991952794655,74,2.554555150043957,0.8032507607805651,1.8903708110325284,0.5976643456122468,0.44227161575306284
basket_return_le_2%,rel_btc_le_2%,scaled_exit_6_12,base,74,2.332386907439227,1.4171418859430431,1.725966311505028,74,2.9441828619276937,0.9894622689918333,2.1786953178264934,0.6117959544884668,0.4527290063214653
basket_return_le_2%,rel_btc_le_2%,scaled_exit_6_12,stress,74,2.150025649979888,1.235695416568554,1.5910189809851172,74,2.76121011395338,0.8084432657149799,2.043295484325501,0.6111844639734918,0.45227650334038394
basket_return_le_2%,rel_btc_le_3%,fixed_horizon_12,base,24,5.107932405253251,3.278169181057447,1.2259037772607804,24,7.203963505100653,4.601461718419367,1.7289512412241566,2.0960310998474014,0.5030474639633762
basket_return_le_2%,rel_btc_le_3%,fixed_horizon_12,stress,24,4.922796987988924,3.0948626135068924,1.181471277117342,24,7.016733103181316,4.416832518986062,1.684015944763516,2.093936115192392,0.502544667646174
basket_return_le_2%,rel_btc_le_3%,fixed_horizon_6,base,24,4.086494032958434,2.701136490877223,0.9807585679100242,24,6.114264669407729,2.7724564626807524,1.4674235206578548,2.0277706364492945,0.4866649527478305
basket_return_le_2%,rel_btc_le_3%,fixed_horizon_6,stress,24,3.902379544112653,2.518406667932909,0.9365710905870367,24,5.928123422291252,2.5896553553711725,1.4227496213499005,2.025743878178599,0.48617853076286377
basket_return_le_2%,rel_btc_le_3%,scaled_exit_6_12,base,24,4.597213219105843,2.935679616960892,1.1033311725854023,24,6.65911408725419,3.955027272247322,1.5981873809410057,2.0619008681483475,0.4948562083556034
basket_return_le_2%,rel_btc_le_3%,scaled_exit_6_12,stress,24,4.412588266050788,2.7527153679862963,1.0590211838521892,24,6.472428262736283,3.771044184527393,1.5533827830567082,2.0598399966854952,0.49436159920451894
basket_return_le_2%,symbol_zscore_le_-1,fixed_horizon_12,base,287,0.5116655441455836,0.0735190311840351,1.4684801116978252,287,0.724152993299652,0.10406612214583175,2.0783190907700013,0.21248744915406836,0.6098389790721761
basket_return_le_2%,symbol_zscore_le_-1,fixed_horizon_12,stress,287,0.3311240990532624,-0.10658448614024416,0.9503261642828631,287,0.5433991668426691,-0.07606792701874796,1.5595556088384603,0.2122750677894067,0.6092294445555972
basket_return_le_2%,symbol_zscore_le_-1,fixed_horizon_6,base,287,0.4456557330510975,0.20569159918263583,1.27903195385665,287,0.6538680369499041,0.05677995125660481,1.876601266046225,0.20821230389880663,0.5975693121895751
basket_return_le_2%,symbol_zscore_le_-1,fixed_horizon_6,stress,287,0.26518026481442997,0.025455975277615263,0.761067360017414,287,0.4731844603594605,-0.12330683534475625,1.3580394012316515,0.20800419554503052,0.5969720412142374
basket_return_le_2%,symbol_zscore_le_-1,scaled_exit_6_12,base,287,0.4786606385983406,0.09568896169964933,1.3737560327772376,287,0.6890105151247782,0.08973773044064445,1.9774601784081134,0.21034987652643755,0.6037041456308758
basket_return_le_2%,symbol_zscore_le_-1,scaled_exit_6_12,stress,287,0.2981521819338462,-0.08443671448678067,0.8556967621501387,287,0.5082918136010649,-0.0903819974856955,1.4587975050350561,0.21013963166721872,0.6031007428849174
basket_return_le_2%,symbol_zscore_le_-2,fixed_horizon_12,base,269,0.4396361709817217,0.007289428304204716,1.1826212999408314,269,0.7351467029068646,0.09992560140165371,1.9775446308194655,0.29551053192514287,0.7949233308786341
basket_return_le_2%,symbol_zscore_le_-2,fixed_horizon_12,stress,269,0.2591667193018548,-0.17274789248235653,0.6971584749219893,269,0.5543818882288907,-0.08020430930934616,1.491287279335716,0.29521516892703586,0.7941288044137266
basket_return_le_2%,symbol_zscore_le_-2,fixed_horizon_6,base,269,0.3961503039344496,0.19507182013961627,1.0656443175836694,269,0.6877498056115326,0.06165672078698677,1.850046977095023,0.29159950167708304,0.7844026595113536
basket_return_le_2%,symbol_zscore_le_-2,fixed_horizon_6,stress,269,0.21572431641128245,0.014846810711670735,0.5802984111463498,269,0.5070323641679215,-0.11843494014915454,1.3639170596117087,0.2913080477566391,0.7836186484653589
basket_return_le_2%,symbol_zscore_le_-2,scaled_exit_6_12,base,269,0.41789323745808565,0.06301726315602005,1.1241328087622504,269,0.7114482542591986,0.09047278330701855,1.913795803957244,0.2935550168011129,0.7896629951949936
basket_return_le_2%,symbol_zscore_le_-2,scaled_exit_6_12,stress,269,0.23744551785656867,-0.11707575764322672,0.6387284430341698,269,0.530707126198406,-0.08964767930521131,1.4276021694737122,0.29326160834183734,0.7888737264395425
basket_return_le_3%,bottom_1_performer,fixed_horizon_12,base,8,5.1562413970279035,0.7435018069779554,0.41249931176223226,8,7.2040702372160705,2.0053068030566745,0.5763256189772856,2.047828840188167,0.16382630721505337
basket_return_le_3%,bottom_1_performer,fixed_horizon_12,stress,8,4.971057694890094,0.5627286413671985,0.3976846155912075,8,7.016839728617905,1.8232724624067935,0.5613471782894324,2.0457820337278108,0.16366256269822488
basket_return_le_3%,bottom_1_performer,fixed_horizon_6,base,8,4.0237815213720305,0.08073962452779476,0.32190252170976247,8,6.023794293342565,0.7314458064070185,0.4819035434674052,2.0000127719705345,0.16000102175764275
basket_return_le_3%,bottom_1_performer,fixed_horizon_6,stress,8,3.83972971372858,-0.09937110978495241,0.3071783770982864,8,5.8377434714347585,0.5506846907778741,0.4670194777147807,1.9980137577061785,0.1598411006164943
basket_return_le_3%,bottom_1_performer,scaled_exit_6_12,base,8,4.5900114591999674,0.41212071575287507,0.36720091673599736,8,6.613932265279318,1.1853020126367928,0.5291145812223454,2.0239208060793503,0.16191366448634809
basket_return_le_3%,bottom_1_performer,scaled_exit_6_12,stress,8,4.405393704309336,0.231678765791123,0.3524314963447469,8,6.427291600026332,1.0040872673894188,0.5141833280021065,2.0218978957169957,0.16175183165735962
basket_return_le_3%,bottom_2_performer,fixed_horizon_12,base,16,4.829823236382894,0.973093902963498,0.772771717821263,16,5.724413018685056,1.0011755595905527,0.915906082989609,0.8945897823021625,0.143134365168346
basket_return_le_3%,bottom_2_performer,fixed_horizon_12,stress,16,4.644965789441261,0.7920912598807607,0.7431945263106018,16,5.538661428585634,0.8201448488709785,0.8861858285737014,0.8936956391443731,0.14299130226309964
basket_return_le_3%,bottom_2_performer,fixed_horizon_6,base,16,3.4018688759214175,0.4515611196872294,0.5442990201474268,16,4.272867329127029,0.7826767387457825,0.6836587726603247,0.8709984532056119,0.1393597525128979
basket_return_le_3%,bottom_2_performer,fixed_horizon_6,stress,16,3.21843867043314,0.27107974901218646,0.5149501872693024,16,4.088566560032063,0.6018644177613709,0.65417064960513,0.8701278895989226,0.13922046233582763
basket_return_le_3%,bottom_2_performer,scaled_exit_6_12,base,16,4.115846056152155,0.7123275113253636,0.6585353689843448,16,4.998640173906042,0.7403744611535169,0.7997824278249668,0.8827941177538872,0.14124705884062194
basket_return_le_3%,bottom_2_performer,scaled_exit_6_12,stress,16,3.9317022299372004,0.5315855044464736,0.6290723567899521,16,4.813613994308847,0.5596044213272579,0.7701782390894155,0.8819117643716465,0.14110588229946341
basket_return_le_3%,bottom_3_performer,fixed_horizon_12,base,24,3.441257478485424,0.973093902963498,0.8259017948365017,24,5.099164072713315,0.9251740045576409,1.2237993774511957,1.6579065942278914,0.397897582614694
basket_return_le_3%,bottom_3_performer,fixed_horizon_12,stress,24,3.257787904059365,0.7920912598807607,0.7818690969742476,24,4.914037419403935,0.7442192574492569,1.1793689806569445,1.65624951534457,0.39749988368269695
basket_return_le_3%,bottom_3_performer,fixed_horizon_6,base,24,2.2801713156101795,0.22582689925736646,0.5472411157464431,24,3.866726715570524,0.6497987647937764,0.9280144117369258,1.5865553999603446,0.3807732959904827
basket_return_le_3%,bottom_3_performer,fixed_horizon_6,stress,24,2.0978622476740054,0.045571150104799646,0.5034869394417614,24,3.6828318843231616,0.4691192554439106,0.8838796522375587,1.5849696366491561,0.38039271279579734
basket_return_le_3%,bottom_3_performer,scaled_exit_6_12,base,24,2.8607143970478015,0.7123275113253636,0.6865714552914723,24,4.482945394141921,0.7403744611535169,1.0759068945940609,1.6222309970941193,0.3893354393025885
basket_return_le_3%,bottom_3_performer,scaled_exit_6_12,stress,24,2.6778250758666853,0.5315855044464736,0.6426780182080044,24,4.298434651863548,0.5596044213272579,1.0316243164472516,1.620609575996863,0.3889462982392472
basket_return_le_3%,rel_basket_le_-1_atr_equiv,fixed_horizon_12,base,12,6.414027967206545,1.7077924029538025,0.7696833560647854,12,3.541843712810395,0.564011860546978,0.4250212455372474,-2.87218425439615,-0.34466211052753803
basket_return_le_3%,rel_basket_le_-1_atr_equiv,fixed_horizon_12,stress,12,6.227587106449287,1.5260554281697416,0.7473104527739145,12,3.358273602367756,0.3834180952721745,0.40299283228413074,-2.869313504081531,-0.34431762048978376
basket_return_le_3%,rel_basket_le_-1_atr_equiv,fixed_horizon_6,base,12,4.024737282668294,2.3541657996959975,0.4829684739201953,12,1.1447504824848793,0.6684005982462128,0.13737005789818552,-2.879986800183415,-0.3455984160220098
basket_return_le_3%,rel_basket_le_-1_atr_equiv,fixed_horizon_6,stress,12,3.8406845197407113,2.1717827742175504,0.46088214236888536,12,0.9635762685222686,0.4877024963498778,0.11562915222267224,-2.8771082512184427,-0.34525299014621313
basket_return_le_3%,rel_basket_le_-1_atr_equiv,scaled_exit_6_12,base,12,5.2193826249374204,2.0309791013249,0.6263259149924905,12,2.343297097647637,0.5749960958155909,0.28119565171771643,-2.8760855272897836,-0.34513026327477403
basket_return_le_3%,rel_basket_le_-1_atr_equiv,scaled_exit_6_12,stress,12,5.0341358130949985,1.848919101193646,0.6040962975713998,12,2.160924935445012,0.39439135178940715,0.2593109922534015,-2.8732108776499863,-0.34478530531799834
basket_return_le_3%,rel_basket_le_1%,fixed_horizon_12,base,11,9.554098724330567,5.759903610141862,1.0509508596763624,11,7.794111429018141,5.997689660040809,0.8573522571919956,-1.7599872953124258,-0.19359860248436678
basket_return_le_3%,rel_basket_le_1%,fixed_horizon_12,stress,11,9.364519360498473,5.574116547169665,1.030097129654832,11,7.606291173806611,5.811664929733555,0.8366920291187272,-1.7582281866918628,-0.19340510053610482
basket_return_le_3%,rel_basket_le_1%,fixed_horizon_6,base,11,7.451802236277305,8.36525476169764,0.8196982459905036,11,5.6814285304956424,2.7479529637291744,0.6249571383545206,-1.7703737057816626,-0.19474110763598296
basket_return_le_3%,rel_basket_le_1%,fixed_horizon_6,stress,11,7.264324119360427,8.17686364829709,0.799075653129647,11,5.49571990342437,2.5651763476851657,0.6045291893766808,-1.7686042159360564,-0.19454646375296625
basket_return_le_3%,rel_basket_le_1%,scaled_exit_6_12,base,11,8.502950480303936,7.566139600848035,0.935324552833433,11,6.737769979756893,5.065179043370641,0.7411546977732582,-1.765180500547043,-0.1941698550601748
basket_return_le_3%,rel_basket_le_1%,scaled_exit_6_12,stress,11,8.31442173992945,7.378547203649593,0.9145863913922396,11,6.551005538615491,4.880086358123563,0.720610609247704,-1.7634162013139596,-0.1939757821445356
basket_return_le_3%,rel_basket_le_2%,fixed_horizon_12,base,7,12.443831567942645,14.216230103705552,0.8710682097559852,7,7.143386336902591,3.022226344358727,0.5000370435831814,-5.3004452310400545,-0.37103116617280385
basket_return_le_3%,rel_basket_le_2%,fixed_horizon_12,stress,7,12.251363913967865,14.02199093606607,0.8575954739777505,7,6.956216481908271,2.8391755918652666,0.486935153733579,-5.2951474320595935,-0.3706603202441715
basket_return_le_3%,rel_basket_le_2%,fixed_horizon_6,base,7,8.392923238489672,13.225017701402086,0.587504626694277,7,3.0971146659659503,0.5355226242942068,0.21679802661761652,-5.295808572523722,-0.37070660007666056
basket_return_le_3%,rel_basket_le_2%,fixed_horizon_6,stress,7,8.204504470425832,13.031769251301522,0.5743153129298082,7,2.9139890625389,0.3549573340324176,0.20397923437772303,-5.290515407886931,-0.37033607855208517
basket_return_le_3%,rel_basket_le_2%,scaled_exit_6_12,base,7,10.418377403216159,13.720623902553818,0.7292864182251311,7,5.120250501434271,1.7788744843264668,0.358417535100399,-5.298126901781887,-0.3708688831247321
basket_return_le_3%,rel_basket_le_2%,scaled_exit_6_12,stress,7,10.227934192196846,13.526880093683797,0.7159553934537792,7,4.935102772223586,1.5970664629488422,0.345457194055651,-5.29283141997326,-0.3704981993981282
basket_return_le_3%,rel_basket_le_3%,fixed_horizon_12,base,4,25.885520957775356,25.093681800831224,1.0354208383110142,4,2.000887188781833,3.15150356713175,0.08003548755127332,-23.884633768993524,-0.9553853507597408
basket_return_le_3%,rel_basket_le_3%,fixed_horizon_12,stress,4,25.679618325182552,24.888570612069174,1.027184733007302,4,1.818857265539727,2.9683236019572337,0.07275429062158908,-23.860761059642826,-0.954430442385713
basket_return_le_3%,rel_basket_le_3%,fixed_horizon_6,base,4,22.56016912758761,21.94057108960904,0.9024067651035044,4,-0.6364574305177345,0.40499550478611746,-0.02545829722070938,-23.196626558105343,-0.9278650623242137
basket_return_le_3%,rel_basket_le_3%,fixed_horizon_6,stress,4,22.35759018664102,21.73861143736571,0.8943036074656407,4,-0.8158513258364952,0.22456067647807984,-0.03263405303345981,-23.173441512477513,-0.9269376604991005
basket_return_le_3%,rel_basket_le_3%,scaled_exit_6_12,base,4,24.22284504268148,23.517126445220132,0.9689138017072593,4,0.6822148791320495,1.7782495359589339,0.027288595165281978,-23.54063016354943,-0.9416252065419773
basket_return_le_3%,rel_basket_le_3%,scaled_exit_6_12,stress,4,24.018604255911786,23.313591024717443,0.9607441702364714,4,0.5015029698516154,1.5964421392176564,0.020060118794064614,-23.51710128606017,-0.9406840514424067
basket_return_le_3%,rel_btc_le_-1_atr_equiv,fixed_horizon_12,base,47,2.183809432610464,1.1526980817217283,1.026390433326918,47,3.7639812838127895,1.0139638574264833,1.769071203392011,1.5801718512023255,0.742680770065093
basket_return_le_3%,rel_btc_le_-1_atr_equiv,fixed_horizon_12,stress,47,2.001596678448559,0.9715159241277239,0.9407504388708225,47,3.580189146701466,0.8329203647936368,1.682688898949689,1.578592468252907,0.7419384600788665
basket_return_le_3%,rel_btc_le_-1_atr_equiv,fixed_horizon_6,base,47,1.252154945472292,0.5078017802166679,0.5885128243719772,47,2.7841708756569594,0.7629393150191089,1.308560311558771,1.5320159301846674,0.7200474871867938
basket_return_le_3%,rel_btc_le_-1_atr_equiv,fixed_horizon_6,stress,47,1.0708733806684396,0.32726419695928055,0.5033104889141666,47,2.6013580597828287,0.5821467216045085,1.2226382880979296,1.5304846791143891,0.719327799183763
basket_return_le_3%,rel_btc_le_-1_atr_equiv,scaled_exit_6_12,base,47,1.7179821890413778,0.8329254817036083,0.8074516288494475,47,3.274076079734874,0.8890193813599148,1.5388157574753907,1.556093890693496,0.7313641286259431
basket_return_le_3%,rel_btc_le_-1_atr_equiv,scaled_exit_6_12,stress,47,1.536235029558499,0.6520629370629517,0.7220304638924946,47,3.0907736032421487,0.7081007708245203,1.45266359352381,1.5545385736836497,0.7306331296313153
basket_return_le_3%,rel_btc_le_1%,fixed_horizon_12,base,53,2.314889256342875,1.1526980817217283,1.2268913058617237,53,3.5817675562373794,0.9989336453351119,1.8983368048058111,1.2668782998945045,0.6714454989440874
basket_return_le_3%,rel_btc_le_1%,fixed_horizon_12,stress,53,2.13254548779892,0.9715159241277239,1.1302491085334276,53,3.398157541883315,0.8179051754104983,1.801023497198157,1.2656120540843951,0.6707743886647293
basket_return_le_3%,rel_btc_le_1%,fixed_horizon_6,base,53,1.6404957069952302,0.5832590419707762,0.8694627247074721,53,2.8633838422751174,0.7640749052933461,1.5175934364058121,1.2228881352798873,0.64813071169834
basket_return_le_3%,rel_btc_le_1%,fixed_horizon_6,stress,53,1.4588259953092226,0.4026460391237264,0.7731777775138879,53,2.6804918529814916,0.5832811768554037,1.4206606820801906,1.221665857672269,0.6474829045663026
basket_return_le_3%,rel_btc_le_1%,scaled_exit_6_12,base,53,1.9776924816690522,0.941279435704159,1.0481770152845977,53,3.222575699256248,0.8890193813599148,1.7079651206058113,1.2448832175871958,0.6597881053212136
basket_return_le_3%,rel_btc_le_1%,scaled_exit_6_12,stress,53,1.7956857415540712,0.7603085912052766,0.9517134430236578,53,3.039324697432404,0.7081007708245203,1.6108420896391742,1.2436389558783327,0.6591286466155164
basket_return_le_3%,rel_btc_le_2%,fixed_horizon_12,base,35,3.5547258485772235,1.3140686685570693,1.2441540470020283,35,5.320790810506322,1.617344033183845,1.8622767836772127,1.7660649619290987,0.6181227366751845
basket_return_le_3%,rel_btc_le_2%,fixed_horizon_12,stress,35,3.371142862430227,1.1327252209405936,1.1799000018505794,35,5.135442641106436,1.4356974616131435,1.7974049243872525,1.7642997786762087,0.6175049225366731
basket_return_le_3%,rel_btc_le_2%,fixed_horizon_6,base,35,2.6640373531595483,1.714287799123073,0.9324130736058418,35,4.368223496959231,0.9648081921414555,1.5288782239357306,1.7041861437996824,0.5964651503298888
basket_return_le_3%,rel_btc_le_2%,fixed_horizon_6,stress,35,2.481344610831181,1.532544332185686,0.8684706137909135,35,4.183827419303058,0.7838138306328891,1.4643395967560702,1.7024828084718768,0.5958689829651567
basket_return_le_3%,rel_btc_le_2%,scaled_exit_6_12,base,35,3.1093816008683848,1.491137550754931,1.0882835603039347,35,4.844507153732776,1.1730281768578068,1.6955775038064715,1.7351255528643912,0.6072939435025368
basket_return_le_3%,rel_btc_le_2%,scaled_exit_6_12,stress,35,2.9262437366307052,1.3096171226580178,1.0241853078207468,35,4.659635030204747,0.991825699318465,1.6308722605716615,1.7333912935740416,0.6066869527509147
basket_return_le_3%,rel_btc_le_3%,fixed_horizon_12,base,21,5.110643149927528,1.9286819392096886,1.0732350614847808,21,7.800417663335438,5.997689660040809,1.638087709300442,2.68977451340791,0.5648526478156612
basket_return_le_3%,rel_btc_le_3%,fixed_horizon_12,stress,21,4.9255050232718665,1.746724185168596,1.034356054887092,21,7.612591105037976,5.811664929733555,1.598644132057975,2.6870860817661093,0.5642880771708829
basket_return_le_3%,rel_btc_le_3%,fixed_horizon_6,base,21,3.667237489761631,2.4638086668705617,0.7701198728499424,21,6.285005969048843,2.7479529637291744,1.3198512535002571,2.617768479287212,0.5497313806503147
basket_return_le_3%,rel_btc_le_3%,fixed_horizon_6,stress,21,3.4835420481449573,2.2813160532641867,0.7315438301104411,21,6.098694065875425,2.5651763476851657,1.2807257538338392,2.615152017730468,0.5491819237233981
basket_return_le_3%,rel_btc_le_3%,scaled_exit_6_12,base,21,4.388940319844579,2.30419174105301,0.9216774671673617,21,7.04271181619214,5.065179043370641,1.4789694814003493,2.653771496347561,0.5572920142329877
basket_return_le_3%,rel_btc_le_3%,scaled_exit_6_12,stress,21,4.204523535708414,2.1218586646836006,0.8829499424987668,21,6.855642585456702,4.880086358123563,1.4396849429459073,2.6511190497482886,0.5567350004471405
basket_return_le_3%,symbol_zscore_le_-1,fixed_horizon_12,base,64,2.134310792040741,1.0620720716756706,1.3659589069060742,64,3.1591937444159504,0.8557916109263621,2.021883996426208,1.0248829523752092,0.6559250895201338
basket_return_le_3%,symbol_zscore_le_-1,fixed_horizon_12,stress,64,1.9521475118071772,0.8809804948466217,1.2493744075565933,64,2.9760060929034693,0.6749062115724059,1.9046438994582204,1.0238585810962921,0.6552694919016271
basket_return_le_3%,symbol_zscore_le_-1,fixed_horizon_6,base,64,1.6052845493987167,0.545530411093722,1.0273821116151787,64,2.5935773254399037,0.7017727613115721,1.6598894882815383,0.988292776041187,0.6325073766663596
basket_return_le_3%,symbol_zscore_le_-1,fixed_horizon_6,stress,64,1.4236500312911122,0.36495511804150343,0.9111360200263119,64,2.410955007962044,0.5210413039132323,1.543011205095708,0.9873049766709316,0.6318751850693962
basket_return_le_3%,symbol_zscore_le_-1,scaled_exit_6_12,base,64,1.8697976707197286,0.7965710948008156,1.1966705092606262,64,2.876385534927927,0.7052499306129856,1.8408867423538733,1.0065878642081982,0.644216233093247
basket_return_le_3%,symbol_zscore_le_-1,scaled_exit_6_12,stress,64,1.687898771549145,0.6157448863971117,1.0802552137914527,64,2.6934805504327564,0.5245149977813214,1.7238275522769642,1.0055817788836114,0.6435723384855114
basket_return_le_3%,symbol_zscore_le_-2,fixed_horizon_12,base,64,2.134310792040741,1.0620720716756706,1.3659589069060742,64,3.1591937444159504,0.8557916109263621,2.021883996426208,1.0248829523752092,0.6559250895201338
basket_return_le_3%,symbol_zscore_le_-2,fixed_horizon_12,stress,64,1.9521475118071772,0.8809804948466217,1.2493744075565933,64,2.9760060929034693,0.6749062115724059,1.9046438994582204,1.0238585810962921,0.6552694919016271
basket_return_le_3%,symbol_zscore_le_-2,fixed_horizon_6,base,64,1.6052845493987167,0.545530411093722,1.0273821116151787,64,2.5935773254399037,0.7017727613115721,1.6598894882815383,0.988292776041187,0.6325073766663596
basket_return_le_3%,symbol_zscore_le_-2,fixed_horizon_6,stress,64,1.4236500312911122,0.36495511804150343,0.9111360200263119,64,2.410955007962044,0.5210413039132323,1.543011205095708,0.9873049766709316,0.6318751850693962
basket_return_le_3%,symbol_zscore_le_-2,scaled_exit_6_12,base,64,1.8697976707197286,0.7965710948008156,1.1966705092606262,64,2.876385534927927,0.7052499306129856,1.8408867423538733,1.0065878642081982,0.644216233093247
basket_return_le_3%,symbol_zscore_le_-2,scaled_exit_6_12,stress,64,1.687898771549145,0.6157448863971117,1.0802552137914527,64,2.6934805504327564,0.5245149977813214,1.7238275522769642,1.0055817788836114,0.6435723384855114
breadth_down_1pct_ge_4,bottom_1_performer,fixed_horizon_12,base,334,-0.015360278959463637,0.03983266521728986,-0.05130333172460855,334,-0.03949634513769451,-0.041040141894697,-0.13191779275989968,-0.024136066178230872,-0.08061446103529113
breadth_down_1pct_ge_4,bottom_1_performer,fixed_horizon_12,stress,334,-0.19537496134665158,-0.14023718255895087,-0.6525523708978163,334,-0.21948690350865,-0.22102915723963928,-0.733086257718891,-0.024111942161998412,-0.08053388682107476
breadth_down_1pct_ge_4,bottom_1_performer,fixed_horizon_6,base,334,-0.03827285601014014,0.10482763430486272,-0.12783133907386807,334,-0.0637998113276844,-0.09380987610171135,-0.21309136983446592,-0.025526955317544266,-0.08526003076059785
breadth_down_1pct_ge_4,bottom_1_performer,fixed_horizon_6,stress,334,-0.21826463725939552,-0.07530717599170775,-0.7290038884463811,334,-0.24376607836597103,-0.2737461480577528,-0.8141787017423433,-0.025501441106575512,-0.08517481329596222
breadth_down_1pct_ge_4,bottom_1_performer,scaled_exit_6_12,base,334,-0.026816567484801965,0.06946107817903899,-0.08956733539923856,334,-0.05164807823268947,-0.10953261985884358,-0.17250458129718282,-0.024831510747887506,-0.08293724589794427
breadth_down_1pct_ge_4,bottom_1_performer,scaled_exit_6_12,stress,334,-0.20681979930302358,-0.11063838321817107,-0.6907781296720987,334,-0.23162649093731053,-0.28945317692072686,-0.7736324797306171,-0.024806691634286948,-0.08285435005851838
breadth_down_1pct_ge_4,bottom_2_performer,fixed_horizon_12,base,668,-0.07005162727067168,-0.07229051774821686,-0.46794487016808683,668,-0.10949423153972133,-0.14098805742290602,-0.7314214666853386,-0.03944260426904965,-0.26347659651725175
breadth_down_1pct_ge_4,bottom_2_performer,fixed_horizon_12,stress,668,-0.25001164561423905,-0.2522482983190642,-1.670077792703117,668,-0.28941482697076387,-0.32087717475138927,-1.9332910441647027,-0.03940318135652482,-0.2632132514615857
breadth_down_1pct_ge_4,bottom_2_performer,fixed_horizon_6,base,668,-0.07862102326326245,0.039901519053744464,-0.5251884353985932,668,-0.11901480438722188,-0.12220546315114036,-0.7950188933066421,-0.04039378112395943,-0.26983045790804894
breadth_down_1pct_ge_4,bottom_2_performer,fixed_horizon_6,stress,668,-0.25857247648911297,-0.1401683975419686,-1.7272641429472748,668,-0.2989258839985688,-0.3021133536966601,-1.9968249051104396,-0.04035340750945582,-0.2695607621631648
breadth_down_1pct_ge_4,bottom_2_performer,scaled_exit_6_12,base,668,-0.07433632526696707,0.014142722559523164,-0.49656665278334006,668,-0.11425451796347158,-0.13674261818345848,-0.7632201799959901,-0.03991819269650451,-0.26665352721265007
breadth_down_1pct_ge_4,bottom_2_performer,scaled_exit_6_12,stress,668,-0.254292061051676,-0.1659014480997932,-1.6986709678251957,668,-0.2941703554846663,-0.3166359788316429,-1.965057974637571,-0.03987829443299029,-0.26638700681237526
breadth_down_1pct_ge_4,bottom_3_performer,fixed_horizon_12,base,1002,-0.09748268528684487,-0.01204358022867995,-0.9767765065741856,1002,-0.11242721970969266,-0.11051763517928906,-1.1265207414911205,-0.014944534422847794,-0.1497442349169349
breadth_down_1pct_ge_4,bottom_3_performer,fixed_horizon_12,stress,1002,-0.27741528626736894,-0.19206157765873183,-2.7797011683990367,1002,-0.2923448836168613,-0.2904372077176263,-2.9292957338409504,-0.01492959734949234,-0.14959456544191374
breadth_down_1pct_ge_4,bottom_3_performer,fixed_horizon_6,base,1002,-0.09366327404465341,0.039901519053744464,-0.9385060059274272,1002,-0.11066170740841307,-0.12220546315114036,-1.1088303082322988,-0.016998433363759655,-0.1703243023048716
breadth_down_1pct_ge_4,bottom_3_performer,fixed_horizon_6,stress,1002,-0.27359969252957567,-0.1401683975419686,-2.741468919146348,1002,-0.2905811359464496,-0.3021133536966601,-2.9116229821834247,-0.01698144341687391,-0.17015406303707659
breadth_down_1pct_ge_4,bottom_3_performer,scaled_exit_6_12,base,1002,-0.09557297966574921,0.020358991472082606,-0.957641256250807,1002,-0.11154446355905283,-0.13968734255083762,-1.1176755248617094,-0.01597148389330362,-0.16003426861090242
breadth_down_1pct_ge_4,bottom_3_performer,scaled_exit_6_12,stress,1002,-0.27550748939847225,-0.15969139235267146,-2.7605850437726924,1002,-0.2914630097816555,-0.31957775994481225,-2.920459358012188,-0.015955520383183264,-0.1598743142394956
breadth_down_1pct_ge_4,rel_basket_le_-1_atr_equiv,fixed_horizon_12,base,99,0.14870400952605015,-0.6790532609248867,0.14721696943078963,99,0.13403807851134703,-0.016115503357236816,0.13269769772623355,-0.01466593101470312,-0.01451927170455608
breadth_down_1pct_ge_4,rel_basket_le_-1_atr_equiv,fixed_horizon_12,stress,99,-0.03147465524042533,-0.8584045816792573,-0.031159908688021074,99,-0.04612592764608949,-0.19612943089708051,-0.0456646683696286,-0.014651272405664162,-0.014504759681607523
breadth_down_1pct_ge_4,rel_basket_le_-1_atr_equiv,fixed_horizon_6,base,99,-0.2006001408936275,-0.326860864517251,-0.1985941394846912,99,-0.21695383676698624,-0.11811167431293504,-0.21478429839931637,-0.016353695873358748,-0.016190158914625163
breadth_down_1pct_ge_4,rel_basket_le_-1_atr_equiv,fixed_horizon_6,stress,99,-0.38042967589999627,-0.5065642018357196,-0.3766253791409963,99,-0.3967670262420763,-0.2980236566034587,-0.3927993559796556,-0.01633735034208006,-0.016173976838659287
breadth_down_1pct_ge_4,rel_basket_le_-1_atr_equiv,scaled_exit_6_12,base,99,-0.025948065683788803,-0.49244606540983277,-0.025688585026950917,99,-0.04145787912781952,-0.04401659423304054,-0.04104330033654133,-0.01550981344403072,-0.01535471530959041
breadth_down_1pct_ge_4,rel_basket_le_-1_atr_equiv,scaled_exit_6_12,stress,99,-0.2059521655702108,-0.6719839001959448,-0.20389264391450868,99,-0.22144647694408298,-0.22400263461162068,-0.21923201217464214,-0.015494311373872194,-0.015339368260133462
breadth_down_1pct_ge_4,rel_basket_le_1%,fixed_horizon_12,base,52,2.319143908234927,0.4010905926989517,1.205954832282162,52,2.1543302839739744,0.4746032204428397,1.1202517476664666,-0.1648136242609528,-0.08570308461569542
breadth_down_1pct_ge_4,rel_basket_le_1%,fixed_horizon_12,stress,52,2.1367958871632173,0.22065966735346682,1.111133861324873,52,1.972146994243223,0.29409881917082287,1.025516437006476,-0.1646488929199943,-0.08561742431839692
breadth_down_1pct_ge_4,rel_basket_le_1%,fixed_horizon_6,base,52,1.89774556727113,0.42627577271251665,0.9868276949809875,52,1.723309634565916,0.26167077840909775,0.8961210099742764,-0.17443593270521407,-0.0907066850067112
breadth_down_1pct_ge_4,rel_basket_le_1%,fixed_horizon_6,stress,52,1.715818734157001,0.24581967476073235,0.8922257417616406,52,1.541557150297243,0.08137920327248485,0.8016097181545663,-0.1742615838597581,-0.09061602360707433
breadth_down_1pct_ge_4,rel_basket_le_1%,scaled_exit_6_12,base,52,2.108444737753029,0.5241078152103029,1.0963912636315751,52,1.9388199592699453,0.40524950133154164,1.0081863788203715,-0.16962477848308355,-0.08820488481120359
breadth_down_1pct_ge_4,rel_basket_le_1%,scaled_exit_6_12,stress,52,1.9263073106601094,0.3435539340587258,1.0016798015432569,52,1.7568520722702332,0.22481441915375616,0.9135630775805212,-0.1694552383898762,-0.08811672396273562
breadth_down_1pct_ge_4,rel_basket_le_2%,fixed_horizon_12,base,13,8.242229630465161,3.9261298602994015,1.0714898519604708,13,5.275345542030943,2.3814034038368703,0.6857949204640226,-2.9668840884342176,-0.3856949314964482
breadth_down_1pct_ge_4,rel_basket_le_2%,fixed_horizon_12,stress,13,8.053961480775463,3.7421756555643655,1.04701499250081,13,5.090042795210959,2.1989931543526624,0.6617055633774247,-2.9639186855645043,-0.3853094291233854
breadth_down_1pct_ge_4,rel_basket_le_2%,fixed_horizon_6,base,13,6.393419448773006,4.798356932138629,0.8311445283404908,13,3.419928619111502,1.2752121975744404,0.4445907204844953,-2.973490829661504,-0.38655380785599547
breadth_down_1pct_ge_4,rel_basket_le_2%,fixed_horizon_6,stress,13,6.206999186245362,4.61353093579167,0.8069098942118971,13,3.2364803628963728,1.0939075870298343,0.4207424471765285,-2.970518823348989,-0.3861674470353686
breadth_down_1pct_ge_4,rel_basket_le_2%,scaled_exit_6_12,base,13,7.3178245396190835,4.509979394988031,0.9513171901504808,13,4.347637080571223,1.7788744843264668,0.565192820474259,-2.9701874590478603,-0.38612436967622177
breadth_down_1pct_ge_4,rel_basket_le_2%,scaled_exit_6_12,stress,13,7.130480333510411,4.325441632205555,0.9269624433563535,13,4.163261579053665,1.5970664629488422,0.5412240052769764,-2.967218754456746,-0.385738438079377
breadth_down_1pct_ge_4,rel_basket_le_3%,fixed_horizon_12,base,4,25.885520957775356,25.093681800831224,1.0354208383110142,4,2.000887188781833,3.15150356713175,0.08003548755127332,-23.884633768993524,-0.9553853507597408
breadth_down_1pct_ge_4,rel_basket_le_3%,fixed_horizon_12,stress,4,25.679618325182552,24.888570612069174,1.027184733007302,4,1.818857265539727,2.9683236019572337,0.07275429062158908,-23.860761059642826,-0.954430442385713
breadth_down_1pct_ge_4,rel_basket_le_3%,fixed_horizon_6,base,4,22.56016912758761,21.94057108960904,0.9024067651035044,4,-0.6364574305177345,0.40499550478611746,-0.02545829722070938,-23.196626558105343,-0.9278650623242137
breadth_down_1pct_ge_4,rel_basket_le_3%,fixed_horizon_6,stress,4,22.35759018664102,21.73861143736571,0.8943036074656407,4,-0.8158513258364952,0.22456067647807984,-0.03263405303345981,-23.173441512477513,-0.9269376604991005
breadth_down_1pct_ge_4,rel_basket_le_3%,scaled_exit_6_12,base,4,24.22284504268148,23.517126445220132,0.9689138017072593,4,0.6822148791320495,1.7782495359589339,0.027288595165281978,-23.54063016354943,-0.9416252065419773
breadth_down_1pct_ge_4,rel_basket_le_3%,scaled_exit_6_12,stress,4,24.018604255911786,23.313591024717443,0.9607441702364714,4,0.5015029698516154,1.5964421392176564,0.020060118794064614,-23.51710128606017,-0.9406840514424067
breadth_down_1pct_ge_4,rel_btc_le_-1_atr_equiv,fixed_horizon_12,base,797,-0.02553426771318335,0.0735190311840351,-0.2035081136740713,797,0.07822303301512665,0.08973773044064445,0.6234375731305594,0.10375730072830999,0.8269456868046307
breadth_down_1pct_ge_4,rel_btc_le_-1_atr_equiv,fixed_horizon_12,stress,797,-0.20553878119098792,-0.10658448614024416,-1.6381440860921739,797,-0.10188518596250908,-0.0903819974856955,-0.8120249321211974,0.10365359522847885,0.8261191539709765
breadth_down_1pct_ge_4,rel_btc_le_-1_atr_equiv,fixed_horizon_6,base,797,-0.19635760632974825,-0.044531676841672516,-1.5649701224480936,797,-0.09540532406991127,-0.08588218131987173,-0.7603804328371928,0.10095228225983698,0.8045896896109008
breadth_down_1pct_ge_4,rel_btc_le_-1_atr_equiv,fixed_horizon_6,stress,797,-0.3761913817525948,-0.22451720239479817,-2.998245312568181,797,-0.2753400013745282,-0.2658263770127965,-2.1944598109549895,0.10085138037806662,0.8037855016131914
breadth_down_1pct_ge_4,rel_btc_le_-1_atr_equiv,scaled_exit_6_12,base,797,-0.11094593702146584,0.029125292356071492,-0.8842391180610827,797,-0.00859114552739236,-0.05724114980512389,-0.06847142985331711,0.10235479149407348,0.8157676882077656
breadth_down_1pct_ge_4,rel_btc_le_-1_atr_equiv,scaled_exit_6_12,stress,797,-0.29086508147179146,-0.15093385339299367,-2.318194699330178,797,-0.18861259366851868,-0.2372139722305165,-1.5032423715380938,0.10225248780327278,0.814952327792084
breadth_down_1pct_ge_4,rel_btc_le_1%,fixed_horizon_12,base,465,0.41653802610370233,0.4986163522012888,1.9369018213822158,465,0.4746348908149889,0.32058072938187193,2.207052242289698,0.058096864711286555,0.2701504209074823
breadth_down_1pct_ge_4,rel_btc_le_1%,fixed_horizon_12,stress,465,0.23609166103695,0.3180879497860768,1.0978262238218175,465,0.2941304578884209,0.14023027370509328,1.367706629181157,0.0580387968514709,0.26988040535933955
breadth_down_1pct_ge_4,rel_btc_le_1%,fixed_horizon_6,base,465,0.37940275790322076,0.4064517032206139,1.7642228242499765,465,0.4320223058652084,0.23168157864147612,2.008903722273219,0.052619547961987645,0.24468089802324267
breadth_down_1pct_ge_4,rel_btc_le_1%,fixed_horizon_6,stress,465,0.19899350956486275,0.22601541944116582,0.9253198194766118,465,0.2515604642492298,0.051419977732485446,1.1697561587589185,0.052566954684367034,0.24443633928230668
breadth_down_1pct_ge_4,rel_btc_le_1%,scaled_exit_6_12,base,465,0.39797039200346146,0.3409582859594052,1.850562322816096,465,0.45332859834009853,0.15613011306999885,2.1079779822814584,0.05535820633663707,0.2574156594653625
breadth_down_1pct_ge_4,rel_btc_le_1%,scaled_exit_6_12,stress,465,0.21754258530090634,0.16058746289956866,1.0115730216492145,465,0.27284546106882535,-0.024055974092547092,1.2687313939700378,0.05530287576791901,0.2571583723208233
breadth_down_1pct_ge_4,rel_btc_le_2%,fixed_horizon_12,base,85,2.205256823706916,1.2010706546596108,1.8744683001508786,85,2.893193633940392,0.9883872617546221,2.459214588849333,0.687936810233476,0.5847462886984545
breadth_down_1pct_ge_4,rel_btc_le_2%,fixed_horizon_12,stress,85,2.023022632861536,1.0198401486426967,1.7195692379323058,85,2.710271849737664,0.8073693329483201,2.303731072277014,0.6872492168761277,0.5841618343447084
breadth_down_1pct_ge_4,rel_btc_le_2%,fixed_horizon_6,base,85,1.8781801557608429,1.0079407358825645,1.5964531323967164,85,2.5383547313817494,0.9273689885198302,2.157601521674487,0.6601745756209065,0.5611483892777704
breadth_down_1pct_ge_4,rel_btc_le_2%,fixed_horizon_6,stress,85,1.6962728782901781,0.8269032633642138,1.4418319465466514,85,2.355787608928032,0.7464120475233306,2.002419467588827,0.6595147306378537,0.5605875210421756
breadth_down_1pct_ge_4,rel_btc_le_2%,scaled_exit_6_12,base,85,2.041718489733879,0.9165139381528877,1.7354607162737974,85,2.7157741826610713,0.9727428593395728,2.3084080552619106,0.6740556929271921,0.5729473389881132
breadth_down_1pct_ge_4,rel_btc_le_2%,scaled_exit_6_12,stress,85,1.8596477555758575,0.7355678467873595,1.5807005922394788,85,2.5330297293328474,0.7917405671252032,2.1530752699329203,0.6733819737569899,0.5723746776934415
breadth_down_1pct_ge_4,rel_btc_le_3%,fixed_horizon_12,base,27,4.69520195029902,3.023683359427145,1.2677045265807354,27,6.921122810959246,3.7518328536617322,1.8687031589589964,2.225920860660226,0.600998632378261
breadth_down_1pct_ge_4,rel_btc_le_3%,fixed_horizon_12,stress,27,4.510479057433708,2.840631150645994,1.217829345507101,27,6.734175108525656,3.568052858915442,1.818227279301927,2.223696051091948,0.600397933794826
breadth_down_1pct_ge_4,rel_btc_le_3%,fixed_horizon_6,base,27,3.831337357656386,2.679701542896331,1.0344610865672241,27,6.000310868211083,2.7969599616323304,1.6200839344169924,2.1689735105546974,0.5856228478497683
breadth_down_1pct_ge_4,rel_btc_le_3%,fixed_horizon_6,stress,27,3.6474778980987783,2.4969931441986053,0.9848190324866701,27,5.814283518004298,2.6141343630571794,1.5698565498611603,2.1668056199055195,0.5850375173744902
breadth_down_1pct_ge_4,rel_btc_le_3%,scaled_exit_6_12,base,27,4.2632696539777015,2.87312739914263,1.1510828065739795,27,6.460716839585164,4.68017047778724,1.7443935466879943,2.197447185607462,0.5933107401140147
breadth_down_1pct_ge_4,rel_btc_le_3%,scaled_exit_6_12,stress,27,4.078978477766243,2.6902256711566035,1.1013241889968857,27,6.274229313264977,4.49546260888997,1.6940419145815437,2.195250835498734,0.5927177255846581
breadth_down_1pct_ge_4,symbol_zscore_le_-1,fixed_horizon_12,base,2583,-0.2017177895098362,-0.019707048400627803,-5.210370503039069,2583,-0.23247844830616096,-0.1252152701842956,-6.004918319748137,-0.030760658796324752,-0.794547816709068
breadth_down_1pct_ge_4,symbol_zscore_le_-1,fixed_horizon_12,stress,2583,-0.3815462074255778,-0.19971738618849805,-9.855338537802675,2583,-0.4122761209203839,-0.3051201524254264,-10.649092203373517,-0.030729913494806083,-0.7937536655708417
breadth_down_1pct_ge_4,symbol_zscore_le_-1,fixed_horizon_6,base,2583,-0.16018915810125467,-0.040259732454948,-4.137685953755408,2583,-0.1919088325605138,-0.13726225659735683,-4.957005145038071,-0.031719674459259134,-0.8193191912826627
breadth_down_1pct_ge_4,symbol_zscore_le_-1,fixed_horizon_6,stress,2583,-0.34005908391520956,-0.22024952781972235,-8.783726137529863,2583,-0.3717470545360766,-0.317155097866557,-9.60222641866686,-0.031687970620867034,-0.8185002811369966
breadth_down_1pct_ge_4,symbol_zscore_le_-1,scaled_exit_6_12,base,2583,-0.18095347380554544,-0.03097793447331736,-4.674028228397239,2583,-0.21219364043333738,-0.17328409638595935,-5.480961732393104,-0.031240166627791943,-0.8069335039958654
breadth_down_1pct_ge_4,symbol_zscore_le_-1,scaled_exit_6_12,stress,2583,-0.3608026456703938,-0.21097700700212313,-9.31953233766627,2583,-0.39201158772823025,-0.3531409337992906,-10.125659311020188,-0.031208942057836475,-0.8061269733539174
breadth_down_1pct_ge_4,symbol_zscore_le_-2,fixed_horizon_12,base,2107,-0.21394558353223142,-0.049038485998718004,-4.507833445024116,2107,-0.21280632031371324,-0.12551994083986653,-4.4838291690099386,0.0011392632185181772,0.024004276014177428
breadth_down_1pct_ge_4,symbol_zscore_le_-2,fixed_horizon_12,stress,2107,-0.39376177975868437,-0.22901950699271795,-8.29656069951548,2107,-0.3926236552346064,-0.3054245185624647,-8.272580415793158,0.0011381245240779658,0.02398028372232197
breadth_down_1pct_ge_4,symbol_zscore_le_-2,fixed_horizon_6,base,2107,-0.17882983648128814,-0.040259732454948,-3.7679446546607416,2107,-0.17877339918298862,-0.1294954542930359,-3.76675552078557,5.643729829951649e-05,0.0011891338751714997
breadth_down_1pct_ge_4,symbol_zscore_le_-2,fixed_horizon_6,stress,2107,-0.3586811309232333,-0.22024952781972235,-7.557411428552525,2107,-0.3586247500340558,-0.30939605848696133,-7.556223483217556,5.638088917747641e-05,0.0011879453349692426
breadth_down_1pct_ge_4,symbol_zscore_le_-2,scaled_exit_6_12,base,2107,-0.19638771000675975,-0.016696520292400697,-4.137889049842428,2107,-0.1957898597483509,-0.15722077769835022,-4.125292344897753,0.0005978502584088607,0.012596704944675352
breadth_down_1pct_ge_4,symbol_zscore_le_-2,scaled_exit_6_12,stress,2107,-0.3762214553409588,-0.19670986710538335,-7.9269860640340015,2107,-0.37562420263433105,-0.33709367041074395,-7.914401949505356,0.0005972527066277489,0.012584114528645607
breadth_down_1pct_ge_5,bottom_1_performer,fixed_horizon_12,base,259,0.17372573036823474,0.2783559761781263,0.44994964165372797,259,0.16170857408610875,0.13551865261753013,0.4188252068830217,-0.01201715628212599,-0.031124434770706255
breadth_down_1pct_ge_5,bottom_1_performer,fixed_horizon_12,stress,259,-0.00647794362697297,0.09804772417383771,-0.016777873993859993,259,-0.018483088752388646,-0.04464683337483497,-0.0478711998686866,-0.012005145125415676,-0.031093325874826605
breadth_down_1pct_ge_5,bottom_1_performer,fixed_horizon_6,base,259,0.08979535457240613,0.2057644536804926,0.23256996834253188,259,0.07627949249466628,-0.023917147244398796,0.19756388556118568,-0.013515862077739846,-0.035006082781346204
breadth_down_1pct_ge_5,bottom_1_performer,fixed_horizon_6,stress,259,-0.09032443094929715,0.025528756957342726,-0.23394027615867963,259,-0.10382678391276237,-0.20392327703532925,-0.26891137033405454,-0.01350235296346522,-0.03497109417537492
breadth_down_1pct_ge_5,bottom_1_performer,scaled_exit_6_12,base,259,0.13176054247032049,0.20175930363373842,0.34125980499813,259,0.11899403329038755,-0.05468097113968999,0.30819454622210374,-0.012766509179932939,-0.033065258776026285
breadth_down_1pct_ge_5,bottom_1_performer,scaled_exit_6_12,stress,259,-0.04840118728813505,0.021527610061044124,-0.12535907507626978,259,-0.061154936332575495,-0.23465635246557964,-0.15839128510137054,-0.012753749044440446,-0.03303221002510076
breadth_down_1pct_ge_5,bottom_2_performer,fixed_horizon_12,base,518,0.10414323761730859,0.13604570755356934,0.5394619708576585,518,0.07704155827799003,0.06796419025053799,0.39907527187998837,-0.027101679339318563,-0.1403866989776701
breadth_down_1pct_ge_5,bottom_2_performer,fixed_horizon_12,stress,518,-0.07599088862425198,-0.044120305230594827,-0.39363280307362525,518,-0.1030654798147606,-0.1121337750060801,-0.5338791854404599,-0.027074591190508618,-0.14024638236683462
breadth_down_1pct_ge_5,bottom_2_performer,fixed_horizon_6,base,518,0.04438480534409628,0.14633552973483352,0.2299132916824187,518,0.016548840582860203,-0.047985878626763886,0.08572299421921586,-0.027835964761236075,-0.14419029746320283
breadth_down_1pct_ge_5,bottom_2_performer,fixed_horizon_6,stress,518,-0.1356895922996247,-0.03384076773430098,-0.702872088112056,518,-0.16349773499322212,-0.22796795170263545,-0.8469182672648905,-0.02780814269359741,-0.14404617915283446
breadth_down_1pct_ge_5,bottom_2_performer,scaled_exit_6_12,base,518,0.07426402148070241,0.14771049394356148,0.38468763127003847,518,0.046795199430425115,-0.06837338154304422,0.2423991330496021,-0.027468822050277293,-0.14228849822043638
breadth_down_1pct_ge_5,bottom_2_performer,scaled_exit_6_12,stress,518,-0.10584024046193834,-0.03246717780334794,-0.5482524455928406,518,-0.1332816074039913,-0.24833507729447407,-0.6903987263526751,-0.027441366942052972,-0.1421462807598345
breadth_down_1pct_ge_5,bottom_3_performer,fixed_horizon_12,base,777,0.07817937171953263,0.10711908413611146,0.6074537182607685,777,0.08062154520827249,0.06762237972341109,0.6264294062682773,0.00244217348873986,0.018975688007508706
breadth_down_1pct_ge_5,bottom_3_performer,fixed_horizon_12,stress,777,-0.10192880361860639,-0.07301801646625958,-0.7919868041165716,777,-0.0994890710840979,-0.11247524389332395,-0.7730300823234406,0.002439732534508493,0.018956721793131015
breadth_down_1pct_ge_5,bottom_3_performer,fixed_horizon_6,base,777,0.025231814649054437,0.1584466859378209,0.196051199823153,777,0.025514132232109084,-0.04458410361213076,0.1982448074434876,0.0002823175830546469,0.0021936076203346033
breadth_down_1pct_ge_5,bottom_3_performer,fixed_horizon_6,stress,777,-0.15482343956611427,-0.021741716641039275,-1.2029781254287077,777,-0.15454140415969492,-0.22456957676469474,-1.2007867103208294,0.0002820354064193564,0.0021914151078783473
breadth_down_1pct_ge_5,bottom_3_performer,scaled_exit_6_12,base,777,0.05170559318429354,0.1572697116336142,0.4017524590419608,777,0.05306783872019076,-0.05724114980512389,0.4123371068558822,0.0013622455358972205,0.010584647813921433
breadth_down_1pct_ge_5,bottom_3_performer,scaled_exit_6_12,stress,777,-0.12837612159236034,-0.022917514558552374,-0.9974824647726397,777,-0.1270152376218964,-0.2372139722305165,-0.986908396322135,0.0013608839704639386,0.010574068450504681
breadth_down_1pct_ge_5,rel_basket_le_-1_atr_equiv,fixed_horizon_12,base,80,0.496216838139233,-0.5374887303449849,0.39697347051138643,80,0.4227408949967322,0.1199264461532202,0.33819271599738576,-0.07347594314250083,-0.058780754514000666
breadth_down_1pct_ge_5,rel_basket_le_-1_atr_equiv,fixed_horizon_12,stress,80,0.31569083404014003,-0.7169815449537441,0.252552667232112,80,0.2422883301578717,-0.060223455417103146,0.19383066412629738,-0.07340250388226832,-0.05872200310581463
breadth_down_1pct_ge_5,rel_basket_le_-1_atr_equiv,fixed_horizon_6,base,80,0.037821792822037084,-0.2944448598931814,0.030257434257629667,80,-0.03703007797963096,0.04131593650114292,-0.02962406238370477,-0.07485187080166805,-0.059881496641334436
breadth_down_1pct_ge_5,rel_basket_le_-1_atr_equiv,fixed_horizon_6,stress,80,-0.14224604508574812,-0.47418059703258736,-0.1137968360685985,80,-0.21702310138645942,-0.13875539380586263,-0.17361848110916753,-0.0747770563007113,-0.05982164504056903
breadth_down_1pct_ge_5,rel_basket_le_-1_atr_equiv,scaled_exit_6_12,base,80,0.26701931548063507,-0.40926727340437113,0.21361545238450802,80,0.19285540850855054,0.06322553288851071,0.15428432680684043,-0.07416390697208453,-0.05933112557766759
breadth_down_1pct_ge_5,rel_basket_le_-1_atr_equiv,scaled_exit_6_12,stress,80,0.08672239447719603,-0.5888882454554277,0.06937791558175682,80,0.012632614385706191,-0.1168676960765068,0.010106091508564952,-0.07408978009148984,-0.05927182407319187
breadth_down_1pct_ge_5,rel_basket_le_1%,fixed_horizon_12,base,49,2.5054378869111753,0.855622174501294,1.2276645645864759,49,2.2952680729109254,0.8143243276157366,1.1246813557263533,-0.21016981400024992,-0.10298320886012258
breadth_down_1pct_ge_5,rel_basket_le_1%,fixed_horizon_12,stress,49,2.322903664868174,0.674736944499137,1.1382227957854054,49,2.112943915754517,0.6334803748425256,1.0353425187197134,-0.2099597491136569,-0.10288027706569203
breadth_down_1pct_ge_5,rel_basket_le_1%,fixed_horizon_6,base,49,2.077679833623059,0.7072829395637825,1.0180631184752988,49,1.8573703221130704,0.39622595091099116,0.9101114578354045,-0.22030951150998845,-0.10795166063989436
breadth_down_1pct_ge_5,rel_basket_le_1%,fixed_horizon_6,stress,49,1.8955731560748732,0.5265459747381397,0.9288308464766879,49,1.6754838440867323,0.2157998877786051,0.8209870836024988,-0.22008931198814086,-0.10784376287418906
breadth_down_1pct_ge_5,rel_basket_le_1%,scaled_exit_6_12,base,49,2.291558860267117,0.6649000561594698,1.1228638415308874,49,2.0763191975119977,0.4682479478982949,1.017396406780879,-0.2152396627551192,-0.10546743475000842
breadth_down_1pct_ge_5,rel_basket_le_1%,scaled_exit_6_12,stress,49,2.109238410471524,0.48420545305753354,1.0335268211310467,49,1.8942138799206243,0.28774989872595763,0.9281648011611059,-0.21502453055089954,-0.10536201996994077
breadth_down_1pct_ge_5,rel_basket_le_2%,fixed_horizon_12,base,13,8.242229630465161,3.9261298602994015,1.0714898519604708,13,5.275345542030943,2.3814034038368703,0.6857949204640226,-2.9668840884342176,-0.3856949314964482
breadth_down_1pct_ge_5,rel_basket_le_2%,fixed_horizon_12,stress,13,8.053961480775463,3.7421756555643655,1.04701499250081,13,5.090042795210959,2.1989931543526624,0.6617055633774247,-2.9639186855645043,-0.3853094291233854
breadth_down_1pct_ge_5,rel_basket_le_2%,fixed_horizon_6,base,13,6.393419448773006,4.798356932138629,0.8311445283404908,13,3.419928619111502,1.2752121975744404,0.4445907204844953,-2.973490829661504,-0.38655380785599547
breadth_down_1pct_ge_5,rel_basket_le_2%,fixed_horizon_6,stress,13,6.206999186245362,4.61353093579167,0.8069098942118971,13,3.2364803628963728,1.0939075870298343,0.4207424471765285,-2.970518823348989,-0.3861674470353686
breadth_down_1pct_ge_5,rel_basket_le_2%,scaled_exit_6_12,base,13,7.3178245396190835,4.509979394988031,0.9513171901504808,13,4.347637080571223,1.7788744843264668,0.565192820474259,-2.9701874590478603,-0.38612436967622177
breadth_down_1pct_ge_5,rel_basket_le_2%,scaled_exit_6_12,stress,13,7.130480333510411,4.325441632205555,0.9269624433563535,13,4.163261579053665,1.5970664629488422,0.5412240052769764,-2.967218754456746,-0.385738438079377
breadth_down_1pct_ge_5,rel_basket_le_3%,fixed_horizon_12,base,4,25.885520957775356,25.093681800831224,1.0354208383110142,4,2.000887188781833,3.15150356713175,0.08003548755127332,-23.884633768993524,-0.9553853507597408
breadth_down_1pct_ge_5,rel_basket_le_3%,fixed_horizon_12,stress,4,25.679618325182552,24.888570612069174,1.027184733007302,4,1.818857265539727,2.9683236019572337,0.07275429062158908,-23.860761059642826,-0.954430442385713
breadth_down_1pct_ge_5,rel_basket_le_3%,fixed_horizon_6,base,4,22.56016912758761,21.94057108960904,0.9024067651035044,4,-0.6364574305177345,0.40499550478611746,-0.02545829722070938,-23.196626558105343,-0.9278650623242137
breadth_down_1pct_ge_5,rel_basket_le_3%,fixed_horizon_6,stress,4,22.35759018664102,21.73861143736571,0.8943036074656407,4,-0.8158513258364952,0.22456067647807984,-0.03263405303345981,-23.173441512477513,-0.9269376604991005
breadth_down_1pct_ge_5,rel_basket_le_3%,scaled_exit_6_12,base,4,24.22284504268148,23.517126445220132,0.9689138017072593,4,0.6822148791320495,1.7782495359589339,0.027288595165281978,-23.54063016354943,-0.9416252065419773
breadth_down_1pct_ge_5,rel_basket_le_3%,scaled_exit_6_12,stress,4,24.018604255911786,23.313591024717443,0.9607441702364714,4,0.5015029698516154,1.5964421392176564,0.020060118794064614,-23.51710128606017,-0.9406840514424067
breadth_down_1pct_ge_5,rel_btc_le_-1_atr_equiv,fixed_horizon_12,base,655,0.041052394691178974,0.09964368995839754,0.2688931852272223,655,0.16988562765165927,0.11502189851665631,1.1127508611183683,0.1288332329604803,0.843857675891146
breadth_down_1pct_ge_5,rel_btc_le_-1_atr_equiv,fixed_horizon_12,stress,655,-0.13901867220559688,-0.08048593898190667,-0.9105723029466595,655,-0.010314208158005002,-0.06512310095460702,-0.06755806343493276,0.1287044640475919,0.8430142395117267
breadth_down_1pct_ge_5,rel_btc_le_-1_atr_equiv,fixed_horizon_6,base,655,-0.12027632032621796,0.002912904107668158,-0.7878098981367276,655,0.005569047259517886,-0.036895060822814615,0.036477259549842156,0.12584536758573583,0.8242871576865698
breadth_down_1pct_ge_5,rel_btc_le_-1_atr_equiv,fixed_horizon_6,stress,655,-0.3001861390514384,-0.17712004233969111,-1.9662192107869214,655,-0.17446655400491046,-0.2168882191793851,-1.1427559287321634,0.12571958504652797,0.823463282054758
breadth_down_1pct_ge_5,rel_btc_le_-1_atr_equiv,scaled_exit_6_12,base,655,-0.03961196281751951,0.08596409296249505,-0.2594583564547528,655,0.08772733745558862,-0.007112568283316122,0.5746140603341054,0.12733930027310814,0.8340724167888582
breadth_down_1pct_ge_5,rel_btc_le_-1_atr_equiv,scaled_exit_6_12,stress,655,-0.21960240562851766,-0.09415186321035204,-1.4383957568667907,655,-0.09239038108145767,-0.18713549426351378,-0.6051569960835477,0.12721202454706,0.833238760783243
breadth_down_1pct_ge_5,rel_btc_le_1%,fixed_horizon_12,base,419,0.4948870766881123,0.4986163522012888,2.0735768513231907,419,0.5829750334694321,0.3260651705298568,2.442665390236921,0.08808795678131981,0.36908853891373017
breadth_down_1pct_ge_5,rel_btc_le_1%,fixed_horizon_12,stress,419,0.3143624016865882,0.3180879497860768,1.3171784630668044,419,0.40236231448909426,0.1457092331500533,1.685898097709305,0.08799991280250608,0.36871963464250057
breadth_down_1pct_ge_5,rel_btc_le_1%,fixed_horizon_6,base,419,0.377564354162446,0.39426152806850917,1.5819946439406487,419,0.45990907550842763,0.1974846273602138,1.9270190263803118,0.08234472134598164,0.34502438243966305
breadth_down_1pct_ge_5,rel_btc_le_1%,fixed_horizon_6,stress,419,0.1971569433100046,0.2138374283782431,0.8260875924689194,419,0.27941936104529336,0.01725720632966179,1.1707671227797791,0.08226241773528875,0.34467953031085974
breadth_down_1pct_ge_5,rel_btc_le_1%,scaled_exit_6_12,base,419,0.43622571542527905,0.3490685735807875,1.8277857476319195,419,0.52144205448893,0.1689343062710536,2.1848422083086168,0.08521633906365095,0.3570564606766973
breadth_down_1pct_ge_5,rel_btc_le_1%,scaled_exit_6_12,stress,419,0.2557596724982964,0.16868964428239835,1.0716330277678618,419,0.3408908377671938,-0.011264578692161551,1.428332610244542,0.08513116526889741,0.3566995824766801
breadth_down_1pct_ge_5,rel_btc_le_2%,fixed_horizon_12,base,84,2.2509051550737005,1.2276049662047008,1.8907603302619085,84,2.9239142394844264,1.0011755595905527,2.456087961166918,0.6730090844107259,0.5653276309050097
breadth_down_1pct_ge_5,rel_btc_le_2%,fixed_horizon_12,stress,84,2.0686253386869122,1.0463479391235198,1.7376452844970063,84,2.7409617500134353,0.8201448488709785,2.3024078700112858,0.6723364113265231,0.5647625855142795
breadth_down_1pct_ge_5,rel_btc_le_2%,fixed_horizon_6,base,84,1.9224907190103075,1.0178365027906724,1.6148922039686584,84,2.5674574811716675,0.9460885903306429,2.1566642841842008,0.64496676216136,0.5417720802155424
breadth_down_1pct_ge_5,rel_btc_le_2%,fixed_horizon_6,stress,84,1.74053915309847,0.836789139445875,1.4620528886027147,84,2.384861270497726,0.7651129390781098,2.0032834672180897,0.6443221173992559,0.541230578615375
breadth_down_1pct_ge_5,rel_btc_le_2%,scaled_exit_6_12,base,84,2.086697937042004,0.949538494084259,1.7528262671152832,84,2.745685860328048,0.9894622689918333,2.30637612267556,0.6589879232860438,0.5535498555602769
breadth_down_1pct_ge_5,rel_btc_le_2%,scaled_exit_6_12,stress,84,1.904582245892691,0.7685593946503301,1.5998490865498605,84,2.5629115102555806,0.8084432657149799,2.1528456686146877,0.6583292643628895,0.5529965820648273
breadth_down_1pct_ge_5,rel_btc_le_3%,fixed_horizon_12,base,27,4.69520195029902,3.023683359427145,1.2677045265807354,27,6.921122810959246,3.7518328536617322,1.8687031589589964,2.225920860660226,0.600998632378261
breadth_down_1pct_ge_5,rel_btc_le_3%,fixed_horizon_12,stress,27,4.510479057433708,2.840631150645994,1.217829345507101,27,6.734175108525656,3.568052858915442,1.818227279301927,2.223696051091948,0.600397933794826
breadth_down_1pct_ge_5,rel_btc_le_3%,fixed_horizon_6,base,27,3.831337357656386,2.679701542896331,1.0344610865672241,27,6.000310868211083,2.7969599616323304,1.6200839344169924,2.1689735105546974,0.5856228478497683
breadth_down_1pct_ge_5,rel_btc_le_3%,fixed_horizon_6,stress,27,3.6474778980987783,2.4969931441986053,0.9848190324866701,27,5.814283518004298,2.6141343630571794,1.5698565498611603,2.1668056199055195,0.5850375173744902
breadth_down_1pct_ge_5,rel_btc_le_3%,scaled_exit_6_12,base,27,4.2632696539777015,2.87312739914263,1.1510828065739795,27,6.460716839585164,4.68017047778724,1.7443935466879943,2.197447185607462,0.5933107401140147
breadth_down_1pct_ge_5,rel_btc_le_3%,scaled_exit_6_12,stress,27,4.078978477766243,2.6902256711566035,1.1013241889968857,27,6.274229313264977,4.49546260888997,1.6940419145815437,2.195250835498734,0.5927177255846581
breadth_down_1pct_ge_5,symbol_zscore_le_-1,fixed_horizon_12,base,2014,-0.06407471612205883,0.09292943837047271,-1.290464782698265,2014,-0.08708987113696215,0.007155268326488674,-1.7539900046984176,-0.023015155014903324,-0.46352522200015267
breadth_down_1pct_ge_5,symbol_zscore_le_-1,fixed_horizon_12,stress,2014,-0.24404070839279796,-0.08719347967033983,-4.914979867030951,2014,-0.26703285974301644,-0.17288191836709696,-5.378041795224351,-0.02299215135021848,-0.4630619281934001
breadth_down_1pct_ge_5,symbol_zscore_le_-1,fixed_horizon_6,base,2014,-0.06201744172133865,0.061621487793952566,-1.2490312762677604,2014,-0.08587551868812991,-0.05708991412347368,-1.7295329463789364,-0.023858076966791264,-0.48050167011117595
breadth_down_1pct_ge_5,symbol_zscore_le_-1,fixed_horizon_6,stress,2014,-0.2419854902393828,-0.11847013792679148,-4.8735877734211694,2014,-0.26581972104036694,-0.2370628877090562,-5.35360918175299,-0.023834230800984152,-0.4800214083318206
breadth_down_1pct_ge_5,symbol_zscore_le_-1,scaled_exit_6_12,base,2014,-0.06304607892169876,0.08066459327387651,-1.2697480294830132,2014,-0.08648269491254604,-0.07072836705294454,-1.7417614755386772,-0.023436615990847273,-0.472013446055664
breadth_down_1pct_ge_5,symbol_zscore_le_-1,scaled_exit_6_12,stress,2014,-0.24301309931609033,-0.09944606604506231,-4.894283820226059,2014,-0.26642629039169163,-0.25068770899459397,-5.365825488488669,-0.023413191075601303,-0.4715416682626099
breadth_down_1pct_ge_5,symbol_zscore_le_-2,fixed_horizon_12,base,1717,-0.1137906974893663,0.05229986687055551,-1.9537862758924192,1717,-0.11266770163357567,-0.01894594516148367,-1.9345044370484943,0.0011229958557906206,0.01928183884392487
breadth_down_1pct_ge_5,symbol_zscore_le_-2,fixed_horizon_12,stress,1717,-0.2937069985994726,-0.1277824418830907,-5.042949165952944,1717,-0.292585125178881,-0.19895704367260497,-5.023686599321387,0.001121873420591557,0.01926256663155712
breadth_down_1pct_ge_5,symbol_zscore_le_-2,fixed_horizon_6,base,1717,-0.09134477596872174,0.048654208364942234,-1.5683898033829522,1717,-0.09128672201680843,-0.0823983872331379,-1.5673930170286008,5.805395191331442e-05,0.0009967863543514088
breadth_down_1pct_ge_5,symbol_zscore_le_-2,fixed_horizon_6,stress,1717,-0.27128351179420845,-0.1314244565503174,-4.657937897506558,1717,-0.27122551586726346,-0.2623460649808627,-4.656942107440914,5.799592694499811e-05,0.0009957900656445418
breadth_down_1pct_ge_5,symbol_zscore_le_-2,scaled_exit_6_12,base,1717,-0.10256773672904405,0.07325438994489017,-1.7610880396376862,1717,-0.10197721182519205,-0.08247206307892323,-1.7509487270385478,0.0005905249038520022,0.010139312599138472
breadth_down_1pct_ge_5,symbol_zscore_le_-2,scaled_exit_6_12,stress,1717,-0.2824952551968405,-0.10684886287029668,-4.850443531729751,1717,-0.2819053205230722,-0.262419667187581,-4.84031435338115,0.0005899346737682776,0.010129178348600831
breadth_down_1pct_ge_6,bottom_1_performer,fixed_horizon_12,base,197,0.34720786089386757,0.3959403953499719,0.6839994859609191,197,0.34148817814420795,0.2097965812272307,0.6727317109440897,-0.005719682749659616,-0.011267775016829407
breadth_down_1pct_ge_6,bottom_1_performer,fixed_horizon_12,stress,197,0.1668307913791959,0.21551461763059016,0.3286566590170159,197,0.16111682545673225,0.029556854389572042,0.31740014614976253,-0.0057139659224636485,-0.011256512867253377
breadth_down_1pct_ge_6,bottom_1_performer,fixed_horizon_6,base,197,0.19783789061952423,0.24727284492908289,0.38974064452046275,197,0.19011684016200422,0.04972126170440746,0.3745301751191483,-0.007721050457520001,-0.01521046940131443
breadth_down_1pct_ge_6,bottom_1_performer,fixed_horizon_6,stress,197,0.017610116502077337,0.06699566053776543,0.034691929509092355,197,0.009896783240274761,-0.13035846973145734,0.01949666298334128,-0.0077133332618025754,-0.015195266525751074
breadth_down_1pct_ge_6,bottom_1_performer,scaled_exit_6_12,base,197,0.2725228757566958,0.28158008296718334,0.5368700652406907,197,0.265802509153106,0.13353805185718168,0.5236309430316188,-0.006720366603589822,-0.013239122209071863
breadth_down_1pct_ge_6,bottom_1_performer,scaled_exit_6_12,stress,197,0.09222045394063662,0.1012686084657201,0.18167429426305415,197,0.08550680434850348,-0.046625454523247935,0.16844840456655186,-0.006713649592133136,-0.013225889696502291
breadth_down_1pct_ge_6,bottom_2_performer,fixed_horizon_12,base,394,0.26455206752639143,0.32032382688025557,1.0423351460539823,394,0.22408778958978412,0.1563941798470548,0.8829058909837495,-0.04046427793660731,-0.15942925507023276
breadth_down_1pct_ge_6,bottom_2_performer,fixed_horizon_12,stress,394,0.08425761253912999,0.13997362797773433,0.33197499340417214,394,0.04383377867864453,-0.023792171250420633,0.17270508799385947,-0.04042383386048545,-0.15926990541031266
breadth_down_1pct_ge_6,bottom_2_performer,fixed_horizon_6,base,394,0.15680597763851864,0.21366036357825194,0.6178155518957634,394,0.11535087575619092,-0.00613929612554902,0.4544824504793922,-0.04145510188232772,-0.16333310141637125
breadth_down_1pct_ge_6,bottom_2_performer,fixed_horizon_6,stress,394,-0.023380785051156622,0.03341677488722287,-0.09212029310155709,394,-0.06479445252808683,-0.18616319489198713,-0.2552901429606621,-0.041413667476930205,-0.16316984985910502
breadth_down_1pct_ge_6,bottom_2_performer,scaled_exit_6_12,base,394,0.21067902258245502,0.22694095416440854,0.8300753489748728,394,0.1697193326729875,0.02832476824944315,0.6686941707315708,-0.04095968990946752,-0.161381178243302
breadth_down_1pct_ge_6,bottom_2_performer,scaled_exit_6_12,stress,394,0.030438413743986682,0.046684091513137384,0.11992735015130752,394,-0.010480336924721154,-0.15173357737516088,-0.04129252748340134,-0.040918750668707836,-0.16121987763470885
breadth_down_1pct_ge_6,bottom_3_performer,fixed_horizon_12,base,591,0.2213931697431335,0.31202560265065854,1.308433633181919,591,0.21704578693914314,0.14612112956170717,1.282740600810336,-0.004347382803990357,-0.025693032371583158
breadth_down_1pct_ge_6,bottom_3_performer,fixed_horizon_12,stress,591,0.04114185210654881,0.13168369782948125,0.24314834594970347,591,0.03679881451492966,-0.034054953614299645,0.21748099378323427,-0.0043430375916191505,-0.025667352166469204
breadth_down_1pct_ge_6,bottom_3_performer,fixed_horizon_6,base,591,0.1297229627299108,0.21485610053125995,0.7666627097337728,591,0.12250203271007608,-0.004466875721473794,0.7239870133165497,-0.007220930019834718,-0.04267569641722313
breadth_down_1pct_ge_6,bottom_3_performer,fixed_horizon_6,stress,591,-0.05043673046606803,0.034611316700266105,-0.2980810770544621,591,-0.05765044316093621,-0.1844924460733653,-0.340714119081133,-0.007213712694868181,-0.04263304202667095
breadth_down_1pct_ge_6,bottom_3_performer,scaled_exit_6_12,base,591,0.17555806623652215,0.21721423412334964,1.0375481714578458,591,0.1697739098246096,0.00274940803192354,1.0033638070634427,-0.005784156411912544,-0.03418436439440309
breadth_down_1pct_ge_6,bottom_3_performer,scaled_exit_6_12,stress,591,-0.004647439179759621,0.03696709333605345,-0.027466365552379357,591,-0.010425814323003308,-0.1772833750009871,-0.06161656264894955,-0.005778375143243687,-0.03415019709657019
breadth_down_1pct_ge_6,rel_basket_le_-1_atr_equiv,fixed_horizon_12,base,61,0.9618055637943648,0.09396082312899354,0.5867013939145626,61,0.7021557712513324,0.18915631284829543,0.4283150204633128,-0.25964979254303233,-0.15838637345124973
breadth_down_1pct_ge_6,rel_basket_le_-1_atr_equiv,fixed_horizon_12,stress,61,0.78081420341508,-0.08616312578166405,0.4762966640831988,61,0.5214239310342714,0.008937215974307435,0.3180685979309056,-0.2593902723808086,-0.15822806615229323
breadth_down_1pct_ge_6,rel_basket_le_-1_atr_equiv,fixed_horizon_6,base,61,0.42734123590516765,-0.16056431138189212,0.26067815390215227,61,0.16686283081796444,0.08570122475612071,0.1017863267989583,-0.2604784050872032,-0.15889182710319397
breadth_down_1pct_ge_6,rel_basket_le_-1_atr_equiv,fixed_horizon_6,stress,61,0.2468840730221261,-0.3404338622298673,0.15059928454349691,61,-0.013333983703999016,-0.09441446867976641,-0.0081337300594394,-0.2602180567261251,-0.15873301460293632
breadth_down_1pct_ge_6,rel_basket_le_-1_atr_equiv,scaled_exit_6_12,base,61,0.6945733998497662,0.06958311461125696,0.4236897739083574,61,0.4345093010346485,0.07419184989314828,0.2650506736311356,-0.26006409881511766,-0.15863910027722178
breadth_down_1pct_ge_6,rel_basket_le_-1_atr_equiv,scaled_exit_6_12,stress,61,0.513849138218603,-0.11051646876146334,0.31344797431334787,61,0.2540449736651362,-0.10591233991394486,0.15496743393573306,-0.25980416455346683,-0.1584805403776148
breadth_down_1pct_ge_6,rel_basket_le_1%,fixed_horizon_12,base,42,2.9704974523739827,1.1406995611092399,1.2476089299970727,42,2.6362338519036816,0.8910505307780505,1.1072182177995462,-0.334263600470301,-0.14039071219752652
breadth_down_1pct_ge_6,rel_basket_le_1%,fixed_horizon_12,stress,42,2.7874984029467975,0.959529396045571,1.170749329237655,42,2.4535688991956595,0.7101298901072851,1.030498937662177,-0.33392950375113806,-0.14025039157547803
breadth_down_1pct_ge_6,rel_basket_le_1%,fixed_horizon_6,base,42,2.5130656090143857,0.9048028137564581,1.0554875557860421,42,2.167500611455102,0.4921603921830853,0.9103502568111429,-0.3455649975592836,-0.14513729897489924
breadth_down_1pct_ge_6,rel_basket_le_1%,fixed_horizon_6,stress,42,2.33052376305743,0.723868427668566,0.9788199804841207,42,1.9853041579721626,0.31163844250477374,0.8338277463483084,-0.3452196050852674,-0.1449922341358123
breadth_down_1pct_ge_6,rel_basket_le_1%,scaled_exit_6_12,base,42,2.741781530694184,0.7275971132508381,1.1515482428915573,42,2.401867231679392,0.5132552992911787,1.0087842373053446,-0.3399142990147923,-0.14276400558621272
breadth_down_1pct_ge_6,rel_basket_le_1%,scaled_exit_6_12,stress,42,2.5590110830021136,0.5468398443933837,1.0747846548608877,42,2.2194365285839117,0.33271226523738834,0.9321633420052429,-0.33957455441820183,-0.14262131285564483
breadth_down_1pct_ge_6,rel_basket_le_2%,fixed_horizon_12,base,12,8.99653884790085,4.073865859068418,1.079584661748102,12,5.77611803920932,2.7018148740977987,0.6931341647051183,-3.2204208086915296,-0.3864504970429836
breadth_down_1pct_ge_6,rel_basket_le_2%,fixed_horizon_12,stress,12,8.807516765583062,3.889763992091903,1.0569020118699675,12,5.590314769903138,2.5190843731089645,0.6708377723883765,-3.2172019956799236,-0.38606423948159097
breadth_down_1pct_ge_6,rel_basket_le_2%,fixed_horizon_6,base,12,7.068734526302419,5.760057825252865,0.8482481431562902,12,3.841213554293537,2.0115825806518073,0.4609456265152244,-3.2275209720088816,-0.38730251664106574
breadth_down_1pct_ge_6,rel_basket_le_2%,fixed_horizon_6,stress,12,6.881639285848717,5.574270608142555,0.8257967143018461,12,3.657344223469993,1.8295419673575002,0.4388813068163992,-3.224295062378724,-0.3869154074854469
breadth_down_1pct_ge_6,rel_basket_le_2%,scaled_exit_6_12,base,12,8.032636687101633,4.916961842160641,0.9639164024521959,12,4.808665796751428,1.7894889096051434,0.5770398956101713,-3.2239708903502047,-0.38687650684202457
breadth_down_1pct_ge_6,rel_basket_le_2%,scaled_exit_6_12,stress,12,7.844578025715888,4.732017300117229,0.9413493630859067,12,4.6238294966865645,1.6076702791014912,0.5548595396023878,-3.220748529029324,-0.3864898234835189
breadth_down_1pct_ge_6,rel_basket_le_3%,fixed_horizon_12,base,4,25.885520957775356,25.093681800831224,1.0354208383110142,4,2.000887188781833,3.15150356713175,0.08003548755127332,-23.884633768993524,-0.9553853507597408
breadth_down_1pct_ge_6,rel_basket_le_3%,fixed_horizon_12,stress,4,25.679618325182552,24.888570612069174,1.027184733007302,4,1.818857265539727,2.9683236019572337,0.07275429062158908,-23.860761059642826,-0.954430442385713
breadth_down_1pct_ge_6,rel_basket_le_3%,fixed_horizon_6,base,4,22.56016912758761,21.94057108960904,0.9024067651035044,4,-0.6364574305177345,0.40499550478611746,-0.02545829722070938,-23.196626558105343,-0.9278650623242137
breadth_down_1pct_ge_6,rel_basket_le_3%,fixed_horizon_6,stress,4,22.35759018664102,21.73861143736571,0.8943036074656407,4,-0.8158513258364952,0.22456067647807984,-0.03263405303345981,-23.173441512477513,-0.9269376604991005
breadth_down_1pct_ge_6,rel_basket_le_3%,scaled_exit_6_12,base,4,24.22284504268148,23.517126445220132,0.9689138017072593,4,0.6822148791320495,1.7782495359589339,0.027288595165281978,-23.54063016354943,-0.9416252065419773
breadth_down_1pct_ge_6,rel_basket_le_3%,scaled_exit_6_12,stress,4,24.018604255911786,23.313591024717443,0.9607441702364714,4,0.5015029698516154,1.5964421392176564,0.020060118794064614,-23.51710128606017,-0.9406840514424067
breadth_down_1pct_ge_6,rel_btc_le_-1_atr_equiv,fixed_horizon_12,base,537,0.16242773446275144,0.2920085336570866,0.8722369340649753,537,0.3102062295865097,0.14016915552294237,1.665807452879557,0.14777849512375824,0.7935705188145817
breadth_down_1pct_ge_6,rel_btc_le_-1_atr_equiv,fixed_horizon_12,stress,537,-0.017764647177081924,0.11168663591135013,-0.09539615534092993,537,0.12986614323005882,-0.04000097865055161,0.6973811891454159,0.14763079040714075,0.7927773444863458
breadth_down_1pct_ge_6,rel_btc_le_-1_atr_equiv,fixed_horizon_6,base,537,-0.04127842984407734,0.11285515923290754,-0.22166516826269533,537,0.10283042405116827,0.02483724735965705,0.5521993771547736,0.1441088538952456,0.773864545417469
breadth_down_1pct_ge_6,rel_btc_le_-1_atr_equiv,fixed_horizon_6,stress,537,-0.22126720702003366,-0.06728767458083582,-1.1882049016975809,537,-0.07730239003224841,-0.1552176124851988,-0.41511383447317396,0.14396481698778524,0.7730910672244069
breadth_down_1pct_ge_6,rel_btc_le_-1_atr_equiv,scaled_exit_6_12,base,537,0.060574652309337014,0.1846993961129884,0.3252858829011398,537,0.20651832681883903,0.07419184989314828,1.1090034150171655,0.14594367450950202,0.7837175321160257
breadth_down_1pct_ge_6,rel_btc_le_-1_atr_equiv,scaled_exit_6_12,stress,537,-0.11951592709855785,0.00448475393064376,-0.6418005285192556,537,0.0262818765989052,-0.10591233991394486,0.14113367733612092,0.14579780369746304,0.7829342058553765
breadth_down_1pct_ge_6,rel_btc_le_1%,fixed_horizon_12,base,372,0.6207160121756425,0.5759571791227458,2.30906356529339,372,0.7067183431349381,0.3508028014914811,2.62899223646197,0.08600233095929555,0.3199286711685798
breadth_down_1pct_ge_6,rel_btc_le_1%,fixed_horizon_12,stress,372,0.4400655710588053,0.3953514744930709,1.6370439243387556,372,0.5259819426238593,0.17042213883098806,1.9566528265607568,0.08591637156505405,0.3196089022220012
breadth_down_1pct_ge_6,rel_btc_le_1%,fixed_horizon_6,base,372,0.45700062648148765,0.45019657698133436,1.7000423305111338,372,0.5367087863786586,0.2473985474291807,1.99655668532861,0.07970815989717095,0.29651435481747623
breadth_down_1pct_ge_6,rel_btc_le_1%,fixed_horizon_6,stress,372,0.27651381901533584,0.2697165701677375,1.0286314067370492,372,0.3561423105469576,0.06712123739812018,1.3248493952346823,0.07962849153162177,0.29621798849763303
breadth_down_1pct_ge_6,rel_btc_le_1%,scaled_exit_6_12,base,372,0.538858319328565,0.41350631838201707,2.004552947902262,372,0.6217135647567984,0.18962049951744503,2.31277446089529,0.08285524542823341,0.30822151299302813
breadth_down_1pct_ge_6,rel_btc_le_1%,scaled_exit_6_12,stress,372,0.3582896950370706,0.23306298350941795,1.3328376655379026,372,0.44106212658540844,0.00940093868856864,1.6407511108977193,0.08277243154833785,0.3079134453598167
breadth_down_1pct_ge_6,rel_btc_le_2%,fixed_horizon_12,base,83,2.2877772771681197,1.2541392777497908,1.8988551400495395,83,2.9679845848289323,1.0139638574264833,2.463427205408014,0.6802073076608126,0.5645720653584745
breadth_down_1pct_ge_6,rel_btc_le_2%,fixed_horizon_12,stress,83,2.105460607067667,1.0728557296043428,1.7475323038661636,83,2.784988047014745,0.8329203647936368,2.311540079022238,0.6795274399470776,0.5640077751560744
breadth_down_1pct_ge_6,rel_btc_le_2%,fixed_horizon_6,base,83,1.9662600226318767,1.0277322696987803,1.6319958187844577,83,2.6180954098975056,0.9648081921414555,2.1730191902149296,0.6518353872656288,0.541023371430472
breadth_down_1pct_ge_6,rel_btc_le_2%,fixed_horizon_6,stress,83,1.7842647092682697,0.8466750155275361,1.480939708692664,83,2.435448586575856,0.7838138306328891,2.0214223268579605,0.6511838773075862,0.5404826181652966
breadth_down_1pct_ge_6,rel_btc_le_2%,scaled_exit_6_12,base,83,2.127018649899998,0.9825630500156304,1.7654254794169983,83,2.79303999736322,1.0061816786440938,2.3182231978114722,0.666021347463222,0.5527977183944739
breadth_down_1pct_ge_6,rel_btc_le_2%,scaled_exit_6_12,stress,83,1.9448626581679684,0.8015509425133006,1.6142360062794139,83,2.6102183167953,0.8251459643047566,2.166481202940099,0.6653556586273315,0.5522451966606852
breadth_down_1pct_ge_6,rel_btc_le_3%,fixed_horizon_12,base,27,4.69520195029902,3.023683359427145,1.2677045265807354,27,6.921122810959246,3.7518328536617322,1.8687031589589964,2.225920860660226,0.600998632378261
breadth_down_1pct_ge_6,rel_btc_le_3%,fixed_horizon_12,stress,27,4.510479057433708,2.840631150645994,1.217829345507101,27,6.734175108525656,3.568052858915442,1.818227279301927,2.223696051091948,0.600397933794826
breadth_down_1pct_ge_6,rel_btc_le_3%,fixed_horizon_6,base,27,3.831337357656386,2.679701542896331,1.0344610865672241,27,6.000310868211083,2.7969599616323304,1.6200839344169924,2.1689735105546974,0.5856228478497683
breadth_down_1pct_ge_6,rel_btc_le_3%,fixed_horizon_6,stress,27,3.6474778980987783,2.4969931441986053,0.9848190324866701,27,5.814283518004298,2.6141343630571794,1.5698565498611603,2.1668056199055195,0.5850375173744902
breadth_down_1pct_ge_6,rel_btc_le_3%,scaled_exit_6_12,base,27,4.2632696539777015,2.87312739914263,1.1510828065739795,27,6.460716839585164,4.68017047778724,1.7443935466879943,2.197447185607462,0.5933107401140147
breadth_down_1pct_ge_6,rel_btc_le_3%,scaled_exit_6_12,stress,27,4.078978477766243,2.6902256711566035,1.1013241889968857,27,6.274229313264977,4.49546260888997,1.6940419145815437,2.195250835498734,0.5927177255846581
breadth_down_1pct_ge_6,symbol_zscore_le_-1,fixed_horizon_12,base,1538,0.050548224968714445,0.22596546099862505,0.7774317000188282,1538,0.015566282255824064,0.099928845337074,0.23940942109457408,-0.03498194271289038,-0.5380222789242541
breadth_down_1pct_ge_6,symbol_zscore_le_-1,fixed_horizon_12,stress,1538,-0.12953233301754052,0.045709573353507484,-1.9922072818097731,1538,-0.16447931125247417,-0.0802010686162434,-2.5296918070630525,-0.034946978234933646,-0.5374845252532794
breadth_down_1pct_ge_6,symbol_zscore_le_-1,fixed_horizon_6,base,1538,0.02221469401161166,0.14039776754932962,0.3416619938985873,1538,-0.013945053609663242,-0.01372428534910146,-0.21447492451662065,-0.0361597476212749,-0.556136918415208
breadth_down_1pct_ge_6,symbol_zscore_le_-1,fixed_horizon_6,stress,1538,-0.15783754458921925,-0.03977259512206275,-2.4275414357821923,1538,-0.19396115051564908,-0.19374060291313483,-2.983122494930683,-0.036123605926429825,-0.5555810591484907
breadth_down_1pct_ge_6,symbol_zscore_le_-1,scaled_exit_6_12,base,1538,0.036381459490163075,0.16563188652207134,0.559546846958708,1538,0.0008106143230803964,-0.01133659940955094,0.012467248288976496,-0.03557084516708268,-0.5470795986697315
breadth_down_1pct_ge_6,symbol_zscore_le_-1,scaled_exit_6_12,stress,1538,-0.14368493880337987,-0.014563697670151175,-2.2098743587959824,1538,-0.1792202308840616,-0.19135530346746737,-2.7564071509968677,-0.035535292080681735,-0.5465327922008854
breadth_down_1pct_ge_6,symbol_zscore_le_-2,fixed_horizon_12,base,1356,0.008237271546525865,0.17892332728472132,0.11169740217089075,1356,0.0015484151743723347,0.04677120392761143,0.020996509764488858,-0.00668885637215353,-0.09070089240640189
breadth_down_1pct_ge_6,symbol_zscore_le_-2,fixed_horizon_12,stress,1356,-0.17180099661007672,-0.001285541712476722,-2.3296215140326404,1356,-0.17848316746527323,-0.13330557892327718,-2.420231750829105,-0.006682170855196512,-0.09061023679646452
breadth_down_1pct_ge_6,symbol_zscore_le_-2,fixed_horizon_6,base,1356,-0.002774520927892313,0.1426399910819854,-0.03762250378221976,1356,-0.01079582873159521,-0.020877165366692752,-0.14639143760043105,-0.008021307803702898,-0.10876893381821129
breadth_down_1pct_ge_6,symbol_zscore_le_-2,fixed_horizon_6,stress,1356,-0.1828017827896648,-0.037532612693487045,-2.4787921746278547,1356,-0.19081507329020667,-0.20088633362178682,-2.5874523938152025,-0.008013290500541864,-0.1086602191873478
breadth_down_1pct_ge_6,symbol_zscore_le_-2,scaled_exit_6_12,base,1356,0.0027313753093167357,0.16426768766859784,0.03703744919433494,1356,-0.0046237067786114505,-0.026274313378091763,-0.06269746391797126,-0.007355082087928186,-0.0997349131123062
breadth_down_1pct_ge_6,symbol_zscore_le_-2,scaled_exit_6_12,stress,1356,-0.17730138969987078,-0.01592653300583988,-2.404206844330248,1356,-0.18464912037773992,-0.2062780871797047,-2.5038420723221533,-0.0073477306778691465,-0.0996352279919055
breadth_down_2pct_ge_4,bottom_1_performer,fixed_horizon_12,base,43,1.5866549979180373,0.9883872617546221,0.6822616491047561,43,1.896043979724851,0.35897699077775075,0.8152989112816859,0.3093889818068136,0.1330372621769298
breadth_down_2pct_ge_4,bottom_1_performer,fixed_horizon_12,stress,43,1.4050391000610987,0.8073693329483201,0.6041668130262724,43,1.7141188473487494,0.17858815800893452,0.7370711043599623,0.30907974728765075,0.13290429133368986
breadth_down_2pct_ge_4,bottom_1_performer,fixed_horizon_6,base,43,1.1246739327302357,0.48602307001585304,0.48360979107400137,43,1.4319576809935115,0.4251246594631742,0.6157418028272099,0.30728374826327576,0.13213201175320854
breadth_down_2pct_ge_4,bottom_1_performer,fixed_horizon_6,stress,43,0.9435197852941499,0.30550725459566513,0.4057135076764845,43,1.250496403220764,0.2446697120499543,0.5377134533849285,0.306976617926614,0.13199994570844398
breadth_down_2pct_ge_4,bottom_1_performer,scaled_exit_6_12,base,43,1.3556644653241363,0.7876484859143964,0.5829357200893787,43,1.6640008303591813,0.5501166820964154,0.7155203570544479,0.308336365035045,0.13258463696506928
breadth_down_2pct_ge_4,bottom_1_performer,scaled_exit_6_12,stress,43,1.1742794426776244,0.6068311956649631,0.5049401603513785,43,1.482307625284757,0.36953680506287456,0.6373922788724454,0.3080281826071325,0.13245211852106697
breadth_down_2pct_ge_4,bottom_2_performer,fixed_horizon_12,base,86,1.2799006644959867,0.7182388678753115,1.1007145714665485,86,1.3842126605123897,0.32332294995586436,1.190422888040655,0.10431199601640295,0.0897083165741066
breadth_down_2pct_ge_4,bottom_2_performer,fixed_horizon_12,stress,86,1.0985913678251777,0.5374909525911177,0.9447885763296529,86,1.2027991039233952,0.1429697534275733,1.0344072293741198,0.10420773609821743,0.08961865304446692
breadth_down_2pct_ge_4,bottom_2_performer,fixed_horizon_6,base,86,0.8438737619631005,0.4303330830680597,0.7257314352882664,86,0.9486065075383326,0.33051639441448405,0.815801596482966,0.10473274557523216,0.09007016119469957
breadth_down_2pct_ge_4,bottom_2_performer,fixed_horizon_6,stress,86,0.6630002745081204,0.24987292983153403,0.5701802360769835,86,0.7676283396256652,0.1501560080330579,0.6601603720780721,0.10462806511754486,0.08998013600108856
breadth_down_2pct_ge_4,bottom_2_performer,scaled_exit_6_12,base,86,1.0618872132295438,0.6051623495995551,0.9132230033774077,86,1.166409584025361,0.39231619249486765,1.0031122422618104,0.10452237079581717,0.0898892388844027
breadth_down_2pct_ge_4,bottom_2_performer,scaled_exit_6_12,stress,86,0.8807958211666491,0.42452745438011813,0.7574844062033183,86,0.9852137217745301,0.21189403716895167,0.8472838007260959,0.10441790060788103,0.08979939452277763
breadth_down_2pct_ge_4,bottom_3_performer,fixed_horizon_12,base,129,1.059513809498955,0.7637291983421469,1.3667728142536517,129,1.3120939161916128,0.2660629737332965,1.6926011518871804,0.25258010669265785,0.3258283376335287
breadth_down_2pct_ge_4,bottom_3_performer,fixed_horizon_12,stress,129,0.8784247896548679,0.5829358154385612,1.1331679786547797,129,1.1307524423416104,0.08576700859415545,1.4586706506206777,0.2523276526867425,0.325502671965898
breadth_down_2pct_ge_4,bottom_3_performer,fixed_horizon_6,base,129,0.7274287495738839,0.35461400081750144,0.9383830869503103,129,0.9709309648249589,0.2527148825860826,1.252500944624197,0.24350221525107496,0.3141178576738868
breadth_down_2pct_ge_4,bottom_3_performer,fixed_horizon_6,stress,129,0.5466716489960479,0.17422952886041915,0.7052064272049018,129,0.7899304836005042,0.07243225887401575,1.0190103238446504,0.2432588346044563,0.3138038966397486
breadth_down_2pct_ge_4,bottom_3_performer,scaled_exit_6_12,base,129,0.8934712795364192,0.5791688957952701,1.1525779506019809,129,1.141512440508286,0.34815845427205955,1.472551048255689,0.24804116097186668,0.31997309765370807
breadth_down_2pct_ge_4,bottom_3_performer,scaled_exit_6_12,stress,129,0.7125482193254581,0.3985599810523866,0.9191872029298409,129,0.9603414629710573,0.16778043463858044,1.238840487232664,0.24779324364559918,0.319653284302823
breadth_down_2pct_ge_4,rel_basket_le_-1_atr_equiv,fixed_horizon_12,base,31,2.30278183075814,0.43845819053986107,0.7138623675350234,31,1.4528243851372993,0.2660629737332965,0.4503755593925628,-0.8499574456208407,-0.2634868081424606
breadth_down_2pct_ge_4,rel_basket_le_-1_atr_equiv,fixed_horizon_12,stress,31,2.1204501635951263,0.257989916252326,0.6573395507144892,31,1.271342251078128,0.08576700859415545,0.3941160978342197,-0.8491079125169982,-0.26322345288026955
breadth_down_2pct_ge_4,rel_basket_le_-1_atr_equiv,fixed_horizon_6,base,31,1.4693744877785146,0.19507182013961627,0.45550609121133956,31,0.6175004210004266,0.4320620960715305,0.19142513051013224,-0.8518740667780881,-0.26408096070120735
breadth_down_2pct_ge_4,rel_basket_le_-1_atr_equiv,fixed_horizon_6,stress,31,1.2878758118793485,0.014846810711670735,0.39924150168259803,31,0.4368531938693786,0.2516002146852038,0.13542449009950736,-0.8510226180099699,-0.2638170115830907
breadth_down_2pct_ge_4,rel_basket_le_-1_atr_equiv,scaled_exit_6_12,base,31,1.886078159268328,0.28158008296718334,0.5846842293731818,31,1.0351624030688626,0.5336707729657575,0.32090034495134745,-0.8509157561994654,-0.2637838844218343
breadth_down_2pct_ge_4,rel_basket_le_-1_atr_equiv,scaled_exit_6_12,stress,31,1.704162987737238,0.1012686084657201,0.5282905261985438,31,0.8540977224737529,0.35310733363074676,0.2647702939668634,-0.850065265263485,-0.26352023223168036
breadth_down_2pct_ge_4,rel_basket_le_1%,fixed_horizon_12,base,24,5.455984035863016,2.004550425781817,1.3094361686071239,24,4.3225549684709685,1.298736379663059,1.0374131924330325,-1.133429067392047,-0.2720229761740913
breadth_down_2pct_ge_4,rel_basket_le_1%,fixed_horizon_12,stress,24,5.270500740733067,1.8225168411315544,1.2649201777759362,24,4.138204536543252,1.117408256680823,0.9931690887703803,-1.1322962041898155,-0.2717510890055559
breadth_down_2pct_ge_4,rel_basket_le_1%,fixed_horizon_6,base,24,4.495105631981162,1.6257941472925717,1.0788253516754789,24,3.3538383135338137,1.0730861272253003,0.8049211952481152,-1.1412673184473485,-0.27390415642736365
breadth_down_2pct_ge_4,rel_basket_le_1%,fixed_horizon_6,stress,24,4.310582735535955,1.4441391298265096,1.0345398565286292,24,3.1704561146286356,0.891983541839474,0.7609094675108725,-1.1401266209073193,-0.2736303890177567
breadth_down_2pct_ge_4,rel_basket_le_1%,scaled_exit_6_12,base,24,4.975544833922089,1.6433773955343198,1.1941307601413014,24,3.8381966410023916,1.4370807598457072,0.921167193840574,-1.1373481929196974,-0.2729635663007274
breadth_down_2pct_ge_4,rel_basket_le_1%,scaled_exit_6_12,stress,24,4.790541738134512,1.4617048035984506,1.1497300171522828,24,3.654330325585944,1.255614361551809,0.8770392781406264,-1.136211412548568,-0.2726907390116564
breadth_down_2pct_ge_4,rel_basket_le_2%,fixed_horizon_12,base,11,9.430624028815702,3.9261298602994015,1.0373686431697273,11,5.588314632229682,2.3814034038368703,0.614714609545265,-3.8423093965860193,-0.4226540336244623
breadth_down_2pct_ge_4,rel_basket_le_2%,fixed_horizon_12,stress,11,9.2411680780343,3.7421756555643655,1.016528488583773,11,5.402699072569512,2.1989931543526624,0.5942968979826464,-3.8384690054647885,-0.4222315906011267
breadth_down_2pct_ge_4,rel_basket_le_2%,fixed_horizon_6,base,11,7.275132489408217,6.721758718367102,0.8002645738349039,11,3.4232575130411105,1.2752121975744404,0.3765583264345222,-3.8518749763671067,-0.4237062474003817
breadth_down_2pct_ge_4,rel_basket_le_2%,fixed_horizon_6,stress,11,7.087830954035722,6.535010280493442,0.7796614049439294,11,3.239805929594006,1.0939075870298343,0.3563786522553406,-3.848025024441716,-0.42328275268858884
breadth_down_2pct_ge_4,rel_basket_le_2%,scaled_exit_6_12,base,11,8.35287825911196,5.323944289333252,0.9188166085023156,11,4.505786072635396,1.7788744843264668,0.4956364679898936,-3.847092186476565,-0.42318014051242203
breadth_down_2pct_ge_4,rel_basket_le_2%,scaled_exit_6_12,stress,11,8.164499516035011,5.138592968028903,0.8980949467638513,11,4.3212525010817595,1.5970664629488422,0.4753377751189935,-3.843247014953252,-0.42275717164485777
breadth_down_2pct_ge_4,rel_basket_le_3%,fixed_horizon_12,base,4,25.885520957775356,25.093681800831224,1.0354208383110142,4,2.000887188781833,3.15150356713175,0.08003548755127332,-23.884633768993524,-0.9553853507597408
breadth_down_2pct_ge_4,rel_basket_le_3%,fixed_horizon_12,stress,4,25.679618325182552,24.888570612069174,1.027184733007302,4,1.818857265539727,2.9683236019572337,0.07275429062158908,-23.860761059642826,-0.954430442385713
breadth_down_2pct_ge_4,rel_basket_le_3%,fixed_horizon_6,base,4,22.56016912758761,21.94057108960904,0.9024067651035044,4,-0.6364574305177345,0.40499550478611746,-0.02545829722070938,-23.196626558105343,-0.9278650623242137
breadth_down_2pct_ge_4,rel_basket_le_3%,fixed_horizon_6,stress,4,22.35759018664102,21.73861143736571,0.8943036074656407,4,-0.8158513258364952,0.22456067647807984,-0.03263405303345981,-23.173441512477513,-0.9269376604991005
breadth_down_2pct_ge_4,rel_basket_le_3%,scaled_exit_6_12,base,4,24.22284504268148,23.517126445220132,0.9689138017072593,4,0.6822148791320495,1.7782495359589339,0.027288595165281978,-23.54063016354943,-0.9416252065419773
breadth_down_2pct_ge_4,rel_basket_le_3%,scaled_exit_6_12,stress,4,24.018604255911786,23.313591024717443,0.9607441702364714,4,0.5015029698516154,1.5964421392176564,0.020060118794064614,-23.51710128606017,-0.9406840514424067
breadth_down_2pct_ge_4,rel_btc_le_-1_atr_equiv,fixed_horizon_12,base,208,0.5547807127208177,0.46853727137057494,1.153943882459301,208,0.9060650871460753,0.2635743664011226,1.8846153812638367,0.3512843744252575,0.7306714988045357
breadth_down_2pct_ge_4,rel_btc_le_-1_atr_equiv,fixed_horizon_12,stress,208,0.3741961739851958,0.2880389330192014,0.7783280418892072,208,0.7251294394149728,0.08328088862687336,1.5082692339831434,0.350933265429777,0.7299411920939362
breadth_down_2pct_ge_4,rel_btc_le_-1_atr_equiv,fixed_horizon_6,base,208,0.3210667841315675,0.37024354242078067,0.6678189109936603,208,0.6649070738723307,0.1910878482547585,1.383006713654448,0.34384028974076325,0.7151878026607876
breadth_down_2pct_ge_4,rel_btc_le_-1_atr_equiv,fixed_horizon_6,stress,208,0.14071584264270928,0.1898434487251512,0.2926889526968353,208,0.4842124637562102,0.01086682080970083,1.007161924612917,0.3434966211135009,0.7144729719160818
breadth_down_2pct_ge_4,rel_btc_le_-1_atr_equiv,scaled_exit_6_12,base,208,0.4379237484261926,0.31532432827398543,0.9108813967264806,208,0.7854860805092031,0.2569469213397924,1.6338110474591425,0.3475623320830105,0.7229296507326619
breadth_down_2pct_ge_4,rel_btc_le_-1_atr_equiv,scaled_exit_6_12,stress,208,0.25745600831395254,0.13497912637405923,0.5355084972930213,208,0.6046709515855915,0.07666006770184378,1.2577155792980304,0.34721494327163893,0.722207082005009
breadth_down_2pct_ge_4,rel_btc_le_1%,fixed_horizon_12,base,207,0.992370840056171,0.9362176693828241,2.054207638916274,207,1.2000796552895403,0.49594045704059125,2.4841648864493484,0.20770881523336926,0.4299572475330744
breadth_down_2pct_ge_4,rel_btc_le_1%,fixed_horizon_12,stress,207,0.8113489296603577,0.7552518841231805,1.6794922843969402,207,1.018850139777251,0.31541472918462,2.1090197893389098,0.20750121011689326,0.42952750494196956
breadth_down_2pct_ge_4,rel_btc_le_1%,fixed_horizon_6,base,207,0.7650221992663654,0.5303419132146292,1.5835959524813763,207,0.9650604815592742,0.381286210827172,1.9976751968276973,0.20003828229290876,0.41407924434632104
breadth_down_2pct_ge_4,rel_btc_le_1%,fixed_horizon_6,stress,207,0.58422752400739,0.3497818010774135,1.209350974695297,207,0.7840658678872429,0.2008750799762195,1.623016346526593,0.1998383438798529,0.4136653718312959
breadth_down_2pct_ge_4,rel_btc_le_1%,scaled_exit_6_12,base,207,0.8786965196612682,0.6675457405872798,1.8189017956988252,207,1.082570068424407,0.406611427238226,2.240920041638523,0.2038735487631389,0.4220182459396977
breadth_down_2pct_ge_4,rel_btc_le_1%,scaled_exit_6_12,stress,207,0.6977882268338739,0.4868484931218043,1.444421629546119,207,0.9014580038322472,0.22617498381448015,1.8660180679327516,0.2036697769983733,0.42159643838663263
breadth_down_2pct_ge_4,rel_btc_le_2%,fixed_horizon_12,base,77,2.453444186140182,1.2541392777497908,1.8891520233279402,77,3.0691430325775984,0.9883872617546221,2.3632401350847507,0.6156988464374162,0.47408811175681054
breadth_down_2pct_ge_4,rel_btc_le_2%,fixed_horizon_12,stress,77,2.2709619318400636,1.0728557296043428,1.748640687516849,77,2.8860453868190796,0.8073693329483201,2.222254947850691,0.6150834549790161,0.47361426033384224
breadth_down_2pct_ge_4,rel_btc_le_2%,fixed_horizon_6,base,77,2.056295341279633,1.1479796161687397,1.5833474127853175,77,2.6457426948705445,0.9648081921414555,2.0372218750503195,0.5894473535909115,0.45387446226500194
breadth_down_2pct_ge_4,rel_btc_le_2%,fixed_horizon_6,stress,77,1.874210037547566,0.9668021746846157,1.443141728911626,77,2.4630682380668447,0.7838138306328891,1.8965625433114703,0.5888582005192786,0.4534208143998444
breadth_down_2pct_ge_4,rel_btc_le_2%,scaled_exit_6_12,base,77,2.254869763709907,0.9825630500156304,1.7362497180566285,77,2.857442863724071,0.9727428593395728,2.200231005067535,0.6025731000141641,0.46398128701090635
breadth_down_2pct_ge_4,rel_btc_le_2%,scaled_exit_6_12,stress,77,2.0725859846938155,0.8015509425133006,1.5958912082142378,77,2.674556812442962,0.7917405671252032,2.059408745581081,0.6019708277491467,0.463517537366843
breadth_down_2pct_ge_4,rel_btc_le_3%,fixed_horizon_12,base,25,4.9581419795940915,3.023683359427145,1.2395354948985229,25,7.011061101050102,3.205233776797925,1.7527652752625256,2.0529191214560107,0.5132297803640027
breadth_down_2pct_ge_4,rel_btc_le_3%,fixed_horizon_12,stress,25,4.77315627797246,2.840631150645994,1.193289069493115,25,6.82402350522817,3.02200010823857,1.7060058763070425,2.0508672272557096,0.5127168068139274
breadth_down_2pct_ge_4,rel_btc_le_3%,fixed_horizon_6,base,25,3.9315192799622785,2.679701542896331,0.9828798199905695,25,5.91844621326865,2.7479529637291744,1.4796115533171625,1.9869269333063717,0.49673173332659304
breadth_down_2pct_ge_4,rel_btc_le_3%,fixed_horizon_6,stress,25,3.747559688498251,2.4969931441986053,0.9368899221245628,25,5.732500686845827,2.5651763476851657,1.4331251717114568,1.984940998347576,0.496235249586894
breadth_down_2pct_ge_4,rel_btc_le_3%,scaled_exit_6_12,base,25,4.444830629778185,2.87312739914263,1.1112076574445462,25,6.464753657159377,2.8448755011240023,1.6161884142898442,2.019923027381192,0.504980756845298
breadth_down_2pct_ge_4,rel_btc_le_3%,scaled_exit_6_12,stress,25,4.260357983235355,2.6902256711566035,1.0650894958088388,25,6.278262096036999,2.662002010931224,1.5695655240092496,2.0179041128016433,0.5044760282004108
breadth_down_2pct_ge_4,symbol_zscore_le_-1,fixed_horizon_12,base,327,0.5471553825892835,0.2953928731252687,1.7891981010669573,327,0.7142049346200953,0.13177920584496414,2.3354501362077116,0.16704955203081173,0.5462520351407543
breadth_down_2pct_ge_4,symbol_zscore_le_-1,fixed_horizon_12,stress,327,0.36657846537684213,0.11506759272970528,1.1987115817822738,327,0.5334610512552175,-0.048382542567555344,1.7444176376045613,0.16688258587837534,0.5457060558222875
breadth_down_2pct_ge_4,symbol_zscore_le_-1,fixed_horizon_6,base,327,0.46034008796029247,0.2602736016701713,1.5053120876301564,327,0.6236201265244669,0.11648929244577841,2.0392378137350065,0.1632800385641744,0.53392572610485
breadth_down_2pct_ge_4,symbol_zscore_le_-1,fixed_horizon_6,stress,327,0.27984994269988933,0.07998342301274622,0.915109312628638,327,0.4429667827431603,-0.06365717368683285,1.4485013795701343,0.16311684004327098,0.5333920669414962
breadth_down_2pct_ge_4,symbol_zscore_le_-1,scaled_exit_6_12,base,327,0.5037477352747881,0.20861654044569636,1.647255094348557,327,0.6689125305722812,0.10618031150787752,2.1873439749713595,0.16516479529749306,0.5400888806228024
breadth_down_2pct_ge_4,symbol_zscore_le_-1,scaled_exit_6_12,stress,327,0.3232142040383657,0.02837799305967407,1.0569104472054558,327,0.4882139169991889,-0.07395585079056452,1.5964595085873476,0.16499971296082322,0.5395490613818918
breadth_down_2pct_ge_4,symbol_zscore_le_-2,fixed_horizon_12,base,308,0.48443746920745423,0.2736437250983626,1.4920674051589589,308,0.7222112629646759,0.12074381778616425,2.2244106899312017,0.23777379375722163,0.7323432847722429
breadth_down_2pct_ge_4,symbol_zscore_le_-2,fixed_horizon_12,stress,308,0.3039232385964371,0.09334018299254525,0.9360835748770262,308,0.5414593772686178,-0.05940690074771147,1.6676948819873427,0.2375361386721807,0.7316113071103165
breadth_down_2pct_ge_4,symbol_zscore_le_-2,fixed_horizon_6,base,308,0.4167621318401177,0.24911263568803357,1.2836273660675623,308,0.6511007719897901,0.1253117422099904,2.0053903777285536,0.23433864014967243,0.7217630116609912
breadth_down_2pct_ge_4,symbol_zscore_le_-2,fixed_horizon_6,stress,308,0.2363155427795129,0.06883361242446165,0.7278518717608997,308,0.4704199612827474,-0.054843541967770505,1.448893480750862,0.2341044185032345,0.7210416089899623
breadth_down_2pct_ge_4,symbol_zscore_le_-2,scaled_exit_6_12,base,308,0.4505998005237858,0.18831414293577436,1.3878473856132603,308,0.6866560174772327,0.10893825685497024,2.1149005338298767,0.23605621695344692,0.7270531482166165
breadth_down_2pct_ge_4,symbol_zscore_le_-2,scaled_exit_6_12,stress,308,0.27011939068797497,0.008095887811281479,0.831967723318963,308,0.5059396692756827,-0.07120066201191474,1.5582941813691027,0.2358202785877077,0.7263264580501397
breadth_down_2pct_ge_5,bottom_1_performer,fixed_horizon_12,base,38,1.656006334999828,0.922004718127958,0.6292824072999347,38,2.00118831998006,0.32332294995586436,0.7604515615924229,0.3451819849802322,0.1311691542924882
breadth_down_2pct_ge_5,bottom_1_performer,fixed_horizon_12,stress,38,1.474321120429507,0.7410531387237286,0.5602420257632127,38,1.819158095757081,0.1429697534275733,0.6912800763876907,0.34483697532757396,0.13103805062447804
breadth_down_2pct_ge_5,bottom_1_performer,fixed_horizon_6,base,38,1.1764487603102298,0.48010050391674947,0.4470505289178873,38,1.5194378974665552,0.3357981581004111,0.577386401037291,0.3429891371563254,0.13033587211940367
breadth_down_2pct_ge_5,bottom_1_performer,fixed_horizon_6,stress,38,0.9952428638951781,0.2995906081057977,0.3781922882801677,38,1.337889183151887,0.15543249259223807,0.5083978895977171,0.34264631925670896,0.13020560131754944
breadth_down_2pct_ge_5,bottom_1_performer,scaled_exit_6_12,base,38,1.416227547655029,0.6662228983733748,0.538166468108911,38,1.760313108723308,0.47836405466732074,0.668918981314857,0.3440855610682789,0.13075251320594605
breadth_down_2pct_ge_5,bottom_1_performer,scaled_exit_6_12,stress,38,1.234781992162343,0.4855269730896689,0.4692171570216903,38,1.5785236394544842,0.2978558944386774,0.599838982992704,0.3437416472921411,0.13062182597101368
breadth_down_2pct_ge_5,bottom_2_performer,fixed_horizon_12,base,76,1.3511431931668394,0.6723206145487626,1.026868826806798,76,1.4682880629500508,0.2635743664011226,1.1158989278420386,0.11714486978321137,0.08903010103524056
breadth_down_2pct_ge_5,bottom_2_performer,fixed_horizon_12,stress,76,1.169762689535237,0.49161859459318397,0.8890196440467802,76,1.2867904729333157,0.08328088862687336,0.9779607594293199,0.11702778339807862,0.08894111538253968
breadth_down_2pct_ge_5,bottom_2_performer,fixed_horizon_6,base,76,0.9094472248095629,0.4303330830680597,0.6911798908552678,76,1.0271694064264203,0.33051639441448405,0.7806487488840794,0.11772218161685744,0.08946885802881166
breadth_down_2pct_ge_5,bottom_2_performer,fixed_horizon_6,stress,76,0.7285081966293281,0.24987292983153403,0.5536662294382894,76,0.8461127148374414,0.1501560080330579,0.6430456632764554,0.11760451820811335,0.08937943383816604
breadth_down_2pct_ge_5,bottom_2_performer,scaled_exit_6_12,base,76,1.130295208988201,0.4961757111467536,0.8590243588310328,76,1.2477287346882355,0.3644516319184688,0.9482738383630589,0.11743352570003451,0.08924947953202611
breadth_down_2pct_ge_5,bottom_2_performer,scaled_exit_6_12,stress,76,0.9491354430822827,0.3156497481541166,0.7213429367425349,76,1.0664515938853785,0.1840573272417258,0.8105032113528876,0.11731615080309576,0.0891602746103527
breadth_down_2pct_ge_5,bottom_3_performer,fixed_horizon_12,base,114,1.1012816503032237,0.6723206145487626,1.255461081345675,114,1.3970887118013853,0.24264489120671365,1.5926811314535791,0.2958070614981616,0.3372200501079041
breadth_down_2pct_ge_5,bottom_3_performer,fixed_horizon_12,stress,114,0.9201508834709542,0.49161859459318397,1.0489720071568878,114,1.2156622855894785,0.062372332458598,1.3858550055720054,0.29551140211852434,0.3368829984151176
breadth_down_2pct_ge_5,bottom_3_performer,fixed_horizon_6,base,114,0.7503691929515891,0.3544179716089691,0.8554208799648116,114,1.0360335502845006,0.2238933513628494,1.1810782473243309,0.2856643573329115,0.3256573673595192
breadth_down_2pct_ge_5,bottom_3_performer,fixed_horizon_6,stress,114,0.569589163383406,0.17403369558322462,0.649331646257083,114,0.854967998977093,0.04363953479284324,0.9746635188338859,0.28537883559368693,0.32533187257680296
breadth_down_2pct_ge_5,bottom_3_performer,scaled_exit_6_12,base,114,0.9258254216274066,0.3707900836528966,1.0554409806552434,114,1.216561131042943,0.1825760733004939,1.386879689388955,0.2907357094155364,0.3314387087337116
breadth_down_2pct_ge_5,bottom_3_performer,scaled_exit_6_12,stress,114,0.7448700234271802,0.19038944368890326,0.8491518267069855,114,1.0353151422832858,0.0023635533808925814,1.1802592622029457,0.2904451188561056,0.3311074354959602
breadth_down_2pct_ge_5,rel_basket_le_-1_atr_equiv,fixed_horizon_12,base,26,2.7687732834971635,0.53139171449327,0.7198810537092626,26,1.7179621134959657,0.2933218515575842,0.4466701495089511,-1.0508111700011977,-0.27321090420031147
breadth_down_2pct_ge_5,rel_basket_le_-1_atr_equiv,fixed_horizon_12,stress,26,2.585975857527937,0.3508305530789003,0.6723537229572636,26,1.5362149740786126,0.11299864114962437,0.39941589326043925,-1.0497608834493244,-0.27293782969682434
breadth_down_2pct_ge_5,rel_basket_le_-1_atr_equiv,fixed_horizon_6,base,26,1.7802477407598702,0.3346248789786311,0.4628644125975662,26,0.727519877840036,0.4837923601828687,0.1891551682384094,-1.0527278629198342,-0.27370924435915683
breadth_down_2pct_ge_5,rel_basket_le_-1_atr_equiv,fixed_horizon_6,stress,26,1.5984383468113879,0.1542603861638005,0.41559397017096084,26,0.5467626861794304,0.30327877435881073,0.1421582984066519,-1.0516756606319575,-0.27343567176430894
breadth_down_2pct_ge_5,rel_basket_le_-1_atr_equiv,scaled_exit_6_12,base,26,2.274510512128517,0.3411009821567857,0.5913727331534144,26,1.2227409956680009,0.5749960958155909,0.3179126588736802,-1.0517695164605163,-0.27346007427973423
breadth_down_2pct_ge_5,rel_basket_le_-1_atr_equiv,scaled_exit_6_12,stress,26,2.092207102169662,0.160730016471979,0.5439738465641122,26,1.0414888301290215,0.39439135178940715,0.2707870958335456,-1.0507182720406407,-0.2731867507305666
breadth_down_2pct_ge_5,rel_basket_le_1%,fixed_horizon_12,base,21,6.139586827822577,3.023683359427145,1.289313233842741,21,4.790219284372213,1.5720847580302253,1.005946049718165,-1.3493675434503638,-0.2833671841245762
breadth_down_2pct_ge_5,rel_basket_le_1%,fixed_horizon_12,stress,21,5.953420271189789,2.840631150645994,1.2502182569498559,21,4.6054014216102965,1.3904834231389707,0.9671342985381624,-1.3480188495794927,-0.28308395841169354
breadth_down_2pct_ge_5,rel_basket_le_1%,fixed_horizon_6,base,21,5.135149873031717,2.4638086668705617,1.0783814733366606,21,3.777699826099526,1.2752121975744404,0.7933169634809004,-1.3574500469321915,-0.28506450985576015
breadth_down_2pct_ge_5,rel_basket_le_1%,fixed_horizon_6,stress,21,4.949987251887945,2.2813160532641867,1.0394973228964686,21,3.5938939772949063,1.0939075870298343,0.7547177352319303,-1.356093274593039,-0.28477958766453826
breadth_down_2pct_ge_5,rel_basket_le_1%,scaled_exit_6_12,base,21,5.637368350427146,2.87312739914263,1.1838473535897007,21,4.28395955523587,1.4505130418890813,0.8996315065995327,-1.3534087951912763,-0.284215846990168
breadth_down_2pct_ge_5,rel_basket_le_1%,scaled_exit_6_12,stress,21,5.451703761538868,2.6902256711566035,1.1448577899231622,21,4.099647699452602,1.2690332180192154,0.8609260168850463,-1.352056062086266,-0.2839317730381159
breadth_down_2pct_ge_5,rel_basket_le_2%,fixed_horizon_12,base,10,10.237369255319846,6.1215941090864066,1.0237369255319846,10,5.909005755068963,2.2971555511944763,0.5909005755068963,-4.328363500250883,-0.43283635002508825
breadth_down_2pct_ge_5,rel_basket_le_2%,fixed_horizon_12,stress,10,10.047106962080003,5.935445536189481,1.0047106962080001,10,5.723069664391197,2.114829507502119,0.5723069664391197,-4.324037297688806,-0.4324037297688804
breadth_down_2pct_ge_5,rel_basket_le_2%,fixed_horizon_6,base,10,7.981433217543585,9.170649033575021,0.7981433217543585,10,3.6437029377521455,2.0115825806518073,0.3643702937752145,-4.337730279791439,-0.433773027979144
breadth_down_2pct_ge_5,rel_basket_le_2%,fixed_horizon_6,stress,10,7.7934257340640345,8.981452927996164,0.7793425734064034,10,3.460031018937844,1.8295419673575002,0.3460031018937844,-4.3333947151261905,-0.43333947151261903
breadth_down_2pct_ge_5,rel_basket_le_2%,scaled_exit_6_12,base,10,9.109401236431717,7.646121571330713,0.9109401236431717,10,4.776354346410554,1.6146937631077738,0.4776354346410554,-4.333046890021163,-0.4333046890021163
breadth_down_2pct_ge_5,rel_basket_le_2%,scaled_exit_6_12,stress,10,8.920266348072017,7.458449232092823,0.8920266348072017,10,4.5915503416645205,1.4330498404840288,0.4591550341664521,-4.328716006407497,-0.4328716006407496
breadth_down_2pct_ge_5,rel_basket_le_3%,fixed_horizon_12,base,4,25.885520957775356,25.093681800831224,1.0354208383110142,4,2.000887188781833,3.15150356713175,0.08003548755127332,-23.884633768993524,-0.9553853507597408
breadth_down_2pct_ge_5,rel_basket_le_3%,fixed_horizon_12,stress,4,25.679618325182552,24.888570612069174,1.027184733007302,4,1.818857265539727,2.9683236019572337,0.07275429062158908,-23.860761059642826,-0.954430442385713
breadth_down_2pct_ge_5,rel_basket_le_3%,fixed_horizon_6,base,4,22.56016912758761,21.94057108960904,0.9024067651035044,4,-0.6364574305177345,0.40499550478611746,-0.02545829722070938,-23.196626558105343,-0.9278650623242137
breadth_down_2pct_ge_5,rel_basket_le_3%,fixed_horizon_6,stress,4,22.35759018664102,21.73861143736571,0.8943036074656407,4,-0.8158513258364952,0.22456067647807984,-0.03263405303345981,-23.173441512477513,-0.9269376604991005
breadth_down_2pct_ge_5,rel_basket_le_3%,scaled_exit_6_12,base,4,24.22284504268148,23.517126445220132,0.9689138017072593,4,0.6822148791320495,1.7782495359589339,0.027288595165281978,-23.54063016354943,-0.9416252065419773
breadth_down_2pct_ge_5,rel_basket_le_3%,scaled_exit_6_12,stress,4,24.018604255911786,23.313591024717443,0.9607441702364714,4,0.5015029698516154,1.5964421392176564,0.020060118794064614,-23.51710128606017,-0.9406840514424067
breadth_down_2pct_ge_5,rel_btc_le_-1_atr_equiv,fixed_horizon_12,base,188,0.5548786159452077,0.35456728685178357,1.0431717979769903,188,0.9507547649778068,0.23936130790549684,1.787418958158277,0.39587614903259905,0.7442471601812866
breadth_down_2pct_ge_5,rel_btc_le_-1_atr_equiv,fixed_horizon_12,stress,188,0.3742939793552398,0.17418286158535262,0.7036726811878508,188,0.7697744498802218,0.05909203110135334,1.447175965774817,0.39548047052498203,0.7435032845869664
breadth_down_2pct_ge_5,rel_btc_le_-1_atr_equiv,fixed_horizon_6,base,188,0.3171511382725973,0.37024354242078067,0.5962441399524829,188,0.7047979637787403,0.19552829574002398,1.3250201719040318,0.387646825506143,0.7287760319515488
breadth_down_2pct_ge_5,rel_btc_le_-1_atr_equiv,fixed_horizon_6,stress,188,0.13680411047470922,0.1898434487251512,0.25719172769245335,188,0.5240634826882647,0.01530283006438329,0.9852393474539377,0.38725937221355555,0.7280476197614844
breadth_down_2pct_ge_5,rel_btc_le_-1_atr_equiv,scaled_exit_6_12,base,188,0.43601487710890235,0.26191205321451033,0.8197079689647364,188,0.8277763643782734,0.2569469213397924,1.556219565031154,0.39176148726937104,0.7365115960664177
breadth_down_2pct_ge_5,rel_btc_le_-1_atr_equiv,scaled_exit_6_12,stress,188,0.2555490449149745,0.08162023692351764,0.480432204440152,188,0.6469189662842435,0.07666006770184378,1.2162076566143778,0.391369921369269,0.7357754521742258
breadth_down_2pct_ge_5,rel_btc_le_1%,fixed_horizon_12,base,191,0.9707563423731743,0.8491249927220414,1.854144613932763,191,1.2133643125081162,0.34910615168025855,2.317525836890502,0.24260797013494184,0.463381222957739
breadth_down_2pct_ge_5,rel_btc_le_1%,fixed_horizon_12,stress,191,0.7897560356839927,0.6682462566580051,1.5084340281564261,191,1.0321215189709818,0.1687271848225304,1.9713521012345754,0.24236548328698915,0.46291807307814925
breadth_down_2pct_ge_5,rel_btc_le_1%,fixed_horizon_6,base,191,0.7690487401859563,0.48602307001585304,1.4688830937551764,191,1.0033482427042317,0.37619510768211134,1.9163951435650823,0.23429950251827547,0.4475120498099059
breadth_down_2pct_ge_5,rel_btc_le_1%,fixed_horizon_6,stress,191,0.5882500403963143,0.30550725459566513,1.1235575771569604,191,0.8223153603862441,0.1957890653925755,1.5706223383377265,0.23406531998992974,0.4470647611807661
breadth_down_2pct_ge_5,rel_btc_le_1%,scaled_exit_6_12,base,191,0.8699025412795652,0.6417145240363986,1.6615138538439698,191,1.1083562776061742,0.38074480956487805,2.1169604902277928,0.23845373632660893,0.455446636383823
breadth_down_2pct_ge_5,rel_btc_le_1%,scaled_exit_6_12,stress,191,0.6890030380401537,0.461043094891227,1.3159958026566936,191,0.9272184396786133,0.20033421984487115,1.7709872197861514,0.23821540163845956,0.4549914171294578
breadth_down_2pct_ge_5,rel_btc_le_2%,fixed_horizon_12,base,74,2.5257149845453473,1.28410397315343,1.869029088563557,74,3.151044584283625,1.0011755595905527,2.3317729923698827,0.625329599738278,0.4627439038063257
breadth_down_2pct_ge_5,rel_btc_le_2%,fixed_horizon_12,stress,74,2.3431604955280663,1.1027904752724682,1.7339387666907689,74,2.9678650778628017,0.8201448488709785,2.1962201576184732,0.6247045823347355,0.46228139092770437
breadth_down_2pct_ge_5,rel_btc_le_2%,fixed_horizon_6,base,74,2.1390588303331066,1.1835833219112326,1.582903534446499,74,2.7373211395717623,0.9842645689523335,2.025617643283104,0.5982623092386556,0.4427141088366051
breadth_down_2pct_ge_5,rel_btc_le_2%,fixed_horizon_6,stress,74,1.9568908044317102,1.0023702944965174,1.4480991952794655,74,2.554555150043957,0.8032507607805651,1.8903708110325284,0.5976643456122468,0.44227161575306284
breadth_down_2pct_ge_5,rel_btc_le_2%,scaled_exit_6_12,base,74,2.332386907439227,1.4171418859430431,1.725966311505028,74,2.9441828619276937,0.9894622689918333,2.1786953178264934,0.6117959544884668,0.4527290063214653
breadth_down_2pct_ge_5,rel_btc_le_2%,scaled_exit_6_12,stress,74,2.150025649979888,1.235695416568554,1.5910189809851172,74,2.76121011395338,0.8084432657149799,2.043295484325501,0.6111844639734918,0.45227650334038394
breadth_down_2pct_ge_5,rel_btc_le_3%,fixed_horizon_12,base,24,5.107932405253251,3.278169181057447,1.2259037772607804,24,7.203963505100653,4.601461718419367,1.7289512412241566,2.0960310998474014,0.5030474639633762
breadth_down_2pct_ge_5,rel_btc_le_3%,fixed_horizon_12,stress,24,4.922796987988924,3.0948626135068924,1.181471277117342,24,7.016733103181316,4.416832518986062,1.684015944763516,2.093936115192392,0.502544667646174
breadth_down_2pct_ge_5,rel_btc_le_3%,fixed_horizon_6,base,24,4.086494032958434,2.701136490877223,0.9807585679100242,24,6.114264669407729,2.7724564626807524,1.4674235206578548,2.0277706364492945,0.4866649527478305
breadth_down_2pct_ge_5,rel_btc_le_3%,fixed_horizon_6,stress,24,3.902379544112653,2.518406667932909,0.9365710905870367,24,5.928123422291252,2.5896553553711725,1.4227496213499005,2.025743878178599,0.48617853076286377
breadth_down_2pct_ge_5,rel_btc_le_3%,scaled_exit_6_12,base,24,4.597213219105843,2.935679616960892,1.1033311725854023,24,6.65911408725419,3.955027272247322,1.5981873809410057,2.0619008681483475,0.4948562083556034
breadth_down_2pct_ge_5,rel_btc_le_3%,scaled_exit_6_12,stress,24,4.412588266050788,2.7527153679862963,1.0590211838521892,24,6.472428262736283,3.771044184527393,1.5533827830567082,2.0598399966854952,0.49436159920451894
breadth_down_2pct_ge_5,symbol_zscore_le_-1,fixed_horizon_12,base,287,0.5116655441455836,0.0735190311840351,1.4684801116978252,287,0.724152993299652,0.10406612214583175,2.0783190907700013,0.21248744915406836,0.6098389790721761
breadth_down_2pct_ge_5,symbol_zscore_le_-1,fixed_horizon_12,stress,287,0.3311240990532624,-0.10658448614024416,0.9503261642828631,287,0.5433991668426691,-0.07606792701874796,1.5595556088384603,0.2122750677894067,0.6092294445555972
breadth_down_2pct_ge_5,symbol_zscore_le_-1,fixed_horizon_6,base,287,0.4456557330510975,0.20569159918263583,1.27903195385665,287,0.6538680369499041,0.05677995125660481,1.876601266046225,0.20821230389880663,0.5975693121895751
breadth_down_2pct_ge_5,symbol_zscore_le_-1,fixed_horizon_6,stress,287,0.26518026481442997,0.025455975277615263,0.761067360017414,287,0.4731844603594605,-0.12330683534475625,1.3580394012316515,0.20800419554503052,0.5969720412142374
breadth_down_2pct_ge_5,symbol_zscore_le_-1,scaled_exit_6_12,base,287,0.4786606385983406,0.09568896169964933,1.3737560327772376,287,0.6890105151247782,0.08973773044064445,1.9774601784081134,0.21034987652643755,0.6037041456308758
breadth_down_2pct_ge_5,symbol_zscore_le_-1,scaled_exit_6_12,stress,287,0.2981521819338462,-0.08443671448678067,0.8556967621501387,287,0.5082918136010649,-0.0903819974856955,1.4587975050350561,0.21013963166721872,0.6031007428849174
breadth_down_2pct_ge_5,symbol_zscore_le_-2,fixed_horizon_12,base,269,0.4396361709817217,0.007289428304204716,1.1826212999408314,269,0.7351467029068646,0.09992560140165371,1.9775446308194655,0.29551053192514287,0.7949233308786341
breadth_down_2pct_ge_5,symbol_zscore_le_-2,fixed_horizon_12,stress,269,0.2591667193018548,-0.17274789248235653,0.6971584749219893,269,0.5543818882288907,-0.08020430930934616,1.491287279335716,0.29521516892703586,0.7941288044137266
breadth_down_2pct_ge_5,symbol_zscore_le_-2,fixed_horizon_6,base,269,0.3961503039344496,0.19507182013961627,1.0656443175836694,269,0.6877498056115326,0.06165672078698677,1.850046977095023,0.29159950167708304,0.7844026595113536
breadth_down_2pct_ge_5,symbol_zscore_le_-2,fixed_horizon_6,stress,269,0.21572431641128245,0.014846810711670735,0.5802984111463498,269,0.5070323641679215,-0.11843494014915454,1.3639170596117087,0.2913080477566391,0.7836186484653589
breadth_down_2pct_ge_5,symbol_zscore_le_-2,scaled_exit_6_12,base,269,0.41789323745808565,0.06301726315602005,1.1241328087622504,269,0.7114482542591986,0.09047278330701855,1.913795803957244,0.2935550168011129,0.7896629951949936
breadth_down_2pct_ge_5,symbol_zscore_le_-2,scaled_exit_6_12,stress,269,0.23744551785656867,-0.11707575764322672,0.6387284430341698,269,0.530707126198406,-0.08964767930521131,1.4276021694737122,0.29326160834183734,0.7888737264395425
breadth_down_2pct_ge_6,bottom_1_performer,fixed_horizon_12,base,26,2.310210448290388,1.1212632697522065,0.600654716555501,26,2.7442883876249677,0.5693958743325146,0.7135149807824916,0.4340779393345797,0.11286026422699069
breadth_down_2pct_ge_6,bottom_1_performer,fixed_horizon_12,stress,26,2.127871356218589,0.9401125312763315,0.5532465526168332,26,2.561515434327516,0.388796727731915,0.6659940129251543,0.433644078108927,0.11274746030832106
breadth_down_2pct_ge_6,bottom_1_performer,fixed_horizon_6,base,26,1.679729269973572,0.5966530047898178,0.4367296101931287,26,2.112484826106679,0.41546191640645885,0.5492460547877365,0.4327555561331069,0.11251644459460775
breadth_down_2pct_ge_6,bottom_1_performer,fixed_horizon_6,stress,26,1.4980203443119668,0.41602661466690233,0.3894852895211114,26,1.9303433609424197,0.23501662691215913,0.5018892738450291,0.4323230166304528,0.11240398432391774
breadth_down_2pct_ge_6,bottom_1_performer,scaled_exit_6_12,base,26,1.99496985913198,0.7309053574149705,0.5186921633743148,26,2.428386606865823,0.5534613979986747,0.6313805177851141,0.4334167477338431,0.11268835441079927
breadth_down_2pct_ge_6,bottom_1_performer,scaled_exit_6_12,stress,26,1.8129458502652782,0.5501447819649997,0.4713659210689723,26,2.2459293976349683,0.3728781779190966,0.5839416433850918,0.43298354736969014,0.11257572231611951
breadth_down_2pct_ge_6,bottom_2_performer,fixed_horizon_12,base,52,1.9742742649811407,0.8152745407904252,1.0266226177901931,52,2.0848371327364257,0.2933218515575842,1.0841153090229412,0.11056286775528501,0.05749269123274803
breadth_down_2pct_ge_6,bottom_2_performer,fixed_horizon_12,stress,52,1.7922709413763012,0.6344296382784377,0.9319808895156766,52,1.9027233014624116,0.11299864114962437,0.9894161167604539,0.11045236008611048,0.05743522724477734
breadth_down_2pct_ge_6,bottom_2_performer,fixed_horizon_6,base,52,1.4590119056421127,0.5850092681774632,0.7586861909338986,52,1.5718383635719975,0.5501377018576692,0.8173559490574387,0.11282645792988477,0.05866975812354014
breadth_down_2pct_ge_6,bottom_2_performer,fixed_horizon_6,stress,52,1.277523587151556,0.4043945159780283,0.6643122653188092,52,1.3902372749521896,0.3695578038148951,0.7229233829751387,0.11271368780063362,0.05861111765632954
breadth_down_2pct_ge_6,bottom_2_performer,scaled_exit_6_12,base,52,1.7166430853116266,0.6196616450106684,0.8926544043620458,52,1.8283377481542111,0.5078329607616472,0.9507356290401898,0.11169466284258456,0.05808122467814403
breadth_down_2pct_ge_6,bottom_2_performer,scaled_exit_6_12,stress,52,1.534897264263929,0.43901225773460456,0.798146577417243,52,1.6464802882073009,0.3272953463393004,0.8561697498677965,0.11158302394337194,0.05802317245055344
breadth_down_2pct_ge_6,bottom_3_performer,fixed_horizon_12,base,78,1.5586908806642463,0.9160116045887758,1.215778886918112,78,1.9303879393193244,0.24513349853888758,1.505702592669073,0.37169705865507807,0.28992370575096094
breadth_down_2pct_ge_6,bottom_3_performer,fixed_horizon_12,stress,78,1.3771029329634588,0.7350660153060341,1.0741402877114978,78,1.748428480129871,0.06485845242588009,1.3637742145012994,0.3713255471664123,0.2896339267898016
breadth_down_2pct_ge_6,bottom_3_performer,fixed_horizon_6,base,78,1.1692843473036467,0.44723638818396033,0.9120417908968445,78,1.527620050945374,0.373361793857987,1.1915436397373917,0.3583357036417272,0.2795018488405473
breadth_down_2pct_ge_6,bottom_3_performer,fixed_horizon_6,stress,78,0.9880856117247644,0.26675934008130636,0.7707067771453162,78,1.3460631585621736,0.19295858346771072,1.0499292636784954,0.35797754683740923,0.27922248653317916
breadth_down_2pct_ge_6,bottom_3_performer,scaled_exit_6_12,base,78,1.3639876139839462,0.5854492183711946,1.063910338907478,78,1.7290039951323488,0.39367811840155204,1.348623116203232,0.3650163811484026,0.28471277729575406
breadth_down_2pct_ge_6,bottom_3_performer,scaled_exit_6_12,stress,78,1.1825942723441116,0.404834026441191,0.9224235324284071,78,1.5472458193460223,0.21325460182967565,1.2068517390898974,0.3646515470019107,0.28442820666149027
breadth_down_2pct_ge_6,rel_basket_le_-1_atr_equiv,fixed_horizon_12,base,20,3.6905612451846674,0.48195061267306777,0.7381122490369335,20,2.2233000138350825,0.2933218515575842,0.44466000276701656,-1.467261231349585,-0.29345224626991695
breadth_down_2pct_ge_6,rel_basket_le_-1_atr_equiv,fixed_horizon_12,stress,20,3.5068424914569714,0.301438867677022,0.7013684982913942,20,2.0410477888076533,0.11299864114962437,0.4082095577615306,-1.465794702649318,-0.29315894052986363
breadth_down_2pct_ge_6,rel_basket_le_-1_atr_equiv,fixed_horizon_6,base,20,2.555878842526769,1.005559850186957,0.5111757685053538,20,1.08615384886046,0.8643237803590245,0.21723076977209202,-1.469724993666309,-0.29394499873326185
breadth_down_2pct_ge_6,rel_basket_le_-1_atr_equiv,fixed_horizon_6,stress,20,2.3732942047108345,0.8245247573656457,0.4746588409421669,20,0.9050382022770685,0.6834298530953343,0.1810076404554137,-1.4682560024337659,-0.2936512004867532
breadth_down_2pct_ge_6,rel_basket_le_-1_atr_equiv,scaled_exit_6_12,base,20,3.123220043855719,0.6196616450106684,0.6246440087711438,20,1.6547269313477713,0.5749960958155909,0.3309453862695543,-1.4684931125079477,-0.2936986225015895
breadth_down_2pct_ge_6,rel_basket_le_-1_atr_equiv,scaled_exit_6_12,stress,20,2.9400683480839027,0.43901225773460456,0.5880136696167805,20,1.4730429955423607,0.39439135178940715,0.29460859910847215,-1.467025352541542,-0.29340507050830833
breadth_down_2pct_ge_6,rel_basket_le_1%,fixed_horizon_12,base,19,6.776151483609011,3.5326550026877483,1.287468781885712,19,5.3995798499446135,1.6281956759177116,1.0259201714894766,-1.3765716336643976,-0.26154861039623545
breadth_down_2pct_ge_6,rel_basket_le_1%,fixed_horizon_12,stress,19,6.58934868012574,3.3490940763677908,1.2519762492238906,19,5.2141529308407675,1.446538258121981,0.9906890568597457,-1.3751957492849725,-0.2612871923641449
breadth_down_2pct_ge_6,rel_basket_le_1%,fixed_horizon_6,base,19,5.545142154519763,2.679701542896331,1.0535770093587549,19,4.161769100774783,1.4408084811404678,0.7907361291472087,-1.3833730537449798,-0.26284088021154617
breadth_down_2pct_ge_6,rel_basket_le_1%,fixed_horizon_6,stress,19,5.359569745783404,2.4969931441986053,1.018318251698847,19,3.977579374442311,1.2593383569863326,0.7557400811440391,-1.3819903713410935,-0.2625781705548078
breadth_down_2pct_ge_6,rel_basket_le_1%,scaled_exit_6_12,base,19,6.160646819064386,2.998231834779155,1.1705228956222333,19,4.780674475359698,1.7788744843264668,0.9083281503183425,-1.3799723437046882,-0.26219474530389086
breadth_down_2pct_ge_6,rel_basket_le_1%,scaled_exit_6_12,stress,19,5.974459212954573,2.815205064815989,1.1351472504613689,19,4.5958661526415385,1.5970664629488422,0.8732145690018924,-1.378593060313034,-0.26193268145947646
breadth_down_2pct_ge_6,rel_basket_le_2%,fixed_horizon_12,base,10,10.237369255319846,6.1215941090864066,1.0237369255319846,10,5.909005755068963,2.2971555511944763,0.5909005755068963,-4.328363500250883,-0.43283635002508825
breadth_down_2pct_ge_6,rel_basket_le_2%,fixed_horizon_12,stress,10,10.047106962080003,5.935445536189481,1.0047106962080001,10,5.723069664391197,2.114829507502119,0.5723069664391197,-4.324037297688806,-0.4324037297688804
breadth_down_2pct_ge_6,rel_basket_le_2%,fixed_horizon_6,base,10,7.981433217543585,9.170649033575021,0.7981433217543585,10,3.6437029377521455,2.0115825806518073,0.3643702937752145,-4.337730279791439,-0.433773027979144
breadth_down_2pct_ge_6,rel_basket_le_2%,fixed_horizon_6,stress,10,7.7934257340640345,8.981452927996164,0.7793425734064034,10,3.460031018937844,1.8295419673575002,0.3460031018937844,-4.3333947151261905,-0.43333947151261903
breadth_down_2pct_ge_6,rel_basket_le_2%,scaled_exit_6_12,base,10,9.109401236431717,7.646121571330713,0.9109401236431717,10,4.776354346410554,1.6146937631077738,0.4776354346410554,-4.333046890021163,-0.4333046890021163
breadth_down_2pct_ge_6,rel_basket_le_2%,scaled_exit_6_12,stress,10,8.920266348072017,7.458449232092823,0.8920266348072017,10,4.5915503416645205,1.4330498404840288,0.4591550341664521,-4.328716006407497,-0.4328716006407496
breadth_down_2pct_ge_6,rel_basket_le_3%,fixed_horizon_12,base,4,25.885520957775356,25.093681800831224,1.0354208383110142,4,2.000887188781833,3.15150356713175,0.08003548755127332,-23.884633768993524,-0.9553853507597408
breadth_down_2pct_ge_6,rel_basket_le_3%,fixed_horizon_12,stress,4,25.679618325182552,24.888570612069174,1.027184733007302,4,1.818857265539727,2.9683236019572337,0.07275429062158908,-23.860761059642826,-0.954430442385713
breadth_down_2pct_ge_6,rel_basket_le_3%,fixed_horizon_6,base,4,22.56016912758761,21.94057108960904,0.9024067651035044,4,-0.6364574305177345,0.40499550478611746,-0.02545829722070938,-23.196626558105343,-0.9278650623242137
breadth_down_2pct_ge_6,rel_basket_le_3%,fixed_horizon_6,stress,4,22.35759018664102,21.73861143736571,0.8943036074656407,4,-0.8158513258364952,0.22456067647807984,-0.03263405303345981,-23.173441512477513,-0.9269376604991005
breadth_down_2pct_ge_6,rel_basket_le_3%,scaled_exit_6_12,base,4,24.22284504268148,23.517126445220132,0.9689138017072593,4,0.6822148791320495,1.7782495359589339,0.027288595165281978,-23.54063016354943,-0.9416252065419773
breadth_down_2pct_ge_6,rel_basket_le_3%,scaled_exit_6_12,stress,4,24.018604255911786,23.313591024717443,0.9607441702364714,4,0.5015029698516154,1.5964421392176564,0.020060118794064614,-23.51710128606017,-0.9406840514424067
breadth_down_2pct_ge_6,rel_btc_le_-1_atr_equiv,fixed_horizon_12,base,135,0.8945096695650488,0.8518039882287634,1.2075880539128159,135,1.4016357464664562,0.3289507531503944,1.892208257729716,0.5071260769014073,0.6846202038169
breadth_down_2pct_ge_6,rel_btc_le_-1_atr_equiv,fixed_horizon_12,stress,135,0.7135855714824766,0.6709225745066761,0.9633405215013434,135,1.2202047754899925,0.1485919316285768,1.6472764469114898,0.5066192040075159,0.6839359254101464
breadth_down_2pct_ge_6,rel_btc_le_-1_atr_equiv,fixed_horizon_6,base,135,0.6950899032698135,0.4693539209968201,0.9383713694142481,135,1.1907615096647517,0.4022088037964134,1.6075280380474148,0.49567160639493824,0.6691566686331667
breadth_down_2pct_ge_6,rel_btc_le_-1_atr_equiv,fixed_horizon_6,stress,135,0.5143651253930921,0.2888547664035059,0.6943929192806743,135,1.0095413076459938,0.22177676079809155,1.3628807653220916,0.4951761822529017,0.6684878460414173
breadth_down_2pct_ge_6,rel_btc_le_-1_atr_equiv,scaled_exit_6_12,base,135,0.7947997864174309,0.6319032585802153,1.0729797116635316,135,1.2961986280656037,0.4161731910865019,1.749868147888565,0.5013988416481728,0.6768884362250334
breadth_down_2pct_ge_6,rel_btc_le_-1_atr_equiv,scaled_exit_6_12,stress,135,0.6139753484377845,0.4512416358022065,0.8288667203910091,135,1.114873041567993,0.23572719067263453,1.5050786061167907,0.5008976931302086,0.6762118857257816
breadth_down_2pct_ge_6,rel_btc_le_1%,fixed_horizon_12,base,142,1.17057754916191,0.9258947456723978,1.6622201198099122,142,1.501993945023663,0.4578152939827685,2.1328314019336014,0.3314163958617531,0.4706112821236892
breadth_down_2pct_ge_6,rel_btc_le_1%,fixed_horizon_12,stress,142,0.9893775210268021,0.7449392781827481,1.4049160798580589,142,1.3204626659525367,0.2773276722558384,1.875056985652602,0.3310851449257346,0.47014090579454315
breadth_down_2pct_ge_6,rel_btc_le_1%,fixed_horizon_6,base,142,1.060349217128685,0.5602568955232279,1.5056958883227327,142,1.3807378812734974,0.47950580505116364,1.9606477914083662,0.3203886641448124,0.4549519030856335
breadth_down_2pct_ge_6,rel_btc_le_1%,fixed_horizon_6,stress,142,0.8792593622940452,0.3796668833387963,1.2485482944575441,142,1.1993277977289531,0.29899650364216174,1.7030454727751136,0.3200684354349079,0.45449717831756953
breadth_down_2pct_ge_6,rel_btc_le_1%,scaled_exit_6_12,base,142,1.1154633831452971,0.6446541365553082,1.583958004066322,142,1.4413659131485799,0.42133489912320415,2.0467395966709834,0.32590253000328273,0.46278159260466145
breadth_down_2pct_ge_6,rel_btc_le_1%,scaled_exit_6_12,stress,142,0.934318441660424,0.4639797692652204,1.326732187157802,142,1.2598952318407453,0.24088373957828385,1.789051229213858,0.32557679018032126,0.4623190420560561
breadth_down_2pct_ge_6,rel_btc_le_2%,fixed_horizon_12,base,66,2.5619887479041594,1.2276049662047008,1.6909125736167454,66,3.297165394264575,0.9625345654399011,2.1761291602146193,0.7351766463604155,0.4852165865978739
breadth_down_2pct_ge_6,rel_btc_le_2%,fixed_horizon_12,stress,66,2.3793980032332183,1.0463479391235198,1.5704026821339243,66,3.1138398399846765,0.7815424764229407,2.0551342943898865,0.7344418367514582,0.4847316122559622
breadth_down_2pct_ge_6,rel_btc_le_2%,fixed_horizon_6,base,66,2.18679532972369,1.1504687711030661,1.4432849176176354,66,2.8913794540828097,0.9460885903306429,1.9083104396946544,0.7045841243591195,0.46502552207701897
breadth_down_2pct_ge_6,rel_btc_le_2%,fixed_horizon_6,stress,66,2.0045795911553808,0.9692888417067104,1.3230225301625511,66,2.708459483154204,0.7651129390781098,1.7875832588817746,0.7038798919988234,0.4645607287192235
breadth_down_2pct_ge_6,rel_btc_le_2%,scaled_exit_6_12,base,66,2.3743920388139244,1.146559241573816,1.56709874561719,66,3.094272424173693,0.9308811203497438,2.0422197999546374,0.7198803853597688,0.47512105433744733
breadth_down_2pct_ge_6,rel_btc_le_2%,scaled_exit_6_12,stress,66,2.1919887971943,0.9653832197551383,1.446712606148238,66,2.91114966156944,0.7499206689748618,1.9213587766358307,0.7191608643751399,0.4746461704875926
breadth_down_2pct_ge_6,rel_btc_le_3%,fixed_horizon_12,base,24,5.107932405253251,3.278169181057447,1.2259037772607804,24,7.203963505100653,4.601461718419367,1.7289512412241566,2.0960310998474014,0.5030474639633762
breadth_down_2pct_ge_6,rel_btc_le_3%,fixed_horizon_12,stress,24,4.922796987988924,3.0948626135068924,1.181471277117342,24,7.016733103181316,4.416832518986062,1.684015944763516,2.093936115192392,0.502544667646174
breadth_down_2pct_ge_6,rel_btc_le_3%,fixed_horizon_6,base,24,4.086494032958434,2.701136490877223,0.9807585679100242,24,6.114264669407729,2.7724564626807524,1.4674235206578548,2.0277706364492945,0.4866649527478305
breadth_down_2pct_ge_6,rel_btc_le_3%,fixed_horizon_6,stress,24,3.902379544112653,2.518406667932909,0.9365710905870367,24,5.928123422291252,2.5896553553711725,1.4227496213499005,2.025743878178599,0.48617853076286377
breadth_down_2pct_ge_6,rel_btc_le_3%,scaled_exit_6_12,base,24,4.597213219105843,2.935679616960892,1.1033311725854023,24,6.65911408725419,3.955027272247322,1.5981873809410057,2.0619008681483475,0.4948562083556034
breadth_down_2pct_ge_6,rel_btc_le_3%,scaled_exit_6_12,stress,24,4.412588266050788,2.7527153679862963,1.0590211838521892,24,6.472428262736283,3.771044184527393,1.5533827830567082,2.0598399966854952,0.49436159920451894
breadth_down_2pct_ge_6,symbol_zscore_le_-1,fixed_horizon_12,base,203,0.7418222991635504,0.4986163522012888,1.5058992673020073,203,1.045786832616254,0.18915631284829543,2.1229472702109957,0.3039645334527037,0.6170480029089884
breadth_down_2pct_ge_6,symbol_zscore_le_-1,fixed_horizon_12,stress,203,0.5610508122221146,0.3180879497860768,1.1389331488108927,203,0.8647115328958497,0.008937215974307435,1.7553644117785747,0.30366072067373506,0.616431262967682
breadth_down_2pct_ge_6,symbol_zscore_le_-1,fixed_horizon_6,base,203,0.709976198606938,0.3862651424411246,1.441251683172084,203,1.0088746985591197,0.2954012085187108,2.0480156380750127,0.29889849995218176,0.6067639549029287
breadth_down_2pct_ge_6,symbol_zscore_le_-1,fixed_horizon_6,stress,203,0.5292365418668724,0.20584903514427227,1.074350179989751,203,0.8278362925443647,0.11507591979190061,1.6805076738650604,0.29859975067749234,0.6061574938753094
breadth_down_2pct_ge_6,symbol_zscore_le_-1,scaled_exit_6_12,base,203,0.725899248885244,0.3490685735807875,1.4735754752370456,203,1.0273307655876867,0.27180117376373275,2.0854814541430042,0.3014315167024426,0.6119059789059587
breadth_down_2pct_ge_6,symbol_zscore_le_-1,scaled_exit_6_12,stress,203,0.5451436770444936,0.16868964428239835,1.106641664400322,203,0.8462739127201071,0.09149947328936828,1.7179360428218176,0.3011302356756135,0.6112943784214955
breadth_down_2pct_ge_6,symbol_zscore_le_-2,fixed_horizon_12,base,192,0.6599534652049662,0.2736437250983626,1.2671106531935352,192,1.0630146011935038,0.1867986072383055,2.0409880342915274,0.40306113598853754,0.7738773810979922
breadth_down_2pct_ge_6,symbol_zscore_le_-2,fixed_horizon_12,stress,192,0.47926380622442266,0.09334018299254525,0.9201865079508914,192,0.8819220823054962,0.006581866892845368,1.6932903980265526,0.4026582760810735,0.7731038900756612
breadth_down_2pct_ge_6,symbol_zscore_le_-2,fixed_horizon_6,base,192,0.661134991663434,0.37024354242078067,1.2693791839937933,192,1.059481543461035,0.3592010067739038,2.0342045634451873,0.3983465517976009,0.764825379451394
breadth_down_2pct_ge_6,symbol_zscore_le_-2,fixed_horizon_6,stress,192,0.4804441517463091,0.1898434487251512,0.9224527713529135,192,0.878392555866877,0.1788119501009368,1.686513707264404,0.3979484041205679,0.7640609359114906
breadth_down_2pct_ge_6,symbol_zscore_le_-2,scaled_exit_6_12,base,192,0.6605442284342001,0.34501342977009636,1.2682449185936642,192,1.0612480723272695,0.2770127816197699,2.0375962988683574,0.40070384389306934,0.7693513802746932
breadth_down_2pct_ge_6,symbol_zscore_le_-2,scaled_exit_6_12,stress,192,0.479853978985366,0.1646385535909835,0.9213196396519027,192,0.8801573190861867,0.09670587213944275,1.6899020526454782,0.40030334010082064,0.7685824129935755
btc_return_le_1%,bottom_1_performer,fixed_horizon_12,base,101,0.38228535580086587,0.27303241298778597,0.3861082093588745,101,0.46108739212379596,0.09993208927249428,0.4656982660450339,0.07880203632293009,0.07959005668615937
btc_return_le_1%,bottom_1_performer,fixed_horizon_12,stress,101,0.20187322630374743,0.09272948188888033,0.20389195856678488,101,0.2805964999323246,-0.08019782792314065,0.2834024649316479,0.07872327362857717,0.07951050636486301
btc_return_le_1%,bottom_1_performer,fixed_horizon_6,base,101,0.27224504623358026,0.1769633368381785,0.2749674966959161,101,0.3482351393202362,-0.03009085662882598,0.35171749071343855,0.07599009308665594,0.07674999401752247
btc_return_le_1%,bottom_1_performer,fixed_horizon_6,stress,101,0.09194290210833733,-0.0032435731471112993,0.0928623311294207,101,0.16785704304000915,-0.21009081579260275,0.16953561347040924,0.07591414093167181,0.07667328234098854
btc_return_le_1%,bottom_1_performer,scaled_exit_6_12,base,101,0.32726520101722306,0.20986925480150023,0.3305378530273953,101,0.4046612657220161,0.0012773082166040567,0.4087078783792362,0.07739606470479304,0.07817002535184092
btc_return_le_1%,bottom_1_performer,scaled_exit_6_12,stress,101,0.14690806420604233,0.029629455326545408,0.14837714484810274,101,0.22422677148616682,-0.17875400345143216,0.22646903920102848,0.0773187072801245,0.07809189435292574
btc_return_le_1%,bottom_2_performer,fixed_horizon_12,base,202,0.28750706701848994,0.1797978279694768,0.5807642753773496,202,0.3015997847015127,-0.01931187662482563,0.6092315650970557,0.014092717683022782,0.028467289719706024
btc_return_le_1%,bottom_2_performer,fixed_horizon_12,stress,202,0.10718966849203385,-0.00041191509184232856,0.21652313035390836,202,0.12126830049317479,-0.19932260938718788,0.2449619669962131,0.014078632001140942,0.028438836642304732
btc_return_le_1%,bottom_2_performer,fixed_horizon_6,base,202,0.16072309793916442,0.05915207450272416,0.3246606578371121,202,0.17466074190542819,-0.11976554323616431,0.3528146986489649,0.013937643966263763,0.0281540408118528
btc_return_le_1%,bottom_2_performer,fixed_horizon_6,stress,202,-0.01946757991518722,-0.12093708303759318,-0.03932451142867818,202,-0.005543866634510732,-0.29967587248346345,-0.011198610601711678,0.013923713280676488,0.028125900826966505
btc_return_le_1%,bottom_2_performer,scaled_exit_6_12,base,202,0.22411508247882714,0.050870570601648867,0.45271246660723086,202,0.23813026330347042,-0.1132822826584228,0.48102313187301027,0.014015180824643286,0.02831066526577941
btc_return_le_1%,bottom_2_performer,scaled_exit_6_12,stress,202,0.04386104428842336,-0.1292103095693091,0.08859930946261518,202,0.057862216929332,-0.29319909192952837,0.11688167819725065,0.014001172640908638,0.028282368734635466
btc_return_le_1%,bottom_3_performer,fixed_horizon_12,base,303,0.1411740570474464,0.007289428304204716,0.4277573928537626,303,0.23674430669508797,-0.0630075597443857,0.7173352492861166,0.09557024964764158,0.289577856432354
btc_return_le_1%,bottom_3_performer,fixed_horizon_12,stress,303,-0.038997081525885255,-0.17274789248235653,-0.11816115702343233,303,0.05647764558561781,-0.24297461863872033,0.17112726612442197,0.09547472711150307,0.2892884231478543
btc_return_le_1%,bottom_3_performer,fixed_horizon_6,base,303,0.08273322359510839,0.03663544921307611,0.25068166749317844,303,0.17437214904303652,-0.11811167431293504,0.5283476116004007,0.09163892544792814,0.27766594410722223
btc_return_le_1%,bottom_3_performer,fixed_horizon_6,stress,303,-0.09737950332139295,-0.1434312029433736,-0.29505989506382063,303,-0.005832171048120557,-0.2980236566034587,-0.017671478275805286,0.09154733227327239,0.27738841678801535
btc_return_le_1%,bottom_3_performer,scaled_exit_6_12,base,303,0.11195364032127737,0.01463073229655228,0.3392195301734704,303,0.20555822786906225,-0.17368510659922834,0.6228414304432586,0.09360458754778488,0.2836219002697882
btc_return_le_1%,bottom_3_performer,scaled_exit_6_12,stress,303,-0.06818829242363911,-0.1654139261288555,-0.2066105260436265,303,0.025322737268748632,-0.35354154320255776,0.07672789392430834,0.09351102969238774,0.28333841996793485
btc_return_le_1%,rel_basket_le_-1_atr_equiv,fixed_horizon_12,base,40,1.2357433591432812,-0.5934535118832884,0.4942973436573125,40,0.7953607064192955,-0.26013659648416504,0.3181442825677182,-0.4403826527239857,-0.17615306108959428
btc_return_le_1%,rel_basket_le_-1_atr_equiv,fixed_horizon_12,stress,40,1.054478197732262,-0.7728903896509608,0.4217912790929047,40,0.6145357077996896,-0.43990662475855796,0.24581428311987585,-0.43994248993257234,-0.17597699597302885
btc_return_le_1%,rel_basket_le_-1_atr_equiv,fixed_horizon_6,base,40,0.6072103789226383,-0.2944448598931814,0.2428841515690553,40,0.166857607153814,0.05526923605788888,0.0667430428615256,-0.44035277176882426,-0.1761411087075297
btc_return_le_1%,rel_basket_le_-1_atr_equiv,fixed_horizon_6,stress,40,0.42657343669635867,-0.47418059703258736,0.17062937467854344,40,-0.013339202147093082,-0.1248160405824826,-0.005335680858837233,-0.4399126388434518,-0.17596505553738068
btc_return_le_1%,rel_basket_le_-1_atr_equiv,scaled_exit_6_12,base,40,0.9214768690329599,-0.40926727340437113,0.36859074761318394,40,0.4811091567865547,-0.08901014318708536,0.19244366271462188,-0.4403677122464052,-0.17614708489856207
btc_return_le_1%,rel_basket_le_-1_atr_equiv,scaled_exit_6_12,stress,40,0.7405258172143103,-0.5888882454554277,0.29621032688572413,40,0.3005982528262984,-0.26895121247978254,0.12023930113051934,-0.43992756438801195,-0.1759710257552048
btc_return_le_1%,rel_basket_le_1%,fixed_horizon_12,base,26,4.558355280131184,1.8401970100992335,1.1851723728341077,26,3.3924290846261242,1.1172934394513636,0.8820315620027924,-1.1659261955050595,-0.3031408108313153
btc_return_le_1%,rel_basket_le_1%,fixed_horizon_12,stress,26,4.3737691656152515,1.6583276968111176,1.1371799830599654,26,3.2090083142163244,0.9361466688238386,0.8343421616962443,-1.1647608513989272,-0.30283782136372106
btc_return_le_1%,rel_basket_le_1%,fixed_horizon_6,base,26,4.034024010527061,1.1984049348085748,1.0488462427370357,26,2.8526172219733072,0.6244066947490823,0.7416804777130599,-1.1814067885537534,-0.30716576502397586
btc_return_le_1%,rel_basket_le_1%,fixed_horizon_6,stress,26,3.849961965508021,1.0171770931806812,1.0009901110320856,26,2.669735993924747,0.44375256479225916,0.6941313584204343,-1.180225971583274,-0.3068587526116513
btc_return_le_1%,rel_basket_le_1%,scaled_exit_6_12,base,26,4.296189645329122,1.021639156006004,1.1170093077855716,26,3.1225231532997166,0.6962147883948412,0.8118560198579263,-1.173666492029405,-0.3051532879276453
btc_return_le_1%,rel_basket_le_1%,scaled_exit_6_12,stress,26,4.111865565561637,0.8405879919064736,1.0690850470460256,26,2.939372154070537,0.5154888861945973,0.7642367600583395,-1.1724934114911005,-0.30484828698768607
btc_return_le_1%,rel_basket_le_2%,fixed_horizon_12,base,10,10.237369255319846,6.1215941090864066,1.0237369255319846,10,5.909005755068963,2.2971555511944763,0.5909005755068963,-4.328363500250883,-0.43283635002508825
btc_return_le_1%,rel_basket_le_2%,fixed_horizon_12,stress,10,10.047106962080003,5.935445536189481,1.0047106962080001,10,5.723069664391197,2.114829507502119,0.5723069664391197,-4.324037297688806,-0.4324037297688804
btc_return_le_1%,rel_basket_le_2%,fixed_horizon_6,base,10,7.981433217543585,9.170649033575021,0.7981433217543585,10,3.6437029377521455,2.0115825806518073,0.3643702937752145,-4.337730279791439,-0.433773027979144
btc_return_le_1%,rel_basket_le_2%,fixed_horizon_6,stress,10,7.7934257340640345,8.981452927996164,0.7793425734064034,10,3.460031018937844,1.8295419673575002,0.3460031018937844,-4.3333947151261905,-0.43333947151261903
btc_return_le_1%,rel_basket_le_2%,scaled_exit_6_12,base,10,9.109401236431717,7.646121571330713,0.9109401236431717,10,4.776354346410554,1.6146937631077738,0.4776354346410554,-4.333046890021163,-0.4333046890021163
btc_return_le_1%,rel_basket_le_2%,scaled_exit_6_12,stress,10,8.920266348072017,7.458449232092823,0.8920266348072017,10,4.5915503416645205,1.4330498404840288,0.4591550341664521,-4.328716006407497,-0.4328716006407496
btc_return_le_1%,rel_basket_le_3%,fixed_horizon_12,base,4,25.885520957775356,25.093681800831224,1.0354208383110142,4,2.000887188781833,3.15150356713175,0.08003548755127332,-23.884633768993524,-0.9553853507597408
btc_return_le_1%,rel_basket_le_3%,fixed_horizon_12,stress,4,25.679618325182552,24.888570612069174,1.027184733007302,4,1.818857265539727,2.9683236019572337,0.07275429062158908,-23.860761059642826,-0.954430442385713
btc_return_le_1%,rel_basket_le_3%,fixed_horizon_6,base,4,22.56016912758761,21.94057108960904,0.9024067651035044,4,-0.6364574305177345,0.40499550478611746,-0.02545829722070938,-23.196626558105343,-0.9278650623242137
btc_return_le_1%,rel_basket_le_3%,fixed_horizon_6,stress,4,22.35759018664102,21.73861143736571,0.8943036074656407,4,-0.8158513258364952,0.22456067647807984,-0.03263405303345981,-23.173441512477513,-0.9269376604991005
btc_return_le_1%,rel_basket_le_3%,scaled_exit_6_12,base,4,24.22284504268148,23.517126445220132,0.9689138017072593,4,0.6822148791320495,1.7782495359589339,0.027288595165281978,-23.54063016354943,-0.9416252065419773
btc_return_le_1%,rel_basket_le_3%,scaled_exit_6_12,stress,4,24.018604255911786,23.313591024717443,0.9607441702364714,4,0.5015029698516154,1.5964421392176564,0.020060118794064614,-23.51710128606017,-0.9406840514424067
btc_return_le_1%,rel_btc_le_-1_atr_equiv,fixed_horizon_12,base,160,0.09791881875824515,-0.2291518134968117,0.15667011001319225,160,0.8679299119441625,0.03104073449964558,1.38868785911066,0.7700110931859173,1.2320177490974678
btc_return_le_1%,rel_btc_le_-1_atr_equiv,fixed_horizon_12,stress,160,-0.08220908617199982,-0.4089528110850181,-0.1315345378751997,160,0.6870323803492516,-0.14902032573526722,1.0992518085588026,0.7692414665212515,1.2307863464340023
btc_return_le_1%,rel_btc_le_-1_atr_equiv,fixed_horizon_6,base,160,-0.030874387346283456,-0.25766100365565475,-0.04939901975405353,160,0.7279117813790968,0.13763860896502064,1.164658850206555,0.7587861687253803,1.2140578699606084
btc_return_le_1%,rel_btc_le_-1_atr_equiv,fixed_horizon_6,stress,160,-0.21087356337051336,-0.4374335062869337,-0.3373977013928214,160,0.5471541980106095,-0.04252899592530155,0.8754467168169753,0.7580277613811228,1.2128444182097966
btc_return_le_1%,rel_btc_le_-1_atr_equiv,scaled_exit_6_12,base,160,0.033522215705980817,-0.1915610564056485,0.053635545129569306,160,0.7979208466616299,0.08061238640932564,1.2766733546586078,0.7643986309556491,1.2230378095290384
btc_return_le_1%,rel_btc_le_-1_atr_equiv,scaled_exit_6_12,stress,160,-0.1465413247712566,-0.3713996259837436,-0.23446611963401057,160,0.6170932891799306,-0.09949822072881462,0.9873492626878889,0.7636346139511871,1.2218153823218996
btc_return_le_1%,rel_btc_le_1%,fixed_horizon_12,base,143,0.6641519043539212,-0.0020788944202631437,0.9497372232261074,143,1.2699685471565532,0.27880395155443166,1.8160550224338712,0.6058166428026319,0.8663177992077638
btc_return_le_1%,rel_btc_le_1%,fixed_horizon_12,stress,143,0.4834580490303021,-0.18210685156125433,0.691345010113332,143,1.088669177644471,0.09849525179841849,1.5567969240315938,0.6052111286141689,0.8654519139182617
btc_return_le_1%,rel_btc_le_1%,fixed_horizon_6,base,143,0.6072033197716217,0.05594636047071785,0.868300747273419,143,1.198094231313922,0.4022088037964134,1.7132747507789086,0.5908909115423003,0.8449740035054896
btc_return_le_1%,rel_btc_le_1%,fixed_horizon_6,stress,143,0.4265663846009676,-0.12413959295602503,0.6099899299793836,143,1.016866700234383,0.22177676079809155,1.4541193813351676,0.5903003156334155,0.844129451355784
btc_return_le_1%,rel_btc_le_1%,scaled_exit_6_12,base,143,0.6356776120627713,-0.010580317688905149,0.909018985249763,143,1.2340313892352377,0.38074480956487805,1.76466488660639,0.5983537771724664,0.8556459013566271
btc_return_le_1%,rel_btc_le_1%,scaled_exit_6_12,stress,143,0.4550122168156349,-0.19059977765095254,0.6506674700463579,143,1.052767938939427,0.20033421984487115,1.5054581526833806,0.5977557221237921,0.8547906826370226
btc_return_le_1%,rel_btc_le_2%,fixed_horizon_12,base,48,2.875570784968651,0.9067113593368339,1.3802739767849526,48,4.2548198598166795,1.5783398644002264,2.042313532712006,1.3792490748480284,0.6620395559270535
btc_return_le_1%,rel_btc_le_2%,fixed_horizon_12,stress,48,2.692666614816675,0.7257750656561691,1.292479975112004,48,4.0705371291808214,1.3967322775254631,1.9538578220067941,1.3778705143641465,0.6613778468947902
btc_return_le_1%,rel_btc_le_2%,fixed_horizon_6,base,48,2.4923261599430706,1.005559850186957,1.196316556772674,48,3.8208421889645683,1.500228320911703,1.8340042507029928,1.3285160290214977,0.6376876939303189
btc_return_le_1%,rel_btc_le_2%,fixed_horizon_6,stress,48,2.3098050430809995,0.8245247573656457,1.10870642067888,48,3.636993219335932,1.3186988065832006,1.7457567452812475,1.3271881762549325,0.6370503246023675
btc_return_le_1%,rel_btc_le_2%,scaled_exit_6_12,base,48,2.6839484724558607,0.6562469026168438,1.2882952667788132,48,4.037831024390624,1.4370807598457072,1.9381588917074997,1.3538825519347637,0.6498636249286864
btc_return_le_1%,rel_btc_le_2%,scaled_exit_6_12,stress,48,2.5012358289488374,0.47556094834837365,1.200593197895442,48,3.853765174258377,1.255614361551809,1.849807283644021,1.3525293453095397,0.6492140857485789
btc_return_le_1%,rel_btc_le_3%,fixed_horizon_12,base,22,5.41703604182593,3.729392431493575,1.1917479292017046,22,7.8381774925379135,6.690047391526457,1.7243990483583411,2.4211414507119837,0.5326511191566365
btc_return_le_1%,rel_btc_le_3%,fixed_horizon_12,stress,22,5.2315916752452125,3.545634865966078,1.1509501685539467,22,7.6503131932628685,6.50333064914776,1.683068902517831,2.418721518017656,0.5321187339638842
btc_return_le_1%,rel_btc_le_3%,fixed_horizon_6,base,22,4.243978417800473,4.722165078612608,0.9336752519161041,22,6.591532022957612,2.8969022446504256,1.4501370450506748,2.347553605157139,0.5164617931345706
btc_return_le_1%,rel_btc_le_3%,fixed_horizon_6,stress,22,4.059706523194024,4.537415236080328,0.8931354351026854,22,6.404913746763608,2.713976753688512,1.4090810242879936,2.3452072235695836,0.5159455891853082
btc_return_le_1%,rel_btc_le_3%,scaled_exit_6_12,base,22,4.830507229813201,4.161088062056203,1.0627115905589042,22,7.214854757747763,5.169311961302022,1.5872680467045077,2.384347527934562,0.5245564561456035
btc_return_le_1%,rel_btc_le_3%,scaled_exit_6_12,stress,22,4.64564909921962,3.9768990164224456,1.0220428018283163,22,7.02761347001324,4.984115195125442,1.5460749634029127,2.3819643707936207,0.5240321615745964
btc_return_le_1%,symbol_zscore_le_-1,fixed_horizon_12,base,779,-0.09052207384563066,-0.05527823174683359,-0.7051669552574629,779,-0.024937258420018735,-0.16654781812204025,-0.19426124309194592,0.06558481542561193,0.510905712165517
btc_return_le_1%,symbol_zscore_le_-1,fixed_horizon_12,stress,779,-0.2704616319625067,-0.2352530161103104,-2.1068961129879273,779,-0.2049423686090585,-0.3464113884505247,-1.596501051464566,0.06551926335344821,0.5103950615233614
btc_return_le_1%,symbol_zscore_le_-1,fixed_horizon_6,base,779,-0.04348105958938565,-0.0870543117877464,-0.33871745420131416,779,0.021472288545016652,-0.128161507633937,0.1672691277656797,0.0649533481344023,0.5059865819669939
btc_return_le_1%,symbol_zscore_le_-1,fixed_horizon_6,stress,779,-0.22346763523526178,-0.26699733593539926,-1.7408128784826893,779,-0.1585792080209938,-0.30806344510852607,-1.2353320304835418,0.06488842721426799,0.5054808479991475
btc_return_le_1%,symbol_zscore_le_-1,scaled_exit_6_12,base,779,-0.06700156671750818,-0.072633189254021,-0.5219422047293887,779,-0.0017324849375010554,-0.18906832089613293,-0.01349605766313322,0.06526908178000712,0.5084461470662555
btc_return_le_1%,symbol_zscore_le_-1,scaled_exit_6_12,stress,779,-0.24696463359888424,-0.2525906273244514,-1.9238544957353083,779,-0.18176078831502612,-0.36890938196523876,-1.4159165409740535,0.06520384528385811,0.5079379547612548
btc_return_le_1%,symbol_zscore_le_-2,fixed_horizon_12,base,687,-0.09838099658045796,-0.12230683072854456,-0.6758774465077462,687,0.04303983330203483,-0.16347481287801494,0.29568365478497927,0.14142082988249277,0.9715611012927254
btc_return_le_1%,symbol_zscore_le_-2,fixed_horizon_12,stress,687,-0.27831269969817096,-0.3022146199570928,-1.9120082469264346,687,-0.13703322004112128,-0.34334145467756577,-0.9414182216825031,0.14127947965704968,0.9705900252439315
btc_return_le_1%,symbol_zscore_le_-2,fixed_horizon_6,base,687,-0.00893657183299257,-0.06651317793032512,-0.061394248492658954,687,0.1312809633349732,-0.0833161983527319,0.9019002181112658,0.14021753516796576,0.9632944666039247
btc_return_le_1%,symbol_zscore_le_-2,fixed_horizon_6,stress,687,-0.1889576747202678,-0.246476732956664,-1.29813922532824,687,-0.04888028708377765,-0.26326295874756306,-0.3358075722655525,0.14007738763649016,0.9623316530626875
btc_return_le_1%,symbol_zscore_le_-2,scaled_exit_6_12,base,687,-0.053658784206725235,-0.0912288438373853,-0.36863584750020234,687,0.08716039831850403,-0.12949082075730303,0.5987919364481227,0.14081918252522926,0.967427783948325
btc_return_le_1%,symbol_zscore_le_-2,scaled_exit_6_12,stress,687,-0.23363518720921939,-0.2711676955371343,-1.6050737361273373,687,-0.09295675356244941,-0.3093914295824461,-0.6386128969740275,0.14067843364676996,0.9664608391533098
btc_return_le_2%,bottom_1_performer,fixed_horizon_12,base,5,7.902894027886276,1.3350925156425355,0.3951447013943138,5,3.6765292852092473,3.022226344358727,0.18382646426046237,-4.226364742677029,-0.21131823713385142
btc_return_le_2%,bottom_1_performer,fixed_horizon_12,stress,5,7.714965044385657,1.153728054675156,0.3857482522192829,5,3.4928245564360703,2.8391755918652666,0.1746412278218035,-4.222140487949587,-0.2111070243974794
btc_return_le_2%,bottom_1_performer,fixed_horizon_6,base,5,7.280487906324506,0.8641840104897238,0.3640243953162253,5,3.308359411027399,2.3024631625826375,0.16541797055136997,-3.972128495297107,-0.19860642476485535
btc_return_le_2%,bottom_1_performer,fixed_horizon_6,stress,5,7.093181018208791,0.6832902229261074,0.3546590509104396,5,3.1250226683193576,2.120131813928699,0.15625113341596789,-3.9681583498894337,-0.1984079174944717
btc_return_le_2%,bottom_1_performer,scaled_exit_6_12,base,5,7.591690967105394,0.9022232183196779,0.37958454835526967,5,3.492444348118324,1.7788744843264668,0.17462221740591619,-4.09924661898707,-0.20496233094935348
btc_return_le_2%,bottom_1_performer,scaled_exit_6_12,stress,5,7.404073031297225,0.721291410539331,0.37020365156486124,5,3.3089236123777135,1.5970664629488422,0.16544618061888566,-4.095149418919512,-0.20475747094597557
btc_return_le_2%,bottom_2_performer,fixed_horizon_12,base,10,6.7657923020014925,0.686445657568704,0.6765792302001493,10,2.9643690345007,1.6198985896940596,0.29643690345007,-3.8014232675007924,-0.3801423267500793
btc_return_le_2%,bottom_2_performer,fixed_horizon_12,stress,10,6.578999852528009,0.505729519622038,0.6578999852528009,10,2.7813761104317796,1.4382494648422497,0.27813761104317797,-3.797623742096229,-0.37976237420962294
btc_return_le_2%,bottom_2_performer,fixed_horizon_6,base,10,5.432160412898548,0.6667689657432719,0.5432160412898548,10,1.7869565252329558,2.1883524048337066,0.17869565252329558,-3.645203887665592,-0.36452038876655923
btc_return_le_2%,bottom_2_performer,fixed_horizon_6,stress,10,5.246700929497603,0.48607249466480656,0.5246700929497603,10,1.6051404258493656,2.00613510996766,0.16051404258493657,-3.6415605036482375,-0.36415605036482374
btc_return_le_2%,bottom_2_performer,scaled_exit_6_12,base,10,6.098976357450021,0.3766900841291161,0.6098976357450021,10,2.375662779866828,1.5111632582159717,0.2375662779866828,-3.723313577583193,-0.37233135775831927
btc_return_le_2%,bottom_2_performer,scaled_exit_6_12,stress,10,5.912850391012805,0.19628354711021434,0.5912850391012805,10,2.193258268140572,1.3296228144094415,0.21932582681405724,-3.719592122872233,-0.3719592122872233
btc_return_le_2%,bottom_3_performer,fixed_horizon_12,base,15,4.7060575438522045,0.8742226650051779,0.7059086315778307,15,1.6087033630250966,0.2175708350293926,0.24130550445376447,-3.097354180827108,-0.4646031271240662
btc_return_le_2%,bottom_3_performer,fixed_horizon_12,stress,15,4.521323800813002,0.693318843798867,0.6781985701219504,15,1.4270654278107175,0.03732333781923295,0.21405981417160763,-3.094258373002285,-0.46413875595034276
btc_return_le_2%,bottom_3_performer,fixed_horizon_6,base,15,3.9755600451793724,0.4693539209968201,0.5963340067769058,15,0.9871245331097915,1.8972939868148317,0.14806867996646872,-2.988435512069581,-0.4482653268104371
btc_return_le_2%,bottom_3_performer,fixed_horizon_6,stress,15,3.791556434937505,0.2888547664035059,0.5687334652406257,15,0.8061078664017033,1.7153676050557114,0.1209161799602555,-2.985448568535802,-0.44781728528037024
btc_return_le_2%,bottom_3_performer,scaled_exit_6_12,base,15,4.340808794515789,0.5791688957952701,0.6511213191773684,15,1.297913948067444,0.48199514855753695,0.1946870922101166,-3.042894846448345,-0.4564342269672518
btc_return_le_2%,bottom_3_performer,scaled_exit_6_12,stress,15,4.156440117875255,0.3985599810523866,0.6234660176812883,15,1.1165866471062103,0.301483359047854,0.16748799706593154,-3.039853470769045,-0.45597802061535675
btc_return_le_2%,rel_basket_le_-1_atr_equiv,fixed_horizon_12,base,7,10.222471565615962,14.216230103705552,0.7155730095931173,7,0.12205959994069325,-0.36421079961094,0.008544171995848528,-10.100411965675269,-0.7070288375972688
btc_return_le_2%,rel_basket_le_-1_atr_equiv,fixed_horizon_12,stress,7,10.032224162628141,14.02199093606607,0.7022556913839699,7,-0.058092433718421516,-0.5438768056413256,-0.004066470360289506,-10.090316596346563,-0.7063221617442594
btc_return_le_2%,rel_basket_le_-1_atr_equiv,fixed_horizon_6,base,7,6.558145656546908,13.225017701402086,0.4590701959582836,7,-3.32269904463742,-1.9379619541569395,-0.2325889331246194,-9.880844701184328,-0.691659129082903
btc_return_le_2%,rel_basket_le_-1_atr_equiv,fixed_horizon_6,stress,7,6.371560750051157,13.031769251301522,0.446009252503581,7,-3.4994080394498672,-2.116054994729006,-0.2449585627614907,-9.870968789501024,-0.6909678152650717
btc_return_le_2%,rel_basket_le_-1_atr_equiv,scaled_exit_6_12,base,7,8.390308611081435,13.720623902553818,0.5873216027757004,7,-1.6003197223483634,-1.508679971452773,-0.11202238056438543,-9.990628333429799,-0.6993439833400859
btc_return_le_2%,rel_basket_le_-1_atr_equiv,scaled_exit_6_12,stress,7,8.20189245633965,13.526880093683797,0.5741324719437755,7,-1.7787502365841448,-1.6872020796882499,-0.12451251656089013,-9.980642692923794,-0.6986449885046656
btc_return_le_2%,rel_basket_le_1%,fixed_horizon_12,base,8,12.618768563088498,10.491627271851991,1.0095014850470798,8,3.029407147741703,4.5099580021997685,0.24235257181933623,-9.589361415346795,-0.7671489132277436
btc_return_le_2%,rel_basket_le_1%,fixed_horizon_12,stress,8,12.426126059455974,10.301110847534083,0.994090084756478,8,2.846349218029864,4.325420260799411,0.22770793744238912,-9.57977684142611,-0.7663821473140888
btc_return_le_2%,rel_basket_le_1%,fixed_horizon_6,base,8,10.255437478989942,11.4678073297801,0.8204349983191953,8,0.877900551227563,1.6417377940116904,0.07023204409820505,-9.377536927762378,-0.7502029542209903
btc_return_le_2%,rel_basket_le_1%,fixed_horizon_6,stress,8,10.065157126546998,11.276315212762771,0.8052125701237598,8,0.6969930539712201,1.4600668408587916,0.05575944431769761,-9.368164072575778,-0.7494531258060622
btc_return_le_2%,rel_basket_le_1%,scaled_exit_6_12,base,8,11.437103021039222,10.727937093351905,0.9149682416831377,8,1.953653849484633,3.422026763848554,0.15629230795877064,-9.48344917155459,-0.7586759337243671
btc_return_le_2%,rel_basket_le_1%,scaled_exit_6_12,stress,8,11.245641593001485,10.53718447719032,0.8996513274401188,8,1.7716711360005415,3.238576410536202,0.1417336908800433,-9.473970457000943,-0.7579176365600755
btc_return_le_2%,rel_basket_le_2%,fixed_horizon_12,base,6,14.737203409094619,15.022632925121048,0.8842322045456771,6,1.7769273833125199,1.3290077723738933,0.10661564299875119,-12.960276025782099,-0.7776165615469259
btc_return_le_2%,rel_basket_le_2%,fixed_horizon_12,stress,6,14.542443528246007,14.82758775725726,0.8725466116947604,6,1.5951213080638083,1.1476493931119705,0.0957072784838285,-12.9473222201822,-0.7768393332109319
btc_return_le_2%,rel_basket_le_2%,fixed_horizon_6,base,6,10.661274685343963,14.217567558209787,0.6396764811206378,6,-2.0259490028303917,-0.7012196649313662,-0.12155694016982349,-12.687223688174356,-0.7612334212904612
btc_return_le_2%,rel_basket_le_2%,fixed_horizon_6,stress,6,10.470588698309145,14.023327053783536,0.6282353218985487,6,-2.2039541002813747,-0.8805488303482942,-0.1322372460168825,-12.674542798590519,-0.7604725679154312
btc_return_le_2%,rel_basket_le_2%,scaled_exit_6_12,base,6,12.69923904721929,14.620100241665417,0.7619543428331574,6,-0.12451080975893591,0.13509725643684692,-0.007470648585536154,-12.823749856978226,-0.7694249914186936
btc_return_le_2%,rel_basket_le_2%,scaled_exit_6_12,stress,6,12.506516113277577,14.425457405520397,0.7503909667966546,6,-0.3044163961087839,-0.04506780836970384,-0.018264983766527035,-12.810932509386362,-0.7686559505631817
btc_return_le_2%,rel_basket_le_3%,fixed_horizon_12,base,4,25.885520957775356,25.093681800831224,1.0354208383110142,4,2.000887188781833,3.15150356713175,0.08003548755127332,-23.884633768993524,-0.9553853507597408
btc_return_le_2%,rel_basket_le_3%,fixed_horizon_12,stress,4,25.679618325182552,24.888570612069174,1.027184733007302,4,1.818857265539727,2.9683236019572337,0.07275429062158908,-23.860761059642826,-0.954430442385713
btc_return_le_2%,rel_basket_le_3%,fixed_horizon_6,base,4,22.56016912758761,21.94057108960904,0.9024067651035044,4,-0.6364574305177345,0.40499550478611746,-0.02545829722070938,-23.196626558105343,-0.9278650623242137
btc_return_le_2%,rel_basket_le_3%,fixed_horizon_6,stress,4,22.35759018664102,21.73861143736571,0.8943036074656407,4,-0.8158513258364952,0.22456067647807984,-0.03263405303345981,-23.173441512477513,-0.9269376604991005
btc_return_le_2%,rel_basket_le_3%,scaled_exit_6_12,base,4,24.22284504268148,23.517126445220132,0.9689138017072593,4,0.6822148791320495,1.7782495359589339,0.027288595165281978,-23.54063016354943,-0.9416252065419773
btc_return_le_2%,rel_basket_le_3%,scaled_exit_6_12,stress,4,24.018604255911786,23.313591024717443,0.9607441702364714,4,0.5015029698516154,1.5964421392176564,0.020060118794064614,-23.51710128606017,-0.9406840514424067
btc_return_le_2%,rel_btc_le_-1_atr_equiv,fixed_horizon_12,base,23,4.599265573087301,1.3350925156425355,1.0578310818100791,23,0.46564799964917414,0.2175708350293926,0.10709903991931005,-4.133617573438127,-0.9507320418907691
btc_return_le_2%,rel_btc_le_-1_atr_equiv,fixed_horizon_12,stress,23,4.414638568702904,1.153728054675156,1.0153668708016679,23,0.28515254912706717,0.03732333781923295,0.06558508629922545,-4.129486019575837,-0.9497817845024424
btc_return_le_2%,rel_btc_le_-1_atr_equiv,fixed_horizon_6,base,23,3.140118574409343,0.4693539209968201,0.7222272721141489,23,-0.9431254159337715,-0.4183312015064366,-0.21691884566476746,-4.083243990343115,-0.9391461177789164
btc_return_le_2%,rel_btc_le_-1_atr_equiv,fixed_horizon_6,stress,23,2.9569499885435695,0.2888547664035059,0.680098497365021,23,-1.1222127963713104,-0.597943114154582,-0.2581089431654014,-4.07916278491488,-0.9382074405304224
btc_return_le_2%,rel_btc_le_-1_atr_equiv,scaled_exit_6_12,base,23,3.869692073748322,0.9004766202120009,0.890029176962114,23,-0.23873870814229872,-0.21052855268110285,-0.054909902872728705,-4.108430781890621,-0.9449390798348427
btc_return_le_2%,rel_btc_le_-1_atr_equiv,scaled_exit_6_12,stress,23,3.6857942786232374,0.7195465581577732,0.8477326840833446,23,-0.4185301236221215,-0.3903481642324467,-0.09626192843308795,-4.104324402245359,-0.9439946125164325
btc_return_le_2%,rel_btc_le_1%,fixed_horizon_12,base,23,5.329326985793572,6.392590922254851,1.2257452067325216,23,1.421034722223523,1.7407897563423889,0.32683798611141024,-3.908292263570049,-0.8989072206211114
btc_return_le_2%,rel_btc_le_1%,fixed_horizon_12,stress,23,5.143970284480084,6.206171487840089,1.1831131654304194,23,1.239584361956261,1.5590198006789227,0.28510440324994,-3.904385922523823,-0.8980087621804794
btc_return_le_2%,rel_btc_le_1%,fixed_horizon_6,base,23,4.435624447504337,8.36525476169764,1.0201936229259976,23,0.5787716322079812,2.0742416470847758,0.1331174754078357,-3.856852815296356,-0.8870761475181619
btc_return_le_2%,rel_btc_le_1%,fixed_horizon_6,stress,23,4.251161002547586,8.17686364829709,0.9777670305859447,23,0.3981631145303542,1.8921384060066209,0.09157751634198147,-3.8529978880172315,-0.8861895142439633
btc_return_le_2%,rel_btc_le_1%,scaled_exit_6_12,base,23,4.882475716648954,7.566139600848035,1.1229694148292595,23,0.9999031772157522,1.4197672367100147,0.22997773075962302,-3.882572539433202,-0.8929916840696365
btc_return_le_2%,rel_btc_le_1%,scaled_exit_6_12,stress,23,4.697565643513836,7.378547203649593,1.0804400980081823,23,0.8188737382433074,1.2383181432954737,0.18834095979596072,-3.8786919052705287,-0.8920991382122216
btc_return_le_2%,rel_btc_le_2%,fixed_horizon_12,base,17,7.94209926154562,7.839949274926253,1.3501568744627552,17,2.0211220450369805,3.022226344358727,0.3435907476562867,-5.920977216508639,-1.0065661268064685
btc_return_le_2%,rel_btc_le_2%,fixed_horizon_12,stress,17,7.754131092384572,7.652083204753374,1.3182022857053772,17,1.839071897040877,2.8391755918652666,0.3126422224969491,-5.915059195343695,-1.005560063208428
btc_return_le_2%,rel_btc_le_2%,fixed_horizon_6,base,17,6.566435633782035,9.626992053711373,1.1162940577429459,17,0.7178213667171035,1.09874471707764,0.12202963234190758,-5.8486142670649315,-0.9942644254010383
btc_return_le_2%,rel_btc_le_2%,fixed_horizon_6,stress,17,6.379842441447822,9.437339832941932,1.0845732150461298,17,0.5370738687256339,0.9176164859120252,0.09130255768335777,-5.842768572722188,-0.9932706573627721
btc_return_le_2%,rel_btc_le_2%,scaled_exit_6_12,base,17,7.254267447663827,8.285669515006958,1.2332254661028506,17,1.369471705877042,1.7788744843264668,0.23281018999909717,-5.884795741786785,-1.0004152761037535
btc_return_le_2%,rel_btc_le_2%,scaled_exit_6_12,stress,17,7.066986766916199,8.097357947120114,1.2013877503757537,17,1.1880728828832552,1.5970664629488422,0.2019723900901534,-5.878913884032944,-0.9994153602856004
btc_return_le_2%,rel_btc_le_3%,fixed_horizon_12,base,12,10.613614577277296,10.919333705140101,1.2736337492732757,12,1.368604621113731,2.319785188771286,0.1642325545336477,-9.245009956163566,-1.109401194739628
btc_return_le_2%,rel_btc_le_3%,fixed_horizon_12,stress,12,10.422976226556207,10.728389787921639,1.250757147186745,12,1.1872066647718174,2.1374365267392053,0.14246479977261808,-9.23576956178439,-1.1082923474141269
btc_return_le_2%,rel_btc_le_3%,fixed_horizon_6,base,12,8.749855898831887,11.030083514977177,1.0499827078598265,12,-0.339551060553406,0.6321174724129874,-0.04074612726640872,-9.089406959385293,-1.0907288351262352
btc_return_le_2%,rel_btc_le_3%,fixed_horizon_6,stress,12,8.561080376306556,10.839028903240761,1.0273296451567866,12,-0.5192417140114512,0.4514556355281019,-0.06230900568137415,-9.080322090318008,-1.0896386508381608
btc_return_le_2%,rel_btc_le_3%,scaled_exit_6_12,base,12,9.681735238054594,10.565387270799699,1.1618082285665512,12,0.5145267802801625,1.4759513305921368,0.06174321363361951,-9.167208457774432,-1.1000650149329316
btc_return_le_2%,rel_btc_le_3%,scaled_exit_6_12,stress,12,9.492028301431382,10.374797123307584,1.1390433961717659,12,0.33398247538018294,1.2944460811336536,0.04007789704562195,-9.1580458260512,-1.098965499126144
btc_return_le_2%,symbol_zscore_le_-1,fixed_horizon_12,base,40,2.902215959133984,0.973134590832583,1.1608863836535934,40,0.8225434750879776,0.14075258392578735,0.3290173900351911,-2.0796724840460064,-0.8318689936184023
btc_return_le_2%,symbol_zscore_le_-1,fixed_horizon_12,stress,40,2.7192851571104617,0.7921319070822875,1.0877140628441846,40,0.6416913072707211,-0.03941813338483411,0.25667652290828846,-2.0775938498397406,-0.8310375399358961
btc_return_le_2%,symbol_zscore_le_-1,fixed_horizon_6,base,40,2.8814765441352335,0.5991303223804167,1.1525906176540934,40,0.8445243423545866,0.9137285188047042,0.3378097369418347,-2.0369522017806467,-0.8147808807122587
btc_return_le_2%,symbol_zscore_le_-1,fixed_horizon_6,stress,40,2.69856647117254,0.41850145617667206,1.079426588469016,40,0.663650204644021,0.7327852114679058,0.2654600818576084,-2.034916266528519,-0.8139665066114076
btc_return_le_2%,symbol_zscore_le_-1,scaled_exit_6_12,base,40,2.891846251634609,0.68927250785922,1.1567385006538435,40,0.8335339087212821,0.14561936011949725,0.33341356348851287,-2.058312342913327,-0.8233249371653306
btc_return_le_2%,symbol_zscore_le_-1,scaled_exit_6_12,stress,40,2.7089258141415007,0.5085535444735713,1.0835703256566003,40,0.6526707559573711,-0.03455622153758318,0.2610683023829484,-2.0562550581841297,-0.8225020232736518
btc_return_le_2%,symbol_zscore_le_-2,fixed_horizon_12,base,40,2.902215959133984,0.973134590832583,1.1608863836535934,40,0.8225434750879776,0.14075258392578735,0.3290173900351911,-2.0796724840460064,-0.8318689936184023
btc_return_le_2%,symbol_zscore_le_-2,fixed_horizon_12,stress,40,2.7192851571104617,0.7921319070822875,1.0877140628441846,40,0.6416913072707211,-0.03941813338483411,0.25667652290828846,-2.0775938498397406,-0.8310375399358961
btc_return_le_2%,symbol_zscore_le_-2,fixed_horizon_6,base,40,2.8814765441352335,0.5991303223804167,1.1525906176540934,40,0.8445243423545866,0.9137285188047042,0.3378097369418347,-2.0369522017806467,-0.8147808807122587
btc_return_le_2%,symbol_zscore_le_-2,fixed_horizon_6,stress,40,2.69856647117254,0.41850145617667206,1.079426588469016,40,0.663650204644021,0.7327852114679058,0.2654600818576084,-2.034916266528519,-0.8139665066114076
btc_return_le_2%,symbol_zscore_le_-2,scaled_exit_6_12,base,40,2.891846251634609,0.68927250785922,1.1567385006538435,40,0.8335339087212821,0.14561936011949725,0.33341356348851287,-2.058312342913327,-0.8233249371653306
btc_return_le_2%,symbol_zscore_le_-2,scaled_exit_6_12,stress,40,2.7089258141415007,0.5085535444735713,1.0835703256566003,40,0.6526707559573711,-0.03455622153758318,0.2610683023829484,-2.0562550581841297,-0.8225020232736518
btc_return_le_3%,bottom_1_performer,fixed_horizon_12,base,1,5.759903610141862,5.759903610141862,0.057599036101418616,1,7.576003222017694,7.576003222017694,0.07576003222017694,1.8160996118758321,0.01816099611875832
btc_return_le_3%,bottom_1_performer,fixed_horizon_12,stress,1,5.574116547169665,5.574116547169665,0.05574116547169665,1,7.3884009661225045,7.3884009661225045,0.07388400966122505,1.8142844189528393,0.018142844189528398
btc_return_le_3%,bottom_1_performer,fixed_horizon_6,base,1,9.710596958158115,9.710596958158115,0.09710596958158116,1,11.594486244922578,11.594486244922578,0.11594486244922578,1.8838892867644628,0.01883889286764462
btc_return_le_3%,bottom_1_performer,fixed_horizon_6,stress,1,9.520861174224022,9.520861174224022,0.09520861174224021,1,11.402867512234632,11.402867512234632,0.11402867512234632,1.8820063380106102,0.01882006338010611
btc_return_le_3%,bottom_1_performer,scaled_exit_6_12,base,1,7.735250284149989,7.735250284149989,0.07735250284149989,1,9.585244733470136,9.585244733470136,0.09585244733470136,1.849994449320147,0.01849994449320147
btc_return_le_3%,bottom_1_performer,scaled_exit_6_12,stress,1,7.547488860696844,7.547488860696844,0.07547488860696844,1,9.395634239178568,9.395634239178568,0.09395634239178569,1.8481453784817239,0.018481453784817248
btc_return_le_3%,bottom_2_performer,fixed_horizon_12,base,2,6.263464025070145,6.263464025070145,0.1252692805014029,2,6.786846441029251,6.786846441029251,0.13573692882058502,0.5233824159591061,0.010467648319182121
btc_return_le_3%,bottom_2_performer,fixed_horizon_12,stress,2,6.0771736530858815,6.0771736530858815,0.12154347306171763,2,6.600032947928031,6.600032947928031,0.1320006589585606,0.5228592948421493,0.010457185896842983
btc_return_le_3%,bottom_2_performer,fixed_horizon_6,base,2,9.037925859927878,9.037925859927878,0.18075851719855757,2,9.589449213401426,9.589449213401426,0.19178898426802854,0.5515233534735486,0.011030467069470973
btc_return_le_3%,bottom_2_performer,fixed_horizon_6,stress,2,8.848862411260555,8.848862411260555,0.1769772482252111,2,9.399834516729005,9.399834516729005,0.1879966903345801,0.5509721054684498,0.011019442109369004
btc_return_le_3%,bottom_2_performer,scaled_exit_6_12,base,2,7.650694942499012,7.650694942499012,0.15301389884998023,2,8.188147827215339,8.188147827215339,0.16376295654430678,0.5374528847163269,0.010749057694326547
btc_return_le_3%,bottom_2_performer,scaled_exit_6_12,stress,2,7.463018032173219,7.463018032173219,0.14926036064346437,2,7.999933732328518,7.999933732328518,0.15999867464657036,0.5369157001552995,0.010738314003105986
btc_return_le_3%,bottom_3_performer,fixed_horizon_12,base,3,6.788959108355515,6.767024439998429,0.20366877325066543,3,6.749735310870449,6.675513050552842,0.20249205932611344,-0.039223797485066214,-0.0011767139245519864
btc_return_le_3%,bottom_3_performer,fixed_horizon_12,stress,3,6.602143503641712,6.580230759002098,0.19806430510925138,3,6.5629589103716395,6.488810835258857,0.19688876731114918,-0.03918459327007273,-0.0011755377981021997
btc_return_le_3%,bottom_3_performer,fixed_horizon_6,base,3,9.23428125785571,9.626992053711373,0.2770284377356713,3,9.207390798735242,8.443273969402867,0.27622172396205724,-0.026890459120467725,-0.0008067137736140761
btc_return_le_3%,bottom_3_performer,fixed_horizon_6,stress,3,9.045021551821014,9.437339832941932,0.2713506465546304,3,9.018157969734588,8.254804875745753,0.27054473909203763,-0.026863582086425808,-0.000805907462592792
btc_return_le_3%,bottom_3_performer,scaled_exit_6_12,base,3,8.011620183105613,7.735250284149989,0.24034860549316836,3,7.9785630548028434,7.559393509977855,0.23935689164408533,-0.033057128302769634,-0.0009917138490830313
btc_return_le_3%,bottom_3_performer,scaled_exit_6_12,stress,3,7.8235825277313635,7.547488860696844,0.2347074758319409,3,7.790558440053114,7.371807855502305,0.2337167532015934,-0.033024087678249714,-0.0009907226303474959
btc_return_le_3%,rel_basket_le_1%,fixed_horizon_12,base,2,6.263464025070145,6.263464025070145,0.1252692805014029,2,6.786846441029251,6.786846441029251,0.13573692882058502,0.5233824159591061,0.010467648319182121
btc_return_le_3%,rel_basket_le_1%,fixed_horizon_12,stress,2,6.0771736530858815,6.0771736530858815,0.12154347306171763,2,6.600032947928031,6.600032947928031,0.1320006589585606,0.5228592948421493,0.010457185896842983
btc_return_le_3%,rel_basket_le_1%,fixed_horizon_6,base,2,9.037925859927878,9.037925859927878,0.18075851719855757,2,9.589449213401426,9.589449213401426,0.19178898426802854,0.5515233534735486,0.011030467069470973
btc_return_le_3%,rel_basket_le_1%,fixed_horizon_6,stress,2,8.848862411260555,8.848862411260555,0.1769772482252111,2,9.399834516729005,9.399834516729005,0.1879966903345801,0.5509721054684498,0.011019442109369004
btc_return_le_3%,rel_basket_le_1%,scaled_exit_6_12,base,2,7.650694942499012,7.650694942499012,0.15301389884998023,2,8.188147827215339,8.188147827215339,0.16376295654430678,0.5374528847163269,0.010749057694326547
btc_return_le_3%,rel_basket_le_1%,scaled_exit_6_12,stress,2,7.463018032173219,7.463018032173219,0.14926036064346437,2,7.999933732328518,7.999933732328518,0.15999867464657036,0.5369157001552995,0.010738314003105986
btc_return_le_3%,rel_btc_le_-1_atr_equiv,fixed_horizon_12,base,3,6.788959108355515,6.767024439998429,0.20366877325066543,3,6.749735310870449,6.675513050552842,0.20249205932611344,-0.039223797485066214,-0.0011767139245519864
btc_return_le_3%,rel_btc_le_-1_atr_equiv,fixed_horizon_12,stress,3,6.602143503641712,6.580230759002098,0.19806430510925138,3,6.5629589103716395,6.488810835258857,0.19688876731114918,-0.03918459327007273,-0.0011755377981021997
btc_return_le_3%,rel_btc_le_-1_atr_equiv,fixed_horizon_6,base,3,9.23428125785571,9.626992053711373,0.2770284377356713,3,9.207390798735242,8.443273969402867,0.27622172396205724,-0.026890459120467725,-0.0008067137736140761
btc_return_le_3%,rel_btc_le_-1_atr_equiv,fixed_horizon_6,stress,3,9.045021551821014,9.437339832941932,0.2713506465546304,3,9.018157969734588,8.254804875745753,0.27054473909203763,-0.026863582086425808,-0.000805907462592792
btc_return_le_3%,rel_btc_le_-1_atr_equiv,scaled_exit_6_12,base,3,8.011620183105613,7.735250284149989,0.24034860549316836,3,7.9785630548028434,7.559393509977855,0.23935689164408533,-0.033057128302769634,-0.0009917138490830313
btc_return_le_3%,rel_btc_le_-1_atr_equiv,scaled_exit_6_12,stress,3,7.8235825277313635,7.547488860696844,0.2347074758319409,3,7.790558440053114,7.371807855502305,0.2337167532015934,-0.033024087678249714,-0.0009907226303474959
btc_return_le_3%,rel_btc_le_1%,fixed_horizon_12,base,6,7.661853613855553,7.303486857462341,0.4597112168313332,6,7.106953327868205,6.978682630903446,0.42641719967209235,-0.5549002859873475,-0.03329401715924085
btc_return_le_3%,rel_btc_le_1%,fixed_horizon_12,stress,6,7.474165550429378,7.116156981877736,0.44844993302576264,6,6.919819887693718,6.791677397386714,0.41518919326162307,-0.5543456627356598,-0.03326073976413957
btc_return_le_3%,rel_btc_le_1%,fixed_horizon_6,base,6,9.690031355733991,9.668794505934745,0.5814018813440395,6,9.1329907069696,8.69016906286331,0.547979442418176,-0.5570406487643904,-0.033422438925863496
btc_return_le_3%,rel_btc_le_1%,fixed_horizon_6,stress,6,9.500316127134939,9.479100503582977,0.5700189676280963,6,8.943832240916425,8.50145319737527,0.5366299344549855,-0.5564838862185137,-0.033389033173110816
btc_return_le_3%,rel_btc_le_1%,scaled_exit_6_12,base,6,8.675942484794772,8.2343604742344,0.5205565490876863,6,8.119972017418903,7.834425846883378,0.48719832104513416,-0.5559704673758699,-0.033358228042552174
btc_return_le_3%,rel_btc_le_1%,scaled_exit_6_12,stress,6,8.487240838782158,8.046100189772249,0.5092344503269295,6,7.9318260643050715,7.646565297380992,0.4759095638583043,-0.5554147744770868,-0.03332488646862519
btc_return_le_3%,rel_btc_le_2%,fixed_horizon_12,base,5,7.063749299789465,6.767024439998429,0.3531874649894733,5,6.5649469420542585,6.675513050552842,0.32824734710271297,-0.4988023577352063,-0.024940117886760316
btc_return_le_3%,rel_btc_le_2%,fixed_horizon_12,stress,5,6.876659042073406,6.580230759002098,0.3438329521036703,5,6.378355237668557,6.488810835258857,0.31891776188342785,-0.49830380440484934,-0.024915190220242467
btc_return_le_3%,rel_btc_le_2%,fixed_horizon_6,base,5,9.32124271153811,9.626992053711373,0.46606213557690546,5,8.821202115264581,8.443273969402867,0.44106010576322907,-0.5000405962735286,-0.025002029813676385
btc_return_le_3%,rel_btc_le_2%,fixed_horizon_6,stress,5,9.131896087465293,9.437339832941932,0.45659480437326466,5,8.632355282142463,8.254804875745753,0.4316177641071231,-0.4995408053228303,-0.02497704026614156
btc_return_le_3%,rel_btc_le_2%,scaled_exit_6_12,base,5,8.192496005663788,7.735250284149989,0.40962480028318937,5,7.69307452865942,7.559393509977855,0.384653726432971,-0.49942147700436745,-0.02497107385021835
btc_return_le_3%,rel_btc_le_2%,scaled_exit_6_12,stress,5,8.00427756476935,7.547488860696844,0.4002138782384675,5,7.505355259905509,7.371807855502305,0.3752677629952755,-0.49892230486384026,-0.024946115243192013
btc_return_le_3%,rel_btc_le_3%,fixed_horizon_12,base,2,6.263464025070145,6.263464025070145,0.1252692805014029,2,6.786846441029251,6.786846441029251,0.13573692882058502,0.5233824159591061,0.010467648319182121
btc_return_le_3%,rel_btc_le_3%,fixed_horizon_12,stress,2,6.0771736530858815,6.0771736530858815,0.12154347306171763,2,6.600032947928031,6.600032947928031,0.1320006589585606,0.5228592948421493,0.010457185896842983
btc_return_le_3%,rel_btc_le_3%,fixed_horizon_6,base,2,9.037925859927878,9.037925859927878,0.18075851719855757,2,9.589449213401426,9.589449213401426,0.19178898426802854,0.5515233534735486,0.011030467069470973
btc_return_le_3%,rel_btc_le_3%,fixed_horizon_6,stress,2,8.848862411260555,8.848862411260555,0.1769772482252111,2,9.399834516729005,9.399834516729005,0.1879966903345801,0.5509721054684498,0.011019442109369004
btc_return_le_3%,rel_btc_le_3%,scaled_exit_6_12,base,2,7.650694942499012,7.650694942499012,0.15301389884998023,2,8.188147827215339,8.188147827215339,0.16376295654430678,0.5374528847163269,0.010749057694326547
btc_return_le_3%,rel_btc_le_3%,scaled_exit_6_12,stress,2,7.463018032173219,7.463018032173219,0.14926036064346437,2,7.999933732328518,7.999933732328518,0.15999867464657036,0.5369157001552995,0.010738314003105986
btc_return_le_3%,symbol_zscore_le_-1,fixed_horizon_12,base,8,7.445889558903521,6.974467424093059,0.5956711647122817,8,6.749449019574574,6.358566124511725,0.539955921565966,-0.6964405393289468,-0.05571524314631571
btc_return_le_3%,symbol_zscore_le_-1,fixed_horizon_12,stress,8,7.258417351712107,6.7874664036786605,0.5806733881369686,8,6.562672905224131,6.17218069790783,0.5250138324179305,-0.6957444464879758,-0.05565955571903802
btc_return_le_3%,symbol_zscore_le_-1,fixed_horizon_6,base,8,9.416935656365888,9.40149950790992,0.753354852509271,8,8.714163949004435,8.228895335105028,0.6971331159203549,-0.7027717073614532,-0.05622173658891616
btc_return_le_3%,symbol_zscore_le_-1,fixed_horizon_6,stress,8,9.227493387123006,9.21207266710899,0.7381994709698405,8,8.52542410060971,8.040640513053548,0.6820339280487768,-0.7020692865132965,-0.05616554292106368
btc_return_le_3%,symbol_zscore_le_-1,scaled_exit_6_12,base,8,8.431412607634705,7.957104484649033,0.6745130086107763,8,7.731806484289505,7.293730729808376,0.6185445187431604,-0.6996061233452,-0.055968489867615934
btc_return_le_3%,symbol_zscore_le_-1,scaled_exit_6_12,stress,8,8.242955369417556,7.769121317756239,0.6594364295534045,8,7.544048502916921,7.10641060548069,0.6035238802333537,-0.6989068665006357,-0.05591254932005085
btc_return_le_3%,symbol_zscore_le_-2,fixed_horizon_12,base,8,7.445889558903521,6.974467424093059,0.5956711647122817,8,6.749449019574574,6.358566124511725,0.539955921565966,-0.6964405393289468,-0.05571524314631571
btc_return_le_3%,symbol_zscore_le_-2,fixed_horizon_12,stress,8,7.258417351712107,6.7874664036786605,0.5806733881369686,8,6.562672905224131,6.17218069790783,0.5250138324179305,-0.6957444464879758,-0.05565955571903802
btc_return_le_3%,symbol_zscore_le_-2,fixed_horizon_6,base,8,9.416935656365888,9.40149950790992,0.753354852509271,8,8.714163949004435,8.228895335105028,0.6971331159203549,-0.7027717073614532,-0.05622173658891616
btc_return_le_3%,symbol_zscore_le_-2,fixed_horizon_6,stress,8,9.227493387123006,9.21207266710899,0.7381994709698405,8,8.52542410060971,8.040640513053548,0.6820339280487768,-0.7020692865132965,-0.05616554292106368
btc_return_le_3%,symbol_zscore_le_-2,scaled_exit_6_12,base,8,8.431412607634705,7.957104484649033,0.6745130086107763,8,7.731806484289505,7.293730729808376,0.6185445187431604,-0.6996061233452,-0.055968489867615934
btc_return_le_3%,symbol_zscore_le_-2,scaled_exit_6_12,stress,8,8.242955369417556,7.769121317756239,0.6594364295534045,8,7.544048502916921,7.10641060548069,0.6035238802333537,-0.6989068665006357,-0.05591254932005085
