event_definition,dislocation_definition,entry_mode,exit_model,friction_case,total_trades,trades_year,avg_return_pct,median_return_pct,win_rate,cumulative_return_units,max_drawdown_units,sharpe_like,profit_factor,best_month_contribution,best_symbol_contribution,positive_month_rate,positive_symbol_rate
basket_return_le_1%,rel_btc_le_1%,next_close,fixed_horizon_6,base,419,66.10788336933045,0.45990907550842763,0.1974846273602138,0.5560859188544153,1.9270190263803118,-0.985235855740805,2.5188344768817,1.6737200211770784,0.5565070163630181,0.3203409118542644,0.5454545454545454,0.875
basket_return_le_1%,rel_btc_le_2%,next_close,fixed_horizon_6,base,84,13.253131749460044,2.5674574811716675,0.9460885903306429,0.7261904761904762,2.1566642841842008,-0.32183559563452224,3.521206505558389,4.942509615213497,0.6450105032713048,0.26642086495816886,1.0,0.875
basket_return_le_1%,symbol_zscore_le_-1,next_close,fixed_horizon_6,base,2014,317.75961123110153,-0.08587551868812991,-0.05708991412347368,0.4741807348560079,-1.7295329463789364,-3.7228386816409644,-1.7998833444895683,0.8641036035234498,,,0.5,0.125
basket_return_le_1%,symbol_zscore_le_-2,next_close,fixed_horizon_6,base,1717,270.9003239740821,-0.09128672201680843,-0.0823983872331379,0.46825859056493885,-1.5673930170286008,-3.3361701266086667,-1.7054814002350371,0.855233447914593,,,0.5,0.0
basket_return_le_1%,rel_btc_le_-1_atr_equiv,next_close,fixed_horizon_6,base,655,103.34287257019439,0.005569047259517886,-0.036895060822814615,0.48396946564885496,0.036477259549842156,-1.2889250780847883,0.04810303189718234,1.0079903207716543,7.228185261980464,5.421244988519232,0.4166666666666667,0.375
basket_return_le_1%,bottom_1_performer,next_close,fixed_horizon_6,base,259,40.863822894168464,0.07627949249466628,-0.023917147244398796,0.49034749034749037,0.19756388556118568,-0.45801644192836827,0.4275128941992393,1.117874932384108,0.937722002924077,1.6806568832251858,0.6666666666666666,0.5
basket_return_le_1%,bottom_2_performer,next_close,fixed_horizon_6,base,518,81.72764578833693,0.016548840582860203,-0.047985878626763886,0.47297297297297297,0.08572299421921586,-0.8398063303553549,0.1446871443137037,1.024652314161673,3.7203906547742696,4.172293039776193,0.6666666666666666,0.375
basket_return_le_1%,bottom_3_performer,next_close,fixed_horizon_6,base,777,122.59146868250541,0.025514132232109084,-0.04458410361213076,0.4800514800514801,0.1982448074434876,-1.2750109147847621,0.2751501012658253,1.038897426600525,1.9859865476123795,2.534567287073048,0.6666666666666666,0.625
basket_return_le_2%,rel_btc_le_1%,next_close,fixed_horizon_6,base,191,30.135097192224624,1.0033482427042317,0.37619510768211134,0.581151832460733,1.9163951435650823,-0.5319862709284862,2.7856007506677614,2.3331266235676456,0.591933638882866,0.25992700396940555,0.7,1.0
basket_return_le_2%,rel_btc_le_2%,next_close,fixed_horizon_6,base,74,11.675377969762419,2.7373211395717623,0.9842645689523335,0.7432432432432432,2.025617643283104,-0.30996867120451277,3.356437216936901,5.022752484714842,0.60906449607897,0.2710936829788436,1.0,0.875
basket_return_le_2%,symbol_zscore_le_-1,next_close,fixed_horizon_6,base,287,45.281533477321815,0.6538680369499041,0.05677995125660481,0.5226480836236934,1.876601266046225,-0.5693917617860251,2.6207532343466364,1.9256422048239497,0.4671932205462254,0.265912331518567,0.7,1.0
basket_return_le_2%,symbol_zscore_le_-2,next_close,fixed_horizon_6,base,269,42.441576673866095,0.6877498056115326,0.06165672078698677,0.5278810408921933,1.850046977095023,-0.5693917617860251,2.6341457346847332,2.007007416605296,0.46494501000833616,0.22113706783279766,0.7,1.0
basket_return_le_2%,rel_btc_le_-1_atr_equiv,next_close,fixed_horizon_6,base,188,29.661771058315335,0.7047979637787403,0.19552829574002398,0.5638297872340425,1.3250201719040318,-0.5428768815930337,2.026499353374563,1.9852237903683887,0.6581890418530771,0.2621546363316129,0.8,1.0
basket_return_le_2%,bottom_1_performer,next_close,fixed_horizon_6,base,38,5.995464362850972,1.5194378974665552,0.3357981581004111,0.5789473684210527,0.577386401037291,-0.039240118178654915,1.594826838305855,4.944665033731899,0.6908837301215213,0.6428427076820119,0.7,1.0
basket_return_le_2%,bottom_2_performer,next_close,fixed_horizon_6,base,76,11.990928725701943,1.0271694064264203,0.33051639441448405,0.5394736842105263,0.7806487488840794,-0.13721736840593918,1.729140856901428,2.5315871983037486,0.6436973658430951,0.4145982258598687,0.7,0.75
basket_return_le_2%,bottom_3_performer,next_close,fixed_horizon_6,base,114,17.986393088552916,1.0360335502845006,0.2238933513628494,0.5350877192982456,1.1810782473243309,-0.26099490653832724,2.0785562268739963,2.443534152292928,0.648965693084465,0.5258935004711607,0.7,0.625
breadth_down_1pct_ge_4,rel_btc_le_1%,next_close,fixed_horizon_6,base,465,73.36555075593952,0.4320223058652084,0.23168157864147612,0.5612903225806452,2.008903722273219,-1.0498310797186194,2.6061064114852974,1.653083323083048,0.5260431544749493,0.3223119239103248,0.5454545454545454,0.875
breadth_down_1pct_ge_4,rel_btc_le_2%,next_close,fixed_horizon_6,base,85,13.410907127429805,2.5383547313817494,0.9273689885198302,0.7294117647058823,2.157601521674487,-0.32183559563452224,3.520116042783854,4.944222940669058,0.6447303180660102,0.2663051347733665,1.0,0.875
breadth_down_1pct_ge_4,symbol_zscore_le_-1,next_close,fixed_horizon_6,base,2583,407.53380129589635,-0.1919088325605138,-0.13726225659735683,0.4440572977158343,-4.957005145038071,-6.148961828440253,-4.88870885106027,0.7151614607696563,,,0.4166666666666667,0.0
breadth_down_1pct_ge_4,symbol_zscore_le_-2,next_close,fixed_horizon_6,base,2107,332.4327213822894,-0.17877339918298862,-0.1294954542930359,0.44565733270052205,-3.76675552078557,-5.010283144839674,-3.9257288594533484,0.7309769549227273,,,0.4166666666666667,0.0
breadth_down_1pct_ge_4,rel_btc_le_-1_atr_equiv,next_close,fixed_horizon_6,base,797,125.74697624190065,-0.09540532406991127,-0.08588218131987173,0.4642409033877039,-0.7603804328371928,-1.6548519690404904,-0.9701207071665338,0.8688811755853147,,,0.4166666666666667,0.25
breadth_down_1pct_ge_4,bottom_1_performer,next_close,fixed_horizon_6,base,334,52.69697624190065,-0.0637998113276844,-0.09380987610171135,0.46107784431137727,-0.21309136983446592,-0.7103359548319719,-0.4418448279121024,0.9088997507027887,,,0.5833333333333334,0.5
breadth_down_1pct_ge_4,bottom_2_performer,next_close,fixed_horizon_6,base,668,105.3939524838013,-0.11901480438722188,-0.12220546315114036,0.4476047904191617,-0.7950188933066421,-1.4116377673961353,-1.2762618093436011,0.8352457412889402,,,0.4166666666666667,0.125
breadth_down_1pct_ge_4,bottom_3_performer,next_close,fixed_horizon_6,base,1002,158.09092872570196,-0.11066170740841307,-0.12220546315114036,0.45209580838323354,-1.1088303082322988,-2.1351820772333214,-1.4653140073578843,0.8438267394226656,,,0.4166666666666667,0.25
breadth_down_1pct_ge_5,rel_btc_le_1%,next_close,fixed_horizon_6,base,419,66.10788336933045,0.45990907550842763,0.1974846273602138,0.5560859188544153,1.9270190263803118,-0.985235855740805,2.5188344768817,1.6737200211770784,0.5565070163630181,0.3203409118542644,0.5454545454545454,0.875
breadth_down_1pct_ge_5,rel_btc_le_2%,next_close,fixed_horizon_6,base,84,13.253131749460044,2.5674574811716675,0.9460885903306429,0.7261904761904762,2.1566642841842008,-0.32183559563452224,3.521206505558389,4.942509615213497,0.6450105032713048,0.26642086495816886,1.0,0.875
breadth_down_1pct_ge_5,symbol_zscore_le_-1,next_close,fixed_horizon_6,base,2014,317.75961123110153,-0.08587551868812991,-0.05708991412347368,0.4741807348560079,-1.7295329463789364,-3.7228386816409644,-1.7998833444895683,0.8641036035234498,,,0.5,0.125
breadth_down_1pct_ge_5,symbol_zscore_le_-2,next_close,fixed_horizon_6,base,1717,270.9003239740821,-0.09128672201680843,-0.0823983872331379,0.46825859056493885,-1.5673930170286008,-3.3361701266086667,-1.7054814002350371,0.855233447914593,,,0.5,0.0
breadth_down_1pct_ge_5,rel_btc_le_-1_atr_equiv,next_close,fixed_horizon_6,base,655,103.34287257019439,0.005569047259517886,-0.036895060822814615,0.48396946564885496,0.036477259549842156,-1.2889250780847883,0.04810303189718234,1.0079903207716543,7.228185261980464,5.421244988519232,0.4166666666666667,0.375
breadth_down_1pct_ge_5,bottom_1_performer,next_close,fixed_horizon_6,base,259,40.863822894168464,0.07627949249466628,-0.023917147244398796,0.49034749034749037,0.19756388556118568,-0.45801644192836827,0.4275128941992393,1.117874932384108,0.937722002924077,1.6806568832251858,0.6666666666666666,0.5
breadth_down_1pct_ge_5,bottom_2_performer,next_close,fixed_horizon_6,base,518,81.72764578833693,0.016548840582860203,-0.047985878626763886,0.47297297297297297,0.08572299421921586,-0.8398063303553549,0.1446871443137037,1.024652314161673,3.7203906547742696,4.172293039776193,0.6666666666666666,0.375
breadth_down_1pct_ge_5,bottom_3_performer,next_close,fixed_horizon_6,base,777,122.59146868250541,0.025514132232109084,-0.04458410361213076,0.4800514800514801,0.1982448074434876,-1.2750109147847621,0.2751501012658253,1.038897426600525,1.9859865476123795,2.534567287073048,0.6666666666666666,0.625
breadth_down_1pct_ge_6,rel_btc_le_1%,next_close,fixed_horizon_6,base,372,58.692440604751624,0.5367087863786586,0.2473985474291807,0.5618279569892473,1.99655668532861,-1.001809032624683,2.645230817688421,1.7927327929626413,0.51554110255046,0.3157189773551793,0.6363636363636364,0.875
breadth_down_1pct_ge_6,rel_btc_le_2%,next_close,fixed_horizon_6,base,83,13.095356371490281,2.6180954098975056,0.9648081921414555,0.7349397590361446,2.1730191902149296,-0.30996867120451277,3.5562382562420374,5.09483359282356,0.6401559275651455,0.26441568790743813,1.0,0.875
breadth_down_1pct_ge_6,symbol_zscore_le_-1,next_close,fixed_horizon_6,base,1538,242.6585313174946,-0.013945053609663242,-0.01372428534910146,0.49349804941482445,-0.21447492451662065,-2.0841049174809116,-0.23547647931836546,0.977146653671065,,,0.5833333333333334,0.375
breadth_down_1pct_ge_6,symbol_zscore_le_-2,next_close,fixed_horizon_6,base,1356,213.94341252699783,-0.01079582873159521,-0.020877165366692752,0.4896755162241888,-0.14639143760043105,-1.9500818655945817,-0.1669893283386647,0.9819202000140876,,,0.5,0.375
breadth_down_1pct_ge_6,rel_btc_le_-1_atr_equiv,next_close,fixed_horizon_6,base,537,84.72537796976242,0.10283042405116827,0.02483724735965705,0.5065176908752328,0.5521993771547736,-1.361417905046324,0.7482207028092253,1.1527171574473685,0.4688202732575123,0.48280969475409685,0.5833333333333334,0.75
breadth_down_1pct_ge_6,bottom_1_performer,next_close,fixed_horizon_6,base,197,31.0817494600432,0.19011684016200422,0.04972126170440746,0.5126903553299492,0.3745301751191483,-0.2279416987791492,0.842855495000867,1.3150633672550454,0.5324851057346566,0.8032450910890376,0.75,0.625
breadth_down_1pct_ge_6,bottom_2_performer,next_close,fixed_horizon_6,base,394,62.1634989200864,0.11535087575619092,-0.00613929612554902,0.48984771573604063,0.4544824504793922,-0.563747037904091,0.8056739702672298,1.1814926631938398,0.42467114708984577,0.6826585003254467,0.75,0.625
breadth_down_1pct_ge_6,bottom_3_performer,next_close,fixed_horizon_6,base,591,93.2452483801296,0.12250203271007608,-0.004466875721473794,0.4957698815566836,0.7239870133165497,-0.8024257131380719,1.0538808019522032,1.1967426207413612,0.30369065321760413,0.7536071335781014,0.75,0.625
breadth_down_2pct_ge_4,rel_btc_le_1%,next_close,fixed_horizon_6,base,207,32.65950323974082,0.9650604815592742,0.381286210827172,0.5845410628019324,1.9976751968276973,-0.5501514635921501,2.898224652973956,2.3605490211777576,0.570873089037539,0.24758336094553168,0.6363636363636364,1.0
breadth_down_2pct_ge_4,rel_btc_le_2%,next_close,fixed_horizon_6,base,77,12.148704103671706,2.6457426948705445,0.9648081921414555,0.7402597402597403,2.0372218750503195,-0.30996867120451277,3.3684082449671995,5.0054538485552,0.6055952001420667,0.26705994638816233,1.0,0.875
breadth_down_2pct_ge_4,symbol_zscore_le_-1,next_close,fixed_horizon_6,base,327,51.59254859611231,0.6236201265244669,0.11648929244577841,0.5443425076452599,2.0392378137350065,-0.5971856272309255,2.8409441276707845,1.9809585523974023,0.43547431438536194,0.2465436527946774,0.6666666666666666,1.0
breadth_down_2pct_ge_4,symbol_zscore_le_-2,next_close,fixed_horizon_6,base,308,48.594816414686825,0.6511007719897901,0.1253117422099904,0.5487012987012987,2.0053903777285536,-0.5971856272309255,2.8479633932483255,2.0618148413102144,0.4345639729797264,0.2058769653944271,0.6666666666666666,1.0
breadth_down_2pct_ge_4,rel_btc_le_-1_atr_equiv,next_close,fixed_horizon_6,base,208,32.817278617710585,0.6649070738723307,0.1910878482547585,0.5721153846153846,1.383006713654448,-0.5601652628118674,2.112081122463283,2.004204851384737,0.6336965945161424,0.2448705843630468,0.75,1.0
breadth_down_2pct_ge_4,bottom_1_performer,next_close,fixed_horizon_6,base,43,6.784341252699784,1.4319576809935115,0.4251246594631742,0.627906976744186,0.6157418028272099,-0.039240118178654915,1.7007726957536207,5.206706557438757,0.6548195296681877,0.6027991533421063,0.75,1.0
breadth_down_2pct_ge_4,bottom_2_performer,next_close,fixed_horizon_6,base,86,13.568682505399568,0.9486065075383326,0.33051639441448405,0.5581395348837209,0.815801596482966,-0.1514611007871961,1.8029797999200534,2.5375918312814263,0.6233645596387087,0.39051627894295876,0.5833333333333334,0.875
breadth_down_2pct_ge_4,bottom_3_performer,next_close,fixed_horizon_6,base,129,20.35302375809935,0.9709309648249589,0.2527148825860826,0.5581395348837209,1.252500944624197,-0.27523863891958417,2.199913335491738,2.486316864938995,0.6245997201660237,0.48895680062941277,0.6666666666666666,0.625
breadth_down_2pct_ge_5,rel_btc_le_1%,next_close,fixed_horizon_6,base,191,30.135097192224624,1.0033482427042317,0.37619510768211134,0.581151832460733,1.9163951435650823,-0.5319862709284862,2.7856007506677614,2.3331266235676456,0.591933638882866,0.25992700396940555,0.7,1.0
breadth_down_2pct_ge_5,rel_btc_le_2%,next_close,fixed_horizon_6,base,74,11.675377969762419,2.7373211395717623,0.9842645689523335,0.7432432432432432,2.025617643283104,-0.30996867120451277,3.356437216936901,5.022752484714842,0.60906449607897,0.2710936829788436,1.0,0.875
breadth_down_2pct_ge_5,symbol_zscore_le_-1,next_close,fixed_horizon_6,base,287,45.281533477321815,0.6538680369499041,0.05677995125660481,0.5226480836236934,1.876601266046225,-0.5693917617860251,2.6207532343466364,1.9256422048239497,0.4671932205462254,0.265912331518567,0.7,1.0
breadth_down_2pct_ge_5,symbol_zscore_le_-2,next_close,fixed_horizon_6,base,269,42.441576673866095,0.6877498056115326,0.06165672078698677,0.5278810408921933,1.850046977095023,-0.5693917617860251,2.6341457346847332,2.007007416605296,0.46494501000833616,0.22113706783279766,0.7,1.0
breadth_down_2pct_ge_5,rel_btc_le_-1_atr_equiv,next_close,fixed_horizon_6,base,188,29.661771058315335,0.7047979637787403,0.19552829574002398,0.5638297872340425,1.3250201719040318,-0.5428768815930337,2.026499353374563,1.9852237903683887,0.6581890418530771,0.2621546363316129,0.8,1.0
breadth_down_2pct_ge_5,bottom_1_performer,next_close,fixed_horizon_6,base,38,5.995464362850972,1.5194378974665552,0.3357981581004111,0.5789473684210527,0.577386401037291,-0.039240118178654915,1.594826838305855,4.944665033731899,0.6908837301215213,0.6428427076820119,0.7,1.0
breadth_down_2pct_ge_5,bottom_2_performer,next_close,fixed_horizon_6,base,76,11.990928725701943,1.0271694064264203,0.33051639441448405,0.5394736842105263,0.7806487488840794,-0.13721736840593918,1.729140856901428,2.5315871983037486,0.6436973658430951,0.4145982258598687,0.7,0.75
breadth_down_2pct_ge_5,bottom_3_performer,next_close,fixed_horizon_6,base,114,17.986393088552916,1.0360335502845006,0.2238933513628494,0.5350877192982456,1.1810782473243309,-0.26099490653832724,2.0785562268739963,2.443534152292928,0.648965693084465,0.5258935004711607,0.7,0.625
breadth_down_2pct_ge_6,rel_btc_le_1%,next_close,fixed_horizon_6,base,142,22.404103671706263,1.3807378812734974,0.47950580505116364,0.6338028169014085,1.9606477914083662,-0.4431809334862896,2.952245312803658,3.06067322476232,0.5552394096938221,0.2628373015398737,0.7777777777777778,1.0
breadth_down_2pct_ge_6,rel_btc_le_2%,next_close,fixed_horizon_6,base,66,10.41317494600432,2.8913794540828097,0.9460885903306429,0.7575757575757576,1.9083104396946544,-0.30996867120451277,3.1730338692772198,4.862826776024377,0.6353945396522233,0.26160699043423985,1.0,1.0
breadth_down_2pct_ge_6,symbol_zscore_le_-1,next_close,fixed_horizon_6,base,203,32.02840172786177,1.0088746985591197,0.2954012085187108,0.5960591133004927,2.0480156380750127,-0.4476086270560905,3.0198130594609647,2.712774472404921,0.48620933411282163,0.2557711336977141,0.7777777777777778,1.0
breadth_down_2pct_ge_6,symbol_zscore_le_-2,next_close,fixed_horizon_6,base,192,30.292872570194387,1.059481543461035,0.3592010067739038,0.6041666666666666,2.0342045634451873,-0.4476086270560905,3.057113425029689,2.9257788075365245,0.4827209921052424,0.2049807298187189,0.7777777777777778,1.0
breadth_down_2pct_ge_6,rel_btc_le_-1_atr_equiv,next_close,fixed_horizon_6,base,135,21.299676025917925,1.1907615096647517,0.4022088037964134,0.6518518518518519,1.6075280380474148,-0.4431809334862896,2.5353806054753156,2.9817967680191417,0.600729684666348,0.2586153060816197,0.8888888888888888,1.0
breadth_down_2pct_ge_6,bottom_2_performer,next_close,fixed_horizon_6,base,52,8.204319654427646,1.5718383635719975,0.5501377018576692,0.5961538461538461,0.8173559490574387,-0.1014538691920562,1.8938696526676282,4.0567106089455445,0.6310502708908458,0.36081188375628714,0.6666666666666666,0.8571428571428571
breadth_down_2pct_ge_6,bottom_3_performer,next_close,fixed_horizon_6,base,78,12.30647948164147,1.527620050945374,0.373361793857987,0.5897435897435898,1.1915436397373917,-0.2124858621468521,2.1830682724298525,3.4681295969822576,0.63936280839772,0.4357428612324109,0.7777777777777778,0.8571428571428571
btc_return_le_1%,rel_btc_le_1%,next_close,fixed_horizon_6,base,143,22.561879049676026,1.198094231313922,0.4022088037964134,0.5804195804195804,1.7132747507789086,-0.5274995152414512,2.517677035486882,2.334238684949485,0.651806313799172,0.2636145016758013,0.6666666666666666,1.0
btc_return_le_1%,symbol_zscore_le_-1,next_close,fixed_horizon_6,base,779,122.90701943844493,0.021472288545016652,-0.128161507633937,0.4454428754813864,0.1672691277656797,-2.2947484997005176,0.216760294707287,1.0330775574968953,6.646510051787004,1.7287763864780412,0.5833333333333334,0.5
btc_return_le_1%,symbol_zscore_le_-2,next_close,fixed_horizon_6,base,687,108.39168466522679,0.1312809633349732,-0.0833161983527319,0.4672489082969432,0.9019002181112658,-1.5417256489635787,1.2128985995080428,1.2266156833143727,1.2151637583187427,0.32777548936809103,0.6666666666666666,0.875
btc_return_le_1%,rel_btc_le_-1_atr_equiv,next_close,fixed_horizon_6,base,160,25.244060475161987,0.7279117813790968,0.13763860896502064,0.55625,1.164658850206555,-0.5547441085330111,1.7899959555080964,1.9049542539389097,0.8517831778287834,0.2633837641827882,0.5454545454545454,0.875
basket_return_le_3%,rel_btc_le_1%,next_close,fixed_horizon_6,base,53,8.36209503239741,2.8633838422751174,0.7640749052933461,0.660377358490566,1.5175934364058121,-0.4431809334862896,2.3991350434111984,3.2228164155058576,0.6288295839199463,0.24611353300289188,0.75,1.0
basket_return_le_3%,symbol_zscore_le_-1,next_close,fixed_horizon_6,base,64,10.097624190064796,2.5935773254399037,0.7017727613115721,0.640625,1.6598894882815383,-0.44760862705609045,2.5888118046867055,3.333479820006998,0.5715000993515029,0.22775433266227352,0.75,1.0
basket_return_le_3%,symbol_zscore_le_-2,next_close,fixed_horizon_6,base,64,10.097624190064796,2.5935773254399037,0.7017727613115721,0.640625,1.6598894882815383,-0.44760862705609045,2.5888118046867055,3.333479820006998,0.5715000993515029,0.22775433266227352,0.75,1.0
basket_return_le_3%,rel_btc_le_-1_atr_equiv,next_close,fixed_horizon_6,base,47,7.415442764578834,2.7841708756569594,0.7629393150191089,0.7021276595744681,1.308560311558771,-0.4431809334862896,2.1184120011690277,3.10627606485309,0.7292806000190597,0.2824024729382989,1.0,0.875
basket_return_le_1%,rel_basket_le_1%,next_close,fixed_horizon_6,base,49,7.730993520518359,1.8573703221130704,0.39622595091099116,0.6122448979591837,0.9101114578354045,-0.13120371111063428,1.989196037802517,3.488472631373961,0.8135267632969885,0.3470458999354751,0.7,0.875
basket_return_le_1%,rel_btc_le_3%,next_close,fixed_horizon_6,base,27,4.259935205183585,6.000310868211083,2.7969599616323304,0.8148148148148148,1.6200839344169924,-0.21248586214685214,2.9844017178852935,5.9472651715634,0.8634246733554942,0.25295100126797954,1.0,0.8571428571428571
basket_return_le_1%,rel_basket_le_-1_atr_equiv,next_close,fixed_horizon_6,base,80,12.622030237580994,-0.03703007797963096,0.04131593650114292,0.525,-0.02962406238370477,-0.2487694244789604,-0.07401459480698983,0.9615374883455602,,,0.4166666666666667,0.5
basket_return_le_2%,rel_basket_le_1%,next_close,fixed_horizon_6,base,21,3.313282937365011,3.777699826099526,1.2752121975744404,0.7619047619047619,0.7933169634809004,-0.1014538691920562,1.8399859647288905,4.715936282079579,0.686540377994842,0.47963787514870787,1.0,0.8571428571428571
basket_return_le_2%,rel_btc_le_3%,next_close,fixed_horizon_6,base,24,3.7866090712742984,6.114264669407729,2.7724564626807524,0.7916666666666666,1.4674235206578548,-0.2124858621468521,2.710693819220223,5.481084665712741,0.857522073939854,0.2593013246188268,1.0,0.8571428571428571
basket_return_le_2%,rel_basket_le_-1_atr_equiv,next_close,fixed_horizon_6,base,26,4.102159827213823,0.727519877840036,0.4837923601828687,0.6538461538461539,0.1891551682384094,-0.2124858621468521,0.4880103896720767,1.5486153211305327,0.5591495841631676,1.417301211316974,0.7777777777777778,0.7142857142857143
basket_return_le_3%,rel_basket_le_1%,next_close,fixed_horizon_6,base,11,1.7355291576673866,5.6814285304956424,2.7479529637291744,0.7272727272727273,0.6249571383545206,-0.1014538691920562,1.5012970852985668,4.389871226269596,0.6782776580764974,0.43787693639021597,1.0,0.8333333333333334
basket_return_le_3%,rel_btc_le_2%,next_close,fixed_horizon_6,base,35,5.522138228941685,4.368223496959231,0.9648081921414555,0.7714285714285715,1.5288782239357306,-0.3099686712045128,2.6543057884235655,4.56624275804414,0.6699555371397724,0.2392131695900263,1.0,1.0
basket_return_le_3%,rel_btc_le_3%,next_close,fixed_horizon_6,base,21,3.313282937365011,6.285005969048843,2.7479529637291744,0.7619047619047619,1.3198512535002571,-0.2124858621468521,2.455075011211915,5.030441879812785,0.8415916495735871,0.24655396008091174,1.0,0.8571428571428571
basket_return_le_3%,rel_basket_le_-1_atr_equiv,next_close,fixed_horizon_6,base,12,1.8933045356371492,1.1447504824848793,0.6684005982462128,0.6666666666666666,0.13737005789818552,-0.21248586214685214,0.3491055295452729,1.4650430460252473,0.7699351320155312,1.9920958126165902,1.0,0.6
basket_return_le_3%,bottom_1_performer,next_close,fixed_horizon_6,base,8,1.2622030237580995,6.023794293342565,0.7314458064070185,0.75,0.4819035434674052,-0.010905781996095154,1.4260478771072536,30.285346264984177,0.7702573008633214,0.7783885206797646,0.75,0.6666666666666666
basket_return_le_3%,bottom_2_performer,next_close,fixed_horizon_6,base,16,2.524406047516199,4.272867329127029,0.7826767387457825,0.6875,0.6836587726603247,-0.1014538691920562,1.6539729034839614,5.772061997642975,0.7413065649166821,0.4114553596324121,0.75,0.7142857142857143
basket_return_le_3%,bottom_3_performer,next_close,fixed_horizon_6,base,24,3.7866090712742984,3.866726715570524,0.6497987647937764,0.625,0.9280144117369258,-0.2124858621468521,1.794546648102835,4.2372477074355155,0.7153148029961544,0.394097118794005,0.75,0.7142857142857143
breadth_down_1pct_ge_4,rel_basket_le_1%,next_close,fixed_horizon_6,base,52,8.204319654427646,1.723309634565916,0.26167077840909775,0.5961538461538461,0.8961210099742764,-0.14613139646204842,1.9522612066220861,3.3541328853395824,0.8262277307320288,0.3524640605571135,0.7,0.875
breadth_down_1pct_ge_4,rel_btc_le_3%,next_close,fixed_horizon_6,base,27,4.259935205183585,6.000310868211083,2.7969599616323304,0.8148148148148148,1.6200839344169924,-0.21248586214685214,2.9844017178852935,5.9472651715634,0.8634246733554942,0.25295100126797954,1.0,0.8571428571428571
breadth_down_1pct_ge_4,rel_basket_le_-1_atr_equiv,next_close,fixed_horizon_6,base,99,15.619762419006479,-0.21695383676698624,-0.11811167431293504,0.48484848484848486,-0.21478429839931637,-0.41563256695405126,-0.5212380355919942,0.7836585127265276,,,0.5,0.375
breadth_down_1pct_ge_5,rel_basket_le_1%,next_close,fixed_horizon_6,base,49,7.730993520518359,1.8573703221130704,0.39622595091099116,0.6122448979591837,0.9101114578354045,-0.13120371111063428,1.989196037802517,3.488472631373961,0.8135267632969885,0.3470458999354751,0.7,0.875
breadth_down_1pct_ge_5,rel_btc_le_3%,next_close,fixed_horizon_6,base,27,4.259935205183585,6.000310868211083,2.7969599616323304,0.8148148148148148,1.6200839344169924,-0.21248586214685214,2.9844017178852935,5.9472651715634,0.8634246733554942,0.25295100126797954,1.0,0.8571428571428571
breadth_down_1pct_ge_5,rel_basket_le_-1_atr_equiv,next_close,fixed_horizon_6,base,80,12.622030237580994,-0.03703007797963096,0.04131593650114292,0.525,-0.02962406238370477,-0.2487694244789604,-0.07401459480698983,0.9615374883455602,,,0.4166666666666667,0.5
breadth_down_1pct_ge_6,rel_basket_le_1%,next_close,fixed_horizon_6,base,42,6.626565874730022,2.167500611455102,0.4921603921830853,0.6428571428571429,0.9103502568111429,-0.11484880507990522,2.014366934673413,3.95778128227664,0.7711135894121393,0.40229168035147966,0.8,0.8571428571428571
breadth_down_1pct_ge_6,rel_btc_le_3%,next_close,fixed_horizon_6,base,27,4.259935205183585,6.000310868211083,2.7969599616323304,0.8148148148148148,1.6200839344169924,-0.21248586214685214,2.9844017178852935,5.9472651715634,0.8634246733554942,0.25295100126797954,1.0,0.8571428571428571
breadth_down_1pct_ge_6,rel_basket_le_-1_atr_equiv,next_close,fixed_horizon_6,base,61,9.624298056155508,0.16686283081796444,0.08570122475612071,0.5409836065573771,0.1017863267989583,-0.2555533456183845,0.2607713998560787,1.1849698249619862,1.252569745817423,2.266871547804338,0.5833333333333334,0.625
breadth_down_2pct_ge_4,rel_basket_le_1%,next_close,fixed_horizon_6,base,24,3.7866090712742984,3.3538383135338137,1.0730861272253003,0.75,0.8049211952481152,-0.1014538691920562,1.8561925753705644,4.682800692986637,0.6766427958329664,0.4664221571092623,1.0,0.8571428571428571
breadth_down_2pct_ge_4,rel_btc_le_3%,next_close,fixed_horizon_6,base,25,3.9443844492440605,5.91844621326865,2.7479529637291744,0.8,1.4796115533171625,-0.21248586214685214,2.7244471732916398,5.518303372845325,0.8504583908942432,0.2571653768384985,1.0,0.8571428571428571
breadth_down_2pct_ge_4,rel_basket_le_-1_atr_equiv,next_close,fixed_horizon_6,base,31,4.891036717062635,0.6175004210004266,0.4320620960715305,0.6451612903225806,0.19142513051013224,-0.22672959452810906,0.4944826869183484,1.5308715551969505,0.5525190625753413,1.4004945346346447,0.6666666666666666,0.7142857142857143
breadth_down_2pct_ge_5,rel_basket_le_1%,next_close,fixed_horizon_6,base,21,3.313282937365011,3.777699826099526,1.2752121975744404,0.7619047619047619,0.7933169634809004,-0.1014538691920562,1.8399859647288905,4.715936282079579,0.686540377994842,0.47963787514870787,1.0,0.8571428571428571
breadth_down_2pct_ge_5,rel_btc_le_3%,next_close,fixed_horizon_6,base,24,3.7866090712742984,6.114264669407729,2.7724564626807524,0.7916666666666666,1.4674235206578548,-0.2124858621468521,2.710693819220223,5.481084665712741,0.857522073939854,0.2593013246188268,1.0,0.8571428571428571
breadth_down_2pct_ge_5,rel_basket_le_-1_atr_equiv,next_close,fixed_horizon_6,base,26,4.102159827213823,0.727519877840036,0.4837923601828687,0.6538461538461539,0.1891551682384094,-0.2124858621468521,0.4880103896720767,1.5486153211305327,0.5591495841631676,1.417301211316974,0.7777777777777778,0.7142857142857143
breadth_down_2pct_ge_6,rel_basket_le_1%,next_close,fixed_horizon_6,base,19,2.997732181425486,4.161769100774783,1.4408084811404678,0.7894736842105263,0.7907361291472087,-0.1014538691920562,1.8446266467167503,4.724452723975697,0.6887811343150393,0.48120333529437964,1.0,0.8333333333333334
breadth_down_2pct_ge_6,rel_btc_le_3%,next_close,fixed_horizon_6,base,24,3.7866090712742984,6.114264669407729,2.7724564626807524,0.7916666666666666,1.4674235206578548,-0.2124858621468521,2.710693819220223,5.481084665712741,0.857522073939854,0.2593013246188268,1.0,0.8571428571428571
breadth_down_2pct_ge_6,rel_basket_le_-1_atr_equiv,next_close,fixed_horizon_6,base,20,3.1555075593952484,1.08615384886046,0.8643237803590245,0.7,0.21723076977209202,-0.2124858621468521,0.560493944781943,1.7108059836426865,0.4868832982260534,1.3315369596497362,0.8571428571428571,0.6666666666666666
breadth_down_2pct_ge_6,bottom_1_performer,next_close,fixed_horizon_6,base,26,4.102159827213823,2.112484826106679,0.41546191640645885,0.6153846153846154,0.5492460547877365,-0.019075710411859736,1.5573508057373915,9.716198622143073,0.696305741952592,0.6842778671080176,0.7777777777777778,0.7142857142857143
btc_return_le_1%,bottom_3_performer,next_close,fixed_horizon_6,base,303,47.80593952483802,0.17437214904303652,-0.11811167431293504,0.45544554455445546,0.5283476116004007,-0.8446775546273049,0.8776195094321665,1.2595955852889842,1.5568266983968466,0.8263809835343685,0.5833333333333334,0.5
btc_return_le_1%,rel_btc_le_2%,next_close,fixed_horizon_6,base,48,7.573218142548597,3.8208421889645683,1.500228320911703,0.7708333333333334,1.8340042507029928,-0.30996867120451277,3.1100261964739286,4.87541528333653,0.6637073086669434,0.2715319874121688,1.0,0.875
btc_return_le_1%,bottom_2_performer,next_close,fixed_horizon_6,base,202,31.87062634989201,0.17466074190542819,-0.11976554323616431,0.44554455445544555,0.3528146986489649,-0.5654046754532597,0.735237386666786,1.2671309224408374,1.5638831340627952,0.6122565761145037,0.5833333333333334,0.75
basket_return_le_1%,rel_basket_le_2%,next_close,fixed_horizon_6,base,13,2.0510799136069116,3.419928619111502,1.2752121975744404,0.6923076923076923,0.4445907204844953,-0.11780877522278528,1.160128742334658,3.215034330199886,1.0093723804376313,0.7982088928458703,0.6666666666666666,0.8
breadth_down_1pct_ge_4,rel_basket_le_2%,next_close,fixed_horizon_6,base,13,2.0510799136069116,3.419928619111502,1.2752121975744404,0.6923076923076923,0.4445907204844953,-0.11780877522278528,1.160128742334658,3.215034330199886,1.0093723804376313,0.7982088928458703,0.6666666666666666,0.8
breadth_down_1pct_ge_5,rel_basket_le_2%,next_close,fixed_horizon_6,base,13,2.0510799136069116,3.419928619111502,1.2752121975744404,0.6923076923076923,0.4445907204844953,-0.11780877522278528,1.160128742334658,3.215034330199886,1.0093723804376313,0.7982088928458703,0.6666666666666666,0.8
btc_return_le_1%,rel_basket_le_1%,next_close,fixed_horizon_6,base,26,4.102159827213823,2.8526172219733072,0.6244066947490823,0.6538461538461539,0.7416804777130599,-0.11462287437080204,1.6841239463286535,3.805839060965493,0.7343379586547626,0.4827714607286542,0.7142857142857143,0.8571428571428571
btc_return_le_1%,rel_basket_le_-1_atr_equiv,next_close,fixed_horizon_6,base,40,6.311015118790497,0.166857607153814,0.05526923605788888,0.525,0.0667430428615256,-0.22565486732559795,0.17150457133856653,1.1421525872521936,1.5846750332054451,3.4318074246224177,0.5555555555555556,0.5714285714285714
btc_return_le_1%,bottom_1_performer,next_close,fixed_horizon_6,base,101,15.935313174946005,0.3482351393202362,-0.03009085662882598,0.48514851485148514,0.35171749071343855,-0.27389491420871315,0.9145411348243481,1.625033723385719,1.164088083898166,0.8546335694660779,0.5833333333333334,0.5
btc_return_le_1%,rel_basket_le_2%,next_close,fixed_horizon_6,base,10,1.5777537796976242,3.6437029377521455,2.0115825806518073,0.7,0.3643702937752145,-0.06352665259311693,0.9588859055001459,2.9764049384700724,1.0,1.018829413759026,1.0,0.8
btc_return_le_1%,rel_btc_le_3%,next_close,fixed_horizon_6,base,22,3.471058315334773,6.591532022957612,2.8969022446504256,0.7727272727272727,1.4501370450506748,-0.1110319929547959,2.70255642670434,5.428296796582206,0.8677442349861999,0.2559973031964254,1.0,0.8571428571428571
basket_return_le_2%,rel_basket_le_2%,next_close,fixed_horizon_6,base,10,1.5777537796976242,3.6437029377521455,2.0115825806518073,0.7,0.3643702937752145,-0.06352665259311693,0.9588859055001459,2.9764049384700724,1.0,1.018829413759026,1.0,0.8
btc_return_le_2%,rel_btc_le_1%,next_close,fixed_horizon_6,base,23,3.6288336933045358,0.5787716322079812,2.0742416470847758,0.6521739130434783,0.1331174754078357,-0.37563403876554313,0.3731534207206166,1.2215754105275056,4.445295320557271,1.0300656223556837,0.3333333333333333,0.75
btc_return_le_2%,rel_basket_le_1%,next_close,fixed_horizon_6,base,8,1.2622030237580995,0.877900551227563,1.6417377940116904,0.625,0.07023204409820505,-0.06352665259311693,0.35133604309061256,1.3809502617690685,2.7307902928163563,1.6508826410790602,0.5,0.6666666666666666
btc_return_le_2%,rel_btc_le_2%,next_close,fixed_horizon_6,base,17,2.682181425485961,0.7178213667171035,1.09874471707764,0.6470588235294118,0.12202963234190758,-0.2424217764837663,0.4207515256399935,1.2871600213110845,3.6143688815471413,0.7773016596870548,0.5,0.8571428571428571
btc_return_le_2%,rel_basket_le_2%,next_close,fixed_horizon_6,base,6,0.9466522678185746,-2.0259490028303917,-0.7012196649313662,0.5,-0.12155694016982349,-0.06352665259311693,-0.9404110085005158,0.3406549848842464,,,0.0,0.4
btc_return_le_2%,rel_btc_le_3%,next_close,fixed_horizon_6,base,12,1.8933045356371492,-0.339551060553406,0.6321174724129874,0.5833333333333334,-0.04074612726640872,-0.15592641459688186,-0.17539531667327452,0.8755731774022341,,,0.5,0.7142857142857143
btc_return_le_2%,symbol_zscore_le_-1,next_close,fixed_horizon_6,base,40,6.311015118790497,0.8445243423545866,0.9137285188047042,0.55,0.3378097369418347,-0.4065820890599574,0.9117704847661355,1.5162141263423077,2.5039115297599865,0.4206160739975734,0.3333333333333333,0.75
btc_return_le_2%,symbol_zscore_le_-2,next_close,fixed_horizon_6,base,40,6.311015118790497,0.8445243423545866,0.9137285188047042,0.55,0.3378097369418347,-0.4065820890599574,0.9117704847661355,1.5162141263423077,2.5039115297599865,0.4206160739975734,0.3333333333333333,0.75
btc_return_le_2%,rel_btc_le_-1_atr_equiv,next_close,fixed_horizon_6,base,23,3.6288336933045358,-0.9431254159337715,-0.4183312015064366,0.43478260869565216,-0.21691884566476746,-0.3916867004347686,-0.6895036376545518,0.6585508365291094,,,0.3333333333333333,0.625
btc_return_le_2%,rel_basket_le_-1_atr_equiv,next_close,fixed_horizon_6,base,7,1.1044276457883369,-3.32269904463742,-1.9379619541569395,0.42857142857142855,-0.2325889331246194,-0.14172388966767901,-1.4864561187982204,0.21260959202475324,,,0.0,0.4
btc_return_le_2%,bottom_2_performer,next_close,fixed_horizon_6,base,10,1.5777537796976242,1.7869565252329558,2.1883524048337066,0.7,0.17869565252329558,-0.01820971180626991,0.993467873474117,2.493316939310008,1.3181967722129924,0.6488398615859481,0.3333333333333333,0.8333333333333334
btc_return_le_2%,bottom_3_performer,next_close,fixed_horizon_6,base,15,2.3666306695464363,0.9871245331097915,1.8972939868148317,0.6,0.14806867996646872,-0.1110319929547959,0.6330836252687139,1.5836455596799874,2.2892195162652915,0.7830478564101632,0.3333333333333333,0.8333333333333334
basket_return_le_3%,rel_basket_le_2%,next_close,fixed_horizon_6,base,7,1.1044276457883369,3.0971146659659503,0.5355226242942068,0.5714285714285714,0.21679802661761652,-0.06352665259311693,0.5696377562546978,2.175948472687402,1.0,1.2194789378732869,1.0,0.6
breadth_down_1pct_ge_6,rel_basket_le_2%,next_close,fixed_horizon_6,base,12,1.8933045356371492,3.841213554293537,2.0115825806518073,0.75,0.4609456265152244,-0.1014538691920562,1.2110528192830603,3.500245569340761,0.9735586326060843,0.8053686843820062,1.0,0.8
breadth_down_2pct_ge_4,rel_basket_le_2%,next_close,fixed_horizon_6,base,11,1.7355291576673866,3.4232575130411105,1.2752121975744404,0.7272727272727273,0.3765583264345222,-0.1014538691920562,0.9939104344866544,3.0425148501440225,0.9676330815076878,0.9858530451663172,1.0,0.8
breadth_down_2pct_ge_5,rel_basket_le_2%,next_close,fixed_horizon_6,base,10,1.5777537796976242,3.6437029377521455,2.0115825806518073,0.7,0.3643702937752145,-0.06352665259311693,0.9588859055001459,2.9764049384700724,1.0,1.018829413759026,1.0,0.8
breadth_down_2pct_ge_6,rel_basket_le_2%,next_close,fixed_horizon_6,base,10,1.5777537796976242,3.6437029377521455,2.0115825806518073,0.7,0.3643702937752145,-0.06352665259311693,0.9588859055001459,2.9764049384700724,1.0,1.018829413759026,1.0,0.8
basket_return_le_1%,rel_basket_le_3%,next_close,fixed_horizon_6,base,4,0.6311015118790497,-0.6364574305177345,0.40499550478611746,0.5,-0.02545829722070938,-0.06352665259311693,-0.2869759050328523,0.6929267645836155,,,0.0,0.5
btc_return_le_1%,rel_basket_le_3%,next_close,fixed_horizon_6,base,4,0.6311015118790497,-0.6364574305177345,0.40499550478611746,0.5,-0.02545829722070938,-0.06352665259311693,-0.2869759050328523,0.6929267645836155,,,0.0,0.5
basket_return_le_2%,rel_basket_le_3%,next_close,fixed_horizon_6,base,4,0.6311015118790497,-0.6364574305177345,0.40499550478611746,0.5,-0.02545829722070938,-0.06352665259311693,-0.2869759050328523,0.6929267645836155,,,0.0,0.5
btc_return_le_2%,rel_basket_le_3%,next_close,fixed_horizon_6,base,4,0.6311015118790497,-0.6364574305177345,0.40499550478611746,0.5,-0.02545829722070938,-0.06352665259311693,-0.2869759050328523,0.6929267645836155,,,0.0,0.5
btc_return_le_2%,bottom_1_performer,next_close,fixed_horizon_6,base,5,0.7888768898488121,3.308359411027399,2.3024631625826375,0.8,0.16541797055136997,-0.006386279403915986,1.5321313931936964,26.902087912085058,0.8401112261977345,0.7009205956448336,0.6666666666666666,1.0
basket_return_le_3%,rel_basket_le_3%,next_close,fixed_horizon_6,base,4,0.6311015118790497,-0.6364574305177345,0.40499550478611746,0.5,-0.02545829722070938,-0.06352665259311693,-0.2869759050328523,0.6929267645836155,,,0.0,0.5
breadth_down_1pct_ge_4,rel_basket_le_3%,next_close,fixed_horizon_6,base,4,0.6311015118790497,-0.6364574305177345,0.40499550478611746,0.5,-0.02545829722070938,-0.06352665259311693,-0.2869759050328523,0.6929267645836155,,,0.0,0.5
breadth_down_1pct_ge_5,rel_basket_le_3%,next_close,fixed_horizon_6,base,4,0.6311015118790497,-0.6364574305177345,0.40499550478611746,0.5,-0.02545829722070938,-0.06352665259311693,-0.2869759050328523,0.6929267645836155,,,0.0,0.5
breadth_down_1pct_ge_6,rel_basket_le_3%,next_close,fixed_horizon_6,base,4,0.6311015118790497,-0.6364574305177345,0.40499550478611746,0.5,-0.02545829722070938,-0.06352665259311693,-0.2869759050328523,0.6929267645836155,,,0.0,0.5
breadth_down_2pct_ge_4,rel_basket_le_3%,next_close,fixed_horizon_6,base,4,0.6311015118790497,-0.6364574305177345,0.40499550478611746,0.5,-0.02545829722070938,-0.06352665259311693,-0.2869759050328523,0.6929267645836155,,,0.0,0.5
breadth_down_2pct_ge_5,rel_basket_le_3%,next_close,fixed_horizon_6,base,4,0.6311015118790497,-0.6364574305177345,0.40499550478611746,0.5,-0.02545829722070938,-0.06352665259311693,-0.2869759050328523,0.6929267645836155,,,0.0,0.5
breadth_down_2pct_ge_6,rel_basket_le_3%,next_close,fixed_horizon_6,base,4,0.6311015118790497,-0.6364574305177345,0.40499550478611746,0.5,-0.02545829722070938,-0.06352665259311693,-0.2869759050328523,0.6929267645836155,,,0.0,0.5
btc_return_le_3%,rel_btc_le_1%,next_close,fixed_horizon_6,base,6,0.9466522678185746,9.1329907069696,8.69016906286331,1.0,0.547979442418176,0.0,13.408877564491412,inf,1.0,0.21158615355636923,1.0,1.0
btc_return_le_3%,rel_btc_le_2%,next_close,fixed_horizon_6,base,5,0.7888768898488121,8.821202115264581,8.443273969402867,1.0,0.44106010576322907,0.0,11.893871357827589,inf,1.0,0.26287769157582247,1.0,1.0
btc_return_le_3%,symbol_zscore_le_-1,next_close,fixed_horizon_6,base,8,1.2622030237580995,8.714163949004435,8.228895335105028,1.0,0.6971331159203549,0.0,15.060742305713383,inf,1.0,0.16631667582762213,1.0,1.0
btc_return_le_3%,symbol_zscore_le_-2,next_close,fixed_horizon_6,base,8,1.2622030237580995,8.714163949004435,8.228895335105028,1.0,0.6971331159203549,0.0,15.060742305713383,inf,1.0,0.16631667582762213,1.0,1.0
btc_return_le_3%,rel_btc_le_-1_atr_equiv,next_close,fixed_horizon_6,base,3,0.4733261339092873,9.207390798735242,8.443273969402867,1.0,0.27622172396205724,0.0,7.553066437383296,inf,1.0,0.419752873836789,1.0,1.0
btc_return_le_3%,bottom_3_performer,next_close,fixed_horizon_6,base,3,0.4733261339092873,9.207390798735242,8.443273969402867,1.0,0.27622172396205724,0.0,7.553066437383296,inf,1.0,0.419752873836789,1.0,1.0
btc_return_le_3%,rel_basket_le_1%,next_close,fixed_horizon_6,base,2,0.31555075593952486,9.589449213401426,9.589449213401426,1.0,0.19178898426802854,0.0,4.78267935337147,inf,1.0,0.6045439100255662,1.0,1.0
btc_return_le_3%,rel_btc_le_3%,next_close,fixed_horizon_6,base,2,0.31555075593952486,9.589449213401426,9.589449213401426,1.0,0.19178898426802854,0.0,4.78267935337147,inf,1.0,0.6045439100255662,1.0,1.0
btc_return_le_3%,bottom_2_performer,next_close,fixed_horizon_6,base,2,0.31555075593952486,9.589449213401426,9.589449213401426,1.0,0.19178898426802854,0.0,4.78267935337147,inf,1.0,0.6045439100255662,1.0,1.0
btc_return_le_3%,bottom_1_performer,next_close,fixed_horizon_6,base,1,0.15777537796976243,11.594486244922578,11.594486244922578,1.0,0.11594486244922578,0.0,0.0,inf,1.0,1.0,1.0,1.0
basket_return_le_1%,rel_btc_le_1%,next_close,fixed_horizon_6,stress,419,66.10788336933045,0.27941936104529336,0.01725720632966179,0.5107398568019093,1.1707671227797791,-1.0670649278635376,1.5318577544578122,1.364891585292469,0.7797462843572721,0.4067953401349134,0.5454545454545454,0.75
basket_return_le_1%,rel_btc_le_2%,next_close,fixed_horizon_6,stress,84,13.253131749460044,2.384861270497726,0.7651129390781098,0.7023809523809523,2.0032834672180897,-0.33051542246538584,3.274052589495357,4.396289632892335,0.6649439030000588,0.2703564787887395,0.8888888888888888,0.875
basket_return_le_1%,symbol_zscore_le_-1,next_close,fixed_horizon_6,stress,2014,317.75961123110153,-0.26581972104036694,-0.2370628877090562,0.4016881827209533,-5.35360918175299,-5.788631843713224,-5.576946490962309,0.6369136016352718,,,0.3333333333333333,0.0
basket_return_le_1%,symbol_zscore_le_-2,next_close,fixed_horizon_6,stress,1717,270.9003239740821,-0.27122551586726346,-0.2623460649808627,0.39370995923121727,-4.656942107440914,-5.0048859081973385,-5.0722916110444585,0.6296385048518328,,,0.4166666666666667,0.0
basket_return_le_1%,rel_btc_le_-1_atr_equiv,next_close,fixed_horizon_6,stress,655,103.34287257019439,-0.17446655400491046,-0.2168882191793851,0.4198473282442748,-1.1427559287321634,-1.473067732550795,-1.5084746804094955,0.780439735409812,,,0.25,0.125
basket_return_le_1%,bottom_1_performer,next_close,fixed_horizon_6,stress,259,40.863822894168464,-0.10382678391276237,-0.20392327703532925,0.42857142857142855,-0.26891137033405454,-0.6357883887989768,-0.582485501000148,0.8604809012179849,,,0.4166666666666667,0.5
basket_return_le_1%,bottom_2_performer,next_close,fixed_horizon_6,stress,518,81.72764578833693,-0.16349773499322212,-0.22796795170263545,0.416988416988417,-0.8469182672648905,-1.2485215697146979,-1.4308971148467187,0.787724894492147,,,0.3333333333333333,0.125
basket_return_le_1%,bottom_3_performer,next_close,fixed_horizon_6,stress,777,122.59146868250541,-0.15454140415969492,-0.22456957676469474,0.4195624195624196,-1.2007867103208294,-1.9092425639612145,-1.6682764670593047,0.7950701526219311,,,0.3333333333333333,0.25
basket_return_le_2%,rel_btc_le_1%,next_close,fixed_horizon_6,stress,191,30.135097192224624,0.8223153603862441,0.1957890653925755,0.5497382198952879,1.5706223383377265,-0.5494575537517878,2.2852823943991316,1.9908613778537854,0.6516057948029841,0.28244597864225723,0.7,1.0
basket_return_le_2%,rel_btc_le_2%,next_close,fixed_horizon_6,stress,74,11.675377969762419,2.554555150043957,0.8032507607805651,0.7297297297297297,1.8903708110325284,-0.3150597583352865,3.1354678673852736,4.514239585765741,0.6243695449958543,0.2759134773655165,1.0,0.875
basket_return_le_2%,symbol_zscore_le_-1,next_close,fixed_horizon_6,stress,287,45.281533477321815,0.4731844603594605,-0.12330683534475625,0.46689895470383275,1.3580394012316515,-0.5940268591930844,1.8984571128537386,1.5936429742727383,0.561427134401892,0.3206844683996064,0.6,1.0
basket_return_le_2%,symbol_zscore_le_-2,next_close,fixed_horizon_6,stress,269,42.441576673866095,0.5070323641679215,-0.11843494014915454,0.4721189591078067,1.3639170596117087,-0.5940268591930844,1.94392407595346,1.6560537805719946,0.5666737191722973,0.25609705527440046,0.6,1.0
basket_return_le_2%,rel_btc_le_-1_atr_equiv,next_close,fixed_horizon_6,stress,188,29.661771058315335,0.5240634826882647,0.01530283006438329,0.5106382978723404,0.9852393474539377,-0.5621375795927901,1.508342687610049,1.6562834827037431,0.8038948765853982,0.2992209813266163,0.7,0.875
basket_return_le_2%,bottom_1_performer,next_close,fixed_horizon_6,stress,38,5.995464362850972,1.337889183151887,0.15543249259223807,0.5526315789473685,0.5083978895977171,-0.05360330045093109,1.405675315561958,3.8934775947580076,0.7484396907222614,0.7010163861469636,0.7,0.8571428571428571
basket_return_le_2%,bottom_2_performer,next_close,fixed_horizon_6,stress,76,11.990928725701943,0.8461127148374414,0.1501560080330579,0.5263157894736842,0.6430456632764554,-0.14250918062804924,1.4257744012755684,2.1224884603187304,0.7246659331507714,0.4608188873345809,0.6,0.75
basket_return_le_2%,bottom_3_performer,next_close,fixed_horizon_6,stress,114,17.986393088552916,0.854967998977093,0.04363953479284324,0.5087719298245614,0.9746635188338859,-0.2697355436835351,1.7170071823493211,2.0643729762527276,0.7302049810132983,0.5941472552297512,0.7,0.5
breadth_down_1pct_ge_4,rel_btc_le_1%,next_close,fixed_horizon_6,stress,465,73.36555075593952,0.2515604642492298,0.051419977732485446,0.513978494623656,1.1697561587589185,-1.1441976913164065,1.5190170772997478,1.3380438365213603,0.7578379212689489,0.417540030765726,0.45454545454545453,0.75
breadth_down_1pct_ge_4,rel_btc_le_2%,next_close,fixed_horizon_6,stress,85,13.410907127429805,2.355787608928032,0.7464120475233306,0.6941176470588235,2.002419467588827,-0.33051542246538584,3.270205874402553,4.389859403300158,0.6652308115599143,0.27047313161859016,0.8888888888888888,0.875
breadth_down_1pct_ge_4,symbol_zscore_le_-1,next_close,fixed_horizon_6,stress,2583,407.53380129589635,-0.3717470545360766,-0.317155097866557,0.37553232675183895,-9.60222641866686,-9.793805130506527,-9.47940417726241,0.5229585782462807,,,0.08333333333333333,0.0
breadth_down_1pct_ge_4,symbol_zscore_le_-2,next_close,fixed_horizon_6,stress,2107,332.4327213822894,-0.3586247500340558,-0.30939605848696133,0.3730422401518747,-7.556223483217556,-7.709704876136861,-7.88300779580693,0.5344499423971651,,,0.16666666666666666,0.0
breadth_down_1pct_ge_4,rel_btc_le_-1_atr_equiv,next_close,fixed_horizon_6,stress,797,125.74697624190065,-0.2753400013745282,-0.2658263770127965,0.4015056461731493,-2.1944598109549895,-2.3433971860593616,-2.802571934482664,0.6678116674320956,,,0.16666666666666666,0.0
breadth_down_1pct_ge_4,bottom_1_performer,next_close,fixed_horizon_6,stress,334,52.69697624190065,-0.24376607836597103,-0.2737461480577528,0.39820359281437123,-0.8141787017423433,-0.9832716267090379,-1.6898880955596405,0.6964848677965431,,,0.3333333333333333,0.25
breadth_down_1pct_ge_4,bottom_2_performer,next_close,fixed_horizon_6,stress,668,105.3939524838013,-0.2989258839985688,-0.3021133536966601,0.39221556886227543,-1.9968249051104396,-2.132661459949993,-3.2087553331511147,0.6382068125381196,,,0.08333333333333333,0.0
breadth_down_1pct_ge_4,bottom_3_performer,next_close,fixed_horizon_6,stress,1002,158.09092872570196,-0.2905811359464496,-0.3021133536966601,0.3932135728542914,-2.9116229821834247,-3.0918402354364827,-3.851545621178321,0.6421194999988532,,,0.08333333333333333,0.125
breadth_down_1pct_ge_5,rel_btc_le_1%,next_close,fixed_horizon_6,stress,419,66.10788336933045,0.27941936104529336,0.01725720632966179,0.5107398568019093,1.1707671227797791,-1.0670649278635376,1.5318577544578122,1.364891585292469,0.7797462843572721,0.4067953401349134,0.5454545454545454,0.75
breadth_down_1pct_ge_5,rel_btc_le_2%,next_close,fixed_horizon_6,stress,84,13.253131749460044,2.384861270497726,0.7651129390781098,0.7023809523809523,2.0032834672180897,-0.33051542246538584,3.274052589495357,4.396289632892335,0.6649439030000588,0.2703564787887395,0.8888888888888888,0.875
breadth_down_1pct_ge_5,symbol_zscore_le_-1,next_close,fixed_horizon_6,stress,2014,317.75961123110153,-0.26581972104036694,-0.2370628877090562,0.4016881827209533,-5.35360918175299,-5.788631843713224,-5.576946490962309,0.6369136016352718,,,0.3333333333333333,0.0
breadth_down_1pct_ge_5,symbol_zscore_le_-2,next_close,fixed_horizon_6,stress,1717,270.9003239740821,-0.27122551586726346,-0.2623460649808627,0.39370995923121727,-4.656942107440914,-5.0048859081973385,-5.0722916110444585,0.6296385048518328,,,0.4166666666666667,0.0
breadth_down_1pct_ge_5,rel_btc_le_-1_atr_equiv,next_close,fixed_horizon_6,stress,655,103.34287257019439,-0.17446655400491046,-0.2168882191793851,0.4198473282442748,-1.1427559287321634,-1.473067732550795,-1.5084746804094955,0.780439735409812,,,0.25,0.125
breadth_down_1pct_ge_5,bottom_1_performer,next_close,fixed_horizon_6,stress,259,40.863822894168464,-0.10382678391276237,-0.20392327703532925,0.42857142857142855,-0.26891137033405454,-0.6357883887989768,-0.582485501000148,0.8604809012179849,,,0.4166666666666667,0.5
breadth_down_1pct_ge_5,bottom_2_performer,next_close,fixed_horizon_6,stress,518,81.72764578833693,-0.16349773499322212,-0.22796795170263545,0.416988416988417,-0.8469182672648905,-1.2485215697146979,-1.4308971148467187,0.787724894492147,,,0.3333333333333333,0.125
breadth_down_1pct_ge_5,bottom_3_performer,next_close,fixed_horizon_6,stress,777,122.59146868250541,-0.15454140415969492,-0.22456957676469474,0.4195624195624196,-1.2007867103208294,-1.9092425639612145,-1.6682764670593047,0.7950701526219311,,,0.3333333333333333,0.25
breadth_down_1pct_ge_6,rel_btc_le_1%,next_close,fixed_horizon_6,stress,372,58.692440604751624,0.3561423105469576,0.06712123739812018,0.5188172043010753,1.3248493952346823,-1.0764203384447997,1.757044396582787,1.4691697490019278,0.6647197909254886,0.38562947421118504,0.6363636363636364,0.875
breadth_down_1pct_ge_6,rel_btc_le_2%,next_close,fixed_horizon_6,stress,83,13.095356371490281,2.435448586575856,0.7838138306328891,0.7108433734939759,2.0214223268579605,-0.3150597583352865,3.3114533467230163,4.535773391539699,0.6589771517850104,0.26793048489507293,0.8888888888888888,0.875
breadth_down_1pct_ge_6,symbol_zscore_le_-1,next_close,fixed_horizon_6,stress,1538,242.6585313174946,-0.19396115051564908,-0.19374060291313483,0.41612483745123535,-2.983122494930683,-3.6878897652319687,-3.2785090891339084,0.7259753505086258,,,0.3333333333333333,0.0
breadth_down_1pct_ge_6,symbol_zscore_le_-2,next_close,fixed_horizon_6,stress,1356,213.94341252699783,-0.19081507329020667,-0.20088633362178682,0.4092920353982301,-2.5874523938152025,-3.244066124579869,-2.9544708197492664,0.7257890898916988,,,0.4166666666666667,0.0
breadth_down_1pct_ge_6,rel_btc_le_-1_atr_equiv,next_close,fixed_horizon_6,stress,537,84.72537796976242,-0.07730239003224841,-0.1552176124851988,0.441340782122905,-0.41511383447317396,-1.513082696577904,-0.5630348930739695,0.8992574000095772,,,0.4166666666666667,0.375
breadth_down_1pct_ge_6,bottom_1_performer,next_close,fixed_horizon_6,stress,197,31.0817494600432,0.009896783240274761,-0.13035846973145734,0.4365482233502538,0.01949666298334128,-0.3289651893233384,0.04391985404849052,1.0141746385805377,7.817983967643232,12.921735687014495,0.4166666666666667,0.5
breadth_down_1pct_ge_6,bottom_2_performer,next_close,fixed_horizon_6,stress,394,62.1634989200864,-0.06479445252808683,-0.18616319489198713,0.4263959390862944,-0.2552901429606621,-0.6404971178202792,-0.4530128863056966,0.9115521565704016,,,0.5,0.25
breadth_down_1pct_ge_6,bottom_3_performer,next_close,fixed_horizon_6,stress,591,93.2452483801296,-0.05765044316093621,-0.1844924460733653,0.4263959390862944,-0.340714119081133,-1.0046990900058956,-0.49646100595332826,0.9198156072193278,,,0.5833333333333334,0.5
breadth_down_2pct_ge_4,rel_btc_le_1%,next_close,fixed_horizon_6,stress,207,32.65950323974082,0.7840658678872429,0.2008750799762195,0.5507246376811594,1.623016346526593,-0.576606092041648,2.35702591522977,1.9977351170712725,0.6320701827791793,0.26575304843955866,0.6363636363636364,1.0
breadth_down_2pct_ge_4,rel_btc_le_2%,next_close,fixed_horizon_6,stress,77,12.148704103671706,2.4630682380668447,0.7838138306328891,0.7272727272727273,1.8965625433114703,-0.3150597583352865,3.138974984612368,4.481308032486003,0.6223311576622159,0.27139193073546886,1.0,0.875
breadth_down_2pct_ge_4,symbol_zscore_le_-1,next_close,fixed_horizon_6,stress,327,51.59254859611231,0.4429667827431603,-0.06365717368683285,0.4709480122324159,1.4485013795701343,-0.6285116824961696,2.0199844435019636,1.6119547604847642,0.5242154286698898,0.2970287922737315,0.5,0.875
breadth_down_2pct_ge_4,symbol_zscore_le_-2,next_close,fixed_horizon_6,stress,308,48.594816414686825,0.4704199612827474,-0.054843541967770505,0.474025974025974,1.448893480750862,-0.6339972396954987,2.0597107184997046,1.6712992720509616,0.5312899569371535,0.23744990167092492,0.5,1.0
breadth_down_2pct_ge_4,rel_btc_le_-1_atr_equiv,next_close,fixed_horizon_6,stress,208,32.817278617710585,0.4842124637562102,0.01086682080970083,0.5048076923076923,1.007161924612917,-0.5898126757585189,1.5396425339838062,1.6504609685075455,0.7888673512893042,0.2805009361556504,0.5833333333333334,0.875
breadth_down_2pct_ge_4,bottom_1_performer,next_close,fixed_horizon_6,stress,43,6.784341252699784,1.250496403220764,0.2446697120499543,0.5813953488372093,0.5377134533849285,-0.05360330045093109,1.486732493658014,4.053237815645631,0.712263107801515,0.6627977206949384,0.6666666666666666,1.0
breadth_down_2pct_ge_4,bottom_2_performer,next_close,fixed_horizon_6,stress,86,13.568682505399568,0.7676283396256652,0.1501560080330579,0.5232558139534884,0.6601603720780721,-0.15851091670335896,1.4604613088989673,2.1010209000750666,0.7095653225246542,0.4384700834932362,0.5,0.75
breadth_down_2pct_ge_4,bottom_3_performer,next_close,fixed_horizon_6,stress,129,20.35302375809935,0.7899304836005042,0.07243225887401575,0.5116279069767442,1.0190103238446504,-0.2885095523639341,1.7915972574800911,2.0740794332085377,0.7086482736272695,0.5562252114156412,0.5833333333333334,0.625
breadth_down_2pct_ge_5,rel_btc_le_1%,next_close,fixed_horizon_6,stress,191,30.135097192224624,0.8223153603862441,0.1957890653925755,0.5497382198952879,1.5706223383377265,-0.5494575537517878,2.2852823943991316,1.9908613778537854,0.6516057948029841,0.28244597864225723,0.7,1.0
breadth_down_2pct_ge_5,rel_btc_le_2%,next_close,fixed_horizon_6,stress,74,11.675377969762419,2.554555150043957,0.8032507607805651,0.7297297297297297,1.8903708110325284,-0.3150597583352865,3.1354678673852736,4.514239585765741,0.6243695449958543,0.2759134773655165,1.0,0.875
breadth_down_2pct_ge_5,symbol_zscore_le_-1,next_close,fixed_horizon_6,stress,287,45.281533477321815,0.4731844603594605,-0.12330683534475625,0.46689895470383275,1.3580394012316515,-0.5940268591930844,1.8984571128537386,1.5936429742727383,0.561427134401892,0.3206844683996064,0.6,1.0
breadth_down_2pct_ge_5,symbol_zscore_le_-2,next_close,fixed_horizon_6,stress,269,42.441576673866095,0.5070323641679215,-0.11843494014915454,0.4721189591078067,1.3639170596117087,-0.5940268591930844,1.94392407595346,1.6560537805719946,0.5666737191722973,0.25609705527440046,0.6,1.0
breadth_down_2pct_ge_5,rel_btc_le_-1_atr_equiv,next_close,fixed_horizon_6,stress,188,29.661771058315335,0.5240634826882647,0.01530283006438329,0.5106382978723404,0.9852393474539377,-0.5621375795927901,1.508342687610049,1.6562834827037431,0.8038948765853982,0.2992209813266163,0.7,0.875
breadth_down_2pct_ge_5,bottom_1_performer,next_close,fixed_horizon_6,stress,38,5.995464362850972,1.337889183151887,0.15543249259223807,0.5526315789473685,0.5083978895977171,-0.05360330045093109,1.405675315561958,3.8934775947580076,0.7484396907222614,0.7010163861469636,0.7,0.8571428571428571
breadth_down_2pct_ge_5,bottom_2_performer,next_close,fixed_horizon_6,stress,76,11.990928725701943,0.8461127148374414,0.1501560080330579,0.5263157894736842,0.6430456632764554,-0.14250918062804924,1.4257744012755684,2.1224884603187304,0.7246659331507714,0.4608188873345809,0.6,0.75
breadth_down_2pct_ge_5,bottom_3_performer,next_close,fixed_horizon_6,stress,114,17.986393088552916,0.854967998977093,0.04363953479284324,0.5087719298245614,0.9746635188338859,-0.2697355436835351,1.7170071823493211,2.0643729762527276,0.7302049810132983,0.5941472552297512,0.7,0.5
breadth_down_2pct_ge_6,rel_btc_le_1%,next_close,fixed_horizon_6,stress,142,22.404103671706263,1.1993277977289531,0.29899650364216174,0.5915492957746479,1.7030454727751136,-0.4517394755610372,2.5669262792830065,2.623299184795595,0.5910161162675278,0.2790352345641285,0.6666666666666666,1.0
breadth_down_2pct_ge_6,rel_btc_le_2%,next_close,fixed_horizon_6,stress,66,10.41317494600432,2.708459483154204,0.7651129390781098,0.7424242424242424,1.7875832588817746,-0.3150597583352865,2.975269122358624,4.417908438292318,0.6494297219997752,0.266910515222741,1.0,1.0
breadth_down_2pct_ge_6,symbol_zscore_le_-1,next_close,fixed_horizon_6,stress,203,32.02840172786177,0.8278362925443647,0.11507591979190061,0.5467980295566502,1.6805076738650604,-0.4579630439977721,2.4803992146640423,2.2439028015709215,0.5373100930458374,0.28461173876653095,0.6666666666666666,1.0
breadth_down_2pct_ge_6,symbol_zscore_le_-2,next_close,fixed_horizon_6,stress,192,30.292872570194387,0.878392555866877,0.1788119501009368,0.5572916666666666,1.686513707264404,-0.4579630439977721,2.5371205208249528,2.4051574796532145,0.5389578300447934,0.2213730973225407,0.6666666666666666,1.0
breadth_down_2pct_ge_6,rel_btc_le_-1_atr_equiv,next_close,fixed_horizon_6,stress,135,21.299676025917925,1.0095413076459938,0.22177676079809155,0.6,1.3628807653220916,-0.45173947556103716,2.151675448186116,2.5120185956000025,0.6616236096311429,0.2769938016949458,0.6666666666666666,1.0
breadth_down_2pct_ge_6,bottom_2_performer,next_close,fixed_horizon_6,stress,52,8.204319654427646,1.3902372749521896,0.3695578038148951,0.5769230769230769,0.7229233829751387,-0.10315276632374687,1.676738838257811,3.365501092923593,0.6779044149425432,0.38014218075684697,0.6666666666666666,0.8571428571428571
breadth_down_2pct_ge_6,bottom_3_performer,next_close,fixed_horizon_6,stress,78,12.30647948164147,1.3460631585621736,0.19295858346771072,0.5512820512820513,1.0499292636784954,-0.2158740830683551,1.9255362559408824,2.9341704619441438,0.6888663428649341,0.46487187125561147,0.6666666666666666,0.7142857142857143
btc_return_le_1%,rel_btc_le_1%,next_close,fixed_horizon_6,stress,143,22.561879049676026,1.016866700234383,0.22177676079809155,0.5454545454545454,1.4541193813351676,-0.5791809892299524,2.138983141962867,2.042905981206331,0.7189199413919225,0.27933410938509085,0.6666666666666666,1.0
btc_return_le_1%,symbol_zscore_le_-1,next_close,fixed_horizon_6,stress,779,122.90701943844493,-0.1585792080209938,-0.30806344510852607,0.3607188703465982,-1.2353320304835418,-2.9144739085623215,-1.6024405913439108,0.7903624624451595,,,0.4166666666666667,0.125
btc_return_le_1%,symbol_zscore_le_-2,next_close,fixed_horizon_6,stress,687,108.39168466522679,-0.04888028708377765,-0.26326295874756306,0.38282387190684136,-0.3358075722655525,-2.064987485830332,-0.4520544849728473,0.9284209488493907,,,0.5,0.25
btc_return_le_1%,rel_btc_le_-1_atr_equiv,next_close,fixed_horizon_6,stress,160,25.244060475161987,0.5471541980106095,-0.04252899592530155,0.4875,0.8754467168169753,-0.6153998532799767,1.3468441105038629,1.6147395088439433,1.0744650098118864,0.2986339649221233,0.5454545454545454,0.875
basket_return_le_3%,rel_btc_le_1%,next_close,fixed_horizon_6,stress,53,8.36209503239741,2.6804918529814916,0.5832811768554037,0.660377358490566,1.4206606820801906,-0.45173947556103716,2.248142887873368,2.988446720299194,0.643184696944538,0.25377267815004606,0.75,1.0
basket_return_le_3%,symbol_zscore_le_-1,next_close,fixed_horizon_6,stress,64,10.097624190064796,2.410955007962044,0.5210413039132323,0.640625,1.543011205095708,-0.4579630439977721,2.408932773325192,3.051787987691863,0.5861730897832774,0.23542717020766313,0.75,1.0
basket_return_le_3%,symbol_zscore_le_-2,next_close,fixed_horizon_6,stress,64,10.097624190064796,2.410955007962044,0.5210413039132323,0.640625,1.543011205095708,-0.4579630439977721,2.408932773325192,3.051787987691863,0.5861730897832774,0.23542717020766313,0.75,1.0
basket_return_le_3%,rel_btc_le_-1_atr_equiv,next_close,fixed_horizon_6,stress,47,7.415442764578834,2.6013580597828287,0.5821467216045085,0.7021276595744681,1.2226382880979296,-0.4517394755610372,1.98129421188053,2.89306707429321,0.7473569404458071,0.29163916492704933,0.75,0.875
basket_return_le_1%,rel_basket_le_1%,next_close,fixed_horizon_6,stress,49,7.730993520518359,1.6754838440867323,0.2157998877786051,0.5306122448979592,0.8209870836024988,-0.14367467535288447,1.7961955777470795,3.038191065100256,0.8636614465212624,0.3602145018132119,0.6,0.875
basket_return_le_1%,rel_btc_le_3%,next_close,fixed_horizon_6,stress,27,4.259935205183585,5.814283518004298,2.6141343630571794,0.8148148148148148,1.5698565498611603,-0.2158740830683551,2.8947697790541183,5.670179449049816,0.8649298002567203,0.25619605480838226,1.0,0.8571428571428571
basket_return_le_1%,rel_basket_le_-1_atr_equiv,next_close,fixed_horizon_6,stress,80,12.622030237580994,-0.21702310138645942,-0.13875539380586263,0.45,-0.17361848110916753,-0.3079306908019533,-0.43421317778828655,0.7942560885296538,,,0.3333333333333333,0.5
basket_return_le_2%,rel_basket_le_1%,next_close,fixed_horizon_6,stress,21,3.313282937365011,3.5938939772949063,1.0939075870298343,0.7142857142857143,0.7547177352319303,-0.10315276632374687,1.7522118769236985,4.385091754133804,0.6899213135015968,0.49173754466507386,1.0,0.7142857142857143
basket_return_le_2%,rel_btc_le_3%,next_close,fixed_horizon_6,stress,24,3.7866090712742984,5.928123422291252,2.5896553553711725,0.7916666666666666,1.4227496213499005,-0.2158740830683551,2.630799575148891,5.232549810592158,0.8582566571304745,0.2608491617000146,1.0,0.8571428571428571
basket_return_le_2%,rel_basket_le_-1_atr_equiv,next_close,fixed_horizon_6,stress,26,4.102159827213823,0.5467626861794304,0.30327877435881073,0.6538461538461539,0.1421582984066519,-0.2158740830683551,0.367127880846804,1.3941783527155533,0.6419457650798992,1.8079851394326987,0.7777777777777778,0.5714285714285714
basket_return_le_3%,rel_basket_le_1%,next_close,fixed_horizon_6,stress,11,1.7355291576673866,5.49571990342437,2.5651763476851657,0.7272727272727273,0.6045291893766808,-0.10315276632374687,1.4536771989856905,4.188835719361668,0.6766726665235974,0.44030892585583276,1.0,0.8333333333333334
basket_return_le_3%,rel_btc_le_2%,next_close,fixed_horizon_6,stress,35,5.522138228941685,4.183827419303058,0.7838138306328891,0.7714285714285715,1.4643395967560702,-0.3150597583352865,2.5448029531480714,4.3078791980783,0.6754245792578246,0.2421299398953683,1.0,1.0
basket_return_le_3%,rel_btc_le_3%,next_close,fixed_horizon_6,stress,21,3.313282937365011,6.098694065875425,2.5651763476851657,0.7619047619047619,1.2807257538338392,-0.2158740830683551,2.384680575481163,4.81004181302592,0.842538274261446,0.24961503207965105,1.0,0.8571428571428571
basket_return_le_3%,rel_basket_le_-1_atr_equiv,next_close,fixed_horizon_6,stress,12,1.8933045356371492,0.9635762685222686,0.4877024963498778,0.6666666666666666,0.11562915222267224,-0.2158740830683551,0.29414825927802746,1.3825004380008103,0.7892293239111132,2.30201115295172,1.0,0.6
basket_return_le_3%,bottom_1_performer,next_close,fixed_horizon_6,stress,8,1.2622030237580995,5.8377434714347585,0.5506846907778741,0.75,0.4670194777147807,-0.012695182008792771,1.3833856783805412,24.304826598324713,0.7824466315620142,0.7908286098770596,0.75,0.6666666666666666
basket_return_le_3%,bottom_2_performer,next_close,fixed_horizon_6,stress,16,2.524406047516199,4.088566560032063,0.6018644177613709,0.6875,0.65417064960513,-0.10315276632374687,1.5842158315587558,5.3003289906323285,0.7574359791584443,0.4158126170223161,0.75,0.7142857142857143
basket_return_le_3%,bottom_3_performer,next_close,fixed_horizon_6,stress,24,3.7866090712742984,3.6828318843231616,0.4691192554439106,0.625,0.8838796522375587,-0.2158740830683551,1.7109111719687442,3.921106058034051,0.7319506114766798,0.4011411029220759,0.75,0.7142857142857143
breadth_down_1pct_ge_4,rel_basket_le_1%,next_close,fixed_horizon_6,stress,52,8.204319654427646,1.541557150297243,0.08137920327248485,0.5,0.8016097181545663,-0.16218804117155397,1.74810909840789,2.898742840971806,0.8845387925582593,0.36892199111030843,0.6,0.875
breadth_down_1pct_ge_4,rel_btc_le_3%,next_close,fixed_horizon_6,stress,27,4.259935205183585,5.814283518004298,2.6141343630571794,0.8148148148148148,1.5698565498611603,-0.2158740830683551,2.8947697790541183,5.670179449049816,0.8649298002567203,0.25619605480838226,1.0,0.8571428571428571
breadth_down_1pct_ge_4,rel_basket_le_-1_atr_equiv,next_close,fixed_horizon_6,stress,99,15.619762419006479,-0.3967670262420763,-0.2980236566034587,0.3939393939393939,-0.3927993559796556,-0.49263005694084866,-0.954198285020671,0.6407923324007433,,,0.3333333333333333,0.375
breadth_down_1pct_ge_5,rel_basket_le_1%,next_close,fixed_horizon_6,stress,49,7.730993520518359,1.6754838440867323,0.2157998877786051,0.5306122448979592,0.8209870836024988,-0.14367467535288447,1.7961955777470795,3.038191065100256,0.8636614465212624,0.3602145018132119,0.6,0.875
breadth_down_1pct_ge_5,rel_btc_le_3%,next_close,fixed_horizon_6,stress,27,4.259935205183585,5.814283518004298,2.6141343630571794,0.8148148148148148,1.5698565498611603,-0.2158740830683551,2.8947697790541183,5.670179449049816,0.8649298002567203,0.25619605480838226,1.0,0.8571428571428571
breadth_down_1pct_ge_5,rel_basket_le_-1_atr_equiv,next_close,fixed_horizon_6,stress,80,12.622030237580994,-0.21702310138645942,-0.13875539380586263,0.45,-0.17361848110916753,-0.3079306908019533,-0.43421317778828655,0.7942560885296538,,,0.3333333333333333,0.5
breadth_down_1pct_ge_6,rel_basket_le_1%,next_close,fixed_horizon_6,stress,42,6.626565874730022,1.9853041579721626,0.31163844250477374,0.5714285714285714,0.8338277463483084,-0.1255358157130138,1.8468886068824786,3.471488599499767,0.8064939293623818,0.42149939212810433,0.6,0.7142857142857143
breadth_down_1pct_ge_6,rel_btc_le_3%,next_close,fixed_horizon_6,stress,27,4.259935205183585,5.814283518004298,2.6141343630571794,0.8148148148148148,1.5698565498611603,-0.2158740830683551,2.8947697790541183,5.670179449049816,0.8649298002567203,0.25619605480838226,1.0,0.8571428571428571
breadth_down_1pct_ge_6,rel_basket_le_-1_atr_equiv,next_close,fixed_horizon_6,stress,61,9.624298056155508,-0.013333983703999016,-0.09441446867976641,0.47540983606557374,-0.0081337300594394,-0.2733009233576851,-0.02085905196414905,0.9865409134411719,,,0.5,0.625
breadth_down_2pct_ge_4,rel_basket_le_1%,next_close,fixed_horizon_6,stress,24,3.7866090712742984,3.1704561146286356,0.891983541839474,0.7083333333333334,0.7609094675108725,-0.10315276632374687,1.7564546867828514,4.3108871257557855,0.6843072316046899,0.4787113947173283,1.0,0.7142857142857143
breadth_down_2pct_ge_4,rel_btc_le_3%,next_close,fixed_horizon_6,stress,25,3.9443844492440605,5.732500686845827,2.5651763476851657,0.8,1.4331251717114568,-0.2158740830683551,2.6414907637554426,5.263416122597167,0.8520430441502739,0.25896066398368733,1.0,0.8571428571428571
breadth_down_2pct_ge_4,rel_basket_le_-1_atr_equiv,next_close,fixed_horizon_6,stress,31,4.891036717062635,0.4368531938693786,0.2516002146852038,0.6129032258064516,0.13542449009950736,-0.23190387917839833,0.35017379462589,1.3559707166952983,0.6738656912502328,1.8978848713213723,0.6666666666666666,0.5714285714285714
breadth_down_2pct_ge_5,rel_basket_le_1%,next_close,fixed_horizon_6,stress,21,3.313282937365011,3.5938939772949063,1.0939075870298343,0.7142857142857143,0.7547177352319303,-0.10315276632374687,1.7522118769236985,4.385091754133804,0.6899213135015968,0.49173754466507386,1.0,0.7142857142857143
breadth_down_2pct_ge_5,rel_btc_le_3%,next_close,fixed_horizon_6,stress,24,3.7866090712742984,5.928123422291252,2.5896553553711725,0.7916666666666666,1.4227496213499005,-0.2158740830683551,2.630799575148891,5.232549810592158,0.8582566571304745,0.2608491617000146,1.0,0.8571428571428571
breadth_down_2pct_ge_5,rel_basket_le_-1_atr_equiv,next_close,fixed_horizon_6,stress,26,4.102159827213823,0.5467626861794304,0.30327877435881073,0.6538461538461539,0.1421582984066519,-0.2158740830683551,0.367127880846804,1.3941783527155533,0.6419457650798992,1.8079851394326987,0.7777777777777778,0.5714285714285714
breadth_down_2pct_ge_6,rel_basket_le_1%,next_close,fixed_horizon_6,stress,19,2.997732181425486,3.977579374442311,1.2593383569863326,0.7368421052631579,0.7557400811440391,-0.10315276632374687,1.7647518515972846,4.435601187535589,0.688988005540125,0.4910723346528462,1.0,0.8333333333333334
breadth_down_2pct_ge_6,rel_btc_le_3%,next_close,fixed_horizon_6,stress,24,3.7866090712742984,5.928123422291252,2.5896553553711725,0.7916666666666666,1.4227496213499005,-0.2158740830683551,2.630799575148891,5.232549810592158,0.8582566571304745,0.2608491617000146,1.0,0.8571428571428571
breadth_down_2pct_ge_6,rel_basket_le_-1_atr_equiv,next_close,fixed_horizon_6,stress,20,3.1555075593952484,0.9050382022770685,0.6834298530953343,0.7,0.1810076404554137,-0.2158740830683551,0.4674991071960237,1.5726128391633292,0.5041661081461019,1.5466760954419765,0.8571428571428571,0.6666666666666666
breadth_down_2pct_ge_6,bottom_1_performer,next_close,fixed_horizon_6,stress,26,4.102159827213823,1.9303433609424197,0.23501662691215913,0.5769230769230769,0.5018892738450291,-0.024518144972871303,1.4244975767307575,7.148400142290726,0.7361361285259617,0.7301605891040658,0.6666666666666666,0.5714285714285714
btc_return_le_1%,bottom_3_performer,next_close,fixed_horizon_6,stress,303,47.80593952483802,-0.005832171048120557,-0.2980236566034587,0.38943894389438943,-0.017671478275805286,-1.081813494511341,-0.029382835002287312,0.9924648673090178,,,0.3333333333333333,0.375
btc_return_le_1%,rel_btc_le_2%,next_close,fixed_horizon_6,stress,48,7.573218142548597,3.636993219335932,1.3186988065832006,0.75,1.7457567452812475,-0.3150597583352865,2.9633417023832123,4.539323916918406,0.6707795260807117,0.27672278822627816,1.0,0.875
btc_return_le_1%,bottom_2_performer,next_close,fixed_horizon_6,stress,202,31.87062634989201,-0.005543866634510732,-0.29967587248346345,0.3811881188118812,-0.011198610601711678,-0.7232659838542586,-0.02336035030528544,0.9926851797007276,,,0.3333333333333333,0.375
basket_return_le_1%,rel_basket_le_2%,next_close,fixed_horizon_6,stress,13,2.0510799136069116,3.2364803628963728,1.0939075870298343,0.6923076923076923,0.4207424471765285,-0.12129162596361753,1.0989967703046941,3.0255694732366303,1.0184514524988189,0.8212151358668667,0.6666666666666666,0.8
breadth_down_1pct_ge_4,rel_basket_le_2%,next_close,fixed_horizon_6,stress,13,2.0510799136069116,3.2364803628963728,1.0939075870298343,0.6923076923076923,0.4207424471765285,-0.12129162596361753,1.0989967703046941,3.0255694732366303,1.0184514524988189,0.8212151358668667,0.6666666666666666,0.8
breadth_down_1pct_ge_5,rel_basket_le_2%,next_close,fixed_horizon_6,stress,13,2.0510799136069116,3.2364803628963728,1.0939075870298343,0.6923076923076923,0.4207424471765285,-0.12129162596361753,1.0989967703046941,3.0255694732366303,1.0184514524988189,0.8212151358668667,0.6666666666666666,0.8
btc_return_le_1%,rel_basket_le_1%,next_close,fixed_horizon_6,stress,26,4.102159827213823,2.669735993924747,0.44375256479225916,0.5769230769230769,0.6941313584204343,-0.11810890942192309,1.5777317408210452,3.462400757713704,0.7501402218724992,0.5023584919981624,0.7142857142857143,0.7142857142857143
btc_return_le_1%,rel_basket_le_-1_atr_equiv,next_close,fixed_horizon_6,stress,40,6.311015118790497,-0.013339202147093082,-0.1248160405824826,0.45,-0.005335680858837233,-0.23083022616653132,-0.013724414877022782,0.9894584550938379,,,0.5555555555555556,0.5714285714285714
btc_return_le_1%,bottom_1_performer,next_close,fixed_horizon_6,stress,101,15.935313174946005,0.16785704304000915,-0.21009081579260275,0.38613861386138615,0.16953561347040924,-0.35283437143561824,0.44127011413028144,1.2554829426992125,2.3276437512379577,1.6331980332010307,0.5,0.375
btc_return_le_1%,rel_basket_le_2%,next_close,fixed_horizon_6,stress,10,1.5777537796976242,3.460031018937844,1.8295419673575002,0.7,0.3460031018937844,-0.06526345800621985,0.9114613539423688,2.825134451268558,1.0,1.0510279346412827,1.0,0.8
btc_return_le_1%,rel_btc_le_3%,next_close,fixed_horizon_6,stress,22,3.471058315334773,6.404913746763608,2.713976753688512,0.7727272727272727,1.4090810242879936,-0.11272131674460822,2.6286694894414926,5.191886986271361,0.8665820580263832,0.25808233827196536,1.0,0.8571428571428571
basket_return_le_2%,rel_basket_le_2%,next_close,fixed_horizon_6,stress,10,1.5777537796976242,3.460031018937844,1.8295419673575002,0.7,0.3460031018937844,-0.06526345800621985,0.9114613539423688,2.825134451268558,1.0,1.0510279346412827,1.0,0.8
btc_return_le_2%,rel_btc_le_1%,next_close,fixed_horizon_6,stress,23,3.6288336933045358,0.3981631145303542,1.8921384060066209,0.6521739130434783,0.09157751634198147,-0.396862196462008,0.2569659089062143,1.1490084818076967,6.297972031699892,1.4368350232720284,0.3333333333333333,0.625
btc_return_le_2%,rel_basket_le_1%,next_close,fixed_horizon_6,stress,8,1.2622030237580995,0.6969930539712201,1.4600668408587916,0.625,0.05575944431769761,-0.06526345800621985,0.27921588920975426,1.2941259261862383,3.3715667836185994,2.0450109666203127,0.5,0.6666666666666666
btc_return_le_2%,rel_btc_le_2%,next_close,fixed_horizon_6,stress,17,2.682181425485961,0.5370738687256339,0.9176164859120252,0.6470588235294118,0.09130255768335777,-0.26018247923625726,0.31512120973605073,1.2097315999844294,4.727334863980451,0.9787034502409593,0.5,0.8571428571428571
btc_return_le_2%,rel_basket_le_2%,next_close,fixed_horizon_6,stress,6,0.9466522678185746,-2.2039541002813747,-0.8805488303482942,0.5,-0.1322372460168825,-0.06526345800621985,-1.0240614920717184,0.30246072325566103,,,0.0,0.4
btc_return_le_2%,rel_btc_le_3%,next_close,fixed_horizon_6,stress,12,1.8933045356371492,-0.5192417140114512,0.4514556355281019,0.5833333333333334,-0.06230900568137415,-0.17017296882844613,-0.26848298715349345,0.8146364151236508,,,0.5,0.7142857142857143
btc_return_le_2%,symbol_zscore_le_-1,next_close,fixed_horizon_6,stress,40,6.311015118790497,0.663650204644021,0.7327852114679058,0.55,0.2654600818576084,-0.44758261800668847,0.7172109057105774,1.3868835613617791,3.074644822214164,0.5008085786863331,0.3333333333333333,0.75
btc_return_le_2%,symbol_zscore_le_-2,next_close,fixed_horizon_6,stress,40,6.311015118790497,0.663650204644021,0.7327852114679058,0.55,0.2654600818576084,-0.44758261800668847,0.7172109057105774,1.3868835613617791,3.074644822214164,0.5008085786863331,0.3333333333333333,0.75
btc_return_le_2%,rel_btc_le_-1_atr_equiv,next_close,fixed_horizon_6,stress,23,3.6288336933045358,-1.1222127963713104,-0.597943114154582,0.43478260869565216,-0.2581089431654014,-0.42550091593369227,-0.8212523483153914,0.6077716110607541,,,0.3333333333333333,0.5
btc_return_le_2%,rel_basket_le_-1_atr_equiv,next_close,fixed_horizon_6,stress,7,1.1044276457883369,-3.4994080394498672,-2.116054994729006,0.42857142857142855,-0.2449585627614907,-0.14878343793365223,-1.5670756646078738,0.18967876398606484,,,0.0,0.4
btc_return_le_2%,bottom_2_performer,next_close,fixed_horizon_6,stress,10,1.5777537796976242,1.6051404258493656,2.00613510996766,0.7,0.16051404258493657,-0.021792111885624153,0.8932790904121305,2.284678851068725,1.4211802834211416,0.710396880459899,0.3333333333333333,0.8333333333333334
btc_return_le_2%,bottom_3_performer,next_close,fixed_horizon_6,stress,15,2.3666306695464363,0.8061078664017033,1.7153676050557114,0.6,0.1209161799602555,-0.11272131674460822,0.5175074294326493,1.4575921000519383,2.7111435165227764,0.9430390139667574,0.3333333333333333,0.6666666666666666
basket_return_le_3%,rel_basket_le_2%,next_close,fixed_horizon_6,stress,7,1.1044276457883369,2.9139890625389,0.3549573340324176,0.5714285714285714,0.20397923437772303,-0.06526345800621985,0.5364925486908231,2.07597164871791,1.0,1.268342232663881,1.0,0.6
breadth_down_1pct_ge_6,rel_basket_le_2%,next_close,fixed_horizon_6,stress,12,1.8933045356371492,3.657344223469993,1.8295419673575002,0.75,0.4388813068163992,-0.10315276632374687,1.1542363956678054,3.315058416251632,0.9763590970943388,0.828604271621516,1.0,0.8
breadth_down_2pct_ge_4,rel_basket_le_2%,next_close,fixed_horizon_6,stress,11,1.7355291576673866,3.239805929594006,1.0939075870298343,0.7272727272727273,0.3563786522553406,-0.10315276632374687,0.9415881207389549,2.879864522508097,0.9708861619631407,1.0204284775799217,1.0,0.8
breadth_down_2pct_ge_5,rel_basket_le_2%,next_close,fixed_horizon_6,stress,10,1.5777537796976242,3.460031018937844,1.8295419673575002,0.7,0.3460031018937844,-0.06526345800621985,0.9114613539423688,2.825134451268558,1.0,1.0510279346412827,1.0,0.8
breadth_down_2pct_ge_6,rel_basket_le_2%,next_close,fixed_horizon_6,stress,10,1.5777537796976242,3.460031018937844,1.8295419673575002,0.7,0.3460031018937844,-0.06526345800621985,0.9114613539423688,2.825134451268558,1.0,1.0510279346412827,1.0,0.8
basket_return_le_1%,rel_basket_le_3%,next_close,fixed_horizon_6,stress,4,0.6311015118790497,-0.8158513258364952,0.22456067647807984,0.5,-0.03263405303345981,-0.06526345800621985,-0.36823188524442035,0.6223959776198456,,,0.0,0.5
btc_return_le_1%,rel_basket_le_3%,next_close,fixed_horizon_6,stress,4,0.6311015118790497,-0.8158513258364952,0.22456067647807984,0.5,-0.03263405303345981,-0.06526345800621985,-0.36823188524442035,0.6223959776198456,,,0.0,0.5
basket_return_le_2%,rel_basket_le_3%,next_close,fixed_horizon_6,stress,4,0.6311015118790497,-0.8158513258364952,0.22456067647807984,0.5,-0.03263405303345981,-0.06526345800621985,-0.36823188524442035,0.6223959776198456,,,0.0,0.5
btc_return_le_2%,rel_basket_le_3%,next_close,fixed_horizon_6,stress,4,0.6311015118790497,-0.8158513258364952,0.22456067647807984,0.5,-0.03263405303345981,-0.06526345800621985,-0.36823188524442035,0.6223959776198456,,,0.0,0.5
btc_return_le_2%,bottom_1_performer,next_close,fixed_horizon_6,stress,5,0.7888768898488121,3.1250226683193576,2.120131813928699,0.8,0.15625113341596789,-0.008180196662841265,1.4486744280262014,20.10114632399271,0.8654656789056844,0.7297782270723248,0.6666666666666666,1.0
basket_return_le_3%,rel_basket_le_3%,next_close,fixed_horizon_6,stress,4,0.6311015118790497,-0.8158513258364952,0.22456067647807984,0.5,-0.03263405303345981,-0.06526345800621985,-0.36823188524442035,0.6223959776198456,,,0.0,0.5
breadth_down_1pct_ge_4,rel_basket_le_3%,next_close,fixed_horizon_6,stress,4,0.6311015118790497,-0.8158513258364952,0.22456067647807984,0.5,-0.03263405303345981,-0.06526345800621985,-0.36823188524442035,0.6223959776198456,,,0.0,0.5
breadth_down_1pct_ge_5,rel_basket_le_3%,next_close,fixed_horizon_6,stress,4,0.6311015118790497,-0.8158513258364952,0.22456067647807984,0.5,-0.03263405303345981,-0.06526345800621985,-0.36823188524442035,0.6223959776198456,,,0.0,0.5
breadth_down_1pct_ge_6,rel_basket_le_3%,next_close,fixed_horizon_6,stress,4,0.6311015118790497,-0.8158513258364952,0.22456067647807984,0.5,-0.03263405303345981,-0.06526345800621985,-0.36823188524442035,0.6223959776198456,,,0.0,0.5
breadth_down_2pct_ge_4,rel_basket_le_3%,next_close,fixed_horizon_6,stress,4,0.6311015118790497,-0.8158513258364952,0.22456067647807984,0.5,-0.03263405303345981,-0.06526345800621985,-0.36823188524442035,0.6223959776198456,,,0.0,0.5
breadth_down_2pct_ge_5,rel_basket_le_3%,next_close,fixed_horizon_6,stress,4,0.6311015118790497,-0.8158513258364952,0.22456067647807984,0.5,-0.03263405303345981,-0.06526345800621985,-0.36823188524442035,0.6223959776198456,,,0.0,0.5
breadth_down_2pct_ge_6,rel_basket_le_3%,next_close,fixed_horizon_6,stress,4,0.6311015118790497,-0.8158513258364952,0.22456067647807984,0.5,-0.03263405303345981,-0.06526345800621985,-0.36823188524442035,0.6223959776198456,,,0.0,0.5
btc_return_le_3%,rel_btc_le_1%,next_close,fixed_horizon_6,stress,6,0.9466522678185746,8.943832240916425,8.50145319737527,1.0,0.5366299344549855,0.0,13.144296554365273,inf,1.0,0.2124903360789156,1.0,1.0
btc_return_le_3%,rel_btc_le_2%,next_close,fixed_horizon_6,stress,5,0.7888768898488121,8.632355282142463,8.254804875745753,1.0,0.4316177641071231,0.0,11.65088900971791,inf,1.0,0.26418902233608155,1.0,1.0
btc_return_le_3%,symbol_zscore_le_-1,next_close,fixed_horizon_6,stress,8,1.2622030237580995,8.52542410060971,8.040640513053548,1.0,0.6820339280487768,0.0,14.749284003578884,inf,1.0,0.16718915354925182,1.0,1.0
btc_return_le_3%,symbol_zscore_le_-2,next_close,fixed_horizon_6,stress,8,1.2622030237580995,8.52542410060971,8.040640513053548,1.0,0.6820339280487768,0.0,14.749284003578884,inf,1.0,0.16718915354925182,1.0,1.0
btc_return_le_3%,rel_btc_le_-1_atr_equiv,next_close,fixed_horizon_6,stress,3,0.4733261339092873,9.018157969734588,8.254804875745753,1.0,0.27054473909203763,0.0,7.405235276032676,inf,1.0,0.421478072369962,1.0,1.0
btc_return_le_3%,bottom_3_performer,next_close,fixed_horizon_6,stress,3,0.4733261339092873,9.018157969734588,8.254804875745753,1.0,0.27054473909203763,0.0,7.405235276032676,inf,1.0,0.421478072369962,1.0,1.0
btc_return_le_3%,rel_basket_le_1%,next_close,fixed_horizon_6,stress,2,0.31555075593952486,9.399834516729005,9.399834516729005,1.0,0.1879966903345801,0.0,4.692800636744479,inf,1.0,0.6065461839748776,1.0,1.0
btc_return_le_3%,rel_btc_le_3%,next_close,fixed_horizon_6,stress,2,0.31555075593952486,9.399834516729005,9.399834516729005,1.0,0.1879966903345801,0.0,4.692800636744479,inf,1.0,0.6065461839748776,1.0,1.0
btc_return_le_3%,bottom_2_performer,next_close,fixed_horizon_6,stress,2,0.31555075593952486,9.399834516729005,9.399834516729005,1.0,0.1879966903345801,0.0,4.692800636744479,inf,1.0,0.6065461839748776,1.0,1.0
btc_return_le_3%,bottom_1_performer,next_close,fixed_horizon_6,stress,1,0.15777537796976243,11.402867512234632,11.402867512234632,1.0,0.11402867512234632,0.0,0.0,inf,1.0,1.0,1.0,1.0
basket_return_le_1%,rel_btc_le_1%,next_close,fixed_horizon_12,base,419,66.10788336933045,0.5829750334694321,0.3260651705298568,0.5775656324582339,2.442665390236921,-0.8729063276456436,2.8930372917602845,1.7256380025379825,0.7005350103155601,0.3110481193609121,0.6363636363636364,1.0
basket_return_le_1%,rel_btc_le_2%,next_close,fixed_horizon_12,base,84,13.253131749460044,2.9239142394844264,1.0011755595905527,0.7857142857142857,2.456087961166918,-0.13602317605524303,3.8298377353591437,7.316547912167336,0.7764692788203069,0.2761458382329693,1.0,1.0
basket_return_le_1%,symbol_zscore_le_-1,next_close,fixed_horizon_12,base,2014,317.75961123110153,-0.08708987113696215,0.007155268326488674,0.5044687189672294,-1.7539900046984176,-4.73373686526841,-1.4775489160708624,0.8977592583926803,,,0.5,0.125
basket_return_le_1%,symbol_zscore_le_-2,next_close,fixed_horizon_12,base,1717,270.9003239740821,-0.11266770163357567,-0.01894594516148367,0.49563191613278973,-1.9345044370484943,-4.3963438503945955,-1.710021029011115,0.8696879403348761,,,0.4166666666666667,0.125
basket_return_le_1%,rel_btc_le_-1_atr_equiv,next_close,fixed_horizon_12,base,655,103.34287257019439,0.16988562765165927,0.11502189851665631,0.5389312977099237,1.1127508611183683,-1.1627580602376377,1.2974085635094077,1.2185756080478045,0.5784929677512979,0.4519771921512332,0.5,0.875
basket_return_le_1%,bottom_1_performer,next_close,fixed_horizon_12,base,259,40.863822894168464,0.16170857408610875,0.13551865261753013,0.528957528957529,0.4188252068830217,-0.46861357928720926,0.7540735600716169,1.1872720705439332,0.9146674777592518,1.0542844784232224,0.5833333333333334,0.625
basket_return_le_1%,bottom_2_performer,next_close,fixed_horizon_12,base,518,81.72764578833693,0.07704155827799003,0.06796419025053799,0.5115830115830116,0.39907527187998837,-1.024053561799575,0.5519970414441921,1.0871905952999832,0.9498285741182252,1.4043662070677123,0.5833333333333334,0.625
basket_return_le_1%,bottom_3_performer,next_close,fixed_horizon_12,base,777,122.59146868250541,0.08062154520827249,0.06762237972341109,0.5135135135135135,0.6264294062682773,-1.62413031850756,0.7208099732632104,1.0937991102248386,0.922309889761119,0.9367808519160871,0.5833333333333334,0.625
basket_return_le_2%,rel_btc_le_1%,next_close,fixed_horizon_12,base,191,30.135097192224624,1.2133643125081162,0.34910615168025855,0.5968586387434555,2.317525836890502,-0.48698456004580604,3.201792738401255,2.608129292300814,0.7902054476920355,0.29384047097721977,0.7,0.875
basket_return_le_2%,rel_btc_le_2%,next_close,fixed_horizon_12,base,74,11.675377969762419,3.151044584283625,1.0011755595905527,0.7837837837837838,2.3317729923698827,-0.1322737017219249,3.737103136344636,9.185431400604768,0.7464677787500906,0.29227303708928576,1.0,1.0
basket_return_le_2%,symbol_zscore_le_-1,next_close,fixed_horizon_12,base,287,45.281533477321815,0.724152993299652,0.10406612214583175,0.5435540069686411,2.0783190907700013,-0.9564733907018586,2.678609065324007,1.8458249191410656,0.7130092266480456,0.29635178664303824,0.7,1.0
basket_return_le_2%,symbol_zscore_le_-2,next_close,fixed_horizon_12,base,269,42.441576673866095,0.7351467029068646,0.09992560140165371,0.5390334572490706,1.9775446308194655,-0.8968914751130537,2.58269923766102,1.8603556540741266,0.6924172354884296,0.29213329706182256,0.8,1.0
basket_return_le_2%,rel_btc_le_-1_atr_equiv,next_close,fixed_horizon_12,base,188,29.661771058315335,0.9507547649778068,0.23936130790549684,0.5691489361702128,1.787418958158277,-0.3844656655983757,2.5330314861427086,2.241877411990412,0.7919959652299031,0.3043287167780811,0.7,1.0
basket_return_le_2%,bottom_1_performer,next_close,fixed_horizon_12,base,38,5.995464362850972,2.00118831998006,0.32332294995586436,0.6842105263157895,0.7604515615924229,-0.07530615958491194,1.810552007085281,4.733514119411586,0.7978007379224367,0.6828560830545438,0.8,0.8571428571428571
basket_return_le_2%,bottom_2_performer,next_close,fixed_horizon_12,base,76,11.990928725701943,1.4682880629500508,0.2635743664011226,0.6052631578947368,1.1158989278420386,-0.2280144894852858,2.2311449211277545,3.265967917677212,0.8237051769421367,0.47880033301203045,0.8,0.75
basket_return_le_2%,bottom_3_performer,next_close,fixed_horizon_12,base,114,17.986393088552916,1.3970887118013853,0.24264489120671365,0.5789473684210527,1.5926811314535791,-0.3487622755917168,2.5255541080609403,2.8446674663638487,0.8097731542187796,0.49041174944490684,0.8,0.75
breadth_down_1pct_ge_4,rel_btc_le_1%,next_close,fixed_horizon_12,base,465,73.36555075593952,0.4746348908149889,0.32058072938187193,0.5720430107526882,2.207052242289698,-1.2146689649147515,2.521377383306118,1.5454926324654883,0.7849833681329113,0.34156596014685675,0.36363636363636365,1.0
breadth_down_1pct_ge_4,rel_btc_le_2%,next_close,fixed_horizon_12,base,85,13.410907127429805,2.893193633940392,0.9883872617546221,0.788235294117647,2.459214588849333,-0.13602317605524303,3.831809324785504,7.324588948918358,0.7754820813822663,0.2757947484069257,1.0,1.0
breadth_down_1pct_ge_4,symbol_zscore_le_-1,next_close,fixed_horizon_12,base,2583,407.53380129589635,-0.23247844830616096,-0.1252152701842956,0.4711575687185443,-6.004918319748137,-8.77138213647766,-4.67678764767373,0.7457849545113829,,,0.4166666666666667,0.0
breadth_down_1pct_ge_4,symbol_zscore_le_-2,next_close,fixed_horizon_12,base,2107,332.4327213822894,-0.21280632031371324,-0.12551994083986653,0.4703369719981016,-4.4838291690099386,-6.71702200588944,-3.787065828174274,0.7614008777004725,,,0.4166666666666667,0.0
breadth_down_1pct_ge_4,rel_btc_le_-1_atr_equiv,next_close,fixed_horizon_12,base,797,125.74697624190065,0.07822303301512665,0.08973773044064445,0.5257214554579673,0.6234375731305594,-1.691145931992959,0.6981318882094965,1.0973579936639262,1.0342042111338867,0.7862611779470179,0.4166666666666667,0.75
breadth_down_1pct_ge_4,bottom_1_performer,next_close,fixed_horizon_12,base,334,52.69697624190065,-0.03949634513769451,-0.041040141894697,0.49700598802395207,-0.13191779275989968,-0.9561461425676739,-0.22438159352697198,0.9577453526604842,,,0.5,0.375
breadth_down_1pct_ge_4,bottom_2_performer,next_close,fixed_horizon_12,base,668,105.3939524838013,-0.10949423153972133,-0.14098805742290602,0.47754491017964074,-0.7314214666853386,-1.9851895658985597,-0.946735792286981,0.8853749379896395,,,0.5,0.125
breadth_down_1pct_ge_4,bottom_3_performer,next_close,fixed_horizon_12,base,1002,158.09092872570196,-0.11242721970969266,-0.11051763517928906,0.47904191616766467,-1.1265207414911205,-3.0946034933096715,-1.2081537549033707,0.8806841313227513,,,0.5,0.25
breadth_down_1pct_ge_5,rel_btc_le_1%,next_close,fixed_horizon_12,base,419,66.10788336933045,0.5829750334694321,0.3260651705298568,0.5775656324582339,2.442665390236921,-0.8729063276456436,2.8930372917602845,1.7256380025379825,0.7005350103155601,0.3110481193609121,0.6363636363636364,1.0
breadth_down_1pct_ge_5,rel_btc_le_2%,next_close,fixed_horizon_12,base,84,13.253131749460044,2.9239142394844264,1.0011755595905527,0.7857142857142857,2.456087961166918,-0.13602317605524303,3.8298377353591437,7.316547912167336,0.7764692788203069,0.2761458382329693,1.0,1.0
breadth_down_1pct_ge_5,symbol_zscore_le_-1,next_close,fixed_horizon_12,base,2014,317.75961123110153,-0.08708987113696215,0.007155268326488674,0.5044687189672294,-1.7539900046984176,-4.73373686526841,-1.4775489160708624,0.8977592583926803,,,0.5,0.125
breadth_down_1pct_ge_5,symbol_zscore_le_-2,next_close,fixed_horizon_12,base,1717,270.9003239740821,-0.11266770163357567,-0.01894594516148367,0.49563191613278973,-1.9345044370484943,-4.3963438503945955,-1.710021029011115,0.8696879403348761,,,0.4166666666666667,0.125
breadth_down_1pct_ge_5,rel_btc_le_-1_atr_equiv,next_close,fixed_horizon_12,base,655,103.34287257019439,0.16988562765165927,0.11502189851665631,0.5389312977099237,1.1127508611183683,-1.1627580602376377,1.2974085635094077,1.2185756080478045,0.5784929677512979,0.4519771921512332,0.5,0.875
breadth_down_1pct_ge_5,bottom_1_performer,next_close,fixed_horizon_12,base,259,40.863822894168464,0.16170857408610875,0.13551865261753013,0.528957528957529,0.4188252068830217,-0.46861357928720926,0.7540735600716169,1.1872720705439332,0.9146674777592518,1.0542844784232224,0.5833333333333334,0.625
breadth_down_1pct_ge_5,bottom_2_performer,next_close,fixed_horizon_12,base,518,81.72764578833693,0.07704155827799003,0.06796419025053799,0.5115830115830116,0.39907527187998837,-1.024053561799575,0.5519970414441921,1.0871905952999832,0.9498285741182252,1.4043662070677123,0.5833333333333334,0.625
breadth_down_1pct_ge_5,bottom_3_performer,next_close,fixed_horizon_12,base,777,122.59146868250541,0.08062154520827249,0.06762237972341109,0.5135135135135135,0.6264294062682773,-1.62413031850756,0.7208099732632104,1.0937991102248386,0.922309889761119,0.9367808519160871,0.5833333333333334,0.625
breadth_down_1pct_ge_6,rel_btc_le_1%,next_close,fixed_horizon_12,base,372,58.692440604751624,0.7067183431349381,0.3508028014914811,0.5967741935483871,2.62899223646197,-0.897181413800148,3.1798558162582795,1.9317680312240517,0.6328216273631102,0.31213147356260434,0.6363636363636364,0.875
breadth_down_1pct_ge_6,rel_btc_le_2%,next_close,fixed_horizon_12,base,83,13.095356371490281,2.9679845848289323,1.0139638574264833,0.7951807228915663,2.463427205408014,-0.13227370172192493,3.847418623728639,7.457304620748163,0.7741559579028228,0.278302403881217,1.0,1.0
breadth_down_1pct_ge_6,symbol_zscore_le_-1,next_close,fixed_horizon_12,base,1538,242.6585313174946,0.015566282255824064,0.099928845337074,0.5273081924577373,0.23940942109457408,-2.423004028870453,0.21704516987972078,1.0193490782717083,3.986039108041825,1.2294753968635581,0.5,0.5
breadth_down_1pct_ge_6,symbol_zscore_le_-2,next_close,fixed_horizon_12,base,1356,213.94341252699783,0.0015484151743723347,0.04677120392761143,0.5191740412979351,0.020996509764488858,-2.316105198278421,0.01978048300637402,1.0019228373991405,39.21625768105053,11.26545515076139,0.5,0.375
breadth_down_1pct_ge_6,rel_btc_le_-1_atr_equiv,next_close,fixed_horizon_12,base,537,84.72537796976242,0.3102062295865097,0.14016915552294237,0.5605214152700186,1.665807452879557,-1.2642299968692035,2.0234218383369753,1.4342344040252795,0.3699748017643435,0.34352651937326434,0.5,1.0
breadth_down_1pct_ge_6,bottom_1_performer,next_close,fixed_horizon_12,base,197,31.0817494600432,0.34148817814420795,0.2097965812272307,0.5685279187817259,0.6727317109440897,-0.2664526927947465,1.2765392013626127,1.4306221468018567,0.6576210649146461,0.7115607483475571,0.6666666666666666,0.75
breadth_down_1pct_ge_6,bottom_2_performer,next_close,fixed_horizon_12,base,394,62.1634989200864,0.22408778958978412,0.1563941798470548,0.5380710659898477,0.8829058909837495,-0.6350832404020156,1.3047487446642905,1.275660258440899,0.5446039794479375,0.6494041702053878,0.5833333333333334,0.75
breadth_down_1pct_ge_6,bottom_3_performer,next_close,fixed_horizon_12,base,591,93.2452483801296,0.21704578693914314,0.14612112956170717,0.5397631133671743,1.282740600810336,-0.8807576569571132,1.5732262139011142,1.271264966589085,0.5797839635069824,0.5243606194225833,0.75,0.75
breadth_down_2pct_ge_4,rel_btc_le_1%,next_close,fixed_horizon_12,base,207,32.65950323974082,1.2000796552895403,0.49594045704059125,0.6183574879227053,2.4841648864493484,-0.38478202484259816,3.4247365418374813,2.702595221474849,0.7456495974414096,0.2750408097544607,0.6363636363636364,1.0
breadth_down_2pct_ge_4,rel_btc_le_2%,next_close,fixed_horizon_12,base,77,12.148704103671706,3.0691430325775984,0.9883872617546221,0.7922077922077922,2.3632401350847507,-0.1322737017219249,3.78097034283617,9.295893327605565,0.736528370656407,0.2901007404509287,1.0,1.0
breadth_down_2pct_ge_4,symbol_zscore_le_-1,next_close,fixed_horizon_12,base,327,51.59254859611231,0.7142049346200953,0.13177920584496414,0.5596330275229358,2.3354501362077116,-0.7635268754993163,2.997290700915266,1.9263691492235118,0.6446122706961299,0.273010883407963,0.6666666666666666,1.0
breadth_down_2pct_ge_4,symbol_zscore_le_-2,next_close,fixed_horizon_12,base,308,48.594816414686825,0.7222112629646759,0.12074381778616425,0.5551948051948052,2.2244106899312017,-0.7039449599105121,2.8925598070290377,1.9415698892398832,0.6261816311136019,0.269462992997945,0.6666666666666666,1.0
breadth_down_2pct_ge_4,rel_btc_le_-1_atr_equiv,next_close,fixed_horizon_12,base,208,32.817278617710585,0.9060650871460753,0.2635743664011226,0.5769230769230769,1.8846153812638367,-0.39556553801528227,2.665645003458897,2.2800193311802386,0.7580764003234236,0.28983460595215244,0.5833333333333334,1.0
breadth_down_2pct_ge_4,bottom_1_performer,next_close,fixed_horizon_12,base,43,6.784341252699784,1.896043979724851,0.35897699077775075,0.6976744186046512,0.8152989112816859,-0.05823600195612477,1.9396251830641889,4.950800388311139,0.7601416481769798,0.6369185184920507,0.75,0.8571428571428571
breadth_down_2pct_ge_4,bottom_2_performer,next_close,fixed_horizon_12,base,86,13.568682505399568,1.3842126605123897,0.32332294995586436,0.6162790697674418,1.190422888040655,-0.18225428402012556,2.3717257877441122,3.306312419008379,0.7897754145472058,0.45223938688993987,0.6666666666666666,0.75
breadth_down_2pct_ge_4,bottom_3_performer,next_close,fixed_horizon_12,base,129,20.35302375809935,1.3120939161916128,0.2660629737332965,0.5813953488372093,1.6926011518871804,-0.2815086356472152,2.675747861782805,2.8963450593031337,0.7742795753340984,0.4627985616277677,0.6666666666666666,0.875
breadth_down_2pct_ge_5,rel_btc_le_1%,next_close,fixed_horizon_12,base,191,30.135097192224624,1.2133643125081162,0.34910615168025855,0.5968586387434555,2.317525836890502,-0.48698456004580604,3.201792738401255,2.608129292300814,0.7902054476920355,0.29384047097721977,0.7,0.875
breadth_down_2pct_ge_5,rel_btc_le_2%,next_close,fixed_horizon_12,base,74,11.675377969762419,3.151044584283625,1.0011755595905527,0.7837837837837838,2.3317729923698827,-0.1322737017219249,3.737103136344636,9.185431400604768,0.7464677787500906,0.29227303708928576,1.0,1.0
breadth_down_2pct_ge_5,symbol_zscore_le_-1,next_close,fixed_horizon_12,base,287,45.281533477321815,0.724152993299652,0.10406612214583175,0.5435540069686411,2.0783190907700013,-0.9564733907018586,2.678609065324007,1.8458249191410656,0.7130092266480456,0.29635178664303824,0.7,1.0
breadth_down_2pct_ge_5,symbol_zscore_le_-2,next_close,fixed_horizon_12,base,269,42.441576673866095,0.7351467029068646,0.09992560140165371,0.5390334572490706,1.9775446308194655,-0.8968914751130537,2.58269923766102,1.8603556540741266,0.6924172354884296,0.29213329706182256,0.8,1.0
breadth_down_2pct_ge_5,rel_btc_le_-1_atr_equiv,next_close,fixed_horizon_12,base,188,29.661771058315335,0.9507547649778068,0.23936130790549684,0.5691489361702128,1.787418958158277,-0.3844656655983757,2.5330314861427086,2.241877411990412,0.7919959652299031,0.3043287167780811,0.7,1.0
breadth_down_2pct_ge_5,bottom_1_performer,next_close,fixed_horizon_12,base,38,5.995464362850972,2.00118831998006,0.32332294995586436,0.6842105263157895,0.7604515615924229,-0.07530615958491194,1.810552007085281,4.733514119411586,0.7978007379224367,0.6828560830545438,0.8,0.8571428571428571
breadth_down_2pct_ge_5,bottom_2_performer,next_close,fixed_horizon_12,base,76,11.990928725701943,1.4682880629500508,0.2635743664011226,0.6052631578947368,1.1158989278420386,-0.2280144894852858,2.2311449211277545,3.265967917677212,0.8237051769421367,0.47880033301203045,0.8,0.75
breadth_down_2pct_ge_5,bottom_3_performer,next_close,fixed_horizon_12,base,114,17.986393088552916,1.3970887118013853,0.24264489120671365,0.5789473684210527,1.5926811314535791,-0.3487622755917168,2.5255541080609403,2.8446674663638487,0.8097731542187796,0.49041174944490684,0.8,0.75
breadth_down_2pct_ge_6,rel_btc_le_1%,next_close,fixed_horizon_12,base,142,22.404103671706263,1.501993945023663,0.4578152939827685,0.6267605633802817,2.1328314019336014,-0.3555668712967006,3.0640533424854546,3.170779501225259,0.8011542197300086,0.3072210279823891,0.6666666666666666,1.0
breadth_down_2pct_ge_6,rel_btc_le_2%,next_close,fixed_horizon_12,base,66,10.41317494600432,3.297165394264575,0.9625345654399011,0.7575757575757576,2.1761291602146193,-0.13982961080714065,3.497251611071875,8.6390609283491,0.7911145516172997,0.2865707228199732,0.875,1.0
breadth_down_2pct_ge_6,symbol_zscore_le_-1,next_close,fixed_horizon_12,base,203,32.02840172786177,1.045786832616254,0.18915631284829543,0.5862068965517241,2.1229472702109957,-0.6378344926214055,2.9257981085626805,2.4240221676181934,0.759104139878308,0.29426875440222366,0.7777777777777778,1.0
breadth_down_2pct_ge_6,symbol_zscore_le_-2,next_close,fixed_horizon_12,base,192,30.292872570194387,1.0630146011935038,0.1867986072383055,0.5833333333333334,2.0409880342915274,-0.6378344926214059,2.8426960363834484,2.462607280805749,0.7494305698720095,0.2697786643005808,0.7777777777777778,1.0
breadth_down_2pct_ge_6,rel_btc_le_-1_atr_equiv,next_close,fixed_horizon_12,base,135,21.299676025917925,1.4016357464664562,0.3289507531503944,0.6296296296296297,1.892208257729716,-0.3118565674286351,2.7701740807488435,3.075286547794634,0.7986770719239861,0.31225480675109785,0.6666666666666666,1.0
breadth_down_2pct_ge_6,bottom_2_performer,next_close,fixed_horizon_12,base,52,8.204319654427646,2.0848371327364257,0.2933218515575842,0.6538461538461539,1.0841153090229412,-0.14286336920112885,2.2903325343145347,5.758061571283787,0.8409931806728765,0.46660352440528113,0.7777777777777778,0.8571428571428571
breadth_down_2pct_ge_6,bottom_3_performer,next_close,fixed_horizon_12,base,78,12.30647948164147,1.9303879393193244,0.24513349853888758,0.6153846153846154,1.505702592669073,-0.21558871990466844,2.513408691951661,4.199275238216867,0.8237647875215376,0.4245532791311283,0.7777777777777778,1.0
btc_return_le_1%,rel_btc_le_1%,next_close,fixed_horizon_12,base,143,22.561879049676026,1.2699685471565532,0.27880395155443166,0.5524475524475524,1.8160550224338712,-0.5547298680898192,2.511791692086056,2.281528131682306,0.9359118390144184,0.29515278885155005,0.6666666666666666,0.875
btc_return_le_1%,symbol_zscore_le_-1,next_close,fixed_horizon_12,base,779,122.90701943844493,-0.024937258420018735,-0.16654781812204025,0.4672657252888318,-0.19426124309194592,-3.083571679520945,-0.21988286363691487,0.9719766160759954,,,0.5,0.25
btc_return_le_1%,symbol_zscore_le_-2,next_close,fixed_horizon_12,base,687,108.39168466522679,0.04303983330203483,-0.16347481287801494,0.4672489082969432,0.29568365478497927,-2.4334860393391904,0.34962273522184556,1.0511707270309012,5.70154942502018,1.3376175004484305,0.5,0.375
btc_return_le_1%,rel_btc_le_-1_atr_equiv,next_close,fixed_horizon_12,base,160,25.244060475161987,0.8679299119441625,0.03104073449964558,0.50625,1.38868785911066,-0.44477328361888646,1.9774887562214132,1.9524922902659778,1.07602489229028,0.34652158707484904,0.5454545454545454,0.875
basket_return_le_3%,rel_btc_le_1%,next_close,fixed_horizon_12,base,53,8.36209503239741,3.5817675562373794,0.9989336453351119,0.6981132075471698,1.8983368048058111,-0.24011391970306084,2.9385909120727653,5.064742844079994,0.7572589562348421,0.2890014815125463,0.75,1.0
basket_return_le_3%,symbol_zscore_le_-1,next_close,fixed_horizon_12,base,64,10.097624190064796,3.1591937444159504,0.8557916109263621,0.703125,2.021883996426208,-0.24440706412679045,3.0917524648883092,5.0651802966866155,0.7105290447058291,0.27134205027014047,0.75,1.0
basket_return_le_3%,symbol_zscore_le_-2,next_close,fixed_horizon_12,base,64,10.097624190064796,3.1591937444159504,0.8557916109263621,0.703125,2.021883996426208,-0.24440706412679045,3.0917524648883092,5.0651802966866155,0.7105290447058291,0.27134205027014047,0.75,1.0
basket_return_le_3%,rel_btc_le_-1_atr_equiv,next_close,fixed_horizon_12,base,47,7.415442764578834,3.7639812838127895,1.0139638574264833,0.7446808510638298,1.769071203392011,-0.24011391970306084,2.7970777907597943,5.544563533115954,0.8125916834964664,0.315096001666001,1.0,1.0
basket_return_le_1%,rel_basket_le_1%,next_close,fixed_horizon_12,base,49,7.730993520518359,2.2952680729109254,0.8143243276157366,0.6530612244897959,1.1246813557263533,-0.1607982082110656,2.261027213301425,3.9941342054937037,0.9707459712884339,0.4206629531645772,0.6,1.0
basket_return_le_1%,rel_btc_le_3%,next_close,fixed_horizon_12,base,27,4.259935205183585,6.921122810959246,3.7518328536617322,0.8148148148148148,1.8687031589589964,-0.10171357899901208,3.296867396137189,10.377418944859949,0.9121834011260584,0.2887547588721764,1.0,1.0
basket_return_le_1%,rel_basket_le_-1_atr_equiv,next_close,fixed_horizon_12,base,80,12.622030237580994,0.4227408949967322,0.1199264461532202,0.5125,0.33819271599738576,-0.3165962559302653,0.7364824480348447,1.445796375159044,1.280522984606744,1.0477313768004162,0.5833333333333334,0.5
basket_return_le_2%,rel_basket_le_1%,next_close,fixed_horizon_12,base,21,3.313282937365011,4.790219284372213,1.5720847580302253,0.7619047619047619,1.005946049718165,-0.05849503609934459,2.253785636783851,10.832401636225045,0.8726149784618639,0.5364074248515192,0.8,0.8571428571428571
basket_return_le_2%,rel_btc_le_3%,next_close,fixed_horizon_12,base,24,3.7866090712742984,7.203963505100653,4.601461718419367,0.7916666666666666,1.7289512412241566,-0.10171357899901207,3.0595388646080335,9.676123891836523,0.918858832833787,0.3120949377883127,1.0,1.0
basket_return_le_2%,rel_basket_le_-1_atr_equiv,next_close,fixed_horizon_12,base,26,4.102159827213823,1.7179621134959657,0.2933218515575842,0.6538461538461539,0.4466701495089511,-0.10177890265452444,1.0477429248766132,2.906147955507943,0.8999159066756115,1.0111100447759427,0.6666666666666666,0.7142857142857143
basket_return_le_3%,rel_basket_le_1%,next_close,fixed_horizon_12,base,11,1.7355291576673866,7.794111429018141,5.997689660040809,0.7272727272727273,0.8573522571919956,-0.05849503609934459,2.0361691661816534,12.75564300082015,0.8394726429019626,0.5429447500045268,1.0,0.8333333333333334
basket_return_le_3%,rel_btc_le_2%,next_close,fixed_horizon_12,base,35,5.522138228941685,5.320790810506322,1.617344033183845,0.7714285714285715,1.8622767836772127,-0.1322737017219249,3.1479467350830452,8.953995548984501,0.7972211088423711,0.29125083917747546,1.0,1.0
basket_return_le_3%,rel_btc_le_3%,next_close,fixed_horizon_12,base,21,3.313282937365011,7.800417663335438,5.997689660040809,0.7619047619047619,1.638087709300442,-0.10171357899901207,2.9330054585650376,9.220157730719208,0.9143579914006482,0.28416970855957285,1.0,1.0
basket_return_le_3%,rel_basket_le_-1_atr_equiv,next_close,fixed_horizon_12,base,12,1.8933045356371492,3.541843712810395,0.564011860546978,0.6666666666666666,0.4250212455372474,-0.10171357899901207,1.0013520485004848,3.485466642026309,0.9457540694752207,1.0952273841240963,1.0,0.6
basket_return_le_3%,bottom_1_performer,next_close,fixed_horizon_12,base,8,1.2622030237580995,7.2040702372160705,2.0053068030566745,0.75,0.5763256189772856,-0.008422250610762405,1.5215511567167421,67.4155980375033,0.863171267903926,0.8140138135374547,1.0,0.6666666666666666
basket_return_le_3%,bottom_2_performer,next_close,fixed_horizon_12,base,16,2.524406047516199,5.724413018685056,1.0011755595905527,0.75,0.915906082989609,-0.0405061467244896,2.129720101394444,21.626857635133582,0.8614559897389716,0.5193049313185814,0.75,0.8571428571428571
basket_return_le_3%,bottom_3_performer,next_close,fixed_horizon_12,base,24,3.7866090712742984,5.099164072713315,0.9251740045576409,0.6666666666666666,1.2237993774511957,-0.10171357899901207,2.220421407344569,8.404267585984451,0.8304551639133546,0.4432014642435526,0.75,0.8571428571428571
breadth_down_1pct_ge_4,rel_basket_le_1%,next_close,fixed_horizon_12,base,52,8.204319654427646,2.1543302839739744,0.4746032204428397,0.6538461538461539,1.1202517476664666,-0.1576715805286505,2.2449577295313747,3.892660530934977,0.9745844158054622,0.42232630429231693,0.6,1.0
breadth_down_1pct_ge_4,rel_btc_le_3%,next_close,fixed_horizon_12,base,27,4.259935205183585,6.921122810959246,3.7518328536617322,0.8148148148148148,1.8687031589589964,-0.10171357899901208,3.296867396137189,10.377418944859949,0.9121834011260584,0.2887547588721764,1.0,1.0
breadth_down_1pct_ge_4,rel_basket_le_-1_atr_equiv,next_close,fixed_horizon_12,base,99,15.619762419006479,0.13403807851134703,-0.016115503357236816,0.494949494949495,0.13269769772623355,-0.48372335141835165,0.2818911050751235,1.1314835603837947,3.263534737088503,1.9900503539996295,0.5833333333333334,0.5
breadth_down_1pct_ge_5,rel_basket_le_1%,next_close,fixed_horizon_12,base,49,7.730993520518359,2.2952680729109254,0.8143243276157366,0.6530612244897959,1.1246813557263533,-0.1607982082110656,2.261027213301425,3.9941342054937037,0.9707459712884339,0.4206629531645772,0.6,1.0
breadth_down_1pct_ge_5,rel_btc_le_3%,next_close,fixed_horizon_12,base,27,4.259935205183585,6.921122810959246,3.7518328536617322,0.8148148148148148,1.8687031589589964,-0.10171357899901208,3.296867396137189,10.377418944859949,0.9121834011260584,0.2887547588721764,1.0,1.0
breadth_down_1pct_ge_5,rel_basket_le_-1_atr_equiv,next_close,fixed_horizon_12,base,80,12.622030237580994,0.4227408949967322,0.1199264461532202,0.5125,0.33819271599738576,-0.3165962559302653,0.7364824480348447,1.445796375159044,1.280522984606744,1.0477313768004162,0.5833333333333334,0.5
breadth_down_1pct_ge_6,rel_basket_le_1%,next_close,fixed_horizon_12,base,42,6.626565874730022,2.6362338519036816,0.8910505307780505,0.6904761904761905,1.1072182177995462,-0.12265304189947857,2.274634880994336,4.906940442446029,0.9431627979773638,0.4851738586519867,0.8,0.8571428571428571
breadth_down_1pct_ge_6,rel_btc_le_3%,next_close,fixed_horizon_12,base,27,4.259935205183585,6.921122810959246,3.7518328536617322,0.8148148148148148,1.8687031589589964,-0.10171357899901208,3.296867396137189,10.377418944859949,0.9121834011260584,0.2887547588721764,1.0,1.0
breadth_down_1pct_ge_6,rel_basket_le_-1_atr_equiv,next_close,fixed_horizon_12,base,61,9.624298056155508,0.7021557712513324,0.18915631284829543,0.5409836065573771,0.4283150204633128,-0.1427292546644376,0.9807466176925642,1.9311496945735396,1.0110865259704964,1.020727536380769,0.5833333333333334,0.5
breadth_down_2pct_ge_4,rel_basket_le_1%,next_close,fixed_horizon_12,base,24,3.7866090712742984,4.3225549684709685,1.298736379663059,0.7916666666666666,1.0374131924330325,-0.05849503609934459,2.307695912699054,11.139970402565622,0.8461465469220721,0.5240537452223454,0.8571428571428571,0.8571428571428571
breadth_down_2pct_ge_4,rel_btc_le_3%,next_close,fixed_horizon_12,base,25,3.9443844492440605,7.011061101050102,3.205233776797925,0.8,1.7527652752625256,-0.10171357899901208,3.0931135027515726,9.795626110727909,0.9063747108407367,0.3078546441354274,1.0,1.0
breadth_down_2pct_ge_4,rel_basket_le_-1_atr_equiv,next_close,fixed_horizon_12,base,31,4.891036717062635,1.4528243851372993,0.2660629737332965,0.6129032258064516,0.4503755593925628,-0.1178286244827325,1.0538197829076237,2.7454407397007756,0.8925119585139646,1.0027912604298628,0.5833333333333334,0.7142857142857143
breadth_down_2pct_ge_5,rel_basket_le_1%,next_close,fixed_horizon_12,base,21,3.313282937365011,4.790219284372213,1.5720847580302253,0.7619047619047619,1.005946049718165,-0.05849503609934459,2.253785636783851,10.832401636225045,0.8726149784618639,0.5364074248515192,0.8,0.8571428571428571
breadth_down_2pct_ge_5,rel_btc_le_3%,next_close,fixed_horizon_12,base,24,3.7866090712742984,7.203963505100653,4.601461718419367,0.7916666666666666,1.7289512412241566,-0.10171357899901207,3.0595388646080335,9.676123891836523,0.918858832833787,0.3120949377883127,1.0,1.0
breadth_down_2pct_ge_5,rel_basket_le_-1_atr_equiv,next_close,fixed_horizon_12,base,26,4.102159827213823,1.7179621134959657,0.2933218515575842,0.6538461538461539,0.4466701495089511,-0.10177890265452444,1.0477429248766132,2.906147955507943,0.8999159066756115,1.0111100447759427,0.6666666666666666,0.7142857142857143
breadth_down_2pct_ge_6,rel_basket_le_1%,next_close,fixed_horizon_12,base,19,2.997732181425486,5.3995798499446135,1.6281956759177116,0.7894736842105263,1.0259201714894766,-0.05849503609934459,2.3406272681488027,13.868347659485055,0.8556256275126937,0.5259638567057985,0.8,1.0
breadth_down_2pct_ge_6,rel_btc_le_3%,next_close,fixed_horizon_12,base,24,3.7866090712742984,7.203963505100653,4.601461718419367,0.7916666666666666,1.7289512412241566,-0.10171357899901207,3.0595388646080335,9.676123891836523,0.918858832833787,0.3120949377883127,1.0,1.0
breadth_down_2pct_ge_6,rel_basket_le_-1_atr_equiv,next_close,fixed_horizon_12,base,20,3.1555075593952484,2.2233000138350825,0.2933218515575842,0.65,0.44466000276701656,-0.10171357899901207,1.0476532502683578,3.261570296349959,0.9039841003889256,1.0819308810327741,0.8571428571428571,0.6666666666666666
breadth_down_2pct_ge_6,bottom_1_performer,next_close,fixed_horizon_12,base,26,4.102159827213823,2.7442883876249677,0.5693958743325146,0.7307692307692307,0.7135149807824916,-0.05456558923919408,1.7585025620633028,8.629197771868776,0.8337802488557304,0.7378276413810876,0.7777777777777778,0.8571428571428571
btc_return_le_1%,bottom_3_performer,next_close,fixed_horizon_12,base,303,47.80593952483802,0.23674430669508797,-0.0630075597443857,0.48514851485148514,0.7173352492861166,-1.1313999957839564,1.0288567167508325,1.2692604880935383,1.8135785737209345,0.7843457712474647,0.5,0.625
btc_return_le_1%,rel_btc_le_2%,next_close,fixed_horizon_12,base,48,7.573218142548597,4.2548198598166795,1.5783398644002264,0.7916666666666666,2.042313532712006,-0.1322737017219249,3.3036396393846656,7.050400281620726,0.8247622058089733,0.30874877375597176,1.0,1.0
btc_return_le_1%,bottom_2_performer,next_close,fixed_horizon_12,base,202,31.87062634989201,0.3015997847015127,-0.01931187662482563,0.49504950495049505,0.6092315650970557,-0.7358525041949173,1.0870579524589783,1.3608636464005694,1.5605444850430745,0.7485559130421602,0.4166666666666667,0.625
basket_return_le_1%,rel_basket_le_2%,next_close,fixed_horizon_12,base,13,2.0510799136069116,5.275345542030943,2.3814034038368703,0.6923076923076923,0.6857949204640226,-0.05849503609934459,1.7201153332767722,9.543562657517153,0.975977089789283,0.7733596544291174,0.6666666666666666,0.6
breadth_down_1pct_ge_4,rel_basket_le_2%,next_close,fixed_horizon_12,base,13,2.0510799136069116,5.275345542030943,2.3814034038368703,0.6923076923076923,0.6857949204640226,-0.05849503609934459,1.7201153332767722,9.543562657517153,0.975977089789283,0.7733596544291174,0.6666666666666666,0.6
breadth_down_1pct_ge_5,rel_basket_le_2%,next_close,fixed_horizon_12,base,13,2.0510799136069116,5.275345542030943,2.3814034038368703,0.6923076923076923,0.6857949204640226,-0.05849503609934459,1.7201153332767722,9.543562657517153,0.975977089789283,0.7733596544291174,0.6666666666666666,0.6
btc_return_le_1%,rel_basket_le_1%,next_close,fixed_horizon_12,base,26,4.102159827213823,3.3924290846261242,1.1172934394513636,0.6538461538461539,0.8820315620027924,-0.13273827076201572,1.8501540261201206,4.540285649933664,0.9952065530573774,0.5961643056848531,0.5714285714285714,0.7142857142857143
btc_return_le_1%,rel_basket_le_-1_atr_equiv,next_close,fixed_horizon_12,base,40,6.311015118790497,0.7953607064192955,-0.26013659648416504,0.475,0.3181442825677182,-0.1580230505738418,0.7318722163362333,1.7832256455211737,1.2634694212828381,1.3470186385673346,0.4444444444444444,0.5714285714285714
btc_return_le_1%,bottom_1_performer,next_close,fixed_horizon_12,base,101,15.935313174946005,0.46108739212379596,0.09993208927249428,0.5247524752475248,0.4656982660450339,-0.3802144684284683,1.0032331071198957,1.5729852468955383,1.3292549733194414,1.0182005191164787,0.5833333333333334,0.375
btc_return_le_1%,rel_basket_le_2%,next_close,fixed_horizon_12,base,10,1.5777537796976242,5.909005755068963,2.2971555511944763,0.7,0.5909005755068963,-0.05849503609934459,1.4917286517592958,9.10217288910999,1.0,0.909976042042492,1.0,0.6
btc_return_le_1%,rel_btc_le_3%,next_close,fixed_horizon_12,base,22,3.471058315334773,7.8381774925379135,6.690047391526457,0.7727272727272727,1.7243990483583411,-0.09807147100290267,3.0996998682630945,9.653280338853854,0.9212845025924776,0.31182188800921773,1.0,1.0
basket_return_le_2%,rel_basket_le_2%,next_close,fixed_horizon_12,base,10,1.5777537796976242,5.909005755068963,2.2971555511944763,0.7,0.5909005755068963,-0.05849503609934459,1.4917286517592958,9.10217288910999,1.0,0.909976042042492,1.0,0.6
btc_return_le_2%,rel_btc_le_1%,next_close,fixed_horizon_12,base,23,3.6288336933045358,1.421034722223523,1.7407897563423889,0.6521739130434783,0.32683798611141024,-0.23647181170695145,1.1455416763946282,1.847601234265046,1.2763482609591172,0.49089904049970107,0.6666666666666666,0.75
btc_return_le_2%,rel_basket_le_1%,next_close,fixed_horizon_12,base,8,1.2622030237580995,3.029407147741703,4.5099580021997685,0.625,0.24235257181933623,-0.05849503609934456,1.708325858139106,4.323033549791814,0.5600804142560173,0.3126025511157063,1.0,0.8333333333333334
btc_return_le_2%,rel_btc_le_2%,next_close,fixed_horizon_12,base,17,2.682181425485961,2.0211220450369805,3.022226344358727,0.6470588235294118,0.3435907476562867,-0.1286315937258155,1.5979844166568693,2.4949319941200385,0.955343964707331,0.39854703502239236,1.0,0.8571428571428571
btc_return_le_2%,rel_basket_le_2%,next_close,fixed_horizon_12,base,6,0.9466522678185746,1.7769273833125199,1.3290077723738933,0.5,0.10661564299875119,-0.05849503609934456,0.8308887415198212,2.4618675426377714,1.0,0.7081554843585873,1.0,0.6
btc_return_le_2%,rel_btc_le_3%,next_close,fixed_horizon_12,base,12,1.8933045356371492,1.368604621113731,2.319785188771286,0.5833333333333334,0.1642325545336477,-0.09807147100290267,0.8476539807532578,1.824142379630004,0.8264922213870544,0.4597167262140739,1.0,0.8571428571428571
btc_return_le_2%,symbol_zscore_le_-1,next_close,fixed_horizon_12,base,40,6.311015118790497,0.8225434750879776,0.14075258392578735,0.6,0.3290173900351911,-0.24076495613068105,1.0838879872936587,1.6501922327506158,1.2873309021852035,0.376422848748807,0.3333333333333333,0.75
btc_return_le_2%,symbol_zscore_le_-2,next_close,fixed_horizon_12,base,40,6.311015118790497,0.8225434750879776,0.14075258392578735,0.6,0.3290173900351911,-0.24076495613068105,1.0838879872936587,1.6501922327506158,1.2873309021852035,0.376422848748807,0.3333333333333333,0.75
btc_return_le_2%,rel_btc_le_-1_atr_equiv,next_close,fixed_horizon_12,base,23,3.6288336933045358,0.46564799964917414,0.2175708350293926,0.6086956521739131,0.10709903991931005,-0.23647181170695145,0.41334906008067634,1.279329858871434,1.8906991087751481,1.2989171723167978,0.3333333333333333,0.75
btc_return_le_2%,rel_basket_le_-1_atr_equiv,next_close,fixed_horizon_12,base,7,1.1044276457883369,0.12205959994069325,-0.36421079961094,0.42857142857142855,0.008544171995848528,-0.09807147100290267,0.04980817220444783,1.0499651598652986,1.0,8.836485541801753,1.0,0.6
btc_return_le_2%,bottom_2_performer,next_close,fixed_horizon_12,base,10,1.5777537796976242,2.9643690345007,1.6198985896940596,0.7,0.29643690345007,-0.017380392706390718,2.4834049726524374,13.96357518771203,0.5933966282143751,0.2555688287741728,0.6666666666666666,1.0
btc_return_le_2%,bottom_3_performer,next_close,fixed_horizon_12,base,15,2.3666306695464363,1.6087033630250966,0.2175708350293926,0.6,0.24130550445376447,-0.09807147100290267,1.2999929965934642,2.6415845259321427,0.7375332626608598,0.5132483965722145,0.6666666666666666,0.8333333333333334
basket_return_le_3%,rel_basket_le_2%,next_close,fixed_horizon_12,base,7,1.1044276457883369,7.143386336902591,3.022226344358727,0.5714285714285714,0.5000370435831814,-0.05849503609934459,1.261489807452177,7.856291474407406,1.0,0.9271379986097397,1.0,0.6
breadth_down_1pct_ge_6,rel_basket_le_2%,next_close,fixed_horizon_12,base,12,1.8933045356371492,5.77611803920932,2.7018148740977987,0.75,0.6931341647051183,-0.05849503609934459,1.7560446855225342,10.503955607036243,0.96564296603602,0.7757594334845022,1.0,0.6
breadth_down_2pct_ge_4,rel_basket_le_2%,next_close,fixed_horizon_12,base,11,1.7355291576673866,5.588314632229682,2.3814034038368703,0.7272727272727273,0.614714609545265,-0.05849503609934459,1.553455322008991,9.428700614693096,0.9612600161626464,0.8747235848813869,1.0,0.6
breadth_down_2pct_ge_5,rel_basket_le_2%,next_close,fixed_horizon_12,base,10,1.5777537796976242,5.909005755068963,2.2971555511944763,0.7,0.5909005755068963,-0.05849503609934459,1.4917286517592958,9.10217288910999,1.0,0.909976042042492,1.0,0.6
breadth_down_2pct_ge_6,rel_basket_le_2%,next_close,fixed_horizon_12,base,10,1.5777537796976242,5.909005755068963,2.2971555511944763,0.7,0.5909005755068963,-0.05849503609934459,1.4917286517592958,9.10217288910999,1.0,0.909976042042492,1.0,0.6
basket_return_le_1%,rel_basket_le_3%,next_close,fixed_horizon_12,base,4,0.6311015118790497,2.000887188781833,3.15150356713175,0.5,0.08003548755127332,-0.05849503609934456,0.6058875695457048,2.1550963224313247,1.0,0.943337194761447,1.0,0.5
btc_return_le_1%,rel_basket_le_3%,next_close,fixed_horizon_12,base,4,0.6311015118790497,2.000887188781833,3.15150356713175,0.5,0.08003548755127332,-0.05849503609934456,0.6058875695457048,2.1550963224313247,1.0,0.943337194761447,1.0,0.5
basket_return_le_2%,rel_basket_le_3%,next_close,fixed_horizon_12,base,4,0.6311015118790497,2.000887188781833,3.15150356713175,0.5,0.08003548755127332,-0.05849503609934456,0.6058875695457048,2.1550963224313247,1.0,0.943337194761447,1.0,0.5
btc_return_le_2%,rel_basket_le_3%,next_close,fixed_horizon_12,base,4,0.6311015118790497,2.000887188781833,3.15150356713175,0.5,0.08003548755127332,-0.05849503609934456,0.6058875695457048,2.1550963224313247,1.0,0.943337194761447,1.0,0.5
btc_return_le_2%,bottom_1_performer,next_close,fixed_horizon_12,base,5,0.7888768898488121,3.6765292852092473,3.022226344358727,1.0,0.18382646426046237,0.0,2.247336984196455,inf,0.5660029152618955,0.4134320914356025,1.0,1.0
basket_return_le_3%,rel_basket_le_3%,next_close,fixed_horizon_12,base,4,0.6311015118790497,2.000887188781833,3.15150356713175,0.5,0.08003548755127332,-0.05849503609934456,0.6058875695457048,2.1550963224313247,1.0,0.943337194761447,1.0,0.5
breadth_down_1pct_ge_4,rel_basket_le_3%,next_close,fixed_horizon_12,base,4,0.6311015118790497,2.000887188781833,3.15150356713175,0.5,0.08003548755127332,-0.05849503609934456,0.6058875695457048,2.1550963224313247,1.0,0.943337194761447,1.0,0.5
breadth_down_1pct_ge_5,rel_basket_le_3%,next_close,fixed_horizon_12,base,4,0.6311015118790497,2.000887188781833,3.15150356713175,0.5,0.08003548755127332,-0.05849503609934456,0.6058875695457048,2.1550963224313247,1.0,0.943337194761447,1.0,0.5
breadth_down_1pct_ge_6,rel_basket_le_3%,next_close,fixed_horizon_12,base,4,0.6311015118790497,2.000887188781833,3.15150356713175,0.5,0.08003548755127332,-0.05849503609934456,0.6058875695457048,2.1550963224313247,1.0,0.943337194761447,1.0,0.5
breadth_down_2pct_ge_4,rel_basket_le_3%,next_close,fixed_horizon_12,base,4,0.6311015118790497,2.000887188781833,3.15150356713175,0.5,0.08003548755127332,-0.05849503609934456,0.6058875695457048,2.1550963224313247,1.0,0.943337194761447,1.0,0.5
breadth_down_2pct_ge_5,rel_basket_le_3%,next_close,fixed_horizon_12,base,4,0.6311015118790497,2.000887188781833,3.15150356713175,0.5,0.08003548755127332,-0.05849503609934456,0.6058875695457048,2.1550963224313247,1.0,0.943337194761447,1.0,0.5
breadth_down_2pct_ge_6,rel_basket_le_3%,next_close,fixed_horizon_12,base,4,0.6311015118790497,2.000887188781833,3.15150356713175,0.5,0.08003548755127332,-0.05849503609934456,0.6058875695457048,2.1550963224313247,1.0,0.943337194761447,1.0,0.5
btc_return_le_3%,rel_btc_le_1%,next_close,fixed_horizon_12,base,6,0.9466522678185746,7.106953327868205,6.978682630903446,1.0,0.42641719967209235,0.0,11.099444668537895,inf,1.0,0.23022019900902302,1.0,1.0
btc_return_le_3%,rel_btc_le_2%,next_close,fixed_horizon_12,base,5,0.7888768898488121,6.5649469420542585,6.675513050552842,1.0,0.32824734710271297,0.0,15.72397948964072,inf,1.0,0.23080165883707998,1.0,1.0
btc_return_le_3%,symbol_zscore_le_-1,next_close,fixed_horizon_12,base,8,1.2622030237580995,6.749449019574574,6.358566124511725,1.0,0.539955921565966,0.0,12.774476141632165,inf,1.0,0.18181086390287152,1.0,1.0
btc_return_le_3%,symbol_zscore_le_-2,next_close,fixed_horizon_12,base,8,1.2622030237580995,6.749449019574574,6.358566124511725,1.0,0.539955921565966,0.0,12.774476141632165,inf,1.0,0.18181086390287152,1.0,1.0
btc_return_le_3%,rel_btc_le_-1_atr_equiv,next_close,fixed_horizon_12,base,3,0.4733261339092873,6.749735310870449,6.675513050552842,1.0,0.20249205932611344,0.0,14.765501049662786,inf,1.0,0.3741382870632246,1.0,1.0
btc_return_le_3%,bottom_3_performer,next_close,fixed_horizon_12,base,3,0.4733261339092873,6.749735310870449,6.675513050552842,1.0,0.20249205932611344,0.0,14.765501049662786,inf,1.0,0.3741382870632246,1.0,1.0
btc_return_le_3%,rel_basket_le_1%,next_close,fixed_horizon_12,base,2,0.31555075593952486,6.786846441029251,6.786846441029251,1.0,0.13573692882058502,0.0,8.600124340981424,inf,1.0,0.5581386942997316,1.0,1.0
btc_return_le_3%,rel_btc_le_3%,next_close,fixed_horizon_12,base,2,0.31555075593952486,6.786846441029251,6.786846441029251,1.0,0.13573692882058502,0.0,8.600124340981424,inf,1.0,0.5581386942997316,1.0,1.0
btc_return_le_3%,bottom_2_performer,next_close,fixed_horizon_12,base,2,0.31555075593952486,6.786846441029251,6.786846441029251,1.0,0.13573692882058502,0.0,8.600124340981424,inf,1.0,0.5581386942997316,1.0,1.0
btc_return_le_3%,bottom_1_performer,next_close,fixed_horizon_12,base,1,0.15777537796976243,7.576003222017694,7.576003222017694,1.0,0.07576003222017694,0.0,0.0,inf,1.0,1.0,1.0,1.0
basket_return_le_1%,rel_btc_le_1%,next_close,fixed_horizon_12,stress,419,66.10788336933045,0.40236231448909426,0.1457092331500533,0.5417661097852029,1.685898097709305,-1.0108671208714426,1.99873707414264,1.4559976701097368,0.9200057093227494,0.36692825162543996,0.45454545454545453,0.875
basket_return_le_1%,rel_btc_le_2%,next_close,fixed_horizon_12,stress,84,13.253131749460044,2.7409617500134353,0.8201448488709785,0.7142857142857143,2.3024078700112858,-0.14643364492758304,3.593792627300433,6.381766512961505,0.80244735785221,0.28099081462910525,1.0,1.0
basket_return_le_1%,symbol_zscore_le_-1,next_close,fixed_horizon_12,stress,2014,317.75961123110153,-0.26703285974301644,-0.17288191836709696,0.4548162859980139,-5.378041795224351,-7.0078866643578,-4.5349574984806935,0.7173361470313754,,,0.25,0.0
basket_return_le_1%,symbol_zscore_le_-2,next_close,fixed_horizon_12,stress,1717,270.9003239740821,-0.292585125178881,-0.19895704367260497,0.44321490972626676,-5.023686599321387,-6.372295440777587,-4.445171835636652,0.6950833134567137,,,0.25,0.0
basket_return_le_1%,rel_btc_le_-1_atr_equiv,next_close,fixed_horizon_12,stress,655,103.34287257019439,-0.010314208158005002,-0.06512310095460702,0.48396946564885496,-0.06755806343493276,-1.4504638683318458,-0.07884793209456138,0.9880770668853096,,,0.4166666666666667,0.125
basket_return_le_1%,bottom_1_performer,next_close,fixed_horizon_12,stress,259,40.863822894168464,-0.018483088752388646,-0.04464683337483497,0.4826254826254826,-0.0478711998686866,-0.6751797399106878,-0.08627590221039907,0.9805644916741603,,,0.5,0.375
basket_return_le_1%,bottom_2_performer,next_close,fixed_horizon_12,stress,518,81.72764578833693,-0.1030654798147606,-0.1121337750060801,0.47297297297297297,-0.5338791854404599,-1.4443003013913454,-0.7391953321588101,0.8941788675959936,,,0.4166666666666667,0.25
basket_return_le_1%,bottom_3_performer,next_close,fixed_horizon_12,stress,777,122.59146868250541,-0.0994890710840979,-0.11247524389332395,0.4723294723294723,-0.7730300823234406,-2.253106824116699,-0.8903880855610217,0.895241730509812,,,0.4166666666666667,0.25
basket_return_le_2%,rel_btc_le_1%,next_close,fixed_horizon_12,stress,191,30.135097192224624,1.0321215189709818,0.1687271848225304,0.5602094240837696,1.9713521012345754,-0.5513086312122137,2.7262590835030553,2.242906792925798,0.8723316407045802,0.31769729497841626,0.7,0.875
basket_return_le_2%,rel_btc_le_2%,next_close,fixed_horizon_12,stress,74,11.675377969762419,2.9678650778628017,0.8201448488709785,0.7027027027027027,2.1962201576184732,-0.13908731749672054,3.523375936325534,7.855593983579796,0.7679762731208406,0.29770635363545694,0.875,1.0
basket_return_le_2%,symbol_zscore_le_-1,next_close,fixed_horizon_12,stress,287,45.281533477321815,0.5433991668426691,-0.07606792701874796,0.4738675958188153,1.5595556088384603,-1.1121435252789367,2.0120198779532177,1.5753580480239824,0.876506510556354,0.35413130144535493,0.6,1.0
basket_return_le_2%,symbol_zscore_le_-2,next_close,fixed_horizon_12,stress,269,42.441576673866095,0.5543818882288907,-0.08020430930934616,0.4684014869888476,1.491287279335716,-1.0490205611594632,1.9495893718768365,1.5874105144316155,0.8593266937337435,0.34716268991239446,0.6,1.0
basket_return_le_2%,rel_btc_le_-1_atr_equiv,next_close,fixed_horizon_12,stress,188,29.661771058315335,0.7697744498802218,0.05909203110135334,0.5159574468085106,1.447175965774817,-0.4120829279538023,2.0529097828231198,1.9078188181994042,0.9224866203976477,0.33942694461816536,0.6,1.0
basket_return_le_2%,bottom_1_performer,next_close,fixed_horizon_12,stress,38,5.995464362850972,1.819158095757081,0.1429697534275733,0.631578947368421,0.6912800763876907,-0.08243209242187544,1.6475089516638992,4.050950204542722,0.8507108010963679,0.7295994335799478,0.8,0.8571428571428571
basket_return_le_2%,bottom_2_performer,next_close,fixed_horizon_12,stress,76,11.990928725701943,1.2867904729333157,0.08328088862687336,0.5526315789473685,0.9779607594293199,-0.24578959233192976,1.957305623092726,2.779180582601043,0.9021292474927526,0.5181744176242453,0.6,0.75
basket_return_le_2%,bottom_3_performer,next_close,fixed_horizon_12,stress,114,17.986393088552916,1.2156622855894785,0.062372332458598,0.5350877192982456,1.3858550055720054,-0.3772184930355136,2.1997834580719022,2.4523949855641693,0.8907225802733953,0.5331596374608583,0.5,0.625
breadth_down_1pct_ge_4,rel_btc_le_1%,next_close,fixed_horizon_12,stress,465,73.36555075593952,0.2941304578884209,0.14023027370509328,0.5376344086021505,1.367706629181157,-1.3858537731615703,1.5640566757208392,1.3096086343999012,1.1417210403400957,0.43479646672033384,0.36363636363636365,0.75
breadth_down_1pct_ge_4,rel_btc_le_2%,next_close,fixed_horizon_12,stress,85,13.410907127429805,2.710271849737664,0.8073693329483201,0.7176470588235294,2.303731072277014,-0.14643364492758304,3.5931350290352007,6.384859433957963,0.8019864532896874,0.2808294209286684,1.0,1.0
breadth_down_1pct_ge_4,symbol_zscore_le_-1,next_close,fixed_horizon_12,stress,2583,407.53380129589635,-0.4122761209203839,-0.3051201524254264,0.424312814556717,-10.649092203373517,-11.93695416915782,-8.302089837551327,0.5929831481486759,,,0.25,0.0
breadth_down_1pct_ge_4,symbol_zscore_le_-2,next_close,fixed_horizon_12,stress,2107,332.4327213822894,-0.3926236552346064,-0.3054245185624647,0.42097769340294255,-8.272580415793158,-9.358953004065558,-6.994055731369783,0.6037565905569133,,,0.25,0.0
breadth_down_1pct_ge_4,rel_btc_le_-1_atr_equiv,next_close,fixed_horizon_12,stress,797,125.74697624190065,-0.10188518596250908,-0.0903819974856955,0.47051442910915936,-0.8120249321211974,-2.163963813355572,-0.9102237464777183,0.8859243106000971,,,0.3333333333333333,0.125
breadth_down_1pct_ge_4,bottom_1_performer,next_close,fixed_horizon_12,stress,334,52.69697624190065,-0.21948690350865,-0.22102915723963928,0.4491017964071856,-0.733086257718891,-1.2465299455823013,-1.2481685198529449,0.7863933963792785,,,0.25,0.25
breadth_down_1pct_ge_4,bottom_2_performer,next_close,fixed_horizon_12,stress,668,105.3939524838013,-0.28941482697076387,-0.32087717475138927,0.44011976047904194,-1.9332910441647027,-2.5357007614903244,-2.504912891170323,0.7247276886670801,,,0.3333333333333333,0.125
breadth_down_1pct_ge_4,bottom_3_performer,next_close,fixed_horizon_12,stress,1002,158.09092872570196,-0.2923448836168613,-0.2904372077176263,0.43912175648702595,-2.9292957338409504,-3.99498251624387,-3.1447094770661788,0.7184379818873757,,,0.3333333333333333,0.0
breadth_down_1pct_ge_5,rel_btc_le_1%,next_close,fixed_horizon_12,stress,419,66.10788336933045,0.40236231448909426,0.1457092331500533,0.5417661097852029,1.685898097709305,-1.0108671208714426,1.99873707414264,1.4559976701097368,0.9200057093227494,0.36692825162543996,0.45454545454545453,0.875
breadth_down_1pct_ge_5,rel_btc_le_2%,next_close,fixed_horizon_12,stress,84,13.253131749460044,2.7409617500134353,0.8201448488709785,0.7142857142857143,2.3024078700112858,-0.14643364492758304,3.593792627300433,6.381766512961505,0.80244735785221,0.28099081462910525,1.0,1.0
breadth_down_1pct_ge_5,symbol_zscore_le_-1,next_close,fixed_horizon_12,stress,2014,317.75961123110153,-0.26703285974301644,-0.17288191836709696,0.4548162859980139,-5.378041795224351,-7.0078866643578,-4.5349574984806935,0.7173361470313754,,,0.25,0.0
breadth_down_1pct_ge_5,symbol_zscore_le_-2,next_close,fixed_horizon_12,stress,1717,270.9003239740821,-0.292585125178881,-0.19895704367260497,0.44321490972626676,-5.023686599321387,-6.372295440777587,-4.445171835636652,0.6950833134567137,,,0.25,0.0
breadth_down_1pct_ge_5,rel_btc_le_-1_atr_equiv,next_close,fixed_horizon_12,stress,655,103.34287257019439,-0.010314208158005002,-0.06512310095460702,0.48396946564885496,-0.06755806343493276,-1.4504638683318458,-0.07884793209456138,0.9880770668853096,,,0.4166666666666667,0.125
breadth_down_1pct_ge_5,bottom_1_performer,next_close,fixed_horizon_12,stress,259,40.863822894168464,-0.018483088752388646,-0.04464683337483497,0.4826254826254826,-0.0478711998686866,-0.6751797399106878,-0.08627590221039907,0.9805644916741603,,,0.5,0.375
breadth_down_1pct_ge_5,bottom_2_performer,next_close,fixed_horizon_12,stress,518,81.72764578833693,-0.1030654798147606,-0.1121337750060801,0.47297297297297297,-0.5338791854404599,-1.4443003013913454,-0.7391953321588101,0.8941788675959936,,,0.4166666666666667,0.25
breadth_down_1pct_ge_5,bottom_3_performer,next_close,fixed_horizon_12,stress,777,122.59146868250541,-0.0994890710840979,-0.11247524389332395,0.4723294723294723,-0.7730300823234406,-2.253106824116699,-0.8903880855610217,0.895241730509812,,,0.4166666666666667,0.25
breadth_down_1pct_ge_6,rel_btc_le_1%,next_close,fixed_horizon_12,stress,372,58.692440604751624,0.5259819426238593,0.17042213883098806,0.5564516129032258,1.9566528265607568,-1.0001366611183466,2.3690061819266575,1.6302881585544857,0.7739725942165269,0.35823995273865816,0.6363636363636364,0.875
breadth_down_1pct_ge_6,rel_btc_le_2%,next_close,fixed_horizon_12,stress,83,13.095356371490281,2.784988047014745,0.8329203647936368,0.7228915662650602,2.311540079022238,-0.13754239510785665,3.613810972671793,6.520963620544799,0.7992771264300094,0.28383140658820233,1.0,1.0
breadth_down_1pct_ge_6,symbol_zscore_le_-1,next_close,fixed_horizon_12,stress,1538,242.6585313174946,-0.16447931125247417,-0.0802010686162434,0.47139141742522755,-2.5296918070630525,-4.276377857934895,-2.2956770783012104,0.8159810965084797,,,0.3333333333333333,0.0
breadth_down_1pct_ge_6,symbol_zscore_le_-2,next_close,fixed_horizon_12,stress,1356,213.94341252699783,-0.17848316746527323,-0.13330557892327718,0.46017699115044247,-2.420231750829105,-3.956194101780256,-2.2823436314849253,0.8009137099580667,,,0.3333333333333333,0.0
breadth_down_1pct_ge_6,rel_btc_le_-1_atr_equiv,next_close,fixed_horizon_12,stress,537,84.72537796976242,0.12986614323005882,-0.04000097865055161,0.49534450651769085,0.6973811891454159,-1.415991927787847,0.8479420165011734,1.1624425729126098,0.6737584294377995,0.6261346784821618,0.5,0.625
breadth_down_1pct_ge_6,bottom_1_performer,next_close,fixed_horizon_12,stress,197,31.0817494600432,0.16111682545673225,0.029556854389572042,0.5228426395939086,0.31740014614976253,-0.31944917273768236,0.6028838823864787,1.1846799205795115,1.2449665136344779,1.3535057401354194,0.5,0.625
breadth_down_1pct_ge_6,bottom_2_performer,next_close,fixed_horizon_12,stress,394,62.1634989200864,0.04383377867864453,-0.023792171250420633,0.49746192893401014,0.17270508799385947,-0.708260788576299,0.25547705440052343,1.0487888909758158,2.2392962129628513,2.5973118224266045,0.5,0.375
breadth_down_1pct_ge_6,bottom_3_performer,next_close,fixed_horizon_12,stress,591,93.2452483801296,0.03679881451492966,-0.034054953614299645,0.494077834179357,0.21748099378323427,-1.082643282504327,0.2669979560632608,1.0415371610771014,2.770566985089511,2.1791023041019018,0.4166666666666667,0.625
breadth_down_2pct_ge_4,rel_btc_le_1%,next_close,fixed_horizon_12,stress,207,32.65950323974082,1.018850139777251,0.31541472918462,0.5797101449275363,2.1090197893389098,-0.4564094489194286,2.910460426127995,2.3106119949651274,0.8236272805565908,0.29632448603943107,0.6363636363636364,0.875
breadth_down_2pct_ge_4,rel_btc_le_2%,next_close,fixed_horizon_12,stress,77,12.148704103671706,2.8860453868190796,0.8073693329483201,0.7142857142857143,2.222254947850691,-0.13754239510785665,3.558963989599734,7.936862680918998,0.7589790600902839,0.2952351046167937,0.8888888888888888,1.0
breadth_down_2pct_ge_4,symbol_zscore_le_-1,next_close,fixed_horizon_12,stress,327,51.59254859611231,0.5334610512552175,-0.048382542567555344,0.4892966360856269,1.7444176376045613,-0.9337922630627296,2.2410060602514172,1.6223816441653132,0.7888786221092489,0.32386396106216325,0.5833333333333334,1.0
breadth_down_2pct_ge_4,symbol_zscore_le_-2,next_close,fixed_horizon_12,stress,308,48.594816414686825,0.5414593772686178,-0.05940690074771147,0.4837662337662338,1.6676948819873427,-0.8706692989432558,2.170792260009564,1.6338694125128295,0.7739282039623807,0.31803530578760664,0.5833333333333334,1.0
breadth_down_2pct_ge_4,rel_btc_le_-1_atr_equiv,next_close,fixed_horizon_12,stress,208,32.817278617710585,0.7251294394149728,0.08328088862687336,0.5240384615384616,1.5082692339831434,-0.4270411587014823,2.13546642517561,1.9189217145293416,0.8925733741481264,0.3247904820047956,0.5,1.0
breadth_down_2pct_ge_4,bottom_1_performer,next_close,fixed_horizon_12,stress,43,6.784341252699784,1.7141188473487494,0.17858815800893452,0.6511627906976745,0.7370711043599623,-0.06717929677840517,1.7552728373517585,4.1900011280923914,0.8131100480434419,0.6842725880775403,0.75,0.8571428571428571
breadth_down_2pct_ge_4,bottom_2_performer,next_close,fixed_horizon_12,stress,86,13.568682505399568,1.2027991039233952,0.1429697534275733,0.5697674418604651,1.0344072293741198,-0.20367572492637387,2.0629516488759645,2.787328753872545,0.8696965752865057,0.49208204431560193,0.5,0.625
breadth_down_2pct_ge_4,bottom_3_performer,next_close,fixed_horizon_12,stress,129,20.35302375809935,1.1307524423416104,0.08576700859415545,0.5426356589147286,1.4586706506206777,-0.31543297420446037,2.308246014962906,2.4672969611904825,0.8568258344008531,0.5056267685518008,0.5,0.625
breadth_down_2pct_ge_5,rel_btc_le_1%,next_close,fixed_horizon_12,stress,191,30.135097192224624,1.0321215189709818,0.1687271848225304,0.5602094240837696,1.9713521012345754,-0.5513086312122137,2.7262590835030553,2.242906792925798,0.8723316407045802,0.31769729497841626,0.7,0.875
breadth_down_2pct_ge_5,rel_btc_le_2%,next_close,fixed_horizon_12,stress,74,11.675377969762419,2.9678650778628017,0.8201448488709785,0.7027027027027027,2.1962201576184732,-0.13908731749672054,3.523375936325534,7.855593983579796,0.7679762731208406,0.29770635363545694,0.875,1.0
breadth_down_2pct_ge_5,symbol_zscore_le_-1,next_close,fixed_horizon_12,stress,287,45.281533477321815,0.5433991668426691,-0.07606792701874796,0.4738675958188153,1.5595556088384603,-1.1121435252789367,2.0120198779532177,1.5753580480239824,0.876506510556354,0.35413130144535493,0.6,1.0
breadth_down_2pct_ge_5,symbol_zscore_le_-2,next_close,fixed_horizon_12,stress,269,42.441576673866095,0.5543818882288907,-0.08020430930934616,0.4684014869888476,1.491287279335716,-1.0490205611594632,1.9495893718768365,1.5874105144316155,0.8593266937337435,0.34716268991239446,0.6,1.0
breadth_down_2pct_ge_5,rel_btc_le_-1_atr_equiv,next_close,fixed_horizon_12,stress,188,29.661771058315335,0.7697744498802218,0.05909203110135334,0.5159574468085106,1.447175965774817,-0.4120829279538023,2.0529097828231198,1.9078188181994042,0.9224866203976477,0.33942694461816536,0.6,1.0
breadth_down_2pct_ge_5,bottom_1_performer,next_close,fixed_horizon_12,stress,38,5.995464362850972,1.819158095757081,0.1429697534275733,0.631578947368421,0.6912800763876907,-0.08243209242187544,1.6475089516638992,4.050950204542722,0.8507108010963679,0.7295994335799478,0.8,0.8571428571428571
breadth_down_2pct_ge_5,bottom_2_performer,next_close,fixed_horizon_12,stress,76,11.990928725701943,1.2867904729333157,0.08328088862687336,0.5526315789473685,0.9779607594293199,-0.24578959233192976,1.957305623092726,2.779180582601043,0.9021292474927526,0.5181744176242453,0.6,0.75
breadth_down_2pct_ge_5,bottom_3_performer,next_close,fixed_horizon_12,stress,114,17.986393088552916,1.2156622855894785,0.062372332458598,0.5350877192982456,1.3858550055720054,-0.3772184930355136,2.1997834580719022,2.4523949855641693,0.8907225802733953,0.5331596374608583,0.5,0.625
breadth_down_2pct_ge_6,rel_btc_le_1%,next_close,fixed_horizon_12,stress,142,22.404103671706263,1.3204626659525367,0.2773276722558384,0.5774647887323944,1.875056985652602,-0.38581658789196616,2.6964263422790204,2.7286086978442796,0.8671765714482008,0.3279842315726465,0.6666666666666666,1.0
breadth_down_2pct_ge_6,rel_btc_le_2%,next_close,fixed_horizon_12,stress,66,10.41317494600432,3.1138398399846765,0.7815424764229407,0.6666666666666666,2.0551342943898865,-0.1643217221190726,3.306105526425834,7.415188502479532,0.8123256624402758,0.2926271048408045,0.75,1.0
breadth_down_2pct_ge_6,symbol_zscore_le_-1,next_close,fixed_horizon_12,stress,203,32.02840172786177,0.8647115328958497,0.008937215974307435,0.5073891625615764,1.7553644117785747,-0.7033801372615351,2.421624107960484,2.0593292215776584,0.8648415109848474,0.3298945398875779,0.6666666666666666,1.0
breadth_down_2pct_ge_6,symbol_zscore_le_-2,next_close,fixed_horizon_12,stress,192,30.292872570194387,0.8819220823054962,0.006581866892845368,0.5052083333333334,1.6932903980265526,-0.7033801372615351,2.360781024794098,2.0897592242122593,0.859886761394578,0.2993328715529839,0.6666666666666666,1.0
breadth_down_2pct_ge_6,rel_btc_le_-1_atr_equiv,next_close,fixed_horizon_12,stress,135,21.299676025917925,1.2202047754899925,0.1485919316285768,0.5555555555555556,1.6472764469114898,-0.3363004371365237,2.4140091482881227,2.628812112613978,0.8782632279880942,0.3353743455723506,0.6666666666666666,1.0
breadth_down_2pct_ge_6,bottom_2_performer,next_close,fixed_horizon_12,stress,52,8.204319654427646,1.9027233014624116,0.11299864114962437,0.5769230769230769,0.9894161167604539,-0.15712297995635616,2.092359668737741,4.751795729451322,0.8950916441032,0.490737024089268,0.4444444444444444,0.8571428571428571
breadth_down_2pct_ge_6,bottom_3_performer,next_close,fixed_horizon_12,stress,78,12.30647948164147,1.748428480129871,0.06485845242588009,0.5512820512820513,1.3637742145012994,-0.23877714336724565,2.278771000123878,3.5760050371929424,0.8808633648180971,0.4458266836787105,0.5555555555555556,0.8571428571428571
btc_return_le_1%,rel_btc_le_1%,next_close,fixed_horizon_12,stress,143,22.561879049676026,1.088669177644471,0.09849525179841849,0.5244755244755245,1.5567969240315938,-0.6423901323197487,2.1553652501628764,2.0139046507888585,1.045580729371741,0.31505101414273196,0.5555555555555556,0.875
btc_return_le_1%,symbol_zscore_le_-1,next_close,fixed_horizon_12,stress,779,122.90701943844493,-0.2049423686090585,-0.3464113884505247,0.4159178433889602,-1.596501051464566,-3.967247005129063,-1.8088756996019242,0.792941390717152,,,0.3333333333333333,0.25
btc_return_le_1%,symbol_zscore_le_-2,next_close,fixed_horizon_12,stress,687,108.39168466522679,-0.13703322004112128,-0.34334145467756577,0.4163027656477438,-0.9414182216825031,-3.214184420458483,-1.1142669347862124,0.8544074524772814,,,0.3333333333333333,0.25
btc_return_le_1%,rel_btc_le_-1_atr_equiv,next_close,fixed_horizon_12,stress,160,25.244060475161987,0.6870323803492516,-0.14902032573526722,0.4625,1.0992518085588026,-0.5302817341220827,1.5668985107113966,1.684489364151371,1.3121295469358059,0.3963803731523048,0.45454545454545453,0.875
basket_return_le_3%,rel_btc_le_1%,next_close,fixed_horizon_12,stress,53,8.36209503239741,3.398157541883315,0.8179051754104983,0.6981132075471698,1.801023497198157,-0.24887542741025803,2.7907410262361454,4.635764477173042,0.7753863994579325,0.2963156220782531,0.75,1.0
basket_return_le_3%,symbol_zscore_le_-1,next_close,fixed_horizon_12,stress,64,10.097624190064796,2.9760060929034693,0.6749062115724059,0.6875,1.9046438994582204,-0.25496458118289406,2.9153893683011725,4.58624870839665,0.7308264848908862,0.280194842774351,0.75,1.0
basket_return_le_3%,symbol_zscore_le_-2,next_close,fixed_horizon_12,stress,64,10.097624190064796,2.9760060929034693,0.6749062115724059,0.6875,1.9046438994582204,-0.25496458118289406,2.9153893683011725,4.58624870839665,0.7308264848908862,0.280194842774351,0.75,1.0
basket_return_le_3%,rel_btc_le_-1_atr_equiv,next_close,fixed_horizon_12,stress,47,7.415442764578834,3.580189146701466,0.8329203647936368,0.7446808510638298,1.682688898949689,-0.24887542741025803,2.663160593854868,5.099255174847643,0.8299152182576838,0.32345135917532897,1.0,1.0
basket_return_le_1%,rel_basket_le_1%,next_close,fixed_horizon_12,stress,49,7.730993520518359,2.112943915754517,0.6334803748425256,0.6122448979591837,1.0353425187197134,-0.17684019343123736,2.0835054371785473,3.5412132291223317,1.0238964739829437,0.4373775758771239,0.6,1.0
basket_return_le_1%,rel_btc_le_3%,next_close,fixed_horizon_12,stress,27,4.259935205183585,6.734175108525656,3.568052858915442,0.7777777777777778,1.818227279301927,-0.10521251690053125,3.2110245348988675,9.706320389063084,0.9147864326360469,0.2915235662873474,1.0,1.0
basket_return_le_1%,rel_basket_le_-1_atr_equiv,next_close,fixed_horizon_12,stress,80,12.622030237580994,0.2422883301578717,-0.060223455417103146,0.4875,0.19383066412629738,-0.3576867257846416,0.4225274514388853,1.2337325714353984,2.148411333416797,1.6869181043263923,0.5,0.5
basket_return_le_2%,rel_basket_le_1%,next_close,fixed_horizon_12,stress,21,3.313282937365011,4.6054014216102965,1.3904834231389707,0.6666666666666666,0.9671342985381624,-0.06023687061690364,2.168997230399548,9.576075790085046,0.8825271959670243,0.548068765200682,0.8,0.8571428571428571
basket_return_le_2%,rel_btc_le_3%,next_close,fixed_horizon_12,stress,24,3.7866090712742984,7.016733103181316,4.416832518986062,0.75,1.684015944763516,-0.10521251690053125,2.9830032223622034,9.063668674595489,0.9210531814632463,0.31475717461658215,1.0,1.0
basket_return_le_2%,rel_basket_le_-1_atr_equiv,next_close,fixed_horizon_12,stress,26,4.102159827213823,1.5362149740786126,0.11299864114962437,0.6153846153846154,0.39941589326043925,-0.11427927701487695,0.9378371745691587,2.5906533842869512,0.9693189765911799,1.1025586938427028,0.6666666666666666,0.7142857142857143
basket_return_le_3%,rel_basket_le_1%,next_close,fixed_horizon_12,stress,11,1.7355291576673866,7.606291173806611,5.811664929733555,0.7272727272727273,0.8366920291187272,-0.06023687061690364,1.9890902445165608,11.69130241672424,0.8421282544576985,0.5471887230967437,1.0,0.8333333333333334
basket_return_le_3%,rel_btc_le_2%,next_close,fixed_horizon_12,stress,35,5.522138228941685,5.135442641106436,1.4356974616131435,0.7714285714285715,1.7974049243872525,-0.13754239510785668,3.041328754816669,8.238862200240877,0.8061381890044352,0.29545137427519946,1.0,1.0
basket_return_le_3%,rel_btc_le_3%,next_close,fixed_horizon_12,stress,21,3.313282937365011,7.612591105037976,5.811664929733555,0.7619047619047619,1.598644132057975,-0.10521251690053125,2.865245321652882,8.682862085246782,0.9168372131494341,0.2863854649435493,1.0,1.0
basket_return_le_3%,rel_basket_le_-1_atr_equiv,next_close,fixed_horizon_12,stress,12,1.8933045356371492,3.358273602367756,0.3834180952721745,0.6666666666666666,0.40299283228413074,-0.10521251690053125,0.9504029319711268,3.2635865587114767,0.9607153623429516,1.1360709331820253,1.0,0.6
basket_return_le_3%,bottom_1_performer,next_close,fixed_horizon_12,stress,8,1.2622030237580995,7.016839728617905,1.8232724624067935,0.75,0.5613471782894324,-0.010214132914940721,1.4834894831014882,46.7514615378283,0.8756962070281716,0.82527752701422,0.5,0.6666666666666666
basket_return_le_3%,bottom_2_performer,next_close,fixed_horizon_12,stress,16,2.524406047516199,5.538661428585634,0.8201448488709785,0.75,0.8861858285737014,-0.04406626150043458,2.0626744167600233,18.18733812551417,0.8772678767782239,0.5260269704796655,0.75,0.8571428571428571
basket_return_le_3%,bottom_3_performer,next_close,fixed_horizon_12,stress,24,3.7866090712742984,4.914037419403935,0.7442192574492569,0.6666666666666666,1.1793689806569445,-0.10521251690053125,2.141949234125096,7.569562237123293,0.8471411599896864,0.45027956792912777,0.75,0.8571428571428571
breadth_down_1pct_ge_4,rel_basket_le_1%,next_close,fixed_horizon_12,stress,52,8.204319654427646,1.972146994243223,0.29409881917082287,0.6153846153846154,1.025516437006476,-0.17551699116550945,2.057166570567996,3.436746315906301,1.033707033868868,0.4415683500519888,0.6,1.0
breadth_down_1pct_ge_4,rel_btc_le_3%,next_close,fixed_horizon_12,stress,27,4.259935205183585,6.734175108525656,3.568052858915442,0.7777777777777778,1.818227279301927,-0.10521251690053125,3.2110245348988675,9.706320389063084,0.9147864326360469,0.2915235662873474,1.0,1.0
breadth_down_1pct_ge_4,rel_basket_le_-1_atr_equiv,next_close,fixed_horizon_12,stress,99,15.619762419006479,-0.04612592764608949,-0.19612943089708051,0.45454545454545453,-0.0456646683696286,-0.5408494807653236,-0.09710298641285475,0.9584895406249544,,,0.4166666666666667,0.375
breadth_down_1pct_ge_5,rel_basket_le_1%,next_close,fixed_horizon_12,stress,49,7.730993520518359,2.112943915754517,0.6334803748425256,0.6122448979591837,1.0353425187197134,-0.17684019343123736,2.0835054371785473,3.5412132291223317,1.0238964739829437,0.4373775758771239,0.6,1.0
breadth_down_1pct_ge_5,rel_btc_le_3%,next_close,fixed_horizon_12,stress,27,4.259935205183585,6.734175108525656,3.568052858915442,0.7777777777777778,1.818227279301927,-0.10521251690053125,3.2110245348988675,9.706320389063084,0.9147864326360469,0.2915235662873474,1.0,1.0
breadth_down_1pct_ge_5,rel_basket_le_-1_atr_equiv,next_close,fixed_horizon_12,stress,80,12.622030237580994,0.2422883301578717,-0.060223455417103146,0.4875,0.19383066412629738,-0.3576867257846416,0.4225274514388853,1.2337325714353984,2.148411333416797,1.6869181043263923,0.5,0.5
breadth_down_1pct_ge_6,rel_basket_le_1%,next_close,fixed_horizon_12,stress,42,6.626565874730022,2.4535688991956595,0.7101298901072851,0.6428571428571429,1.030498937662177,-0.13953513152119545,2.119143248644691,4.344895259576288,0.9844148537424,0.5067972300326585,0.7,0.8571428571428571
breadth_down_1pct_ge_6,rel_btc_le_3%,next_close,fixed_horizon_12,stress,27,4.259935205183585,6.734175108525656,3.568052858915442,0.7777777777777778,1.818227279301927,-0.10521251690053125,3.2110245348988675,9.706320389063084,0.9147864326360469,0.2915235662873474,1.0,1.0
breadth_down_1pct_ge_6,rel_basket_le_-1_atr_equiv,next_close,fixed_horizon_12,stress,61,9.624298056155508,0.5214239310342714,0.008937215974307435,0.5081967213114754,0.3180685979309056,-0.1614092400471972,0.7290353772447665,1.622275071415975,1.3092395737321525,1.3165491978457564,0.5833333333333334,0.5
breadth_down_2pct_ge_4,rel_basket_le_1%,next_close,fixed_horizon_12,stress,24,3.7866090712742984,4.138204536543252,1.117408256680823,0.7083333333333334,0.9931690887703803,-0.06023687061690364,2.2114865546746256,9.806939626211998,0.8593927562416847,0.5359762843109498,0.8571428571428571,0.8571428571428571
breadth_down_2pct_ge_4,rel_btc_le_3%,next_close,fixed_horizon_12,stress,25,3.9443844492440605,6.82402350522817,3.02200010823857,0.76,1.7060058763070425,-0.10521251690053125,3.013609065934588,9.168964305967277,0.9091810673693795,0.3107000439707984,1.0,1.0
breadth_down_2pct_ge_4,rel_basket_le_-1_atr_equiv,next_close,fixed_horizon_12,stress,31,4.891036717062635,1.271342251078128,0.08576700859415545,0.5806451612903226,0.3941160978342197,-0.12311175573418971,0.9231026580058423,2.406666335338701,0.9823536948047118,1.1173851258379377,0.5833333333333334,0.7142857142857143
breadth_down_2pct_ge_5,rel_basket_le_1%,next_close,fixed_horizon_12,stress,21,3.313282937365011,4.6054014216102965,1.3904834231389707,0.6666666666666666,0.9671342985381624,-0.06023687061690364,2.168997230399548,9.576075790085046,0.8825271959670243,0.548068765200682,0.8,0.8571428571428571
breadth_down_2pct_ge_5,rel_btc_le_3%,next_close,fixed_horizon_12,stress,24,3.7866090712742984,7.016733103181316,4.416832518986062,0.75,1.684015944763516,-0.10521251690053125,2.9830032223622034,9.063668674595489,0.9210531814632463,0.31475717461658215,1.0,1.0
breadth_down_2pct_ge_5,rel_basket_le_-1_atr_equiv,next_close,fixed_horizon_12,stress,26,4.102159827213823,1.5362149740786126,0.11299864114962437,0.6153846153846154,0.39941589326043925,-0.11427927701487695,0.9378371745691587,2.5906533842869512,0.9693189765911799,1.1025586938427028,0.6666666666666666,0.7142857142857143
breadth_down_2pct_ge_6,rel_basket_le_1%,next_close,fixed_horizon_12,stress,19,2.997732181425486,5.2141529308407675,1.446538258121981,0.6842105263157895,0.9906890568597457,-0.06023687061690364,2.262509189531593,12.205813943938692,0.8615441088224867,0.5350378073854912,0.8,1.0
breadth_down_2pct_ge_6,rel_btc_le_3%,next_close,fixed_horizon_12,stress,24,3.7866090712742984,7.016733103181316,4.416832518986062,0.75,1.684015944763516,-0.10521251690053125,2.9830032223622034,9.063668674595489,0.9210531814632463,0.31475717461658215,1.0,1.0
breadth_down_2pct_ge_6,rel_basket_le_-1_atr_equiv,next_close,fixed_horizon_12,stress,20,3.1555075593952484,2.0410477888076533,0.11299864114962437,0.6,0.4082095577615306,-0.10521251690053125,0.9627354462681604,2.9454932889017873,0.9484378734601662,1.1553111058609922,0.7142857142857143,0.6666666666666666
breadth_down_2pct_ge_6,bottom_1_performer,next_close,fixed_horizon_12,stress,26,4.102159827213823,2.561515434327516,0.388796727731915,0.6538461538461539,0.6659940129251543,-0.05811165159181009,1.6430263529930138,7.193625400174422,0.8734582696135467,0.776168216732456,0.5555555555555556,0.8571428571428571
btc_return_le_1%,bottom_3_performer,next_close,fixed_horizon_12,stress,303,47.80593952483802,0.05647764558561781,-0.24297461863872033,0.44554455445544555,0.17112726612442197,-1.3607076054371585,0.24568929374202844,1.0579486009801466,7.342116566192831,2.790101225463345,0.4166666666666667,0.5
btc_return_le_1%,rel_btc_le_2%,next_close,fixed_horizon_12,stress,48,7.573218142548597,4.0705371291808214,1.3967322775254631,0.7083333333333334,1.9538578220067941,-0.13908731749672057,3.1637161099060855,6.431021055742896,0.8382042464567039,0.31503272250770725,0.8571428571428571,1.0
btc_return_le_1%,bottom_2_performer,next_close,fixed_horizon_12,stress,202,31.87062634989201,0.12126830049317479,-0.19932260938718788,0.4603960396039604,0.2449619669962131,-0.8881425488134367,0.43752538565339383,1.1305320899806621,3.7596770895295935,1.6540513183502592,0.25,0.5
basket_return_le_1%,rel_basket_le_2%,next_close,fixed_horizon_12,stress,13,2.0510799136069116,5.090042795210959,2.1989931543526624,0.6153846153846154,0.6617055633774247,-0.06023687061690358,1.6613547746229145,8.506414190842309,0.9805688160351147,0.7871091742888507,0.6666666666666666,0.6
breadth_down_1pct_ge_4,rel_basket_le_2%,next_close,fixed_horizon_12,stress,13,2.0510799136069116,5.090042795210959,2.1989931543526624,0.6153846153846154,0.6617055633774247,-0.06023687061690358,1.6613547746229145,8.506414190842309,0.9805688160351147,0.7871091742888507,0.6666666666666666,0.6
breadth_down_1pct_ge_5,rel_basket_le_2%,next_close,fixed_horizon_12,stress,13,2.0510799136069116,5.090042795210959,2.1989931543526624,0.6153846153846154,0.6617055633774247,-0.06023687061690358,1.6613547746229145,8.506414190842309,0.9805688160351147,0.7871091742888507,0.6666666666666666,0.6
btc_return_le_1%,rel_basket_le_1%,next_close,fixed_horizon_12,stress,26,4.102159827213823,3.2090083142163244,0.9361466688238386,0.5769230769230769,0.8343421616962443,-0.14420937914000076,1.7518714870185899,4.128888336473675,1.0229883611265447,0.6188212492390871,0.5714285714285714,0.7142857142857143
btc_return_le_1%,rel_basket_le_-1_atr_equiv,next_close,fixed_horizon_12,stress,40,6.311015118790497,0.6145357077996896,-0.43990662475855796,0.45,0.24581428311987585,-0.18387128959525806,0.5660470698142168,1.553137737320019,1.5750159021502204,1.6830411072753508,0.4444444444444444,0.5714285714285714
btc_return_le_1%,bottom_1_performer,next_close,fixed_horizon_12,stress,101,15.935313174946005,0.2805964999323246,-0.08019782792314065,0.4752475247524752,0.2834024649316479,-0.45544705848130757,0.611132180035938,1.3139836781440892,2.1312821357014453,1.588893640403448,0.3333333333333333,0.375
btc_return_le_1%,rel_basket_le_2%,next_close,fixed_horizon_12,stress,10,1.5777537796976242,5.723069664391197,2.114829507502119,0.6,0.5723069664391197,-0.06023687061690358,1.4462345935425889,8.242575873173143,1.0,0.9260183078335315,1.0,0.6
btc_return_le_1%,rel_btc_le_3%,next_close,fixed_horizon_12,stress,22,3.471058315334773,7.6503131932628685,6.50333064914776,0.7272727272727273,1.683068902517831,-0.099773748844118,3.0284336338851197,9.059133898714185,0.921571446801084,0.31488118390784703,1.0,1.0
basket_return_le_2%,rel_basket_le_2%,next_close,fixed_horizon_12,stress,10,1.5777537796976242,5.723069664391197,2.114829507502119,0.6,0.5723069664391197,-0.06023687061690358,1.4462345935425889,8.242575873173143,1.0,0.9260183078335315,1.0,0.6
btc_return_le_2%,rel_btc_le_1%,next_close,fixed_horizon_12,stress,23,3.6288336933045358,1.239584361956261,1.5590198006789227,0.6521739130434783,0.28510440324994,-0.2434366593538448,1.0002684891580318,1.713437931494795,1.4112014299825177,0.5432507762549479,0.6666666666666666,0.75
btc_return_le_2%,rel_basket_le_1%,next_close,fixed_horizon_12,stress,8,1.2622030237580995,2.846349218029864,4.325420260799411,0.625,0.22770793744238912,-0.060236870616903596,1.6067027837275683,3.9096660863965873,0.5796928312696927,0.32446831011289606,1.0,0.8333333333333334
btc_return_le_2%,rel_btc_le_2%,next_close,fixed_horizon_12,stress,17,2.682181425485961,1.839071897040877,2.8391755918652666,0.6470588235294118,0.3126422224969491,-0.13210362705144343,1.4555026598464142,2.300459067576355,1.020072590760002,0.4202864953183897,0.5,0.8571428571428571
btc_return_le_2%,rel_basket_le_2%,next_close,fixed_horizon_12,stress,6,0.9466522678185746,1.5951213080638083,1.1476493931119705,0.5,0.0957072784838285,-0.060236870616903596,0.7466227267940659,2.2229535147239434,1.0,0.7692694888590762,1.0,0.6
btc_return_le_2%,rel_btc_le_3%,next_close,fixed_horizon_12,stress,12,1.8933045356371492,1.1872066647718174,2.1374365267392053,0.5833333333333334,0.14246479977261808,-0.099773748844118,0.7360396744326803,1.6846660784012615,0.9265492891524164,0.5167921431599748,1.0,0.8571428571428571
btc_return_le_2%,symbol_zscore_le_-1,next_close,fixed_horizon_12,stress,40,6.311015118790497,0.6416913072707211,-0.03941813338483411,0.475,0.25667652290828846,-0.2628985414532288,0.8464201472260897,1.4754354292588145,1.5362764801675806,0.4469609154898705,0.3333333333333333,0.75
btc_return_le_2%,symbol_zscore_le_-2,next_close,fixed_horizon_12,stress,40,6.311015118790497,0.6416913072707211,-0.03941813338483411,0.475,0.25667652290828846,-0.2628985414532288,0.8464201472260897,1.4754354292588145,1.5362764801675806,0.4469609154898705,0.3333333333333333,0.75
btc_return_le_2%,rel_btc_le_-1_atr_equiv,next_close,fixed_horizon_12,stress,23,3.6288336933045358,0.28515254912706717,0.03732333781923295,0.5217391304347826,0.06558508629922545,-0.2434366593538448,0.25337908637120465,1.1634573883606847,3.002035652021007,2.0091844776842733,0.3333333333333333,0.75
btc_return_le_2%,rel_basket_le_-1_atr_equiv,next_close,fixed_horizon_12,stress,7,1.1044276457883369,-0.058092433718421516,-0.5438768056413256,0.42857142857142855,-0.004066470360289506,-0.099773748844118,-0.023729168952570868,0.9771588799811208,,,0.0,0.6
btc_return_le_2%,bottom_2_performer,next_close,fixed_horizon_12,stress,10,1.5777537796976242,2.7813761104317796,1.4382494648422497,0.7,0.27813761104317797,-0.02276392204078198,2.3324336224951225,10.84733763364524,0.6059146050587344,0.2656383269566349,0.6666666666666666,1.0
btc_return_le_2%,bottom_3_performer,next_close,fixed_horizon_12,stress,15,2.3666306695464363,1.4270654278107175,0.03732333781923295,0.6,0.21405981417160763,-0.099773748844118,1.154365191594072,2.357813676429611,0.780114439322732,0.535945404361946,0.6666666666666666,0.8333333333333334
basket_return_le_3%,rel_basket_le_2%,next_close,fixed_horizon_12,stress,7,1.1044276457883369,6.956216481908271,2.8391755918652666,0.5714285714285714,0.486935153733579,-0.06023687061690358,1.2296655068697075,7.2220874643483315,1.0,0.9400411273847021,1.0,0.6
breadth_down_1pct_ge_6,rel_basket_le_2%,next_close,fixed_horizon_12,stress,12,1.8933045356371492,5.590314769903138,2.5190843731089645,0.6666666666666666,0.6708377723883765,-0.06023687061690358,1.7012575286227734,9.489488596204454,0.9672201947346584,0.7900072870620575,1.0,0.6
breadth_down_2pct_ge_4,rel_basket_le_2%,next_close,fixed_horizon_12,stress,11,1.7355291576673866,5.402699072569512,2.1989931543526624,0.6363636363636364,0.5942968979826464,-0.06023687061690358,1.5033599993451574,8.520859656159065,0.9629984076676626,0.891754155914794,1.0,0.6
breadth_down_2pct_ge_5,rel_basket_le_2%,next_close,fixed_horizon_12,stress,10,1.5777537796976242,5.723069664391197,2.114829507502119,0.6,0.5723069664391197,-0.06023687061690358,1.4462345935425889,8.242575873173143,1.0,0.9260183078335315,1.0,0.6
breadth_down_2pct_ge_6,rel_basket_le_2%,next_close,fixed_horizon_12,stress,10,1.5777537796976242,5.723069664391197,2.114829507502119,0.6,0.5723069664391197,-0.06023687061690358,1.4462345935425889,8.242575873173143,1.0,0.9260183078335315,1.0,0.6
basket_return_le_1%,rel_basket_le_3%,next_close,fixed_horizon_12,stress,4,0.6311015118790497,1.818857265539727,2.9683236019572337,0.5,0.07275429062158908,-0.060236870616903596,0.551318229733225,1.9990926762826242,1.0,1.0119635360378407,1.0,0.5
btc_return_le_1%,rel_basket_le_3%,next_close,fixed_horizon_12,stress,4,0.6311015118790497,1.818857265539727,2.9683236019572337,0.5,0.07275429062158908,-0.060236870616903596,0.551318229733225,1.9990926762826242,1.0,1.0119635360378407,1.0,0.5
basket_return_le_2%,rel_basket_le_3%,next_close,fixed_horizon_12,stress,4,0.6311015118790497,1.818857265539727,2.9683236019572337,0.5,0.07275429062158908,-0.060236870616903596,0.551318229733225,1.9990926762826242,1.0,1.0119635360378407,1.0,0.5
btc_return_le_2%,rel_basket_le_3%,next_close,fixed_horizon_12,stress,4,0.6311015118790497,1.818857265539727,2.9683236019572337,0.5,0.07275429062158908,-0.060236870616903596,0.551318229733225,1.9990926762826242,1.0,1.0119635360378407,1.0,0.5
btc_return_le_2%,bottom_1_performer,next_close,fixed_horizon_12,stress,5,0.7888768898488121,3.4928245564360703,2.8391755918652666,1.0,0.1746412278218035,0.0,2.137180661411516,inf,0.5745591740036134,0.42306167096244396,1.0,1.0
basket_return_le_3%,rel_basket_le_3%,next_close,fixed_horizon_12,stress,4,0.6311015118790497,1.818857265539727,2.9683236019572337,0.5,0.07275429062158908,-0.060236870616903596,0.551318229733225,1.9990926762826242,1.0,1.0119635360378407,1.0,0.5
breadth_down_1pct_ge_4,rel_basket_le_3%,next_close,fixed_horizon_12,stress,4,0.6311015118790497,1.818857265539727,2.9683236019572337,0.5,0.07275429062158908,-0.060236870616903596,0.551318229733225,1.9990926762826242,1.0,1.0119635360378407,1.0,0.5
breadth_down_1pct_ge_5,rel_basket_le_3%,next_close,fixed_horizon_12,stress,4,0.6311015118790497,1.818857265539727,2.9683236019572337,0.5,0.07275429062158908,-0.060236870616903596,0.551318229733225,1.9990926762826242,1.0,1.0119635360378407,1.0,0.5
breadth_down_1pct_ge_6,rel_basket_le_3%,next_close,fixed_horizon_12,stress,4,0.6311015118790497,1.818857265539727,2.9683236019572337,0.5,0.07275429062158908,-0.060236870616903596,0.551318229733225,1.9990926762826242,1.0,1.0119635360378407,1.0,0.5
breadth_down_2pct_ge_4,rel_basket_le_3%,next_close,fixed_horizon_12,stress,4,0.6311015118790497,1.818857265539727,2.9683236019572337,0.5,0.07275429062158908,-0.060236870616903596,0.551318229733225,1.9990926762826242,1.0,1.0119635360378407,1.0,0.5
breadth_down_2pct_ge_5,rel_basket_le_3%,next_close,fixed_horizon_12,stress,4,0.6311015118790497,1.818857265539727,2.9683236019572337,0.5,0.07275429062158908,-0.060236870616903596,0.551318229733225,1.9990926762826242,1.0,1.0119635360378407,1.0,0.5
breadth_down_2pct_ge_6,rel_basket_le_3%,next_close,fixed_horizon_12,stress,4,0.6311015118790497,1.818857265539727,2.9683236019572337,0.5,0.07275429062158908,-0.060236870616903596,0.551318229733225,1.9990926762826242,1.0,1.0119635360378407,1.0,0.5
btc_return_le_3%,rel_btc_le_1%,next_close,fixed_horizon_12,stress,6,0.9466522678185746,6.919819887693718,6.791677397386714,1.0,0.41518919326162307,0.0,10.817997393752005,inf,1.0,0.23187364445088465,1.0,1.0
btc_return_le_3%,rel_btc_le_2%,next_close,fixed_horizon_12,stress,5,0.7888768898488121,6.378355237668557,6.488810835258857,1.0,0.31891776188342785,0.0,15.292350596226992,inf,1.0,0.23167104028602659,1.0,1.0
btc_return_le_3%,symbol_zscore_le_-1,next_close,fixed_horizon_12,stress,8,1.2622030237580995,6.562672905224131,6.17218069790783,1.0,0.5250138324179305,0.0,12.433397881586847,inf,1.0,0.18336932368966533,1.0,1.0
btc_return_le_3%,symbol_zscore_le_-2,next_close,fixed_horizon_12,stress,8,1.2622030237580995,6.562672905224131,6.17218069790783,1.0,0.5250138324179305,0.0,12.433397881586847,inf,1.0,0.18336932368966533,1.0,1.0
btc_return_le_3%,rel_btc_le_-1_atr_equiv,next_close,fixed_horizon_12,stress,3,0.4733261339092873,6.5629589103716395,6.488810835258857,1.0,0.19688876731114918,0.0,14.371279185699542,inf,1.0,0.3752576171319309,1.0,1.0
btc_return_le_3%,bottom_3_performer,next_close,fixed_horizon_12,stress,3,0.4733261339092873,6.5629589103716395,6.488810835258857,1.0,0.19688876731114918,0.0,14.371279185699542,inf,1.0,0.3752576171319309,1.0,1.0
btc_return_le_3%,rel_basket_le_1%,next_close,fixed_horizon_12,stress,2,0.31555075593952486,6.600032947928031,6.600032947928031,1.0,0.1320006589585606,0.0,8.371766479116525,inf,1.0,0.5597245517116675,1.0,1.0
btc_return_le_3%,rel_btc_le_3%,next_close,fixed_horizon_12,stress,2,0.31555075593952486,6.600032947928031,6.600032947928031,1.0,0.1320006589585606,0.0,8.371766479116525,inf,1.0,0.5597245517116675,1.0,1.0
btc_return_le_3%,bottom_2_performer,next_close,fixed_horizon_12,stress,2,0.31555075593952486,6.600032947928031,6.600032947928031,1.0,0.1320006589585606,0.0,8.371766479116525,inf,1.0,0.5597245517116675,1.0,1.0
btc_return_le_3%,bottom_1_performer,next_close,fixed_horizon_12,stress,1,0.15777537796976243,7.3884009661225045,7.3884009661225045,1.0,0.07388400966122505,0.0,0.0,inf,1.0,1.0,1.0,1.0
basket_return_le_1%,rel_btc_le_1%,next_close,scaled_exit_6_12,base,419,66.10788336933045,0.52144205448893,0.1689343062710536,0.548926014319809,2.1848422083086168,-0.9139615639142789,2.7747748286607195,1.745534609622493,0.637019053963546,0.3151462157531355,0.6363636363636364,1.0
basket_return_le_1%,rel_btc_le_2%,next_close,scaled_exit_6_12,base,84,13.253131749460044,2.745685860328048,0.9894622689918333,0.75,2.30637612267556,-0.22892938584488268,3.7361207968005306,6.362557900160214,0.7150065270857318,0.26897945563476305,1.0,1.0
basket_return_le_1%,symbol_zscore_le_-1,next_close,scaled_exit_6_12,base,2014,317.75961123110153,-0.08648269491254604,-0.07072836705294454,0.4786494538232373,-1.7417614755386772,-4.185121536328245,-1.679100957934987,0.8781705789577946,,,0.5833333333333334,0.125
basket_return_le_1%,symbol_zscore_le_-2,next_close,scaled_exit_6_12,base,1717,270.9003239740821,-0.10197721182519205,-0.08247206307892323,0.46825859056493885,-1.7509487270385478,-3.8259417390285586,-1.7628085729839507,0.857684997389685,,,0.5833333333333334,0.125
basket_return_le_1%,rel_btc_le_-1_atr_equiv,next_close,scaled_exit_6_12,base,655,103.34287257019439,0.08772733745558862,-0.007112568283316122,0.4946564885496183,0.5746140603341054,-1.213517192024773,0.7259224301307583,1.1241820680615144,0.7846680368847577,0.6097050339268,0.5,0.875
basket_return_le_1%,bottom_1_performer,next_close,scaled_exit_6_12,base,259,40.863822894168464,0.11899403329038755,-0.05468097113968999,0.4942084942084942,0.30819454622210374,-0.44811627158554934,0.6209942257926501,1.1655988830775943,0.9157830147356611,1.2550481966945366,0.6666666666666666,0.625
basket_return_le_1%,bottom_2_performer,next_close,scaled_exit_6_12,base,518,81.72764578833693,0.046795199430425115,-0.06837338154304422,0.4826254826254826,0.2423991330496021,-0.9117794882756625,0.3799903636222747,1.0630405075934724,1.1190488861608536,1.8937965381385082,0.6666666666666666,0.5
basket_return_le_1%,bottom_3_performer,next_close,scaled_exit_6_12,base,777,122.59146868250541,0.05306783872019076,-0.05724114980512389,0.4839124839124839,0.4123371068558822,-1.439520101230797,0.5344633260774457,1.0734661992005574,0.8414372770681584,1.32087539362346,0.6666666666666666,0.625
basket_return_le_2%,rel_btc_le_1%,next_close,scaled_exit_6_12,base,191,30.135097192224624,1.1083562776061742,0.38074480956487805,0.5863874345549738,2.1169604902277928,-0.44690783735823625,3.053181821237044,2.588247178171751,0.7004618900626555,0.27849025452886356,0.7,1.0
basket_return_le_2%,rel_btc_le_2%,next_close,scaled_exit_6_12,base,74,11.675377969762419,2.9441828619276937,0.9894622689918333,0.7567567567567568,2.1786953178264934,-0.22112118646321885,3.5964377718190685,7.0230954021726815,0.682593194877275,0.2824274030971378,1.0,1.0
basket_return_le_2%,symbol_zscore_le_-1,next_close,scaled_exit_6_12,base,287,45.281533477321815,0.6890105151247782,0.08973773044064445,0.519163763066202,1.9774601784081134,-0.6634168746422362,2.7089087037944717,1.941050756720528,0.5963700565393322,0.2819083301709274,0.7,1.0
basket_return_le_2%,symbol_zscore_le_-2,next_close,scaled_exit_6_12,base,269,42.441576673866095,0.7114482542591986,0.09047278330701855,0.5241635687732342,1.913795803957244,-0.6181636018576813,2.6588699750346563,1.9838050262139693,0.5824696898170613,0.25781762999882873,0.7,1.0
basket_return_le_2%,rel_btc_le_-1_atr_equiv,next_close,scaled_exit_6_12,base,188,29.661771058315335,0.8277763643782734,0.2569469213397924,0.5585106382978723,1.556219565031154,-0.4612600558075217,2.3264027503705798,2.184254345923709,0.7350320005687975,0.2863744677187734,0.7,1.0
basket_return_le_2%,bottom_1_performer,next_close,scaled_exit_6_12,base,38,5.995464362850972,1.760313108723308,0.47836405466732074,0.631578947368421,0.668918981314857,-0.037671052459755106,1.7343831644211198,5.459492513263497,0.7516573124342687,0.665587041926209,0.8,0.8571428571428571
basket_return_le_2%,bottom_2_performer,next_close,scaled_exit_6_12,base,76,11.990928725701943,1.2477287346882355,0.3644516319184688,0.5526315789473685,0.9482738383630589,-0.14131016190521017,2.036715980726706,3.0954595557484073,0.7496111405789677,0.4523737394498933,0.7,0.75
basket_return_le_2%,bottom_3_performer,next_close,scaled_exit_6_12,base,114,17.986393088552916,1.216561131042943,0.1825760733004939,0.5350877192982456,1.386879689388955,-0.2189857808234279,2.3564902912233703,2.7977939426866425,0.741300670337762,0.5055200261882736,0.8,0.625
breadth_down_1pct_ge_4,rel_btc_le_1%,next_close,scaled_exit_6_12,base,465,73.36555075593952,0.45332859834009853,0.15613011306999885,0.5440860215053763,2.1079779822814584,-0.9750163404037658,2.6335946222074167,1.6308670594907058,0.661598313014663,0.33239140865972744,0.5454545454545454,1.0
breadth_down_1pct_ge_4,rel_btc_le_2%,next_close,scaled_exit_6_12,base,85,13.410907127429805,2.7157741826610713,0.9727428593395728,0.7529411764705882,2.3084080552619106,-0.22892938584488268,3.736509139339818,6.36728234906358,0.7143771560962625,0.26874269154978364,1.0,1.0
breadth_down_1pct_ge_4,symbol_zscore_le_-1,next_close,scaled_exit_6_12,base,2583,407.53380129589635,-0.21219364043333738,-0.17328409638595935,0.4413472706155633,-5.480961732393104,-7.406824466455773,-4.969267460943284,0.721606567658769,,,0.4166666666666667,0.0
breadth_down_1pct_ge_4,symbol_zscore_le_-2,next_close,scaled_exit_6_12,base,2107,332.4327213822894,-0.1957898597483509,-0.15722077769835022,0.4409112482202183,-4.125292344897753,-5.843283082593355,-3.9821652721687184,0.73816607666275,,,0.4166666666666667,0.0
breadth_down_1pct_ge_4,rel_btc_le_-1_atr_equiv,next_close,scaled_exit_6_12,base,797,125.74697624190065,-0.00859114552739236,-0.05724114980512389,0.4730238393977415,-0.06847142985331711,-1.5923267127584084,-0.08360864264991337,0.9882581955066534,,,0.4166666666666667,0.25
breadth_down_1pct_ge_4,bottom_1_performer,next_close,scaled_exit_6_12,base,334,52.69697624190065,-0.05164807823268947,-0.10953261985884358,0.45808383233532934,-0.17250458129718282,-0.8189039938676643,-0.33203140634558315,0.9337463751133902,,,0.5833333333333334,0.375
breadth_down_1pct_ge_4,bottom_2_performer,next_close,scaled_exit_6_12,base,668,105.3939524838013,-0.11425451796347158,-0.13674261818345848,0.4491017964071856,-0.7632201799959901,-1.6635878734767098,-1.1340828798609615,0.8576338639094573,,,0.5,0.125
breadth_down_1pct_ge_4,bottom_3_performer,next_close,scaled_exit_6_12,base,1002,158.09092872570196,-0.11154446355905283,-0.13968734255083762,0.4471057884231537,-1.1176755248617094,-2.5906287059667727,-1.3721635813213207,0.8585353156159332,,,0.5,0.25
breadth_down_1pct_ge_5,rel_btc_le_1%,next_close,scaled_exit_6_12,base,419,66.10788336933045,0.52144205448893,0.1689343062710536,0.548926014319809,2.1848422083086168,-0.9139615639142789,2.7747748286607195,1.745534609622493,0.637019053963546,0.3151462157531355,0.6363636363636364,1.0
breadth_down_1pct_ge_5,rel_btc_le_2%,next_close,scaled_exit_6_12,base,84,13.253131749460044,2.745685860328048,0.9894622689918333,0.75,2.30637612267556,-0.22892938584488268,3.7361207968005306,6.362557900160214,0.7150065270857318,0.26897945563476305,1.0,1.0
breadth_down_1pct_ge_5,symbol_zscore_le_-1,next_close,scaled_exit_6_12,base,2014,317.75961123110153,-0.08648269491254604,-0.07072836705294454,0.4786494538232373,-1.7417614755386772,-4.185121536328245,-1.679100957934987,0.8781705789577946,,,0.5833333333333334,0.125
breadth_down_1pct_ge_5,symbol_zscore_le_-2,next_close,scaled_exit_6_12,base,1717,270.9003239740821,-0.10197721182519205,-0.08247206307892323,0.46825859056493885,-1.7509487270385478,-3.8259417390285586,-1.7628085729839507,0.857684997389685,,,0.5833333333333334,0.125
breadth_down_1pct_ge_5,rel_btc_le_-1_atr_equiv,next_close,scaled_exit_6_12,base,655,103.34287257019439,0.08772733745558862,-0.007112568283316122,0.4946564885496183,0.5746140603341054,-1.213517192024773,0.7259224301307583,1.1241820680615144,0.7846680368847577,0.6097050339268,0.5,0.875
breadth_down_1pct_ge_5,bottom_1_performer,next_close,scaled_exit_6_12,base,259,40.863822894168464,0.11899403329038755,-0.05468097113968999,0.4942084942084942,0.30819454622210374,-0.44811627158554934,0.6209942257926501,1.1655988830775943,0.9157830147356611,1.2550481966945366,0.6666666666666666,0.625
breadth_down_1pct_ge_5,bottom_2_performer,next_close,scaled_exit_6_12,base,518,81.72764578833693,0.046795199430425115,-0.06837338154304422,0.4826254826254826,0.2423991330496021,-0.9117794882756625,0.3799903636222747,1.0630405075934724,1.1190488861608536,1.8937965381385082,0.6666666666666666,0.5
breadth_down_1pct_ge_5,bottom_3_performer,next_close,scaled_exit_6_12,base,777,122.59146868250541,0.05306783872019076,-0.05724114980512389,0.4839124839124839,0.4123371068558822,-1.439520101230797,0.5344633260774457,1.0734661992005574,0.8414372770681584,1.32087539362346,0.6666666666666666,0.625
breadth_down_1pct_ge_6,rel_btc_le_1%,next_close,scaled_exit_6_12,base,372,58.692440604751624,0.6217135647567984,0.18962049951744503,0.5645161290322581,2.31277446089529,-0.9356596911457395,2.9881858254613234,1.9263619944890533,0.5821990483281229,0.3136799718709813,0.7272727272727273,0.875
breadth_down_1pct_ge_6,rel_btc_le_2%,next_close,scaled_exit_6_12,base,83,13.095356371490281,2.79303999736322,1.0061816786440938,0.7590361445783133,2.3182231978114722,-0.22112118646321885,3.762859215457951,6.542783104855922,0.7113525493078158,0.2676048598564401,1.0,1.0
breadth_down_1pct_ge_6,symbol_zscore_le_-1,next_close,scaled_exit_6_12,base,1538,242.6585313174946,0.0008106143230803964,-0.01133659940955094,0.49544863459037713,0.012467248288976496,-2.244414111350218,0.012803383560189471,1.0012042079712529,60.30619101487982,19.189918198832018,0.6666666666666666,0.375
breadth_down_1pct_ge_6,symbol_zscore_le_-2,next_close,scaled_exit_6_12,base,1356,213.94341252699783,-0.0046237067786114505,-0.026274313378091763,0.4889380530973451,-0.06269746391797126,-2.090782461897175,-0.06671047900190055,0.9930747726862209,,,0.6666666666666666,0.375
breadth_down_1pct_ge_6,rel_btc_le_-1_atr_equiv,next_close,scaled_exit_6_12,base,537,84.72537796976242,0.20651832681883903,0.07419184989314828,0.515828677839851,1.1090034150171655,-1.3128239509577648,1.4487892171288896,1.31253241591031,0.32813688469009394,0.3782027348167687,0.5833333333333334,1.0
breadth_down_1pct_ge_6,bottom_1_performer,next_close,scaled_exit_6_12,base,197,31.0817494600432,0.265802509153106,0.13353805185718168,0.5279187817258884,0.5236309430316188,-0.24719719578694785,1.103423156082956,1.4033394142093545,0.6128689419460899,0.7443496365899553,0.75,0.75
breadth_down_1pct_ge_6,bottom_2_performer,next_close,scaled_exit_6_12,base,394,62.1634989200864,0.1697193326729875,0.02832476824944315,0.5050761421319797,0.6686941707315708,-0.5994151391530534,1.110036223481562,1.2471814613587815,0.44359767447079845,0.660704933770801,0.6666666666666666,0.625
breadth_down_1pct_ge_6,bottom_3_performer,next_close,scaled_exit_6_12,base,591,93.2452483801296,0.1697739098246096,0.00274940803192354,0.5008460236886633,1.0033638070634427,-0.8415916850475915,1.3742392596263937,1.2520636320757752,0.4611959688949235,0.6070681567725873,0.6666666666666666,0.75
breadth_down_2pct_ge_4,rel_btc_le_1%,next_close,scaled_exit_6_12,base,207,32.65950323974082,1.082570068424407,0.406611427238226,0.5990338164251208,2.240920041638523,-0.46351318196428937,3.225608699719755,2.6566082146891445,0.6677470642543554,0.2616485704721111,0.6363636363636364,1.0
breadth_down_2pct_ge_4,rel_btc_le_2%,next_close,scaled_exit_6_12,base,77,12.148704103671706,2.857442863724071,0.9727428593395728,0.7532467532467533,2.200231005067535,-0.22112118646321885,3.6248799747938505,7.074164683511845,0.6759120266163593,0.2794338582973986,1.0,1.0
breadth_down_2pct_ge_4,symbol_zscore_le_-1,next_close,scaled_exit_6_12,base,327,51.59254859611231,0.6689125305722812,0.10618031150787752,0.5382262996941896,2.1873439749713595,-0.5173042094984841,2.9867380909250656,2.0170042119574654,0.5471237106716916,0.2606733228530065,0.5833333333333334,1.0
breadth_down_2pct_ge_4,symbol_zscore_le_-2,next_close,scaled_exit_6_12,base,308,48.594816414686825,0.6866560174772327,0.10893825685497024,0.5422077922077922,2.1149005338298767,-0.5173042094984841,2.9284779311298292,2.06023892667605,0.5353338106894704,0.23931623056766657,0.5833333333333334,1.0
breadth_down_2pct_ge_4,rel_btc_le_-1_atr_equiv,next_close,scaled_exit_6_12,base,208,32.817278617710585,0.7854860805092031,0.2569469213397924,0.5625,1.6338110474591425,-0.47786540041357484,2.4383976685078737,2.219458715652731,0.7054331932824306,0.270803781112479,0.5833333333333334,1.0
breadth_down_2pct_ge_4,bottom_1_performer,next_close,scaled_exit_6_12,base,43,6.784341252699784,1.6640008303591813,0.5501166820964154,0.6511627906976745,0.7155203570544479,-0.037671052459755106,1.854555239184365,5.749801753440313,0.7148241177330138,0.622237790542372,0.75,0.8571428571428571
breadth_down_2pct_ge_4,bottom_2_performer,next_close,scaled_exit_6_12,base,86,13.568682505399568,1.166409584025361,0.39231619249486765,0.5581395348837209,1.0031122422618104,-0.11320357720812681,2.148235037001938,3.124815296061393,0.7221068948208688,0.42714059540799143,0.5833333333333334,0.75
breadth_down_2pct_ge_4,bottom_3_performer,next_close,scaled_exit_6_12,base,129,20.35302375809935,1.141512440508286,0.34815845427205955,0.5426356589147286,1.472551048255689,-0.23273981809978306,2.4958726954655974,2.8522807144097913,0.7106233237524302,0.47392320789998876,0.6666666666666666,0.75
breadth_down_2pct_ge_5,rel_btc_le_1%,next_close,scaled_exit_6_12,base,191,30.135097192224624,1.1083562776061742,0.38074480956487805,0.5863874345549738,2.1169604902277928,-0.44690783735823625,3.053181821237044,2.588247178171751,0.7004618900626555,0.27849025452886356,0.7,1.0
breadth_down_2pct_ge_5,rel_btc_le_2%,next_close,scaled_exit_6_12,base,74,11.675377969762419,2.9441828619276937,0.9894622689918333,0.7567567567567568,2.1786953178264934,-0.22112118646321885,3.5964377718190685,7.0230954021726815,0.682593194877275,0.2824274030971378,1.0,1.0
breadth_down_2pct_ge_5,symbol_zscore_le_-1,next_close,scaled_exit_6_12,base,287,45.281533477321815,0.6890105151247782,0.08973773044064445,0.519163763066202,1.9774601784081134,-0.6634168746422362,2.7089087037944717,1.941050756720528,0.5963700565393322,0.2819083301709274,0.7,1.0
breadth_down_2pct_ge_5,symbol_zscore_le_-2,next_close,scaled_exit_6_12,base,269,42.441576673866095,0.7114482542591986,0.09047278330701855,0.5241635687732342,1.913795803957244,-0.6181636018576813,2.6588699750346563,1.9838050262139693,0.5824696898170613,0.25781762999882873,0.7,1.0
breadth_down_2pct_ge_5,rel_btc_le_-1_atr_equiv,next_close,scaled_exit_6_12,base,188,29.661771058315335,0.8277763643782734,0.2569469213397924,0.5585106382978723,1.556219565031154,-0.4612600558075217,2.3264027503705798,2.184254345923709,0.7350320005687975,0.2863744677187734,0.7,1.0
breadth_down_2pct_ge_5,bottom_1_performer,next_close,scaled_exit_6_12,base,38,5.995464362850972,1.760313108723308,0.47836405466732074,0.631578947368421,0.668918981314857,-0.037671052459755106,1.7343831644211198,5.459492513263497,0.7516573124342687,0.665587041926209,0.8,0.8571428571428571
breadth_down_2pct_ge_5,bottom_2_performer,next_close,scaled_exit_6_12,base,76,11.990928725701943,1.2477287346882355,0.3644516319184688,0.5526315789473685,0.9482738383630589,-0.14131016190521017,2.036715980726706,3.0954595557484073,0.7496111405789677,0.4523737394498933,0.7,0.75
breadth_down_2pct_ge_5,bottom_3_performer,next_close,scaled_exit_6_12,base,114,17.986393088552916,1.216561131042943,0.1825760733004939,0.5350877192982456,1.386879689388955,-0.2189857808234279,2.3564902912233703,2.7977939426866425,0.741300670337762,0.5055200261882736,0.8,0.625
breadth_down_2pct_ge_6,rel_btc_le_1%,next_close,scaled_exit_6_12,base,142,22.404103671706263,1.4413659131485799,0.42133489912320415,0.6267605633802817,2.0467395966709834,-0.34164742659467523,3.0641222804883665,3.3570578421276465,0.6833687598805298,0.2859626189093614,0.7777777777777778,1.0
breadth_down_2pct_ge_6,rel_btc_le_2%,next_close,scaled_exit_6_12,base,66,10.41317494600432,3.094272424173693,0.9308811203497438,0.7575757575757576,2.0422197999546374,-0.22112118646321885,3.381840579277708,6.658224868809983,0.7183598646563437,0.2749072987540385,1.0,1.0
breadth_down_2pct_ge_6,symbol_zscore_le_-1,next_close,scaled_exit_6_12,base,203,32.02840172786177,1.0273307655876867,0.27180117376373275,0.5763546798029556,2.0854814541430042,-0.34600784559144043,3.0391982107293085,2.7182463218303607,0.6251080238622998,0.2753657502362346,0.6666666666666666,1.0
breadth_down_2pct_ge_6,symbol_zscore_le_-2,next_close,scaled_exit_6_12,base,192,30.292872570194387,1.0612480723272695,0.2770127816197699,0.5885416666666666,2.0375962988683574,-0.34600784559144043,3.006345541676556,2.8301498117127926,0.6162977602695838,0.23743362762721426,0.6666666666666666,1.0
breadth_down_2pct_ge_6,rel_btc_le_-1_atr_equiv,next_close,scaled_exit_6_12,base,135,21.299676025917925,1.2961986280656037,0.4161731910865019,0.6296296296296297,1.749868147888565,-0.34164742659467523,2.7002078307012187,3.211505482481376,0.7077542285489471,0.28761666433531274,0.7777777777777778,1.0
breadth_down_2pct_ge_6,bottom_2_performer,next_close,scaled_exit_6_12,base,52,8.204319654427646,1.8283377481542111,0.5078329607616472,0.6153846153846154,0.9507356290401898,-0.08280979797590515,2.149957975343143,5.639368908621015,0.7507482792348142,0.42112851315935945,0.6666666666666666,0.8571428571428571
breadth_down_2pct_ge_6,bottom_3_performer,next_close,scaled_exit_6_12,base,78,12.30647948164147,1.7290039951323488,0.39367811840155204,0.5769230769230769,1.348623116203232,-0.1570997205729321,2.40066670407822,4.261945726138234,0.7423028124374396,0.42949642270619864,0.8888888888888888,0.8571428571428571
btc_return_le_1%,rel_btc_le_1%,next_close,scaled_exit_6_12,base,143,22.561879049676026,1.2340313892352377,0.38074480956487805,0.5594405594405595,1.76466488660639,-0.4654672774952292,2.5601599102305843,2.377266799748839,0.7979959019426134,0.27984287037605515,0.6666666666666666,1.0
btc_return_le_1%,symbol_zscore_le_-1,next_close,scaled_exit_6_12,base,779,122.90701943844493,-0.0017324849375010554,-0.18906832089613293,0.4454428754813864,-0.01349605766313322,-2.678564750167457,-0.01685483873793148,0.997647171544559,,,0.5833333333333334,0.375
btc_return_le_1%,symbol_zscore_le_-2,next_close,scaled_exit_6_12,base,687,108.39168466522679,0.08716039831850403,-0.12949082075730303,0.4585152838427948,0.5987919364481227,-1.9501537876903625,0.7739438234024513,1.1279984674190384,2.3228531158057386,0.5771056476554831,0.5,0.75
btc_return_le_1%,rel_btc_le_-1_atr_equiv,next_close,scaled_exit_6_12,base,160,25.244060475161987,0.7979208466616299,0.08061238640932564,0.5125,1.2766733546586078,-0.49246770794210054,1.9154138436825467,1.959288693341003,0.9737414474372654,0.30859990536009435,0.5454545454545454,0.875
basket_return_le_3%,rel_btc_le_1%,next_close,scaled_exit_6_12,base,53,8.36209503239741,3.222575699256248,0.8890193813599148,0.6981132075471698,1.7079651206058113,-0.34164742659467523,2.6946361337286864,3.9859011112878497,0.7002017101250174,0.26692865588400017,0.75,1.0
basket_return_le_3%,symbol_zscore_le_-1,next_close,scaled_exit_6_12,base,64,10.097624190064796,2.876385534927927,0.7052499306129856,0.703125,1.8408867423538733,-0.34600784559144043,2.8678677039325637,4.0715998588840305,0.647849282922811,0.2476550150810011,0.75,1.0
basket_return_le_3%,symbol_zscore_le_-2,next_close,scaled_exit_6_12,base,64,10.097624190064796,2.876385534927927,0.7052499306129856,0.703125,1.8408867423538733,-0.34600784559144043,2.8678677039325637,4.0715998588840305,0.647849282922811,0.2476550150810011,0.75,1.0
basket_return_le_3%,rel_btc_le_-1_atr_equiv,next_close,scaled_exit_6_12,base,47,7.415442764578834,3.274076079734874,0.8890193813599148,0.7446808510638298,1.5388157574753907,-0.3416474265946753,2.481619786484761,4.062930883182125,0.7771691266302856,0.3011952296177392,1.0,0.875
basket_return_le_1%,rel_basket_le_1%,next_close,scaled_exit_6_12,base,49,7.730993520518359,2.0763191975119977,0.4682479478982949,0.6326530612244898,1.017396406780879,-0.10890427969340866,2.176857193659891,3.9265026178325027,0.9004257885007039,0.3877359036933307,0.6,1.0
basket_return_le_1%,rel_btc_le_3%,next_close,scaled_exit_6_12,base,27,4.259935205183585,6.460716839585164,4.68017047778724,0.8148148148148148,1.7443935466879943,-0.1570997205729321,3.174013974429848,7.623262400118305,0.8895413684053791,0.2637311386811885,1.0,1.0
basket_return_le_1%,rel_basket_le_-1_atr_equiv,next_close,scaled_exit_6_12,base,80,12.622030237580994,0.19285540850855054,0.06322553288851071,0.525,0.15428432680684043,-0.2779365163921439,0.3647097092845296,1.2068154549820416,1.81663954838814,1.7151656802834792,0.5833333333333334,0.625
basket_return_le_2%,rel_basket_le_1%,next_close,scaled_exit_6_12,base,21,3.313282937365011,4.28395955523587,1.4505130418890813,0.7619047619047619,0.8996315065995327,-0.06101084434623072,2.0861546641300617,7.123907761054323,0.790572422181579,0.5113770393781145,1.0,0.7142857142857143
basket_return_le_2%,rel_btc_le_3%,next_close,scaled_exit_6_12,base,24,3.7866090712742984,6.65911408725419,3.955027272247322,0.7916666666666666,1.5981873809410057,-0.1570997205729321,2.915383364855086,7.068134343094659,0.8906997434318666,0.2878579207059348,1.0,1.0
basket_return_le_2%,rel_basket_le_-1_atr_equiv,next_close,scaled_exit_6_12,base,26,4.102159827213823,1.2227409956680009,0.5749960958155909,0.6923076923076923,0.3179126588736802,-0.1570997205729321,0.7905754054623105,2.113249625373512,0.798539460558005,1.1319500873150377,0.7777777777777778,0.7142857142857143
basket_return_le_3%,rel_basket_le_1%,next_close,scaled_exit_6_12,base,11,1.7355291576673866,6.737769979756893,5.065179043370641,0.7272727272727273,0.7411546977732582,-0.06101084434623072,1.7910153049211697,6.76121149609323,0.7715111520443262,0.49864706132573616,1.0,0.8333333333333334
basket_return_le_3%,rel_btc_le_2%,next_close,scaled_exit_6_12,base,35,5.522138228941685,4.844507153732776,1.1730281768578068,0.7714285714285715,1.6955775038064715,-0.22112118646321885,2.9324375815330685,6.116103700331529,0.7398443269506474,0.2677900242993564,1.0,1.0
basket_return_le_3%,rel_btc_le_3%,next_close,scaled_exit_6_12,base,21,3.313282937365011,7.04271181619214,5.065179043370641,0.7619047619047619,1.4789694814003493,-0.1570997205729321,2.7195872501987517,6.615477640168926,0.8818891850186059,0.25008589659066816,1.0,0.8571428571428571
basket_return_le_3%,rel_basket_le_-1_atr_equiv,next_close,scaled_exit_6_12,base,12,1.8933045356371492,2.343297097647637,0.5749960958155909,0.6666666666666666,0.28119565171771643,-0.1570997205729321,0.6932995838364528,2.205826884705246,0.9028084238528612,1.3142970375779626,1.0,0.6
basket_return_le_3%,bottom_1_performer,next_close,scaled_exit_6_12,base,8,1.2622030237580995,6.613932265279318,1.1853020126367928,0.75,0.5291145812223454,-0.00966401630342878,1.4847873322851306,43.105143583425715,0.8208594780350457,0.7977905270561749,0.75,0.6666666666666666
basket_return_le_3%,bottom_2_performer,next_close,scaled_exit_6_12,base,16,2.524406047516199,4.998640173906042,0.7403744611535169,0.75,0.7997824278249668,-0.0525479885940828,1.9200996006468538,9.697190547663194,0.810103768527238,0.47320970388815037,0.75,0.8571428571428571
basket_return_le_3%,bottom_3_performer,next_close,scaled_exit_6_12,base,24,3.7866090712742984,4.482945394141921,0.7403744611535169,0.6666666666666666,1.0759068945940609,-0.1570997205729321,2.0312958176400406,5.800993342011441,0.7807984906265513,0.4220241948696622,0.75,0.8571428571428571
breadth_down_1pct_ge_4,rel_basket_le_1%,next_close,scaled_exit_6_12,base,52,8.204319654427646,1.9388199592699453,0.40524950133154164,0.6153846153846154,1.0081863788203715,-0.10687234710705806,2.149933117798961,3.8091699692934893,0.9086513972399893,0.39127796554749544,0.6,1.0
breadth_down_1pct_ge_4,rel_btc_le_3%,next_close,scaled_exit_6_12,base,27,4.259935205183585,6.460716839585164,4.68017047778724,0.8148148148148148,1.7443935466879943,-0.1570997205729321,3.174013974429848,7.623262400118305,0.8895413684053791,0.2637311386811885,1.0,1.0
breadth_down_1pct_ge_4,rel_basket_le_-1_atr_equiv,next_close,scaled_exit_6_12,base,99,15.619762419006479,-0.04145787912781952,-0.04401659423304054,0.48484848484848486,-0.04104330033654133,-0.44863723221875906,-0.0944919006694146,0.9580580056668198,,,0.5833333333333334,0.5
breadth_down_1pct_ge_5,rel_basket_le_1%,next_close,scaled_exit_6_12,base,49,7.730993520518359,2.0763191975119977,0.4682479478982949,0.6326530612244898,1.017396406780879,-0.10890427969340866,2.176857193659891,3.9265026178325027,0.9004257885007039,0.3877359036933307,0.6,1.0
breadth_down_1pct_ge_5,rel_btc_le_3%,next_close,scaled_exit_6_12,base,27,4.259935205183585,6.460716839585164,4.68017047778724,0.8148148148148148,1.7443935466879943,-0.1570997205729321,3.174013974429848,7.623262400118305,0.8895413684053791,0.2637311386811885,1.0,1.0
breadth_down_1pct_ge_5,rel_basket_le_-1_atr_equiv,next_close,scaled_exit_6_12,base,80,12.622030237580994,0.19285540850855054,0.06322553288851071,0.525,0.15428432680684043,-0.2779365163921439,0.3647097092845296,1.2068154549820416,1.81663954838814,1.7151656802834792,0.5833333333333334,0.625
breadth_down_1pct_ge_6,rel_basket_le_1%,next_close,scaled_exit_6_12,base,42,6.626565874730022,2.401867231679392,0.5132552992911787,0.6666666666666666,1.0087842373053446,-0.07369994505341348,2.1951357698883744,4.701155571251347,0.8655322029455257,0.44777646012478545,0.8,0.8571428571428571
breadth_down_1pct_ge_6,rel_btc_le_3%,next_close,scaled_exit_6_12,base,27,4.259935205183585,6.460716839585164,4.68017047778724,0.8148148148148148,1.7443935466879943,-0.1570997205729321,3.174013974429848,7.623262400118305,0.8895413684053791,0.2637311386811885,1.0,1.0
breadth_down_1pct_ge_6,rel_basket_le_-1_atr_equiv,next_close,scaled_exit_6_12,base,61,9.624298056155508,0.4345093010346485,0.07419184989314828,0.5409836065573771,0.2650506736311356,-0.1968596859993646,0.6498822028611144,1.5444753537536442,1.057454432897628,1.260003331925143,0.6666666666666666,0.625
breadth_down_2pct_ge_4,rel_basket_le_1%,next_close,scaled_exit_6_12,base,24,3.7866090712742984,3.8381966410023916,1.4370807598457072,0.75,0.921167193840574,-0.06101084434623072,2.1217528338679816,7.249055310179575,0.7720898703285203,0.49887433854231433,1.0,0.7142857142857143
breadth_down_2pct_ge_4,rel_btc_le_3%,next_close,scaled_exit_6_12,base,25,3.9443844492440605,6.464753657159377,2.8448755011240023,0.8,1.6161884142898442,-0.1570997205729321,2.9392395199528303,7.136482203913684,0.8807791700361194,0.2846517722243968,1.0,1.0
breadth_down_2pct_ge_4,rel_basket_le_-1_atr_equiv,next_close,scaled_exit_6_12,base,31,4.891036717062635,1.0351624030688626,0.5336707729657575,0.6451612903225806,0.32090034495134745,-0.17227910950542077,0.7976385188225169,2.053430980531282,0.7911047997160576,1.1214112656225954,0.6666666666666666,0.7142857142857143
breadth_down_2pct_ge_5,rel_basket_le_1%,next_close,scaled_exit_6_12,base,21,3.313282937365011,4.28395955523587,1.4505130418890813,0.7619047619047619,0.8996315065995327,-0.06101084434623072,2.0861546641300617,7.123907761054323,0.790572422181579,0.5113770393781145,1.0,0.7142857142857143
breadth_down_2pct_ge_5,rel_btc_le_3%,next_close,scaled_exit_6_12,base,24,3.7866090712742984,6.65911408725419,3.955027272247322,0.7916666666666666,1.5981873809410057,-0.1570997205729321,2.915383364855086,7.068134343094659,0.8906997434318666,0.2878579207059348,1.0,1.0
breadth_down_2pct_ge_5,rel_basket_le_-1_atr_equiv,next_close,scaled_exit_6_12,base,26,4.102159827213823,1.2227409956680009,0.5749960958155909,0.6923076923076923,0.3179126588736802,-0.1570997205729321,0.7905754054623105,2.113249625373512,0.798539460558005,1.1319500873150377,0.7777777777777778,0.7142857142857143
breadth_down_2pct_ge_6,rel_basket_le_1%,next_close,scaled_exit_6_12,base,19,2.997732181425486,4.780674475359698,1.7788744843264668,0.7894736842105263,0.9083281503183425,-0.06101084434623072,2.1309028935276477,7.606345015660172,0.7830032119933664,0.506480941072791,1.0,0.8333333333333334
breadth_down_2pct_ge_6,rel_btc_le_3%,next_close,scaled_exit_6_12,base,24,3.7866090712742984,6.65911408725419,3.955027272247322,0.7916666666666666,1.5981873809410057,-0.1570997205729321,2.915383364855086,7.068134343094659,0.8906997434318666,0.2878579207059348,1.0,1.0
breadth_down_2pct_ge_6,rel_basket_le_-1_atr_equiv,next_close,scaled_exit_6_12,base,20,3.1555075593952484,1.6547269313477713,0.5749960958155909,0.7,0.3309453862695543,-0.1570997205729321,0.8249137434778578,2.335980878395011,0.7670927399325534,1.1638509241083894,0.8571428571428571,0.6666666666666666
breadth_down_2pct_ge_6,bottom_1_performer,next_close,scaled_exit_6_12,base,26,4.102159827213823,2.428386606865823,0.5534613979986747,0.6923076923076923,0.6313805177851141,-0.03573279565037979,1.6879373932243302,12.010576201818461,0.7739848256335201,0.7145358217685384,0.8888888888888888,0.8571428571428571
btc_return_le_1%,bottom_3_performer,next_close,scaled_exit_6_12,base,303,47.80593952483802,0.20555822786906225,-0.17368510659922834,0.46864686468646866,0.6228414304432586,-0.9782246205622511,0.9841979746693617,1.2800410129237763,1.7046790742087838,0.8021747104680748,0.5833333333333334,0.625
btc_return_le_1%,rel_btc_le_2%,next_close,scaled_exit_6_12,base,48,7.573218142548597,4.037831024390624,1.4370807598457072,0.7916666666666666,1.9381588917074997,-0.22112118646321885,3.257480220227161,5.8908659676195265,0.7485622184862638,0.2911403762597512,1.0,1.0
btc_return_le_1%,bottom_2_performer,next_close,scaled_exit_6_12,base,202,31.87062634989201,0.23813026330347042,-0.1132822826584228,0.48514851485148514,0.48102313187301027,-0.6410373556987682,0.9531088615609349,1.3395019235994299,1.5617688798483729,0.6985703652609776,0.5,0.625
basket_return_le_1%,rel_basket_le_2%,next_close,scaled_exit_6_12,base,13,2.0510799136069116,4.347637080571223,1.7788744843264668,0.6923076923076923,0.565192820474259,-0.06439506372999515,1.4651305698504256,5.022933498555978,0.9891117544491064,0.7831330807811409,0.6666666666666666,0.6
breadth_down_1pct_ge_4,rel_basket_le_2%,next_close,scaled_exit_6_12,base,13,2.0510799136069116,4.347637080571223,1.7788744843264668,0.6923076923076923,0.565192820474259,-0.06439506372999515,1.4651305698504256,5.022933498555978,0.9891117544491064,0.7831330807811409,0.6666666666666666,0.6
breadth_down_1pct_ge_5,rel_basket_le_2%,next_close,scaled_exit_6_12,base,13,2.0510799136069116,4.347637080571223,1.7788744843264668,0.6923076923076923,0.565192820474259,-0.06439506372999515,1.4651305698504256,5.022933498555978,0.9891117544491064,0.7831330807811409,0.6666666666666666,0.6
btc_return_le_1%,rel_basket_le_1%,next_close,scaled_exit_6_12,base,26,4.102159827213823,3.1225231532997166,0.6962147883948412,0.6538461538461539,0.8118560198579263,-0.07908505519454534,1.807529477782335,4.3959064455763155,0.876046788897025,0.5443686317234319,0.8571428571428571,0.7142857142857143
btc_return_le_1%,rel_basket_le_-1_atr_equiv,next_close,scaled_exit_6_12,base,40,6.311015118790497,0.4811091567865547,-0.08901014318708536,0.475,0.19244366271462188,-0.16961903975574247,0.4730552378671261,1.446290487619743,1.319169462587145,1.7085404089964373,0.6666666666666666,0.5714285714285714
btc_return_le_1%,bottom_1_performer,next_close,scaled_exit_6_12,base,101,15.935313174946005,0.4046612657220161,0.0012773082166040567,0.504950495049505,0.4087078783792362,-0.31889155537181013,0.9840870038702688,1.6352880629725985,1.2581869966920227,0.9478209642583393,0.5,0.5
btc_return_le_1%,rel_basket_le_2%,next_close,scaled_exit_6_12,base,10,1.5777537796976242,4.776354346410554,1.6146937631077738,0.7,0.4776354346410554,-0.06101084434623072,1.2470250757282089,4.712799453694323,1.0,0.9514961347263429,1.0,0.6
btc_return_le_1%,rel_btc_le_3%,next_close,scaled_exit_6_12,base,22,3.471058315334773,7.214854757747763,5.169311961302022,0.7727272727272727,1.5872680467045077,-0.10455173197884929,2.931533213122985,7.026674882286496,0.8968271572754758,0.28632106014662734,1.0,1.0
basket_return_le_2%,rel_basket_le_2%,next_close,scaled_exit_6_12,base,10,1.5777537796976242,4.776354346410554,1.6146937631077738,0.7,0.4776354346410554,-0.06101084434623072,1.2470250757282089,4.712799453694323,1.0,0.9514961347263429,1.0,0.6
btc_return_le_2%,rel_btc_le_1%,next_close,scaled_exit_6_12,base,23,3.6288336933045358,0.9999031772157522,1.4197672367100147,0.6521739130434783,0.22997773075962302,-0.28909943800059246,0.733334231304694,1.4726690527328832,2.1934853917618127,0.6469413102531116,0.3333333333333333,0.75
btc_return_le_2%,rel_basket_le_1%,next_close,scaled_exit_6_12,base,8,1.2622030237580995,1.953653849484633,3.422026763848554,0.625,0.15629230795877064,-0.06101084434623075,0.9614900851689757,2.2149056655355404,1.0477992083110506,0.6132896019424506,0.5,0.6666666666666666
btc_return_le_2%,rel_btc_le_2%,next_close,scaled_exit_6_12,base,17,2.682181425485961,1.369471705877042,1.7788744843264668,0.6470588235294118,0.23281018999909717,-0.16857319786913605,0.9503048092437939,1.7110982962333088,1.6522203191984972,0.3430851569512112,0.5,0.8571428571428571
btc_return_le_2%,rel_basket_le_2%,next_close,scaled_exit_6_12,base,6,0.9466522678185746,-0.12451080975893591,0.13509725643684692,0.5,-0.007470648585536154,-0.06101084434623075,-0.06132994382321206,0.9419284710147912,,,0.0,0.4
btc_return_le_2%,rel_btc_le_3%,next_close,scaled_exit_6_12,base,12,1.8933045356371492,0.5145267802801625,1.4759513305921368,0.5833333333333334,0.06174321363361951,-0.10455173197884929,0.30071167180540104,1.2344319067784124,2.6523231770226006,1.0636966290465397,0.5,0.7142857142857143
btc_return_le_2%,symbol_zscore_le_-1,next_close,scaled_exit_6_12,base,40,6.311015118790497,0.8335339087212821,0.14561936011949725,0.525,0.33341356348851287,-0.29345985699735766,1.023027540498826,1.6095544710646668,1.9036417346983638,0.367750733933449,0.3333333333333333,0.75
btc_return_le_2%,symbol_zscore_le_-2,next_close,scaled_exit_6_12,base,40,6.311015118790497,0.8335339087212821,0.14561936011949725,0.525,0.33341356348851287,-0.29345985699735766,1.023027540498826,1.6095544710646668,1.9036417346983638,0.367750733933449,0.3333333333333333,0.75
btc_return_le_2%,rel_btc_le_-1_atr_equiv,next_close,scaled_exit_6_12,base,23,3.6288336933045358,-0.23873870814229872,-0.21052855268110285,0.43478260869565216,-0.054909902872728705,-0.28909943800059246,-0.19612190325057582,0.8915559177217998,,,0.3333333333333333,0.625
btc_return_le_2%,rel_basket_le_-1_atr_equiv,next_close,scaled_exit_6_12,base,7,1.1044276457883369,-1.6003197223483634,-1.508679971452773,0.42857142857142855,-0.11202238056438543,-0.10455173197884929,-0.7071076919971582,0.5196241572440081,,,0.0,0.4
btc_return_le_2%,bottom_2_performer,next_close,scaled_exit_6_12,base,10,1.5777537796976242,2.375662779866828,1.5111632582159717,0.7,0.2375662779866828,-0.012078145839476417,1.7356202557889489,4.67600940500193,0.761966007486484,0.40347665563912455,0.6666666666666666,0.8333333333333334
btc_return_le_2%,bottom_3_performer,next_close,scaled_exit_6_12,base,15,2.3666306695464363,1.297913948067444,0.48199514855753695,0.6,0.1946870922101166,-0.10455173197884929,0.9797229430331191,2.0526234504929994,1.3275984094692532,0.49234104966369485,0.3333333333333333,0.8333333333333334
basket_return_le_3%,rel_basket_le_2%,next_close,scaled_exit_6_12,base,7,1.1044276457883369,5.120250501434271,1.7788744843264668,0.5714285714285714,0.358417535100399,-0.06101084434623072,0.9278687764503836,3.7860839711678365,1.0,1.0155529511791277,1.0,0.6
breadth_down_1pct_ge_6,rel_basket_le_2%,next_close,scaled_exit_6_12,base,12,1.8933045356371492,4.808665796751428,1.7894889096051434,0.75,0.5770398956101713,-0.06101084434623072,1.5089613386414333,5.485499303022441,0.9688045255002627,0.7875855262810537,1.0,0.6
breadth_down_2pct_ge_4,rel_basket_le_2%,next_close,scaled_exit_6_12,base,11,1.7355291576673866,4.505786072635396,1.7788744843264668,0.7272727272727273,0.4956364679898936,-0.06101084434623072,1.2965937911341505,4.852726732820352,0.9636809748446411,0.91693872267399,1.0,0.6
breadth_down_2pct_ge_5,rel_basket_le_2%,next_close,scaled_exit_6_12,base,10,1.5777537796976242,4.776354346410554,1.6146937631077738,0.7,0.4776354346410554,-0.06101084434623072,1.2470250757282089,4.712799453694323,1.0,0.9514961347263429,1.0,0.6
breadth_down_2pct_ge_6,rel_basket_le_2%,next_close,scaled_exit_6_12,base,10,1.5777537796976242,4.776354346410554,1.6146937631077738,0.7,0.4776354346410554,-0.06101084434623072,1.2470250757282089,4.712799453694323,1.0,0.9514961347263429,1.0,0.6
basket_return_le_1%,rel_basket_le_3%,next_close,scaled_exit_6_12,base,4,0.6311015118790497,0.6822148791320495,1.7782495359589339,0.5,0.027288595165281978,-0.06101084434623075,0.24759713763682722,1.3585997372467145,1.0,1.9324720995321025,1.0,0.5
btc_return_le_1%,rel_basket_le_3%,next_close,scaled_exit_6_12,base,4,0.6311015118790497,0.6822148791320495,1.7782495359589339,0.5,0.027288595165281978,-0.06101084434623075,0.24759713763682722,1.3585997372467145,1.0,1.9324720995321025,1.0,0.5
basket_return_le_2%,rel_basket_le_3%,next_close,scaled_exit_6_12,base,4,0.6311015118790497,0.6822148791320495,1.7782495359589339,0.5,0.027288595165281978,-0.06101084434623075,0.24759713763682722,1.3585997372467145,1.0,1.9324720995321025,1.0,0.5
btc_return_le_2%,rel_basket_le_3%,next_close,scaled_exit_6_12,base,4,0.6311015118790497,0.6822148791320495,1.7782495359589339,0.5,0.027288595165281978,-0.06101084434623075,0.24759713763682722,1.3585997372467145,1.0,1.9324720995321025,1.0,0.5
btc_return_le_2%,bottom_1_performer,next_close,scaled_exit_6_12,base,5,0.7888768898488121,3.492444348118324,1.7788744843264668,0.8,0.17462221740591619,-0.0021052855268110238,1.9948357567864818,83.94467196115882,0.6201213640761348,0.548913241159277,0.6666666666666666,1.0
basket_return_le_3%,rel_basket_le_3%,next_close,scaled_exit_6_12,base,4,0.6311015118790497,0.6822148791320495,1.7782495359589339,0.5,0.027288595165281978,-0.06101084434623075,0.24759713763682722,1.3585997372467145,1.0,1.9324720995321025,1.0,0.5
breadth_down_1pct_ge_4,rel_basket_le_3%,next_close,scaled_exit_6_12,base,4,0.6311015118790497,0.6822148791320495,1.7782495359589339,0.5,0.027288595165281978,-0.06101084434623075,0.24759713763682722,1.3585997372467145,1.0,1.9324720995321025,1.0,0.5
breadth_down_1pct_ge_5,rel_basket_le_3%,next_close,scaled_exit_6_12,base,4,0.6311015118790497,0.6822148791320495,1.7782495359589339,0.5,0.027288595165281978,-0.06101084434623075,0.24759713763682722,1.3585997372467145,1.0,1.9324720995321025,1.0,0.5
breadth_down_1pct_ge_6,rel_basket_le_3%,next_close,scaled_exit_6_12,base,4,0.6311015118790497,0.6822148791320495,1.7782495359589339,0.5,0.027288595165281978,-0.06101084434623075,0.24759713763682722,1.3585997372467145,1.0,1.9324720995321025,1.0,0.5
breadth_down_2pct_ge_4,rel_basket_le_3%,next_close,scaled_exit_6_12,base,4,0.6311015118790497,0.6822148791320495,1.7782495359589339,0.5,0.027288595165281978,-0.06101084434623075,0.24759713763682722,1.3585997372467145,1.0,1.9324720995321025,1.0,0.5
breadth_down_2pct_ge_5,rel_basket_le_3%,next_close,scaled_exit_6_12,base,4,0.6311015118790497,0.6822148791320495,1.7782495359589339,0.5,0.027288595165281978,-0.06101084434623075,0.24759713763682722,1.3585997372467145,1.0,1.9324720995321025,1.0,0.5
breadth_down_2pct_ge_6,rel_basket_le_3%,next_close,scaled_exit_6_12,base,4,0.6311015118790497,0.6822148791320495,1.7782495359589339,0.5,0.027288595165281978,-0.06101084434623075,0.24759713763682722,1.3585997372467145,1.0,1.9324720995321025,1.0,0.5
btc_return_le_3%,rel_btc_le_1%,next_close,scaled_exit_6_12,base,6,0.9466522678185746,8.119972017418903,7.834425846883378,1.0,0.48719832104513416,0.0,13.017618758062289,inf,1.0,0.21047813627966797,1.0,1.0
btc_return_le_3%,rel_btc_le_2%,next_close,scaled_exit_6_12,base,5,0.7888768898488121,7.69307452865942,7.559393509977855,1.0,0.384653726432971,0.0,13.811216823448921,inf,1.0,0.2491915214849853,1.0,1.0
btc_return_le_3%,symbol_zscore_le_-1,next_close,scaled_exit_6_12,base,8,1.2622030237580995,7.731806484289505,7.293730729808376,1.0,0.6185445187431604,0.0,14.596238070105812,inf,1.0,0.16578369301619014,1.0,1.0
btc_return_le_3%,symbol_zscore_le_-2,next_close,scaled_exit_6_12,base,8,1.2622030237580995,7.731806484289505,7.293730729808376,1.0,0.6185445187431604,0.0,14.596238070105812,inf,1.0,0.16578369301619014,1.0,1.0
btc_return_le_3%,rel_btc_le_-1_atr_equiv,next_close,scaled_exit_6_12,base,3,0.4733261339092873,7.9785630548028434,7.559393509977855,1.0,0.23935689164408533,0.0,9.573531802256692,inf,1.0,0.40045827248304317,1.0,1.0
btc_return_le_3%,bottom_3_performer,next_close,scaled_exit_6_12,base,3,0.4733261339092873,7.9785630548028434,7.559393509977855,1.0,0.23935689164408533,0.0,9.573531802256692,inf,1.0,0.40045827248304317,1.0,1.0
btc_return_le_3%,rel_basket_le_1%,next_close,scaled_exit_6_12,base,2,0.31555075593952486,8.188147827215339,8.188147827215339,1.0,0.16376295654430678,0.0,5.860830262064885,inf,1.0,0.5853121448058863,1.0,1.0
btc_return_le_3%,rel_btc_le_3%,next_close,scaled_exit_6_12,base,2,0.31555075593952486,8.188147827215339,8.188147827215339,1.0,0.16376295654430678,0.0,5.860830262064885,inf,1.0,0.5853121448058863,1.0,1.0
btc_return_le_3%,bottom_2_performer,next_close,scaled_exit_6_12,base,2,0.31555075593952486,8.188147827215339,8.188147827215339,1.0,0.16376295654430678,0.0,5.860830262064885,inf,1.0,0.5853121448058863,1.0,1.0
btc_return_le_3%,bottom_1_performer,next_close,scaled_exit_6_12,base,1,0.15777537796976243,9.585244733470136,9.585244733470136,1.0,0.09585244733470136,0.0,0.0,inf,1.0,1.0,1.0,1.0
basket_return_le_1%,rel_btc_le_1%,next_close,scaled_exit_6_12,stress,419,66.10788336933045,0.3408908377671938,-0.011264578692161551,0.49403341288782815,1.428332610244542,-1.0084639771949302,1.8158138124457783,1.434770668540123,0.8625222064496111,0.3832672598414086,0.5454545454545454,0.875
basket_return_le_1%,rel_btc_le_2%,next_close,scaled_exit_6_12,stress,84,13.253131749460044,2.5629115102555806,0.8084432657149799,0.7023809523809523,2.1528456686146877,-0.23770207250205252,3.490904503742089,5.5653879657370275,0.7384719410802462,0.2728213815576101,1.0,0.875
basket_return_le_1%,symbol_zscore_le_-1,next_close,scaled_exit_6_12,stress,2014,317.75961123110153,-0.26642629039169163,-0.25068770899459397,0.42651439920556106,-5.365825488488669,-6.269286910187688,-5.177963296843614,0.6700480951971466,,,0.4166666666666667,0.0
basket_return_le_1%,symbol_zscore_le_-2,next_close,scaled_exit_6_12,stress,1717,270.9003239740821,-0.2819053205230722,-0.262419667187581,0.41700640652300525,-4.84031435338115,-5.57940058982954,-4.877975195104711,0.6544480046044694,,,0.3333333333333333,0.0
basket_return_le_1%,rel_btc_le_-1_atr_equiv,next_close,scaled_exit_6_12,stress,655,103.34287257019439,-0.09239038108145767,-0.18713549426351378,0.4396946564885496,-0.6051569960835477,-1.4229386197290927,-0.7652728754451132,0.8847176519984518,,,0.3333333333333333,0.125
basket_return_le_1%,bottom_1_performer,next_close,scaled_exit_6_12,stress,259,40.863822894168464,-0.061154936332575495,-0.23465635246557964,0.4517374517374517,-0.15839128510137054,-0.6394524501076952,-0.3194686083776626,0.9246463565194272,,,0.3333333333333333,0.375
basket_return_le_1%,bottom_2_performer,next_close,scaled_exit_6_12,stress,518,81.72764578833693,-0.1332816074039913,-0.24833507729447407,0.4362934362934363,-0.6903987263526751,-1.3303381455380832,-1.0833674856823705,0.8410135016122405,,,0.5833333333333334,0.125
basket_return_le_1%,bottom_3_performer,next_close,scaled_exit_6_12,stress,777,122.59146868250541,-0.1270152376218964,-0.2372139722305165,0.4375804375804376,-0.986908396322135,-2.066386121952217,-1.2804912915338513,0.8447803406077657,,,0.5833333333333334,0.25
basket_return_le_2%,rel_btc_le_1%,next_close,scaled_exit_6_12,stress,191,30.135097192224624,0.9272184396786133,0.20033421984487115,0.5392670157068062,1.7709872197861514,-0.46446415613964687,2.55675808013244,2.1966222908068804,0.7744548914123411,0.3020657578688299,0.7,0.875
basket_return_le_2%,rel_btc_le_2%,next_close,scaled_exit_6_12,stress,74,11.675377969762419,2.76121011395338,0.8084432657149799,0.7162162162162162,2.043295484325501,-0.2263010767215716,3.3763038197655693,6.149419551593013,0.7015468288241506,0.28762542860401485,1.0,0.875
basket_return_le_2%,symbol_zscore_le_-1,next_close,scaled_exit_6_12,stress,287,45.281533477321815,0.5082918136010649,-0.0903819974856955,0.47038327526132406,1.4587975050350561,-0.819512926618646,2.000395775224613,1.6184635468803115,0.7298479764361694,0.33856295938082287,0.7,1.0
basket_return_le_2%,symbol_zscore_le_-2,next_close,scaled_exit_6_12,stress,269,42.441576673866095,0.530707126198406,-0.08964767930521131,0.4721189591078067,1.4276021694737122,-0.7707042838142006,1.9853770429162716,1.653405134968922,0.7195278082019231,0.30366108446410783,0.7,1.0
basket_return_le_2%,rel_btc_le_-1_atr_equiv,next_close,scaled_exit_6_12,stress,188,29.661771058315335,0.6469189662842435,0.07666006770184378,0.5106382978723404,1.2162076566143778,-0.4806023298858119,1.8199357639924978,1.827813605557098,0.8744515452805156,0.32314169233345513,0.6,1.0
basket_return_le_2%,bottom_1_performer,next_close,scaled_exit_6_12,stress,38,5.995464362850972,1.5785236394544842,0.2978558944386774,0.5789473684210527,0.599838982992704,-0.051439554968264134,1.556827559308787,4.4029105247402445,0.807370489650118,0.7174865487848482,0.7,0.8571428571428571
basket_return_le_2%,bottom_2_performer,next_close,scaled_exit_6_12,stress,76,11.990928725701943,1.0664515938853785,0.1840573272417258,0.5131578947368421,0.8105032113528876,-0.17910823683389143,1.742551958735587,2.575261012026324,0.8317303810355834,0.4954217471220973,0.7,0.75
basket_return_le_2%,bottom_3_performer,next_close,scaled_exit_6_12,stress,114,17.986393088552916,1.0353151422832858,0.0023635533808925814,0.5,1.1802592622029457,-0.2765095227625205,2.0074215348479654,2.358409203712886,0.8244444949662741,0.5583415648744064,0.7,0.5
breadth_down_1pct_ge_4,rel_btc_le_1%,next_close,scaled_exit_6_12,stress,465,73.36555075593952,0.27284546106882535,-0.024055974092547092,0.4881720430107527,1.2687313939700378,-1.0820598318393904,1.5866708294133338,1.339353259043377,0.964753068667259,0.4268413462227764,0.45454545454545453,0.75
breadth_down_1pct_ge_4,rel_btc_le_2%,next_close,scaled_exit_6_12,stress,85,13.410907127429805,2.5330297293328474,0.7917405671252032,0.7058823529411765,2.1530752699329203,-0.23770207250205252,3.488566252136252,5.565874865058451,0.7383931913340029,0.27279228821855117,1.0,0.875
breadth_down_1pct_ge_4,symbol_zscore_le_-1,next_close,scaled_exit_6_12,stress,2583,407.53380129589635,-0.39201158772823025,-0.3531409337992906,0.3910181958962447,-10.125659311020188,-10.382437745345806,-9.18952806089331,0.5475200055253936,,,0.16666666666666666,0.0
breadth_down_1pct_ge_4,symbol_zscore_le_-2,next_close,scaled_exit_6_12,stress,2107,332.4327213822894,-0.37562420263433105,-0.33709367041074395,0.3896535358329378,-7.914401949505356,-8.264561235620425,-7.647455305998494,0.5591225487501987,,,0.16666666666666666,0.0
breadth_down_1pct_ge_4,rel_btc_le_-1_atr_equiv,next_close,scaled_exit_6_12,stress,797,125.74697624190065,-0.18861259366851868,-0.2372139722305165,0.4178168130489335,-1.5032423715380938,-2.196866726631285,-1.837405783963906,0.7729138813267258,,,0.3333333333333333,0.125
breadth_down_1pct_ge_4,bottom_1_performer,next_close,scaled_exit_6_12,stress,334,52.69697624190065,-0.23162649093731053,-0.28945317692072686,0.4161676646706587,-0.7736324797306171,-1.0935314522583308,-1.4905533361157752,0.7366801204481052,,,0.16666666666666666,0.25
breadth_down_1pct_ge_4,bottom_2_performer,next_close,scaled_exit_6_12,stress,668,105.3939524838013,-0.2941703554846663,-0.3166359788316429,0.40119760479041916,-1.965057974637571,-2.2146173235929014,-2.9228371051870212,0.6748942591494081,,,0.16666666666666666,0.125
breadth_down_1pct_ge_4,bottom_3_performer,next_close,scaled_exit_6_12,stress,1002,158.09092872570196,-0.2914630097816555,-0.31957775994481225,0.3992015968063872,-2.920459358012188,-3.416641787827917,-3.5890177759269575,0.6729854641687876,,,0.16666666666666666,0.0
breadth_down_1pct_ge_5,rel_btc_le_1%,next_close,scaled_exit_6_12,stress,419,66.10788336933045,0.3408908377671938,-0.011264578692161551,0.49403341288782815,1.428332610244542,-1.0084639771949302,1.8158138124457783,1.434770668540123,0.8625222064496111,0.3832672598414086,0.5454545454545454,0.875
breadth_down_1pct_ge_5,rel_btc_le_2%,next_close,scaled_exit_6_12,stress,84,13.253131749460044,2.5629115102555806,0.8084432657149799,0.7023809523809523,2.1528456686146877,-0.23770207250205252,3.490904503742089,5.5653879657370275,0.7384719410802462,0.2728213815576101,1.0,0.875
breadth_down_1pct_ge_5,symbol_zscore_le_-1,next_close,scaled_exit_6_12,stress,2014,317.75961123110153,-0.26642629039169163,-0.25068770899459397,0.42651439920556106,-5.365825488488669,-6.269286910187688,-5.177963296843614,0.6700480951971466,,,0.4166666666666667,0.0
breadth_down_1pct_ge_5,symbol_zscore_le_-2,next_close,scaled_exit_6_12,stress,1717,270.9003239740821,-0.2819053205230722,-0.262419667187581,0.41700640652300525,-4.84031435338115,-5.57940058982954,-4.877975195104711,0.6544480046044694,,,0.3333333333333333,0.0
breadth_down_1pct_ge_5,rel_btc_le_-1_atr_equiv,next_close,scaled_exit_6_12,stress,655,103.34287257019439,-0.09239038108145767,-0.18713549426351378,0.4396946564885496,-0.6051569960835477,-1.4229386197290927,-0.7652728754451132,0.8847176519984518,,,0.3333333333333333,0.125
breadth_down_1pct_ge_5,bottom_1_performer,next_close,scaled_exit_6_12,stress,259,40.863822894168464,-0.061154936332575495,-0.23465635246557964,0.4517374517374517,-0.15839128510137054,-0.6394524501076952,-0.3194686083776626,0.9246463565194272,,,0.3333333333333333,0.375
breadth_down_1pct_ge_5,bottom_2_performer,next_close,scaled_exit_6_12,stress,518,81.72764578833693,-0.1332816074039913,-0.24833507729447407,0.4362934362934363,-0.6903987263526751,-1.3303381455380832,-1.0833674856823705,0.8410135016122405,,,0.5833333333333334,0.125
breadth_down_1pct_ge_5,bottom_3_performer,next_close,scaled_exit_6_12,stress,777,122.59146868250541,-0.1270152376218964,-0.2372139722305165,0.4375804375804376,-0.986908396322135,-2.066386121952217,-1.2804912915338513,0.8447803406077657,,,0.5833333333333334,0.25
breadth_down_1pct_ge_6,rel_btc_le_1%,next_close,scaled_exit_6_12,stress,372,58.692440604751624,0.44106212658540844,0.00940093868856864,0.5026881720430108,1.6407511108977193,-1.022939215732062,2.122029026177578,1.5853281560253016,0.7298636768412917,0.36929799521616424,0.6363636363636364,0.875
breadth_down_1pct_ge_6,rel_btc_le_2%,next_close,scaled_exit_6_12,stress,83,13.095356371490281,2.6102183167953,0.8251459643047566,0.7108433734939759,2.166481202940099,-0.2263010767215716,3.52007520814392,5.731108208758645,0.7338241003847961,0.27110428135480824,1.0,0.875
breadth_down_1pct_ge_6,symbol_zscore_le_-1,next_close,scaled_exit_6_12,stress,1538,242.6585313174946,-0.1792202308840616,-0.19135530346746737,0.4434330299089727,-2.7564071509968677,-3.9628575357793503,-2.833556065748651,0.7665583553465077,,,0.3333333333333333,0.0
breadth_down_1pct_ge_6,symbol_zscore_le_-2,next_close,scaled_exit_6_12,stress,1356,213.94341252699783,-0.18464912037773992,-0.2062780871797047,0.4351032448377581,-2.5038420723221533,-3.577041748583415,-2.6667684733483714,0.7581440885472223,,,0.3333333333333333,0.0
breadth_down_1pct_ge_6,rel_btc_le_-1_atr_equiv,next_close,scaled_exit_6_12,stress,537,84.72537796976242,0.0262818765989052,-0.10591233991394486,0.4581005586592179,0.14113367733612092,-1.4645373121828742,0.1845598692182637,1.0349410928236342,1.7722366846881699,2.0121801179418415,0.5,0.5
breadth_down_1pct_ge_6,bottom_1_performer,next_close,scaled_exit_6_12,stress,197,31.0817494600432,0.08550680434850348,-0.046625454523247935,0.47715736040609136,0.16844840456655186,-0.29716818700031,0.35531863734299274,1.1145104213876016,1.6253557088132227,2.0229744749936014,0.5,0.5
breadth_down_1pct_ge_6,bottom_2_performer,next_close,scaled_exit_6_12,stress,394,62.1634989200864,-0.010480336924721154,-0.15173357737516088,0.4517766497461929,-0.04129252748340134,-0.6726283376212636,-0.06861441661628258,0.9865493794788734,,,0.5833333333333334,0.375
breadth_down_1pct_ge_6,bottom_3_performer,next_close,scaled_exit_6_12,stress,591,93.2452483801296,-0.010425814323003308,-0.1772833750009871,0.4517766497461929,-0.06161656264894955,-1.0208675112281074,-0.08447645523953143,0.986399652747455,,,0.5,0.5
breadth_down_2pct_ge_4,rel_btc_le_1%,next_close,scaled_exit_6_12,stress,207,32.65950323974082,0.9014580038322472,0.22617498381448015,0.5507246376811594,1.8660180679327516,-0.4853811201587017,2.6886573639220837,2.237576696757093,0.7403214684830884,0.2830293460260282,0.6363636363636364,0.875
breadth_down_2pct_ge_4,rel_btc_le_2%,next_close,scaled_exit_6_12,stress,77,12.148704103671706,2.674556812442962,0.7917405671252032,0.7142857142857143,2.059408745581081,-0.2263010767215716,3.3962699154050195,6.16006562999692,0.6960577740844721,0.28425620822383313,1.0,0.875
breadth_down_2pct_ge_4,symbol_zscore_le_-1,next_close,scaled_exit_6_12,stress,327,51.59254859611231,0.4882139169991889,-0.07395585079056452,0.47706422018348627,1.5964595085873476,-0.6752695299387304,2.1820879905672395,1.6550515785773545,0.6688113736897836,0.3116899037804235,0.5833333333333334,1.0
breadth_down_2pct_ge_4,symbol_zscore_le_-2,next_close,scaled_exit_6_12,stress,308,48.594816414686825,0.5059396692756827,-0.07120066201191474,0.4772727272727273,1.5582941813691027,-0.6264608871342849,2.1599104839867267,1.6885140103774552,0.6611263407138142,0.28057136988118175,0.5833333333333334,1.0
breadth_down_2pct_ge_4,rel_btc_le_-1_atr_equiv,next_close,scaled_exit_6_12,stress,208,32.817278617710585,0.6046709515855915,0.07666006770184378,0.5096153846153846,1.2577155792980304,-0.503317658930841,1.8789682487605524,1.8319036293917936,0.8510501715673258,0.3070572420847838,0.5,1.0
breadth_down_2pct_ge_4,bottom_1_performer,next_close,scaled_exit_6_12,stress,43,6.784341252699784,1.482307625284757,0.36953680506287456,0.6046511627906976,0.6373922788724454,-0.05072593175791673,1.6537081714722028,4.566524446686385,0.770572070805376,0.6752143318952489,0.6666666666666666,0.8571428571428571
breadth_down_2pct_ge_4,bottom_2_performer,next_close,scaled_exit_6_12,stress,86,13.568682505399568,0.9852137217745301,0.21189403716895167,0.5232558139534884,0.8472838007260959,-0.14391034862793206,1.8163329550154892,2.565397146699934,0.8073135182081101,0.4711961900280552,0.5833333333333334,0.75
breadth_down_2pct_ge_4,bottom_3_performer,next_close,scaled_exit_6_12,stress,129,20.35302375809935,0.9603414629710573,0.16778043463858044,0.5116279069767442,1.238840487232664,-0.2455871630711682,2.101850177790918,2.371625449540856,0.795883983635347,0.5264366856396308,0.5833333333333334,0.625
breadth_down_2pct_ge_5,rel_btc_le_1%,next_close,scaled_exit_6_12,stress,191,30.135097192224624,0.9272184396786133,0.20033421984487115,0.5392670157068062,1.7709872197861514,-0.46446415613964687,2.55675808013244,2.1966222908068804,0.7744548914123411,0.3020657578688299,0.7,0.875
breadth_down_2pct_ge_5,rel_btc_le_2%,next_close,scaled_exit_6_12,stress,74,11.675377969762419,2.76121011395338,0.8084432657149799,0.7162162162162162,2.043295484325501,-0.2263010767215716,3.3763038197655693,6.149419551593013,0.7015468288241506,0.28762542860401485,1.0,0.875
breadth_down_2pct_ge_5,symbol_zscore_le_-1,next_close,scaled_exit_6_12,stress,287,45.281533477321815,0.5082918136010649,-0.0903819974856955,0.47038327526132406,1.4587975050350561,-0.819512926618646,2.000395775224613,1.6184635468803115,0.7298479764361694,0.33856295938082287,0.7,1.0
breadth_down_2pct_ge_5,symbol_zscore_le_-2,next_close,scaled_exit_6_12,stress,269,42.441576673866095,0.530707126198406,-0.08964767930521131,0.4721189591078067,1.4276021694737122,-0.7707042838142006,1.9853770429162716,1.653405134968922,0.7195278082019231,0.30366108446410783,0.7,1.0
breadth_down_2pct_ge_5,rel_btc_le_-1_atr_equiv,next_close,scaled_exit_6_12,stress,188,29.661771058315335,0.6469189662842435,0.07666006770184378,0.5106382978723404,1.2162076566143778,-0.4806023298858119,1.8199357639924978,1.827813605557098,0.8744515452805156,0.32314169233345513,0.6,1.0
breadth_down_2pct_ge_5,bottom_1_performer,next_close,scaled_exit_6_12,stress,38,5.995464362850972,1.5785236394544842,0.2978558944386774,0.5789473684210527,0.599838982992704,-0.051439554968264134,1.556827559308787,4.4029105247402445,0.807370489650118,0.7174865487848482,0.7,0.8571428571428571
breadth_down_2pct_ge_5,bottom_2_performer,next_close,scaled_exit_6_12,stress,76,11.990928725701943,1.0664515938853785,0.1840573272417258,0.5131578947368421,0.8105032113528876,-0.17910823683389143,1.742551958735587,2.575261012026324,0.8317303810355834,0.4954217471220973,0.7,0.75
breadth_down_2pct_ge_5,bottom_3_performer,next_close,scaled_exit_6_12,stress,114,17.986393088552916,1.0353151422832858,0.0023635533808925814,0.5,1.1802592622029457,-0.2765095227625205,2.0074215348479654,2.358409203712886,0.8244444949662741,0.5583415648744064,0.7,0.5
breadth_down_2pct_ge_6,rel_btc_le_1%,next_close,scaled_exit_6_12,stress,142,22.404103671706263,1.2598952318407453,0.24088373957828385,0.5704225352112676,1.789051229213858,-0.35030745148564757,2.6810232029895364,2.8481688587409284,0.7357343284103577,0.30468630516590234,0.5555555555555556,1.0
breadth_down_2pct_ge_6,rel_btc_le_2%,next_close,scaled_exit_6_12,stress,66,10.41317494600432,2.91114966156944,0.7499206689748618,0.7272727272727273,1.9213587766358307,-0.22630107672157157,3.1848824799088615,5.909929339843877,0.7365485458464933,0.28066407491745143,0.875,1.0
breadth_down_2pct_ge_6,symbol_zscore_le_-1,next_close,scaled_exit_6_12,stress,203,32.02840172786177,0.8462739127201071,0.09149947328936828,0.5221674876847291,1.7179360428218176,-0.41210976236395225,2.506074508478353,2.2495976576053773,0.7046437365745983,0.30774642351968645,0.5555555555555556,1.0
breadth_down_2pct_ge_6,symbol_zscore_le_-2,next_close,scaled_exit_6_12,stress,192,30.292872570194387,0.8801573190861867,0.09670587213944275,0.53125,1.6899020526454782,-0.41210976236395225,2.4958390816646485,2.3391596479155976,0.6997440356869489,0.2604311412281247,0.5555555555555556,1.0
breadth_down_2pct_ge_6,rel_btc_le_-1_atr_equiv,next_close,scaled_exit_6_12,stress,135,21.299676025917925,1.114873041567993,0.23572719067263453,0.5703703703703704,1.5050786061167907,-0.35030745148564757,2.324798644439144,2.6980227862518373,0.7801773314556918,0.3089419320106288,0.5555555555555556,1.0
breadth_down_2pct_ge_6,bottom_2_performer,next_close,scaled_exit_6_12,stress,52,8.204319654427646,1.6464802882073009,0.3272953463393004,0.5769230769230769,0.8561697498677965,-0.09352883162062398,1.9380473145454065,4.554526324995236,0.8033985385782366,0.4440455833476248,0.6666666666666666,0.8571428571428571
breadth_down_2pct_ge_6,bottom_3_performer,next_close,scaled_exit_6_12,stress,78,12.30647948164147,1.5472458193460223,0.21325460182967565,0.5384615384615384,1.2068517390898974,-0.16054329998444317,2.1504506718991356,3.5454198368126755,0.7973471857554706,0.45411108975841413,0.6666666666666666,0.8571428571428571
btc_return_le_1%,rel_btc_le_1%,next_close,scaled_exit_6_12,stress,143,22.561879049676026,1.052767938939427,0.20033421984487115,0.5174825174825175,1.5054581526833806,-0.5172107527518429,2.186290316037346,2.0773465173083685,0.8878201891411777,0.2978015664059036,0.6666666666666666,0.875
btc_return_le_1%,symbol_zscore_le_-1,next_close,scaled_exit_6_12,stress,779,122.90701943844493,-0.18176078831502612,-0.36890938196523876,0.38767650834403083,-1.4159165409740535,-3.3226143614364156,-1.7700666784452745,0.7836986317049374,,,0.3333333333333333,0.25
btc_return_le_1%,symbol_zscore_le_-2,next_close,scaled_exit_6_12,stress,687,108.39168466522679,-0.09295675356244941,-0.3093914295824461,0.4002911208151383,-0.6386128969740275,-2.470308315537498,-0.8262385898118493,0.8812278861933391,,,0.3333333333333333,0.25
btc_return_le_1%,rel_btc_le_-1_atr_equiv,next_close,scaled_exit_6_12,stress,160,25.244060475161987,0.6170932891799306,-0.09949822072881462,0.475,0.9873492626878889,-0.5531856979981251,1.4828182705085557,1.669536595589785,1.2067652920608152,0.35304627882543516,0.5454545454545454,0.875
basket_return_le_3%,rel_btc_le_1%,next_close,scaled_exit_6_12,stress,53,8.36209503239741,3.039324697432404,0.7081007708245203,0.6792452830188679,1.6108420896391742,-0.3503074514856476,2.543948968821391,3.683625311913569,0.7170896358977902,0.2737988762237325,0.75,1.0
basket_return_le_3%,symbol_zscore_le_-1,next_close,scaled_exit_6_12,stress,64,10.097624190064796,2.6934805504327564,0.5245149977813214,0.671875,1.7238275522769642,-0.3564638125903331,2.688191204487924,3.7203392349130744,0.6660863056277821,0.25585317587860007,0.75,1.0
basket_return_le_3%,symbol_zscore_le_-2,next_close,scaled_exit_6_12,stress,64,10.097624190064796,2.6934805504327564,0.5245149977813214,0.671875,1.7238275522769642,-0.3564638125903331,2.688191204487924,3.7203392349130744,0.6660863056277821,0.25585317587860007,0.75,1.0
basket_return_le_3%,rel_btc_le_-1_atr_equiv,next_close,scaled_exit_6_12,stress,47,7.415442764578834,3.0907736032421487,0.7081007708245203,0.723404255319149,1.45266359352381,-0.3503074514856476,2.34502763775772,3.7748710326405037,0.7951725180543376,0.31006394901038975,1.0,0.875
basket_return_le_1%,rel_basket_le_1%,next_close,scaled_exit_6_12,stress,49,7.730993520518359,1.8942138799206243,0.28774989872595763,0.5714285714285714,0.9281648011611059,-0.1249981329340214,1.987921035312934,3.4199967816082584,0.9530303477722936,0.40325115400770695,0.6,0.875
basket_return_le_1%,rel_btc_le_3%,next_close,scaled_exit_6_12,stress,27,4.259935205183585,6.274229313264977,4.49546260888997,0.8148148148148148,1.6940419145815437,-0.1605432999844432,3.085480524491392,7.2255312883245475,0.8916855399659739,0.2659849024585025,1.0,0.8571428571428571
basket_return_le_1%,rel_basket_le_-1_atr_equiv,next_close,scaled_exit_6_12,stress,80,12.622030237580994,0.012632614385706191,-0.1168676960765068,0.475,0.010106091508564952,-0.3190656266851598,0.023913494052239578,1.0123427189496201,26.10268938492181,23.486249439250678,0.4166666666666667,0.5
basket_return_le_2%,rel_basket_le_1%,next_close,scaled_exit_6_12,stress,21,3.313282937365011,4.099647699452602,1.2690332180192154,0.7142857142857143,0.8609260168850463,-0.06275016431156177,1.9983979402603333,6.489002437650918,0.7981046831403128,0.5233778101408577,1.0,0.7142857142857143
basket_return_le_2%,rel_btc_le_3%,next_close,scaled_exit_6_12,stress,24,3.7866090712742984,6.472428262736283,3.771044184527393,0.7916666666666666,1.5533827830567082,-0.16054329998444317,2.8364867306011234,6.708615020339096,0.8922953851908,0.29006989025842533,1.0,0.8571428571428571
basket_return_le_2%,rel_basket_le_-1_atr_equiv,next_close,scaled_exit_6_12,stress,26,4.102159827213823,1.0414888301290215,0.39439135178940715,0.6538461538461539,0.2707870958335456,-0.1605432999844432,0.6740587293986857,1.9002982374286825,0.8833864868078185,1.2877267182779786,0.6666666666666666,0.7142857142857143
basket_return_le_3%,rel_basket_le_1%,next_close,scaled_exit_6_12,stress,11,1.7355291576673866,6.551005538615491,4.880086358123563,0.7272727272727273,0.720610609247704,-0.06275016431156177,1.7431123419224221,6.38098587141886,0.7727268807004727,0.5023573284727839,1.0,0.8333333333333334
basket_return_le_3%,rel_btc_le_2%,next_close,scaled_exit_6_12,stress,35,5.522138228941685,4.659635030204747,0.991825699318465,0.7714285714285715,1.6308722605716615,-0.2263010767215716,2.8233542393350133,5.720450087745768,0.7474551396895279,0.2715130531675586,1.0,1.0
basket_return_le_3%,rel_btc_le_3%,next_close,scaled_exit_6_12,stress,21,3.313282937365011,6.855642585456702,4.880086358123563,0.7619047619047619,1.4396849429459073,-0.16054329998444317,2.64999797078733,6.290780340493196,0.8837895088643348,0.2529017371259289,1.0,0.8571428571428571
basket_return_le_3%,rel_basket_le_-1_atr_equiv,next_close,scaled_exit_6_12,stress,12,1.8933045356371492,2.160924935445012,0.39439135178940715,0.6666666666666666,0.2593109922534015,-0.1605432999844432,0.6399817071930397,2.079717979263795,0.9224817628538077,1.3960226575241652,1.0,0.6
basket_return_le_3%,bottom_1_performer,next_close,scaled_exit_6_12,stress,8,1.2622030237580995,6.427291600026332,1.0040872673894188,0.75,0.5141833280021065,-0.011454657461866746,1.444331254896944,32.82901466767608,0.8333481128177429,0.8096329947889642,0.5,0.6666666666666666
basket_return_le_3%,bottom_2_performer,next_close,scaled_exit_6_12,stress,16,2.524406047516199,4.813613994308847,0.5596044213272579,0.6875,0.7701782390894155,-0.05429576719008007,1.8508764849673034,8.773807948267772,0.8263767282552352,0.4792202759135826,0.75,0.7142857142857143
basket_return_le_3%,bottom_3_performer,next_close,scaled_exit_6_12,stress,24,3.7866090712742984,4.298434651863548,0.5596044213272579,0.625,1.0316243164472516,-0.1605432999844432,1.9496396513621375,5.329375403275742,0.7977944257486002,0.4292290320560034,0.75,0.7142857142857143
breadth_down_1pct_ge_4,rel_basket_le_1%,next_close,scaled_exit_6_12,stress,52,8.204319654427646,1.7568520722702332,0.22481441915375616,0.5576923076923077,0.9135630775805212,-0.12476853161578882,1.950100338618786,3.2932468902731467,0.9682628873128958,0.4096964253073818,0.6,0.875
breadth_down_1pct_ge_4,rel_btc_le_3%,next_close,scaled_exit_6_12,stress,27,4.259935205183585,6.274229313264977,4.49546260888997,0.8148148148148148,1.6940419145815437,-0.1605432999844432,3.085480524491392,7.2255312883245475,0.8916855399659739,0.2659849024585025,1.0,0.8571428571428571
breadth_down_1pct_ge_4,rel_basket_le_-1_atr_equiv,next_close,scaled_exit_6_12,stress,99,15.619762419006479,-0.22144647694408298,-0.22400263461162068,0.42424242424242425,-0.21923201217464214,-0.5057984301681637,-0.5052316790029863,0.796385091084574,,,0.4166666666666667,0.375
breadth_down_1pct_ge_5,rel_basket_le_1%,next_close,scaled_exit_6_12,stress,49,7.730993520518359,1.8942138799206243,0.28774989872595763,0.5714285714285714,0.9281648011611059,-0.1249981329340214,1.987921035312934,3.4199967816082584,0.9530303477722936,0.40325115400770695,0.6,0.875
breadth_down_1pct_ge_5,rel_btc_le_3%,next_close,scaled_exit_6_12,stress,27,4.259935205183585,6.274229313264977,4.49546260888997,0.8148148148148148,1.6940419145815437,-0.1605432999844432,3.085480524491392,7.2255312883245475,0.8916855399659739,0.2659849024585025,1.0,0.8571428571428571
breadth_down_1pct_ge_5,rel_basket_le_-1_atr_equiv,next_close,scaled_exit_6_12,stress,80,12.622030237580994,0.012632614385706191,-0.1168676960765068,0.475,0.010106091508564952,-0.3190656266851598,0.023913494052239578,1.0123427189496201,26.10268938492181,23.486249439250678,0.4166666666666667,0.5
breadth_down_1pct_ge_6,rel_basket_le_1%,next_close,scaled_exit_6_12,stress,42,6.626565874730022,2.2194365285839117,0.33271226523738834,0.5952380952380952,0.9321633420052429,-0.0898289850528804,2.030436509029559,4.093562750450147,0.9048389914880117,0.4686474226205056,0.6,0.7142857142857143
breadth_down_1pct_ge_6,rel_btc_le_3%,next_close,scaled_exit_6_12,stress,27,4.259935205183585,6.274229313264977,4.49546260888997,0.8148148148148148,1.6940419145815437,-0.1605432999844432,3.085480524491392,7.2255312883245475,0.8916855399659739,0.2659849024585025,1.0,0.8571428571428571
breadth_down_1pct_ge_6,rel_basket_le_-1_atr_equiv,next_close,scaled_exit_6_12,stress,61,9.624298056155508,0.2540449736651362,-0.10591233991394486,0.4918032786885246,0.15496743393573306,-0.21466592809543825,0.3803474141944931,1.2869137884872306,1.7022684111364155,2.0367371543080104,0.5833333333333334,0.625
breadth_down_2pct_ge_4,rel_basket_le_1%,next_close,scaled_exit_6_12,stress,24,3.7866090712742984,3.654330325585944,1.255614361551809,0.7083333333333334,0.8770392781406264,-0.06275016431156177,2.0221327666296474,6.510783821781579,0.7834416348718182,0.5111350954760954,1.0,0.7142857142857143
breadth_down_2pct_ge_4,rel_btc_le_3%,next_close,scaled_exit_6_12,stress,25,3.9443844492440605,6.278262096036999,2.662002010931224,0.8,1.5695655240092496,-0.1605432999844432,2.8573058782241723,6.768085898399267,0.8830955239229463,0.28707917351523793,1.0,0.8571428571428571
breadth_down_2pct_ge_4,rel_basket_le_-1_atr_equiv,next_close,scaled_exit_6_12,stress,31,4.891036717062635,0.8540977224737529,0.35310733363074676,0.6129032258064516,0.2647702939668634,-0.17750781745629404,0.6587786057977234,1.814154356305799,0.9034611008560705,1.3169898066940873,0.5833333333333334,0.7142857142857143
breadth_down_2pct_ge_5,rel_basket_le_1%,next_close,scaled_exit_6_12,stress,21,3.313282937365011,4.099647699452602,1.2690332180192154,0.7142857142857143,0.8609260168850463,-0.06275016431156177,1.9983979402603333,6.489002437650918,0.7981046831403128,0.5233778101408577,1.0,0.7142857142857143
breadth_down_2pct_ge_5,rel_btc_le_3%,next_close,scaled_exit_6_12,stress,24,3.7866090712742984,6.472428262736283,3.771044184527393,0.7916666666666666,1.5533827830567082,-0.16054329998444317,2.8364867306011234,6.708615020339096,0.8922953851908,0.29006989025842533,1.0,0.8571428571428571
breadth_down_2pct_ge_5,rel_basket_le_-1_atr_equiv,next_close,scaled_exit_6_12,stress,26,4.102159827213823,1.0414888301290215,0.39439135178940715,0.6538461538461539,0.2707870958335456,-0.1605432999844432,0.6740587293986857,1.9002982374286825,0.8833864868078185,1.2877267182779786,0.6666666666666666,0.7142857142857143
breadth_down_2pct_ge_6,rel_basket_le_1%,next_close,scaled_exit_6_12,stress,19,2.997732181425486,4.5958661526415385,1.5970664629488422,0.7894736842105263,0.8732145690018924,-0.06275016431156177,2.050577336307416,7.040621553609944,0.7868731355440801,0.5160124320023916,1.0,0.8333333333333334
breadth_down_2pct_ge_6,rel_btc_le_3%,next_close,scaled_exit_6_12,stress,24,3.7866090712742984,6.472428262736283,3.771044184527393,0.7916666666666666,1.5533827830567082,-0.16054329998444317,2.8364867306011234,6.708615020339096,0.8922953851908,0.29006989025842533,1.0,0.8571428571428571
breadth_down_2pct_ge_6,rel_basket_le_-1_atr_equiv,next_close,scaled_exit_6_12,stress,20,3.1555075593952484,1.4730429955423607,0.39439135178940715,0.7,0.29460859910847215,-0.1605432999844432,0.735075456018925,2.1406940034764164,0.8119574988142594,1.2755385084814244,0.8571428571428571,0.6666666666666666
breadth_down_2pct_ge_6,bottom_1_performer,next_close,scaled_exit_6_12,stress,26,4.102159827213823,2.2459293976349683,0.3728781779190966,0.6538461538461539,0.5839416433850918,-0.04109798174427576,1.5626758476732379,9.13049238870039,0.8144450870001585,0.7563967763125804,0.6666666666666666,0.7142857142857143
btc_return_le_1%,bottom_3_performer,next_close,scaled_exit_6_12,stress,303,47.80593952483802,0.025322737268748632,-0.35354154320255776,0.41254125412541254,0.07672789392430834,-1.2089066600094716,0.12136474447333667,1.0303870024234367,13.26084006625971,5.402391858803097,0.3333333333333333,0.375
btc_return_le_1%,rel_btc_le_2%,next_close,scaled_exit_6_12,stress,48,7.573218142548597,3.853765174258377,1.255614361551809,0.7708333333333334,1.849807283644021,-0.22630107672157157,3.112097460907708,5.457641939021142,0.7592006557833463,0.29695521065703046,1.0,0.875
btc_return_le_1%,bottom_2_performer,next_close,scaled_exit_6_12,stress,202,31.87062634989201,0.057862216929332,-0.29319909192952837,0.4207920792079208,0.11688167819725065,-0.7943029494848213,0.23182340432787799,1.0724020922466255,6.1745458439739345,2.440795159599484,0.25,0.5
basket_return_le_1%,rel_basket_le_2%,next_close,scaled_exit_6_12,stress,13,2.0510799136069116,4.163261579053665,1.5970664629488422,0.6923076923076923,0.5412240052769764,-0.06793130151549134,1.4044007061422714,4.667985200894475,0.9952936185344798,0.8003660010350142,0.6666666666666666,0.6
breadth_down_1pct_ge_4,rel_basket_le_2%,next_close,scaled_exit_6_12,stress,13,2.0510799136069116,4.163261579053665,1.5970664629488422,0.6923076923076923,0.5412240052769764,-0.06793130151549134,1.4044007061422714,4.667985200894475,0.9952936185344798,0.8003660010350142,0.6666666666666666,0.6
breadth_down_1pct_ge_5,rel_basket_le_2%,next_close,scaled_exit_6_12,stress,13,2.0510799136069116,4.163261579053665,1.5970664629488422,0.6923076923076923,0.5412240052769764,-0.06793130151549134,1.4044007061422714,4.667985200894475,0.9952936185344798,0.8003660010350142,0.6666666666666666,0.6
btc_return_le_1%,rel_basket_le_1%,next_close,scaled_exit_6_12,stress,26,4.102159827213823,2.939372154070537,0.5154888861945973,0.5769230769230769,0.7642367600583395,-0.0898078117224651,1.7032115426713739,3.9643851433760418,0.8990788219358096,0.5659315845997801,0.5714285714285714,0.7142857142857143
btc_return_le_1%,rel_basket_le_-1_atr_equiv,next_close,scaled_exit_6_12,stress,40,6.311015118790497,0.3005982528262984,-0.26895121247978254,0.45,0.12023930113051934,-0.1748504064483238,0.29586185748041866,1.2560087918766474,1.9894465371320373,2.6120139989900966,0.5555555555555556,0.5714285714285714
btc_return_le_1%,bottom_1_performer,next_close,scaled_exit_6_12,stress,101,15.935313174946005,0.22422677148616682,-0.17875400345143216,0.45544554455445546,0.22646903920102848,-0.3943184449141244,0.5458378144790285,1.3067604627744391,2.204780674551325,1.6054768617543027,0.4166666666666667,0.375
btc_return_le_1%,rel_basket_le_2%,next_close,scaled_exit_6_12,stress,10,1.5777537796976242,4.5915503416645205,1.4330498404840288,0.7,0.4591550341664521,-0.06275016431156172,1.1999752619758997,4.428629442771966,1.0,0.9731197391840436,1.0,0.6
btc_return_le_1%,rel_btc_le_3%,next_close,scaled_exit_6_12,stress,22,3.471058315334773,7.02761347001324,4.984115195125442,0.7727272727272727,1.5460749634029127,-0.1062475327943631,2.8583103870234408,6.681759096933342,0.8965129903569402,0.2889981648170946,1.0,0.8571428571428571
basket_return_le_2%,rel_basket_le_2%,next_close,scaled_exit_6_12,stress,10,1.5777537796976242,4.5915503416645205,1.4330498404840288,0.7,0.4591550341664521,-0.06275016431156172,1.1999752619758997,4.428629442771966,1.0,0.9731197391840436,1.0,0.6
btc_return_le_2%,rel_btc_le_1%,next_close,scaled_exit_6_12,stress,23,3.6288336933045358,0.8188737382433074,1.2383181432954737,0.6521739130434783,0.18834095979596072,-0.2960116842955675,0.6011671588965782,1.3763301483792296,2.59925504063393,0.7604956763361538,0.3333333333333333,0.75
btc_return_le_2%,rel_basket_le_1%,next_close,scaled_exit_6_12,stress,8,1.2622030237580995,1.7716711360005415,3.238576410536202,0.625,0.1417336908800433,-0.06275016431156173,0.8727997178858465,2.0583621422473404,1.1288683280109149,0.6629076108044478,0.5,0.6666666666666666
btc_return_le_2%,rel_btc_le_2%,next_close,scaled_exit_6_12,stress,17,2.682181425485961,1.1880728828832552,1.5970664629488422,0.6470588235294118,0.2019723900901534,-0.1720053095314915,0.8252532463602941,1.5977817197824429,1.8580151615167257,0.36833245201969855,0.5,0.8571428571428571
btc_return_le_2%,rel_basket_le_2%,next_close,scaled_exit_6_12,stress,6,0.9466522678185746,-0.3044163961087839,-0.04506780836970384,0.5,-0.018264983766527035,-0.06275016431156173,-0.15009555955668047,0.8636106402985352,,,0.0,0.4
btc_return_le_2%,rel_btc_le_3%,next_close,scaled_exit_6_12,stress,12,1.8933045356371492,0.33398247538018294,1.2944460811336536,0.5833333333333334,0.04007789704562195,-0.1062475327943631,0.1953890741909818,1.1472845505652094,3.992192366391851,1.5472319862153139,0.5,0.7142857142857143
btc_return_le_2%,symbol_zscore_le_-1,next_close,scaled_exit_6_12,stress,40,6.311015118790497,0.6526707559573711,-0.03455622153758318,0.5,0.2610683023829484,-0.302168045400253,0.8018488339093626,1.4490477952282665,2.3184001280392654,0.4347101046832635,0.3333333333333333,0.75
btc_return_le_2%,symbol_zscore_le_-2,next_close,scaled_exit_6_12,stress,40,6.311015118790497,0.6526707559573711,-0.03455622153758318,0.5,0.2610683023829484,-0.302168045400253,0.8018488339093626,1.4490477952282665,2.3184001280392654,0.4347101046832635,0.3333333333333333,0.75
btc_return_le_2%,rel_btc_le_-1_atr_equiv,next_close,scaled_exit_6_12,stress,23,3.6288336933045358,-0.4185301236221215,-0.3903481642324467,0.43478260869565216,-0.09626192843308795,-0.2960116842955675,-0.3441630771956069,0.8181131834820078,,,0.3333333333333333,0.625
btc_return_le_2%,rel_basket_le_-1_atr_equiv,next_close,scaled_exit_6_12,stress,7,1.1044276457883369,-1.7787502365841448,-1.6872020796882499,0.42857142857142855,-0.12451251656089013,-0.1062475327943631,-0.7867342723149124,0.4815553262670814,,,0.0,0.4
btc_return_le_2%,bottom_2_performer,next_close,scaled_exit_6_12,stress,10,1.5777537796976242,2.193258268140572,1.3296228144094415,0.7,0.21932582681405724,-0.01566667442360927,1.6039616726412855,4.13490812720782,0.7916773980428489,0.42838704295158614,0.6666666666666666,0.8333333333333334
btc_return_le_2%,bottom_3_performer,next_close,scaled_exit_6_12,stress,15,2.3666306695464363,1.1165866471062103,0.301483359047854,0.6,0.16748799706593154,-0.1062475327943631,0.8436923349462705,1.8564046111463444,1.477157402094842,0.5609735863925809,0.3333333333333333,0.8333333333333334
basket_return_le_3%,rel_basket_le_2%,next_close,scaled_exit_6_12,stress,7,1.1044276457883369,4.935102772223586,1.5970664629488422,0.5714285714285714,0.345457194055651,-0.06275016431156172,0.8952119023098649,3.5796182522681668,1.0,1.036965738092649,1.0,0.6
breadth_down_1pct_ge_6,rel_basket_le_2%,next_close,scaled_exit_6_12,stress,12,1.8933045356371492,4.6238294966865645,1.6076702791014912,0.75,0.5548595396023878,-0.06275016431156172,1.4524113165573629,5.1432797476287435,0.9708345269432731,0.8052719565987536,1.0,0.6
breadth_down_2pct_ge_4,rel_basket_le_2%,next_close,scaled_exit_6_12,stress,11,1.7355291576673866,4.3212525010817595,1.5970664629488422,0.7272727272727273,0.4753377751189935,-0.06275016431156172,1.2447361652854174,4.5494701566179145,0.9659552810662054,0.9399901511745953,1.0,0.6
breadth_down_2pct_ge_5,rel_basket_le_2%,next_close,scaled_exit_6_12,stress,10,1.5777537796976242,4.5915503416645205,1.4330498404840288,0.7,0.4591550341664521,-0.06275016431156172,1.1999752619758997,4.428629442771966,1.0,0.9731197391840436,1.0,0.6
breadth_down_2pct_ge_6,rel_basket_le_2%,next_close,scaled_exit_6_12,stress,10,1.5777537796976242,4.5915503416645205,1.4330498404840288,0.7,0.4591550341664521,-0.06275016431156172,1.1999752619758997,4.428629442771966,1.0,0.9731197391840436,1.0,0.6
basket_return_le_1%,rel_basket_le_3%,next_close,scaled_exit_6_12,stress,4,0.6311015118790497,0.5015029698516154,1.5964421392176564,0.5,0.020060118794064614,-0.06275016431156173,0.18219323050850186,1.2519413247293203,1.0,2.5364476074951265,1.0,0.5
btc_return_le_1%,rel_basket_le_3%,next_close,scaled_exit_6_12,stress,4,0.6311015118790497,0.5015029698516154,1.5964421392176564,0.5,0.020060118794064614,-0.06275016431156173,0.18219323050850186,1.2519413247293203,1.0,2.5364476074951265,1.0,0.5
basket_return_le_2%,rel_basket_le_3%,next_close,scaled_exit_6_12,stress,4,0.6311015118790497,0.5015029698516154,1.5964421392176564,0.5,0.020060118794064614,-0.06275016431156173,0.18219323050850186,1.2519413247293203,1.0,2.5364476074951265,1.0,0.5
btc_return_le_2%,rel_basket_le_3%,next_close,scaled_exit_6_12,stress,4,0.6311015118790497,0.5015029698516154,1.5964421392176564,0.5,0.020060118794064614,-0.06275016431156173,0.18219323050850186,1.2519413247293203,1.0,2.5364476074951265,1.0,0.5
btc_return_le_2%,bottom_1_performer,next_close,scaled_exit_6_12,stress,5,0.7888768898488121,3.3089236123777135,1.5970664629488422,0.8,0.16544618061888566,-0.0039034816423244648,1.8919022164172254,43.38425994501791,0.6320976021283172,0.5678967144501162,0.6666666666666666,1.0
basket_return_le_3%,rel_basket_le_3%,next_close,scaled_exit_6_12,stress,4,0.6311015118790497,0.5015029698516154,1.5964421392176564,0.5,0.020060118794064614,-0.06275016431156173,0.18219323050850186,1.2519413247293203,1.0,2.5364476074951265,1.0,0.5
breadth_down_1pct_ge_4,rel_basket_le_3%,next_close,scaled_exit_6_12,stress,4,0.6311015118790497,0.5015029698516154,1.5964421392176564,0.5,0.020060118794064614,-0.06275016431156173,0.18219323050850186,1.2519413247293203,1.0,2.5364476074951265,1.0,0.5
breadth_down_1pct_ge_5,rel_basket_le_3%,next_close,scaled_exit_6_12,stress,4,0.6311015118790497,0.5015029698516154,1.5964421392176564,0.5,0.020060118794064614,-0.06275016431156173,0.18219323050850186,1.2519413247293203,1.0,2.5364476074951265,1.0,0.5
breadth_down_1pct_ge_6,rel_basket_le_3%,next_close,scaled_exit_6_12,stress,4,0.6311015118790497,0.5015029698516154,1.5964421392176564,0.5,0.020060118794064614,-0.06275016431156173,0.18219323050850186,1.2519413247293203,1.0,2.5364476074951265,1.0,0.5
breadth_down_2pct_ge_4,rel_basket_le_3%,next_close,scaled_exit_6_12,stress,4,0.6311015118790497,0.5015029698516154,1.5964421392176564,0.5,0.020060118794064614,-0.06275016431156173,0.18219323050850186,1.2519413247293203,1.0,2.5364476074951265,1.0,0.5
breadth_down_2pct_ge_5,rel_basket_le_3%,next_close,scaled_exit_6_12,stress,4,0.6311015118790497,0.5015029698516154,1.5964421392176564,0.5,0.020060118794064614,-0.06275016431156173,0.18219323050850186,1.2519413247293203,1.0,2.5364476074951265,1.0,0.5
breadth_down_2pct_ge_6,rel_basket_le_3%,next_close,scaled_exit_6_12,stress,4,0.6311015118790497,0.5015029698516154,1.5964421392176564,0.5,0.020060118794064614,-0.06275016431156173,0.18219323050850186,1.2519413247293203,1.0,2.5364476074951265,1.0,0.5
btc_return_le_3%,rel_btc_le_1%,next_close,scaled_exit_6_12,stress,6,0.9466522678185746,7.9318260643050715,7.646565297380992,1.0,0.4759095638583043,0.0,12.728712947615263,inf,1.0,0.21147253282136932,1.0,1.0
btc_return_le_3%,rel_btc_le_2%,next_close,scaled_exit_6_12,stress,5,0.7888768898488121,7.505355259905509,7.371807855502305,1.0,0.3752677629952755,0.0,13.487689276985712,inf,1.0,0.2503714724703613,1.0,1.0
btc_return_le_3%,symbol_zscore_le_-1,next_close,scaled_exit_6_12,stress,8,1.2622030237580995,7.544048502916921,7.10641060548069,1.0,0.6035238802333537,0.0,14.256034220844743,inf,1.0,0.1667569489116412,1.0,1.0
btc_return_le_3%,symbol_zscore_le_-2,next_close,scaled_exit_6_12,stress,8,1.2622030237580995,7.544048502916921,7.10641060548069,1.0,0.6035238802333537,0.0,14.256034220844743,inf,1.0,0.1667569489116412,1.0,1.0
btc_return_le_3%,rel_btc_le_-1_atr_equiv,next_close,scaled_exit_6_12,stress,3,0.4733261339092873,7.790558440053114,7.371807855502305,1.0,0.2337167532015934,0.0,9.357296417528804,inf,1.0,0.4020094456418502,1.0,1.0
btc_return_le_3%,bottom_3_performer,next_close,scaled_exit_6_12,stress,3,0.4733261339092873,7.790558440053114,7.371807855502305,1.0,0.2337167532015934,0.0,9.357296417528804,inf,1.0,0.4020094456418502,1.0,1.0
btc_return_le_3%,rel_basket_le_1%,next_close,scaled_exit_6_12,stress,2,0.31555075593952486,7.999933732328518,7.999933732328518,1.0,0.15999867464657036,0.0,5.731841246073292,inf,1.0,0.5872320042608533,1.0,1.0
btc_return_le_3%,rel_btc_le_3%,next_close,scaled_exit_6_12,stress,2,0.31555075593952486,7.999933732328518,7.999933732328518,1.0,0.15999867464657036,0.0,5.731841246073292,inf,1.0,0.5872320042608533,1.0,1.0
btc_return_le_3%,bottom_2_performer,next_close,scaled_exit_6_12,stress,2,0.31555075593952486,7.999933732328518,7.999933732328518,1.0,0.15999867464657036,0.0,5.731841246073292,inf,1.0,0.5872320042608533,1.0,1.0
btc_return_le_3%,bottom_1_performer,next_close,scaled_exit_6_12,stress,1,0.15777537796976243,9.395634239178568,9.395634239178568,1.0,0.09395634239178569,0.0,0.0,inf,1.0,1.0,1.0,1.0
basket_return_le_1%,rel_btc_le_1%,next_open,fixed_horizon_6,base,419,66.10788336933045,0.377564354162446,0.39426152806850917,0.6085918854415274,1.5819946439406487,-1.6096010945424248,1.886697155901453,1.4557069139424226,0.44312838548911926,0.2837311007135719,0.6363636363636364,0.875
basket_return_le_1%,rel_btc_le_2%,next_open,fixed_horizon_6,base,84,13.253131749460044,1.9224907190103075,1.0178365027906724,0.7976190476190477,1.6148922039686584,-1.042786232553212,2.282772020737945,2.439019831552342,0.43861483081418373,0.2602666223958857,0.8888888888888888,1.0
basket_return_le_1%,symbol_zscore_le_-1,next_open,fixed_horizon_6,base,2014,317.75961123110153,-0.06201744172133865,0.061621487793952566,0.5198609731876862,-1.2490312762677604,-3.6907462224101617,-1.17196488412729,0.9121497101903459,,,0.4166666666666667,0.25
basket_return_le_1%,symbol_zscore_le_-2,next_open,fixed_horizon_6,base,1717,270.9003239740821,-0.09134477596872174,0.048654208364942234,0.5160163075131042,-1.5683898033829522,-3.925524361773602,-1.5386769169671692,0.8743306370199518,,,0.4166666666666667,0.125
basket_return_le_1%,rel_btc_le_-1_atr_equiv,next_open,fixed_horizon_6,base,655,103.34287257019439,-0.12027632032621796,0.002912904107668158,0.500763358778626,-0.7878098981367276,-1.9162012569471072,-0.9396931635727441,0.8601689400638928,,,0.3333333333333333,0.375
basket_return_le_1%,bottom_1_performer,next_open,fixed_horizon_6,base,259,40.863822894168464,0.08979535457240613,0.2057644536804926,0.5521235521235521,0.23256996834253188,-0.39443834821998214,0.4948176250288958,1.1212842534454628,0.8522230152089962,1.2900696771886508,0.6666666666666666,0.625
basket_return_le_1%,bottom_2_performer,next_open,fixed_horizon_6,base,518,81.72764578833693,0.04438480534409628,0.14633552973483352,0.5366795366795367,0.2299132916824187,-0.7281093921411117,0.3505526854354103,1.059475150564485,1.36715846139586,1.4399341229458977,0.5,0.25
basket_return_le_1%,bottom_3_performer,next_open,fixed_horizon_6,base,777,122.59146868250541,0.025231814649054437,0.1584466859378209,0.5405405405405406,0.196051199823153,-1.1267934764164211,0.2588203598785234,1.0343128238143942,1.8170835121699458,2.984410585620956,0.5833333333333334,0.625
basket_return_le_2%,rel_btc_le_1%,next_open,fixed_horizon_6,base,191,30.135097192224624,0.7690487401859563,0.48602307001585304,0.6178010471204188,1.4688830937551764,-1.3145911396266254,1.882151099165293,1.7191647260447158,0.43894180752881884,0.2598901508776438,0.5,1.0
basket_return_le_2%,rel_btc_le_2%,next_open,fixed_horizon_6,base,74,11.675377969762419,2.1390588303331066,1.1835833219112326,0.8108108108108109,1.582903534446499,-1.0359599404344007,2.2526677435501217,2.4956847298916487,0.4369054907207011,0.28121986270781596,1.0,1.0
basket_return_le_2%,symbol_zscore_le_-1,next_open,fixed_horizon_6,base,287,45.281533477321815,0.4456557330510975,0.20569159918263583,0.5261324041811847,1.27903195385665,-1.4144267790714566,1.5758150696204183,1.4531746081092909,0.47308722343157633,0.299650074094898,0.6,0.875
basket_return_le_2%,symbol_zscore_le_-2,next_open,fixed_horizon_6,base,269,42.441576673866095,0.3961503039344496,0.19507182013961627,0.5241635687732342,1.0656443175836694,-1.4144267790714566,1.336834854310706,1.3952851474481498,0.5638891972069111,0.25194269708760586,0.6,0.875
basket_return_le_2%,rel_btc_le_-1_atr_equiv,next_open,fixed_horizon_6,base,188,29.661771058315335,0.3171511382725973,0.37024354242078067,0.574468085106383,0.5962441399524829,-1.336336687961929,0.8006953432446469,1.280785610848022,0.5133288662713164,0.34973719771439804,0.6,0.75
basket_return_le_2%,bottom_1_performer,next_open,fixed_horizon_6,base,38,5.995464362850972,1.1764487603102298,0.48010050391674947,0.6842105263157895,0.4470505289178873,-0.14773746440992877,1.21063428280285,2.5866058589758727,0.6224124959538151,0.676329093361063,0.6,0.7142857142857143
basket_return_le_2%,bottom_2_performer,next_open,fixed_horizon_6,base,76,11.990928725701943,0.9094472248095629,0.4303330830680597,0.618421052631579,0.6911798908552678,-0.3497430863574301,1.3204744367376053,1.9831612949936888,0.6577743068275798,0.5056165130031236,0.7,0.75
basket_return_le_2%,bottom_3_performer,next_open,fixed_horizon_6,base,114,17.986393088552916,0.7503691929515891,0.3544179716089691,0.5964912280701754,0.8554208799648116,-0.6216867483670958,1.4231619409807195,1.756244409224488,0.5732049654597573,0.5543531044324421,0.6,0.5
breadth_down_1pct_ge_4,rel_btc_le_1%,next_open,fixed_horizon_6,base,465,73.36555075593952,0.37940275790322076,0.4064517032206139,0.6150537634408603,1.7642228242499765,-1.6246849317143257,2.089495398607454,1.4824910718508368,0.41452363773408607,0.27713249271580886,0.6363636363636364,0.875
breadth_down_1pct_ge_4,rel_btc_le_2%,next_open,fixed_horizon_6,base,85,13.410907127429805,1.8781801557608429,1.0079407358825645,0.788235294117647,1.5964531323967164,-1.042786232553212,2.253674617698957,2.399592285447342,0.44368084252087014,0.2632727080621405,0.8888888888888888,1.0
breadth_down_1pct_ge_4,symbol_zscore_le_-1,next_open,fixed_horizon_6,base,2583,407.53380129589635,-0.16018915810125467,-0.040259732454948,0.4885791715060008,-4.137685953755408,-5.549006020648943,-3.6821756731859434,0.7802995203997024,,,0.3333333333333333,0.0
breadth_down_1pct_ge_4,symbol_zscore_le_-2,next_open,fixed_horizon_6,base,2107,332.4327213822894,-0.17882983648128814,-0.040259732454948,0.48932130991931655,-3.7679446546607416,-5.277041067628524,-3.5322930571040114,0.761980730113201,,,0.3333333333333333,0.0
breadth_down_1pct_ge_4,rel_btc_le_-1_atr_equiv,next_open,fixed_horizon_6,base,797,125.74697624190065,-0.19635760632974825,-0.044531676841672516,0.4868255959849435,-1.5649701224480936,-2.618063299842092,-1.799471530674925,0.7754756606455868,,,0.3333333333333333,0.125
breadth_down_1pct_ge_4,bottom_1_performer,next_open,fixed_horizon_6,base,334,52.69697624190065,-0.03827285601014014,0.10482763430486272,0.5239520958083832,-0.12783133907386807,-0.5661867371085003,-0.2581872607295145,0.950234067041569,,,0.5,0.5
breadth_down_1pct_ge_4,bottom_2_performer,next_open,fixed_horizon_6,base,668,105.3939524838013,-0.07862102326326245,0.039901519053744464,0.5104790419161677,-0.5251884353985932,-1.049628467556128,-0.7604913037100729,0.8984632993996114,,,0.5,0.25
breadth_down_1pct_ge_4,bottom_3_performer,next_open,fixed_horizon_6,base,1002,158.09092872570196,-0.09366327404465341,0.039901519053744464,0.5109780439121756,-0.9385060059274272,-1.7518378935110492,-1.1734638919687803,0.8776510797896483,,,0.5833333333333334,0.25
breadth_down_1pct_ge_5,rel_btc_le_1%,next_open,fixed_horizon_6,base,419,66.10788336933045,0.377564354162446,0.39426152806850917,0.6085918854415274,1.5819946439406487,-1.6096010945424248,1.886697155901453,1.4557069139424226,0.44312838548911926,0.2837311007135719,0.6363636363636364,0.875
breadth_down_1pct_ge_5,rel_btc_le_2%,next_open,fixed_horizon_6,base,84,13.253131749460044,1.9224907190103075,1.0178365027906724,0.7976190476190477,1.6148922039686584,-1.042786232553212,2.282772020737945,2.439019831552342,0.43861483081418373,0.2602666223958857,0.8888888888888888,1.0
breadth_down_1pct_ge_5,symbol_zscore_le_-1,next_open,fixed_horizon_6,base,2014,317.75961123110153,-0.06201744172133865,0.061621487793952566,0.5198609731876862,-1.2490312762677604,-3.6907462224101617,-1.17196488412729,0.9121497101903459,,,0.4166666666666667,0.25
breadth_down_1pct_ge_5,symbol_zscore_le_-2,next_open,fixed_horizon_6,base,1717,270.9003239740821,-0.09134477596872174,0.048654208364942234,0.5160163075131042,-1.5683898033829522,-3.925524361773602,-1.5386769169671692,0.8743306370199518,,,0.4166666666666667,0.125
breadth_down_1pct_ge_5,rel_btc_le_-1_atr_equiv,next_open,fixed_horizon_6,base,655,103.34287257019439,-0.12027632032621796,0.002912904107668158,0.500763358778626,-0.7878098981367276,-1.9162012569471072,-0.9396931635727441,0.8601689400638928,,,0.3333333333333333,0.375
breadth_down_1pct_ge_5,bottom_1_performer,next_open,fixed_horizon_6,base,259,40.863822894168464,0.08979535457240613,0.2057644536804926,0.5521235521235521,0.23256996834253188,-0.39443834821998214,0.4948176250288958,1.1212842534454628,0.8522230152089962,1.2900696771886508,0.6666666666666666,0.625
breadth_down_1pct_ge_5,bottom_2_performer,next_open,fixed_horizon_6,base,518,81.72764578833693,0.04438480534409628,0.14633552973483352,0.5366795366795367,0.2299132916824187,-0.7281093921411117,0.3505526854354103,1.059475150564485,1.36715846139586,1.4399341229458977,0.5,0.25
breadth_down_1pct_ge_5,bottom_3_performer,next_open,fixed_horizon_6,base,777,122.59146868250541,0.025231814649054437,0.1584466859378209,0.5405405405405406,0.196051199823153,-1.1267934764164211,0.2588203598785234,1.0343128238143942,1.8170835121699458,2.984410585620956,0.5833333333333334,0.625
breadth_down_1pct_ge_6,rel_btc_le_1%,next_open,fixed_horizon_6,base,372,58.692440604751624,0.45700062648148765,0.45019657698133436,0.6263440860215054,1.7000423305111338,-1.6424665778970886,2.053830565423702,1.5517668818311758,0.40547591877379674,0.3111669391109627,0.6363636363636364,0.875
breadth_down_1pct_ge_6,rel_btc_le_2%,next_open,fixed_horizon_6,base,83,13.095356371490281,1.9662600226318767,1.0277322696987803,0.8072289156626506,1.6319958187844577,-1.0299181853956365,2.3099035430910537,2.4767680522615296,0.434018067126192,0.26543525002453383,1.0,1.0
breadth_down_1pct_ge_6,symbol_zscore_le_-1,next_open,fixed_horizon_6,base,1538,242.6585313174946,0.02221469401161166,0.14039776754932962,0.5429128738621587,0.3416619938985873,-2.535365603642851,0.3384023682726522,1.0324733951742553,2.4150787864511676,0.7305404912136504,0.5833333333333334,0.625
breadth_down_1pct_ge_6,symbol_zscore_le_-2,next_open,fixed_horizon_6,base,1356,213.94341252699783,-0.002774520927892313,0.1426399910819854,0.5420353982300885,-0.03762250378221976,-2.5654057822344645,-0.038805387386537105,0.9959861183390997,,,0.5833333333333334,0.625
breadth_down_1pct_ge_6,rel_btc_le_-1_atr_equiv,next_open,fixed_horizon_6,base,537,84.72537796976242,-0.04127842984407734,0.11285515923290754,0.5307262569832403,-0.22166516826269533,-2.05264066382248,-0.27197881297306853,0.9512201850773988,,,0.5,0.5
breadth_down_1pct_ge_6,bottom_1_performer,next_open,fixed_horizon_6,base,197,31.0817494600432,0.19783789061952423,0.24727284492908289,0.583756345177665,0.38974064452046275,-0.33760337485533576,0.8682502173670723,1.2799584570730753,0.39880255428550027,0.6785853122832779,0.8333333333333334,0.625
breadth_down_1pct_ge_6,bottom_2_performer,next_open,fixed_horizon_6,base,394,62.1634989200864,0.15680597763851864,0.21366036357825194,0.5710659898477157,0.6178155518957634,-0.7317605039467439,0.9888269700330465,1.220506135118828,0.38603761093530686,0.5428474377157297,0.75,0.375
breadth_down_1pct_ge_6,bottom_3_performer,next_open,fixed_horizon_6,base,591,93.2452483801296,0.1297229627299108,0.21485610053125995,0.5668358714043993,0.7666627097337728,-1.054104200594711,1.0661404479264869,1.184471338379297,0.42846676318979204,0.8190178015391021,0.6666666666666666,0.75
breadth_down_2pct_ge_4,rel_btc_le_1%,next_open,fixed_horizon_6,base,207,32.65950323974082,0.7650221992663654,0.5303419132146292,0.6328502415458938,1.5835959524813763,-1.3054761984413843,2.0267477598364514,1.7646150821853301,0.41928568959683177,0.23546505872086845,0.5454545454545454,0.875
breadth_down_2pct_ge_4,rel_btc_le_2%,next_open,fixed_horizon_6,base,77,12.148704103671706,2.056295341279633,1.1479796161687397,0.8051948051948052,1.5833474127853175,-1.0299181853956367,2.2503138755343444,2.4793929475793415,0.4367830078834692,0.2735907575937546,1.0,1.0
breadth_down_2pct_ge_4,symbol_zscore_le_-1,next_open,fixed_horizon_6,base,327,51.59254859611231,0.46034008796029247,0.2602736016701713,0.5474006116207951,1.5053120876301564,-1.4087824158758055,1.850720301889041,1.5219752563474078,0.4804758539295681,0.2555683671328007,0.5833333333333334,0.875
breadth_down_2pct_ge_4,symbol_zscore_le_-2,next_open,fixed_horizon_6,base,308,48.594816414686825,0.4167621318401177,0.24911263568803357,0.5454545454545454,1.2836273660675623,-1.4087824158758053,1.6067800825380039,1.4655240039713429,0.5601919784225045,0.21028644539814417,0.5833333333333334,0.875
breadth_down_2pct_ge_4,rel_btc_le_-1_atr_equiv,next_open,fixed_horizon_6,base,208,32.817278617710585,0.3210667841315675,0.37024354242078067,0.5817307692307693,0.6678189109936603,-1.3228493997330069,0.8957906394494692,1.3078623780838987,0.4991609326928713,0.3045010913813704,0.5833333333333334,0.75
breadth_down_2pct_ge_4,bottom_1_performer,next_open,fixed_horizon_6,base,43,6.784341252699784,1.1246739327302357,0.48602307001585304,0.6976744186046512,0.48360979107400137,-0.1477374644099288,1.3098272510843372,2.698895397149857,0.5907517385965098,0.6252009047173172,0.5833333333333334,0.7142857142857143
breadth_down_2pct_ge_4,bottom_2_performer,next_open,fixed_horizon_6,base,86,13.568682505399568,0.8438737619631005,0.4303330830680597,0.6162790697674418,0.7257314352882664,-0.36129991680771956,1.3840066839718006,1.9877533720449905,0.6529485582634952,0.5326449530331191,0.5833333333333334,0.75
breadth_down_2pct_ge_4,bottom_3_performer,next_open,fixed_horizon_6,base,129,20.35302375809935,0.7274287495738839,0.35461400081750144,0.6046511627906976,0.9383830869503103,-0.6272018237786214,1.5582904342191484,1.8044667786522597,0.5639125954218854,0.49447881163594365,0.5833333333333334,0.625
breadth_down_2pct_ge_5,rel_btc_le_1%,next_open,fixed_horizon_6,base,191,30.135097192224624,0.7690487401859563,0.48602307001585304,0.6178010471204188,1.4688830937551764,-1.3145911396266254,1.882151099165293,1.7191647260447158,0.43894180752881884,0.2598901508776438,0.5,1.0
breadth_down_2pct_ge_5,rel_btc_le_2%,next_open,fixed_horizon_6,base,74,11.675377969762419,2.1390588303331066,1.1835833219112326,0.8108108108108109,1.582903534446499,-1.0359599404344007,2.2526677435501217,2.4956847298916487,0.4369054907207011,0.28121986270781596,1.0,1.0
breadth_down_2pct_ge_5,symbol_zscore_le_-1,next_open,fixed_horizon_6,base,287,45.281533477321815,0.4456557330510975,0.20569159918263583,0.5261324041811847,1.27903195385665,-1.4144267790714566,1.5758150696204183,1.4531746081092909,0.47308722343157633,0.299650074094898,0.6,0.875
breadth_down_2pct_ge_5,symbol_zscore_le_-2,next_open,fixed_horizon_6,base,269,42.441576673866095,0.3961503039344496,0.19507182013961627,0.5241635687732342,1.0656443175836694,-1.4144267790714566,1.336834854310706,1.3952851474481498,0.5638891972069111,0.25194269708760586,0.6,0.875
breadth_down_2pct_ge_5,rel_btc_le_-1_atr_equiv,next_open,fixed_horizon_6,base,188,29.661771058315335,0.3171511382725973,0.37024354242078067,0.574468085106383,0.5962441399524829,-1.336336687961929,0.8006953432446469,1.280785610848022,0.5133288662713164,0.34973719771439804,0.6,0.75
breadth_down_2pct_ge_5,bottom_1_performer,next_open,fixed_horizon_6,base,38,5.995464362850972,1.1764487603102298,0.48010050391674947,0.6842105263157895,0.4470505289178873,-0.14773746440992877,1.21063428280285,2.5866058589758727,0.6224124959538151,0.676329093361063,0.6,0.7142857142857143
breadth_down_2pct_ge_5,bottom_2_performer,next_open,fixed_horizon_6,base,76,11.990928725701943,0.9094472248095629,0.4303330830680597,0.618421052631579,0.6911798908552678,-0.3497430863574301,1.3204744367376053,1.9831612949936888,0.6577743068275798,0.5056165130031236,0.7,0.75
breadth_down_2pct_ge_5,bottom_3_performer,next_open,fixed_horizon_6,base,114,17.986393088552916,0.7503691929515891,0.3544179716089691,0.5964912280701754,0.8554208799648116,-0.6216867483670958,1.4231619409807195,1.756244409224488,0.5732049654597573,0.5543531044324421,0.6,0.5
breadth_down_2pct_ge_6,rel_btc_le_1%,next_open,fixed_horizon_6,base,142,22.404103671706263,1.060349217128685,0.5602568955232279,0.6549295774647887,1.5056958883227327,-1.238529934042315,1.979703663709734,1.9763733484680037,0.4080872359582727,0.2765802598310554,0.6666666666666666,0.875
breadth_down_2pct_ge_6,rel_btc_le_2%,next_open,fixed_horizon_6,base,66,10.41317494600432,2.18679532972369,1.1504687711030661,0.7878787878787878,1.4432849176176354,-1.0359599404344007,2.054975937613608,2.3637591711603987,0.46798801042099786,0.26931144800347634,1.0,1.0
breadth_down_2pct_ge_6,symbol_zscore_le_-1,next_open,fixed_horizon_6,base,203,32.02840172786177,0.709976198606938,0.3862651424411246,0.5960591133004927,1.441251683172084,-1.3142190428305356,1.8507269711870948,1.7399389148568984,0.42566568023430523,0.2874853209580931,0.6666666666666666,0.875
breadth_down_2pct_ge_6,symbol_zscore_le_-2,next_open,fixed_horizon_6,base,192,30.292872570194387,0.661134991663434,0.37024354242078067,0.5989583333333334,1.2693791839937933,-1.3142190428305356,1.658656218056018,1.688693512794458,0.4833003296746059,0.23487332468479089,0.6666666666666666,0.875
breadth_down_2pct_ge_6,rel_btc_le_-1_atr_equiv,next_open,fixed_horizon_6,base,135,21.299676025917925,0.6950899032698135,0.4693539209968201,0.674074074074074,0.9383713694142481,-1.2385299340423153,1.2933147257539304,1.6369365154404079,0.3760510320964821,0.3119846196622893,0.8888888888888888,0.75
breadth_down_2pct_ge_6,bottom_2_performer,next_open,fixed_horizon_6,base,52,8.204319654427646,1.4590119056421127,0.5850092681774632,0.6923076923076923,0.7586861909338986,-0.31490213840922726,1.4986172257000216,2.765032640205652,0.6311729771308532,0.4282447714408921,0.8888888888888888,0.8571428571428571
breadth_down_2pct_ge_6,bottom_3_performer,next_open,fixed_horizon_6,base,78,12.30647948164147,1.1692843473036467,0.44723638818396033,0.6666666666666666,0.9120417908968445,-0.5685962037047024,1.5695356404951226,2.2078595731470374,0.5623822579147815,0.42061301671275314,0.7777777777777778,0.8571428571428571
btc_return_le_1%,rel_btc_le_1%,next_open,fixed_horizon_6,base,143,22.561879049676026,0.6072033197716217,0.05594636047071785,0.5104895104895105,0.868300747273419,-1.4791181671627875,1.1176566335953708,1.4290521155355125,0.7763991230726136,0.3097323933693313,0.4444444444444444,0.625
btc_return_le_1%,symbol_zscore_le_-1,next_open,fixed_horizon_6,base,779,122.90701943844493,-0.04348105958938565,-0.0870543117877464,0.4762516046213094,-0.33871745420131416,-1.8429448151613546,-0.3874779879411418,0.9458792814507474,,,0.4166666666666667,0.25
btc_return_le_1%,symbol_zscore_le_-2,next_open,fixed_horizon_6,base,687,108.39168466522679,-0.00893657183299257,-0.06651317793032512,0.48326055312954874,-0.061394248492658954,-1.678540326203051,-0.07234910149712488,0.9887037544811239,,,0.5833333333333334,0.625
btc_return_le_1%,rel_btc_le_-1_atr_equiv,next_open,fixed_horizon_6,base,160,25.244060475161987,-0.030874387346283456,-0.25766100365565475,0.45,-0.04939901975405353,-1.5257597792310054,-0.06679413056313825,0.9777619033271028,,,0.5454545454545454,0.5
basket_return_le_3%,rel_btc_le_1%,next_open,fixed_horizon_6,base,53,8.36209503239741,1.6404957069952302,0.5832590419707762,0.6037735849056604,0.8694627247074721,-1.2187892344952498,1.1763710786603105,1.6712866077590607,0.6686909798688037,0.3681037215761704,1.0,0.75
basket_return_le_3%,symbol_zscore_le_-1,next_open,fixed_horizon_6,base,64,10.097624190064796,1.6052845493987167,0.545530411093722,0.625,1.0273821116151787,-1.2944783432834703,1.3649634798426795,1.7393138679059628,0.7332762017093124,0.3156559292389605,0.75,0.75
basket_return_le_3%,symbol_zscore_le_-2,next_open,fixed_horizon_6,base,64,10.097624190064796,1.6052845493987167,0.545530411093722,0.625,1.0273821116151787,-1.2944783432834703,1.3649634798426795,1.7393138679059628,0.7332762017093124,0.3156559292389605,0.75,0.75
basket_return_le_3%,rel_btc_le_-1_atr_equiv,next_open,fixed_horizon_6,base,47,7.415442764578834,1.252154945472292,0.5078017802166679,0.6382978723404256,0.5885128243719772,-1.2187892344952498,0.8143802006151181,1.464265685057841,0.47072625482936253,0.39113026736396317,1.0,0.75
basket_return_le_1%,rel_basket_le_1%,next_open,fixed_horizon_6,base,49,7.730993520518359,2.077679833623059,0.7072829395637825,0.6326530612244898,1.0180631184752988,-0.3850460112726621,1.8304452176095425,2.7309138428254665,0.849652619809715,0.35774187682916136,0.4,0.875
basket_return_le_1%,rel_btc_le_3%,next_open,fixed_horizon_6,base,27,4.259935205183585,3.831337357656386,2.679701542896331,0.7037037037037037,1.0344610865672241,-0.810925916900408,1.5904236256371378,2.275654242894631,0.7776976937468603,0.27834212052333246,1.0,0.8571428571428571
basket_return_le_1%,rel_basket_le_-1_atr_equiv,next_open,fixed_horizon_6,base,80,12.622030237580994,0.037821792822037084,-0.2944448598931814,0.4375,0.030257434257629667,-0.5484367135830597,0.052137835307009474,1.0249598210577857,13.685182366114768,9.95162904636669,0.3333333333333333,0.5
basket_return_le_2%,rel_basket_le_1%,next_open,fixed_horizon_6,base,21,3.313282937365011,5.135149873031717,2.4638086668705617,0.8095238095238095,1.0783814733366606,-0.31490213840922726,2.0722357939494667,4.24130597753439,0.7571195161748372,0.28672157606375503,1.0,0.8571428571428571
basket_return_le_2%,rel_btc_le_3%,next_open,fixed_horizon_6,base,24,3.7866090712742984,4.086494032958434,2.701136490877223,0.6666666666666666,0.9807585679100242,-0.8109259169004079,1.5093605509568586,2.209430537944533,0.7676881542029211,0.2446580952373783,1.0,0.8571428571428571
basket_return_le_2%,rel_basket_le_-1_atr_equiv,next_open,fixed_horizon_6,base,26,4.102159827213823,1.7802477407598702,0.3346248789786311,0.5769230769230769,0.4628644125975662,-0.49550842357158154,0.8229948321167136,1.8033784151388812,0.8790875480109493,0.6763925484487575,0.6666666666666666,0.7142857142857143
basket_return_le_3%,rel_basket_le_1%,next_open,fixed_horizon_6,base,11,1.7355291576673866,7.451802236277305,8.36525476169764,0.7272727272727273,0.8196982459905036,-0.3149021384092272,1.6216666842289968,3.603025340289288,0.746790317482361,0.349775358242413,1.0,0.8333333333333334
basket_return_le_3%,rel_btc_le_2%,next_open,fixed_horizon_6,base,35,5.522138228941685,2.6640373531595483,1.714287799123073,0.7142857142857143,0.9324130736058418,-1.0299181853956367,1.3529794304932639,1.9053273229151315,0.499845131701707,0.24061501739395943,1.0,0.8571428571428571
basket_return_le_3%,rel_btc_le_3%,next_open,fixed_horizon_6,base,21,3.313282937365011,3.667237489761631,2.4638086668705617,0.6190476190476191,0.7701198728499424,-0.8109259169004079,1.1917479857800466,1.9496796893525892,0.7041475733520355,0.31157555021224553,1.0,0.8571428571428571
basket_return_le_3%,rel_basket_le_-1_atr_equiv,next_open,fixed_horizon_6,base,12,1.8933045356371492,4.024737282668294,2.3541657996959975,0.6666666666666666,0.4829684739201953,-0.4955084235715815,0.8577164331621229,1.9746927619090724,0.8424946212931445,0.6356451089138583,1.0,0.6
basket_return_le_3%,bottom_1_performer,next_open,fixed_horizon_6,base,8,1.2622030237580995,4.0237815213720305,0.08073962452779476,0.5,0.32190252170976247,-0.1299339743038846,0.8849254136857364,3.3792402895224165,0.6256900098937926,0.9505061522188941,0.75,0.5
basket_return_le_3%,bottom_2_performer,next_open,fixed_horizon_6,base,16,2.524406047516199,3.4018688759214175,0.4515611196872294,0.5625,0.5442990201474268,-0.3149021384092273,1.0875342827334467,2.623476661550173,0.60222662555961,0.5547871468525077,0.75,0.5714285714285714
basket_return_le_3%,bottom_3_performer,next_open,fixed_horizon_6,base,24,3.7866090712742984,2.2801713156101795,0.22582689925736646,0.5833333333333334,0.5472411157464431,-0.5625544486659386,0.9691681144520067,1.9260982471991426,0.50622738271009,0.4301340762456757,0.75,0.5714285714285714
breadth_down_1pct_ge_4,rel_basket_le_1%,next_open,fixed_horizon_6,base,52,8.204319654427646,1.89774556727113,0.42627577271251665,0.5961538461538461,0.9868276949809875,-0.39784236319503125,1.767037660587116,2.5931980244295985,0.8765461287148524,0.36015559698992355,0.4,0.875
breadth_down_1pct_ge_4,rel_btc_le_3%,next_open,fixed_horizon_6,base,27,4.259935205183585,3.831337357656386,2.679701542896331,0.7037037037037037,1.0344610865672241,-0.810925916900408,1.5904236256371378,2.275654242894631,0.7776976937468603,0.27834212052333246,1.0,0.8571428571428571
breadth_down_1pct_ge_4,rel_basket_le_-1_atr_equiv,next_open,fixed_horizon_6,base,99,15.619762419006479,-0.2006001408936275,-0.326860864517251,0.42424242424242425,-0.1985941394846912,-0.6882996174623452,-0.3344542547418135,0.8682245841727106,,,0.3333333333333333,0.375
breadth_down_1pct_ge_5,rel_basket_le_1%,next_open,fixed_horizon_6,base,49,7.730993520518359,2.077679833623059,0.7072829395637825,0.6326530612244898,1.0180631184752988,-0.3850460112726621,1.8304452176095425,2.7309138428254665,0.849652619809715,0.35774187682916136,0.4,0.875
breadth_down_1pct_ge_5,rel_btc_le_3%,next_open,fixed_horizon_6,base,27,4.259935205183585,3.831337357656386,2.679701542896331,0.7037037037037037,1.0344610865672241,-0.810925916900408,1.5904236256371378,2.275654242894631,0.7776976937468603,0.27834212052333246,1.0,0.8571428571428571
breadth_down_1pct_ge_5,rel_basket_le_-1_atr_equiv,next_open,fixed_horizon_6,base,80,12.622030237580994,0.037821792822037084,-0.2944448598931814,0.4375,0.030257434257629667,-0.5484367135830597,0.052137835307009474,1.0249598210577857,13.685182366114768,9.95162904636669,0.3333333333333333,0.5
breadth_down_1pct_ge_6,rel_basket_le_1%,next_open,fixed_horizon_6,base,42,6.626565874730022,2.5130656090143857,0.9048028137564581,0.6904761904761905,1.0554875557860421,-0.36794239645686283,1.923057974323098,3.1190195584218916,0.7893983023514075,0.3450574180030694,0.5,0.8571428571428571
breadth_down_1pct_ge_6,rel_btc_le_3%,next_open,fixed_horizon_6,base,27,4.259935205183585,3.831337357656386,2.679701542896331,0.7037037037037037,1.0344610865672241,-0.810925916900408,1.5904236256371378,2.275654242894631,0.7776976937468603,0.27834212052333246,1.0,0.8571428571428571
breadth_down_1pct_ge_6,rel_basket_le_-1_atr_equiv,next_open,fixed_horizon_6,base,61,9.624298056155508,0.42734123590516765,-0.16056431138189212,0.47540983606557374,0.26067815390215227,-0.5556630543981145,0.4580650105165323,1.2942887887155148,1.5884664654400502,1.1791039362731137,0.5,0.5
breadth_down_2pct_ge_4,rel_basket_le_1%,next_open,fixed_horizon_6,base,24,3.7866090712742984,4.495105631981162,1.6257941472925717,0.7916666666666666,1.0788253516754789,-0.3149021384092272,2.0513751044543334,4.130165795077398,0.7568080024042304,0.29613000643141146,0.8571428571428571,0.8571428571428571
breadth_down_2pct_ge_4,rel_btc_le_3%,next_open,fixed_horizon_6,base,25,3.9443844492440605,3.9315192799622785,2.679701542896331,0.68,0.9828798199905695,-0.810925916900408,1.5112511763256455,2.212046377488364,0.7660313289622436,0.24413007392389818,1.0,0.8571428571428571
breadth_down_2pct_ge_4,rel_basket_le_-1_atr_equiv,next_open,fixed_horizon_6,base,31,4.891036717062635,1.4693744877785146,0.19507182013961627,0.5483870967741935,0.45550609121133956,-0.5070652540218709,0.8100900109770961,1.7643946653497096,0.8932884749133586,0.7098815330003275,0.5833333333333334,0.5714285714285714
breadth_down_2pct_ge_5,rel_basket_le_1%,next_open,fixed_horizon_6,base,21,3.313282937365011,5.135149873031717,2.4638086668705617,0.8095238095238095,1.0783814733366606,-0.31490213840922726,2.0722357939494667,4.24130597753439,0.7571195161748372,0.28672157606375503,1.0,0.8571428571428571
breadth_down_2pct_ge_5,rel_btc_le_3%,next_open,fixed_horizon_6,base,24,3.7866090712742984,4.086494032958434,2.701136490877223,0.6666666666666666,0.9807585679100242,-0.8109259169004079,1.5093605509568586,2.209430537944533,0.7676881542029211,0.2446580952373783,1.0,0.8571428571428571
breadth_down_2pct_ge_5,rel_basket_le_-1_atr_equiv,next_open,fixed_horizon_6,base,26,4.102159827213823,1.7802477407598702,0.3346248789786311,0.5769230769230769,0.4628644125975662,-0.49550842357158154,0.8229948321167136,1.8033784151388812,0.8790875480109493,0.6763925484487575,0.6666666666666666,0.7142857142857143
breadth_down_2pct_ge_6,rel_basket_le_1%,next_open,fixed_horizon_6,base,19,2.997732181425486,5.545142154519763,2.679701542896331,0.7894736842105263,1.0535770093587549,-0.31490213840922726,2.032961654496947,4.166750860120924,0.7749444531268672,0.2934718894646619,1.0,0.8333333333333334
breadth_down_2pct_ge_6,rel_btc_le_3%,next_open,fixed_horizon_6,base,24,3.7866090712742984,4.086494032958434,2.701136490877223,0.6666666666666666,0.9807585679100242,-0.8109259169004079,1.5093605509568586,2.209430537944533,0.7676881542029211,0.2446580952373783,1.0,0.8571428571428571
breadth_down_2pct_ge_6,rel_basket_le_-1_atr_equiv,next_open,fixed_horizon_6,base,20,3.1555075593952484,2.555878842526769,1.005559850186957,0.7,0.5111757685053538,-0.49550842357158154,0.9126167819622375,1.9772153310365312,0.7960047533584547,0.6175380500503836,0.8571428571428571,0.6666666666666666
breadth_down_2pct_ge_6,bottom_1_performer,next_open,fixed_horizon_6,base,26,4.102159827213823,1.679729269973572,0.5966530047898178,0.7307692307692307,0.4367296101931287,-0.1299339743038846,1.2157088168991568,3.5319592226280796,0.6170580154938734,0.7210088093488886,0.7777777777777778,0.8571428571428571
btc_return_le_1%,bottom_3_performer,next_open,fixed_horizon_6,base,303,47.80593952483802,0.08273322359510839,0.03663544921307611,0.5016501650165016,0.25068166749317844,-0.7320761726320066,0.3925272811959436,1.1000432619791405,2.2178301141354453,1.3470214648533347,0.5,0.75
btc_return_le_1%,rel_btc_le_2%,next_open,fixed_horizon_6,base,48,7.573218142548597,2.4923261599430706,1.005559850186957,0.7291666666666666,1.196316556772674,-1.0359599404344007,1.7031005473154675,2.1311182932065855,0.5201667508643533,0.2775357451979037,1.0,1.0
btc_return_le_1%,bottom_2_performer,next_open,fixed_horizon_6,base,202,31.87062634989201,0.16072309793916442,0.05915207450272416,0.5198019801980198,0.3246606578371121,-0.43361954757344706,0.5860595683254907,1.2004844533011765,1.544012473096376,0.9012485883301116,0.5,0.75
basket_return_le_1%,rel_basket_le_2%,next_open,fixed_horizon_6,base,13,2.0510799136069116,6.393419448773006,4.798356932138629,0.6923076923076923,0.8311445283404908,-0.33200575322502646,1.6171857335400737,3.503403993054178,1.0180261822395302,0.4026902729320258,0.6666666666666666,0.8
breadth_down_1pct_ge_4,rel_basket_le_2%,next_open,fixed_horizon_6,base,13,2.0510799136069116,6.393419448773006,4.798356932138629,0.6923076923076923,0.8311445283404908,-0.33200575322502646,1.6171857335400737,3.503403993054178,1.0180261822395302,0.4026902729320258,0.6666666666666666,0.8
breadth_down_1pct_ge_5,rel_basket_le_2%,next_open,fixed_horizon_6,base,13,2.0510799136069116,6.393419448773006,4.798356932138629,0.6923076923076923,0.8311445283404908,-0.33200575322502646,1.6171857335400737,3.503403993054178,1.0180261822395302,0.4026902729320258,0.6666666666666666,0.8
btc_return_le_1%,rel_basket_le_1%,next_open,fixed_horizon_6,base,26,4.102159827213823,4.034024010527061,1.1984049348085748,0.7307692307692307,1.0488462427370357,-0.33592971279407774,1.9737276731136935,3.8203803782609476,0.7784397999214288,0.2916947272625483,0.7142857142857143,0.8571428571428571
btc_return_le_1%,rel_basket_le_-1_atr_equiv,next_open,fixed_horizon_6,base,40,6.311015118790497,0.6072103789226383,-0.2944448598931814,0.4,0.2428841515690553,-0.516535997956432,0.42884770439301945,1.3240837441131232,1.6752774477186747,1.2050078998755862,0.3333333333333333,0.5714285714285714
btc_return_le_1%,bottom_1_performer,next_open,fixed_horizon_6,base,101,15.935313174946005,0.27224504623358026,0.1769633368381785,0.5544554455445545,0.2749674966959161,-0.20795038974306898,0.6994932993595911,1.372759276925036,1.036816491611398,0.7642932239363266,0.5,0.75
btc_return_le_1%,rel_basket_le_2%,next_open,fixed_horizon_6,base,10,1.5777537796976242,7.981433217543585,9.170649033575021,0.7,0.7981433217543585,-0.12993397430388465,1.5765906318046,3.534575744027312,1.0,0.3592215080015987,1.0,0.8
btc_return_le_1%,rel_btc_le_3%,next_open,fixed_horizon_6,base,22,3.471058315334773,4.243978417800473,4.722165078612608,0.6363636363636364,0.9336752519161041,-0.6259577527950654,1.4352574183797109,2.151369357493074,0.8064010834306663,0.23526833564116661,1.0,0.8571428571428571
basket_return_le_2%,rel_basket_le_2%,next_open,fixed_horizon_6,base,10,1.5777537796976242,7.981433217543585,9.170649033575021,0.7,0.7981433217543585,-0.12993397430388465,1.5765906318046,3.534575744027312,1.0,0.3592215080015987,1.0,0.8
btc_return_le_2%,rel_btc_le_1%,next_open,fixed_horizon_6,base,23,3.6288336933045358,4.435624447504337,8.36525476169764,0.6521739130434783,1.0201936229259976,-0.6992880972502218,1.4691431230922931,2.1500265648054016,0.5755726874482706,0.2424446265696599,1.0,0.75
btc_return_le_2%,rel_basket_le_1%,next_open,fixed_horizon_6,base,8,1.2622030237580995,10.255437478989942,11.4678073297801,0.75,0.8204349983191953,-0.0777621198775239,1.6943221358684943,4.122727178160773,0.779679660705756,0.34946125924586596,1.0,0.8333333333333334
btc_return_le_2%,rel_btc_le_2%,next_open,fixed_horizon_6,base,17,2.682181425485961,6.566435633782035,9.626992053711373,0.7058823529411765,1.1162940577429459,-0.4773606735351068,1.7771939841939484,2.6854076016375044,0.5824916093173115,0.21736828306663725,1.0,1.0
btc_return_le_2%,rel_basket_le_2%,next_open,fixed_horizon_6,base,6,0.9466522678185746,10.661274685343963,14.217567558209787,0.6666666666666666,0.6396764811206378,-0.0777621198775239,1.2907207931473053,3.4347268667450344,1.0,0.4482113319841357,1.0,0.8
btc_return_le_2%,rel_btc_le_3%,next_open,fixed_horizon_6,base,12,1.8933045356371492,8.749855898831887,11.030083514977177,0.75,1.0499827078598265,-0.2583684050398781,1.8533081330813443,3.3683647615270167,0.8278461960892703,0.27306187568212975,1.0,0.8571428571428571
btc_return_le_2%,symbol_zscore_le_-1,next_open,fixed_horizon_6,base,40,6.311015118790497,2.8814765441352335,0.5991303223804167,0.625,1.1525906176540934,-0.7749772060384424,1.6121763314524844,2.131699297423411,0.6259551833229963,0.21664540726497405,1.0,0.875
btc_return_le_2%,symbol_zscore_le_-2,next_open,fixed_horizon_6,base,40,6.311015118790497,2.8814765441352335,0.5991303223804167,0.625,1.1525906176540934,-0.7749772060384424,1.6121763314524844,2.131699297423411,0.6259551833229963,0.21664540726497405,1.0,0.875
btc_return_le_2%,rel_btc_le_-1_atr_equiv,next_open,fixed_horizon_6,base,23,3.6288336933045358,3.140118574409343,0.4693539209968201,0.6521739130434783,0.7222272721141489,-0.6992880972502218,1.0500197487706056,1.8136753401249628,0.5930328512757009,0.34246901424119774,1.0,0.75
btc_return_le_2%,rel_basket_le_-1_atr_equiv,next_open,fixed_horizon_6,base,7,1.1044276457883369,6.558145656546908,13.225017701402086,0.5714285714285714,0.4590701959582836,-0.2583684050398781,0.8099010465771582,2.035489124759995,1.0,0.6245455491692598,1.0,0.6
btc_return_le_2%,bottom_2_performer,next_open,fixed_horizon_6,base,10,1.5777537796976242,5.432160412898548,0.6667689657432719,0.6,0.5432160412898548,-0.0777621198775239,1.1004918240215678,3.0198915626198004,0.6541138385985992,0.5225584111694287,1.0,0.8333333333333334
btc_return_le_2%,bottom_3_performer,next_open,fixed_horizon_6,base,15,2.3666306695464363,3.9755600451793724,0.4693539209968201,0.6666666666666666,0.5963340067769058,-0.2583684050398781,1.080147695283275,2.3265440182944896,0.5147602154491059,0.47601194671490316,1.0,0.6666666666666666
basket_return_le_3%,rel_basket_le_2%,next_open,fixed_horizon_6,base,7,1.1044276457883369,8.392923238489672,13.225017701402086,0.5714285714285714,0.587504626694277,-0.12993397430388465,1.1434171851221826,2.8656736650380963,1.0,0.4880135995783449,1.0,0.8
breadth_down_1pct_ge_6,rel_basket_le_2%,next_open,fixed_horizon_6,base,12,1.8933045356371492,7.068734526302419,5.760057825252865,0.75,0.8482481431562902,-0.3149021384092272,1.6692577409521099,3.6936881008218485,0.9974992552619659,0.3945706449978336,1.0,0.8
breadth_down_2pct_ge_4,rel_basket_le_2%,next_open,fixed_horizon_6,base,11,1.7355291576673866,7.275132489408217,6.721758718367102,0.7272727272727273,0.8002645738349039,-0.3149021384092272,1.5701765277422952,3.541311970371346,0.9973493115278362,0.3582693236913856,1.0,0.8
breadth_down_2pct_ge_5,rel_basket_le_2%,next_open,fixed_horizon_6,base,10,1.5777537796976242,7.981433217543585,9.170649033575021,0.7,0.7981433217543585,-0.12993397430388465,1.5765906318046,3.534575744027312,1.0,0.3592215080015987,1.0,0.8
breadth_down_2pct_ge_6,rel_basket_le_2%,next_open,fixed_horizon_6,base,10,1.5777537796976242,7.981433217543585,9.170649033575021,0.7,0.7981433217543585,-0.12993397430388465,1.5765906318046,3.534575744027312,1.0,0.3592215080015987,1.0,0.8
basket_return_le_1%,rel_basket_le_3%,next_open,fixed_horizon_6,base,4,0.6311015118790497,22.56016912758761,21.94057108960904,1.0,0.9024067651035044,0.0,4.58657755876513,inf,1.0,0.36717939083634643,1.0,1.0
btc_return_le_1%,rel_basket_le_3%,next_open,fixed_horizon_6,base,4,0.6311015118790497,22.56016912758761,21.94057108960904,1.0,0.9024067651035044,0.0,4.58657755876513,inf,1.0,0.36717939083634643,1.0,1.0
basket_return_le_2%,rel_basket_le_3%,next_open,fixed_horizon_6,base,4,0.6311015118790497,22.56016912758761,21.94057108960904,1.0,0.9024067651035044,0.0,4.58657755876513,inf,1.0,0.36717939083634643,1.0,1.0
btc_return_le_2%,rel_basket_le_3%,next_open,fixed_horizon_6,base,4,0.6311015118790497,22.56016912758761,21.94057108960904,1.0,0.9024067651035044,0.0,4.58657755876513,inf,1.0,0.36717939083634643,1.0,1.0
btc_return_le_2%,bottom_1_performer,next_open,fixed_horizon_6,base,5,0.7888768898488121,7.280487906324506,0.8641840104897238,0.8,0.3640243953162253,0.0,1.0355354527200928,5.681256065158299,0.6966100340596487,0.9231213892007334,1.0,0.75
basket_return_le_3%,rel_basket_le_3%,next_open,fixed_horizon_6,base,4,0.6311015118790497,22.56016912758761,21.94057108960904,1.0,0.9024067651035044,0.0,4.58657755876513,inf,1.0,0.36717939083634643,1.0,1.0
breadth_down_1pct_ge_4,rel_basket_le_3%,next_open,fixed_horizon_6,base,4,0.6311015118790497,22.56016912758761,21.94057108960904,1.0,0.9024067651035044,0.0,4.58657755876513,inf,1.0,0.36717939083634643,1.0,1.0
breadth_down_1pct_ge_5,rel_basket_le_3%,next_open,fixed_horizon_6,base,4,0.6311015118790497,22.56016912758761,21.94057108960904,1.0,0.9024067651035044,0.0,4.58657755876513,inf,1.0,0.36717939083634643,1.0,1.0
breadth_down_1pct_ge_6,rel_basket_le_3%,next_open,fixed_horizon_6,base,4,0.6311015118790497,22.56016912758761,21.94057108960904,1.0,0.9024067651035044,0.0,4.58657755876513,inf,1.0,0.36717939083634643,1.0,1.0
breadth_down_2pct_ge_4,rel_basket_le_3%,next_open,fixed_horizon_6,base,4,0.6311015118790497,22.56016912758761,21.94057108960904,1.0,0.9024067651035044,0.0,4.58657755876513,inf,1.0,0.36717939083634643,1.0,1.0
breadth_down_2pct_ge_5,rel_basket_le_3%,next_open,fixed_horizon_6,base,4,0.6311015118790497,22.56016912758761,21.94057108960904,1.0,0.9024067651035044,0.0,4.58657755876513,inf,1.0,0.36717939083634643,1.0,1.0
breadth_down_2pct_ge_6,rel_basket_le_3%,next_open,fixed_horizon_6,base,4,0.6311015118790497,22.56016912758761,21.94057108960904,1.0,0.9024067651035044,0.0,4.58657755876513,inf,1.0,0.36717939083634643,1.0,1.0
btc_return_le_3%,rel_btc_le_1%,next_open,fixed_horizon_6,base,6,0.9466522678185746,9.690031355733991,9.668794505934745,1.0,0.5814018813440395,0.0,20.821073532163297,inf,1.0,0.19838213371532376,1.0,1.0
btc_return_le_3%,rel_btc_le_2%,next_open,fixed_horizon_6,base,5,0.7888768898488121,9.32124271153811,9.626992053711373,1.0,0.46606213557690546,0.0,26.809798972721204,inf,1.0,0.2195884124136222,1.0,1.0
btc_return_le_3%,symbol_zscore_le_-1,next_open,fixed_horizon_6,base,8,1.2622030237580995,9.416935656365888,9.40149950790992,1.0,0.753354852509271,0.0,23.546632528778495,inf,1.0,0.1531014838265937,1.0,1.0
btc_return_le_3%,symbol_zscore_le_-2,next_open,fixed_horizon_6,base,8,1.2622030237580995,9.416935656365888,9.40149950790992,1.0,0.753354852509271,0.0,23.546632528778495,inf,1.0,0.1531014838265937,1.0,1.0
btc_return_le_3%,rel_btc_le_-1_atr_equiv,next_open,fixed_horizon_6,base,3,0.4733261339092873,9.23428125785571,9.626992053711373,1.0,0.2770284377356713,0.0,21.2193059816028,inf,1.0,0.3505270808126764,1.0,1.0
btc_return_le_3%,bottom_3_performer,next_open,fixed_horizon_6,base,3,0.4733261339092873,9.23428125785571,9.626992053711373,1.0,0.2770284377356713,0.0,21.2193059816028,inf,1.0,0.3505270808126764,1.0,1.0
btc_return_le_3%,rel_basket_le_1%,next_open,fixed_horizon_6,base,2,0.31555075593952486,9.037925859927878,9.037925859927878,1.0,0.18075851719855757,0.0,13.435876587690759,inf,1.0,0.5372137982019032,1.0,1.0
btc_return_le_3%,rel_btc_le_3%,next_open,fixed_horizon_6,base,2,0.31555075593952486,9.037925859927878,9.037925859927878,1.0,0.18075851719855757,0.0,13.435876587690759,inf,1.0,0.5372137982019032,1.0,1.0
btc_return_le_3%,bottom_2_performer,next_open,fixed_horizon_6,base,2,0.31555075593952486,9.037925859927878,9.037925859927878,1.0,0.18075851719855757,0.0,13.435876587690759,inf,1.0,0.5372137982019032,1.0,1.0
btc_return_le_3%,bottom_1_performer,next_open,fixed_horizon_6,base,1,0.15777537796976243,9.710596958158115,9.710596958158115,1.0,0.09710596958158116,0.0,0.0,inf,1.0,1.0,1.0,1.0
basket_return_le_1%,rel_btc_le_1%,next_open,fixed_horizon_6,stress,419,66.10788336933045,0.1971569433100046,0.2138374283782431,0.568019093078759,0.8260875924689194,-1.674590877002371,0.986183154779897,1.218627940018751,0.7954590448624677,0.37489362940973414,0.5454545454545454,0.625
basket_return_le_1%,rel_btc_le_2%,next_open,fixed_horizon_6,stress,84,13.253131749460044,1.74053915309847,0.836789139445875,0.7738095238095238,1.4620528886027147,-1.065147871482014,2.0687898693361344,2.2666368917665323,0.4445790591098713,0.26502258808706597,0.8888888888888888,1.0
basket_return_le_1%,symbol_zscore_le_-1,next_open,fixed_horizon_6,stress,2014,317.75961123110153,-0.2419854902393828,-0.11847013792679148,0.4672293942403178,-4.8735877734211694,-5.444982978478949,-4.577458045006082,0.6962092989303584,,,0.25,0.0
basket_return_le_1%,symbol_zscore_le_-2,next_open,fixed_horizon_6,stress,1717,270.9003239740821,-0.27128351179420845,-0.1314244565503174,0.46534653465346537,-4.657937897506558,-5.196470614598761,-4.5742660137929425,0.6683646622610293,,,0.3333333333333333,0.0
basket_return_le_1%,rel_btc_le_-1_atr_equiv,next_open,fixed_horizon_6,stress,655,103.34287257019439,-0.3001861390514384,-0.17712004233969111,0.4580152671755725,-1.9662192107869214,-2.421965326360319,-2.3476365590161765,0.6850565705906327,,,0.25,0.0
basket_return_le_1%,bottom_1_performer,next_open,fixed_horizon_6,stress,259,40.863822894168464,-0.09032443094929715,0.025528756957342726,0.5173745173745173,-0.23394027615867963,-0.5470696365432429,-0.4982310846532255,0.8903029152973102,,,0.25,0.375
basket_return_le_1%,bottom_2_performer,next_open,fixed_horizon_6,stress,518,81.72764578833693,-0.1356895922996247,-0.03384076773430098,0.4922779922779923,-0.702872088112056,-1.0184051959649592,-1.0727531813417979,0.8371327039867652,,,0.3333333333333333,0.25
basket_return_le_1%,bottom_3_performer,next_open,fixed_horizon_6,stress,777,122.59146868250541,-0.15482343956611427,-0.021741716641039275,0.4929214929214929,-1.2029781254287077,-1.6227528137197518,-1.5897211686195414,0.8115667134215719,,,0.4166666666666667,0.25
basket_return_le_2%,rel_btc_le_1%,next_open,fixed_horizon_6,stress,191,30.135097192224624,0.5882500403963143,0.30550725459566513,0.5968586387434555,1.1235575771569604,-1.3593945789954187,1.441109167836213,1.516318812877203,0.4884149681200296,0.29135817100351297,0.5,0.625
basket_return_le_2%,rel_btc_le_2%,next_open,fixed_horizon_6,stress,74,11.675377969762419,1.9568908044317102,1.0023702944965174,0.7837837837837838,1.4480991952794655,-1.05472780154734,2.062886332266102,2.334605379751703,0.4410466516654821,0.2884432841841774,1.0,1.0
basket_return_le_2%,symbol_zscore_le_-1,next_open,fixed_horizon_6,stress,287,45.281533477321815,0.26518026481442997,0.025455975277615263,0.5052264808362369,0.761067360017414,-1.5378493647998845,0.9386015050348491,1.2478467133249165,0.6996448647288999,0.42028925903548936,0.5,0.875
basket_return_le_2%,symbol_zscore_le_-2,next_open,fixed_horizon_6,stress,269,42.441576673866095,0.21572431641128245,0.014846810711670735,0.5018587360594795,0.5802984111463498,-1.5378493647998845,0.7287040156964893,1.1980576225676007,0.9165858288051868,0.3598201213103441,0.5,0.75
basket_return_le_2%,rel_btc_le_-1_atr_equiv,next_open,fixed_horizon_6,stress,188,29.661771058315335,0.13680411047470922,0.1898434487251512,0.5531914893617021,0.25719172769245335,-1.4102123486102374,0.3457279329239067,1.1133195759040961,1.0208578861222248,0.6069853850488496,0.4,0.75
basket_return_le_2%,bottom_1_performer,next_open,fixed_horizon_6,stress,38,5.995464362850972,0.9952428638951781,0.2995906081057977,0.6578947368421053,0.3781922882801677,-0.1572595599797277,1.0251875388955078,2.242709863351119,0.6873982605108002,0.7605884167788157,0.5,0.7142857142857143
basket_return_le_2%,bottom_2_performer,next_open,fixed_horizon_6,stress,76,11.990928725701943,0.7285081966293281,0.24987292983153403,0.5921052631578947,0.5536662294382894,-0.3596364155599632,1.0588177988727072,1.7316795568907486,0.7552925047119579,0.5915460383280382,0.5,0.5
basket_return_le_2%,bottom_3_performer,next_open,fixed_horizon_6,stress,114,17.986393088552916,0.569589163383406,0.17403369558322462,0.5701754385964912,0.649331646257083,-0.6525143896764182,1.0813725436503427,1.5338377322647638,0.6712015366402232,0.6657989740285613,0.5,0.5
breadth_down_1pct_ge_4,rel_btc_le_1%,next_open,fixed_horizon_6,stress,465,73.36555075593952,0.19899350956486275,0.22601541944116582,0.5720430107526882,0.9253198194766118,-1.7166766761062882,1.097018980888391,1.2317259895234989,0.7272853024029822,0.3566424838989428,0.45454545454545453,0.625
breadth_down_1pct_ge_4,rel_btc_le_2%,next_open,fixed_horizon_6,stress,85,13.410907127429805,1.6962728782901781,0.8269032633642138,0.7647058823529411,1.4418319465466514,-1.065147871482014,2.037436014953073,2.2276130353394383,0.4508140488499249,0.2687393918450156,0.7777777777777778,1.0
breadth_down_1pct_ge_4,symbol_zscore_le_-1,next_open,fixed_horizon_6,stress,2583,407.53380129589635,-0.34005908391520956,-0.22024952781972235,0.4347657762291909,-8.783726137529863,-9.11382532912429,-7.824562444800363,0.5880112935583047,,,0.08333333333333333,0.0
breadth_down_1pct_ge_4,symbol_zscore_le_-2,next_open,fixed_horizon_6,stress,2107,332.4327213822894,-0.3586811309232333,-0.22024952781972235,0.4366397721879449,-7.557411428552525,-7.788640448873662,-7.091850525233689,0.5767212898665688,,,0.08333333333333333,0.0
breadth_down_1pct_ge_4,rel_btc_le_-1_atr_equiv,next_open,fixed_horizon_6,stress,797,125.74697624190065,-0.3761913817525948,-0.22451720239479817,0.44040150564617314,-2.998245312568181,-3.3765418006465966,-3.4509636722380415,0.6123544403231739,,,0.25,0.0
breadth_down_1pct_ge_4,bottom_1_performer,next_open,fixed_horizon_6,stress,334,52.69697624190065,-0.21826463725939552,-0.07530717599170775,0.4820359281437126,-0.7290038884463811,-0.7933380865284264,-1.4738782535816444,0.7455573890229594,,,0.25,0.25
breadth_down_1pct_ge_4,bottom_2_performer,next_open,fixed_horizon_6,stress,668,105.3939524838013,-0.25857247648911297,-0.1401683975419686,0.46107784431137727,-1.7272641429472748,-1.8585536848691693,-2.5036415473510965,0.7014602581557426,,,0.08333333333333333,0.0
breadth_down_1pct_ge_4,bottom_3_performer,next_open,fixed_horizon_6,stress,1002,158.09092872570196,-0.27359969252957567,-0.1401683975419686,0.45808383233532934,-2.741468919146348,-2.9482826429186355,-3.4312336766565936,0.6809395063049998,,,0.16666666666666666,0.125
breadth_down_1pct_ge_5,rel_btc_le_1%,next_open,fixed_horizon_6,stress,419,66.10788336933045,0.1971569433100046,0.2138374283782431,0.568019093078759,0.8260875924689194,-1.674590877002371,0.986183154779897,1.218627940018751,0.7954590448624677,0.37489362940973414,0.5454545454545454,0.625
breadth_down_1pct_ge_5,rel_btc_le_2%,next_open,fixed_horizon_6,stress,84,13.253131749460044,1.74053915309847,0.836789139445875,0.7738095238095238,1.4620528886027147,-1.065147871482014,2.0687898693361344,2.2666368917665323,0.4445790591098713,0.26502258808706597,0.8888888888888888,1.0
breadth_down_1pct_ge_5,symbol_zscore_le_-1,next_open,fixed_horizon_6,stress,2014,317.75961123110153,-0.2419854902393828,-0.11847013792679148,0.4672293942403178,-4.8735877734211694,-5.444982978478949,-4.577458045006082,0.6962092989303584,,,0.25,0.0
breadth_down_1pct_ge_5,symbol_zscore_le_-2,next_open,fixed_horizon_6,stress,1717,270.9003239740821,-0.27128351179420845,-0.1314244565503174,0.46534653465346537,-4.657937897506558,-5.196470614598761,-4.5742660137929425,0.6683646622610293,,,0.3333333333333333,0.0
breadth_down_1pct_ge_5,rel_btc_le_-1_atr_equiv,next_open,fixed_horizon_6,stress,655,103.34287257019439,-0.3001861390514384,-0.17712004233969111,0.4580152671755725,-1.9662192107869214,-2.421965326360319,-2.3476365590161765,0.6850565705906327,,,0.25,0.0
breadth_down_1pct_ge_5,bottom_1_performer,next_open,fixed_horizon_6,stress,259,40.863822894168464,-0.09032443094929715,0.025528756957342726,0.5173745173745173,-0.23394027615867963,-0.5470696365432429,-0.4982310846532255,0.8903029152973102,,,0.25,0.375
breadth_down_1pct_ge_5,bottom_2_performer,next_open,fixed_horizon_6,stress,518,81.72764578833693,-0.1356895922996247,-0.03384076773430098,0.4922779922779923,-0.702872088112056,-1.0184051959649592,-1.0727531813417979,0.8371327039867652,,,0.3333333333333333,0.25
breadth_down_1pct_ge_5,bottom_3_performer,next_open,fixed_horizon_6,stress,777,122.59146868250541,-0.15482343956611427,-0.021741716641039275,0.4929214929214929,-1.2029781254287077,-1.6227528137197518,-1.5897211686195414,0.8115667134215719,,,0.4166666666666667,0.25
breadth_down_1pct_ge_6,rel_btc_le_1%,next_open,fixed_horizon_6,stress,372,58.692440604751624,0.27651381901533584,0.2697165701677375,0.5860215053763441,1.0286314067370492,-1.7182378463705876,1.243938623341416,1.3078011896106125,0.6292150244980831,0.39824606724680345,0.5454545454545454,0.625
breadth_down_1pct_ge_6,rel_btc_le_2%,next_open,fixed_horizon_6,stress,83,13.095356371490281,1.7842647092682697,0.8466750155275361,0.7831325301204819,1.480939708692664,-1.0468917848972898,2.09819803559655,2.3043415266486087,0.43890922349409234,0.27276697172691167,1.0,1.0
breadth_down_1pct_ge_6,symbol_zscore_le_-1,next_open,fixed_horizon_6,stress,1538,242.6585313174946,-0.15783754458921925,-0.03977259512206275,0.48634590377113135,-2.4275414357821923,-3.3881415527808154,-2.4067870666446716,0.7951895054779325,,,0.4166666666666667,0.0
breadth_down_1pct_ge_6,symbol_zscore_le_-2,next_open,fixed_horizon_6,stress,1356,213.94341252699783,-0.1828017827896648,-0.037532612693487045,0.4889380530973451,-2.4787921746278547,-3.402941684896491,-2.559285522371077,0.7649415663572421,,,0.4166666666666667,0.0
breadth_down_1pct_ge_6,rel_btc_le_-1_atr_equiv,next_open,fixed_horizon_6,stress,537,84.72537796976242,-0.22126720702003366,-0.06728767458083582,0.4860335195530726,-1.1882049016975809,-2.1899840512914364,-1.4593627390917405,0.7631022512947487,,,0.3333333333333333,0.375
breadth_down_1pct_ge_6,bottom_1_performer,next_open,fixed_horizon_6,stress,197,31.0817494600432,0.017610116502077337,0.06699566053776543,0.5380710659898477,0.034691929509092355,-0.3674772852965311,0.07736275936228186,1.0224326348424615,2.503833038620033,6.214696914639658,0.5833333333333334,0.5
breadth_down_1pct_ge_6,bottom_2_performer,next_open,fixed_horizon_6,stress,394,62.1634989200864,-0.023380785051156622,0.03341677488722287,0.5203045685279187,-0.09212029310155709,-0.8016370681112079,-0.14758800854166507,0.9704920338208568,,,0.5,0.375
breadth_down_1pct_ge_6,bottom_3_performer,next_open,fixed_horizon_6,stress,591,93.2452483801296,-0.05043673046606803,0.034611316700266105,0.5143824027072758,-0.2980810770544621,-1.1660543134790706,-0.41493376996178966,0.9357519004064119,,,0.5833333333333334,0.375
breadth_down_2pct_ge_4,rel_btc_le_1%,next_open,fixed_horizon_6,stress,207,32.65950323974082,0.58422752400739,0.3497818010774135,0.6086956521739131,1.209350974695297,-1.3595426245084918,1.5493230149512567,1.547186871909931,0.5119263882023158,0.25928999060284874,0.5454545454545454,0.625
breadth_down_2pct_ge_4,rel_btc_le_2%,next_open,fixed_horizon_6,stress,77,12.148704103671706,1.874210037547566,0.9668021746846157,0.7792207792207793,1.443141728911626,-1.04689178489729,2.0531002727123884,2.31340098586742,0.44256173081431166,0.2799111352388657,1.0,1.0
breadth_down_2pct_ge_4,symbol_zscore_le_-1,next_open,fixed_horizon_6,stress,327,51.59254859611231,0.27984994269988933,0.07998342301274622,0.5259938837920489,0.915109312628638,-1.515721725839172,1.126215524821029,1.2901612004918985,0.6951396736296394,0.34128558836244915,0.5,0.875
breadth_down_2pct_ge_4,symbol_zscore_le_-2,next_open,fixed_horizon_6,stress,308,48.594816414686825,0.2363155427795129,0.06883361242446165,0.5227272727272727,0.7278518717608997,-1.522210217835846,0.9119998568487874,1.2415684276670733,0.8731793426105773,0.27649613315770394,0.4166666666666667,0.875
breadth_down_2pct_ge_4,rel_btc_le_-1_atr_equiv,next_open,fixed_horizon_6,stress,208,32.817278617710585,0.14071584264270928,0.1898434487251512,0.5576923076923077,0.2926889526968353,-1.3897041610730227,0.3929962735264593,1.125728746309892,0.9471031085812841,0.5341524736037253,0.4166666666666667,0.75
breadth_down_2pct_ge_4,bottom_1_performer,next_open,fixed_horizon_6,stress,43,6.784341252699784,0.9435197852941499,0.30550725459566513,0.6744186046511628,0.4057135076764845,-0.1529907017534657,1.099949378653009,2.3128948309881117,0.654660161201777,0.7089945696615577,0.5,0.7142857142857143
breadth_down_2pct_ge_4,bottom_2_performer,next_open,fixed_horizon_6,stress,86,13.568682505399568,0.6630002745081204,0.24987292983153403,0.5930232558139535,0.5701802360769835,-0.3775871169914173,1.0884505587141509,1.716678685473572,0.7607858541823149,0.6299171631903214,0.4166666666666667,0.625
breadth_down_2pct_ge_4,bottom_3_performer,next_open,fixed_horizon_6,stress,129,20.35302375809935,0.5466716489960479,0.17422952886041915,0.5736434108527132,0.7052064272049018,-0.6596927152694537,1.1722460812363964,1.559386982000525,0.665375712069405,0.5934989386126692,0.4166666666666667,0.625
breadth_down_2pct_ge_5,rel_btc_le_1%,next_open,fixed_horizon_6,stress,191,30.135097192224624,0.5882500403963143,0.30550725459566513,0.5968586387434555,1.1235575771569604,-1.3593945789954187,1.441109167836213,1.516318812877203,0.4884149681200296,0.29135817100351297,0.5,0.625
breadth_down_2pct_ge_5,rel_btc_le_2%,next_open,fixed_horizon_6,stress,74,11.675377969762419,1.9568908044317102,1.0023702944965174,0.7837837837837838,1.4480991952794655,-1.05472780154734,2.062886332266102,2.334605379751703,0.4410466516654821,0.2884432841841774,1.0,1.0
breadth_down_2pct_ge_5,symbol_zscore_le_-1,next_open,fixed_horizon_6,stress,287,45.281533477321815,0.26518026481442997,0.025455975277615263,0.5052264808362369,0.761067360017414,-1.5378493647998845,0.9386015050348491,1.2478467133249165,0.6996448647288999,0.42028925903548936,0.5,0.875
breadth_down_2pct_ge_5,symbol_zscore_le_-2,next_open,fixed_horizon_6,stress,269,42.441576673866095,0.21572431641128245,0.014846810711670735,0.5018587360594795,0.5802984111463498,-1.5378493647998845,0.7287040156964893,1.1980576225676007,0.9165858288051868,0.3598201213103441,0.5,0.75
breadth_down_2pct_ge_5,rel_btc_le_-1_atr_equiv,next_open,fixed_horizon_6,stress,188,29.661771058315335,0.13680411047470922,0.1898434487251512,0.5531914893617021,0.25719172769245335,-1.4102123486102374,0.3457279329239067,1.1133195759040961,1.0208578861222248,0.6069853850488496,0.4,0.75
breadth_down_2pct_ge_5,bottom_1_performer,next_open,fixed_horizon_6,stress,38,5.995464362850972,0.9952428638951781,0.2995906081057977,0.6578947368421053,0.3781922882801677,-0.1572595599797277,1.0251875388955078,2.242709863351119,0.6873982605108002,0.7605884167788157,0.5,0.7142857142857143
breadth_down_2pct_ge_5,bottom_2_performer,next_open,fixed_horizon_6,stress,76,11.990928725701943,0.7285081966293281,0.24987292983153403,0.5921052631578947,0.5536662294382894,-0.3596364155599632,1.0588177988727072,1.7316795568907486,0.7552925047119579,0.5915460383280382,0.5,0.5
breadth_down_2pct_ge_5,bottom_3_performer,next_open,fixed_horizon_6,stress,114,17.986393088552916,0.569589163383406,0.17403369558322462,0.5701754385964912,0.649331646257083,-0.6525143896764182,1.0813725436503427,1.5338377322647638,0.6712015366402232,0.6657989740285613,0.5,0.5
breadth_down_2pct_ge_6,rel_btc_le_1%,next_open,fixed_horizon_6,stress,142,22.404103671706263,0.8792593622940452,0.3796668833387963,0.6267605633802817,1.2485482944575441,-1.2660968280447185,1.6432459206475876,1.7645584051144192,0.4590812795634784,0.30148846956194764,0.5555555555555556,0.875
breadth_down_2pct_ge_6,rel_btc_le_2%,next_open,fixed_horizon_6,stress,66,10.41317494600432,2.0045795911553808,0.9692888417067104,0.7575757575757576,1.3230225301625511,-1.05472780154734,1.8856287986379674,2.2193315154400666,0.471916774060747,0.2771691633283675,1.0,1.0
breadth_down_2pct_ge_6,symbol_zscore_le_-1,next_open,fixed_horizon_6,stress,203,32.02840172786177,0.5292365418668724,0.20584903514427227,0.5714285714285714,1.074350179989751,-1.3435105858619611,1.3809650336280823,1.5118453065418531,0.5168413354947466,0.3433862338333628,0.5555555555555556,0.875
breadth_down_2pct_ge_6,symbol_zscore_le_-2,next_open,fixed_horizon_6,stress,192,30.292872570194387,0.4804441517463091,0.1898434487251512,0.5729166666666666,0.9224527713529135,-1.3435105858619611,1.2065447760364145,1.4646065858559703,0.6019479794077054,0.2760446000898482,0.5555555555555556,0.875
breadth_down_2pct_ge_6,rel_btc_le_-1_atr_equiv,next_open,fixed_horizon_6,stress,135,21.299676025917925,0.5143651253930921,0.2888547664035059,0.6444444444444445,0.6943929192806743,-1.2660968280447185,0.9580078160552612,1.4464902448882353,0.41692866145605156,0.36673547366749093,0.5555555555555556,0.75
breadth_down_2pct_ge_6,bottom_2_performer,next_open,fixed_horizon_6,stress,52,8.204319654427646,1.277523587151556,0.4043945159780283,0.6538461538461539,0.6643122653188092,-0.32122969046539296,1.3135152112761121,2.4429030058857015,0.6821782728535075,0.4614932852380178,0.6666666666666666,0.8571428571428571
breadth_down_2pct_ge_6,bottom_3_performer,next_open,fixed_horizon_6,stress,78,12.30647948164147,0.9880856117247644,0.26675934008130636,0.6282051282051282,0.7707067771453162,-0.5800710894024187,1.3276387383510073,1.9578016566894452,0.6157947073433622,0.4575386235288958,0.6666666666666666,0.7142857142857143
btc_return_le_1%,rel_btc_le_1%,next_open,fixed_horizon_6,stress,143,22.561879049676026,0.4265663846009676,-0.12413959295602503,0.4825174825174825,0.6099899299793836,-1.5514404766858214,0.7859504837394777,1.2834537839078015,1.0420955966411056,0.39913422361944784,0.3333333333333333,0.625
btc_return_le_1%,symbol_zscore_le_-1,next_open,fixed_horizon_6,stress,779,122.90701943844493,-0.22346763523526178,-0.26699733593539926,0.417201540436457,-1.7408128784826893,-2.5239376193947454,-1.9934063851825843,0.7523536360108513,,,0.25,0.125
btc_return_le_1%,symbol_zscore_le_-2,next_open,fixed_horizon_6,stress,687,108.39168466522679,-0.1889576747202678,-0.246476732956664,0.43085880640465796,-1.29813922532824,-1.928730351971081,-1.5313026075819687,0.7872459170447825,,,0.25,0.0
btc_return_le_1%,rel_btc_le_-1_atr_equiv,next_open,fixed_horizon_6,stress,160,25.244060475161987,-0.21087356337051336,-0.4374335062869337,0.4125,-0.3373977013928214,-1.604594726809055,-0.45666358769824744,0.8584338383539216,,,0.2727272727272727,0.5
basket_return_le_3%,rel_btc_le_1%,next_open,fixed_horizon_6,stress,53,8.36209503239741,1.4588259953092226,0.4026460391237264,0.5849056603773585,0.7731777775138879,-1.2409749582917184,1.047145495360205,1.5799988134986875,0.7372417886361944,0.3972313723190154,0.75,0.75
basket_return_le_3%,symbol_zscore_le_-1,next_open,fixed_horizon_6,stress,64,10.097624190064796,1.4236500312911122,0.36495511804150343,0.609375,0.9111360200263119,-1.3183887161089611,1.2117319044106099,1.6359134730689964,0.810196781539295,0.3397656422013847,0.75,0.75
basket_return_le_3%,symbol_zscore_le_-2,next_open,fixed_horizon_6,stress,64,10.097624190064796,1.4236500312911122,0.36495511804150343,0.609375,0.9111360200263119,-1.3183887161089611,1.2117319044106099,1.6359134730689964,0.810196781539295,0.3397656422013847,0.75,0.75
basket_return_le_3%,rel_btc_le_-1_atr_equiv,next_open,fixed_horizon_6,stress,47,7.415442764578834,1.0708733806684396,0.32726419695928055,0.6170212765957447,0.5033104889141666,-1.2409749582917184,0.6971745921069891,1.3876698596018533,0.5391317139844188,0.43184676342543593,1.0,0.75
basket_return_le_1%,rel_basket_le_1%,next_open,fixed_horizon_6,stress,49,7.730993520518359,1.8955731560748732,0.5265459747381397,0.6122448979591837,0.9288308464766879,-0.4098653623955032,1.671679265618005,2.4948000967285022,0.8973973300008952,0.37815032482465893,0.4,0.875
basket_return_le_1%,rel_btc_le_3%,next_open,fixed_horizon_6,stress,27,4.259935205183585,3.6474778980987783,2.4969931441986053,0.7037037037037037,0.9848190324866701,-0.8245177986385795,1.5156167209907745,2.1944181606664834,0.7758656890599077,0.2847681568306088,1.0,0.8571428571428571
basket_return_le_1%,rel_basket_le_-1_atr_equiv,next_open,fixed_horizon_6,stress,80,12.622030237580994,-0.14224604508574812,-0.47418059703258736,0.425,-0.1137968360685985,-0.5920687391422487,-0.1962842169149576,0.9120097334320859,,,0.25,0.375
basket_return_le_2%,rel_basket_le_1%,next_open,fixed_horizon_6,stress,21,3.313282937365011,4.949987251887945,2.2813160532641867,0.8095238095238095,1.0394973228964686,-0.3199882945358328,1.9995138786721924,4.061231467562004,0.7621411631422117,0.2919538963965412,1.0,0.8571428571428571
basket_return_le_2%,rel_btc_le_3%,next_open,fixed_horizon_6,stress,24,3.7866090712742984,3.902379544112653,2.518406667932909,0.6666666666666666,0.9365710905870367,-0.8245177986385795,1.4427993136417465,2.1359016047118407,0.7646597189206333,0.2501783299633475,1.0,0.8571428571428571
basket_return_le_2%,rel_basket_le_-1_atr_equiv,next_open,fixed_horizon_6,stress,26,4.102159827213823,1.5984383468113879,0.1542603861638005,0.5384615384615384,0.41559397017096084,-0.5034557598603607,0.7396850640352317,1.6965850382086398,0.9434430518170144,0.7265825239567854,0.5555555555555556,0.5714285714285714
basket_return_le_3%,rel_basket_le_1%,next_open,fixed_horizon_6,stress,11,1.7355291576673866,7.264324119360427,8.17686364829709,0.7272727272727273,0.799075653129647,-0.3199882945358327,1.5824492176949596,3.4972027626471998,0.7472740173270779,0.35619078002177545,1.0,0.8333333333333334
basket_return_le_3%,rel_btc_le_2%,next_open,fixed_horizon_6,stress,35,5.522138228941685,2.481344610831181,1.532544332185686,0.6857142857142857,0.8684706137909135,-1.04689178489729,1.261456452093964,1.8285118426258016,0.5257458308004316,0.2456347305906406,1.0,0.8571428571428571
basket_return_le_3%,rel_btc_le_3%,next_open,fixed_horizon_6,stress,21,3.313282937365011,3.4835420481449573,2.2813160532641867,0.6190476190476191,0.7315438301104411,-0.8245177986385795,1.1331848057144942,1.8872383729233568,0.6987017118628608,0.3202949456899145,1.0,0.8571428571428571
basket_return_le_3%,rel_basket_le_-1_atr_equiv,next_open,fixed_horizon_6,stress,12,1.8933045356371492,3.8406845197407113,2.1717827742175504,0.6666666666666666,0.46088214236888536,-0.5022143639308004,0.8193116378507646,1.9177000409976126,0.850736462731108,0.6576282228449508,1.0,0.6
basket_return_le_3%,bottom_1_performer,next_open,fixed_horizon_6,stress,8,1.2622030237580995,3.83972971372858,-0.09937110978495241,0.5,0.3071783770982864,-0.13340470589914877,0.8452929074777414,3.1577224664413914,0.6374438922291417,0.9774894037625671,0.75,0.5
basket_return_le_3%,bottom_2_performer,next_open,fixed_horizon_6,stress,16,2.524406047516199,3.21843867043314,0.27107974901218646,0.5625,0.5149501872693024,-0.3199882945358327,1.0299233844283848,2.4817237726193997,0.6149370176288048,0.5753321143578531,0.75,0.5714285714285714
basket_return_le_3%,bottom_3_performer,next_open,fixed_horizon_6,stress,24,3.7866090712742984,2.0978622476740054,0.045571150104799646,0.5416666666666666,0.5034869394417614,-0.5709936768228083,0.8925712661767046,1.8258479119963038,0.5389427714956998,0.4491681169951378,0.75,0.5714285714285714
breadth_down_1pct_ge_4,rel_basket_le_1%,next_open,fixed_horizon_6,stress,52,8.204319654427646,1.715818734157001,0.24581967476073235,0.5769230769230769,0.8922257417616406,-0.426249525054487,1.5992395444856409,2.3560079501844235,0.9342146080709356,0.38180234529153817,0.4,0.875
breadth_down_1pct_ge_4,rel_btc_le_3%,next_open,fixed_horizon_6,stress,27,4.259935205183585,3.6474778980987783,2.4969931441986053,0.7037037037037037,0.9848190324866701,-0.8245177986385795,1.5156167209907745,2.1944181606664834,0.7758656890599077,0.2847681568306088,1.0,0.8571428571428571
breadth_down_1pct_ge_4,rel_basket_le_-1_atr_equiv,next_open,fixed_horizon_6,stress,99,15.619762419006479,-0.38042967589999627,-0.5065642018357196,0.3939393939393939,-0.3766253791409963,-0.7758263786276797,-0.6349129327867407,0.7662053007476131,,,0.25,0.375
breadth_down_1pct_ge_5,rel_basket_le_1%,next_open,fixed_horizon_6,stress,49,7.730993520518359,1.8955731560748732,0.5265459747381397,0.6122448979591837,0.9288308464766879,-0.4098653623955032,1.671679265618005,2.4948000967285022,0.8973973300008952,0.37815032482465893,0.4,0.875
breadth_down_1pct_ge_5,rel_btc_le_3%,next_open,fixed_horizon_6,stress,27,4.259935205183585,3.6474778980987783,2.4969931441986053,0.7037037037037037,0.9848190324866701,-0.8245177986385795,1.5156167209907745,2.1944181606664834,0.7758656890599077,0.2847681568306088,1.0,0.8571428571428571
breadth_down_1pct_ge_5,rel_basket_le_-1_atr_equiv,next_open,fixed_horizon_6,stress,80,12.622030237580994,-0.14224604508574812,-0.47418059703258736,0.425,-0.1137968360685985,-0.5920687391422487,-0.1962842169149576,0.9120097334320859,,,0.25,0.375
breadth_down_1pct_ge_6,rel_basket_le_1%,next_open,fixed_horizon_6,stress,42,6.626565874730022,2.33052376305743,0.723868427668566,0.6666666666666666,0.9788199804841207,-0.39097854230555407,1.78515684880734,2.8736986958189346,0.8209502370236332,0.3588378795951852,0.5,0.8571428571428571
breadth_down_1pct_ge_6,rel_btc_le_3%,next_open,fixed_horizon_6,stress,27,4.259935205183585,3.6474778980987783,2.4969931441986053,0.7037037037037037,0.9848190324866701,-0.8245177986385795,1.5156167209907745,2.1944181606664834,0.7758656890599077,0.2847681568306088,1.0,0.8571428571428571
breadth_down_1pct_ge_6,rel_basket_le_-1_atr_equiv,next_open,fixed_horizon_6,stress,61,9.624298056155508,0.2468840730221261,-0.3404338622298673,0.45901639344262296,0.15059928454349691,-0.5965145768082721,0.2648986139854661,1.1595743935608365,2.6392019857506197,1.9074202191801437,0.4166666666666667,0.5
breadth_down_2pct_ge_4,rel_basket_le_1%,next_open,fixed_horizon_6,stress,24,3.7866090712742984,4.310582735535955,1.4441391298265096,0.7916666666666666,1.0345398565286292,-0.3249457609036721,1.9691348511260385,3.928124758822145,0.765793307774417,0.30153699917895826,0.8571428571428571,0.8571428571428571
breadth_down_2pct_ge_4,rel_btc_le_3%,next_open,fixed_horizon_6,stress,25,3.9443844492440605,3.747559688498251,2.4969931441986053,0.68,0.9368899221245628,-0.8245177986385795,1.4419795310373513,2.136288293195767,0.7643994987729827,0.2500931921689126,1.0,0.8571428571428571
breadth_down_2pct_ge_4,rel_basket_le_-1_atr_equiv,next_open,fixed_horizon_6,stress,31,4.891036717062635,1.2878758118793485,0.014846810711670735,0.5161290322580645,0.39924150168259803,-0.5155599436703697,0.7107372266431154,1.6421209889764803,0.9820853841155932,0.7775495899975569,0.5,0.5714285714285714
breadth_down_2pct_ge_5,rel_basket_le_1%,next_open,fixed_horizon_6,stress,21,3.313282937365011,4.949987251887945,2.2813160532641867,0.8095238095238095,1.0394973228964686,-0.3199882945358328,1.9995138786721924,4.061231467562004,0.7621411631422117,0.2919538963965412,1.0,0.8571428571428571
breadth_down_2pct_ge_5,rel_btc_le_3%,next_open,fixed_horizon_6,stress,24,3.7866090712742984,3.902379544112653,2.518406667932909,0.6666666666666666,0.9365710905870367,-0.8245177986385795,1.4427993136417465,2.1359016047118407,0.7646597189206333,0.2501783299633475,1.0,0.8571428571428571
breadth_down_2pct_ge_5,rel_basket_le_-1_atr_equiv,next_open,fixed_horizon_6,stress,26,4.102159827213823,1.5984383468113879,0.1542603861638005,0.5384615384615384,0.41559397017096084,-0.5034557598603607,0.7396850640352317,1.6965850382086398,0.9434430518170144,0.7265825239567854,0.5555555555555556,0.5714285714285714
breadth_down_2pct_ge_6,rel_basket_le_1%,next_open,fixed_horizon_6,stress,19,2.997732181425486,5.359569745783404,2.4969931441986053,0.7894736842105263,1.018318251698847,-0.3199882945358327,1.9668929541772093,3.998860898849771,0.7779922410639698,0.2980259788205671,1.0,0.8333333333333334
breadth_down_2pct_ge_6,rel_btc_le_3%,next_open,fixed_horizon_6,stress,24,3.7866090712742984,3.902379544112653,2.518406667932909,0.6666666666666666,0.9365710905870367,-0.8245177986385795,1.4427993136417465,2.1359016047118407,0.7646597189206333,0.2501783299633475,1.0,0.8571428571428571
breadth_down_2pct_ge_6,rel_basket_le_-1_atr_equiv,next_open,fixed_horizon_6,stress,20,3.1555075593952484,2.3732942047108345,0.8245247573656457,0.65,0.4746588409421669,-0.5034557598603606,0.8482699087211217,1.8878522664202804,0.8260443285045924,0.6454182378004527,0.7142857142857143,0.6666666666666666
breadth_down_2pct_ge_6,bottom_1_performer,next_open,fixed_horizon_6,stress,26,4.102159827213823,1.4980203443119668,0.41602661466690233,0.6923076923076923,0.3894852895211114,-0.13464610182870904,1.085281206648737,3.092230519029894,0.6588594179618742,0.7845473860882247,0.6666666666666666,0.8571428571428571
btc_return_le_1%,bottom_3_performer,next_open,fixed_horizon_6,stress,303,47.80593952483802,-0.09737950332139295,-0.1434312029433736,0.45544554455445546,-0.29505989506382063,-0.9115205023659463,-0.4624787149917219,0.8941650949579186,,,0.3333333333333333,0.375
btc_return_le_1%,rel_btc_le_2%,next_open,fixed_horizon_6,stress,48,7.573218142548597,2.3098050430809995,0.8245247573656457,0.6875,1.10870642067888,-1.0547278015473402,1.5799561455689404,2.024146240309348,0.5201147963214451,0.28617706501314544,0.8571428571428571,0.875
btc_return_le_1%,bottom_2_performer,next_open,fixed_horizon_6,stress,202,31.87062634989201,-0.01946757991518722,-0.12093708303759318,0.47029702970297027,-0.03932451142867818,-0.5742325609035341,-0.07105746779710297,0.9781647958440516,,,0.25,0.375
basket_return_le_1%,rel_basket_le_2%,next_open,fixed_horizon_6,stress,13,2.0510799136069116,6.206999186245362,4.61353093579167,0.6923076923076923,0.8069098942118971,-0.3388751146257818,1.5716024123868853,3.3811423718822318,1.0230112292408537,0.40990783718871726,0.6666666666666666,0.8
breadth_down_1pct_ge_4,rel_basket_le_2%,next_open,fixed_horizon_6,stress,13,2.0510799136069116,6.206999186245362,4.61353093579167,0.6923076923076923,0.8069098942118971,-0.3388751146257818,1.5716024123868853,3.3811423718822318,1.0230112292408537,0.40990783718871726,0.6666666666666666,0.8
breadth_down_1pct_ge_5,rel_basket_le_2%,next_open,fixed_horizon_6,stress,13,2.0510799136069116,6.206999186245362,4.61353093579167,0.6923076923076923,0.8069098942118971,-0.3388751146257818,1.5716024123868853,3.3811423718822318,1.0230112292408537,0.40990783718871726,0.6666666666666666,0.8
btc_return_le_1%,rel_basket_le_1%,next_open,fixed_horizon_6,stress,26,4.102159827213823,3.849961965508021,1.0171770931806812,0.7307692307692307,1.0009901110320856,-0.3427951521943032,1.885556217184835,3.6059881416407955,0.7914600654133089,0.2963422150926943,0.7142857142857143,0.8571428571428571
btc_return_le_1%,rel_basket_le_-1_atr_equiv,next_open,fixed_horizon_6,stress,40,6.311015118790497,0.42657343669635867,-0.47418059703258736,0.375,0.17062937467854344,-0.5262626175188312,0.3015726872967732,1.2151292294085925,2.297900020283821,1.6291590349969576,0.3333333333333333,0.5714285714285714
btc_return_le_1%,bottom_1_performer,next_open,fixed_horizon_6,stress,101,15.935313174946005,0.09194290210833733,-0.0032435731471112993,0.49504950495049505,0.0928623311294207,-0.2637622357445298,0.2364700129095014,1.1128950908395934,2.911874822002012,2.008799874339247,0.5,0.25
btc_return_le_1%,rel_basket_le_2%,next_open,fixed_horizon_6,stress,10,1.5777537796976242,7.7934257340640345,8.981452927996164,0.7,0.7793425734064034,-0.13340470589914877,1.5409933105374682,3.435534632718046,1.0,0.3652095880513848,1.0,0.8
btc_return_le_1%,rel_btc_le_3%,next_open,fixed_horizon_6,stress,22,3.471058315334773,4.059706523194024,4.537415236080328,0.6363636363636364,0.8931354351026854,-0.6379342100018954,1.3743127253038825,2.083221534547108,0.8018472436883397,0.24167002988503622,1.0,0.8571428571428571
basket_return_le_2%,rel_basket_le_2%,next_open,fixed_horizon_6,stress,10,1.5777537796976242,7.7934257340640345,8.981452927996164,0.7,0.7793425734064034,-0.13340470589914877,1.5409933105374682,3.435534632718046,1.0,0.3652095880513848,1.0,0.8
btc_return_le_2%,rel_btc_le_1%,next_open,fixed_horizon_6,stress,23,3.6288336933045358,4.251161002547586,8.17686364829709,0.6521739130434783,0.9777670305859447,-0.7093909603728414,1.4094549070741444,2.085659745358528,0.5852174006060468,0.24534683217772452,1.0,0.75
btc_return_le_2%,rel_basket_le_1%,next_open,fixed_horizon_6,stress,8,1.2622030237580995,10.065157126546998,11.276315212762771,0.75,0.8052125701237598,-0.07948469693040822,1.664549241668728,4.026338025997902,0.7802105247835239,0.3534760766848344,1.0,0.8333333333333334
btc_return_le_2%,rel_btc_le_2%,next_open,fixed_horizon_6,stress,17,2.682181425485961,6.379842441447822,9.437339832941932,0.7058823529411765,1.0845732150461298,-0.4840847525840864,1.728420430085898,2.6171528434933387,0.5790096988944684,0.21852235755975813,1.0,1.0
btc_return_le_2%,rel_basket_le_2%,next_open,fixed_horizon_6,stress,6,0.9466522678185746,10.470588698309145,14.023327053783536,0.6666666666666666,0.6282353218985487,-0.07948469693040822,1.2689034212761605,3.3611807794361566,1.0,0.45305217688893556,1.0,0.8
btc_return_le_2%,rel_btc_le_3%,next_open,fixed_horizon_6,stress,12,1.8933045356371492,8.561080376306556,10.839028903240761,0.75,1.0273296451567866,-0.26171076632537593,1.8151377963208861,3.2916408243501794,0.8277308076725445,0.27705165671649695,1.0,0.8571428571428571
btc_return_le_2%,symbol_zscore_le_-1,next_open,fixed_horizon_6,stress,40,6.311015118790497,2.69856647117254,0.41850145617667206,0.625,1.079426588469016,-0.7868047181900841,1.511349362215407,2.033491322927853,0.6410293791955317,0.22275936667769367,1.0,0.875
btc_return_le_2%,symbol_zscore_le_-2,next_open,fixed_horizon_6,stress,40,6.311015118790497,2.69856647117254,0.41850145617667206,0.625,1.079426588469016,-0.7868047181900841,1.511349362215407,2.033491322927853,0.6410293791955317,0.22275936667769367,1.0,0.875
btc_return_le_2%,rel_btc_le_-1_atr_equiv,next_open,fixed_horizon_6,stress,23,3.6288336933045358,2.9569499885435695,0.2888547664035059,0.6521739130434783,0.680098497365021,-0.7093909603728414,0.9897595333083868,1.754720468446596,0.592079242115997,0.3527313242001291,1.0,0.625
btc_return_le_2%,rel_basket_le_-1_atr_equiv,next_open,fixed_horizon_6,stress,7,1.1044276457883369,6.371560750051157,13.031769251301522,0.5714285714285714,0.446009252503581,-0.26171076632537593,0.7876459151833364,1.9949026740283793,1.0,0.638155774991178,1.0,0.6
btc_return_le_2%,bottom_2_performer,next_open,fixed_horizon_6,stress,10,1.5777537796976242,5.246700929497603,0.48607249466480656,0.6,0.5246700929497603,-0.07948469693040822,1.063983365634867,2.9019042492138634,0.6628332460645485,0.5336263570714145,0.6666666666666666,0.8333333333333334
btc_return_le_2%,bottom_3_performer,next_open,fixed_horizon_6,stress,15,2.3666306695464363,3.791556434937505,0.2888547664035059,0.6666666666666666,0.5687334652406257,-0.26171076632537593,1.031185138668582,2.2415274374006393,0.5202092403965534,0.49228295410161077,0.6666666666666666,0.6666666666666666
basket_return_le_3%,rel_basket_le_2%,next_open,fixed_horizon_6,stress,7,1.1044276457883369,8.204504470425832,13.031769251301522,0.5714285714285714,0.5743153129298082,-0.13340470589914877,1.1188660981511458,2.794801005964596,1.0,0.4955873085338487,1.0,0.8
breadth_down_1pct_ge_6,rel_basket_le_2%,next_open,fixed_horizon_6,stress,12,1.8933045356371492,6.881639285848717,5.574270608142555,0.75,0.8257967143018461,-0.3199882945358327,1.6267017225562388,3.5807091334379186,0.9996139103825382,0.40053282341067303,1.0,0.8
breadth_down_2pct_ge_4,rel_basket_le_2%,next_open,fixed_horizon_6,stress,11,1.7355291576673866,7.087830954035722,6.535010280493442,0.7272727272727273,0.7796614049439294,-0.3199882945358327,1.5312821493731599,3.4365310177201565,0.9995910641010262,0.36506024074018106,1.0,0.8
breadth_down_2pct_ge_5,rel_basket_le_2%,next_open,fixed_horizon_6,stress,10,1.5777537796976242,7.7934257340640345,8.981452927996164,0.7,0.7793425734064034,-0.13340470589914877,1.5409933105374682,3.435534632718046,1.0,0.3652095880513848,1.0,0.8
breadth_down_2pct_ge_6,rel_basket_le_2%,next_open,fixed_horizon_6,stress,10,1.5777537796976242,7.7934257340640345,8.981452927996164,0.7,0.7793425734064034,-0.13340470589914877,1.5409933105374682,3.435534632718046,1.0,0.3652095880513848,1.0,0.8
basket_return_le_1%,rel_basket_le_3%,next_open,fixed_horizon_6,stress,4,0.6311015118790497,22.35759018664102,21.73861143736571,1.0,0.8943036074656407,0.0,4.549940073959589,inf,1.0,0.3681229545056485,1.0,1.0
btc_return_le_1%,rel_basket_le_3%,next_open,fixed_horizon_6,stress,4,0.6311015118790497,22.35759018664102,21.73861143736571,1.0,0.8943036074656407,0.0,4.549940073959589,inf,1.0,0.3681229545056485,1.0,1.0
basket_return_le_2%,rel_basket_le_3%,next_open,fixed_horizon_6,stress,4,0.6311015118790497,22.35759018664102,21.73861143736571,1.0,0.8943036074656407,0.0,4.549940073959589,inf,1.0,0.3681229545056485,1.0,1.0
btc_return_le_2%,rel_basket_le_3%,next_open,fixed_horizon_6,stress,4,0.6311015118790497,22.35759018664102,21.73861143736571,1.0,0.8943036074656407,0.0,4.549940073959589,inf,1.0,0.3681229545056485,1.0,1.0
btc_return_le_2%,bottom_1_performer,next_open,fixed_horizon_6,stress,5,0.7888768898488121,7.093181018208791,0.6832902229261074,0.8,0.3546590509104396,0.0,1.0099033787392075,5.461979030013245,0.7041382100184048,0.9363985862388459,1.0,0.75
basket_return_le_3%,rel_basket_le_3%,next_open,fixed_horizon_6,stress,4,0.6311015118790497,22.35759018664102,21.73861143736571,1.0,0.8943036074656407,0.0,4.549940073959589,inf,1.0,0.3681229545056485,1.0,1.0
breadth_down_1pct_ge_4,rel_basket_le_3%,next_open,fixed_horizon_6,stress,4,0.6311015118790497,22.35759018664102,21.73861143736571,1.0,0.8943036074656407,0.0,4.549940073959589,inf,1.0,0.3681229545056485,1.0,1.0
breadth_down_1pct_ge_5,rel_basket_le_3%,next_open,fixed_horizon_6,stress,4,0.6311015118790497,22.35759018664102,21.73861143736571,1.0,0.8943036074656407,0.0,4.549940073959589,inf,1.0,0.3681229545056485,1.0,1.0
breadth_down_1pct_ge_6,rel_basket_le_3%,next_open,fixed_horizon_6,stress,4,0.6311015118790497,22.35759018664102,21.73861143736571,1.0,0.8943036074656407,0.0,4.549940073959589,inf,1.0,0.3681229545056485,1.0,1.0
breadth_down_2pct_ge_4,rel_basket_le_3%,next_open,fixed_horizon_6,stress,4,0.6311015118790497,22.35759018664102,21.73861143736571,1.0,0.8943036074656407,0.0,4.549940073959589,inf,1.0,0.3681229545056485,1.0,1.0
breadth_down_2pct_ge_5,rel_basket_le_3%,next_open,fixed_horizon_6,stress,4,0.6311015118790497,22.35759018664102,21.73861143736571,1.0,0.8943036074656407,0.0,4.549940073959589,inf,1.0,0.3681229545056485,1.0,1.0
breadth_down_2pct_ge_6,rel_basket_le_3%,next_open,fixed_horizon_6,stress,4,0.6311015118790497,22.35759018664102,21.73861143736571,1.0,0.8943036074656407,0.0,4.549940073959589,inf,1.0,0.3681229545056485,1.0,1.0
btc_return_le_3%,rel_btc_le_1%,next_open,fixed_horizon_6,stress,6,0.9466522678185746,9.500316127134939,9.479100503582977,1.0,0.5700189676280963,0.0,20.43385405324173,inf,1.0,0.19898313862572067,1.0,1.0
btc_return_le_3%,rel_btc_le_2%,next_open,fixed_horizon_6,stress,5,0.7888768898488121,9.131896087465293,9.437339832941932,1.0,0.45659480437326466,0.0,26.291477737794906,inf,1.0,0.219974586603363,1.0,1.0
btc_return_le_3%,symbol_zscore_le_-1,next_open,fixed_horizon_6,stress,8,1.2622030237580995,9.227493387123006,9.21207266710899,1.0,0.7381994709698405,0.0,23.096024979052736,inf,1.0,0.15364974876751933,1.0,1.0
btc_return_le_3%,symbol_zscore_le_-2,next_open,fixed_horizon_6,stress,8,1.2622030237580995,9.227493387123006,9.21207266710899,1.0,0.7381994709698405,0.0,23.096024979052736,inf,1.0,0.15364974876751933,1.0,1.0
btc_return_le_3%,rel_btc_le_-1_atr_equiv,next_open,fixed_horizon_6,stress,3,0.4733261339092873,9.045021551821014,9.437339832941932,1.0,0.2713506465546304,0.0,20.80520397224948,inf,1.0,0.3508693012200805,1.0,1.0
btc_return_le_3%,bottom_3_performer,next_open,fixed_horizon_6,stress,3,0.4733261339092873,9.045021551821014,9.437339832941932,1.0,0.2713506465546304,0.0,20.80520397224948,inf,1.0,0.3508693012200805,1.0,1.0
btc_return_le_3%,rel_basket_le_1%,next_open,fixed_horizon_6,stress,2,0.31555075593952486,8.848862411260555,8.848862411260555,1.0,0.1769772482252111,0.0,13.167974256734805,inf,1.0,0.5379709126287419,1.0,1.0
btc_return_le_3%,rel_btc_le_3%,next_open,fixed_horizon_6,stress,2,0.31555075593952486,8.848862411260555,8.848862411260555,1.0,0.1769772482252111,0.0,13.167974256734805,inf,1.0,0.5379709126287419,1.0,1.0
btc_return_le_3%,bottom_2_performer,next_open,fixed_horizon_6,stress,2,0.31555075593952486,8.848862411260555,8.848862411260555,1.0,0.1769772482252111,0.0,13.167974256734805,inf,1.0,0.5379709126287419,1.0,1.0
btc_return_le_3%,bottom_1_performer,next_open,fixed_horizon_6,stress,1,0.15777537796976243,9.520861174224022,9.520861174224022,1.0,0.09520861174224021,0.0,0.0,inf,1.0,1.0,1.0,1.0
basket_return_le_1%,rel_btc_le_1%,next_open,fixed_horizon_12,base,419,66.10788336933045,0.4948870766881123,0.4986163522012888,0.5799522673031027,2.0735768513231907,-1.4291884626506874,2.3276200076093225,1.5181944182997809,0.47245239678846634,0.2793359598741612,0.5454545454545454,1.0
basket_return_le_1%,rel_btc_le_2%,next_open,fixed_horizon_12,base,84,13.253131749460044,2.2509051550737005,1.2276049662047008,0.7023809523809523,1.8907603302619085,-0.7967611905796639,2.666947343526721,3.0025850502714184,0.6359190567750905,0.2935723754673587,0.8888888888888888,1.0
basket_return_le_1%,symbol_zscore_le_-1,next_open,fixed_horizon_12,base,2014,317.75961123110153,-0.06407471612205883,0.09292943837047271,0.5228401191658392,-1.290464782698265,-4.426437955845472,-1.0207917689229429,0.9307962995268105,,,0.3333333333333333,0.125
basket_return_le_1%,symbol_zscore_le_-2,next_open,fixed_horizon_12,base,1717,270.9003239740821,-0.1137906974893663,0.05229986687055551,0.5119394292370414,-1.9537862758924192,-4.74611233990609,-1.6232811067216588,0.8809241845586568,,,0.3333333333333333,0.125
basket_return_le_1%,rel_btc_le_-1_atr_equiv,next_open,fixed_horizon_12,base,655,103.34287257019439,0.041052394691178974,0.09964368995839754,0.5297709923664122,0.2688931852272223,-1.7699250286894996,0.2939500051224102,1.043554590139547,2.920638036495107,1.250029146683683,0.4166666666666667,0.625
basket_return_le_1%,bottom_1_performer,next_open,fixed_horizon_12,base,259,40.863822894168464,0.17372573036823474,0.2783559761781263,0.5366795366795367,0.44994964165372797,-0.3820619285144704,0.8088354207949893,1.1845200580832067,0.5006801059786931,0.9048681126703488,0.5833333333333334,0.5
basket_return_le_1%,bottom_2_performer,next_open,fixed_horizon_12,base,518,81.72764578833693,0.10414323761730859,0.13604570755356934,0.5212355212355212,0.5394619708576585,-0.8253921393413807,0.6924261456223438,1.1081589736890338,0.4789778418679498,0.9688474729246995,0.5,0.5
basket_return_le_1%,bottom_3_performer,next_open,fixed_horizon_12,base,777,122.59146868250541,0.07817937171953263,0.10711908413611146,0.525096525096525,0.6074537182607685,-1.3157558107174288,0.6866177359281338,1.0830365199723186,0.8002483745383235,1.0821244951096758,0.5,0.5
basket_return_le_2%,rel_btc_le_1%,next_open,fixed_horizon_12,base,191,30.135097192224624,0.9707563423731743,0.8491249927220414,0.5863874345549738,1.854144613932763,-1.1067462960144083,2.319229877713268,1.8530821986499995,0.7115069980360261,0.29860821106923946,0.6,0.875
basket_return_le_2%,rel_btc_le_2%,next_open,fixed_horizon_12,base,74,11.675377969762419,2.5257149845453473,1.28410397315343,0.7297297297297297,1.869029088563557,-0.7980403190953576,2.6668138967703965,3.1906983838138183,0.629781032586391,0.3028591347359884,0.875,1.0
basket_return_le_2%,symbol_zscore_le_-1,next_open,fixed_horizon_12,base,287,45.281533477321815,0.5116655441455836,0.0735190311840351,0.5121951219512195,1.4684801116978252,-1.2156940907803966,1.7149672379391425,1.42775676425414,0.7181504261123772,0.33318532939026346,0.7,0.875
basket_return_le_2%,symbol_zscore_le_-2,next_open,fixed_horizon_12,base,269,42.441576673866095,0.4396361709817217,0.007289428304204716,0.5018587360594795,1.1826212999408314,-1.2156940907803966,1.3965390877231005,1.3511110143132905,0.66947583889881,0.3608604658616123,0.7,0.875
basket_return_le_2%,rel_btc_le_-1_atr_equiv,next_open,fixed_horizon_12,base,188,29.661771058315335,0.5548786159452077,0.35456728685178357,0.5531914893617021,1.0431717979769903,-1.1375855515496873,1.3387647687895132,1.4525463003632508,0.7464158063642291,0.37809886315540503,0.5,0.75
basket_return_le_2%,bottom_1_performer,next_open,fixed_horizon_12,base,38,5.995464362850972,1.656006334999828,0.922004718127958,0.6052631578947368,0.6292824072999347,-0.11101384210515065,1.47308010367509,2.8630223233459215,0.7670503780398821,0.7120916673420777,0.7,0.8571428571428571
basket_return_le_2%,bottom_2_performer,next_open,fixed_horizon_12,base,76,11.990928725701943,1.3511431931668394,0.6723206145487626,0.5789473684210527,1.026868826806798,-0.24730788576964494,1.7767314178687137,2.361479317395544,0.8452236487918273,0.37591893960315576,0.7,0.75
basket_return_le_2%,bottom_3_performer,next_open,fixed_horizon_12,base,114,17.986393088552916,1.1012816503032237,0.6723206145487626,0.5701754385964912,1.255461081345675,-0.4871935776292413,1.934907998280069,1.984169268471755,0.7944040649639976,0.49658194216673546,0.7,0.625
breadth_down_1pct_ge_4,rel_btc_le_1%,next_open,fixed_horizon_12,base,465,73.36555075593952,0.41653802610370233,0.4986163522012888,0.5741935483870968,1.9369018213822158,-1.4343717200732597,2.107827039902387,1.4173732101290348,0.534253130910404,0.30097713972582524,0.5454545454545454,0.875
breadth_down_1pct_ge_4,rel_btc_le_2%,next_open,fixed_horizon_12,base,85,13.410907127429805,2.205256823706916,1.2010706546596108,0.6941176470588235,1.8744683001508786,-0.7967611905796639,2.640202820807905,2.951652558124934,0.6414461774099519,0.2961239736888362,0.8888888888888888,1.0
breadth_down_1pct_ge_4,symbol_zscore_le_-1,next_open,fixed_horizon_12,base,2583,407.53380129589635,-0.2017177895098362,-0.019707048400627803,0.49748354626403407,-5.210370503039069,-8.292809964837982,-3.8355028663019772,0.7924903902652752,,,0.3333333333333333,0.0
breadth_down_1pct_ge_4,symbol_zscore_le_-2,next_open,fixed_horizon_12,base,2107,332.4327213822894,-0.21394558353223142,-0.049038485998718004,0.4921689606074988,-4.507833445024116,-7.1216851161357715,-3.580893004806502,0.7803621693873515,,,0.3333333333333333,0.0
breadth_down_1pct_ge_4,rel_btc_le_-1_atr_equiv,next_open,fixed_horizon_12,base,797,125.74697624190065,-0.02553426771318335,0.0735190311840351,0.520702634880803,-0.2035081136740713,-2.4069213723568863,-0.21363661298152276,0.9730923121434661,,,0.3333333333333333,0.375
breadth_down_1pct_ge_4,bottom_1_performer,next_open,fixed_horizon_12,base,334,52.69697624190065,-0.015360278959463637,0.03983266521728986,0.5089820359281437,-0.05130333172460855,-0.7807139900394628,-0.08666982563747119,0.9845999815967731,,,0.5,0.375
breadth_down_1pct_ge_4,bottom_2_performer,next_open,fixed_horizon_12,base,668,105.3939524838013,-0.07005162727067168,-0.07229051774821686,0.49700598802395207,-0.46794487016808683,-1.6523147919682037,-0.5649029688285567,0.9309529585965218,,,0.4166666666666667,0.125
breadth_down_1pct_ge_4,bottom_3_performer,next_open,fixed_horizon_12,base,1002,158.09092872570196,-0.09748268528684487,-0.01204358022867995,0.49800399201596807,-0.9767765065741856,-2.6657227209718677,-1.0285127213616256,0.9030421281577633,,,0.3333333333333333,0.25
breadth_down_1pct_ge_5,rel_btc_le_1%,next_open,fixed_horizon_12,base,419,66.10788336933045,0.4948870766881123,0.4986163522012888,0.5799522673031027,2.0735768513231907,-1.4291884626506874,2.3276200076093225,1.5181944182997809,0.47245239678846634,0.2793359598741612,0.5454545454545454,1.0
breadth_down_1pct_ge_5,rel_btc_le_2%,next_open,fixed_horizon_12,base,84,13.253131749460044,2.2509051550737005,1.2276049662047008,0.7023809523809523,1.8907603302619085,-0.7967611905796639,2.666947343526721,3.0025850502714184,0.6359190567750905,0.2935723754673587,0.8888888888888888,1.0
breadth_down_1pct_ge_5,symbol_zscore_le_-1,next_open,fixed_horizon_12,base,2014,317.75961123110153,-0.06407471612205883,0.09292943837047271,0.5228401191658392,-1.290464782698265,-4.426437955845472,-1.0207917689229429,0.9307962995268105,,,0.3333333333333333,0.125
breadth_down_1pct_ge_5,symbol_zscore_le_-2,next_open,fixed_horizon_12,base,1717,270.9003239740821,-0.1137906974893663,0.05229986687055551,0.5119394292370414,-1.9537862758924192,-4.74611233990609,-1.6232811067216588,0.8809241845586568,,,0.3333333333333333,0.125
breadth_down_1pct_ge_5,rel_btc_le_-1_atr_equiv,next_open,fixed_horizon_12,base,655,103.34287257019439,0.041052394691178974,0.09964368995839754,0.5297709923664122,0.2688931852272223,-1.7699250286894996,0.2939500051224102,1.043554590139547,2.920638036495107,1.250029146683683,0.4166666666666667,0.625
breadth_down_1pct_ge_5,bottom_1_performer,next_open,fixed_horizon_12,base,259,40.863822894168464,0.17372573036823474,0.2783559761781263,0.5366795366795367,0.44994964165372797,-0.3820619285144704,0.8088354207949893,1.1845200580832067,0.5006801059786931,0.9048681126703488,0.5833333333333334,0.5
breadth_down_1pct_ge_5,bottom_2_performer,next_open,fixed_horizon_12,base,518,81.72764578833693,0.10414323761730859,0.13604570755356934,0.5212355212355212,0.5394619708576585,-0.8253921393413807,0.6924261456223438,1.1081589736890338,0.4789778418679498,0.9688474729246995,0.5,0.5
breadth_down_1pct_ge_5,bottom_3_performer,next_open,fixed_horizon_12,base,777,122.59146868250541,0.07817937171953263,0.10711908413611146,0.525096525096525,0.6074537182607685,-1.3157558107174288,0.6866177359281338,1.0830365199723186,0.8002483745383235,1.0821244951096758,0.5,0.5
breadth_down_1pct_ge_6,rel_btc_le_1%,next_open,fixed_horizon_12,base,372,58.692440604751624,0.6207160121756425,0.5759571791227458,0.6021505376344086,2.30906356529339,-1.4370944912675465,2.6426830490847806,1.6718311495612523,0.41195896643870145,0.30632909726606355,0.7272727272727273,0.875
breadth_down_1pct_ge_6,rel_btc_le_2%,next_open,fixed_horizon_12,base,83,13.095356371490281,2.2877772771681197,1.2541392777497908,0.7108433734939759,1.8988551400495395,-0.7886663807920328,2.680730217461959,3.0285505064331093,0.6332081370759766,0.2965838728315919,0.8888888888888888,1.0
breadth_down_1pct_ge_6,symbol_zscore_le_-1,next_open,fixed_horizon_12,base,1538,242.6585313174946,0.050548224968714445,0.22596546099862505,0.5448634590377113,0.7774317000188282,-2.6515541134839307,0.6616167165627471,1.0572545997028029,1.5802672358281127,0.44568934077790245,0.5,0.875
breadth_down_1pct_ge_6,symbol_zscore_le_-2,next_open,fixed_horizon_12,base,1356,213.94341252699783,0.008237271546525865,0.17892332728472132,0.5346607669616519,0.11169740217089075,-2.6111012290252775,0.09898388210964272,1.0091609855497616,9.83352601540168,2.270679280246776,0.5,0.5
breadth_down_1pct_ge_6,rel_btc_le_-1_atr_equiv,next_open,fixed_horizon_12,base,537,84.72537796976242,0.16242773446275144,0.2920085336570866,0.5493482309124768,0.8722369340649753,-1.857580265444474,0.9933459840443447,1.1811786905511872,0.783359184632253,0.4931960716377932,0.4166666666666667,0.625
breadth_down_1pct_ge_6,bottom_1_performer,next_open,fixed_horizon_12,base,197,31.0817494600432,0.34720786089386757,0.3959403953499719,0.5736040609137056,0.6839994859609191,-0.30852805383273724,1.303633290871068,1.3960972625511237,0.4231104002445535,0.6433202281676795,0.6666666666666666,0.75
breadth_down_1pct_ge_6,bottom_2_performer,next_open,fixed_horizon_12,base,394,62.1634989200864,0.26455206752639143,0.32032382688025557,0.550761421319797,1.0423351460539823,-0.7394724523979783,1.4251620271248375,1.2959796160967163,0.3590409362651059,0.5149712508390281,0.5833333333333334,0.75
breadth_down_1pct_ge_6,bottom_3_performer,next_open,fixed_horizon_12,base,591,93.2452483801296,0.2213931697431335,0.31202560265065854,0.5482233502538071,1.308433633181919,-1.0425336243026406,1.5839094176423938,1.2507943190864776,0.353163136275703,0.5678813336094356,0.6666666666666666,0.75
breadth_down_2pct_ge_4,rel_btc_le_1%,next_open,fixed_horizon_12,base,207,32.65950323974082,0.992370840056171,0.9362176693828241,0.6086956521739131,2.054207638916274,-1.0850774267985779,2.5656105420673074,1.938088023871258,0.6588944384805553,0.26987595629324757,0.6363636363636364,0.875
breadth_down_2pct_ge_4,rel_btc_le_2%,next_open,fixed_horizon_12,base,77,12.148704103671706,2.453444186140182,1.2541392777497908,0.7272727272727273,1.8891520233279402,-0.7886663807920328,2.6930818734700566,3.2068280314917486,0.6230727092338549,0.2981071954124605,0.8888888888888888,1.0
breadth_down_2pct_ge_4,symbol_zscore_le_-1,next_open,fixed_horizon_12,base,327,51.59254859611231,0.5471553825892835,0.2953928731252687,0.5382262996941896,1.7891981010669573,-1.1919091129327866,2.0818650137545993,1.5088587212331201,0.6422331513068004,0.28426773847462633,0.6666666666666666,0.875
breadth_down_2pct_ge_4,symbol_zscore_le_-2,next_open,fixed_horizon_12,base,308,48.594816414686825,0.48443746920745423,0.2736437250983626,0.5292207792207793,1.4920674051589589,-1.2031809970837912,1.7552446027457,1.4323145444069256,0.5939605011276986,0.2989788127844651,0.6666666666666666,0.875
breadth_down_2pct_ge_4,rel_btc_le_-1_atr_equiv,next_open,fixed_horizon_12,base,208,32.817278617710585,0.5547807127208177,0.46853727137057494,0.5673076923076923,1.153943882459301,-1.1109175113793754,1.4787695723926315,1.4901116532633576,0.6888305718782952,0.34242611070136847,0.5,0.75
breadth_down_2pct_ge_4,bottom_1_performer,next_open,fixed_horizon_12,base,43,6.784341252699784,1.5866549979180373,0.9883872617546221,0.627906976744186,0.6822616491047561,-0.10163990380182585,1.5968693574797026,2.979130548815276,0.7312784102322288,0.6567960535833133,0.6666666666666666,1.0
breadth_down_2pct_ge_4,bottom_2_performer,next_open,fixed_horizon_12,base,86,13.568682505399568,1.2799006644959867,0.7182388678753115,0.5813953488372093,1.1007145714665485,-0.25136718757053544,1.8997616945067748,2.4001556899252665,0.8196520338641509,0.4008432455142578,0.5833333333333334,0.75
breadth_down_2pct_ge_4,bottom_3_performer,next_open,fixed_horizon_12,base,129,20.35302375809935,1.059513809498955,0.7637291983421469,0.5813953488372093,1.3667728142536517,-0.48765171350615155,2.1014258598397615,2.0389056439298074,0.7617756996679809,0.45666532164492335,0.5833333333333334,0.75
breadth_down_2pct_ge_5,rel_btc_le_1%,next_open,fixed_horizon_12,base,191,30.135097192224624,0.9707563423731743,0.8491249927220414,0.5863874345549738,1.854144613932763,-1.1067462960144083,2.319229877713268,1.8530821986499995,0.7115069980360261,0.29860821106923946,0.6,0.875
breadth_down_2pct_ge_5,rel_btc_le_2%,next_open,fixed_horizon_12,base,74,11.675377969762419,2.5257149845453473,1.28410397315343,0.7297297297297297,1.869029088563557,-0.7980403190953576,2.6668138967703965,3.1906983838138183,0.629781032586391,0.3028591347359884,0.875,1.0
breadth_down_2pct_ge_5,symbol_zscore_le_-1,next_open,fixed_horizon_12,base,287,45.281533477321815,0.5116655441455836,0.0735190311840351,0.5121951219512195,1.4684801116978252,-1.2156940907803966,1.7149672379391425,1.42775676425414,0.7181504261123772,0.33318532939026346,0.7,0.875
breadth_down_2pct_ge_5,symbol_zscore_le_-2,next_open,fixed_horizon_12,base,269,42.441576673866095,0.4396361709817217,0.007289428304204716,0.5018587360594795,1.1826212999408314,-1.2156940907803966,1.3965390877231005,1.3511110143132905,0.66947583889881,0.3608604658616123,0.7,0.875
breadth_down_2pct_ge_5,rel_btc_le_-1_atr_equiv,next_open,fixed_horizon_12,base,188,29.661771058315335,0.5548786159452077,0.35456728685178357,0.5531914893617021,1.0431717979769903,-1.1375855515496873,1.3387647687895132,1.4525463003632508,0.7464158063642291,0.37809886315540503,0.5,0.75
breadth_down_2pct_ge_5,bottom_1_performer,next_open,fixed_horizon_12,base,38,5.995464362850972,1.656006334999828,0.922004718127958,0.6052631578947368,0.6292824072999347,-0.11101384210515065,1.47308010367509,2.8630223233459215,0.7670503780398821,0.7120916673420777,0.7,0.8571428571428571
breadth_down_2pct_ge_5,bottom_2_performer,next_open,fixed_horizon_12,base,76,11.990928725701943,1.3511431931668394,0.6723206145487626,0.5789473684210527,1.026868826806798,-0.24730788576964494,1.7767314178687137,2.361479317395544,0.8452236487918273,0.37591893960315576,0.7,0.75
breadth_down_2pct_ge_5,bottom_3_performer,next_open,fixed_horizon_12,base,114,17.986393088552916,1.1012816503032237,0.6723206145487626,0.5701754385964912,1.255461081345675,-0.4871935776292413,1.934907998280069,1.984169268471755,0.7944040649639976,0.49658194216673546,0.7,0.625
breadth_down_2pct_ge_6,rel_btc_le_1%,next_open,fixed_horizon_12,base,142,22.404103671706263,1.17057754916191,0.9258947456723978,0.6056338028169014,1.6622201198099122,-0.9977897501335661,2.144153676457375,1.9787400700192161,0.7291322948392541,0.32806567461871045,0.5555555555555556,0.875
breadth_down_2pct_ge_6,rel_btc_le_2%,next_open,fixed_horizon_12,base,66,10.41317494600432,2.5619887479041594,1.2276049662047008,0.696969696969697,1.6909125736167454,-0.8224596079313112,2.413511136023526,2.981927121872455,0.687856306485624,0.29659771472789787,0.625,1.0
breadth_down_2pct_ge_6,symbol_zscore_le_-1,next_open,fixed_horizon_12,base,203,32.02840172786177,0.7418222991635504,0.4986163522012888,0.5517241379310345,1.5058992673020073,-1.07697307760548,1.851356273639901,1.6118858500549134,0.7764437101133045,0.3351303416677139,0.6666666666666666,0.875
breadth_down_2pct_ge_6,symbol_zscore_le_-2,next_open,fixed_horizon_12,base,192,30.292872570194387,0.6599534652049662,0.2736437250983626,0.5416666666666666,1.2671106531935352,-1.07697307760548,1.5725100951831747,1.5220087399737938,0.7343142429647694,0.3326481008797646,0.6666666666666666,0.875
breadth_down_2pct_ge_6,rel_btc_le_-1_atr_equiv,next_open,fixed_horizon_12,base,135,21.299676025917925,0.8945096695650488,0.8518039882287634,0.6074074074074074,1.2075880539128159,-0.9999396076528551,1.5960032510743964,1.718107139177622,0.7260541505467824,0.37854083307009506,0.5555555555555556,0.75
breadth_down_2pct_ge_6,bottom_2_performer,next_open,fixed_horizon_12,base,52,8.204319654427646,1.9742742649811407,0.8152745407904252,0.6153846153846154,1.0266226177901931,-0.1930347217375805,1.8462857158671955,3.184451723820738,0.8489136651589304,0.3471448111833863,0.6666666666666666,0.8571428571428571
breadth_down_2pct_ge_6,bottom_3_performer,next_open,fixed_horizon_12,base,78,12.30647948164147,1.5586908806642463,0.9160116045887758,0.6025641025641025,1.215778886918112,-0.410217834134433,1.9575039166923307,2.421604665110471,0.8022063530553801,0.4053792408448464,0.6666666666666666,0.8571428571428571
btc_return_le_1%,rel_btc_le_1%,next_open,fixed_horizon_12,base,143,22.561879049676026,0.6641519043539212,-0.0020788944202631437,0.4965034965034965,0.9497372232261074,-1.2565015856480857,1.1953755216937325,1.434123107159296,1.1509513656994506,0.3513220790537314,0.5555555555555556,0.625
btc_return_le_1%,symbol_zscore_le_-1,next_open,fixed_horizon_12,base,779,122.90701943844493,-0.09052207384563066,-0.05527823174683359,0.49037227214377405,-0.7051669552574629,-2.630983058454278,-0.724454049670501,0.915276989804923,,,0.4166666666666667,0.25
btc_return_le_1%,symbol_zscore_le_-2,next_open,fixed_horizon_12,base,687,108.39168466522679,-0.09838099658045796,-0.12230683072854456,0.4759825327510917,-0.6758774465077462,-2.3623024522639615,-0.7233611225379327,0.9076747304263855,,,0.4166666666666667,0.375
btc_return_le_1%,rel_btc_le_-1_atr_equiv,next_open,fixed_horizon_12,base,160,25.244060475161987,0.09791881875824515,-0.2291518134968117,0.44375,0.15667011001319225,-1.3025017777827523,0.20336377639312828,1.0653898079283048,4.7224074036762165,1.5112889467999855,0.45454545454545453,0.625
basket_return_le_3%,rel_btc_le_1%,next_open,fixed_horizon_12,base,53,8.36209503239741,2.314889256342875,1.1526980817217283,0.660377358490566,1.2268913058617237,-0.9201242048655096,1.6755549168466193,2.2226654798404817,0.4849179553444546,0.3291418560199611,0.75,0.75
basket_return_le_3%,symbol_zscore_le_-1,next_open,fixed_horizon_12,base,64,10.097624190064796,2.134310792040741,1.0620720716756706,0.671875,1.3659589069060742,-0.9956883875797813,1.8363415503628526,2.2373169722462163,0.4360827852878016,0.2956320863712842,0.75,0.75
basket_return_le_3%,symbol_zscore_le_-2,next_open,fixed_horizon_12,base,64,10.097624190064796,2.134310792040741,1.0620720716756706,0.671875,1.3659589069060742,-0.9956883875797813,1.8363415503628526,2.2373169722462163,0.4360827852878016,0.2956320863712842,0.75,0.75
basket_return_le_3%,rel_btc_le_-1_atr_equiv,next_open,fixed_horizon_12,base,47,7.415442764578834,2.183809432610464,1.1526980817217283,0.7021276595744681,1.026390433326918,-0.9201242048655095,1.4238030568741653,2.069809308585588,0.5796445525509477,0.3958783904652418,1.0,0.75
basket_return_le_1%,rel_basket_le_1%,next_open,fixed_horizon_12,base,49,7.730993520518359,2.5054378869111753,0.855622174501294,0.5714285714285714,1.2276645645864759,-0.22199822138226777,2.0760022704361423,3.3176085707400014,0.9887636580646403,0.30781537830566813,0.6,0.875
basket_return_le_1%,rel_btc_le_3%,next_open,fixed_horizon_12,base,27,4.259935205183585,4.69520195029902,3.023683359427145,0.6666666666666666,1.2677045265807354,-0.6012558954095626,1.917910176958103,3.0602934961563406,0.8634880269261228,0.3032559939075598,1.0,0.8571428571428571
basket_return_le_1%,rel_basket_le_-1_atr_equiv,next_open,fixed_horizon_12,base,80,12.622030237580994,0.496216838139233,-0.5374887303449849,0.4625,0.39697347051138643,-0.47819965583749324,0.6288031852635101,1.3388893832635647,1.8107643425090145,0.9034350393646734,0.5,0.625
basket_return_le_2%,rel_basket_le_1%,next_open,fixed_horizon_12,base,21,3.313282937365011,6.139586827822577,3.023683359427145,0.7619047619047619,1.289313233842741,-0.173059878431185,2.4040553635367057,8.171949785268,0.8902105463384244,0.2981734663837662,0.8,0.8571428571428571
basket_return_le_2%,rel_btc_le_3%,next_open,fixed_horizon_12,base,24,3.7866090712742984,5.107932405253251,3.278169181057447,0.6666666666666666,1.2259037772607804,-0.6012558954095625,1.8618871397254448,3.038905209279855,0.8699529836536549,0.31359638767763875,1.0,0.8571428571428571
basket_return_le_2%,rel_basket_le_-1_atr_equiv,next_open,fixed_horizon_12,base,26,4.102159827213823,2.7687732834971635,0.53139171449327,0.6153846153846154,0.7198810537092626,-0.3479323006971252,1.2074786223803853,2.651820982320252,0.9757292696955828,0.4752096992415155,0.6666666666666666,0.7142857142857143
basket_return_le_3%,rel_basket_le_1%,next_open,fixed_horizon_12,base,11,1.7355291576673866,9.554098724330567,5.759903610141862,0.7272727272727273,1.0509508596763624,-0.164352628555029,2.0537265132706826,7.394487687335528,0.8624520846407459,0.32692611208964095,1.0,0.8333333333333334
basket_return_le_3%,rel_btc_le_2%,next_open,fixed_horizon_12,base,35,5.522138228941685,3.5547258485772235,1.3140686685570693,0.7142857142857143,1.2441540470020283,-0.7526509547081534,1.8139625691223027,2.6530292550873846,0.6127978086498708,0.3128599000578351,1.0,0.8571428571428571
basket_return_le_3%,rel_btc_le_3%,next_open,fixed_horizon_12,base,21,3.313282937365011,5.110643149927528,1.9286819392096886,0.6190476190476191,1.0732350614847808,-0.6012558954095625,1.6280916012406264,2.7849888369971274,0.851453670978732,0.304432181364369,1.0,0.8571428571428571
basket_return_le_3%,rel_basket_le_-1_atr_equiv,next_open,fixed_horizon_12,base,12,1.8933045356371492,6.414027967206545,1.7077924029538025,0.6666666666666666,0.7696833560647854,-0.3330118235075887,1.325119833824949,3.3112793652722834,0.9125947823461867,0.4657139905570034,1.0,0.6
basket_return_le_3%,bottom_1_performer,next_open,fixed_horizon_12,base,8,1.2622030237580995,5.1562413970279035,0.7435018069779554,0.625,0.41249931176223226,-0.06811331530590908,1.0352343069491112,6.83933554583555,0.7836900007672285,0.9636567008113355,1.0,0.6666666666666666
basket_return_le_3%,bottom_2_performer,next_open,fixed_horizon_12,base,16,2.524406047516199,4.829823236382894,0.973093902963498,0.6875,0.772771717821263,-0.164352628555029,1.4764683796985973,5.107785734603577,0.784115266263655,0.46058122106157845,0.75,0.8571428571428571
basket_return_le_3%,bottom_3_performer,next_open,fixed_horizon_12,base,24,3.7866090712742984,3.441257478485424,0.973093902963498,0.6666666666666666,0.8259017948365017,-0.36473683984129235,1.4239824596623825,3.090241490850267,0.6631783517792964,0.47129805654274176,0.75,0.8571428571428571
breadth_down_1pct_ge_4,rel_basket_le_1%,next_open,fixed_horizon_12,base,52,8.204319654427646,2.319143908234927,0.4010905926989517,0.5576923076923077,1.205954832282162,-0.22741592357555157,2.0310733100311795,3.1669442444295637,1.0065634908230492,0.30463380040091026,0.6,0.875
breadth_down_1pct_ge_4,rel_btc_le_3%,next_open,fixed_horizon_12,base,27,4.259935205183585,4.69520195029902,3.023683359427145,0.6666666666666666,1.2677045265807354,-0.6012558954095626,1.917910176958103,3.0602934961563406,0.8634880269261228,0.3032559939075598,1.0,0.8571428571428571
breadth_down_1pct_ge_4,rel_basket_le_-1_atr_equiv,next_open,fixed_horizon_12,base,99,15.619762419006479,0.14870400952605015,-0.6790532609248867,0.4444444444444444,0.14721696943078963,-0.7017864032869658,0.22858260544614067,1.099212972673317,4.882761872516399,2.30259950285679,0.5,0.5
breadth_down_1pct_ge_5,rel_basket_le_1%,next_open,fixed_horizon_12,base,49,7.730993520518359,2.5054378869111753,0.855622174501294,0.5714285714285714,1.2276645645864759,-0.22199822138226777,2.0760022704361423,3.3176085707400014,0.9887636580646403,0.30781537830566813,0.6,0.875
breadth_down_1pct_ge_5,rel_btc_le_3%,next_open,fixed_horizon_12,base,27,4.259935205183585,4.69520195029902,3.023683359427145,0.6666666666666666,1.2677045265807354,-0.6012558954095626,1.917910176958103,3.0602934961563406,0.8634880269261228,0.3032559939075598,1.0,0.8571428571428571
breadth_down_1pct_ge_5,rel_basket_le_-1_atr_equiv,next_open,fixed_horizon_12,base,80,12.622030237580994,0.496216838139233,-0.5374887303449849,0.4625,0.39697347051138643,-0.47819965583749324,0.6288031852635101,1.3388893832635647,1.8107643425090145,0.9034350393646734,0.5,0.625
breadth_down_1pct_ge_6,rel_basket_le_1%,next_open,fixed_horizon_12,base,42,6.626565874730022,2.9704974523739827,1.1406995611092399,0.6190476190476191,1.2476089299970727,-0.21390341159463672,2.1514678027450143,4.029075706596771,0.9402398993582171,0.30289461969588183,0.7,0.7142857142857143
breadth_down_1pct_ge_6,rel_btc_le_3%,next_open,fixed_horizon_12,base,27,4.259935205183585,4.69520195029902,3.023683359427145,0.6666666666666666,1.2677045265807354,-0.6012558954095626,1.917910176958103,3.0602934961563406,0.8634880269261228,0.3032559939075598,1.0,0.8571428571428571
breadth_down_1pct_ge_6,rel_basket_le_-1_atr_equiv,next_open,fixed_horizon_12,base,61,9.624298056155508,0.9618055637943648,0.09396082312899354,0.5081967213114754,0.5867013939145626,-0.4053031659847555,0.9601186033977506,1.7545852397878765,1.2251980526720039,0.555191318355905,0.5833333333333334,0.625
breadth_down_2pct_ge_4,rel_basket_le_1%,next_open,fixed_horizon_12,base,24,3.7866090712742984,5.455984035863016,2.004550425781817,0.75,1.3094361686071239,-0.164352628555029,2.4142046109735653,8.168928796711564,0.8765301171735657,0.2913897478626535,0.8571428571428571,0.8571428571428571
breadth_down_2pct_ge_4,rel_btc_le_3%,next_open,fixed_horizon_12,base,25,3.9443844492440605,4.9581419795940915,3.023683359427145,0.68,1.2395354948985229,-0.6012558954095626,1.8811817321971458,3.0615772824217857,0.8603857276290509,0.31014763011754354,1.0,0.8571428571428571
breadth_down_2pct_ge_4,rel_basket_le_-1_atr_equiv,next_open,fixed_horizon_12,base,31,4.891036717062635,2.30278183075814,0.43845819053986107,0.5806451612903226,0.7138623675350234,-0.35000327953875016,1.1941497550516618,2.53573309524785,0.9839557970100783,0.49234756349433834,0.5833333333333334,0.7142857142857143
breadth_down_2pct_ge_5,rel_basket_le_1%,next_open,fixed_horizon_12,base,21,3.313282937365011,6.139586827822577,3.023683359427145,0.7619047619047619,1.289313233842741,-0.173059878431185,2.4040553635367057,8.171949785268,0.8902105463384244,0.2981734663837662,0.8,0.8571428571428571
breadth_down_2pct_ge_5,rel_btc_le_3%,next_open,fixed_horizon_12,base,24,3.7866090712742984,5.107932405253251,3.278169181057447,0.6666666666666666,1.2259037772607804,-0.6012558954095625,1.8618871397254448,3.038905209279855,0.8699529836536549,0.31359638767763875,1.0,0.8571428571428571
breadth_down_2pct_ge_5,rel_basket_le_-1_atr_equiv,next_open,fixed_horizon_12,base,26,4.102159827213823,2.7687732834971635,0.53139171449327,0.6153846153846154,0.7198810537092626,-0.3479323006971252,1.2074786223803853,2.651820982320252,0.9757292696955828,0.4752096992415155,0.6666666666666666,0.7142857142857143
breadth_down_2pct_ge_6,rel_basket_le_1%,next_open,fixed_horizon_12,base,19,2.997732181425486,6.776151483609011,3.5326550026877483,0.7894736842105263,1.287468781885712,-0.17305987843118498,2.4309545097564,8.439441155031538,0.8914858786862558,0.2986006352917379,0.8,0.8333333333333334
breadth_down_2pct_ge_6,rel_btc_le_3%,next_open,fixed_horizon_12,base,24,3.7866090712742984,5.107932405253251,3.278169181057447,0.6666666666666666,1.2259037772607804,-0.6012558954095625,1.8618871397254448,3.038905209279855,0.8699529836536549,0.31359638767763875,1.0,0.8571428571428571
breadth_down_2pct_ge_6,rel_basket_le_-1_atr_equiv,next_open,fixed_horizon_12,base,20,3.1555075593952484,3.6905612451846674,0.48195061267306777,0.6,0.7381122490369335,-0.34793230069712516,1.2474796188295982,2.888924058898266,0.9516289910103882,0.45501372870669154,0.5714285714285714,0.6666666666666666
breadth_down_2pct_ge_6,bottom_1_performer,next_open,fixed_horizon_12,base,26,4.102159827213823,2.310210448290388,1.1212632697522065,0.6153846153846154,0.600654716555501,-0.08104546953618012,1.4512736077925867,3.811045693709203,0.7968519642641786,0.7707692429895819,0.6666666666666666,0.7142857142857143
btc_return_le_1%,bottom_3_performer,next_open,fixed_horizon_12,base,303,47.80593952483802,0.1411740570474464,0.007289428304204716,0.5016501650165016,0.4277573928537626,-0.8761081445504196,0.596727321178895,1.1334648245878582,2.3790564700517227,1.058696530621153,0.4166666666666667,0.625
btc_return_le_1%,rel_btc_le_2%,next_open,fixed_horizon_12,base,48,7.573218142548597,2.875570784968651,0.9067113593368339,0.6666666666666666,1.3802739767849526,-0.8000286420546232,1.9641083299404978,2.5850436409840234,0.7732549892055498,0.3281784814185232,0.8571428571428571,1.0
btc_return_le_1%,bottom_2_performer,next_open,fixed_horizon_12,base,202,31.87062634989201,0.28750706701848994,0.1797978279694768,0.5346534653465347,0.5807642753773496,-0.5429869444944789,0.9154683399265303,1.2846291088763861,1.5436905184796472,0.6039423551312707,0.5,0.75
basket_return_le_1%,rel_basket_le_2%,next_open,fixed_horizon_12,base,13,2.0510799136069116,8.242229630465161,3.9261298602994015,0.6923076923076923,1.0714898519604708,-0.17244743834266008,2.0505417678426907,7.21342863807218,0.9948325148950493,0.3600587503687027,0.6666666666666666,0.8
breadth_down_1pct_ge_4,rel_basket_le_2%,next_open,fixed_horizon_12,base,13,2.0510799136069116,8.242229630465161,3.9261298602994015,0.6923076923076923,1.0714898519604708,-0.17244743834266008,2.0505417678426907,7.21342863807218,0.9948325148950493,0.3600587503687027,0.6666666666666666,0.8
breadth_down_1pct_ge_5,rel_basket_le_2%,next_open,fixed_horizon_12,base,13,2.0510799136069116,8.242229630465161,3.9261298602994015,0.6923076923076923,1.0714898519604708,-0.17244743834266008,2.0505417678426907,7.21342863807218,0.9948325148950493,0.3600587503687027,0.6666666666666666,0.8
btc_return_le_1%,rel_basket_le_1%,next_open,fixed_horizon_12,base,26,4.102159827213823,4.558355280131184,1.8401970100992335,0.6538461538461539,1.1851723728341077,-0.19279841991313218,2.103177636933344,4.8227390760667745,0.9684331702365482,0.2914459054502935,0.5714285714285714,0.8571428571428571
btc_return_le_1%,rel_basket_le_-1_atr_equiv,next_open,fixed_horizon_12,base,40,6.311015118790497,1.2357433591432812,-0.5934535118832884,0.45,0.4942973436573125,-0.36767084217907237,0.8125060823394403,1.7494224851768647,1.4210252671120827,0.643934800054823,0.5555555555555556,0.5714285714285714
btc_return_le_1%,bottom_1_performer,next_open,fixed_horizon_12,base,101,15.935313174946005,0.38228535580086587,0.27303241298778597,0.5643564356435643,0.3861082093588745,-0.29151631198806194,0.8267831522003037,1.3980218719499073,1.2717417358798486,0.9880516334340491,0.5833333333333334,0.375
btc_return_le_1%,rel_basket_le_2%,next_open,fixed_horizon_12,base,10,1.5777537796976242,10.237369255319846,6.1215941090864066,0.7,1.0237369255319846,-0.06811331530590908,2.0097686717245535,7.228905095906115,1.0,0.3566855582624464,1.0,0.8
btc_return_le_1%,rel_btc_le_3%,next_open,fixed_horizon_12,base,22,3.471058315334773,5.41703604182593,3.729392431493575,0.6363636363636364,1.1917479292017046,-0.5050165821604427,1.811961329237473,2.9820977029920215,0.8948860934163193,0.30640051293552883,1.0,0.8571428571428571
basket_return_le_2%,rel_basket_le_2%,next_open,fixed_horizon_12,base,10,1.5777537796976242,10.237369255319846,6.1215941090864066,0.7,1.0237369255319846,-0.06811331530590908,2.0097686717245535,7.228905095906115,1.0,0.3566855582624464,1.0,0.8
btc_return_le_2%,rel_btc_le_1%,next_open,fixed_horizon_12,base,23,3.6288336933045358,5.329326985793572,6.392590922254851,0.6086956521739131,1.2257452067325216,-0.5730914100000031,1.780116806006852,2.7130609772995,0.6517517424116479,0.31564145940676674,1.0,0.875
btc_return_le_2%,rel_basket_le_1%,next_open,fixed_horizon_12,base,8,1.2622030237580995,12.618768563088498,10.491627271851991,0.75,1.0095014850470798,-0.05494932051621723,2.064132263502133,7.6770990642983605,0.8759097610484835,0.3403494533098536,1.0,0.8333333333333334
btc_return_le_2%,rel_btc_le_2%,next_open,fixed_horizon_12,base,17,2.682181425485961,7.94209926154562,7.839949274926253,0.7058823529411765,1.3501568744627552,-0.3750035747673678,2.182985419863681,3.8650976148323672,0.7384100531799231,0.27666791009460673,1.0,1.0
btc_return_le_2%,rel_basket_le_2%,next_open,fixed_horizon_12,base,6,0.9466522678185746,14.737203409094619,15.022632925121048,0.6666666666666666,0.8842322045456771,-0.05494932051621723,1.811884733948884,6.848536245906629,1.0,0.3885668004229657,1.0,0.8
btc_return_le_2%,rel_btc_le_3%,next_open,fixed_horizon_12,base,12,1.8933045356371492,10.613614577277296,10.919333705140101,0.75,1.2736337492732757,-0.22360851546877694,2.2228819132694606,4.981999047417671,0.9016441888628655,0.26976615431815043,1.0,0.8571428571428571
btc_return_le_2%,symbol_zscore_le_-1,next_open,fixed_horizon_12,base,40,6.311015118790497,2.902215959133984,0.973134590832583,0.6,1.1608863836535934,-0.6486555927142749,1.5954436727498411,2.1207174139499783,0.674448987884872,0.3063009324725426,1.0,0.875
btc_return_le_2%,symbol_zscore_le_-2,next_open,fixed_horizon_12,base,40,6.311015118790497,2.902215959133984,0.973134590832583,0.6,1.1608863836535934,-0.6486555927142749,1.5954436727498411,2.1207174139499783,0.674448987884872,0.3063009324725426,1.0,0.875
btc_return_le_2%,rel_btc_le_-1_atr_equiv,next_open,fixed_horizon_12,base,23,3.6288336933045358,4.599265573087301,1.3350925156425355,0.6956521739130435,1.0578310818100791,-0.5730914100000031,1.5481560678708717,2.580431085958619,0.7552071289809918,0.3657446000280833,1.0,0.875
btc_return_le_2%,rel_basket_le_-1_atr_equiv,next_open,fixed_horizon_12,base,7,1.1044276457883369,10.222471565615962,14.216230103705552,0.5714285714285714,0.7155730095931173,-0.22360851546877694,1.2429782551679622,3.2372295365001422,1.0,0.48015125493151883,1.0,0.6
btc_return_le_2%,bottom_2_performer,next_open,fixed_horizon_12,base,10,1.5777537796976242,6.7657923020014925,0.686445657568704,0.6,0.6765792302001493,-0.05494932051621723,1.291189677800751,4.427676286417343,0.8628398862769688,0.457633926433756,1.0,0.6666666666666666
btc_return_le_2%,bottom_3_performer,next_open,fixed_horizon_12,base,15,2.3666306695464363,4.7060575438522045,0.8742226650051779,0.6,0.7059086315778307,-0.22360851546877694,1.2140770366453664,2.7764885766978153,0.7894543673196436,0.5037204050232221,1.0,0.6666666666666666
basket_return_le_3%,rel_basket_le_2%,next_open,fixed_horizon_12,base,7,1.1044276457883369,12.443831567942645,14.216230103705552,0.5714285714285714,0.8710682097559852,-0.06811331530590908,1.7171859714267996,6.2999956095276675,1.0,0.39443900569796714,1.0,0.8
breadth_down_1pct_ge_6,rel_basket_le_2%,next_open,fixed_horizon_12,base,12,1.8933045356371492,8.99653884790085,4.073865859068418,0.75,1.079584661748102,-0.164352628555029,2.096086064868139,7.568709434340639,0.9873731832984087,0.35735900184514796,1.0,0.8
breadth_down_2pct_ge_4,rel_basket_le_2%,next_open,fixed_horizon_12,base,11,1.7355291576673866,9.430624028815702,3.9261298602994015,0.7272727272727273,1.0373686431697273,-0.164352628555029,2.016118312229806,7.311846985899547,0.9868593313211296,0.35199847151878166,1.0,0.8
breadth_down_2pct_ge_5,rel_basket_le_2%,next_open,fixed_horizon_12,base,10,1.5777537796976242,10.237369255319846,6.1215941090864066,0.7,1.0237369255319846,-0.06811331530590908,2.0097686717245535,7.228905095906115,1.0,0.3566855582624464,1.0,0.8
breadth_down_2pct_ge_6,rel_basket_le_2%,next_open,fixed_horizon_12,base,10,1.5777537796976242,10.237369255319846,6.1215941090864066,0.7,1.0237369255319846,-0.06811331530590908,2.0097686717245535,7.228905095906115,1.0,0.3566855582624464,1.0,0.8
basket_return_le_1%,rel_basket_le_3%,next_open,fixed_horizon_12,base,4,0.6311015118790497,25.885520957775356,25.093681800831224,1.0,1.0354208383110142,0.0,4.072821640591957,inf,1.0,0.3779959672202116,1.0,1.0
btc_return_le_1%,rel_basket_le_3%,next_open,fixed_horizon_12,base,4,0.6311015118790497,25.885520957775356,25.093681800831224,1.0,1.0354208383110142,0.0,4.072821640591957,inf,1.0,0.3779959672202116,1.0,1.0
basket_return_le_2%,rel_basket_le_3%,next_open,fixed_horizon_12,base,4,0.6311015118790497,25.885520957775356,25.093681800831224,1.0,1.0354208383110142,0.0,4.072821640591957,inf,1.0,0.3779959672202116,1.0,1.0
btc_return_le_2%,rel_basket_le_3%,next_open,fixed_horizon_12,base,4,0.6311015118790497,25.885520957775356,25.093681800831224,1.0,1.0354208383110142,0.0,4.072821640591957,inf,1.0,0.3779959672202116,1.0,1.0
btc_return_le_2%,bottom_1_performer,next_open,fixed_horizon_12,base,5,0.7888768898488121,7.902894027886276,1.3350925156425355,0.6,0.3951447013943138,-0.01224084060464703,0.985480092615777,6.880990531984474,0.8514237431350211,1.0242724373769971,1.0,0.5
basket_return_le_3%,rel_basket_le_3%,next_open,fixed_horizon_12,base,4,0.6311015118790497,25.885520957775356,25.093681800831224,1.0,1.0354208383110142,0.0,4.072821640591957,inf,1.0,0.3779959672202116,1.0,1.0
breadth_down_1pct_ge_4,rel_basket_le_3%,next_open,fixed_horizon_12,base,4,0.6311015118790497,25.885520957775356,25.093681800831224,1.0,1.0354208383110142,0.0,4.072821640591957,inf,1.0,0.3779959672202116,1.0,1.0
breadth_down_1pct_ge_5,rel_basket_le_3%,next_open,fixed_horizon_12,base,4,0.6311015118790497,25.885520957775356,25.093681800831224,1.0,1.0354208383110142,0.0,4.072821640591957,inf,1.0,0.3779959672202116,1.0,1.0
breadth_down_1pct_ge_6,rel_basket_le_3%,next_open,fixed_horizon_12,base,4,0.6311015118790497,25.885520957775356,25.093681800831224,1.0,1.0354208383110142,0.0,4.072821640591957,inf,1.0,0.3779959672202116,1.0,1.0
breadth_down_2pct_ge_4,rel_basket_le_3%,next_open,fixed_horizon_12,base,4,0.6311015118790497,25.885520957775356,25.093681800831224,1.0,1.0354208383110142,0.0,4.072821640591957,inf,1.0,0.3779959672202116,1.0,1.0
breadth_down_2pct_ge_5,rel_basket_le_3%,next_open,fixed_horizon_12,base,4,0.6311015118790497,25.885520957775356,25.093681800831224,1.0,1.0354208383110142,0.0,4.072821640591957,inf,1.0,0.3779959672202116,1.0,1.0
breadth_down_2pct_ge_6,rel_basket_le_3%,next_open,fixed_horizon_12,base,4,0.6311015118790497,25.885520957775356,25.093681800831224,1.0,1.0354208383110142,0.0,4.072821640591957,inf,1.0,0.3779959672202116,1.0,1.0
btc_return_le_3%,rel_btc_le_1%,next_open,fixed_horizon_12,base,6,0.9466522678185746,7.661853613855553,7.303486857462341,1.0,0.4597112168313332,0.0,10.554455514253307,inf,1.0,0.23171884422594635,1.0,1.0
btc_return_le_3%,rel_btc_le_2%,next_open,fixed_horizon_12,base,5,0.7888768898488121,7.063749299789465,6.767024439998429,1.0,0.3531874649894733,0.0,14.019120675735286,inf,1.0,0.24234377207812416,1.0,1.0
btc_return_le_3%,symbol_zscore_le_-1,next_open,fixed_horizon_12,base,8,1.2622030237580995,7.445889558903521,6.974467424093059,1.0,0.5956711647122817,0.0,13.42605431767896,inf,1.0,0.1788297942763648,1.0,1.0
btc_return_le_3%,symbol_zscore_le_-2,next_open,fixed_horizon_12,base,8,1.2622030237580995,7.445889558903521,6.974467424093059,1.0,0.5956711647122817,0.0,13.42605431767896,inf,1.0,0.1788297942763648,1.0,1.0
btc_return_le_3%,rel_btc_le_-1_atr_equiv,next_open,fixed_horizon_12,base,3,0.4733261339092873,6.788959108355515,6.767024439998429,1.0,0.20366877325066543,0.0,11.304426024725906,inf,1.0,0.38493624475644245,1.0,1.0
btc_return_le_3%,bottom_3_performer,next_open,fixed_horizon_12,base,3,0.4733261339092873,6.788959108355515,6.767024439998429,1.0,0.20366877325066543,0.0,11.304426024725906,inf,1.0,0.38493624475644245,1.0,1.0
btc_return_le_3%,rel_basket_le_1%,next_open,fixed_horizon_12,base,2,0.31555075593952486,6.263464025070145,6.263464025070145,1.0,0.1252692805014029,0.0,12.438356628890658,inf,1.0,0.5401982363842701,1.0,1.0
btc_return_le_3%,rel_btc_le_3%,next_open,fixed_horizon_12,base,2,0.31555075593952486,6.263464025070145,6.263464025070145,1.0,0.1252692805014029,0.0,12.438356628890658,inf,1.0,0.5401982363842701,1.0,1.0
btc_return_le_3%,bottom_2_performer,next_open,fixed_horizon_12,base,2,0.31555075593952486,6.263464025070145,6.263464025070145,1.0,0.1252692805014029,0.0,12.438356628890658,inf,1.0,0.5401982363842701,1.0,1.0
btc_return_le_3%,bottom_1_performer,next_open,fixed_horizon_12,base,1,0.15777537796976243,5.759903610141862,5.759903610141862,1.0,0.057599036101418616,0.0,0.0,inf,1.0,1.0,1.0,1.0
basket_return_le_1%,rel_btc_le_1%,next_open,fixed_horizon_12,stress,419,66.10788336933045,0.3143624016865882,0.3180879497860768,0.5584725536992841,1.3171784630668044,-1.59219370338849,1.4800311685863312,1.3046767007206865,0.6227407813598689,0.3326976789590964,0.5454545454545454,0.75
basket_return_le_1%,rel_btc_le_2%,next_open,fixed_horizon_12,stress,84,13.253131749460044,2.0686253386869122,1.0463479391235198,0.6666666666666666,1.7376452844970063,-0.8247696327722089,2.453428353818236,2.7507381670006548,0.6581085072826922,0.3015086579747268,0.8888888888888888,1.0
basket_return_le_1%,symbol_zscore_le_-1,next_open,fixed_horizon_12,stress,2014,317.75961123110153,-0.24404070839279796,-0.08719347967033983,0.48510427010923535,-4.914979867030951,-7.040725263226424,-3.891768875343,0.7594603910467044,,,0.3333333333333333,0.0
basket_return_le_1%,symbol_zscore_le_-2,next_open,fixed_horizon_12,stress,1717,270.9003239740821,-0.2937069985994726,-0.1277824418830907,0.47466511357018054,-5.042949165952944,-6.861742204285909,-4.194068935619025,0.7192618495690993,,,0.3333333333333333,0.0
basket_return_le_1%,rel_btc_le_-1_atr_equiv,next_open,fixed_horizon_12,stress,655,103.34287257019439,-0.13901867220559688,-0.08048593898190667,0.49312977099236643,-0.9105723029466595,-2.2860858469811904,-0.9964199340138843,0.8650952827905773,,,0.3333333333333333,0.125
basket_return_le_1%,bottom_1_performer,next_open,fixed_horizon_12,stress,259,40.863822894168464,-0.00647794362697297,0.09804772417383771,0.5212355212355212,-0.016777873993859993,-0.5447237848136655,-0.030190303199642877,0.9936834398427392,,,0.5,0.5
basket_return_le_1%,bottom_2_performer,next_open,fixed_horizon_12,stress,518,81.72764578833693,-0.07599088862425198,-0.044120305230594827,0.4980694980694981,-0.39363280307362525,-1.2083783469362723,-0.5057526897013023,0.9276900484401808,,,0.4166666666666667,0.125
basket_return_le_1%,bottom_3_performer,next_open,fixed_horizon_12,stress,777,122.59146868250541,-0.10192880361860639,-0.07301801646625958,0.4967824967824968,-0.7919868041165716,-2.0300491510555454,-0.8960950183605765,0.9009916017771595,,,0.4166666666666667,0.25
basket_return_le_2%,rel_btc_le_1%,next_open,fixed_horizon_12,stress,191,30.135097192224624,0.7897560356839927,0.6682462566580051,0.5602094240837696,1.5084340281564261,-1.1488473106615775,1.888690557058154,1.650375157913165,0.8008967883558286,0.33087321024647864,0.6,0.75
basket_return_le_2%,rel_btc_le_2%,next_open,fixed_horizon_12,stress,74,11.675377969762419,2.3431604955280663,1.1027904752724682,0.6891891891891891,1.7339387666907689,-0.822446882098042,2.4765363123553037,2.9425338663431866,0.6480585643246126,0.31055436773372447,0.875,1.0
basket_return_le_2%,symbol_zscore_le_-1,next_open,fixed_horizon_12,stress,287,45.281533477321815,0.3311240990532624,-0.10658448614024416,0.4843205574912892,0.9503261642828631,-1.2962379453175603,1.1109505797561365,1.2576122930024325,0.9892568132130857,0.44803195125423506,0.5,0.75
basket_return_le_2%,symbol_zscore_le_-2,next_open,fixed_horizon_12,stress,269,42.441576673866095,0.2591667193018548,-0.17274789248235653,0.4758364312267658,0.6971584749219893,-1.2962379453175603,0.8240872688583027,1.1929393988978387,1.0105745742322434,0.5263147859085967,0.5,0.625
basket_return_le_2%,rel_btc_le_-1_atr_equiv,next_open,fixed_horizon_12,stress,188,29.661771058315335,0.3742939793552398,0.17418286158535262,0.5212765957446809,0.7036726811878508,-1.183256343037789,0.9039687615120033,1.2858979153764505,0.9928599913852615,0.4857643968914048,0.5,0.75
basket_return_le_2%,bottom_1_performer,next_open,fixed_horizon_12,stress,38,5.995464362850972,1.474321120429507,0.7410531387237286,0.5789473684210527,0.5602420257632127,-0.12328821945787194,1.3127763726632062,2.533634210925559,0.8285809226051026,0.7733380447712033,0.7,0.7142857142857143
basket_return_le_2%,bottom_2_performer,next_open,fixed_horizon_12,stress,76,11.990928725701943,1.169762689535237,0.49161859459318397,0.5526315789473685,0.8890196440467802,-0.2664321257099388,1.539757982224497,2.0930072807711246,0.934805338318111,0.4094735273879426,0.7,0.75
basket_return_le_2%,bottom_3_performer,next_open,fixed_horizon_12,stress,114,17.986393088552916,0.9201508834709542,0.49161859459318397,0.543859649122807,1.0489720071568878,-0.5065099311330366,1.618285932945348,1.7675739244024085,0.8983438299920135,0.5542657592609814,0.6,0.5
breadth_down_1pct_ge_4,rel_btc_le_1%,next_open,fixed_horizon_12,stress,465,73.36555075593952,0.23609166103695,0.3180879497860768,0.5548387096774193,1.0978262238218175,-1.582394542647553,1.1959010831964203,1.2195072440827945,0.787495626759873,0.386175933865241,0.45454545454545453,0.75
breadth_down_1pct_ge_4,rel_btc_le_2%,next_open,fixed_horizon_12,stress,85,13.410907127429805,2.023022632861536,1.0198401486426967,0.6588235294117647,1.7195692379323058,-0.8247696327722089,2.424449555729358,2.70153710669618,0.665026518933431,0.3046781055439128,0.8888888888888888,1.0
breadth_down_1pct_ge_4,symbol_zscore_le_-1,next_open,fixed_horizon_12,stress,2583,407.53380129589635,-0.3815462074255778,-0.19971738618849805,0.45683313975996903,-9.855338537802675,-11.731677049821858,-7.262055221547511,0.6419024344009542,,,0.25,0.0
breadth_down_1pct_ge_4,symbol_zscore_le_-2,next_open,fixed_horizon_12,stress,2107,332.4327213822894,-0.39376177975868437,-0.22901950699271795,0.44992880873279545,-8.29656069951548,-9.89381131144274,-6.597142620407921,0.631517256184993,,,0.25,0.0
breadth_down_1pct_ge_4,rel_btc_le_-1_atr_equiv,next_open,fixed_horizon_12,stress,797,125.74697624190065,-0.20553878119098792,-0.10658448614024416,0.48055207026348806,-1.6381440860921739,-3.2528400316420716,-1.7213942510916098,0.8020768604269654,,,0.25,0.125
breadth_down_1pct_ge_4,bottom_1_performer,next_open,fixed_horizon_12,stress,334,52.69697624190065,-0.19537496134665158,-0.14023718255895087,0.49101796407185627,-0.6525523708978163,-1.118669919138303,-1.103499192408875,0.820245981212674,,,0.3333333333333333,0.25
breadth_down_1pct_ge_4,bottom_2_performer,next_open,fixed_horizon_12,stress,668,105.3939524838013,-0.25001164561423905,-0.2522482983190642,0.468562874251497,-1.670077792703117,-2.312608941197084,-2.0181347586112017,0.7741489942732956,,,0.25,0.125
breadth_down_1pct_ge_4,bottom_3_performer,next_open,fixed_horizon_12,stress,1002,158.09092872570196,-0.27741528626736894,-0.19206157765873183,0.46506986027944114,-2.7797011683990367,-3.7378515911619092,-2.929859987068727,0.7474569712856721,,,0.3333333333333333,0.25
breadth_down_1pct_ge_5,rel_btc_le_1%,next_open,fixed_horizon_12,stress,419,66.10788336933045,0.3143624016865882,0.3180879497860768,0.5584725536992841,1.3171784630668044,-1.59219370338849,1.4800311685863312,1.3046767007206865,0.6227407813598689,0.3326976789590964,0.5454545454545454,0.75
breadth_down_1pct_ge_5,rel_btc_le_2%,next_open,fixed_horizon_12,stress,84,13.253131749460044,2.0686253386869122,1.0463479391235198,0.6666666666666666,1.7376452844970063,-0.8247696327722089,2.453428353818236,2.7507381670006548,0.6581085072826922,0.3015086579747268,0.8888888888888888,1.0
breadth_down_1pct_ge_5,symbol_zscore_le_-1,next_open,fixed_horizon_12,stress,2014,317.75961123110153,-0.24404070839279796,-0.08719347967033983,0.48510427010923535,-4.914979867030951,-7.040725263226424,-3.891768875343,0.7594603910467044,,,0.3333333333333333,0.0
breadth_down_1pct_ge_5,symbol_zscore_le_-2,next_open,fixed_horizon_12,stress,1717,270.9003239740821,-0.2937069985994726,-0.1277824418830907,0.47466511357018054,-5.042949165952944,-6.861742204285909,-4.194068935619025,0.7192618495690993,,,0.3333333333333333,0.0
breadth_down_1pct_ge_5,rel_btc_le_-1_atr_equiv,next_open,fixed_horizon_12,stress,655,103.34287257019439,-0.13901867220559688,-0.08048593898190667,0.49312977099236643,-0.9105723029466595,-2.2860858469811904,-0.9964199340138843,0.8650952827905773,,,0.3333333333333333,0.125
breadth_down_1pct_ge_5,bottom_1_performer,next_open,fixed_horizon_12,stress,259,40.863822894168464,-0.00647794362697297,0.09804772417383771,0.5212355212355212,-0.016777873993859993,-0.5447237848136655,-0.030190303199642877,0.9936834398427392,,,0.5,0.5
breadth_down_1pct_ge_5,bottom_2_performer,next_open,fixed_horizon_12,stress,518,81.72764578833693,-0.07599088862425198,-0.044120305230594827,0.4980694980694981,-0.39363280307362525,-1.2083783469362723,-0.5057526897013023,0.9276900484401808,,,0.4166666666666667,0.125
breadth_down_1pct_ge_5,bottom_3_performer,next_open,fixed_horizon_12,stress,777,122.59146868250541,-0.10192880361860639,-0.07301801646625958,0.4967824967824968,-0.7919868041165716,-2.0300491510555454,-0.8960950183605765,0.9009916017771595,,,0.4166666666666667,0.25
breadth_down_1pct_ge_6,rel_btc_le_1%,next_open,fixed_horizon_12,stress,372,58.692440604751624,0.4400655710588053,0.3953514744930709,0.5779569892473119,1.6370439243387556,-1.5766879253741433,1.8754427765083812,1.44139637799255,0.4903130787360303,0.3590658414400725,0.6363636363636364,0.75
breadth_down_1pct_ge_6,rel_btc_le_2%,next_open,fixed_horizon_12,stress,83,13.095356371490281,2.105460607067667,1.0728557296043428,0.6746987951807228,1.7475323038661636,-0.8148826134030513,2.4695668261157175,2.7784153978215858,0.6543851245766238,0.3054605147801857,0.8888888888888888,1.0
breadth_down_1pct_ge_6,symbol_zscore_le_-1,next_open,fixed_horizon_12,stress,1538,242.6585313174946,-0.12953233301754052,0.045709573353507484,0.5097529258777633,-1.9922072818097731,-4.078424280652439,-1.6971219184143511,0.8661081274054991,,,0.4166666666666667,0.0
breadth_down_1pct_ge_6,symbol_zscore_le_-2,next_open,fixed_horizon_12,stress,1356,213.94341252699783,-0.17180099661007672,-0.001285541712476722,0.49926253687315636,-2.3296215140326404,-4.264773406491048,-2.0665269493361205,0.8256980039627759,,,0.4166666666666667,0.0
breadth_down_1pct_ge_6,rel_btc_le_-1_atr_equiv,next_open,fixed_horizon_12,stress,537,84.72537796976242,-0.017764647177081924,0.11168663591135013,0.5176908752327747,-0.09539615534092993,-2.073559954924143,-0.10875049305552859,0.9818837127970701,,,0.4166666666666667,0.375
breadth_down_1pct_ge_6,bottom_1_performer,next_open,fixed_horizon_12,stress,197,31.0817494600432,0.1668307913791959,0.21551461763059016,0.5532994923857868,0.3286566590170159,-0.36942989171088314,0.6270127873941019,1.1747770226335346,0.737274653396251,1.189639017433115,0.5833333333333334,0.375
breadth_down_1pct_ge_6,bottom_2_performer,next_open,fixed_horizon_12,stress,394,62.1634989200864,0.08425761253912999,0.13997362797773433,0.5203045685279187,0.33197499340417214,-0.855477571159422,0.4543562705491693,1.0861981574643627,0.8441940506483987,1.241103737765898,0.5833333333333334,0.375
breadth_down_1pct_ge_6,bottom_3_performer,next_open,fixed_horizon_12,stress,591,93.2452483801296,0.04114185210654881,0.13168369782948125,0.5160744500846024,0.24314834594970347,-1.1932080366706035,0.2946349459872853,1.0425360219494129,1.476512391337832,2.238383863364853,0.5,0.5
breadth_down_2pct_ge_4,rel_btc_le_1%,next_open,fixed_horizon_12,stress,207,32.65950323974082,0.8113489296603577,0.7552518841231805,0.5845410628019324,1.6794922843969402,-1.1362016012466425,2.0997070156214175,1.7179681988308828,0.7375647080823055,0.2954568710511248,0.6363636363636364,0.75
breadth_down_2pct_ge_4,rel_btc_le_2%,next_open,fixed_horizon_12,stress,77,12.148704103671706,2.2709619318400636,1.0728557296043428,0.6883116883116883,1.748640687516849,-0.8148826134030512,2.4952698730669853,2.948786633239657,0.6426099288379857,0.30526689727892936,0.8888888888888888,1.0
breadth_down_2pct_ge_4,symbol_zscore_le_-1,next_open,fixed_horizon_12,stress,327,51.59254859611231,0.36657846537684213,0.11506759272970528,0.5137614678899083,1.1987115817822738,-1.2591292121802793,1.3961855356095316,1.3161309994253079,0.8510074623127626,0.36379971056309995,0.5833333333333334,0.875
breadth_down_2pct_ge_4,symbol_zscore_le_-2,next_open,fixed_horizon_12,stress,308,48.594816414686825,0.3039232385964371,0.09334018299254525,0.5064935064935064,0.9360835748770262,-1.268589529724653,1.1022957242003715,1.2518929846327556,0.8380945019099635,0.40299740790977095,0.5,0.875
breadth_down_2pct_ge_4,rel_btc_le_-1_atr_equiv,next_open,fixed_horizon_12,stress,208,32.817278617710585,0.3741961739851958,0.2880389330192014,0.5384615384615384,0.7783280418892072,-1.1674167596934628,0.9984188896637062,1.3086937557673994,0.9161481989085343,0.43546710809078415,0.5,0.75
breadth_down_2pct_ge_4,bottom_1_performer,next_open,fixed_horizon_12,stress,43,6.784341252699784,1.4050391000610987,0.8073693329483201,0.6046511627906976,0.6041668130262724,-0.1105398163916852,1.415499068982536,2.6152040093517894,0.7922004748096144,0.7171139881586654,0.6666666666666666,0.7142857142857143
breadth_down_2pct_ge_4,bottom_2_performer,next_open,fixed_horizon_12,stress,86,13.568682505399568,1.0985913678251777,0.5374909525911177,0.5581395348837209,0.9447885763296529,-0.26731864902796687,1.6322750377106612,2.1083257424465764,0.9120501650673253,0.43794824853242337,0.5833333333333334,0.75
breadth_down_2pct_ge_4,bottom_3_performer,next_open,fixed_horizon_12,stress,129,20.35302375809935,0.8784247896548679,0.5829358154385612,0.5581395348837209,1.1331679786547797,-0.5123685101527204,1.7439993903483595,1.80054138152401,0.8654707592164589,0.5105389517257601,0.5833333333333334,0.75
breadth_down_2pct_ge_5,rel_btc_le_1%,next_open,fixed_horizon_12,stress,191,30.135097192224624,0.7897560356839927,0.6682462566580051,0.5602094240837696,1.5084340281564261,-1.1488473106615775,1.888690557058154,1.650375157913165,0.8008967883558286,0.33087321024647864,0.6,0.75
breadth_down_2pct_ge_5,rel_btc_le_2%,next_open,fixed_horizon_12,stress,74,11.675377969762419,2.3431604955280663,1.1027904752724682,0.6891891891891891,1.7339387666907689,-0.822446882098042,2.4765363123553037,2.9425338663431866,0.6480585643246126,0.31055436773372447,0.875,1.0
breadth_down_2pct_ge_5,symbol_zscore_le_-1,next_open,fixed_horizon_12,stress,287,45.281533477321815,0.3311240990532624,-0.10658448614024416,0.4843205574912892,0.9503261642828631,-1.2962379453175603,1.1109505797561365,1.2576122930024325,0.9892568132130857,0.44803195125423506,0.5,0.75
breadth_down_2pct_ge_5,symbol_zscore_le_-2,next_open,fixed_horizon_12,stress,269,42.441576673866095,0.2591667193018548,-0.17274789248235653,0.4758364312267658,0.6971584749219893,-1.2962379453175603,0.8240872688583027,1.1929393988978387,1.0105745742322434,0.5263147859085967,0.5,0.625
breadth_down_2pct_ge_5,rel_btc_le_-1_atr_equiv,next_open,fixed_horizon_12,stress,188,29.661771058315335,0.3742939793552398,0.17418286158535262,0.5212765957446809,0.7036726811878508,-1.183256343037789,0.9039687615120033,1.2858979153764505,0.9928599913852615,0.4857643968914048,0.5,0.75
breadth_down_2pct_ge_5,bottom_1_performer,next_open,fixed_horizon_12,stress,38,5.995464362850972,1.474321120429507,0.7410531387237286,0.5789473684210527,0.5602420257632127,-0.12328821945787194,1.3127763726632062,2.533634210925559,0.8285809226051026,0.7733380447712033,0.7,0.7142857142857143
breadth_down_2pct_ge_5,bottom_2_performer,next_open,fixed_horizon_12,stress,76,11.990928725701943,1.169762689535237,0.49161859459318397,0.5526315789473685,0.8890196440467802,-0.2664321257099388,1.539757982224497,2.0930072807711246,0.934805338318111,0.4094735273879426,0.7,0.75
breadth_down_2pct_ge_5,bottom_3_performer,next_open,fixed_horizon_12,stress,114,17.986393088552916,0.9201508834709542,0.49161859459318397,0.543859649122807,1.0489720071568878,-0.5065099311330366,1.618285932945348,1.7675739244024085,0.8983438299920135,0.5542657592609814,0.6,0.5
breadth_down_2pct_ge_6,rel_btc_le_1%,next_open,fixed_horizon_12,stress,142,22.404103671706263,0.9893775210268021,0.7449392781827481,0.5704225352112676,1.4049160798580589,-1.0309981651801168,1.8140616914825058,1.7790987018417872,0.804143035761049,0.3595700265647757,0.5555555555555556,0.75
breadth_down_2pct_ge_6,rel_btc_le_2%,next_open,fixed_horizon_12,stress,66,10.41317494600432,2.3793980032332183,1.0463479391235198,0.6515151515151515,1.5704026821339243,-0.861244166636306,2.2437448883326647,2.759324177094981,0.7078018626227592,0.3052821648697641,0.625,1.0
breadth_down_2pct_ge_6,symbol_zscore_le_-1,next_open,fixed_horizon_12,stress,203,32.02840172786177,0.5610508122221146,0.3180879497860768,0.5221674876847291,1.1389331488108927,-1.1309762451952283,1.4016081307932313,1.4331069105128815,0.9449738425547285,0.4031497433542966,0.5555555555555556,0.75
breadth_down_2pct_ge_6,symbol_zscore_le_-2,next_open,fixed_horizon_12,stress,192,30.292872570194387,0.47926380622442266,0.09334018299254525,0.5104166666666666,0.9201865079508914,-1.1309762451952283,1.143112716094847,1.3552007437858884,0.9318930301361779,0.41064876436205333,0.5555555555555556,0.875
breadth_down_2pct_ge_6,rel_btc_le_-1_atr_equiv,next_open,fixed_horizon_12,stress,135,21.299676025917925,0.7135855714824766,0.6709225745066761,0.562962962962963,0.9633405215013434,-1.0349461742651793,1.2744684445384176,1.5404141466869927,0.8438215269814947,0.43479764223101236,0.5555555555555556,0.75
breadth_down_2pct_ge_6,bottom_2_performer,next_open,fixed_horizon_12,stress,52,8.204319654427646,1.7922709413763012,0.6344296382784377,0.5769230769230769,0.9319808895156766,-0.20184328513842398,1.6777582517404483,2.8353714957483698,0.9071416538140781,0.36269789040069494,0.6666666666666666,0.8571428571428571
breadth_down_2pct_ge_6,bottom_3_performer,next_open,fixed_horizon_12,stress,78,12.30647948164147,1.3771029329634588,0.7350660153060341,0.5641025641025641,1.0741402877114978,-0.42421022390160973,1.7311844527281386,2.174973963829399,0.8718827808023494,0.4298822193723697,0.6666666666666666,0.8571428571428571
btc_return_le_1%,rel_btc_le_1%,next_open,fixed_horizon_12,stress,143,22.561879049676026,0.4834580490303021,-0.18210685156125433,0.46153846153846156,0.691345010113332,-1.3236571246706965,0.8710238080966038,1.297999533583056,1.4779843202868614,0.4170459694904565,0.5555555555555556,0.625
btc_return_le_1%,symbol_zscore_le_-1,next_open,fixed_horizon_12,stress,779,122.90701943844493,-0.2704616319625067,-0.2352530161103104,0.45699614890885754,-2.1068961129879273,-3.70396788064871,-2.1666876526751264,0.7672439246282904,,,0.4166666666666667,0.125
btc_return_le_1%,symbol_zscore_le_-2,next_open,fixed_horizon_12,stress,687,108.39168466522679,-0.27831269969817096,-0.3022146199570928,0.44395924308588064,-1.9120082469264346,-3.2262157550191137,-2.048383481292577,0.760402551875488,,,0.4166666666666667,0.125
btc_return_le_1%,rel_btc_le_-1_atr_equiv,next_open,fixed_horizon_12,stress,160,25.244060475161987,-0.08220908617199982,-0.4089528110850181,0.40625,-0.1315345378751997,-1.3786128413287289,-0.17090766771835597,0.9486367209142198,,,0.36363636363636365,0.625
basket_return_le_3%,rel_btc_le_1%,next_open,fixed_horizon_12,stress,53,8.36209503239741,2.13254548779892,0.9715159241277239,0.6415094339622641,1.1302491085334276,-0.9426084445829052,1.5451158425994806,2.090357117120138,0.4908124828253322,0.3441854155297972,0.75,0.75
basket_return_le_3%,symbol_zscore_le_-1,next_open,fixed_horizon_12,stress,64,10.097624190064796,1.9521475118071772,0.8809804948466217,0.65625,1.2493744075565933,-1.0198974011899034,1.6812903755323807,2.093641187918031,0.46477131644836067,0.3113680388519879,0.75,0.75
basket_return_le_3%,symbol_zscore_le_-2,next_open,fixed_horizon_12,stress,64,10.097624190064796,1.9521475118071772,0.8809804948466217,0.65625,1.2493744075565933,-1.0198974011899034,1.6812903755323807,2.093641187918031,0.46477131644836067,0.3113680388519879,0.75,0.75
basket_return_le_3%,rel_btc_le_-1_atr_equiv,next_open,fixed_horizon_12,stress,47,7.415442764578834,2.001596678448559,0.9715159241277239,0.6808510638297872,0.9407504388708225,-0.9426084445829052,1.306309393737938,1.954701368411616,0.589678567502197,0.4180891670083347,1.0,0.75
basket_return_le_1%,rel_basket_le_1%,next_open,fixed_horizon_12,stress,49,7.730993520518359,2.322903664868174,0.674736944499137,0.5510204081632653,1.1382227957854054,-0.24698053889328866,1.9266803921052849,3.0044417525958536,1.0385064682448946,0.32059999669087,0.5,0.875
basket_return_le_1%,rel_btc_le_3%,next_open,fixed_horizon_12,stress,27,4.259935205183585,4.510479057433708,2.840631150645994,0.6666666666666666,1.217829345507101,-0.6150573424913351,1.8442973921887438,2.930333666830474,0.8654307562833071,0.30796864007126185,1.0,0.8571428571428571
basket_return_le_1%,rel_basket_le_-1_atr_equiv,next_open,fixed_horizon_12,stress,80,12.622030237580994,0.31569083404014003,-0.7169815449537441,0.45,0.252552667232112,-0.5299304050724121,0.40044189059116153,1.202285012875192,2.779239052731566,1.3188420499260487,0.4166666666666667,0.5
basket_return_le_2%,rel_basket_le_1%,next_open,fixed_horizon_12,stress,21,3.313282937365011,5.953420271189789,2.840631150645994,0.7142857142857143,1.2502182569498559,-0.18008810635290654,2.333491137916929,7.599021411262376,0.8984104497664483,0.29999021793979413,0.8,0.7142857142857143
basket_return_le_2%,rel_btc_le_3%,next_open,fixed_horizon_12,stress,24,3.7866090712742984,4.922796987988924,3.0948626135068924,0.6666666666666666,1.181471277117342,-0.6150573424913351,1.7961989230925355,2.9209124019749204,0.871292189179467,0.3174459291890573,1.0,0.8571428571428571
basket_return_le_2%,rel_basket_le_-1_atr_equiv,next_open,fixed_horizon_12,stress,26,4.102159827213823,2.585975857527937,0.3508305530789003,0.5769230769230769,0.6723537229572636,-0.36018664455167226,1.1288878936934625,2.480174112316292,1.0222365552524006,0.4922271149168283,0.5555555555555556,0.7142857142857143
basket_return_le_3%,rel_basket_le_1%,next_open,fixed_horizon_12,stress,11,1.7355291576673866,9.364519360498473,5.574116547169665,0.7272727272727273,1.030097129654832,-0.16958925902955163,2.0149889636243974,7.074070584124277,0.8650508666498434,0.3314634674997197,1.0,0.8333333333333334
basket_return_le_3%,rel_btc_le_2%,next_open,fixed_horizon_12,stress,35,5.522138228941685,3.371142862430227,1.1327252209405936,0.6857142857142857,1.1799000018505794,-0.7699016830146557,1.7220020382678851,2.529102397951002,0.6165328685462463,0.32041279475317164,1.0,0.8571428571428571
basket_return_le_3%,rel_btc_le_3%,next_open,fixed_horizon_12,stress,21,3.313282937365011,4.9255050232718665,1.746724185168596,0.6190476190476191,1.034356054887092,-0.6150573424913351,1.570682263217225,2.6817229604923605,0.8529862314754744,0.310337841738228,1.0,0.8571428571428571
basket_return_le_3%,rel_basket_le_-1_atr_equiv,next_open,fixed_horizon_12,stress,12,1.8933045356371492,6.227587106449287,1.5260554281697416,0.6666666666666666,0.7473104527739145,-0.3398801793403422,1.2878889311674995,3.198746788425071,0.9197041886886224,0.47435899210666277,1.0,0.6
basket_return_le_3%,bottom_1_performer,next_open,fixed_horizon_12,stress,8,1.2622030237580995,4.971057694890094,0.5627286413671985,0.625,0.3976846155912075,-0.07164583669616845,0.999052964622265,6.2346362914510065,0.7984909706326347,0.9849752798649484,1.0,0.6666666666666666
basket_return_le_3%,bottom_2_performer,next_open,fixed_horizon_12,stress,16,2.524406047516199,4.644965789441261,0.7920912598807607,0.6875,0.7431945263106018,-0.16958925902955163,1.4213784555325426,4.773765212960723,0.7999717954701546,0.4711653295380359,0.75,0.8571428571428571
basket_return_le_3%,bottom_3_performer,next_open,fixed_horizon_12,stress,24,3.7866090712742984,3.257787904059365,0.7920912598807607,0.625,0.7818690969742476,-0.3733737868464218,1.3494120150974214,2.903017129294061,0.6791035010782148,0.4835273047435313,0.75,0.7142857142857143
breadth_down_1pct_ge_4,rel_basket_le_1%,next_open,fixed_horizon_12,stress,52,8.204319654427646,2.1367958871632173,0.22065966735346682,0.5384615384615384,1.111133861324873,-0.2559934267891205,1.8732478145591585,2.8573518253827896,1.0638247801372,0.3173380111538078,0.5,0.875
breadth_down_1pct_ge_4,rel_btc_le_3%,next_open,fixed_horizon_12,stress,27,4.259935205183585,4.510479057433708,2.840631150645994,0.6666666666666666,1.217829345507101,-0.6150573424913351,1.8442973921887438,2.930333666830474,0.8654307562833071,0.30796864007126185,1.0,0.8571428571428571
breadth_down_1pct_ge_4,rel_basket_le_-1_atr_equiv,next_open,fixed_horizon_12,stress,99,15.619762419006479,-0.03147465524042533,-0.8584045816792573,0.42424242424242425,-0.031159908688021074,-0.7694963805500351,-0.04843014579572572,0.9803138804598788,,,0.3333333333333333,0.25
breadth_down_1pct_ge_5,rel_basket_le_1%,next_open,fixed_horizon_12,stress,49,7.730993520518359,2.322903664868174,0.674736944499137,0.5510204081632653,1.1382227957854054,-0.24698053889328866,1.9266803921052849,3.0044417525958536,1.0385064682448946,0.32059999669087,0.5,0.875
breadth_down_1pct_ge_5,rel_btc_le_3%,next_open,fixed_horizon_12,stress,27,4.259935205183585,4.510479057433708,2.840631150645994,0.6666666666666666,1.217829345507101,-0.6150573424913351,1.8442973921887438,2.930333666830474,0.8654307562833071,0.30796864007126185,1.0,0.8571428571428571
breadth_down_1pct_ge_5,rel_basket_le_-1_atr_equiv,next_open,fixed_horizon_12,stress,80,12.622030237580994,0.31569083404014003,-0.7169815449537441,0.45,0.252552667232112,-0.5299304050724121,0.40044189059116153,1.202285012875192,2.779239052731566,1.3188420499260487,0.4166666666666667,0.5
breadth_down_1pct_ge_6,rel_basket_le_1%,next_open,fixed_horizon_12,stress,42,6.626565874730022,2.7874984029467975,0.959529396045571,0.5952380952380952,1.170749329237655,-0.23709351952413107,2.0209454398009434,3.6539628165024345,0.9763613735107534,0.311692875194634,0.6,0.7142857142857143
breadth_down_1pct_ge_6,rel_btc_le_3%,next_open,fixed_horizon_12,stress,27,4.259935205183585,4.510479057433708,2.840631150645994,0.6666666666666666,1.217829345507101,-0.6150573424913351,1.8442973921887438,2.930333666830474,0.8654307562833071,0.30796864007126185,1.0,0.8571428571428571
breadth_down_1pct_ge_6,rel_basket_le_-1_atr_equiv,next_open,fixed_horizon_12,stress,61,9.624298056155508,0.78081420341508,-0.08616312578166405,0.4918032786885246,0.4762966640831988,-0.4391037718161578,0.78022452810306,1.5727414001993416,1.4736702743742018,0.6416224816700798,0.5,0.5
breadth_down_2pct_ge_4,rel_basket_le_1%,next_open,fixed_horizon_12,stress,24,3.7866090712742984,5.270500740733067,1.8225168411315544,0.7083333333333334,1.2649201777759362,-0.16958925902955163,2.334463874064051,7.5156649588647095,0.8879684001147357,0.2928035409959442,0.8571428571428571,0.7142857142857143
breadth_down_2pct_ge_4,rel_btc_le_3%,next_open,fixed_horizon_12,stress,25,3.9443844492440605,4.77315627797246,2.840631150645994,0.68,1.193289069493115,-0.6150573424913351,1.8128077216743983,2.94012653301497,0.8626633074997497,0.31430208904369816,1.0,0.8571428571428571
breadth_down_2pct_ge_4,rel_basket_le_-1_atr_equiv,next_open,fixed_horizon_12,stress,31,4.891036717062635,2.1204501635951263,0.257989916252326,0.5483870967741935,0.6573395507144892,-0.36225555344839344,1.1006984737384162,2.3452544452197714,1.0455852731208704,0.5149773835788322,0.5,0.7142857142857143
breadth_down_2pct_ge_5,rel_basket_le_1%,next_open,fixed_horizon_12,stress,21,3.313282937365011,5.953420271189789,2.840631150645994,0.7142857142857143,1.2502182569498559,-0.18008810635290654,2.333491137916929,7.599021411262376,0.8984104497664483,0.29999021793979413,0.8,0.7142857142857143
breadth_down_2pct_ge_5,rel_btc_le_3%,next_open,fixed_horizon_12,stress,24,3.7866090712742984,4.922796987988924,3.0948626135068924,0.6666666666666666,1.181471277117342,-0.6150573424913351,1.7961989230925355,2.9209124019749204,0.871292189179467,0.3174459291890573,1.0,0.8571428571428571
breadth_down_2pct_ge_5,rel_basket_le_-1_atr_equiv,next_open,fixed_horizon_12,stress,26,4.102159827213823,2.585975857527937,0.3508305530789003,0.5769230769230769,0.6723537229572636,-0.36018664455167226,1.1288878936934625,2.480174112316292,1.0222365552524006,0.4922271149168283,0.5555555555555556,0.7142857142857143
breadth_down_2pct_ge_6,rel_basket_le_1%,next_open,fixed_horizon_12,stress,19,2.997732181425486,6.58934868012574,3.3490940763677908,0.7368421052631579,1.2519762492238906,-0.18008810635290654,2.3663038462485217,7.918917185264255,0.8971489253321148,0.2995689795291206,0.8,0.8333333333333334
breadth_down_2pct_ge_6,rel_btc_le_3%,next_open,fixed_horizon_12,stress,24,3.7866090712742984,4.922796987988924,3.0948626135068924,0.6666666666666666,1.181471277117342,-0.6150573424913351,1.7961989230925355,2.9209124019749204,0.871292189179467,0.3174459291890573,1.0,0.8571428571428571
breadth_down_2pct_ge_6,rel_basket_le_-1_atr_equiv,next_open,fixed_horizon_12,stress,20,3.1555075593952484,3.5068424914569714,0.301438867677022,0.55,0.7013684982913942,-0.36018664455167226,1.1865651722830683,2.7290779730562065,0.9799478524360654,0.46553847535383924,0.5714285714285714,0.6666666666666666
breadth_down_2pct_ge_6,bottom_1_performer,next_open,fixed_horizon_12,stress,26,4.102159827213823,2.127871356218589,0.9401125312763315,0.5769230769230769,0.5532465526168332,-0.08737884327575568,1.338065634784607,3.3813200523636047,0.8414917221751548,0.8197103845250571,0.5555555555555556,0.7142857142857143
btc_return_le_1%,bottom_3_performer,next_open,fixed_horizon_12,stress,303,47.80593952483802,-0.038997081525885255,-0.17274789248235653,0.47194719471947194,-0.11816115702343233,-1.2189857027375877,-0.16500132359077863,0.966083999423696,,,0.4166666666666667,0.5
btc_return_le_1%,rel_btc_le_2%,next_open,fixed_horizon_12,stress,48,7.573218142548597,2.692666614816675,0.7257750656561691,0.6041666666666666,1.292479975112004,-0.82803381842697,1.8410189353812172,2.4312486310430317,0.7901317459829202,0.3389770620902968,0.8571428571428571,1.0
btc_return_le_1%,bottom_2_performer,next_open,fixed_horizon_12,stress,202,31.87062634989201,0.10718966849203385,-0.00041191509184232856,0.5,0.21652313035390836,-0.706463639979263,0.3416504741125678,1.0977634422480176,4.00335717314933,1.391896921539217,0.3333333333333333,0.375
basket_return_le_1%,rel_basket_le_2%,next_open,fixed_horizon_12,stress,13,2.0510799136069116,8.053961480775463,3.7421756555643655,0.6923076923076923,1.04701499250081,-0.17947627839870922,2.005708213481912,6.8337235530082205,0.9981559261133368,0.3646682162889831,0.6666666666666666,0.8
breadth_down_1pct_ge_4,rel_basket_le_2%,next_open,fixed_horizon_12,stress,13,2.0510799136069116,8.053961480775463,3.7421756555643655,0.6923076923076923,1.04701499250081,-0.17947627839870922,2.005708213481912,6.8337235530082205,0.9981559261133368,0.3646682162889831,0.6666666666666666,0.8
breadth_down_1pct_ge_5,rel_basket_le_2%,next_open,fixed_horizon_12,stress,13,2.0510799136069116,8.053961480775463,3.7421756555643655,0.6923076923076923,1.04701499250081,-0.17947627839870922,2.005708213481912,6.8337235530082205,0.9981559261133368,0.3646682162889831,0.6666666666666666,0.8
btc_return_le_1%,rel_basket_le_1%,next_open,fixed_horizon_12,stress,26,4.102159827213823,4.3737691656152515,1.6583276968111176,0.6153846153846154,1.1371799830599654,-0.20160721949782612,2.020030548776237,4.47988452652685,0.9877144895834105,0.29552656341504546,0.5714285714285714,0.7142857142857143
btc_return_le_1%,rel_basket_le_-1_atr_equiv,next_open,fixed_horizon_12,stress,40,6.311015118790497,1.054478197732262,-0.7728903896509608,0.425,0.4217912790929047,-0.3817057576965918,0.694017201859625,1.6030931341767443,1.6294897209469639,0.7197273558064405,0.4444444444444444,0.42857142857142855
btc_return_le_1%,bottom_1_performer,next_open,fixed_horizon_12,stress,101,15.935313174946005,0.20187322630374743,0.09272948188888033,0.5247524752475248,0.20389195856678488,-0.3596363545148308,0.4370357608876058,1.193898503739582,2.335240389945758,1.7544077781129759,0.4166666666666667,0.375
btc_return_le_1%,rel_basket_le_2%,next_open,fixed_horizon_12,stress,10,1.5777537796976242,10.047106962080003,5.935445536189481,0.7,1.0047106962080001,-0.07164583669616842,1.9743903713839137,6.924376944373139,1.0,0.3559094243473463,1.0,0.8
btc_return_le_1%,rel_btc_le_3%,next_open,fixed_horizon_12,stress,22,3.471058315334773,5.2315916752452125,3.545634865966078,0.6363636363636364,1.1509501685539467,-0.517113920157952,1.7516822707623867,2.871289210030301,0.8943972759355648,0.3106876520747042,1.0,0.8571428571428571
basket_return_le_2%,rel_basket_le_2%,next_open,fixed_horizon_12,stress,10,1.5777537796976242,10.047106962080003,5.935445536189481,0.7,1.0047106962080001,-0.07164583669616842,1.9743903713839137,6.924376944373139,1.0,0.3559094243473463,1.0,0.8
btc_return_le_2%,rel_btc_le_1%,next_open,fixed_horizon_12,stress,23,3.6288336933045358,5.143970284480084,6.206171487840089,0.6086956521739131,1.1831131654304194,-0.5833204068060984,1.7199225025405946,2.6184487468302624,0.6532586308662223,0.3206017080607558,1.0,0.875
btc_return_le_2%,rel_basket_le_1%,next_open,fixed_horizon_12,stress,8,1.2622030237580995,12.426126059455974,10.301110847534083,0.75,0.994090084756478,-0.05669469897915852,2.034654141792907,7.428493028231412,0.8777339449155737,0.3434694417463598,1.0,0.8333333333333334
btc_return_le_2%,rel_btc_le_2%,next_open,fixed_horizon_12,stress,17,2.682181425485961,7.754131092384572,7.652083204753374,0.7058823529411765,1.3182022857053772,-0.3818299598132696,2.1334524024182944,3.7475519375571373,0.7391652587526175,0.27899422198514273,1.0,1.0
btc_return_le_2%,rel_basket_le_2%,next_open,fixed_horizon_12,stress,6,0.9466522678185746,14.542443528246007,14.82758775725726,0.6666666666666666,0.8725466116947604,-0.05669469897915852,1.7897285608939246,6.64250654553182,1.0,0.39131384143904446,1.0,0.8
btc_return_le_2%,rel_btc_le_3%,next_open,fixed_horizon_12,stress,12,1.8933045356371492,10.422976226556207,10.728389787921639,0.75,1.250757147186745,-0.2269856192899491,2.1851392675735597,4.849323966051212,0.9028240827285311,0.2729863005179535,1.0,0.8571428571428571
btc_return_le_2%,symbol_zscore_le_-1,next_open,fixed_horizon_12,stress,40,6.311015118790497,2.7192851571104617,0.7921319070822875,0.575,1.0877140628441846,-0.6606093634130963,1.4963762167438286,2.02129480516674,0.6926188590235245,0.3183039447836154,1.0,0.875
btc_return_le_2%,symbol_zscore_le_-2,next_open,fixed_horizon_12,stress,40,6.311015118790497,2.7192851571104617,0.7921319070822875,0.575,1.0877140628441846,-0.6606093634130963,1.4963762167438286,2.02129480516674,0.6926188590235245,0.3183039447836154,1.0,0.875
btc_return_le_2%,rel_btc_le_-1_atr_equiv,next_open,fixed_horizon_12,stress,23,3.6288336933045358,4.414638568702904,1.153728054675156,0.6521739130434783,1.0153668708016679,-0.5833204068060984,1.487495633981049,2.487310562177232,0.7611819026542229,0.37356753758046374,1.0,0.875
btc_return_le_2%,rel_basket_le_-1_atr_equiv,next_open,fixed_horizon_12,stress,7,1.1044276457883369,10.032224162628141,14.02199093606607,0.5714285714285714,0.7022556913839699,-0.2269856192899491,1.2210660098939403,3.1612586178063027,1.0,0.48620405736264993,1.0,0.6
btc_return_le_2%,bottom_2_performer,next_open,fixed_horizon_12,stress,10,1.5777537796976242,6.578999852528009,0.505729519622038,0.5,0.6578999852528009,-0.05669469897915852,1.2567982153052362,4.196579418735738,0.875505197538934,0.46468391060036063,1.0,0.6666666666666666
btc_return_le_2%,bottom_3_performer,next_open,fixed_horizon_12,stress,15,2.3666306695464363,4.521323800813002,0.693318843798867,0.5333333333333333,0.6781985701219504,-0.2269856192899491,1.1675861025378158,2.6574209447802404,0.8049616582077426,0.510504876083211,1.0,0.6666666666666666
basket_return_le_3%,rel_basket_le_2%,next_open,fixed_horizon_12,stress,7,1.1044276457883369,12.251363913967865,14.02199093606607,0.5714285714285714,0.8575954739777505,-0.07164583669616842,1.692317879256095,6.056897346478239,1.0,0.39813592400763687,1.0,0.8
breadth_down_1pct_ge_6,rel_basket_le_2%,next_open,fixed_horizon_12,stress,12,1.8933045356371492,8.807516765583062,3.889763992091903,0.75,1.0569020118699675,-0.16958925902955166,2.0540992517823207,7.23212824867522,0.9888184597597046,0.36125684827447235,1.0,0.8
breadth_down_2pct_ge_4,rel_basket_le_2%,next_open,fixed_horizon_12,stress,11,1.7355291576673866,9.2411680780343,3.7421756555643655,0.7272727272727273,1.016528488583773,-0.16958925902955166,1.977592230307401,6.9940617371683835,0.9883743618516411,0.3517717501662933,1.0,0.8
breadth_down_2pct_ge_5,rel_basket_le_2%,next_open,fixed_horizon_12,stress,10,1.5777537796976242,10.047106962080003,5.935445536189481,0.7,1.0047106962080001,-0.07164583669616842,1.9743903713839137,6.924376944373139,1.0,0.3559094243473463,1.0,0.8
breadth_down_2pct_ge_6,rel_basket_le_2%,next_open,fixed_horizon_12,stress,10,1.5777537796976242,10.047106962080003,5.935445536189481,0.7,1.0047106962080001,-0.07164583669616842,1.9743903713839137,6.924376944373139,1.0,0.3559094243473463,1.0,0.8
basket_return_le_1%,rel_basket_le_3%,next_open,fixed_horizon_12,stress,4,0.6311015118790497,25.679618325182552,24.888570612069174,1.0,1.027184733007302,0.0,4.044467418126053,inf,1.0,0.3788932982539678,1.0,1.0
btc_return_le_1%,rel_basket_le_3%,next_open,fixed_horizon_12,stress,4,0.6311015118790497,25.679618325182552,24.888570612069174,1.0,1.027184733007302,0.0,4.044467418126053,inf,1.0,0.3788932982539678,1.0,1.0
basket_return_le_2%,rel_basket_le_3%,next_open,fixed_horizon_12,stress,4,0.6311015118790497,25.679618325182552,24.888570612069174,1.0,1.027184733007302,0.0,4.044467418126053,inf,1.0,0.3788932982539678,1.0,1.0
btc_return_le_2%,rel_basket_le_3%,next_open,fixed_horizon_12,stress,4,0.6311015118790497,25.679618325182552,24.888570612069174,1.0,1.027184733007302,0.0,4.044467418126053,inf,1.0,0.3788932982539678,1.0,1.0
btc_return_le_2%,bottom_1_performer,next_open,fixed_horizon_12,stress,5,0.7888768898488121,7.714965044385657,1.153728054675156,0.6,0.3857482522192829,-0.014028906225264814,0.9630081323701948,6.454306961647318,0.8619577937506425,1.0388399419738905,1.0,0.5
basket_return_le_3%,rel_basket_le_3%,next_open,fixed_horizon_12,stress,4,0.6311015118790497,25.679618325182552,24.888570612069174,1.0,1.027184733007302,0.0,4.044467418126053,inf,1.0,0.3788932982539678,1.0,1.0
breadth_down_1pct_ge_4,rel_basket_le_3%,next_open,fixed_horizon_12,stress,4,0.6311015118790497,25.679618325182552,24.888570612069174,1.0,1.027184733007302,0.0,4.044467418126053,inf,1.0,0.3788932982539678,1.0,1.0
breadth_down_1pct_ge_5,rel_basket_le_3%,next_open,fixed_horizon_12,stress,4,0.6311015118790497,25.679618325182552,24.888570612069174,1.0,1.027184733007302,0.0,4.044467418126053,inf,1.0,0.3788932982539678,1.0,1.0
breadth_down_1pct_ge_6,rel_basket_le_3%,next_open,fixed_horizon_12,stress,4,0.6311015118790497,25.679618325182552,24.888570612069174,1.0,1.027184733007302,0.0,4.044467418126053,inf,1.0,0.3788932982539678,1.0,1.0
breadth_down_2pct_ge_4,rel_basket_le_3%,next_open,fixed_horizon_12,stress,4,0.6311015118790497,25.679618325182552,24.888570612069174,1.0,1.027184733007302,0.0,4.044467418126053,inf,1.0,0.3788932982539678,1.0,1.0
breadth_down_2pct_ge_5,rel_basket_le_3%,next_open,fixed_horizon_12,stress,4,0.6311015118790497,25.679618325182552,24.888570612069174,1.0,1.027184733007302,0.0,4.044467418126053,inf,1.0,0.3788932982539678,1.0,1.0
breadth_down_2pct_ge_6,rel_basket_le_3%,next_open,fixed_horizon_12,stress,4,0.6311015118790497,25.679618325182552,24.888570612069174,1.0,1.027184733007302,0.0,4.044467418126053,inf,1.0,0.3788932982539678,1.0,1.0
btc_return_le_3%,rel_btc_le_1%,next_open,fixed_horizon_12,stress,6,0.9466522678185746,7.474165550429378,7.116156981877736,1.0,0.44844993302576264,0.0,10.306210094548035,inf,1.0,0.23328575436777302,1.0,1.0
btc_return_le_3%,rel_btc_le_2%,next_open,fixed_horizon_12,stress,5,0.7888768898488121,6.876659042073406,6.580230759002098,1.0,0.3438329521036703,0.0,13.661465299634354,inf,1.0,0.2434523264971394,1.0,1.0
btc_return_le_3%,symbol_zscore_le_-1,next_open,fixed_horizon_12,stress,8,1.2622030237580995,7.258417351712107,6.7874664036786605,1.0,0.5806733881369686,0.0,13.101108411224256,inf,1.0,0.18016493102558953,1.0,1.0
btc_return_le_3%,symbol_zscore_le_-2,next_open,fixed_horizon_12,stress,8,1.2622030237580995,7.258417351712107,6.7874664036786605,1.0,0.5806733881369686,0.0,13.101108411224256,inf,1.0,0.18016493102558953,1.0,1.0
btc_return_le_3%,rel_btc_le_-1_atr_equiv,next_open,fixed_horizon_12,stress,3,0.4733261339092873,6.602143503641712,6.580230759002098,1.0,0.19806430510925138,0.0,11.00435463886945,inf,1.0,0.38634337472027175,1.0,1.0
btc_return_le_3%,bottom_3_performer,next_open,fixed_horizon_12,stress,3,0.4733261339092873,6.602143503641712,6.580230759002098,1.0,0.19806430510925138,0.0,11.00435463886945,inf,1.0,0.38634337472027175,1.0,1.0
btc_return_le_3%,rel_basket_le_1%,next_open,fixed_horizon_12,stress,2,0.31555075593952486,6.0771736530858815,6.0771736530858815,1.0,0.12154347306171763,0.0,12.080484663898229,inf,1.0,0.5413890678984279,1.0,1.0
btc_return_le_3%,rel_btc_le_3%,next_open,fixed_horizon_12,stress,2,0.31555075593952486,6.0771736530858815,6.0771736530858815,1.0,0.12154347306171763,0.0,12.080484663898229,inf,1.0,0.5413890678984279,1.0,1.0
btc_return_le_3%,bottom_2_performer,next_open,fixed_horizon_12,stress,2,0.31555075593952486,6.0771736530858815,6.0771736530858815,1.0,0.12154347306171763,0.0,12.080484663898229,inf,1.0,0.5413890678984279,1.0,1.0
btc_return_le_3%,bottom_1_performer,next_open,fixed_horizon_12,stress,1,0.15777537796976243,5.574116547169665,5.574116547169665,1.0,0.05574116547169665,0.0,0.0,inf,1.0,1.0,1.0,1.0
basket_return_le_1%,rel_btc_le_1%,next_open,scaled_exit_6_12,base,419,66.10788336933045,0.43622571542527905,0.3490685735807875,0.5847255369928401,1.8277857476319195,-1.4977939123415385,2.1544774558204067,1.513573541905411,0.3675868332748328,0.28123801247423236,0.5454545454545454,1.0
basket_return_le_1%,rel_btc_le_2%,next_open,scaled_exit_6_12,base,84,13.253131749460044,2.086697937042004,0.949538494084259,0.7380952380952381,1.7528262671152832,-0.9120863564317719,2.5042426385848016,2.7576840999878875,0.545030112932779,0.27702705715808684,0.8888888888888888,1.0
basket_return_le_1%,symbol_zscore_le_-1,next_open,scaled_exit_6_12,base,2014,317.75961123110153,-0.06304607892169876,0.08066459327387651,0.5268123138033763,-1.2697480294830132,-3.909567594634597,-1.1235984598593973,0.9193876885104375,,,0.5,0.25
basket_return_le_1%,symbol_zscore_le_-2,next_open,scaled_exit_6_12,base,1717,270.9003239740821,-0.10256773672904405,0.07325438994489017,0.52417006406523,-1.7610880396376862,-4.178167906614629,-1.6290697134840497,0.8733634357759219,,,0.5,0.125
basket_return_le_1%,rel_btc_le_-1_atr_equiv,next_open,scaled_exit_6_12,base,655,103.34287257019439,-0.03961196281751951,0.08596409296249505,0.5282442748091603,-0.2594583564547528,-1.8319901184948633,-0.3012593405010485,0.9546221940696136,,,0.4166666666666667,0.5
basket_return_le_1%,bottom_1_performer,next_open,scaled_exit_6_12,base,259,40.863822894168464,0.13176054247032049,0.20175930363373842,0.555984555984556,0.34125980499813,-0.3778612800468364,0.682049122027447,1.1652959682688315,0.45907764994372857,1.0361263422558784,0.6666666666666666,0.5
basket_return_le_1%,bottom_2_performer,next_open,scaled_exit_6_12,base,518,81.72764578833693,0.07426402148070241,0.14771049394356148,0.5424710424710425,0.38468763127003847,-0.7614739030850004,0.5503440609210857,1.0912105670546233,0.6938627259400088,1.1096228365833087,0.5833333333333334,0.25
basket_return_le_1%,bottom_3_performer,next_open,scaled_exit_6_12,base,777,122.59146868250541,0.05170559318429354,0.1572697116336142,0.5495495495495496,0.4017524590419608,-1.214048335261877,0.5035791161757469,1.0645424934163,1.048351085882524,1.5462728308049647,0.5,0.625
basket_return_le_2%,rel_btc_le_1%,next_open,scaled_exit_6_12,base,191,30.135097192224624,0.8699025412795652,0.6417145240363986,0.5916230366492147,1.6615138538439698,-1.202981362685851,2.132812074865129,1.8169040943658177,0.591024583954454,0.28149360684645364,0.6,0.875
basket_return_le_2%,rel_btc_le_2%,next_open,scaled_exit_6_12,base,74,11.675377969762419,2.332386907439227,1.4171418859430431,0.7702702702702703,1.725966311505028,-0.9093127746302131,2.4827432732673986,2.851579645594372,0.5413368448602521,0.29293632223729743,0.875,1.0
basket_return_le_2%,symbol_zscore_le_-1,next_open,scaled_exit_6_12,base,287,45.281533477321815,0.4786606385983406,0.09568896169964933,0.519163763066202,1.3737560327772376,-1.3033763844119706,1.6755000422897133,1.453528432531955,0.5557007073307099,0.31757387361496126,0.6,0.875
basket_return_le_2%,symbol_zscore_le_-2,next_open,scaled_exit_6_12,base,269,42.441576673866095,0.41789323745808565,0.06301726315602005,0.5092936802973977,1.1241328087622504,-1.3033763844119706,1.3885654169190949,1.3795074153343154,0.48741528428471514,0.30923507050209487,0.6,0.875
basket_return_le_2%,rel_btc_le_-1_atr_equiv,next_open,scaled_exit_6_12,base,188,29.661771058315335,0.43601487710890235,0.26191205321451033,0.5585106382978723,0.8197079689647364,-1.226305527237765,1.0892628590217313,1.3779118014288598,0.6316232788686515,0.367783923287338,0.4,0.75
basket_return_le_2%,bottom_1_performer,next_open,scaled_exit_6_12,base,38,5.995464362850972,1.416227547655029,0.6662228983733748,0.6578947368421053,0.538166468108911,-0.1290959214551861,1.3693779040069438,2.8304411583987124,0.7069756190946132,0.6972378269775364,0.7,0.8571428571428571
basket_return_le_2%,bottom_2_performer,next_open,scaled_exit_6_12,base,76,11.990928725701943,1.130295208988201,0.4961757111467536,0.618421052631579,0.8590243588310328,-0.2969091745177969,1.5843979915063642,2.2345286742015493,0.7698118083778674,0.4280969446301444,0.7,0.75
basket_return_le_2%,bottom_3_performer,next_open,scaled_exit_6_12,base,114,17.986393088552916,0.9258254216274066,0.3707900836528966,0.5877192982456141,1.0554409806552434,-0.552823851452428,1.7174637502517105,1.9105190716882376,0.7047646006010211,0.519993321565345,0.7,0.625
breadth_down_1pct_ge_4,rel_btc_le_1%,next_open,scaled_exit_6_12,base,465,73.36555075593952,0.39797039200346146,0.3409582859594052,0.578494623655914,1.850562322816096,-1.4994754575575955,2.151848759390967,1.4694359322502002,0.4097360895861467,0.28961106197405334,0.6363636363636364,0.875
breadth_down_1pct_ge_4,rel_btc_le_2%,next_open,scaled_exit_6_12,base,85,13.410907127429805,2.041718489733879,0.9165139381528877,0.7294117647058823,1.7354607162737974,-0.9120863564317719,2.4759170426192467,2.710484593441195,0.5504838509791214,0.27979907464049647,0.8888888888888888,1.0
breadth_down_1pct_ge_4,symbol_zscore_le_-1,next_open,scaled_exit_6_12,base,2583,407.53380129589635,-0.18095347380554544,-0.03097793447331736,0.4912891986062718,-4.674028228397239,-6.812481348320028,-3.9052474463930493,0.7786248948957073,,,0.3333333333333333,0.0
breadth_down_1pct_ge_4,symbol_zscore_le_-2,next_open,scaled_exit_6_12,base,2107,332.4327213822894,-0.19638771000675975,-0.016696520292400697,0.4959658281917418,-4.137889049842428,-6.125348379907984,-3.6664873314284767,0.7641039108976377,,,0.4166666666666667,0.0
breadth_down_1pct_ge_4,rel_btc_le_-1_atr_equiv,next_open,scaled_exit_6_12,base,797,125.74697624190065,-0.11094593702146584,0.029125292356071492,0.5106649937264742,-0.8842391180610827,-2.479986468050862,-0.9902582275291603,0.8739766780063198,,,0.3333333333333333,0.375
breadth_down_1pct_ge_4,bottom_1_performer,next_open,scaled_exit_6_12,base,334,52.69697624190065,-0.026816567484801965,0.06946107817903899,0.5239520958083832,-0.08956733539923856,-0.6213229967741768,-0.16973718798470144,0.9681687679962885,,,0.5,0.5
breadth_down_1pct_ge_4,bottom_2_performer,next_open,scaled_exit_6_12,base,668,105.3939524838013,-0.07433632526696707,0.014142722559523164,0.5059880239520959,-0.49656665278334006,-1.2999770550287786,-0.6745260148166702,0.9131300204579806,,,0.4166666666666667,0.25
breadth_down_1pct_ge_4,bottom_3_performer,next_open,scaled_exit_6_12,base,1002,158.09092872570196,-0.09557297966574921,0.020358991472082606,0.5099800399201597,-0.957641256250807,-2.086244153848786,-1.1337847383961837,0.8873384228965833,,,0.3333333333333333,0.25
breadth_down_1pct_ge_5,rel_btc_le_1%,next_open,scaled_exit_6_12,base,419,66.10788336933045,0.43622571542527905,0.3490685735807875,0.5847255369928401,1.8277857476319195,-1.4977939123415385,2.1544774558204067,1.513573541905411,0.3675868332748328,0.28123801247423236,0.5454545454545454,1.0
breadth_down_1pct_ge_5,rel_btc_le_2%,next_open,scaled_exit_6_12,base,84,13.253131749460044,2.086697937042004,0.949538494084259,0.7380952380952381,1.7528262671152832,-0.9120863564317719,2.5042426385848016,2.7576840999878875,0.545030112932779,0.27702705715808684,0.8888888888888888,1.0
breadth_down_1pct_ge_5,symbol_zscore_le_-1,next_open,scaled_exit_6_12,base,2014,317.75961123110153,-0.06304607892169876,0.08066459327387651,0.5268123138033763,-1.2697480294830132,-3.909567594634597,-1.1235984598593973,0.9193876885104375,,,0.5,0.25
breadth_down_1pct_ge_5,symbol_zscore_le_-2,next_open,scaled_exit_6_12,base,1717,270.9003239740821,-0.10256773672904405,0.07325438994489017,0.52417006406523,-1.7610880396376862,-4.178167906614629,-1.6290697134840497,0.8733634357759219,,,0.5,0.125
breadth_down_1pct_ge_5,rel_btc_le_-1_atr_equiv,next_open,scaled_exit_6_12,base,655,103.34287257019439,-0.03961196281751951,0.08596409296249505,0.5282442748091603,-0.2594583564547528,-1.8319901184948633,-0.3012593405010485,0.9546221940696136,,,0.4166666666666667,0.5
breadth_down_1pct_ge_5,bottom_1_performer,next_open,scaled_exit_6_12,base,259,40.863822894168464,0.13176054247032049,0.20175930363373842,0.555984555984556,0.34125980499813,-0.3778612800468364,0.682049122027447,1.1652959682688315,0.45907764994372857,1.0361263422558784,0.6666666666666666,0.5
breadth_down_1pct_ge_5,bottom_2_performer,next_open,scaled_exit_6_12,base,518,81.72764578833693,0.07426402148070241,0.14771049394356148,0.5424710424710425,0.38468763127003847,-0.7614739030850004,0.5503440609210857,1.0912105670546233,0.6938627259400088,1.1096228365833087,0.5833333333333334,0.25
breadth_down_1pct_ge_5,bottom_3_performer,next_open,scaled_exit_6_12,base,777,122.59146868250541,0.05170559318429354,0.1572697116336142,0.5495495495495496,0.4017524590419608,-1.214048335261877,0.5035791161757469,1.0645424934163,1.048351085882524,1.5462728308049647,0.5,0.625
breadth_down_1pct_ge_6,rel_btc_le_1%,next_open,scaled_exit_6_12,base,372,58.692440604751624,0.538858319328565,0.41350631838201707,0.6075268817204301,2.004552947902262,-1.4977939123415385,2.4007258545612515,1.6477307537399442,0.32203391307354606,0.3083805611431473,0.8181818181818182,0.875
breadth_down_1pct_ge_6,rel_btc_le_2%,next_open,scaled_exit_6_12,base,83,13.095356371490281,2.127018649899998,0.9825630500156304,0.7469879518072289,1.7654254794169983,-0.8994871441300568,2.5250177869230037,2.7929708572171186,0.5411404273109676,0.2821866573232941,0.8888888888888888,1.0
breadth_down_1pct_ge_6,symbol_zscore_le_-1,next_open,scaled_exit_6_12,base,1538,242.6585313174946,0.036381459490163075,0.16563188652207134,0.5520156046814044,0.559546846958708,-2.555201386708841,0.5274567557179654,1.0486617633939037,1.835137208258225,0.5326550814939487,0.6666666666666666,0.75
breadth_down_1pct_ge_6,symbol_zscore_le_-2,next_open,scaled_exit_6_12,base,1356,213.94341252699783,0.0027313753093167357,0.16426768766859784,0.5508849557522124,0.03703744919433494,-2.548592819878495,0.03626996476687846,1.0035847524971069,25.433854425684544,6.516567231345607,0.6666666666666666,0.625
breadth_down_1pct_ge_6,rel_btc_le_-1_atr_equiv,next_open,scaled_exit_6_12,base,537,84.72537796976242,0.060574652309337014,0.1846993961129884,0.553072625698324,0.3252858829011398,-1.9228312668123808,0.39074528933731756,1.0720402463389989,1.6859166848656983,0.8696857103352569,0.5833333333333334,0.5
breadth_down_1pct_ge_6,bottom_1_performer,next_open,scaled_exit_6_12,base,197,31.0817494600432,0.2725228757566958,0.28158008296718334,0.5888324873096447,0.5368700652406907,-0.321341716797774,1.1296128777135483,1.3653316300865759,0.31573444397508765,0.6561205661844022,0.75,0.625
breadth_down_1pct_ge_6,bottom_2_performer,next_open,scaled_exit_6_12,base,394,62.1634989200864,0.21067902258245502,0.22694095416440854,0.5710659898477157,0.8300753489748728,-0.7294040415299952,1.2550555511832382,1.2770304497577083,0.3185858377164668,0.4948094804794429,0.6666666666666666,0.5
breadth_down_1pct_ge_6,bottom_3_performer,next_open,scaled_exit_6_12,base,591,93.2452483801296,0.17555806623652215,0.21721423412334964,0.5736040609137056,1.0375481714578458,-1.0463089875644414,1.3807182270710607,1.2328442441100176,0.3809847277212442,0.6606659243939752,0.6666666666666666,0.75
breadth_down_2pct_ge_4,rel_btc_le_1%,next_open,scaled_exit_6_12,base,207,32.65950323974082,0.8786965196612682,0.6675457405872798,0.6086956521739131,1.8189017956988252,-1.187589457485315,2.3318504692757798,1.8851510889469565,0.554588794874984,0.2545312878667437,0.6363636363636364,1.0
breadth_down_2pct_ge_4,rel_btc_le_2%,next_open,scaled_exit_6_12,base,77,12.148704103671706,2.254869763709907,0.9825630500156304,0.7662337662337663,1.7362497180566285,-0.8994871441300569,2.4947516101494056,2.8479046708958418,0.5381306316069595,0.2869284928366557,0.8888888888888888,1.0
breadth_down_2pct_ge_4,symbol_zscore_le_-1,next_open,scaled_exit_6_12,base,327,51.59254859611231,0.5037477352747881,0.20861654044569636,0.5412844036697247,1.647255094348557,-1.2829186933254053,2.003520646000723,1.5313946634239675,0.5170557203335364,0.2711545568136761,0.5833333333333334,0.875
breadth_down_2pct_ge_4,symbol_zscore_le_-2,next_open,scaled_exit_6_12,base,308,48.594816414686825,0.4505998005237858,0.18831414293577436,0.5324675324675324,1.3878473856132603,-1.2927031780457146,1.7093910100510548,1.4575952629856463,0.4584401638245147,0.25796279361745394,0.5833333333333334,0.875
breadth_down_2pct_ge_4,rel_btc_le_-1_atr_equiv,next_open,scaled_exit_6_12,base,208,32.817278617710585,0.4379237484261926,0.31532432827398543,0.5673076923076923,0.9108813967264806,-1.2046333851180202,1.208924171848461,1.411214559564961,0.5813976819679606,0.3257694172486375,0.4166666666666667,0.75
breadth_down_2pct_ge_4,bottom_1_performer,next_open,scaled_exit_6_12,base,43,6.784341252699784,1.3556644653241363,0.7876484859143964,0.6744186046511628,0.5829357200893787,-0.12290957614240419,1.483414636112498,2.9500507104872318,0.6729871853441272,0.6436902146241794,0.6666666666666666,0.8571428571428571
breadth_down_2pct_ge_4,bottom_2_performer,next_open,scaled_exit_6_12,base,86,13.568682505399568,1.0618872132295438,0.6051623495995551,0.6162790697674418,0.9132230033774077,-0.29957857929489295,1.68080373401116,2.255045816094082,0.7534130362875598,0.45321415711928287,0.5833333333333334,0.75
breadth_down_2pct_ge_4,bottom_3_performer,next_open,scaled_exit_6_12,base,129,20.35302375809935,0.8934712795364192,0.5791688957952701,0.5968992248062015,1.1525779506019809,-0.5528126584033599,1.8717280479016802,1.9630562099328521,0.6812295680770342,0.4720584408034173,0.6666666666666666,0.75
breadth_down_2pct_ge_5,rel_btc_le_1%,next_open,scaled_exit_6_12,base,191,30.135097192224624,0.8699025412795652,0.6417145240363986,0.5916230366492147,1.6615138538439698,-1.202981362685851,2.132812074865129,1.8169040943658177,0.591024583954454,0.28149360684645364,0.6,0.875
breadth_down_2pct_ge_5,rel_btc_le_2%,next_open,scaled_exit_6_12,base,74,11.675377969762419,2.332386907439227,1.4171418859430431,0.7702702702702703,1.725966311505028,-0.9093127746302131,2.4827432732673986,2.851579645594372,0.5413368448602521,0.29293632223729743,0.875,1.0
breadth_down_2pct_ge_5,symbol_zscore_le_-1,next_open,scaled_exit_6_12,base,287,45.281533477321815,0.4786606385983406,0.09568896169964933,0.519163763066202,1.3737560327772376,-1.3033763844119706,1.6755000422897133,1.453528432531955,0.5557007073307099,0.31757387361496126,0.6,0.875
breadth_down_2pct_ge_5,symbol_zscore_le_-2,next_open,scaled_exit_6_12,base,269,42.441576673866095,0.41789323745808565,0.06301726315602005,0.5092936802973977,1.1241328087622504,-1.3033763844119706,1.3885654169190949,1.3795074153343154,0.48741528428471514,0.30923507050209487,0.6,0.875
breadth_down_2pct_ge_5,rel_btc_le_-1_atr_equiv,next_open,scaled_exit_6_12,base,188,29.661771058315335,0.43601487710890235,0.26191205321451033,0.5585106382978723,0.8197079689647364,-1.226305527237765,1.0892628590217313,1.3779118014288598,0.6316232788686515,0.367783923287338,0.4,0.75
breadth_down_2pct_ge_5,bottom_1_performer,next_open,scaled_exit_6_12,base,38,5.995464362850972,1.416227547655029,0.6662228983733748,0.6578947368421053,0.538166468108911,-0.1290959214551861,1.3693779040069438,2.8304411583987124,0.7069756190946132,0.6972378269775364,0.7,0.8571428571428571
breadth_down_2pct_ge_5,bottom_2_performer,next_open,scaled_exit_6_12,base,76,11.990928725701943,1.130295208988201,0.4961757111467536,0.618421052631579,0.8590243588310328,-0.2969091745177969,1.5843979915063642,2.2345286742015493,0.7698118083778674,0.4280969446301444,0.7,0.75
breadth_down_2pct_ge_5,bottom_3_performer,next_open,scaled_exit_6_12,base,114,17.986393088552916,0.9258254216274066,0.3707900836528966,0.5877192982456141,1.0554409806552434,-0.552823851452428,1.7174637502517105,1.9105190716882376,0.7047646006010211,0.519993321565345,0.7,0.625
breadth_down_2pct_ge_6,rel_btc_le_1%,next_open,scaled_exit_6_12,base,142,22.404103671706263,1.1154633831452971,0.6446541365553082,0.6056338028169014,1.583958004066322,-1.1104724869532743,2.09111938795442,2.0211519843394967,0.5765410569773749,0.30359489409443186,0.5555555555555556,0.875
breadth_down_2pct_ge_6,rel_btc_le_2%,next_open,scaled_exit_6_12,base,66,10.41317494600432,2.3743920388139244,1.146559241573816,0.7424242424242424,1.56709874561719,-0.909312774630213,2.2551546701969243,2.681149927828594,0.5866078700166814,0.2840325023149624,0.875,1.0
breadth_down_2pct_ge_6,symbol_zscore_le_-1,next_open,scaled_exit_6_12,base,203,32.02840172786177,0.725899248885244,0.3490685735807875,0.5714285714285714,1.4735754752370456,-1.1839120097040516,1.8829324635359035,1.692075345720125,0.5922427853704195,0.31183039285394054,0.6666666666666666,0.875
breadth_down_2pct_ge_6,symbol_zscore_le_-2,next_open,scaled_exit_6_12,base,192,30.292872570194387,0.6605442284342001,0.34501342977009636,0.5677083333333334,1.2682449185936642,-1.1839120097040516,1.6392379323118769,1.6079555985480238,0.5262263443598868,0.283716989939782,0.6666666666666666,0.875
breadth_down_2pct_ge_6,rel_btc_le_-1_atr_equiv,next_open,scaled_exit_6_12,base,135,21.299676025917925,0.7947997864174309,0.6319032585802153,0.6222222222222222,1.0729797116635316,-1.1085791783295422,1.4657596693762913,1.695158272178592,0.5730070323257547,0.34943755905679563,0.5555555555555556,0.75
breadth_down_2pct_ge_6,bottom_2_performer,next_open,scaled_exit_6_12,base,52,8.204319654427646,1.7166430853116266,0.6196616450106684,0.6538461538461539,0.8926544043620458,-0.25235211852766326,1.707504040242865,3.1104519275313387,0.7563824165569535,0.381609112055027,0.7777777777777778,0.8571428571428571
breadth_down_2pct_ge_6,bottom_3_performer,next_open,scaled_exit_6_12,base,78,12.30647948164147,1.3639876139839462,0.5854492183711946,0.6153846153846154,1.063910338907478,-0.4877907073738271,1.8000779215758356,2.385176347434124,0.69941122585657,0.4119088513376602,0.7777777777777778,0.8571428571428571
btc_return_le_1%,rel_btc_le_1%,next_open,scaled_exit_6_12,base,143,22.561879049676026,0.6356776120627713,-0.010580317688905149,0.4965034965034965,0.909018985249763,-1.3678098764054367,1.1734025862161348,1.4458769797947277,0.8947117489575475,0.32417671228263106,0.5555555555555556,0.625
btc_return_le_1%,symbol_zscore_le_-1,next_open,scaled_exit_6_12,base,779,122.90701943844493,-0.06700156671750818,-0.072633189254021,0.4865211810012837,-0.5219422047293887,-2.1744335436820825,-0.5801244604671828,0.9257543120666902,,,0.4166666666666667,0.375
btc_return_le_1%,symbol_zscore_le_-2,next_open,scaled_exit_6_12,base,687,108.39168466522679,-0.053658784206725235,-0.0912288438373853,0.4861717612809316,-0.36863584750020234,-1.8382790609049915,-0.4223787408247121,0.9404371723618755,,,0.5,0.375
btc_return_le_1%,rel_btc_le_-1_atr_equiv,next_open,scaled_exit_6_12,base,160,25.244060475161987,0.033522215705980817,-0.1915610564056485,0.45,0.053635545129569306,-1.4141307785068788,0.07186650205486082,1.023530920263339,9.322339136048978,2.891064358335333,0.45454545454545453,0.625
basket_return_le_3%,rel_btc_le_1%,next_open,scaled_exit_6_12,base,53,8.36209503239741,1.9776924816690522,0.941279435704159,0.660377358490566,1.0481770152845977,-1.0694567196803795,1.433212020919534,1.9141595336403554,0.4966303796943558,0.31736374149635976,1.0,0.75
basket_return_le_3%,symbol_zscore_le_-1,next_open,scaled_exit_6_12,base,64,10.097624190064796,1.8697976707197286,0.7965710948008156,0.671875,1.1966705092606262,-1.1450833654316257,1.6089105725823236,1.961899554227183,0.5636580858230812,0.2845023390222448,0.75,0.75
basket_return_le_3%,symbol_zscore_le_-2,next_open,scaled_exit_6_12,base,64,10.097624190064796,1.8697976707197286,0.7965710948008156,0.671875,1.1966705092606262,-1.1450833654316257,1.6089105725823236,1.961899554227183,0.5636580858230812,0.2845023390222448,0.75,0.75
basket_return_le_3%,rel_btc_le_-1_atr_equiv,next_open,scaled_exit_6_12,base,47,7.415442764578834,1.7179821890413778,0.8329254817036083,0.7021276595744681,0.8074516288494475,-1.0694567196803797,1.124868365698539,1.7269216904297695,0.4516408905944317,0.39414805069195963,1.0,0.75
basket_return_le_1%,rel_basket_le_1%,next_open,scaled_exit_6_12,base,49,7.730993520518359,2.291558860267117,0.6649000561594698,0.6122448979591837,1.1228638415308874,-0.3035221163274649,1.9861634045481353,3.1187748727024394,0.9256999934501223,0.33044872212769455,0.5,0.875
basket_return_le_1%,rel_btc_le_3%,next_open,scaled_exit_6_12,base,27,4.259935205183585,4.2632696539777015,2.87312739914263,0.6666666666666666,1.1510828065739795,-0.7060909061549852,1.7667384163762554,2.6182449617409485,0.8249387753993255,0.28533021175600515,1.0,0.8571428571428571
basket_return_le_1%,rel_basket_le_-1_atr_equiv,next_open,scaled_exit_6_12,base,80,12.622030237580994,0.26701931548063507,-0.40926727340437113,0.4625,0.21361545238450802,-0.4713190135709793,0.35539494576634517,1.1810830222698427,2.651736797184583,1.5442480804183383,0.4166666666666667,0.5
basket_return_le_2%,rel_basket_le_1%,next_open,scaled_exit_6_12,base,21,3.313282937365011,5.637368350427146,2.87312739914263,0.8571428571428571,1.1838473535897007,-0.23962738348212814,2.2667331889024673,5.9403675672901315,0.8295933980377974,0.27325792792579506,1.0,0.8571428571428571
basket_return_le_2%,rel_btc_le_3%,next_open,scaled_exit_6_12,base,24,3.7866090712742984,4.597213219105843,2.935679616960892,0.6666666666666666,1.1033311725854023,-0.706090906154985,1.6972201453318265,2.5625908264327992,0.8245010331551289,0.2817089593395079,1.0,0.8571428571428571
basket_return_le_2%,rel_basket_le_-1_atr_equiv,next_open,scaled_exit_6_12,base,26,4.102159827213823,2.274510512128517,0.3411009821567857,0.6538461538461539,0.5913727331534144,-0.42044646885236703,1.0267072423050339,2.188569171068154,0.9379087791384279,0.5539420926226435,0.6666666666666666,0.7142857142857143
basket_return_le_3%,rel_basket_le_1%,next_open,scaled_exit_6_12,base,11,1.7355291576673866,8.502950480303936,7.566139600848035,0.7272727272727273,0.935324552833433,-0.23962738348212814,1.8528473684999014,4.903245694385305,0.8117703467452295,0.3369384051150374,1.0,0.8333333333333334
basket_return_le_3%,rel_btc_le_2%,next_open,scaled_exit_6_12,base,35,5.522138228941685,3.1093816008683848,1.491137550754931,0.7142857142857143,1.0882835603039347,-0.8912845700518949,1.5929713330260946,2.2210281619040813,0.4988133076662179,0.28191113102648774,1.0,0.8571428571428571
basket_return_le_3%,rel_btc_le_3%,next_open,scaled_exit_6_12,base,21,3.313282937365011,4.388940319844579,2.30419174105301,0.6190476190476191,0.9216774671673617,-0.706090906154985,1.4192175789962878,2.3053240866482083,0.7899118859099574,0.3074165498147306,1.0,0.8571428571428571
basket_return_le_3%,rel_basket_le_-1_atr_equiv,next_open,scaled_exit_6_12,base,12,1.8933045356371492,5.2193826249374204,2.0309791013249,0.6666666666666666,0.6263259149924905,-0.414260123539585,1.099664948422889,2.5119145662414724,0.88556718617387,0.5312320945822427,1.0,0.6
basket_return_le_3%,bottom_1_performer,next_open,scaled_exit_6_12,base,8,1.2622030237580995,4.5900114591999674,0.41212071575287507,0.625,0.36720091673599736,-0.09902364480489684,0.9685459796488616,4.571960288215488,0.7144355501732977,0.9578925611253538,1.0,0.6666666666666666
basket_return_le_3%,bottom_2_performer,next_open,scaled_exit_6_12,base,16,2.524406047516199,4.115846056152155,0.7123275113253636,0.6875,0.6585353689843448,-0.23962738348212814,1.2965193126181733,3.5391836814677893,0.7089470873214601,0.49951321736358945,0.75,0.8571428571428571
basket_return_le_3%,bottom_3_performer,next_open,scaled_exit_6_12,base,24,3.7866090712742984,2.8607143970478015,0.7123275113253636,0.6666666666666666,0.6865714552914723,-0.46364564425361543,1.2081499918212042,2.3992524211822905,0.5535544873946432,0.44685698334570095,0.75,0.7142857142857143
breadth_down_1pct_ge_4,rel_basket_le_1%,next_open,scaled_exit_6_12,base,52,8.204319654427646,2.108444737753029,0.5241078152103029,0.5961538461538461,1.0963912636315751,-0.3126291433852914,1.9312436067714678,2.968455647199796,0.9480511978065229,0.32962052200595887,0.5,0.875
breadth_down_1pct_ge_4,rel_btc_le_3%,next_open,scaled_exit_6_12,base,27,4.259935205183585,4.2632696539777015,2.87312739914263,0.6666666666666666,1.1510828065739795,-0.7060909061549852,1.7667384163762554,2.6182449617409485,0.8249387753993255,0.28533021175600515,1.0,0.8571428571428571
breadth_down_1pct_ge_4,rel_basket_le_-1_atr_equiv,next_open,scaled_exit_6_12,base,99,15.619762419006479,-0.025948065683788803,-0.49244606540983277,0.43434343434343436,-0.025688585026950917,-0.6742044457185276,-0.04184723576951774,0.9825828071301683,,,0.4166666666666667,0.25
breadth_down_1pct_ge_5,rel_basket_le_1%,next_open,scaled_exit_6_12,base,49,7.730993520518359,2.291558860267117,0.6649000561594698,0.6122448979591837,1.1228638415308874,-0.3035221163274649,1.9861634045481353,3.1187748727024394,0.9256999934501223,0.33044872212769455,0.5,0.875
breadth_down_1pct_ge_5,rel_btc_le_3%,next_open,scaled_exit_6_12,base,27,4.259935205183585,4.2632696539777015,2.87312739914263,0.6666666666666666,1.1510828065739795,-0.7060909061549852,1.7667384163762554,2.6182449617409485,0.8249387753993255,0.28533021175600515,1.0,0.8571428571428571
breadth_down_1pct_ge_5,rel_basket_le_-1_atr_equiv,next_open,scaled_exit_6_12,base,80,12.622030237580994,0.26701931548063507,-0.40926727340437113,0.4625,0.21361545238450802,-0.4713190135709793,0.35539494576634517,1.1810830222698427,2.651736797184583,1.5442480804183383,0.4166666666666667,0.5
breadth_down_1pct_ge_6,rel_basket_le_1%,next_open,scaled_exit_6_12,base,42,6.626565874730022,2.741781530694184,0.7275971132508381,0.6666666666666666,1.1515482428915573,-0.2909229040257498,2.0702709846313256,3.7030990437687286,0.8711106077638858,0.3222174353942529,0.6,0.8571428571428571
breadth_down_1pct_ge_6,rel_btc_le_3%,next_open,scaled_exit_6_12,base,27,4.259935205183585,4.2632696539777015,2.87312739914263,0.6666666666666666,1.1510828065739795,-0.7060909061549852,1.7667384163762554,2.6182449617409485,0.8249387753993255,0.28533021175600515,1.0,0.8571428571428571
breadth_down_1pct_ge_6,rel_basket_le_-1_atr_equiv,next_open,scaled_exit_6_12,base,61,9.624298056155508,0.6945733998497662,0.06958311461125696,0.5081967213114754,0.4236897739083574,-0.47421114589919866,0.7228007519862478,1.5170183408247444,1.3369497930288783,0.7471246613944078,0.4166666666666667,0.5
breadth_down_2pct_ge_4,rel_basket_le_1%,next_open,scaled_exit_6_12,base,24,3.7866090712742984,4.975544833922089,1.6433773955343198,0.8333333333333334,1.1941307601413014,-0.23962738348212814,2.2609922754833147,5.833635493170964,0.8224492506216996,0.27913300322577084,1.0,0.8571428571428571
breadth_down_2pct_ge_4,rel_btc_le_3%,next_open,scaled_exit_6_12,base,25,3.9443844492440605,4.444830629778185,2.87312739914263,0.68,1.1112076574445462,-0.7060909061549852,1.7078869104557703,2.5737458842171224,0.8186567880579257,0.27971214412854584,1.0,0.8571428571428571
breadth_down_2pct_ge_4,rel_basket_le_-1_atr_equiv,next_open,scaled_exit_6_12,base,31,4.891036717062635,1.886078159268328,0.28158008296718334,0.6129032258064516,0.5846842293731818,-0.42675515881683745,1.0139072401709224,2.120211905370494,0.9486380003139439,0.5770839418481625,0.5833333333333334,0.7142857142857143
breadth_down_2pct_ge_5,rel_basket_le_1%,next_open,scaled_exit_6_12,base,21,3.313282937365011,5.637368350427146,2.87312739914263,0.8571428571428571,1.1838473535897007,-0.23962738348212814,2.2667331889024673,5.9403675672901315,0.8295933980377974,0.27325792792579506,1.0,0.8571428571428571
breadth_down_2pct_ge_5,rel_btc_le_3%,next_open,scaled_exit_6_12,base,24,3.7866090712742984,4.597213219105843,2.935679616960892,0.6666666666666666,1.1033311725854023,-0.706090906154985,1.6972201453318265,2.5625908264327992,0.8245010331551289,0.2817089593395079,1.0,0.8571428571428571
breadth_down_2pct_ge_5,rel_basket_le_-1_atr_equiv,next_open,scaled_exit_6_12,base,26,4.102159827213823,2.274510512128517,0.3411009821567857,0.6538461538461539,0.5913727331534144,-0.42044646885236703,1.0267072423050339,2.188569171068154,0.9379087791384279,0.5539420926226435,0.6666666666666666,0.7142857142857143
breadth_down_2pct_ge_6,rel_basket_le_1%,next_open,scaled_exit_6_12,base,19,2.997732181425486,6.160646819064386,2.998231834779155,0.8421052631578947,1.1705228956222333,-0.23962738348212817,2.2591947800476797,5.884762661983216,0.8390369402389665,0.276368515329546,1.0,0.8333333333333334
breadth_down_2pct_ge_6,rel_btc_le_3%,next_open,scaled_exit_6_12,base,24,3.7866090712742984,4.597213219105843,2.935679616960892,0.6666666666666666,1.1033311725854023,-0.706090906154985,1.6972201453318265,2.5625908264327992,0.8245010331551289,0.2817089593395079,1.0,0.8571428571428571
breadth_down_2pct_ge_6,rel_basket_le_-1_atr_equiv,next_open,scaled_exit_6_12,base,20,3.1555075593952484,3.123220043855719,0.6196616450106684,0.65,0.6246440087711438,-0.420446468852367,1.0909053870084036,2.381061109705286,0.8879516498666801,0.5215144024481339,0.7142857142857143,0.6666666666666666
breadth_down_2pct_ge_6,bottom_1_performer,next_open,scaled_exit_6_12,base,26,4.102159827213823,1.99496985913198,0.7309053574149705,0.6538461538461539,0.5186921633743148,-0.10520999011767876,1.3593271612695346,3.854985624224136,0.7211603048310345,0.749820541311147,0.7777777777777778,0.7142857142857143
btc_return_le_1%,bottom_3_performer,next_open,scaled_exit_6_12,base,303,47.80593952483802,0.11195364032127737,0.01463073229655228,0.504950495049505,0.3392195301734704,-0.7484140347536559,0.5129462175544133,1.1242857041583991,2.319483703524582,1.1652319285922297,0.4166666666666667,0.625
btc_return_le_1%,rel_btc_le_2%,next_open,scaled_exit_6_12,base,48,7.573218142548597,2.6839484724558607,0.6562469026168438,0.6875,1.2882952667788132,-0.909312774630213,1.8534235161602262,2.3723007522231656,0.6557455728242252,0.3046649494731326,0.8571428571428571,1.0
btc_return_le_1%,bottom_2_performer,next_open,scaled_exit_6_12,base,202,31.87062634989201,0.22411508247882714,0.050870570601648867,0.5198019801980198,0.45271246660723086,-0.4671718581553156,0.7796101430105453,1.260855287670926,1.543805962614027,0.7081028849169525,0.5833333333333334,0.75
basket_return_le_1%,rel_basket_le_2%,next_open,scaled_exit_6_12,base,13,2.0510799136069116,7.3178245396190835,4.509979394988031,0.6923076923076923,0.9513171901504808,-0.25222659578384327,1.8492367236526692,4.771676762294147,1.0049644088128211,0.37868185372486374,0.6666666666666666,0.8
breadth_down_1pct_ge_4,rel_basket_le_2%,next_open,scaled_exit_6_12,base,13,2.0510799136069116,7.3178245396190835,4.509979394988031,0.6923076923076923,0.9513171901504808,-0.25222659578384327,1.8492367236526692,4.771676762294147,1.0049644088128211,0.37868185372486374,0.6666666666666666,0.8
breadth_down_1pct_ge_5,rel_basket_le_2%,next_open,scaled_exit_6_12,base,13,2.0510799136069116,7.3178245396190835,4.509979394988031,0.6923076923076923,0.9513171901504808,-0.25222659578384327,1.8492367236526692,4.771676762294147,1.0049644088128211,0.37868185372486374,0.6666666666666666,0.8
btc_return_le_1%,rel_basket_le_1%,next_open,scaled_exit_6_12,base,26,4.102159827213823,4.296189645329122,1.021639156006004,0.7307692307692307,1.1170093077855716,-0.260010441415527,2.070333340985562,4.559892811438192,0.8792334513035825,0.2830088298314559,0.7142857142857143,0.8571428571428571
btc_return_le_1%,rel_basket_le_-1_atr_equiv,next_open,scaled_exit_6_12,base,40,6.311015118790497,0.9214768690329599,-0.40926727340437113,0.45,0.36859074761318394,-0.44082952678576576,0.6312902357404538,1.531013969104851,1.5047954452447438,0.8287953326382399,0.3333333333333333,0.5714285714285714
btc_return_le_1%,bottom_1_performer,next_open,scaled_exit_6_12,base,101,15.935313174946005,0.32726520101722306,0.20986925480150023,0.5445544554455446,0.3305378530273953,-0.2335427538389475,0.7856880693087606,1.4137899454233174,1.174027047931811,0.8949816731243155,0.5833333333333334,0.5
btc_return_le_1%,rel_basket_le_2%,next_open,scaled_exit_6_12,base,10,1.5777537796976242,9.109401236431717,7.646121571330713,0.7,0.9109401236431717,-0.09902364480489684,1.8072068021622527,4.80148591703465,1.0,0.34595771436244255,1.0,0.8
btc_return_le_1%,rel_btc_le_3%,next_open,scaled_exit_6_12,base,22,3.471058315334773,4.830507229813201,4.161088062056203,0.6363636363636364,1.0627115905589042,-0.5654871674777538,1.634434475769867,2.5050634150578364,0.8560155923682862,0.270794410809046,1.0,0.8571428571428571
basket_return_le_2%,rel_basket_le_2%,next_open,scaled_exit_6_12,base,10,1.5777537796976242,9.109401236431717,7.646121571330713,0.7,0.9109401236431717,-0.09902364480489684,1.8072068021622527,4.80148591703465,1.0,0.34595771436244255,1.0,0.8
btc_return_le_2%,rel_btc_le_1%,next_open,scaled_exit_6_12,base,23,3.6288336933045358,4.882475716648954,7.566139600848035,0.6086956521739131,1.1229694148292595,-0.6361897536251123,1.6341381319682113,2.4090027586689104,0.5464022690583064,0.2823925832162471,1.0,0.875
btc_return_le_2%,rel_basket_le_1%,next_open,scaled_exit_6_12,base,8,1.2622030237580995,11.437103021039222,10.727937093351905,0.75,0.9149682416831377,-0.06635572019687055,1.8947142869503317,5.4210022903071735,0.8327658907936496,0.3444346467336413,1.0,0.8333333333333334
btc_return_le_2%,rel_btc_le_2%,next_open,scaled_exit_6_12,base,17,2.682181425485961,7.254267447663827,8.285669515006958,0.7058823529411765,1.2332254661028506,-0.42618212415123724,1.9916070952344882,3.1758225583619977,0.6678427331073076,0.2498294190411895,1.0,1.0
btc_return_le_2%,rel_basket_le_2%,next_open,scaled_exit_6_12,base,6,0.9466522678185746,12.69923904721929,14.620100241665417,0.6666666666666666,0.7619543428331574,-0.06635572019687055,1.5544643305118306,4.681659910488419,1.0,0.4136032113483722,1.0,0.8
btc_return_le_2%,rel_btc_le_3%,next_open,scaled_exit_6_12,base,12,1.8933045356371492,9.681735238054594,10.565387270799699,0.75,1.1618082285665512,-0.24098846025432752,2.050633828733513,4.044633071167499,0.8682967678419956,0.2712554063121616,1.0,0.8571428571428571
btc_return_le_2%,symbol_zscore_le_-1,next_open,scaled_exit_6_12,base,40,6.311015118790497,2.891846251634609,0.68927250785922,0.575,1.1567385006538435,-0.7118163993763584,1.6167966580233222,2.1392794951661274,0.5145222923719529,0.2616339152008415,1.0,0.875
btc_return_le_2%,symbol_zscore_le_-2,next_open,scaled_exit_6_12,base,40,6.311015118790497,2.891846251634609,0.68927250785922,0.575,1.1567385006538435,-0.7118163993763584,1.6167966580233222,2.1392794951661274,0.5145222923719529,0.2616339152008415,1.0,0.875
btc_return_le_2%,rel_btc_le_-1_atr_equiv,next_open,scaled_exit_6_12,base,23,3.6288336933045358,3.869692073748322,0.9004766202120009,0.6521739130434783,0.890029176962114,-0.6361897536251123,1.3046554119765816,2.1435819731707273,0.6894077769901072,0.35630094173864457,1.0,0.875
btc_return_le_2%,rel_basket_le_-1_atr_equiv,next_open,scaled_exit_6_12,base,7,1.1044276457883369,8.390308611081435,13.720623902553818,0.5714285714285714,0.5873216027757004,-0.24098846025432752,1.0309095254347778,2.539134197240339,1.0,0.5365829583097896,1.0,0.6
btc_return_le_2%,bottom_2_performer,next_open,scaled_exit_6_12,base,10,1.5777537796976242,6.098976357450021,0.3766900841291161,0.5,0.6098976357450021,-0.06635572019687055,1.2090667861042488,3.6673818344065383,0.7698871261015491,0.48654699275333196,1.0,0.6666666666666666
btc_return_le_2%,bottom_3_performer,next_open,scaled_exit_6_12,base,15,2.3666306695464363,4.340808794515789,0.5791688957952701,0.5333333333333333,0.6511213191773684,-0.24098846025432752,1.1578932986321477,2.5586042188941387,0.6636640887659482,0.4648012803082174,1.0,0.6666666666666666
basket_return_le_3%,rel_basket_le_2%,next_open,scaled_exit_6_12,base,7,1.1044276457883369,10.418377403216159,13.720623902553818,0.5714285714285714,0.7292864182251311,-0.09902364480489684,1.4327701854064439,4.043418525994642,1.0,0.4321303060375196,1.0,0.8
breadth_down_1pct_ge_6,rel_basket_le_2%,next_open,scaled_exit_6_12,base,12,1.8933045356371492,8.032636687101633,4.916961842160641,0.75,0.9639164024521959,-0.23962738348212814,1.8984396468762643,5.022563650468965,0.9918286639390032,0.3737321578199606,1.0,0.8
breadth_down_2pct_ge_4,rel_basket_le_2%,next_open,scaled_exit_6_12,base,11,1.7355291576673866,8.35287825911196,5.323944289333252,0.7272727272727273,0.9188166085023156,-0.23962738348212814,1.8073059583980302,4.8343556364493825,0.9914275767478967,0.3429920184075974,1.0,0.8
breadth_down_2pct_ge_5,rel_basket_le_2%,next_open,scaled_exit_6_12,base,10,1.5777537796976242,9.109401236431717,7.646121571330713,0.7,0.9109401236431717,-0.09902364480489684,1.8072068021622527,4.80148591703465,1.0,0.34595771436244255,1.0,0.8
breadth_down_2pct_ge_6,rel_basket_le_2%,next_open,scaled_exit_6_12,base,10,1.5777537796976242,9.109401236431717,7.646121571330713,0.7,0.9109401236431717,-0.09902364480489684,1.8072068021622527,4.80148591703465,1.0,0.34595771436244255,1.0,0.8
basket_return_le_1%,rel_basket_le_3%,next_open,scaled_exit_6_12,base,4,0.6311015118790497,24.22284504268148,23.517126445220132,1.0,0.9689138017072593,0.0,4.298016180187925,inf,1.0,0.37295890835756584,1.0,1.0
btc_return_le_1%,rel_basket_le_3%,next_open,scaled_exit_6_12,base,4,0.6311015118790497,24.22284504268148,23.517126445220132,1.0,0.9689138017072593,0.0,4.298016180187925,inf,1.0,0.37295890835756584,1.0,1.0
basket_return_le_2%,rel_basket_le_3%,next_open,scaled_exit_6_12,base,4,0.6311015118790497,24.22284504268148,23.517126445220132,1.0,0.9689138017072593,0.0,4.298016180187925,inf,1.0,0.37295890835756584,1.0,1.0
btc_return_le_2%,rel_basket_le_3%,next_open,scaled_exit_6_12,base,4,0.6311015118790497,24.22284504268148,23.517126445220132,1.0,0.9689138017072593,0.0,4.298016180187925,inf,1.0,0.37295890835756584,1.0,1.0
btc_return_le_2%,bottom_1_performer,next_open,scaled_exit_6_12,base,5,0.7888768898488121,7.591690967105394,0.9022232183196779,0.6,0.37958454835526967,-0.001799500249874908,1.0134019981053064,6.569412671064079,0.7771899959013502,0.9757701349156438,1.0,0.5
basket_return_le_3%,rel_basket_le_3%,next_open,scaled_exit_6_12,base,4,0.6311015118790497,24.22284504268148,23.517126445220132,1.0,0.9689138017072593,0.0,4.298016180187925,inf,1.0,0.37295890835756584,1.0,1.0
breadth_down_1pct_ge_4,rel_basket_le_3%,next_open,scaled_exit_6_12,base,4,0.6311015118790497,24.22284504268148,23.517126445220132,1.0,0.9689138017072593,0.0,4.298016180187925,inf,1.0,0.37295890835756584,1.0,1.0
breadth_down_1pct_ge_5,rel_basket_le_3%,next_open,scaled_exit_6_12,base,4,0.6311015118790497,24.22284504268148,23.517126445220132,1.0,0.9689138017072593,0.0,4.298016180187925,inf,1.0,0.37295890835756584,1.0,1.0
breadth_down_1pct_ge_6,rel_basket_le_3%,next_open,scaled_exit_6_12,base,4,0.6311015118790497,24.22284504268148,23.517126445220132,1.0,0.9689138017072593,0.0,4.298016180187925,inf,1.0,0.37295890835756584,1.0,1.0
breadth_down_2pct_ge_4,rel_basket_le_3%,next_open,scaled_exit_6_12,base,4,0.6311015118790497,24.22284504268148,23.517126445220132,1.0,0.9689138017072593,0.0,4.298016180187925,inf,1.0,0.37295890835756584,1.0,1.0
breadth_down_2pct_ge_5,rel_basket_le_3%,next_open,scaled_exit_6_12,base,4,0.6311015118790497,24.22284504268148,23.517126445220132,1.0,0.9689138017072593,0.0,4.298016180187925,inf,1.0,0.37295890835756584,1.0,1.0
breadth_down_2pct_ge_6,rel_basket_le_3%,next_open,scaled_exit_6_12,base,4,0.6311015118790497,24.22284504268148,23.517126445220132,1.0,0.9689138017072593,0.0,4.298016180187925,inf,1.0,0.37295890835756584,1.0,1.0
btc_return_le_3%,rel_btc_le_1%,next_open,scaled_exit_6_12,base,6,0.9466522678185746,8.675942484794772,8.2343604742344,1.0,0.5205565490876863,0.0,15.184717814835423,inf,1.0,0.21310220570447735,1.0,1.0
btc_return_le_3%,rel_btc_le_2%,next_open,scaled_exit_6_12,base,5,0.7888768898488121,8.192496005663788,7.735250284149989,1.0,0.40962480028318937,0.0,21.966254199091217,inf,1.0,0.22939849689736555,1.0,1.0
btc_return_le_3%,symbol_zscore_le_-1,next_open,scaled_exit_6_12,base,8,1.2622030237580995,8.431412607634705,7.957104484649033,1.0,0.6745130086107763,0.0,18.452566817366108,inf,1.0,0.16446198574134466,1.0,1.0
btc_return_le_3%,symbol_zscore_le_-2,next_open,scaled_exit_6_12,base,8,1.2622030237580995,8.431412607634705,7.957104484649033,1.0,0.6745130086107763,0.0,18.452566817366108,inf,1.0,0.16446198574134466,1.0,1.0
btc_return_le_3%,rel_btc_le_-1_atr_equiv,next_open,scaled_exit_6_12,base,3,0.4733261339092873,8.011620183105613,7.735250284149989,1.0,0.24034860549316836,0.0,21.99714645284561,inf,1.0,0.3633668124014579,1.0,1.0
btc_return_le_3%,bottom_3_performer,next_open,scaled_exit_6_12,base,3,0.4733261339092873,8.011620183105613,7.735250284149989,1.0,0.24034860549316836,0.0,21.99714645284561,inf,1.0,0.3633668124014579,1.0,1.0
btc_return_le_3%,rel_basket_le_1%,next_open,scaled_exit_6_12,base,2,0.31555075593952486,7.650694942499012,7.650694942499012,1.0,0.15301389884998023,0.0,90.48150942466935,inf,1.0,0.5055259909254307,1.0,1.0
btc_return_le_3%,rel_btc_le_3%,next_open,scaled_exit_6_12,base,2,0.31555075593952486,7.650694942499012,7.650694942499012,1.0,0.15301389884998023,0.0,90.48150942466935,inf,1.0,0.5055259909254307,1.0,1.0
btc_return_le_3%,bottom_2_performer,next_open,scaled_exit_6_12,base,2,0.31555075593952486,7.650694942499012,7.650694942499012,1.0,0.15301389884998023,0.0,90.48150942466935,inf,1.0,0.5055259909254307,1.0,1.0
btc_return_le_3%,bottom_1_performer,next_open,scaled_exit_6_12,base,1,0.15777537796976243,7.735250284149989,7.735250284149989,1.0,0.07735250284149989,0.0,0.0,inf,1.0,1.0,1.0,1.0
basket_return_le_1%,rel_btc_le_1%,next_open,scaled_exit_6_12,stress,419,66.10788336933045,0.2557596724982964,0.16868964428239835,0.5441527446300716,1.0716330277678618,-1.6107818093962942,1.2644365826627109,1.2762635058508696,0.4813008604722012,0.34816547057823516,0.45454545454545453,0.625
basket_return_le_1%,rel_btc_le_2%,next_open,scaled_exit_6_12,stress,84,13.253131749460044,1.904582245892691,0.7685593946503301,0.7023809523809523,1.5998490865498605,-0.939979531034626,2.287972738421796,2.5416838296936386,0.5605395087041857,0.284082956626034,0.8888888888888888,1.0
basket_return_le_1%,symbol_zscore_le_-1,next_open,scaled_exit_6_12,stress,2014,317.75961123110153,-0.24301309931609033,-0.09944606604506231,0.4716981132075472,-4.894283820226059,-6.22449393329332,-4.335278809810243,0.7212276929558656,,,0.3333333333333333,0.0
basket_return_le_1%,symbol_zscore_le_-2,next_open,scaled_exit_6_12,stress,1717,270.9003239740821,-0.2824952551968405,-0.10684886287029668,0.46942341292952827,-4.850443531729751,-5.990695725437028,-4.491323627167371,0.6861292860322674,,,0.3333333333333333,0.0
basket_return_le_1%,rel_btc_le_-1_atr_equiv,next_open,scaled_exit_6_12,stress,655,103.34287257019439,-0.21960240562851766,-0.09415186321035204,0.47480916030534354,-1.4383957568667907,-2.3525509966177753,-1.6718047172101045,0.7717795810574104,,,0.3333333333333333,0.125
basket_return_le_1%,bottom_1_performer,next_open,scaled_exit_6_12,stress,259,40.863822894168464,-0.04840118728813505,0.021527610061044124,0.5135135135135135,-0.12535907507626978,-0.529777878185189,-0.2507959909201975,0.9450573620639198,,,0.5,0.375
basket_return_le_1%,bottom_2_performer,next_open,scaled_exit_6_12,stress,518,81.72764578833693,-0.10584024046193834,-0.03246717780334794,0.48841698841698844,-0.5482524455928406,-1.0670353472420973,-0.7851288456763664,0.8825339942396958,,,0.4166666666666667,0.125
basket_return_le_1%,bottom_3_performer,next_open,scaled_exit_6_12,stress,777,122.59146868250541,-0.12837612159236034,-0.022917514558552374,0.4929214929214929,-0.9974824647726397,-1.7799574530429783,-1.2515515202589544,0.8552532800594009,,,0.4166666666666667,0.25
basket_return_le_2%,rel_btc_le_1%,next_open,scaled_exit_6_12,stress,191,30.135097192224624,0.6890030380401537,0.461043094891227,0.5654450261780105,1.3159958026566936,-1.2449861903117658,1.6909759188038338,1.6050570855662978,0.6620049287567206,0.31400483511053207,0.6,0.625
basket_return_le_2%,rel_btc_le_2%,next_open,scaled_exit_6_12,stress,74,11.675377969762419,2.150025649979888,1.235695416568554,0.7297297297297297,1.5910189809851172,-0.9336081207302056,2.290915944307869,2.650923508243664,0.5538504537622427,0.30049193520541145,0.875,1.0
basket_return_le_2%,symbol_zscore_le_-1,next_open,scaled_exit_6_12,stress,287,45.281533477321815,0.2981521819338462,-0.08443671448678067,0.4843205574912892,0.8556967621501387,-1.4170436550587227,1.0446937919287622,1.2606509589270214,0.7586978117830109,0.4356946032235831,0.5,0.875
basket_return_le_2%,symbol_zscore_le_-2,next_open,scaled_exit_6_12,stress,269,42.441576673866095,0.23744551785656867,-0.11707575764322672,0.4795539033457249,0.6387284430341698,-1.4170436550587227,0.7897675258922617,1.199367134936089,0.7216798544381735,0.4506828092960083,0.5,0.75
basket_return_le_2%,rel_btc_le_-1_atr_equiv,next_open,scaled_exit_6_12,stress,188,29.661771058315335,0.2555490449149745,0.08162023692351764,0.526595744680851,0.480432204440152,-1.2887851815762907,0.6390575124505059,1.2070255401071486,0.9117122613252806,0.5182112594129651,0.4,0.75
basket_return_le_2%,bottom_1_performer,next_open,scaled_exit_6_12,stress,38,5.995464362850972,1.234781992162343,0.4855269730896689,0.6578947368421053,0.4692171570216903,-0.1402738897187998,1.1951292071831767,2.4796239182013546,0.7716838193727269,0.7681999004034996,0.7,0.5714285714285714
basket_return_le_2%,bottom_2_performer,next_open,scaled_exit_6_12,stress,76,11.990928725701943,0.9491354430822827,0.3156497481541166,0.5657894736842105,0.7213429367425349,-0.3092145160251962,1.331787341076321,1.9625400422905417,0.8659128679992559,0.47934833691459705,0.5,0.625
basket_return_le_2%,bottom_3_performer,next_open,scaled_exit_6_12,stress,114,17.986393088552916,0.7448700234271802,0.19038944368890326,0.543859649122807,0.8491518267069855,-0.5777280533858848,1.3831627019942263,1.6813802194053535,0.8114979476433308,0.596909514876647,0.6,0.625
breadth_down_1pct_ge_4,rel_btc_le_1%,next_open,scaled_exit_6_12,stress,465,73.36555075593952,0.21754258530090634,0.16058746289956866,0.5397849462365591,1.0115730216492145,-1.631726064634785,1.1774421033900202,1.235105080179257,0.597543393689906,0.37266831454044785,0.45454545454545453,0.625
breadth_down_1pct_ge_4,rel_btc_le_2%,next_open,scaled_exit_6_12,stress,85,13.410907127429805,1.8596477555758575,0.7355678467873595,0.6941176470588235,1.5807005922394788,-0.939979531034626,2.2573828045676603,2.4956336048916277,0.5673298443603264,0.2875243173146659,0.8888888888888888,1.0
breadth_down_1pct_ge_4,symbol_zscore_le_-1,next_open,scaled_exit_6_12,stress,2583,407.53380129589635,-0.3608026456703938,-0.21097700700212313,0.4363143631436314,-9.31953233766627,-10.097866226194085,-7.794452961715115,0.604957306518612,,,0.08333333333333333,0.0
breadth_down_1pct_ge_4,symbol_zscore_le_-2,next_open,scaled_exit_6_12,stress,2107,332.4327213822894,-0.3762214553409588,-0.19670986710538335,0.43996203132415757,-7.9269860640340015,-8.72216612445114,-7.030945580619698,0.594448042329873,,,0.08333333333333333,0.0
breadth_down_1pct_ge_4,rel_btc_le_-1_atr_equiv,next_open,scaled_exit_6_12,stress,797,125.74697624190065,-0.29086508147179146,-0.15093385339299367,0.45294855708908405,-2.318194699330178,-3.2932094865088777,-2.5987406437840006,0.700994748537013,,,0.25,0.0
breadth_down_1pct_ge_4,bottom_1_performer,next_open,scaled_exit_6_12,stress,334,52.69697624190065,-0.20681979930302358,-0.11063838321817107,0.47604790419161674,-0.6907781296720987,-0.9329765997496144,-1.3103889512772438,0.7780789593235361,,,0.08333333333333333,0.25
breadth_down_1pct_ge_4,bottom_2_performer,next_open,scaled_exit_6_12,stress,668,105.3939524838013,-0.254292061051676,-0.1659014480997932,0.4535928143712575,-1.6986709678251957,-1.943275568215793,-2.309748597696696,0.7318972978018854,,,0.08333333333333333,0.125
breadth_down_1pct_ge_4,bottom_3_performer,next_open,scaled_exit_6_12,stress,1002,158.09092872570196,-0.27550748939847225,-0.15969139235267146,0.4560878243512974,-2.7605850437726924,-3.271219135828166,-3.271622486729366,0.7071357820856339,,,0.25,0.125
breadth_down_1pct_ge_5,rel_btc_le_1%,next_open,scaled_exit_6_12,stress,419,66.10788336933045,0.2557596724982964,0.16868964428239835,0.5441527446300716,1.0716330277678618,-1.6107818093962942,1.2644365826627109,1.2762635058508696,0.4813008604722012,0.34816547057823516,0.45454545454545453,0.625
breadth_down_1pct_ge_5,rel_btc_le_2%,next_open,scaled_exit_6_12,stress,84,13.253131749460044,1.904582245892691,0.7685593946503301,0.7023809523809523,1.5998490865498605,-0.939979531034626,2.287972738421796,2.5416838296936386,0.5605395087041857,0.284082956626034,0.8888888888888888,1.0
breadth_down_1pct_ge_5,symbol_zscore_le_-1,next_open,scaled_exit_6_12,stress,2014,317.75961123110153,-0.24301309931609033,-0.09944606604506231,0.4716981132075472,-4.894283820226059,-6.22449393329332,-4.335278809810243,0.7212276929558656,,,0.3333333333333333,0.0
breadth_down_1pct_ge_5,symbol_zscore_le_-2,next_open,scaled_exit_6_12,stress,1717,270.9003239740821,-0.2824952551968405,-0.10684886287029668,0.46942341292952827,-4.850443531729751,-5.990695725437028,-4.491323627167371,0.6861292860322674,,,0.3333333333333333,0.0
breadth_down_1pct_ge_5,rel_btc_le_-1_atr_equiv,next_open,scaled_exit_6_12,stress,655,103.34287257019439,-0.21960240562851766,-0.09415186321035204,0.47480916030534354,-1.4383957568667907,-2.3525509966177753,-1.6718047172101045,0.7717795810574104,,,0.3333333333333333,0.125
breadth_down_1pct_ge_5,bottom_1_performer,next_open,scaled_exit_6_12,stress,259,40.863822894168464,-0.04840118728813505,0.021527610061044124,0.5135135135135135,-0.12535907507626978,-0.529777878185189,-0.2507959909201975,0.9450573620639198,,,0.5,0.375
breadth_down_1pct_ge_5,bottom_2_performer,next_open,scaled_exit_6_12,stress,518,81.72764578833693,-0.10584024046193834,-0.03246717780334794,0.48841698841698844,-0.5482524455928406,-1.0670353472420973,-0.7851288456763664,0.8825339942396958,,,0.4166666666666667,0.125
breadth_down_1pct_ge_5,bottom_3_performer,next_open,scaled_exit_6_12,stress,777,122.59146868250541,-0.12837612159236034,-0.022917514558552374,0.4929214929214929,-0.9974824647726397,-1.7799574530429783,-1.2515515202589544,0.8552532800594009,,,0.4166666666666667,0.25
breadth_down_1pct_ge_6,rel_btc_le_1%,next_open,scaled_exit_6_12,stress,372,58.692440604751624,0.3582896950370706,0.23306298350941795,0.5645161290322581,1.3328376655379026,-1.6087078141044628,1.5978521430806445,1.3962904846511264,0.3885524938744878,0.37418471593991187,0.5454545454545454,0.75
breadth_down_1pct_ge_6,rel_btc_le_2%,next_open,scaled_exit_6_12,stress,83,13.095356371490281,1.9448626581679684,0.8015509425133006,0.7108433734939759,1.6142360062794139,-0.9255926113050728,2.311087435516924,2.5774167713469565,0.5555436859833447,0.2904635856022022,0.8888888888888888,1.0
breadth_down_1pct_ge_6,symbol_zscore_le_-1,next_open,scaled_exit_6_12,stress,1538,242.6585313174946,-0.14368493880337987,-0.014563697670151175,0.4967490247074122,-2.2098743587959824,-3.709391787677639,-2.085221930957114,0.8274489086445163,,,0.4166666666666667,0.0
breadth_down_1pct_ge_6,symbol_zscore_le_-2,next_open,scaled_exit_6_12,stress,1356,213.94341252699783,-0.17730138969987078,-0.01592653300583988,0.49557522123893805,-2.404206844330248,-3.7871541261829336,-2.356742799467332,0.7907504853757056,,,0.4166666666666667,0.0
breadth_down_1pct_ge_6,rel_btc_le_-1_atr_equiv,next_open,scaled_exit_6_12,stress,537,84.72537796976242,-0.11951592709855785,0.00448475393064376,0.5027932960893855,-0.6418005285192556,-2.0934082661889697,-0.7717255882300763,0.8708400423542321,,,0.4166666666666667,0.375
breadth_down_1pct_ge_6,bottom_1_performer,next_open,scaled_exit_6_12,stress,197,31.0817494600432,0.09222045394063662,0.1012686084657201,0.5532994923857868,0.18167429426305415,-0.3615550189488061,0.3826381093611058,1.1121228595461812,0.6744550140620912,1.669423334350782,0.5833333333333334,0.375
breadth_down_1pct_ge_6,bottom_2_performer,next_open,scaled_exit_6_12,stress,394,62.1634989200864,0.030438413743986682,0.046684091513137384,0.5228426395939086,0.11992735015130752,-0.811086004072091,0.18150891673802189,1.0361822096059068,1.5123499007506742,2.3855934745527514,0.5833333333333334,0.25
breadth_down_1pct_ge_6,bottom_3_performer,next_open,scaled_exit_6_12,stress,591,93.2452483801296,-0.004647439179759621,0.03696709333605345,0.5194585448392555,-0.027466365552379357,-1.1622827236956785,-0.03658746157096452,0.994432976006804,,,0.5,0.5
breadth_down_2pct_ge_4,rel_btc_le_1%,next_open,scaled_exit_6_12,stress,207,32.65950323974082,0.6977882268338739,0.4868484931218043,0.5845410628019324,1.444421629546119,-1.2386111710818883,1.853615805170177,1.6561483621366457,0.6191512059852062,0.28031639848164563,0.6363636363636364,0.75
breadth_down_2pct_ge_4,rel_btc_le_2%,next_open,scaled_exit_6_12,stress,77,12.148704103671706,2.0725859846938155,0.8015509425133006,0.7272727272727273,1.5958912082142378,-0.9255926113050726,2.295369995280638,2.6403004919665274,0.5521595582627302,0.29380246972897284,0.8888888888888888,1.0
breadth_down_2pct_ge_4,symbol_zscore_le_-1,next_open,scaled_exit_6_12,stress,327,51.59254859611231,0.3232142040383657,0.02837799305967407,0.5107033639143731,1.0569104472054558,-1.3741823783005707,1.2867833958957255,1.3131321579448705,0.6841166619165596,0.35405296099413214,0.5,0.875
breadth_down_2pct_ge_4,symbol_zscore_le_-2,next_open,scaled_exit_6_12,stress,308,48.594816414686825,0.27011939068797497,0.008095887811281479,0.5064935064935064,0.831967723318963,-1.3821567830710948,1.0257475223462733,1.2524063960934158,0.642804066670754,0.3476622145917411,0.4166666666666667,0.875
breadth_down_2pct_ge_4,rel_btc_le_-1_atr_equiv,next_open,scaled_exit_6_12,stress,208,32.817278617710585,0.25745600831395254,0.13497912637405923,0.5384615384615384,0.5355084972930213,-1.2610389643460778,0.7114393622307231,1.2250742484259407,0.836665522924792,0.4493512297299725,0.4166666666666667,0.75
breadth_down_2pct_ge_4,bottom_1_performer,next_open,scaled_exit_6_12,stress,43,6.784341252699784,1.1742794426776244,0.6068311956649631,0.6744186046511628,0.5049401603513785,-0.1281876289788697,1.2862224926198547,2.5592318885435357,0.7369444588869279,0.713852059303113,0.6666666666666666,0.7142857142857143
breadth_down_2pct_ge_4,bottom_2_performer,next_open,scaled_exit_6_12,stress,86,13.568682505399568,0.8807958211666491,0.42452745438011813,0.5697674418604651,0.7574844062033183,-0.3154818534301677,1.3955588436272268,1.960793297257142,0.8551196726478633,0.5101985022556024,0.4166666666666667,0.625
breadth_down_2pct_ge_4,bottom_3_performer,next_open,scaled_exit_6_12,stress,129,20.35302375809935,0.7125482193254581,0.3985599810523866,0.5581395348837209,0.9191872029298409,-0.5774643266366744,1.4942067893032756,1.7109967017744614,0.7887136455130707,0.542362673687405,0.5,0.75
breadth_down_2pct_ge_5,rel_btc_le_1%,next_open,scaled_exit_6_12,stress,191,30.135097192224624,0.6890030380401537,0.461043094891227,0.5654450261780105,1.3159958026566936,-1.2449861903117658,1.6909759188038338,1.6050570855662978,0.6620049287567206,0.31400483511053207,0.6,0.625
breadth_down_2pct_ge_5,rel_btc_le_2%,next_open,scaled_exit_6_12,stress,74,11.675377969762419,2.150025649979888,1.235695416568554,0.7297297297297297,1.5910189809851172,-0.9336081207302056,2.290915944307869,2.650923508243664,0.5538504537622427,0.30049193520541145,0.875,1.0
breadth_down_2pct_ge_5,symbol_zscore_le_-1,next_open,scaled_exit_6_12,stress,287,45.281533477321815,0.2981521819338462,-0.08443671448678067,0.4843205574912892,0.8556967621501387,-1.4170436550587227,1.0446937919287622,1.2606509589270214,0.7586978117830109,0.4356946032235831,0.5,0.875
breadth_down_2pct_ge_5,symbol_zscore_le_-2,next_open,scaled_exit_6_12,stress,269,42.441576673866095,0.23744551785656867,-0.11707575764322672,0.4795539033457249,0.6387284430341698,-1.4170436550587227,0.7897675258922617,1.199367134936089,0.7216798544381735,0.4506828092960083,0.5,0.75
breadth_down_2pct_ge_5,rel_btc_le_-1_atr_equiv,next_open,scaled_exit_6_12,stress,188,29.661771058315335,0.2555490449149745,0.08162023692351764,0.526595744680851,0.480432204440152,-1.2887851815762907,0.6390575124505059,1.2070255401071486,0.9117122613252806,0.5182112594129651,0.4,0.75
breadth_down_2pct_ge_5,bottom_1_performer,next_open,scaled_exit_6_12,stress,38,5.995464362850972,1.234781992162343,0.4855269730896689,0.6578947368421053,0.4692171570216903,-0.1402738897187998,1.1951292071831767,2.4796239182013546,0.7716838193727269,0.7681999004034996,0.7,0.5714285714285714
breadth_down_2pct_ge_5,bottom_2_performer,next_open,scaled_exit_6_12,stress,76,11.990928725701943,0.9491354430822827,0.3156497481541166,0.5657894736842105,0.7213429367425349,-0.3092145160251962,1.331787341076321,1.9625400422905417,0.8659128679992559,0.47934833691459705,0.5,0.625
breadth_down_2pct_ge_5,bottom_3_performer,next_open,scaled_exit_6_12,stress,114,17.986393088552916,0.7448700234271802,0.19038944368890326,0.543859649122807,0.8491518267069855,-0.5777280533858848,1.3831627019942263,1.6813802194053535,0.8114979476433308,0.596909514876647,0.6,0.625
breadth_down_2pct_ge_6,rel_btc_le_1%,next_open,scaled_exit_6_12,stress,142,22.404103671706263,0.934318441660424,0.4639797692652204,0.5704225352112676,1.326732187157802,-1.1435682755199321,1.7532858426289195,1.8025707615326723,0.626569968884466,0.33224061161680835,0.5555555555555556,0.875
breadth_down_2pct_ge_6,rel_btc_le_2%,next_open,scaled_exit_6_12,stress,66,10.41317494600432,2.1919887971943,0.9653832197551383,0.696969696969697,1.446712606148238,-0.9376829501449879,2.083994319912009,2.501183756892543,0.5999430918583905,0.2924274574898413,0.75,1.0
breadth_down_2pct_ge_6,symbol_zscore_le_-1,next_open,scaled_exit_6_12,stress,203,32.02840172786177,0.5451436770444936,0.16868964428239835,0.5320197044334976,1.106641664400322,-1.2223352964626115,1.415479780572827,1.4832663361339296,0.7048594612070792,0.37413992957440995,0.5555555555555556,0.875
breadth_down_2pct_ge_6,symbol_zscore_le_-2,next_open,scaled_exit_6_12,stress,192,30.292872570194387,0.479853978985366,0.1646385535909835,0.53125,0.9213196396519027,-1.2223352964626115,1.192019851452259,1.4114258691371349,0.6454923969652825,0.3432639073457352,0.5555555555555556,0.875
breadth_down_2pct_ge_6,rel_btc_le_-1_atr_equiv,next_open,scaled_exit_6_12,stress,135,21.299676025917925,0.6139753484377845,0.4512416358022065,0.5851851851851851,0.8288667203910091,-1.1434771596095632,1.1334183904871329,1.506329307526106,0.6650042480271251,0.406287698015191,0.5555555555555556,0.75
breadth_down_2pct_ge_6,bottom_2_performer,next_open,scaled_exit_6_12,stress,52,8.204319654427646,1.534897264263929,0.43901225773460456,0.5961538461538461,0.798146577417243,-0.2611013941459641,1.5282532858489541,2.7506408001243483,0.8135210473690229,0.40381251420815795,0.6666666666666666,0.8571428571428571
breadth_down_2pct_ge_6,bottom_3_performer,next_open,scaled_exit_6_12,stress,78,12.30647948164147,1.1825942723441116,0.404834026441191,0.5641025641025641,0.9224235324284071,-0.5017055629960698,1.5622514792662983,2.1197065681060945,0.7648989459248239,0.4414360107521222,0.6666666666666666,0.8571428571428571
btc_return_le_1%,rel_btc_le_1%,next_open,scaled_exit_6_12,stress,143,22.561879049676026,0.4550122168156349,-0.19059977765095254,0.46853146853146854,0.6506674700463579,-1.4348541627080231,0.8407511633233729,1.2999929248505175,1.1408059918930524,0.3832691091935777,0.5555555555555556,0.625
btc_return_le_1%,symbol_zscore_le_-1,next_open,scaled_exit_6_12,stress,779,122.90701943844493,-0.24696463359888424,-0.2525906273244514,0.4338896020539153,-1.9238544957353083,-3.0698945052697217,-2.1404509448736304,0.7528250913507888,,,0.4166666666666667,0.125
btc_return_le_1%,symbol_zscore_le_-2,next_open,scaled_exit_6_12,stress,687,108.39168466522679,-0.23363518720921939,-0.2711676955371343,0.43522561863173215,-1.6050737361273373,-2.5306090282989997,-1.840915138083261,0.7658012232638941,,,0.4166666666666667,0.0
btc_return_le_1%,rel_btc_le_-1_atr_equiv,next_open,scaled_exit_6_12,stress,160,25.244060475161987,-0.1465413247712566,-0.3713996259837436,0.4125,-0.23446611963401057,-1.4901302687829787,-0.3144765010847379,0.9039646039396018,,,0.45454545454545453,0.625
basket_return_le_3%,rel_btc_le_1%,next_open,scaled_exit_6_12,stress,53,8.36209503239741,1.7956857415540712,0.7603085912052766,0.6226415094339622,0.9517134430236578,-1.0917917014373117,1.3026157006657388,1.8065299812781566,0.5350711961250199,0.3359401844253655,0.75,0.75
basket_return_le_3%,symbol_zscore_le_-1,next_open,scaled_exit_6_12,stress,64,10.097624190064796,1.687898771549145,0.6157448863971117,0.640625,1.0802552137914527,-1.169143058649432,1.453844584159902,1.8421192474010588,0.6104450329278497,0.3015147405716615,0.75,0.75
basket_return_le_3%,symbol_zscore_le_-2,next_open,scaled_exit_6_12,stress,64,10.097624190064796,1.687898771549145,0.6157448863971117,0.640625,1.0802552137914527,-1.169143058649432,1.453844584159902,1.8421192474010588,0.6104450329278497,0.3015147405716615,0.75,0.75
basket_return_le_3%,rel_btc_le_-1_atr_equiv,next_open,scaled_exit_6_12,stress,47,7.415442764578834,1.536235029558499,0.6520629370629517,0.6595744680851063,0.7220304638924946,-1.0917917014373115,1.006873718236146,1.6350172928211868,0.44971380737672284,0.4228842157806853,1.0,0.75
basket_return_le_1%,rel_basket_le_1%,next_open,scaled_exit_6_12,stress,49,7.730993520518359,2.109238410471524,0.48420545305753354,0.5714285714285714,1.0335268211310467,-0.32842295064439586,1.829969810066328,2.8305192966086885,0.9750990570190609,0.3464602447766527,0.4,0.875
basket_return_le_1%,rel_btc_le_3%,next_open,scaled_exit_6_12,stress,27,4.259935205183585,4.078978477766243,2.6902256711566035,0.6666666666666666,1.1013241889968857,-0.7197875705649572,1.692057659580755,2.515290502097024,0.8253856071216004,0.2913848874173189,1.0,0.8571428571428571
basket_return_le_1%,rel_basket_le_-1_atr_equiv,next_open,scaled_exit_6_12,stress,80,12.622030237580994,0.08672239447719603,-0.5888882454554277,0.45,0.06937791558175682,-0.5206421816999907,0.1155404685259753,1.0551935228671636,7.923026781968561,4.386717794545284,0.3333333333333333,0.5
basket_return_le_2%,rel_basket_le_1%,next_open,scaled_exit_6_12,stress,21,3.313282937365011,5.451703761538868,2.6902256711566035,0.8095238095238095,1.1448577899231622,-0.2447887767826922,2.1942723677643787,5.67122526228207,0.8365461903423969,0.2775641152988574,1.0,0.8571428571428571
basket_return_le_2%,rel_btc_le_3%,next_open,scaled_exit_6_12,stress,24,3.7866090712742984,4.412588266050788,2.7527153679862963,0.6666666666666666,1.0590211838521892,-0.7197875705649572,1.6306893382554284,2.4712968480700073,0.8241406824461301,0.2847026255783202,1.0,0.8571428571428571
basket_return_le_2%,rel_basket_le_-1_atr_equiv,next_open,scaled_exit_6_12,stress,26,4.102159827213823,2.092207102169662,0.160730016471979,0.6153846153846154,0.5439738465641122,-0.4290277340415525,0.9453609172490052,2.057572753368431,0.9921375853081426,0.5817504398791766,0.5555555555555556,0.7142857142857143
basket_return_le_3%,rel_basket_le_1%,next_open,scaled_exit_6_12,stress,11,1.7355291576673866,8.31442173992945,7.378547203649593,0.7272727272727273,0.9145863913922396,-0.24478877678269217,1.813578421493729,4.736226813225799,0.8135999519621249,0.3422656145629535,1.0,0.8333333333333334
basket_return_le_3%,rel_btc_le_2%,next_open,scaled_exit_6_12,stress,35,5.522138228941685,2.9262437366307052,1.3096171226580178,0.6857142857142857,1.0241853078207468,-0.9083967339559729,1.500647633983816,2.125565725507179,0.49610361773451855,0.288708302028357,1.0,0.8571428571428571
basket_return_le_3%,rel_btc_le_3%,next_open,scaled_exit_6_12,stress,21,3.313282937365011,4.204523535708414,2.1218586646836006,0.6190476190476191,0.8829499424987668,-0.7197875705649572,1.36094441930157,2.226681285710094,0.7890721390838106,0.31446268370888975,1.0,0.8571428571428571
basket_return_le_3%,rel_basket_le_-1_atr_equiv,next_open,scaled_exit_6_12,stress,12,1.8933045356371492,5.0341358130949985,1.848919101193646,0.6666666666666666,0.6040962975713998,-0.4210472716355713,1.0616967048115855,2.4347469708680665,0.8933954748118812,0.5442696305533226,1.0,0.6
basket_return_le_3%,bottom_1_performer,next_open,scaled_exit_6_12,stress,8,1.2622030237580995,4.405393704309336,0.231678765791123,0.625,0.3524314963447469,-0.10252527129765861,0.930519533997135,4.260262911214,0.7283068629500257,0.9817129447783604,0.75,0.6666666666666666
basket_return_le_3%,bottom_2_performer,next_open,scaled_exit_6_12,stress,16,2.524406047516199,3.9317022299372004,0.5315855044464736,0.625,0.6290723567899521,-0.2447887767826922,1.2397518963113847,3.341103148958269,0.7242383027548229,0.513800095452664,0.75,0.7142857142857143
basket_return_le_3%,bottom_3_performer,next_open,scaled_exit_6_12,stress,24,3.7866090712742984,2.6778250758666853,0.5315855044464736,0.5833333333333334,0.6426780182080044,-0.47218373183461504,1.1320428146298283,2.2682825682056853,0.5655586959235435,0.4600916676873439,0.75,0.5714285714285714
breadth_down_1pct_ge_4,rel_basket_le_1%,next_open,scaled_exit_6_12,stress,52,8.204319654427646,1.9263073106601094,0.3435539340587258,0.5384615384615384,1.0016798015432569,-0.34112147592180375,1.7661789485235513,2.6793871584979247,1.0061009787120783,0.3460481529848562,0.4,0.875
breadth_down_1pct_ge_4,rel_btc_le_3%,next_open,scaled_exit_6_12,stress,27,4.259935205183585,4.078978477766243,2.6902256711566035,0.6666666666666666,1.1013241889968857,-0.7197875705649572,1.692057659580755,2.515290502097024,0.8253856071216004,0.2913848874173189,1.0,0.8571428571428571
breadth_down_1pct_ge_4,rel_basket_le_-1_atr_equiv,next_open,scaled_exit_6_12,stress,99,15.619762419006479,-0.2059521655702108,-0.6719839001959448,0.41414141414141414,-0.20389264391450868,-0.7563236726952045,-0.332477641283789,0.8706755626058237,,,0.3333333333333333,0.25
breadth_down_1pct_ge_5,rel_basket_le_1%,next_open,scaled_exit_6_12,stress,49,7.730993520518359,2.109238410471524,0.48420545305753354,0.5714285714285714,1.0335268211310467,-0.32842295064439586,1.829969810066328,2.8305192966086885,0.9750990570190609,0.3464602447766527,0.4,0.875
breadth_down_1pct_ge_5,rel_btc_le_3%,next_open,scaled_exit_6_12,stress,27,4.259935205183585,4.078978477766243,2.6902256711566035,0.6666666666666666,1.1013241889968857,-0.7197875705649572,1.692057659580755,2.515290502097024,0.8253856071216004,0.2913848874173189,1.0,0.8571428571428571
breadth_down_1pct_ge_5,rel_basket_le_-1_atr_equiv,next_open,scaled_exit_6_12,stress,80,12.622030237580994,0.08672239447719603,-0.5888882454554277,0.45,0.06937791558175682,-0.5206421816999907,0.1155404685259753,1.0551935228671636,7.923026781968561,4.386717794545284,0.3333333333333333,0.5
breadth_down_1pct_ge_6,rel_basket_le_1%,next_open,scaled_exit_6_12,stress,42,6.626565874730022,2.5590110830021136,0.5468398443933837,0.6190476190476191,1.0747846548608877,-0.31403603091484256,1.9341974677468048,3.379093312458421,0.9055939295882184,0.3331606511247082,0.5,0.7142857142857143
breadth_down_1pct_ge_6,rel_btc_le_3%,next_open,scaled_exit_6_12,stress,27,4.259935205183585,4.078978477766243,2.6902256711566035,0.6666666666666666,1.1013241889968857,-0.7197875705649572,1.692057659580755,2.515290502097024,0.8253856071216004,0.2913848874173189,1.0,0.8571428571428571
breadth_down_1pct_ge_6,rel_basket_le_-1_atr_equiv,next_open,scaled_exit_6_12,stress,61,9.624298056155508,0.513849138218603,-0.11051646876146334,0.4918032786885246,0.31344797431334787,-0.5070609959044436,0.5352668848531786,1.3587255903346007,1.7536660890394038,0.9457052151179361,0.4166666666666667,0.375
breadth_down_2pct_ge_4,rel_basket_le_1%,next_open,scaled_exit_6_12,stress,24,3.7866090712742984,4.790541738134512,1.4617048035984506,0.7916666666666666,1.1497300171522828,-0.24478877678269217,2.179100988713323,5.521176593971804,0.8330011466658835,0.2833595228165726,0.8571428571428571,0.8571428571428571
breadth_down_2pct_ge_4,rel_btc_le_3%,next_open,scaled_exit_6_12,stress,25,3.9443844492440605,4.260357983235355,2.6902256711566035,0.68,1.0650894958088388,-0.7197875705649572,1.6386427500358622,2.4797275465216164,0.8194451683349415,0.28308054184386894,1.0,0.8571428571428571
breadth_down_2pct_ge_4,rel_basket_le_-1_atr_equiv,next_open,scaled_exit_6_12,stress,31,4.891036717062635,1.704162987737238,0.1012686084657201,0.5806451612903226,0.5282905261985438,-0.4353301184656758,0.9170308831683491,1.9708941531442106,1.0215910977704523,0.614193361144297,0.5,0.5714285714285714
breadth_down_2pct_ge_5,rel_basket_le_1%,next_open,scaled_exit_6_12,stress,21,3.313282937365011,5.451703761538868,2.6902256711566035,0.8095238095238095,1.1448577899231622,-0.2447887767826922,2.1942723677643787,5.67122526228207,0.8365461903423969,0.2775641152988574,1.0,0.8571428571428571
breadth_down_2pct_ge_5,rel_btc_le_3%,next_open,scaled_exit_6_12,stress,24,3.7866090712742984,4.412588266050788,2.7527153679862963,0.6666666666666666,1.0590211838521892,-0.7197875705649572,1.6306893382554284,2.4712968480700073,0.8241406824461301,0.2847026255783202,1.0,0.8571428571428571
breadth_down_2pct_ge_5,rel_basket_le_-1_atr_equiv,next_open,scaled_exit_6_12,stress,26,4.102159827213823,2.092207102169662,0.160730016471979,0.6153846153846154,0.5439738465641122,-0.4290277340415525,0.9453609172490052,2.057572753368431,0.9921375853081426,0.5817504398791766,0.5555555555555556,0.7142857142857143
breadth_down_2pct_ge_6,rel_basket_le_1%,next_open,scaled_exit_6_12,stress,19,2.997732181425486,5.974459212954573,2.815205064815989,0.7894736842105263,1.1351472504613689,-0.24478877678269215,2.1931092124348144,5.631604518427619,0.8437023674723957,0.2799385185260086,1.0,0.8333333333333334
breadth_down_2pct_ge_6,rel_btc_le_3%,next_open,scaled_exit_6_12,stress,24,3.7866090712742984,4.412588266050788,2.7527153679862963,0.6666666666666666,1.0590211838521892,-0.7197875705649572,1.6306893382554284,2.4712968480700073,0.8241406824461301,0.2847026255783202,1.0,0.8571428571428571
breadth_down_2pct_ge_6,rel_basket_le_-1_atr_equiv,next_open,scaled_exit_6_12,stress,20,3.1555075593952484,2.9400683480839027,0.43901225773460456,0.65,0.5880136696167805,-0.4290277340415525,1.02796002090487,2.266062501745726,0.9178305309681504,0.5381401204886426,0.7142857142857143,0.6666666666666666
breadth_down_2pct_ge_6,bottom_1_performer,next_open,scaled_exit_6_12,stress,26,4.102159827213823,1.8129458502652782,0.5501447819649997,0.6538461538461539,0.4713659210689723,-0.11050573370363978,1.236536053646995,3.384241886395656,0.7660380324800009,0.8051829547571804,0.7777777777777778,0.7142857142857143
btc_return_le_1%,bottom_3_performer,next_open,scaled_exit_6_12,stress,303,47.80593952483802,-0.06818829242363911,-0.1654139261288555,0.46204620462046203,-0.2066105260436265,-1.0584523755620385,-0.31273588800795665,0.9313642401929164,,,0.4166666666666667,0.5
btc_return_le_1%,rel_btc_le_2%,next_open,scaled_exit_6_12,stress,48,7.573218142548597,2.5012358289488374,0.47556094834837365,0.6458333333333334,1.200593197895442,-0.9336081207302058,1.7289778560090758,2.241972962941061,0.6654560746953527,0.3145975737365897,0.8571428571428571,1.0
btc_return_le_1%,bottom_2_performer,next_open,scaled_exit_6_12,stress,202,31.87062634989201,0.04386104428842336,-0.1292103095693091,0.4752475247524752,0.08859930946261518,-0.6384819898037017,0.1527283495141759,1.046197725832477,7.555328054806872,3.0862406179148407,0.4166666666666667,0.5
basket_return_le_1%,rel_basket_le_2%,next_open,scaled_exit_6_12,stress,13,2.0510799136069116,7.130480333510411,4.325441632205555,0.6923076923076923,0.9269624433563535,-0.25917569651224553,1.8036970642723842,4.5765793468700355,1.0089740504941966,0.3843584949923013,0.6666666666666666,0.8
breadth_down_1pct_ge_4,rel_basket_le_2%,next_open,scaled_exit_6_12,stress,13,2.0510799136069116,7.130480333510411,4.325441632205555,0.6923076923076923,0.9269624433563535,-0.25917569651224553,1.8036970642723842,4.5765793468700355,1.0089740504941966,0.3843584949923013,0.6666666666666666,0.8
breadth_down_1pct_ge_5,rel_basket_le_2%,next_open,scaled_exit_6_12,stress,13,2.0510799136069116,7.130480333510411,4.325441632205555,0.6923076923076923,0.9269624433563535,-0.25917569651224553,1.8036970642723842,4.5765793468700355,1.0089740504941966,0.3843584949923013,0.6666666666666666,0.8
btc_return_le_1%,rel_basket_le_1%,next_open,scaled_exit_6_12,stress,26,4.102159827213823,4.111865565561637,0.8405879919064736,0.6923076923076923,1.0690850470460256,-0.2669517621843872,1.9834900860411504,4.275753729677649,0.8958374502480587,0.2869800026974852,0.7142857142857143,0.8571428571428571
btc_return_le_1%,rel_basket_le_-1_atr_equiv,next_open,scaled_exit_6_12,stress,40,6.311015118790497,0.7405258172143103,-0.5888882454554277,0.425,0.29621032688572413,-0.45119071944324746,0.5078309117234756,1.4034770010387956,1.8220056818245631,0.9816624482871988,0.3333333333333333,0.5714285714285714
btc_return_le_1%,bottom_1_performer,next_open,scaled_exit_6_12,stress,101,15.935313174946005,0.14690806420604233,0.029629455326545408,0.5247524752475248,0.14837714484810274,-0.30172074098053026,0.35304515935313585,1.1680105865628272,2.5156846815010754,1.8340138491849571,0.4166666666666667,0.375
btc_return_le_1%,rel_basket_le_2%,next_open,scaled_exit_6_12,stress,10,1.5777537796976242,8.920266348072017,7.458449232092823,0.7,0.8920266348072017,-0.1025252712976586,1.7714550540712433,4.644066719607353,1.0,0.35092166658054547,1.0,0.8
btc_return_le_1%,rel_btc_le_3%,next_open,scaled_exit_6_12,stress,22,3.471058315334773,4.64564909921962,3.9768990164224456,0.6363636363636364,1.0220428018283163,-0.5775240650799236,1.573459162722715,2.4199228267113875,0.8539587966605167,0.27424245289682714,1.0,0.8571428571428571
basket_return_le_2%,rel_basket_le_2%,next_open,scaled_exit_6_12,stress,10,1.5777537796976242,8.920266348072017,7.458449232092823,0.7,0.8920266348072017,-0.1025252712976586,1.7714550540712433,4.644066719607353,1.0,0.35092166658054547,1.0,0.8
btc_return_le_2%,rel_btc_le_1%,next_open,scaled_exit_6_12,stress,23,3.6288336933045358,4.697565643513836,7.378547203649593,0.6086956521739131,1.0804400980081823,-0.6463556835894699,1.5738227707780428,2.3299328382773123,0.5440149304251785,0.2865499653195733,1.0,0.75
btc_return_le_2%,rel_basket_le_1%,next_open,scaled_exit_6_12,stress,8,1.2622030237580995,11.245641593001485,10.53718447719032,0.75,0.8996513274401188,-0.06808969795478337,1.8648599824949093,5.2768605979300585,0.8340908793319163,0.3479475478699989,1.0,0.8333333333333334
btc_return_le_2%,rel_btc_le_2%,next_open,scaled_exit_6_12,stress,17,2.682181425485961,7.066986766916199,8.097357947120114,0.7058823529411765,1.2013877503757537,-0.4329573561986781,1.9421316897184304,3.08856776657788,0.6668736816125401,0.25169822017425364,1.0,1.0
btc_return_le_2%,rel_basket_le_2%,next_open,scaled_exit_6_12,stress,6,0.9466522678185746,12.506516113277577,14.425457405520397,0.6666666666666666,0.7503909667966546,-0.06808969795478337,1.5324055081535892,4.567290416907508,1.0,0.4171578379429053,1.0,0.8
btc_return_le_2%,rel_btc_le_3%,next_open,scaled_exit_6_12,stress,12,1.8933045356371492,9.492028301431382,10.374797123307584,0.75,1.1390433961717659,-0.2443481928076625,2.012464530419469,3.946220720174429,0.8689598999080135,0.27481962001873916,1.0,0.8571428571428571
btc_return_le_2%,symbol_zscore_le_-1,next_open,scaled_exit_6_12,stress,40,6.311015118790497,2.7089258141415007,0.5085535444735713,0.575,1.0835703256566003,-0.7237070408015902,1.5160433152491295,2.0369938596630264,0.522133225161655,0.27071434420596396,1.0,0.875
btc_return_le_2%,symbol_zscore_le_-2,next_open,scaled_exit_6_12,stress,40,6.311015118790497,2.7089258141415007,0.5085535444735713,0.575,1.0835703256566003,-0.7237070408015902,1.5160433152491295,2.0369938596630264,0.522133225161655,0.27071434420596396,1.0,0.875
btc_return_le_2%,rel_btc_le_-1_atr_equiv,next_open,scaled_exit_6_12,stress,23,3.6288336933045358,3.6857942786232374,0.7195465581577732,0.6521739130434783,0.8477326840833446,-0.6463556835894699,1.243898083028578,2.070496020202669,0.6933501040862396,0.365209550636699,1.0,0.75
btc_return_le_2%,rel_basket_le_-1_atr_equiv,next_open,scaled_exit_6_12,stress,7,1.1044276457883369,8.20189245633965,13.526880093683797,0.5714285714285714,0.5741324719437755,-0.2443481928076625,1.0087672689136624,2.485036470647898,1.0,0.5452251677404407,1.0,0.6
btc_return_le_2%,bottom_2_performer,next_open,scaled_exit_6_12,stress,10,1.5777537796976242,5.912850391012805,0.19628354711021434,0.5,0.5912850391012805,-0.06808969795478337,1.1733417561352593,3.4904259365567794,0.7811491719599071,0.4952715607234983,1.0,0.6666666666666666
btc_return_le_2%,bottom_3_performer,next_open,scaled_exit_6_12,stress,15,2.3666306695464363,4.156440117875255,0.3985599810523866,0.5333333333333333,0.6234660176812883,-0.2443481928076625,1.109822964067976,2.45011051384877,0.6750843074583782,0.4704956193155693,1.0,0.6666666666666666
basket_return_le_3%,rel_basket_le_2%,next_open,scaled_exit_6_12,stress,7,1.1044276457883369,10.227934192196846,13.526880093683797,0.5714285714285714,0.7159553934537792,-0.1025252712976586,1.4079870807577781,3.9247884762680876,1.0,0.4372220339184966,1.0,0.8
breadth_down_1pct_ge_6,rel_basket_le_2%,next_open,scaled_exit_6_12,stress,12,1.8933045356371492,7.844578025715888,4.732017300117229,0.75,0.9413493630859067,-0.24478877678269217,1.8558486376354428,4.845557690422942,0.9935536027381411,0.3784842308437616,1.0,0.8
breadth_down_2pct_ge_4,rel_basket_le_2%,next_open,scaled_exit_6_12,stress,11,1.7355291576673866,8.164499516035011,5.138592968028903,0.7272727272727273,0.8980949467638513,-0.24478877678269217,1.7683140232683423,4.668856712173217,0.9932431287153816,0.3485505340484769,1.0,0.8
breadth_down_2pct_ge_5,rel_basket_le_2%,next_open,scaled_exit_6_12,stress,10,1.5777537796976242,8.920266348072017,7.458449232092823,0.7,0.8920266348072017,-0.1025252712976586,1.7714550540712433,4.644066719607353,1.0,0.35092166658054547,1.0,0.8
breadth_down_2pct_ge_6,rel_basket_le_2%,next_open,scaled_exit_6_12,stress,10,1.5777537796976242,8.920266348072017,7.458449232092823,0.7,0.8920266348072017,-0.1025252712976586,1.7714550540712433,4.644066719607353,1.0,0.35092166658054547,1.0,0.8
basket_return_le_1%,rel_basket_le_3%,next_open,scaled_exit_6_12,stress,4,0.6311015118790497,24.018604255911786,23.313591024717443,1.0,0.9607441702364714,0.0,4.266040325929492,inf,1.0,0.3738805396205242,1.0,1.0
btc_return_le_1%,rel_basket_le_3%,next_open,scaled_exit_6_12,stress,4,0.6311015118790497,24.018604255911786,23.313591024717443,1.0,0.9607441702364714,0.0,4.266040325929492,inf,1.0,0.3738805396205242,1.0,1.0
basket_return_le_2%,rel_basket_le_3%,next_open,scaled_exit_6_12,stress,4,0.6311015118790497,24.018604255911786,23.313591024717443,1.0,0.9607441702364714,0.0,4.266040325929492,inf,1.0,0.3738805396205242,1.0,1.0
btc_return_le_2%,rel_basket_le_3%,next_open,scaled_exit_6_12,stress,4,0.6311015118790497,24.018604255911786,23.313591024717443,1.0,0.9607441702364714,0.0,4.266040325929492,inf,1.0,0.3738805396205242,1.0,1.0
btc_return_le_2%,bottom_1_performer,next_open,scaled_exit_6_12,stress,5,0.7888768898488121,7.404073031297225,0.721291410539331,0.6,0.37020365156486124,-0.003598001998001865,0.9893460490246215,6.164116742602758,0.7863613706130529,0.9897699856871356,1.0,0.5
basket_return_le_3%,rel_basket_le_3%,next_open,scaled_exit_6_12,stress,4,0.6311015118790497,24.018604255911786,23.313591024717443,1.0,0.9607441702364714,0.0,4.266040325929492,inf,1.0,0.3738805396205242,1.0,1.0
breadth_down_1pct_ge_4,rel_basket_le_3%,next_open,scaled_exit_6_12,stress,4,0.6311015118790497,24.018604255911786,23.313591024717443,1.0,0.9607441702364714,0.0,4.266040325929492,inf,1.0,0.3738805396205242,1.0,1.0
breadth_down_1pct_ge_5,rel_basket_le_3%,next_open,scaled_exit_6_12,stress,4,0.6311015118790497,24.018604255911786,23.313591024717443,1.0,0.9607441702364714,0.0,4.266040325929492,inf,1.0,0.3738805396205242,1.0,1.0
breadth_down_1pct_ge_6,rel_basket_le_3%,next_open,scaled_exit_6_12,stress,4,0.6311015118790497,24.018604255911786,23.313591024717443,1.0,0.9607441702364714,0.0,4.266040325929492,inf,1.0,0.3738805396205242,1.0,1.0
breadth_down_2pct_ge_4,rel_basket_le_3%,next_open,scaled_exit_6_12,stress,4,0.6311015118790497,24.018604255911786,23.313591024717443,1.0,0.9607441702364714,0.0,4.266040325929492,inf,1.0,0.3738805396205242,1.0,1.0
breadth_down_2pct_ge_5,rel_basket_le_3%,next_open,scaled_exit_6_12,stress,4,0.6311015118790497,24.018604255911786,23.313591024717443,1.0,0.9607441702364714,0.0,4.266040325929492,inf,1.0,0.3738805396205242,1.0,1.0
breadth_down_2pct_ge_6,rel_basket_le_3%,next_open,scaled_exit_6_12,stress,4,0.6311015118790497,24.018604255911786,23.313591024717443,1.0,0.9607441702364714,0.0,4.266040325929492,inf,1.0,0.3738805396205242,1.0,1.0
btc_return_le_3%,rel_btc_le_1%,next_open,scaled_exit_6_12,stress,6,0.9466522678185746,8.487240838782158,8.046100189772249,1.0,0.5092344503269295,0.0,14.869312271447818,inf,1.0,0.21408718914926236,1.0,1.0
btc_return_le_3%,rel_btc_le_2%,next_open,scaled_exit_6_12,stress,5,0.7888768898488121,8.00427756476935,7.547488860696844,1.0,0.4002138782384675,0.0,21.483062986637243,inf,1.0,0.2300597198975029,1.0,1.0
btc_return_le_3%,symbol_zscore_le_-1,next_open,scaled_exit_6_12,stress,8,1.2622030237580995,8.242955369417556,7.769121317756239,1.0,0.6594364295534045,0.0,18.05816790885289,inf,1.0,0.1653238541314663,1.0,1.0
btc_return_le_3%,symbol_zscore_le_-2,next_open,scaled_exit_6_12,stress,8,1.2622030237580995,8.242955369417556,7.769121317756239,1.0,0.6594364295534045,0.0,18.05816790885289,inf,1.0,0.1653238541314663,1.0,1.0
btc_return_le_3%,rel_btc_le_-1_atr_equiv,next_open,scaled_exit_6_12,stress,3,0.4733261339092873,7.8235825277313635,7.547488860696844,1.0,0.2347074758319409,0.0,21.502351506849305,inf,1.0,0.3640579188438794,1.0,1.0
btc_return_le_3%,bottom_3_performer,next_open,scaled_exit_6_12,stress,3,0.4733261339092873,7.8235825277313635,7.547488860696844,1.0,0.2347074758319409,0.0,21.502351506849305,inf,1.0,0.3640579188438794,1.0,1.0
btc_return_le_3%,rel_basket_le_1%,next_open,scaled_exit_6_12,stress,2,0.31555075593952486,7.463018032173219,7.463018032173219,1.0,0.14926036064346437,0.0,88.35024069979302,inf,1.0,0.5056592941461129,1.0,1.0
btc_return_le_3%,rel_btc_le_3%,next_open,scaled_exit_6_12,stress,2,0.31555075593952486,7.463018032173219,7.463018032173219,1.0,0.14926036064346437,0.0,88.35024069979302,inf,1.0,0.5056592941461129,1.0,1.0
btc_return_le_3%,bottom_2_performer,next_open,scaled_exit_6_12,stress,2,0.31555075593952486,7.463018032173219,7.463018032173219,1.0,0.14926036064346437,0.0,88.35024069979302,inf,1.0,0.5056592941461129,1.0,1.0
btc_return_le_3%,bottom_1_performer,next_open,scaled_exit_6_12,stress,1,0.15777537796976243,7.547488860696844,7.547488860696844,1.0,0.07547488860696844,0.0,0.0,inf,1.0,1.0,1.0,1.0
