timeframe,param_id,exit_model,friction_case,entry_mode,funding_z_min,reaction_atr_min,body_min,close_loc_long_min,close_loc_short_max,funding_z_lookback,stop_atr_mult,target_r,max_hold_bars,taker_fee_bps_per_side,slippage_bps_per_side,symbol,total_trades,trades_per_year,win_rate,ev_per_trade_r,total_ev_r,max_drawdown_r,max_losing_streak,profit_factor,average_win_r,average_loss_r
15m,fz1.5_react0.25_body0.25_cl0.6_cs0.4,model_a,base,next_close,1.5,0.25,0.25,0.6,0.4,90,1.0,1.5,8,4.0,5.0,ADAUSDT,375,418.93140472170006,0.3253333333333333,-0.41332075886352915,-154.99528457382343,,,0.45961739426306386,1.0805721005241813,-1.1336959716908046
15m,fz1.5_react0.25_body0.25_cl0.6_cs0.4,model_a,base,next_close,1.5,0.25,0.25,0.6,0.4,90,1.0,1.5,8,4.0,5.0,AVAXUSDT,430,473.5402010050251,0.3488372093023256,-0.41625340546587475,-178.98896435032614,,,0.46760820505251927,1.0480590815306345,-1.2007065234997192
15m,fz1.5_react0.25_body0.25_cl0.6_cs0.4,model_a,base,next_close,1.5,0.25,0.25,0.6,0.4,90,1.0,1.5,8,4.0,5.0,BNBUSDT,445,492.00605410859555,0.3348314606741573,-0.6444969742260329,-286.80115353058466,,,0.31010096967730966,0.8651914421886379,-1.404441481137472
15m,fz1.5_react0.25_body0.25_cl0.6_cs0.4,model_a,base,next_close,1.5,0.25,0.25,0.6,0.4,90,1.0,1.5,8,4.0,5.0,BTCUSDT,731,811.6718072136547,0.24350205198358413,-0.9181396759890433,-671.1601031479906,,,0.1877979576194671,0.8718322247088666,-1.4942969966476836
15m,fz1.5_react0.25_body0.25_cl0.6_cs0.4,model_a,base,next_close,1.5,0.25,0.25,0.6,0.4,90,1.0,1.5,8,4.0,5.0,ETHUSDT,548,602.9960459423837,0.36678832116788324,-0.4331112457834685,-237.34496268934072,,,0.45839290828902624,0.9993957753908985,-1.2628919698642977
15m,fz1.5_react0.25_body0.25_cl0.6_cs0.4,model_a,base,next_close,1.5,0.25,0.25,0.6,0.4,90,1.0,1.5,8,4.0,5.0,LINKUSDT,402,442.7745563059526,0.4129353233830846,-0.2672180637957818,-107.42166164590428,,,0.6239935463998749,1.0739117074394091,-1.210555106274772
15m,fz1.5_react0.25_body0.25_cl0.6_cs0.4,model_a,base,next_close,1.5,0.25,0.25,0.6,0.4,90,1.0,1.5,8,4.0,5.0,LTCUSDT,462,508.7644232279137,0.36147186147186144,-0.4394537210431691,-203.02761912194413,,,0.4491786206789251,0.9913954910590682,-1.2494598851824017
15m,fz1.5_react0.25_body0.25_cl0.6_cs0.4,model_a,base,next_close,1.5,0.25,0.25,0.6,0.4,90,1.0,1.5,8,4.0,5.0,SOLUSDT,429,511.49158420891564,0.3543123543123543,-0.3933993842054531,-168.7683358241394,,,0.47574418755209263,1.0075755418286876,-1.1621654085996387
15m,fz1.5_react0.25_body0.25_cl0.6_cs0.4,model_a,base,next_close,1.5,0.25,0.25,0.6,0.4,90,1.0,1.5,8,4.0,5.0,XRPUSDT,443,513.0921582876396,0.3724604966139955,-0.3466097376001013,-153.54811375684486,,,0.5311302218980269,1.0541667533106704,-1.1780058563061349
15m,fz1.5_react0.25_body0.25_cl0.7_cs0.3,model_a,base,next_close,1.5,0.25,0.25,0.7,0.3,90,1.0,1.5,8,4.0,5.0,ADAUSDT,334,373.12823780546086,0.3263473053892216,-0.40920162141551203,-136.673341552781,,,0.46391681836844817,1.0850887219100247,-1.1331022766265497
15m,fz1.5_react0.25_body0.25_cl0.7_cs0.3,model_a,base,next_close,1.5,0.25,0.25,0.7,0.3,90,1.0,1.5,8,4.0,5.0,AVAXUSDT,404,444.9075376884422,0.3341584158415842,-0.4402090061669736,-177.84443849145734,,,0.44041143220117523,1.0368030605471383,-1.1814604151127175
15m,fz1.5_react0.25_body0.25_cl0.7_cs0.3,model_a,base,next_close,1.5,0.25,0.25,0.7,0.3,90,1.0,1.5,8,4.0,5.0,BNBUSDT,415,458.8371066406003,0.3469879518072289,-0.6190465251462934,-256.90430793571176,,,0.3241354283319223,0.8556097316740234,-1.4026277095821813
15m,fz1.5_react0.25_body0.25_cl0.7_cs0.3,model_a,base,next_close,1.5,0.25,0.25,0.7,0.3,90,1.0,1.5,8,4.0,5.0,BTCUSDT,689,765.0367649387251,0.23802612481857766,-0.9325652837122759,-642.5374804777581,,,0.18120327321004878,0.8670508303435134,-1.494731079341132
15m,fz1.5_react0.25_body0.25_cl0.7_cs0.3,model_a,base,next_close,1.5,0.25,0.25,0.7,0.3,90,1.0,1.5,8,4.0,5.0,ETHUSDT,496,545.7774430427415,0.36088709677419356,-0.4315033130724761,-214.02564328394814,,,0.4537915588339114,0.9933694182265419,-1.2360844452570952
15m,fz1.5_react0.25_body0.25_cl0.7_cs0.3,model_a,base,next_close,1.5,0.25,0.25,0.7,0.3,90,1.0,1.5,8,4.0,5.0,LINKUSDT,370,407.52882048060314,0.4243243243243243,-0.2370989190090865,-87.726600033362,,,0.6604542607599448,1.0868662593257001,-1.2129793556220516
15m,fz1.5_react0.25_body0.25_cl0.7_cs0.3,model_a,base,next_close,1.5,0.25,0.25,0.7,0.3,90,1.0,1.5,8,4.0,5.0,LTCUSDT,433,476.8889028488865,0.3672055427251732,-0.4328186527503764,-187.41047664091298,,,0.4559608170828553,0.9878570064178683,-1.257225330880854
15m,fz1.5_react0.25_body0.25_cl0.7_cs0.3,model_a,base,next_close,1.5,0.25,0.25,0.7,0.3,90,1.0,1.5,8,4.0,5.0,SOLUSDT,408,486.4535346322554,0.3431372549019608,-0.42088499041598476,-171.72107608972178,,,0.45111321293689716,1.0080877486894466,-1.1673632869635981
15m,fz1.5_react0.25_body0.25_cl0.7_cs0.3,model_a,base,next_close,1.5,0.25,0.25,0.7,0.3,90,1.0,1.5,8,4.0,5.0,XRPUSDT,412,477.1872894232675,0.3713592233009709,-0.3586745609294112,-147.7739191029174,,,0.5205233665538197,1.04852585314191,-1.1899551144155585
15m,fz1.5_react0.25_body0.5_cl0.6_cs0.4,model_a,base,next_close,1.5,0.25,0.5,0.6,0.4,90,1.0,1.5,8,4.0,5.0,ADAUSDT,319,356.37098161659287,0.32601880877742945,-0.4147021023570237,-132.28997065189057,,,0.45476126347020296,1.0609388245121305,-1.1285005041914054
15m,fz1.5_react0.25_body0.5_cl0.6_cs0.4,model_a,base,next_close,1.5,0.25,0.5,0.6,0.4,90,1.0,1.5,8,4.0,5.0,AVAXUSDT,369,406.363567839196,0.34146341463414637,-0.41525344113073254,-153.2285197772403,,,0.4672116958057755,1.066419516585208,-1.1835283080945536
15m,fz1.5_react0.25_body0.5_cl0.6_cs0.4,model_a,base,next_close,1.5,0.25,0.5,0.6,0.4,90,1.0,1.5,8,4.0,5.0,BNBUSDT,392,433.38024971623156,0.3596938775510204,-0.6035923681602126,-236.60820831880332,,,0.34331877273937517,0.8773111409646924,-1.4354943394216133
15m,fz1.5_react0.25_body0.5_cl0.6_cs0.4,model_a,base,next_close,1.5,0.25,0.5,0.6,0.4,90,1.0,1.5,8,4.0,5.0,BTCUSDT,655,727.2845878590202,0.24274809160305344,-0.94157592287692,-616.7322294843826,,,0.1818770909908161,0.8623011507640249,-1.5198349041448842
15m,fz1.5_react0.25_body0.5_cl0.6_cs0.4,model_a,base,next_close,1.5,0.25,0.5,0.6,0.4,90,1.0,1.5,8,4.0,5.0,ETHUSDT,483,531.4394376804318,0.36645962732919257,-0.43034674895086716,-207.85747974326884,,,0.4539431103846523,0.9762384954266586,-1.2439597824633575
15m,fz1.5_react0.25_body0.5_cl0.6_cs0.4,model_a,base,next_close,1.5,0.25,0.5,0.6,0.4,90,1.0,1.5,8,4.0,5.0,LINKUSDT,367,404.28803016022624,0.3787465940054496,-0.3272561692949907,-120.10301413126159,,,0.5597214193362007,1.0984580487433846,-1.196441591695579
15m,fz1.5_react0.25_body0.5_cl0.6_cs0.4,model_a,base,next_close,1.5,0.25,0.5,0.6,0.4,90,1.0,1.5,8,4.0,5.0,LTCUSDT,408,449.3125628140703,0.3553921568627451,-0.44796345170254553,-182.76908829463858,,,0.4422372037045387,0.999402601915417,-1.2459409337352625
15m,fz1.5_react0.25_body0.5_cl0.6_cs0.4,model_a,base,next_close,1.5,0.25,0.5,0.6,0.4,90,1.0,1.5,8,4.0,5.0,SOLUSDT,383,456.646332755279,0.3524804177545692,-0.39200758915403433,-150.13890664599515,,,0.4794053684152261,1.024147921785513,-1.1628986938993524
15m,fz1.5_react0.25_body0.5_cl0.6_cs0.4,model_a,base,next_close,1.5,0.25,0.5,0.6,0.4,90,1.0,1.5,8,4.0,5.0,XRPUSDT,388,449.53846153846155,0.38402061855670105,-0.3270525370384692,-126.89638437092606,,,0.5505565490037552,1.043253513708653,-1.1813437569603153
15m,fz1.5_react0.25_body0.5_cl0.7_cs0.3,model_a,base,next_close,1.5,0.25,0.5,0.7,0.3,90,1.0,1.5,8,4.0,5.0,ADAUSDT,288,321.7393188262657,0.3229166666666667,-0.4176367647193804,-120.27938823918154,,,0.448323554040223,1.0510306388824073,-1.1180781418217716
15m,fz1.5_react0.25_body0.5_cl0.7_cs0.3,model_a,base,next_close,1.5,0.25,0.5,0.7,0.3,90,1.0,1.5,8,4.0,5.0,AVAXUSDT,346,381.03467336683417,0.3583815028901734,-0.3830420827110824,-132.53256061803452,,,0.49647074263015206,1.053828292187634,-1.1856183281500052
15m,fz1.5_react0.25_body0.5_cl0.7_cs0.3,model_a,base,next_close,1.5,0.25,0.5,0.7,0.3,90,1.0,1.5,8,4.0,5.0,BNBUSDT,371,410.1634506242906,0.3504043126684636,-0.6319438255907152,-234.4511592941553,,,0.32411413911083453,0.8648357779293887,-1.4393353129667048
15m,fz1.5_react0.25_body0.5_cl0.7_cs0.3,model_a,base,next_close,1.5,0.25,0.5,0.7,0.3,90,1.0,1.5,8,4.0,5.0,BTCUSDT,620,688.4220526299123,0.2435483870967742,-0.9326974150096525,-578.2723973059846,,,0.18517705497913348,0.8703209507347269,-1.513200129780231
15m,fz1.5_react0.25_body0.5_cl0.7_cs0.3,model_a,base,next_close,1.5,0.25,0.5,0.7,0.3,90,1.0,1.5,8,4.0,5.0,ETHUSDT,432,475.45899117988637,0.3680555555555556,-0.4149533552687296,-179.2598494760912,,,0.4647116982592207,0.9787724936382943,-1.2266837947420512
15m,fz1.5_react0.25_body0.5_cl0.7_cs0.3,model_a,base,next_close,1.5,0.25,0.5,0.7,0.3,90,1.0,1.5,8,4.0,5.0,LINKUSDT,343,377.84957587181907,0.3965014577259475,-0.2949463605397652,-101.16660166513945,,,0.5940630570451911,1.0886097564121313,-1.203949413223137
15m,fz1.5_react0.25_body0.5_cl0.7_cs0.3,model_a,base,next_close,1.5,0.25,0.5,0.7,0.3,90,1.0,1.5,8,4.0,5.0,LTCUSDT,387,426.34686439612915,0.36175710594315247,-0.4337834898694909,-167.87421057949297,,,0.4547578466569203,1.0001075936663988,-1.2465152781084567
15m,fz1.5_react0.25_body0.5_cl0.7_cs0.3,model_a,base,next_close,1.5,0.25,0.5,0.7,0.3,90,1.0,1.5,8,4.0,5.0,SOLUSDT,371,442.3388758543303,0.3450134770889488,-0.42175318143631957,-156.47043031287456,,,0.45264631911319814,1.010911780004607,-1.1764079759401822
15m,fz1.5_react0.25_body0.5_cl0.7_cs0.3,model_a,base,next_close,1.5,0.25,0.5,0.7,0.3,90,1.0,1.5,8,4.0,5.0,XRPUSDT,360,417.2216162617749,0.3888888888888889,-0.32580070531107946,-117.2882539119886,,,0.5547291792598222,1.0437182079317784,-1.1973127410110798
15m,fz1.5_react0_body0.25_cl0.6_cs0.4,model_a,base,next_close,1.5,0.0,0.25,0.6,0.4,90,1.0,1.5,8,4.0,5.0,ADAUSDT,392,437.9229617357505,0.3239795918367347,-0.42243566040402886,-165.59477887837932,,,0.44651632152620296,1.051902381374909,-1.1290052125018597
15m,fz1.5_react0_body0.25_cl0.6_cs0.4,model_a,base,next_close,1.5,0.0,0.25,0.6,0.4,90,1.0,1.5,8,4.0,5.0,AVAXUSDT,448,493.33182589033356,0.3549107142857143,-0.400348711556267,-179.35622277720762,,,0.48127973077593134,1.0466071031339195,-1.1964247480121135
15m,fz1.5_react0_body0.25_cl0.6_cs0.4,model_a,base,next_close,1.5,0.0,0.25,0.6,0.4,90,1.0,1.5,8,4.0,5.0,BNBUSDT,463,511.9074225893927,0.34557235421166305,-0.634075486721064,-293.5769503518526,,,0.31960426087758115,0.8618921940645071,-1.4240254171688902
15m,fz1.5_react0_body0.25_cl0.6_cs0.4,model_a,base,next_close,1.5,0.0,0.25,0.6,0.4,90,1.0,1.5,8,4.0,5.0,BTCUSDT,758,841.651477247538,0.24142480211081793,-0.9361438721123921,-709.5970550611933,,,0.18255731925969937,0.8659696171487022,-1.509686078259836
15m,fz1.5_react0_body0.25_cl0.6_cs0.4,model_a,base,next_close,1.5,0.0,0.25,0.6,0.4,90,1.0,1.5,8,4.0,5.0,ETHUSDT,569,626.1035586518547,0.36203866432337434,-0.4240651408427308,-241.29306513951383,,,0.46261117766384335,1.0083356291048038,-1.23694271276888
15m,fz1.5_react0_body0.25_cl0.6_cs0.4,model_a,base,next_close,1.5,0.0,0.25,0.6,0.4,90,1.0,1.5,8,4.0,5.0,LINKUSDT,415,457.0931364850008,0.41204819277108434,-0.26185763316918076,-108.67091776521,,,0.6281874289650923,1.0736986237525024,-1.1978417312577374
15m,fz1.5_react0_body0.25_cl0.6_cs0.4,model_a,base,next_close,1.5,0.0,0.25,0.6,0.4,90,1.0,1.5,8,4.0,5.0,LTCUSDT,487,536.2949656103766,0.3593429158110883,-0.4547742896818573,-221.4750790750645,,,0.44052636886396956,0.9965041317311912,-1.2687926350257146
15m,fz1.5_react0_body0.25_cl0.6_cs0.4,model_a,base,next_close,1.5,0.0,0.25,0.6,0.4,90,1.0,1.5,8,4.0,5.0,SOLUSDT,446,531.7604814852596,0.35201793721973096,-0.40369653821325535,-180.0486560431119,,,0.4643412469327815,0.9941210934635116,-1.1630645941760664
15m,fz1.5_react0_body0.25_cl0.6_cs0.4,model_a,base,next_close,1.5,0.0,0.25,0.6,0.4,90,1.0,1.5,8,4.0,5.0,XRPUSDT,464,537.414811389311,0.3706896551724138,-0.3503543710068672,-162.5644281471864,,,0.5280796456984428,1.0576154655719814,-1.1797064665259152
15m,fz1.5_react0_body0.25_cl0.7_cs0.3,model_a,base,next_close,1.5,0.0,0.25,0.7,0.3,90,1.0,1.5,8,4.0,5.0,ADAUSDT,350,391.00264440692007,0.32285714285714284,-0.4302517358641759,-150.58810755246157,,,0.4406570884162678,1.049868375339953,-1.135963012514246
15m,fz1.5_react0_body0.25_cl0.7_cs0.3,model_a,base,next_close,1.5,0.0,0.25,0.7,0.3,90,1.0,1.5,8,4.0,5.0,AVAXUSDT,420,462.4985867721877,0.34285714285714286,-0.4219404023538662,-177.2149689886238,,,0.45592400759763946,1.031266260951442,-1.1801351832088096
15m,fz1.5_react0_body0.25_cl0.7_cs0.3,model_a,base,next_close,1.5,0.0,0.25,0.7,0.3,90,1.0,1.5,8,4.0,5.0,BNBUSDT,426,470.9990540455319,0.3544600938967136,-0.6079783018738755,-258.998756598271,,,0.33395403085287234,0.860009437910594,-1.4140370244464389
15m,fz1.5_react0_body0.25_cl0.7_cs0.3,model_a,base,next_close,1.5,0.0,0.25,0.7,0.3,90,1.0,1.5,8,4.0,5.0,BTCUSDT,715,793.9060768232052,0.23216783216783216,-0.9483711898607237,-678.0854007504174,,,0.1759885739806635,0.8724238797815591,-1.4989212473481899
15m,fz1.5_react0_body0.25_cl0.7_cs0.3,model_a,base,next_close,1.5,0.0,0.25,0.7,0.3,90,1.0,1.5,8,4.0,5.0,ETHUSDT,516,567.7845980041424,0.36046511627906974,-0.4286787694305837,-221.19824502618118,,,0.45383538014014296,0.9881969723524839,-1.2272814602537672
15m,fz1.5_react0_body0.25_cl0.7_cs0.3,model_a,base,next_close,1.5,0.0,0.25,0.7,0.3,90,1.0,1.5,8,4.0,5.0,LINKUSDT,388,427.35454688236223,0.41494845360824745,-0.25565132536769863,-99.19271424266707,,,0.6355000208090141,1.0741673791895336,-1.1988267061329605
15m,fz1.5_react0_body0.25_cl0.7_cs0.3,model_a,base,next_close,1.5,0.0,0.25,0.7,0.3,90,1.0,1.5,8,4.0,5.0,LTCUSDT,455,501.11882400979994,0.3626373626373626,-0.4422300073270565,-201.2146533338107,,,0.4502468013170244,0.9987540002104356,-1.2621002185121812
15m,fz1.5_react0_body0.25_cl0.7_cs0.3,model_a,base,next_close,1.5,0.0,0.25,0.7,0.3,90,1.0,1.5,8,4.0,5.0,SOLUSDT,422,503.14556768336223,0.3459715639810427,-0.4245629196515008,-179.16555209293332,,,0.44452886176248213,0.9820647470545011,-1.1686485694307627
15m,fz1.5_react0_body0.25_cl0.7_cs0.3,model_a,base,next_close,1.5,0.0,0.25,0.7,0.3,90,1.0,1.5,8,4.0,5.0,XRPUSDT,432,500.35172094866886,0.3680555555555556,-0.3630244916138389,-156.8265803771784,,,0.5175825108192657,1.0582276319772144,-1.1907867174415951
15m,fz1.5_react0_body0.5_cl0.6_cs0.4,model_a,base,next_close,1.5,0.0,0.5,0.6,0.4,90,1.0,1.5,8,4.0,5.0,ADAUSDT,322,359.7224328543665,0.32608695652173914,-0.4193629730122943,-135.03487730995877,,,0.44925098818470005,1.049039810105409,-1.129880448714409
15m,fz1.5_react0_body0.5_cl0.6_cs0.4,model_a,base,next_close,1.5,0.0,0.5,0.6,0.4,90,1.0,1.5,8,4.0,5.0,AVAXUSDT,370,407.464824120603,0.35135135135135137,-0.3973827701680758,-147.03162496218806,,,0.4814666796379246,1.0501636278334245,-1.1814704024188887
15m,fz1.5_react0_body0.5_cl0.6_cs0.4,model_a,base,next_close,1.5,0.0,0.5,0.6,0.4,90,1.0,1.5,8,4.0,5.0,BNBUSDT,394,435.70127412640346,0.36548223350253806,-0.5907009847778965,-232.7361880024912,,,0.35352381002366384,0.8838275999258651,-1.4400294495672632
15m,fz1.5_react0_body0.5_cl0.6_cs0.4,model_a,base,next_close,1.5,0.0,0.5,0.6,0.4,90,1.0,1.5,8,4.0,5.0,BTCUSDT,664,737.277811203648,0.24246987951807228,-0.9553988228712142,-634.3848183864862,,,0.1784000051621653,0.8555814105035889,-1.535056511883825
15m,fz1.5_react0_body0.5_cl0.6_cs0.4,model_a,base,next_close,1.5,0.0,0.5,0.6,0.4,90,1.0,1.5,8,4.0,5.0,ETHUSDT,487,535.8405924438308,0.36960985626283366,-0.4248902113920932,-206.9215329479494,,,0.45855815024815344,0.9735892684670664,-1.244845606749255
15m,fz1.5_react0_body0.5_cl0.6_cs0.4,model_a,base,next_close,1.5,0.0,0.5,0.6,0.4,90,1.0,1.5,8,4.0,5.0,LINKUSDT,369,406.4912346842602,0.3821138211382114,-0.32254386406693025,-119.01868584069727,,,0.5641395962568792,1.0925346121229182,-1.197658184868547
15m,fz1.5_react0_body0.5_cl0.6_cs0.4,model_a,base,next_close,1.5,0.0,0.5,0.6,0.4,90,1.0,1.5,8,4.0,5.0,LTCUSDT,412,453.7175879396985,0.34951456310679613,-0.45782962232790025,-188.6258043990949,,,0.4335558471868015,1.0025973731306068,-1.2425366646638143
15m,fz1.5_react0_body0.5_cl0.6_cs0.4,model_a,base,next_close,1.5,0.0,0.5,0.6,0.4,90,1.0,1.5,8,4.0,5.0,SOLUSDT,385,459.0309089054371,0.35324675324675325,-0.39372655041150695,-151.58472190843017,,,0.4770458389823469,1.016747263320395,-1.1641058221686902
15m,fz1.5_react0_body0.5_cl0.6_cs0.4,model_a,base,next_close,1.5,0.0,0.5,0.6,0.4,90,1.0,1.5,8,4.0,5.0,XRPUSDT,389,450.69706582077714,0.3856041131105398,-0.3252908136022927,-126.53812649129188,,,0.5526438322423088,1.0421303380320917,-1.183504925506718
15m,fz1.5_react0_body0.5_cl0.7_cs0.3,model_a,base,next_close,1.5,0.0,0.5,0.7,0.3,90,1.0,1.5,8,4.0,5.0,ADAUSDT,291,325.09077006403925,0.31958762886597936,-0.42734058215174126,-124.3561094061567,,,0.4388858602635968,1.0458864925413218,-1.1193108748106042
15m,fz1.5_react0_body0.5_cl0.7_cs0.3,model_a,base,next_close,1.5,0.0,0.5,0.7,0.3,90,1.0,1.5,8,4.0,5.0,AVAXUSDT,346,381.03467336683417,0.3699421965317919,-0.36160150368597366,-125.11412027534688,,,0.5149510804351669,1.0377118809365287,-1.1832167019964337
15m,fz1.5_react0_body0.5_cl0.7_cs0.3,model_a,base,next_close,1.5,0.0,0.5,0.7,0.3,90,1.0,1.5,8,4.0,5.0,BNBUSDT,372,411.3727765863505,0.3548387096774194,-0.6215121681228429,-231.20252654169755,,,0.3324455327875895,0.8722730196464922,-1.4430940213959773
15m,fz1.5_react0_body0.5_cl0.7_cs0.3,model_a,base,next_close,1.5,0.0,0.5,0.7,0.3,90,1.0,1.5,8,4.0,5.0,BTCUSDT,629,698.41527597454,0.24324324324324326,-0.9395629461312264,-590.9850931165414,,,0.1826455528337107,0.86314501751988,-1.5190047915905105
15m,fz1.5_react0_body0.5_cl0.7_cs0.3,model_a,base,next_close,1.5,0.0,0.5,0.7,0.3,90,1.0,1.5,8,4.0,5.0,ETHUSDT,436,479.8613892463668,0.37155963302752293,-0.40894297154564074,-178.29913559389936,,,0.4699797081850132,0.975934865487127,-1.2277393569445763
15m,fz1.5_react0_body0.5_cl0.7_cs0.3,model_a,base,next_close,1.5,0.0,0.5,0.7,0.3,90,1.0,1.5,8,4.0,5.0,LINKUSDT,345,380.052780395853,0.39420289855072466,-0.29837512877805433,-102.93941942842875,,,0.5898670170158953,1.0886097564121313,-1.20091074784918
15m,fz1.5_react0_body0.5_cl0.7_cs0.3,model_a,base,next_close,1.5,0.0,0.5,0.7,0.3,90,1.0,1.5,8,4.0,5.0,LTCUSDT,387,426.34686439612915,0.36175710594315247,-0.4317211971939444,-167.0761033140565,,,0.45593972872032706,1.0001075936663988,-1.2432840746046654
15m,fz1.5_react0_body0.5_cl0.7_cs0.3,model_a,base,next_close,1.5,0.0,0.5,0.7,0.3,90,1.0,1.5,8,4.0,5.0,SOLUSDT,373,444.7234520044884,0.34316353887399464,-0.4239742438044552,-158.14239293906178,,,0.45001430236700113,1.010911780004607,-1.1736289827740878
15m,fz1.5_react0_body0.5_cl0.7_cs0.3,model_a,base,next_close,1.5,0.0,0.5,0.7,0.3,90,1.0,1.5,8,4.0,5.0,XRPUSDT,363,420.69846306395635,0.39118457300275483,-0.32067343517659336,-116.40445696910339,,,0.5598888205782122,1.0428471542267048,-1.1967816871913821
15m,fz2.5_react0.25_body0.25_cl0.6_cs0.4,model_a,base,next_close,2.5,0.25,0.25,0.6,0.4,90,1.0,1.5,8,4.0,5.0,ADAUSDT,146,171.42765294846464,0.3424657534246575,-0.37997128405193853,-55.475807471583025,,,0.4932491659982635,1.079954641706413,-1.1403493703844132
15m,fz2.5_react0.25_body0.25_cl0.6_cs0.4,model_a,base,next_close,2.5,0.25,0.25,0.6,0.4,90,1.0,1.5,8,4.0,5.0,AVAXUSDT,119,142.07068437180797,0.3865546218487395,-0.24031686749054232,-28.597707231374535,,,0.6490425022098207,1.1497197620414363,-1.1162303600723371
15m,fz2.5_react0.25_body0.25_cl0.6_cs0.4,model_a,base,next_close,2.5,0.25,0.25,0.6,0.4,90,1.0,1.5,8,4.0,5.0,BNBUSDT,221,256.00925038818593,0.3665158371040724,-0.5593609850381384,-123.61877769342857,,,0.36732084514613106,0.8860566212731579,-1.3956383144039595
15m,fz2.5_react0.25_body0.25_cl0.6_cs0.4,model_a,base,next_close,2.5,0.25,0.25,0.6,0.4,90,1.0,1.5,8,4.0,5.0,BTCUSDT,106,121.76994397667332,0.2830188679245283,-0.8961675857960512,-94.99376409438142,,,0.22760387365942708,0.9330682337747197,-1.61823435667925
15m,fz2.5_react0.25_body0.25_cl0.6_cs0.4,model_a,base,next_close,2.5,0.25,0.25,0.6,0.4,90,1.0,1.5,8,4.0,5.0,ETHUSDT,88,103.25019240421616,0.3522727272727273,-0.4500925360534541,-39.60814317270396,,,0.41979851787874667,0.9244530431738629,-1.1976524124753285
15m,fz2.5_react0.25_body0.25_cl0.6_cs0.4,model_a,base,next_close,2.5,0.25,0.25,0.6,0.4,90,1.0,1.5,8,4.0,5.0,LINKUSDT,132,145.38866027956652,0.3787878787878788,-0.3674771810225983,-48.50698789498298,,,0.5174176471790458,1.0401694716622365,-1.2257983107084731
15m,fz2.5_react0.25_body0.25_cl0.6_cs0.4,model_a,base,next_close,2.5,0.25,0.25,0.6,0.4,90,1.0,1.5,8,4.0,5.0,LTCUSDT,85,133.31723027375202,0.25882352941176473,-0.5884899105723336,-50.02164239864835,,,0.3001214777345994,0.9750113612444307,-1.1344744816829495
15m,fz2.5_react0.25_body0.25_cl0.6_cs0.4,model_a,base,next_close,2.5,0.25,0.25,0.6,0.4,90,1.0,1.5,8,4.0,5.0,SOLUSDT,117,159.8724913292545,0.3504273504273504,-0.39395086702131715,-46.092251441494106,,,0.4865351827124827,1.0652403912233033,-1.1811461510743362
15m,fz2.5_react0.25_body0.25_cl0.6_cs0.4,model_a,base,next_close,2.5,0.25,0.25,0.6,0.4,90,1.0,1.5,8,4.0,5.0,XRPUSDT,77,93.43281309478493,0.36363636363636365,-0.3224826014526885,-24.831160311857012,,,0.5569345479934151,1.1147442842171593,-1.1437551075497443
15m,fz2.5_react0.25_body0.25_cl0.7_cs0.3,model_a,base,next_close,2.5,0.25,0.25,0.7,0.3,90,1.0,1.5,8,4.0,5.0,ADAUSDT,132,154.98938485751597,0.3181818181818182,-0.43973662829835675,-58.04523493538309,,,0.44168773163498104,1.093340531366406,-1.1551726361419128
15m,fz2.5_react0.25_body0.25_cl0.7_cs0.3,model_a,base,next_close,2.5,0.25,0.25,0.7,0.3,90,1.0,1.5,8,4.0,5.0,AVAXUSDT,113,134.90745658835544,0.36283185840707965,-0.2822876126165782,-31.898500225673338,,,0.5961570760588099,1.148509608975906,-1.0970471415789649
15m,fz2.5_react0.25_body0.25_cl0.7_cs0.3,model_a,base,next_close,2.5,0.25,0.25,0.7,0.3,90,1.0,1.5,8,4.0,5.0,BNBUSDT,208,240.94988271829266,0.3605769230769231,-0.5751284234368178,-119.6267120748581,,,0.35048714569407524,0.8606988983805557,-1.3848054846120283
15m,fz2.5_react0.25_body0.25_cl0.7_cs0.3,model_a,base,next_close,2.5,0.25,0.25,0.7,0.3,90,1.0,1.5,8,4.0,5.0,BTCUSDT,98,112.57975952560363,0.2653061224489796,-0.9174254503146904,-89.90769413083966,,,0.20521541298647583,0.8928614061061425,-1.5711401484666578
15m,fz2.5_react0.25_body0.25_cl0.7_cs0.3,model_a,base,next_close,2.5,0.25,0.25,0.7,0.3,90,1.0,1.5,8,4.0,5.0,ETHUSDT,82,96.21040655847415,0.3170731707317073,-0.5018996629191307,-41.15577235936872,,,0.3735638965591822,0.9439424685394692,-1.1731835096677663
15m,fz2.5_react0.25_body0.25_cl0.7_cs0.3,model_a,base,next_close,2.5,0.25,0.25,0.7,0.3,90,1.0,1.5,8,4.0,5.0,LINKUSDT,119,131.0700801005183,0.4117647058823529,-0.2736912622740535,-32.56926021061236,,,0.6182572012183322,1.0764903579716238,-1.2188183964460277
15m,fz2.5_react0.25_body0.25_cl0.7_cs0.3,model_a,base,next_close,2.5,0.25,0.25,0.7,0.3,90,1.0,1.5,8,4.0,5.0,LTCUSDT,79,123.90660225442835,0.2911392405063291,-0.5162452865605804,-40.783377638285856,,,0.3602783365342,0.9986250266190104,-1.1384241651879123
15m,fz2.5_react0.25_body0.25_cl0.7_cs0.3,model_a,base,next_close,2.5,0.25,0.25,0.7,0.3,90,1.0,1.5,8,4.0,5.0,SOLUSDT,113,154.3947317149203,0.336283185840708,-0.42901530269202,-48.47872920419826,,,0.45653204933087543,1.0716795992777728,-1.1893673863567151
15m,fz2.5_react0.25_body0.25_cl0.7_cs0.3,model_a,base,next_close,2.5,0.25,0.25,0.7,0.3,90,1.0,1.5,8,4.0,5.0,XRPUSDT,73,88.57609523150391,0.3013698630136986,-0.458611016554671,-33.478604208490985,,,0.4222607402672365,1.1122271350267647,-1.136227474099604
15m,fz2.5_react0.25_body0.5_cl0.6_cs0.4,model_a,base,next_close,2.5,0.25,0.5,0.6,0.4,90,1.0,1.5,8,4.0,5.0,ADAUSDT,125,146.79482885658783,0.344,-0.37721702849134214,-47.15212856141777,,,0.4862295444351478,1.037779445250118,-1.1192273744777177
15m,fz2.5_react0.25_body0.5_cl0.6_cs0.4,model_a,base,next_close,2.5,0.25,0.5,0.6,0.4,90,1.0,1.5,8,4.0,5.0,AVAXUSDT,105,125.3564862104188,0.3904761904761905,-0.20361978088485574,-21.380076992909853,,,0.6941073291975965,1.183267583704765,-1.0920944988250816
15m,fz2.5_react0.25_body0.5_cl0.6_cs0.4,model_a,base,next_close,2.5,0.25,0.5,0.6,0.4,90,1.0,1.5,8,4.0,5.0,BNBUSDT,196,227.04892794608347,0.3877551020408163,-0.5195224917538728,-101.82640838375906,,,0.39741032389438236,0.8836174654822269,-1.4081777980034027
15m,fz2.5_react0.25_body0.5_cl0.6_cs0.4,model_a,base,next_close,2.5,0.25,0.5,0.6,0.4,90,1.0,1.5,8,4.0,5.0,BTCUSDT,92,105.69058384116376,0.29347826086956524,-0.9305579943327705,-85.61133547861489,,,0.22132991122701595,0.9012683603087936,-1.6914704801069587
15m,fz2.5_react0.25_body0.5_cl0.6_cs0.4,model_a,base,next_close,2.5,0.25,0.5,0.6,0.4,90,1.0,1.5,8,4.0,5.0,ETHUSDT,81,95.03710891751714,0.35802469135802467,-0.43874473485771903,-35.53832352347524,,,0.4269976328450571,0.9132043889157806,-1.1927163615775553
15m,fz2.5_react0.25_body0.5_cl0.6_cs0.4,model_a,base,next_close,2.5,0.25,0.5,0.6,0.4,90,1.0,1.5,8,4.0,5.0,LINKUSDT,121,133.2938737040528,0.34710743801652894,-0.42698192782519073,-51.66481326684808,,,0.4649070893977842,1.068765793230278,-1.222189576993921
15m,fz2.5_react0.25_body0.5_cl0.6_cs0.4,model_a,base,next_close,2.5,0.25,0.5,0.6,0.4,90,1.0,1.5,8,4.0,5.0,LTCUSDT,72,112.88714004650332,0.2638888888888889,-0.5993109720741415,-43.15038998933819,,,0.2910002602872246,0.93213416436956,-1.1483196058935816
15m,fz2.5_react0.25_body0.5_cl0.6_cs0.4,model_a,base,next_close,2.5,0.25,0.5,0.6,0.4,90,1.0,1.5,8,4.0,5.0,SOLUSDT,107,146.20817583102763,0.3364485981308411,-0.42906930977238844,-45.91041614564556,,,0.45339156418620136,1.0578055324071756,-1.1829776804549843
15m,fz2.5_react0.25_body0.5_cl0.6_cs0.4,model_a,base,next_close,2.5,0.25,0.5,0.6,0.4,90,1.0,1.5,8,4.0,5.0,XRPUSDT,70,84.94186046511628,0.37142857142857144,-0.3163128484857862,-22.141899394005037,,,0.5625978840409364,1.0953646975393208,-1.1504859438642585
15m,fz2.5_react0.25_body0.5_cl0.7_cs0.3,model_a,base,next_close,2.5,0.25,0.5,0.7,0.3,90,1.0,1.5,8,4.0,5.0,ADAUSDT,113,132.7025252863554,0.30973451327433627,-0.46384104710744956,-52.4140383231418,,,0.40946843884705936,1.0383813914532523,-1.1379152182564825
15m,fz2.5_react0.25_body0.5_cl0.7_cs0.3,model_a,base,next_close,2.5,0.25,0.5,0.7,0.3,90,1.0,1.5,8,4.0,5.0,AVAXUSDT,98,116.9993871297242,0.37755102040816324,-0.24380205921344228,-23.892601802917344,,,0.6443615168883113,1.169991124165423,-1.1013487442137377
15m,fz2.5_react0.25_body0.5_cl0.7_cs0.3,model_a,base,next_close,2.5,0.25,0.5,0.7,0.3,90,1.0,1.5,8,4.0,5.0,BNBUSDT,184,213.14797317387425,0.375,-0.5589552744635846,-102.84777050129958,,,0.367612217779412,0.8664674592058397,-1.4142089146652395
15m,fz2.5_react0.25_body0.5_cl0.7_cs0.3,model_a,base,next_close,2.5,0.25,0.5,0.7,0.3,90,1.0,1.5,8,4.0,5.0,BTCUSDT,85,97.64890898368391,0.3058823529411765,-0.8818066534196858,-74.9535655406733,,,0.2348520352093424,0.8848463215085508,-1.6603316932185697
15m,fz2.5_react0.25_body0.5_cl0.7_cs0.3,model_a,base,next_close,2.5,0.25,0.5,0.7,0.3,90,1.0,1.5,8,4.0,5.0,ETHUSDT,73,85.65072778986114,0.3013698630136986,-0.5263620925598159,-38.42443275686656,,,0.3525798512346505,0.951165442145308,-1.1637269114522222
15m,fz2.5_react0.25_body0.5_cl0.7_cs0.3,model_a,base,next_close,2.5,0.25,0.5,0.7,0.3,90,1.0,1.5,8,4.0,5.0,LINKUSDT,114,125.58265786993402,0.37719298245614036,-0.36634661280104913,-41.7635138593196,,,0.5238109013888812,1.0683748596407272,-1.2352624341390264
15m,fz2.5_react0.25_body0.5_cl0.7_cs0.3,model_a,base,next_close,2.5,0.25,0.5,0.7,0.3,90,1.0,1.5,8,4.0,5.0,LTCUSDT,67,105.0477553210517,0.26865671641791045,-0.5912483378232597,-39.6136386341584,,,0.30012751715040387,0.9437546997573933,-1.1551270046896223
15m,fz2.5_react0.25_body0.5_cl0.7_cs0.3,model_a,base,next_close,2.5,0.25,0.5,0.7,0.3,90,1.0,1.5,8,4.0,5.0,SOLUSDT,104,142.09780618010367,0.34615384615384615,-0.4362111218392469,-45.36595667128167,,,0.4513440449568719,1.0366572570634063,-1.2159649694935926
15m,fz2.5_react0.25_body0.5_cl0.7_cs0.3,model_a,base,next_close,2.5,0.25,0.5,0.7,0.3,90,1.0,1.5,8,4.0,5.0,XRPUSDT,66,80.08803986710963,0.3333333333333333,-0.4263118480788707,-28.136581973205466,,,0.46340019217724,1.104471094364062,-1.1917033193003372
15m,fz2.5_react0_body0.25_cl0.6_cs0.4,model_a,base,next_close,2.5,0.0,0.25,0.6,0.4,90,1.0,1.5,8,4.0,5.0,ADAUSDT,153,179.64678699393897,0.33986928104575165,-0.4006490319381913,-61.29930188654327,,,0.47034205795906875,1.0468163838284157,-1.1458787509467414
15m,fz2.5_react0_body0.25_cl0.6_cs0.4,model_a,base,next_close,2.5,0.0,0.25,0.6,0.4,90,1.0,1.5,8,4.0,5.0,AVAXUSDT,124,148.02996050660494,0.3951612903225806,-0.22776959575289352,-28.243429873358796,,,0.6638992980468167,1.1385553440692784,-1.1204352231033792
15m,fz2.5_react0_body0.25_cl0.6_cs0.4,model_a,base,next_close,2.5,0.0,0.25,0.6,0.4,90,1.0,1.5,8,4.0,5.0,BNBUSDT,228,264.11814067197463,0.36403508771929827,-0.5659420317856507,-129.03478324712836,,,0.3608401036691851,0.8776755205782293,-1.392288630724975
15m,fz2.5_react0_body0.25_cl0.6_cs0.4,model_a,base,next_close,2.5,0.0,0.25,0.6,0.4,90,1.0,1.5,8,4.0,5.0,BTCUSDT,108,124.06749008944074,0.28703703703703703,-0.874769066066117,-94.47505913514064,,,0.241632839478801,0.9710283673940785,-1.617882318498144
15m,fz2.5_react0_body0.25_cl0.6_cs0.4,model_a,base,next_close,2.5,0.0,0.25,0.6,0.4,90,1.0,1.5,8,4.0,5.0,ETHUSDT,90,105.59678768613017,0.36666666666666664,-0.3872022812590793,-34.84820531331714,,,0.4707263162221477,0.9391925838078382,-1.1551150978767684
15m,fz2.5_react0_body0.25_cl0.6_cs0.4,model_a,base,next_close,2.5,0.0,0.25,0.6,0.4,90,1.0,1.5,8,4.0,5.0,LINKUSDT,136,149.7943772577352,0.3897058823529412,-0.3379345031556053,-45.95909242916232,,,0.5384888756541032,1.0117894260716063,-1.1998064097705716
15m,fz2.5_react0_body0.25_cl0.6_cs0.4,model_a,base,next_close,2.5,0.0,0.25,0.6,0.4,90,1.0,1.5,8,4.0,5.0,LTCUSDT,92,144.27693546222997,0.30434782608695654,-0.5234886433681017,-48.16095518986536,,,0.3601918114645585,0.9683249048331272,-1.1761570707061393
15m,fz2.5_react0_body0.25_cl0.6_cs0.4,model_a,base,next_close,2.5,0.0,0.25,0.6,0.4,90,1.0,1.5,8,4.0,5.0,SOLUSDT,124,169.40450401309124,0.3467741935483871,-0.3905818030607868,-48.432143579537566,,,0.4832052944217784,1.053122432852666,-1.1569926937308914
15m,fz2.5_react0_body0.25_cl0.6_cs0.4,model_a,base,next_close,2.5,0.0,0.25,0.6,0.4,90,1.0,1.5,8,4.0,5.0,XRPUSDT,79,95.86959230290026,0.35443037974683544,-0.31520393292933363,-24.90111070141736,,,0.554014672039238,1.1047433156712214,-1.0947828145139522
15m,fz2.5_react0_body0.25_cl0.7_cs0.3,model_a,base,next_close,2.5,0.0,0.25,0.7,0.3,90,1.0,1.5,8,4.0,5.0,ADAUSDT,138,162.034356896494,0.32608695652173914,-0.43829119730538063,-60.48418522814253,,,0.43986073201094067,1.0554763197076014,-1.1610819313439202
15m,fz2.5_react0_body0.25_cl0.7_cs0.3,model_a,base,next_close,2.5,0.0,0.25,0.7,0.3,90,1.0,1.5,8,4.0,5.0,AVAXUSDT,119,142.0610104861773,0.36134453781512604,-0.2865068304483337,-34.09431282335171,,,0.5913941967863363,1.1475880419872806,-1.0979026135369048
15m,fz2.5_react0_body0.25_cl0.7_cs0.3,model_a,base,next_close,2.5,0.0,0.25,0.7,0.3,90,1.0,1.5,8,4.0,5.0,BNBUSDT,212,245.58353430902903,0.3632075471698113,-0.5633295709878282,-119.42586904941959,,,0.3584145689899687,0.8664407035450311,-1.3788281720176814
15m,fz2.5_react0_body0.25_cl0.7_cs0.3,model_a,base,next_close,2.5,0.0,0.25,0.7,0.3,90,1.0,1.5,8,4.0,5.0,BTCUSDT,100,114.87730563837106,0.26,-0.9235446573400048,-92.35446573400048,,,0.20087068521928308,0.8928614061061425,-1.5617413823345971
15m,fz2.5_react0_body0.25_cl0.7_cs0.3,model_a,base,next_close,2.5,0.0,0.25,0.7,0.3,90,1.0,1.5,8,4.0,5.0,ETHUSDT,85,99.73029948134516,0.3176470588235294,-0.49594338171569974,-42.15518744583448,,,0.37774116087018234,0.9477864528123605,-1.1680245115822105
15m,fz2.5_react0_body0.25_cl0.7_cs0.3,model_a,base,next_close,2.5,0.0,0.25,0.7,0.3,90,1.0,1.5,8,4.0,5.0,LINKUSDT,124,136.57722632322916,0.4032258064516129,-0.2786162044254947,-34.54840934876134,,,0.6030551692613092,1.0497477349058466,-1.176159406676401
15m,fz2.5_react0_body0.25_cl0.7_cs0.3,model_a,base,next_close,2.5,0.0,0.25,0.7,0.3,90,1.0,1.5,8,4.0,5.0,LTCUSDT,85,133.31723027375202,0.3058823529411765,-0.49446772405380685,-42.02975654457358,,,0.3778830247164617,0.9819036118829689,-1.1450720415852673
15m,fz2.5_react0_body0.25_cl0.7_cs0.3,model_a,base,next_close,2.5,0.0,0.25,0.7,0.3,90,1.0,1.5,8,4.0,5.0,SOLUSDT,116,158.49370689319255,0.33620689655172414,-0.418494410468559,-48.545351614352846,,,0.4573355257483446,1.049026819097145,-1.1617843838849546
15m,fz2.5_react0_body0.25_cl0.7_cs0.3,model_a,base,next_close,2.5,0.0,0.25,0.7,0.3,90,1.0,1.5,8,4.0,5.0,XRPUSDT,77,93.44251401675088,0.2857142857142857,-0.5052876549217616,-38.90714942897564,,,0.3779955961583529,1.0747315856750952,-1.1372953511605042
15m,fz2.5_react0_body0.5_cl0.6_cs0.4,model_a,base,next_close,2.5,0.0,0.5,0.6,0.4,90,1.0,1.5,8,4.0,5.0,ADAUSDT,127,149.14354611829324,0.3464566929133858,-0.3808863186694003,-48.37256247101384,,,0.4809310887506935,1.0186013592042598,-1.122783400915678
15m,fz2.5_react0_body0.5_cl0.6_cs0.4,model_a,base,next_close,2.5,0.0,0.5,0.6,0.4,90,1.0,1.5,8,4.0,5.0,AVAXUSDT,105,125.3564862104188,0.3904761904761905,-0.20326491557056262,-21.342816134909075,,,0.6944775585728152,1.183267583704765,-1.0915122979188194
15m,fz2.5_react0_body0.5_cl0.6_cs0.4,model_a,base,next_close,2.5,0.0,0.5,0.6,0.4,90,1.0,1.5,8,4.0,5.0,BNBUSDT,196,227.04892794608347,0.3877551020408163,-0.5195224917538728,-101.82640838375906,,,0.39741032389438236,0.8836174654822269,-1.4081777980034027
15m,fz2.5_react0_body0.5_cl0.6_cs0.4,model_a,base,next_close,2.5,0.0,0.5,0.6,0.4,90,1.0,1.5,8,4.0,5.0,BTCUSDT,93,106.83939453508945,0.2903225806451613,-0.9329471643874786,-86.76408628803551,,,0.21903340299250582,0.9012683603087936,-1.6833080608541355
15m,fz2.5_react0_body0.5_cl0.6_cs0.4,model_a,base,next_close,2.5,0.0,0.5,0.6,0.4,90,1.0,1.5,8,4.0,5.0,ETHUSDT,82,96.21040655847415,0.36585365853658536,-0.4194245395614203,-34.39281224403646,,,0.44546729065791163,0.9209479519332138,-1.1927163615775553
15m,fz2.5_react0_body0.5_cl0.6_cs0.4,model_a,base,next_close,2.5,0.0,0.5,0.6,0.4,90,1.0,1.5,8,4.0,5.0,LINKUSDT,123,135.4970782280867,0.34959349593495936,-0.4257075225909976,-52.362025278692705,,,0.4617584864926438,1.0446857610582887,-1.216043912552489
15m,fz2.5_react0_body0.5_cl0.6_cs0.4,model_a,base,next_close,2.5,0.0,0.5,0.6,0.4,90,1.0,1.5,8,4.0,5.0,LTCUSDT,73,114.45501699159364,0.2602739726027397,-0.6051149566677125,-44.173391836743015,,,0.28618974241696377,0.93213416436956,-1.1459989066623084
15m,fz2.5_react0_body0.5_cl0.6_cs0.4,model_a,base,next_close,2.5,0.0,0.5,0.6,0.4,90,1.0,1.5,8,4.0,5.0,SOLUSDT,108,147.5746073808503,0.3425925925925926,-0.42493294236218637,-45.89275777511613,,,0.453601804369246,1.0296934469510206,-1.1829776804549843
15m,fz2.5_react0_body0.5_cl0.6_cs0.4,model_a,base,next_close,2.5,0.0,0.5,0.6,0.4,90,1.0,1.5,8,4.0,5.0,XRPUSDT,70,84.95068009552487,0.38571428571428573,-0.2920189433477322,-20.441326034341255,,,0.5889086214658767,1.084563150352859,-1.1563844440434523
15m,fz2.5_react0_body0.5_cl0.7_cs0.3,model_a,base,next_close,2.5,0.0,0.5,0.7,0.3,90,1.0,1.5,8,4.0,5.0,ADAUSDT,115,135.0512425480608,0.30434782608695654,-0.47796771079691164,-54.966286741644836,,,0.39738955646830704,1.035638412530539,-1.1401703897526712
15m,fz2.5_react0_body0.5_cl0.7_cs0.3,model_a,base,next_close,2.5,0.0,0.5,0.7,0.3,90,1.0,1.5,8,4.0,5.0,AVAXUSDT,98,116.9993871297242,0.37755102040816324,-0.2434218463766996,-23.855340944916563,,,0.6447190931560645,1.169991124165423,-1.10073791047602
15m,fz2.5_react0_body0.5_cl0.7_cs0.3,model_a,base,next_close,2.5,0.0,0.5,0.7,0.3,90,1.0,1.5,8,4.0,5.0,BNBUSDT,184,213.14797317387425,0.375,-0.5589552744635846,-102.84777050129958,,,0.367612217779412,0.8664674592058397,-1.4142089146652395
15m,fz2.5_react0_body0.5_cl0.7_cs0.3,model_a,base,next_close,2.5,0.0,0.5,0.7,0.3,90,1.0,1.5,8,4.0,5.0,BTCUSDT,86,98.79771967760959,0.3023255813953488,-0.8849571668615573,-76.10631635009393,,,0.23212052946168002,0.8848463215085508,-1.6518720118219374
15m,fz2.5_react0_body0.5_cl0.7_cs0.3,model_a,base,next_close,2.5,0.0,0.5,0.7,0.3,90,1.0,1.5,8,4.0,5.0,ETHUSDT,74,86.82402543081814,0.3108108108108108,-0.5037692091544295,-37.27892147742778,,,0.3718807759259619,0.9596152611580675,-1.1637269114522222
15m,fz2.5_react0_body0.5_cl0.7_cs0.3,model_a,base,next_close,2.5,0.0,0.5,0.7,0.3,90,1.0,1.5,8,4.0,5.0,LINKUSDT,116,127.78586239396796,0.3706896551724138,-0.37531320364318016,-43.5363316226089,,,0.5134325139529357,1.0683748596407272,-1.225704802563838
15m,fz2.5_react0_body0.5_cl0.7_cs0.3,model_a,base,next_close,2.5,0.0,0.5,0.7,0.3,90,1.0,1.5,8,4.0,5.0,LTCUSDT,67,105.0477553210517,0.26865671641791045,-0.5912483378232597,-39.6136386341584,,,0.30012751715040387,0.9437546997573933,-1.1551270046896223
15m,fz2.5_react0_body0.5_cl0.7_cs0.3,model_a,base,next_close,2.5,0.0,0.5,0.7,0.3,90,1.0,1.5,8,4.0,5.0,SOLUSDT,105,143.46413123952775,0.34285714285714286,-0.43404233966194716,-45.57444566450445,,,0.4502088585241096,1.0366572570634063,-1.2013638683882186
15m,fz2.5_react0_body0.5_cl0.7_cs0.3,model_a,base,next_close,2.5,0.0,0.5,0.7,0.3,90,1.0,1.5,8,4.0,5.0,XRPUSDT,67,81.30993666285951,0.34328358208955223,-0.4026903998662932,-26.980256791041644,,,0.48196922743069803,1.091395086935401,-1.1836896316035423
15m,fz2_react0.25_body0.25_cl0.6_cs0.4,model_a,base,next_close,2.0,0.25,0.25,0.6,0.4,90,1.0,1.5,8,4.0,5.0,ADAUSDT,228,267.70893748116396,0.33771929824561403,-0.39593824186630416,-90.27391914551735,,,0.47799230961588374,1.0735334479606657,-1.14527148767211
15m,fz2_react0.25_body0.25_cl0.6_cs0.4,model_a,base,next_close,2.0,0.25,0.25,0.6,0.4,90,1.0,1.5,8,4.0,5.0,AVAXUSDT,212,233.46633165829144,0.36792452830188677,-0.34903677017456447,-73.99579527700767,,,0.5270440114171147,1.0571548183326163,-1.1675662022906845
15m,fz2_react0.25_body0.25_cl0.6_cs0.4,model_a,base,next_close,2.0,0.25,0.25,0.6,0.4,90,1.0,1.5,8,4.0,5.0,BNBUSDT,318,361.8716775387012,0.33647798742138363,-0.6316668269957176,-200.8700509846382,,,0.3178132192393023,0.8745810641616174,-1.395498695971238
15m,fz2_react0.25_body0.25_cl0.6_cs0.4,model_a,base,next_close,2.0,0.25,0.25,0.6,0.4,90,1.0,1.5,8,4.0,5.0,BTCUSDT,301,345.7806899714969,0.23588039867109634,-1.0173135305386714,-306.21137269214006,,,0.16334713807341067,0.842033163384786,-1.591285770836782
15m,fz2_react0.25_body0.25_cl0.6_cs0.4,model_a,base,next_close,2.0,0.25,0.25,0.6,0.4,90,1.0,1.5,8,4.0,5.0,ETHUSDT,202,226.11824798876262,0.3811881188118812,-0.3859071834125931,-77.9532510493438,,,0.491556802594309,0.9787567641969377,-1.2265401751400642
15m,fz2_react0.25_body0.25_cl0.6_cs0.4,model_a,base,next_close,2.0,0.25,0.25,0.6,0.4,90,1.0,1.5,8,4.0,5.0,LINKUSDT,233,256.6330139783258,0.3905579399141631,-0.34401549393418296,-80.15561008666462,,,0.5429014504488449,1.0461734408509125,-1.2349112197471666
15m,fz2_react0.25_body0.25_cl0.6_cs0.4,model_a,base,next_close,2.0,0.25,0.25,0.6,0.4,90,1.0,1.5,8,4.0,5.0,LTCUSDT,193,217.40400925212026,0.29533678756476683,-0.5593491281222581,-107.95438172759582,,,0.35238083702713174,1.0305237628728734,-1.225692913318747
15m,fz2_react0.25_body0.25_cl0.6_cs0.4,model_a,base,next_close,2.0,0.25,0.25,0.6,0.4,90,1.0,1.5,8,4.0,5.0,SOLUSDT,202,248.43661873027006,0.400990099009901,-0.2770642074789174,-55.96696991074132,,,0.6038515920660661,1.0532199489272445,-1.167585006395439
15m,fz2_react0.25_body0.25_cl0.6_cs0.4,model_a,base,next_close,2.0,0.25,0.25,0.6,0.4,90,1.0,1.5,8,4.0,5.0,XRPUSDT,190,230.5484998442745,0.3631578947368421,-0.33388899945899286,-63.438909897208646,,,0.5423388177172728,1.0895150475925115,-1.1455822163726608
15m,fz2_react0.25_body0.25_cl0.7_cs0.3,model_a,base,next_close,2.0,0.25,0.25,0.7,0.3,90,1.0,1.5,8,4.0,5.0,ADAUSDT,206,241.87737333824464,0.32038834951456313,-0.43176602586012247,-88.94380132718523,,,0.4452754272787958,1.0817404650482592,-1.145276228716931
15m,fz2_react0.25_body0.25_cl0.7_cs0.3,model_a,base,next_close,2.0,0.25,0.25,0.7,0.3,90,1.0,1.5,8,4.0,5.0,AVAXUSDT,206,226.85879396984924,0.3300970873786408,-0.4125440105448583,-84.9840661722408,,,0.45783161220092217,1.0553589042960145,-1.1358584903215203
15m,fz2_react0.25_body0.25_cl0.7_cs0.3,model_a,base,next_close,2.0,0.25,0.25,0.7,0.3,90,1.0,1.5,8,4.0,5.0,BNBUSDT,301,342.5263362866323,0.33554817275747506,-0.6392467703621153,-192.4132778789967,,,0.30972300412011566,0.8547984519543672,-1.393739607631939
15m,fz2_react0.25_body0.25_cl0.7_cs0.3,model_a,base,next_close,2.0,0.25,0.25,0.7,0.3,90,1.0,1.5,8,4.0,5.0,BTCUSDT,283,325.1027749565901,0.22968197879858657,-1.0252332272141054,-290.1410033015918,,,0.15755651024109124,0.8348170806572001,-1.579835383230779
15m,fz2_react0.25_body0.25_cl0.7_cs0.3,model_a,base,next_close,2.0,0.25,0.25,0.7,0.3,90,1.0,1.5,8,4.0,5.0,ETHUSDT,185,207.08849444515388,0.372972972972973,-0.3854416176318321,-71.30669926188894,,,0.48748096919154377,0.9829443092688392,-1.199395315529645
15m,fz2_react0.25_body0.25_cl0.7_cs0.3,model_a,base,next_close,2.0,0.25,0.25,0.7,0.3,90,1.0,1.5,8,4.0,5.0,LINKUSDT,214,235.70585833202452,0.40654205607476634,-0.2890089697249628,-61.84791952114204,,,0.601437005096868,1.0727512140224447,-1.2218683081975963
15m,fz2_react0.25_body0.25_cl0.7_cs0.3,model_a,base,next_close,2.0,0.25,0.25,0.7,0.3,90,1.0,1.5,8,4.0,5.0,LTCUSDT,178,200.53309343272073,0.3202247191011236,-0.5073826181004241,-90.31410602187549,,,0.39502053426911377,1.034569735490807,-1.233756867312822
15m,fz2_react0.25_body0.25_cl0.7_cs0.3,model_a,base,next_close,2.0,0.25,0.25,0.7,0.3,90,1.0,1.5,8,4.0,5.0,SOLUSDT,195,239.82742897229042,0.37435897435897436,-0.342838800696298,-66.85356613577811,,,0.5343098234893243,1.0507461334435257,-1.1767051957143893
15m,fz2_react0.25_body0.25_cl0.7_cs0.3,model_a,base,next_close,2.0,0.25,0.25,0.7,0.3,90,1.0,1.5,8,4.0,5.0,XRPUSDT,179,217.19343899231782,0.3463687150837989,-0.3829480806091819,-68.54770642904356,,,0.494454821482164,1.0813539771943423,-1.1589030172230153
15m,fz2_react0.25_body0.5_cl0.6_cs0.4,model_a,base,next_close,2.0,0.25,0.5,0.6,0.4,90,1.0,1.5,8,4.0,5.0,ADAUSDT,195,228.99993301627703,0.35384615384615387,-0.3662105961341552,-71.41106624616026,,,0.5013550441869222,1.040567806752346,-1.136589245333906
15m,fz2_react0.25_body0.5_cl0.6_cs0.4,model_a,base,next_close,2.0,0.25,0.5,0.6,0.4,90,1.0,1.5,8,4.0,5.0,AVAXUSDT,188,207.0361809045226,0.3617021276595745,-0.3414691464764996,-64.19619953758193,,,0.5382921398766455,1.1006549113176267,-1.1586727792265044
15m,fz2_react0.25_body0.5_cl0.6_cs0.4,model_a,base,next_close,2.0,0.25,0.5,0.6,0.4,90,1.0,1.5,8,4.0,5.0,BNBUSDT,284,323.18099503456335,0.3591549295774648,-0.603189019209025,-171.3056814553631,,,0.34196611429318474,0.8727832648861406,-1.4303822773282935
15m,fz2_react0.25_body0.5_cl0.6_cs0.4,model_a,base,next_close,2.0,0.25,0.5,0.6,0.4,90,1.0,1.5,8,4.0,5.0,BTCUSDT,263,302.13721250245726,0.23574144486692014,-1.0628850902114886,-279.5387787256215,,,0.15477244059067802,0.8256012765049683,-1.6454032729797488
15m,fz2_react0.25_body0.5_cl0.6_cs0.4,model_a,base,next_close,2.0,0.25,0.5,0.6,0.4,90,1.0,1.5,8,4.0,5.0,ETHUSDT,179,200.37211084152727,0.3854748603351955,-0.38333338331642625,-68.6166756136403,,,0.4879390132704261,0.9475986587901757,-1.2181907551832947
15m,fz2_react0.25_body0.5_cl0.6_cs0.4,model_a,base,next_close,2.0,0.25,0.5,0.6,0.4,90,1.0,1.5,8,4.0,5.0,LINKUSDT,214,235.74288407163056,0.3644859813084112,-0.3961873514424199,-84.78409320867786,,,0.4963100948166634,1.0710497365470009,-1.2376909754363525
15m,fz2_react0.25_body0.5_cl0.6_cs0.4,model_a,base,next_close,2.0,0.25,0.5,0.6,0.4,90,1.0,1.5,8,4.0,5.0,LTCUSDT,167,188.11642251349267,0.2874251497005988,-0.5864177019839827,-97.93175623132511,,,0.33299080956107396,1.0185508953203544,-1.2337999933336312
15m,fz2_react0.25_body0.5_cl0.6_cs0.4,model_a,base,next_close,2.0,0.25,0.5,0.6,0.4,90,1.0,1.5,8,4.0,5.0,SOLUSDT,181,222.6168578343681,0.3867403314917127,-0.3043830856686714,-55.093338506029525,,,0.5740541674078627,1.0607170525259255,-1.1652570466922911
15m,fz2_react0.25_body0.5_cl0.6_cs0.4,model_a,base,next_close,2.0,0.25,0.5,0.6,0.4,90,1.0,1.5,8,4.0,5.0,XRPUSDT,166,201.43355481727573,0.3614457831325301,-0.3504911282754819,-58.18152729373,,,0.5255025805479043,1.073927257194149,-1.1567656860884805
15m,fz2_react0.25_body0.5_cl0.7_cs0.3,model_a,base,next_close,2.0,0.25,0.5,0.7,0.3,90,1.0,1.5,8,4.0,5.0,ADAUSDT,179,210.21019492263378,0.3240223463687151,-0.42677866533032244,-76.39338109412772,,,0.44139765106390433,1.0407705587544216,-1.130232012412266
15m,fz2_react0.25_body0.5_cl0.7_cs0.3,model_a,base,next_close,2.0,0.25,0.5,0.7,0.3,90,1.0,1.5,8,4.0,5.0,AVAXUSDT,179,197.12487437185928,0.3463687150837989,-0.38067642206395247,-68.1410795494475,,,0.49688855165840123,1.0854557188129592,-1.1576011462893243
15m,fz2_react0.25_body0.5_cl0.7_cs0.3,model_a,base,next_close,2.0,0.25,0.5,0.7,0.3,90,1.0,1.5,8,4.0,5.0,BNBUSDT,270,307.2495375328595,0.34814814814814815,-0.6406876697238465,-172.98567082543855,,,0.31745574669954646,0.855922918296144,-1.4400137792345233
15m,fz2_react0.25_body0.5_cl0.7_cs0.3,model_a,base,next_close,2.0,0.25,0.5,0.7,0.3,90,1.0,1.5,8,4.0,5.0,BTCUSDT,248,284.90505209357184,0.24596774193548387,-1.0347934847533249,-256.6287842188246,,,0.1639502904097239,0.8250031778061809,-1.6414651233422548
15m,fz2_react0.25_body0.5_cl0.7_cs0.3,model_a,base,next_close,2.0,0.25,0.5,0.7,0.3,90,1.0,1.5,8,4.0,5.0,ETHUSDT,160,179.10356276337632,0.36875,-0.39954945229414096,-63.927912367062554,,,0.46872556341862964,0.955956721320517,-1.1913797913363668
15m,fz2_react0.25_body0.5_cl0.7_cs0.3,model_a,base,next_close,2.0,0.25,0.5,0.7,0.3,90,1.0,1.5,8,4.0,5.0,LINKUSDT,199,219.21885014137607,0.38190954773869346,-0.35446871292066967,-70.53927387121327,,,0.5352717892465607,1.0690369367773205,-1.2340331794007287
15m,fz2_react0.25_body0.5_cl0.7_cs0.3,model_a,base,next_close,2.0,0.25,0.5,0.7,0.3,90,1.0,1.5,8,4.0,5.0,LTCUSDT,159,179.1278755943966,0.29559748427672955,-0.5745893354567818,-91.35970433762832,,,0.3452193148771425,1.0248399669784776,-1.245778417728721
15m,fz2_react0.25_body0.5_cl0.7_cs0.3,model_a,base,next_close,2.0,0.25,0.5,0.7,0.3,90,1.0,1.5,8,4.0,5.0,SOLUSDT,174,214.12754009756785,0.3793103448275862,-0.35242929282605584,-61.32269695173372,,,0.5246033943509683,1.0253032428007327,-1.194376953486871
15m,fz2_react0.25_body0.5_cl0.7_cs0.3,model_a,base,next_close,2.0,0.25,0.5,0.7,0.3,90,1.0,1.5,8,4.0,5.0,XRPUSDT,158,191.72591362126244,0.36075949367088606,-0.3735915263832166,-59.02746116854822,,,0.5091569523421114,1.074207753606045,-1.190666367565275
15m,fz2_react0_body0.25_cl0.6_cs0.4,model_a,base,next_close,2.0,0.0,0.25,0.6,0.4,90,1.0,1.5,8,4.0,5.0,ADAUSDT,240,281.79888155912,0.3416666666666667,-0.3997920270393184,-95.95008648943642,,,0.46735241355709495,1.0266822283945345,-1.1401141089733433
15m,fz2_react0_body0.25_cl0.6_cs0.4,model_a,base,next_close,2.0,0.0,0.25,0.6,0.4,90,1.0,1.5,8,4.0,5.0,AVAXUSDT,222,244.46353872244208,0.3783783783783784,-0.34151526663844395,-75.81638919373455,,,0.5316246370730535,1.0244596733328437,-1.1729782735774885
15m,fz2_react0_body0.25_cl0.6_cs0.4,model_a,base,next_close,2.0,0.0,0.25,0.6,0.4,90,1.0,1.5,8,4.0,5.0,BNBUSDT,328,373.2391769974687,0.3475609756097561,-0.6253593996835872,-205.11788309621662,,,0.32388274786974225,0.8619150656258041,-1.4176457970913938
15m,fz2_react0_body0.25_cl0.6_cs0.4,model_a,base,next_close,2.0,0.0,0.25,0.6,0.4,90,1.0,1.5,8,4.0,5.0,BTCUSDT,311,357.268420535334,0.24437299035369775,-1.030500961084681,-320.48579889733577,,,0.16695390554932157,0.8451285013461011,-1.6370875106367635
15m,fz2_react0_body0.25_cl0.6_cs0.4,model_a,base,next_close,2.0,0.0,0.25,0.6,0.4,90,1.0,1.5,8,4.0,5.0,ETHUSDT,209,233.95402885966033,0.3827751196172249,-0.3606653631583543,-75.37906090009605,,,0.5145447050678403,0.998698980730833,-1.2036820105314938
15m,fz2_react0_body0.25_cl0.6_cs0.4,model_a,base,next_close,2.0,0.0,0.25,0.6,0.4,90,1.0,1.5,8,4.0,5.0,LINKUSDT,240,264.34301869012097,0.3958333333333333,-0.3218997415705289,-77.25593797692694,,,0.5604025058863396,1.0367000630443817,-1.2120168549389188
15m,fz2_react0_body0.25_cl0.6_cs0.4,model_a,base,next_close,2.0,0.0,0.25,0.6,0.4,90,1.0,1.5,8,4.0,5.0,LTCUSDT,204,229.77276669557676,0.30392156862745096,-0.5594585383136497,-114.12954181598452,,,0.3580226475434782,1.0265903479136338,-1.2519587562438719
15m,fz2_react0_body0.25_cl0.6_cs0.4,model_a,base,next_close,2.0,0.0,0.25,0.6,0.4,90,1.0,1.5,8,4.0,5.0,SOLUSDT,216,265.65499824622935,0.38425925925925924,-0.31104900286424986,-67.18658461867797,,,0.5652921177354459,1.05264004356856,-1.1620729942471313
15m,fz2_react0_body0.25_cl0.6_cs0.4,model_a,base,next_close,2.0,0.0,0.25,0.6,0.4,90,1.0,1.5,8,4.0,5.0,XRPUSDT,196,237.8536720426386,0.3673469387755102,-0.3061274584189746,-60.00098185011902,,,0.5662653253802846,1.0879819410681222,-1.1156103355405147
15m,fz2_react0_body0.25_cl0.7_cs0.3,model_a,base,next_close,2.0,0.0,0.25,0.7,0.3,90,1.0,1.5,8,4.0,5.0,ADAUSDT,217,254.7931554097043,0.3317972350230415,-0.4253531959582849,-92.30164352294783,,,0.445426750349307,1.0296611241221891,-1.1478430652396236
15m,fz2_react0_body0.25_cl0.7_cs0.3,model_a,base,next_close,2.0,0.0,0.25,0.7,0.3,90,1.0,1.5,8,4.0,5.0,AVAXUSDT,214,235.65404183154325,0.3411214953271028,-0.40142707884873613,-85.90539487362953,,,0.46569953241304957,1.0256940258159906,-1.1402911968666443
15m,fz2_react0_body0.25_cl0.7_cs0.3,model_a,base,next_close,2.0,0.0,0.25,0.7,0.3,90,1.0,1.5,8,4.0,5.0,BNBUSDT,307,349.3427662750698,0.34201954397394135,-0.6280701286171355,-192.8175294854606,,,0.3176300355512613,0.8547889036069625,-1.398863189921741
15m,fz2_react0_body0.25_cl0.7_cs0.3,model_a,base,next_close,2.0,0.0,0.25,0.7,0.3,90,1.0,1.5,8,4.0,5.0,BTCUSDT,293,336.5905055204272,0.23208191126279865,-1.040702137972755,-304.9257264260172,,,0.15401741294846144,0.8163822519097957,-1.601954309137259
15m,fz2_react0_body0.25_cl0.7_cs0.3,model_a,base,next_close,2.0,0.0,0.25,0.7,0.3,90,1.0,1.5,8,4.0,5.0,ETHUSDT,193,216.0436725833227,0.37823834196891193,-0.3687841876803556,-71.17534822230863,,,0.5036562203306593,0.9893691378073279,-1.1949941273520297
15m,fz2_react0_body0.25_cl0.7_cs0.3,model_a,base,next_close,2.0,0.0,0.25,0.7,0.3,90,1.0,1.5,8,4.0,5.0,LINKUSDT,226,248.92300926653056,0.3938053097345133,-0.3108528783497887,-70.25275050705224,,,0.5709929916027762,1.0506056118979552,-1.1953040143501479
15m,fz2_react0_body0.25_cl0.7_cs0.3,model_a,base,next_close,2.0,0.0,0.25,0.7,0.3,90,1.0,1.5,8,4.0,5.0,LTCUSDT,188,211.79899755815447,0.31382978723404253,-0.5315961647810669,-99.94007897884057,,,0.37816333460666923,1.0301269986209725,-1.245872650368046
15m,fz2_react0_body0.25_cl0.7_cs0.3,model_a,base,next_close,2.0,0.0,0.25,0.7,0.3,90,1.0,1.5,8,4.0,5.0,SOLUSDT,206,253.35615573482988,0.3640776699029126,-0.3631518533610643,-74.80928179237925,,,0.5106560759827121,1.0408988419586251,-1.1669976712921841
15m,fz2_react0_body0.25_cl0.7_cs0.3,model_a,base,next_close,2.0,0.0,0.25,0.7,0.3,90,1.0,1.5,8,4.0,5.0,XRPUSDT,185,224.50474146881706,0.34054054054054056,-0.3939895685623112,-72.88807018402757,,,0.48186849394624576,1.075980579602544,-1.1530725139261297
15m,fz2_react0_body0.5_cl0.6_cs0.4,model_a,base,next_close,2.0,0.0,0.5,0.6,0.4,90,1.0,1.5,8,4.0,5.0,ADAUSDT,197,231.34865027798244,0.3553299492385787,-0.37062894164051935,-73.01390150318231,,,0.4951488878539705,1.0230102996816894,-1.1387765549677211
15m,fz2_react0_body0.5_cl0.6_cs0.4,model_a,base,next_close,2.0,0.0,0.5,0.6,0.4,90,1.0,1.5,8,4.0,5.0,AVAXUSDT,189,208.13743718592963,0.37037037037037035,-0.33002391089942223,-62.374519159990804,,,0.5466149559218613,1.0742948432846084,-1.1560937663017932
15m,fz2_react0_body0.5_cl0.6_cs0.4,model_a,base,next_close,2.0,0.0,0.5,0.6,0.4,90,1.0,1.5,8,4.0,5.0,BNBUSDT,284,323.18099503456335,0.36619718309859156,-0.5853562564196733,-166.2411768231872,,,0.3546867622674516,0.878576678783647,-1.4311841745371472
15m,fz2_react0_body0.5_cl0.6_cs0.4,model_a,base,next_close,2.0,0.0,0.5,0.6,0.4,90,1.0,1.5,8,4.0,5.0,BTCUSDT,268,307.8812659720857,0.23507462686567165,-1.0933672773872323,-293.0224303397782,,,0.14897573087928095,0.8142052457618765,-1.6795968820623242
15m,fz2_react0_body0.5_cl0.6_cs0.4,model_a,base,next_close,2.0,0.0,0.5,0.6,0.4,90,1.0,1.5,8,4.0,5.0,ETHUSDT,180,201.49150810879837,0.3888888888888889,-0.3748398018566751,-67.47116433420152,,,0.49648754219307584,0.9504259819422985,-1.2181907551832947
15m,fz2_react0_body0.5_cl0.6_cs0.4,model_a,base,next_close,2.0,0.0,0.5,0.6,0.4,90,1.0,1.5,8,4.0,5.0,LINKUSDT,216,237.9460885956645,0.37037037037037035,-0.3874989116579331,-83.69976491811354,,,0.5035699943815107,1.0612948873083385,-1.2397305581086808
15m,fz2_react0_body0.5_cl0.6_cs0.4,model_a,base,next_close,2.0,0.0,0.5,0.6,0.4,90,1.0,1.5,8,4.0,5.0,LTCUSDT,168,189.24286815728604,0.2857142857142857,-0.5890164171352973,-98.95475807872994,,,0.33068670898208297,1.0185508953203544,-1.2320433421175578
15m,fz2_react0_body0.5_cl0.6_cs0.4,model_a,base,next_close,2.0,0.0,0.5,0.6,0.4,90,1.0,1.5,8,4.0,5.0,SOLUSDT,183,225.068817958611,0.3825136612021858,-0.3229892248729372,-59.10702815174751,,,0.5528332343701422,1.043916372359947,-1.1697449045747237
15m,fz2_react0_body0.5_cl0.6_cs0.4,model_a,base,next_close,2.0,0.0,0.5,0.6,0.4,90,1.0,1.5,8,4.0,5.0,XRPUSDT,166,201.45446994081613,0.3674698795180723,-0.340246710446182,-56.480953934066214,,,0.5359775794868021,1.069497677953341,-1.1592410694211428
15m,fz2_react0_body0.5_cl0.7_cs0.3,model_a,base,next_close,2.0,0.0,0.5,0.7,0.3,90,1.0,1.5,8,4.0,5.0,ADAUSDT,181,212.5589121843392,0.32044198895027626,-0.4382764135914736,-79.32803086005673,,,0.4301733313459547,1.032522186173026,-1.131823720797498
15m,fz2_react0_body0.5_cl0.7_cs0.3,model_a,base,next_close,2.0,0.0,0.5,0.7,0.3,90,1.0,1.5,8,4.0,5.0,AVAXUSDT,179,197.12487437185928,0.3575418994413408,-0.3636751600235808,-65.09785364422096,,,0.5096288638792358,1.0570993691676165,-1.1543670719212906
15m,fz2_react0_body0.5_cl0.7_cs0.3,model_a,base,next_close,2.0,0.0,0.5,0.7,0.3,90,1.0,1.5,8,4.0,5.0,BNBUSDT,270,307.2495375328595,0.35185185185185186,-0.6290529423911243,-169.84429444560357,,,0.32545315581588974,0.8625886299385682,-1.4388012245129573
15m,fz2_react0_body0.5_cl0.7_cs0.3,model_a,base,next_close,2.0,0.0,0.5,0.7,0.3,90,1.0,1.5,8,4.0,5.0,BTCUSDT,252,289.5002948692746,0.24603174603174602,-1.0472367906782385,-263.9036712509161,,,0.16044220937979967,0.8134329868688263,-1.6544027180883332
15m,fz2_react0_body0.5_cl0.7_cs0.3,model_a,base,next_close,2.0,0.0,0.5,0.7,0.3,90,1.0,1.5,8,4.0,5.0,ETHUSDT,161,180.2229600306474,0.37267080745341613,-0.3897989689487662,-62.75763400075136,,,0.4784511896229616,0.9595287487370282,-1.1913797913363668
15m,fz2_react0_body0.5_cl0.7_cs0.3,model_a,base,next_close,2.0,0.0,0.5,0.7,0.3,90,1.0,1.5,8,4.0,5.0,LINKUSDT,201,221.42205466541,0.3781094527363184,-0.35976164992289833,-72.31209163450256,,,0.5290921451920856,1.0690369367773205,-1.2284711906366315
15m,fz2_react0_body0.5_cl0.7_cs0.3,model_a,base,next_close,2.0,0.0,0.5,0.7,0.3,90,1.0,1.5,8,4.0,5.0,LTCUSDT,159,179.1278755943966,0.29559748427672955,-0.5745893354567818,-91.35970433762832,,,0.3452193148771425,1.0248399669784776,-1.245778417728721
15m,fz2_react0_body0.5_cl0.7_cs0.3,model_a,base,next_close,2.0,0.0,0.5,0.7,0.3,90,1.0,1.5,8,4.0,5.0,SOLUSDT,176,216.58877619064333,0.375,-0.3583945436083393,-63.07743967506771,,,0.5175627678391399,1.0253032428007327,-1.1886132154537825
15m,fz2_react0_body0.5_cl0.7_cs0.3,model_a,base,next_close,2.0,0.0,0.5,0.7,0.3,90,1.0,1.5,8,4.0,5.0,XRPUSDT,159,192.95940193126364,0.36477987421383645,-0.36396940871939876,-57.8711359863844,,,0.5173572381342098,1.0695442220525764,-1.1871752560934041
15m,fz1.5_react0.25_body0.25_cl0.6_cs0.4,model_a,base,next_open,1.5,0.25,0.25,0.6,0.4,90,1.0,1.5,8,4.0,5.0,ADAUSDT,412,460.134029812715,0.35194174757281554,-0.37716959398816613,-155.39387272312445,,,0.5077872017747652,1.105591616941422,-1.1824144463656578
15m,fz1.5_react0.25_body0.25_cl0.6_cs0.4,model_a,base,next_open,1.5,0.25,0.25,0.6,0.4,90,1.0,1.5,8,4.0,5.0,AVAXUSDT,482,530.822199189673,0.34439834024896265,-0.39820059665869595,-191.93268758949145,,,0.48960329616745507,1.1091169146183046,-1.1900192892915507
15m,fz1.5_react0.25_body0.25_cl0.6_cs0.4,model_a,base,next_open,1.5,0.25,0.25,0.6,0.4,90,1.0,1.5,8,4.0,5.0,BNBUSDT,506,559.4495806268525,0.3241106719367589,-0.6743999962539456,-341.2463981044965,,,0.3094662658431589,0.9325081643211222,-1.444964143430294
15m,fz1.5_react0.25_body0.25_cl0.6_cs0.4,model_a,base,next_open,1.5,0.25,0.25,0.6,0.4,90,1.0,1.5,8,4.0,5.0,BTCUSDT,820,910.4071939712495,0.23170731707317074,-0.9667725637085709,-792.7535022410282,,,0.18074339885701607,0.9205069330758157,-1.5359520944848146
15m,fz1.5_react0.25_body0.25_cl0.6_cs0.4,model_a,base,next_open,1.5,0.25,0.25,0.6,0.4,90,1.0,1.5,8,4.0,5.0,ETHUSDT,610,671.1761014183508,0.33934426229508197,-0.4870576359809689,-297.105157948391,,,0.41903033774919624,1.035218104408492,-1.2689709815408161
15m,fz1.5_react0.25_body0.25_cl0.6_cs0.4,model_a,base,next_open,1.5,0.25,0.25,0.6,0.4,90,1.0,1.5,8,4.0,5.0,LINKUSDT,449,494.4951316037439,0.37193763919821826,-0.3580470918339543,-160.76314423344547,,,0.5372692657383458,1.1177216729400348,-1.2319952610440827
15m,fz1.5_react0.25_body0.25_cl0.6_cs0.4,model_a,base,next_open,1.5,0.25,0.25,0.6,0.4,90,1.0,1.5,8,4.0,5.0,LTCUSDT,501,551.7120693445557,0.36327345309381237,-0.414132000514214,-207.48013225762122,,,0.47948801688906134,1.0501519761866522,-1.249554206657028
15m,fz1.5_react0.25_body0.25_cl0.6_cs0.4,model_a,base,next_open,1.5,0.25,0.25,0.6,0.4,90,1.0,1.5,8,4.0,5.0,SOLUSDT,471,561.567683362236,0.33121019108280253,-0.4462493981674263,-210.1834665368578,,,0.43848964746124536,1.0521448379361193,-1.188311305571087
15m,fz1.5_react0.25_body0.25_cl0.6_cs0.4,model_a,base,next_open,1.5,0.25,0.25,0.6,0.4,90,1.0,1.5,8,4.0,5.0,XRPUSDT,502,581.4272312875735,0.34462151394422313,-0.41953267793673227,-210.6054043242396,,,0.4664165293840149,1.0641307026215052,-1.1996960968928876
15m,fz1.5_react0.25_body0.25_cl0.7_cs0.3,model_a,base,next_open,1.5,0.25,0.25,0.7,0.3,90,1.0,1.5,8,4.0,5.0,ADAUSDT,362,404.29252134029815,0.35082872928176795,-0.36916031825469886,-133.63603520820098,,,0.5142352835030471,1.1139245266799174,-1.1706572344534063
15m,fz1.5_react0.25_body0.25_cl0.7_cs0.3,model_a,base,next_open,1.5,0.25,0.25,0.7,0.3,90,1.0,1.5,8,4.0,5.0,AVAXUSDT,453,498.8847639687176,0.3355408388520971,-0.403278020250627,-182.684943173534,,,0.48100908569419726,1.1139166392011663,-1.1694361207046888
15m,fz1.5_react0.25_body0.25_cl0.7_cs0.3,model_a,base,next_open,1.5,0.25,0.25,0.7,0.3,90,1.0,1.5,8,4.0,5.0,BNBUSDT,462,510.80179100712616,0.329004329004329,-0.6520997439093971,-301.27008168614145,,,0.3185417225770873,0.9264872997623914,-1.4261166169355646
15m,fz1.5_react0.25_body0.25_cl0.7_cs0.3,model_a,base,next_open,1.5,0.25,0.25,0.7,0.3,90,1.0,1.5,8,4.0,5.0,BTCUSDT,762,846.0929098451503,0.23097112860892388,-0.9733734587594324,-741.7105755746875,,,0.17804149685578904,0.9128368168273725,-1.5398802992087117
15m,fz1.5_react0.25_body0.25_cl0.7_cs0.3,model_a,base,next_open,1.5,0.25,0.25,0.7,0.3,90,1.0,1.5,8,4.0,5.0,ETHUSDT,551,606.2590686582151,0.3339382940108893,-0.49143358915427854,-270.7799076240075,,,0.4128754725630743,1.0348739926947172,-1.2566668182011864
15m,fz1.5_react0.25_body0.25_cl0.7_cs0.3,model_a,base,next_open,1.5,0.25,0.25,0.7,0.3,90,1.0,1.5,8,4.0,5.0,LINKUSDT,410,451.54343865820715,0.37317073170731707,-0.3598087594679406,-147.52159138185564,,,0.538786440118762,1.126363964380526,-1.2445730658835645
15m,fz1.5_react0.25_body0.25_cl0.7_cs0.3,model_a,base,next_open,1.5,0.25,0.25,0.7,0.3,90,1.0,1.5,8,4.0,5.0,LTCUSDT,462,508.74844544940646,0.36147186147186144,-0.41707639021455356,-192.68929227912375,,,0.4756916549461461,1.0468389496206567,-1.2458013453077064
15m,fz1.5_react0.25_body0.25_cl0.7_cs0.3,model_a,base,next_open,1.5,0.25,0.25,0.7,0.3,90,1.0,1.5,8,4.0,5.0,SOLUSDT,455,542.4910741609712,0.32967032967032966,-0.4567742361580915,-207.83227745193162,,,0.42973256542974425,1.044098404296097,-1.1949083216273644
15m,fz1.5_react0.25_body0.25_cl0.7_cs0.3,model_a,base,next_open,1.5,0.25,0.25,0.7,0.3,90,1.0,1.5,8,4.0,5.0,XRPUSDT,453,524.6743740503402,0.33112582781456956,-0.4439913253115033,-201.128070366111,,,0.4475153940617968,1.0860985289527572,-1.2014615501948005
15m,fz1.5_react0.25_body0.5_cl0.6_cs0.4,model_a,base,next_open,1.5,0.25,0.5,0.6,0.4,90,1.0,1.5,8,4.0,5.0,ADAUSDT,348,388.65689896802144,0.35919540229885055,-0.34898731673262695,-121.44758622295419,,,0.5319372198763722,1.1041679726650513,-1.1635362457671998
15m,fz1.5_react0.25_body0.5_cl0.6_cs0.4,model_a,base,next_open,1.5,0.25,0.5,0.6,0.4,90,1.0,1.5,8,4.0,5.0,AVAXUSDT,414,455.934420050881,0.34782608695652173,-0.4045710032829202,-167.49239535912898,,,0.485529347971757,1.0977096499892776,-1.205787351694759
15m,fz1.5_react0.25_body0.5_cl0.6_cs0.4,model_a,base,next_open,1.5,0.25,0.5,0.6,0.4,90,1.0,1.5,8,4.0,5.0,BNBUSDT,435,481.040746814684,0.3425287356321839,-0.6284127780640596,-273.35955845786594,,,0.3394216368306704,0.9426775725725784,-1.446917890808322
15m,fz1.5_react0.25_body0.5_cl0.6_cs0.4,model_a,base,next_open,1.5,0.25,0.5,0.6,0.4,90,1.0,1.5,8,4.0,5.0,BTCUSDT,708,786.1335697773837,0.2330508474576271,-0.9759376205462312,-690.9638353467317,,,0.17862868915913088,0.910716184723845,-1.5492302133078566
15m,fz1.5_react0.25_body0.5_cl0.6_cs0.4,model_a,base,next_open,1.5,0.25,0.5,0.6,0.4,90,1.0,1.5,8,4.0,5.0,ETHUSDT,511,562.247521024225,0.34637964774951074,-0.46498426695146866,-237.6069604122005,,,0.433829060469947,1.0286247232217693,-1.2565075940792025
15m,fz1.5_react0.25_body0.5_cl0.6_cs0.4,model_a,base,next_open,1.5,0.25,0.5,0.6,0.4,90,1.0,1.5,8,4.0,5.0,LINKUSDT,404,445.0053717839977,0.3589108910891089,-0.390979419406461,-157.95568544021026,,,0.5045124792323108,1.1091912946083948,-1.2308433326580213
15m,fz1.5_react0.25_body0.5_cl0.6_cs0.4,model_a,base,next_open,1.5,0.25,0.5,0.6,0.4,90,1.0,1.5,8,4.0,5.0,LTCUSDT,428,471.337688442211,0.3644859813084112,-0.4283234646887887,-183.32244288680155,,,0.46879188045254083,1.0370660421852476,-1.2687674465724272
15m,fz1.5_react0.25_body0.5_cl0.6_cs0.4,model_a,base,next_open,1.5,0.25,0.5,0.6,0.4,90,1.0,1.5,8,4.0,5.0,SOLUSDT,415,494.8163764961915,0.3228915662650602,-0.4667249176818088,-193.69084083795065,,,0.42331352760554364,1.0610275709681851,-1.1952616916287808
15m,fz1.5_react0.25_body0.5_cl0.6_cs0.4,model_a,base,next_open,1.5,0.25,0.5,0.6,0.4,90,1.0,1.5,8,4.0,5.0,XRPUSDT,430,498.1669199762109,0.36046511627906974,-0.38664657121031,-166.2580256204333,,,0.4976677874513419,1.062672453698671,-1.2035354761590085
15m,fz1.5_react0.25_body0.5_cl0.7_cs0.3,model_a,base,next_open,1.5,0.25,0.5,0.7,0.3,90,1.0,1.5,8,4.0,5.0,ADAUSDT,316,352.9183335456746,0.3512658227848101,-0.35110286175919225,-110.94850431590476,,,0.5274730684864269,1.1157636217921358,-1.1453573967552773
15m,fz1.5_react0.25_body0.5_cl0.7_cs0.3,model_a,base,next_open,1.5,0.25,0.5,0.7,0.3,90,1.0,1.5,8,4.0,5.0,AVAXUSDT,387,426.1995665693018,0.34366925064599485,-0.40725513778911726,-157.60773832438838,,,0.47853277055391447,1.0874531582254576,-1.189917355781001
15m,fz1.5_react0.25_body0.5_cl0.7_cs0.3,model_a,base,next_open,1.5,0.25,0.5,0.7,0.3,90,1.0,1.5,8,4.0,5.0,BNBUSDT,402,444.54800050460454,0.35074626865671643,-0.6000336183214938,-241.2135145652405,,,0.3546367222047156,0.94007386370279,-1.432045706311624
15m,fz1.5_react0.25_body0.5_cl0.7_cs0.3,model_a,base,next_open,1.5,0.25,0.5,0.7,0.3,90,1.0,1.5,8,4.0,5.0,BTCUSDT,666,739.4985275024542,0.22972972972972974,-0.983065676737094,-654.7217407069046,,,0.1727553258376223,0.8936404050312465,-1.5427850344574763
15m,fz1.5_react0.25_body0.5_cl0.7_cs0.3,model_a,base,next_open,1.5,0.25,0.5,0.7,0.3,90,1.0,1.5,8,4.0,5.0,ETHUSDT,467,513.9799742615901,0.3490364025695932,-0.4582456148428609,-214.00070213161604,,,0.4406413882227838,1.0342429088188392,-1.258494395621996
15m,fz1.5_react0.25_body0.5_cl0.7_cs0.3,model_a,base,next_open,1.5,0.25,0.5,0.7,0.3,90,1.0,1.5,8,4.0,5.0,LINKUSDT,375,413.06191687871075,0.36533333333333334,-0.3792416523703339,-142.2156196388752,,,0.5157128059865818,1.105431055577484,-1.2338641775335737
15m,fz1.5_react0.25_body0.5_cl0.7_cs0.3,model_a,base,next_open,1.5,0.25,0.5,0.7,0.3,90,1.0,1.5,8,4.0,5.0,LTCUSDT,404,445.0053717839977,0.37623762376237624,-0.39402258273435986,-159.1851234246814,,,0.4989827802833055,1.0430179834293654,-1.260808955975972
15m,fz1.5_react0.25_body0.5_cl0.7_cs0.3,model_a,base,next_open,1.5,0.25,0.5,0.7,0.3,90,1.0,1.5,8,4.0,5.0,SOLUSDT,402,479.316104461371,0.32587064676616917,-0.4659800017579478,-187.323960706695,,,0.4234490399996265,1.050232585812508,-1.19890933375695
15m,fz1.5_react0.25_body0.5_cl0.7_cs0.3,model_a,base,next_open,1.5,0.25,0.5,0.7,0.3,90,1.0,1.5,8,4.0,5.0,XRPUSDT,391,453.1640113703973,0.35038363171355497,-0.40909501093354667,-159.95614927501674,,,0.4789236449027439,1.0731125794316492,-1.2085534356580814
15m,fz1.5_react0_body0.25_cl0.6_cs0.4,model_a,base,next_open,1.5,0.0,0.25,0.6,0.4,90,1.0,1.5,8,4.0,5.0,ADAUSDT,420,469.0686711683017,0.3761904761904762,-0.3312496434133772,-139.12485023361842,,,0.5481770709319509,1.068317203802074,-1.175263238299031
15m,fz1.5_react0_body0.25_cl0.6_cs0.4,model_a,base,next_open,1.5,0.0,0.25,0.6,0.4,90,1.0,1.5,8,4.0,5.0,AVAXUSDT,505,556.1169561257498,0.3504950495049505,-0.3905294159243865,-197.21735504181518,,,0.49450404306891604,1.0899937909702666,-1.1894702928157086
15m,fz1.5_react0_body0.25_cl0.6_cs0.4,model_a,base,next_open,1.5,0.0,0.25,0.6,0.4,90,1.0,1.5,8,4.0,5.0,BNBUSDT,520,574.9284227785836,0.34615384615384615,-0.6287359750346696,-326.9427070180282,,,0.3377145886294604,0.9261978790945302,-1.4519362507501283
15m,fz1.5_react0_body0.25_cl0.6_cs0.4,model_a,base,next_open,1.5,0.0,0.25,0.6,0.4,90,1.0,1.5,8,4.0,5.0,BTCUSDT,846,939.2737635361915,0.23286052009456265,-0.9596176404212868,-811.8365237964086,,,0.18039011588794432,0.9070013013894854,-1.5262184594301038
15m,fz1.5_react0_body0.25_cl0.6_cs0.4,model_a,base,next_open,1.5,0.0,0.25,0.6,0.4,90,1.0,1.5,8,4.0,5.0,ETHUSDT,634,697.5830299987449,0.34542586750788645,-0.47368555485671426,-300.31664177915684,,,0.4282231139241457,1.0270197472045615,-1.2656240154625442
15m,fz1.5_react0_body0.25_cl0.6_cs0.4,model_a,base,next_open,1.5,0.0,0.25,0.6,0.4,90,1.0,1.5,8,4.0,5.0,LINKUSDT,463,509.9136880457315,0.38444924406047515,-0.32757562072398655,-151.66751239520576,,,0.5683883692677889,1.122082023358191,-1.2329758335191712
15m,fz1.5_react0_body0.25_cl0.6_cs0.4,model_a,base,next_open,1.5,0.0,0.25,0.6,0.4,90,1.0,1.5,8,4.0,5.0,LTCUSDT,526,579.2426117270186,0.36311787072243346,-0.41766343388129284,-219.69096622156005,,,0.47398310072581584,1.0364348138364394,-1.2467164646696118
15m,fz1.5_react0_body0.25_cl0.6_cs0.4,model_a,base,next_open,1.5,0.0,0.25,0.6,0.4,90,1.0,1.5,8,4.0,5.0,SOLUSDT,494,588.9903090890543,0.32793522267206476,-0.45701596472344136,-225.76588657338004,,,0.4284069610927583,1.044510700707196,-1.1896886147227281
15m,fz1.5_react0_body0.25_cl0.6_cs0.4,model_a,base,next_open,1.5,0.0,0.25,0.6,0.4,90,1.0,1.5,8,4.0,5.0,XRPUSDT,521,603.4334412367048,0.3512476007677543,-0.3996429802773634,-208.21399272450634,,,0.4850288968092083,1.0716268245366427,-1.1962180521145325
15m,fz1.5_react0_body0.25_cl0.7_cs0.3,model_a,base,next_open,1.5,0.0,0.25,0.7,0.3,90,1.0,1.5,8,4.0,5.0,ADAUSDT,376,419.92814371257487,0.3617021276595745,-0.3483929295474216,-130.99574150983054,,,0.5291344502877517,1.082399019588367,-1.159175034057702
15m,fz1.5_react0_body0.25_cl0.7_cs0.3,model_a,base,next_open,1.5,0.0,0.25,0.7,0.3,90,1.0,1.5,8,4.0,5.0,AVAXUSDT,474,521.9790835714958,0.339662447257384,-0.406587009467881,-192.7222424877756,,,0.47687904358390637,1.0912194136386515,-1.1770241791808258
15m,fz1.5_react0_body0.25_cl0.7_cs0.3,model_a,base,next_open,1.5,0.0,0.25,0.7,0.3,90,1.0,1.5,8,4.0,5.0,BNBUSDT,477,527.3862647411238,0.3480083857442348,-0.6147472383530717,-293.2344326944152,,,0.34009400776467674,0.91038225819484,-1.4288034969606387
15m,fz1.5_react0_body0.25_cl0.7_cs0.3,model_a,base,next_open,1.5,0.0,0.25,0.7,0.3,90,1.0,1.5,8,4.0,5.0,BTCUSDT,790,877.1829380284366,0.23417721518987342,-0.9572512658492783,-756.2285000209299,,,0.18304801321406194,0.9159036681879941,-1.530034179563155
15m,fz1.5_react0_body0.25_cl0.7_cs0.3,model_a,base,next_open,1.5,0.0,0.25,0.7,0.3,90,1.0,1.5,8,4.0,5.0,ETHUSDT,571,628.2648424752102,0.3345008756567426,-0.48980718641281473,-279.6799034417172,,,0.4129673216381352,1.0301045441252388,-1.2537628193937838
15m,fz1.5_react0_body0.25_cl0.7_cs0.3,model_a,base,next_open,1.5,0.0,0.25,0.7,0.3,90,1.0,1.5,8,4.0,5.0,LINKUSDT,427,470.26597148062064,0.3840749414519906,-0.3350097434678419,-143.0491604607685,,,0.5600333422167382,1.1102878412587198,-1.23625994839239
15m,fz1.5_react0_body0.25_cl0.7_cs0.3,model_a,base,next_open,1.5,0.0,0.25,0.7,0.3,90,1.0,1.5,8,4.0,5.0,LTCUSDT,485,534.0757490107405,0.36082474226804123,-0.4142090506804443,-200.89138958001547,,,0.4751693211936412,1.0393275837074107,-1.2347539249316528
15m,fz1.5_react0_body0.25_cl0.7_cs0.3,model_a,base,next_open,1.5,0.0,0.25,0.7,0.3,90,1.0,1.5,8,4.0,5.0,SOLUSDT,467,556.7985310619198,0.3297644539614561,-0.4562026513789168,-213.04663819395415,,,0.4296604025472279,1.042187286500179,-1.1934296495686318
15m,fz1.5_react0_body0.25_cl0.7_cs0.3,model_a,base,next_open,1.5,0.0,0.25,0.7,0.3,90,1.0,1.5,8,4.0,5.0,XRPUSDT,473,547.8388055757416,0.33403805496828753,-0.43336746829543155,-204.98281250373913,,,0.45742769541734085,1.0937679540681324,-1.1993592039571557
15m,fz1.5_react0_body0.5_cl0.6_cs0.4,model_a,base,next_open,1.5,0.0,0.5,0.6,0.4,90,1.0,1.5,8,4.0,5.0,ADAUSDT,353,394.2410498152631,0.3626062322946176,-0.3510003520124664,-123.90312426040063,,,0.5283170183342506,1.0842181698960651,-1.1674802222537644
15m,fz1.5_react0_body0.5_cl0.6_cs0.4,model_a,base,next_open,1.5,0.0,0.5,0.6,0.4,90,1.0,1.5,8,4.0,5.0,AVAXUSDT,415,457.0357109205691,0.3493975903614458,-0.40307851326214467,-167.27758300379003,,,0.4859736636432334,1.0906793881943049,-1.2052818307109787
15m,fz1.5_react0_body0.5_cl0.6_cs0.4,model_a,base,next_open,1.5,0.0,0.5,0.6,0.4,90,1.0,1.5,8,4.0,5.0,BNBUSDT,439,485.35696042881915,0.3439635535307517,-0.6202091332467635,-272.2718094953292,,,0.3434349390955786,0.9431753415566009,-1.439900298855472
15m,fz1.5_react0_body0.5_cl0.6_cs0.4,model_a,base,next_open,1.5,0.0,0.5,0.6,0.4,90,1.0,1.5,8,4.0,5.0,BTCUSDT,712,790.5750023749961,0.2345505617977528,-0.9714371459842834,-691.6632479408098,,,0.17992040379315216,0.9086625704740028,-1.547541095798107
15m,fz1.5_react0_body0.5_cl0.6_cs0.4,model_a,base,next_open,1.5,0.0,0.5,0.6,0.4,90,1.0,1.5,8,4.0,5.0,ETHUSDT,515,566.6486757876239,0.34951456310679613,-0.4587288222599195,-236.24534346385855,,,0.4377028922275396,1.0216551266035938,-1.2541590037388222
15m,fz1.5_react0_body0.5_cl0.6_cs0.4,model_a,base,next_open,1.5,0.0,0.5,0.6,0.4,90,1.0,1.5,8,4.0,5.0,LINKUSDT,406,447.2083686740175,0.35960591133004927,-0.38482109589876773,-156.2373649348997,,,0.511871283557053,1.1221694931174246,-1.2310542728078602
15m,fz1.5_react0_body0.5_cl0.6_cs0.4,model_a,base,next_open,1.5,0.0,0.5,0.6,0.4,90,1.0,1.5,8,4.0,5.0,LTCUSDT,429,472.4389447236181,0.3682983682983683,-0.42289753294322396,-181.42304163264308,,,0.4721700078825064,1.0271637645729832,-1.2683207248530421
15m,fz1.5_react0_body0.5_cl0.6_cs0.4,model_a,base,next_open,1.5,0.0,0.5,0.6,0.4,90,1.0,1.5,8,4.0,5.0,SOLUSDT,417,497.2010337323177,0.3237410071942446,-0.4668257082217748,-194.6663203284801,,,0.4221667889654783,1.0535098902875453,-1.1946459415507047
15m,fz1.5_react0_body0.5_cl0.6_cs0.4,model_a,base,next_open,1.5,0.0,0.5,0.6,0.4,90,1.0,1.5,8,4.0,5.0,XRPUSDT,430,498.1669199762109,0.3627906976744186,-0.38192241222509377,-164.22663725679033,,,0.5021931779640714,1.0620108817054426,-1.204015820448319
15m,fz1.5_react0_body0.5_cl0.7_cs0.3,model_a,base,next_open,1.5,0.0,0.5,0.7,0.3,90,1.0,1.5,8,4.0,5.0,ADAUSDT,319,356.2688240540196,0.3510971786833856,-0.35184113197932904,-112.23732110140597,,,0.5264479127593921,1.1140557452387188,-1.1449834037108333
15m,fz1.5_react0_body0.5_cl0.7_cs0.3,model_a,base,next_open,1.5,0.0,0.5,0.7,0.3,90,1.0,1.5,8,4.0,5.0,AVAXUSDT,387,426.1995665693018,0.3462532299741602,-0.4036071031598513,-156.19594892286247,,,0.48087103285940663,1.0797378381643872,-1.189252249948183
15m,fz1.5_react0_body0.5_cl0.7_cs0.3,model_a,base,next_open,1.5,0.0,0.5,0.7,0.3,90,1.0,1.5,8,4.0,5.0,BNBUSDT,406,448.87226864259816,0.3522167487684729,-0.591583646750816,-240.1829605808313,,,0.3589888581919881,0.9406358954113704,-1.4246916107401415
15m,fz1.5_react0_body0.5_cl0.7_cs0.3,model_a,base,next_open,1.5,0.0,0.5,0.7,0.3,90,1.0,1.5,8,4.0,5.0,BTCUSDT,672,746.1606763988726,0.23214285714285715,-0.9778522857397685,-657.1167360171244,,,0.1749306765125888,0.8930863786223545,-1.5434849051980846
15m,fz1.5_react0_body0.5_cl0.7_cs0.3,model_a,base,next_open,1.5,0.0,0.5,0.7,0.3,90,1.0,1.5,8,4.0,5.0,ETHUSDT,470,517.2817728114504,0.35106382978723405,-0.45259395622030424,-212.719159423543,,,0.44467292970671124,1.0323204040945184,-1.2559082822922574
15m,fz1.5_react0_body0.5_cl0.7_cs0.3,model_a,base,next_open,1.5,0.0,0.5,0.7,0.3,90,1.0,1.5,8,4.0,5.0,LINKUSDT,377,415.26491376873054,0.3660477453580902,-0.3744781885585452,-141.17827708657154,,,0.5209499495948599,1.112509943345303,-1.233073846310558
15m,fz1.5_react0_body0.5_cl0.7_cs0.3,model_a,base,next_open,1.5,0.0,0.5,0.7,0.3,90,1.0,1.5,8,4.0,5.0,LTCUSDT,405,446.1068702290076,0.37777777777777777,-0.3925349199156711,-158.9766425658468,,,0.49963895026961014,1.0375634924189423,-1.260808955975972
15m,fz1.5_react0_body0.5_cl0.7_cs0.3,model_a,base,next_open,1.5,0.0,0.5,0.7,0.3,90,1.0,1.5,8,4.0,5.0,SOLUSDT,404,481.7007616974972,0.32673267326732675,-0.46500809821260497,-187.8632716778924,,,0.4236015442821348,1.0459301359079725,-1.1982575353593556
15m,fz1.5_react0_body0.5_cl0.7_cs0.3,model_a,base,next_open,1.5,0.0,0.5,0.7,0.3,90,1.0,1.5,8,4.0,5.0,XRPUSDT,393,455.4819858531103,0.3511450381679389,-0.4076082294985204,-160.19003419291852,,,0.48052129841313174,1.0737453676922044,-1.2092819409193831
15m,fz2.5_react0.25_body0.25_cl0.6_cs0.4,model_a,base,next_open,2.5,0.25,0.25,0.6,0.4,90,1.0,1.5,8,4.0,5.0,ADAUSDT,159,186.691759032917,0.3584905660377358,-0.3581449228380026,-56.94504273124241,,,0.523334390422717,1.0968481897293045,-1.1712293092726742
15m,fz2.5_react0.25_body0.25_cl0.6_cs0.4,model_a,base,next_open,2.5,0.25,0.25,0.6,0.4,90,1.0,1.5,8,4.0,5.0,AVAXUSDT,131,156.4024651843781,0.4198473282442748,-0.15382799878030054,-20.15146784021937,,,0.7654189084813336,1.1955016507938518,-1.1303165609721213
15m,fz2.5_react0.25_body0.25_cl0.6_cs0.4,model_a,base,next_open,2.5,0.25,0.25,0.6,0.4,90,1.0,1.5,8,4.0,5.0,BNBUSDT,252,291.9007631066037,0.3333333333333333,-0.6209295707815989,-156.47425183696294,,,0.3361836580298286,0.9433921460777897,-1.4030904292112933
15m,fz2.5_react0.25_body0.25_cl0.6_cs0.4,model_a,base,next_open,2.5,0.25,0.25,0.6,0.4,90,1.0,1.5,8,4.0,5.0,BTCUSDT,111,127.51798702575192,0.2882882882882883,-0.8366172705447396,-92.86451703046609,,,0.24737925370248573,0.9538650040314116,-1.5618759134110287
15m,fz2.5_react0.25_body0.25_cl0.6_cs0.4,model_a,base,next_open,2.5,0.25,0.25,0.6,0.4,90,1.0,1.5,8,4.0,5.0,ETHUSDT,103,120.81731509048942,0.2912621359223301,-0.5410686478504528,-55.730070728596644,,,0.3515261919317442,1.0070095505048946,-1.1772651677225137
15m,fz2.5_react0.25_body0.25_cl0.6_cs0.4,model_a,base,next_open,2.5,0.25,0.25,0.6,0.4,90,1.0,1.5,8,4.0,5.0,LINKUSDT,149,164.09749356115333,0.38926174496644295,-0.29265257219931345,-43.605233257697705,,,0.6000886238295733,1.1281380712291647,-1.1982114438350469
15m,fz2.5_react0.25_body0.25_cl0.6_cs0.4,model_a,base,next_open,2.5,0.25,0.25,0.6,0.4,90,1.0,1.5,8,4.0,5.0,LTCUSDT,85,133.3231939163498,0.4117647058823529,-0.25444002258255904,-21.62740191951752,,,0.6147763222585678,0.9861442941442267,-1.122849044291309
15m,fz2.5_react0.25_body0.25_cl0.6_cs0.4,model_a,base,next_open,2.5,0.25,0.25,0.6,0.4,90,1.0,1.5,8,4.0,5.0,SOLUSDT,126,172.1569574874333,0.3333333333333333,-0.43478968167912735,-54.783499891570045,,,0.4419040832102914,1.032808142246843,-1.1685885936421125
15m,fz2.5_react0.25_body0.25_cl0.6_cs0.4,model_a,base,next_open,2.5,0.25,0.25,0.6,0.4,90,1.0,1.5,8,4.0,5.0,XRPUSDT,87,105.57059800664452,0.40229885057471265,-0.21867209595107898,-19.02447234774387,,,0.6759661071781915,1.1339112357339065,-1.1290647230467423
15m,fz2.5_react0.25_body0.25_cl0.7_cs0.3,model_a,base,next_open,2.5,0.25,0.25,0.7,0.3,90,1.0,1.5,8,4.0,5.0,ADAUSDT,140,164.38268090948665,0.35,-0.37470371876151876,-52.458520626612625,,,0.5087054564868276,1.1085222489771023,-1.173363855236161
15m,fz2.5_react0.25_body0.25_cl0.7_cs0.3,model_a,base,next_open,2.5,0.25,0.25,0.7,0.3,90,1.0,1.5,8,4.0,5.0,AVAXUSDT,124,148.04508154857163,0.4032258064516129,-0.18623757922906709,-23.09345982440432,,,0.724893969871987,1.217007839661097,-1.1343763757764753
15m,fz2.5_react0.25_body0.25_cl0.7_cs0.3,model_a,base,next_open,2.5,0.25,0.25,0.7,0.3,90,1.0,1.5,8,4.0,5.0,BNBUSDT,232,268.7340358759208,0.3275862068965517,-0.6213050793514969,-144.14277840954728,,,0.33182750115774495,0.9418962691530528,-1.3828647106742262
15m,fz2.5_react0.25_body0.25_cl0.7_cs0.3,model_a,base,next_open,2.5,0.25,0.25,0.7,0.3,90,1.0,1.5,8,4.0,5.0,BTCUSDT,103,118.32750147434638,0.3106796116504854,-0.7747905212538616,-79.80342368914775,,,0.2764090095585277,0.952643896581633,-1.5533525123909857
15m,fz2.5_react0.25_body0.25_cl0.7_cs0.3,model_a,base,next_open,2.5,0.25,0.25,0.7,0.3,90,1.0,1.5,8,4.0,5.0,ETHUSDT,92,107.9144950322818,0.29347826086956524,-0.5290080305594393,-48.66873881146842,,,0.3608564044665946,1.017705927707688,-1.171489213224246
15m,fz2.5_react0.25_body0.25_cl0.7_cs0.3,model_a,base,next_open,2.5,0.25,0.25,0.7,0.3,90,1.0,1.5,8,4.0,5.0,LINKUSDT,134,147.5776116590238,0.373134328358209,-0.35976443477021547,-48.20843425920887,,,0.5277842167542159,1.0776281360845776,-1.2153552507552112
15m,fz2.5_react0.25_body0.25_cl0.7_cs0.3,model_a,base,next_open,2.5,0.25,0.25,0.7,0.3,90,1.0,1.5,8,4.0,5.0,LTCUSDT,80,125.480653097741,0.375,-0.33645055223046094,-26.916044178436877,,,0.52507168658429,0.9919288387830493,-1.133478186838567
15m,fz2.5_react0.25_body0.25_cl0.7_cs0.3,model_a,base,next_open,2.5,0.25,0.25,0.7,0.3,90,1.0,1.5,8,4.0,5.0,SOLUSDT,121,165.3253321903129,0.3305785123966942,-0.42492374585102305,-51.41577324797379,,,0.45262948671518954,1.062913259367782,-1.159658069415865
15m,fz2.5_react0.25_body0.25_cl0.7_cs0.3,model_a,base,next_open,2.5,0.25,0.25,0.7,0.3,90,1.0,1.5,8,4.0,5.0,XRPUSDT,78,94.64295106927815,0.34615384615384615,-0.3381975941617954,-26.37941234462004,,,0.5374910053465953,1.1354090987833179,-1.1183423139562672
15m,fz2.5_react0.25_body0.5_cl0.6_cs0.4,model_a,base,next_open,2.5,0.25,0.5,0.6,0.4,90,1.0,1.5,8,4.0,5.0,ADAUSDT,134,157.36405653426218,0.3656716417910448,-0.32748519994878494,-43.88301679313718,,,0.5534474938264866,1.1099522351998266,-1.1561256037403376
15m,fz2.5_react0.25_body0.5_cl0.6_cs0.4,model_a,base,next_open,2.5,0.25,0.5,0.6,0.4,90,1.0,1.5,8,4.0,5.0,AVAXUSDT,116,138.4937859647928,0.4051724137931034,-0.20652955771326584,-23.957428694738837,,,0.7032609735125048,1.208048015460298,-1.1700823974112005
15m,fz2.5_react0.25_body0.5_cl0.6_cs0.4,model_a,base,next_open,2.5,0.25,0.5,0.6,0.4,90,1.0,1.5,8,4.0,5.0,BNBUSDT,217,251.35899045290873,0.35944700460829493,-0.5670500033484147,-123.04985072660598,,,0.37212527404434736,0.9349807175892713,-1.4099161632990587
15m,fz2.5_react0.25_body0.5_cl0.6_cs0.4,model_a,base,next_open,2.5,0.25,0.5,0.6,0.4,90,1.0,1.5,8,4.0,5.0,BTCUSDT,95,109.1405917237312,0.29473684210526313,-0.8771076425638569,-83.3252260435664,,,0.23899195641946594,0.9345714429710678,-1.6342272603993477
15m,fz2.5_react0.25_body0.5_cl0.6_cs0.4,model_a,base,next_open,2.5,0.25,0.5,0.6,0.4,90,1.0,1.5,8,4.0,5.0,ETHUSDT,91,106.74151139062657,0.31868131868131866,-0.5251790298037476,-47.79129171214103,,,0.36968881616219146,0.9665672377093593,-1.2229313162211688
15m,fz2.5_react0.25_body0.5_cl0.6_cs0.4,model_a,base,next_open,2.5,0.25,0.5,0.6,0.4,90,1.0,1.5,8,4.0,5.0,LINKUSDT,132,145.39779474130617,0.38636363636363635,-0.3065274589276424,-40.46162457844879,,,0.5826134668279142,1.1074273025037351,-1.196795271680732
15m,fz2.5_react0.25_body0.5_cl0.6_cs0.4,model_a,base,next_open,2.5,0.25,0.5,0.6,0.4,90,1.0,1.5,8,4.0,5.0,LTCUSDT,70,109.79066022544283,0.4142857142857143,-0.2713667324742479,-18.995671273197356,,,0.5986161340160687,0.976888852264853,-1.154279219240929
15m,fz2.5_react0.25_body0.5_cl0.6_cs0.4,model_a,base,next_open,2.5,0.25,0.5,0.6,0.4,90,1.0,1.5,8,4.0,5.0,SOLUSDT,113,154.3947317149203,0.3274336283185841,-0.44718769037914297,-50.532209012843154,,,0.4417951961764336,1.0809210623702097,-1.1911353726386962
15m,fz2.5_react0.25_body0.5_cl0.6_cs0.4,model_a,base,next_open,2.5,0.25,0.5,0.6,0.4,90,1.0,1.5,8,4.0,5.0,XRPUSDT,80,97.07977158677973,0.4125,-0.18993781052267106,-15.195024841813684,,,0.709391646260771,1.1239977717185257,-1.1124883257132985
15m,fz2.5_react0.25_body0.5_cl0.7_cs0.3,model_a,base,next_open,2.5,0.25,0.5,0.7,0.3,90,1.0,1.5,8,4.0,5.0,ADAUSDT,119,139.74867707147163,0.3445378151260504,-0.35549307840811123,-42.30367633056524,,,0.5248190953206172,1.1395802192237063,-1.1413649399838102
15m,fz2.5_react0.25_body0.5_cl0.7_cs0.3,model_a,base,next_open,2.5,0.25,0.5,0.7,0.3,90,1.0,1.5,8,4.0,5.0,AVAXUSDT,107,127.74857843304164,0.40186915887850466,-0.23122726679158054,-24.74131754669912,,,0.6724544745622495,1.1812602352638446,-1.1802423072350694
15m,fz2.5_react0.25_body0.5_cl0.7_cs0.3,model_a,base,next_open,2.5,0.25,0.5,0.7,0.3,90,1.0,1.5,8,4.0,5.0,BNBUSDT,200,231.66727230682832,0.355,-0.5670514004854312,-113.41028009708626,,,0.36970752659298256,0.9369366886041214,-1.3948277906044875
15m,fz2.5_react0.25_body0.5_cl0.7_cs0.3,model_a,base,next_open,2.5,0.25,0.5,0.7,0.3,90,1.0,1.5,8,4.0,5.0,BTCUSDT,89,102.24750172012712,0.3146067415730337,-0.8203466496427999,-73.01085181820919,,,0.2633899001515603,0.9323754556919981,-1.62487482914074
15m,fz2.5_react0.25_body0.5_cl0.7_cs0.3,model_a,base,next_open,2.5,0.25,0.5,0.7,0.3,90,1.0,1.5,8,4.0,5.0,ETHUSDT,80,93.83869133241896,0.3125,-0.5292980744288512,-42.3438459543081,,,0.3724790037703163,1.0053651528237644,-1.2268722686345856
15m,fz2.5_react0.25_body0.5_cl0.7_cs0.3,model_a,base,next_open,2.5,0.25,0.5,0.7,0.3,90,1.0,1.5,8,4.0,5.0,LINKUSDT,122,134.38281029120722,0.38524590163934425,-0.3233968248025528,-39.45441262591144,,,0.5623547227890557,1.078663106731565,-1.2020210485639333
15m,fz2.5_react0.25_body0.5_cl0.7_cs0.3,model_a,base,next_open,2.5,0.25,0.5,0.7,0.3,90,1.0,1.5,8,4.0,5.0,LTCUSDT,66,103.5169082125604,0.42424242424242425,-0.2599818959125568,-17.15880513022875,,,0.6152722470394498,0.980037786251563,-1.1736806090861187
15m,fz2.5_react0.25_body0.5_cl0.7_cs0.3,model_a,base,next_open,2.5,0.25,0.5,0.7,0.3,90,1.0,1.5,8,4.0,5.0,SOLUSDT,109,148.92943147722403,0.3394495412844037,-0.4181923208402932,-45.582962971591954,,,0.4678525359952012,1.0831231011297446,-1.1897016349082294
15m,fz2.5_react0.25_body0.5_cl0.7_cs0.3,model_a,base,next_open,2.5,0.25,0.5,0.7,0.3,90,1.0,1.5,8,4.0,5.0,XRPUSDT,72,87.38086667589644,0.3611111111111111,-0.32010215789568724,-23.04735536848948,,,0.5608309092338766,1.1320039048668722,-1.1408577585875685
15m,fz2.5_react0_body0.25_cl0.6_cs0.4,model_a,base,next_open,2.5,0.0,0.25,0.6,0.4,90,1.0,1.5,8,4.0,5.0,ADAUSDT,160,187.8659210394133,0.4,-0.2800578569694217,-44.80925711510747,,,0.6007026515380957,1.0532971099960784,-1.1689611682797552
15m,fz2.5_react0_body0.25_cl0.6_cs0.4,model_a,base,next_open,2.5,0.0,0.25,0.6,0.4,90,1.0,1.5,8,4.0,5.0,AVAXUSDT,136,162.36096830206665,0.41911764705882354,-0.14849367535054878,-20.195139847674632,,,0.7690115305495873,1.1795451241532062,-1.1066988851190809
15m,fz2.5_react0_body0.25_cl0.6_cs0.4,model_a,base,next_open,2.5,0.0,0.25,0.6,0.4,90,1.0,1.5,8,4.0,5.0,BNBUSDT,257,297.6924449142744,0.35019455252918286,-0.5815550689365192,-149.45965271668544,,,0.36139115735677196,0.9397753586767084,-1.401433742500534
15m,fz2.5_react0_body0.25_cl0.6_cs0.4,model_a,base,next_open,2.5,0.0,0.25,0.6,0.4,90,1.0,1.5,8,4.0,5.0,BTCUSDT,112,128.66679771967762,0.29464285714285715,-0.8042322330595579,-90.07401010267048,,,0.2617066146400665,0.967545239055352,-1.5443418100189505
15m,fz2.5_react0_body0.25_cl0.6_cs0.4,model_a,base,next_open,2.5,0.0,0.25,0.6,0.4,90,1.0,1.5,8,4.0,5.0,ETHUSDT,103,120.81731509048942,0.32038834951456313,-0.47896911602191516,-49.33381895025726,,,0.3988290445244262,0.9917896769408431,-1.1723268327043581
15m,fz2.5_react0_body0.25_cl0.6_cs0.4,model_a,base,next_open,2.5,0.0,0.25,0.6,0.4,90,1.0,1.5,8,4.0,5.0,LINKUSDT,153,168.50279540172122,0.40522875816993464,-0.24434653915734683,-37.385020491074066,,,0.6529820744741719,1.1346326681934844,-1.1838708342754958
15m,fz2.5_react0_body0.25_cl0.6_cs0.4,model_a,base,next_open,2.5,0.0,0.25,0.6,0.4,90,1.0,1.5,8,4.0,5.0,LTCUSDT,95,148.9882815994275,0.37894736842105264,-0.34336642471436196,-32.61981034786439,,,0.5160015856801637,0.9660198007821355,-1.1423139521359535
15m,fz2.5_react0_body0.25_cl0.6_cs0.4,model_a,base,next_open,2.5,0.0,0.25,0.6,0.4,90,1.0,1.5,8,4.0,5.0,SOLUSDT,137,187.1500701262272,0.32116788321167883,-0.4629069855361457,-63.41825701845196,,,0.4142886074192128,1.0194852447008114,-1.1642538471536308
15m,fz2.5_react0_body0.25_cl0.6_cs0.4,model_a,base,next_open,2.5,0.0,0.25,0.6,0.4,90,1.0,1.5,8,4.0,5.0,XRPUSDT,89,108.00498373364712,0.39325842696629215,-0.24038160791205634,-21.393963104173015,,,0.6428888394505524,1.1004128710533763,-1.1094150665007627
15m,fz2.5_react0_body0.25_cl0.7_cs0.3,model_a,base,next_open,2.5,0.0,0.25,0.7,0.3,90,1.0,1.5,8,4.0,5.0,ADAUSDT,144,169.07932893547198,0.375,-0.32567488912374026,-46.8971840338186,,,0.5550305856497788,1.083277598338516,-1.171046381601094
15m,fz2.5_react0_body0.25_cl0.7_cs0.3,model_a,base,next_open,2.5,0.0,0.25,0.7,0.3,90,1.0,1.5,8,4.0,5.0,AVAXUSDT,130,155.19798440638726,0.4,-0.1952872772278125,-25.387346039615625,,,0.7105839946987081,1.1986898705024185,-1.1246053757146333
15m,fz2.5_react0_body0.25_cl0.7_cs0.3,model_a,base,next_open,2.5,0.0,0.25,0.7,0.3,90,1.0,1.5,8,4.0,5.0,BNBUSDT,238,275.6840540451257,0.3403361344537815,-0.5985905278834782,-142.46454563626781,,,0.3435196386430937,0.9203470190802382,-1.3822462049794082
15m,fz2.5_react0_body0.25_cl0.7_cs0.3,model_a,base,next_open,2.5,0.0,0.25,0.7,0.3,90,1.0,1.5,8,4.0,5.0,BTCUSDT,105,120.62512286219776,0.3047619047619048,-0.7724088784694751,-81.10293223929489,,,0.27349709158618624,0.954117656897434,-1.529242428219353
15m,fz2.5_react0_body0.25_cl0.7_cs0.3,model_a,base,next_open,2.5,0.0,0.25,0.7,0.3,90,1.0,1.5,8,4.0,5.0,ETHUSDT,95,111.43344595724751,0.30526315789473685,-0.507089429894482,-48.17349583997579,,,0.3836298598986972,1.033905813359161,-1.1841934004150223
15m,fz2.5_react0_body0.25_cl0.7_cs0.3,model_a,base,next_open,2.5,0.0,0.25,0.7,0.3,90,1.0,1.5,8,4.0,5.0,LINKUSDT,140,154.18556441987562,0.37857142857142856,-0.34107363953083186,-47.75030953431646,,,0.544032989698637,1.0749595817775552,-1.2037145674543321
15m,fz2.5_react0_body0.25_cl0.7_cs0.3,model_a,base,next_open,2.5,0.0,0.25,0.7,0.3,90,1.0,1.5,8,4.0,5.0,LTCUSDT,88,138.0287184075151,0.3522727272727273,-0.38869476182824747,-34.205139040885776,,,0.4684619761840597,0.9724553612945818,-1.128969390193295
15m,fz2.5_react0_body0.25_cl0.7_cs0.3,model_a,base,next_open,2.5,0.0,0.25,0.7,0.3,90,1.0,1.5,8,4.0,5.0,SOLUSDT,124,169.42430736858515,0.3387096774193548,-0.40837433989501226,-50.63841814698152,,,0.46718062496891005,1.0571476647205802,-1.1590075617712912
15m,fz2.5_react0_body0.25_cl0.7_cs0.3,model_a,base,next_open,2.5,0.0,0.25,0.7,0.3,90,1.0,1.5,8,4.0,5.0,XRPUSDT,82,99.49643573949756,0.34146341463414637,-0.3546184495169723,-29.07871286039173,,,0.5177254819930395,1.1148652352605166,-1.1165729527349295
15m,fz2.5_react0_body0.5_cl0.6_cs0.4,model_a,base,next_open,2.5,0.0,0.5,0.6,0.4,90,1.0,1.5,8,4.0,5.0,ADAUSDT,137,160.88713242682027,0.3795620437956204,-0.3147488229416061,-43.120588743000035,,,0.5654924275825853,1.0792219813430313,-1.1675309620333842
15m,fz2.5_react0_body0.5_cl0.6_cs0.4,model_a,base,next_open,2.5,0.0,0.5,0.6,0.4,90,1.0,1.5,8,4.0,5.0,AVAXUSDT,116,138.4937859647928,0.4051724137931034,-0.20621070845956274,-23.920442181309276,,,0.7035832980579225,1.208048015460298,-1.1695463609846852
15m,fz2.5_react0_body0.5_cl0.6_cs0.4,model_a,base,next_open,2.5,0.0,0.5,0.6,0.4,90,1.0,1.5,8,4.0,5.0,BNBUSDT,218,252.51732681444287,0.3577981651376147,-0.5705135064171619,-124.37194439894131,,,0.36963169385159567,0.9349807175892713,-1.4092888597921747
15m,fz2.5_react0_body0.5_cl0.6_cs0.4,model_a,base,next_open,2.5,0.0,0.5,0.6,0.4,90,1.0,1.5,8,4.0,5.0,BTCUSDT,95,109.1405917237312,0.29473684210526313,-0.8712160621641223,-82.76552590559162,,,0.2405486838246923,0.9362557404748405,-1.6265774125207038
15m,fz2.5_react0_body0.5_cl0.6_cs0.4,model_a,base,next_open,2.5,0.0,0.5,0.6,0.4,90,1.0,1.5,8,4.0,5.0,ETHUSDT,92,107.9144950322818,0.32608695652173914,-0.5070188843553697,-46.64573736069401,,,0.3847973368475132,0.9725334748339483,-1.2229313162211688
15m,fz2.5_react0_body0.5_cl0.6_cs0.4,model_a,base,next_open,2.5,0.0,0.5,0.6,0.4,90,1.0,1.5,8,4.0,5.0,LINKUSDT,134,147.60079163132596,0.3805970149253731,-0.29917262862002736,-40.08913223508367,,,0.5919420364041144,1.1402860305602227,-1.1836592746223498
15m,fz2.5_react0_body0.5_cl0.6_cs0.4,model_a,base,next_open,2.5,0.0,0.5,0.6,0.4,90,1.0,1.5,8,4.0,5.0,LTCUSDT,71,111.35909822866346,0.4084507042253521,-0.28195500891332415,-20.018805632846014,,,0.5859484464603746,0.976888852264853,-1.1511567225839703
15m,fz2.5_react0_body0.5_cl0.6_cs0.4,model_a,base,next_open,2.5,0.0,0.5,0.6,0.4,90,1.0,1.5,8,4.0,5.0,SOLUSDT,114,155.7610567743444,0.3333333333333333,-0.442860248541766,-50.486068333761324,,,0.4423048898790899,1.0536899996520945,-1.1911353726386962
15m,fz2.5_react0_body0.5_cl0.6_cs0.4,model_a,base,next_open,2.5,0.0,0.5,0.6,0.4,90,1.0,1.5,8,4.0,5.0,XRPUSDT,79,95.87291039352093,0.4177215189873418,-0.1835267573277609,-14.49861382889311,,,0.7168955992756406,1.1125558887876636,-1.1133251773670871
15m,fz2.5_react0_body0.5_cl0.7_cs0.3,model_a,base,next_open,2.5,0.0,0.5,0.7,0.3,90,1.0,1.5,8,4.0,5.0,ADAUSDT,120,140.9230357023243,0.35,-0.34172399223561756,-41.00687906827411,,,0.5391364222916273,1.1421777940152436,-1.1407480309860811
15m,fz2.5_react0_body0.5_cl0.7_cs0.3,model_a,base,next_open,2.5,0.0,0.5,0.7,0.3,90,1.0,1.5,8,4.0,5.0,AVAXUSDT,107,127.74857843304164,0.40186915887850466,-0.23088159844177156,-24.704331033269558,,,0.6727839081203569,1.1812602352638446,-1.1796643929627324
15m,fz2.5_react0_body0.5_cl0.7_cs0.3,model_a,base,next_open,2.5,0.0,0.5,0.7,0.3,90,1.0,1.5,8,4.0,5.0,BNBUSDT,201,232.82560866836246,0.35323383084577115,-0.5710923818286024,-114.78956874754908,,,0.3668950641618416,0.9369366886041214,-1.394708258757244
15m,fz2.5_react0_body0.5_cl0.7_cs0.3,model_a,base,next_open,2.5,0.0,0.5,0.7,0.3,90,1.0,1.5,8,4.0,5.0,BTCUSDT,89,102.24750172012712,0.3146067415730337,-0.8140578840475776,-72.4511516802344,,,0.2652372553834103,0.9340597531957708,-1.6164725372084587
15m,fz2.5_react0_body0.5_cl0.7_cs0.3,model_a,base,next_open,2.5,0.0,0.5,0.7,0.3,90,1.0,1.5,8,4.0,5.0,ETHUSDT,81,95.0116749740742,0.32098765432098764,-0.5086208839859391,-41.19829160286107,,,0.3894557188431745,1.0107570450785053,-1.2268722686345856
15m,fz2.5_react0_body0.5_cl0.7_cs0.3,model_a,base,next_open,2.5,0.0,0.5,0.7,0.3,90,1.0,1.5,8,4.0,5.0,LINKUSDT,124,136.585807181227,0.3790322580645161,-0.32595894721130847,-40.41890945420225,,,0.5626035864201309,1.1061499709451073,-1.2001033518002893
15m,fz2.5_react0_body0.5_cl0.7_cs0.3,model_a,base,next_open,2.5,0.0,0.5,0.7,0.3,90,1.0,1.5,8,4.0,5.0,LTCUSDT,66,103.5169082125604,0.42424242424242425,-0.2599818959125568,-17.15880513022875,,,0.6152722470394498,0.980037786251563,-1.1736806090861187
15m,fz2.5_react0_body0.5_cl0.7_cs0.3,model_a,base,next_open,2.5,0.0,0.5,0.7,0.3,90,1.0,1.5,8,4.0,5.0,SOLUSDT,110,150.2957565366481,0.34545454545454546,-0.41000594339252827,-45.10065377317811,,,0.47348314006457837,1.0673122089530105,-1.1897016349082294
15m,fz2.5_react0_body0.5_cl0.7_cs0.3,model_a,base,next_open,2.5,0.0,0.5,0.7,0.3,90,1.0,1.5,8,4.0,5.0,XRPUSDT,72,87.38086667589644,0.3611111111111111,-0.3195654046554039,-23.00870913518908,,,0.5612442133359078,1.1320039048668722,-1.1400176230810382
15m,fz2_react0.25_body0.25_cl0.6_cs0.4,model_a,base,next_open,2.0,0.25,0.25,0.6,0.4,90,1.0,1.5,8,4.0,5.0,ADAUSDT,245,287.66969159160163,0.37142857142857144,-0.3561331726848385,-87.25262730778543,,,0.5265041820879119,1.0661610156910708,-1.1965797385433303
15m,fz2_react0.25_body0.25_cl0.6_cs0.4,model_a,base,next_open,2.0,0.25,0.25,0.6,0.4,90,1.0,1.5,8,4.0,5.0,AVAXUSDT,231,254.39819089795535,0.3593073593073593,-0.3284256484130705,-75.86632478341929,,,0.5523825731958685,1.1279865885813287,-1.1451973759166862
15m,fz2_react0.25_body0.25_cl0.6_cs0.4,model_a,base,next_open,2.0,0.25,0.25,0.6,0.4,90,1.0,1.5,8,4.0,5.0,BNBUSDT,358,407.4165720035052,0.3268156424581006,-0.6598766087755672,-236.23582594165305,,,0.3105732561007866,0.9095693715439492,-1.4218068149887764
15m,fz2_react0.25_body0.25_cl0.6_cs0.4,model_a,base,next_open,2.0,0.25,0.25,0.6,0.4,90,1.0,1.5,8,4.0,5.0,BTCUSDT,329,377.958718301553,0.2188449848024316,-1.072804090685114,-352.9525458354025,,,0.15445675271937157,0.8954779510933965,-1.6242294097825956
15m,fz2_react0.25_body0.25_cl0.6_cs0.4,model_a,base,next_open,2.0,0.25,0.25,0.6,0.4,90,1.0,1.5,8,4.0,5.0,ETHUSDT,231,258.514745308311,0.341991341991342,-0.44558157177499236,-102.92934308002323,,,0.4426574668917242,1.034803090367283,-1.2149920211778855
15m,fz2_react0.25_body0.25_cl0.6_cs0.4,model_a,base,next_open,2.0,0.25,0.25,0.6,0.4,90,1.0,1.5,8,4.0,5.0,LINKUSDT,267,294.0538978579056,0.3333333333333333,-0.4398421221522097,-117.43784661463998,,,0.45963816327681534,1.1224047189404935,-1.2209655426985613
15m,fz2_react0.25_body0.25_cl0.6_cs0.4,model_a,base,next_open,2.0,0.25,0.25,0.6,0.4,90,1.0,1.5,8,4.0,5.0,LTCUSDT,198,223.0362374710871,0.3787878787878788,-0.3735416917750949,-73.96125497146879,,,0.515738372885817,1.0502492911497832,-1.2417069252658741
15m,fz2_react0.25_body0.25_cl0.6_cs0.4,model_a,base,next_open,2.0,0.25,0.25,0.6,0.4,90,1.0,1.5,8,4.0,5.0,SOLUSDT,219,269.3446509996492,0.3333333333333333,-0.41120396041615703,-90.05366733113839,,,0.46603769194820377,1.076685798281385,-1.155148839764928
15m,fz2_react0.25_body0.25_cl0.6_cs0.4,model_a,base,next_open,2.0,0.25,0.25,0.6,0.4,90,1.0,1.5,8,4.0,5.0,XRPUSDT,214,259.6794019933555,0.35514018691588783,-0.3829710715707634,-81.95580931614336,,,0.4978605119621624,1.0691766289002775,-1.182704587772206
15m,fz2_react0.25_body0.25_cl0.7_cs0.3,model_a,base,next_open,2.0,0.25,0.25,0.7,0.3,90,1.0,1.5,8,4.0,5.0,ADAUSDT,219,257.141479422697,0.3561643835616438,-0.3777983351341161,-82.73783539437143,,,0.505384254583507,1.0838353749304028,-1.1863616641059778
15m,fz2_react0.25_body0.25_cl0.7_cs0.3,model_a,base,next_open,2.0,0.25,0.25,0.7,0.3,90,1.0,1.5,8,4.0,5.0,AVAXUSDT,222,244.4865730707623,0.32432432432432434,-0.3771616709105121,-83.7298909421337,,,0.5005812981631405,1.1656223010625875,-1.1176979774576
15m,fz2_react0.25_body0.25_cl0.7_cs0.3,model_a,base,next_open,2.0,0.25,0.25,0.7,0.3,90,1.0,1.5,8,4.0,5.0,BNBUSDT,329,374.41355360098663,0.3221884498480243,-0.6605278719198079,-217.3136698616168,,,0.30529457889044537,0.9009477093288351,-1.4027539329617638
15m,fz2_react0.25_body0.25_cl0.7_cs0.3,model_a,base,next_open,2.0,0.25,0.25,0.7,0.3,90,1.0,1.5,8,4.0,5.0,BTCUSDT,309,354.98250442303913,0.2297734627831715,-1.0379712755348047,-320.7331241402547,,,0.16719527221497454,0.9069143559917534,-1.618168249645669
15m,fz2_react0.25_body0.25_cl0.7_cs0.3,model_a,base,next_open,2.0,0.25,0.25,0.7,0.3,90,1.0,1.5,8,4.0,5.0,ETHUSDT,209,233.89429337418613,0.3492822966507177,-0.42359228851036396,-88.53078829866607,,,0.45950701020256096,1.0310353292600918,-1.2043850539312704
15m,fz2_react0.25_body0.25_cl0.7_cs0.3,model_a,base,next_open,2.0,0.25,0.25,0.7,0.3,90,1.0,1.5,8,4.0,5.0,LINKUSDT,240,264.3181104340725,0.3375,-0.43451212543802303,-104.28291010512552,,,0.46630592957320965,1.1248812647439317,-1.2289200789269434
15m,fz2_react0.25_body0.25_cl0.7_cs0.3,model_a,base,next_open,2.0,0.25,0.25,0.7,0.3,90,1.0,1.5,8,4.0,5.0,LTCUSDT,185,208.38574962253847,0.3621621621621622,-0.3950686447938537,-73.08769928686293,,,0.49410368941386607,1.0654328250089808,-1.224336428495463
15m,fz2_react0.25_body0.25_cl0.7_cs0.3,model_a,base,next_open,2.0,0.25,0.25,0.7,0.3,90,1.0,1.5,8,4.0,5.0,SOLUSDT,211,259.5055769905296,0.33649289099526064,-0.4081501017301323,-86.1196714650579,,,0.47032082171161443,1.077023849749138,-1.1613454628374764
15m,fz2_react0.25_body0.25_cl0.7_cs0.3,model_a,base,next_open,2.0,0.25,0.25,0.7,0.3,90,1.0,1.5,8,4.0,5.0,XRPUSDT,195,236.6073776731954,0.3282051282051282,-0.4456426331042149,-86.9003134553219,,,0.4426489578783568,1.0783804293439756,-1.1902035185750865
15m,fz2_react0.25_body0.5_cl0.6_cs0.4,model_a,base,next_open,2.0,0.25,0.5,0.6,0.4,90,1.0,1.5,8,4.0,5.0,ADAUSDT,206,241.91787795565676,0.38349514563106796,-0.31696595942102135,-65.2949876407304,,,0.5624497056545847,1.0624499152731885,-1.1750278027347425
15m,fz2_react0.25_body0.5_cl0.6_cs0.4,model_a,base,next_open,2.0,0.25,0.5,0.6,0.4,90,1.0,1.5,8,4.0,5.0,AVAXUSDT,203,223.56204654668804,0.3497536945812808,-0.36338054383547425,-73.76625039860127,,,0.5239802386660696,1.1436398656663853,-1.1739748550069289
15m,fz2_react0.25_body0.5_cl0.6_cs0.4,model_a,base,next_open,2.0,0.25,0.5,0.6,0.4,90,1.0,1.5,8,4.0,5.0,BNBUSDT,310,352.79088637175033,0.3419354838709677,-0.6306336199108793,-195.49642217237258,,,0.33073582162458975,0.91141590541059,-1.4318946477739958
15m,fz2_react0.25_body0.5_cl0.6_cs0.4,model_a,base,next_open,2.0,0.25,0.5,0.6,0.4,90,1.0,1.5,8,4.0,5.0,BTCUSDT,283,325.12407850332556,0.21908127208480566,-1.1066111833454106,-313.1709648867512,,,0.14721847690221035,0.8719956914401227,-1.6616954649594518
15m,fz2_react0.25_body0.5_cl0.6_cs0.4,model_a,base,next_open,2.0,0.25,0.5,0.6,0.4,90,1.0,1.5,8,4.0,5.0,ETHUSDT,198,221.5840674071237,0.3484848484848485,-0.43591233436710536,-86.31064220468686,,,0.45542437652434997,1.0461003138450264,-1.2286167741084781
15m,fz2_react0.25_body0.5_cl0.6_cs0.4,model_a,base,next_open,2.0,0.25,0.5,0.6,0.4,90,1.0,1.5,8,4.0,5.0,LINKUSDT,235,258.8521345773254,0.3404255319148936,-0.42945387068247126,-100.92165961038074,,,0.46562222822212734,1.0992075855653687,-1.2184404287458726
15m,fz2_react0.25_body0.5_cl0.6_cs0.4,model_a,base,next_open,2.0,0.25,0.5,0.6,0.4,90,1.0,1.5,8,4.0,5.0,LTCUSDT,169,190.36931380107941,0.3727810650887574,-0.401199456603739,-67.80270816603189,,,0.49250966026770365,1.0444639744024835,-1.260414514654607
15m,fz2_react0.25_body0.5_cl0.6_cs0.4,model_a,base,next_open,2.0,0.25,0.5,0.6,0.4,90,1.0,1.5,8,4.0,5.0,SOLUSDT,197,242.2956960959697,0.3096446700507614,-0.46706660075778955,-92.01212034928454,,,0.4243964127245003,1.1121501281197113,-1.175391751210198
15m,fz2_react0.25_body0.5_cl0.6_cs0.4,model_a,base,next_open,2.0,0.25,0.5,0.6,0.4,90,1.0,1.5,8,4.0,5.0,XRPUSDT,181,219.64298321508912,0.39226519337016574,-0.3082155096101589,-55.787007239438765,,,0.5679679146011837,1.0329576493445898,-1.173881821299133
15m,fz2_react0.25_body0.5_cl0.7_cs0.3,model_a,base,next_open,2.0,0.25,0.5,0.7,0.3,90,1.0,1.5,8,4.0,5.0,ADAUSDT,189,221.9537812311608,0.35978835978835977,-0.34850456700688026,-65.86736316430037,,,0.5300321154679755,1.0924344040405376,-1.158288451562454
15m,fz2_react0.25_body0.5_cl0.7_cs0.3,model_a,base,next_open,2.0,0.25,0.5,0.7,0.3,90,1.0,1.5,8,4.0,5.0,AVAXUSDT,192,211.44784698011873,0.3229166666666667,-0.41570155753392307,-79.81469904651323,,,0.4728083711853665,1.1545369656216393,-1.1645845455004222
15m,fz2_react0.25_body0.5_cl0.7_cs0.3,model_a,base,next_open,2.0,0.25,0.5,0.7,0.3,90,1.0,1.5,8,4.0,5.0,BNBUSDT,287,326.6160786732011,0.34494773519163763,-0.617328499328341,-177.17327930723386,,,0.3365810638110563,0.9079560863161288,-1.4205368715560138
15m,fz2_react0.25_body0.5_cl0.7_cs0.3,model_a,base,next_open,2.0,0.25,0.5,0.7,0.3,90,1.0,1.5,8,4.0,5.0,BTCUSDT,268,307.8913534943154,0.23134328358208955,-1.0675614119359726,-286.1064583988407,,,0.15880467920431068,0.8711690112384095,-1.6510628014350586
15m,fz2_react0.25_body0.5_cl0.7_cs0.3,model_a,base,next_open,2.0,0.25,0.5,0.7,0.3,90,1.0,1.5,8,4.0,5.0,ETHUSDT,176,196.96361547299887,0.35795454545454547,-0.4115353966350684,-72.43022980777204,,,0.4799193377457153,1.0609058819699158,-1.2324539855918295
15m,fz2_react0.25_body0.5_cl0.7_cs0.3,model_a,base,next_open,2.0,0.25,0.5,0.7,0.3,90,1.0,1.5,8,4.0,5.0,LINKUSDT,218,240.12666101215717,0.3440366972477064,-0.4183307551527864,-91.19610462330743,,,0.47493046834585767,1.0998367789149435,-1.2145724688246726
15m,fz2_react0.25_body0.5_cl0.7_cs0.3,model_a,base,next_open,2.0,0.25,0.5,0.7,0.3,90,1.0,1.5,8,4.0,5.0,LTCUSDT,162,182.47833210189856,0.3765432098765432,-0.37879971320577216,-61.36555353933509,,,0.5137318812232805,1.062809780318468,-1.249474753849125
15m,fz2_react0.25_body0.5_cl0.7_cs0.3,model_a,base,next_open,2.0,0.25,0.5,0.7,0.3,90,1.0,1.5,8,4.0,5.0,SOLUSDT,187,230.12557470255854,0.32620320855614976,-0.4366023574274809,-81.64464083893893,,,0.4498713619346711,1.0945155645494506,-1.177857859336948
15m,fz2_react0.25_body0.5_cl0.7_cs0.3,model_a,base,next_open,2.0,0.25,0.5,0.7,0.3,90,1.0,1.5,8,4.0,5.0,XRPUSDT,166,201.46144261387235,0.37349397590361444,-0.36607812009395146,-60.768967935595946,,,0.5143628399232059,1.0381206878951672,-1.2031966402413108
15m,fz2_react0_body0.25_cl0.6_cs0.4,model_a,base,next_open,2.0,0.0,0.25,0.6,0.4,90,1.0,1.5,8,4.0,5.0,ADAUSDT,252,295.88882563707597,0.39285714285714285,-0.3179048904529041,-80.11203239413183,,,0.5591041588443674,1.0261699092409127,-1.187600349078315
15m,fz2_react0_body0.25_cl0.6_cs0.4,model_a,base,next_open,2.0,0.0,0.25,0.6,0.4,90,1.0,1.5,8,4.0,5.0,AVAXUSDT,242,266.49565026224053,0.359504132231405,-0.33234735343510646,-80.42805953129576,,,0.5439825588995559,1.1027875652365329,-1.1378746948830587
15m,fz2_react0_body0.25_cl0.6_cs0.4,model_a,base,next_open,2.0,0.0,0.25,0.6,0.4,90,1.0,1.5,8,4.0,5.0,BNBUSDT,366,416.48030116180956,0.3469945355191257,-0.612505632910385,-224.1770616452009,,,0.33996936912032755,0.9092077939606527,-1.4211148597414385
15m,fz2_react0_body0.25_cl0.6_cs0.4,model_a,base,next_open,2.0,0.0,0.25,0.6,0.4,90,1.0,1.5,8,4.0,5.0,BTCUSDT,335,384.85158246510713,0.22388059701492538,-1.0500727510080796,-351.77437158770664,,,0.16002934179583733,0.893590279549061,-1.6107447790534084
15m,fz2_react0_body0.25_cl0.6_cs0.4,model_a,base,next_open,2.0,0.0,0.25,0.6,0.4,90,1.0,1.5,8,4.0,5.0,ETHUSDT,235,262.9911911145155,0.3617021276595745,-0.4045225110476825,-95.06279009620539,,,0.47785000496776237,1.023500237184584,-1.2137354017126336
15m,fz2_react0_body0.25_cl0.6_cs0.4,model_a,base,next_open,2.0,0.0,0.25,0.6,0.4,90,1.0,1.5,8,4.0,5.0,LINKUSDT,274,301.7631760788994,0.35036496350364965,-0.39794338027894843,-109.03648619643187,,,0.4975084803495158,1.1245334172498784,-1.2190544620922483
15m,fz2_react0_body0.25_cl0.6_cs0.4,model_a,base,next_open,2.0,0.0,0.25,0.6,0.4,90,1.0,1.5,8,4.0,5.0,LTCUSDT,214,241.0361376120266,0.37383177570093457,-0.3832403735937653,-82.01343994906577,,,0.5054657118439448,1.0478288057435876,-1.2376100328996475
15m,fz2_react0_body0.25_cl0.6_cs0.4,model_a,base,next_open,2.0,0.0,0.25,0.6,0.4,90,1.0,1.5,8,4.0,5.0,SOLUSDT,236,290.2526832690284,0.3220338983050847,-0.43917026901026646,-103.64418348642289,,,0.439292514723405,1.068436685976451,-1.1552835726289572
15m,fz2_react0_body0.25_cl0.6_cs0.4,model_a,base,next_open,2.0,0.0,0.25,0.6,0.4,90,1.0,1.5,8,4.0,5.0,XRPUSDT,218,264.5515331902817,0.3532110091743119,-0.3827739006492046,-83.4447103415266,,,0.49667353756618476,1.0693733182688,-1.1757904670086823
15m,fz2_react0_body0.25_cl0.7_cs0.3,model_a,base,next_open,2.0,0.0,0.25,0.7,0.3,90,1.0,1.5,8,4.0,5.0,ADAUSDT,230,270.05726149415665,0.36086956521739133,-0.36586303423415073,-84.14849787385467,,,0.5104258951847171,1.0570183726486901,-1.1692586585285438
15m,fz2_react0_body0.25_cl0.7_cs0.3,model_a,base,next_open,2.0,0.0,0.25,0.7,0.3,90,1.0,1.5,8,4.0,5.0,AVAXUSDT,233,256.5846550045539,0.3261802575107296,-0.38558679730867806,-89.841723772922,,,0.4897854358420307,1.1347952236820311,-1.121567903011187
15m,fz2_react0_body0.25_cl0.7_cs0.3,model_a,base,next_open,2.0,0.0,0.25,0.7,0.3,90,1.0,1.5,8,4.0,5.0,BNBUSDT,337,383.530282375852,0.33827893175074186,-0.6232811302619076,-210.04574089826286,,,0.3248485623924076,0.8865204961344376,-1.395107970661833
15m,fz2_react0_body0.25_cl0.7_cs0.3,model_a,base,next_open,2.0,0.0,0.25,0.7,0.3,90,1.0,1.5,8,4.0,5.0,BTCUSDT,318,365.3218006683704,0.22955974842767296,-1.032636583636769,-328.3784335964926,,,0.16849435028551213,0.9115319710088595,-1.6119194591026096
15m,fz2_react0_body0.25_cl0.7_cs0.3,model_a,base,next_open,2.0,0.0,0.25,0.7,0.3,90,1.0,1.5,8,4.0,5.0,ETHUSDT,217,242.84718498659518,0.3548387096774194,-0.41890969085821733,-90.90340291623316,,,0.4658277405155021,1.0295167881520528,-1.215544254313866
15m,fz2_react0_body0.25_cl0.7_cs0.3,model_a,base,next_open,2.0,0.0,0.25,0.7,0.3,90,1.0,1.5,8,4.0,5.0,LINKUSDT,250,275.3313650354922,0.34,-0.4213884984361093,-105.34712460902733,,,0.4732900418250919,1.1136778910960607,-1.2121802748617727
15m,fz2_react0_body0.25_cl0.7_cs0.3,model_a,base,next_open,2.0,0.0,0.25,0.7,0.3,90,1.0,1.5,8,4.0,5.0,LTCUSDT,197,221.902663111568,0.36548223350253806,-0.3798008365855048,-74.82076480734445,,,0.5057713276867126,1.0634471583664802,-1.2111116816778482
15m,fz2_react0_body0.25_cl0.7_cs0.3,model_a,base,next_open,2.0,0.0,0.25,0.7,0.3,90,1.0,1.5,8,4.0,5.0,SOLUSDT,219,269.3446509996492,0.3378995433789954,-0.4065873234314432,-89.04262383148607,,,0.47160425033821535,1.073951389323875,-1.162172597527261
15m,fz2_react0_body0.25_cl0.7_cs0.3,model_a,base,next_open,2.0,0.0,0.25,0.7,0.3,90,1.0,1.5,8,4.0,5.0,XRPUSDT,201,243.88760467852447,0.32338308457711445,-0.45213725425517043,-90.87958810528926,,,0.4375809862484107,1.087805979325921,-1.188139535010839
15m,fz2_react0_body0.5_cl0.6_cs0.4,model_a,base,next_open,2.0,0.0,0.5,0.6,0.4,90,1.0,1.5,8,4.0,5.0,ADAUSDT,210,246.61531247906757,0.3904761904761905,-0.317184855337692,-66.60881962091531,,,0.5597604045520896,1.032835030123742,-1.182041344461423
15m,fz2_react0_body0.5_cl0.6_cs0.4,model_a,base,next_open,2.0,0.0,0.5,0.6,0.4,90,1.0,1.5,8,4.0,5.0,AVAXUSDT,204,224.66333741637615,0.35294117647058826,-0.35749650348332934,-72.92928671059919,,,0.5289920985748063,1.137602301240882,-1.1730049424238083
15m,fz2_react0_body0.5_cl0.6_cs0.4,model_a,base,next_open,2.0,0.0,0.5,0.6,0.4,90,1.0,1.5,8,4.0,5.0,BNBUSDT,313,356.204991723735,0.3450479233226837,-0.61951279424219,-193.90750459780546,,,0.3369639142368542,0.9124668402107661,-1.4266045041003326
15m,fz2_react0_body0.5_cl0.6_cs0.4,model_a,base,next_open,2.0,0.0,0.5,0.6,0.4,90,1.0,1.5,8,4.0,5.0,BTCUSDT,284,326.2729268372596,0.21830985915492956,-1.1055652766379291,-313.98053856517186,,,0.14700394665530575,0.8727563419256974,-1.6580695124529958
15m,fz2_react0_body0.5_cl0.6_cs0.4,model_a,base,next_open,2.0,0.0,0.5,0.6,0.4,90,1.0,1.5,8,4.0,5.0,ETHUSDT,199,222.70317885867485,0.35175879396984927,-0.4278428349062849,-85.14072414635069,,,0.46280595589578977,1.0478691387663284,-1.2286167741084781
15m,fz2_react0_body0.5_cl0.6_cs0.4,model_a,base,next_open,2.0,0.0,0.5,0.6,0.4,90,1.0,1.5,8,4.0,5.0,LINKUSDT,237,261.0551314673452,0.34177215189873417,-0.41857948989481086,-99.20333910507017,,,0.4782724514789469,1.1227236434834105,-1.2188715014565794
15m,fz2_react0_body0.5_cl0.6_cs0.4,model_a,base,next_open,2.0,0.0,0.5,0.6,0.4,90,1.0,1.5,8,4.0,5.0,LTCUSDT,170,191.4957594448728,0.37058823529411766,-0.40485789720988563,-68.82584252568056,,,0.4887667017009355,1.0444639744024835,-1.2581969431124955
15m,fz2_react0_body0.5_cl0.6_cs0.4,model_a,base,next_open,2.0,0.0,0.5,0.6,0.4,90,1.0,1.5,8,4.0,5.0,SOLUSDT,199,244.74696597685022,0.31155778894472363,-0.4713977813566656,-93.80815848997645,,,0.41743389590203195,1.084155107460864,-1.1753706215514599
15m,fz2_react0_body0.5_cl0.6_cs0.4,model_a,base,next_open,2.0,0.0,0.5,0.6,0.4,90,1.0,1.5,8,4.0,5.0,XRPUSDT,180,218.4446059599211,0.39444444444444443,-0.30605886792510106,-55.09059622651819,,,0.5697828779345103,1.0276395910809497,-1.1747982311308771
15m,fz2_react0_body0.5_cl0.7_cs0.3,model_a,base,next_open,2.0,0.0,0.5,0.7,0.3,90,1.0,1.5,8,4.0,5.0,ADAUSDT,191,224.30249849286622,0.3612565445026178,-0.3456255177619898,-66.01447389254005,,,0.5325564876053015,1.090000303225594,-1.1575778263533283
15m,fz2_react0_body0.5_cl0.7_cs0.3,model_a,base,next_open,2.0,0.0,0.5,0.7,0.3,90,1.0,1.5,8,4.0,5.0,AVAXUSDT,192,211.44784698011873,0.328125,-0.4049793588158745,-77.7560368926479,,,0.48178625161401817,1.1474639221519334,-1.163149333242013
15m,fz2_react0_body0.5_cl0.7_cs0.3,model_a,base,next_open,2.0,0.0,0.5,0.7,0.3,90,1.0,1.5,8,4.0,5.0,BNBUSDT,290,330.0301840251858,0.3482758620689655,-0.6056605403820491,-175.64155671079422,,,0.3433114584376647,0.9091483694508607,-1.415161598017625
15m,fz2_react0_body0.5_cl0.7_cs0.3,model_a,base,next_open,2.0,0.0,0.5,0.7,0.3,90,1.0,1.5,8,4.0,5.0,BTCUSDT,270,310.18905016218343,0.22962962962962963,-1.0734838954944965,-289.8406517835141,,,0.15719567697804346,0.8719296617239843,-1.6533667827423133
15m,fz2_react0_body0.5_cl0.7_cs0.3,model_a,base,next_open,2.0,0.0,0.5,0.7,0.3,90,1.0,1.5,8,4.0,5.0,ETHUSDT,177,198.08272692455,0.3615819209039548,-0.40260063135274504,-71.26031174943587,,,0.4883198600162856,1.0626091972256382,-1.2324539855918295
15m,fz2_react0_body0.5_cl0.7_cs0.3,model_a,base,next_open,2.0,0.0,0.5,0.7,0.3,90,1.0,1.5,8,4.0,5.0,LINKUSDT,220,242.32965790217696,0.3409090909090909,-0.418911824779992,-92.16060145159824,,,0.4761823665341928,1.117061880488763,-1.213380982677624
15m,fz2_react0_body0.5_cl0.7_cs0.3,model_a,base,next_open,2.0,0.0,0.5,0.7,0.3,90,1.0,1.5,8,4.0,5.0,LTCUSDT,162,182.47833210189856,0.3765432098765432,-0.37879971320577216,-61.36555353933509,,,0.5137318812232805,1.062809780318468,-1.249474753849125
15m,fz2_react0_body0.5_cl0.7_cs0.3,model_a,base,next_open,2.0,0.0,0.5,0.7,0.3,90,1.0,1.5,8,4.0,5.0,SOLUSDT,189,232.58681079563402,0.328042328042328,-0.4352701678867892,-82.26606173060316,,,0.4497762044409828,1.0846412683214572,-1.177274176114437
15m,fz2_react0_body0.5_cl0.7_cs0.3,model_a,base,next_open,2.0,0.0,0.5,0.7,0.3,90,1.0,1.5,8,4.0,5.0,XRPUSDT,166,201.46144261387235,0.37349397590361444,-0.36584531145961174,-60.73032170229555,,,0.5145217461649317,1.0381206878951672,-1.2028250418441915
15m,fz1.5_react0.25_body0.25_cl0.6_cs0.4,model_a,stress,next_close,1.5,0.25,0.25,0.6,0.4,90,1.0,1.5,8,8.0,10.0,ADAUSDT,384,428.9857584350209,0.2786458333333333,-0.7428975907817245,-285.2726748601822,,,0.2511852850033523,0.8943267485522892,-1.3753272092248272
15m,fz1.5_react0.25_body0.25_cl0.6_cs0.4,model_a,stress,next_close,1.5,0.25,0.25,0.6,0.4,90,1.0,1.5,8,8.0,10.0,AVAXUSDT,438,482.35025125628135,0.2990867579908676,-0.7649026661511099,-335.02736777418613,,,0.25002345655512925,0.8525935917403916,-1.455104652417516
15m,fz1.5_react0.25_body0.25_cl0.6_cs0.4,model_a,stress,next_close,1.5,0.25,0.25,0.6,0.4,90,1.0,1.5,8,8.0,10.0,BNBUSDT,466,515.3218115302132,0.2145922746781116,-1.3325648781448245,-620.9752332154882,,,0.08880099709908895,0.6051720832421855,-1.8620012063926414
15m,fz1.5_react0.25_body0.25_cl0.6_cs0.4,model_a,stress,next_close,1.5,0.25,0.25,0.6,0.4,90,1.0,1.5,8,8.0,10.0,BTCUSDT,782,868.300072833212,0.15217391304347827,-1.7546065782785976,-1372.1023442138633,,,0.04788363235821731,0.5798779588618744,-2.1736166234063745
15m,fz1.5_react0.25_body0.25_cl0.6_cs0.4,model_a,stress,next_close,1.5,0.25,0.25,0.6,0.4,90,1.0,1.5,8,8.0,10.0,ETHUSDT,570,627.1645537843605,0.2807017543859649,-0.9199929615541641,-524.3959880858736,,,0.19622988898358468,0.8001523470078575,-1.5912691795295872
15m,fz1.5_react0.25_body0.25_cl0.6_cs0.4,model_a,stress,next_close,1.5,0.25,0.25,0.6,0.4,90,1.0,1.5,8,8.0,10.0,LINKUSDT,413,454.89027799591645,0.3414043583535109,-0.6892742971786798,-284.6702847347948,,,0.3038294881288317,0.8811245898131482,-1.5033413672737082
15m,fz1.5_react0.25_body0.25_cl0.6_cs0.4,model_a,stress,next_close,1.5,0.25,0.25,0.6,0.4,90,1.0,1.5,8,8.0,10.0,LTCUSDT,483,531.8900788291825,0.2815734989648033,-0.9233475250998116,-445.97685462320896,,,0.1844755657438476,0.7417802826284402,-1.5759624583881175
15m,fz1.5_react0.25_body0.25_cl0.6_cs0.4,model_a,stress,next_close,1.5,0.25,0.25,0.6,0.4,90,1.0,1.5,8,8.0,10.0,SOLUSDT,441,525.7990411098643,0.2947845804988662,-0.7990869041394246,-352.39732472548627,,,0.22813269303213535,0.8011874378806539,-1.4680118702571425
15m,fz1.5_react0.25_body0.25_cl0.6_cs0.4,model_a,stress,next_close,1.5,0.25,0.25,0.6,0.4,90,1.0,1.5,8,8.0,10.0,XRPUSDT,457,529.3072603554205,0.3041575492341357,-0.765221631380237,-349.7062855407683,,,0.25086859575779863,0.8425136259387993,-1.4679738350511364
15m,fz1.5_react0.25_body0.25_cl0.7_cs0.3,model_a,stress,next_close,1.5,0.25,0.25,0.7,0.3,90,1.0,1.5,8,8.0,10.0,ADAUSDT,342,382.06544110619046,0.2807017543859649,-0.719574140966644,-246.09435621059222,,,0.26183363508098817,0.9092883015296019,-1.3552277770627397
15m,fz1.5_react0.25_body0.25_cl0.7_cs0.3,model_a,stress,next_close,1.5,0.25,0.25,0.7,0.3,90,1.0,1.5,8,8.0,10.0,AVAXUSDT,411,452.6163316582914,0.2822384428223844,-0.791520632306824,-325.3149798781047,,,0.23394016067233425,0.8564226830143747,-1.4395254613822785
15m,fz1.5_react0.25_body0.25_cl0.7_cs0.3,model_a,stress,next_close,1.5,0.25,0.25,0.7,0.3,90,1.0,1.5,8,8.0,10.0,BNBUSDT,429,474.4057020310332,0.21212121212121213,-1.3089481633574984,-561.5387620803668,,,0.08939256113364095,0.605771077751174,-1.8244494975021412
15m,fz1.5_react0.25_body0.25_cl0.7_cs0.3,model_a,stress,next_close,1.5,0.25,0.25,0.7,0.3,90,1.0,1.5,8,8.0,10.0,BTCUSDT,728,808.3407327654454,0.15521978021978022,-1.7536501183179958,-1276.657286135501,,,0.047787819207617585,0.5669951760619758,-2.1800451073666736
15m,fz1.5_react0.25_body0.25_cl0.7_cs0.3,model_a,stress,next_close,1.5,0.25,0.25,0.7,0.3,90,1.0,1.5,8,8.0,10.0,ETHUSDT,516,567.7489644784737,0.2771317829457364,-0.916926682033745,-473.13416792941246,,,0.19141493866427747,0.7832463683910396,-1.5687356531081265
15m,fz1.5_react0.25_body0.25_cl0.7_cs0.3,model_a,stress,next_close,1.5,0.25,0.25,0.7,0.3,90,1.0,1.5,8,8.0,10.0,LINKUSDT,381,419.64454217056704,0.3438320209973753,-0.679745648900597,-258.98309223112744,,,0.3095029738543044,0.8861416104278803,-1.5002705727887191
15m,fz1.5_react0.25_body0.25_cl0.7_cs0.3,model_a,stress,next_close,1.5,0.25,0.25,0.7,0.3,90,1.0,1.5,8,8.0,10.0,LTCUSDT,450,495.64316004397676,0.28444444444444444,-0.9148203514994946,-411.6691581747726,,,0.19118779099377076,0.7602401793574685,-1.5806829227718278
15m,fz1.5_react0.25_body0.25_cl0.7_cs0.3,model_a,stress,next_close,1.5,0.25,0.25,0.7,0.3,90,1.0,1.5,8,8.0,10.0,SOLUSDT,421,501.9532796082832,0.28978622327790976,-0.8085783207419033,-340.4114730323413,,,0.22472548171280632,0.8088000481066577,-1.4685119695697444
15m,fz1.5_react0.25_body0.25_cl0.7_cs0.3,model_a,stress,next_close,1.5,0.25,0.25,0.7,0.3,90,1.0,1.5,8,8.0,10.0,XRPUSDT,419,485.294840457158,0.30071599045346065,-0.767846093300553,-321.7275130929317,,,0.24890080621642383,0.8461486470148726,-1.4619189167809068
15m,fz1.5_react0.25_body0.5_cl0.6_cs0.4,model_a,stress,next_close,1.5,0.25,0.5,0.6,0.4,90,1.0,1.5,8,8.0,10.0,ADAUSDT,325,363.0738840921401,0.27692307692307694,-0.7409636163768606,-240.8131753224797,,,0.24757439398381054,0.8803997138953952,-1.3619112747790012
15m,fz1.5_react0.25_body0.5_cl0.6_cs0.4,model_a,stress,next_close,1.5,0.25,0.5,0.6,0.4,90,1.0,1.5,8,8.0,10.0,AVAXUSDT,375,412.97110552763814,0.296,-0.7705779601430743,-288.9667350536529,,,0.24817622410636078,0.859347838728032,-1.4558876710320623
15m,fz1.5_react0.25_body0.5_cl0.6_cs0.4,model_a,stress,next_close,1.5,0.25,0.5,0.6,0.4,90,1.0,1.5,8,8.0,10.0,BNBUSDT,406,448.92888902904355,0.22167487684729065,-1.3086755172804132,-531.3222600158477,,,0.09168824800574302,0.5959286193478763,-1.8511260625226478
15m,fz1.5_react0.25_body0.5_cl0.6_cs0.4,model_a,stress,next_close,1.5,0.25,0.5,0.6,0.4,90,1.0,1.5,8,8.0,10.0,BTCUSDT,692,768.3678393869344,0.1531791907514451,-1.7660941740276868,-1222.1371684271592,,,0.04868880079455637,0.5900931260728939,-2.1922987027148224
15m,fz1.5_react0.25_body0.5_cl0.6_cs0.4,model_a,stress,next_close,1.5,0.25,0.5,0.6,0.4,90,1.0,1.5,8,8.0,10.0,ETHUSDT,494,543.5426132797791,0.2894736842105263,-0.8922145987898751,-440.7540118021983,,,0.20273646828797098,0.7837728477373568,-1.5750242992268955
15m,fz1.5_react0.25_body0.5_cl0.6_cs0.4,model_a,stress,next_close,1.5,0.25,0.5,0.6,0.4,90,1.0,1.5,8,8.0,10.0,LINKUSDT,374,411.99924599434496,0.3235294117647059,-0.7306871701265762,-273.27700162733953,,,0.2800515688681628,0.8785254234767513,-1.5003105844586027
15m,fz1.5_react0.25_body0.5_cl0.6_cs0.4,model_a,stress,next_close,1.5,0.25,0.5,0.6,0.4,90,1.0,1.5,8,8.0,10.0,LTCUSDT,425,468.03391959798995,0.2776470588235294,-0.9412682679675539,-400.0390138862104,,,0.1793615780718433,0.7409653688845975,-1.5878596984188693
15m,fz1.5_react0.25_body0.5_cl0.6_cs0.4,model_a,stress,next_close,1.5,0.25,0.5,0.6,0.4,90,1.0,1.5,8,8.0,10.0,SOLUSDT,394,469.76150158114865,0.2868020304568528,-0.8076370169497331,-318.20898467819484,,,0.22709066736857725,0.8273794495314952,-1.4651347419048177
15m,fz1.5_react0.25_body0.5_cl0.6_cs0.4,model_a,stress,next_close,1.5,0.25,0.5,0.6,0.4,90,1.0,1.5,8,8.0,10.0,XRPUSDT,390,451.8556701030928,0.32051282051282054,-0.7245958064062359,-282.592364498432,,,0.27146679103522203,0.8423988520216269,-1.4637442301929635
15m,fz1.5_react0.25_body0.5_cl0.7_cs0.3,model_a,stress,next_close,1.5,0.25,0.5,0.7,0.3,90,1.0,1.5,8,8.0,10.0,ADAUSDT,295,329.55937171440405,0.2847457627118644,-0.7214684784436701,-212.8332011408827,,,0.2551203529955482,0.8677988901996786,-1.3541625967661406
15m,fz1.5_react0.25_body0.5_cl0.7_cs0.3,model_a,stress,next_close,1.5,0.25,0.5,0.7,0.3,90,1.0,1.5,8,8.0,10.0,AVAXUSDT,351,386.5409547738693,0.30484330484330485,-0.7489018310930181,-262.86454271364937,,,0.25659899430891414,0.8479691195383131,-1.4491690102633148
15m,fz1.5_react0.25_body0.5_cl0.7_cs0.3,model_a,stress,next_close,1.5,0.25,0.5,0.7,0.3,90,1.0,1.5,8,8.0,10.0,BNBUSDT,380,420.1797483523068,0.21578947368421053,-1.3110427751697347,-498.1962545644992,,,0.09022520060797144,0.6025326138906668,-1.8375970768574963
15m,fz1.5_react0.25_body0.5_cl0.7_cs0.3,model_a,stress,next_close,1.5,0.25,0.5,0.7,0.3,90,1.0,1.5,8,8.0,10.0,BTCUSDT,653,725.063871560214,0.15313935681470137,-1.7549023622114595,-1145.951242524083,,,0.04922000881909446,0.593236403652458,-2.1795205838866702
15m,fz1.5_react0.25_body0.5_cl0.7_cs0.3,model_a,stress,next_close,1.5,0.25,0.5,0.7,0.3,90,1.0,1.5,8,8.0,10.0,ETHUSDT,445,489.76678489594775,0.28314606741573034,-0.8903156914355351,-396.1904826888131,,,0.20013024124221723,0.7867322169247715,-1.5527233292204838
15m,fz1.5_react0.25_body0.5_cl0.7_cs0.3,model_a,stress,next_close,1.5,0.25,0.5,0.7,0.3,90,1.0,1.5,8,8.0,10.0,LINKUSDT,349,384.4591894439208,0.32951289398280803,-0.713755923310358,-249.10081723531493,,,0.28819734415885934,0.8770163345245002,-1.4955457081437284
15m,fz1.5_react0.25_body0.5_cl0.7_cs0.3,model_a,stress,next_close,1.5,0.25,0.5,0.7,0.3,90,1.0,1.5,8,8.0,10.0,LTCUSDT,400,440.69628605542636,0.2825,-0.9210462468985661,-368.4184987594264,,,0.18822800759390765,0.7559849800336809,-1.5813407717882662
15m,fz1.5_react0.25_body0.5_cl0.7_cs0.3,model_a,stress,next_close,1.5,0.25,0.5,0.7,0.3,90,1.0,1.5,8,8.0,10.0,SOLUSDT,381,454.26175660512087,0.28608923884514437,-0.8231382955422083,-313.6156906015814,,,0.21978550860741133,0.8105061725122317,-1.4777972919316713
15m,fz1.5_react0.25_body0.5_cl0.7_cs0.3,model_a,stress,next_close,1.5,0.25,0.5,0.7,0.3,90,1.0,1.5,8,8.0,10.0,XRPUSDT,365,423.01636093207736,0.3178082191780822,-0.7326968713468752,-267.43435804160947,,,0.267080650762145,0.8401279835997792,-1.4654184905188106
15m,fz1.5_react0_body0.25_cl0.6_cs0.4,model_a,stress,next_close,1.5,0.0,0.25,0.6,0.4,90,1.0,1.5,8,8.0,10.0,ADAUSDT,401,447.9773154490713,0.2793017456359102,-0.7430679936635506,-297.9702654590838,,,0.24696465668895534,0.8725179104222006,-1.369177409779828
15m,fz1.5_react0_body0.25_cl0.6_cs0.4,model_a,stress,next_close,1.5,0.0,0.25,0.6,0.4,90,1.0,1.5,8,8.0,10.0,AVAXUSDT,460,506.54607122668176,0.30434782608695654,-0.7423066871707437,-341.4610760985421,,,0.2620735024544334,0.8662099667364509,-1.4460327232551413
15m,fz1.5_react0_body0.25_cl0.6_cs0.4,model_a,stress,next_close,1.5,0.0,0.25,0.6,0.4,90,1.0,1.5,8,8.0,10.0,BNBUSDT,488,539.6503090702662,0.2192622950819672,-1.3253862221294508,-646.7884763991719,,,0.09132566304279094,0.6075234794906077,-1.8682243798022755
15m,fz1.5_react0_body0.25_cl0.6_cs0.4,model_a,stress,next_close,1.5,0.0,0.25,0.6,0.4,90,1.0,1.5,8,8.0,10.0,BTCUSDT,807,896.059026568289,0.14745972738537794,-1.765092507289042,-1424.429653382257,,,0.04634430797752324,0.581699701623868,-2.1710056945864786
15m,fz1.5_react0_body0.25_cl0.6_cs0.4,model_a,stress,next_close,1.5,0.0,0.25,0.6,0.4,90,1.0,1.5,8,8.0,10.0,ETHUSDT,590,649.1703276013557,0.28135593220338984,-0.9049519657351165,-533.9216597837187,,,0.1987813004960815,0.7979834830601946,-1.571667259367243
15m,fz1.5_react0_body0.25_cl0.6_cs0.4,model_a,stress,next_close,1.5,0.0,0.25,0.6,0.4,90,1.0,1.5,8,8.0,10.0,LINKUSDT,430,473.6145751531334,0.34418604651162793,-0.6821258182273824,-293.31410183777444,,,0.3069703949463557,0.8778411468098877,-1.5008318849845312
15m,fz1.5_react0_body0.25_cl0.6_cs0.4,model_a,stress,next_close,1.5,0.0,0.25,0.6,0.4,90,1.0,1.5,8,8.0,10.0,LTCUSDT,510,561.6230646022424,0.2823529411764706,-0.9285943814374253,-473.58313453308693,,,0.1862524244000744,0.7527416773693375,-1.5901036504761519
15m,fz1.5_react0_body0.25_cl0.6_cs0.4,model_a,stress,next_close,1.5,0.0,0.25,0.6,0.4,90,1.0,1.5,8,8.0,10.0,SOLUSDT,458,546.0679383862083,0.2903930131004367,-0.7976300337590208,-365.3145554616315,,,0.22639888532531474,0.8038454037577654,-1.453003058958198
15m,fz1.5_react0_body0.25_cl0.6_cs0.4,model_a,stress,next_close,1.5,0.0,0.25,0.6,0.4,90,1.0,1.5,8,8.0,10.0,XRPUSDT,475,550.1552487282817,0.3094736842105263,-0.7470197923372697,-354.8344013602031,,,0.25693087717246027,0.8346328383893665,-1.4558702091568292
15m,fz1.5_react0_body0.25_cl0.7_cs0.3,model_a,stress,next_close,1.5,0.0,0.25,0.7,0.3,90,1.0,1.5,8,8.0,10.0,ADAUSDT,356,397.7055468824673,0.2808988764044944,-0.725560414369931,-258.29950751569544,,,0.25438053859393156,0.881231931855462,-1.3532136746142251
15m,fz1.5_react0_body0.25_cl0.7_cs0.3,model_a,stress,next_close,1.5,0.0,0.25,0.7,0.3,90,1.0,1.5,8,8.0,10.0,AVAXUSDT,429,472.4092707744489,0.2867132867132867,-0.7742433238026497,-332.15038591133674,,,0.24332394324021067,0.8683693853891559,-1.4345092167130813
15m,fz1.5_react0_body0.25_cl0.7_cs0.3,model_a,stress,next_close,1.5,0.0,0.25,0.7,0.3,90,1.0,1.5,8,8.0,10.0,BNBUSDT,446,493.2049955847105,0.21748878923766815,-1.3052200130303349,-582.1281258115293,,,0.09182355914942407,0.6067792759639032,-1.8366352881949226
15m,fz1.5_react0_body0.25_cl0.7_cs0.3,model_a,stress,next_close,1.5,0.0,0.25,0.7,0.3,90,1.0,1.5,8,8.0,10.0,BTCUSDT,758,841.651477247538,0.14775725593667546,-1.7660482469687617,-1338.6645712023214,,,0.046530707040284745,0.5832928968654355,-2.1733643585932665
15m,fz1.5_react0_body0.25_cl0.7_cs0.3,model_a,stress,next_close,1.5,0.0,0.25,0.7,0.3,90,1.0,1.5,8,8.0,10.0,ETHUSDT,535,588.6544496046191,0.2766355140186916,-0.9081937628081198,-485.8836631023441,,,0.19225870013578103,0.7814195894236982,-1.554350807072484
15m,fz1.5_react0_body0.25_cl0.7_cs0.3,model_a,stress,next_close,1.5,0.0,0.25,0.7,0.3,90,1.0,1.5,8,8.0,10.0,LINKUSDT,401,441.6731270614104,0.33915211970074816,-0.685704001998043,-274.9673048012153,,,0.30480488616522733,0.8864563636545671,-1.4925485670122127
15m,fz1.5_react0_body0.25_cl0.7_cs0.3,model_a,stress,next_close,1.5,0.0,0.25,0.7,0.3,90,1.0,1.5,8,8.0,10.0,LTCUSDT,474,522.0774619129888,0.28270042194092826,-0.9192394278831135,-435.7194888165958,,,0.1925259070994964,0.7752874753995868,-1.587082383882766
15m,fz1.5_react0_body0.25_cl0.7_cs0.3,model_a,stress,next_close,1.5,0.0,0.25,0.7,0.3,90,1.0,1.5,8,8.0,10.0,SOLUSDT,435,518.64531265939,0.2850574712643678,-0.8075385314700597,-351.27926118947596,,,0.22057226336334898,0.8016888966504133,-1.449159756829991
15m,fz1.5_react0_body0.25_cl0.7_cs0.3,model_a,stress,next_close,1.5,0.0,0.25,0.7,0.3,90,1.0,1.5,8,8.0,10.0,XRPUSDT,436,504.9846072537491,0.30275229357798167,-0.7597972052305014,-331.27158148049864,,,0.25070759621651556,0.8397043691271184,-1.4543176256752575
15m,fz1.5_react0_body0.5_cl0.6_cs0.4,model_a,stress,next_close,1.5,0.0,0.5,0.6,0.4,90,1.0,1.5,8,8.0,10.0,ADAUSDT,327,365.3081849173225,0.2782874617737003,-0.7415343607793393,-242.48173597484396,,,0.24608863019255928,0.8697789565149323,-1.3628458517699271
15m,fz1.5_react0_body0.5_cl0.6_cs0.4,model_a,stress,next_close,1.5,0.0,0.5,0.6,0.4,90,1.0,1.5,8,8.0,10.0,AVAXUSDT,376,414.0723618090452,0.30319148936170215,-0.7575023446017285,-284.8208815702499,,,0.25249574404906366,0.8439318307256878,-1.4543095811945739
15m,fz1.5_react0_body0.5_cl0.6_cs0.4,model_a,stress,next_close,1.5,0.0,0.5,0.6,0.4,90,1.0,1.5,8,8.0,10.0,BNBUSDT,408,451.18304528825536,0.22549019607843138,-1.2949838854196283,-528.3534252512084,,,0.09466991591975349,0.6005397227127015,-1.8468451890530913
15m,fz1.5_react0_body0.5_cl0.6_cs0.4,model_a,stress,next_close,1.5,0.0,0.5,0.6,0.4,90,1.0,1.5,8,8.0,10.0,BTCUSDT,700,777.2507045821591,0.15142857142857144,-1.772711220356109,-1240.8978542492764,,,0.04802608460231949,0.5905848489687067,-2.194444188956161
15m,fz1.5_react0_body0.5_cl0.6_cs0.4,model_a,stress,next_close,1.5,0.0,0.5,0.6,0.4,90,1.0,1.5,8,8.0,10.0,ETHUSDT,498,547.9437680431781,0.29116465863453816,-0.8886319081663963,-442.53869026686533,,,0.2034684652830365,0.7796099603346119,-1.573887066615819
15m,fz1.5_react0_body0.5_cl0.6_cs0.4,model_a,stress,next_close,1.5,0.0,0.5,0.6,0.4,90,1.0,1.5,8,8.0,10.0,LINKUSDT,376,414.2024505183789,0.3271276595744681,-0.7257260604977233,-272.8729987471439,,,0.28256751723680457,0.8737690388021655,-1.5033462075881832
15m,fz1.5_react0_body0.5_cl0.6_cs0.4,model_a,stress,next_close,1.5,0.0,0.5,0.6,0.4,90,1.0,1.5,8,8.0,10.0,LTCUSDT,428,471.337688442211,0.2733644859813084,-0.9475412487852182,-405.5476544800734,,,0.17691964517019843,0.7450576114054965,-1.5843067363810819
15m,fz1.5_react0_body0.5_cl0.6_cs0.4,model_a,stress,next_close,1.5,0.0,0.5,0.6,0.4,90,1.0,1.5,8,8.0,10.0,SOLUSDT,395,470.9537896562277,0.28607594936708863,-0.8053592380319655,-318.1168990226264,,,0.22714147214375752,0.8273794495314952,-1.4596126837577497
15m,fz1.5_react0_body0.5_cl0.6_cs0.4,model_a,stress,next_close,1.5,0.0,0.5,0.6,0.4,90,1.0,1.5,8,8.0,10.0,XRPUSDT,391,453.0142743854084,0.32225063938618925,-0.7226012714371571,-282.5370971319284,,,0.2724132005225332,0.8395532965127,-1.4653615565755795
15m,fz1.5_react0_body0.5_cl0.7_cs0.3,model_a,stress,next_close,1.5,0.0,0.5,0.7,0.3,90,1.0,1.5,8,8.0,10.0,ADAUSDT,297,331.79367253958645,0.2828282828282828,-0.7268789282511652,-215.88304169059606,,,0.25149151379861723,0.8635069729159321,-1.3540733681480486
15m,fz1.5_react0_body0.5_cl0.7_cs0.3,model_a,stress,next_close,1.5,0.0,0.5,0.7,0.3,90,1.0,1.5,8,8.0,10.0,AVAXUSDT,351,386.5409547738693,0.31339031339031337,-0.7329784727358212,-257.27544393027324,,,0.26245919296961273,0.8323028581319669,-1.4474222337128202
15m,fz1.5_react0_body0.5_cl0.7_cs0.3,model_a,stress,next_close,1.5,0.0,0.5,0.7,0.3,90,1.0,1.5,8,8.0,10.0,BNBUSDT,381,421.3253437618267,0.2204724409448819,-1.2978594090908486,-494.48443486361333,,,0.09353434873077682,0.6074256319915993,-1.8367279055586117
15m,fz1.5_react0_body0.5_cl0.7_cs0.3,model_a,stress,next_close,1.5,0.0,0.5,0.7,0.3,90,1.0,1.5,8,8.0,10.0,BTCUSDT,663,736.1674530542449,0.15082956259426847,-1.7663622844784912,-1171.0981946092397,,,0.048254384113860405,0.5937576299220195,-2.1855665321517614
15m,fz1.5_react0_body0.5_cl0.7_cs0.3,model_a,stress,next_close,1.5,0.0,0.5,0.7,0.3,90,1.0,1.5,8,8.0,10.0,ETHUSDT,449,494.1691829624282,0.28507795100222716,-0.8862485742776158,-397.9256098506495,,,0.20106063599321652,0.7823573254486608,-1.5516116744799942
15m,fz1.5_react0_body0.5_cl0.7_cs0.3,model_a,stress,next_close,1.5,0.0,0.5,0.7,0.3,90,1.0,1.5,8,8.0,10.0,LINKUSDT,351,386.66239396795476,0.32763532763532766,-0.7169769015710153,-251.6588924514264,,,0.28610600373027584,0.8770163345245002,-1.4937108937362031
15m,fz1.5_react0_body0.5_cl0.7_cs0.3,model_a,stress,next_close,1.5,0.0,0.5,0.7,0.3,90,1.0,1.5,8,8.0,10.0,LTCUSDT,401,441.79802677056495,0.2817955112219451,-0.9226804218005229,-369.9948491420097,,,0.18757649351610317,0.7559849800336809,-1.5813234440479709
15m,fz1.5_react0_body0.5_cl0.7_cs0.3,model_a,stress,next_close,1.5,0.0,0.5,0.7,0.3,90,1.0,1.5,8,8.0,10.0,SOLUSDT,382,455.45404468019996,0.28534031413612565,-0.8213244148200848,-313.7459264612724,,,0.2197143208723099,0.8105061725122317,-1.4728611694692517
15m,fz1.5_react0_body0.5_cl0.7_cs0.3,model_a,stress,next_close,1.5,0.0,0.5,0.7,0.3,90,1.0,1.5,8,8.0,10.0,XRPUSDT,368,426.4932077342588,0.32065217391304346,-0.7267162832642541,-267.4315922412455,,,0.2694094483163841,0.8357366999499738,-1.4641940913413696
15m,fz2.5_react0.25_body0.25_cl0.6_cs0.4,model_a,stress,next_close,2.5,0.25,0.25,0.6,0.4,90,1.0,1.5,8,8.0,10.0,ADAUSDT,150,176.13019891500903,0.29333333333333333,-0.6797894770952517,-101.96842156428775,,,0.288588598718873,0.9400941897083483,-1.352194018032595
15m,fz2.5_react0.25_body0.25_cl0.6_cs0.4,model_a,stress,next_close,2.5,0.25,0.25,0.6,0.4,90,1.0,1.5,8,8.0,10.0,AVAXUSDT,119,142.07068437180797,0.35294117647058826,-0.5178089894219446,-61.61926974121141,,,0.3955856897293742,0.9602251818310366,-1.324009446469025
15m,fz2.5_react0.25_body0.25_cl0.6_cs0.4,model_a,stress,next_close,2.5,0.25,0.25,0.6,0.4,90,1.0,1.5,8,8.0,10.0,BNBUSDT,227,262.9597277742905,0.24669603524229075,-1.1860032727665988,-269.2227429180179,,,0.10858709976267025,0.585629623084785,-1.7661871450921982
15m,fz2.5_react0.25_body0.25_cl0.6_cs0.4,model_a,stress,next_close,2.5,0.25,0.25,0.6,0.4,90,1.0,1.5,8,8.0,10.0,BTCUSDT,106,121.77393355612345,0.19811320754716982,-1.676869433576703,-177.7481599591305,,,0.0573013628647971,0.5144911291875389,-2.2182643961419863
15m,fz2.5_react0.25_body0.25_cl0.6_cs0.4,model_a,stress,next_close,2.5,0.25,0.25,0.6,0.4,90,1.0,1.5,8,8.0,10.0,ETHUSDT,94,110.28997824995817,0.2765957446808511,-0.805967672178294,-75.76096118475964,,,0.2238499748179139,0.8403950814005008,-1.435459313252539
15m,fz2.5_react0.25_body0.25_cl0.6_cs0.4,model_a,stress,next_close,2.5,0.25,0.25,0.6,0.4,90,1.0,1.5,8,8.0,10.0,LINKUSDT,136,149.7943772577352,0.3235294117647059,-0.7366667569746157,-100.18667894854774,,,0.27284838621729446,0.8543852089018206,-1.497604653698129
15m,fz2.5_react0.25_body0.25_cl0.6_cs0.4,model_a,stress,next_close,2.5,0.25,0.25,0.6,0.4,90,1.0,1.5,8,8.0,10.0,LTCUSDT,91,142.72785829307568,0.21978021978021978,-1.0089899180651438,-91.81808254392809,,,0.12926482779128126,0.6815418170176719,-1.4851960406236835
15m,fz2.5_react0.25_body0.25_cl0.6_cs0.4,model_a,stress,next_close,2.5,0.25,0.25,0.6,0.4,90,1.0,1.5,8,8.0,10.0,SOLUSDT,120,163.97178597872255,0.30833333333333335,-0.7395302749373797,-88.74363299248556,,,0.2679394629331295,0.8778598090974957,-1.4605354931216012
15m,fz2.5_react0.25_body0.25_cl0.6_cs0.4,model_a,stress,next_close,2.5,0.25,0.25,0.6,0.4,90,1.0,1.5,8,8.0,10.0,XRPUSDT,79,95.85963940893518,0.31645569620253167,-0.6425773814313904,-50.76361313307984,,,0.31166227703559846,0.9193802827759937,-1.36570592967555
15m,fz2.5_react0.25_body0.25_cl0.7_cs0.3,model_a,stress,next_close,2.5,0.25,0.25,0.7,0.3,90,1.0,1.5,8,8.0,10.0,ADAUSDT,136,159.6913803496082,0.2647058823529412,-0.7342329419490053,-99.85568010506472,,,0.2574083474356843,0.9614857157942556,-1.3446916587365791
15m,fz2.5_react0.25_body0.25_cl0.7_cs0.3,model_a,stress,next_close,2.5,0.25,0.25,0.7,0.3,90,1.0,1.5,8,8.0,10.0,AVAXUSDT,113,134.90745658835544,0.34513274336283184,-0.5384229181847519,-60.84178975487696,,,0.3786828666353284,0.95082304739353,-1.3232957919354682
15m,fz2.5_react0.25_body0.25_cl0.7_cs0.3,model_a,stress,next_close,2.5,0.25,0.25,0.7,0.3,90,1.0,1.5,8,8.0,10.0,BNBUSDT,214,247.90036010439724,0.22897196261682243,-1.217438027734152,-260.53173793510854,,,0.10009329263590988,0.5913873677622162,-1.7546043573058008
15m,fz2.5_react0.25_body0.25_cl0.7_cs0.3,model_a,stress,next_close,2.5,0.25,0.25,0.7,0.3,90,1.0,1.5,8,8.0,10.0,BTCUSDT,96,110.28582661686653,0.1875,-1.6885376096260447,-162.09961052410029,,,0.0500716432703455,0.4746904107103124,-2.1877440758575117
15m,fz2.5_react0.25_body0.25_cl0.7_cs0.3,model_a,stress,next_close,2.5,0.25,0.25,0.7,0.3,90,1.0,1.5,8,8.0,10.0,ETHUSDT,87,102.07689476325916,0.26436781609195403,-0.8555531626958202,-74.43312515453636,,,0.2001435916390758,0.8097819237698635,-1.454032959394425
15m,fz2.5_react0.25_body0.25_cl0.7_cs0.3,model_a,stress,next_close,2.5,0.25,0.25,0.7,0.3,90,1.0,1.5,8,8.0,10.0,LINKUSDT,123,135.47579707868698,0.3333333333333333,-0.6919332449120578,-85.1077891241831,,,0.2983832272368624,0.8827950641896971,-1.4792973994629353
15m,fz2.5_react0.25_body0.25_cl0.7_cs0.3,model_a,stress,next_close,2.5,0.25,0.25,0.7,0.3,90,1.0,1.5,8,8.0,10.0,LTCUSDT,85,133.31723027375202,0.24705882352941178,-0.9446378007213134,-80.29421306131164,,,0.1578190131528567,0.7165043678331044,-1.4897000747782319
15m,fz2.5_react0.25_body0.25_cl0.7_cs0.3,model_a,stress,next_close,2.5,0.25,0.25,0.7,0.3,90,1.0,1.5,8,8.0,10.0,SOLUSDT,116,158.49370689319255,0.3017241379310345,-0.7624991982885964,-88.44990700147717,,,0.25633261107123423,0.8710728151640784,-1.468363648545925
15m,fz2.5_react0.25_body0.25_cl0.7_cs0.3,model_a,stress,next_close,2.5,0.25,0.25,0.7,0.3,90,1.0,1.5,8,8.0,10.0,XRPUSDT,74,89.78946639905877,0.25675675675675674,-0.7806224226308963,-57.76605927468633,,,0.23132844195164493,0.9149710678585212,-1.3663729011636043
15m,fz2.5_react0.25_body0.5_cl0.6_cs0.4,model_a,stress,next_close,2.5,0.25,0.5,0.6,0.4,90,1.0,1.5,8,8.0,10.0,ADAUSDT,128,150.32293934420738,0.28125,-0.6938633516101816,-88.81450900610325,,,0.26881554360522025,0.9070032537884737,-1.3202894145922641
15m,fz2.5_react0.25_body0.5_cl0.6_cs0.4,model_a,stress,next_close,2.5,0.25,0.5,0.6,0.4,90,1.0,1.5,8,8.0,10.0,AVAXUSDT,105,125.3564862104188,0.37142857142857144,-0.4760970847790335,-49.99019390179852,,,0.428476146922949,0.9609759158267144,-1.3252765851369754
15m,fz2.5_react0.25_body0.5_cl0.6_cs0.4,model_a,stress,next_close,2.5,0.25,0.5,0.6,0.4,90,1.0,1.5,8,8.0,10.0,BNBUSDT,203,235.15781822987213,0.2561576354679803,-1.1719278722546178,-237.90135806768743,,,0.11326356262945658,0.5843717876703907,-1.7767462981890578
15m,fz2.5_react0.25_body0.5_cl0.6_cs0.4,model_a,stress,next_close,2.5,0.25,0.5,0.6,0.4,90,1.0,1.5,8,8.0,10.0,BTCUSDT,95,109.1405917237312,0.18947368421052632,-1.7742966037211234,-168.55817735350672,,,0.05425859219350662,0.5372463063495011,-2.314657283997373
15m,fz2.5_react0.25_body0.5_cl0.6_cs0.4,model_a,stress,next_close,2.5,0.25,0.5,0.6,0.4,90,1.0,1.5,8,8.0,10.0,ETHUSDT,84,98.55700184038815,0.2857142857142857,-0.7696353365056584,-64.6493682664753,,,0.2368285928474708,0.8359207147269792,-1.4118577569987134
15m,fz2.5_react0.25_body0.5_cl0.6_cs0.4,model_a,stress,next_close,2.5,0.25,0.5,0.6,0.4,90,1.0,1.5,8,8.0,10.0,LINKUSDT,124,136.59868049010367,0.28225806451612906,-0.8307553693124003,-103.01366579473765,,,0.22497134243767344,0.8543508113128528,-1.493437575176264
15m,fz2.5_react0.25_body0.5_cl0.6_cs0.4,model_a,stress,next_close,2.5,0.25,0.5,0.6,0.4,90,1.0,1.5,8,8.0,10.0,LTCUSDT,77,120.72652477195494,0.22077922077922077,-1.0194431961237882,-78.49712610153169,,,0.12423409760811006,0.6550246038702081,-1.4938757394554203
15m,fz2.5_react0.25_body0.5_cl0.6_cs0.4,model_a,stress,next_close,2.5,0.25,0.5,0.6,0.4,90,1.0,1.5,8,8.0,10.0,SOLUSDT,109,148.941038930673,0.28440366972477066,-0.7917875880813555,-86.30484710086775,,,0.23903783454103905,0.8745347580706169,-1.4540439051417546
15m,fz2.5_react0.25_body0.5_cl0.6_cs0.4,model_a,stress,next_close,2.5,0.25,0.5,0.6,0.4,90,1.0,1.5,8,8.0,10.0,XRPUSDT,71,86.15531561461793,0.3380281690140845,-0.6232052655754453,-44.247573855856615,,,0.3189900864314406,0.8635788020752199,-1.3824141511842956
15m,fz2.5_react0.25_body0.5_cl0.7_cs0.3,model_a,stress,next_close,2.5,0.25,0.5,0.7,0.3,90,1.0,1.5,8,8.0,10.0,ADAUSDT,116,136.23016378068795,0.25862068965517243,-0.7670975320370473,-88.98331371629749,,,0.2321401218552378,0.8967173081583958,-1.3474980576866205
15m,fz2.5_react0.25_body0.5_cl0.7_cs0.3,model_a,stress,next_close,2.5,0.25,0.5,0.7,0.3,90,1.0,1.5,8,8.0,10.0,AVAXUSDT,98,116.9993871297242,0.3673469387755102,-0.5046751959654713,-49.45816920461618,,,0.4084819622547495,0.9487251781327282,-1.3485850906031356
15m,fz2.5_react0.25_body0.5_cl0.7_cs0.3,model_a,stress,next_close,2.5,0.25,0.5,0.7,0.3,90,1.0,1.5,8,8.0,10.0,BNBUSDT,191,221.25686345766294,0.2356020942408377,-1.2259349261650994,-234.153570897534,,,0.10250622491388317,0.5943018280237206,-1.7869668024561742
15m,fz2.5_react0.25_body0.5_cl0.7_cs0.3,model_a,stress,next_close,2.5,0.25,0.5,0.7,0.3,90,1.0,1.5,8,8.0,10.0,BTCUSDT,87,99.9498050522591,0.19540229885057472,-1.726939876009022,-150.2437692127849,,,0.054513830632931394,0.5095643884459007,-2.2700909116623604
15m,fz2.5_react0.25_body0.5_cl0.7_cs0.3,model_a,stress,next_close,2.5,0.25,0.5,0.7,0.3,90,1.0,1.5,8,8.0,10.0,ETHUSDT,75,87.99732307177514,0.25333333333333335,-0.8523578146228155,-63.926836096711156,,,0.20043216354911522,0.8434157529652588,-1.427709560768769
15m,fz2.5_react0.25_body0.5_cl0.7_cs0.3,model_a,stress,next_close,2.5,0.25,0.5,0.7,0.3,90,1.0,1.5,8,8.0,10.0,LINKUSDT,116,127.78586239396796,0.3017241379310345,-0.7697734730653149,-89.29372287557652,,,0.2570498944948303,0.8826950009982042,-1.4838030606236257
15m,fz2.5_react0.25_body0.5_cl0.7_cs0.3,model_a,stress,next_close,2.5,0.25,0.5,0.7,0.3,90,1.0,1.5,8,8.0,10.0,LTCUSDT,72,112.88714004650332,0.2222222222222222,-1.0150934376642478,-73.08672751182584,,,0.12739671637188965,0.6668987836503105,-1.4956626437541214
15m,fz2.5_react0.25_body0.5_cl0.7_cs0.3,model_a,stress,next_close,2.5,0.25,0.5,0.7,0.3,90,1.0,1.5,8,8.0,10.0,SOLUSDT,105,143.46413123952775,0.29523809523809524,-0.7747886267876697,-81.35280581270531,,,0.24634771825462365,0.8578045943945811,-1.4587128140396937
15m,fz2.5_react0.25_body0.5_cl0.7_cs0.3,model_a,stress,next_close,2.5,0.25,0.5,0.7,0.3,90,1.0,1.5,8,8.0,10.0,XRPUSDT,67,81.30430870392802,0.29850746268656714,-0.7413377138503477,-49.669626827973296,,,0.25950215722139686,0.8703182214464972,-1.4271487501468774
15m,fz2.5_react0_body0.25_cl0.6_cs0.4,model_a,stress,next_close,2.5,0.0,0.25,0.6,0.4,90,1.0,1.5,8,8.0,10.0,ADAUSDT,156,183.1754068716094,0.30128205128205127,-0.6771845582388202,-105.64079108525594,,,0.284205269827863,0.8924366896624378,-1.3539937201778949
15m,fz2.5_react0_body0.25_cl0.6_cs0.4,model_a,stress,next_close,2.5,0.0,0.25,0.6,0.4,90,1.0,1.5,8,8.0,10.0,AVAXUSDT,124,148.02996050660494,0.3629032258064516,-0.4849385665427462,-60.13238225130053,,,0.42034586606629704,0.9690222272727241,-1.3131440820072546
15m,fz2.5_react0_body0.25_cl0.6_cs0.4,model_a,stress,next_close,2.5,0.0,0.25,0.6,0.4,90,1.0,1.5,8,8.0,10.0,BNBUSDT,237,274.5438567511315,0.24050632911392406,-1.2060208658539375,-285.8269452073832,,,0.1040098491497581,0.5821026050918865,-1.7722599649867816
15m,fz2.5_react0_body0.25_cl0.6_cs0.4,model_a,stress,next_close,2.5,0.0,0.25,0.6,0.4,90,1.0,1.5,8,8.0,10.0,BTCUSDT,107,122.92274425004915,0.19626168224299065,-1.6641423013488486,-178.06322624432678,,,0.05909015574800076,0.5325030081532327,-2.200532435064473
15m,fz2.5_react0_body0.25_cl0.6_cs0.4,model_a,stress,next_close,2.5,0.0,0.25,0.6,0.4,90,1.0,1.5,8,8.0,10.0,ETHUSDT,95,111.46327589091517,0.29473684210526313,-0.751525071451176,-71.39488178786172,,,0.23940235323093786,0.8025691930391917,-1.400997301387449
15m,fz2.5_react0_body0.25_cl0.6_cs0.4,model_a,stress,next_close,2.5,0.0,0.25,0.6,0.4,90,1.0,1.5,8,8.0,10.0,LINKUSDT,141,155.30152348044606,0.3333333333333333,-0.70716287035076,-99.70996471945716,,,0.28137524578818535,0.8306621444266653,-1.4760753777394726
15m,fz2.5_react0_body0.25_cl0.6_cs0.4,model_a,stress,next_close,2.5,0.0,0.25,0.6,0.4,90,1.0,1.5,8,8.0,10.0,LTCUSDT,98,153.68630081846237,0.25510204081632654,-0.9293118741699647,-91.07256366865654,,,0.16002252885147386,0.6940025154397668,-1.4852414596527497
15m,fz2.5_react0_body0.25_cl0.6_cs0.4,model_a,stress,next_close,2.5,0.0,0.25,0.6,0.4,90,1.0,1.5,8,8.0,10.0,SOLUSDT,127,173.5030000779241,0.30708661417322836,-0.728412922477107,-92.50844115459259,,,0.26782851780753764,0.8676823521195305,-1.435773328264253
15m,fz2.5_react0_body0.25_cl0.6_cs0.4,model_a,stress,next_close,2.5,0.0,0.25,0.6,0.4,90,1.0,1.5,8,8.0,10.0,XRPUSDT,81,98.29667058904963,0.30864197530864196,-0.6315264918968374,-51.15364584364383,,,0.3062035857799537,0.9030562546593797,-1.3166080751808629
15m,fz2.5_react0_body0.25_cl0.7_cs0.3,model_a,stress,next_close,2.5,0.0,0.25,0.7,0.3,90,1.0,1.5,8,8.0,10.0,ADAUSDT,140,164.38818565400845,0.2857142857142857,-0.7054275953455149,-98.7598633483721,,,0.26779283916672764,0.90299527293891,-1.3487967426592848
15m,fz2.5_react0_body0.25_cl0.7_cs0.3,model_a,stress,next_close,2.5,0.0,0.25,0.7,0.3,90,1.0,1.5,8,8.0,10.0,AVAXUSDT,119,142.0610104861773,0.3445378151260504,-0.5225778781102026,-62.18676749511412,,,0.39270495359344304,0.980800698867011,-1.3128153352392509
15m,fz2.5_react0_body0.25_cl0.7_cs0.3,model_a,stress,next_close,2.5,0.0,0.25,0.7,0.3,90,1.0,1.5,8,8.0,10.0,BNBUSDT,222,257.16766328587005,0.22522522522522523,-1.2254006720706108,-272.0389491996756,,,0.09710920712095733,0.5851756795207003,-1.7517310068355265
15m,fz2.5_react0_body0.25_cl0.7_cs0.3,model_a,stress,next_close,2.5,0.0,0.25,0.7,0.3,90,1.0,1.5,8,8.0,10.0,BTCUSDT,98,112.58344800471791,0.1836734693877551,-1.6836067833195767,-164.99346476531852,,,0.04923666691192205,0.4746904107103124,-2.169223651976302
15m,fz2.5_react0_body0.25_cl0.7_cs0.3,model_a,stress,next_close,2.5,0.0,0.25,0.7,0.3,90,1.0,1.5,8,8.0,10.0,ETHUSDT,89,104.42349004517317,0.2808988764044944,-0.8316824856712529,-74.01974122474151,,,0.20658922614742714,0.7709338750216455,-1.4577045015669163
15m,fz2.5_react0_body0.25_cl0.7_cs0.3,model_a,stress,next_close,2.5,0.0,0.25,0.7,0.3,90,1.0,1.5,8,8.0,10.0,LINKUSDT,129,142.08437254594,0.3333333333333333,-0.6729002230286566,-86.8041287706967,,,0.3016633854102157,0.8720265631840888,-1.4453636161350294
15m,fz2.5_react0_body0.25_cl0.7_cs0.3,model_a,stress,next_close,2.5,0.0,0.25,0.7,0.3,90,1.0,1.5,8,8.0,10.0,LTCUSDT,91,142.72785829307568,0.25274725274725274,-0.913885863617311,-83.1636135891753,,,0.16736312593852234,0.7267911905366012,-1.4688207495811343
15m,fz2.5_react0_body0.25_cl0.7_cs0.3,model_a,stress,next_close,2.5,0.0,0.25,0.7,0.3,90,1.0,1.5,8,8.0,10.0,SOLUSDT,119,162.59268207146476,0.3025210084033613,-0.746591700839134,-88.84441239985694,,,0.2555873915239778,0.8473314454842193,-1.437931860690227
15m,fz2.5_react0_body0.25_cl0.7_cs0.3,model_a,stress,next_close,2.5,0.0,0.25,0.7,0.3,90,1.0,1.5,8,8.0,10.0,XRPUSDT,78,94.65605315982556,0.24358974358974358,-0.8162188233578066,-63.66506822190891,,,0.2041499634366542,0.8595391721244661,-1.3558697032588776
15m,fz2.5_react0_body0.5_cl0.6_cs0.4,model_a,stress,next_close,2.5,0.0,0.5,0.6,0.4,90,1.0,1.5,8,8.0,10.0,ADAUSDT,129,151.49733730783402,0.2868217054263566,-0.6886690428270155,-88.838306524685,,,0.27041093954316586,0.889906729202514,-1.3235310380997611
15m,fz2.5_react0_body0.5_cl0.6_cs0.4,model_a,stress,next_close,2.5,0.0,0.5,0.6,0.4,90,1.0,1.5,8,8.0,10.0,AVAXUSDT,105,125.3564862104188,0.37142857142857144,-0.4753871087231811,-49.91564641593401,,,0.4288416402811532,0.9609759158267144,-1.324147077775392
15m,fz2.5_react0_body0.5_cl0.6_cs0.4,model_a,stress,next_close,2.5,0.0,0.5,0.6,0.4,90,1.0,1.5,8,8.0,10.0,BNBUSDT,203,235.15781822987213,0.2561576354679803,-1.1719278722546178,-237.90135806768743,,,0.11326356262945658,0.5843717876703907,-1.7767462981890578
15m,fz2.5_react0_body0.5_cl0.6_cs0.4,model_a,stress,next_close,2.5,0.0,0.5,0.6,0.4,90,1.0,1.5,8,8.0,10.0,BTCUSDT,96,110.28944005766522,0.1875,-1.769414433730782,-169.86378563815506,,,0.053864012999547795,0.5372463063495011,-2.3017207583646937
15m,fz2.5_react0_body0.5_cl0.6_cs0.4,model_a,stress,next_close,2.5,0.0,0.5,0.6,0.4,90,1.0,1.5,8,8.0,10.0,ETHUSDT,85,99.73029948134516,0.29411764705882354,-0.7512775216582043,-63.85858934094736,,,0.24616356210585838,0.8341150431590176,-1.4118577569987134
15m,fz2.5_react0_body0.5_cl0.6_cs0.4,model_a,stress,next_close,2.5,0.0,0.5,0.6,0.4,90,1.0,1.5,8,8.0,10.0,LINKUSDT,126,138.8018850141376,0.2857142857142857,-0.8291411874955555,-104.47178962443999,,,0.2226189784644171,0.8310454676324369,-1.4932158495467525
15m,fz2.5_react0_body0.5_cl0.6_cs0.4,model_a,stress,next_close,2.5,0.0,0.5,0.6,0.4,90,1.0,1.5,8,8.0,10.0,LTCUSDT,78,122.29440171704526,0.21794871794871795,-1.0197835240986792,-79.54311487969699,,,0.12280104099089419,0.6550246038702081,-1.486533330253943
15m,fz2.5_react0_body0.5_cl0.6_cs0.4,model_a,stress,next_close,2.5,0.0,0.5,0.6,0.4,90,1.0,1.5,8,8.0,10.0,SOLUSDT,110,150.30747048049568,0.2818181818181818,-0.7852579899170131,-86.37837889087145,,,0.23888295709382873,0.8745347580706169,-1.436569068241273
15m,fz2.5_react0_body0.5_cl0.6_cs0.4,model_a,stress,next_close,2.5,0.0,0.5,0.6,0.4,90,1.0,1.5,8,8.0,10.0,XRPUSDT,71,86.16426123974665,0.352112676056338,-0.5987029821579481,-42.50791173321432,,,0.33138012080658086,0.8427076348600842,-1.3820783174938354
15m,fz2.5_react0_body0.5_cl0.7_cs0.3,model_a,stress,next_close,2.5,0.0,0.5,0.7,0.3,90,1.0,1.5,8,8.0,10.0,ADAUSDT,117,137.40456174431458,0.2564102564102564,-0.7725503515575068,-90.3883911322283,,,0.22935919345737416,0.8967173081583958,-1.3481598893905768
15m,fz2.5_react0_body0.5_cl0.7_cs0.3,model_a,stress,next_close,2.5,0.0,0.5,0.7,0.3,90,1.0,1.5,8,8.0,10.0,AVAXUSDT,98,116.9993871297242,0.3673469387755102,-0.5039145073342007,-49.38362171875168,,,0.4088464838186966,0.9487251781327282,-1.3473827117988693
15m,fz2.5_react0_body0.5_cl0.7_cs0.3,model_a,stress,next_close,2.5,0.0,0.5,0.7,0.3,90,1.0,1.5,8,8.0,10.0,BNBUSDT,191,221.25686345766294,0.2356020942408377,-1.2259349261650994,-234.153570897534,,,0.10250622491388317,0.5943018280237206,-1.7869668024561742
15m,fz2.5_react0_body0.5_cl0.7_cs0.3,model_a,stress,next_close,2.5,0.0,0.5,0.7,0.3,90,1.0,1.5,8,8.0,10.0,BTCUSDT,88,101.0986533861931,0.19318181818181818,-1.7221520170162874,-151.54937749743328,,,0.05406958350227753,0.5095643884459007,-2.2565066493100505
15m,fz2.5_react0_body0.5_cl0.7_cs0.3,model_a,stress,next_close,2.5,0.0,0.5,0.7,0.3,90,1.0,1.5,8,8.0,10.0,ETHUSDT,76,89.17062071273214,0.2631578947368421,-0.8307375943576739,-63.13605717118322,,,0.2103228672535624,0.8407839115933928,-1.427709560768769
15m,fz2.5_react0_body0.5_cl0.7_cs0.3,model_a,stress,next_close,2.5,0.0,0.5,0.7,0.3,90,1.0,1.5,8,8.0,10.0,LINKUSDT,118,129.9890669180019,0.2966101694915254,-0.7784050685736271,-91.851798091688,,,0.2516928783409843,0.8826950009982042,-1.4788689533328332
15m,fz2.5_react0_body0.5_cl0.7_cs0.3,model_a,stress,next_close,2.5,0.0,0.5,0.7,0.3,90,1.0,1.5,8,8.0,10.0,LTCUSDT,72,112.88714004650332,0.2222222222222222,-1.0150934376642478,-73.08672751182584,,,0.12739671637188965,0.6668987836503105,-1.4956626437541214
15m,fz2.5_react0_body0.5_cl0.7_cs0.3,model_a,stress,next_close,2.5,0.0,0.5,0.7,0.3,90,1.0,1.5,8,8.0,10.0,SOLUSDT,106,144.83045629895182,0.29245283018867924,-0.7702703690374385,-81.64865911796848,,,0.24567437769987896,0.8578045943945811,-1.44320802058934
15m,fz2.5_react0_body0.5_cl0.7_cs0.3,model_a,stress,next_close,2.5,0.0,0.5,0.7,0.3,90,1.0,1.5,8,8.0,10.0,XRPUSDT,68,82.5235178070813,0.3088235294117647,-0.7150344180901586,-48.622340430130784,,,0.26741041354857265,0.8451506690774654,-1.4121383932076077
15m,fz2_react0.25_body0.25_cl0.6_cs0.4,model_a,stress,next_close,2.0,0.25,0.25,0.6,0.4,90,1.0,1.5,8,8.0,10.0,ADAUSDT,235,275.9373116335142,0.2936170212765957,-0.7085998684531671,-166.5209690864943,,,0.2741028493823437,0.9112935521432967,-1.3819290613516972
15m,fz2_react0.25_body0.25_cl0.6_cs0.4,model_a,stress,next_close,2.0,0.25,0.25,0.6,0.4,90,1.0,1.5,8,8.0,10.0,AVAXUSDT,214,235.6688442211055,0.308411214953271,-0.6914275672497373,-147.96549939144379,,,0.2800493395126854,0.8720639766668071,-1.3886602827800882
15m,fz2_react0.25_body0.25_cl0.6_cs0.4,model_a,stress,next_close,2.0,0.25,0.25,0.6,0.4,90,1.0,1.5,8,8.0,10.0,BNBUSDT,329,374.38925129003997,0.22188449848024316,-1.28090299411419,-421.41708506356855,,,0.09105871651813079,0.5783290049231011,-1.8110746188396676
15m,fz2_react0.25_body0.25_cl0.6_cs0.4,model_a,stress,next_close,2.0,0.25,0.25,0.6,0.4,90,1.0,1.5,8,8.0,10.0,BTCUSDT,320,367.61942205622177,0.14375,-1.9336078071152722,-618.7544982768871,,,0.041781367065862045,0.5865142546716199,-2.356693992670736
15m,fz2_react0.25_body0.25_cl0.6_cs0.4,model_a,stress,next_close,2.0,0.25,0.25,0.6,0.4,90,1.0,1.5,8,8.0,10.0,ETHUSDT,207,231.71523432511813,0.32367149758454106,-0.7399837255729562,-153.17663119360193,,,0.25538795022066607,0.7841299707446275,-1.4693809945249428
15m,fz2_react0.25_body0.25_cl0.6_cs0.4,model_a,stress,next_close,2.0,0.25,0.25,0.6,0.4,90,1.0,1.5,8,8.0,10.0,LINKUSDT,243,267.64730642374747,0.31275720164609055,-0.7719565003746363,-187.58542959103661,,,0.2612509797121931,0.8728638748276766,-1.5204975094487427
15m,fz2_react0.25_body0.25_cl0.6_cs0.4,model_a,stress,next_close,2.0,0.25,0.25,0.6,0.4,90,1.0,1.5,8,8.0,10.0,LTCUSDT,201,226.41557440246723,0.24378109452736318,-0.9856995182648568,-198.1256031712362,,,0.16079734663030548,0.7747410206372615,-1.5532099551477765
15m,fz2_react0.25_body0.25_cl0.6_cs0.4,model_a,stress,next_close,2.0,0.25,0.25,0.6,0.4,90,1.0,1.5,8,8.0,10.0,SOLUSDT,204,250.89638723254996,0.35294117647058826,-0.6654165885622894,-135.74498406670702,,,0.2996652301419801,0.806718397038413,-1.4683993079808544
15m,fz2_react0.25_body0.25_cl0.6_cs0.4,model_a,stress,next_close,2.0,0.25,0.25,0.6,0.4,90,1.0,1.5,8,8.0,10.0,XRPUSDT,197,239.0423919438004,0.3096446700507614,-0.7248521905920848,-142.79588154664071,,,0.2711735582223682,0.8709817721881813,-1.4406306591920572
15m,fz2_react0.25_body0.25_cl0.7_cs0.3,model_a,stress,next_close,2.0,0.25,0.25,0.7,0.3,90,1.0,1.5,8,8.0,10.0,ADAUSDT,213,250.10488245931285,0.27230046948356806,-0.7380993660102568,-157.2151649601847,,,0.2545311827397096,0.9255032666372318,-1.3606087382267362
15m,fz2_react0.25_body0.25_cl0.7_cs0.3,model_a,stress,next_close,2.0,0.25,0.25,0.7,0.3,90,1.0,1.5,8,8.0,10.0,AVAXUSDT,207,227.96005025125626,0.28019323671497587,-0.748676874947323,-154.97611311409588,,,0.2447032133035905,0.8656828344759577,-1.3770853524409492
15m,fz2_react0.25_body0.25_cl0.7_cs0.3,model_a,stress,next_close,2.0,0.25,0.25,0.7,0.3,90,1.0,1.5,8,8.0,10.0,BNBUSDT,310,352.7679875377276,0.2129032258064516,-1.2885694241552335,-399.45652148812235,,,0.08767860811358177,0.5816629062203966,-1.7944519397486414
15m,fz2_react0.25_body0.25_cl0.7_cs0.3,model_a,stress,next_close,2.0,0.25,0.25,0.7,0.3,90,1.0,1.5,8,8.0,10.0,BTCUSDT,297,341.19677609593083,0.1414141414141414,-1.9290883971289678,-572.9392539473034,,,0.04044542176209981,0.5749882560965929,-2.341524551777884
15m,fz2_react0.25_body0.25_cl0.7_cs0.3,model_a,stress,next_close,2.0,0.25,0.25,0.7,0.3,90,1.0,1.5,8,8.0,10.0,ETHUSDT,191,213.8048780487805,0.31413612565445026,-0.7492802484828026,-143.1125274602153,,,0.2500339135644497,0.7952134096055661,-1.456681923943124
15m,fz2_react0.25_body0.25_cl0.7_cs0.3,model_a,stress,next_close,2.0,0.25,0.25,0.7,0.3,90,1.0,1.5,8,8.0,10.0,LINKUSDT,223,245.61872153290406,0.31390134529147984,-0.7558067610183948,-168.54490770710206,,,0.2680704860937864,0.8818553168468983,-1.5050639208260455
15m,fz2_react0.25_body0.25_cl0.7_cs0.3,model_a,stress,next_close,2.0,0.25,0.25,0.7,0.3,90,1.0,1.5,8,8.0,10.0,LTCUSDT,185,208.4326200115674,0.2648648648648649,-0.9312550372370548,-172.28218188885515,,,0.1818919117768109,0.7817123703330068,-1.54842711790568
15m,fz2_react0.25_body0.25_cl0.7_cs0.3,model_a,stress,next_close,2.0,0.25,0.25,0.7,0.3,90,1.0,1.5,8,8.0,10.0,SOLUSDT,198,243.51708172571026,0.3434343434343434,-0.6907407718980375,-136.76667283581142,,,0.2864879294109478,0.8075629264491786,-1.4744688602642737
15m,fz2_react0.25_body0.25_cl0.7_cs0.3,model_a,stress,next_close,2.0,0.25,0.25,0.7,0.3,90,1.0,1.5,8,8.0,10.0,XRPUSDT,182,220.83355249498237,0.2967032967032967,-0.7590747077158482,-138.15159680428437,,,0.2525224920036075,0.8642991514816225,-1.4439355545647812
15m,fz2_react0.25_body0.5_cl0.6_cs0.4,model_a,stress,next_close,2.0,0.25,0.5,0.6,0.4,90,1.0,1.5,8,8.0,10.0,ADAUSDT,199,233.7051947616974,0.2964824120603015,-0.6874599391494934,-136.8045278907492,,,0.27516711479474987,0.8802521640439268,-1.348138611209578
15m,fz2_react0.25_body0.5_cl0.6_cs0.4,model_a,stress,next_close,2.0,0.25,0.5,0.6,0.4,90,1.0,1.5,8,8.0,10.0,AVAXUSDT,189,208.13743718592963,0.31746031746031744,-0.6668805935745954,-126.04043218559853,,,0.29523050354335006,0.8799799189205438,-1.3863505993862881
15m,fz2_react0.25_body0.5_cl0.6_cs0.4,model_a,stress,next_close,2.0,0.25,0.5,0.6,0.4,90,1.0,1.5,8,8.0,10.0,BNBUSDT,293,333.4226462856587,0.23208191126279865,-1.2634567579706522,-370.19283008540106,,,0.09527919523931866,0.5733272621119478,-1.8185737062622822
15m,fz2_react0.25_body0.5_cl0.6_cs0.4,model_a,stress,next_close,2.0,0.25,0.5,0.6,0.4,90,1.0,1.5,8,8.0,10.0,BTCUSDT,278,319.37983683365553,0.13309352517985612,-1.9983794670273343,-555.549491833599,,,0.03855868666830141,0.6021718976389719,-2.397634240855771
15m,fz2_react0.25_body0.5_cl0.6_cs0.4,model_a,stress,next_close,2.0,0.25,0.5,0.6,0.4,90,1.0,1.5,8,8.0,10.0,ETHUSDT,182,203.73030264334056,0.3241758241758242,-0.7434332997847974,-135.30486056083313,,,0.2511300439777238,0.7690483623230889,-1.4689326336414257
15m,fz2_react0.25_body0.5_cl0.6_cs0.4,model_a,stress,next_close,2.0,0.25,0.5,0.6,0.4,90,1.0,1.5,8,8.0,10.0,LINKUSDT,219,241.25089538171537,0.3013698630136986,-0.8013458520216392,-175.494741592739,,,0.2453011132692845,0.8642631225733904,-1.5198438410626323
15m,fz2_react0.25_body0.5_cl0.6_cs0.4,model_a,stress,next_close,2.0,0.25,0.5,0.6,0.4,90,1.0,1.5,8,8.0,10.0,LTCUSDT,175,197.12798766383963,0.24,-1.0043939965755975,-175.76894940072955,,,0.15448673715639227,0.764651672585754,-1.5630399973633926
15m,fz2_react0.25_body0.5_cl0.6_cs0.4,model_a,stress,next_close,2.0,0.25,0.5,0.6,0.4,90,1.0,1.5,8,8.0,10.0,SOLUSDT,183,225.0767126170683,0.3224043715846995,-0.7259930138642307,-132.85672153715421,,,0.2681820423948719,0.825197970908539,-1.4640596921028872
15m,fz2_react0.25_body0.5_cl0.6_cs0.4,model_a,stress,next_close,2.0,0.25,0.5,0.6,0.4,90,1.0,1.5,8,8.0,10.0,XRPUSDT,168,203.86046511627907,0.32142857142857145,-0.7106100256710088,-119.38248431272949,,,0.2787219546075091,0.854309662064473,-1.4518877724930794
15m,fz2_react0.25_body0.5_cl0.7_cs0.3,model_a,stress,next_close,2.0,0.25,0.5,0.7,0.3,90,1.0,1.5,8,8.0,10.0,ADAUSDT,184,216.08922530729814,0.27717391304347827,-0.7379376607342181,-135.78052957509612,,,0.2471394784085767,0.8739667768529538,-1.3560363548465921
15m,fz2_react0.25_body0.5_cl0.7_cs0.3,model_a,stress,next_close,2.0,0.25,0.5,0.7,0.3,90,1.0,1.5,8,8.0,10.0,AVAXUSDT,179,197.12487437185928,0.3016759776536313,-0.7099209278722745,-127.07584608913713,,,0.26971351335633703,0.8691178948585352,-1.3920656992919842
15m,fz2_react0.25_body0.5_cl0.7_cs0.3,model_a,stress,next_close,2.0,0.25,0.5,0.7,0.3,90,1.0,1.5,8,8.0,10.0,BNBUSDT,278,316.35322753383315,0.21942446043165467,-1.299946322539074,-361.3850776658626,,,0.08908506702582286,0.579385297144583,-1.8282376995008394
15m,fz2_react0.25_body0.5_cl0.7_cs0.3,model_a,stress,next_close,2.0,0.25,0.5,0.7,0.3,90,1.0,1.5,8,8.0,10.0,BTCUSDT,259,297.5517184889093,0.138996138996139,-1.9378868322307108,-501.9126895477541,,,0.04069835316440448,0.5914898835317767,-2.346216705627346
15m,fz2_react0.25_body0.5_cl0.7_cs0.3,model_a,stress,next_close,2.0,0.25,0.5,0.7,0.3,90,1.0,1.5,8,8.0,10.0,ETHUSDT,164,183.58115183246073,0.3048780487804878,-0.7724503382635924,-126.68185547522916,,,0.23878178650386545,0.7947607987220949,-1.4598236439590693
15m,fz2_react0.25_body0.5_cl0.7_cs0.3,model_a,stress,next_close,2.0,0.25,0.5,0.7,0.3,90,1.0,1.5,8,8.0,10.0,LINKUSDT,203,223.62525918944394,0.3103448275862069,-0.7748160601359992,-157.28766020760784,,,0.2559266748688629,0.8587246332728894,-1.509909372169999
15m,fz2_react0.25_body0.5_cl0.7_cs0.3,model_a,stress,next_close,2.0,0.25,0.5,0.7,0.3,90,1.0,1.5,8,8.0,10.0,LTCUSDT,166,187.02602660497396,0.2469879518072289,-0.9835808446114008,-163.27442020549253,,,0.1623720542336071,0.7719593297856853,-1.5593980218136452
15m,fz2_react0.25_body0.5_cl0.7_cs0.3,model_a,stress,next_close,2.0,0.25,0.5,0.7,0.3,90,1.0,1.5,8,8.0,10.0,SOLUSDT,176,216.58877619064333,0.32386363636363635,-0.739565244657718,-130.16348305975836,,,0.2579562006680006,0.7938359033271577,-1.4740515088185409
15m,fz2_react0.25_body0.5_cl0.7_cs0.3,model_a,stress,next_close,2.0,0.25,0.5,0.7,0.3,90,1.0,1.5,8,8.0,10.0,XRPUSDT,160,194.15954317355946,0.31875,-0.7370810117807443,-117.93296188491908,,,0.2683898075875461,0.8483035835842561,-1.4788664646579461
15m,fz2_react0_body0.25_cl0.6_cs0.4,model_a,stress,next_close,2.0,0.0,0.25,0.6,0.4,90,1.0,1.5,8,8.0,10.0,ADAUSDT,247,290.0277275467149,0.291497975708502,-0.7183866077165942,-177.44149210599878,,,0.2615949020672568,0.8730865023986802,-1.373164115878307
15m,fz2_react0_body0.25_cl0.6_cs0.4,model_a,stress,next_close,2.0,0.0,0.25,0.6,0.4,90,1.0,1.5,8,8.0,10.0,AVAXUSDT,225,247.76710005652913,0.31555555555555553,-0.6743252219487825,-151.72317493847606,,,0.28713964156528116,0.860760368244995,-1.382059487557602
15m,fz2_react0_body0.25_cl0.6_cs0.4,model_a,stress,next_close,2.0,0.0,0.25,0.6,0.4,90,1.0,1.5,8,8.0,10.0,BNBUSDT,342,389.18274754162206,0.2222222222222222,-1.2874776284831282,-440.31734894122985,,,0.09018842673624376,0.5743168512300688,-1.8194189084011845
15m,fz2_react0_body0.25_cl0.6_cs0.4,model_a,stress,next_close,2.0,0.0,0.25,0.6,0.4,90,1.0,1.5,8,8.0,10.0,BTCUSDT,327,375.6610969137016,0.1437308868501529,-1.930934908852799,-631.4157151948652,,,0.041831594785086,0.5865163246969406,-2.3535070801986477
15m,fz2_react0_body0.25_cl0.6_cs0.4,model_a,stress,next_close,2.0,0.0,0.25,0.6,0.4,90,1.0,1.5,8,8.0,10.0,ETHUSDT,215,240.67041246328694,0.32558139534883723,-0.7249943840466077,-155.87379257002064,,,0.262696193385519,0.79338204161397,-1.4580036929861968
15m,fz2_react0_body0.25_cl0.6_cs0.4,model_a,stress,next_close,2.0,0.0,0.25,0.6,0.4,90,1.0,1.5,8,8.0,10.0,LINKUSDT,254,279.76302811371136,0.31496062992125984,-0.757231314693716,-192.33675393220386,,,0.2648047382658068,0.8659550468227561,-1.5035238947012894
15m,fz2_react0_body0.25_cl0.6_cs0.4,model_a,stress,next_close,2.0,0.0,0.25,0.6,0.4,90,1.0,1.5,8,8.0,10.0,LTCUSDT,214,241.0361376120266,0.24766355140186916,-0.9838531601287945,-210.54457626756204,,,0.1649389004546056,0.7846446731513449,-1.5660294654943063
15m,fz2_react0_body0.25_cl0.6_cs0.4,model_a,stress,next_close,2.0,0.0,0.25,0.6,0.4,90,1.0,1.5,8,8.0,10.0,SOLUSDT,218,268.1147667485093,0.3440366972477064,-0.678247075788079,-147.85786252180122,,,0.28992989980557493,0.8049611863143173,-1.4561535069606644
15m,fz2_react0_body0.25_cl0.6_cs0.4,model_a,stress,next_close,2.0,0.0,0.25,0.6,0.4,90,1.0,1.5,8,8.0,10.0,XRPUSDT,202,245.13490690108674,0.31683168316831684,-0.6859302108574267,-138.5579025932002,,,0.28137939263010164,0.8477034438429727,-1.3971806014431194
15m,fz2_react0_body0.25_cl0.7_cs0.3,model_a,stress,next_close,2.0,0.0,0.25,0.7,0.3,90,1.0,1.5,8,8.0,10.0,ADAUSDT,222,260.6726943942134,0.28378378378378377,-0.7213362504960085,-160.13664761011387,,,0.25752894236293233,0.8816509874948082,-1.3564821372470868
15m,fz2_react0_body0.25_cl0.7_cs0.3,model_a,stress,next_close,2.0,0.0,0.25,0.7,0.3,90,1.0,1.5,8,8.0,10.0,AVAXUSDT,216,237.85641605426795,0.2916666666666667,-0.7268535332951934,-157.00036319176178,,,0.2550571793412766,0.8532469040436704,-1.377483125140608
15m,fz2_react0_body0.25_cl0.7_cs0.3,model_a,stress,next_close,2.0,0.0,0.25,0.7,0.3,90,1.0,1.5,8,8.0,10.0,BNBUSDT,320,364.14760003894463,0.215625,-1.2868782840879684,-411.8010509081499,,,0.08796129828499911,0.5755946159832156,-1.7988728263386127
15m,fz2_react0_body0.25_cl0.7_cs0.3,model_a,stress,next_close,2.0,0.0,0.25,0.7,0.3,90,1.0,1.5,8,8.0,10.0,BTCUSDT,308,353.83369372911346,0.13636363636363635,-1.9441824504632823,-598.808194742691,,,0.038819188339947595,0.5758107956091292,-2.3420761208957686
15m,fz2_react0_body0.25_cl0.7_cs0.3,model_a,stress,next_close,2.0,0.0,0.25,0.7,0.3,90,1.0,1.5,8,8.0,10.0,ETHUSDT,198,221.6406589196782,0.32323232323232326,-0.7337556924024855,-145.28362709569214,,,0.25734972273913825,0.7866400557321066,-1.4599148556906487
15m,fz2_react0_body0.25_cl0.7_cs0.3,model_a,stress,next_close,2.0,0.0,0.25,0.7,0.3,90,1.0,1.5,8,8.0,10.0,LINKUSDT,236,259.9373017119523,0.3050847457627119,-0.7629019086925425,-180.04485045144003,,,0.26060625344810956,0.8813679778494731,-1.4847764930280614
15m,fz2_react0_body0.25_cl0.7_cs0.3,model_a,stress,next_close,2.0,0.0,0.25,0.7,0.3,90,1.0,1.5,8,8.0,10.0,LTCUSDT,196,220.8259109311741,0.25510204081632654,-0.9524975936155844,-186.68952834865453,,,0.17600985480524592,0.7975628584863741,-1.5518333648833782
15m,fz2_react0_body0.25_cl0.7_cs0.3,model_a,stress,next_close,2.0,0.0,0.25,0.7,0.3,90,1.0,1.5,8,8.0,10.0,SOLUSDT,208,255.81592423710978,0.33653846153846156,-0.6987891172480614,-145.34813638759675,,,0.27733523380991637,0.7968555363190531,-1.457449448767612
15m,fz2_react0_body0.25_cl0.7_cs0.3,model_a,stress,next_close,2.0,0.0,0.25,0.7,0.3,90,1.0,1.5,8,8.0,10.0,XRPUSDT,187,226.93181975496643,0.29411764705882354,-0.7554095708834273,-141.2615897552009,,,0.24729387539957287,0.8438190208021981,-1.4217548174191044
15m,fz2_react0_body0.5_cl0.6_cs0.4,model_a,stress,next_close,2.0,0.0,0.5,0.6,0.4,90,1.0,1.5,8,8.0,10.0,ADAUSDT,200,234.87959272532404,0.3,-0.6859442323058283,-137.18884646116567,,,0.27427759815926295,0.8641464745144157,-1.3502688209430758
15m,fz2_react0_body0.5_cl0.6_cs0.4,model_a,stress,next_close,2.0,0.0,0.5,0.6,0.4,90,1.0,1.5,8,8.0,10.0,AVAXUSDT,190,209.23869346733667,0.3263157894736842,-0.6519032765670251,-123.86162254773477,,,0.2998519285958955,0.8555827600193019,-1.3820918255385273
15m,fz2_react0_body0.5_cl0.6_cs0.4,model_a,stress,next_close,2.0,0.0,0.5,0.6,0.4,90,1.0,1.5,8,8.0,10.0,BNBUSDT,293,333.4226462856587,0.2354948805460751,-1.2501438554454876,-366.29214964552784,,,0.09769111926897356,0.5747491979272069,-1.8122760906361837
15m,fz2_react0_body0.5_cl0.6_cs0.4,model_a,stress,next_close,2.0,0.0,0.5,0.6,0.4,90,1.0,1.5,8,8.0,10.0,BTCUSDT,281,322.82638183545754,0.13167259786476868,-1.9985097225225867,-561.5812320288469,,,0.038160345720132015,0.6021718976389719,-2.3928753780388887
15m,fz2_react0_body0.5_cl0.6_cs0.4,model_a,stress,next_close,2.0,0.0,0.5,0.6,0.4,90,1.0,1.5,8,8.0,10.0,ETHUSDT,183,204.84969991061166,0.32786885245901637,-0.7350496264224328,-134.5140816353052,,,0.2555067572512075,0.7694105383765032,-1.4689326336414257
15m,fz2_react0_body0.5_cl0.6_cs0.4,model_a,stress,next_close,2.0,0.0,0.5,0.6,0.4,90,1.0,1.5,8,8.0,10.0,LINKUSDT,221,243.4540999057493,0.3076923076923077,-0.7922657860296081,-175.09073871254338,,,0.24951716042731267,0.8560791414974002,-1.5248635315971673
15m,fz2_react0_body0.5_cl0.6_cs0.4,model_a,stress,next_close,2.0,0.0,0.5,0.6,0.4,90,1.0,1.5,8,8.0,10.0,LTCUSDT,176,198.25443330763298,0.23863636363636365,-1.0046303305619024,-176.81493817889483,,,0.15371331469482044,0.764651672585754,-1.559181406175347
15m,fz2_react0_body0.5_cl0.6_cs0.4,model_a,stress,next_close,2.0,0.0,0.5,0.6,0.4,90,1.0,1.5,8,8.0,10.0,SOLUSDT,185,227.5285864608909,0.31891891891891894,-0.7272399150189722,-134.53938427850986,,,0.26561436495065616,0.8247547201469511,-1.4539675616442855
15m,fz2_react0_body0.5_cl0.6_cs0.4,model_a,stress,next_close,2.0,0.0,0.5,0.6,0.4,90,1.0,1.5,8,8.0,10.0,XRPUSDT,168,203.88163222925968,0.3273809523809524,-0.7002548939886142,-117.64282219008719,,,0.28317861088985347,0.8449912976941523,-1.4523658722412882
15m,fz2_react0_body0.5_cl0.7_cs0.3,model_a,stress,next_close,2.0,0.0,0.5,0.7,0.3,90,1.0,1.5,8,8.0,10.0,ADAUSDT,185,217.26362327092474,0.2756756756756757,-0.7434925840154684,-137.54612804286165,,,0.24324544627888264,0.8668977366209006,-1.3564023329143848
15m,fz2_react0_body0.5_cl0.7_cs0.3,model_a,stress,next_close,2.0,0.0,0.5,0.7,0.3,90,1.0,1.5,8,8.0,10.0,AVAXUSDT,179,197.12487437185928,0.3128491620111732,-0.6896859840854762,-123.45379115130024,,,0.2764973121732897,0.8424946840772319,-1.387264174468498
15m,fz2_react0_body0.5_cl0.7_cs0.3,model_a,stress,next_close,2.0,0.0,0.5,0.7,0.3,90,1.0,1.5,8,8.0,10.0,BNBUSDT,278,316.35322753383315,0.22302158273381295,-1.2889952768615702,-358.34068696751655,,,0.09132375059107227,0.5808700638578127,-1.8257158839199117
15m,fz2_react0_body0.5_cl0.7_cs0.3,model_a,stress,next_close,2.0,0.0,0.5,0.7,0.3,90,1.0,1.5,8,8.0,10.0,BTCUSDT,263,302.1471118246453,0.13688212927756654,-1.9497819169493,-512.7926441576659,,,0.039869280687283265,0.5914898835317767,-2.352802995439691
15m,fz2_react0_body0.5_cl0.7_cs0.3,model_a,stress,next_close,2.0,0.0,0.5,0.7,0.3,90,1.0,1.5,8,8.0,10.0,ETHUSDT,165,184.70054909973183,0.3090909090909091,-0.7626759105870943,-125.84152524687056,,,0.24383124424016303,0.7956543169502617,-1.4598236439590693
15m,fz2_react0_body0.5_cl0.7_cs0.3,model_a,stress,next_close,2.0,0.0,0.5,0.7,0.3,90,1.0,1.5,8,8.0,10.0,LINKUSDT,205,225.82846371347787,0.3073170731707317,-0.7797352947498503,-159.8457354237193,,,0.2528666430900757,0.8587246332728894,-1.5066576571824741
15m,fz2_react0_body0.5_cl0.7_cs0.3,model_a,stress,next_close,2.0,0.0,0.5,0.7,0.3,90,1.0,1.5,8,8.0,10.0,LTCUSDT,166,187.02602660497396,0.2469879518072289,-0.9835808446114008,-163.27442020549253,,,0.1623720542336071,0.7719593297856853,-1.5593980218136452
15m,fz2_react0_body0.5_cl0.7_cs0.3,model_a,stress,next_close,2.0,0.0,0.5,0.7,0.3,90,1.0,1.5,8,8.0,10.0,SOLUSDT,177,217.8193942371811,0.3220338983050847,-0.7370583975424945,-130.45933636502153,,,0.2575218595906013,0.7938359033271577,-1.4642331904555794
15m,fz2_react0_body0.5_cl0.7_cs0.3,model_a,stress,next_close,2.0,0.0,0.5,0.7,0.3,90,1.0,1.5,8,8.0,10.0,XRPUSDT,161,195.3865642197072,0.32298136645962733,-0.72599798439178,-116.88567548707657,,,0.27169930918717616,0.8385631227787287,-1.4723941089134904
15m,fz1.5_react0.25_body0.25_cl0.6_cs0.4,model_a,stress,next_open,1.5,0.25,0.25,0.6,0.4,90,1.0,1.5,8,8.0,10.0,ADAUSDT,425,474.6528220155434,0.29411764705882354,-0.7444749990875409,-316.4018746122049,,,0.26306128798770745,0.9035550262239268,-1.4311541763006523
15m,fz1.5_react0.25_body0.25_cl0.6_cs0.4,model_a,stress,next_open,1.5,0.25,0.25,0.6,0.4,90,1.0,1.5,8,8.0,10.0,AVAXUSDT,504,555.0505983228117,0.2896825396825397,-0.7935467715553508,-399.9475728638968,,,0.24549839771671972,0.8913303720768524,-1.48067543907016
15m,fz1.5_react0.25_body0.25_cl0.6_cs0.4,model_a,stress,next_open,1.5,0.25,0.25,0.6,0.4,90,1.0,1.5,8,8.0,10.0,BNBUSDT,530,586.0216952573159,0.23018867924528302,-1.3284146407390478,-704.0597595916953,,,0.10089261436693993,0.647586077061782,-1.9192776004736096
15m,fz1.5_react0.25_body0.25_cl0.6_cs0.4,model_a,stress,next_open,1.5,0.25,0.25,0.6,0.4,90,1.0,1.5,8,8.0,10.0,BTCUSDT,881,978.2255296241173,0.15664018161180476,-1.7574475665600244,-1548.3113061393815,,,0.05418305590304424,0.6427404079773469,-2.203242910417571
15m,fz1.5_react0.25_body0.25_cl0.6_cs0.4,model_a,stress,next_open,1.5,0.25,0.25,0.6,0.4,90,1.0,1.5,8,8.0,10.0,ETHUSDT,630,693.1818752353458,0.28095238095238095,-0.9155935590834884,-576.8239422225977,,,0.20487896418522708,0.8397193064581431,-1.601444281381212
15m,fz1.5_react0.25_body0.25_cl0.6_cs0.4,model_a,stress,next_open,1.5,0.25,0.25,0.6,0.4,90,1.0,1.5,8,8.0,10.0,LINKUSDT,463,509.92970443195026,0.32397408207343414,-0.7370969731377063,-341.275898562758,,,0.2832884081742492,0.8992878693441058,-1.5213069615475205
15m,fz1.5_react0.25_body0.25_cl0.6_cs0.4,model_a,stress,next_open,1.5,0.25,0.25,0.6,0.4,90,1.0,1.5,8,8.0,10.0,LTCUSDT,517,569.331616469332,0.2862669245647969,-0.9095067557130558,-470.21499270364984,,,0.1982440556183463,0.7855842037594964,-1.5893806364771148
15m,fz1.5_react0.25_body0.25_cl0.6_cs0.4,model_a,stress,next_open,1.5,0.25,0.25,0.6,0.4,90,1.0,1.5,8,8.0,10.0,SOLUSDT,486,579.452004488422,0.2674897119341564,-0.8379768296545882,-407.25673921212984,,,0.21536468218140684,0.8598675491937222,-1.4579761814812184
15m,fz1.5_react0.25_body0.25_cl0.6_cs0.4,model_a,stress,next_open,1.5,0.25,0.25,0.6,0.4,90,1.0,1.5,8,8.0,10.0,XRPUSDT,513,594.1676686265442,0.290448343079922,-0.7920699048518334,-406.3318611889905,,,0.2382652450891288,0.8530049194387198,-1.4654659180916476
15m,fz1.5_react0.25_body0.25_cl0.7_cs0.3,model_a,stress,next_open,1.5,0.25,0.25,0.7,0.3,90,1.0,1.5,8,8.0,10.0,ADAUSDT,372,415.4608230347815,0.30913978494623656,-0.7061917300297857,-262.7033235710803,,,0.28287754972268986,0.9010997924329073,-1.4254077809372163
15m,fz1.5_react0.25_body0.25_cl0.7_cs0.3,model_a,stress,next_open,1.5,0.25,0.25,0.7,0.3,90,1.0,1.5,8,8.0,10.0,AVAXUSDT,471,518.7079996231038,0.2760084925690021,-0.8044087117882472,-378.87650325226446,,,0.23794878449210308,0.9100256860073956,-1.4580054030299878
15m,fz1.5_react0.25_body0.25_cl0.7_cs0.3,model_a,stress,next_open,1.5,0.25,0.25,0.7,0.3,90,1.0,1.5,8,8.0,10.0,BNBUSDT,482,532.9480322906155,0.23443983402489627,-1.299849417600053,-626.5274192832255,,,0.10400811617506378,0.6436129788935736,-1.8950018588027082
15m,fz1.5_react0.25_body0.25_cl0.7_cs0.3,model_a,stress,next_open,1.5,0.25,0.25,0.7,0.3,90,1.0,1.5,8,8.0,10.0,BTCUSDT,820,910.4936825105292,0.1548780487804878,-1.764003539868407,-1446.4829026920938,,,0.05281053415150285,0.6350285989796244,-2.2036530083153045
15m,fz1.5_react0.25_body0.25_cl0.7_cs0.3,model_a,stress,next_open,1.5,0.25,0.25,0.7,0.3,90,1.0,1.5,8,8.0,10.0,ETHUSDT,570,627.1645537843605,0.2719298245614035,-0.9463538535380751,-539.4216965167028,,,0.19166108955252956,0.8251581252211757,-1.608002905845747
15m,fz1.5_react0.25_body0.25_cl0.7_cs0.3,model_a,stress,next_open,1.5,0.25,0.25,0.7,0.3,90,1.0,1.5,8,8.0,10.0,LINKUSDT,422,464.77394226842983,0.3293838862559242,-0.7251266563122615,-306.00344896377436,,,0.2937222941161272,0.9155307490445745,-1.5309619190140291
15m,fz1.5_react0.25_body0.25_cl0.7_cs0.3,model_a,stress,next_open,1.5,0.25,0.25,0.7,0.3,90,1.0,1.5,8,8.0,10.0,LTCUSDT,480,528.5698134539288,0.2833333333333333,-0.9122567528650658,-437.8832413752316,,,0.19510346933473013,0.7804486837474799,-1.5814658789677
15m,fz1.5_react0.25_body0.25_cl0.7_cs0.3,model_a,stress,next_open,1.5,0.25,0.25,0.7,0.3,90,1.0,1.5,8,8.0,10.0,SOLUSDT,469,559.183107212078,0.26652452025586354,-0.8474140703234396,-397.4371989816932,,,0.20985555468648834,0.8444471573777066,-1.4621892257381004
15m,fz1.5_react0.25_body0.25_cl0.7_cs0.3,model_a,stress,next_open,1.5,0.25,0.25,0.7,0.3,90,1.0,1.5,8,8.0,10.0,XRPUSDT,470,544.3641408469314,0.28936170212765955,-0.8118699221587068,-381.5788634145922,,,0.23582258784254786,0.8658379278245042,-1.4950084479003738
15m,fz1.5_react0.25_body0.5_cl0.6_cs0.4,model_a,stress,next_open,1.5,0.25,0.5,0.6,0.4,90,1.0,1.5,8,8.0,10.0,ADAUSDT,358,399.8252006625048,0.31843575418994413,-0.6866358166915334,-245.81562237556895,,,0.2937136236717841,0.8967014894629569,-1.426391771206336
15m,fz1.5_react0.25_body0.5_cl0.6_cs0.4,model_a,stress,next_open,1.5,0.25,0.5,0.6,0.4,90,1.0,1.5,8,8.0,10.0,AVAXUSDT,434,477.9602374446434,0.2857142857142857,-0.8195188043979634,-355.67116110871615,,,0.237743819322762,0.8946130897482758,-1.5051715620564592
15m,fz1.5_react0.25_body0.5_cl0.6_cs0.4,model_a,stress,next_open,1.5,0.25,0.5,0.6,0.4,90,1.0,1.5,8,8.0,10.0,BNBUSDT,450,497.62835877381104,0.2511111111111111,-1.2688600595689612,-570.9870268060325,,,0.11284511717044332,0.6427337746867587,-1.9098395944974371
15m,fz1.5_react0.25_body0.5_cl0.6_cs0.4,model_a,stress,next_open,1.5,0.25,0.5,0.6,0.4,90,1.0,1.5,8,8.0,10.0,BTCUSDT,763,847.2032679945534,0.15465268676277852,-1.7945249173621995,-1369.2225119473583,,,0.05203721216157708,0.636963806774508,-2.2393554126306205
15m,fz1.5_react0.25_body0.5_cl0.6_cs0.4,model_a,stress,next_open,1.5,0.25,0.5,0.6,0.4,90,1.0,1.5,8,8.0,10.0,ETHUSDT,527,579.852140077821,0.27893738140417457,-0.9096711542708971,-479.39669830076275,,,0.2028247849915865,0.8297455665266424,-1.5825507804741556
15m,fz1.5_react0.25_body0.5_cl0.6_cs0.4,model_a,stress,next_open,1.5,0.25,0.5,0.6,0.4,90,1.0,1.5,8,8.0,10.0,LINKUSDT,415,457.1362151294295,0.30120481927710846,-0.7889776126994337,-327.425709270265,,,0.2564772650487048,0.9035608082732898,-1.5185200355325044
15m,fz1.5_react0.25_body0.5_cl0.6_cs0.4,model_a,stress,next_open,1.5,0.25,0.5,0.6,0.4,90,1.0,1.5,8,8.0,10.0,LTCUSDT,444,488.9577889447236,0.2882882882882883,-0.9231331662897972,-409.87112583267,,,0.19607342052802795,0.7809796051904963,-1.6134066939780174
15m,fz1.5_react0.25_body0.5_cl0.6_cs0.4,model_a,stress,next_open,1.5,0.25,0.5,0.6,0.4,90,1.0,1.5,8,8.0,10.0,SOLUSDT,431,513.9111095997552,0.25986078886310904,-0.875598260085111,-377.38285009668283,,,0.20294283997554152,0.8579231829041005,-1.4842327479057746
15m,fz1.5_react0.25_body0.5_cl0.6_cs0.4,model_a,stress,next_open,1.5,0.25,0.5,0.6,0.4,90,1.0,1.5,8,8.0,10.0,XRPUSDT,447,517.8618912310843,0.2953020134228188,-0.7762361013480432,-346.97753730257534,,,0.24988289616330844,0.8756587499886678,-1.4684587057177128
15m,fz1.5_react0.25_body0.5_cl0.7_cs0.3,model_a,stress,next_open,1.5,0.25,0.5,0.7,0.3,90,1.0,1.5,8,8.0,10.0,ADAUSDT,323,360.736144731813,0.3188854489164087,-0.6743836972311467,-217.8259342056604,,,0.299483103037937,0.9041199861304999,-1.4134104217140995
15m,fz1.5_react0.25_body0.5_cl0.7_cs0.3,model_a,stress,next_open,1.5,0.25,0.5,0.7,0.3,90,1.0,1.5,8,8.0,10.0,AVAXUSDT,406,447.1240930933761,0.27586206896551724,-0.829499234527958,-336.77668921835095,,,0.2302126770375185,0.8992542123102527,-1.4880719761806098
15m,fz1.5_react0.25_body0.5_cl0.7_cs0.3,model_a,stress,next_open,1.5,0.25,0.5,0.7,0.3,90,1.0,1.5,8,8.0,10.0,BNBUSDT,413,456.712249274631,0.2566585956416465,-1.2427653757992916,-513.2621002051075,,,0.11721686797613264,0.6429384784947882,-1.8938553059464334
15m,fz1.5_react0.25_body0.5_cl0.7_cs0.3,model_a,stress,next_open,1.5,0.25,0.5,0.7,0.3,90,1.0,1.5,8,8.0,10.0,BTCUSDT,712,790.5750023749961,0.15168539325842698,-1.7926714564513946,-1276.382076993393,,,0.050580056315894156,0.6296191082386028,-2.2257962594092087
15m,fz1.5_react0.25_body0.5_cl0.7_cs0.3,model_a,stress,next_open,1.5,0.25,0.5,0.7,0.3,90,1.0,1.5,8,8.0,10.0,ETHUSDT,481,529.3883674942716,0.2806652806652807,-0.9150944773415617,-440.16044360129115,,,0.20107170603402405,0.8205790088217536,-1.592308120786786
15m,fz1.5_react0.25_body0.5_cl0.7_cs0.3,model_a,stress,next_open,1.5,0.25,0.5,0.7,0.3,90,1.0,1.5,8,8.0,10.0,LINKUSDT,385,424.09022367429003,0.3116883116883117,-0.7642742785676303,-294.24559724853765,,,0.2718548276315737,0.9154777686840668,-1.5249167150589649
15m,fz1.5_react0.25_body0.5_cl0.7_cs0.3,model_a,stress,next_open,1.5,0.25,0.5,0.7,0.3,90,1.0,1.5,8,8.0,10.0,LTCUSDT,419,461.5278484591461,0.2935560859188544,-0.9012315793156642,-377.6160317332633,,,0.20226287509450894,0.7783979531829237,-1.5991857431579826
15m,fz1.5_react0.25_body0.5_cl0.7_cs0.3,model_a,stress,next_open,1.5,0.25,0.5,0.7,0.3,90,1.0,1.5,8,8.0,10.0,SOLUSDT,419,499.60267963410075,0.26252983293556087,-0.8736194176562804,-366.0465359979815,,,0.2031327788266357,0.8482769441204219,-1.4865922325282457
15m,fz1.5_react0.25_body0.5_cl0.7_cs0.3,model_a,stress,next_open,1.5,0.25,0.5,0.7,0.3,90,1.0,1.5,8,8.0,10.0,XRPUSDT,407,471.7078072321015,0.2972972972972973,-0.7920064545635154,-322.3466270073508,,,0.24842764607063367,0.8805760872338255,-1.4996375299393137
15m,fz1.5_react0_body0.25_cl0.6_cs0.4,model_a,stress,next_open,1.5,0.0,0.25,0.6,0.4,90,1.0,1.5,8,8.0,10.0,ADAUSDT,436,486.9379538794751,0.3119266055045872,-0.7000184589340532,-305.2080480952472,,,0.2805658322333276,0.8751868712648821,-1.4141115419575705
15m,fz1.5_react0_body0.25_cl0.6_cs0.4,model_a,stress,next_open,1.5,0.0,0.25,0.6,0.4,90,1.0,1.5,8,8.0,10.0,AVAXUSDT,527,580.3438334223172,0.29411764705882354,-0.7774184593463321,-409.69952807551704,,,0.2522337411672781,0.8916020990067121,-1.472843691993434
15m,fz1.5_react0_body0.25_cl0.6_cs0.4,model_a,stress,next_open,1.5,0.0,0.25,0.6,0.4,90,1.0,1.5,8,8.0,10.0,BNBUSDT,544,601.5015136226034,0.24632352941176472,-1.275884441913549,-694.0811364009708,,,0.10869231987634251,0.6316502211551425,-1.8993226000872192
15m,fz1.5_react0_body0.25_cl0.6_cs0.4,model_a,stress,next_open,1.5,0.0,0.25,0.6,0.4,90,1.0,1.5,8,8.0,10.0,BTCUSDT,926,1028.191646347256,0.14578833693304535,-1.7859221910089362,-1653.763948874275,,,0.05089969167596444,0.6569658409889098,-2.2028499840806295
15m,fz1.5_react0_body0.25_cl0.6_cs0.4,model_a,stress,next_open,1.5,0.0,0.25,0.6,0.4,90,1.0,1.5,8,8.0,10.0,ETHUSDT,659,725.0902472699887,0.2852807283763278,-0.8967246192615508,-590.941524093362,,,0.21001895688765468,0.8356578283621324,-1.588206360563573
15m,fz1.5_react0_body0.25_cl0.6_cs0.4,model_a,stress,next_open,1.5,0.0,0.25,0.6,0.4,90,1.0,1.5,8,8.0,10.0,LINKUSDT,480,528.6528253290197,0.3375,-0.7121999110019769,-341.8559572809489,,,0.29641480192229175,0.8890195893219878,-1.5279155055066382
15m,fz1.5_react0_body0.25_cl0.6_cs0.4,model_a,stress,next_open,1.5,0.0,0.25,0.6,0.4,90,1.0,1.5,8,8.0,10.0,LTCUSDT,546,601.2670456329889,0.2838827838827839,-0.9088974344238518,-496.2579991954231,,,0.19484588257396343,0.7747971895539612,-1.5763467099137776
15m,fz1.5_react0_body0.25_cl0.6_cs0.4,model_a,stress,next_open,1.5,0.0,0.25,0.6,0.4,90,1.0,1.5,8,8.0,10.0,SOLUSDT,509,606.8746302152402,0.27111984282907664,-0.824119456293221,-419.4768032532495,,,0.2206613945231805,0.8606548722574368,-1.450801012465703
15m,fz1.5_react0_body0.25_cl0.6_cs0.4,model_a,stress,next_open,1.5,0.0,0.25,0.6,0.4,90,1.0,1.5,8,8.0,10.0,XRPUSDT,529,612.6992138468653,0.29300567107750475,-0.782584009361063,-413.9869409520023,,,0.24346917862333622,0.8595523026130784,-1.4631485236818969
15m,fz1.5_react0_body0.25_cl0.7_cs0.3,model_a,stress,next_open,1.5,0.0,0.25,0.7,0.3,90,1.0,1.5,8,8.0,10.0,ADAUSDT,388,433.3301057459549,0.3170103092783505,-0.6747053813707494,-261.7856879718508,,,0.29352135598215257,0.8842630035814226,-1.3983020279711917
15m,fz1.5_react0_body0.25_cl0.7_cs0.3,model_a,stress,next_open,1.5,0.0,0.25,0.7,0.3,90,1.0,1.5,8,8.0,10.0,AVAXUSDT,492,541.8010740868691,0.2845528455284553,-0.7834509483245029,-385.45786657565543,,,0.2478481491276752,0.9072542873079962,-1.4558905306783378
15m,fz1.5_react0_body0.25_cl0.7_cs0.3,model_a,stress,next_open,1.5,0.0,0.25,0.7,0.3,90,1.0,1.5,8,8.0,10.0,BNBUSDT,498,550.6392532795156,0.24096385542168675,-1.2631009061105207,-629.0242512430393,,,0.10651773893164522,0.6249167246613244,-1.8624715825460272
15m,fz1.5_react0_body0.25_cl0.7_cs0.3,model_a,stress,next_open,1.5,0.0,0.25,0.7,0.3,90,1.0,1.5,8,8.0,10.0,BTCUSDT,866,961.570157383071,0.14549653579676675,-1.7839809428357178,-1544.9274964957317,,,0.05072604710918371,0.6552047148132335,-2.199301744002972
15m,fz1.5_react0_body0.25_cl0.7_cs0.3,model_a,stress,next_open,1.5,0.0,0.25,0.7,0.3,90,1.0,1.5,8,8.0,10.0,ETHUSDT,591,650.2706162922053,0.272419627749577,-0.9368605433285078,-553.6845811071481,,,0.19372739609066897,0.8263151042666868,-1.5970263090560108
15m,fz1.5_react0_body0.25_cl0.7_cs0.3,model_a,stress,next_open,1.5,0.0,0.25,0.7,0.3,90,1.0,1.5,8,8.0,10.0,LINKUSDT,441,485.69978327103684,0.3378684807256236,-0.7131699660601944,-314.50795503254574,,,0.29787287774464916,0.895489664964119,-1.5340271065486282
15m,fz1.5_react0_body0.25_cl0.7_cs0.3,model_a,stress,next_open,1.5,0.0,0.25,0.7,0.3,90,1.0,1.5,8,8.0,10.0,LTCUSDT,505,556.0994912379875,0.27920792079207923,-0.9042832414685049,-456.663036941595,,,0.1937581833915171,0.7783438215031998,-1.556070098278973
15m,fz1.5_react0_body0.25_cl0.7_cs0.3,model_a,stress,next_open,1.5,0.0,0.25,0.7,0.3,90,1.0,1.5,8,8.0,10.0,SOLUSDT,483,575.8751402631848,0.2712215320910973,-0.8361030514114974,-403.8377738317533,,,0.2139992268912437,0.8393147872694388,-1.4596250311478685
15m,fz1.5_react0_body0.25_cl0.7_cs0.3,model_a,stress,next_open,1.5,0.0,0.25,0.7,0.3,90,1.0,1.5,8,8.0,10.0,XRPUSDT,489,566.3703507960627,0.28629856850715746,-0.8109529944811118,-396.55601430126364,,,0.23563151032621626,0.8731866692298599,-1.486539105998407
15m,fz1.5_react0_body0.5_cl0.6_cs0.4,model_a,stress,next_open,1.5,0.0,0.5,0.6,0.4,90,1.0,1.5,8,8.0,10.0,ADAUSDT,364,406.5261816791948,0.32142857142857145,-0.6881111169510116,-250.47244657016822,,,0.2906932047960102,0.877353990223387,-1.4296472203494108
15m,fz1.5_react0_body0.5_cl0.6_cs0.4,model_a,stress,next_open,1.5,0.0,0.5,0.6,0.4,90,1.0,1.5,8,8.0,10.0,AVAXUSDT,434,477.9602374446434,0.2903225806451613,-0.8104214126060738,-351.722893071036,,,0.24067146115100735,0.8847589477297724,-1.50390428728892
15m,fz1.5_react0_body0.5_cl0.6_cs0.4,model_a,stress,next_open,1.5,0.0,0.5,0.6,0.4,90,1.0,1.5,8,8.0,10.0,BNBUSDT,453,500.9458811656364,0.25386313465783666,-1.2585350789245848,-570.1163907528369,,,0.11426740332948687,0.6395660723140599,-1.9043387250560762
15m,fz1.5_react0_body0.5_cl0.6_cs0.4,model_a,stress,next_open,1.5,0.0,0.5,0.6,0.4,90,1.0,1.5,8,8.0,10.0,BTCUSDT,771,856.086133189778,0.15304798962386512,-1.8006421737442058,-1388.2951159567826,,,0.05139292415557468,0.6374068957755955,-2.241208468083159
15m,fz1.5_react0_body0.5_cl0.6_cs0.4,model_a,stress,next_open,1.5,0.0,0.5,0.6,0.4,90,1.0,1.5,8,8.0,10.0,ETHUSDT,532,585.3535835320698,0.2800751879699248,-0.9043960906496636,-481.13872022562106,,,0.20371736886082661,0.8261232707617202,-1.5776268604937789
15m,fz1.5_react0_body0.5_cl0.6_cs0.4,model_a,stress,next_open,1.5,0.0,0.5,0.6,0.4,90,1.0,1.5,8,8.0,10.0,LINKUSDT,417,459.3392812264388,0.30455635491606714,-0.782538408005375,-326.31851613824136,,,0.2615018613110766,0.9098365427206748,-1.5236819209095418
15m,fz1.5_react0_body0.5_cl0.6_cs0.4,model_a,stress,next_open,1.5,0.0,0.5,0.6,0.4,90,1.0,1.5,8,8.0,10.0,LTCUSDT,445,490.05904522613065,0.2898876404494382,-0.917355302909395,-408.2231097946808,,,0.1967881147539697,0.7753121956878757,-1.6083493134127111
15m,fz1.5_react0_body0.5_cl0.6_cs0.4,model_a,stress,next_open,1.5,0.0,0.5,0.6,0.4,90,1.0,1.5,8,8.0,10.0,SOLUSDT,433,516.2958479273642,0.2586605080831409,-0.874067393839215,-378.47118153238006,,,0.20247741993547463,0.8579231829041005,-1.478375632453705
15m,fz1.5_react0_body0.5_cl0.6_cs0.4,model_a,stress,next_open,1.5,0.0,0.5,0.6,0.4,90,1.0,1.5,8,8.0,10.0,XRPUSDT,445,515.5448357893346,0.30337078651685395,-0.7580314816823813,-337.3240093486597,,,0.25896869238438985,0.8732210418114152,-1.468415645139357
15m,fz1.5_react0_body0.5_cl0.7_cs0.3,model_a,stress,next_open,1.5,0.0,0.5,0.7,0.3,90,1.0,1.5,8,8.0,10.0,ADAUSDT,327,365.20346540960634,0.3180428134556575,-0.6764315445572849,-221.19311507023218,,,0.2978283317861165,0.902113064233264,-1.4126137836344916
15m,fz1.5_react0_body0.5_cl0.7_cs0.3,model_a,stress,next_open,1.5,0.0,0.5,0.7,0.3,90,1.0,1.5,8,8.0,10.0,AVAXUSDT,405,446.02280222368796,0.2814814814814815,-0.8183562854460512,-331.43429560565073,,,0.23394174723248248,0.8878478101467687,-1.4867661373277745
15m,fz1.5_react0_body0.5_cl0.7_cs0.3,model_a,stress,next_open,1.5,0.0,0.5,0.7,0.3,90,1.0,1.5,8,8.0,10.0,BNBUSDT,416,460.02977166645644,0.25961538461538464,-1.2319851309411594,-512.5058144715223,,,0.11876756700925685,0.6395616712681549,-1.8882418018457243
15m,fz1.5_react0_body0.5_cl0.7_cs0.3,model_a,stress,next_open,1.5,0.0,0.5,0.7,0.3,90,1.0,1.5,8,8.0,10.0,BTCUSDT,723,802.78894201843,0.1507607192254495,-1.801992576081823,-1302.840632507158,,,0.05014744608253767,0.6310407747196404,-2.233915434774591
15m,fz1.5_react0_body0.5_cl0.7_cs0.3,model_a,stress,next_open,1.5,0.0,0.5,0.7,0.3,90,1.0,1.5,8,8.0,10.0,ETHUSDT,485,533.790765560752,0.2824742268041237,-0.9109299068468297,-441.8010048207124,,,0.20209165515056324,0.8167732500366175,-1.591088908263589
15m,fz1.5_react0_body0.5_cl0.7_cs0.3,model_a,stress,next_open,1.5,0.0,0.5,0.7,0.3,90,1.0,1.5,8,8.0,10.0,LINKUSDT,387,426.2932897712993,0.3152454780361757,-0.75946675391108,-293.91363376358794,,,0.27509807705342143,0.9142568108203938,-1.5300111874855697
15m,fz1.5_react0_body0.5_cl0.7_cs0.3,model_a,stress,next_open,1.5,0.0,0.5,0.7,0.3,90,1.0,1.5,8,8.0,10.0,LTCUSDT,420,462.629346904156,0.29285714285714287,-0.8995614669525623,-377.8158161200762,,,0.20214701956620199,0.77825065302152,-1.594412950982233
15m,fz1.5_react0_body0.5_cl0.7_cs0.3,model_a,stress,next_open,1.5,0.0,0.5,0.7,0.3,90,1.0,1.5,8,8.0,10.0,SOLUSDT,421,501.9874179617098,0.26365795724465557,-0.8710106158889336,-366.69546928924103,,,0.2035289633776983,0.844187269154717,-1.4851621166626277
15m,fz1.5_react0_body0.5_cl0.7_cs0.3,model_a,stress,next_open,1.5,0.0,0.5,0.7,0.3,90,1.0,1.5,8,8.0,10.0,XRPUSDT,408,472.866794473458,0.29901960784313725,-0.7879395443681158,-321.4793341021912,,,0.2503690801344628,0.8800886731956067,-1.499476056755438
15m,fz2.5_react0.25_body0.25_cl0.6_cs0.4,model_a,stress,next_open,2.5,0.25,0.25,0.6,0.4,90,1.0,1.5,8,8.0,10.0,ADAUSDT,162,190.21424505240597,0.3271604938271605,-0.6295060695626233,-101.97998326914498,,,0.3220440981518375,0.9140142477158782,-1.380025122918225
15m,fz2.5_react0.25_body0.25_cl0.6_cs0.4,model_a,stress,next_open,2.5,0.25,0.25,0.6,0.4,90,1.0,1.5,8,8.0,10.0,AVAXUSDT,137,163.5659368722122,0.36496350364963503,-0.5005308932802377,-68.57273237939256,,,0.4249217996072721,1.0133595335987566,-1.3705828627509242
15m,fz2.5_react0.25_body0.25_cl0.6_cs0.4,model_a,stress,next_open,2.5,0.25,0.25,0.6,0.4,90,1.0,1.5,8,8.0,10.0,BNBUSDT,258,298.8606541129832,0.24806201550387597,-1.2344616329182232,-318.4911012929016,,,0.11125230588040454,0.6229423585228862,-1.847213465146218
15m,fz2.5_react0.25_body0.25_cl0.6_cs0.4,model_a,stress,next_open,2.5,0.25,0.25,0.6,0.4,90,1.0,1.5,8,8.0,10.0,BTCUSDT,121,139.00609396500886,0.19008264462809918,-1.7485049329138678,-211.569096882578,,,0.06927789792689341,0.6846980175588521,-2.319562768228894
15m,fz2.5_react0.25_body0.25_cl0.6_cs0.4,model_a,stress,next_open,2.5,0.25,0.25,0.6,0.4,90,1.0,1.5,8,8.0,10.0,ETHUSDT,110,129.02820058207607,0.22727272727272727,-0.921114940406068,-101.32264344466748,,,0.17848478280425864,0.8805460753414545,-1.4510152391553395
15m,fz2.5_react0.25_body0.25_cl0.6_cs0.4,model_a,stress,next_open,2.5,0.25,0.25,0.6,0.4,90,1.0,1.5,8,8.0,10.0,LINKUSDT,151,166.30536796808744,0.33774834437086093,-0.6859857154228068,-103.58384302884383,,,0.30519742680823264,0.8921570114990373,-1.4908385061529472
15m,fz2.5_react0.25_body0.25_cl0.6_cs0.4,model_a,stress,next_open,2.5,0.25,0.25,0.6,0.4,90,1.0,1.5,8,8.0,10.0,LTCUSDT,89,139.59722657123686,0.3146067415730337,-0.7283097251786093,-64.81956554089622,,,0.2526266553855495,0.7825095604177265,-1.4218005447965996
15m,fz2.5_react0.25_body0.25_cl0.6_cs0.4,model_a,stress,next_open,2.5,0.25,0.25,0.6,0.4,90,1.0,1.5,8,8.0,10.0,SOLUSDT,127,173.52328254685736,0.25984251968503935,-0.7779988917155126,-98.8058592478701,,,0.23331426293846536,0.9111558424135346,-1.371000021782093
15m,fz2.5_react0.25_body0.25_cl0.6_cs0.4,model_a,stress,next_open,2.5,0.25,0.25,0.6,0.4,90,1.0,1.5,8,8.0,10.0,XRPUSDT,89,107.99377097968647,0.3146067415730337,-0.5589943112731949,-49.75049370331435,,,0.3569236723332238,0.9861709227650367,-1.2682504842743505
15m,fz2.5_react0.25_body0.25_cl0.7_cs0.3,model_a,stress,next_open,2.5,0.25,0.25,0.7,0.3,90,1.0,1.5,8,8.0,10.0,ADAUSDT,142,166.73100492247931,0.31690140845070425,-0.6450534872850012,-91.59759519447017,,,0.3152793677530233,0.937246213696794,-1.3791100495961433
15m,fz2.5_react0.25_body0.25_cl0.7_cs0.3,model_a,stress,next_open,2.5,0.25,0.25,0.7,0.3,90,1.0,1.5,8,8.0,10.0,AVAXUSDT,128,152.82072934046104,0.359375,-0.49960265145669314,-63.94913938645672,,,0.425992376150787,1.0317180737591065,-1.358636229016776
15m,fz2.5_react0.25_body0.25_cl0.7_cs0.3,model_a,stress,next_open,2.5,0.25,0.25,0.7,0.3,90,1.0,1.5,8,8.0,10.0,BNBUSDT,239,276.8515361744301,0.24267782426778242,-1.2330176237385932,-294.6912120735238,,,0.10974843293993874,0.6263610918398403,-1.8288406375703568
15m,fz2.5_react0.25_body0.25_cl0.7_cs0.3,model_a,stress,next_open,2.5,0.25,0.25,0.7,0.3,90,1.0,1.5,8,8.0,10.0,BTCUSDT,111,127.51798702575192,0.2072072072072072,-1.6872034209928854,-187.2795797302103,,,0.07721073410653481,0.6812989783577682,-2.30624382082317
15m,fz2.5_react0.25_body0.25_cl0.7_cs0.3,model_a,stress,next_open,2.5,0.25,0.25,0.7,0.3,90,1.0,1.5,8,8.0,10.0,ETHUSDT,101,118.47134780717894,0.21782178217821782,-0.9567753840167902,-96.63431378569581,,,0.16547622855292402,0.8709747970351515,-1.465769105322394
15m,fz2.5_react0.25_body0.25_cl0.7_cs0.3,model_a,stress,next_open,2.5,0.25,0.25,0.7,0.3,90,1.0,1.5,8,8.0,10.0,LINKUSDT,135,148.6836071237868,0.32592592592592595,-0.7147399340539126,-96.4898910972782,,,0.29032965521630966,0.897147560388849,-1.4941141071910722
15m,fz2.5_react0.25_body0.25_cl0.7_cs0.3,model_a,stress,next_open,2.5,0.25,0.25,0.7,0.3,90,1.0,1.5,8,8.0,10.0,LTCUSDT,85,133.3231939163498,0.2823529411764706,-0.8169801271490378,-69.44331080766821,,,0.2092890507864618,0.7658574337890554,-1.439735888829599
15m,fz2.5_react0.25_body0.25_cl0.7_cs0.3,model_a,stress,next_open,2.5,0.25,0.25,0.7,0.3,90,1.0,1.5,8,8.0,10.0,SOLUSDT,122,166.69165724973698,0.2540983606557377,-0.7756612302850576,-94.63067009477703,,,0.23069374486703578,0.9153912924912639,-1.351734067714354
15m,fz2.5_react0.25_body0.25_cl0.7_cs0.3,model_a,stress,next_open,2.5,0.25,0.25,0.7,0.3,90,1.0,1.5,8,8.0,10.0,XRPUSDT,82,99.49987888016057,0.3048780487804878,-0.6218544278858816,-50.99206308664229,,,0.32387903753016034,0.9770595044915876,-1.3231324684023154
15m,fz2.5_react0.25_body0.5_cl0.6_cs0.4,model_a,stress,next_open,2.5,0.25,0.5,0.6,0.4,90,1.0,1.5,8,8.0,10.0,ADAUSDT,134,157.36405653426218,0.35074626865671643,-0.5707609025964331,-76.48196094792203,,,0.36031344658221315,0.9165885014150946,-1.3742715001658792
15m,fz2.5_react0.25_body0.5_cl0.6_cs0.4,model_a,stress,next_open,2.5,0.25,0.5,0.6,0.4,90,1.0,1.5,8,8.0,10.0,AVAXUSDT,122,145.65725765262692,0.3524590163934426,-0.5346497290836612,-65.22726694820666,,,0.41046546025387765,1.0561560461741353,-1.4005313535910693
15m,fz2.5_react0.25_body0.5_cl0.6_cs0.4,model_a,stress,next_open,2.5,0.25,0.5,0.6,0.4,90,1.0,1.5,8,8.0,10.0,BNBUSDT,221,256.00079286422203,0.2669683257918552,-1.186450377162331,-262.20553335287514,,,0.12166712662713687,0.6156075747261578,-1.8427554337143113
15m,fz2.5_react0.25_body0.5_cl0.6_cs0.4,model_a,stress,next_open,2.5,0.25,0.5,0.6,0.4,90,1.0,1.5,8,8.0,10.0,BTCUSDT,103,118.3313783952033,0.20388349514563106,-1.8080672241448021,-186.23092408691463,,,0.06932028610502965,0.6605300838869246,-2.4402689737626835
15m,fz2.5_react0.25_body0.5_cl0.6_cs0.4,model_a,stress,next_open,2.5,0.25,0.5,0.6,0.4,90,1.0,1.5,8,8.0,10.0,ETHUSDT,94,110.26046231559228,0.23404255319148937,-0.9084852636228944,-85.39761478055208,,,0.1818023812131608,0.862510549826725,-1.4496228732880558
15m,fz2.5_react0.25_body0.5_cl0.6_cs0.4,model_a,stress,next_open,2.5,0.25,0.5,0.6,0.4,90,1.0,1.5,8,8.0,10.0,LINKUSDT,133,146.50389545111838,0.3233082706766917,-0.7060621216357323,-93.9062621775524,,,0.2873417385126719,0.8805286468893719,-1.4640999332643931
15m,fz2.5_react0.25_body0.5_cl0.6_cs0.4,model_a,stress,next_open,2.5,0.25,0.5,0.6,0.4,90,1.0,1.5,8,8.0,10.0,LTCUSDT,74,116.06441223832529,0.32432432432432434,-0.7504131097184905,-55.530570119168296,,,0.2464221825862921,0.7566108841503029,-1.473784626775511
15m,fz2.5_react0.25_body0.5_cl0.6_cs0.4,model_a,stress,next_open,2.5,0.25,0.5,0.6,0.4,90,1.0,1.5,8,8.0,10.0,SOLUSDT,116,158.49370689319255,0.25,-0.85306967252021,-98.95608201234437,,,0.21088667769668265,0.9119147985309733,-1.4413978295372711
15m,fz2.5_react0.25_body0.5_cl0.6_cs0.4,model_a,stress,next_open,2.5,0.25,0.5,0.6,0.4,90,1.0,1.5,8,8.0,10.0,XRPUSDT,83,100.71677740863787,0.30120481927710846,-0.5860224453017963,-48.639862960049086,,,0.3445506473470338,1.0227424103432796,-1.2794555727350188
15m,fz2.5_react0.25_body0.5_cl0.7_cs0.3,model_a,stress,next_open,2.5,0.25,0.5,0.7,0.3,90,1.0,1.5,8,8.0,10.0,ADAUSDT,120,140.9230357023243,0.325,-0.6115784890219234,-73.3894186826308,,,0.33752323187156386,0.9587422328250447,-1.367658836577871
15m,fz2.5_react0.25_body0.5_cl0.7_cs0.3,model_a,stress,next_open,2.5,0.25,0.5,0.7,0.3,90,1.0,1.5,8,8.0,10.0,AVAXUSDT,111,132.52422622493106,0.35135135135135137,-0.5352572006771024,-59.41354927515837,,,0.4074104492689368,1.0473674302547058,-1.3925122090984985
15m,fz2.5_react0.25_body0.5_cl0.7_cs0.3,model_a,stress,next_open,2.5,0.25,0.5,0.7,0.3,90,1.0,1.5,8,8.0,10.0,BNBUSDT,203,235.1500495540139,0.2660098522167488,-1.1817004487607061,-239.88519109842335,,,0.12356004629989135,0.6262757181956288,-1.836940133429445
15m,fz2.5_react0.25_body0.5_cl0.7_cs0.3,model_a,stress,next_open,2.5,0.25,0.5,0.7,0.3,90,1.0,1.5,8,8.0,10.0,BTCUSDT,96,110.28944005766522,0.21875,-1.7632973431646801,-169.27654494380928,,,0.07573741589927473,0.6605300838869246,-2.441969022739129
15m,fz2.5_react0.25_body0.5_cl0.7_cs0.3,model_a,stress,next_open,2.5,0.25,0.5,0.7,0.3,90,1.0,1.5,8,8.0,10.0,ETHUSDT,85,99.70360954069515,0.23529411764705882,-0.9253195216892371,-78.65215934358515,,,0.1774182071194041,0.8482028910427235,-1.4710187256067635
15m,fz2.5_react0.25_body0.5_cl0.7_cs0.3,model_a,stress,next_open,2.5,0.25,0.5,0.7,0.3,90,1.0,1.5,8,8.0,10.0,LINKUSDT,123,135.4885649660719,0.3252032520325203,-0.6887481299899778,-84.71601998876727,,,0.298587051849794,0.9015768357143783,-1.4551698002089446
15m,fz2.5_react0.25_body0.5_cl0.7_cs0.3,model_a,stress,next_open,2.5,0.25,0.5,0.7,0.3,90,1.0,1.5,8,8.0,10.0,LTCUSDT,70,109.79066022544283,0.3142857142857143,-0.7735630466611569,-54.14941326628099,,,0.23504040517314362,0.7562669215748472,-1.4747351154359922
15m,fz2.5_react0.25_body0.5_cl0.7_cs0.3,model_a,stress,next_open,2.5,0.25,0.5,0.7,0.3,90,1.0,1.5,8,8.0,10.0,SOLUSDT,112,153.02840665549624,0.25892857142857145,-0.8183996385471926,-91.66075951728557,,,0.22442091589273425,0.9145820967092351,-1.4238992809861855
15m,fz2.5_react0.25_body0.5_cl0.7_cs0.3,model_a,stress,next_open,2.5,0.25,0.5,0.7,0.3,90,1.0,1.5,8,8.0,10.0,XRPUSDT,73,88.59448982417278,0.3150684931506849,-0.6043638398220997,-44.11856030701328,,,0.3483352576142041,1.0253371811379461,-1.3540263094637208
15m,fz2.5_react0_body0.25_cl0.6_cs0.4,model_a,stress,next_open,2.5,0.0,0.25,0.6,0.4,90,1.0,1.5,8,8.0,10.0,ADAUSDT,164,192.56256906539863,0.36585365853658536,-0.5489793426901904,-90.03261220119123,,,0.36690782159285595,0.8696382280951558,-1.3674125566048132
15m,fz2.5_react0_body0.25_cl0.6_cs0.4,model_a,stress,next_open,2.5,0.0,0.25,0.6,0.4,90,1.0,1.5,8,8.0,10.0,AVAXUSDT,143,170.71778284702597,0.35664335664335667,-0.49881502376127573,-71.33054839786243,,,0.42126264220065646,1.0180680706176324,-1.3396958695582792
15m,fz2.5_react0_body0.25_cl0.6_cs0.4,model_a,stress,next_open,2.5,0.0,0.25,0.6,0.4,90,1.0,1.5,8,8.0,10.0,BNBUSDT,265,306.9692765113974,0.26037735849056604,-1.188998162103494,-315.0845129574259,,,0.1201717993070557,0.6237099210837639,-1.8271453954704366
15m,fz2.5_react0_body0.25_cl0.6_cs0.4,model_a,stress,next_open,2.5,0.0,0.25,0.6,0.4,90,1.0,1.5,8,8.0,10.0,BTCUSDT,126,144.7501474346373,0.1984126984126984,-1.700039772378414,-214.20501131968015,,,0.07648646013933025,0.7096282773469382,-2.296492259934194
15m,fz2.5_react0_body0.25_cl0.6_cs0.4,model_a,stress,next_open,2.5,0.0,0.25,0.6,0.4,90,1.0,1.5,8,8.0,10.0,ETHUSDT,111,130.2011842237313,0.24324324324324326,-0.8659050620757404,-96.11546189040718,,,0.19504070139392185,0.8625431324139208,-1.4214776960188455
15m,fz2.5_react0_body0.25_cl0.6_cs0.4,model_a,stress,next_open,2.5,0.0,0.25,0.6,0.4,90,1.0,1.5,8,8.0,10.0,LINKUSDT,157,172.9135282847002,0.35668789808917195,-0.6451452874067404,-101.28781012285823,,,0.32837129883498895,0.8843111451232996,-1.4931607351461682
15m,fz2.5_react0_body0.25_cl0.6_cs0.4,model_a,stress,next_open,2.5,0.0,0.25,0.6,0.4,90,1.0,1.5,8,8.0,10.0,LTCUSDT,100,156.82977010466053,0.29,-0.783366434454478,-78.33664344544779,,,0.22341877176865013,0.7771408404448444,-1.4207567298358912
15m,fz2.5_react0_body0.25_cl0.6_cs0.4,model_a,stress,next_open,2.5,0.0,0.25,0.6,0.4,90,1.0,1.5,8,8.0,10.0,SOLUSDT,135,184.4179523141655,0.25925925925925924,-0.7610876120446813,-102.74682762603199,,,0.23954406722985228,0.9247231796418145,-1.351121389134955
15m,fz2.5_react0_body0.25_cl0.6_cs0.4,model_a,stress,next_open,2.5,0.0,0.25,0.6,0.4,90,1.0,1.5,8,8.0,10.0,XRPUSDT,91,110.43206201979649,0.3076923076923077,-0.5587177266347383,-50.843313123761185,,,0.34937587290000055,0.9750762034183963,-1.2404039177694648
15m,fz2.5_react0_body0.25_cl0.7_cs0.3,model_a,stress,next_open,2.5,0.0,0.25,0.7,0.3,90,1.0,1.5,8,8.0,10.0,ADAUSDT,147,172.601814954961,0.3401360544217687,-0.5880256818944343,-86.43977523848184,,,0.3453908740033937,0.9121629483189004,-1.3613187902518233
15m,fz2.5_react0_body0.25_cl0.7_cs0.3,model_a,stress,next_open,2.5,0.0,0.25,0.7,0.3,90,1.0,1.5,8,8.0,10.0,AVAXUSDT,136,162.36096830206665,0.34558823529411764,-0.5194878324547647,-70.650345213848,,,0.4081045109820386,1.036436730095326,-1.3411558598688575
15m,fz2.5_react0_body0.25_cl0.7_cs0.3,model_a,stress,next_open,2.5,0.0,0.25,0.7,0.3,90,1.0,1.5,8,8.0,10.0,BNBUSDT,247,286.11853320118934,0.2388663967611336,-1.2163358637096466,-300.4349583362827,,,0.10833815117464866,0.6186993911228124,-1.7922245873006843
15m,fz2.5_react0_body0.25_cl0.7_cs0.3,model_a,stress,next_open,2.5,0.0,0.25,0.7,0.3,90,1.0,1.5,8,8.0,10.0,BTCUSDT,115,132.11322980145468,0.2,-1.6765362872156009,-192.8016730297941,,,0.07516553955397957,0.6812989783577682,-2.2659951036089434
15m,fz2.5_react0_body0.25_cl0.7_cs0.3,model_a,stress,next_open,2.5,0.0,0.25,0.7,0.3,90,1.0,1.5,8,8.0,10.0,ETHUSDT,103,120.81731509048942,0.23300970873786409,-0.9143905266213318,-94.18222424199718,,,0.17818583010703204,0.8508583014004533,-1.4506686515899754
15m,fz2.5_react0_body0.25_cl0.7_cs0.3,model_a,stress,next_open,2.5,0.0,0.25,0.7,0.3,90,1.0,1.5,8,8.0,10.0,LINKUSDT,142,156.39312749316832,0.33098591549295775,-0.6981381362754675,-99.13561535111639,,,0.29705445578248174,0.8913458308379675,-1.4845144147421143
15m,fz2.5_react0_body0.25_cl0.7_cs0.3,model_a,stress,next_open,2.5,0.0,0.25,0.7,0.3,90,1.0,1.5,8,8.0,10.0,LTCUSDT,94,147.43976738984566,0.2553191489361702,-0.8552310692293509,-80.39172050755899,,,0.18573453065238513,0.7640586843242211,-1.4104161275905756
15m,fz2.5_react0_body0.25_cl0.7_cs0.3,model_a,stress,next_open,2.5,0.0,0.25,0.7,0.3,90,1.0,1.5,8,8.0,10.0,SOLUSDT,125,170.79063242800922,0.264,-0.7489154518097704,-93.6144314762213,,,0.24314387145440977,0.91133669986131,-1.344440680126571
15m,fz2.5_react0_body0.25_cl0.7_cs0.3,model_a,stress,next_open,2.5,0.0,0.25,0.7,0.3,90,1.0,1.5,8,8.0,10.0,XRPUSDT,86,104.35353150846109,0.29069767441860467,-0.6308832053636284,-54.25595566127204,,,0.3156325988341317,1.0009213330981663,-1.2996555571922328
15m,fz2.5_react0_body0.5_cl0.6_cs0.4,model_a,stress,next_open,2.5,0.0,0.5,0.6,0.4,90,1.0,1.5,8,8.0,10.0,ADAUSDT,137,160.88713242682027,0.36496350364963503,-0.5552328891453366,-76.06690581291112,,,0.36883816644735185,0.8890391204244841,-1.3852742739555783
15m,fz2.5_react0_body0.5_cl0.6_cs0.4,model_a,stress,next_open,2.5,0.0,0.5,0.6,0.4,90,1.0,1.5,8,8.0,10.0,AVAXUSDT,122,145.65725765262692,0.3524590163934426,-0.5340431831247807,-65.15326834122325,,,0.4107401679290405,1.0561560461741353,-1.3995946623634312
15m,fz2.5_react0_body0.5_cl0.6_cs0.4,model_a,stress,next_open,2.5,0.0,0.5,0.6,0.4,90,1.0,1.5,8,8.0,10.0,BNBUSDT,221,256.00079286422203,0.2669683257918552,-1.1859329549016497,-262.0911830332646,,,0.12171374899292621,0.6156075747261578,-1.8420495675438762
15m,fz2.5_react0_body0.5_cl0.6_cs0.4,model_a,stress,next_open,2.5,0.0,0.5,0.6,0.4,90,1.0,1.5,8,8.0,10.0,BTCUSDT,104,119.48022672913731,0.20192307692307693,-1.803257424719211,-187.53877217079796,,,0.0688701572802469,0.6605300838869246,-2.426625348583414
15m,fz2.5_react0_body0.5_cl0.6_cs0.4,model_a,stress,next_open,2.5,0.0,0.5,0.6,0.4,90,1.0,1.5,8,8.0,10.0,ETHUSDT,95,111.43344595724751,0.24210526315789474,-0.8905973650654605,-84.60674968121874,,,0.1893796881756441,0.8593955302400554,-1.4496228732880558
15m,fz2.5_react0_body0.5_cl0.6_cs0.4,model_a,stress,next_open,2.5,0.0,0.5,0.6,0.4,90,1.0,1.5,8,8.0,10.0,LINKUSDT,135,148.70696154812768,0.32592592592592595,-0.6979623527676393,-94.2249176236313,,,0.29438290556476693,0.8934218793411635,-1.467422860600467
15m,fz2.5_react0_body0.5_cl0.6_cs0.4,model_a,stress,next_open,2.5,0.0,0.5,0.6,0.4,90,1.0,1.5,8,8.0,10.0,LTCUSDT,75,117.6328502415459,0.32,-0.7543576510665206,-56.576823829989046,,,0.24297241407554568,0.7566108841503029,-1.4654016676391433
15m,fz2.5_react0_body0.5_cl0.6_cs0.4,model_a,stress,next_open,2.5,0.0,0.5,0.6,0.4,90,1.0,1.5,8,8.0,10.0,SOLUSDT,117,159.86003195261662,0.24786324786324787,-0.8461637361867941,-99.0011571338549,,,0.2108109025375042,0.9119147985309733,-1.4255305260369673
15m,fz2.5_react0_body0.5_cl0.6_cs0.4,model_a,stress,next_open,2.5,0.0,0.5,0.6,0.4,90,1.0,1.5,8,8.0,10.0,XRPUSDT,82,99.51365382618629,0.3170731707317073,-0.5630898897766882,-46.173370961688434,,,0.35910123029170404,0.9950517990542666,-1.2865128167339173
15m,fz2.5_react0_body0.5_cl0.7_cs0.3,model_a,stress,next_open,2.5,0.0,0.5,0.7,0.3,90,1.0,1.5,8,8.0,10.0,ADAUSDT,121,142.09739433317702,0.3305785123966942,-0.5974872988510991,-72.29596316098299,,,0.3468260876133283,0.9597032879704723,-1.3664703046889122
15m,fz2.5_react0_body0.5_cl0.7_cs0.3,model_a,stress,next_open,2.5,0.0,0.5,0.7,0.3,90,1.0,1.5,8,8.0,10.0,AVAXUSDT,111,132.52422622493106,0.35135135135135137,-0.5345905465601347,-59.33955066817496,,,0.4077113649734836,1.0473674302547058,-1.3914844506681734
15m,fz2.5_react0_body0.5_cl0.7_cs0.3,model_a,stress,next_open,2.5,0.0,0.5,0.7,0.3,90,1.0,1.5,8,8.0,10.0,BNBUSDT,203,235.1500495540139,0.2660098522167488,-1.1817004487607061,-239.88519109842335,,,0.12356004629989135,0.6262757181956288,-1.836940133429445
15m,fz2.5_react0_body0.5_cl0.7_cs0.3,model_a,stress,next_open,2.5,0.0,0.5,0.7,0.3,90,1.0,1.5,8,8.0,10.0,BTCUSDT,97,111.43828839159923,0.21649484536082475,-1.7586019899762124,-170.5843930276926,,,0.07520041363612603,0.6605300838869246,-2.4270463788068164
15m,fz2.5_react0_body0.5_cl0.7_cs0.3,model_a,stress,next_open,2.5,0.0,0.5,0.7,0.3,90,1.0,1.5,8,8.0,10.0,ETHUSDT,86,100.87659318235039,0.2441860465116279,-0.9053638865610677,-77.86129424425182,,,0.18568945150437283,0.8454725200089426,-1.4710187256067635
15m,fz2.5_react0_body0.5_cl0.7_cs0.3,model_a,stress,next_open,2.5,0.0,0.5,0.7,0.3,90,1.0,1.5,8,8.0,10.0,LINKUSDT,125,137.6916310630812,0.328,-0.6911230631604595,-86.39038289505743,,,0.30077761858665375,0.9063829709408567,-1.4708581512337209
15m,fz2.5_react0_body0.5_cl0.7_cs0.3,model_a,stress,next_open,2.5,0.0,0.5,0.7,0.3,90,1.0,1.5,8,8.0,10.0,LTCUSDT,70,109.79066022544283,0.3142857142857143,-0.7735630466611569,-54.14941326628099,,,0.23504040517314362,0.7562669215748472,-1.4747351154359922
15m,fz2.5_react0_body0.5_cl0.7_cs0.3,model_a,stress,next_open,2.5,0.0,0.5,0.7,0.3,90,1.0,1.5,8,8.0,10.0,SOLUSDT,113,154.3947317149203,0.26548672566371684,-0.807667579596092,-91.2664364943584,,,0.227757443874554,0.8972401275831666,-1.4238992809861855
15m,fz2.5_react0_body0.5_cl0.7_cs0.3,model_a,stress,next_open,2.5,0.0,0.5,0.7,0.3,90,1.0,1.5,8,8.0,10.0,XRPUSDT,73,88.59448982417278,0.3150684931506849,-0.6031879594009375,-44.032721036268434,,,0.3487774765582636,1.0253371811379461,-1.3523095240488237
15m,fz2_react0.25_body0.25_cl0.6_cs0.4,model_a,stress,next_open,2.0,0.25,0.25,0.6,0.4,90,1.0,1.5,8,8.0,10.0,ADAUSDT,253,297.0629876435723,0.31225296442687744,-0.6977704360904191,-176.53592033087602,,,0.2798931027320689,0.8685627913661348,-1.4089217290160958
15m,fz2_react0.25_body0.25_cl0.6_cs0.4,model_a,stress,next_open,2.0,0.25,0.25,0.6,0.4,90,1.0,1.5,8,8.0,10.0,AVAXUSDT,241,265.4110995948365,0.3112033195020747,-0.711880430806629,-171.56318382439758,,,0.2836233243229072,0.905656147662944,-1.4426951499946892
15m,fz2_react0.25_body0.25_cl0.6_cs0.4,model_a,stress,next_open,2.0,0.25,0.25,0.6,0.4,90,1.0,1.5,8,8.0,10.0,BNBUSDT,374,425.5975075455165,0.22994652406417113,-1.3010688441083027,-486.5997476965052,,,0.09858681021862155,0.6188256901600859,-1.8743706842023353
15m,fz2_react0.25_body0.25_cl0.6_cs0.4,model_a,stress,next_open,2.0,0.25,0.25,0.6,0.4,90,1.0,1.5,8,8.0,10.0,BTCUSDT,359,412.4230391193238,0.13649025069637882,-2.0077769627477835,-720.7919296264542,,,0.0430024383006825,0.6609918208375465,-2.4296146091854647
15m,fz2_react0.25_body0.25_cl0.6_cs0.4,model_a,stress,next_open,2.0,0.25,0.25,0.6,0.4,90,1.0,1.5,8,8.0,10.0,ETHUSDT,238,266.3485254691689,0.2815126050420168,-0.8234903393754142,-195.99070077134857,,,0.22424818494988272,0.8456035532791276,-1.4774628002400592
15m,fz2_react0.25_body0.25_cl0.6_cs0.4,model_a,stress,next_open,2.0,0.25,0.25,0.6,0.4,90,1.0,1.5,8,8.0,10.0,LINKUSDT,274,301.77265445864873,0.29927007299270075,-0.8109906969794214,-222.21145097236146,,,0.24288693037587836,0.8693526570873029,-1.5286373377787514
15m,fz2_react0.25_body0.25_cl0.6_cs0.4,model_a,stress,next_open,2.0,0.25,0.25,0.6,0.4,90,1.0,1.5,8,8.0,10.0,LTCUSDT,204,229.79491133384732,0.3088235294117647,-0.8089274974979016,-165.02120948957193,,,0.24107851289899448,0.8320719298249687,-1.542140007578333
15m,fz2_react0.25_body0.25_cl0.6_cs0.4,model_a,stress,next_open,2.0,0.25,0.25,0.6,0.4,90,1.0,1.5,8,8.0,10.0,SOLUSDT,228,280.4136092599088,0.2631578947368421,-0.7968671635953297,-181.68571329973517,,,0.23334775202041308,0.9216684810366006,-1.410629893821019
15m,fz2_react0.25_body0.25_cl0.6_cs0.4,model_a,stress,next_open,2.0,0.25,0.25,0.6,0.4,90,1.0,1.5,8,8.0,10.0,XRPUSDT,223,270.59113402775375,0.28699551569506726,-0.7660695548089497,-170.83351072239577,,,0.24348957553974745,0.8591293339463619,-1.4202376609746097
15m,fz2_react0.25_body0.25_cl0.7_cs0.3,model_a,stress,next_open,2.0,0.25,0.25,0.7,0.3,90,1.0,1.5,8,8.0,10.0,ADAUSDT,225,264.18645146167495,0.3111111111111111,-0.7001080769623328,-157.52431731652487,,,0.28188906857812684,0.8833570163802443,-1.4152213449234967
15m,fz2_react0.25_body0.25_cl0.7_cs0.3,model_a,stress,next_open,2.0,0.25,0.25,0.7,0.3,90,1.0,1.5,8,8.0,10.0,AVAXUSDT,228,251.09431828889097,0.2850877192982456,-0.7362599141402338,-167.8672604239733,,,0.26935755678236234,0.9520876098368836,-1.409527331677121
15m,fz2_react0.25_body0.25_cl0.7_cs0.3,model_a,stress,next_open,2.0,0.25,0.25,0.7,0.3,90,1.0,1.5,8,8.0,10.0,BNBUSDT,343,390.32070879174375,0.22740524781341107,-1.288100409384948,-441.8184404190372,,,0.09765323742579878,0.6130027415069456,-1.8476703934210528
15m,fz2_react0.25_body0.25_cl0.7_cs0.3,model_a,stress,next_open,2.0,0.25,0.25,0.7,0.3,90,1.0,1.5,8,8.0,10.0,BTCUSDT,336,386.00039315903285,0.14285714285714285,-1.9744005288457507,-663.3985776921722,,,0.04641935569830945,0.6727829543412756,-2.4155977760435885
15m,fz2_react0.25_body0.25_cl0.7_cs0.3,model_a,stress,next_open,2.0,0.25,0.25,0.7,0.3,90,1.0,1.5,8,8.0,10.0,ETHUSDT,219,245.08540788969745,0.2785388127853881,-0.8310984617271437,-182.01056311824448,,,0.21982650581788632,0.8407282169716718,-1.4765505338830154
15m,fz2_react0.25_body0.25_cl0.7_cs0.3,model_a,stress,next_open,2.0,0.25,0.25,0.7,0.3,90,1.0,1.5,8,8.0,10.0,LINKUSDT,247,272.0359330338914,0.30364372469635625,-0.7965154847615449,-196.7393247361016,,,0.25462882227555944,0.896117335898427,-1.5345821216772306
15m,fz2_react0.25_body0.25_cl0.7_cs0.3,model_a,stress,next_open,2.0,0.25,0.25,0.7,0.3,90,1.0,1.5,8,8.0,10.0,LTCUSDT,193,217.39702528189147,0.29015544041450775,-0.8422136038028789,-162.54722553395564,,,0.22408547113325164,0.8382843327836508,-1.5291324683929932
15m,fz2_react0.25_body0.25_cl0.7_cs0.3,model_a,stress,next_open,2.0,0.25,0.25,0.7,0.3,90,1.0,1.5,8,8.0,10.0,SOLUSDT,222,273.0343037530691,0.25675675675675674,-0.8152092828870522,-180.9764608009256,,,0.22527175025657942,0.9232186648484818,-1.4157571193775094
15m,fz2_react0.25_body0.25_cl0.7_cs0.3,model_a,stress,next_open,2.0,0.25,0.25,0.7,0.3,90,1.0,1.5,8,8.0,10.0,XRPUSDT,206,249.96311035747655,0.2766990291262136,-0.8113248646196968,-167.13292211165754,,,0.22859870970393942,0.8689215424520799,-1.4541036914860812
15m,fz2_react0.25_body0.5_cl0.6_cs0.4,model_a,stress,next_open,2.0,0.25,0.5,0.6,0.4,90,1.0,1.5,8,8.0,10.0,ADAUSDT,212,248.964029740773,0.3443396226415094,-0.6318857921784402,-133.95978794182932,,,0.320227082245918,0.8644617690784909,-1.417737389097548
15m,fz2_react0.25_body0.5_cl0.6_cs0.4,model_a,stress,next_open,2.0,0.25,0.5,0.6,0.4,90,1.0,1.5,8,8.0,10.0,AVAXUSDT,212,233.4736643738811,0.3113207547169811,-0.7191008925308471,-152.44938921653957,,,0.28631291237725587,0.9266481188918931,-1.4630696237219487
15m,fz2_react0.25_body0.5_cl0.6_cs0.4,model_a,stress,next_open,2.0,0.25,0.5,0.6,0.4,90,1.0,1.5,8,8.0,10.0,BNBUSDT,321,365.2855612890663,0.24610591900311526,-1.2618770384063571,-405.06252932844063,,,0.10592064998488765,0.6074346359008793,-1.8721068824983889
15m,fz2_react0.25_body0.5_cl0.6_cs0.4,model_a,stress,next_open,2.0,0.25,0.5,0.6,0.4,90,1.0,1.5,8,8.0,10.0,BTCUSDT,312,358.44068018741194,0.13141025641025642,-2.0824481388263902,-649.7238193138337,,,0.04045073141224988,0.6680424065751207,-2.4985740146989435
15m,fz2_react0.25_body0.5_cl0.6_cs0.4,model_a,stress,next_open,2.0,0.25,0.5,0.6,0.4,90,1.0,1.5,8,8.0,10.0,ETHUSDT,200,223.82229031022598,0.295,-0.8038391853654914,-160.76783707309826,,,0.2325048514310622,0.8254742638487611,-1.4856086428381217
15m,fz2_react0.25_body0.5_cl0.6_cs0.4,model_a,stress,next_open,2.0,0.25,0.5,0.6,0.4,90,1.0,1.5,8,8.0,10.0,LINKUSDT,243,267.6725307866298,0.2880658436213992,-0.8347585431002253,-202.84632597335477,,,0.22716904851947717,0.8517923944568775,-1.5171779976030992
15m,fz2_react0.25_body0.5_cl0.6_cs0.4,model_a,stress,next_open,2.0,0.25,0.5,0.6,0.4,90,1.0,1.5,8,8.0,10.0,LTCUSDT,178,200.50732459521973,0.29775280898876405,-0.8622048827125621,-153.47246912283606,,,0.224155810715431,0.8366235788125221,-1.5825081503991978
15m,fz2_react0.25_body0.5_cl0.6_cs0.4,model_a,stress,next_open,2.0,0.25,0.5,0.6,0.4,90,1.0,1.5,8,8.0,10.0,SOLUSDT,205,252.1351152267705,0.24878048780487805,-0.8791911321503575,-180.23418209082328,,,0.2057097979696716,0.9152563617611276,-1.4734562113028622
15m,fz2_react0.25_body0.5_cl0.6_cs0.4,model_a,stress,next_open,2.0,0.25,0.5,0.6,0.4,90,1.0,1.5,8,8.0,10.0,XRPUSDT,192,232.9833887043189,0.3020833333333333,-0.7267626681797404,-139.53843229051017,,,0.2659846697994851,0.871800917831489,-1.418678250184601
15m,fz2_react0.25_body0.5_cl0.7_cs0.3,model_a,stress,next_open,2.0,0.25,0.5,0.7,0.3,90,1.0,1.5,8,8.0,10.0,ADAUSDT,194,227.82557438542432,0.32989690721649484,-0.6519879097734702,-126.48565449605323,,,0.310297462823538,0.8891554591956785,-1.4107046452659742
15m,fz2_react0.25_body0.5_cl0.7_cs0.3,model_a,stress,next_open,2.0,0.25,0.5,0.7,0.3,90,1.0,1.5,8,8.0,10.0,AVAXUSDT,199,219.15688306793555,0.2864321608040201,-0.7613823038522638,-151.5150784666005,,,0.26348237771131716,0.9509319315031229,-1.4487197081850598
15m,fz2_react0.25_body0.5_cl0.7_cs0.3,model_a,stress,next_open,2.0,0.25,0.5,0.7,0.3,90,1.0,1.5,8,8.0,10.0,BNBUSDT,294,334.5606075357804,0.24829931972789115,-1.2499294254150353,-367.47925107202036,,,0.10776032263907336,0.6079772285938524,-1.863627098458695
15m,fz2_react0.25_body0.5_cl0.7_cs0.3,model_a,stress,next_open,2.0,0.25,0.5,0.7,0.3,90,1.0,1.5,8,8.0,10.0,BTCUSDT,291,334.31486517479766,0.13745704467353953,-2.0289819415582624,-590.4337449934543,,,0.04433824992943602,0.6848343294675048,-2.461462622199819
15m,fz2_react0.25_body0.5_cl0.7_cs0.3,model_a,stress,next_open,2.0,0.25,0.5,0.7,0.3,90,1.0,1.5,8,8.0,10.0,ETHUSDT,181,202.5591727307545,0.30386740331491713,-0.7937341690193984,-143.6658845925111,,,0.23964968249202406,0.8232923653682687,-1.4995790848235389
15m,fz2_react0.25_body0.5_cl0.7_cs0.3,model_a,stress,next_open,2.0,0.25,0.5,0.7,0.3,90,1.0,1.5,8,8.0,10.0,LINKUSDT,225,247.84493591354612,0.29333333333333333,-0.8105399552704436,-182.3714899358498,,,0.24107093094495458,0.8777213610136863,-1.511327671463856
15m,fz2_react0.25_body0.5_cl0.7_cs0.3,model_a,stress,next_open,2.0,0.25,0.5,0.7,0.3,90,1.0,1.5,8,8.0,10.0,LTCUSDT,170,191.48960776125156,0.3,-0.846550525629704,-143.9135893570497,,,0.22931172206677725,0.8396129555314322,-1.5691920175559055
15m,fz2_react0.25_body0.5_cl0.7_cs0.3,model_a,stress,next_open,2.0,0.25,0.5,0.7,0.3,90,1.0,1.5,8,8.0,10.0,SOLUSDT,196,241.20113712139826,0.25510204081632654,-0.8586750455050004,-168.30030891898008,,,0.2143815117034067,0.9185240720195444,-1.4673048802736801
15m,fz2_react0.25_body0.5_cl0.7_cs0.3,model_a,stress,next_open,2.0,0.25,0.5,0.7,0.3,90,1.0,1.5,8,8.0,10.0,XRPUSDT,176,213.59767409663576,0.3068181818181818,-0.7477075774528511,-131.5965336317018,,,0.26519330523127266,0.8795087036273828,-1.467950849406397
15m,fz2_react0_body0.25_cl0.6_cs0.4,model_a,stress,next_open,2.0,0.0,0.25,0.6,0.4,90,1.0,1.5,8,8.0,10.0,ADAUSDT,262,307.6304457020393,0.3320610687022901,-0.6589037365208826,-172.63277896847126,,,0.29321427578043924,0.8231923979912235,-1.3957172433926155
15m,fz2_react0_body0.25_cl0.6_cs0.4,model_a,stress,next_open,2.0,0.0,0.25,0.6,0.4,90,1.0,1.5,8,8.0,10.0,AVAXUSDT,252,277.50786721522564,0.30952380952380953,-0.7024492045056792,-177.01719953543116,,,0.28449540702157666,0.902368022294206,-1.421850030312524
15m,fz2_react0_body0.25_cl0.6_cs0.4,model_a,stress,next_open,2.0,0.0,0.25,0.6,0.4,90,1.0,1.5,8,8.0,10.0,BNBUSDT,384,436.97712004673355,0.24479166666666666,-1.2482051128591571,-479.31076333791634,,,0.10658210862735268,0.6083016447959824,-1.8499693722370298
15m,fz2_react0_body0.25_cl0.6_cs0.4,model_a,stress,next_open,2.0,0.0,0.25,0.6,0.4,90,1.0,1.5,8,8.0,10.0,BTCUSDT,375,430.8040102221349,0.136,-2.01023536020077,-753.8382600752888,,,0.04370182278654934,0.6754826885038878,-2.4329872752746513
15m,fz2_react0_body0.25_cl0.6_cs0.4,model_a,stress,next_open,2.0,0.0,0.25,0.6,0.4,90,1.0,1.5,8,8.0,10.0,ETHUSDT,243,271.94408272692453,0.29218106995884774,-0.7806193305454667,-189.69049732254842,,,0.24114022054276524,0.8489758665601366,-1.4533010688855703
15m,fz2_react0_body0.25_cl0.6_cs0.4,model_a,stress,next_open,2.0,0.0,0.25,0.6,0.4,90,1.0,1.5,8,8.0,10.0,LINKUSDT,285,313.88761503910547,0.3192982456140351,-0.7683393816350346,-218.97672376598484,,,0.26339175320962704,0.8604431029780163,-1.5323559079225997
15m,fz2_react0_body0.25_cl0.6_cs0.4,model_a,stress,next_open,2.0,0.0,0.25,0.6,0.4,90,1.0,1.5,8,8.0,10.0,LTCUSDT,223,251.17317143683144,0.30493273542600896,-0.8176241586408552,-182.33018737691071,,,0.23536008044405365,0.8253259527571514,-1.5384022720283679
15m,fz2_react0_body0.25_cl0.6_cs0.4,model_a,stress,next_open,2.0,0.0,0.25,0.6,0.4,90,1.0,1.5,8,8.0,10.0,SOLUSDT,243,298.8618730270081,0.25925925925925924,-0.7970469231540644,-193.68240232643765,,,0.23146923641438574,0.9259374210455629,-1.400091443623934
15m,fz2_react0_body0.25_cl0.6_cs0.4,model_a,stress,next_open,2.0,0.0,0.25,0.6,0.4,90,1.0,1.5,8,8.0,10.0,XRPUSDT,227,275.4733854779539,0.2907488986784141,-0.7560977193479461,-171.63418229198376,,,0.24753585624326077,0.8554845220717332,-1.41674634005415
15m,fz2_react0_body0.25_cl0.7_cs0.3,model_a,stress,next_open,2.0,0.0,0.25,0.7,0.3,90,1.0,1.5,8,8.0,10.0,ADAUSDT,237,278.276395539631,0.3206751054852321,-0.668393578563789,-158.409278119618,,,0.2913593817897991,0.8569786209915418,-1.3884450516458084
15m,fz2_react0_body0.25_cl0.7_cs0.3,model_a,stress,next_open,2.0,0.0,0.25,0.7,0.3,90,1.0,1.5,8,8.0,10.0,AVAXUSDT,239,263.191985176345,0.28451882845188287,-0.7299382108326513,-174.45523238900367,,,0.26945479992345883,0.9462674897591867,-1.3964995420621542
15m,fz2_react0_body0.25_cl0.7_cs0.3,model_a,stress,next_open,2.0,0.0,0.25,0.7,0.3,90,1.0,1.5,8,8.0,10.0,BNBUSDT,355,403.97624379320416,0.22816901408450704,-1.2613713283578307,-447.7868215670299,,,0.09754694417691116,0.5975514963670384,-1.810906907929781
15m,fz2_react0_body0.25_cl0.7_cs0.3,model_a,stress,next_open,2.0,0.0,0.25,0.7,0.3,90,1.0,1.5,8,8.0,10.0,BTCUSDT,352,404.38136426184394,0.13636363636363635,-1.99508877439661,-702.2712485876067,,,0.04405184431911243,0.6742072327337474,-2.41655656499614
15m,fz2_react0_body0.25_cl0.7_cs0.3,model_a,stress,next_open,2.0,0.0,0.25,0.7,0.3,90,1.0,1.5,8,8.0,10.0,ETHUSDT,226,252.91918805055536,0.2831858407079646,-0.8110273750922914,-183.29218677085785,,,0.22688552955248542,0.8404792087715323,-1.4634744205693575
15m,fz2_react0_body0.25_cl0.7_cs0.3,model_a,stress,next_open,2.0,0.0,0.25,0.7,0.3,90,1.0,1.5,8,8.0,10.0,LINKUSDT,258,284.1508936143481,0.3062015503875969,-0.7844133277016774,-202.37863854703275,,,0.25543223790734887,0.8788384685320427,-1.5184741763187941
15m,fz2_react0_body0.25_cl0.7_cs0.3,model_a,stress,next_open,2.0,0.0,0.25,0.7,0.3,90,1.0,1.5,8,8.0,10.0,LTCUSDT,206,232.04034822834012,0.2912621359223301,-0.8256595555620804,-170.08586844578855,,,0.22709825817788293,0.832926152933959,-1.507270120697439
15m,fz2_react0_body0.25_cl0.7_cs0.3,model_a,stress,next_open,2.0,0.0,0.25,0.7,0.3,90,1.0,1.5,8,8.0,10.0,SOLUSDT,231,284.1032620133286,0.2597402597402597,-0.8073935143405092,-186.50790181265762,,,0.22789524312503176,0.9174977715106893,-1.412618526919877
15m,fz2_react0_body0.25_cl0.7_cs0.3,model_a,stress,next_open,2.0,0.0,0.25,0.7,0.3,90,1.0,1.5,8,8.0,10.0,XRPUSDT,212,257.24358929992735,0.27358490566037735,-0.8108341752708453,-171.89684515741922,,,0.22936505438358584,0.8821013038344006,-1.448433251816977
15m,fz2_react0_body0.5_cl0.6_cs0.4,model_a,stress,next_open,2.0,0.0,0.5,0.6,0.4,90,1.0,1.5,8,8.0,10.0,ADAUSDT,216,253.6614642641838,0.35185185185185186,-0.6282280835698191,-135.69726605108093,,,0.31888942648236757,0.835949423685382,-1.4230673017940714
15m,fz2_react0_body0.5_cl0.6_cs0.4,model_a,stress,next_open,2.0,0.0,0.5,0.6,0.4,90,1.0,1.5,8,8.0,10.0,AVAXUSDT,212,233.4736643738811,0.3160377358490566,-0.7099732947165892,-150.51433847991692,,,0.2901001621626084,0.9180238540020184,-1.4622202530900148
15m,fz2_react0_body0.5_cl0.6_cs0.4,model_a,stress,next_open,2.0,0.0,0.5,0.6,0.4,90,1.0,1.5,8,8.0,10.0,BNBUSDT,323,367.5614837893097,0.25077399380804954,-1.2463226641082426,-402.5622205069624,,,0.10823602348546818,0.6032118986230375,-1.8653817532868942
15m,fz2_react0_body0.5_cl0.6_cs0.4,model_a,stress,next_open,2.0,0.0,0.5,0.6,0.4,90,1.0,1.5,8,8.0,10.0,BTCUSDT,315,361.88722518921395,0.13015873015873017,-2.0826025672723025,-656.0198086907753,,,0.040078074377760495,0.6680424065751207,-2.494195428322464
15m,fz2_react0_body0.5_cl0.6_cs0.4,model_a,stress,next_open,2.0,0.0,0.5,0.6,0.4,90,1.0,1.5,8,8.0,10.0,ETHUSDT,201,224.94140176177712,0.29850746268656714,-0.7956628244272699,-159.92822770988124,,,0.23651309166551357,0.825709848838232,-1.4856086428381217
15m,fz2_react0_body0.5_cl0.6_cs0.4,model_a,stress,next_open,2.0,0.0,0.5,0.6,0.4,90,1.0,1.5,8,8.0,10.0,LINKUSDT,245,269.8755968836391,0.2938775510204082,-0.8234250320054333,-201.73913284133116,,,0.2357461244164352,0.8643001042131376,-1.5258308690443758
15m,fz2_react0_body0.5_cl0.6_cs0.4,model_a,stress,next_open,2.0,0.0,0.5,0.6,0.4,90,1.0,1.5,8,8.0,10.0,LTCUSDT,179,201.6337702390131,0.29608938547486036,-0.8632330884561832,-154.5187228336568,,,0.22297646787599165,0.8366235788125221,-1.578252162783496
15m,fz2_react0_body0.5_cl0.6_cs0.4,model_a,stress,next_open,2.0,0.0,0.5,0.6,0.4,90,1.0,1.5,8,8.0,10.0,SOLUSDT,207,254.58603998596982,0.2463768115942029,-0.8808897844777143,-182.34418538688686,,,0.20130428467483655,0.9011423641880225,-1.463477217695359
15m,fz2_react0_body0.5_cl0.6_cs0.4,model_a,stress,next_open,2.0,0.0,0.5,0.6,0.4,90,1.0,1.5,8,8.0,10.0,XRPUSDT,191,231.7939985463607,0.3089005235602094,-0.7176541376552331,-137.07194029214952,,,0.2706579848829902,0.8621566059500898,-1.423781666993976
15m,fz2_react0_body0.5_cl0.7_cs0.3,model_a,stress,next_open,2.0,0.0,0.5,0.7,0.3,90,1.0,1.5,8,8.0,10.0,ADAUSDT,196,230.17429164712973,0.33163265306122447,-0.6476198432412112,-126.9334892752774,,,0.3121434948569086,0.8861746076514061,-1.4086628913940367
15m,fz2_react0_body0.5_cl0.7_cs0.3,model_a,stress,next_open,2.0,0.0,0.5,0.7,0.3,90,1.0,1.5,8,8.0,10.0,AVAXUSDT,198,218.05559219824744,0.29292929292929293,-0.748164022463515,-148.13647644777598,,,0.26914188170711206,0.9405507321887636,-1.447774420819459
15m,fz2_react0_body0.5_cl0.7_cs0.3,model_a,stress,next_open,2.0,0.0,0.5,0.7,0.3,90,1.0,1.5,8,8.0,10.0,BNBUSDT,296,336.83653003602376,0.2533783783783784,-1.2334232857099752,-365.09329257015264,,,0.11028472113967075,0.6034022031953038,-1.856780352080545
15m,fz2_react0_body0.5_cl0.7_cs0.3,model_a,stress,next_open,2.0,0.0,0.5,0.7,0.3,90,1.0,1.5,8,8.0,10.0,BTCUSDT,295,338.9102585105337,0.13559322033898305,-2.0392552741874397,-601.5803058852947,,,0.043552495264134974,0.6848343294675048,-2.466563447309784
15m,fz2_react0_body0.5_cl0.7_cs0.3,model_a,stress,next_open,2.0,0.0,0.5,0.7,0.3,90,1.0,1.5,8,8.0,10.0,ETHUSDT,182,203.67828418230565,0.3076923076923077,-0.7847597540071104,-142.82627522929408,,,0.24409330700117918,0.8235837403298536,-1.4995790848235389
15m,fz2_react0_body0.5_cl0.7_cs0.3,model_a,stress,next_open,2.0,0.0,0.5,0.7,0.3,90,1.0,1.5,8,8.0,10.0,LINKUSDT,227,250.04800201055542,0.29515418502202645,-0.8107746821239646,-184.04585284213996,,,0.2428405180994531,0.8810184807000491,-1.5192130690565202
15m,fz2_react0_body0.5_cl0.7_cs0.3,model_a,stress,next_open,2.0,0.0,0.5,0.7,0.3,90,1.0,1.5,8,8.0,10.0,LTCUSDT,170,191.48960776125156,0.3,-0.846550525629704,-143.9135893570497,,,0.22931172206677725,0.8396129555314322,-1.5691920175559055
15m,fz2_react0_body0.5_cl0.7_cs0.3,model_a,stress,next_open,2.0,0.0,0.5,0.7,0.3,90,1.0,1.5,8,8.0,10.0,SOLUSDT,198,243.66237321447375,0.25757575757575757,-0.8541086810048132,-169.113518838953,,,0.21501024373554942,0.908245620076557,-1.4655377242371252
15m,fz2_react0_body0.5_cl0.7_cs0.3,model_a,stress,next_open,2.0,0.0,0.5,0.7,0.3,90,1.0,1.5,8,8.0,10.0,XRPUSDT,176,213.59767409663576,0.3068181818181818,-0.7472198543236189,-131.51069436095693,,,0.26532047545666526,0.8795087036273828,-1.4672472488265211
15m,fz1.5_react0.25_body0.25_cl0.6_cs0.4,model_b,base,next_close,1.5,0.25,0.25,0.6,0.4,90,1.2,2.0,12,4.0,5.0,ADAUSDT,311,347.422709315662,0.3247588424437299,-0.32418073169588235,-100.82020755741941,,,0.5557224979912538,1.2486188046323918,-1.0806224134537665
15m,fz1.5_react0.25_body0.25_cl0.6_cs0.4,model_b,base,next_close,1.5,0.25,0.25,0.6,0.4,90,1.2,2.0,12,4.0,5.0,AVAXUSDT,351,386.5288150497786,0.3418803418803419,-0.33868560829412675,-118.8786485112385,,,0.5555530200700316,1.2383065394487323,-1.1579023084202873
15m,fz1.5_react0.25_body0.25_cl0.6_cs0.4,model_b,base,next_close,1.5,0.25,0.25,0.6,0.4,90,1.2,2.0,12,4.0,5.0,BNBUSDT,362,400.18815814364086,0.3342541436464088,-0.4448687921769298,-161.0425027680486,,,0.4815030625864437,1.2359701986266143,-1.2887755054019456
15m,fz1.5_react0.25_body0.25_cl0.6_cs0.4,model_b,base,next_close,1.5,0.25,0.25,0.6,0.4,90,1.2,2.0,12,4.0,5.0,BTCUSDT,587,651.7183205623456,0.2555366269165247,-0.7701224828941413,-452.061897458861,,,0.26259271602404577,1.0732030457185529,-1.4028429160563933
15m,fz1.5_react0.25_body0.25_cl0.6_cs0.4,model_b,base,next_close,1.5,0.25,0.25,0.6,0.4,90,1.2,2.0,12,4.0,5.0,ETHUSDT,450,495.1609866315195,0.3022222222222222,-0.4375503983505208,-196.89767925773435,,,0.4638359972702343,1.252473328970015,-1.1695351974447656
15m,fz1.5_react0.25_body0.25_cl0.6_cs0.4,model_b,base,next_close,1.5,0.25,0.25,0.6,0.4,90,1.2,2.0,12,4.0,5.0,LINKUSDT,318,350.24349792687525,0.3805031446540881,-0.21444829312085517,-68.19455721243195,,,0.69766664217402,1.3005475472849033,-1.1449787331670316
15m,fz1.5_react0.25_body0.25_cl0.6_cs0.4,model_b,base,next_close,1.5,0.25,0.25,0.6,0.4,90,1.2,2.0,12,4.0,5.0,LTCUSDT,376,413.98134832166295,0.3351063829787234,-0.3524030601371363,-132.50355061156324,,,0.545187498404305,1.2605801542002468,-1.1653466001631774
15m,fz1.5_react0.25_body0.25_cl0.6_cs0.4,model_b,base,next_close,1.5,0.25,0.25,0.6,0.4,90,1.2,2.0,12,4.0,5.0,SOLUSDT,348,414.9585798816568,0.33620689655172414,-0.34206962175788586,-119.04022837174428,,,0.5479749315917083,1.2334060096473698,-1.140037798703405
15m,fz1.5_react0.25_body0.25_cl0.6_cs0.4,model_b,base,next_close,1.5,0.25,0.25,0.6,0.4,90,1.2,2.0,12,4.0,5.0,XRPUSDT,360,416.959767457224,0.35555555555555557,-0.3066489991647704,-110.39363969931735,,,0.5861043250171125,1.2212880864548816,-1.14964877054113
15m,fz1.5_react0.25_body0.25_cl0.7_cs0.3,model_b,base,next_close,1.5,0.25,0.25,0.7,0.3,90,1.2,2.0,12,4.0,5.0,ADAUSDT,280,312.79214986619087,0.3357142857142857,-0.29668441214787117,-83.07163540140392,,,0.5922305323130865,1.2835151406714793,-1.0952798850780805
15m,fz1.5_react0.25_body0.25_cl0.7_cs0.3,model_b,base,next_close,1.5,0.25,0.25,0.7,0.3,90,1.2,2.0,12,4.0,5.0,AVAXUSDT,331,364.5043811438083,0.311178247734139,-0.3971572918248067,-131.459063594011,,,0.49486470262891447,1.2503513598073355,-1.1414265511147657
15m,fz1.5_react0.25_body0.25_cl0.7_cs0.3,model_b,base,next_close,1.5,0.25,0.25,0.7,0.3,90,1.2,2.0,12,4.0,5.0,BNBUSDT,339,374.7618387035753,0.3392330383480826,-0.427043147251286,-144.76762691818595,,,0.4936504296880389,1.2272772635857079,-1.2763594296006355
15m,fz1.5_react0.25_body0.25_cl0.7_cs0.3,model_b,base,next_close,1.5,0.25,0.25,0.7,0.3,90,1.2,2.0,12,4.0,5.0,BTCUSDT,555,616.2878044146056,0.25225225225225223,-0.7720224380350036,-428.472453109427,,,0.2618659067918808,1.0857718178586317,-1.3987482111075553
15m,fz1.5_react0.25_body0.25_cl0.7_cs0.3,model_b,base,next_close,1.5,0.25,0.25,0.7,0.3,90,1.2,2.0,12,4.0,5.0,ETHUSDT,418,459.9495386932781,0.29904306220095694,-0.4522514276071078,-189.04109673977106,,,0.4463584074961884,1.2192737544951149,-1.165359440449353
15m,fz1.5_react0.25_body0.25_cl0.7_cs0.3,model_b,base,next_close,1.5,0.25,0.25,0.7,0.3,90,1.2,2.0,12,4.0,5.0,LINKUSDT,299,329.3169996230682,0.38461538461538464,-0.19599693541544125,-58.60308368921693,,,0.7253988179929255,1.3461612037781703,-1.1598457724114484
15m,fz1.5_react0.25_body0.25_cl0.7_cs0.3,model_b,base,next_close,1.5,0.25,0.25,0.7,0.3,90,1.2,2.0,12,4.0,5.0,LTCUSDT,354,389.75903538794864,0.3248587570621469,-0.3647618559331213,-129.12569700032495,,,0.5333320684381214,1.2832302187685423,-1.1577287538021226
15m,fz1.5_react0.25_body0.25_cl0.7_cs0.3,model_b,base,next_close,1.5,0.25,0.25,0.7,0.3,90,1.2,2.0,12,4.0,5.0,SOLUSDT,332,395.880024484799,0.33433734939759036,-0.35433173275199853,-117.63813527366351,,,0.5325407311038607,1.2073528388624928,-1.1387072415719466
15m,fz1.5_react0.25_body0.25_cl0.7_cs0.3,model_b,base,next_close,1.5,0.25,0.25,0.7,0.3,90,1.2,2.0,12,4.0,5.0,XRPUSDT,334,386.8460064742023,0.3502994011976048,-0.30580920103109654,-102.14027314438624,,,0.5857637578636943,1.2344842618185692,-1.1362900081896719
15m,fz1.5_react0.25_body0.5_cl0.6_cs0.4,model_b,base,next_close,1.5,0.25,0.5,0.6,0.4,90,1.2,2.0,12,4.0,5.0,ADAUSDT,263,293.8011979100293,0.3155893536121673,-0.3687874236358568,-96.99109241623034,,,0.499467869842632,1.1660827030781709,-1.076533093176214
15m,fz1.5_react0.25_body0.5_cl0.6_cs0.4,model_b,base,next_close,1.5,0.25,0.5,0.6,0.4,90,1.2,2.0,12,4.0,5.0,AVAXUSDT,303,333.6701736754499,0.3333333333333333,-0.33970321124748026,-102.93007300798652,,,0.5564942356632714,1.2787401704569223,-1.1489249020996817
15m,fz1.5_react0.25_body0.5_cl0.6_cs0.4,model_b,base,next_close,1.5,0.25,0.5,0.6,0.4,90,1.2,2.0,12,4.0,5.0,BNBUSDT,323,357.0514501891551,0.33126934984520123,-0.445524986280683,-143.9045705686606,,,0.4843316396464228,1.2631739640437223,-1.2919638181543467
15m,fz1.5_react0.25_body0.5_cl0.6_cs0.4,model_b,base,next_close,1.5,0.25,0.5,0.6,0.4,90,1.2,2.0,12,4.0,5.0,BTCUSDT,543,602.962662697533,0.2430939226519337,-0.7835401111612244,-425.4622803605448,,,0.25844393333963356,1.12333549565405,-1.3959673133500714
15m,fz1.5_react0.25_body0.5_cl0.6_cs0.4,model_b,base,next_close,1.5,0.25,0.5,0.6,0.4,90,1.2,2.0,12,4.0,5.0,ETHUSDT,400,440.1154763399021,0.305,-0.42034819782634053,-168.1392791305362,,,0.4781974783674325,1.2630206715107402,-1.1590928095498076
15m,fz1.5_react0.25_body0.5_cl0.6_cs0.4,model_b,base,next_close,1.5,0.25,0.5,0.6,0.4,90,1.2,2.0,12,4.0,5.0,LINKUSDT,297,327.1655932895605,0.3367003367003367,-0.3091997513668538,-91.83232615595557,,,0.5884012758486613,1.3127897319343262,-1.1325446667481633
15m,fz1.5_react0.25_body0.5_cl0.6_cs0.4,model_b,base,next_close,1.5,0.25,0.5,0.6,0.4,90,1.2,2.0,12,4.0,5.0,LTCUSDT,333,366.64924951328265,0.3333333333333333,-0.34236355402763147,-114.00706349120128,,,0.5561501720145937,1.2869592649943893,-1.1570249635386416
15m,fz1.5_react0.25_body0.5_cl0.6_cs0.4,model_b,base,next_close,1.5,0.25,0.5,0.6,0.4,90,1.2,2.0,12,4.0,5.0,SOLUSDT,322,383.9559273617629,0.3447204968944099,-0.33070432362866414,-106.48679220842986,,,0.5584320923011624,1.2132369602593485,-1.1429198805555334
15m,fz1.5_react0.25_body0.5_cl0.6_cs0.4,model_b,base,next_close,1.5,0.25,0.5,0.6,0.4,90,1.2,2.0,12,4.0,5.0,XRPUSDT,313,362.61917663384656,0.3801916932907348,-0.265478990483986,-83.09492402148761,,,0.6313076232405607,1.1956509389290486,-1.1617391018249712
15m,fz1.5_react0.25_body0.5_cl0.7_cs0.3,model_b,base,next_close,1.5,0.25,0.5,0.7,0.3,90,1.2,2.0,12,4.0,5.0,ADAUSDT,238,265.87332738626225,0.3235294117647059,-0.34132126357849435,-81.23446073168165,,,0.5260954300109838,1.171178818075507,-1.0646908678477993
15m,fz1.5_react0.25_body0.5_cl0.7_cs0.3,model_b,base,next_close,1.5,0.25,0.5,0.7,0.3,90,1.2,2.0,12,4.0,5.0,AVAXUSDT,288,317.1518482459722,0.3125,-0.37320921589876344,-107.48425417884387,,,0.5198992842483441,1.2932700017620158,-1.1306997693809357
15m,fz1.5_react0.25_body0.5_cl0.7_cs0.3,model_b,base,next_close,1.5,0.25,0.5,0.7,0.3,90,1.2,2.0,12,4.0,5.0,BNBUSDT,307,339.36469104665827,0.3257328990228013,-0.45021168362348474,-138.2149868724098,,,0.48050459528415507,1.2784123926112265,-1.285295778422862
15m,fz1.5_react0.25_body0.5_cl0.7_cs0.3,model_b,base,next_close,1.5,0.25,0.5,0.7,0.3,90,1.2,2.0,12,4.0,5.0,BTCUSDT,514,570.7602368812744,0.24319066147859922,-0.7921195138817264,-407.14943013520735,,,0.25085233558825953,1.0906729376302124,-1.3971299417454601
15m,fz1.5_react0.25_body0.5_cl0.7_cs0.3,model_b,base,next_close,1.5,0.25,0.5,0.7,0.3,90,1.2,2.0,12,4.0,5.0,ETHUSDT,374,411.6242192159201,0.30213903743315507,-0.43498625388689005,-162.68485895369687,,,0.46525324233021986,1.2525928837042348,-1.1656239647979902
15m,fz1.5_react0.25_body0.5_cl0.7_cs0.3,model_b,base,next_close,1.5,0.25,0.5,0.7,0.3,90,1.2,2.0,12,4.0,5.0,LINKUSDT,281,309.54051082278284,0.35231316725978645,-0.25830281744409017,-72.58309170178934,,,0.6509243011007748,1.3671341689995575,-1.1424690902898107
15m,fz1.5_react0.25_body0.5_cl0.7_cs0.3,model_b,base,next_close,1.5,0.25,0.5,0.7,0.3,90,1.2,2.0,12,4.0,5.0,LTCUSDT,318,350.22149632514606,0.3238993710691824,-0.35163079005372677,-111.81859123708512,,,0.5491818264400655,1.3224873715826873,-1.1536501884190786
15m,fz1.5_react0.25_body0.5_cl0.7_cs0.3,model_b,base,next_close,1.5,0.25,0.5,0.7,0.3,90,1.2,2.0,12,4.0,5.0,SOLUSDT,313,373.22423995103037,0.33226837060702874,-0.360819562855592,-112.93652317380031,,,0.5228213993173272,1.1897986453662364,-1.1324190540281767
15m,fz1.5_react0.25_body0.5_cl0.7_cs0.3,model_b,base,next_close,1.5,0.25,0.5,0.7,0.3,90,1.2,2.0,12,4.0,5.0,XRPUSDT,296,343.01487209994053,0.36486486486486486,-0.2847315457563505,-84.28053754387975,,,0.6081791328195986,1.211288223646306,-1.144147157966387
15m,fz1.5_react0_body0.25_cl0.6_cs0.4,model_b,base,next_close,1.5,0.0,0.25,0.6,0.4,90,1.2,2.0,12,4.0,5.0,ADAUSDT,321,358.59385752516886,0.32087227414330216,-0.32986294632567503,-105.88600577054169,,,0.5463996311519645,1.2383355475750093,-1.0708007668383837
15m,fz1.5_react0_body0.25_cl0.6_cs0.4,model_b,base,next_close,1.5,0.0,0.25,0.6,0.4,90,1.2,2.0,12,4.0,5.0,AVAXUSDT,368,405.2241308921898,0.3342391304347826,-0.36697176870724596,-135.04561088426652,,,0.5253293912530775,1.2151075531121196,-1.1612401629267641
15m,fz1.5_react0_body0.25_cl0.6_cs0.4,model_b,base,next_close,1.5,0.0,0.25,0.6,0.4,90,1.2,2.0,12,4.0,5.0,BNBUSDT,372,411.24307963932154,0.31989247311827956,-0.47298140365091373,-175.9490821581399,,,0.4604595492403049,1.261849377662709,-1.288969004347835
15m,fz1.5_react0_body0.25_cl0.6_cs0.4,model_b,base,next_close,1.5,0.0,0.25,0.6,0.4,90,1.2,2.0,12,4.0,5.0,BTCUSDT,604,670.5926160471155,0.2533112582781457,-0.76959098915746,-464.83295745110587,,,0.26085763119244276,1.0722126596291555,-1.3944157303201035
15m,fz1.5_react0_body0.25_cl0.6_cs0.4,model_b,base,next_close,1.5,0.0,0.25,0.6,0.4,90,1.2,2.0,12,4.0,5.0,ETHUSDT,460,506.16456411222,0.3130434782608696,-0.41818721952507176,-192.36612098153302,,,0.48078894442586284,1.2370197594488594,-1.1724587542473695
15m,fz1.5_react0_body0.25_cl0.6_cs0.4,model_b,base,next_close,1.5,0.0,0.25,0.6,0.4,90,1.2,2.0,12,4.0,5.0,LINKUSDT,327,360.15604975499434,0.3853211009174312,-0.217218067972323,-71.03030822694961,,,0.6911320927628452,1.2614249842940641,-1.1441286380497597
15m,fz1.5_react0_body0.25_cl0.6_cs0.4,model_b,base,next_close,1.5,0.0,0.25,0.6,0.4,90,1.2,2.0,12,4.0,5.0,LTCUSDT,392,431.6246820536976,0.33418367346938777,-0.375714398158594,-147.28004407816883,,,0.5187038559789021,1.2116570233658233,-1.1724410503413474
15m,fz1.5_react0_body0.25_cl0.6_cs0.4,model_b,base,next_close,1.5,0.0,0.25,0.6,0.4,90,1.2,2.0,12,4.0,5.0,SOLUSDT,360,429.26749642930014,0.32222222222222224,-0.37194737345681694,-133.9010544444541,,,0.5162995989741856,1.2321152929488879,-1.1345345427316602
15m,fz1.5_react0_body0.25_cl0.6_cs0.4,model_b,base,next_close,1.5,0.0,0.25,0.6,0.4,90,1.2,2.0,12,4.0,5.0,XRPUSDT,364,421.5926537623043,0.36538461538461536,-0.29420789068991754,-107.09167221112999,,,0.5960301657764416,1.188018937143486,-1.1476112158061196
15m,fz1.5_react0_body0.25_cl0.7_cs0.3,model_b,base,next_close,1.5,0.0,0.25,0.7,0.3,90,1.2,2.0,12,4.0,5.0,ADAUSDT,292,326.1975277175991,0.3253424657534247,-0.32742407874764956,-95.60783099431367,,,0.5576250962717453,1.268591188467471,-1.0970761111610325
15m,fz1.5_react0_body0.25_cl0.7_cs0.3,model_b,base,next_close,1.5,0.0,0.25,0.7,0.3,90,1.2,2.0,12,4.0,5.0,AVAXUSDT,345,379.8976227114279,0.30434782608695654,-0.4096577866096547,-141.33193638033086,,,0.48119773646885733,1.248454513269272,-1.135081917806685
15m,fz1.5_react0_body0.25_cl0.7_cs0.3,model_b,base,next_close,1.5,0.0,0.25,0.7,0.3,90,1.2,2.0,12,4.0,5.0,BNBUSDT,346,382.5002837505518,0.32947976878612717,-0.4428783043993417,-153.23589332217225,,,0.4820740424303897,1.2511279398892314,-1.2752779244376924
15m,fz1.5_react0_body0.25_cl0.7_cs0.3,model_b,base,next_close,1.5,0.0,0.25,0.7,0.3,90,1.2,2.0,12,4.0,5.0,BTCUSDT,573,636.2755169902144,0.24607329842931938,-0.7777875089059368,-445.67224260310184,,,0.25529673776610023,1.0835737674617132,-1.3853151477203782
15m,fz1.5_react0_body0.25_cl0.7_cs0.3,model_b,base,next_close,1.5,0.0,0.25,0.7,0.3,90,1.2,2.0,12,4.0,5.0,ETHUSDT,426,468.75240067783847,0.30985915492957744,-0.43575714067963034,-185.63254192952252,,,0.46023549228880656,1.1991015483999912,-1.169775327613338
15m,fz1.5_react0_body0.25_cl0.7_cs0.3,model_b,base,next_close,1.5,0.0,0.25,0.7,0.3,90,1.2,2.0,12,4.0,5.0,LINKUSDT,312,343.6351300414625,0.38461538461538464,-0.21983705792961786,-68.58916207404077,,,0.6941107160561502,1.296996301708817,-1.1678579077036397
15m,fz1.5_react0_body0.25_cl0.7_cs0.3,model_b,base,next_close,1.5,0.0,0.25,0.7,0.3,90,1.2,2.0,12,4.0,5.0,LTCUSDT,369,406.2870062174213,0.3252032520325203,-0.3904528555811842,-144.07710370945696,,,0.5051912429853518,1.2258354040298987,-1.1693869565985735
15m,fz1.5_react0_body0.25_cl0.7_cs0.3,model_b,base,next_close,1.5,0.0,0.25,0.7,0.3,90,1.2,2.0,12,4.0,5.0,SOLUSDT,337,401.84207304631707,0.3323442136498516,-0.35540697809545446,-119.77215161816815,,,0.5295205974722191,1.2035941604121985,-1.1314431003748195
15m,fz1.5_react0_body0.25_cl0.7_cs0.3,model_b,base,next_close,1.5,0.0,0.25,0.7,0.3,90,1.2,2.0,12,4.0,5.0,XRPUSDT,341,394.9535575080928,0.36363636363636365,-0.28493958852968204,-97.16439968862157,,,0.607979022512675,1.2152476060196624,-1.1421894139864504
15m,fz1.5_react0_body0.5_cl0.6_cs0.4,model_b,base,next_close,1.5,0.0,0.5,0.6,0.4,90,1.2,2.0,12,4.0,5.0,ADAUSDT,267,298.269657193832,0.31086142322097376,-0.3760510636552981,-100.40563399596459,,,0.491943096617127,1.1713387319861603,-1.0740584171239995
15m,fz1.5_react0_body0.5_cl0.6_cs0.4,model_b,base,next_close,1.5,0.0,0.5,0.6,0.4,90,1.2,2.0,12,4.0,5.0,AVAXUSDT,305,335.8726170660469,0.3377049180327869,-0.3319031162847464,-101.23045046684764,,,0.5616369963220404,1.2592030260575975,-1.1432097136177237
15m,fz1.5_react0_body0.5_cl0.6_cs0.4,model_b,base,next_close,1.5,0.0,0.5,0.6,0.4,90,1.2,2.0,12,4.0,5.0,BNBUSDT,326,360.5040999116942,0.3282208588957055,-0.4462969521677198,-145.49280640667666,,,0.48259332162440594,1.268256278477842,-1.2840010420265104
15m,fz1.5_react0_body0.5_cl0.6_cs0.4,model_b,base,next_close,1.5,0.0,0.5,0.6,0.4,90,1.2,2.0,12,4.0,5.0,BTCUSDT,546,606.2939481268012,0.24175824175824176,-0.7877258495003246,-430.09831382717726,,,0.2566828843034086,1.1251659641411813,-1.3976333842845727
15m,fz1.5_react0_body0.5_cl0.6_cs0.4,model_b,base,next_close,1.5,0.0,0.5,0.6,0.4,90,1.2,2.0,12,4.0,5.0,ETHUSDT,403,443.4163424124514,0.3027295285359802,-0.42463924538290565,-171.12961588931097,,,0.47380051727808814,1.2630206715107402,-1.1573599210449155
15m,fz1.5_react0_body0.5_cl0.6_cs0.4,model_b,base,next_close,1.5,0.0,0.5,0.6,0.4,90,1.2,2.0,12,4.0,5.0,LINKUSDT,297,327.1655932895605,0.3434343434343434,-0.301763206874159,-89.62367244162522,,,0.5953510025517694,1.2927578526655465,-1.1358203764795434
15m,fz1.5_react0_body0.5_cl0.6_cs0.4,model_b,base,next_close,1.5,0.0,0.5,0.6,0.4,90,1.2,2.0,12,4.0,5.0,LTCUSDT,335,368.85134710795705,0.33432835820895523,-0.34001074952840243,-113.90360109201482,,,0.5589360258235613,1.2887834436570387,-1.1580598510385791
15m,fz1.5_react0_body0.5_cl0.6_cs0.4,model_b,base,next_close,1.5,0.0,0.5,0.6,0.4,90,1.2,2.0,12,4.0,5.0,SOLUSDT,325,387.53315649867375,0.3446153846153846,-0.33367294971930656,-108.44370865877464,,,0.5547636735992862,1.2064345427960397,-1.1434947298212728
15m,fz1.5_react0_body0.5_cl0.6_cs0.4,model_b,base,next_close,1.5,0.0,0.5,0.6,0.4,90,1.2,2.0,12,4.0,5.0,XRPUSDT,313,362.61917663384656,0.38338658146964855,-0.2537033416634747,-79.40914594066757,,,0.6439835676792237,1.196999643524763,-1.1556948350447624
15m,fz1.5_react0_body0.5_cl0.7_cs0.3,model_b,base,next_close,1.5,0.0,0.5,0.7,0.3,90,1.2,2.0,12,4.0,5.0,ADAUSDT,242,270.341786670065,0.3181818181818182,-0.3539882182525583,-85.6651488171191,,,0.514045296312123,1.1768444076776257,-1.0683767770199775
15m,fz1.5_react0_body0.5_cl0.7_cs0.3,model_b,base,next_close,1.5,0.0,0.5,0.7,0.3,90,1.2,2.0,12,4.0,5.0,AVAXUSDT,288,317.1518482459722,0.3159722222222222,-0.36435308808295797,-104.9336893678919,,,0.5263434515406001,1.2813837976902749,-1.124566573389375
15m,fz1.5_react0_body0.5_cl0.7_cs0.3,model_b,base,next_close,1.5,0.0,0.5,0.7,0.3,90,1.2,2.0,12,4.0,5.0,BNBUSDT,309,341.7048063580169,0.32362459546925565,-0.44839252029132826,-138.55328877002043,,,0.48095394983505796,1.2838504690557346,-1.277216917108105
15m,fz1.5_react0_body0.5_cl0.7_cs0.3,model_b,base,next_close,1.5,0.0,0.5,0.7,0.3,90,1.2,2.0,12,4.0,5.0,BTCUSDT,517,574.0915223105425,0.24177949709864605,-0.7963483615103026,-411.71210290082644,,,0.24909496179891943,1.0926059123526233,-1.3986934743492458
15m,fz1.5_react0_body0.5_cl0.7_cs0.3,model_b,base,next_close,1.5,0.0,0.5,0.7,0.3,90,1.2,2.0,12,4.0,5.0,ETHUSDT,377,414.92601776578044,0.29973474801061006,-0.4394020065607726,-165.65455647341128,,,0.4607556107921471,1.2525928837042348,-1.163627092166628
15m,fz1.5_react0_body0.5_cl0.7_cs0.3,model_b,base,next_close,1.5,0.0,0.5,0.7,0.3,90,1.2,2.0,12,4.0,5.0,LINKUSDT,281,309.54051082278284,0.35587188612099646,-0.263737577154231,-74.11025918033891,,,0.6434437784456596,1.337398769279838,-1.1483432934161475
15m,fz1.5_react0_body0.5_cl0.7_cs0.3,model_b,base,next_close,1.5,0.0,0.5,0.7,0.3,90,1.2,2.0,12,4.0,5.0,LTCUSDT,318,350.22149632514606,0.3270440251572327,-0.34684445583498336,-110.2965369555247,,,0.5542910439024559,1.3189096263967646,-1.1563698042092907
15m,fz1.5_react0_body0.5_cl0.7_cs0.3,model_b,base,next_close,1.5,0.0,0.5,0.7,0.3,90,1.2,2.0,12,4.0,5.0,SOLUSDT,315,375.6090593756376,0.33015873015873015,-0.36358199492362586,-114.52832840094214,,,0.5193285594244633,1.1897986453662364,-1.1292293247347427
15m,fz1.5_react0_body0.5_cl0.7_cs0.3,model_b,base,next_close,1.5,0.0,0.5,0.7,0.3,90,1.2,2.0,12,4.0,5.0,XRPUSDT,297,344.1737061273052,0.37037037037037035,-0.2716733153546386,-80.68697466032766,,,0.6218814364953275,1.2063972557165343,-1.1411265924553287
15m,fz2.5_react0.25_body0.25_cl0.6_cs0.4,model_b,base,next_close,2.5,0.25,0.25,0.6,0.4,90,1.2,2.0,12,4.0,5.0,ADAUSDT,117,137.3585562661131,0.3247863247863248,-0.3228601256853251,-37.77463470518303,,,0.5585634937091601,1.2578271902508433,-1.0831907333508237
15m,fz2.5_react0.25_body0.25_cl0.6_cs0.4,model_b,base,next_close,2.5,0.25,0.25,0.6,0.4,90,1.2,2.0,12,4.0,5.0,AVAXUSDT,96,114.6077423308706,0.3645833333333333,-0.25539736377940153,-24.518146922822545,,,0.644713989774486,1.271184491974027,-1.131304985933008
15m,fz2.5_react0.25_body0.25_cl0.6_cs0.4,model_b,base,next_close,2.5,0.25,0.25,0.6,0.4,90,1.2,2.0,12,4.0,5.0,BNBUSDT,178,206.19749578776967,0.3258426966292135,-0.42869827643704345,-76.30829320579373,,,0.4924247493460096,1.2763893767635337,-1.252823975483989
15m,fz2.5_react0.25_body0.25_cl0.6_cs0.4,model_b,base,next_close,2.5,0.25,0.25,0.6,0.4,90,1.2,2.0,12,4.0,5.0,BTCUSDT,78,89.59549236716242,0.32051282051282054,-0.6636366914554573,-51.76366193352567,,,0.3322135319170269,1.0300651347585454,-1.4625526472167794
15m,fz2.5_react0.25_body0.25_cl0.6_cs0.4,model_b,base,next_close,2.5,0.25,0.25,0.6,0.4,90,1.2,2.0,12,4.0,5.0,ETHUSDT,78,91.48966347762092,0.2692307692307692,-0.49135355304000145,-38.32557713712011,,,0.37953282733994764,1.1163488916267472,-1.0836649800224878
15m,fz2.5_react0.25_body0.25_cl0.6_cs0.4,model_b,base,next_close,2.5,0.25,0.25,0.6,0.4,90,1.2,2.0,12,4.0,5.0,LINKUSDT,104,114.54504334715416,0.3942307692307692,-0.18665076116712737,-19.411679161381247,,,0.7396889878010101,1.345351787698486,-1.1836682929685582
15m,fz2.5_react0.25_body0.25_cl0.6_cs0.4,model_b,base,next_close,2.5,0.25,0.25,0.6,0.4,90,1.2,2.0,12,4.0,5.0,LTCUSDT,68,106.64901373171713,0.2647058823529412,-0.4878721974647038,-33.175309427599856,,,0.37515142591114786,1.1065582884937737,-1.0618671724097557
15m,fz2.5_react0.25_body0.25_cl0.6_cs0.4,model_b,base,next_close,2.5,0.25,0.25,0.6,0.4,90,1.2,2.0,12,4.0,5.0,SOLUSDT,98,133.88942139099942,0.3469387755102041,-0.4015106790941184,-39.348046551223604,,,0.48081595889452117,1.0717704997741415,-1.1841913053678816
15m,fz2.5_react0.25_body0.25_cl0.6_cs0.4,model_b,base,next_close,2.5,0.25,0.25,0.6,0.4,90,1.2,2.0,12,4.0,5.0,XRPUSDT,63,76.43709342560554,0.3492063492063492,-0.28008349458504367,-17.645260158857752,,,0.6103404848832505,1.256296869847975,-1.1044827145247123
15m,fz2.5_react0.25_body0.25_cl0.7_cs0.3,model_b,base,next_close,2.5,0.25,0.25,0.7,0.3,90,1.2,2.0,12,4.0,5.0,ADAUSDT,106,124.44450396758965,0.3113207547169811,-0.36347498782581794,-38.5283487095367,,,0.5196237145901065,1.2629142385611818,-1.098692035370626
15m,fz2.5_react0.25_body0.25_cl0.7_cs0.3,model_b,base,next_close,2.5,0.25,0.25,0.7,0.3,90,1.2,2.0,12,4.0,5.0,AVAXUSDT,93,111.02625038303088,0.3225806451612903,-0.318321064264685,-29.6038589766157,,,0.5772919364239119,1.3476652522822958,-1.111647881668009
15m,fz2.5_react0.25_body0.25_cl0.7_cs0.3,model_b,base,next_close,2.5,0.25,0.25,0.7,0.3,90,1.2,2.0,12,4.0,5.0,BNBUSDT,173,200.40543129934917,0.3179190751445087,-0.4639091809591758,-80.25628830593742,,,0.4624687467120056,1.255437363504536,-1.2652995194803973
15m,fz2.5_react0.25_body0.25_cl0.7_cs0.3,model_b,base,next_close,2.5,0.25,0.25,0.7,0.3,90,1.2,2.0,12,4.0,5.0,BTCUSDT,73,83.85219157439559,0.3150684931506849,-0.6403167814688296,-46.74312504722457,,,0.3412703577866848,1.052885801547645,-1.4191899696564079
15m,fz2.5_react0.25_body0.25_cl0.7_cs0.3,model_b,base,next_close,2.5,0.25,0.25,0.7,0.3,90,1.2,2.0,12,4.0,5.0,ETHUSDT,75,87.9708302669432,0.22666666666666666,-0.588981134995689,-44.17358512467668,,,0.30345376888631587,1.132025775895771,-1.093414195084565
15m,fz2.5_react0.25_body0.25_cl0.7_cs0.3,model_b,base,next_close,2.5,0.25,0.25,0.7,0.3,90,1.2,2.0,12,4.0,5.0,LINKUSDT,95,104.63249151903506,0.4105263157894737,-0.13608774128516876,-12.928335422091033,,,0.8055533562942403,1.3733203779215337,-1.1872826814469792
15m,fz2.5_react0.25_body0.25_cl0.7_cs0.3,model_b,base,next_close,2.5,0.25,0.25,0.7,0.3,90,1.2,2.0,12,4.0,5.0,LTCUSDT,62,97.23880663774209,0.25806451612903225,-0.4654073844167653,-28.85525783383945,,,0.4089235241951028,1.2476805252763512,-1.0612640486578493
15m,fz2.5_react0.25_body0.25_cl0.7_cs0.3,model_b,base,next_close,2.5,0.25,0.25,0.7,0.3,90,1.2,2.0,12,4.0,5.0,SOLUSDT,93,127.06823052643885,0.34408602150537637,-0.41580727863035816,-38.67007691262331,,,0.461589954037113,1.0360202669038223,-1.1774217287466497
15m,fz2.5_react0.25_body0.25_cl0.7_cs0.3,model_b,base,next_close,2.5,0.25,0.25,0.7,0.3,90,1.2,2.0,12,4.0,5.0,XRPUSDT,60,72.79219431181234,0.31666666666666665,-0.2888042684858433,-17.328256109150598,,,0.6024039725767758,1.3818059164529097,-1.0629894761403873
15m,fz2.5_react0.25_body0.5_cl0.6_cs0.4,model_b,base,next_close,2.5,0.25,0.5,0.6,0.4,90,1.2,2.0,12,4.0,5.0,ADAUSDT,99,116.24593128390597,0.3333333333333333,-0.310584885238731,-30.747903638634373,,,0.5688091076078234,1.2291320238399788,-1.080443339778086
15m,fz2.5_react0.25_body0.5_cl0.6_cs0.4,model_b,base,next_close,2.5,0.25,0.5,0.6,0.4,90,1.2,2.0,12,4.0,5.0,AVAXUSDT,85,101.47560518879166,0.4,-0.15374589175892164,-13.068400799508339,,,0.7756195738173343,1.3286399918095129,-1.1420031474712113
15m,fz2.5_react0.25_body0.5_cl0.6_cs0.4,model_b,base,next_close,2.5,0.25,0.5,0.6,0.4,90,1.2,2.0,12,4.0,5.0,BNBUSDT,162,187.66288942482407,0.3395061728395062,-0.3954392206561476,-64.06115374629591,,,0.5246533704716866,1.2855652214985698,-1.259506924567451
15m,fz2.5_react0.25_body0.5_cl0.6_cs0.4,model_b,base,next_close,2.5,0.25,0.5,0.6,0.4,90,1.2,2.0,12,4.0,5.0,BTCUSDT,76,87.30103194103194,0.3157894736842105,-0.6894354496508022,-52.397094173460964,,,0.3234100199577716,1.0435754896014595,-1.4892866523826152
15m,fz2.5_react0.25_body0.5_cl0.6_cs0.4,model_b,base,next_close,2.5,0.25,0.5,0.6,0.4,90,1.2,2.0,12,4.0,5.0,ETHUSDT,71,83.27905265270623,0.30985915492957744,-0.4391226082860828,-31.17770518831188,,,0.4258247760909666,1.0510126508433908,-1.1081629287115606
15m,fz2.5_react0.25_body0.5_cl0.6_cs0.4,model_b,base,next_close,2.5,0.25,0.5,0.6,0.4,90,1.2,2.0,12,4.0,5.0,LINKUSDT,97,106.85206245483963,0.3402061855670103,-0.3364048596897758,-32.63127138990825,,,0.5708898777490177,1.315538731491817,-1.1881882738927847
15m,fz2.5_react0.25_body0.5_cl0.6_cs0.4,model_b,base,next_close,2.5,0.25,0.5,0.6,0.4,90,1.2,2.0,12,4.0,5.0,LTCUSDT,56,87.7893324987705,0.2857142857142857,-0.39825097331559917,-22.302054505673553,,,0.46265063776644977,1.2001107270398388,-1.0375956534577744
15m,fz2.5_react0.25_body0.5_cl0.6_cs0.4,model_b,base,next_close,2.5,0.25,0.5,0.6,0.4,90,1.2,2.0,12,4.0,5.0,SOLUSDT,92,125.69210987726477,0.34782608695652173,-0.4121756788978659,-37.92016245860366,,,0.46696146570009683,1.0381082640976529,-1.1856604484954758
15m,fz2.5_react0.25_body0.5_cl0.6_cs0.4,model_b,base,next_close,2.5,0.25,0.5,0.6,0.4,90,1.2,2.0,12,4.0,5.0,XRPUSDT,56,67.94643413266895,0.4107142857142857,-0.14566412085298328,-8.157190767767064,,,0.7763581420573232,1.231180713028203,-1.1052832474974466
15m,fz2.5_react0.25_body0.5_cl0.7_cs0.3,model_b,base,next_close,2.5,0.25,0.5,0.7,0.3,90,1.2,2.0,12,4.0,5.0,ADAUSDT,89,104.50391802290537,0.29213483146067415,-0.383609577223964,-34.1412523729328,,,0.4833475584230094,1.2284773199376116,-1.0489152808144555
15m,fz2.5_react0.25_body0.5_cl0.7_cs0.3,model_b,base,next_close,2.5,0.25,0.5,0.7,0.3,90,1.2,2.0,12,4.0,5.0,AVAXUSDT,82,97.89411324095197,0.35365853658536583,-0.23289206405647941,-19.09714925263131,,,0.6798400501031087,1.3983319694137841,-1.125448610672284
15m,fz2.5_react0.25_body0.5_cl0.7_cs0.3,model_b,base,next_close,2.5,0.25,0.5,0.7,0.3,90,1.2,2.0,12,4.0,5.0,BNBUSDT,156,180.7124120387195,0.32051282051282054,-0.4403313329861033,-68.69168794583211,,,0.4859175381137288,1.2985658282542016,-1.260565843005115
15m,fz2.5_react0.25_body0.5_cl0.7_cs0.3,model_b,base,next_close,2.5,0.25,0.5,0.7,0.3,90,1.2,2.0,12,4.0,5.0,BTCUSDT,70,80.40884520884521,0.32857142857142857,-0.6284195899089917,-43.98937129362942,,,0.3566720095089331,1.0603677242632867,-1.4548474245039364
15m,fz2.5_react0.25_body0.5_cl0.7_cs0.3,model_b,base,next_close,2.5,0.25,0.5,0.7,0.3,90,1.2,2.0,12,4.0,5.0,ETHUSDT,67,78.58727503846926,0.23880597014925373,-0.6155608498821862,-41.242576942106474,,,0.2879743021113996,1.0425187555903523,-1.1357426868931786
15m,fz2.5_react0.25_body0.5_cl0.7_cs0.3,model_b,base,next_close,2.5,0.25,0.5,0.7,0.3,90,1.2,2.0,12,4.0,5.0,LINKUSDT,92,101.34422418397159,0.358695652173913,-0.27791667284448485,-25.568333901692604,,,0.635218678097047,1.3492087722376542,-1.1880037861955117
15m,fz2.5_react0.25_body0.5_cl0.7_cs0.3,model_b,base,next_close,2.5,0.25,0.5,0.7,0.3,90,1.2,2.0,12,4.0,5.0,LTCUSDT,52,81.51866589171547,0.2692307692307692,-0.41260756448295177,-21.455593353113493,,,0.46707141302272515,1.3431569511189951,-1.0594681754941953
15m,fz2.5_react0.25_body0.5_cl0.7_cs0.3,model_b,base,next_close,2.5,0.25,0.5,0.7,0.3,90,1.2,2.0,12,4.0,5.0,SOLUSDT,88,120.23660522931849,0.3409090909090909,-0.4313269643579707,-37.95677286350142,,,0.44089695206853724,0.9977305333242131,-1.1704946355728933
15m,fz2.5_react0.25_body0.5_cl0.7_cs0.3,model_b,base,next_close,2.5,0.25,0.5,0.7,0.3,90,1.2,2.0,12,4.0,5.0,XRPUSDT,53,64.31312292358804,0.3584905660377358,-0.24080613560535938,-12.762725187084047,,,0.654071436082097,1.2700726867591878,-1.0851207716326063
15m,fz2.5_react0_body0.25_cl0.6_cs0.4,model_b,base,next_close,2.5,0.0,0.25,0.6,0.4,90,1.2,2.0,12,4.0,5.0,ADAUSDT,121,142.054575283758,0.30578512396694213,-0.3551664759249663,-42.97514358692092,,,0.5207878113609881,1.2622592676037943,-1.0676040058126346
15m,fz2.5_react0_body0.25_cl0.6_cs0.4,model_b,base,next_close,2.5,0.0,0.25,0.6,0.4,90,1.2,2.0,12,4.0,5.0,AVAXUSDT,102,121.76243488918394,0.3627450980392157,-0.2783762932225511,-28.39438190870021,,,0.619059277956394,1.2471122106943375,-1.1467312877598568
15m,fz2.5_react0_body0.25_cl0.6_cs0.4,model_b,base,next_close,2.5,0.0,0.25,0.6,0.4,90,1.2,2.0,12,4.0,5.0,BNBUSDT,181,209.67273448082196,0.32044198895027626,-0.4471051874942733,-80.92603893646347,,,0.47669906738695017,1.2710220463230966,-1.2572790050666918
15m,fz2.5_react0_body0.25_cl0.6_cs0.4,model_b,base,next_close,2.5,0.0,0.25,0.6,0.4,90,1.2,2.0,12,4.0,5.0,BTCUSDT,81,93.04147284282251,0.32098765432098764,-0.6287239557743033,-50.926640417718566,,,0.3573212652863112,1.0890218973000787,-1.4407492681367384
15m,fz2.5_react0_body0.25_cl0.6_cs0.4,model_b,base,next_close,2.5,0.0,0.25,0.6,0.4,90,1.2,2.0,12,4.0,5.0,ETHUSDT,77,90.31671907406168,0.2727272727272727,-0.4686401930887272,-36.08529486783199,,,0.39455588262834357,1.1198127880303796,-1.0643100610083922
15m,fz2.5_react0_body0.25_cl0.6_cs0.4,model_b,base,next_close,2.5,0.0,0.25,0.6,0.4,90,1.2,2.0,12,4.0,5.0,LINKUSDT,105,115.64643799472296,0.38095238095238093,-0.188666414880358,-19.80997356243759,,,0.7290322914426636,1.3324567802316682,-1.1247422272569896
15m,fz2.5_react0_body0.25_cl0.6_cs0.4,model_b,base,next_close,2.5,0.0,0.25,0.6,0.4,90,1.2,2.0,12,4.0,5.0,LTCUSDT,71,111.33917710196779,0.29577464788732394,-0.48890847243415386,-34.712501542824924,,,0.3523758488499537,0.8993934415536596,-1.0719952763090355
15m,fz2.5_react0_body0.25_cl0.6_cs0.4,model_b,base,next_close,2.5,0.0,0.25,0.6,0.4,90,1.2,2.0,12,4.0,5.0,SOLUSDT,103,140.6931047915855,0.34951456310679613,-0.39550790424336957,-40.73731413706707,,,0.4773248654195354,1.0334086925309698,-1.1632839860922684
15m,fz2.5_react0_body0.25_cl0.6_cs0.4,model_b,base,next_close,2.5,0.0,0.25,0.6,0.4,90,1.2,2.0,12,4.0,5.0,XRPUSDT,62,75.22901238840059,0.3709677419354839,-0.22692605790093356,-14.069415589857881,,,0.6645571174064511,1.2118865189828956,-1.0754565519606278
15m,fz2.5_react0_body0.25_cl0.7_cs0.3,model_b,base,next_close,2.5,0.0,0.25,0.7,0.3,90,1.2,2.0,12,4.0,5.0,ADAUSDT,110,129.14052298523455,0.3,-0.3776300646283673,-41.5393071091204,,,0.506576867610072,1.2923232461643992,-1.09332434068241
15m,fz2.5_react0_body0.25_cl0.7_cs0.3,model_b,base,next_close,2.5,0.0,0.25,0.7,0.3,90,1.2,2.0,12,4.0,5.0,AVAXUSDT,96,114.59993871923194,0.3229166666666667,-0.3072737610901188,-29.4982810646514,,,0.5865261524732748,1.3498153160434978,-1.097577782492305
15m,fz2.5_react0_body0.25_cl0.7_cs0.3,model_b,base,next_close,2.5,0.0,0.25,0.7,0.3,90,1.2,2.0,12,4.0,5.0,BNBUSDT,175,202.72225709471738,0.3142857142857143,-0.48262836588999747,-84.45996403074956,,,0.44727133725690077,1.2426455939265058,-1.2733789308058947
15m,fz2.5_react0_body0.25_cl0.7_cs0.3,model_b,base,next_close,2.5,0.0,0.25,0.7,0.3,90,1.2,2.0,12,4.0,5.0,BTCUSDT,75,86.14951189150233,0.30666666666666664,-0.6467034901447773,-48.5027617608583,,,0.33301239584566256,1.052885801547645,-1.3984449076241179
15m,fz2.5_react0_body0.25_cl0.7_cs0.3,model_b,base,next_close,2.5,0.0,0.25,0.7,0.3,90,1.2,2.0,12,4.0,5.0,ETHUSDT,75,87.9708302669432,0.22666666666666666,-0.579974724375105,-43.498104328132875,,,0.31350328649695114,1.1684901201596853,-1.0924557994973711
15m,fz2.5_react0_body0.25_cl0.7_cs0.3,model_b,base,next_close,2.5,0.0,0.25,0.7,0.3,90,1.2,2.0,12,4.0,5.0,LINKUSDT,98,107.93667546174143,0.3979591836734694,-0.14620738356850688,-14.328323589713674,,,0.7881547062485583,1.3668580875519478,-1.1463693051566042
15m,fz2.5_react0_body0.25_cl0.7_cs0.3,model_b,base,next_close,2.5,0.0,0.25,0.7,0.3,90,1.2,2.0,12,4.0,5.0,LTCUSDT,65,101.9439101847296,0.26153846153846155,-0.5111022721128282,-33.221647687333835,,,0.341989814449654,1.0156704148530846,-1.0518342654132558
15m,fz2.5_react0_body0.25_cl0.7_cs0.3,model_b,base,next_close,2.5,0.0,0.25,0.7,0.3,90,1.2,2.0,12,4.0,5.0,SOLUSDT,95,129.800880645287,0.3368421052631579,-0.4156234358229864,-39.484226403183705,,,0.4564300479507252,1.0360779741043307,-1.1529955805479726
15m,fz2.5_react0_body0.25_cl0.7_cs0.3,model_b,base,next_close,2.5,0.0,0.25,0.7,0.3,90,1.2,2.0,12,4.0,5.0,XRPUSDT,62,75.22901238840059,0.3387096774193548,-0.280396307706649,-17.384571077812236,,,0.6025466308368452,1.2550157175892054,-1.066826857248428
15m,fz2.5_react0_body0.5_cl0.6_cs0.4,model_b,base,next_close,2.5,0.0,0.5,0.6,0.4,90,1.2,2.0,12,4.0,5.0,ADAUSDT,101,118.5943339361061,0.32673267326732675,-0.3146505581391291,-31.77970637205204,,,0.5633294935149477,1.242351732911589,-1.0702546111490365
15m,fz2.5_react0_body0.5_cl0.6_cs0.4,model_b,base,next_close,2.5,0.0,0.5,0.6,0.4,90,1.2,2.0,12,4.0,5.0,AVAXUSDT,85,101.47560518879166,0.4,-0.1533805892295024,-13.037350084507704,,,0.7760333014101557,1.3286399918095129,-1.1413943099221793
15m,fz2.5_react0_body0.5_cl0.6_cs0.4,model_b,base,next_close,2.5,0.0,0.5,0.6,0.4,90,1.2,2.0,12,4.0,5.0,BNBUSDT,162,187.66288942482407,0.3395061728395062,-0.3954392206561476,-64.06115374629591,,,0.5246533704716866,1.2855652214985698,-1.259506924567451
15m,fz2.5_react0_body0.5_cl0.6_cs0.4,model_b,base,next_close,2.5,0.0,0.5,0.6,0.4,90,1.2,2.0,12,4.0,5.0,BTCUSDT,76,87.30103194103194,0.3157894736842105,-0.6893208122772201,-52.38838173306873,,,0.3234464081526293,1.0435754896014595,-1.4891191054519954
15m,fz2.5_react0_body0.5_cl0.6_cs0.4,model_b,base,next_close,2.5,0.0,0.5,0.6,0.4,90,1.2,2.0,12,4.0,5.0,ETHUSDT,71,83.27905265270623,0.30985915492957744,-0.4391226082860828,-31.17770518831188,,,0.4258247760909666,1.0510126508433908,-1.1081629287115606
15m,fz2.5_react0_body0.5_cl0.6_cs0.4,model_b,base,next_close,2.5,0.0,0.5,0.6,0.4,90,1.2,2.0,12,4.0,5.0,LINKUSDT,97,106.85206245483963,0.35051546391752575,-0.3253160775287497,-31.55565952028872,,,0.5788912038678098,1.2758540070687134,-1.1894396152480156
15m,fz2.5_react0_body0.5_cl0.6_cs0.4,model_b,base,next_close,2.5,0.0,0.5,0.6,0.4,90,1.2,2.0,12,4.0,5.0,LTCUSDT,57,89.35699915053426,0.2807017543859649,-0.40914689026627327,-23.321372745177577,,,0.4515604834400555,1.2001107270398388,-1.0371498628735365
15m,fz2.5_react0_body0.5_cl0.6_cs0.4,model_b,base,next_close,2.5,0.0,0.5,0.6,0.4,90,1.2,2.0,12,4.0,5.0,SOLUSDT,94,128.42454704850965,0.35106382978723405,-0.41173580685135364,-38.70316584402724,,,0.465233817172395,1.0203282016816257,-1.186458959008539
15m,fz2.5_react0_body0.5_cl0.6_cs0.4,model_b,base,next_close,2.5,0.0,0.5,0.6,0.4,90,1.2,2.0,12,4.0,5.0,XRPUSDT,55,66.73772363913208,0.43636363636363634,-0.09556087763963568,-5.255848270179962,,,0.8442259899313246,1.1868485278944958,-1.088393965795092
15m,fz2.5_react0_body0.5_cl0.7_cs0.3,model_b,base,next_close,2.5,0.0,0.5,0.7,0.3,90,1.2,2.0,12,4.0,5.0,ADAUSDT,91,106.85232067510549,0.2857142857142857,-0.3976835341983919,-36.189201612053665,,,0.4721979658333858,1.2452561814515781,-1.0548594204583799
15m,fz2.5_react0_body0.5_cl0.7_cs0.3,model_b,base,next_close,2.5,0.0,0.5,0.7,0.3,90,1.2,2.0,12,4.0,5.0,AVAXUSDT,82,97.89411324095197,0.35365853658536583,-0.2325133968003741,-19.066098537630676,,,0.6801941313668837,1.3983319694137841,-1.1248627481251023
15m,fz2.5_react0_body0.5_cl0.7_cs0.3,model_b,base,next_close,2.5,0.0,0.5,0.7,0.3,90,1.2,2.0,12,4.0,5.0,BNBUSDT,156,180.7124120387195,0.32051282051282054,-0.4403313329861033,-68.69168794583211,,,0.4859175381137288,1.2985658282542016,-1.260565843005115
15m,fz2.5_react0_body0.5_cl0.7_cs0.3,model_b,base,next_close,2.5,0.0,0.5,0.7,0.3,90,1.2,2.0,12,4.0,5.0,BTCUSDT,70,80.40884520884521,0.32857142857142857,-0.628295126474817,-43.98065885323719,,,0.3567174610780185,1.0603677242632867,-1.4546620534317614
15m,fz2.5_react0_body0.5_cl0.7_cs0.3,model_b,base,next_close,2.5,0.0,0.5,0.7,0.3,90,1.2,2.0,12,4.0,5.0,ETHUSDT,67,78.58727503846926,0.23880597014925373,-0.6155608498821862,-41.242576942106474,,,0.2879743021113996,1.0425187555903523,-1.1357426868931786
15m,fz2.5_react0_body0.5_cl0.7_cs0.3,model_b,base,next_close,2.5,0.0,0.5,0.7,0.3,90,1.2,2.0,12,4.0,5.0,LINKUSDT,92,101.34422418397159,0.3695652173913043,-0.2757760905658092,-25.371400332054446,,,0.637618645885353,1.3129877861487618,-1.207120432088144
15m,fz2.5_react0_body0.5_cl0.7_cs0.3,model_b,base,next_close,2.5,0.0,0.5,0.7,0.3,90,1.2,2.0,12,4.0,5.0,LTCUSDT,52,81.51866589171547,0.2692307692307692,-0.41260756448295177,-21.455593353113493,,,0.46707141302272515,1.3431569511189951,-1.0594681754941953
15m,fz2.5_react0_body0.5_cl0.7_cs0.3,model_b,base,next_close,2.5,0.0,0.5,0.7,0.3,90,1.2,2.0,12,4.0,5.0,SOLUSDT,89,121.60293028874256,0.33707865168539325,-0.4311760115249668,-38.374665025722045,,,0.43819959292904587,0.9977305333242131,-1.1577386614482785
15m,fz2.5_react0_body0.5_cl0.7_cs0.3,model_b,base,next_close,2.5,0.0,0.5,0.7,0.3,90,1.2,2.0,12,4.0,5.0,XRPUSDT,53,64.31089732498184,0.37735849056603776,-0.20510450351743467,-10.870538686424037,,,0.6909067894722541,1.2149294659121896,-1.0657311516566008
15m,fz2_react0.25_body0.25_cl0.6_cs0.4,model_b,base,next_close,2.0,0.25,0.25,0.6,0.4,90,1.2,2.0,12,4.0,5.0,ADAUSDT,181,212.49486054843138,0.3370165745856354,-0.31536530617852254,-57.08112041831258,,,0.5562419718127256,1.1729518561978198,-1.0719265303864964
15m,fz2_react0.25_body0.25_cl0.6_cs0.4,model_b,base,next_close,2.0,0.25,0.25,0.6,0.4,90,1.2,2.0,12,4.0,5.0,AVAXUSDT,168,185.00524481015043,0.3630952380952381,-0.2824141650611573,-47.445579730274424,,,0.5990697039182332,1.1621826961771655,-1.1059693850194536
15m,fz2_react0.25_body0.25_cl0.6_cs0.4,model_b,base,next_close,2.0,0.25,0.25,0.6,0.4,90,1.2,2.0,12,4.0,5.0,BNBUSDT,254,289.0327773090154,0.32677165354330706,-0.44934963665922684,-114.13480771144361,,,0.47129746103820536,1.225811589931139,-1.2624395887469484
15m,fz2_react0.25_body0.25_cl0.6_cs0.4,model_b,base,next_close,2.0,0.25,0.25,0.6,0.4,90,1.2,2.0,12,4.0,5.0,BTCUSDT,240,275.67843805280745,0.2375,-0.9312182959488146,-223.49239102771548,,,0.19187388242351433,0.9309462494260781,-1.5112367609016497
15m,fz2_react0.25_body0.25_cl0.6_cs0.4,model_b,base,next_close,2.0,0.25,0.25,0.6,0.4,90,1.2,2.0,12,4.0,5.0,ETHUSDT,170,190.24287492420132,0.2823529411764706,-0.4716329494517129,-80.1776014067912,,,0.41538708767391264,1.1868515774442179,-1.1241514518369973
15m,fz2_react0.25_body0.25_cl0.6_cs0.4,model_b,base,next_close,2.0,0.25,0.25,0.6,0.4,90,1.2,2.0,12,4.0,5.0,LINKUSDT,186,204.85940444779496,0.34946236559139787,-0.30116386098236897,-56.01647814272063,,,0.5989560356029742,1.2870795936204813,-1.1543524936202636
15m,fz2_react0.25_body0.25_cl0.6_cs0.4,model_b,base,next_close,2.0,0.25,0.25,0.6,0.4,90,1.2,2.0,12,4.0,5.0,LTCUSDT,154,173.43919830410485,0.2792207792207792,-0.47061015672757034,-72.47396413604584,,,0.4177371003913165,1.2091981950598205,-1.121346725438001
15m,fz2_react0.25_body0.25_cl0.6_cs0.4,model_b,base,next_close,2.0,0.25,0.25,0.6,0.4,90,1.2,2.0,12,4.0,5.0,SOLUSDT,165,202.9237838027428,0.3575757575757576,-0.30874486806631674,-50.942903230942264,,,0.5861016042896557,1.222674478840998,-1.1611386554958598
15m,fz2_react0.25_body0.25_cl0.6_cs0.4,model_b,base,next_close,2.0,0.25,0.25,0.6,0.4,90,1.2,2.0,12,4.0,5.0,XRPUSDT,156,189.2728027681661,0.358974358974359,-0.2857537677338003,-44.577587766472845,,,0.6065267416635448,1.2270528504061626,-1.1329254738921797
15m,fz2_react0.25_body0.25_cl0.7_cs0.3,model_b,base,next_close,2.0,0.25,0.25,0.7,0.3,90,1.2,2.0,12,4.0,5.0,ADAUSDT,166,194.88478923226305,0.3253012048192771,-0.3310545573110302,-54.95505651363101,,,0.547367627765319,1.2306863862242647,-1.0840367979441188
15m,fz2_react0.25_body0.25_cl0.7_cs0.3,model_b,base,next_close,2.0,0.25,0.25,0.7,0.3,90,1.2,2.0,12,4.0,5.0,AVAXUSDT,162,178.39791463835934,0.32098765432098764,-0.33433731684007995,-54.16264532809295,,,0.5395284157972065,1.2204163343611172,-1.0693117701351913
15m,fz2_react0.25_body0.25_cl0.7_cs0.3,model_b,base,next_close,2.0,0.25,0.25,0.7,0.3,90,1.2,2.0,12,4.0,5.0,BNBUSDT,244,277.65353410787304,0.3237704918032787,-0.4616387485672111,-112.63985465039951,,,0.4577494014921808,1.2036292555105361,-1.2589488838529204
15m,fz2_react0.25_body0.25_cl0.7_cs0.3,model_b,base,next_close,2.0,0.25,0.25,0.7,0.3,90,1.2,2.0,12,4.0,5.0,BTCUSDT,225,258.44853567450696,0.24,-0.8926773849666081,-200.8524116174868,,,0.20896101386527124,0.9825409718883897,-1.484851602920818
15m,fz2_react0.25_body0.25_cl0.7_cs0.3,model_b,base,next_close,2.0,0.25,0.25,0.7,0.3,90,1.2,2.0,12,4.0,5.0,ETHUSDT,160,179.05211757571888,0.275,-0.48688812928907466,-77.90210068625194,,,0.40388139744525176,1.1995481022127683,-1.1265708377897736
15m,fz2_react0.25_body0.25_cl0.7_cs0.3,model_b,base,next_close,2.0,0.25,0.25,0.7,0.3,90,1.2,2.0,12,4.0,5.0,LINKUSDT,171,188.3384847342631,0.36257309941520466,-0.2754101931184768,-47.09514302325953,,,0.6358827770451497,1.3265397587085153,-1.186611083148509
15m,fz2_react0.25_body0.25_cl0.7_cs0.3,model_b,base,next_close,2.0,0.25,0.25,0.7,0.3,90,1.2,2.0,12,4.0,5.0,LTCUSDT,142,159.92445557910966,0.2887323943661972,-0.4286865527611391,-60.87349049208175,,,0.46136737622516255,1.2717407162972272,-1.1189590085175056
15m,fz2_react0.25_body0.25_cl0.7_cs0.3,model_b,base,next_close,2.0,0.25,0.25,0.7,0.3,90,1.2,2.0,12,4.0,5.0,SOLUSDT,159,195.5447371190067,0.33962264150943394,-0.3664470959657248,-58.26508825855024,,,0.520498815860427,1.171236803443203,-1.1572559585188877
15m,fz2_react0.25_body0.25_cl0.7_cs0.3,model_b,base,next_close,2.0,0.25,0.25,0.7,0.3,90,1.2,2.0,12,4.0,5.0,XRPUSDT,147,178.34087606394021,0.3333333333333333,-0.3219031066246045,-47.319756673816855,,,0.5663480593116629,1.2612133092303932,-1.1134613145521033
15m,fz2_react0.25_body0.5_cl0.6_cs0.4,model_b,base,next_close,2.0,0.25,0.5,0.6,0.4,90,1.2,2.0,12,4.0,5.0,ADAUSDT,156,183.1754068716094,0.3269230769230769,-0.3590262562986251,-56.008095982585516,,,0.504912583033062,1.119992045618624,-1.0774065743727175
15m,fz2_react0.25_body0.5_cl0.6_cs0.4,model_b,base,next_close,2.0,0.25,0.5,0.6,0.4,90,1.2,2.0,12,4.0,5.0,AVAXUSDT,146,160.7783675135831,0.3767123287671233,-0.22309774154097486,-32.57227026498233,,,0.677039106124843,1.2415069531992804,-1.1082983812191511
15m,fz2_react0.25_body0.5_cl0.6_cs0.4,model_b,base,next_close,2.0,0.25,0.5,0.6,0.4,90,1.2,2.0,12,4.0,5.0,BNBUSDT,230,261.72259362627375,0.3173913043478261,-0.4628588187911645,-106.45752832196783,,,0.46403533943712283,1.262607660476782,-1.2651457804889996
15m,fz2_react0.25_body0.5_cl0.6_cs0.4,model_b,base,next_close,2.0,0.25,0.5,0.6,0.4,90,1.2,2.0,12,4.0,5.0,BTCUSDT,222,255.01090909090908,0.21621621621621623,-0.9724118979969398,-215.87544135532065,,,0.18390127504269102,1.013454002295185,-1.5202369739395951
15m,fz2_react0.25_body0.5_cl0.6_cs0.4,model_b,base,next_close,2.0,0.25,0.5,0.6,0.4,90,1.2,2.0,12,4.0,5.0,ETHUSDT,149,166.74228449238822,0.30201342281879195,-0.4423168202277245,-65.90520621393095,,,0.4448675255697122,1.1736572344242775,-1.1415363631059947
15m,fz2_react0.25_body0.5_cl0.6_cs0.4,model_b,base,next_close,2.0,0.25,0.5,0.6,0.4,90,1.2,2.0,12,4.0,5.0,LINKUSDT,176,193.87590713455435,0.3125,-0.3895240258581976,-68.55622855104278,,,0.5131596650166919,1.3138633215816793,-1.1637910019672324
15m,fz2_react0.25_body0.5_cl0.6_cs0.4,model_b,base,next_close,2.0,0.25,0.5,0.6,0.4,90,1.2,2.0,12,4.0,5.0,LTCUSDT,133,149.78839853536329,0.2706766917293233,-0.46974138252683634,-62.475603876069236,,,0.4190777465251608,1.2519429774796729,-1.1087170212921387
15m,fz2_react0.25_body0.5_cl0.6_cs0.4,model_b,base,next_close,2.0,0.25,0.5,0.6,0.4,90,1.2,2.0,12,4.0,5.0,SOLUSDT,155,190.58526492969105,0.36129032258064514,-0.3329144099330234,-51.60173353961863,,,0.5555771868429723,1.1519253218295897,-1.1728237531522794
15m,fz2_react0.25_body0.5_cl0.6_cs0.4,model_b,base,next_close,2.0,0.25,0.5,0.6,0.4,90,1.2,2.0,12,4.0,5.0,XRPUSDT,133,161.37278106508876,0.39849624060150374,-0.20985049482965587,-27.91011581234423,,,0.6961738037819143,1.2066414217804737,-1.1482763895838668
15m,fz2_react0.25_body0.5_cl0.7_cs0.3,model_b,base,next_close,2.0,0.25,0.5,0.7,0.3,90,1.2,2.0,12,4.0,5.0,ADAUSDT,143,167.91078963230862,0.3006993006993007,-0.3878528920548519,-55.46296356384382,,,0.47157662602944,1.1510783013400323,-1.0495933052146522
15m,fz2_react0.25_body0.5_cl0.7_cs0.3,model_b,base,next_close,2.0,0.25,0.5,0.7,0.3,90,1.2,2.0,12,4.0,5.0,AVAXUSDT,141,155.27225903709055,0.3404255319148936,-0.2817370006440625,-39.72491709081281,,,0.6059302977607978,1.272539831605533,-1.0839443979341763
15m,fz2_react0.25_body0.5_cl0.7_cs0.3,model_b,base,next_close,2.0,0.25,0.5,0.7,0.3,90,1.2,2.0,12,4.0,5.0,BNBUSDT,221,251.48127474524566,0.3076923076923077,-0.4838616957705384,-106.93343476528898,,,0.44687504135413286,1.2704788741925563,-1.263568615754136
15m,fz2_react0.25_body0.5_cl0.7_cs0.3,model_b,base,next_close,2.0,0.25,0.5,0.7,0.3,90,1.2,2.0,12,4.0,5.0,BTCUSDT,208,238.92914004914005,0.22115384615384615,-0.9326968769382012,-194.00095040314585,,,0.19802909476564373,1.0413972231265416,-1.49324211522819
15m,fz2_react0.25_body0.5_cl0.7_cs0.3,model_b,base,next_close,2.0,0.25,0.5,0.7,0.3,90,1.2,2.0,12,4.0,5.0,ETHUSDT,139,155.5515271439058,0.2733812949640288,-0.5025557438814161,-69.85524839951684,,,0.39476810360894277,1.1990455795037012,-1.1427621823827472
15m,fz2_react0.25_body0.5_cl0.7_cs0.3,model_b,base,next_close,2.0,0.25,0.5,0.7,0.3,90,1.2,2.0,12,4.0,5.0,LINKUSDT,164,180.6570952844711,0.3353658536585366,-0.3222918718892338,-52.85586698983435,,,0.5885621249498681,1.3747336211534644,-1.1785891390208707
15m,fz2_react0.25_body0.5_cl0.7_cs0.3,model_b,base,next_close,2.0,0.25,0.5,0.7,0.3,90,1.2,2.0,12,4.0,5.0,LTCUSDT,126,141.9047986124494,0.2698412698412698,-0.45508960120917236,-57.34128975235571,,,0.43868239268632764,1.3180445154994174,-1.1103782965145208
15m,fz2_react0.25_body0.5_cl0.7_cs0.3,model_b,base,next_close,2.0,0.25,0.5,0.7,0.3,90,1.2,2.0,12,4.0,5.0,SOLUSDT,147,180.92625223770577,0.3401360544217687,-0.38365930706578266,-56.39791813867005,,,0.4945808221873652,1.1037700960773418,-1.1503754942529603
15m,fz2_react0.25_body0.5_cl0.7_cs0.3,model_b,base,next_close,2.0,0.25,0.5,0.7,0.3,90,1.2,2.0,12,4.0,5.0,XRPUSDT,128,155.3222591362126,0.359375,-0.2827008637287871,-36.18571055728475,,,0.6084504056151634,1.222412212010435,-1.1270325891434727
15m,fz2_react0_body0.25_cl0.6_cs0.4,model_b,base,next_close,2.0,0.0,0.25,0.6,0.4,90,1.2,2.0,12,4.0,5.0,ADAUSDT,189,221.88689858372118,0.32275132275132273,-0.33962707722995555,-64.1895175964616,,,0.5255062377999886,1.1654177942801582,-1.0568750238089941
15m,fz2_react0_body0.25_cl0.6_cs0.4,model_b,base,next_close,2.0,0.0,0.25,0.6,0.4,90,1.2,2.0,12,4.0,5.0,AVAXUSDT,177,194.9039977389065,0.3615819209039548,-0.3035389770503754,-53.72639893791645,,,0.5762485230828168,1.1415800196647186,-1.122013453066004
15m,fz2_react0_body0.25_cl0.6_cs0.4,model_b,base,next_close,2.0,0.0,0.25,0.6,0.4,90,1.2,2.0,12,4.0,5.0,BNBUSDT,261,296.998247549815,0.31417624521072796,-0.4870201419931708,-127.11225706021757,,,0.4423033441789607,1.2294072238157425,-1.2733164771682037
15m,fz2_react0_body0.25_cl0.6_cs0.4,model_b,base,next_close,2.0,0.0,0.25,0.6,0.4,90,1.2,2.0,12,4.0,5.0,BTCUSDT,246,282.57039900412764,0.24390243902439024,-0.8938910373959411,-219.89719519940152,,,0.2081702957806145,0.9635081870521357,-1.493052077540482
15m,fz2_react0_body0.25_cl0.6_cs0.4,model_b,base,next_close,2.0,0.0,0.25,0.6,0.4,90,1.2,2.0,12,4.0,5.0,ETHUSDT,171,191.36195065904957,0.29239766081871343,-0.4446951413092489,-76.04286916388156,,,0.4340700332050672,1.1665023122882348,-1.1104792130437464
15m,fz2_react0_body0.25_cl0.6_cs0.4,model_b,base,next_close,2.0,0.0,0.25,0.6,0.4,90,1.2,2.0,12,4.0,5.0,LINKUSDT,190,209.2649830380701,0.3473684210526316,-0.30582182310421074,-58.10614638980004,,,0.586419175588065,1.248319937366393,-1.1330263085159837
15m,fz2_react0_body0.25_cl0.6_cs0.4,model_b,base,next_close,2.0,0.0,0.25,0.6,0.4,90,1.2,2.0,12,4.0,5.0,LTCUSDT,161,181.316974466035,0.2857142857142857,-0.4871720225803367,-78.43469563543421,,,0.39299069679631893,1.103919249030797,-1.12360853122479
15m,fz2_react0_body0.25_cl0.6_cs0.4,model_b,base,next_close,2.0,0.0,0.25,0.6,0.4,90,1.2,2.0,12,4.0,5.0,SOLUSDT,173,212.76251271439094,0.3352601156069364,-0.34758429743734065,-60.132083456659934,,,0.5418380192161587,1.2261078846693219,-1.1412725284128749
15m,fz2_react0_body0.25_cl0.6_cs0.4,model_b,base,next_close,2.0,0.0,0.25,0.6,0.4,90,1.2,2.0,12,4.0,5.0,XRPUSDT,158,191.71264447366602,0.3670886075949367,-0.27571862523234025,-43.56354278670976,,,0.612884839975772,1.1891424900778838,-1.12533807211227
15m,fz2_react0_body0.25_cl0.7_cs0.3,model_b,base,next_close,2.0,0.0,0.25,0.7,0.3,90,1.2,2.0,12,4.0,5.0,ADAUSDT,175,205.45083202196406,0.3142857142857143,-0.3486889923297958,-61.02057365771426,,,0.5272742492097264,1.2374877210587414,-1.0756866526328752
15m,fz2_react0_body0.25_cl0.7_cs0.3,model_b,base,next_close,2.0,0.0,0.25,0.7,0.3,90,1.2,2.0,12,4.0,5.0,AVAXUSDT,167,183.8924724429231,0.32335329341317365,-0.3262721490683433,-54.48744889441333,,,0.5454794002918562,1.2109535876083526,-1.060875598453667
15m,fz2_react0_body0.25_cl0.7_cs0.3,model_b,base,next_close,2.0,0.0,0.25,0.7,0.3,90,1.2,2.0,12,4.0,5.0,BNBUSDT,247,281.10379746835446,0.31983805668016196,-0.475302083604767,-117.39961465037744,,,0.4473735618954961,1.2030349303912988,-1.2645200842338693
15m,fz2_react0_body0.25_cl0.7_cs0.3,model_b,base,next_close,2.0,0.0,0.25,0.7,0.3,90,1.2,2.0,12,4.0,5.0,BTCUSDT,231,265.34049662582714,0.23809523809523808,-0.8803102259001083,-203.35166218292503,,,0.20857925714263628,0.9744256887981193,-1.4599151992433044
15m,fz2_react0_body0.25_cl0.7_cs0.3,model_b,base,next_close,2.0,0.0,0.25,0.7,0.3,90,1.2,2.0,12,4.0,5.0,ETHUSDT,163,182.4093447802636,0.2822085889570552,-0.4705223974402833,-76.69515078276618,,,0.4161195586690874,1.1882402940543844,-1.1226855069168193
15m,fz2_react0_body0.25_cl0.7_cs0.3,model_b,base,next_close,2.0,0.0,0.25,0.7,0.3,90,1.2,2.0,12,4.0,5.0,LINKUSDT,180,198.2510365623822,0.35555555555555557,-0.30309492643336705,-54.557086758006065,,,0.5998824349112888,1.2780555368927518,-1.1754538027512256
15m,fz2_react0_body0.25_cl0.7_cs0.3,model_b,base,next_close,2.0,0.0,0.25,0.7,0.3,90,1.2,2.0,12,4.0,5.0,LTCUSDT,149,167.81344554010215,0.28187919463087246,-0.47169899267193416,-70.28314990811819,,,0.41120627047217595,1.1686877157800335,-1.115589102531585
15m,fz2_react0_body0.25_cl0.7_cs0.3,model_b,base,next_close,2.0,0.0,0.25,0.7,0.3,90,1.2,2.0,12,4.0,5.0,SOLUSDT,163,200.46410157483078,0.3312883435582822,-0.3740691905845801,-60.97327806528656,,,0.5104178250039318,1.177188524135627,-1.1425821868679855
15m,fz2_react0_body0.25_cl0.7_cs0.3,model_b,base,next_close,2.0,0.0,0.25,0.7,0.3,90,1.2,2.0,12,4.0,5.0,XRPUSDT,152,184.43241746833692,0.34868421052631576,-0.30717397450975364,-46.69044412548256,,,0.5812906510160358,1.2230179063347697,-1.126367607689145
15m,fz2_react0_body0.5_cl0.6_cs0.4,model_b,base,next_close,2.0,0.0,0.5,0.6,0.4,90,1.2,2.0,12,4.0,5.0,ADAUSDT,158,185.52380952380952,0.3227848101265823,-0.36101201718989356,-57.03989871600318,,,0.5022511569558048,1.1285459750179012,-1.070988256466506
15m,fz2_react0_body0.5_cl0.6_cs0.4,model_b,base,next_close,2.0,0.0,0.5,0.6,0.4,90,1.2,2.0,12,4.0,5.0,AVAXUSDT,147,161.87958920888164,0.3741496598639456,-0.22156679034303328,-32.57031818042589,,,0.6770522106924246,1.2415069531992804,-1.0962304413737642
15m,fz2_react0_body0.5_cl0.6_cs0.4,model_b,base,next_close,2.0,0.0,0.5,0.6,0.4,90,1.2,2.0,12,4.0,5.0,BNBUSDT,232,263.99844226650225,0.3146551724137931,-0.4632239324442828,-107.4679523270736,,,0.4631490926167964,1.2700570802637794,-1.2590070389077328
15m,fz2_react0_body0.5_cl0.6_cs0.4,model_b,base,next_close,2.0,0.0,0.5,0.6,0.4,90,1.2,2.0,12,4.0,5.0,BTCUSDT,222,255.01090909090908,0.21621621621621623,-0.9723726527699478,-215.86672891492842,,,0.18390733233211787,1.013454002295185,-1.5201869024430879
15m,fz2_react0_body0.5_cl0.6_cs0.4,model_b,base,next_close,2.0,0.0,0.5,0.6,0.4,90,1.2,2.0,12,4.0,5.0,ETHUSDT,149,166.74228449238822,0.30201342281879195,-0.4423168202277245,-65.90520621393095,,,0.4448675255697122,1.1736572344242775,-1.1415363631059947
15m,fz2_react0_body0.5_cl0.6_cs0.4,model_b,base,next_close,2.0,0.0,0.5,0.6,0.4,90,1.2,2.0,12,4.0,5.0,LINKUSDT,176,193.87590713455435,0.32386363636363635,-0.3769748570267751,-66.34757483671241,,,0.5233390483776427,1.277979130972728,-1.1696839101021672
15m,fz2_react0_body0.5_cl0.6_cs0.4,model_b,base,next_close,2.0,0.0,0.5,0.6,0.4,90,1.2,2.0,12,4.0,5.0,LTCUSDT,134,150.91462709577954,0.26865671641791045,-0.47384270235502435,-63.49492211557326,,,0.41514301521162805,1.2519429774796729,-1.107804788824913
15m,fz2_react0_body0.5_cl0.6_cs0.4,model_b,base,next_close,2.0,0.0,0.5,0.6,0.4,90,1.2,2.0,12,4.0,5.0,SOLUSDT,158,194.2671996633705,0.36075949367088606,-0.3386129139188936,-53.500840399185186,,,0.5484387117104014,1.139979776633202,-1.1730662145275021
15m,fz2_react0_body0.5_cl0.6_cs0.4,model_b,base,next_close,2.0,0.0,0.5,0.6,0.4,90,1.2,2.0,12,4.0,5.0,XRPUSDT,132,160.170536733917,0.4090909090909091,-0.18946040389967522,-25.00877331475713,,,0.7194060252047482,1.1873926597071174,-1.14266637101207
15m,fz2_react0_body0.5_cl0.7_cs0.3,model_b,base,next_close,2.0,0.0,0.5,0.7,0.3,90,1.2,2.0,12,4.0,5.0,ADAUSDT,145,170.25919228450874,0.296551724137931,-0.3966269848480324,-57.5109128029647,,,0.46473358872936094,1.1612236594647565,-1.0533679427446
15m,fz2_react0_body0.5_cl0.7_cs0.3,model_b,base,next_close,2.0,0.0,0.5,0.7,0.3,90,1.2,2.0,12,4.0,5.0,AVAXUSDT,141,155.27225903709055,0.3404255319148936,-0.27332265035385467,-38.53849369989351,,,0.6131465891830015,1.272539831605533,-1.0711871571716032
15m,fz2_react0_body0.5_cl0.7_cs0.3,model_b,base,next_close,2.0,0.0,0.5,0.7,0.3,90,1.2,2.0,12,4.0,5.0,BNBUSDT,223,253.75712338547413,0.30493273542600896,-0.48405317834257744,-107.94385877039477,,,0.44610154222429793,1.27847604543448,-1.257291805547996
15m,fz2_react0_body0.5_cl0.7_cs0.3,model_b,base,next_close,2.0,0.0,0.5,0.7,0.3,90,1.2,2.0,12,4.0,5.0,BTCUSDT,208,238.92914004914005,0.22115384615384615,-0.9326549902055462,-193.99223796275362,,,0.19803622722357983,1.0413972231265416,-1.4931883347319415
15m,fz2_react0_body0.5_cl0.7_cs0.3,model_b,base,next_close,2.0,0.0,0.5,0.7,0.3,90,1.2,2.0,12,4.0,5.0,ETHUSDT,139,155.5515271439058,0.2733812949640288,-0.5024072601471691,-69.8346091604565,,,0.3948387087249293,1.1990455795037012,-1.1425578334811597
15m,fz2_react0_body0.5_cl0.7_cs0.3,model_b,base,next_close,2.0,0.0,0.5,0.7,0.3,90,1.2,2.0,12,4.0,5.0,LINKUSDT,164,180.6570952844711,0.34146341463414637,-0.32109105744022065,-52.658933420196185,,,0.5898420983910543,1.3522865072974262,-1.1887683132301117
15m,fz2_react0_body0.5_cl0.7_cs0.3,model_b,base,next_close,2.0,0.0,0.5,0.7,0.3,90,1.2,2.0,12,4.0,5.0,LTCUSDT,126,141.9047986124494,0.2698412698412698,-0.45508960120917236,-57.34128975235571,,,0.43868239268632764,1.3180445154994174,-1.1103782965145208
15m,fz2_react0_body0.5_cl0.7_cs0.3,model_b,base,next_close,2.0,0.0,0.5,0.7,0.3,90,1.2,2.0,12,4.0,5.0,SOLUSDT,149,183.38783390080383,0.33557046979865773,-0.3891927742671938,-57.98972336581188,,,0.48762474635251785,1.1037700960773418,-1.143214425956353
15m,fz2_react0_body0.5_cl0.7_cs0.3,model_b,base,next_close,2.0,0.0,0.5,0.7,0.3,90,1.2,2.0,12,4.0,5.0,XRPUSDT,128,155.3168841056165,0.3671875,-0.2679181566923808,-34.29352405662474,,,0.6218669812609192,1.199961064304239,-1.1196505441842468
15m,fz1.5_react0.25_body0.25_cl0.6_cs0.4,model_b,base,next_open,1.5,0.25,0.25,0.6,0.4,90,1.2,2.0,12,4.0,5.0,ADAUSDT,325,363.0738840921401,0.3230769230769231,-0.3506849704944156,-113.97261541068507,,,0.5412456991278708,1.2806354656328653,-1.1292697241006178
15m,fz1.5_react0.25_body0.25_cl0.6_cs0.4,model_b,base,next_open,1.5,0.25,0.25,0.6,0.4,90,1.2,2.0,12,4.0,5.0,AVAXUSDT,387,426.17279608052513,0.3049095607235142,-0.38030031450538576,-147.17622171358428,,,0.5209450836516348,1.3563203708467684,-1.1420893140278918
15m,fz1.5_react0.25_body0.25_cl0.6_cs0.4,model_b,base,next_open,1.5,0.25,0.25,0.6,0.4,90,1.2,2.0,12,4.0,5.0,BNBUSDT,394,435.56390692981904,0.33756345177664976,-0.45860954999721143,-180.6921626989013,,,0.48358416245502883,1.2722140611627477,-1.3406001257990297
15m,fz1.5_react0.25_body0.25_cl0.6_cs0.4,model_b,base,next_open,1.5,0.25,0.25,0.6,0.4,90,1.2,2.0,12,4.0,5.0,BTCUSDT,659,731.6796808207466,0.24279210925644917,-0.8267686397028315,-544.840533564166,,,0.246854395483554,1.1161211701742586,-1.4497393202245439
15m,fz1.5_react0.25_body0.25_cl0.6_cs0.4,model_b,base,next_open,1.5,0.25,0.25,0.6,0.4,90,1.2,2.0,12,4.0,5.0,ETHUSDT,476,523.7374168444835,0.296218487394958,-0.4406921162082706,-209.7694473151368,,,0.45386548962248174,1.2363762742130606,-1.146562692475159
15m,fz1.5_react0.25_body0.25_cl0.6_cs0.4,model_b,base,next_open,1.5,0.25,0.25,0.6,0.4,90,1.2,2.0,12,4.0,5.0,LINKUSDT,349,384.3505135211533,0.3638968481375358,-0.24613390417867936,-85.9007325583591,,,0.6632420530204822,1.332132268070372,-1.149015903618452
15m,fz1.5_react0.25_body0.25_cl0.6_cs0.4,model_b,base,next_open,1.5,0.25,0.25,0.6,0.4,90,1.2,2.0,12,4.0,5.0,LTCUSDT,399,439.33226566179934,0.3508771929824561,-0.344939279934925,-137.63077269403507,,,0.5618716432299704,1.2607334164859565,-1.2128704671894557
15m,fz1.5_react0.25_body0.25_cl0.6_cs0.4,model_b,base,next_open,1.5,0.25,0.25,0.6,0.4,90,1.2,2.0,12,4.0,5.0,SOLUSDT,379,451.92328096306875,0.33773087071240104,-0.3600598663447485,-136.46268934465968,,,0.5423199258287521,1.2632738685183829,-1.187895396474154
15m,fz1.5_react0.25_body0.25_cl0.6_cs0.4,model_b,base,next_open,1.5,0.25,0.25,0.6,0.4,90,1.2,2.0,12,4.0,5.0,XRPUSDT,396,458.65574420294644,0.3383838383838384,-0.3341197488909739,-132.31142056082567,,,0.56603400209183,1.2878917205134606,-1.163698134006219
15m,fz1.5_react0.25_body0.25_cl0.7_cs0.3,model_b,base,next_open,1.5,0.25,0.25,0.7,0.3,90,1.2,2.0,12,4.0,5.0,ADAUSDT,296,330.6765221269953,0.3277027027027027,-0.3164494526506749,-93.66903798459978,,,0.5791558188208369,1.3289187314311475,-1.118463090117694
15m,fz1.5_react0.25_body0.25_cl0.7_cs0.3,model_b,base,next_open,1.5,0.25,0.25,0.7,0.3,90,1.2,2.0,12,4.0,5.0,AVAXUSDT,368,405.2495838698533,0.29891304347826086,-0.40163363050946116,-147.80117602748172,,,0.501320744908997,1.3507643149940742,-1.1487800413830616
15m,fz1.5_react0.25_body0.25_cl0.7_cs0.3,model_b,base,next_open,1.5,0.25,0.25,0.7,0.3,90,1.2,2.0,12,4.0,5.0,BNBUSDT,368,406.8211110410493,0.328804347826087,-0.45597005317771655,-167.7969795693997,,,0.484567438788188,1.3037104476167545,-1.3179997721903927
15m,fz1.5_react0.25_body0.25_cl0.7_cs0.3,model_b,base,next_open,1.5,0.25,0.25,0.7,0.3,90,1.2,2.0,12,4.0,5.0,BTCUSDT,619,687.268167569108,0.2407108239095315,-0.828568997240443,-512.8842092918342,,,0.2458559234159229,1.122171957650748,-1.4469953850676502
15m,fz1.5_react0.25_body0.25_cl0.7_cs0.3,model_b,base,next_open,1.5,0.25,0.25,0.7,0.3,90,1.2,2.0,12,4.0,5.0,ETHUSDT,441,485.2273126647421,0.2925170068027211,-0.43161331284383275,-190.34147096413025,,,0.4626283947595429,1.2702853262318128,-1.1352829424616477
15m,fz1.5_react0.25_body0.25_cl0.7_cs0.3,model_b,base,next_open,1.5,0.25,0.25,0.7,0.3,90,1.2,2.0,12,4.0,5.0,LINKUSDT,331,364.5272778667672,0.3564954682779456,-0.2578498088399375,-85.34828672601932,,,0.6535505276584903,1.3644325318829096,-1.15657899290236
15m,fz1.5_react0.25_body0.25_cl0.7_cs0.3,model_b,base,next_open,1.5,0.25,0.25,0.7,0.3,90,1.2,2.0,12,4.0,5.0,LTCUSDT,382,420.6006405828048,0.34554973821989526,-0.35307406721866547,-134.8742936775302,,,0.5544974296564672,1.2717582845623232,-1.2109855489590275
15m,fz1.5_react0.25_body0.25_cl0.7_cs0.3,model_b,base,next_open,1.5,0.25,0.25,0.7,0.3,90,1.2,2.0,12,4.0,5.0,SOLUSDT,361,430.45990614160377,0.3379501385041551,-0.35545668453881885,-128.3198631185136,,,0.5476940844136274,1.2736199093400506,-1.18703553162343
15m,fz1.5_react0.25_body0.25_cl0.7_cs0.3,model_b,base,next_open,1.5,0.25,0.25,0.7,0.3,90,1.2,2.0,12,4.0,5.0,XRPUSDT,366,423.90909691484444,0.34153005464480873,-0.3371465063265803,-123.39562131552837,,,0.5604481078104606,1.2586790084582389,-1.1648568355718185
15m,fz1.5_react0.25_body0.5_cl0.6_cs0.4,model_b,base,next_open,1.5,0.25,0.5,0.6,0.4,90,1.2,2.0,12,4.0,5.0,ADAUSDT,276,308.33351387517126,0.34782608695652173,-0.29264628526126735,-80.77037473210979,,,0.6034910023277138,1.2805561236635372,-1.131687570021163
15m,fz1.5_react0.25_body0.5_cl0.6_cs0.4,model_b,base,next_open,1.5,0.25,0.5,0.6,0.4,90,1.2,2.0,12,4.0,5.0,AVAXUSDT,335,368.9092679250024,0.31044776119402984,-0.35873408840633075,-120.17591961612081,,,0.5406163691882584,1.359871244380662,-1.1324784806567518
15m,fz1.5_react0.25_body0.5_cl0.6_cs0.4,model_b,base,next_open,1.5,0.25,0.5,0.6,0.4,90,1.2,2.0,12,4.0,5.0,BNBUSDT,355,392.57348303267315,0.323943661971831,-0.48699827323186506,-172.8843869973121,,,0.46101804933421353,1.285883551313535,-1.3365041474932025
15m,fz1.5_react0.25_body0.5_cl0.6_cs0.4,model_b,base,next_open,1.5,0.25,0.5,0.6,0.4,90,1.2,2.0,12,4.0,5.0,BTCUSDT,593,658.4006839555428,0.2327150084317032,-0.8568098396553848,-508.0882349156432,,,0.23250099251840048,1.1153393916829644,-1.4549561999294336
15m,fz1.5_react0.25_body0.5_cl0.6_cs0.4,model_b,base,next_open,1.5,0.25,0.5,0.6,0.4,90,1.2,2.0,12,4.0,5.0,ETHUSDT,419,461.0209614660475,0.30071599045346065,-0.4257288543042447,-178.38038995347853,,,0.46578945898737684,1.2343938993245653,-1.139638297844279
15m,fz1.5_react0.25_body0.5_cl0.6_cs0.4,model_b,base,next_open,1.5,0.25,0.5,0.6,0.4,90,1.2,2.0,12,4.0,5.0,LINKUSDT,322,354.67135766790227,0.32919254658385094,-0.3391465516792146,-109.2051896407071,,,0.5633665674262663,1.3292647757176226,-1.157903962346181
15m,fz1.5_react0.25_body0.5_cl0.6_cs0.4,model_b,base,next_open,1.5,0.25,0.5,0.6,0.4,90,1.2,2.0,12,4.0,5.0,LTCUSDT,355,390.8968722522296,0.3323943661971831,-0.3789792802551531,-134.53764449057934,,,0.5301784445515458,1.286621903868451,-1.208265945768171
15m,fz1.5_react0.25_body0.5_cl0.6_cs0.4,model_b,base,next_open,1.5,0.25,0.5,0.6,0.4,90,1.2,2.0,12,4.0,5.0,SOLUSDT,345,411.38135074474593,0.3217391304347826,-0.41573973764616257,-143.43020948792608,,,0.49058588121099034,1.2444049261355905,-1.2032442576451992
15m,fz1.5_react0.25_body0.5_cl0.6_cs0.4,model_b,base,next_open,1.5,0.25,0.5,0.6,0.4,90,1.2,2.0,12,4.0,5.0,XRPUSDT,351,406.62979482604817,0.33618233618233617,-0.31714476790596796,-111.31781353499476,,,0.5823928242512217,1.3156207754469484,-1.1440389057413507
15m,fz1.5_react0.25_body0.5_cl0.7_cs0.3,model_b,base,next_open,1.5,0.25,0.5,0.7,0.3,90,1.2,2.0,12,4.0,5.0,ADAUSDT,259,289.3419568611209,0.33976833976833976,-0.29003847997627497,-75.11996631385522,,,0.6074322331755445,1.320857324468159,-1.1190374904506037
15m,fz1.5_react0.25_body0.5_cl0.7_cs0.3,model_b,base,next_open,1.5,0.25,0.5,0.7,0.3,90,1.2,2.0,12,4.0,5.0,AVAXUSDT,316,347.9860557143306,0.3069620253164557,-0.36974175953955546,-116.83839601449952,,,0.5279048842934773,1.3469144896668865,-1.130087221516838
15m,fz1.5_react0.25_body0.5_cl0.7_cs0.3,model_b,base,next_open,1.5,0.25,0.5,0.7,0.3,90,1.2,2.0,12,4.0,5.0,BNBUSDT,332,367.139144695345,0.32228915662650603,-0.47526521313003967,-157.78805075917316,,,0.4707278588872583,1.3115389724678,-1.3249898702810123
15m,fz1.5_react0.25_body0.5_cl0.7_cs0.3,model_b,base,next_open,1.5,0.25,0.5,0.7,0.3,90,1.2,2.0,12,4.0,5.0,BTCUSDT,556,617.3200341977771,0.2302158273381295,-0.8594707278280408,-477.8657246723907,,,0.2265108678760494,1.093278329733683,-1.4434704459773413
15m,fz1.5_react0.25_body0.5_cl0.7_cs0.3,model_b,base,next_open,1.5,0.25,0.5,0.7,0.3,90,1.2,2.0,12,4.0,5.0,ETHUSDT,393,432.53561003170216,0.30279898218829515,-0.412676734726449,-162.18195674749447,,,0.4803161035191024,1.259631354567393,-1.1389711238723148
15m,fz1.5_react0.25_body0.5_cl0.7_cs0.3,model_b,base,next_open,1.5,0.25,0.5,0.7,0.3,90,1.2,2.0,12,4.0,5.0,LINKUSDT,308,339.25086385625434,0.3344155844155844,-0.33341097902976446,-102.69058154116745,,,0.5723056148508398,1.3340983485139772,-1.1712327387224737
15m,fz1.5_react0.25_body0.5_cl0.7_cs0.3,model_b,base,next_open,1.5,0.25,0.5,0.7,0.3,90,1.2,2.0,12,4.0,5.0,LTCUSDT,342,376.66513804692653,0.32748538011695905,-0.37492627982081134,-128.22478769871748,,,0.5362948840772772,1.3240845947252133,-1.2022707056867017
15m,fz1.5_react0.25_body0.5_cl0.7_cs0.3,model_b,base,next_open,1.5,0.25,0.5,0.7,0.3,90,1.2,2.0,12,4.0,5.0,SOLUSDT,332,395.880024484799,0.3313253012048193,-0.39578726577877493,-131.40137223855328,,,0.5067659786139789,1.227330824470197,-1.2000349681543916
15m,fz1.5_react0.25_body0.5_cl0.7_cs0.3,model_b,base,next_open,1.5,0.25,0.5,0.7,0.3,90,1.2,2.0,12,4.0,5.0,XRPUSDT,327,378.9387269482451,0.3425076452599388,-0.3185044382356417,-104.15095130305482,,,0.581033734802473,1.2896370791826368,-1.156233972890745
15m,fz1.5_react0_body0.25_cl0.6_cs0.4,model_b,base,next_open,1.5,0.0,0.25,0.6,0.4,90,1.2,2.0,12,4.0,5.0,ADAUSDT,332,370.89393698027845,0.34036144578313254,-0.2963181602663872,-98.37762920844054,,,0.5974868246502099,1.2923083226507708,-1.1160204094428203
15m,fz1.5_react0_body0.25_cl0.6_cs0.4,model_b,base,next_open,1.5,0.0,0.25,0.6,0.4,90,1.2,2.0,12,4.0,5.0,AVAXUSDT,408,449.2702320761235,0.3088235294117647,-0.38992504021747393,-159.08941640872936,,,0.512955508137887,1.3297861491784662,-1.1583066354794898
15m,fz1.5_react0_body0.25_cl0.6_cs0.4,model_b,base,next_open,1.5,0.0,0.25,0.6,0.4,90,1.2,2.0,12,4.0,5.0,BNBUSDT,401,443.30235197679553,0.341645885286783,-0.4525982372867829,-181.49189315199993,,,0.4869828759093954,1.2575303981811348,-1.3400513549349067
15m,fz1.5_react0_body0.25_cl0.6_cs0.4,model_b,base,next_open,1.5,0.0,0.25,0.6,0.4,90,1.2,2.0,12,4.0,5.0,BTCUSDT,673,747.2237104588202,0.24219910846953938,-0.8242446487739624,-554.7166486248767,,,0.24863133651333666,1.1261244352903934,-1.4475979050533545
15m,fz1.5_react0_body0.25_cl0.6_cs0.4,model_b,base,next_open,1.5,0.0,0.25,0.6,0.4,90,1.2,2.0,12,4.0,5.0,ETHUSDT,488,536.9408811346806,0.305327868852459,-0.41991192206965444,-204.91701796999138,,,0.47333331522810157,1.2360128467593143,-1.147737262941384
15m,fz1.5_react0_body0.25_cl0.6_cs0.4,model_b,base,next_open,1.5,0.0,0.25,0.6,0.4,90,1.2,2.0,12,4.0,5.0,LINKUSDT,362,398.66729482709883,0.36187845303867405,-0.26327747180200306,-95.30644479232511,,,0.6424800446940173,1.3074055658350199,-1.154011142496592
15m,fz1.5_react0_body0.25_cl0.6_cs0.4,model_b,base,next_open,1.5,0.0,0.25,0.6,0.4,90,1.2,2.0,12,4.0,5.0,LTCUSDT,416,458.0506829957607,0.34615384615384615,-0.34898411918718275,-145.17739358186802,,,0.5544387752218636,1.2545347899830288,-1.1979058946302361
15m,fz1.5_react0_body0.25_cl0.6_cs0.4,model_b,base,next_open,1.5,0.0,0.25,0.6,0.4,90,1.2,2.0,12,4.0,5.0,SOLUSDT,392,467.4246072230157,0.336734693877551,-0.3552527838213972,-139.2590912579877,,,0.5461343047603171,1.2694679015250125,-1.1801109779203436
15m,fz1.5_react0_body0.25_cl0.6_cs0.4,model_b,base,next_open,1.5,0.0,0.25,0.6,0.4,90,1.2,2.0,12,4.0,5.0,XRPUSDT,403,466.7632952368369,0.3399503722084367,-0.3335702650274358,-134.42881680605663,,,0.5649881897303605,1.2744128172844134,-1.1617420029098544
15m,fz1.5_react0_body0.25_cl0.7_cs0.3,model_b,base,next_open,1.5,0.0,0.25,0.7,0.3,90,1.2,2.0,12,4.0,5.0,ADAUSDT,306,341.8480262529073,0.33986928104575165,-0.2836145752837348,-86.78606003682285,,,0.6146786598961604,1.3311950893807127,-1.115001729368401
15m,fz1.5_react0_body0.25_cl0.7_cs0.3,model_b,base,next_open,1.5,0.0,0.25,0.7,0.3,90,1.2,2.0,12,4.0,5.0,AVAXUSDT,384,422.84257136576326,0.296875,-0.4170047897510518,-160.1298392644039,,,0.4863392016637386,1.3299345589478746,-1.154601403646154
15m,fz1.5_react0_body0.25_cl0.7_cs0.3,model_b,base,next_open,1.5,0.0,0.25,0.7,0.3,90,1.2,2.0,12,4.0,5.0,BNBUSDT,375,414.5595560880258,0.3333333333333333,-0.4471353383632202,-167.6757518862076,,,0.4897157665880777,1.287336805594009,-1.314371410341835
15m,fz1.5_react0_body0.25_cl0.7_cs0.3,model_b,base,next_open,1.5,0.0,0.25,0.7,0.3,90,1.2,2.0,12,4.0,5.0,BTCUSDT,638,708.3636363636364,0.23667711598746083,-0.8244348651006429,-525.9894439342102,,,0.24857088277480624,1.152291388333405,-1.4373417732495983
15m,fz1.5_react0_body0.25_cl0.7_cs0.3,model_b,base,next_open,1.5,0.0,0.25,0.7,0.3,90,1.2,2.0,12,4.0,5.0,ETHUSDT,450,495.1299108823899,0.29333333333333333,-0.41688852193878967,-187.59983487245535,,,0.47383017904163716,1.279838892846369,-1.1211904676986668
15m,fz1.5_react0_body0.25_cl0.7_cs0.3,model_b,base,next_open,1.5,0.0,0.25,0.7,0.3,90,1.2,2.0,12,4.0,5.0,LINKUSDT,342,376.6414774333365,0.3567251461988304,-0.26695479768508756,-91.29854080829995,,,0.6407744503162748,1.3348792261625908,-1.1552445745460729
15m,fz1.5_react0_body0.25_cl0.7_cs0.3,model_b,base,next_open,1.5,0.0,0.25,0.7,0.3,90,1.2,2.0,12,4.0,5.0,LTCUSDT,398,438.21742134019973,0.3492462311557789,-0.3417784805643233,-136.02783526460067,,,0.5626535818983647,1.2590080313546783,-1.2008878441038646
15m,fz1.5_react0_body0.25_cl0.7_cs0.3,model_b,base,next_open,1.5,0.0,0.25,0.7,0.3,90,1.2,2.0,12,4.0,5.0,SOLUSDT,371,442.38400326463983,0.3423180592991914,-0.3370741325076148,-125.0545031603251,,,0.5636732096264507,1.272070346582506,-1.1746206441651779
15m,fz1.5_react0_body0.25_cl0.7_cs0.3,model_b,base,next_open,1.5,0.0,0.25,0.7,0.3,90,1.2,2.0,12,4.0,5.0,XRPUSDT,375,434.33309110127504,0.33866666666666667,-0.35254009959577803,-132.20253734841677,,,0.541471572206501,1.2292648519434364,-1.162577312682392
15m,fz1.5_react0_body0.5_cl0.6_cs0.4,model_b,base,next_open,1.5,0.0,0.5,0.6,0.4,90,1.2,2.0,12,4.0,5.0,ADAUSDT,278,310.56781470035367,0.34532374100719426,-0.3082517606665776,-85.69398946530858,,,0.58344000113029,1.2502526008198327,-1.130319995296772
15m,fz1.5_react0_body0.5_cl0.6_cs0.4,model_b,base,next_open,1.5,0.0,0.5,0.6,0.4,90,1.2,2.0,12,4.0,5.0,AVAXUSDT,338,372.21293301089787,0.3165680473372781,-0.3494809828341195,-118.1245721979324,,,0.548273606154261,1.3399183780339632,-1.1320166175219328
15m,fz1.5_react0_body0.5_cl0.6_cs0.4,model_b,base,next_open,1.5,0.0,0.5,0.6,0.4,90,1.2,2.0,12,4.0,5.0,BNBUSDT,358,395.75371228601153,0.32122905027932963,-0.4811485436778749,-172.2511786366792,,,0.46622774178288234,1.3082973903752584,-1.3280056729622796
15m,fz1.5_react0_body0.5_cl0.6_cs0.4,model_b,base,next_open,1.5,0.0,0.5,0.6,0.4,90,1.2,2.0,12,4.0,5.0,BTCUSDT,593,658.4006839555428,0.22934232715008432,-0.8615990223720267,-510.92822026661185,,,0.22982599426988568,1.1210662379509209,-1.4516263208488778
15m,fz1.5_react0_body0.5_cl0.6_cs0.4,model_b,base,next_open,1.5,0.0,0.5,0.6,0.4,90,1.2,2.0,12,4.0,5.0,ETHUSDT,420,462.1212501568972,0.3,-0.4277398381454832,-179.65073202110295,,,0.46402412620598293,1.2343938993245653,-1.1400828684897897
15m,fz1.5_react0_body0.5_cl0.6_cs0.4,model_b,base,next_open,1.5,0.0,0.5,0.6,0.4,90,1.2,2.0,12,4.0,5.0,LINKUSDT,324,356.8742853552805,0.3333333333333333,-0.3365180179424909,-109.03183781336706,,,0.5657294602531784,1.3151582198073906,-1.1623561368174318
15m,fz1.5_react0_body0.5_cl0.6_cs0.4,model_b,base,next_open,1.5,0.0,0.5,0.6,0.4,90,1.2,2.0,12,4.0,5.0,LTCUSDT,356,391.9979902022359,0.33146067415730335,-0.3771932825583911,-134.28080859078722,,,0.5327927506598882,1.2977190342816722,-1.2076119942690107
15m,fz1.5_react0_body0.5_cl0.6_cs0.4,model_b,base,next_open,1.5,0.0,0.5,0.6,0.4,90,1.2,2.0,12,4.0,5.0,SOLUSDT,347,413.7661701693532,0.3227665706051873,-0.4153567832428535,-144.12880378527018,,,0.4902297248397057,1.2375361452013063,-1.2031185193524105
15m,fz1.5_react0_body0.5_cl0.6_cs0.4,model_b,base,next_open,1.5,0.0,0.5,0.6,0.4,90,1.2,2.0,12,4.0,5.0,XRPUSDT,351,406.62979482604817,0.33618233618233617,-0.3161755142266207,-110.97760549354386,,,0.5832355318224939,1.3161537678270319,-1.1428487128632343
15m,fz1.5_react0_body0.5_cl0.7_cs0.3,model_b,base,next_open,1.5,0.0,0.5,0.7,0.3,90,1.2,2.0,12,4.0,5.0,ADAUSDT,261,291.5762576863033,0.3371647509578544,-0.3015346779430903,-78.70055094314657,,,0.593768666456625,1.3071907255212283,-1.1198458658324546
15m,fz1.5_react0_body0.5_cl0.7_cs0.3,model_b,base,next_open,1.5,0.0,0.5,0.7,0.3,90,1.2,2.0,12,4.0,5.0,AVAXUSDT,317,349.0872774096291,0.31230283911671924,-0.36374079316180896,-115.30583143229345,,,0.5316537124321553,1.3221412216248971,-1.129347763179625
15m,fz1.5_react0_body0.5_cl0.7_cs0.3,model_b,base,next_open,1.5,0.0,0.5,0.7,0.3,90,1.2,2.0,12,4.0,5.0,BNBUSDT,334,369.2227371606923,0.3203592814371258,-0.46257384186343437,-154.49966318238708,,,0.4805196082053358,1.3356286125808672,-1.3101846904340964
15m,fz1.5_react0_body0.5_cl0.7_cs0.3,model_b,base,next_open,1.5,0.0,0.5,0.7,0.3,90,1.2,2.0,12,4.0,5.0,BTCUSDT,557,618.4303220290681,0.22800718132854578,-0.8621852959528835,-480.2372098457561,,,0.22593036559519372,1.1036888628843013,-1.4428039428652615
15m,fz1.5_react0_body0.5_cl0.7_cs0.3,model_b,base,next_open,1.5,0.0,0.5,0.7,0.3,90,1.2,2.0,12,4.0,5.0,ETHUSDT,394,433.63620954832226,0.3020304568527919,-0.4148020196092504,-163.43199572604465,,,0.4783998572589052,1.259631354567393,-1.1393750069802342
15m,fz1.5_react0_body0.5_cl0.7_cs0.3,model_b,base,next_open,1.5,0.0,0.5,0.7,0.3,90,1.2,2.0,12,4.0,5.0,LINKUSDT,309,340.35232769994343,0.3333333333333333,-0.3350326791060116,-103.52509784375758,,,0.5711880564609756,1.3388153085250596,-1.1719566729215471
15m,fz1.5_react0_body0.5_cl0.7_cs0.3,model_b,base,next_open,1.5,0.0,0.5,0.7,0.3,90,1.2,2.0,12,4.0,5.0,LTCUSDT,342,376.66513804692653,0.3304093567251462,-0.36878336062434064,-126.1239093335245,,,0.5433264397205325,1.3279262359570125,-1.2060243405967987
15m,fz1.5_react0_body0.5_cl0.7_cs0.3,model_b,base,next_open,1.5,0.0,0.5,0.7,0.3,90,1.2,2.0,12,4.0,5.0,SOLUSDT,334,398.26484390940624,0.3323353293413174,-0.3964589670656184,-132.41729499991655,,,0.505132770975124,1.2176951683711552,-1.199916855108138
15m,fz1.5_react0_body0.5_cl0.7_cs0.3,model_b,base,next_open,1.5,0.0,0.5,0.7,0.3,90,1.2,2.0,12,4.0,5.0,XRPUSDT,329,381.25639500297444,0.3404255319148936,-0.32004533482644243,-105.29491515789957,,,0.5790757993906271,1.2933643795553489,-1.1527729293460767
15m,fz2.5_react0.25_body0.25_cl0.6_cs0.4,model_b,base,next_open,2.5,0.25,0.25,0.6,0.4,90,1.2,2.0,12,4.0,5.0,ADAUSDT,123,144.40258479258046,0.34959349593495936,-0.28394759762039745,-34.92555450730889,,,0.6163259189831375,1.3047365388305914,-1.137865320962804
15m,fz2.5_react0.25_body0.25_cl0.6_cs0.4,model_b,base,next_open,2.5,0.25,0.25,0.6,0.4,90,1.2,2.0,12,4.0,5.0,AVAXUSDT,108,128.91176470588235,0.3333333333333333,-0.2206612030492773,-23.83140992932195,,,0.6999230121120678,1.544062291962914,-1.103022950555373
15m,fz2.5_react0.25_body0.25_cl0.6_cs0.4,model_b,base,next_open,2.5,0.25,0.25,0.6,0.4,90,1.2,2.0,12,4.0,5.0,BNBUSDT,194,224.71725413762346,0.3247422680412371,-0.45530047518630523,-88.32829218614322,,,0.4757656625450502,1.2724095341410542,-1.2861839147864857
15m,fz2.5_react0.25_body0.25_cl0.6_cs0.4,model_b,base,next_open,2.5,0.25,0.25,0.6,0.4,90,1.2,2.0,12,4.0,5.0,BTCUSDT,82,94.20247690190682,0.35365853658536583,-0.5756187103468642,-47.20073424844286,,,0.39669372065523306,1.070208108318549,-1.4761654601826564
15m,fz2.5_react0.25_body0.25_cl0.6_cs0.4,model_b,base,next_open,2.5,0.25,0.25,0.6,0.4,90,1.2,2.0,12,4.0,5.0,ETHUSDT,88,103.20875004181022,0.22727272727272727,-0.5886945996422606,-51.80512476851893,,,0.31798667968692007,1.2076992578638959,-1.117045734202895
15m,fz2.5_react0.25_body0.25_cl0.6_cs0.4,model_b,base,next_open,2.5,0.25,0.25,0.6,0.4,90,1.2,2.0,12,4.0,5.0,LINKUSDT,114,125.54715914444549,0.39473684210526316,-0.18740517539174534,-21.364189994658968,,,0.7378478894214505,1.3362490164769951,-1.1810926918278803
15m,fz2.5_react0.25_body0.25_cl0.6_cs0.4,model_b,base,next_open,2.5,0.25,0.25,0.6,0.4,90,1.2,2.0,12,4.0,5.0,LTCUSDT,72,112.91238427478868,0.3333333333333333,-0.39532052464884243,-28.463077774716655,,,0.4751225028292494,1.0735400818478646,-1.129750827897196
15m,fz2.5_react0.25_body0.25_cl0.6_cs0.4,model_b,base,next_open,2.5,0.25,0.25,0.6,0.4,90,1.2,2.0,12,4.0,5.0,SOLUSDT,110,150.2957565366481,0.32727272727272727,-0.36434878625216677,-40.07836648773834,,,0.5379660825445821,1.2962493420479175,-1.1722073351549107
15m,fz2.5_react0.25_body0.25_cl0.6_cs0.4,model_b,base,next_open,2.5,0.25,0.25,0.6,0.4,90,1.2,2.0,12,4.0,5.0,XRPUSDT,68,82.50067471713781,0.36764705882352944,-0.22575198988808728,-15.351135312389935,,,0.6877900339110459,1.3527252841215796,-1.1434713352425447
15m,fz2.5_react0.25_body0.25_cl0.7_cs0.3,model_b,base,next_open,2.5,0.25,0.25,0.7,0.3,90,1.2,2.0,12,4.0,5.0,ADAUSDT,113,132.66253724846823,0.336283185840708,-0.2628702034541243,-29.704332990316047,,,0.6437626080772283,1.4126105757018008,-1.1117804648931264
15m,fz2.5_react0.25_body0.25_cl0.7_cs0.3,model_b,base,next_open,2.5,0.25,0.25,0.7,0.3,90,1.2,2.0,12,4.0,5.0,AVAXUSDT,103,122.9436274509804,0.3300970873786408,-0.24842408120324466,-25.5876803639342,,,0.6707316293013869,1.5330304170791869,-1.1262422397771965
15m,fz2.5_react0.25_body0.25_cl0.7_cs0.3,model_b,base,next_open,2.5,0.25,0.25,0.7,0.3,90,1.2,2.0,12,4.0,5.0,BNBUSDT,187,216.60889960688448,0.2887700534759358,-0.5339419837524145,-99.84715096170152,,,0.4127674812746976,1.299682572592021,-1.2784211269298544
15m,fz2.5_react0.25_body0.25_cl0.7_cs0.3,model_b,base,next_open,2.5,0.25,0.25,0.7,0.3,90,1.2,2.0,12,4.0,5.0,BTCUSDT,77,88.45842343227837,0.36363636363636365,-0.5060081087531066,-38.96262437398921,,,0.4552473396190555,1.1628889049016995,-1.4596635451272815
15m,fz2.5_react0.25_body0.25_cl0.7_cs0.3,model_b,base,next_open,2.5,0.25,0.25,0.7,0.3,90,1.2,2.0,12,4.0,5.0,ETHUSDT,82,96.17178981168679,0.2073170731707317,-0.6105421358583919,-50.064455140388134,,,0.30353788023126815,1.2835002842900263,-1.1059070765125936
15m,fz2.5_react0.25_body0.25_cl0.7_cs0.3,model_b,base,next_open,2.5,0.25,0.25,0.7,0.3,90,1.2,2.0,12,4.0,5.0,LINKUSDT,107,117.83812305662866,0.3644859813084112,-0.24790893316427978,-26.526255848577936,,,0.6678022474812978,1.3672959692845623,-1.1742764507452335
15m,fz2.5_react0.25_body0.25_cl0.7_cs0.3,model_b,base,next_open,2.5,0.25,0.25,0.7,0.3,90,1.2,2.0,12,4.0,5.0,LTCUSDT,68,106.63947403730042,0.3088235294117647,-0.43488588423624125,-29.572240128064404,,,0.451152129570763,1.157539867018783,-1.1463952624565712
15m,fz2.5_react0.25_body0.25_cl0.7_cs0.3,model_b,base,next_open,2.5,0.25,0.25,0.7,0.3,90,1.2,2.0,12,4.0,5.0,SOLUSDT,104,142.09780618010367,0.33653846153846156,-0.33395180489820614,-34.73098770941344,,,0.5694832357864679,1.3126228693986641,-1.1691708425850245
15m,fz2.5_react0.25_body0.25_cl0.7_cs0.3,model_b,base,next_open,2.5,0.25,0.25,0.7,0.3,90,1.2,2.0,12,4.0,5.0,XRPUSDT,62,75.24463519313305,0.3387096774193548,-0.300512044434625,-18.63174675494675,,,0.5951333689711433,1.3041771767456671,-1.1224260357708722
15m,fz2.5_react0.25_body0.5_cl0.6_cs0.4,model_b,base,next_open,2.5,0.25,0.5,0.6,0.4,90,1.2,2.0,12,4.0,5.0,ADAUSDT,105,123.29113924050633,0.37142857142857144,-0.19426480736800827,-20.397804773640868,,,0.7217021176570546,1.356334790764198,-1.110528206264312
15m,fz2.5_react0.25_body0.5_cl0.6_cs0.4,model_b,base,next_open,2.5,0.25,0.5,0.6,0.4,90,1.2,2.0,12,4.0,5.0,AVAXUSDT,97,115.78186274509804,0.32989690721649484,-0.24487337270633036,-23.752717152514045,,,0.6713099966873957,1.516002570076432,-1.1117661445378442
15m,fz2.5_react0.25_body0.5_cl0.6_cs0.4,model_b,base,next_open,2.5,0.25,0.5,0.6,0.4,90,1.2,2.0,12,4.0,5.0,BNBUSDT,175,202.70886326847477,0.3142857142857143,-0.4729266575710283,-82.76216507492995,,,0.4586149259510794,1.2747090254505322,-1.273926345622577
15m,fz2.5_react0.25_body0.5_cl0.6_cs0.4,model_b,base,next_open,2.5,0.25,0.5,0.6,0.4,90,1.2,2.0,12,4.0,5.0,BTCUSDT,78,89.61017004685299,0.3076923076923077,-0.7389254100338505,-57.63618198264034,,,0.31050047699559025,1.0814644898661767,-1.5479875877671958
15m,fz2.5_react0.25_body0.5_cl0.6_cs0.4,model_b,base,next_open,2.5,0.25,0.5,0.6,0.4,90,1.2,2.0,12,4.0,5.0,ETHUSDT,81,94.99896310666622,0.2222222222222222,-0.5977740808395567,-48.419700548004094,,,0.30397260909626483,1.174783165431829,-1.1042190083456669
15m,fz2.5_react0.25_body0.5_cl0.6_cs0.4,model_b,base,next_open,2.5,0.25,0.5,0.6,0.4,90,1.2,2.0,12,4.0,5.0,LINKUSDT,105,115.65370358735943,0.3619047619047619,-0.24559825690262516,-25.78781697477564,,,0.6709582750272387,1.3838069989088806,-1.1697385512434793
15m,fz2.5_react0.25_body0.5_cl0.6_cs0.4,model_b,base,next_open,2.5,0.25,0.5,0.6,0.4,90,1.2,2.0,12,4.0,5.0,LTCUSDT,60,94.1020709397504,0.3333333333333333,-0.36217445752574345,-21.73046745154461,,,0.49748640549509987,1.0756536997619248,-1.0810885361695777
15m,fz2.5_react0.25_body0.5_cl0.6_cs0.4,model_b,base,next_open,2.5,0.25,0.5,0.6,0.4,90,1.2,2.0,12,4.0,5.0,SOLUSDT,97,132.53353076413515,0.29896907216494845,-0.42959012008199415,-41.67024164795343,,,0.4739074189004236,1.2943727196341173,-1.1648095664315123
15m,fz2.5_react0.25_body0.5_cl0.6_cs0.4,model_b,base,next_open,2.5,0.25,0.5,0.6,0.4,90,1.2,2.0,12,4.0,5.0,XRPUSDT,62,75.2238062283737,0.4032258064516129,-0.17029682303495022,-10.558403028166914,,,0.7498984431480127,1.2663223840125752,-1.1409854764454403
15m,fz2.5_react0.25_body0.5_cl0.7_cs0.3,model_b,base,next_open,2.5,0.25,0.5,0.7,0.3,90,1.2,2.0,12,4.0,5.0,ADAUSDT,97,113.89752863170585,0.35051546391752575,-0.20848229903424248,-20.22278300632152,,,0.7086186347560887,1.446481221380515,-1.1016372148136353
15m,fz2.5_react0.25_body0.5_cl0.7_cs0.3,model_b,base,next_open,2.5,0.25,0.5,0.7,0.3,90,1.2,2.0,12,4.0,5.0,AVAXUSDT,92,109.81372549019608,0.32608695652173914,-0.27450446620789554,-25.254410891126387,,,0.6394353758800678,1.492895923092157,-1.1296982029659854
15m,fz2.5_react0.25_body0.5_cl0.7_cs0.3,model_b,base,next_open,2.5,0.25,0.5,0.7,0.3,90,1.2,2.0,12,4.0,5.0,BNBUSDT,168,194.6005087377358,0.2916666666666667,-0.529873033897152,-89.01866969472154,,,0.4177355097505661,1.3033651630817207,-1.2847358208884525
15m,fz2.5_react0.25_body0.5_cl0.7_cs0.3,model_b,base,next_open,2.5,0.25,0.5,0.7,0.3,90,1.2,2.0,12,4.0,5.0,BTCUSDT,72,82.71708004324891,0.3194444444444444,-0.6777512009552096,-48.79808646877509,,,0.34515931833948044,1.118301498732374,-1.5207963457065243
15m,fz2.5_react0.25_body0.5_cl0.7_cs0.3,model_b,base,next_open,2.5,0.25,0.5,0.7,0.3,90,1.2,2.0,12,4.0,5.0,ETHUSDT,73,85.61634946650166,0.1917808219178082,-0.6591250039048985,-48.11612528505759,,,0.2653749339919458,1.2415287123321257,-1.1101275806391075
15m,fz2.5_react0.25_body0.5_cl0.7_cs0.3,model_b,base,next_open,2.5,0.25,0.5,0.7,0.3,90,1.2,2.0,12,4.0,5.0,LINKUSDT,101,111.24784821260288,0.3564356435643564,-0.24600046640758308,-24.84604710716589,,,0.6744514855842654,1.4298477663493436,-1.174162564549881
15m,fz2.5_react0.25_body0.5_cl0.7_cs0.3,model_b,base,next_open,2.5,0.25,0.5,0.7,0.3,90,1.2,2.0,12,4.0,5.0,LTCUSDT,57,89.39696739276289,0.3157894736842105,-0.39006034774086135,-22.233439821229098,,,0.48636131751090345,1.1695948763751969,-1.1099012204098113
15m,fz2.5_react0.25_body0.5_cl0.7_cs0.3,model_b,base,next_open,2.5,0.25,0.5,0.7,0.3,90,1.2,2.0,12,4.0,5.0,SOLUSDT,92,125.70190546701478,0.31521739130434784,-0.39455569202622714,-36.299123666412896,,,0.5004118206594971,1.2537575128539251,-1.1533030403043925
15m,fz2.5_react0.25_body0.5_cl0.7_cs0.3,model_b,base,next_open,2.5,0.25,0.5,0.7,0.3,90,1.2,2.0,12,4.0,5.0,XRPUSDT,56,67.96524869336471,0.375,-0.2759210576073388,-15.451579226010972,,,0.6140865900858653,1.1708285989970402,-1.1439708515699663
15m,fz2.5_react0_body0.25_cl0.6_cs0.4,model_b,base,next_open,2.5,0.0,0.25,0.6,0.4,90,1.2,2.0,12,4.0,5.0,ADAUSDT,128,150.27260856463656,0.3671875,-0.2177089422131761,-27.86674460328654,,,0.6919083362205848,1.3315485161770502,-1.1166608007852825
15m,fz2.5_react0_body0.25_cl0.6_cs0.4,model_b,base,next_open,2.5,0.0,0.25,0.6,0.4,90,1.2,2.0,12,4.0,5.0,AVAXUSDT,111,132.48362720403023,0.35135135135135137,-0.20998688200295282,-23.308543902327763,,,0.7152076511629021,1.5009090320415521,-1.1367221687770597
15m,fz2.5_react0_body0.25_cl0.6_cs0.4,model_b,base,next_open,2.5,0.0,0.25,0.6,0.4,90,1.2,2.0,12,4.0,5.0,BNBUSDT,197,228.19226322222588,0.3248730964467005,-0.45521181121213233,-89.67672680879006,,,0.47476979943138736,1.266581585160782,-1.2837439718727828
15m,fz2.5_react0_body0.25_cl0.6_cs0.4,model_b,base,next_open,2.5,0.0,0.25,0.6,0.4,90,1.2,2.0,12,4.0,5.0,BTCUSDT,85,97.64890898368391,0.36470588235294116,-0.5268604238010565,-44.783136023089796,,,0.4366696312674837,1.1198055969046612,-1.4721686949469313
15m,fz2.5_react0_body0.25_cl0.6_cs0.4,model_b,base,next_open,2.5,0.0,0.25,0.6,0.4,90,1.2,2.0,12,4.0,5.0,ETHUSDT,87,102.03592333678964,0.25287356321839083,-0.5401348276389885,-46.99173000459199,,,0.3430698354438425,1.1154807584033342,-1.1004970259917746
15m,fz2.5_react0_body0.25_cl0.6_cs0.4,model_b,base,next_open,2.5,0.0,0.25,0.6,0.4,90,1.2,2.0,12,4.0,5.0,LINKUSDT,118,129.95232262319797,0.3898305084745763,-0.19803158636622173,-23.367727191214165,,,0.7207997026005922,1.3114669917560764,-1.1624334557221345
15m,fz2.5_react0_body0.25_cl0.6_cs0.4,model_b,base,next_open,2.5,0.0,0.25,0.6,0.4,90,1.2,2.0,12,4.0,5.0,LTCUSDT,75,117.60128789911457,0.32,-0.39004096179833203,-29.253072134874902,,,0.4617887810242438,1.0458053800951654,-1.065733357983507
15m,fz2.5_react0_body0.25_cl0.6_cs0.4,model_b,base,next_open,2.5,0.0,0.25,0.6,0.4,90,1.2,2.0,12,4.0,5.0,SOLUSDT,114,155.7307152875175,0.3333333333333333,-0.35708879141937766,-40.708122221809056,,,0.5387386177118149,1.251205038683242,-1.1612357064706875
15m,fz2.5_react0_body0.25_cl0.6_cs0.4,model_b,base,next_open,2.5,0.0,0.25,0.6,0.4,90,1.2,2.0,12,4.0,5.0,XRPUSDT,69,83.72261056128453,0.37681159420289856,-0.1984185639515374,-13.69088091265608,,,0.7159162417095799,1.3270089599991546,-1.120770090061258
15m,fz2.5_react0_body0.25_cl0.7_cs0.3,model_b,base,next_open,2.5,0.0,0.25,0.7,0.3,90,1.2,2.0,12,4.0,5.0,ADAUSDT,118,138.53256102052433,0.3474576271186441,-0.22902181063159863,-27.024573654528638,,,0.6832116376491001,1.4215463711082579,-1.1078957775320417
15m,fz2.5_react0_body0.25_cl0.7_cs0.3,model_b,base,next_open,2.5,0.0,0.25,0.7,0.3,90,1.2,2.0,12,4.0,5.0,AVAXUSDT,106,126.51589624889372,0.330188679245283,-0.25434699363237784,-26.96078132503205,,,0.6641790093460886,1.523497469528818,-1.1307491937822631
15m,fz2.5_react0_body0.25_cl0.7_cs0.3,model_b,base,next_open,2.5,0.0,0.25,0.7,0.3,90,1.2,2.0,12,4.0,5.0,BNBUSDT,188,217.76723596841862,0.2978723404255319,-0.5167031064168255,-97.14018400636319,,,0.42438818612320167,1.2789232472885605,-1.278483983746383
15m,fz2.5_react0_body0.25_cl0.7_cs0.3,model_b,base,next_open,2.5,0.0,0.25,0.7,0.3,90,1.2,2.0,12,4.0,5.0,BTCUSDT,80,91.90485551405544,0.35,-0.5353699376620964,-42.829595012967715,,,0.43189653996638105,1.1628889049016995,-1.4498170067349097
15m,fz2.5_react0_body0.25_cl0.7_cs0.3,model_b,base,next_open,2.5,0.0,0.25,0.7,0.3,90,1.2,2.0,12,4.0,5.0,ETHUSDT,83,97.34461651670736,0.21686746987951808,-0.588573457127319,-48.85159694156748,,,0.3121255022138763,1.2314770013692495,-1.0925874302494456
15m,fz2.5_react0_body0.25_cl0.7_cs0.3,model_b,base,next_open,2.5,0.0,0.25,0.7,0.3,90,1.2,2.0,12,4.0,5.0,LINKUSDT,110,121.14199566569302,0.36363636363636365,-0.25272915269280816,-27.800206796208897,,,0.6583683086970104,1.3393645551470987,-1.1624969857441836
15m,fz2.5_react0_body0.25_cl0.7_cs0.3,model_b,base,next_open,2.5,0.0,0.25,0.7,0.3,90,1.2,2.0,12,4.0,5.0,LTCUSDT,70,109.77592915604455,0.32857142857142857,-0.38120641333668875,-26.684448933568213,,,0.4786416899043984,1.0651349256445697,-1.0889904728381556
15m,fz2.5_react0_body0.25_cl0.7_cs0.3,model_b,base,next_open,2.5,0.0,0.25,0.7,0.3,90,1.2,2.0,12,4.0,5.0,SOLUSDT,107,146.1967813583759,0.34579439252336447,-0.323588392725733,-34.62395802165343,,,0.573224698927015,1.2568996519235738,-1.1589892163260807
15m,fz2.5_react0_body0.25_cl0.7_cs0.3,model_b,base,next_open,2.5,0.0,0.25,0.7,0.3,90,1.2,2.0,12,4.0,5.0,XRPUSDT,67,81.31275093451474,0.31343283582089554,-0.3487484345450319,-23.36614511451714,,,0.5441706190946679,1.328313387740531,-1.1143636142840934
15m,fz2.5_react0_body0.5_cl0.6_cs0.4,model_b,base,next_open,2.5,0.0,0.5,0.6,0.4,90,1.2,2.0,12,4.0,5.0,ADAUSDT,105,123.29113924050633,0.37142857142857144,-0.21846468419874304,-22.93879184086802,,,0.685454181499871,1.2817415037643098,-1.1049501589041835
15m,fz2.5_react0_body0.5_cl0.6_cs0.4,model_b,base,next_open,2.5,0.0,0.5,0.6,0.4,90,1.2,2.0,12,4.0,5.0,AVAXUSDT,97,115.78186274509804,0.32989690721649484,-0.24455561915453047,-23.721895057989457,,,0.6715964433285262,1.516002570076432,-1.111291958468235
15m,fz2.5_react0_body0.5_cl0.6_cs0.4,model_b,base,next_open,2.5,0.0,0.5,0.6,0.4,90,1.2,2.0,12,4.0,5.0,BNBUSDT,175,202.70886326847477,0.3142857142857143,-0.4729266575710283,-82.76216507492995,,,0.4586149259510794,1.2747090254505322,-1.273926345622577
15m,fz2.5_react0_body0.5_cl0.6_cs0.4,model_b,base,next_open,2.5,0.0,0.5,0.6,0.4,90,1.2,2.0,12,4.0,5.0,BTCUSDT,78,89.61017004685299,0.3076923076923077,-0.7388201330502496,-57.62797037791947,,,0.3105309820454093,1.0814644898661767,-1.5478355210131056
15m,fz2.5_react0_body0.5_cl0.6_cs0.4,model_b,base,next_open,2.5,0.0,0.5,0.6,0.4,90,1.2,2.0,12,4.0,5.0,ETHUSDT,81,94.99896310666622,0.2222222222222222,-0.5977740808395567,-48.419700548004094,,,0.30397260909626483,1.174783165431829,-1.1042190083456669
15m,fz2.5_react0_body0.5_cl0.6_cs0.4,model_b,base,next_open,2.5,0.0,0.5,0.6,0.4,90,1.2,2.0,12,4.0,5.0,LINKUSDT,107,117.85663127473771,0.3644859813084112,-0.245541797294263,-26.272972310486143,,,0.6694732030908739,1.364492410445175,-1.1689437693801172
15m,fz2.5_react0_body0.5_cl0.6_cs0.4,model_b,base,next_open,2.5,0.0,0.5,0.6,0.4,90,1.2,2.0,12,4.0,5.0,LTCUSDT,61,95.67043878874625,0.32786885245901637,-0.37294911668718833,-22.74989611791849,,,0.486028703908503,1.0756536997619248,-1.079584636906268
15m,fz2.5_react0_body0.5_cl0.6_cs0.4,model_b,base,next_open,2.5,0.0,0.5,0.6,0.4,90,1.2,2.0,12,4.0,5.0,SOLUSDT,98,133.89985582355922,0.30612244897959184,-0.42035857333120086,-41.195140186457685,,,0.4799056407555818,1.2670636776961717,-1.1648095664315123
15m,fz2.5_react0_body0.5_cl0.6_cs0.4,model_b,base,next_open,2.5,0.0,0.5,0.6,0.4,90,1.2,2.0,12,4.0,5.0,XRPUSDT,62,75.231615738658,0.4032258064516129,-0.16467150161240088,-10.209633099968855,,,0.7565607871683265,1.2691805835164545,-1.1334904780508168
15m,fz2.5_react0_body0.5_cl0.7_cs0.3,model_b,base,next_open,2.5,0.0,0.5,0.7,0.3,90,1.2,2.0,12,4.0,5.0,ADAUSDT,97,113.89752863170585,0.35051546391752575,-0.22083237082104357,-21.420739969641225,,,0.6913368697332504,1.4111088476355178,-1.1015625522102988
15m,fz2.5_react0_body0.5_cl0.7_cs0.3,model_b,base,next_open,2.5,0.0,0.5,0.7,0.3,90,1.2,2.0,12,4.0,5.0,AVAXUSDT,92,109.81372549019608,0.32608695652173914,-0.2741694434413239,-25.223588796601796,,,0.6397168871823921,1.492895923092157,-1.1292010724091373
15m,fz2.5_react0_body0.5_cl0.7_cs0.3,model_b,base,next_open,2.5,0.0,0.5,0.7,0.3,90,1.2,2.0,12,4.0,5.0,BNBUSDT,168,194.6005087377358,0.2916666666666667,-0.529873033897152,-89.01866969472154,,,0.4177355097505661,1.3033651630817207,-1.2847358208884525
15m,fz2.5_react0_body0.5_cl0.7_cs0.3,model_b,base,next_open,2.5,0.0,0.5,0.7,0.3,90,1.2,2.0,12,4.0,5.0,BTCUSDT,72,82.71708004324891,0.3194444444444444,-0.6776371508896419,-48.78987486405422,,,0.3451973572752165,1.118301498732374,-1.5206287619367107
15m,fz2.5_react0_body0.5_cl0.7_cs0.3,model_b,base,next_open,2.5,0.0,0.5,0.7,0.3,90,1.2,2.0,12,4.0,5.0,ETHUSDT,73,85.61634946650166,0.1917808219178082,-0.6591250039048985,-48.11612528505759,,,0.2653749339919458,1.2415287123321257,-1.1101275806391075
15m,fz2.5_react0_body0.5_cl0.7_cs0.3,model_b,base,next_open,2.5,0.0,0.5,0.7,0.3,90,1.2,2.0,12,4.0,5.0,LINKUSDT,102,112.34931205629202,0.35294117647058826,-0.251770229507412,-25.680563409756026,,,0.6692393631861271,1.4433435130477177,-1.1763777254465737
15m,fz2.5_react0_body0.5_cl0.7_cs0.3,model_b,base,next_open,2.5,0.0,0.5,0.7,0.3,90,1.2,2.0,12,4.0,5.0,LTCUSDT,57,89.39696739276289,0.3157894736842105,-0.39006034774086135,-22.233439821229098,,,0.48636131751090345,1.1695948763751969,-1.1099012204098113
15m,fz2.5_react0_body0.5_cl0.7_cs0.3,model_b,base,next_open,2.5,0.0,0.5,0.7,0.3,90,1.2,2.0,12,4.0,5.0,SOLUSDT,93,127.06823052643885,0.3225806451612903,-0.38861667385953036,-36.141350668936326,,,0.5025832649423614,1.21722469567468,-1.1533030403043925
15m,fz2.5_react0_body0.5_cl0.7_cs0.3,model_b,base,next_open,2.5,0.0,0.5,0.7,0.3,90,1.2,2.0,12,4.0,5.0,XRPUSDT,57,69.17891384860337,0.3508771929824561,-0.2992937270420152,-17.059742441394864,,,0.5897509814775543,1.2262064495367522,-1.123888417084592
15m,fz2_react0.25_body0.25_cl0.6_cs0.4,model_b,base,next_open,2.0,0.25,0.25,0.6,0.4,90,1.2,2.0,12,4.0,5.0,ADAUSDT,190,223.0609033381324,0.3263157894736842,-0.3530891262256242,-67.0869339828686,,,0.5308777861256007,1.2244887791688648,-1.11722842415108
15m,fz2_react0.25_body0.25_cl0.6_cs0.4,model_b,base,next_open,2.0,0.25,0.25,0.6,0.4,90,1.2,2.0,12,4.0,5.0,AVAXUSDT,194,213.6370088879118,0.29381443298969073,-0.3608524226840855,-70.00537000071259,,,0.5339180708997519,1.4069182235293187,-1.0963482389918522
15m,fz2_react0.25_body0.25_cl0.6_cs0.4,model_b,base,next_open,2.0,0.25,0.25,0.6,0.4,90,1.2,2.0,12,4.0,5.0,BNBUSDT,279,317.4705825085186,0.32974910394265233,-0.47136963686656114,-131.51212868577056,,,0.4660832854708202,1.2478661149625574,-1.3171968516701917
15m,fz2_react0.25_body0.25_cl0.6_cs0.4,model_b,base,next_open,2.0,0.25,0.25,0.6,0.4,90,1.2,2.0,12,4.0,5.0,BTCUSDT,260,298.6907804206802,0.23076923076923078,-0.9222911935129514,-239.79571031336738,,,0.21058303367760894,1.066122431594735,-1.5188152810452573
15m,fz2_react0.25_body0.25_cl0.6_cs0.4,model_b,base,next_open,2.0,0.25,0.25,0.6,0.4,90,1.2,2.0,12,4.0,5.0,ETHUSDT,183,204.77125351033953,0.273224043715847,-0.44434463084575226,-81.31506744477267,,,0.442325213863731,1.2899168293781889,-1.0963226234111436
15m,fz2_react0.25_body0.25_cl0.6_cs0.4,model_b,base,next_open,2.0,0.25,0.25,0.6,0.4,90,1.2,2.0,12,4.0,5.0,LINKUSDT,208,229.0685008951286,0.3317307692307692,-0.34395867669522323,-71.54340475260643,,,0.560034254416381,1.3198246645871032,-1.1698655151735005
15m,fz2_react0.25_body0.25_cl0.6_cs0.4,model_b,base,next_open,2.0,0.25,0.25,0.6,0.4,90,1.2,2.0,12,4.0,5.0,LTCUSDT,166,186.96595143260953,0.3433734939759036,-0.3729293249944298,-61.90626794907535,,,0.5222409723860283,1.1871943107289897,-1.1887737950516308
15m,fz2_react0.25_body0.25_cl0.6_cs0.4,model_b,base,next_open,2.0,0.25,0.25,0.6,0.4,90,1.2,2.0,12,4.0,5.0,SOLUSDT,182,223.83108273999508,0.32967032967032966,-0.33450535066068043,-60.87997382024384,,,0.5698834995468669,1.344383537035939,-1.160188410183608
15m,fz2_react0.25_body0.25_cl0.6_cs0.4,model_b,base,next_open,2.0,0.25,0.25,0.6,0.4,90,1.2,2.0,12,4.0,5.0,XRPUSDT,168,203.82519635998753,0.34523809523809523,-0.31105301327652995,-52.256906230457034,,,0.5862530075737554,1.2766326133545687,-1.1481963436820184
15m,fz2_react0.25_body0.25_cl0.7_cs0.3,model_b,base,next_open,2.0,0.25,0.25,0.7,0.3,90,1.2,2.0,12,4.0,5.0,ADAUSDT,176,206.62483677637528,0.3181818181818182,-0.32027586757206145,-56.36855269268282,,,0.5747957999662526,1.3607078726341935,-1.1047349463349803
15m,fz2_react0.25_body0.25_cl0.7_cs0.3,model_b,base,next_open,2.0,0.25,0.25,0.7,0.3,90,1.2,2.0,12,4.0,5.0,AVAXUSDT,187,205.9284570208222,0.29411764705882354,-0.38019087933856255,-71.09569443631119,,,0.5138211765587762,1.366144292526404,-1.1078305342822985
15m,fz2_react0.25_body0.25_cl0.7_cs0.3,model_b,base,next_open,2.0,0.25,0.25,0.7,0.3,90,1.2,2.0,12,4.0,5.0,BNBUSDT,265,301.559731282251,0.30566037735849055,-0.5035425552676793,-133.43877714593503,,,0.4402412948564706,1.2956477804134168,-1.2955774313012054
15m,fz2_react0.25_body0.25_cl0.7_cs0.3,model_b,base,next_open,2.0,0.25,0.25,0.7,0.3,90,1.2,2.0,12,4.0,5.0,BTCUSDT,244,280.3098093178691,0.2336065573770492,-0.8888521809522419,-216.87993215234704,,,0.23133904691442383,1.1451401319554502,-1.508839142640683
15m,fz2_react0.25_body0.25_cl0.7_cs0.3,model_b,base,next_open,2.0,0.25,0.25,0.7,0.3,90,1.2,2.0,12,4.0,5.0,ETHUSDT,168,187.9867245340822,0.27380952380952384,-0.41819286033957653,-70.25640053704886,,,0.46892792359353935,1.3485923501693624,-1.0843577757773732
15m,fz2_react0.25_body0.25_cl0.7_cs0.3,model_b,base,next_open,2.0,0.25,0.25,0.7,0.3,90,1.2,2.0,12,4.0,5.0,LINKUSDT,193,212.54913784980684,0.3316062176165803,-0.33206666933854706,-64.08886718233958,,,0.5737515816309794,1.3479188179272492,-1.1655478413153764
15m,fz2_react0.25_body0.25_cl0.7_cs0.3,model_b,base,next_open,2.0,0.25,0.25,0.7,0.3,90,1.2,2.0,12,4.0,5.0,LTCUSDT,155,174.57103395111295,0.34838709677419355,-0.3515516498796078,-54.490505731339205,,,0.5484466267491246,1.2256101742768648,-1.1947866845771278
15m,fz2_react0.25_body0.25_cl0.7_cs0.3,model_b,base,next_open,2.0,0.25,0.25,0.7,0.3,90,1.2,2.0,12,4.0,5.0,SOLUSDT,173,212.76251271439094,0.32947976878612717,-0.3214218294234476,-55.60597649025644,,,0.5821102575178924,1.35890831848387,-1.1471012986537676
15m,fz2_react0.25_body0.25_cl0.7_cs0.3,model_b,base,next_open,2.0,0.25,0.25,0.7,0.3,90,1.2,2.0,12,4.0,5.0,XRPUSDT,159,192.96608057593798,0.3270440251572327,-0.36717226687801197,-58.38039043360391,,,0.5298173543243092,1.2650952809520166,-1.1604237854496147
15m,fz2_react0.25_body0.5_cl0.6_cs0.4,model_b,base,next_open,2.0,0.25,0.5,0.6,0.4,90,1.2,2.0,12,4.0,5.0,ADAUSDT,164,192.56901748040988,0.3475609756097561,-0.2928438540026975,-48.0263920564424,,,0.5961141723195335,1.2435863292060567,-1.1113160076746507
15m,fz2_react0.25_body0.5_cl0.6_cs0.4,model_b,base,next_open,2.0,0.25,0.5,0.6,0.4,90,1.2,2.0,12,4.0,5.0,AVAXUSDT,168,185.00524481015043,0.30952380952380953,-0.3241349318347725,-54.45466854824178,,,0.5731651471136754,1.4062148347225654,-1.0998089651190963
15m,fz2_react0.25_body0.5_cl0.6_cs0.4,model_b,base,next_open,2.0,0.25,0.5,0.6,0.4,90,1.2,2.0,12,4.0,5.0,BNBUSDT,252,286.74762291092003,0.3134920634920635,-0.5042609777259974,-127.07376638695135,,,0.43817818945095444,1.2545297728702003,-1.3074081990965154
15m,fz2_react0.25_body0.5_cl0.6_cs0.4,model_b,base,next_open,2.0,0.25,0.5,0.6,0.4,90,1.2,2.0,12,4.0,5.0,BTCUSDT,238,273.425903476295,0.21008403361344538,-1.0328420509143676,-245.8164081176195,,,0.1698238787772382,1.0057021594920368,-1.5750080643203264
15m,fz2_react0.25_body0.5_cl0.6_cs0.4,model_b,base,next_open,2.0,0.25,0.5,0.6,0.4,90,1.2,2.0,12,4.0,5.0,ETHUSDT,161,180.1539443451621,0.2670807453416149,-0.4768700174929978,-76.77607281637265,,,0.408975361823319,1.2355177743881132,-1.100875738263233
15m,fz2_react0.25_body0.5_cl0.6_cs0.4,model_b,base,next_open,2.0,0.25,0.5,0.6,0.4,90,1.2,2.0,12,4.0,5.0,LINKUSDT,190,209.2781303009361,0.32105263157894737,-0.3663875029597413,-69.61362556235085,,,0.5378461595779863,1.3281157395491159,-1.1676642300375732
15m,fz2_react0.25_body0.5_cl0.6_cs0.4,model_b,base,next_open,2.0,0.25,0.5,0.6,0.4,90,1.2,2.0,12,4.0,5.0,LTCUSDT,144,162.18733136322754,0.3194444444444444,-0.404716904619744,-58.27923426524314,,,0.4898945959067105,1.2167426443301346,-1.1658101622900952
15m,fz2_react0.25_body0.5_cl0.6_cs0.4,model_b,base,next_open,2.0,0.25,0.5,0.6,0.4,90,1.2,2.0,12,4.0,5.0,SOLUSDT,163,200.49222997860176,0.3006134969325153,-0.41279498363986317,-67.2855823332977,,,0.49145946842456045,1.3270523924899453,-1.1606241189939037
15m,fz2_react0.25_body0.5_cl0.6_cs0.4,model_b,base,next_open,2.0,0.25,0.5,0.6,0.4,90,1.2,2.0,12,4.0,5.0,XRPUSDT,147,178.3532179930796,0.3741496598639456,-0.242061715507795,-35.58307217964587,,,0.6625804941649769,1.2704255326615879,-1.146266048652535
15m,fz2_react0.25_body0.5_cl0.7_cs0.3,model_b,base,next_open,2.0,0.25,0.5,0.7,0.3,90,1.2,2.0,12,4.0,5.0,ADAUSDT,155,182.00120554550935,0.3225806451612903,-0.30422489405438374,-47.15485857842948,,,0.590690492944764,1.3610202635569013,-1.097198778631186
15m,fz2_react0.25_body0.5_cl0.7_cs0.3,model_b,base,next_open,2.0,0.25,0.5,0.7,0.3,90,1.2,2.0,12,4.0,5.0,AVAXUSDT,161,177.29669294306083,0.30434782608695654,-0.3582851383645273,-57.6839072766889,,,0.5349185358719958,1.3539954541554386,-1.1074078975920123
15m,fz2_react0.25_body0.5_cl0.7_cs0.3,model_b,base,next_open,2.0,0.25,0.5,0.7,0.3,90,1.2,2.0,12,4.0,5.0,BNBUSDT,239,271.97273877908674,0.301255230125523,-0.5199630548282235,-124.27117010394541,,,0.42847111611952804,1.2939612127735212,-1.3020142360696942
15m,fz2_react0.25_body0.5_cl0.7_cs0.3,model_b,base,next_open,2.0,0.25,0.5,0.7,0.3,90,1.2,2.0,12,4.0,5.0,BTCUSDT,219,251.59778513154876,0.2191780821917808,-0.9853559161624968,-215.7929456395868,,,0.18817433856101892,1.0420621677331245,-1.554455729185829
15m,fz2_react0.25_body0.5_cl0.7_cs0.3,model_b,base,next_open,2.0,0.25,0.5,0.7,0.3,90,1.2,2.0,12,4.0,5.0,ETHUSDT,147,164.48838396732194,0.2585034013605442,-0.48378456949484144,-71.1163317157417,,,0.40914112213091763,1.2959108230694047,-1.1042288347924685
15m,fz2_react0.25_body0.5_cl0.7_cs0.3,model_b,base,next_open,2.0,0.25,0.5,0.7,0.3,90,1.2,2.0,12,4.0,5.0,LINKUSDT,181,199.36495570773388,0.3259668508287293,-0.36489095960161977,-66.04526368789318,,,0.5417822781471852,1.3235567890870112,-1.1814353626559577
15m,fz2_react0.25_body0.5_cl0.7_cs0.3,model_b,base,next_open,2.0,0.25,0.5,0.7,0.3,90,1.2,2.0,12,4.0,5.0,LTCUSDT,139,156.55079818841742,0.31654676258992803,-0.40319171425496414,-56.043648281440014,,,0.49760718788666986,1.261586259515937,-1.1742467757909605
15m,fz2_react0.25_body0.5_cl0.7_cs0.3,model_b,base,next_open,2.0,0.25,0.5,0.7,0.3,90,1.2,2.0,12,4.0,5.0,SOLUSDT,153,188.3109972269999,0.3137254901960784,-0.38540463946438086,-58.96690983805027,,,0.5124726252146783,1.291334627568755,-1.1519140186795287
15m,fz2_react0.25_body0.5_cl0.7_cs0.3,model_b,base,next_open,2.0,0.25,0.5,0.7,0.3,90,1.2,2.0,12,4.0,5.0,XRPUSDT,139,168.6994565781731,0.3597122302158273,-0.2943745260190589,-40.91805911664918,,,0.6046121625935711,1.2514070424588426,-1.1627911375234978
15m,fz2_react0_body0.25_cl0.6_cs0.4,model_b,base,next_open,2.0,0.0,0.25,0.6,0.4,90,1.2,2.0,12,4.0,5.0,ADAUSDT,200,234.80095088224462,0.34,-0.2992504293151652,-59.850085863033044,,,0.5875609945255719,1.2538601253889956,-1.0993376847688239
15m,fz2_react0_body0.25_cl0.6_cs0.4,model_b,base,next_open,2.0,0.0,0.25,0.6,0.4,90,1.2,2.0,12,4.0,5.0,AVAXUSDT,202,222.43281097886506,0.3069306930693069,-0.37131499964851883,-75.0056299290008,,,0.5265790789987775,1.3456072794520428,-1.1316662946787677
15m,fz2_react0_body0.25_cl0.6_cs0.4,model_b,base,next_open,2.0,0.0,0.25,0.6,0.4,90,1.2,2.0,12,4.0,5.0,BNBUSDT,282,320.88424468602955,0.3333333333333333,-0.46336107230143014,-130.6678223890033,,,0.4705818451032749,1.2355978332203645,-1.3128405250623274
15m,fz2_react0_body0.25_cl0.6_cs0.4,model_b,base,next_open,2.0,0.0,0.25,0.6,0.4,90,1.2,2.0,12,4.0,5.0,BTCUSDT,265,304.43483389030865,0.2339622641509434,-0.9070089041148924,-240.3573595904465,,,0.21573079232372452,1.0663817638983528,-1.509719354444061
15m,fz2_react0_body0.25_cl0.6_cs0.4,model_b,base,next_open,2.0,0.0,0.25,0.6,0.4,90,1.2,2.0,12,4.0,5.0,ETHUSDT,184,205.8902221087567,0.29891304347826086,-0.365037065632029,-67.16682007629333,,,0.5175216720480166,1.3099141366272358,-1.0791635472154364
15m,fz2_react0_body0.25_cl0.6_cs0.4,model_b,base,next_open,2.0,0.0,0.25,0.6,0.4,90,1.2,2.0,12,4.0,5.0,LINKUSDT,217,238.9801187223217,0.3317972350230415,-0.36165583028727016,-78.47931517233762,,,0.5404545372247719,1.2818977723915412,-1.177765205410542
15m,fz2_react0_body0.25_cl0.6_cs0.4,model_b,base,next_open,2.0,0.0,0.25,0.6,0.4,90,1.2,2.0,12,4.0,5.0,LTCUSDT,175,197.08366789786413,0.34285714285714286,-0.35852181837820946,-62.741318216186656,,,0.5286966000393305,1.173027877783601,-1.1575912250713278
15m,fz2_react0_body0.25_cl0.6_cs0.4,model_b,base,next_open,2.0,0.0,0.25,0.6,0.4,90,1.2,2.0,12,4.0,5.0,SOLUSDT,191,234.89965276559926,0.32460732984293195,-0.3378648458840077,-64.53218556384547,,,0.5633329797220967,1.3427633197385886,-1.1456086154080463
15m,fz2_react0_body0.25_cl0.6_cs0.4,model_b,base,next_open,2.0,0.0,0.25,0.6,0.4,90,1.2,2.0,12,4.0,5.0,XRPUSDT,173,209.91321198698873,0.3468208092485549,-0.30815666287757804,-53.311102677821005,,,0.5865430017942083,1.2604799019528106,-1.141061033583979
15m,fz2_react0_body0.25_cl0.7_cs0.3,model_b,base,next_open,2.0,0.0,0.25,0.7,0.3,90,1.2,2.0,12,4.0,5.0,ADAUSDT,187,219.53888907489872,0.32620320855614976,-0.29179455732989,-54.56558222068943,,,0.605271494972939,1.3716417326717671,-1.0971089516957717
15m,fz2_react0_body0.25_cl0.7_cs0.3,model_b,base,next_open,2.0,0.0,0.25,0.7,0.3,90,1.2,2.0,12,4.0,5.0,AVAXUSDT,193,212.52243821247998,0.3005181347150259,-0.3849642530140627,-74.2981008317141,,,0.5076667922101892,1.32089819069518,-1.1178533029039595
15m,fz2_react0_body0.25_cl0.7_cs0.3,model_b,base,next_open,2.0,0.0,0.25,0.7,0.3,90,1.2,2.0,12,4.0,5.0,BNBUSDT,268,304.9934114439648,0.30970149253731344,-0.4908991141625688,-131.56096259556844,,,0.44708784431671617,1.2816979045915609,-1.2861723712252324
15m,fz2_react0_body0.25_cl0.7_cs0.3,model_b,base,next_open,2.0,0.0,0.25,0.7,0.3,90,1.2,2.0,12,4.0,5.0,BTCUSDT,252,289.5002948692746,0.2261904761904762,-0.9084811910051829,-228.9372601333061,,,0.21824203745556847,1.121263588746637,-1.5017912035480225
15m,fz2_react0_body0.25_cl0.7_cs0.3,model_b,base,next_open,2.0,0.0,0.25,0.7,0.3,90,1.2,2.0,12,4.0,5.0,ETHUSDT,171,191.34363032933368,0.28654970760233917,-0.371872827144884,-63.59025344177517,,,0.5093263987880785,1.3470942096294796,-1.0622776206034399
15m,fz2_react0_body0.25_cl0.7_cs0.3,model_b,base,next_open,2.0,0.0,0.25,0.7,0.3,90,1.2,2.0,12,4.0,5.0,LINKUSDT,200,220.25817393762367,0.33,-0.34979359203508253,-69.9587184070165,,,0.5544827502601628,1.3192327539081277,-1.1718513445145742
15m,fz2_react0_body0.25_cl0.7_cs0.3,model_b,base,next_open,2.0,0.0,0.25,0.7,0.3,90,1.2,2.0,12,4.0,5.0,LTCUSDT,163,183.58115183246073,0.3619631901840491,-0.31663445594765255,-51.61141631946737,,,0.5748362783263182,1.1827194378738508,-1.1672294534040824
15m,fz2_react0_body0.25_cl0.7_cs0.3,model_b,base,next_open,2.0,0.0,0.25,0.7,0.3,90,1.2,2.0,12,4.0,5.0,SOLUSDT,179,220.14155939812704,0.329608938547486,-0.31734295142477376,-56.8043883050345,,,0.5817154465426172,1.338963211353034,-1.1316934814571957
15m,fz2_react0_body0.25_cl0.7_cs0.3,model_b,base,next_open,2.0,0.0,0.25,0.7,0.3,90,1.2,2.0,12,4.0,5.0,XRPUSDT,164,199.03419631731967,0.3170731707317073,-0.40054712492689415,-65.68972848801064,,,0.49316771155570555,1.2292054685609688,-1.157217971903402
15m,fz2_react0_body0.5_cl0.6_cs0.4,model_b,base,next_open,2.0,0.0,0.5,0.6,0.4,90,1.2,2.0,12,4.0,5.0,ADAUSDT,164,192.56901748040988,0.3475609756097561,-0.3083376775833509,-50.56737912366955,,,0.5734246354818973,1.1925488170482381,-1.1078753429478423
15m,fz2_react0_body0.5_cl0.6_cs0.4,model_b,base,next_open,2.0,0.0,0.5,0.6,0.4,90,1.2,2.0,12,4.0,5.0,AVAXUSDT,169,186.10646650544894,0.3136094674556213,-0.3211867483014743,-54.280560462949154,,,0.5741737589549156,1.3809545114476007,-1.0988892204282068
15m,fz2_react0_body0.5_cl0.6_cs0.4,model_b,base,next_open,2.0,0.0,0.5,0.6,0.4,90,1.2,2.0,12,4.0,5.0,BNBUSDT,253,287.88551030342364,0.31225296442687744,-0.4982543125631038,-126.05834107846526,,,0.4430441883693678,1.2693190567075912,-1.3007732560825573
15m,fz2_react0_body0.5_cl0.6_cs0.4,model_b,base,next_open,2.0,0.0,0.5,0.6,0.4,90,1.2,2.0,12,4.0,5.0,BTCUSDT,237,272.277055142361,0.2109704641350211,-1.0248091812157074,-242.87977594812264,,,0.17152500429709217,1.0057021594920368,-1.567726651993179
15m,fz2_react0_body0.5_cl0.6_cs0.4,model_b,base,next_open,2.0,0.0,0.5,0.6,0.4,90,1.2,2.0,12,4.0,5.0,ETHUSDT,161,180.1539443451621,0.2670807453416149,-0.4768700174929978,-76.77607281637265,,,0.408975361823319,1.2355177743881132,-1.100875738263233
15m,fz2_react0_body0.5_cl0.6_cs0.4,model_b,base,next_open,2.0,0.0,0.5,0.6,0.4,90,1.2,2.0,12,4.0,5.0,LINKUSDT,192,211.48105798831438,0.328125,-0.3616680923698479,-69.4402737350108,,,0.5419215584671548,1.3039695496131152,-1.1751190338033881
15m,fz2_react0_body0.5_cl0.6_cs0.4,model_b,base,next_open,2.0,0.0,0.5,0.6,0.4,90,1.2,2.0,12,4.0,5.0,LTCUSDT,145,163.3136322754722,0.31724137931034485,-0.4089562960801174,-59.298662931617024,,,0.48556200557772533,1.2167426443301346,-1.1643315613212444
15m,fz2_react0_body0.5_cl0.6_cs0.4,model_b,base,next_open,2.0,0.0,0.5,0.6,0.4,90,1.2,2.0,12,4.0,5.0,SOLUSDT,165,202.94513820681914,0.3090909090909091,-0.3937335013179931,-64.96602771746886,,,0.5086780520880333,1.31884261416482,-1.1598859740339886
15m,fz2_react0_body0.5_cl0.6_cs0.4,model_b,base,next_open,2.0,0.0,0.5,0.6,0.4,90,1.2,2.0,12,4.0,5.0,XRPUSDT,147,178.37173409004396,0.3741496598639456,-0.23968913096223005,-35.234302251447815,,,0.6650068156364006,1.2717247142542603,-1.1432517558199145
15m,fz2_react0_body0.5_cl0.7_cs0.3,model_b,base,next_open,2.0,0.0,0.5,0.7,0.3,90,1.2,2.0,12,4.0,5.0,ADAUSDT,155,182.00120554550935,0.3225806451612903,-0.31195364865644637,-48.35281554174919,,,0.5802749540126056,1.336967049410303,-1.0971539810691842
15m,fz2_react0_body0.5_cl0.7_cs0.3,model_b,base,next_open,2.0,0.0,0.5,0.7,0.3,90,1.2,2.0,12,4.0,5.0,AVAXUSDT,161,177.29669294306083,0.3105590062111801,-0.34984596544416285,-56.325200436510215,,,0.5410955124763377,1.3282638990953186,-1.1057513098313165
15m,fz2_react0_body0.5_cl0.7_cs0.3,model_b,base,next_open,2.0,0.0,0.5,0.7,0.3,90,1.2,2.0,12,4.0,5.0,BNBUSDT,239,271.97273877908674,0.301255230125523,-0.5046048769008624,-120.60056557930612,,,0.4388952203962983,1.3101883436506583,-1.2870306965398415
15m,fz2_react0_body0.5_cl0.7_cs0.3,model_b,base,next_open,2.0,0.0,0.5,0.7,0.3,90,1.2,2.0,12,4.0,5.0,BTCUSDT,219,251.59778513154876,0.2191780821917808,-0.9838356769800637,-215.46001325863395,,,0.18841032457575527,1.0420621677331245,-1.5525087561978006
15m,fz2_react0_body0.5_cl0.7_cs0.3,model_b,base,next_open,2.0,0.0,0.5,0.7,0.3,90,1.2,2.0,12,4.0,5.0,ETHUSDT,147,164.48838396732194,0.2585034013605442,-0.4836464532426357,-71.09602862666745,,,0.4092101497566078,1.2959108230694047,-1.1040425679202277
15m,fz2_react0_body0.5_cl0.7_cs0.3,model_b,base,next_open,2.0,0.0,0.5,0.7,0.3,90,1.2,2.0,12,4.0,5.0,LINKUSDT,182,200.466419551423,0.3241758241758242,-0.3674713186290292,-66.87977999048331,,,0.5402044586206823,1.331791481987714,-1.1825648571362475
15m,fz2_react0_body0.5_cl0.7_cs0.3,model_b,base,next_open,2.0,0.0,0.5,0.7,0.3,90,1.2,2.0,12,4.0,5.0,LTCUSDT,139,156.55079818841742,0.31654676258992803,-0.40319171425496414,-56.043648281440014,,,0.49760718788666986,1.261586259515937,-1.1742467757909605
15m,fz2_react0_body0.5_cl0.7_cs0.3,model_b,base,next_open,2.0,0.0,0.5,0.7,0.3,90,1.2,2.0,12,4.0,5.0,SOLUSDT,155,190.77257889009792,0.3161290322580645,-0.3869860167704099,-59.982832599413534,,,0.5088393383649156,1.2682007167505471,-1.1521195067942485
15m,fz2_react0_body0.5_cl0.7_cs0.3,model_b,base,next_open,2.0,0.0,0.5,0.7,0.3,90,1.2,2.0,12,4.0,5.0,XRPUSDT,140,169.91312173341177,0.35,-0.30375873094309336,-42.52622233203307,,,0.5951167756194937,1.2756547047905984,-1.1542121194150814
15m,fz1.5_react0.25_body0.25_cl0.6_cs0.4,model_b,stress,next_close,1.5,0.25,0.25,0.6,0.4,90,1.2,2.0,12,8.0,10.0,ADAUSDT,321,358.59385752516886,0.2772585669781931,-0.6088468131863696,-195.43982703282464,,,0.3424650540732202,1.143722027477639,-1.2811684805100625
15m,fz1.5_react0.25_body0.25_cl0.6_cs0.4,model_b,stress,next_close,1.5,0.25,0.25,0.6,0.4,90,1.2,2.0,12,8.0,10.0,AVAXUSDT,362,398.64225369806223,0.2596685082872928,-0.674271099557453,-244.086138039798,,,0.31690993924954414,1.2046840389937776,-1.3333076033776607
15m,fz1.5_react0.25_body0.25_cl0.6_cs0.4,model_b,stress,next_close,1.5,0.25,0.25,0.6,0.4,90,1.2,2.0,12,8.0,10.0,BNBUSDT,384,424.58930373360243,0.23697916666666666,-1.0797601132637376,-414.62788349327525,,,0.17964723588132264,0.9977850811630189,-1.7250045251846757
15m,fz1.5_react0.25_body0.25_cl0.6_cs0.4,model_b,stress,next_close,1.5,0.25,0.25,0.6,0.4,90,1.2,2.0,12,8.0,10.0,BTCUSDT,633,702.9012255755772,0.1579778830963665,-1.501155926857962,-950.23170170109,,,0.08519092744537417,0.8848963394061461,-1.948820517151416
15m,fz1.5_react0.25_body0.25_cl0.6_cs0.4,model_b,stress,next_close,1.5,0.25,0.25,0.6,0.4,90,1.2,2.0,12,8.0,10.0,ETHUSDT,470,517.1681415929204,0.25957446808510637,-0.8140377729997262,-382.59775330987134,,,0.2552670290757337,1.074921444852126,-1.4762591079937664
15m,fz1.5_react0.25_body0.25_cl0.6_cs0.4,model_b,stress,next_close,1.5,0.25,0.25,0.6,0.4,90,1.2,2.0,12,8.0,10.0,LINKUSDT,329,362.37022145437413,0.3191489361702128,-0.5696378540982642,-187.41085399832892,,,0.39757575933065925,1.1779392653416223,-1.3888146288357108
15m,fz1.5_react0.25_body0.25_cl0.6_cs0.4,model_b,stress,next_close,1.5,0.25,0.25,0.6,0.4,90,1.2,2.0,12,8.0,10.0,LTCUSDT,392,431.7331406853661,0.2653061224489796,-0.7659505943949321,-300.25263300281335,,,0.2784688582877545,1.1142304921566708,-1.4449048756496774
15m,fz1.5_react0.25_body0.25_cl0.6_cs0.4,model_b,stress,next_close,1.5,0.25,0.25,0.6,0.4,90,1.2,2.0,12,8.0,10.0,SOLUSDT,353,420.92062844317485,0.26628895184135976,-0.6667350940771564,-235.3574882092362,,,0.31064433562671623,1.1282887487435476,-1.3182109289232806
15m,fz1.5_react0.25_body0.25_cl0.6_cs0.4,model_b,stress,next_close,1.5,0.25,0.25,0.6,0.4,90,1.2,2.0,12,8.0,10.0,XRPUSDT,367,425.0673184911145,0.2970027247956403,-0.6106594386886223,-224.11201399872436,,,0.3543399345865168,1.1283785332943288,-1.3453692795651402
15m,fz1.5_react0.25_body0.25_cl0.7_cs0.3,model_b,stress,next_close,1.5,0.25,0.25,0.7,0.3,90,1.2,2.0,12,8.0,10.0,ADAUSDT,287,320.61195361284564,0.2857142857142857,-0.5653909451095772,-162.26720124644865,,,0.37843363357618964,1.2048115287024954,-1.273471934634406
15m,fz1.5_react0.25_body0.25_cl0.7_cs0.3,model_b,stress,next_close,1.5,0.25,0.25,0.7,0.3,90,1.2,2.0,12,8.0,10.0,AVAXUSDT,345,379.9214848779875,0.24347826086956523,-0.7273244183900271,-250.92692434455935,,,0.28333007071906263,1.1809770691322126,-1.3414904143741961
15m,fz1.5_react0.25_body0.25_cl0.7_cs0.3,model_b,stress,next_close,1.5,0.25,0.25,0.7,0.3,90,1.2,2.0,12,8.0,10.0,BNBUSDT,357,394.73536831483347,0.24929971988795518,-1.0260294473375895,-366.2925126995194,,,0.19340315496849522,0.9868361953953915,-1.6944810973496616
15m,fz1.5_react0.25_body0.25_cl0.7_cs0.3,model_b,stress,next_close,1.5,0.25,0.25,0.7,0.3,90,1.2,2.0,12,8.0,10.0,BTCUSDT,603,669.5459640900599,0.15754560530679934,-1.491978730762851,-899.6631746499991,,,0.084961330911366,0.8793022780273195,-1.935426950910619
15m,fz1.5_react0.25_body0.25_cl0.7_cs0.3,model_b,stress,next_close,1.5,0.25,0.25,0.7,0.3,90,1.2,2.0,12,8.0,10.0,ETHUSDT,429,472.0534739220486,0.2517482517482518,-0.8154521486923125,-349.8289717890021,,,0.24735329848955745,1.0645316093584258,-1.4479700485972338
15m,fz1.5_react0.25_body0.25_cl0.7_cs0.3,model_b,stress,next_close,1.5,0.25,0.25,0.7,0.3,90,1.2,2.0,12,8.0,10.0,LINKUSDT,306,337.0373488299042,0.3300653594771242,-0.5606384373638972,-171.55536183335252,,,0.40826367875923125,1.1719131824149713,-1.4142370402793396
15m,fz1.5_react0.25_body0.25_cl0.7_cs0.3,model_b,stress,next_close,1.5,0.25,0.25,0.7,0.3,90,1.2,2.0,12,8.0,10.0,LTCUSDT,365,401.9964192606087,0.26575342465753427,-0.7521165758121301,-274.5225501714275,,,0.28569751767807,1.131958742272188,-1.434039358850111
15m,fz1.5_react0.25_body0.25_cl0.7_cs0.3,model_b,stress,next_close,1.5,0.25,0.25,0.7,0.3,90,1.2,2.0,12,8.0,10.0,SOLUSDT,336,400.64966333401344,0.2648809523809524,-0.6714500144445074,-225.60720485335446,,,0.3049908718633232,1.112395673623707,-1.3142122259346738
15m,fz1.5_react0.25_body0.25_cl0.7_cs0.3,model_b,stress,next_close,1.5,0.25,0.25,0.7,0.3,90,1.2,2.0,12,8.0,10.0,XRPUSDT,341,394.9535575080928,0.3020527859237537,-0.6047872182082197,-206.23244140900292,,,0.3598166729139297,1.1253734956917878,-1.3535542498540212
15m,fz1.5_react0.25_body0.5_cl0.6_cs0.4,model_b,stress,next_close,1.5,0.25,0.5,0.6,0.4,90,1.2,2.0,12,8.0,10.0,ADAUSDT,271,302.7381164776348,0.26199261992619927,-0.6570514685504084,-178.06094797716068,,,0.2980868710987895,1.065049554816775,-1.2683973318457586
15m,fz1.5_react0.25_body0.5_cl0.6_cs0.4,model_b,stress,next_close,1.5,0.25,0.5,0.6,0.4,90,1.2,2.0,12,8.0,10.0,AVAXUSDT,312,343.5811689331365,0.266025641025641,-0.6347923179507495,-198.05520320063385,,,0.3423340882833737,1.2420897522799563,-1.3150596185147172
15m,fz1.5_react0.25_body0.5_cl0.6_cs0.4,model_b,stress,next_close,1.5,0.25,0.5,0.6,0.4,90,1.2,2.0,12,8.0,10.0,BNBUSDT,340,375.95030115732715,0.24411764705882352,-1.0358553539727593,-352.1908203507382,,,0.19465138362591097,1.0255893869577914,-1.7016137722499411
15m,fz1.5_react0.25_body0.5_cl0.6_cs0.4,model_b,stress,next_close,1.5,0.25,0.5,0.6,0.4,90,1.2,2.0,12,8.0,10.0,BTCUSDT,586,650.6698755502074,0.15699658703071673,-1.5154989691488976,-888.082395921254,,,0.08360600278181823,0.8806851197912156,-1.9617518764009028
15m,fz1.5_react0.25_body0.5_cl0.6_cs0.4,model_b,stress,next_close,1.5,0.25,0.5,0.6,0.4,90,1.2,2.0,12,8.0,10.0,ETHUSDT,414,455.5195180117987,0.26570048309178745,-0.7881038897982287,-326.27501037646664,,,0.26512934561454093,1.0701336533326358,-1.4604924744837389
15m,fz1.5_react0.25_body0.5_cl0.6_cs0.4,model_b,stress,next_close,1.5,0.25,0.5,0.6,0.4,90,1.2,2.0,12,8.0,10.0,LINKUSDT,307,338.1918944392083,0.28664495114006516,-0.6514727923443902,-200.00214724972778,,,0.34234471377094017,1.1830886748087368,-1.3886481764059209
15m,fz1.5_react0.25_body0.5_cl0.6_cs0.4,model_b,stress,next_close,1.5,0.25,0.5,0.6,0.4,90,1.2,2.0,12,8.0,10.0,LTCUSDT,348,383.2853373539389,0.26436781609195403,-0.7652841802512704,-266.3188947274421,,,0.2812427406642753,1.1326956425402748,-1.447370679066982
15m,fz1.5_react0.25_body0.5_cl0.6_cs0.4,model_b,stress,next_close,1.5,0.25,0.5,0.6,0.4,90,1.2,2.0,12,8.0,10.0,SOLUSDT,325,387.53315649867375,0.27692307692307694,-0.6635722964787358,-215.66099635558913,,,0.311588401127695,1.0845815231294866,-1.3330780146265655
15m,fz1.5_react0.25_body0.5_cl0.6_cs0.4,model_b,stress,next_close,1.5,0.25,0.5,0.6,0.4,90,1.2,2.0,12,8.0,10.0,XRPUSDT,320,370.7533703409992,0.321875,-0.564936994752693,-180.77983832086176,,,0.38675156721800996,1.1069000426921818,-1.3584817636781403
15m,fz1.5_react0.25_body0.5_cl0.7_cs0.3,model_b,stress,next_close,1.5,0.25,0.5,0.7,0.3,90,1.2,2.0,12,8.0,10.0,ADAUSDT,246,274.8102459538677,0.2601626016260163,-0.6315791191871483,-155.36846332003847,,,0.31133551154656186,1.097498328671306,-1.2396063535989124
15m,fz1.5_react0.25_body0.5_cl0.7_cs0.3,model_b,stress,next_close,1.5,0.25,0.5,0.7,0.3,90,1.2,2.0,12,8.0,10.0,AVAXUSDT,297,327.0628435036588,0.2558922558922559,-0.6592793537958755,-195.80596807737504,,,0.3243720170620745,1.2369384371205334,-1.3113723497671295
15m,fz1.5_react0.25_body0.5_cl0.7_cs0.3,model_b,stress,next_close,1.5,0.25,0.5,0.7,0.3,90,1.2,2.0,12,8.0,10.0,BNBUSDT,321,354.9413137397118,0.2554517133956386,-1.0051489212765445,-322.65280372977077,,,0.20188187622020295,0.995294834795332,-1.6914936409330041
15m,fz1.5_react0.25_body0.5_cl0.7_cs0.3,model_b,stress,next_close,1.5,0.25,0.5,0.7,0.3,90,1.2,2.0,12,8.0,10.0,BTCUSDT,558,619.5798473669211,0.15412186379928317,-1.5013492782838922,-837.7528972824118,,,0.08118296447554416,0.8607030748135857,-1.9317232239753819
15m,fz1.5_react0.25_body0.5_cl0.7_cs0.3,model_b,stress,next_close,1.5,0.25,0.5,0.7,0.3,90,1.2,2.0,12,8.0,10.0,ETHUSDT,380,418.2278163156408,0.2631578947368421,-0.7871788141096603,-299.1279493616709,,,0.2612987821945877,1.0580971982255236,-1.4462059613722258
15m,fz1.5_react0.25_body0.5_cl0.7_cs0.3,model_b,stress,next_close,1.5,0.25,0.5,0.7,0.3,90,1.2,2.0,12,8.0,10.0,LINKUSDT,288,317.26145146088595,0.3055555555555556,-0.6062072791317559,-174.58769638994568,,,0.37499732531457486,1.1903570727629078,-1.396695593965408
15m,fz1.5_react0.25_body0.5_cl0.7_cs0.3,model_b,stress,next_close,1.5,0.25,0.5,0.7,0.3,90,1.2,2.0,12,8.0,10.0,LTCUSDT,329,362.4499183109212,0.270516717325228,-0.73138046329561,-240.6241724242557,,,0.2999234412596975,1.1582815028695435,-1.4321301090818543
15m,fz1.5_react0.25_body0.5_cl0.7_cs0.3,model_b,stress,next_close,1.5,0.25,0.5,0.7,0.3,90,1.2,2.0,12,8.0,10.0,SOLUSDT,317,377.99387880024483,0.26498422712933756,-0.6925278446402743,-219.53132675096694,,,0.28936728703471326,1.0641955850459535,-1.3258530295915323
15m,fz1.5_react0.25_body0.5_cl0.7_cs0.3,model_b,stress,next_close,1.5,0.25,0.5,0.7,0.3,90,1.2,2.0,12,8.0,10.0,XRPUSDT,301,348.80904223676384,0.3122923588039867,-0.5904052016364608,-177.7119656925747,,,0.36850519231355006,1.1032213162081874,-1.3594916396915186
15m,fz1.5_react0_body0.25_cl0.6_cs0.4,model_b,stress,next_close,1.5,0.0,0.25,0.6,0.4,90,1.2,2.0,12,8.0,10.0,ADAUSDT,332,370.88212055562633,0.27710843373493976,-0.6097230435950772,-202.42805047356563,,,0.3415632144643234,1.1414052643219852,-1.2809888949632844
15m,fz1.5_react0_body0.25_cl0.6_cs0.4,model_b,stress,next_close,1.5,0.0,0.25,0.6,0.4,90,1.2,2.0,12,8.0,10.0,AVAXUSDT,381,419.53911377696824,0.25984251968503935,-0.6906142621222376,-263.12403386857255,,,0.3042994940658512,1.1625301767795055,-1.3411862459919988
15m,fz1.5_react0_body0.25_cl0.6_cs0.4,model_b,stress,next_close,1.5,0.0,0.25,0.6,0.4,90,1.2,2.0,12,8.0,10.0,BNBUSDT,394,435.64631685166495,0.23857868020304568,-1.068371154565515,-420.93823489881294,,,0.18268093359253157,1.0009032839695537,-1.71674381197317
15m,fz1.5_react0_body0.25_cl0.6_cs0.4,model_b,stress,next_close,1.5,0.0,0.25,0.6,0.4,90,1.2,2.0,12,8.0,10.0,BTCUSDT,655,727.3306520568768,0.15419847328244274,-1.5131321811735685,-991.1015786686874,,,0.08250320334172749,0.882395020531487,-1.9498618695710606
15m,fz1.5_react0_body0.25_cl0.6_cs0.4,model_b,stress,next_close,1.5,0.0,0.25,0.6,0.4,90,1.2,2.0,12,8.0,10.0,ETHUSDT,480,528.1717190736208,0.26458333333333334,-0.7910288676166201,-379.69385645597765,,,0.2650782844608923,1.0783578901953335,-1.4635844433733287
15m,fz1.5_react0_body0.25_cl0.6_cs0.4,model_b,stress,next_close,1.5,0.0,0.25,0.6,0.4,90,1.2,2.0,12,8.0,10.0,LINKUSDT,337,371.1816554107115,0.32344213649851633,-0.5634994135596412,-189.89930236959907,,,0.3980328763101301,1.1519749711097196,-1.3836165535989409
15m,fz1.5_react0_body0.25_cl0.6_cs0.4,model_b,stress,next_close,1.5,0.0,0.25,0.6,0.4,90,1.2,2.0,12,8.0,10.0,LTCUSDT,411,452.5452661328309,0.25304136253041365,-0.7988145452425968,-328.31277809470726,,,0.2574650819905087,1.0946011566453444,-1.440232242299098
15m,fz1.5_react0_body0.25_cl0.6_cs0.4,model_b,stress,next_close,1.5,0.0,0.25,0.6,0.4,90,1.2,2.0,12,8.0,10.0,SOLUSDT,371,442.38400326463983,0.2641509433962264,-0.6941287641374558,-257.52177149499613,,,0.2946237943558764,1.0975767234100244,-1.337305093000654
15m,fz1.5_react0_body0.25_cl0.6_cs0.4,model_b,stress,next_close,1.5,0.0,0.25,0.6,0.4,90,1.2,2.0,12,8.0,10.0,XRPUSDT,372,430.8584263724648,0.2956989247311828,-0.60911311050223,-226.59007710682957,,,0.35154929482844,1.1167538703718685,-1.3337137513272332
15m,fz1.5_react0_body0.25_cl0.7_cs0.3,model_b,stress,next_close,1.5,0.0,0.25,0.7,0.3,90,1.2,2.0,12,8.0,10.0,ADAUSDT,301,336.25156110615524,0.2823920265780731,-0.5830100320188415,-175.4860196376713,,,0.36539984369553813,1.188753422308129,-1.2802317617308436
15m,fz1.5_react0_body0.25_cl0.7_cs0.3,model_b,stress,next_close,1.5,0.0,0.25,0.7,0.3,90,1.2,2.0,12,8.0,10.0,AVAXUSDT,359,395.3137581258047,0.2479108635097493,-0.7237989751693058,-259.8438320857808,,,0.28420937798551354,1.159243863903269,-1.3445056887895248
15m,fz1.5_react0_body0.25_cl0.7_cs0.3,model_b,stress,next_close,1.5,0.0,0.25,0.7,0.3,90,1.2,2.0,12,8.0,10.0,BNBUSDT,366,404.6866801210898,0.2459016393442623,-1.0342499355925354,-378.53547642686794,,,0.19127470838334154,0.9947652410095181,-1.6958853192671182
15m,fz1.5_react0_body0.25_cl0.7_cs0.3,model_b,stress,next_close,1.5,0.0,0.25,0.7,0.3,90,1.2,2.0,12,8.0,10.0,BTCUSDT,623,691.7531270781216,0.15569823434991975,-1.5032718459143128,-936.538360004617,,,0.08356002788991826,0.8803358520842429,-1.9428344822372405
15m,fz1.5_react0_body0.25_cl0.7_cs0.3,model_b,stress,next_close,1.5,0.0,0.25,0.7,0.3,90,1.2,2.0,12,8.0,10.0,ETHUSDT,438,481.956693654679,0.2579908675799087,-0.7979795635148236,-349.51504881949273,,,0.25427136822118035,1.054639609343929,-1.4421209990010977
15m,fz1.5_react0_body0.25_cl0.7_cs0.3,model_b,stress,next_close,1.5,0.0,0.25,0.7,0.3,90,1.2,2.0,12,8.0,10.0,LINKUSDT,318,350.25449976441024,0.32075471698113206,-0.570554968580051,-181.4364800084562,,,0.3972603872151167,1.1723842265342255,-1.3936095884951258
15m,fz1.5_react0_body0.25_cl0.7_cs0.3,model_b,stress,next_close,1.5,0.0,0.25,0.7,0.3,90,1.2,2.0,12,8.0,10.0,LTCUSDT,380,418.5168200521406,0.26052631578947366,-0.7818720907066397,-297.1113944685231,,,0.2676282874868295,1.0966917252406003,-1.4437148586026425
15m,fz1.5_react0_body0.25_cl0.7_cs0.3,model_b,stress,next_close,1.5,0.0,0.25,0.7,0.3,90,1.2,2.0,12,8.0,10.0,SOLUSDT,344,410.18894103244236,0.26744186046511625,-0.679236876864898,-233.6574856415249,,,0.29783501760539727,1.0772796666233624,-1.320504821312993
15m,fz1.5_react0_body0.25_cl0.7_cs0.3,model_b,stress,next_close,1.5,0.0,0.25,0.7,0.3,90,1.2,2.0,12,8.0,10.0,XRPUSDT,351,406.5357732707934,0.301994301994302,-0.5994451689084814,-210.40525428687698,,,0.36361179979475816,1.1341397328550487,-1.3494859835490292
15m,fz1.5_react0_body0.5_cl0.6_cs0.4,model_b,stress,next_close,1.5,0.0,0.5,0.6,0.4,90,1.2,2.0,12,8.0,10.0,ADAUSDT,275,307.2065757614375,0.26181818181818184,-0.6627978582008929,-182.26941100524553,,,0.29407234359014983,1.0545696773052056,-1.2719134372966518
15m,fz1.5_react0_body0.5_cl0.6_cs0.4,model_b,stress,next_close,1.5,0.0,0.5,0.6,0.4,90,1.2,2.0,12,8.0,10.0,AVAXUSDT,314,345.78361232373356,0.267515923566879,-0.6271272917660298,-196.91796961453335,,,0.3439882208630621,1.2292437164551446,-1.305106268681589
15m,fz1.5_react0_body0.5_cl0.6_cs0.4,model_b,stress,next_close,1.5,0.0,0.5,0.6,0.4,90,1.2,2.0,12,8.0,10.0,BNBUSDT,342,378.19755266809636,0.24269005847953215,-1.0263754721685452,-351.02041148164244,,,0.19663225681745145,1.0351294208503838,-1.6870121753367735
15m,fz1.5_react0_body0.5_cl0.6_cs0.4,model_b,stress,next_close,1.5,0.0,0.5,0.6,0.4,90,1.2,2.0,12,8.0,10.0,BTCUSDT,591,656.2216662972228,0.155668358714044,-1.521689474602627,-899.3184794901526,,,0.08290212391439568,0.883640595457809,-1.9651571428302024
15m,fz1.5_react0_body0.5_cl0.6_cs0.4,model_b,stress,next_close,1.5,0.0,0.5,0.6,0.4,90,1.2,2.0,12,8.0,10.0,ETHUSDT,417,458.82038408434795,0.2637889688249401,-0.7875798616162855,-328.420802293991,,,0.2638541446910264,1.0701336533326358,-1.4532101112722506
15m,fz1.5_react0_body0.5_cl0.6_cs0.4,model_b,stress,next_close,1.5,0.0,0.5,0.6,0.4,90,1.2,2.0,12,8.0,10.0,LINKUSDT,307,338.1918944392083,0.2899022801302932,-0.6441831304650117,-197.76422105275861,,,0.3454455717577319,1.1727125717705358,-1.385943302478607
15m,fz1.5_react0_body0.5_cl0.6_cs0.4,model_b,stress,next_close,1.5,0.0,0.5,0.6,0.4,90,1.2,2.0,12,8.0,10.0,LTCUSDT,351,386.5895212966453,0.26495726495726496,-0.7627693920323821,-267.7320566033661,,,0.2826445494530292,1.1342887845246068,-1.4465926882331572
15m,fz1.5_react0_body0.5_cl0.6_cs0.4,model_b,stress,next_close,1.5,0.0,0.5,0.6,0.4,90,1.2,2.0,12,8.0,10.0,SOLUSDT,329,392.30279534788815,0.2765957446808511,-0.6664838791208272,-219.27319623075215,,,0.308856151667891,1.0767923558207864,-1.333030674833797
15m,fz1.5_react0_body0.5_cl0.6_cs0.4,model_b,stress,next_close,1.5,0.0,0.5,0.6,0.4,90,1.2,2.0,12,8.0,10.0,XRPUSDT,319,369.5947660586836,0.322884012539185,-0.5567926750533474,-177.61686334201784,,,0.3915736152680983,1.1098195048533144,-1.351519779360691
15m,fz1.5_react0_body0.5_cl0.7_cs0.3,model_b,stress,next_close,1.5,0.0,0.5,0.7,0.3,90,1.2,2.0,12,8.0,10.0,ADAUSDT,250,279.27870523767047,0.26,-0.6424501369817702,-160.61253424544256,,,0.3051976921006215,1.0853906370607285,-1.2495293278615671
15m,fz1.5_react0_body0.5_cl0.7_cs0.3,model_b,stress,next_close,1.5,0.0,0.5,0.7,0.3,90,1.2,2.0,12,8.0,10.0,AVAXUSDT,297,327.0628435036588,0.25925925925925924,-0.6505464054302901,-193.21228241279616,,,0.32759670491291704,1.222513595202719,-1.3061174056518432
15m,fz1.5_react0_body0.5_cl0.7_cs0.3,model_b,stress,next_close,1.5,0.0,0.5,0.7,0.3,90,1.2,2.0,12,8.0,10.0,BNBUSDT,322,356.08073672259366,0.2546583850931677,-0.996724653665444,-320.945338480273,,,0.2043032749728423,1.0049512105646632,-1.680630573944064
15m,fz1.5_react0_body0.5_cl0.7_cs0.3,model_b,stress,next_close,1.5,0.0,0.5,0.7,0.3,90,1.2,2.0,12,8.0,10.0,BTCUSDT,564,626.2419962633396,0.1524822695035461,-1.512497971219519,-853.0488557678087,,,0.08011330271482771,0.8638647464569182,-1.9400444015964513
15m,fz1.5_react0_body0.5_cl0.7_cs0.3,model_b,stress,next_close,1.5,0.0,0.5,0.7,0.3,90,1.2,2.0,12,8.0,10.0,ETHUSDT,383,421.5296148655011,0.26109660574412535,-0.7865076985034892,-301.2324485268364,,,0.2599478089742523,1.0580971982255236,-1.4383115489377696
15m,fz1.5_react0_body0.5_cl0.7_cs0.3,model_b,stress,next_close,1.5,0.0,0.5,0.7,0.3,90,1.2,2.0,12,8.0,10.0,LINKUSDT,288,317.26145146088595,0.3020833333333333,-0.6072392894187568,-174.88491535260198,,,0.3736478331573942,1.1991595829051083,-1.3891134281858029
15m,fz1.5_react0_body0.5_cl0.7_cs0.3,model_b,stress,next_close,1.5,0.0,0.5,0.7,0.3,90,1.2,2.0,12,8.0,10.0,LTCUSDT,329,362.4499183109212,0.2735562310030395,-0.7266416469585587,-239.06510184936582,,,0.3025456203928707,1.1522553647808809,-1.4341760865257116
15m,fz1.5_react0_body0.5_cl0.7_cs0.3,model_b,stress,next_close,1.5,0.0,0.5,0.7,0.3,90,1.2,2.0,12,8.0,10.0,SOLUSDT,319,380.37869822485203,0.26332288401253917,-0.6939504376899542,-221.3701896230954,,,0.28765502587972624,1.0641955850459535,-1.3223941224125768
15m,fz1.5_react0_body0.5_cl0.7_cs0.3,model_b,stress,next_close,1.5,0.0,0.5,0.7,0.3,90,1.2,2.0,12,8.0,10.0,XRPUSDT,302,349.9678762641285,0.31456953642384106,-0.5812822529677888,-175.54724039627223,,,0.3721547856863078,1.0953210179176764,-1.3507378603789926
15m,fz2.5_react0.25_body0.25_cl0.6_cs0.4,model_b,stress,next_close,2.5,0.25,0.25,0.6,0.4,90,1.2,2.0,12,8.0,10.0,ADAUSDT,122,143.2333757449943,0.2786885245901639,-0.585448829351996,-71.42475718094352,,,0.3477432299279596,1.1199791653044444,-1.2443641909238026
15m,fz2.5_react0.25_body0.25_cl0.6_cs0.4,model_b,stress,next_close,2.5,0.25,0.25,0.6,0.4,90,1.2,2.0,12,8.0,10.0,AVAXUSDT,97,115.8015729801505,0.29896907216494845,-0.4737230680595892,-45.951137601780154,,,0.4454225658868823,1.272647975582501,-1.2184989543187161
15m,fz2.5_react0.25_body0.25_cl0.6_cs0.4,model_b,stress,next_close,2.5,0.25,0.25,0.6,0.4,90,1.2,2.0,12,8.0,10.0,BNBUSDT,191,221.25686345766294,0.24607329842931938,-0.98364233437129,-187.8756858649164,,,0.20127277882688954,1.0073010299183283,-1.633464126882485
15m,fz2.5_react0.25_body0.25_cl0.6_cs0.4,model_b,stress,next_close,2.5,0.25,0.25,0.6,0.4,90,1.2,2.0,12,8.0,10.0,BTCUSDT,82,94.19939062346427,0.21951219512195122,-1.5136051066093572,-124.1156187419673,,,0.09601671234003167,0.7323865523431828,-2.1452902606897593
15m,fz2.5_react0.25_body0.25_cl0.6_cs0.4,model_b,stress,next_close,2.5,0.25,0.25,0.6,0.4,90,1.2,2.0,12,8.0,10.0,ETHUSDT,78,91.48966347762092,0.23076923076923078,-0.7232472712163045,-56.41328715487175,,,0.25034364312091095,1.0466060509801258,-1.2542032678752335
15m,fz2.5_react0.25_body0.25_cl0.6_cs0.4,model_b,stress,next_close,2.5,0.25,0.25,0.6,0.4,90,1.2,2.0,12,8.0,10.0,LINKUSDT,106,116.75149992147009,0.330188679245283,-0.5506198608744426,-58.365705252690915,,,0.4165699091723229,1.1906627432749886,-1.40899860939881
15m,fz2.5_react0.25_body0.25_cl0.6_cs0.4,model_b,stress,next_close,2.5,0.25,0.25,0.6,0.4,90,1.2,2.0,12,8.0,10.0,LTCUSDT,72,112.92753623188406,0.19444444444444445,-0.8271661918931761,-59.55596581630868,,,0.19661636449934627,1.0411035245724614,-1.2781278475917783
15m,fz2.5_react0.25_body0.25_cl0.6_cs0.4,model_b,stress,next_close,2.5,0.25,0.25,0.6,0.4,90,1.2,2.0,12,8.0,10.0,SOLUSDT,100,136.6218585622443,0.29,-0.6779188801465931,-67.7918880146593,,,0.2922269959296878,0.9651750153966348,-1.3490417388896014
15m,fz2.5_react0.25_body0.25_cl0.6_cs0.4,model_b,stress,next_close,2.5,0.25,0.25,0.6,0.4,90,1.2,2.0,12,8.0,10.0,XRPUSDT,64,77.65038062283737,0.3125,-0.5078218207272656,-32.500596526544996,,,0.42012558097196767,1.1773525050938791,-1.2738101506459678
15m,fz2.5_react0.25_body0.25_cl0.7_cs0.3,model_b,stress,next_close,2.5,0.25,0.25,0.7,0.3,90,1.2,2.0,12,8.0,10.0,ADAUSDT,109,127.97080291970802,0.26605504587155965,-0.6245849642881205,-68.07976110740513,,,0.32612719258661255,1.136132819216905,-1.2628451608086921
15m,fz2.5_react0.25_body0.25_cl0.7_cs0.3,model_b,stress,next_close,2.5,0.25,0.25,0.7,0.3,90,1.2,2.0,12,8.0,10.0,AVAXUSDT,94,112.22008103231079,0.2872340425531915,-0.5348589505123912,-50.27674134816478,,,0.4010584246678567,1.246885401712448,-1.2528753312597145
15m,fz2.5_react0.25_body0.25_cl0.7_cs0.3,model_b,stress,next_close,2.5,0.25,0.25,0.7,0.3,90,1.2,2.0,12,8.0,10.0,BNBUSDT,183,211.98956027619016,0.25136612021857924,-0.9711197622481748,-177.71491649141598,,,0.20073142594779006,0.9702612395343466,-1.6229703175912111
15m,fz2.5_react0.25_body0.25_cl0.7_cs0.3,model_b,stress,next_close,2.5,0.25,0.25,0.7,0.3,90,1.2,2.0,12,8.0,10.0,BTCUSDT,77,88.45552534154572,0.2077922077922078,-1.500269893868432,-115.52078182786926,,,0.09970450776825258,0.799594604530863,-2.1035130409895584
15m,fz2.5_react0.25_body0.25_cl0.7_cs0.3,model_b,stress,next_close,2.5,0.25,0.25,0.7,0.3,90,1.2,2.0,12,8.0,10.0,ETHUSDT,75,87.9708302669432,0.18666666666666668,-0.8107273253381263,-60.80454940035948,,,0.20470490789190257,1.117912961573605,-1.2533660797113109
15m,fz2.5_react0.25_body0.25_cl0.7_cs0.3,model_b,stress,next_close,2.5,0.25,0.25,0.7,0.3,90,1.2,2.0,12,8.0,10.0,LINKUSDT,96,105.73720747604838,0.3541666666666667,-0.4957523031616229,-47.5922211035158,,,0.4579160244367087,1.1824324200816558,-1.416047151391808
15m,fz2.5_react0.25_body0.25_cl0.7_cs0.3,model_b,stress,next_close,2.5,0.25,0.25,0.7,0.3,90,1.2,2.0,12,8.0,10.0,LTCUSDT,66,103.5169082125604,0.21212121212121213,-0.8113015934090628,-53.545905164998146,,,0.21686398737491744,1.059128054612534,-1.3148788063379544
15m,fz2.5_react0.25_body0.25_cl0.7_cs0.3,model_b,stress,next_close,2.5,0.25,0.25,0.7,0.3,90,1.2,2.0,12,8.0,10.0,SOLUSDT,94,128.4345555858629,0.2872340425531915,-0.6916959155169479,-65.0194160585931,,,0.2810698110993119,0.941470641687988,-1.3498376624502801
15m,fz2.5_react0.25_body0.25_cl0.7_cs0.3,model_b,stress,next_close,2.5,0.25,0.25,0.7,0.3,90,1.2,2.0,12,8.0,10.0,XRPUSDT,61,74.00539755034254,0.29508196721311475,-0.5240826689615294,-31.9690428066533,,,0.4129378812856349,1.2492742706512114,-1.266418132055235
15m,fz2.5_react0.25_body0.5_cl0.6_cs0.4,model_b,stress,next_close,2.5,0.25,0.5,0.6,0.4,90,1.2,2.0,12,8.0,10.0,ADAUSDT,102,119.77254613040421,0.2647058823529412,-0.5999222844819609,-61.19207301716001,,,0.3300796204770141,1.1166753351975172,-1.217897427566573
15m,fz2.5_react0.25_body0.5_cl0.6_cs0.4,model_b,stress,next_close,2.5,0.25,0.5,0.6,0.4,90,1.2,2.0,12,8.0,10.0,AVAXUSDT,86,102.66943583807156,0.3372093023255814,-0.37040118039604725,-31.85450151406006,,,0.5432986552704382,1.3067098207478351,-1.2236681809780223
15m,fz2.5_react0.25_body0.5_cl0.6_cs0.4,model_b,stress,next_close,2.5,0.25,0.5,0.6,0.4,90,1.2,2.0,12,8.0,10.0,BNBUSDT,172,199.24701840166506,0.25,-0.9484704521398865,-163.13691776806047,,,0.21684639456257626,1.0504830545001163,-1.6147882876865538
15m,fz2.5_react0.25_body0.5_cl0.6_cs0.4,model_b,stress,next_close,2.5,0.25,0.5,0.6,0.4,90,1.2,2.0,12,8.0,10.0,BTCUSDT,80,91.90485551405544,0.2125,-1.5643086391284027,-125.14469113027222,,,0.09538815052421752,0.7762393692589374,-2.195885085836098
15m,fz2.5_react0.25_body0.5_cl0.6_cs0.4,model_b,stress,next_close,2.5,0.25,0.5,0.6,0.4,90,1.2,2.0,12,8.0,10.0,ETHUSDT,71,83.27905265270623,0.2535211267605634,-0.664783245716529,-47.19961044587356,,,0.2804236158689132,1.021888689630356,-1.2376152237588673
15m,fz2.5_react0.25_body0.5_cl0.6_cs0.4,model_b,stress,next_close,2.5,0.25,0.5,0.6,0.4,90,1.2,2.0,12,8.0,10.0,LINKUSDT,100,110.16022620169652,0.28,-0.6812388846944694,-68.12388846944694,,,0.3266537798396534,1.1802952499267998,-1.405168825936074
15m,fz2.5_react0.25_body0.5_cl0.6_cs0.4,model_b,stress,next_close,2.5,0.25,0.5,0.6,0.4,90,1.2,2.0,12,8.0,10.0,LTCUSDT,59,92.49233245406178,0.23728813559322035,-0.7461291741249831,-44.021621273374,,,0.2442921327274363,1.0164675883670804,-1.2944926113447364
15m,fz2.5_react0.25_body0.5_cl0.6_cs0.4,model_b,stress,next_close,2.5,0.25,0.5,0.6,0.4,90,1.2,2.0,12,8.0,10.0,SOLUSDT,94,128.42454704850965,0.2765957446808511,-0.7226352175339452,-67.92771044819085,,,0.2705585825719778,0.9690462938816382,-1.3694546189575505
15m,fz2.5_react0.25_body0.5_cl0.6_cs0.4,model_b,stress,next_close,2.5,0.25,0.5,0.6,0.4,90,1.2,2.0,12,8.0,10.0,XRPUSDT,57,69.15976331360946,0.3508771929824561,-0.37945196471531556,-21.628761988772986,,,0.5272808932204186,1.206258936558037,-1.2365929924306411
15m,fz2.5_react0.25_body0.5_cl0.7_cs0.3,model_b,stress,next_close,2.5,0.25,0.5,0.7,0.3,90,1.2,2.0,12,8.0,10.0,ADAUSDT,93,109.20438029536854,0.23655913978494625,-0.6675215961026422,-62.07950843754572,,,0.28395006440637105,1.118984961987907,-1.2210870084687278
15m,fz2.5_react0.25_body0.5_cl0.7_cs0.3,model_b,stress,next_close,2.5,0.25,0.5,0.7,0.3,90,1.2,2.0,12,8.0,10.0,AVAXUSDT,83,99.08794389023186,0.3132530120481928,-0.44952500521167765,-37.310575432569244,,,0.47753773675077354,1.3116300818574378,-1.2528589045765375
15m,fz2.5_react0.25_body0.5_cl0.7_cs0.3,model_b,stress,next_close,2.5,0.25,0.5,0.7,0.3,90,1.2,2.0,12,8.0,10.0,BNBUSDT,162,187.66288942482407,0.25925925925925924,-0.9452171510325378,-153.12517846727113,,,0.21380608961549757,0.9914885712074208,-1.6230641538165231
15m,fz2.5_react0.25_body0.5_cl0.7_cs0.3,model_b,stress,next_close,2.5,0.25,0.5,0.7,0.3,90,1.2,2.0,12,8.0,10.0,BTCUSDT,73,83.8631806565756,0.2191780821917808,-1.5045270056164384,-109.83047141,,,0.1046675662382569,0.8024734520245439,-2.152106081445486
15m,fz2.5_react0.25_body0.5_cl0.7_cs0.3,model_b,stress,next_close,2.5,0.25,0.5,0.7,0.3,90,1.2,2.0,12,8.0,10.0,ETHUSDT,67,78.58727503846926,0.16417910447761194,-0.8729250443511817,-58.485977971529174,,,0.16600335414367512,1.058306906528725,-1.2522741775597346
15m,fz2.5_react0.25_body0.5_cl0.7_cs0.3,model_b,stress,next_close,2.5,0.25,0.5,0.7,0.3,90,1.2,2.0,12,8.0,10.0,LINKUSDT,94,103.55061262959472,0.2978723404255319,-0.6214813028252028,-58.419242465569056,,,0.3686046860078681,1.218028323745828,-1.4018793262189733
15m,fz2.5_react0.25_body0.5_cl0.7_cs0.3,model_b,stress,next_close,2.5,0.25,0.5,0.7,0.3,90,1.2,2.0,12,8.0,10.0,LTCUSDT,55,86.22166584700675,0.23636363636363636,-0.76254030152673,-41.93971658397015,,,0.25284324259052154,1.0917463827686613,-1.3364861799991128
15m,fz2.5_react0.25_body0.5_cl0.7_cs0.3,model_b,stress,next_close,2.5,0.25,0.5,0.7,0.3,90,1.2,2.0,12,8.0,10.0,SOLUSDT,90,122.96925534816663,0.26666666666666666,-0.7583588015602348,-68.25229214042113,,,0.24322788333419254,0.9140169248902484,-1.3664954293604104
15m,fz2.5_react0.25_body0.5_cl0.7_cs0.3,model_b,stress,next_close,2.5,0.25,0.5,0.7,0.3,90,1.2,2.0,12,8.0,10.0,XRPUSDT,54,65.5265780730897,0.3148148148148148,-0.48204617336475697,-26.030493361696877,,,0.43908380713787515,1.1986238682960566,-1.2542459222359417
15m,fz2.5_react0_body0.25_cl0.6_cs0.4,model_b,stress,next_close,2.5,0.0,0.25,0.6,0.4,90,1.2,2.0,12,8.0,10.0,ADAUSDT,124,145.58146387196143,0.2903225806451613,-0.5608919755151368,-69.55060496387696,,,0.36703711655062904,1.120289205987821,-1.2486479134027102
15m,fz2.5_react0_body0.25_cl0.6_cs0.4,model_b,stress,next_close,2.5,0.0,0.25,0.6,0.4,90,1.2,2.0,12,8.0,10.0,AVAXUSDT,103,122.95618425084261,0.3106796116504854,-0.49445680690013993,-50.92905111071441,,,0.42798062944690435,1.1907730136405583,-1.2539970077072153
15m,fz2.5_react0_body0.25_cl0.6_cs0.4,model_b,stress,next_close,2.5,0.0,0.25,0.6,0.4,90,1.2,2.0,12,8.0,10.0,BNBUSDT,195,225.89051504839935,0.2512820512820513,-0.980203856468851,-191.13975201142594,,,0.19952028157889726,0.9722806764194699,-1.6354897613423285
15m,fz2.5_react0_body0.25_cl0.6_cs0.4,model_b,stress,next_close,2.5,0.0,0.25,0.6,0.4,90,1.2,2.0,12,8.0,10.0,BTCUSDT,86,98.79448284899911,0.20930232558139536,-1.512893218608498,-130.10881680033083,,,0.09708424447240839,0.7772052868676835,-2.1190957641757224
15m,fz2.5_react0_body0.25_cl0.6_cs0.4,model_b,stress,next_close,2.5,0.0,0.25,0.6,0.4,90,1.2,2.0,12,8.0,10.0,ETHUSDT,78,91.48966347762092,0.23076923076923078,-0.7099575484775296,-55.3766887812473,,,0.2543044325759487,1.0491723755533413,-1.2376965256867907
15m,fz2.5_react0_body0.25_cl0.6_cs0.4,model_b,stress,next_close,2.5,0.0,0.25,0.6,0.4,90,1.2,2.0,12,8.0,10.0,LINKUSDT,108,118.95435841055443,0.3055555555555556,-0.5683281310501427,-61.379438153415414,,,0.3937838847000539,1.2082016670762739,-1.350001242225766
15m,fz2.5_react0_body0.25_cl0.6_cs0.4,model_b,stress,next_close,2.5,0.0,0.25,0.6,0.4,90,1.2,2.0,12,8.0,10.0,LTCUSDT,78,122.32174963102108,0.16666666666666666,-0.903061965326597,-70.43883329547457,,,0.13964837308768543,0.8794855287795957,-1.2595714641478355
15m,fz2.5_react0_body0.25_cl0.6_cs0.4,model_b,stress,next_close,2.5,0.0,0.25,0.6,0.4,90,1.2,2.0,12,8.0,10.0,SOLUSDT,106,144.79096221269967,0.2830188679245283,-0.6890720145397787,-73.04163354121654,,,0.27974765553023334,0.9456512427504954,-1.3343575108385712
15m,fz2.5_react0_body0.25_cl0.6_cs0.4,model_b,stress,next_close,2.5,0.0,0.25,0.6,0.4,90,1.2,2.0,12,8.0,10.0,XRPUSDT,62,75.22901238840059,0.3387096774193548,-0.41830725328976487,-25.935049703965422,,,0.47589604398651036,1.1214048929739053,-1.2069403038150592
15m,fz2.5_react0_body0.25_cl0.7_cs0.3,model_b,stress,next_close,2.5,0.0,0.25,0.7,0.3,90,1.2,2.0,12,8.0,10.0,ADAUSDT,112,131.4929351101587,0.2767857142857143,-0.6018171117796037,-67.40351651931562,,,0.34564766723779716,1.1485313025121218,-1.2717035419406344
15m,fz2.5_react0_body0.25_cl0.7_cs0.3,model_b,stress,next_close,2.5,0.0,0.25,0.7,0.3,90,1.2,2.0,12,8.0,10.0,AVAXUSDT,97,115.79368808089062,0.29896907216494845,-0.5233617808499509,-50.76609274244523,,,0.4071053049454703,1.202001302004333,-1.2591783897142776
15m,fz2.5_react0_body0.25_cl0.7_cs0.3,model_b,stress,next_close,2.5,0.0,0.25,0.7,0.3,90,1.2,2.0,12,8.0,10.0,BNBUSDT,186,215.46479896924245,0.24731182795698925,-0.9874110034512609,-183.65844664193452,,,0.19108545445732428,0.943144116500736,-1.621736257149774
15m,fz2.5_react0_body0.25_cl0.7_cs0.3,model_b,stress,next_close,2.5,0.0,0.25,0.7,0.3,90,1.2,2.0,12,8.0,10.0,BTCUSDT,79,90.75307145431314,0.20253164556962025,-1.4915740526867325,-117.83435016225187,,,0.09793862731062178,0.799594604530863,-2.0734581561070744
15m,fz2.5_react0_body0.25_cl0.7_cs0.3,model_b,stress,next_close,2.5,0.0,0.25,0.7,0.3,90,1.2,2.0,12,8.0,10.0,ETHUSDT,76,89.14377467050244,0.18421052631578946,-0.8087067723890817,-61.46171470157021,,,0.20940332118604205,1.1628005177418306,-1.2538858379025135
15m,fz2.5_react0_body0.25_cl0.7_cs0.3,model_b,stress,next_close,2.5,0.0,0.25,0.7,0.3,90,1.2,2.0,12,8.0,10.0,LINKUSDT,100,110.14292445421707,0.32,-0.521660195429553,-52.166019542955304,,,0.43403126822540655,1.2501620202976638,-1.3554588851835374
15m,fz2.5_react0_body0.25_cl0.7_cs0.3,model_b,stress,next_close,2.5,0.0,0.25,0.7,0.3,90,1.2,2.0,12,8.0,10.0,LTCUSDT,69,108.22222222222223,0.18840579710144928,-0.8807411290957512,-60.771137907606835,,,0.16534064505542082,0.9260285540323423,-1.3001698055362017
15m,fz2.5_react0_body0.25_cl0.7_cs0.3,model_b,stress,next_close,2.5,0.0,0.25,0.7,0.3,90,1.2,2.0,12,8.0,10.0,SOLUSDT,96,131.16720570471108,0.28125,-0.6876586506968362,-66.01523046689627,,,0.2780378622864096,0.9416074764277913,-1.325197570006473
15m,fz2.5_react0_body0.25_cl0.7_cs0.3,model_b,stress,next_close,2.5,0.0,0.25,0.7,0.3,90,1.2,2.0,12,8.0,10.0,XRPUSDT,63,76.44238355595543,0.30158730158730157,-0.5108909278895075,-32.186128457038976,,,0.409651927128829,1.175498262907132,-1.2391044420971473
15m,fz2.5_react0_body0.5_cl0.6_cs0.4,model_b,stress,next_close,2.5,0.0,0.5,0.6,0.4,90,1.2,2.0,12,8.0,10.0,ADAUSDT,104,122.1210274270788,0.2692307692307692,-0.6022576115692841,-62.63479160320555,,,0.32719867837374733,1.0878833008684545,-1.224941105625293
15m,fz2.5_react0_body0.5_cl0.6_cs0.4,model_b,stress,next_close,2.5,0.0,0.5,0.6,0.4,90,1.2,2.0,12,8.0,10.0,AVAXUSDT,86,102.66943583807156,0.3372093023255814,-0.3696788210368952,-31.792378609172985,,,0.5437829824535247,1.3067098207478351,-1.2225783054536878
15m,fz2.5_react0_body0.5_cl0.6_cs0.4,model_b,stress,next_close,2.5,0.0,0.5,0.6,0.4,90,1.2,2.0,12,8.0,10.0,BNBUSDT,172,199.24701840166506,0.25,-0.9484704521398865,-163.13691776806047,,,0.21684639456257626,1.0504830545001163,-1.6147882876865538
15m,fz2.5_react0_body0.5_cl0.6_cs0.4,model_b,stress,next_close,2.5,0.0,0.5,0.6,0.4,90,1.2,2.0,12,8.0,10.0,BTCUSDT,80,91.90485551405544,0.2125,-1.5640907527988086,-125.12726022390468,,,0.09540017092544958,0.7762393692589374,-2.1956084047826447
15m,fz2.5_react0_body0.5_cl0.6_cs0.4,model_b,stress,next_close,2.5,0.0,0.5,0.6,0.4,90,1.2,2.0,12,8.0,10.0,ETHUSDT,71,83.27905265270623,0.2535211267605634,-0.664783245716529,-47.19961044587356,,,0.2804236158689132,1.021888689630356,-1.2376152237588673
15m,fz2.5_react0_body0.5_cl0.6_cs0.4,model_b,stress,next_close,2.5,0.0,0.5,0.6,0.4,90,1.2,2.0,12,8.0,10.0,LINKUSDT,100,110.16022620169652,0.28,-0.6703202144799123,-67.03202144799123,,,0.32914951310525853,1.1746047769151426,-1.387791044466878
15m,fz2.5_react0_body0.5_cl0.6_cs0.4,model_b,stress,next_close,2.5,0.0,0.5,0.6,0.4,90,1.2,2.0,12,8.0,10.0,LTCUSDT,60,94.05999910582554,0.23333333333333334,-0.7510040898085292,-45.06024538851175,,,0.24001275488085386,1.0164675883670804,-1.2889302527315407
15m,fz2.5_react0_body0.5_cl0.6_cs0.4,model_b,stress,next_close,2.5,0.0,0.5,0.6,0.4,90,1.2,2.0,12,8.0,10.0,SOLUSDT,96,131.15698421975455,0.28125,-0.7189671400380071,-69.02084544364868,,,0.27032963227526785,0.9470729977392727,-1.3708958896030297
15m,fz2.5_react0_body0.5_cl0.6_cs0.4,model_b,stress,next_close,2.5,0.0,0.5,0.6,0.4,90,1.2,2.0,12,8.0,10.0,XRPUSDT,56,67.95113679620722,0.35714285714285715,-0.3351159216522452,-18.76649161252573,,,0.5624676898299414,1.206258936558037,-1.191435287324624
15m,fz2.5_react0_body0.5_cl0.7_cs0.3,model_b,stress,next_close,2.5,0.0,0.5,0.7,0.3,90,1.2,2.0,12,8.0,10.0,ADAUSDT,95,111.55286159204313,0.24210526315789474,-0.6795561570622157,-64.5578349209105,,,0.27857057922821704,1.083833371205118,-1.242861145258725
15m,fz2.5_react0_body0.5_cl0.7_cs0.3,model_b,stress,next_close,2.5,0.0,0.5,0.7,0.3,90,1.2,2.0,12,8.0,10.0,AVAXUSDT,83,99.08794389023186,0.3132530120481928,-0.4487765364780984,-37.24845252768217,,,0.4779535136865753,1.3116300818574378,-1.2517690290522028
15m,fz2.5_react0_body0.5_cl0.7_cs0.3,model_b,stress,next_close,2.5,0.0,0.5,0.7,0.3,90,1.2,2.0,12,8.0,10.0,BNBUSDT,162,187.66288942482407,0.25925925925925924,-0.9452171510325378,-153.12517846727113,,,0.21380608961549757,0.9914885712074208,-1.6230641538165231
15m,fz2.5_react0_body0.5_cl0.7_cs0.3,model_b,stress,next_close,2.5,0.0,0.5,0.7,0.3,90,1.2,2.0,12,8.0,10.0,BTCUSDT,73,83.8631806565756,0.2191780821917808,-1.504288226077157,-109.81304050363246,,,0.10468244118026991,0.8024734520245439,-2.151800276070617
15m,fz2.5_react0_body0.5_cl0.7_cs0.3,model_b,stress,next_close,2.5,0.0,0.5,0.7,0.3,90,1.2,2.0,12,8.0,10.0,ETHUSDT,67,78.58727503846926,0.16417910447761194,-0.8729250443511817,-58.485977971529174,,,0.16600335414367512,1.058306906528725,-1.2522741775597346
15m,fz2.5_react0_body0.5_cl0.7_cs0.3,model_b,stress,next_close,2.5,0.0,0.5,0.7,0.3,90,1.2,2.0,12,8.0,10.0,LINKUSDT,94,103.55061262959472,0.2978723404255319,-0.6193438855886583,-58.21832524533387,,,0.36940685809903945,1.218028323745828,-1.3988351259123797
15m,fz2.5_react0_body0.5_cl0.7_cs0.3,model_b,stress,next_close,2.5,0.0,0.5,0.7,0.3,90,1.2,2.0,12,8.0,10.0,LTCUSDT,55,86.22166584700675,0.23636363636363636,-0.76254030152673,-41.93971658397015,,,0.25284324259052154,1.0917463827686613,-1.3364861799991128
15m,fz2.5_react0_body0.5_cl0.7_cs0.3,model_b,stress,next_close,2.5,0.0,0.5,0.7,0.3,90,1.2,2.0,12,8.0,10.0,SOLUSDT,91,124.3355804075907,0.26373626373626374,-0.7554198635268158,-68.74320758094024,,,0.24191111191757117,0.9140169248902484,-1.353427071318003
15m,fz2.5_react0_body0.5_cl0.7_cs0.3,model_b,stress,next_close,2.5,0.0,0.5,0.7,0.3,90,1.2,2.0,12,8.0,10.0,XRPUSDT,54,65.52431048205696,0.3148148148148148,-0.4478981755067799,-24.186501477366114,,,0.457252804478474,1.1986238682960566,-1.2044083037405156
15m,fz2_react0.25_body0.25_cl0.6_cs0.4,model_b,stress,next_close,2.0,0.25,0.25,0.6,0.4,90,1.2,2.0,12,8.0,10.0,ADAUSDT,189,221.8943279983928,0.2751322751322751,-0.600896696067373,-113.56947555673348,,,0.33802642167236374,1.1152398237193095,-1.2522769809499092
15m,fz2_react0.25_body0.25_cl0.6_cs0.4,model_b,stress,next_close,2.0,0.25,0.25,0.6,0.4,90,1.2,2.0,12,8.0,10.0,AVAXUSDT,175,192.71379667724003,0.2571428571428571,-0.6183300680681179,-108.20776191192063,,,0.33499461079521026,1.2113190751749154,-1.2516701561137833
15m,fz2_react0.25_body0.25_cl0.6_cs0.4,model_b,stress,next_close,2.0,0.25,0.25,0.6,0.4,90,1.2,2.0,12,8.0,10.0,BNBUSDT,273,310.6533393911858,0.23443223443223443,-1.0587777502408797,-289.04632581576016,,,0.17753192572590007,0.9748659334618738,-1.681520313671388
15m,fz2_react0.25_body0.25_cl0.6_cs0.4,model_b,stress,next_close,2.0,0.25,0.25,0.6,0.4,90,1.2,2.0,12,8.0,10.0,BTCUSDT,264,303.2760868852996,0.125,-1.7857588668766395,-471.44034085543285,,,0.0501620277476215,0.7544637165297562,-2.1486478073632673
15m,fz2_react0.25_body0.25_cl0.6_cs0.4,model_b,stress,next_close,2.0,0.25,0.25,0.6,0.4,90,1.2,2.0,12,8.0,10.0,ETHUSDT,175,195.83825359844252,0.2342857142857143,-0.7672383957016583,-134.2667192477902,,,0.250764754295538,1.0960561828576827,-1.3373509160071282
15m,fz2_react0.25_body0.25_cl0.6_cs0.4,model_b,stress,next_close,2.0,0.25,0.25,0.6,0.4,90,1.2,2.0,12,8.0,10.0,LINKUSDT,193,212.57584419663894,0.2849740932642487,-0.6563901392965487,-126.6832968842339,,,0.3353112234769995,1.1619472498107206,-1.38108982336104
15m,fz2_react0.25_body0.25_cl0.6_cs0.4,model_b,stress,next_close,2.0,0.25,0.25,0.6,0.4,90,1.2,2.0,12,8.0,10.0,LTCUSDT,162,182.50764683202672,0.20987654320987653,-0.8528298513319346,-138.1584359157734,,,0.22057332734987187,1.149942756218541,-1.3848163252125296
15m,fz2_react0.25_body0.25_cl0.6_cs0.4,model_b,stress,next_close,2.0,0.25,0.25,0.6,0.4,90,1.2,2.0,12,8.0,10.0,SOLUSDT,167,205.38346603065483,0.2994011976047904,-0.6237590370727052,-104.16775919114177,,,0.3399854656380545,1.0731740672138452,-1.3489441243746498
15m,fz2_react0.25_body0.25_cl0.6_cs0.4,model_b,stress,next_close,2.0,0.25,0.25,0.6,0.4,90,1.2,2.0,12,8.0,10.0,XRPUSDT,160,194.12595155709343,0.30625,-0.5856775815211965,-93.70841304339145,,,0.36233418149254265,1.086672486881432,-1.323922206311546
15m,fz2_react0.25_body0.25_cl0.7_cs0.3,model_b,stress,next_close,2.0,0.25,0.25,0.7,0.3,90,1.2,2.0,12,8.0,10.0,ADAUSDT,171,200.76153485568875,0.26900584795321636,-0.5975090100951265,-102.17404072626663,,,0.34695142885152014,1.1800650121285472,-1.2516562502734385
15m,fz2_react0.25_body0.25_cl0.7_cs0.3,model_b,stress,next_close,2.0,0.25,0.25,0.7,0.3,90,1.2,2.0,12,8.0,10.0,AVAXUSDT,170,187.20768820074747,0.2411764705882353,-0.6739502441944691,-114.57154151305976,,,0.29760481029957037,1.1839989509382103,-1.2644612286940031
15m,fz2_react0.25_body0.25_cl0.7_cs0.3,model_b,stress,next_close,2.0,0.25,0.25,0.7,0.3,90,1.2,2.0,12,8.0,10.0,BNBUSDT,260,295.8603232297008,0.23846153846153847,-1.0360696871375543,-269.3781186557641,,,0.18109788147635605,0.9608420501049021,-1.6613652816276163
15m,fz2_react0.25_body0.25_cl0.7_cs0.3,model_b,stress,next_close,2.0,0.25,0.25,0.7,0.3,90,1.2,2.0,12,8.0,10.0,BTCUSDT,250,287.19326409592765,0.128,-1.7430616023876557,-435.76540059691393,,,0.05539270709662129,0.7985535821159402,-2.1161427303881837
15m,fz2_react0.25_body0.25_cl0.7_cs0.3,model_b,stress,next_close,2.0,0.25,0.25,0.7,0.3,90,1.2,2.0,12,8.0,10.0,ETHUSDT,164,183.52842051511186,0.21951219512195122,-0.7822927664801286,-128.29601370274108,,,0.24320270104787986,1.1452478427984685,-1.324413562839734
15m,fz2_react0.25_body0.25_cl0.7_cs0.3,model_b,stress,next_close,2.0,0.25,0.25,0.7,0.3,90,1.2,2.0,12,8.0,10.0,LINKUSDT,175,192.75011779487986,0.29714285714285715,-0.6425343439978328,-112.44351019962075,,,0.3497219097500066,1.1629332043183125,-1.4058214375949023
15m,fz2_react0.25_body0.25_cl0.7_cs0.3,model_b,stress,next_close,2.0,0.25,0.25,0.7,0.3,90,1.2,2.0,12,8.0,10.0,LTCUSDT,148,166.73538105641947,0.22972972972972974,-0.8022133133861562,-118.72757038115111,,,0.2499142952927047,1.163463795945163,-1.3884678898533918
15m,fz2_react0.25_body0.25_cl0.7_cs0.3,model_b,stress,next_close,2.0,0.25,0.25,0.7,0.3,90,1.2,2.0,12,8.0,10.0,SOLUSDT,161,198.00441934691872,0.2919254658385093,-0.6488848295913177,-104.47045756420215,,,0.3205705281520976,1.0487569458597206,-1.3487897721018336
15m,fz2_react0.25_body0.25_cl0.7_cs0.3,model_b,stress,next_close,2.0,0.25,0.25,0.7,0.3,90,1.2,2.0,12,8.0,10.0,XRPUSDT,150,181.98048577953082,0.29333333333333333,-0.620798986409914,-93.11984796148711,,,0.33952973314401064,1.0879629917221196,-1.3300964112949092
15m,fz2_react0.25_body0.5_cl0.6_cs0.4,model_b,stress,next_close,2.0,0.25,0.5,0.6,0.4,90,1.2,2.0,12,8.0,10.0,ADAUSDT,163,191.40122567897927,0.25153374233128833,-0.6630514505025952,-108.07738643192302,,,0.2879589798337398,1.0660475826466527,-1.2441421091838998
15m,fz2_react0.25_body0.5_cl0.6_cs0.4,model_b,stress,next_close,2.0,0.25,0.5,0.6,0.4,90,1.2,2.0,12,8.0,10.0,AVAXUSDT,152,167.3856976853742,0.29605263157894735,-0.5110647142343349,-77.6818365636189,,,0.4206015216413643,1.2531425025911826,-1.2530210203759076
15m,fz2_react0.25_body0.5_cl0.6_cs0.4,model_b,stress,next_close,2.0,0.25,0.5,0.6,0.4,90,1.2,2.0,12,8.0,10.0,BNBUSDT,247,281.06730706821577,0.2388663967611336,-1.0277763495899581,-253.86075834871963,,,0.191252078897812,1.0175049922576258,-1.669646557935742
15m,fz2_react0.25_body0.5_cl0.6_cs0.4,model_b,stress,next_close,2.0,0.25,0.5,0.6,0.4,90,1.2,2.0,12,8.0,10.0,BTCUSDT,243,279.1609986239434,0.13580246913580246,-1.8048128660521114,-438.5695264506631,,,0.051600345116906865,0.7230789705678557,-2.2020530118066777
15m,fz2_react0.25_body0.5_cl0.6_cs0.4,model_b,stress,next_close,2.0,0.25,0.5,0.6,0.4,90,1.2,2.0,12,8.0,10.0,ETHUSDT,152,170.09951169693295,0.2565789473684211,-0.7244604781091961,-110.11799267259781,,,0.27290557419736505,1.0597789042184012,-1.3402599109479243
15m,fz2_react0.25_body0.5_cl0.6_cs0.4,model_b,stress,next_close,2.0,0.25,0.5,0.6,0.4,90,1.2,2.0,12,8.0,10.0,LINKUSDT,182,200.49161168708767,0.25824175824175827,-0.7338156436934964,-133.55444715221634,,,0.2896282285499969,1.1585524200825301,-1.3926400807118169
15m,fz2_react0.25_body0.5_cl0.6_cs0.4,model_b,stress,next_close,2.0,0.25,0.5,0.6,0.4,90,1.2,2.0,12,8.0,10.0,LTCUSDT,140,157.7226577560725,0.21428571428571427,-0.8484314260305954,-118.78039964428336,,,0.22348237201747215,1.1395030198543903,-1.39059536581741
15m,fz2_react0.25_body0.5_cl0.6_cs0.4,model_b,stress,next_close,2.0,0.25,0.5,0.6,0.4,90,1.2,2.0,12,8.0,10.0,SOLUSDT,156,191.82830089426616,0.30128205128205127,-0.6461381612439824,-100.79755315406125,,,0.32564386984483645,1.0356326390363904,-1.3713053870529504
15m,fz2_react0.25_body0.5_cl0.6_cs0.4,model_b,stress,next_close,2.0,0.25,0.5,0.6,0.4,90,1.2,2.0,12,8.0,10.0,XRPUSDT,138,167.43942696979133,0.3333333333333333,-0.509916313076428,-70.36845120454707,,,0.42088853506549495,1.1117959650876974,-1.3207724521584907
15m,fz2_react0.25_body0.5_cl0.7_cs0.3,model_b,stress,next_close,2.0,0.25,0.5,0.7,0.3,90,1.2,2.0,12,8.0,10.0,ADAUSDT,150,176.13609725059442,0.22666666666666666,-0.6977112063933264,-104.65668095899896,,,0.2648565369381111,1.1089874641525526,-1.227260816725739
15m,fz2_react0.25_body0.5_cl0.7_cs0.3,model_b,stress,next_close,2.0,0.25,0.5,0.7,0.3,90,1.2,2.0,12,8.0,10.0,AVAXUSDT,147,161.87958920888164,0.272108843537415,-0.5685247965279712,-83.57314508961176,,,0.37592079364676184,1.2585294746970146,-1.2515357390419843
15m,fz2_react0.25_body0.5_cl0.7_cs0.3,model_b,stress,next_close,2.0,0.25,0.5,0.7,0.3,90,1.2,2.0,12,8.0,10.0,BNBUSDT,234,266.2742909067307,0.24786324786324787,-1.017911252209999,-238.19123301713975,,,0.19173855803963732,0.974216261903562,-1.674407819361059
15m,fz2_react0.25_body0.5_cl0.7_cs0.3,model_b,stress,next_close,2.0,0.25,0.5,0.7,0.3,90,1.2,2.0,12,8.0,10.0,BTCUSDT,227,260.7800275211323,0.14096916299559473,-1.7390016078562323,-394.75336498336475,,,0.05556990908961987,0.7258480807656176,-2.1434897618864848
15m,fz2_react0.25_body0.5_cl0.7_cs0.3,model_b,stress,next_close,2.0,0.25,0.5,0.7,0.3,90,1.2,2.0,12,8.0,10.0,ETHUSDT,143,160.02783008329877,0.21678321678321677,-0.804480771256743,-115.04075028971425,,,0.22852356228193738,1.0992546983553257,-1.3314075530243692
15m,fz2_react0.25_body0.5_cl0.7_cs0.3,model_b,stress,next_close,2.0,0.25,0.5,0.7,0.3,90,1.2,2.0,12,8.0,10.0,LINKUSDT,168,185.06918001885015,0.27976190476190477,-0.6738639448507666,-113.20914273492879,,,0.3342736724505596,1.2094560300420663,-1.4054014557595529
15m,fz2_react0.25_body0.5_cl0.7_cs0.3,model_b,stress,next_close,2.0,0.25,0.5,0.7,0.3,90,1.2,2.0,12,8.0,10.0,LTCUSDT,132,148.7099344557255,0.2196969696969697,-0.8255373074736925,-108.9709245865274,,,0.23969641657391175,1.1846420436079073,-1.3915101344772496
15m,fz2_react0.25_body0.5_cl0.7_cs0.3,model_b,stress,next_close,2.0,0.25,0.5,0.7,0.3,90,1.2,2.0,12,8.0,10.0,SOLUSDT,149,183.38783390080383,0.28187919463087246,-0.6923244027911714,-103.15633601588453,,,0.28865086027403436,0.9966362129576949,-1.355280906169231
15m,fz2_react0.25_body0.5_cl0.7_cs0.3,model_b,stress,next_close,2.0,0.25,0.5,0.7,0.3,90,1.2,2.0,12,8.0,10.0,XRPUSDT,132,160.17607973421926,0.30303030303030304,-0.5883730567627072,-77.66524349267736,,,0.3604191617085361,1.0941557453588002,-1.3199073185546673
15m,fz2_react0_body0.25_cl0.6_cs0.4,model_b,stress,next_close,2.0,0.0,0.25,0.6,0.4,90,1.2,2.0,12,8.0,10.0,ADAUSDT,194,227.76454831581063,0.28350515463917525,-0.5877762222354563,-114.02858711367853,,,0.34436631437021564,1.088956313642541,-1.2512315421871818
15m,fz2_react0_body0.25_cl0.6_cs0.4,model_b,stress,next_close,2.0,0.0,0.25,0.6,0.4,90,1.2,2.0,12,8.0,10.0,AVAXUSDT,185,203.71321797569325,0.2648648648648649,-0.6441476278693231,-119.16731115582478,,,0.31358119131220324,1.1110200351165411,-1.2765242123274654
15m,fz2_react0_body0.25_cl0.6_cs0.4,model_b,stress,next_close,2.0,0.0,0.25,0.6,0.4,90,1.2,2.0,12,8.0,10.0,BNBUSDT,279,317.5117977345753,0.23655913978494625,-1.0536782362679495,-293.9762279187579,,,0.1773937965161662,0.9605383868377952,-1.677801696948603
15m,fz2_react0_body0.25_cl0.6_cs0.4,model_b,stress,next_close,2.0,0.0,0.25,0.6,0.4,90,1.2,2.0,12,8.0,10.0,BTCUSDT,271,311.31749827998556,0.12546125461254612,-1.786753634456901,-484.2102349378202,,,0.05279469406148634,0.7937819211797111,-2.156957047501816
15m,fz2_react0_body0.25_cl0.6_cs0.4,model_b,stress,next_close,2.0,0.0,0.25,0.6,0.4,90,1.2,2.0,12,8.0,10.0,ETHUSDT,179,200.3145565378355,0.22905027932960895,-0.7669447251473724,-137.28310580137966,,,0.251700830212523,1.1262702790113581,-1.3294216466727922
15m,fz2_react0_body0.25_cl0.6_cs0.4,model_b,stress,next_close,2.0,0.0,0.25,0.6,0.4,90,1.2,2.0,12,8.0,10.0,LINKUSDT,198,218.08299041934978,0.2777777777777778,-0.6583162421474185,-130.34661594518886,,,0.3291246586193678,1.1626678495174054,-1.3586947389415815
15m,fz2_react0_body0.25_cl0.6_cs0.4,model_b,stress,next_close,2.0,0.0,0.25,0.6,0.4,90,1.2,2.0,12,8.0,10.0,LTCUSDT,172,193.70509073390073,0.19186046511627908,-0.9033507875407657,-155.3763354570117,,,0.18881064573955877,1.0959107059508997,-1.3779956025423843
15m,fz2_react0_body0.25_cl0.6_cs0.4,model_b,stress,next_close,2.0,0.0,0.25,0.6,0.4,90,1.2,2.0,12,8.0,10.0,SOLUSDT,179,220.14155939812704,0.2905027932960894,-0.6392695517955924,-114.42924977141104,,,0.32732230740593643,1.07078501573971,-1.3394493747234328
15m,fz2_react0_body0.25_cl0.6_cs0.4,model_b,stress,next_close,2.0,0.0,0.25,0.6,0.4,90,1.2,2.0,12,8.0,10.0,XRPUSDT,161,195.35275797633057,0.3105590062111801,-0.5615069952676212,-90.40262623808701,,,0.37043835496136795,1.063870406074988,-1.2936589778543819
15m,fz2_react0_body0.25_cl0.7_cs0.3,model_b,stress,next_close,2.0,0.0,0.25,0.7,0.3,90,1.2,2.0,12,8.0,10.0,ADAUSDT,179,210.15388736355723,0.27932960893854747,-0.5791049433675791,-103.65978486279666,,,0.359152404102708,1.1618881362928504,-1.2539084626158075
15m,fz2_react0_body0.25_cl0.7_cs0.3,model_b,stress,next_close,2.0,0.0,0.25,0.7,0.3,90,1.2,2.0,12,8.0,10.0,AVAXUSDT,175,192.70169267970982,0.25142857142857145,-0.6687674148423348,-117.0342975974086,,,0.29484476025907863,1.1121648201593066,-1.26694312736197
15m,fz2_react0_body0.25_cl0.7_cs0.3,model_b,stress,next_close,2.0,0.0,0.25,0.7,0.3,90,1.2,2.0,12,8.0,10.0,BNBUSDT,265,301.589094449854,0.2339622641509434,-1.0488378447886892,-277.9420288690026,,,0.1750805695361538,0.9514565304774508,-1.6597651909290865
15m,fz2_react0_body0.25_cl0.7_cs0.3,model_b,stress,next_close,2.0,0.0,0.25,0.7,0.3,90,1.2,2.0,12,8.0,10.0,BTCUSDT,257,295.2346754906136,0.1245136186770428,-1.7578446189959045,-451.7660670819475,,,0.05581635896038827,0.8345813207813952,-2.126545197097565
15m,fz2_react0_body0.25_cl0.7_cs0.3,model_b,stress,next_close,2.0,0.0,0.25,0.7,0.3,90,1.2,2.0,12,8.0,10.0,ETHUSDT,168,188.00472345450484,0.22023809523809523,-0.7718104399058694,-129.66415390418607,,,0.2515619307811198,1.177896838284657,-1.3224911215322013
15m,fz2_react0_body0.25_cl0.7_cs0.3,model_b,stress,next_close,2.0,0.0,0.25,0.7,0.3,90,1.2,2.0,12,8.0,10.0,LINKUSDT,184,202.6629809957594,0.2717391304347826,-0.6753653317709557,-124.26722104585585,,,0.32473127645404115,1.1951820632151873,-1.3733307776613075
15m,fz2_react0_body0.25_cl0.7_cs0.3,model_b,stress,next_close,2.0,0.0,0.25,0.7,0.3,90,1.2,2.0,12,8.0,10.0,LTCUSDT,155,174.6215139442231,0.2129032258064516,-0.8633130219762823,-133.81351840632377,,,0.21555475400793603,1.1142458371110726,-1.3982264838605671
15m,fz2_react0_body0.25_cl0.7_cs0.3,model_b,stress,next_close,2.0,0.0,0.25,0.7,0.3,90,1.2,2.0,12,8.0,10.0,SOLUSDT,167,205.38346603065483,0.281437125748503,-0.6617792468469275,-110.51713422343688,,,0.30979969131837737,1.055449815819905,-1.3343606297247703
15m,fz2_react0_body0.25_cl0.7_cs0.3,model_b,stress,next_close,2.0,0.0,0.25,0.7,0.3,90,1.2,2.0,12,8.0,10.0,XRPUSDT,155,188.07253097100147,0.2967741935483871,-0.6013293316773529,-93.20604640998971,,,0.3519826787989028,1.100578266979291,-1.3195655659728174
15m,fz2_react0_body0.5_cl0.6_cs0.4,model_b,stress,next_close,2.0,0.0,0.5,0.6,0.4,90,1.2,2.0,12,8.0,10.0,ADAUSDT,165,193.74970697565385,0.2545454545454545,-0.6637582122301124,-109.52010501796855,,,0.2866931336483025,1.0480583157737269,-1.248280929109472
15m,fz2_react0_body0.5_cl0.6_cs0.4,model_b,stress,next_close,2.0,0.0,0.5,0.6,0.4,90,1.2,2.0,12,8.0,10.0,AVAXUSDT,153,168.48691938067273,0.29411764705882354,-0.5090757268374818,-77.88858620613472,,,0.4199539254617146,1.2531425025911826,-1.2433333224327587
15m,fz2_react0_body0.5_cl0.6_cs0.4,model_b,stress,next_close,2.0,0.0,0.5,0.6,0.4,90,1.2,2.0,12,8.0,10.0,BNBUSDT,248,282.20523138833,0.23790322580645162,-1.0183715262524817,-252.55613851061548,,,0.19409174372570145,1.030925717903137,-1.6580992373910084
15m,fz2_react0_body0.5_cl0.6_cs0.4,model_b,stress,next_close,2.0,0.0,0.5,0.6,0.4,90,1.2,2.0,12,8.0,10.0,BTCUSDT,244,280.3098093178691,0.13524590163934427,-1.8078680962642906,-441.1198154884869,,,0.051317332100881026,0.7230789705678557,-2.20370341951292
15m,fz2_react0_body0.5_cl0.6_cs0.4,model_b,stress,next_close,2.0,0.0,0.5,0.6,0.4,90,1.2,2.0,12,8.0,10.0,ETHUSDT,152,170.09951169693295,0.2565789473684211,-0.7244604781091961,-110.11799267259781,,,0.27290557419736505,1.0597789042184012,-1.3402599109479243
15m,fz2_react0_body0.5_cl0.6_cs0.4,model_b,stress,next_close,2.0,0.0,0.5,0.6,0.4,90,1.2,2.0,12,8.0,10.0,LINKUSDT,182,200.49161168708767,0.26373626373626374,-0.7215193459079515,-131.31652095524717,,,0.2941038433893985,1.1398245676726617,-1.388269404503992
15m,fz2_react0_body0.5_cl0.6_cs0.4,model_b,stress,next_close,2.0,0.0,0.5,0.6,0.4,90,1.2,2.0,12,8.0,10.0,LTCUSDT,141,158.84924816861587,0.2127659574468085,-0.8497803103505043,-119.8190237594211,,,0.22197517734376104,1.1395030198543903,-1.3874244536491245
15m,fz2_react0_body0.5_cl0.6_cs0.4,model_b,stress,next_close,2.0,0.0,0.5,0.6,0.4,90,1.2,2.0,12,8.0,10.0,SOLUSDT,160,196.7400757469491,0.29375,-0.671144670302113,-107.38314724833808,,,0.3069630301605348,1.0119707066095638,-1.3712015084866156
15m,fz2_react0_body0.5_cl0.6_cs0.4,model_b,stress,next_close,2.0,0.0,0.5,0.6,0.4,90,1.2,2.0,12,8.0,10.0,XRPUSDT,137,166.23760251929266,0.3357664233576642,-0.4927458454620425,-67.50618082829982,,,0.431042003403396,1.1117959650876974,-1.3038329145311418
15m,fz2_react0_body0.5_cl0.7_cs0.3,model_b,stress,next_close,2.0,0.0,0.5,0.7,0.3,90,1.2,2.0,12,8.0,10.0,ADAUSDT,152,178.484578547269,0.23026315789473684,-0.7048355752787089,-107.13500744236374,,,0.26190691974582003,1.08617349014773,-1.2406075179276435
15m,fz2_react0_body0.5_cl0.7_cs0.3,model_b,stress,next_close,2.0,0.0,0.5,0.7,0.3,90,1.2,2.0,12,8.0,10.0,AVAXUSDT,147,161.87958920888164,0.272108843537415,-0.5606178470441041,-82.4108235154833,,,0.3792122004834161,1.2585294746970146,-1.2406729205921858
15m,fz2_react0_body0.5_cl0.7_cs0.3,model_b,stress,next_close,2.0,0.0,0.5,0.7,0.3,90,1.2,2.0,12,8.0,10.0,BNBUSDT,235,267.4122152268449,0.24680851063829787,-1.0121244787096944,-237.84925249677818,,,0.19412914308073784,0.9878683793705476,-1.667489370058022
15m,fz2_react0_body0.5_cl0.7_cs0.3,model_b,stress,next_close,2.0,0.0,0.5,0.7,0.3,90,1.2,2.0,12,8.0,10.0,BTCUSDT,229,263.0776489089837,0.13973799126637554,-1.7533196484719438,-401.51019950007515,,,0.054685888199155,0.7258480807656176,-2.1560270968760147
15m,fz2_react0_body0.5_cl0.7_cs0.3,model_b,stress,next_close,2.0,0.0,0.5,0.7,0.3,90,1.2,2.0,12,8.0,10.0,ETHUSDT,143,160.02783008329877,0.21678321678321677,-0.804192010750737,-114.99945753735538,,,0.2285868611664605,1.0992546983553257,-1.3310388677354508
15m,fz2_react0_body0.5_cl0.7_cs0.3,model_b,stress,next_close,2.0,0.0,0.5,0.7,0.3,90,1.2,2.0,12,8.0,10.0,LINKUSDT,168,185.06918001885015,0.27976190476190477,-0.6726680090160333,-113.00822551469359,,,0.33466908184533134,1.2094560300420663,-1.4037409828650473
15m,fz2_react0_body0.5_cl0.7_cs0.3,model_b,stress,next_close,2.0,0.0,0.5,0.7,0.3,90,1.2,2.0,12,8.0,10.0,LTCUSDT,132,148.7099344557255,0.2196969696969697,-0.8255373074736925,-108.9709245865274,,,0.23969641657391175,1.1846420436079073,-1.3915101344772496
15m,fz2_react0_body0.5_cl0.7_cs0.3,model_b,stress,next_close,2.0,0.0,0.5,0.7,0.3,90,1.2,2.0,12,8.0,10.0,SOLUSDT,151,185.84941556390186,0.2781456953642384,-0.6953324429669736,-104.99519888801301,,,0.2850364565824459,0.9966362129576949,-1.347283668185653
15m,fz2_react0_body0.5_cl0.7_cs0.3,model_b,stress,next_close,2.0,0.0,0.5,0.7,0.3,90,1.2,2.0,12,8.0,10.0,XRPUSDT,132,160.170536733917,0.30303030303030304,-0.574403421275353,-75.8212516083466,,,0.36597668329224337,1.0941557453588002,-1.2998639285075937
15m,fz1.5_react0.25_body0.25_cl0.6_cs0.4,model_b,stress,next_open,1.5,0.25,0.25,0.6,0.4,90,1.2,2.0,12,8.0,10.0,ADAUSDT,328,366.42533532991365,0.2774390243902439,-0.6228356623856744,-204.2900972625012,,,0.3353838880720515,1.1328626345155348,-1.2969645443182063
15m,fz1.5_react0.25_body0.25_cl0.6_cs0.4,model_b,stress,next_open,1.5,0.25,0.25,0.6,0.4,90,1.2,2.0,12,8.0,10.0,AVAXUSDT,405,445.96677448732845,0.2518518518518518,-0.7227710258420896,-292.7222654660463,,,0.3054893533692553,1.2623295749404424,-1.391022713234229
15m,fz1.5_react0.25_body0.25_cl0.6_cs0.4,model_b,stress,next_open,1.5,0.25,0.25,0.6,0.4,90,1.2,2.0,12,8.0,10.0,BNBUSDT,431,476.4671164638376,0.22505800464037123,-1.1050938930908762,-476.2954679221677,,,0.18059740455062462,1.0822282943478883,-1.7403341690835716
15m,fz1.5_react0.25_body0.25_cl0.6_cs0.4,model_b,stress,next_open,1.5,0.25,0.25,0.6,0.4,90,1.2,2.0,12,8.0,10.0,BTCUSDT,715,793.8306630359066,0.15524475524475526,-1.5595694437478977,-1115.0921522797469,,,0.08078727197885835,0.882906460066455,-2.0084350485879527
15m,fz1.5_react0.25_body0.25_cl0.6_cs0.4,model_b,stress,next_open,1.5,0.25,0.25,0.6,0.4,90,1.2,2.0,12,8.0,10.0,ETHUSDT,501,551.2446341157274,0.2435129740518962,-0.8139052391793431,-407.7665248288509,,,0.25354031143642636,1.1352523235644394,-1.4413385443369724
15m,fz1.5_react0.25_body0.25_cl0.6_cs0.4,model_b,stress,next_open,1.5,0.25,0.25,0.6,0.4,90,1.2,2.0,12,8.0,10.0,LINKUSDT,359,395.37584019096676,0.29526462395543174,-0.5998358801020136,-215.3410809566229,,,0.384846748267189,1.2709413826317495,-1.3836397925517328
15m,fz1.5_react0.25_body0.25_cl0.6_cs0.4,model_b,stress,next_open,1.5,0.25,0.25,0.6,0.4,90,1.2,2.0,12,8.0,10.0,LTCUSDT,412,453.6463495054168,0.2766990291262136,-0.7380394474489166,-304.0722523489536,,,0.2976388862957218,1.1303193223578956,-1.4527807218045428
15m,fz1.5_react0.25_body0.25_cl0.6_cs0.4,model_b,stress,next_open,1.5,0.25,0.25,0.6,0.4,90,1.2,2.0,12,8.0,10.0,SOLUSDT,395,471.00183635992653,0.2708860759493671,-0.6869965661009722,-271.363643609884,,,0.3193471080983611,1.1898855154184043,-1.384310394998796
15m,fz1.5_react0.25_body0.25_cl0.6_cs0.4,model_b,stress,next_open,1.5,0.25,0.25,0.6,0.4,90,1.2,2.0,12,8.0,10.0,XRPUSDT,408,472.5544031181872,0.29901960784313725,-0.6418103201198848,-261.858610608913,,,0.3451478201538262,1.1312768133238509,-1.3981621742462336
15m,fz1.5_react0.25_body0.25_cl0.7_cs0.3,model_b,stress,next_open,1.5,0.25,0.25,0.7,0.3,90,1.2,2.0,12,8.0,10.0,ADAUSDT,298,332.9108229521777,0.27181208053691275,-0.6041913641402868,-180.04902651380547,,,0.3486616373848647,1.189880277306818,-1.2738678754638604
15m,fz1.5_react0.25_body0.25_cl0.7_cs0.3,model_b,stress,next_open,1.5,0.25,0.25,0.7,0.3,90,1.2,2.0,12,8.0,10.0,AVAXUSDT,383,421.74141883616494,0.2402088772845953,-0.7412319231655864,-283.8918265724196,,,0.2925913250306952,1.2763098653198686,-1.3790801861919157
15m,fz1.5_react0.25_body0.25_cl0.7_cs0.3,model_b,stress,next_open,1.5,0.25,0.25,0.7,0.3,90,1.2,2.0,12,8.0,10.0,BNBUSDT,395,436.6693990793871,0.23544303797468355,-1.0669832150312928,-421.45836993736066,,,0.19158631986957728,1.0739957819389603,-1.7262913167472977
15m,fz1.5_react0.25_body0.25_cl0.7_cs0.3,model_b,stress,next_open,1.5,0.25,0.25,0.7,0.3,90,1.2,2.0,12,8.0,10.0,BTCUSDT,670,743.9870792032175,0.15074626865671642,-1.5674375792597568,-1050.183178104037,,,0.07950454983139733,0.89807792269681,-2.005077413526213
15m,fz1.5_react0.25_body0.25_cl0.7_cs0.3,model_b,stress,next_open,1.5,0.25,0.25,0.7,0.3,90,1.2,2.0,12,8.0,10.0,ETHUSDT,458,503.9322204091879,0.24890829694323144,-0.7989239029809502,-365.9071475652752,,,0.25967714776991635,1.1258450394506996,-1.4367833780891133
15m,fz1.5_react0.25_body0.25_cl0.7_cs0.3,model_b,stress,next_open,1.5,0.25,0.25,0.7,0.3,90,1.2,2.0,12,8.0,10.0,LINKUSDT,342,376.65330736855327,0.2953216374269006,-0.6134447596785678,-209.79810781007018,,,0.379388874255566,1.2698289588161387,-1.4027005504170131
15m,fz1.5_react0.25_body0.25_cl0.7_cs0.3,model_b,stress,next_open,1.5,0.25,0.25,0.7,0.3,90,1.2,2.0,12,8.0,10.0,LTCUSDT,393,432.71217735351377,0.272264631043257,-0.7394802056501758,-290.6157208205191,,,0.2971972282408373,1.1485412964793162,-1.445837900502818
15m,fz1.5_react0.25_body0.25_cl0.7_cs0.3,model_b,stress,next_open,1.5,0.25,0.25,0.7,0.3,90,1.2,2.0,12,8.0,10.0,SOLUSDT,374,445.9612324015507,0.2700534759358289,-0.6911860495025047,-258.50358251393675,,,0.3156558673385764,1.180550340014911,-1.3836599518514388
15m,fz1.5_react0.25_body0.25_cl0.7_cs0.3,model_b,stress,next_open,1.5,0.25,0.25,0.7,0.3,90,1.2,2.0,12,8.0,10.0,XRPUSDT,376,435.49131267754507,0.300531914893617,-0.6370791442013434,-239.5417582197051,,,0.3446614620384536,1.1148843199637335,-1.389823902568848
15m,fz1.5_react0.25_body0.5_cl0.6_cs0.4,model_b,stress,next_open,1.5,0.25,0.5,0.6,0.4,90,1.2,2.0,12,8.0,10.0,ADAUSDT,284,317.27071717590087,0.28169014084507044,-0.6015620284105895,-170.84361606860742,,,0.3547048544450762,1.173863238936454,-1.2978072312917832
15m,fz1.5_react0.25_body0.5_cl0.6_cs0.4,model_b,stress,next_open,1.5,0.25,0.5,0.6,0.4,90,1.2,2.0,12,8.0,10.0,AVAXUSDT,350,385.40338535941964,0.24857142857142858,-0.7079205288501401,-247.77218509754906,,,0.3077810159547164,1.2662854640120005,-1.3609848686942703
15m,fz1.5_react0.25_body0.5_cl0.6_cs0.4,model_b,stress,next_open,1.5,0.25,0.5,0.6,0.4,90,1.2,2.0,12,8.0,10.0,BNBUSDT,382,422.43118455910184,0.23298429319371727,-1.0744287160313142,-410.431769523962,,,0.1895890052935745,1.0788443388283186,-1.728494592763421
15m,fz1.5_react0.25_body0.5_cl0.6_cs0.4,model_b,stress,next_open,1.5,0.25,0.5,0.6,0.4,90,1.2,2.0,12,8.0,10.0,BTCUSDT,637,707.342939481268,0.15384615384615385,-1.5805455888243354,-1006.8075400811017,,,0.07899046511525569,0.8811116194173849,-2.0281196266864665
15m,fz1.5_react0.25_body0.5_cl0.6_cs0.4,model_b,stress,next_open,1.5,0.25,0.5,0.6,0.4,90,1.2,2.0,12,8.0,10.0,ETHUSDT,433,476.42500313794403,0.24249422632794457,-0.8091227164152472,-350.35013620780205,,,0.24977054513106467,1.1108619780947129,-1.4237519631333748
15m,fz1.5_react0.25_body0.5_cl0.6_cs0.4,model_b,stress,next_open,1.5,0.25,0.5,0.6,0.4,90,1.2,2.0,12,8.0,10.0,LINKUSDT,333,366.79898218829516,0.2702702702702703,-0.6738524660588311,-224.39287119759075,,,0.337272850880961,1.2688584248146135,-1.3933750182341809
15m,fz1.5_react0.25_body0.5_cl0.6_cs0.4,model_b,stress,next_open,1.5,0.25,0.5,0.6,0.4,90,1.2,2.0,12,8.0,10.0,LTCUSDT,367,404.110287652305,0.2724795640326976,-0.7591239152487697,-278.59847689629845,,,0.29150899878885267,1.1462949130660243,-1.4727639258535612
15m,fz1.5_react0.25_body0.5_cl0.6_cs0.4,model_b,stress,next_open,1.5,0.25,0.5,0.6,0.4,90,1.2,2.0,12,8.0,10.0,SOLUSDT,358,426.8826770046929,0.2569832402234637,-0.7388256687508252,-264.49958941279544,,,0.28947509535399024,1.1713025142414617,-1.399471506477481
15m,fz1.5_react0.25_body0.5_cl0.6_cs0.4,model_b,stress,next_open,1.5,0.25,0.5,0.6,0.4,90,1.2,2.0,12,8.0,10.0,XRPUSDT,362,419.3870349567171,0.30386740331491713,-0.630453188829036,-228.22405435611103,,,0.35589992173347146,1.1464187268091053,-1.4060718821631455
15m,fz1.5_react0.25_body0.5_cl0.7_cs0.3,model_b,stress,next_open,1.5,0.25,0.5,0.7,0.3,90,1.2,2.0,12,8.0,10.0,ADAUSDT,264,294.92770892407685,0.2727272727272727,-0.5906865153303095,-155.9412400472017,,,0.3622186739327947,1.2300634784103675,-1.2734677629830633
15m,fz1.5_react0.25_body0.5_cl0.7_cs0.3,model_b,stress,next_open,1.5,0.25,0.5,0.7,0.3,90,1.2,2.0,12,8.0,10.0,AVAXUSDT,329,362.27918223785446,0.24012158054711247,-0.7177120852741008,-236.12727605517915,,,0.2992631216665003,1.2764896375386996,-1.3478798296829457
15m,fz1.5_react0.25_body0.5_cl0.7_cs0.3,model_b,stress,next_open,1.5,0.25,0.5,0.7,0.3,90,1.2,2.0,12,8.0,10.0,BNBUSDT,350,387.04427904629745,0.24571428571428572,-1.030804263897473,-360.78149236411554,,,0.20401621991046415,1.0752421431908636,-1.716864835903522
15m,fz1.5_react0.25_body0.5_cl0.7_cs0.3,model_b,stress,next_open,1.5,0.25,0.5,0.7,0.3,90,1.2,2.0,12,8.0,10.0,BTCUSDT,602,668.477942806473,0.1461794019933555,-1.5895469992261229,-956.907293534126,,,0.07328310367101644,0.8598921127982311,-2.0089062246310703
15m,fz1.5_react0.25_body0.5_cl0.7_cs0.3,model_b,stress,next_open,1.5,0.25,0.5,0.7,0.3,90,1.2,2.0,12,8.0,10.0,ETHUSDT,401,441.340406164663,0.24688279301745636,-0.7918489664062621,-317.5314355289111,,,0.2559858252454293,1.1035353260200922,-1.4131835523341068
15m,fz1.5_react0.25_body0.5_cl0.7_cs0.3,model_b,stress,next_open,1.5,0.25,0.5,0.7,0.3,90,1.2,2.0,12,8.0,10.0,LINKUSDT,316,348.07350862312694,0.2721518987341772,-0.6652110146213498,-210.20668062034653,,,0.3432159209404716,1.2772998816863042,-1.391541175849429
15m,fz1.5_react0.25_body0.5_cl0.7_cs0.3,model_b,stress,next_open,1.5,0.25,0.5,0.7,0.3,90,1.2,2.0,12,8.0,10.0,LTCUSDT,353,388.78009862738327,0.2719546742209632,-0.7511955656061473,-265.17203465897,,,0.2984383017040204,1.1750197790164576,-1.47071569433677
15m,fz1.5_react0.25_body0.5_cl0.7_cs0.3,model_b,stress,next_open,1.5,0.25,0.5,0.7,0.3,90,1.2,2.0,12,8.0,10.0,SOLUSDT,342,407.8041216078351,0.2631578947368421,-0.715630219471289,-244.74553505918084,,,0.3004247299324848,1.167813519912825,-1.3882886978227582
15m,fz1.5_react0.25_body0.5_cl0.7_cs0.3,model_b,stress,next_open,1.5,0.25,0.5,0.7,0.3,90,1.2,2.0,12,8.0,10.0,XRPUSDT,334,387.05056513979775,0.3083832335329341,-0.6198560689466173,-207.03192702817017,,,0.3600511890690086,1.130886742609379,-1.4004903095971264
15m,fz1.5_react0_body0.25_cl0.6_cs0.4,model_b,stress,next_open,1.5,0.0,0.25,0.6,0.4,90,1.2,2.0,12,8.0,10.0,ADAUSDT,336,375.36253863064326,0.28869047619047616,-0.5781063474448702,-194.2437327414764,,,0.364658833071021,1.1493572045473146,-1.2792108016006942
15m,fz1.5_react0_body0.25_cl0.6_cs0.4,model_b,stress,next_open,1.5,0.0,0.25,0.6,0.4,90,1.2,2.0,12,8.0,10.0,AVAXUSDT,424,466.8593499764484,0.25,-0.7225378499028011,-306.3560483587877,,,0.3024615562017993,1.253206468772221,-1.381119289461142
15m,fz1.5_react0_body0.25_cl0.6_cs0.4,model_b,stress,next_open,1.5,0.0,0.25,0.6,0.4,90,1.2,2.0,12,8.0,10.0,BNBUSDT,435,480.88908506210987,0.23448275862068965,-1.0789927587624015,-469.36185006164465,,,0.18452247890340176,1.0412257540616516,-1.7284290599877872
15m,fz1.5_react0_body0.25_cl0.6_cs0.4,model_b,stress,next_open,1.5,0.0,0.25,0.6,0.4,90,1.2,2.0,12,8.0,10.0,BTCUSDT,742,823.8074852764233,0.15498652291105122,-1.570485994533806,-1165.300607944084,,,0.08073165957101246,0.8899010303226458,-2.021753152202852
15m,fz1.5_react0_body0.25_cl0.6_cs0.4,model_b,stress,next_open,1.5,0.0,0.25,0.6,0.4,90,1.2,2.0,12,8.0,10.0,ETHUSDT,514,565.5483870967743,0.2490272373540856,-0.7957889028863179,-409.0354960835674,,,0.2617743044407575,1.1331538656106452,-1.4354383183464507
15m,fz1.5_react0_body0.25_cl0.6_cs0.4,model_b,stress,next_open,1.5,0.0,0.25,0.6,0.4,90,1.2,2.0,12,8.0,10.0,LINKUSDT,371,408.5917457126704,0.2991913746630728,-0.599128820088804,-222.27679225294628,,,0.38308713443048814,1.2434973995673568,-1.3857884754035497
15m,fz1.5_react0_body0.25_cl0.6_cs0.4,model_b,stress,next_open,1.5,0.0,0.25,0.6,0.4,90,1.2,2.0,12,8.0,10.0,LTCUSDT,430,473.4658502119642,0.27674418604651163,-0.7380535528076284,-317.3630277072802,,,0.29130549180656407,1.0962231625038514,-1.439915061238709
15m,fz1.5_react0_body0.25_cl0.6_cs0.4,model_b,stress,next_open,1.5,0.0,0.25,0.6,0.4,90,1.2,2.0,12,8.0,10.0,SOLUSDT,410,488.8879820444807,0.2682926829268293,-0.6892060061435995,-282.5744625188758,,,0.3157368733432479,1.1853385024595797,-1.376538992631432
15m,fz1.5_react0_body0.25_cl0.6_cs0.4,model_b,stress,next_open,1.5,0.0,0.25,0.6,0.4,90,1.2,2.0,12,8.0,10.0,XRPUSDT,415,480.6619541520777,0.3036144578313253,-0.6288718229763387,-260.98180653518057,,,0.3483693382531063,1.1073326365366747,-1.3858329368124622
15m,fz1.5_react0_body0.25_cl0.7_cs0.3,model_b,stress,next_open,1.5,0.0,0.25,0.7,0.3,90,1.2,2.0,12,8.0,10.0,ADAUSDT,309,345.19947749068086,0.2783171521035599,-0.5845850864277486,-180.63679170617434,,,0.36360681622706154,1.2000912146422333,-1.2728459020870242
15m,fz1.5_react0_body0.25_cl0.7_cs0.3,model_b,stress,next_open,1.5,0.0,0.25,0.7,0.3,90,1.2,2.0,12,8.0,10.0,AVAXUSDT,399,439.33226566179934,0.23809523809523808,-0.7505775705790517,-299.48045066104163,,,0.28682046099394776,1.2678157052037509,-1.3813254692611774
15m,fz1.5_react0_body0.25_cl0.7_cs0.3,model_b,stress,next_open,1.5,0.0,0.25,0.7,0.3,90,1.2,2.0,12,8.0,10.0,BNBUSDT,403,445.5133362759317,0.23821339950372208,-1.057333955832944,-426.1055842006764,,,0.19297133345027642,1.0613285059076873,-1.7198472989179623
15m,fz1.5_react0_body0.25_cl0.7_cs0.3,model_b,stress,next_open,1.5,0.0,0.25,0.7,0.3,90,1.2,2.0,12,8.0,10.0,BTCUSDT,699,776.1895050194762,0.1530758226037196,-1.5686548598161805,-1096.4897470115102,,,0.08046580838006982,0.8967353566236103,-2.01425748339567
15m,fz1.5_react0_body0.25_cl0.7_cs0.3,model_b,stress,next_open,1.5,0.0,0.25,0.7,0.3,90,1.2,2.0,12,8.0,10.0,ETHUSDT,468,514.9351073176855,0.24786324786324787,-0.7902727465029358,-369.84764536337394,,,0.2621493461204785,1.1327789789403722,-1.4240057014785714
15m,fz1.5_react0_body0.25_cl0.7_cs0.3,model_b,stress,next_open,1.5,0.0,0.25,0.7,0.3,90,1.2,2.0,12,8.0,10.0,LINKUSDT,352,387.666561969973,0.3068181818181818,-0.6051680501453797,-213.01915365117364,,,0.38022821055795153,1.2100614647248102,-1.408630294432185
15m,fz1.5_react0_body0.25_cl0.7_cs0.3,model_b,stress,next_open,1.5,0.0,0.25,0.7,0.3,90,1.2,2.0,12,8.0,10.0,LTCUSDT,406,447.0258117188972,0.27832512315270935,-0.7218390484909646,-293.0666536873316,,,0.30128073542041783,1.1182955771880014,-1.4315155423535009
15m,fz1.5_react0_body0.25_cl0.7_cs0.3,model_b,stress,next_open,1.5,0.0,0.25,0.7,0.3,90,1.2,2.0,12,8.0,10.0,SOLUSDT,386,460.27014894919404,0.2694300518134715,-0.6838763686094844,-263.97627828326097,,,0.3169020356665779,1.1775343914431742,-1.3703540957211031
15m,fz1.5_react0_body0.25_cl0.7_cs0.3,model_b,stress,next_open,1.5,0.0,0.25,0.7,0.3,90,1.2,2.0,12,8.0,10.0,XRPUSDT,385,445.9153068639757,0.3012987012987013,-0.6383017646714197,-245.7461793984966,,,0.33726546870618374,1.0781050078276464,-1.3784623059721322
15m,fz1.5_react0_body0.5_cl0.6_cs0.4,model_b,stress,next_open,1.5,0.0,0.5,0.6,0.4,90,1.2,2.0,12,8.0,10.0,ADAUSDT,286,319.5050180010833,0.28321678321678323,-0.6050834420768909,-173.0538644339908,,,0.3482652072324472,1.1416565322387822,-1.29525874900162
15m,fz1.5_react0_body0.5_cl0.6_cs0.4,model_b,stress,next_open,1.5,0.0,0.5,0.6,0.4,90,1.2,2.0,12,8.0,10.0,AVAXUSDT,352,387.60569041861635,0.25,-0.7036710306268876,-247.69220278066445,,,0.30807183966927376,1.253200787917535,-1.355961636808362
15m,fz1.5_react0_body0.5_cl0.6_cs0.4,model_b,stress,next_open,1.5,0.0,0.5,0.6,0.4,90,1.2,2.0,12,8.0,10.0,BNBUSDT,385,425.69500504540866,0.23116883116883116,-1.0706211122007996,-412.1891281973078,,,0.19136490584640387,1.0960143407731917,-1.722075690966628
15m,fz1.5_react0_body0.5_cl0.6_cs0.4,model_b,stress,next_open,1.5,0.0,0.5,0.6,0.4,90,1.2,2.0,12,8.0,10.0,BTCUSDT,642,712.8950818633816,0.1526479750778816,-1.586450082636624,-1018.5009530527125,,,0.07833804121626273,0.8833573147858754,-2.0313786211428826
15m,fz1.5_react0_body0.5_cl0.6_cs0.4,model_b,stress,next_open,1.5,0.0,0.5,0.6,0.4,90,1.2,2.0,12,8.0,10.0,ETHUSDT,434,477.5252918287938,0.24193548387096775,-0.8107169552747981,-351.8511585892624,,,0.2489702935888316,1.1108619780947129,-1.4239868276267698
15m,fz1.5_react0_body0.5_cl0.6_cs0.4,model_b,stress,next_open,1.5,0.0,0.5,0.6,0.4,90,1.2,2.0,12,8.0,10.0,LINKUSDT,334,367.90048063330505,0.27844311377245506,-0.6674594230124811,-222.9314472861687,,,0.3403571957597452,1.2368427692945512,-1.4023146258529542
15m,fz1.5_react0_body0.5_cl0.6_cs0.4,model_b,stress,next_open,1.5,0.0,0.5,0.6,0.4,90,1.2,2.0,12,8.0,10.0,LTCUSDT,368,405.2114056023113,0.2717391304347826,-0.7569986822908354,-278.5755150830274,,,0.29355294818297234,1.157576686517098,-1.4713924766221538
15m,fz1.5_react0_body0.5_cl0.6_cs0.4,model_b,stress,next_open,1.5,0.0,0.5,0.6,0.4,90,1.2,2.0,12,8.0,10.0,SOLUSDT,360,429.26749642930014,0.25833333333333336,-0.7373545024819527,-265.447620893503,,,0.2895002817978514,1.1630033602006797,-1.39927690409051
15m,fz1.5_react0_body0.5_cl0.6_cs0.4,model_b,stress,next_open,1.5,0.0,0.5,0.6,0.4,90,1.2,2.0,12,8.0,10.0,XRPUSDT,360,417.06997951496726,0.30833333333333335,-0.6186751666446327,-222.7230599920678,,,0.36167348794669785,1.1368835898474396,-1.4012736484543518
15m,fz1.5_react0_body0.5_cl0.7_cs0.3,model_b,stress,next_open,1.5,0.0,0.5,0.7,0.3,90,1.2,2.0,12,8.0,10.0,ADAUSDT,266,297.16200974925925,0.2744360902255639,-0.5896571144320653,-156.84879243892937,,,0.36156332428391597,1.2168158622120744,-1.2729344579295896
15m,fz1.5_react0_body0.5_cl0.7_cs0.3,model_b,stress,next_open,1.5,0.0,0.5,0.7,0.3,90,1.2,2.0,12,8.0,10.0,AVAXUSDT,330,363.3803347674528,0.24242424242424243,-0.711270168562963,-234.71915562577777,,,0.3006724032307125,1.2614540905492266,-1.3425419314788638
15m,fz1.5_react0_body0.5_cl0.7_cs0.3,model_b,stress,next_open,1.5,0.0,0.5,0.7,0.3,90,1.2,2.0,12,8.0,10.0,BNBUSDT,353,390.3125630676085,0.24362606232294617,-1.0272921897180463,-362.63414297047035,,,0.2058522586531482,1.0930110986919532,-1.7102363200673345
15m,fz1.5_react0_body0.5_cl0.7_cs0.3,model_b,stress,next_open,1.5,0.0,0.5,0.7,0.3,90,1.2,2.0,12,8.0,10.0,BTCUSDT,608,675.1405136650094,0.14473684210526316,-1.5999998002382323,-972.7998785448452,,,0.07236700130080077,0.8623930008222319,-2.0167124281100035
15m,fz1.5_react0_body0.5_cl0.7_cs0.3,model_b,stress,next_open,1.5,0.0,0.5,0.7,0.3,90,1.2,2.0,12,8.0,10.0,ETHUSDT,402,442.4410056812831,0.2462686567164179,-0.7936130793790335,-319.0324579103715,,,0.2550886592551419,1.1035353260200922,-1.413473449459936
15m,fz1.5_react0_body0.5_cl0.7_cs0.3,model_b,stress,next_open,1.5,0.0,0.5,0.7,0.3,90,1.2,2.0,12,8.0,10.0,LINKUSDT,316,348.07350862312694,0.27531645569620256,-0.663660095339547,-209.71659012729683,,,0.3446849814766909,1.2679022563619662,-1.3974850935842267
15m,fz1.5_react0_body0.5_cl0.7_cs0.3,model_b,stress,next_open,1.5,0.0,0.5,0.7,0.3,90,1.2,2.0,12,8.0,10.0,LTCUSDT,353,388.78009862738327,0.2747875354107649,-0.745677856906716,-263.22428348807074,,,0.30227347198674037,1.1756255523105799,-1.473671726805457
15m,fz1.5_react0_body0.5_cl0.7_cs0.3,model_b,stress,next_open,1.5,0.0,0.5,0.7,0.3,90,1.2,2.0,12,8.0,10.0,SOLUSDT,344,410.18894103244236,0.26453488372093026,-0.7151419076415627,-246.00881622869758,,,0.2995118653537283,1.1559060251845468,-1.3881275277489777
15m,fz1.5_react0_body0.5_cl0.7_cs0.3,model_b,stress,next_open,1.5,0.0,0.5,0.7,0.3,90,1.2,2.0,12,8.0,10.0,XRPUSDT,336,389.3682331945271,0.30952380952380953,-0.6208953642847486,-208.62084239967552,,,0.3584651525700561,1.1208591635849063,-1.4016818767780421
15m,fz2.5_react0.25_body0.25_cl0.6_cs0.4,model_b,stress,next_open,2.5,0.25,0.25,0.6,0.4,90,1.2,2.0,12,8.0,10.0,ADAUSDT,126,147.92459905581413,0.30952380952380953,-0.5412261346355483,-68.19449296407907,,,0.3997792821604192,1.1646461613364805,-1.3059275086919748
15m,fz2.5_react0.25_body0.25_cl0.6_cs0.4,model_b,stress,next_open,2.5,0.25,0.25,0.6,0.4,90,1.2,2.0,12,8.0,10.0,AVAXUSDT,112,133.709032719349,0.3125,-0.48426143387572246,-54.237280594080914,,,0.468711808969848,1.3671167190589597,-1.3257969579369417
15m,fz2.5_react0.25_body0.25_cl0.6_cs0.4,model_b,stress,next_open,2.5,0.25,0.25,0.6,0.4,90,1.2,2.0,12,8.0,10.0,BNBUSDT,213,246.72564500677214,0.22535211267605634,-1.037610396123582,-221.011014374323,,,0.19013833419297735,1.0810145085487786,-1.653937641119178
15m,fz2.5_react0.25_body0.25_cl0.6_cs0.4,model_b,stress,next_open,2.5,0.25,0.25,0.6,0.4,90,1.2,2.0,12,8.0,10.0,BTCUSDT,92,105.69058384116376,0.21739130434782608,-1.4451453397760339,-132.9533712593951,,,0.12258662892863312,0.9287700714821108,-2.104566287347741
15m,fz2.5_react0.25_body0.25_cl0.6_cs0.4,model_b,stress,next_open,2.5,0.25,0.25,0.6,0.4,90,1.2,2.0,12,8.0,10.0,ETHUSDT,89,104.38157674683079,0.21348314606741572,-0.832901844133306,-74.12826412786424,,,0.2135086181968534,1.0591358565434128,-1.3464549343169867
15m,fz2.5_react0.25_body0.25_cl0.6_cs0.4,model_b,stress,next_open,2.5,0.25,0.25,0.6,0.4,90,1.2,2.0,12,8.0,10.0,LINKUSDT,115,126.6524279163264,0.3217391304347826,-0.47879118706509644,-55.06098651248609,,,0.47101004282958264,1.32502784323055,-1.334448932205339
15m,fz2.5_react0.25_body0.25_cl0.6_cs0.4,model_b,stress,next_open,2.5,0.25,0.25,0.6,0.4,90,1.2,2.0,12,8.0,10.0,LTCUSDT,73,114.43966557875441,0.2465753424657534,-0.7554061751568754,-55.144650786451905,,,0.24157858682697209,0.9758402692071281,-1.3219959205850949
15m,fz2.5_react0.25_body0.25_cl0.6_cs0.4,model_b,stress,next_open,2.5,0.25,0.25,0.6,0.4,90,1.2,2.0,12,8.0,10.0,SOLUSDT,112,153.02840665549624,0.2767857142857143,-0.6201055609443081,-69.4518228257625,,,0.3628771255357786,1.2760225513761838,-1.3457842212151137
15m,fz2.5_react0.25_body0.25_cl0.6_cs0.4,model_b,stress,next_open,2.5,0.25,0.25,0.6,0.4,90,1.2,2.0,12,8.0,10.0,XRPUSDT,69,83.71391993356632,0.34782608695652173,-0.4317321154204206,-29.789515964009023,,,0.49391180990221023,1.2113660914062117,-1.308051159061291
15m,fz2.5_react0.25_body0.25_cl0.7_cs0.3,model_b,stress,next_open,2.5,0.25,0.25,0.7,0.3,90,1.2,2.0,12,8.0,10.0,ADAUSDT,116,136.18455151170187,0.3017241379310345,-0.5251004640376257,-60.91165382836458,,,0.41786247192847287,1.2492234228219539,-1.2917836250263328
15m,fz2.5_react0.25_body0.25_cl0.7_cs0.3,model_b,stress,next_open,2.5,0.25,0.25,0.7,0.3,90,1.2,2.0,12,8.0,10.0,AVAXUSDT,105,125.3564862104188,0.3142857142857143,-0.48698019388135805,-51.132920357542595,,,0.4663139669788026,1.3538771044361482,-1.330706455610215
15m,fz2.5_react0.25_body0.25_cl0.7_cs0.3,model_b,stress,next_open,2.5,0.25,0.25,0.7,0.3,90,1.2,2.0,12,8.0,10.0,BNBUSDT,199,230.50893594529418,0.22613065326633167,-1.0415143195266303,-207.26134958579942,,,0.18793669820260395,1.0659271298994544,-1.6573251326706162
15m,fz2.5_react0.25_body0.25_cl0.7_cs0.3,model_b,stress,next_open,2.5,0.25,0.25,0.7,0.3,90,1.2,2.0,12,8.0,10.0,BTCUSDT,83,95.35128759583252,0.2289156626506024,-1.4072583223479591,-116.8024407548806,,,0.14206924666046117,1.017996204763976,-2.127255760084315
15m,fz2.5_react0.25_body0.25_cl0.7_cs0.3,model_b,stress,next_open,2.5,0.25,0.25,0.7,0.3,90,1.2,2.0,12,8.0,10.0,ETHUSDT,83,97.34461651670736,0.20481927710843373,-0.8651590792494492,-71.80820357770429,,,0.20277806086405215,1.0744021399080306,-1.364743029638497
15m,fz2.5_react0.25_body0.25_cl0.7_cs0.3,model_b,stress,next_open,2.5,0.25,0.25,0.7,0.3,90,1.2,2.0,12,8.0,10.0,LINKUSDT,110,121.14580061561655,0.2909090909090909,-0.5706093143904999,-62.76702458295499,,,0.4038662241447905,1.3288481884139116,-1.3498739309256431
15m,fz2.5_react0.25_body0.25_cl0.7_cs0.3,model_b,stress,next_open,2.5,0.25,0.25,0.7,0.3,90,1.2,2.0,12,8.0,10.0,LTCUSDT,68,106.60133231993561,0.23529411764705882,-0.7854473618838586,-53.410420608102385,,,0.23927298034330244,1.049955354390563,-1.3501866591990652
15m,fz2.5_react0.25_body0.25_cl0.7_cs0.3,model_b,stress,next_open,2.5,0.25,0.25,0.7,0.3,90,1.2,2.0,12,8.0,10.0,SOLUSDT,105,143.46413123952775,0.2857142857142857,-0.6076622852132051,-63.80453994738653,,,0.3713377368374316,1.2562672016622023,-1.353234079963368
15m,fz2.5_react0.25_body0.25_cl0.7_cs0.3,model_b,stress,next_open,2.5,0.25,0.25,0.7,0.3,90,1.2,2.0,12,8.0,10.0,XRPUSDT,63,76.45825834140939,0.30158730158730157,-0.514396554876823,-32.40698295723985,,,0.4172044865736801,1.2210059215587936,-1.263774896974021
15m,fz2.5_react0.25_body0.5_cl0.6_cs0.4,model_b,stress,next_open,2.5,0.25,0.5,0.6,0.4,90,1.2,2.0,12,8.0,10.0,ADAUSDT,109,127.98794454490657,0.3119266055045872,-0.46465603134202355,-50.64750741628057,,,0.4658878936697022,1.2993560203015664,-1.2643414947537843
15m,fz2.5_react0.25_body0.5_cl0.6_cs0.4,model_b,stress,next_open,2.5,0.25,0.5,0.6,0.4,90,1.2,2.0,12,8.0,10.0,AVAXUSDT,99,118.18923427871029,0.31313131313131315,-0.4971188529113836,-49.214766438226974,,,0.45167641100084216,1.3077484524172445,-1.3199260068111993
15m,fz2.5_react0.25_body0.5_cl0.6_cs0.4,model_b,stress,next_open,2.5,0.25,0.5,0.6,0.4,90,1.2,2.0,12,8.0,10.0,BNBUSDT,190,220.0839086914869,0.23157894736842105,-1.0323786818072638,-196.1519495433801,,,0.1863962906637449,1.0213257885814444,-1.6513033167189293
15m,fz2.5_react0.25_body0.5_cl0.6_cs0.4,model_b,stress,next_open,2.5,0.25,0.5,0.6,0.4,90,1.2,2.0,12,8.0,10.0,BTCUSDT,86,98.80095671832508,0.20930232558139536,-1.5781085124991692,-135.71733207492855,,,0.10552752358933333,0.8895319954076477,-2.231307470474503
15m,fz2.5_react0.25_body0.5_cl0.6_cs0.4,model_b,stress,next_open,2.5,0.25,0.5,0.6,0.4,90,1.2,2.0,12,8.0,10.0,ETHUSDT,82,96.17178981168679,0.2073170731707317,-0.8343778394401284,-68.41898283409053,,,0.20617309426846805,1.045282949317852,-1.3259814303460615
15m,fz2.5_react0.25_body0.5_cl0.6_cs0.4,model_b,stress,next_open,2.5,0.25,0.5,0.6,0.4,90,1.2,2.0,12,8.0,10.0,LINKUSDT,107,117.8603336160588,0.29906542056074764,-0.5659043559621257,-60.551766087947456,,,0.4091159953730972,1.310150123622381,-1.3663542672515152
15m,fz2.5_react0.25_body0.5_cl0.6_cs0.4,model_b,stress,next_open,2.5,0.25,0.5,0.6,0.4,90,1.2,2.0,12,8.0,10.0,LTCUSDT,60,94.10628019323671,0.26666666666666666,-0.6810905794008105,-40.86543476404863,,,0.2778056624145218,0.9824787269552178,-1.2860248726211845
15m,fz2.5_react0.25_body0.5_cl0.6_cs0.4,model_b,stress,next_open,2.5,0.25,0.5,0.6,0.4,90,1.2,2.0,12,8.0,10.0,SOLUSDT,99,135.2661808829833,0.24242424242424243,-0.6874468791035679,-68.05724103125323,,,0.32214614044099604,1.3476588167509729,-1.338680701777021
15m,fz2.5_react0.25_body0.5_cl0.6_cs0.4,model_b,stress,next_open,2.5,0.25,0.5,0.6,0.4,90,1.2,2.0,12,8.0,10.0,XRPUSDT,63,76.43709342560554,0.38095238095238093,-0.3789397578737991,-23.873204746049343,,,0.5300064251330723,1.121730928937523,-1.3024294112961512
15m,fz2.5_react0.25_body0.5_cl0.7_cs0.3,model_b,stress,next_open,2.5,0.25,0.5,0.7,0.3,90,1.2,2.0,12,8.0,10.0,ADAUSDT,100,117.42013261000604,0.3,-0.47371511436709474,-47.371511436709476,,,0.46559398224048315,1.3757261907988296,-1.2663328165810623
15m,fz2.5_react0.25_body0.5_cl0.7_cs0.3,model_b,stress,next_open,2.5,0.25,0.5,0.7,0.3,90,1.2,2.0,12,8.0,10.0,AVAXUSDT,93,111.03003064351378,0.3118279569892473,-0.5212240271473012,-48.47383452469901,,,0.43362610124059986,1.2797394651014296,-1.3372856095725072
15m,fz2.5_react0.25_body0.5_cl0.7_cs0.3,model_b,stress,next_open,2.5,0.25,0.5,0.7,0.3,90,1.2,2.0,12,8.0,10.0,BNBUSDT,176,203.8671996300089,0.23863636363636365,-1.0220229918544896,-179.8760465663902,,,0.19144814246977296,1.0140685670731888,-1.6602009431601799
15m,fz2.5_react0.25_body0.5_cl0.7_cs0.3,model_b,stress,next_open,2.5,0.25,0.5,0.7,0.3,90,1.2,2.0,12,8.0,10.0,BTCUSDT,78,89.61017004685299,0.21794871794871795,-1.5269302462062175,-119.10055920408497,,,0.11917256065365614,0.9478733545843118,-2.2166296103609557
15m,fz2.5_react0.25_body0.5_cl0.7_cs0.3,model_b,stress,next_open,2.5,0.25,0.5,0.7,0.3,90,1.2,2.0,12,8.0,10.0,ETHUSDT,74,86.78917617152223,0.1891891891891892,-0.8956915356528744,-66.28117363831271,,,0.18061412827099477,1.0435791705632045,-1.3481880337699594
15m,fz2.5_react0.25_body0.5_cl0.7_cs0.3,model_b,stress,next_open,2.5,0.25,0.5,0.7,0.3,90,1.2,2.0,12,8.0,10.0,LINKUSDT,103,113.45433983601922,0.2912621359223301,-0.5649918889174705,-58.194164558499466,,,0.4141177100917877,1.371107847815073,-1.3606493149719407
15m,fz2.5_react0.25_body0.5_cl0.7_cs0.3,model_b,stress,next_open,2.5,0.25,0.5,0.7,0.3,90,1.2,2.0,12,8.0,10.0,LTCUSDT,57,89.40096618357488,0.2631578947368421,-0.7098008330835909,-40.45864748576468,,,0.2775526769896662,1.0362375737203833,-1.3333859783707245
15m,fz2.5_react0.25_body0.5_cl0.7_cs0.3,model_b,stress,next_open,2.5,0.25,0.5,0.7,0.3,90,1.2,2.0,12,8.0,10.0,SOLUSDT,93,127.06823052643885,0.25806451612903225,-0.6388229615610487,-59.41053542517753,,,0.3453146810875058,1.3056737273197025,-1.3151696359543534
15m,fz2.5_react0.25_body0.5_cl0.7_cs0.3,model_b,stress,next_open,2.5,0.25,0.5,0.7,0.3,90,1.2,2.0,12,8.0,10.0,XRPUSDT,57,69.17891384860337,0.3333333333333333,-0.49308662710892787,-28.105937745208887,,,0.42061905747502837,1.0739132949949879,-1.2765865881608858
15m,fz2.5_react0_body0.25_cl0.6_cs0.4,model_b,stress,next_open,2.5,0.0,0.25,0.6,0.4,90,1.2,2.0,12,8.0,10.0,ADAUSDT,129,151.44661331904777,0.3333333333333333,-0.44957199863968716,-57.99478782451965,,,0.46937987272804593,1.1930571608082106,-1.270886578363636
15m,fz2.5_react0_body0.25_cl0.6_cs0.4,model_b,stress,next_open,2.5,0.0,0.25,0.6,0.4,90,1.2,2.0,12,8.0,10.0,AVAXUSDT,114,136.08742722908792,0.30701754385964913,-0.4700003515490474,-53.5800400765914,,,0.4766205157866373,1.3940906909506299,-1.295863471643841
15m,fz2.5_react0_body0.25_cl0.6_cs0.4,model_b,stress,next_open,2.5,0.0,0.25,0.6,0.4,90,1.2,2.0,12,8.0,10.0,BNBUSDT,216,250.2006540913746,0.24074074074074073,-1.0281547519288452,-222.08142641663056,,,0.18993976871291762,1.0013997710816867,-1.6716720397126725
15m,fz2.5_react0_body0.25_cl0.6_cs0.4,model_b,stress,next_open,2.5,0.0,0.25,0.6,0.4,90,1.2,2.0,12,8.0,10.0,BTCUSDT,95,109.13701592294083,0.21052631578947367,-1.444003392058729,-137.18032224557925,,,0.12516386254319536,0.9813277173878007,-2.0907583545778037
15m,fz2.5_react0_body0.25_cl0.6_cs0.4,model_b,stress,next_open,2.5,0.0,0.25,0.6,0.4,90,1.2,2.0,12,8.0,10.0,ETHUSDT,88,103.20875004181022,0.23863636363636365,-0.7861354930637077,-69.17992338960627,,,0.22539086515727727,0.9585493529163022,-1.3329770119529645
15m,fz2.5_react0_body0.25_cl0.6_cs0.4,model_b,stress,next_open,2.5,0.0,0.25,0.6,0.4,90,1.2,2.0,12,8.0,10.0,LINKUSDT,119,131.05772975689428,0.3277310924369748,-0.4881308872700165,-58.087575585131965,,,0.4584056295395736,1.2606497572605462,-1.3406614514786657
15m,fz2.5_react0_body0.25_cl0.6_cs0.4,model_b,stress,next_open,2.5,0.0,0.25,0.6,0.4,90,1.2,2.0,12,8.0,10.0,LTCUSDT,77,120.69414394278051,0.2597402597402597,-0.7429209486389967,-57.204913045202744,,,0.23228922712849168,0.8654356242469156,-1.3072565882480887
15m,fz2.5_react0_body0.25_cl0.6_cs0.4,model_b,stress,next_open,2.5,0.0,0.25,0.6,0.4,90,1.2,2.0,12,8.0,10.0,SOLUSDT,118,161.19495091164094,0.2796610169491525,-0.6205092589605203,-73.2200925573414,,,0.35471030235839857,1.2196505183803454,-1.3349242313399154
15m,fz2.5_react0_body0.25_cl0.6_cs0.4,model_b,stress,next_open,2.5,0.0,0.25,0.6,0.4,90,1.2,2.0,12,8.0,10.0,XRPUSDT,71,86.14935289639422,0.352112676056338,-0.4104287914405784,-29.14044419228107,,,0.5028126741006793,1.1788059675334115,-1.2741433343612252
15m,fz2.5_react0_body0.25_cl0.7_cs0.3,model_b,stress,next_open,2.5,0.0,0.25,0.7,0.3,90,1.2,2.0,12,8.0,10.0,ADAUSDT,120,140.88057052934678,0.31666666666666665,-0.4709443186112663,-56.51331823335195,,,0.4591559610528989,1.2625697826055,-1.274280121614158
15m,fz2.5_react0_body0.25_cl0.7_cs0.3,model_b,stress,next_open,2.5,0.0,0.25,0.7,0.3,90,1.2,2.0,12,8.0,10.0,AVAXUSDT,108,128.92932044123657,0.3148148148148148,-0.48985042400428336,-52.903845792462604,,,0.4641846531159838,1.3479815744956327,-1.334259720612353
15m,fz2.5_react0_body0.25_cl0.7_cs0.3,model_b,stress,next_open,2.5,0.0,0.25,0.7,0.3,90,1.2,2.0,12,8.0,10.0,BNBUSDT,202,233.9839450298966,0.23267326732673269,-1.0328454186231484,-208.634774561876,,,0.18996489644498582,1.0410182769287903,-1.6616944101776074
15m,fz2.5_react0_body0.25_cl0.7_cs0.3,model_b,stress,next_open,2.5,0.0,0.25,0.7,0.3,90,1.2,2.0,12,8.0,10.0,BTCUSDT,86,98.79771967760959,0.22093023255813954,-1.4035450936805267,-120.7048780565253,,,0.13811045357099938,1.017996204763976,-2.09025083503046
15m,fz2.5_react0_body0.25_cl0.7_cs0.3,model_b,stress,next_open,2.5,0.0,0.25,0.7,0.3,90,1.2,2.0,12,8.0,10.0,ETHUSDT,84,98.51744322172793,0.21428571428571427,-0.8423132969698621,-70.75431694546842,,,0.20729813883830092,1.0279357316616786,-1.3523812138693732
15m,fz2.5_react0_body0.25_cl0.7_cs0.3,model_b,stress,next_open,2.5,0.0,0.25,0.7,0.3,90,1.2,2.0,12,8.0,10.0,LINKUSDT,113,124.44977699604246,0.3185840707964602,-0.5575355811485132,-63.00152066978199,,,0.4056256631837695,1.194301302336764,-1.3765762019987726
15m,fz2.5_react0_body0.25_cl0.7_cs0.3,model_b,stress,next_open,2.5,0.0,0.25,0.7,0.3,90,1.2,2.0,12,8.0,10.0,LTCUSDT,70,109.73666562346314,0.24285714285714285,-0.7403477244628219,-51.824340712397536,,,0.2449418856445163,0.9889345324813419,-1.2950231653694404
15m,fz2.5_react0_body0.25_cl0.7_cs0.3,model_b,stress,next_open,2.5,0.0,0.25,0.7,0.3,90,1.2,2.0,12,8.0,10.0,SOLUSDT,109,148.92943147722403,0.29357798165137616,-0.5981946084394004,-65.20321231989465,,,0.3686004158435665,1.1895166992170798,-1.34113956746547
15m,fz2.5_react0_body0.25_cl0.7_cs0.3,model_b,stress,next_open,2.5,0.0,0.25,0.7,0.3,90,1.2,2.0,12,8.0,10.0,XRPUSDT,69,83.73999723106742,0.2898550724637681,-0.5602176408117971,-38.655017216014,,,0.379916539028628,1.1841696546618647,-1.272212455290843
15m,fz2.5_react0_body0.5_cl0.6_cs0.4,model_b,stress,next_open,2.5,0.0,0.5,0.6,0.4,90,1.2,2.0,12,8.0,10.0,ADAUSDT,109,127.98794454490657,0.3211009174311927,-0.45956177777254675,-50.092233777207596,,,0.4604191695062929,1.2212349910479512,-1.2545332224849444
15m,fz2.5_react0_body0.5_cl0.6_cs0.4,model_b,stress,next_open,2.5,0.0,0.5,0.6,0.4,90,1.2,2.0,12,8.0,10.0,AVAXUSDT,99,118.18923427871029,0.31313131313131315,-0.49649596901421694,-49.153100932407476,,,0.4519869453822591,1.3077484524172445,-1.3190191611373832
15m,fz2.5_react0_body0.5_cl0.6_cs0.4,model_b,stress,next_open,2.5,0.0,0.5,0.6,0.4,90,1.2,2.0,12,8.0,10.0,BNBUSDT,190,220.0839086914869,0.23157894736842105,-1.0318771453177429,-196.05665761037116,,,0.1864699937007788,1.0213257885814444,-1.650650632246265
15m,fz2.5_react0_body0.5_cl0.6_cs0.4,model_b,stress,next_open,2.5,0.0,0.5,0.6,0.4,90,1.2,2.0,12,8.0,10.0,BTCUSDT,86,98.80095671832508,0.20930232558139536,-1.5779174789102919,-135.7009031862851,,,0.10553895112610624,0.8895319954076477,-2.231065869170923
15m,fz2.5_react0_body0.5_cl0.6_cs0.4,model_b,stress,next_open,2.5,0.0,0.5,0.6,0.4,90,1.2,2.0,12,8.0,10.0,ETHUSDT,82,96.17178981168679,0.2073170731707317,-0.8343778394401284,-68.41898283409053,,,0.20617309426846805,1.045282949317852,-1.3259814303460615
15m,fz2.5_react0_body0.5_cl0.6_cs0.4,model_b,stress,next_open,2.5,0.0,0.5,0.6,0.4,90,1.2,2.0,12,8.0,10.0,LINKUSDT,108,118.96183206106869,0.3148148148148148,-0.5533466637853061,-59.761439688813056,,,0.41529644708337327,1.2484312098664603,-1.3811905516793608
15m,fz2.5_react0_body0.5_cl0.6_cs0.4,model_b,stress,next_open,2.5,0.0,0.5,0.6,0.4,90,1.2,2.0,12,8.0,10.0,LTCUSDT,61,95.67471819645733,0.26229508196721313,-0.6869554042032665,-41.904279656399254,,,0.27279737945030774,0.9824787269552178,-1.2805319841707274
15m,fz2.5_react0_body0.5_cl0.6_cs0.4,model_b,stress,next_open,2.5,0.0,0.5,0.6,0.4,90,1.2,2.0,12,8.0,10.0,SOLUSDT,100,136.63250594240736,0.25,-0.676577598428045,-67.6577598428045,,,0.32612499502440234,1.3097317116188834,-1.338680701777021
15m,fz2.5_react0_body0.5_cl0.6_cs0.4,model_b,stress,next_open,2.5,0.0,0.5,0.6,0.4,90,1.2,2.0,12,8.0,10.0,XRPUSDT,63,76.44502889573312,0.38095238095238093,-0.3730861481420869,-23.504427332951476,,,0.533882491370962,1.121730928937523,-1.2929735801910776
15m,fz2.5_react0_body0.5_cl0.7_cs0.3,model_b,stress,next_open,2.5,0.0,0.5,0.7,0.3,90,1.2,2.0,12,8.0,10.0,ADAUSDT,100,117.42013261000604,0.31,-0.4551354182398076,-45.51354182398076,,,0.47714620551773335,1.3398313941903184,-1.2615697832446469
15m,fz2.5_react0_body0.5_cl0.7_cs0.3,model_b,stress,next_open,2.5,0.0,0.5,0.7,0.3,90,1.2,2.0,12,8.0,10.0,AVAXUSDT,93,111.03003064351378,0.3118279569892473,-0.5205609571922529,-48.41216901887952,,,0.43393875711559426,1.2797394651014296,-1.3363220860440777
15m,fz2.5_react0_body0.5_cl0.7_cs0.3,model_b,stress,next_open,2.5,0.0,0.5,0.7,0.3,90,1.2,2.0,12,8.0,10.0,BNBUSDT,176,203.8671996300089,0.23863636363636365,-1.0220229918544896,-179.8760465663902,,,0.19144814246977296,1.0140685670731888,-1.6602009431601799
15m,fz2.5_react0_body0.5_cl0.7_cs0.3,model_b,stress,next_open,2.5,0.0,0.5,0.7,0.3,90,1.2,2.0,12,8.0,10.0,BTCUSDT,78,89.61017004685299,0.21794871794871795,-1.5267196194287376,-119.08413031544153,,,0.11918704217746888,0.9478733545843118,-2.2163602843176204
15m,fz2.5_react0_body0.5_cl0.7_cs0.3,model_b,stress,next_open,2.5,0.0,0.5,0.7,0.3,90,1.2,2.0,12,8.0,10.0,ETHUSDT,74,86.78917617152223,0.1891891891891892,-0.8956915356528744,-66.28117363831271,,,0.18061412827099477,1.0435791705632045,-1.3481880337699594
15m,fz2.5_react0_body0.5_cl0.7_cs0.3,model_b,stress,next_open,2.5,0.0,0.5,0.7,0.3,90,1.2,2.0,12,8.0,10.0,LINKUSDT,103,113.45433983601922,0.30097087378640774,-0.5602337287907744,-57.70407406544976,,,0.41887403667780904,1.3417078036426162,-1.3791252219218175
15m,fz2.5_react0_body0.5_cl0.7_cs0.3,model_b,stress,next_open,2.5,0.0,0.5,0.7,0.3,90,1.2,2.0,12,8.0,10.0,LTCUSDT,57,89.40096618357488,0.2631578947368421,-0.7098008330835909,-40.45864748576468,,,0.2775526769896662,1.0362375737203833,-1.3333859783707245
15m,fz2.5_react0_body0.5_cl0.7_cs0.3,model_b,stress,next_open,2.5,0.0,0.5,0.7,0.3,90,1.2,2.0,12,8.0,10.0,SOLUSDT,94,128.4345555858629,0.26595744680851063,-0.6311308928248724,-59.326303925538014,,,0.34624288558540034,1.2568160382124949,-1.3151696359543534
15m,fz2.5_react0_body0.5_cl0.7_cs0.3,model_b,stress,next_open,2.5,0.0,0.5,0.7,0.3,90,1.2,2.0,12,8.0,10.0,XRPUSDT,58,70.39257900384202,0.3275862068965517,-0.5129279889192196,-29.74982335731474,,,0.40683257602069073,1.0739132949949879,-1.2860045118517824
15m,fz2_react0.25_body0.25_cl0.6_cs0.4,model_b,stress,next_open,2.0,0.25,0.25,0.6,0.4,90,1.2,2.0,12,8.0,10.0,ADAUSDT,193,226.58291760136606,0.29015544041450775,-0.5958392287382538,-114.99697114648298,,,0.3468943964506765,1.0907174200444814,-1.2852346472187879
15m,fz2_react0.25_body0.25_cl0.6_cs0.4,model_b,stress,next_open,2.0,0.25,0.25,0.6,0.4,90,1.2,2.0,12,8.0,10.0,AVAXUSDT,200,220.23050591966836,0.255,-0.6710441443885208,-134.20882887770415,,,0.32819077533943525,1.2855569411596577,-1.3407532407842062
15m,fz2_react0.25_body0.25_cl0.6_cs0.4,model_b,stress,next_open,2.0,0.25,0.25,0.6,0.4,90,1.2,2.0,12,8.0,10.0,BNBUSDT,307,349.3427662750698,0.2182410423452769,-1.0927224696621851,-335.46579818629084,,,0.17209064819036837,1.0407536159513258,-1.688317876895957
15m,fz2_react0.25_body0.25_cl0.6_cs0.4,model_b,stress,next_open,2.0,0.25,0.25,0.6,0.4,90,1.2,2.0,12,8.0,10.0,BTCUSDT,285,327.4110477688225,0.14385964912280702,-1.760319876162795,-501.69116470639653,,,0.06512462851286778,0.8524013643871877,-2.199342707566685
15m,fz2_react0.25_body0.25_cl0.6_cs0.4,model_b,stress,next_open,2.0,0.25,0.25,0.6,0.4,90,1.2,2.0,12,8.0,10.0,ETHUSDT,187,209.24712790400818,0.23529411764705882,-0.7377547200433688,-137.96013264810998,,,0.27388577892740706,1.1826751373859339,-1.3286562146370005
15m,fz2_react0.25_body0.25_cl0.6_cs0.4,model_b,stress,next_open,2.0,0.25,0.25,0.6,0.4,90,1.2,2.0,12,8.0,10.0,LINKUSDT,213,234.58232301023932,0.26291079812206575,-0.6541035329794745,-139.3240525246281,,,0.3477375999850311,1.3263782129704775,-1.3605174041463366
15m,fz2_react0.25_body0.25_cl0.6_cs0.4,model_b,stress,next_open,2.0,0.25,0.25,0.6,0.4,90,1.2,2.0,12,8.0,10.0,LTCUSDT,168,189.21855325709882,0.25595238095238093,-0.746723659906449,-125.44957486428342,,,0.27971665669022416,1.132962917097792,-1.3933358423959077
15m,fz2_react0.25_body0.25_cl0.6_cs0.4,model_b,stress,next_open,2.0,0.25,0.25,0.6,0.4,90,1.2,2.0,12,8.0,10.0,SOLUSDT,187,229.98028830977518,0.28342245989304815,-0.617760008701673,-115.52112162721285,,,0.36363744951387705,1.2455165899284726,-1.354727618607626
15m,fz2_react0.25_body0.25_cl0.6_cs0.4,model_b,stress,next_open,2.0,0.25,0.25,0.6,0.4,90,1.2,2.0,12,8.0,10.0,XRPUSDT,173,209.89142244213002,0.31213872832369943,-0.6079220538595161,-105.17051531769629,,,0.35593345063009313,1.0763122991340255,-1.3721964661422996
15m,fz2_react0.25_body0.25_cl0.7_cs0.3,model_b,stress,next_open,2.0,0.25,0.25,0.7,0.3,90,1.2,2.0,12,8.0,10.0,ADAUSDT,179,210.14685103960895,0.2905027932960894,-0.5653684695404195,-101.20095604773509,,,0.38100592005013956,1.1979163706542768,-1.2873433647382477
15m,fz2_react0.25_body0.25_cl0.7_cs0.3,model_b,stress,next_open,2.0,0.25,0.25,0.7,0.3,90,1.2,2.0,12,8.0,10.0,AVAXUSDT,190,209.21898062368496,0.24210526315789474,-0.6932013598376323,-131.70825836915014,,,0.30720309273537244,1.2696231089270433,-1.320214731804126
15m,fz2_react0.25_body0.25_cl0.7_cs0.3,model_b,stress,next_open,2.0,0.25,0.25,0.7,0.3,90,1.2,2.0,12,8.0,10.0,BNBUSDT,284,323.17050691244236,0.22535211267605634,-1.0707484145146478,-304.09254972215996,,,0.17796688582619602,1.0286690999705224,-1.681488055092152
15m,fz2_react0.25_body0.25_cl0.7_cs0.3,model_b,stress,next_open,2.0,0.25,0.25,0.7,0.3,90,1.2,2.0,12,8.0,10.0,BTCUSDT,268,307.8812659720857,0.1455223880597015,-1.741858852980514,-466.8181725987777,,,0.07081384488670182,0.9122179050435337,-2.1938631916832994
15m,fz2_react0.25_body0.25_cl0.7_cs0.3,model_b,stress,next_open,2.0,0.25,0.25,0.7,0.3,90,1.2,2.0,12,8.0,10.0,ETHUSDT,172,192.46259892775083,0.2441860465116279,-0.7139521025419799,-122.79976163722056,,,0.2900205097078405,1.1943487016509426,-1.3304800546658475
15m,fz2_react0.25_body0.25_cl0.7_cs0.3,model_b,stress,next_open,2.0,0.25,0.25,0.7,0.3,90,1.2,2.0,12,8.0,10.0,LINKUSDT,199,219.16376656825176,0.2613065326633166,-0.6655838964876797,-132.45119540104827,,,0.3392586104245269,1.3078318365542618,-1.363662931305237
15m,fz2_react0.25_body0.25_cl0.7_cs0.3,model_b,stress,next_open,2.0,0.25,0.25,0.7,0.3,90,1.2,2.0,12,8.0,10.0,LTCUSDT,156,175.69729868628144,0.26282051282051283,-0.7182144199144048,-112.04144950664715,,,0.2997103719186481,1.1695503965786769,-1.3912436153597645
15m,fz2_react0.25_body0.25_cl0.7_cs0.3,model_b,stress,next_open,2.0,0.25,0.25,0.7,0.3,90,1.2,2.0,12,8.0,10.0,SOLUSDT,176,216.45203605625898,0.2784090909090909,-0.6140371245256684,-108.07053391651763,,,0.3650841317654462,1.268200711766552,-1.3402548723864462
15m,fz2_react0.25_body0.25_cl0.7_cs0.3,model_b,stress,next_open,2.0,0.25,0.25,0.7,0.3,90,1.2,2.0,12,8.0,10.0,XRPUSDT,163,197.82057316904334,0.2883435582822086,-0.6578933932809972,-107.23662310480253,,,0.3262569176320338,1.1048687273036804,-1.3721159766213407
15m,fz2_react0.25_body0.5_cl0.6_cs0.4,model_b,stress,next_open,2.0,0.25,0.5,0.6,0.4,90,1.2,2.0,12,8.0,10.0,ADAUSDT,169,198.4400241109102,0.2958579881656805,-0.5477454441203746,-92.5689800563433,,,0.38764097224098387,1.1719768241097457,-1.2703178257296688
15m,fz2_react0.25_body0.5_cl0.6_cs0.4,model_b,stress,next_open,2.0,0.25,0.5,0.6,0.4,90,1.2,2.0,12,8.0,10.0,AVAXUSDT,173,190.49938762051315,0.26011560693641617,-0.6310757941931047,-109.1761123954071,,,0.34640093195438426,1.2858275875797367,-1.3049871393476191
15m,fz2_react0.25_body0.5_cl0.6_cs0.4,model_b,stress,next_open,2.0,0.25,0.5,0.6,0.4,90,1.2,2.0,12,8.0,10.0,BNBUSDT,273,310.6533393911858,0.2271062271062271,-1.0762953395421637,-293.8286276950107,,,0.17580215443785455,1.0108695981118794,-1.6895855107959583
15m,fz2_react0.25_body0.5_cl0.6_cs0.4,model_b,stress,next_open,2.0,0.25,0.5,0.6,0.4,90,1.2,2.0,12,8.0,10.0,BTCUSDT,258,296.40287015497523,0.13953488372093023,-1.8534713159864427,-478.1955995245022,,,0.05701504977303454,0.8031336467356891,-2.2842721207521937
15m,fz2_react0.25_body0.5_cl0.6_cs0.4,model_b,stress,next_open,2.0,0.25,0.5,0.6,0.4,90,1.2,2.0,12,8.0,10.0,ETHUSDT,162,181.27291294357926,0.2345679012345679,-0.7452402200495463,-120.72891564802649,,,0.2679945586807733,1.1631597628129524,-1.3300724728622475
15m,fz2_react0.25_body0.5_cl0.6_cs0.4,model_b,stress,next_open,2.0,0.25,0.5,0.6,0.4,90,1.2,2.0,12,8.0,10.0,LINKUSDT,195,214.7921967769296,0.2564102564102564,-0.6836291188726268,-133.3076781801622,,,0.3274405323808723,1.298036507263611,-1.366962093402364
15m,fz2_react0.25_body0.5_cl0.6_cs0.4,model_b,stress,next_open,2.0,0.25,0.5,0.6,0.4,90,1.2,2.0,12,8.0,10.0,LTCUSDT,145,163.3136322754722,0.25517241379310346,-0.7496428707693479,-108.69821626155544,,,0.28570045618118006,1.1750362216305184,-1.4090236709433763
15m,fz2_react0.25_body0.5_cl0.6_cs0.4,model_b,stress,next_open,2.0,0.25,0.5,0.6,0.4,90,1.2,2.0,12,8.0,10.0,SOLUSDT,168,206.64229838285334,0.25,-0.7050962943393645,-118.45617744901324,,,0.31134357579945293,1.2751043559488044,-1.365163177768754
15m,fz2_react0.25_body0.5_cl0.6_cs0.4,model_b,stress,next_open,2.0,0.25,0.5,0.6,0.4,90,1.2,2.0,12,8.0,10.0,XRPUSDT,152,184.41965397923877,0.34210526315789475,-0.5407650848095297,-82.19629289104851,,,0.40515852694839394,1.076645254274804,-1.381818461133383
15m,fz2_react0.25_body0.5_cl0.7_cs0.3,model_b,stress,next_open,2.0,0.25,0.5,0.7,0.3,90,1.2,2.0,12,8.0,10.0,ADAUSDT,158,185.52380952380952,0.2848101265822785,-0.5492394795359998,-86.77983776668798,,,0.3962608359617245,1.2657213985530762,-1.2720115106334196
15m,fz2_react0.25_body0.5_cl0.7_cs0.3,model_b,stress,next_open,2.0,0.25,0.5,0.7,0.3,90,1.2,2.0,12,8.0,10.0,AVAXUSDT,165,181.6901673837264,0.24242424242424243,-0.6824146846271477,-112.59842296347938,,,0.30769281434173146,1.2510965641332796,-1.3011382842304844
15m,fz2_react0.25_body0.5_cl0.7_cs0.3,model_b,stress,next_open,2.0,0.25,0.5,0.7,0.3,90,1.2,2.0,12,8.0,10.0,BNBUSDT,251,285.61900434867266,0.23904382470119523,-1.0428778983798834,-261.76235249335076,,,0.18729759564610218,1.0054410033737817,-1.6863288622815584
15m,fz2_react0.25_body0.5_cl0.7_cs0.3,model_b,stress,next_open,2.0,0.25,0.5,0.7,0.3,90,1.2,2.0,12,8.0,10.0,BTCUSDT,239,274.57475181022903,0.14644351464435146,-1.7987669030267,-429.9052898233813,,,0.06325948142829593,0.8294898307583426,-2.2496933034309965
15m,fz2_react0.25_body0.5_cl0.7_cs0.3,model_b,stress,next_open,2.0,0.25,0.5,0.7,0.3,90,1.2,2.0,12,8.0,10.0,ETHUSDT,148,165.6073525657391,0.23648648648648649,-0.7467716839384859,-110.52220922289591,,,0.2707816774666621,1.172581978182102,-1.341261756276721
15m,fz2_react0.25_body0.5_cl0.7_cs0.3,model_b,stress,next_open,2.0,0.25,0.5,0.7,0.3,90,1.2,2.0,12,8.0,10.0,LINKUSDT,184,202.67571388182074,0.2554347826086957,-0.6807740459437864,-125.2624244536567,,,0.3266123983760309,1.2926784419344033,-1.3577978921501728
15m,fz2_react0.25_body0.5_cl0.7_cs0.3,model_b,stress,next_open,2.0,0.25,0.5,0.7,0.3,90,1.2,2.0,12,8.0,10.0,LTCUSDT,140,157.6770629235859,0.2571428571428571,-0.7441086842376679,-104.1752157932735,,,0.2936098262328545,1.2027845604125402,-1.4180332689242783
15m,fz2_react0.25_body0.5_cl0.7_cs0.3,model_b,stress,next_open,2.0,0.25,0.5,0.7,0.3,90,1.2,2.0,12,8.0,10.0,SOLUSDT,156,192.00336972164695,0.2564102564102564,-0.6696622325441555,-104.46730827688825,,,0.3280531331129286,1.2750572060434573,-1.3402551424019529
15m,fz2_react0.25_body0.5_cl0.7_cs0.3,model_b,stress,next_open,2.0,0.25,0.5,0.7,0.3,90,1.2,2.0,12,8.0,10.0,XRPUSDT,142,172.3404520438891,0.323943661971831,-0.5908663697836283,-83.90302450927521,,,0.3705662180422665,1.0738300719433609,-1.3885334147778108
15m,fz2_react0_body0.25_cl0.6_cs0.4,model_b,stress,next_open,2.0,0.0,0.25,0.6,0.4,90,1.2,2.0,12,8.0,10.0,ADAUSDT,203,238.3229651454783,0.3054187192118227,-0.537479281488167,-109.1082941420979,,,0.39028155057955566,1.1264573720750204,-1.269139370289001
15m,fz2_react0_body0.25_cl0.6_cs0.4,model_b,stress,next_open,2.0,0.0,0.25,0.6,0.4,90,1.2,2.0,12,8.0,10.0,AVAXUSDT,206,226.8231747527084,0.24757281553398058,-0.6631170158548385,-136.60210526609674,,,0.3324361129360009,1.3338364378041692,-1.3201791199619959
15m,fz2_react0_body0.25_cl0.6_cs0.4,model_b,stress,next_open,2.0,0.0,0.25,0.6,0.4,90,1.2,2.0,12,8.0,10.0,BNBUSDT,309,351.6300262876059,0.2297734627831715,-1.0712342579940344,-331.0113857201566,,,0.17447078195879162,0.9853144280951693,-1.6847424794744272
15m,fz2_react0_body0.25_cl0.6_cs0.4,model_b,stress,next_open,2.0,0.0,0.25,0.6,0.4,90,1.2,2.0,12,8.0,10.0,BTCUSDT,296,340.0479654020051,0.14189189189189189,-1.7702049581344237,-523.9806676077894,,,0.0649861760401429,0.8670994770399839,-2.2062946678876725
15m,fz2_react0_body0.25_cl0.6_cs0.4,model_b,stress,next_open,2.0,0.0,0.25,0.6,0.4,90,1.2,2.0,12,8.0,10.0,ETHUSDT,188,210.36609650242534,0.26063829787234044,-0.6691363515394325,-125.79763408941332,,,0.31212353500122986,1.1649102307466632,-1.315670758244603
15m,fz2_react0_body0.25_cl0.6_cs0.4,model_b,stress,next_open,2.0,0.0,0.25,0.6,0.4,90,1.2,2.0,12,8.0,10.0,LINKUSDT,221,243.39292669137507,0.27149321266968324,-0.6654983095387776,-147.07512640806985,,,0.3372748880608635,1.2474942703035004,-1.3784147989209932
15m,fz2_react0_body0.25_cl0.6_cs0.4,model_b,stress,next_open,2.0,0.0,0.25,0.6,0.4,90,1.2,2.0,12,8.0,10.0,LTCUSDT,178,200.4622450618275,0.2696629213483146,-0.7239536247137426,-128.86374519904618,,,0.282683740157473,1.0579853773158512,-1.3819003331554387
15m,fz2_react0_body0.25_cl0.6_cs0.4,model_b,stress,next_open,2.0,0.0,0.25,0.6,0.4,90,1.2,2.0,12,8.0,10.0,SOLUSDT,198,243.50854056329138,0.2777777777777778,-0.6194371014234478,-122.64854608184267,,,0.35819249533500275,1.2445472980873482,-1.3363541781583694
15m,fz2_react0_body0.25_cl0.6_cs0.4,model_b,stress,next_open,2.0,0.0,0.25,0.6,0.4,90,1.2,2.0,12,8.0,10.0,XRPUSDT,181,219.62018132742753,0.30939226519337015,-0.6120916208282391,-110.78858336991128,,,0.3476747209602868,1.0544254707620226,-1.3586912778606763
15m,fz2_react0_body0.25_cl0.7_cs0.3,model_b,stress,next_open,2.0,0.0,0.25,0.7,0.3,90,1.2,2.0,12,8.0,10.0,ADAUSDT,190,223.0609033381324,0.29473684210526313,-0.5457808013015683,-103.69835224729796,,,0.39606152658494875,1.2143777146455565,-1.28136943483171
15m,fz2_react0_body0.25_cl0.7_cs0.3,model_b,stress,next_open,2.0,0.0,0.25,0.7,0.3,90,1.2,2.0,12,8.0,10.0,AVAXUSDT,196,215.8123410268488,0.23979591836734693,-0.6893467861962355,-135.11197009446215,,,0.3112420976038841,1.2990555044364536,-1.3165609315635938
15m,fz2_react0_body0.25_cl0.7_cs0.3,model_b,stress,next_open,2.0,0.0,0.25,0.7,0.3,90,1.2,2.0,12,8.0,10.0,BNBUSDT,289,328.87080128517186,0.22837370242214533,-1.0635205524969156,-307.3574396716086,,,0.1786194290698448,1.012707591036409,-1.6780095994619353
15m,fz2_react0_body0.25_cl0.7_cs0.3,model_b,stress,next_open,2.0,0.0,0.25,0.7,0.3,90,1.2,2.0,12,8.0,10.0,BTCUSDT,280,321.666994299194,0.14285714285714285,-1.7471978884746413,-489.21540877289954,,,0.06853455729135315,0.899876686859716,-2.1883769843637007
15m,fz2_react0_body0.25_cl0.7_cs0.3,model_b,stress,next_open,2.0,0.0,0.25,0.7,0.3,90,1.2,2.0,12,8.0,10.0,ETHUSDT,175,195.8195047230023,0.25142857142857145,-0.6829487670132308,-119.51603422731539,,,0.30369340523184546,1.1846998958837225,-1.3102506079862533
15m,fz2_react0_body0.25_cl0.7_cs0.3,model_b,stress,next_open,2.0,0.0,0.25,0.7,0.3,90,1.2,2.0,12,8.0,10.0,LINKUSDT,205,225.77171932910358,0.2780487804878049,-0.6676581514884166,-136.8699210551254,,,0.33403339393990295,1.2043995779520642,-1.3886533580972504
15m,fz2_react0_body0.25_cl0.7_cs0.3,model_b,stress,next_open,2.0,0.0,0.25,0.7,0.3,90,1.2,2.0,12,8.0,10.0,LTCUSDT,162,182.45488709729224,0.2777777777777778,-0.6706076976867543,-108.6384470252542,,,0.316416536639895,1.1174771706312303,-1.3583326470398251
15m,fz2_react0_body0.25_cl0.7_cs0.3,model_b,stress,next_open,2.0,0.0,0.25,0.7,0.3,90,1.2,2.0,12,8.0,10.0,SOLUSDT,183,225.0609238539511,0.2786885245901639,-0.6075457787442594,-111.18087751019948,,,0.3636338631206459,1.245710656768478,-1.3235766742832715
15m,fz2_react0_body0.25_cl0.7_cs0.3,model_b,stress,next_open,2.0,0.0,0.25,0.7,0.3,90,1.2,2.0,12,8.0,10.0,XRPUSDT,170,206.3159352069777,0.27647058823529413,-0.690253713502868,-117.34313129548757,,,0.300370047396332,1.0718846313178731,-1.3635911298164847
15m,fz2_react0_body0.5_cl0.6_cs0.4,model_b,stress,next_open,2.0,0.0,0.5,0.6,0.4,90,1.2,2.0,12,8.0,10.0,ADAUSDT,169,198.4400241109102,0.30177514792899407,-0.5444598012856232,-92.01370641727033,,,0.3831938259541581,1.1208619843512218,-1.264217522196463
15m,fz2_react0_body0.5_cl0.6_cs0.4,model_b,stress,next_open,2.0,0.0,0.5,0.6,0.4,90,1.2,2.0,12,8.0,10.0,AVAXUSDT,174,191.60054015011147,0.25862068965517243,-0.6276492186564456,-109.21096404622153,,,0.34632867234646536,1.2858275875797367,-1.2951411278086022
15m,fz2_react0_body0.5_cl0.6_cs0.4,model_b,stress,next_open,2.0,0.0,0.5,0.6,0.4,90,1.2,2.0,12,8.0,10.0,BNBUSDT,273,310.6533393911858,0.2271062271062271,-1.0708002183932404,-292.3284596213546,,,0.17654505870599443,1.0108695981118794,-1.6824757094990104
15m,fz2_react0_body0.5_cl0.6_cs0.4,model_b,stress,next_open,2.0,0.0,0.5,0.6,0.4,90,1.2,2.0,12,8.0,10.0,BTCUSDT,260,298.70056682284326,0.13846153846153847,-1.8563746232489835,-482.6574020447357,,,0.05651777708955669,0.8031336467356891,-2.2837955952108056
15m,fz2_react0_body0.5_cl0.6_cs0.4,model_b,stress,next_open,2.0,0.0,0.5,0.6,0.4,90,1.2,2.0,12,8.0,10.0,ETHUSDT,162,181.27291294357926,0.2345679012345679,-0.744989477951379,-120.6882954281234,,,0.26806057909290504,1.1631597628129524,-1.329744890443674
15m,fz2_react0_body0.5_cl0.6_cs0.4,model_b,stress,next_open,2.0,0.0,0.5,0.6,0.4,90,1.2,2.0,12,8.0,10.0,LINKUSDT,196,215.89369522193948,0.27040816326530615,-0.6726849707588783,-131.84625426874015,,,0.3326848696403578,1.2402065032878977,-1.381658733867124
15m,fz2_react0_body0.5_cl0.6_cs0.4,model_b,stress,next_open,2.0,0.0,0.5,0.6,0.4,90,1.2,2.0,12,8.0,10.0,LTCUSDT,146,164.43993318771683,0.2534246575342466,-0.7516237065336032,-109.73706115390607,,,0.2837632988762531,1.1750362216305184,-1.4056275353599565
15m,fz2_react0_body0.5_cl0.6_cs0.4,model_b,stress,next_open,2.0,0.0,0.5,0.6,0.4,90,1.2,2.0,12,8.0,10.0,SOLUSDT,170,209.09499087975306,0.25882352941176473,-0.6845170322619981,-116.36789548453969,,,0.3228212162271008,1.260779765131134,-1.363827025002457
15m,fz2_react0_body0.5_cl0.6_cs0.4,model_b,stress,next_open,2.0,0.0,0.5,0.6,0.4,90,1.2,2.0,12,8.0,10.0,XRPUSDT,152,184.4387998754196,0.34210526315789475,-0.5383389176180964,-81.82751547795066,,,0.4062427007126946,1.076645254274804,-1.3781306870024046
15m,fz2_react0_body0.5_cl0.7_cs0.3,model_b,stress,next_open,2.0,0.0,0.5,0.7,0.3,90,1.2,2.0,12,8.0,10.0,ADAUSDT,158,185.52380952380952,0.2911392405063291,-0.5374801781896156,-84.92186815395925,,,0.40255745790929615,1.2439228354526828,-1.269127844506988
15m,fz2_react0_body0.5_cl0.7_cs0.3,model_b,stress,next_open,2.0,0.0,0.5,0.7,0.3,90,1.2,2.0,12,8.0,10.0,AVAXUSDT,165,181.6901673837264,0.24242424242424243,-0.6743269600755083,-111.26394841245887,,,0.310238309366318,1.2510965641332796,-1.2904624878223205
15m,fz2_react0_body0.5_cl0.7_cs0.3,model_b,stress,next_open,2.0,0.0,0.5,0.7,0.3,90,1.2,2.0,12,8.0,10.0,BNBUSDT,251,285.61900434867266,0.23904382470119523,-1.037280782281688,-260.3574763527037,,,0.18811812294207583,1.0054410033737817,-1.6789734898174378
15m,fz2_react0_body0.5_cl0.7_cs0.3,model_b,stress,next_open,2.0,0.0,0.5,0.7,0.3,90,1.2,2.0,12,8.0,10.0,BTCUSDT,242,278.02129681203104,0.1446280991735537,-1.8122958763334598,-438.5756020726973,,,0.06208653367191279,0.8294898307583426,-2.2589746190784505
15m,fz2_react0_body0.5_cl0.7_cs0.3,model_b,stress,next_open,2.0,0.0,0.5,0.7,0.3,90,1.2,2.0,12,8.0,10.0,ETHUSDT,148,165.6073525657391,0.23648648648648649,-0.7464972229931947,-110.4815890029928,,,0.2708542690000097,1.172581978182102,-1.3409022853041273
15m,fz2_react0_body0.5_cl0.7_cs0.3,model_b,stress,next_open,2.0,0.0,0.5,0.7,0.3,90,1.2,2.0,12,8.0,10.0,LINKUSDT,184,202.67571388182074,0.2608695652173913,-0.6781105106554728,-124.772333960607,,,0.32913745621923807,1.2753248593622053,-1.367558288308771
15m,fz2_react0_body0.5_cl0.7_cs0.3,model_b,stress,next_open,2.0,0.0,0.5,0.7,0.3,90,1.2,2.0,12,8.0,10.0,LTCUSDT,140,157.6770629235859,0.2571428571428571,-0.7441086842376679,-104.1752157932735,,,0.2936098262328545,1.2027845604125402,-1.4180332689242783
15m,fz2_react0_body0.5_cl0.7_cs0.3,model_b,stress,next_open,2.0,0.0,0.5,0.7,0.3,90,1.2,2.0,12,8.0,10.0,SOLUSDT,158,194.46495138474498,0.25949367088607594,-0.6691809458633228,-105.73058944640499,,,0.3257713396578657,1.2460126766189707,-1.3403171725451521
15m,fz2_react0_body0.5_cl0.7_cs0.3,model_b,stress,next_open,2.0,0.0,0.5,0.7,0.3,90,1.2,2.0,12,8.0,10.0,XRPUSDT,143,173.55411719912775,0.32167832167832167,-0.5982301407089585,-85.54691012138107,,,0.3660519560768355,1.0738300719433609,-1.391165911657481
1h,fz1.5_react0.25_body0.25_cl0.6_cs0.4,model_a,base,next_close,1.5,0.25,0.25,0.6,0.4,90,1.0,1.5,6,4.0,5.0,ADAUSDT,107,119.56175908221797,0.34579439252336447,-0.3001666203326287,-32.11782837559127,,,0.5289321673328887,0.9746775875626754,-0.974012844505861
1h,fz1.5_react0.25_body0.25_cl0.6_cs0.4,model_a,base,next_close,1.5,0.25,0.25,0.6,0.4,90,1.0,1.5,6,4.0,5.0,AVAXUSDT,106,116.74783264229174,0.44339622641509435,-0.08670544828644702,-9.190777518363385,,,0.8385607805105988,1.0157337724408364,-0.9649197427641135
1h,fz1.5_react0.25_body0.25_cl0.6_cs0.4,model_a,base,next_close,1.5,0.25,0.25,0.6,0.4,90,1.0,1.5,6,4.0,5.0,BNBUSDT,117,129.367053481332,0.37606837606837606,-0.2566001005302885,-30.022211762043753,,,0.5878525446003926,0.973208261643419,-0.9978544558130711
1h,fz1.5_react0.25_body0.25_cl0.6_cs0.4,model_a,base,next_close,1.5,0.25,0.25,0.6,0.4,90,1.0,1.5,6,4.0,5.0,BTCUSDT,180,200.5439755973564,0.28888888888888886,-0.4611539210399482,-83.00770578719067,,,0.36465266560552706,0.9161851485518157,-1.0206979180616023
1h,fz1.5_react0.25_body0.25_cl0.6_cs0.4,model_a,base,next_close,1.5,0.25,0.25,0.6,0.4,90,1.0,1.5,6,4.0,5.0,ETHUSDT,140,154.1177948009544,0.37142857142857144,-0.22684795253958104,-31.758713355541346,,,0.6173747765376718,0.9854505621604459,-0.9432061657714151
1h,fz1.5_react0.25_body0.25_cl0.6_cs0.4,model_a,base,next_close,1.5,0.25,0.25,0.6,0.4,90,1.0,1.5,6,4.0,5.0,LINKUSDT,109,120.15769617706238,0.45871559633027525,0.00983472783347196,1.0719853338484435,,,1.0210791143170992,1.0385463248415314,-0.8619547611564089
1h,fz1.5_react0.25_body0.25_cl0.6_cs0.4,model_a,base,next_close,1.5,0.25,0.25,0.6,0.4,90,1.0,1.5,6,4.0,5.0,LTCUSDT,136,149.7332328560663,0.4264705882352941,-0.17146179595474245,-23.318804249844973,,,0.6856849974783966,0.8770771966064685,-0.9511446365771814
1h,fz1.5_react0.25_body0.25_cl0.6_cs0.4,model_a,base,next_close,1.5,0.25,0.25,0.6,0.4,90,1.0,1.5,6,4.0,5.0,SOLUSDT,122,145.54327708219924,0.3442622950819672,-0.3420749792751739,-41.733147471571215,,,0.46164833344714007,0.8520735023100666,-0.969002932107425
1h,fz1.5_react0.25_body0.25_cl0.6_cs0.4,model_a,base,next_close,1.5,0.25,0.25,0.6,0.4,90,1.0,1.5,6,4.0,5.0,XRPUSDT,124,143.70491803278688,0.3548387096774194,-0.2754855613180897,-34.16020960344312,,,0.5727472373229132,1.0407489316241145,-0.999414532436302
1h,fz1.5_react0.25_body0.25_cl0.7_cs0.3,model_a,base,next_close,1.5,0.25,0.25,0.7,0.3,90,1.0,1.5,6,4.0,5.0,ADAUSDT,94,105.03556405353729,0.3723404255319149,-0.24157124827720217,-22.707697338057002,,,0.5986846939534025,0.9678710143078961,-0.959036997268362
1h,fz1.5_react0.25_body0.25_cl0.7_cs0.3,model_a,base,next_close,1.5,0.25,0.25,0.7,0.3,90,1.0,1.5,6,4.0,5.0,AVAXUSDT,91,100.18914845516201,0.45054945054945056,-0.056615491235691665,-5.152009702447941,,,0.8933671542371688,1.0527658700537081,-0.9663082074929996
1h,fz1.5_react0.25_body0.25_cl0.7_cs0.3,model_a,base,next_close,1.5,0.25,0.25,0.7,0.3,90,1.0,1.5,6,4.0,5.0,BNBUSDT,107,120.96492133092597,0.40186915887850466,-0.1988136473905319,-21.273060270786914,,,0.6669214984486175,0.9905801706078649,-0.9979376188582048
1h,fz1.5_react0.25_body0.25_cl0.7_cs0.3,model_a,base,next_close,1.5,0.25,0.25,0.7,0.3,90,1.0,1.5,6,4.0,5.0,BTCUSDT,164,182.71784443314692,0.2682926829268293,-0.4928993990443348,-80.8355014432709,,,0.33460033188921334,0.923832523915608,-1.0123677707963137
1h,fz1.5_react0.25_body0.25_cl0.7_cs0.3,model_a,base,next_close,1.5,0.25,0.25,0.7,0.3,90,1.0,1.5,6,4.0,5.0,ETHUSDT,127,139.80685671229435,0.3700787401574803,-0.25911252572577964,-32.90729076717401,,,0.5698628747949942,0.9275935222690305,-0.9563023289227306
1h,fz1.5_react0.25_body0.25_cl0.7_cs0.3,model_a,base,next_close,1.5,0.25,0.25,0.7,0.3,90,1.0,1.5,6,4.0,5.0,LINKUSDT,99,109.13405432595573,0.48484848484848486,0.07124866326989199,7.053617663719307,,,1.162637642484993,1.050494994864355,-0.8503949429366614
1h,fz1.5_react0.25_body0.25_cl0.7_cs0.3,model_a,base,next_close,1.5,0.25,0.25,0.7,0.3,90,1.0,1.5,6,4.0,5.0,LTCUSDT,127,139.82441597588544,0.41732283464566927,-0.19618827312180107,-24.915910686468735,,,0.6481909815709447,0.8661575831796735,-0.9570576026350193
1h,fz1.5_react0.25_body0.25_cl0.7_cs0.3,model_a,base,next_close,1.5,0.25,0.25,0.7,0.3,90,1.0,1.5,6,4.0,5.0,SOLUSDT,114,136.25906735751295,0.37719298245614036,-0.25100527443056214,-28.614601285084085,,,0.5763388816155104,0.9052708878861592,-0.9512852037209709
1h,fz1.5_react0.25_body0.25_cl0.7_cs0.3,model_a,base,next_close,1.5,0.25,0.25,0.7,0.3,90,1.0,1.5,6,4.0,5.0,XRPUSDT,115,133.27472236911686,0.391304347826087,-0.20440711405559023,-23.506818116392875,,,0.6612533501370695,1.0197042038360602,-0.9913358184145084
1h,fz1.5_react0.25_body0.5_cl0.6_cs0.4,model_a,base,next_close,1.5,0.25,0.5,0.6,0.4,90,1.0,1.5,6,4.0,5.0,ADAUSDT,87,97.21376673040153,0.3563218390804598,-0.26660247198148757,-23.194415062389417,,,0.5611472449164968,0.9567087291582447,-0.9437926011838392
1h,fz1.5_react0.25_body0.5_cl0.6_cs0.4,model_a,base,next_close,1.5,0.25,0.5,0.6,0.4,90,1.0,1.5,6,4.0,5.0,AVAXUSDT,89,97.98718914845516,0.42696629213483145,-0.11971615521258451,-10.654737813920022,,,0.7821187263349495,1.0064957599540525,-0.9588544449445886
1h,fz1.5_react0.25_body0.5_cl0.6_cs0.4,model_a,base,next_close,1.5,0.25,0.5,0.6,0.4,90,1.0,1.5,6,4.0,5.0,BNBUSDT,102,112.78153380423814,0.4117647058823529,-0.20261354608179996,-20.666581700343595,,,0.6604068495376826,0.9569120110803992,-1.0142814360953394
1h,fz1.5_react0.25_body0.5_cl0.6_cs0.4,model_a,base,next_close,1.5,0.25,0.5,0.6,0.4,90,1.0,1.5,6,4.0,5.0,BTCUSDT,151,168.96425836099056,0.31125827814569534,-0.3947510961957537,-59.607415525558814,,,0.43228809864007334,0.9657121920792214,-1.0095758514738675
1h,fz1.5_react0.25_body0.5_cl0.6_cs0.4,model_a,base,next_close,1.5,0.25,0.5,0.6,0.4,90,1.0,1.5,6,4.0,5.0,ETHUSDT,118,131.9035960214231,0.4152542372881356,-0.17560869650880487,-20.721826188038975,,,0.6823510706176436,0.9084320080916024,-0.945434704123587
1h,fz1.5_react0.25_body0.5_cl0.6_cs0.4,model_a,base,next_close,1.5,0.25,0.5,0.6,0.4,90,1.0,1.5,6,4.0,5.0,LINKUSDT,99,109.13405432595573,0.48484848484848486,0.05481915958647754,5.427096799061276,,,1.1214999430789734,1.0436371060813239,-0.8758330253498484
1h,fz1.5_react0.25_body0.5_cl0.6_cs0.4,model_a,base,next_close,1.5,0.25,0.5,0.6,0.4,90,1.0,1.5,6,4.0,5.0,LTCUSDT,117,131.91279742765272,0.41025641025641024,-0.2262277164009597,-26.468642818912286,,,0.5950471264496214,0.8102840930768904,-0.9472794099507685
1h,fz1.5_react0.25_body0.5_cl0.6_cs0.4,model_a,base,next_close,1.5,0.25,0.5,0.6,0.4,90,1.0,1.5,6,4.0,5.0,SOLUSDT,103,125.08977556109726,0.36893203883495146,-0.266204107879634,-27.4190231116023,,,0.5474912061424688,0.8730085666953725,-0.9322053637850225
1h,fz1.5_react0.25_body0.5_cl0.6_cs0.4,model_a,base,next_close,1.5,0.25,0.5,0.6,0.4,90,1.0,1.5,6,4.0,5.0,XRPUSDT,106,125.83911159263272,0.3584905660377358,-0.26532571010246975,-28.124525270861795,,,0.5729509734835834,0.992981893249504,-0.9684976060932787
1h,fz1.5_react0.25_body0.5_cl0.7_cs0.3,model_a,base,next_close,1.5,0.25,0.5,0.7,0.3,90,1.0,1.5,6,4.0,5.0,ADAUSDT,80,89.39196940726578,0.3875,-0.1991347332409665,-15.93077865927732,,,0.6479795267189006,0.9459510674043891,-0.9235767703839466
1h,fz1.5_react0.25_body0.5_cl0.7_cs0.3,model_a,base,next_close,1.5,0.25,0.5,0.7,0.3,90,1.0,1.5,6,4.0,5.0,AVAXUSDT,81,89.17935192162773,0.41975308641975306,-0.12016626741485105,-9.733467660602935,,,0.7833664873715391,1.03520895439502,-0.9559696193624175
1h,fz1.5_react0.25_body0.5_cl0.7_cs0.3,model_a,base,next_close,1.5,0.25,0.5,0.7,0.3,90,1.0,1.5,6,4.0,5.0,BNBUSDT,91,102.8767087954604,0.42857142857142855,-0.15488718099393764,-14.094733470448325,,,0.7310777638740239,0.9824922239667856,-1.00792173471448
1h,fz1.5_react0.25_body0.5_cl0.7_cs0.3,model_a,base,next_close,1.5,0.25,0.5,0.7,0.3,90,1.0,1.5,6,4.0,5.0,BTCUSDT,141,157.77457237681898,0.2978723404255319,-0.4189966133799718,-59.07852248657602,,,0.4089092111623914,0.9730900615007401,-1.0095788390869405
1h,fz1.5_react0.25_body0.5_cl0.7_cs0.3,model_a,base,next_close,1.5,0.25,0.5,0.7,0.3,90,1.0,1.5,6,4.0,5.0,ETHUSDT,108,120.72532517214997,0.39814814814814814,-0.22130324592978812,-23.900750560417116,,,0.6037683204539264,0.8469625555399166,-0.9280021607482082
1h,fz1.5_react0.25_body0.5_cl0.7_cs0.3,model_a,base,next_close,1.5,0.25,0.5,0.7,0.3,90,1.0,1.5,6,4.0,5.0,LINKUSDT,91,100.31514084507043,0.5054945054945055,0.0889934574329051,8.098404626394364,,,1.2034661103097488,1.0413181127083386,-0.8844939679597603
1h,fz1.5_react0.25_body0.5_cl0.7_cs0.3,model_a,base,next_close,1.5,0.25,0.5,0.7,0.3,90,1.0,1.5,6,4.0,5.0,LTCUSDT,113,127.40295819935692,0.39823008849557523,-0.22984746571266731,-25.972763625531407,,,0.5944340813403315,0.8459562401449706,-0.9417763887066923
1h,fz1.5_react0.25_body0.5_cl0.7_cs0.3,model_a,base,next_close,1.5,0.25,0.5,0.7,0.3,90,1.0,1.5,6,4.0,5.0,SOLUSDT,98,119.01745635910224,0.37755102040816324,-0.25866287807484345,-25.348962051334656,,,0.5604128021840546,0.8734166549660827,-0.9453340702472085
1h,fz1.5_react0.25_body0.5_cl0.7_cs0.3,model_a,base,next_close,1.5,0.25,0.5,0.7,0.3,90,1.0,1.5,6,4.0,5.0,XRPUSDT,100,118.71614301191767,0.38,-0.222470455330077,-22.2470455330077,,,0.6282349954846494,0.9893327052405696,-0.9651885214862798
1h,fz1.5_react0_body0.25_cl0.6_cs0.4,model_a,base,next_close,1.5,0.0,0.25,0.6,0.4,90,1.0,1.5,6,4.0,5.0,ADAUSDT,108,120.6791586998088,0.35185185185185186,-0.2965405436528775,-32.02637871451077,,,0.5293649505997364,0.9479712240156142,-0.9721326461014872
1h,fz1.5_react0_body0.25_cl0.6_cs0.4,model_a,base,next_close,1.5,0.0,0.25,0.6,0.4,90,1.0,1.5,6,4.0,5.0,AVAXUSDT,116,127.76177911797964,0.4482758620689655,-0.06049225740002265,-7.0171018584026275,,,0.8861151416934475,1.0499741547322703,-0.9627462172575106
1h,fz1.5_react0_body0.25_cl0.6_cs0.4,model_a,base,next_close,1.5,0.0,0.25,0.6,0.4,90,1.0,1.5,6,4.0,5.0,BNBUSDT,124,137.1069626639758,0.3790322580645161,-0.24813019336277953,-30.76814397698466,,,0.6028852203354529,0.9938527133859214,-1.006223655923675
1h,fz1.5_react0_body0.25_cl0.6_cs0.4,model_a,base,next_close,1.5,0.0,0.25,0.6,0.4,90,1.0,1.5,6,4.0,5.0,BTCUSDT,190,211.6853075749873,0.2789473684210526,-0.4625267642579602,-87.88008520901244,,,0.3621638847276657,0.9414789919260822,-1.0056822757744146
1h,fz1.5_react0_body0.25_cl0.6_cs0.4,model_a,base,next_close,1.5,0.0,0.25,0.6,0.4,90,1.0,1.5,6,4.0,5.0,ETHUSDT,151,166.2270501067437,0.36423841059602646,-0.22721103293976788,-34.30886597390495,,,0.6110050525667929,0.9798159728956992,-0.9187369216996709
1h,fz1.5_react0_body0.25_cl0.6_cs0.4,model_a,base,next_close,1.5,0.0,0.25,0.6,0.4,90,1.0,1.5,6,4.0,5.0,LINKUSDT,113,124.55149000377216,0.4778761061946903,0.0208874095236868,2.3602772761766087,,,1.0450741226554177,1.0134190817698066,-0.8875314091422535
1h,fz1.5_react0_body0.25_cl0.6_cs0.4,model_a,base,next_close,1.5,0.0,0.25,0.6,0.4,90,1.0,1.5,6,4.0,5.0,LTCUSDT,146,160.7430293896006,0.4178082191780822,-0.21243158233402926,-31.01501102076827,,,0.6237380195717598,0.8428571683856493,-0.9697564504975633
1h,fz1.5_react0_body0.25_cl0.6_cs0.4,model_a,base,next_close,1.5,0.0,0.25,0.6,0.4,90,1.0,1.5,6,4.0,5.0,SOLUSDT,126,150.31518780620576,0.3492063492063492,-0.34577945088514517,-43.56821081152829,,,0.4541940833740358,0.8239868526608379,-0.9734589308366483
1h,fz1.5_react0_body0.25_cl0.6_cs0.4,model_a,base,next_close,1.5,0.0,0.25,0.6,0.4,90,1.0,1.5,6,4.0,5.0,XRPUSDT,128,148.34056054997356,0.3671875,-0.2520759033301048,-32.26571562625342,,,0.5982154798880558,1.0221341312933008,-0.9914323431733155
1h,fz1.5_react0_body0.25_cl0.7_cs0.3,model_a,base,next_close,1.5,0.0,0.25,0.7,0.3,90,1.0,1.5,6,4.0,5.0,ADAUSDT,96,107.27036328871894,0.3645833333333333,-0.2622268968914923,-25.173782101583264,,,0.5736817216581818,0.9678710143078961,-0.9680207803665513
1h,fz1.5_react0_body0.25_cl0.7_cs0.3,model_a,base,next_close,1.5,0.0,0.25,0.7,0.3,90,1.0,1.5,6,4.0,5.0,AVAXUSDT,99,108.99698568198944,0.4444444444444444,-0.06060157290009508,-5.999555717109413,,,0.8862777854531751,1.0626517702591103,-0.9592042474274595
1h,fz1.5_react0_body0.25_cl0.7_cs0.3,model_a,base,next_close,1.5,0.0,0.25,0.7,0.3,90,1.0,1.5,6,4.0,5.0,BNBUSDT,116,131.13954088212535,0.39655172413793105,-0.21088938961382575,-24.463169195203786,,,0.6554165095205007,1.011527742201277,-1.014192076235179
1h,fz1.5_react0_body0.25_cl0.7_cs0.3,model_a,base,next_close,1.5,0.0,0.25,0.7,0.3,90,1.0,1.5,6,4.0,5.0,BTCUSDT,174,193.85917641077785,0.27011494252873564,-0.4893109154124829,-85.14009928177202,,,0.3377135593614048,0.9237169839602937,-1.012242500219731
1h,fz1.5_react0_body0.25_cl0.7_cs0.3,model_a,base,next_close,1.5,0.0,0.25,0.7,0.3,90,1.0,1.5,6,4.0,5.0,ETHUSDT,135,148.61358784377745,0.37037037037037035,-0.237962428629054,-32.12492786492229,,,0.5972960929044131,0.9529628871467424,-0.9385067320265813
1h,fz1.5_react0_body0.25_cl0.7_cs0.3,model_a,base,next_close,1.5,0.0,0.25,0.7,0.3,90,1.0,1.5,6,4.0,5.0,LINKUSDT,102,112.42700867597132,0.5,0.0689538015514016,7.033287758242963,,,1.156937545722789,1.0166495412901129,-0.8787419381873097
1h,fz1.5_react0_body0.25_cl0.7_cs0.3,model_a,base,next_close,1.5,0.0,0.25,0.7,0.3,90,1.0,1.5,6,4.0,5.0,LTCUSDT,135,148.6322532027129,0.4148148148148148,-0.21946835596456207,-29.628228055215878,,,0.6135376529342172,0.8399466172177708,-0.9704460584735575
1h,fz1.5_react0_body0.25_cl0.7_cs0.3,model_a,base,next_close,1.5,0.0,0.25,0.7,0.3,90,1.0,1.5,6,4.0,5.0,SOLUSDT,118,140.67564259485926,0.3983050847457627,-0.22728003650780998,-26.819044307921576,,,0.6039952056955282,0.8703190453642544,-0.9538597104231202
1h,fz1.5_react0_body0.25_cl0.7_cs0.3,model_a,base,next_close,1.5,0.0,0.25,0.7,0.3,90,1.0,1.5,6,4.0,5.0,XRPUSDT,119,137.91036488630354,0.40336134453781514,-0.19929830713734567,-23.716498549344134,,,0.664230808561208,0.9774341403594337,-0.994835736430943
1h,fz1.5_react0_body0.5_cl0.6_cs0.4,model_a,base,next_close,1.5,0.0,0.5,0.6,0.4,90,1.0,1.5,6,4.0,5.0,ADAUSDT,88,98.33116634799235,0.36363636363636365,-0.26011687471237194,-22.890284974688733,,,0.5690522041374316,0.9445580795427818,-0.948502562858174
1h,fz1.5_react0_body0.5_cl0.6_cs0.4,model_a,base,next_close,1.5,0.0,0.5,0.6,0.4,90,1.0,1.5,6,4.0,5.0,AVAXUSDT,90,99.08816880180859,0.4222222222222222,-0.13055085381017512,-11.74957684291576,,,0.7649916164302016,1.0064957599540525,-0.9614695330994183
1h,fz1.5_react0_body0.5_cl0.6_cs0.4,model_a,base,next_close,1.5,0.0,0.5,0.6,0.4,90,1.0,1.5,6,4.0,5.0,BNBUSDT,102,112.78153380423814,0.4117647058823529,-0.20261354608179996,-20.666581700343595,,,0.6604068495376826,0.9569120110803992,-1.0142814360953394
1h,fz1.5_react0_body0.5_cl0.6_cs0.4,model_a,base,next_close,1.5,0.0,0.5,0.6,0.4,90,1.0,1.5,6,4.0,5.0,BTCUSDT,153,171.20219555782487,0.3137254901960784,-0.39142841532698414,-59.88854754502857,,,0.42636427856466314,0.9273574534531493,-0.9943019553407595
1h,fz1.5_react0_body0.5_cl0.6_cs0.4,model_a,base,next_close,1.5,0.0,0.5,0.6,0.4,90,1.0,1.5,6,4.0,5.0,ETHUSDT,122,136.37490436113237,0.4262295081967213,-0.14251088407917614,-17.386327857659488,,,0.7311117063580927,0.9091098514116568,-0.9237148590152234
1h,fz1.5_react0_body0.5_cl0.6_cs0.4,model_a,base,next_close,1.5,0.0,0.5,0.6,0.4,90,1.0,1.5,6,4.0,5.0,LINKUSDT,99,109.13405432595573,0.48484848484848486,0.05481915958647754,5.427096799061276,,,1.1214999430789734,1.0436371060813239,-0.8758330253498484
1h,fz1.5_react0_body0.5_cl0.6_cs0.4,model_a,base,next_close,1.5,0.0,0.5,0.6,0.4,90,1.0,1.5,6,4.0,5.0,LTCUSDT,119,134.16771704180064,0.4117647058823529,-0.2304923083905581,-27.428584698476413,,,0.5872561815701922,0.7964423370300336,-0.9493465601849723
1h,fz1.5_react0_body0.5_cl0.6_cs0.4,model_a,base,next_close,1.5,0.0,0.5,0.6,0.4,90,1.0,1.5,6,4.0,5.0,SOLUSDT,103,125.08977556109726,0.36893203883495146,-0.266204107879634,-27.4190231116023,,,0.5474912061424688,0.8730085666953725,-0.9322053637850225
1h,fz1.5_react0_body0.5_cl0.6_cs0.4,model_a,base,next_close,1.5,0.0,0.5,0.6,0.4,90,1.0,1.5,6,4.0,5.0,XRPUSDT,107,127.0262730227519,0.35514018691588783,-0.26489928147199804,-28.344223117503788,,,0.5710459978365711,0.992981893249504,-0.9576454356664484
1h,fz1.5_react0_body0.5_cl0.7_cs0.3,model_a,base,next_close,1.5,0.0,0.5,0.7,0.3,90,1.0,1.5,6,4.0,5.0,ADAUSDT,81,90.5093690248566,0.38271604938271603,-0.20317150361538522,-16.456891792846204,,,0.6405330369582413,0.9459510674043891,-0.9156274976476453
1h,fz1.5_react0_body0.5_cl0.7_cs0.3,model_a,base,next_close,1.5,0.0,0.5,0.7,0.3,90,1.0,1.5,6,4.0,5.0,AVAXUSDT,82,90.28033157498116,0.4146341463414634,-0.13205252060486186,-10.828306689598673,,,0.7647319943131086,1.03520895439502,-0.9588627320631117
1h,fz1.5_react0_body0.5_cl0.7_cs0.3,model_a,base,next_close,1.5,0.0,0.5,0.7,0.3,90,1.0,1.5,6,4.0,5.0,BNBUSDT,91,102.8767087954604,0.42857142857142855,-0.15488718099393764,-14.094733470448325,,,0.7310777638740239,0.9824922239667856,-1.00792173471448
1h,fz1.5_react0_body0.5_cl0.7_cs0.3,model_a,base,next_close,1.5,0.0,0.5,0.7,0.3,90,1.0,1.5,6,4.0,5.0,BTCUSDT,143,160.01250957365332,0.3006993006993007,-0.41402442136692735,-59.20549225547061,,,0.41041248209771813,0.9584419651925778,-1.0041849675875145
1h,fz1.5_react0_body0.5_cl0.7_cs0.3,model_a,base,next_close,1.5,0.0,0.5,0.7,0.3,90,1.0,1.5,6,4.0,5.0,ETHUSDT,110,122.96097934200459,0.4090909090909091,-0.1793262191203549,-19.72588410323904,,,0.6648363439562286,0.8695244468729378,-0.9054536032695577
1h,fz1.5_react0_body0.5_cl0.7_cs0.3,model_a,base,next_close,1.5,0.0,0.5,0.7,0.3,90,1.0,1.5,6,4.0,5.0,LINKUSDT,91,100.31514084507043,0.5054945054945055,0.0889934574329051,8.098404626394364,,,1.2034661103097488,1.0413181127083386,-0.8844939679597603
1h,fz1.5_react0_body0.5_cl0.7_cs0.3,model_a,base,next_close,1.5,0.0,0.5,0.7,0.3,90,1.0,1.5,6,4.0,5.0,LTCUSDT,114,128.53041800643086,0.40350877192982454,-0.22667303139254832,-25.840725578750508,,,0.5964958616157306,0.8304362794196648,-0.9417763887066923
1h,fz1.5_react0_body0.5_cl0.7_cs0.3,model_a,base,next_close,1.5,0.0,0.5,0.7,0.3,90,1.0,1.5,6,4.0,5.0,SOLUSDT,98,119.01745635910224,0.3877551020408163,-0.25672380577993825,-25.158932966433948,,,0.563144622725561,0.8534751430695483,-0.9598498067179464
1h,fz1.5_react0_body0.5_cl0.7_cs0.3,model_a,base,next_close,1.5,0.0,0.5,0.7,0.3,90,1.0,1.5,6,4.0,5.0,XRPUSDT,102,121.09046587215602,0.37254901960784315,-0.22162658011589792,-22.60591117182159,,,0.6244899808941097,0.9893327052405696,-0.9406336557963005
1h,fz2.5_react0.25_body0.25_cl0.6_cs0.4,model_a,base,next_close,2.5,0.25,0.25,0.6,0.4,90,1.0,1.5,6,4.0,5.0,ADAUSDT,39,45.796918955123914,0.41025641025641024,-0.09203116120432069,-3.589215286968507,,,0.8282363113521458,1.0816890539151316,-0.9085321804178527
1h,fz2.5_react0.25_body0.25_cl0.6_cs0.4,model_a,base,next_close,2.5,0.25,0.25,0.6,0.4,90,1.0,1.5,6,4.0,5.0,AVAXUSDT,33,39.41117166212534,0.42424242424242425,-0.11577899057674428,-3.820706689032561,,,0.8062421963312705,1.1355911106460579,-1.0378411704251247
1h,fz2.5_react0.25_body0.25_cl0.6_cs0.4,model_a,base,next_close,2.5,0.25,0.25,0.6,0.4,90,1.0,1.5,6,4.0,5.0,BNBUSDT,60,69.52544613350959,0.3333333333333333,-0.37115131473160257,-22.269078883896153,,,0.45514768978101605,0.9301346087238622,-1.0217942764593348
1h,fz2.5_react0.25_body0.25_cl0.6_cs0.4,model_a,base,next_close,2.5,0.25,0.25,0.6,0.4,90,1.0,1.5,6,4.0,5.0,BTCUSDT,24,27.7441645786628,0.4166666666666667,-0.28400595944603557,-6.816143026704854,,,0.5262651747586914,0.757195483634096,-1.0277212759318437
1h,fz2.5_react0.25_body0.25_cl0.6_cs0.4,model_a,base,next_close,2.5,0.25,0.25,0.6,0.4,90,1.0,1.5,6,4.0,5.0,ETHUSDT,21,24.63348052990767,0.42857142857142855,-0.2058771865959392,-4.323420918514723,,,0.6381237834329364,0.8470906740394368,-0.9956030820724712
1h,fz2.5_react0.25_body0.25_cl0.6_cs0.4,model_a,base,next_close,2.5,0.25,0.25,0.6,0.4,90,1.0,1.5,6,4.0,5.0,LINKUSDT,37,40.787474849094565,0.3783783783783784,-0.07173886342224216,-2.65433794662296,,,0.8519251913627802,1.0908083671305369,-0.7793763081065425
1h,fz2.5_react0.25_body0.25_cl0.6_cs0.4,model_a,base,next_close,2.5,0.25,0.25,0.6,0.4,90,1.0,1.5,6,4.0,5.0,LTCUSDT,22,34.536532951289395,0.5,-0.04254748377661024,-0.9360446430854252,,,0.9182735562417522,0.9561220931687302,-1.0412170607219506
1h,fz2.5_react0.25_body0.25_cl0.6_cs0.4,model_a,base,next_close,2.5,0.25,0.25,0.6,0.4,90,1.0,1.5,6,4.0,5.0,SOLUSDT,33,45.13621469808083,0.3939393939393939,-0.28519137631043234,-9.411315418244268,,,0.5205713051772114,0.7860735405759663,-0.9815135722865914
1h,fz2.5_react0.25_body0.25_cl0.6_cs0.4,model_a,base,next_close,2.5,0.25,0.25,0.6,0.4,90,1.0,1.5,6,4.0,5.0,XRPUSDT,21,25.48608611380313,0.47619047619047616,-0.011432484124297834,-0.2400821666102545,,,0.9768127990461382,1.0113999254772668,-0.9412801292166293
1h,fz2.5_react0.25_body0.25_cl0.7_cs0.3,model_a,base,next_close,2.5,0.25,0.25,0.7,0.3,90,1.0,1.5,6,4.0,5.0,ADAUSDT,34,39.925519089082385,0.4411764705882353,-0.0025201414729823413,-0.08568481008139961,,,0.9948057347542085,1.0940237154730719,-0.8682126601146042
1h,fz2.5_react0.25_body0.25_cl0.7_cs0.3,model_a,base,next_close,2.5,0.25,0.25,0.7,0.3,90,1.0,1.5,6,4.0,5.0,AVAXUSDT,30,35.828337874659404,0.4666666666666667,0.020464416935654445,0.6139325080696334,,,1.0373876469427035,1.2167617076150774,-1.0262957124088405
1h,fz2.5_react0.25_body0.25_cl0.7_cs0.3,model_a,base,next_close,2.5,0.25,0.25,0.7,0.3,90,1.0,1.5,6,4.0,5.0,BNBUSDT,57,66.21547839915188,0.3508771929824561,-0.3548196181991501,-20.224718237351556,,,0.47880066927631254,0.9289736245941681,-1.0487619116009437
1h,fz2.5_react0.25_body0.25_cl0.7_cs0.3,model_a,base,next_close,2.5,0.25,0.25,0.7,0.3,90,1.0,1.5,6,4.0,5.0,BTCUSDT,21,24.27614400632995,0.42857142857142855,-0.2698843221924928,-5.667570766042349,,,0.5604655943367887,0.8029907144439357,-1.0745405996698143
1h,fz2.5_react0.25_body0.25_cl0.7_cs0.3,model_a,base,next_close,2.5,0.25,0.25,0.7,0.3,90,1.0,1.5,6,4.0,5.0,ETHUSDT,19,22.287434765154554,0.47368421052631576,-0.18263587551737323,-3.4700816348300916,,,0.6423018544772285,0.6923403921983555,-0.970114516461529
1h,fz2.5_react0.25_body0.25_cl0.7_cs0.3,model_a,base,next_close,2.5,0.25,0.25,0.7,0.3,90,1.0,1.5,6,4.0,5.0,LINKUSDT,34,37.480382293762574,0.4411764705882353,0.08912837247996086,3.030364664318669,,,1.223616386208811,1.1054657553840108,-0.7132432456021839
1h,fz2.5_react0.25_body0.25_cl0.7_cs0.3,model_a,base,next_close,2.5,0.25,0.25,0.7,0.3,90,1.0,1.5,6,4.0,5.0,LTCUSDT,21,32.96669054441261,0.47619047619047616,-0.11038748851349034,-2.318137258783297,,,0.7974879031262754,0.9128770331279134,-1.0406279627329482
1h,fz2.5_react0.25_body0.25_cl0.7_cs0.3,model_a,base,next_close,2.5,0.25,0.25,0.7,0.3,90,1.0,1.5,6,4.0,5.0,SOLUSDT,32,43.7684506163208,0.4375,-0.12528895600940376,-4.00924659230092,,,0.7614288803165524,0.9140000288081949,-0.9336248330897582
1h,fz2.5_react0.25_body0.25_cl0.7_cs0.3,model_a,base,next_close,2.5,0.25,0.25,0.7,0.3,90,1.0,1.5,6,4.0,5.0,XRPUSDT,18,21.84521666897411,0.5,-0.018099545298353146,-0.3257918153703566,,,0.9639121516668312,0.966883450166335,-1.0030825407630415
1h,fz2.5_react0.25_body0.5_cl0.6_cs0.4,model_a,base,next_close,2.5,0.25,0.5,0.6,0.4,90,1.0,1.5,6,4.0,5.0,ADAUSDT,32,37.58702934476752,0.4375,-0.01018128138506489,-0.3258010043220765,,,0.9787932133838938,1.074089487472688,-0.8535029904966505
1h,fz2.5_react0.25_body0.5_cl0.6_cs0.4,model_a,base,next_close,2.5,0.25,0.5,0.6,0.4,90,1.0,1.5,6,4.0,5.0,AVAXUSDT,28,33.4124693710863,0.39285714285714285,-0.22103953778663857,-6.18910705802588,,,0.6584603440982608,1.0847353614643194,-1.0659527078901996
1h,fz2.5_react0.25_body0.5_cl0.6_cs0.4,model_a,base,next_close,2.5,0.25,0.5,0.6,0.4,90,1.0,1.5,6,4.0,5.0,BNBUSDT,50,57.930214115781126,0.36,-0.3509524110436903,-17.547620552184515,,,0.4728391111449065,0.8744116602326488,-1.0402197011366312
1h,fz2.5_react0.25_body0.5_cl0.6_cs0.4,model_a,base,next_close,2.5,0.25,0.5,0.6,0.4,90,1.0,1.5,6,4.0,5.0,BTCUSDT,21,27.557784431137726,0.47619047619047616,-0.25323005008300364,-5.3178310517430765,,,0.5874383719081676,0.757195483634096,-1.1717987170985487
1h,fz2.5_react0.25_body0.5_cl0.6_cs0.4,model_a,base,next_close,2.5,0.25,0.5,0.6,0.4,90,1.0,1.5,6,4.0,5.0,ETHUSDT,18,21.114411882778,0.5,-0.05039775427167911,-0.907159576890224,,,0.8936784372016903,0.8472295758373664,-0.9480250843807245
1h,fz2.5_react0.25_body0.5_cl0.6_cs0.4,model_a,base,next_close,2.5,0.25,0.5,0.6,0.4,90,1.0,1.5,6,4.0,5.0,LINKUSDT,34,37.480382293762574,0.4411764705882353,0.03114881143761745,1.0590595888789933,,,1.0687695582933614,1.0972787738280583,-0.8105327378179936
1h,fz2.5_react0.25_body0.5_cl0.6_cs0.4,model_a,base,next_close,2.5,0.25,0.5,0.6,0.4,90,1.0,1.5,6,4.0,5.0,LTCUSDT,19,29.827005730659025,0.42105263157894735,-0.16121421081713053,-3.0630700055254803,,,0.7077830189455391,0.927388326274364,-0.9529251468836719
1h,fz2.5_react0.25_body0.5_cl0.6_cs0.4,model_a,base,next_close,2.5,0.25,0.5,0.6,0.4,90,1.0,1.5,6,4.0,5.0,SOLUSDT,25,34.19410204400062,0.44,-0.2397045828554159,-5.992614571385397,,,0.5794268837774449,0.7505520125325448,-1.017763336374528
1h,fz2.5_react0.25_body0.5_cl0.6_cs0.4,model_a,base,next_close,2.5,0.25,0.5,0.6,0.4,90,1.0,1.5,6,4.0,5.0,XRPUSDT,19,23.06522642293311,0.47368421052631576,0.04255280564956879,0.808503307341807,,,1.0941168396012,1.0443249607901375,-0.8590421339769432
1h,fz2.5_react0.25_body0.5_cl0.7_cs0.3,model_a,base,next_close,2.5,0.25,0.5,0.7,0.3,90,1.0,1.5,6,4.0,5.0,ADAUSDT,30,35.23784001071955,0.4,-0.08789236382802702,-2.6367709148408105,,,0.8288118372393606,1.0638327786348352,-0.855709125469935
1h,fz2.5_react0.25_body0.5_cl0.7_cs0.3,model_a,base,next_close,2.5,0.25,0.5,0.7,0.3,90,1.0,1.5,6,4.0,5.0,AVAXUSDT,25,29.832561938469915,0.44,-0.11344406644589633,-2.836101661147408,,,0.8079587587396843,1.0847353614643194,-1.0548707598039229
1h,fz2.5_react0.25_body0.5_cl0.7_cs0.3,model_a,base,next_close,2.5,0.25,0.5,0.7,0.3,90,1.0,1.5,6,4.0,5.0,BNBUSDT,47,54.598727802809435,0.3617021276595745,-0.34771683186248675,-16.34269109753688,,,0.4842327198880203,0.9025577398272315,-1.056205755819994
1h,fz2.5_react0.25_body0.5_cl0.7_cs0.3,model_a,base,next_close,2.5,0.25,0.5,0.7,0.3,90,1.0,1.5,6,4.0,5.0,BTCUSDT,19,24.933233532934132,0.47368421052631576,-0.21819390897040372,-4.145684270437671,,,0.6354673500248896,0.8029907144439357,-1.137260070043309
1h,fz2.5_react0.25_body0.5_cl0.7_cs0.3,model_a,base,next_close,2.5,0.25,0.5,0.7,0.3,90,1.0,1.5,6,4.0,5.0,ETHUSDT,17,19.941389000401443,0.47058823529411764,-0.2207268610880269,-3.7523566384964573,,,0.5602136248738143,0.597483640116258,-0.9480250843807245
1h,fz2.5_react0.25_body0.5_cl0.7_cs0.3,model_a,base,next_close,2.5,0.25,0.5,0.7,0.3,90,1.0,1.5,6,4.0,5.0,LINKUSDT,31,34.17328973843058,0.4838709677419355,0.13289819315880744,4.119843987923031,,,1.3338788608404,1.0972787738280583,-0.7712086012186151
1h,fz2.5_react0.25_body0.5_cl0.7_cs0.3,model_a,base,next_close,2.5,0.25,0.5,0.7,0.3,90,1.0,1.5,6,4.0,5.0,LTCUSDT,19,29.827005730659025,0.42105263157894735,-0.16209093100442792,-3.0797276890841303,,,0.7060121321804972,0.9244961060946542,-0.9523360488946694
1h,fz2.5_react0.25_body0.5_cl0.7_cs0.3,model_a,base,next_close,2.5,0.25,0.5,0.7,0.3,90,1.0,1.5,6,4.0,5.0,SOLUSDT,24,32.8263379622406,0.4166666666666667,-0.21812364866317221,-5.234967567916133,,,0.6081790526662804,0.8125644220553243,-0.9543294134620982
1h,fz2.5_react0.25_body0.5_cl0.7_cs0.3,model_a,base,next_close,2.5,0.25,0.5,0.7,0.3,90,1.0,1.5,6,4.0,5.0,XRPUSDT,17,20.637307852098047,0.47058823529411764,-0.018904958397013633,-0.32138429274923175,,,0.9613175003844017,0.9983595554794482,-0.9231400818427576
1h,fz2.5_react0_body0.25_cl0.6_cs0.4,model_a,base,next_close,2.5,0.0,0.25,0.6,0.4,90,1.0,1.5,6,4.0,5.0,ADAUSDT,40,46.97119892833222,0.4,-0.12289116680310008,-4.915646672124003,,,0.7773137855352727,1.0724170589789161,-0.9197633173244443
1h,fz2.5_react0_body0.25_cl0.6_cs0.4,model_a,base,next_close,2.5,0.0,0.25,0.6,0.4,90,1.0,1.5,6,4.0,5.0,AVAXUSDT,33,39.41117166212534,0.45454545454545453,-0.03929639065300937,-1.296780891549309,,,0.9302650210908252,1.1532709718016703,-1.0331025260319089
1h,fz2.5_react0_body0.25_cl0.6_cs0.4,model_a,base,next_close,2.5,0.0,0.25,0.6,0.4,90,1.0,1.5,6,4.0,5.0,BNBUSDT,63,73.00171844018506,0.36507936507936506,-0.316419481408818,-19.934427328755532,,,0.5168139822472613,0.9270343451385467,-1.0314054316735528
1h,fz2.5_react0_body0.25_cl0.6_cs0.4,model_a,base,next_close,2.5,0.0,0.25,0.6,0.4,90,1.0,1.5,6,4.0,5.0,BTCUSDT,24,27.7441645786628,0.4166666666666667,-0.2839596210395895,-6.815030904950148,,,0.526305855340442,0.757195483634096,-1.0276418386636503
1h,fz2.5_react0_body0.25_cl0.6_cs0.4,model_a,base,next_close,2.5,0.0,0.25,0.6,0.4,90,1.0,1.5,6,4.0,5.0,ETHUSDT,22,25.806503412284222,0.4090909090909091,-0.2503016981020439,-5.506637358244966,,,0.5806209290588332,0.8470906740394368,-1.0100348788153768
1h,fz2.5_react0_body0.25_cl0.6_cs0.4,model_a,base,next_close,2.5,0.0,0.25,0.6,0.4,90,1.0,1.5,6,4.0,5.0,LINKUSDT,38,41.884571859675596,0.42105263157894735,-0.00127178315608376,-0.04832775993118288,,,0.9971581943436076,1.0598547995631233,-0.7730002069518708
1h,fz2.5_react0_body0.25_cl0.6_cs0.4,model_a,base,next_close,2.5,0.0,0.25,0.6,0.4,90,1.0,1.5,6,4.0,5.0,LTCUSDT,26,40.80859444941809,0.46153846153846156,-0.16182146268616243,-4.207358029840223,,,0.7146744198577819,0.8782046921074289,-1.0532724525092407
1h,fz2.5_react0_body0.25_cl0.6_cs0.4,model_a,base,next_close,2.5,0.0,0.25,0.6,0.4,90,1.0,1.5,6,4.0,5.0,SOLUSDT,35,47.87174286160087,0.37142857142857144,-0.3296454917170691,-11.537592210097419,,,0.4696956482202476,0.7860735405759663,-0.9889340107993173
1h,fz2.5_react0_body0.25_cl0.6_cs0.4,model_a,base,next_close,2.5,0.0,0.25,0.6,0.4,90,1.0,1.5,6,4.0,5.0,XRPUSDT,21,25.48608611380313,0.47619047619047616,0.002131387318029571,0.044759133678621,,,1.0044451351979238,1.0113999254772668,-0.9153854655540044
1h,fz2.5_react0_body0.25_cl0.7_cs0.3,model_a,base,next_close,2.5,0.0,0.25,0.7,0.3,90,1.0,1.5,6,4.0,5.0,ADAUSDT,35,41.09979906229069,0.42857142857142855,-0.03593414186164893,-1.2576949651577125,,,0.9288152956594582,1.0940237154730719,-0.8834025348626897
1h,fz2.5_react0_body0.25_cl0.7_cs0.3,model_a,base,next_close,2.5,0.0,0.25,0.7,0.3,90,1.0,1.5,6,4.0,5.0,AVAXUSDT,30,35.828337874659404,0.5,0.10459527685176286,3.1378583055528857,,,1.2051210259942757,1.2290301956394216,-1.019839641935896
1h,fz2.5_react0_body0.25_cl0.7_cs0.3,model_a,base,next_close,2.5,0.0,0.25,0.7,0.3,90,1.0,1.5,6,4.0,5.0,BNBUSDT,61,70.67486122125297,0.3770491803278688,-0.3131764683236552,-19.103764567742967,,,0.5271618669743566,0.9260247937214213,-1.0632193374562016
1h,fz2.5_react0_body0.25_cl0.7_cs0.3,model_a,base,next_close,2.5,0.0,0.25,0.7,0.3,90,1.0,1.5,6,4.0,5.0,BTCUSDT,22,25.432150863774233,0.45454545454545453,-0.25528329124004057,-5.616232407280893,,,0.5644094447788968,0.7277142667002171,-1.074447922856922
1h,fz2.5_react0_body0.25_cl0.7_cs0.3,model_a,base,next_close,2.5,0.0,0.25,0.7,0.3,90,1.0,1.5,6,4.0,5.0,ETHUSDT,20,23.46045764753111,0.45,-0.2326649037280167,-4.653298074560334,,,0.5724785482409437,0.6923403921983555,-0.9894874185768667
1h,fz2.5_react0_body0.25_cl0.7_cs0.3,model_a,base,next_close,2.5,0.0,0.25,0.7,0.3,90,1.0,1.5,6,4.0,5.0,LINKUSDT,34,37.47566955865711,0.47058823529411764,0.12338829894109284,4.195202163997156,,,1.3321098599616064,1.0516983310580832,-0.7017761740517874
1h,fz2.5_react0_body0.25_cl0.7_cs0.3,model_a,base,next_close,2.5,0.0,0.25,0.7,0.3,90,1.0,1.5,6,4.0,5.0,LTCUSDT,24,37.66947179946285,0.4166666666666667,-0.24292211773380057,-5.830130825611214,,,0.6045118689554809,0.8911476742265281,-1.0529719691340353
1h,fz2.5_react0_body0.25_cl0.7_cs0.3,model_a,base,next_close,2.5,0.0,0.25,0.7,0.3,90,1.0,1.5,6,4.0,5.0,SOLUSDT,33,45.13621469808083,0.45454545454545453,-0.1475490833598505,-4.8691197508750665,,,0.7261579411154793,0.8607759737475001,-0.9878199642826426
1h,fz2.5_react0_body0.25_cl0.7_cs0.3,model_a,base,next_close,2.5,0.0,0.25,0.7,0.3,90,1.0,1.5,6,4.0,5.0,XRPUSDT,19,23.05883981725045,0.47368421052631576,-0.0641056454030492,-1.2180072626579348,,,0.8772164938515982,0.966883450166335,-0.9919958314154951
1h,fz2.5_react0_body0.5_cl0.6_cs0.4,model_a,base,next_close,2.5,0.0,0.5,0.6,0.4,90,1.0,1.5,6,4.0,5.0,ADAUSDT,32,37.58702934476752,0.4375,-0.01018128138506489,-0.3258010043220765,,,0.9787932133838938,1.074089487472688,-0.8535029904966505
1h,fz2.5_react0_body0.5_cl0.6_cs0.4,model_a,base,next_close,2.5,0.0,0.5,0.6,0.4,90,1.0,1.5,6,4.0,5.0,AVAXUSDT,28,33.4124693710863,0.39285714285714285,-0.22103953778663857,-6.18910705802588,,,0.6584603440982608,1.0847353614643194,-1.0659527078901996
1h,fz2.5_react0_body0.5_cl0.6_cs0.4,model_a,base,next_close,2.5,0.0,0.5,0.6,0.4,90,1.0,1.5,6,4.0,5.0,BNBUSDT,50,57.930214115781126,0.36,-0.3509524110436903,-17.547620552184515,,,0.4728391111449065,0.8744116602326488,-1.0402197011366312
1h,fz2.5_react0_body0.5_cl0.6_cs0.4,model_a,base,next_close,2.5,0.0,0.5,0.6,0.4,90,1.0,1.5,6,4.0,5.0,BTCUSDT,22,25.425444957152273,0.45454545454545453,-0.26343470904949795,-5.795563599088955,,,0.5664443159675685,0.757195483634096,-1.1139598696191595
1h,fz2.5_react0_body0.5_cl0.6_cs0.4,model_a,base,next_close,2.5,0.0,0.5,0.6,0.4,90,1.0,1.5,6,4.0,5.0,ETHUSDT,18,21.114411882778,0.5,-0.05039775427167911,-0.907159576890224,,,0.8936784372016903,0.8472295758373664,-0.9480250843807245
1h,fz2.5_react0_body0.5_cl0.6_cs0.4,model_a,base,next_close,2.5,0.0,0.5,0.6,0.4,90,1.0,1.5,6,4.0,5.0,LINKUSDT,34,37.480382293762574,0.4411764705882353,0.03114881143761745,1.0590595888789933,,,1.0687695582933614,1.0972787738280583,-0.8105327378179936
1h,fz2.5_react0_body0.5_cl0.6_cs0.4,model_a,base,next_close,2.5,0.0,0.5,0.6,0.4,90,1.0,1.5,6,4.0,5.0,LTCUSDT,20,31.396848137535816,0.45,-0.14655159793722902,-2.9310319587445806,,,0.7203794530280252,0.8390160729973124,-0.9529251468836719
1h,fz2.5_react0_body0.5_cl0.6_cs0.4,model_a,base,next_close,2.5,0.0,0.5,0.6,0.4,90,1.0,1.5,6,4.0,5.0,SOLUSDT,25,34.19410204400062,0.44,-0.2397045828554159,-5.992614571385397,,,0.5794268837774449,0.7505520125325448,-1.017763336374528
1h,fz2.5_react0_body0.5_cl0.6_cs0.4,model_a,base,next_close,2.5,0.0,0.5,0.6,0.4,90,1.0,1.5,6,4.0,5.0,XRPUSDT,19,23.06522642293311,0.47368421052631576,0.04255280564956879,0.808503307341807,,,1.0941168396012,1.0443249607901375,-0.8590421339769432
1h,fz2.5_react0_body0.5_cl0.7_cs0.3,model_a,base,next_close,2.5,0.0,0.5,0.7,0.3,90,1.0,1.5,6,4.0,5.0,ADAUSDT,30,35.23784001071955,0.4,-0.08789236382802702,-2.6367709148408105,,,0.8288118372393606,1.0638327786348352,-0.855709125469935
1h,fz2.5_react0_body0.5_cl0.7_cs0.3,model_a,base,next_close,2.5,0.0,0.5,0.7,0.3,90,1.0,1.5,6,4.0,5.0,AVAXUSDT,25,29.832561938469915,0.44,-0.11344406644589633,-2.836101661147408,,,0.8079587587396843,1.0847353614643194,-1.0548707598039229
1h,fz2.5_react0_body0.5_cl0.7_cs0.3,model_a,base,next_close,2.5,0.0,0.5,0.7,0.3,90,1.0,1.5,6,4.0,5.0,BNBUSDT,47,54.598727802809435,0.3617021276595745,-0.34771683186248675,-16.34269109753688,,,0.4842327198880203,0.9025577398272315,-1.056205755819994
1h,fz2.5_react0_body0.5_cl0.7_cs0.3,model_a,base,next_close,2.5,0.0,0.5,0.7,0.3,90,1.0,1.5,6,4.0,5.0,BTCUSDT,20,23.11404087013843,0.45,-0.23117084088917744,-4.623416817783549,,,0.6098492151138377,0.8029907144439357,-1.0773030225253608
1h,fz2.5_react0_body0.5_cl0.7_cs0.3,model_a,base,next_close,2.5,0.0,0.5,0.7,0.3,90,1.0,1.5,6,4.0,5.0,ETHUSDT,17,19.941389000401443,0.47058823529411764,-0.2207268610880269,-3.7523566384964573,,,0.5602136248738143,0.597483640116258,-0.9480250843807245
1h,fz2.5_react0_body0.5_cl0.7_cs0.3,model_a,base,next_close,2.5,0.0,0.5,0.7,0.3,90,1.0,1.5,6,4.0,5.0,LINKUSDT,31,34.17328973843058,0.4838709677419355,0.13289819315880744,4.119843987923031,,,1.3338788608404,1.0972787738280583,-0.7712086012186151
1h,fz2.5_react0_body0.5_cl0.7_cs0.3,model_a,base,next_close,2.5,0.0,0.5,0.7,0.3,90,1.0,1.5,6,4.0,5.0,LTCUSDT,20,31.396848137535816,0.45,-0.14738448211516153,-2.9476896423032306,,,0.7186163581910481,0.836445210615348,-0.9523360488946694
1h,fz2.5_react0_body0.5_cl0.7_cs0.3,model_a,base,next_close,2.5,0.0,0.5,0.7,0.3,90,1.0,1.5,6,4.0,5.0,SOLUSDT,24,32.8263379622406,0.4583333333333333,-0.2102057701256428,-5.044938483015427,,,0.6202879555579272,0.7492075839500923,-1.022017069728188
1h,fz2.5_react0_body0.5_cl0.7_cs0.3,model_a,base,next_close,2.5,0.0,0.5,0.7,0.3,90,1.0,1.5,6,4.0,5.0,XRPUSDT,18,21.851267137515578,0.4444444444444444,-0.02558622694006281,-0.46055208492113053,,,0.9454802034307457,0.9983595554794482,-0.8447428528756717
1h,fz2_react0.25_body0.25_cl0.6_cs0.4,model_a,base,next_close,2.0,0.25,0.25,0.6,0.4,90,1.0,1.5,6,4.0,5.0,ADAUSDT,64,75.15391828533156,0.390625,-0.1543493987909833,-9.878361522622932,,,0.7280156614041283,1.0576494124048923,-0.9312717136601344
1h,fz2_react0.25_body0.25_cl0.6_cs0.4,model_a,base,next_close,2.0,0.25,0.25,0.6,0.4,90,1.0,1.5,6,4.0,5.0,AVAXUSDT,54,59.47531096871466,0.46296296296296297,-0.03394403375592678,-1.8329778228200462,,,0.9332543230016638,1.0251657060310457,-0.946969671503317
1h,fz2_react0.25_body0.25_cl0.6_cs0.4,model_a,base,next_close,2.0,0.25,0.25,0.6,0.4,90,1.0,1.5,6,4.0,5.0,BNBUSDT,83,94.49064935064935,0.3373493975903614,-0.30849357270353844,-25.604966534393693,,,0.5265744622962575,1.017124915805759,-0.9833538941264536
1h,fz2_react0.25_body0.25_cl0.6_cs0.4,model_a,base,next_close,2.0,0.25,0.25,0.6,0.4,90,1.0,1.5,6,4.0,5.0,BTCUSDT,70,80.92048002109983,0.24285714285714285,-0.5888065192438904,-41.216456347072324,,,0.2496084028366711,0.8064788225453966,-1.0363508741574352
1h,fz2_react0.25_body0.25_cl0.6_cs0.4,model_a,base,next_close,2.0,0.25,0.25,0.6,0.4,90,1.0,1.5,6,4.0,5.0,ETHUSDT,46,51.48569969356486,0.41304347826086957,-0.19770825091410602,-9.094579542048876,,,0.6398966896780385,0.8505733561158649,-0.935387900305567
1h,fz2_react0.25_body0.25_cl0.6_cs0.4,model_a,base,next_close,2.0,0.25,0.25,0.6,0.4,90,1.0,1.5,6,4.0,5.0,LINKUSDT,62,68.34657947686117,0.3709677419354839,-0.15566389731884459,-9.651161633768364,,,0.7019976479970776,0.9884796169368589,-0.8304152005978492
1h,fz2_react0.25_body0.25_cl0.6_cs0.4,model_a,base,next_close,2.0,0.25,0.25,0.6,0.4,90,1.0,1.5,6,4.0,5.0,LTCUSDT,54,60.80462427745665,0.46296296296296297,-0.09703659217155111,-5.23997597726376,,,0.820085016987514,0.955390310773681,-1.0043011636760615
1h,fz2_react0.25_body0.25_cl0.6_cs0.4,model_a,base,next_close,2.0,0.25,0.25,0.6,0.4,90,1.0,1.5,6,4.0,5.0,SOLUSDT,57,70.1083204714466,0.42105263157894735,-0.17026199362438837,-9.704933636590138,,,0.6939805505931955,0.9170216688360009,-0.9610137481410351
1h,fz2_react0.25_body0.25_cl0.6_cs0.4,model_a,base,next_close,2.0,0.25,0.25,0.6,0.4,90,1.0,1.5,6,4.0,5.0,XRPUSDT,48,58.253911117264295,0.4166666666666667,-0.16738308325504794,-8.034387996242302,,,0.693158606531722,0.9074892283700724,-0.9351490201301339
1h,fz2_react0.25_body0.25_cl0.7_cs0.3,model_a,base,next_close,2.0,0.25,0.25,0.7,0.3,90,1.0,1.5,6,4.0,5.0,ADAUSDT,54,63.41111855324849,0.42592592592592593,-0.07109415884397403,-3.8390845775745976,,,0.8628919442087966,1.0504932979316803,-0.9032396912904271
1h,fz2_react0.25_body0.25_cl0.7_cs0.3,model_a,base,next_close,2.0,0.25,0.25,0.7,0.3,90,1.0,1.5,6,4.0,5.0,AVAXUSDT,48,52.847023360964585,0.4583333333333333,-0.016857700783791906,-0.8091696376220114,,,0.9674246063319188,1.0923060880475768,-0.9553809067180268
1h,fz2_react0.25_body0.25_cl0.7_cs0.3,model_a,base,next_close,2.0,0.25,0.25,0.7,0.3,90,1.0,1.5,6,4.0,5.0,BNBUSDT,78,88.79844155844155,0.358974358974359,-0.2680088381107341,-20.90468937263726,,,0.5764935230750838,1.016295641427406,-0.9872193466520927
1h,fz2_react0.25_body0.25_cl0.7_cs0.3,model_a,base,next_close,2.0,0.25,0.25,0.7,0.3,90,1.0,1.5,6,4.0,5.0,BTCUSDT,64,73.98443887643414,0.234375,-0.6537015822310115,-41.836901262784735,,,0.21011357148193363,0.7419210683703721,-1.0809330058844961
1h,fz2_react0.25_body0.25_cl0.7_cs0.3,model_a,base,next_close,2.0,0.25,0.25,0.7,0.3,90,1.0,1.5,6,4.0,5.0,ETHUSDT,44,49.247191011235955,0.38636363636363635,-0.2971437276825813,-13.074324018033577,,,0.4864392178161227,0.7284622522315404,-0.9428956409618431
1h,fz2_react0.25_body0.25_cl0.7_cs0.3,model_a,base,next_close,2.0,0.25,0.25,0.7,0.3,90,1.0,1.5,6,4.0,5.0,LINKUSDT,58,63.93712273641851,0.41379310344827586,-0.06282858818465928,-3.644058114710238,,,0.8683968978876012,1.0019041825200168,-0.8144046616232542
1h,fz2_react0.25_body0.25_cl0.7_cs0.3,model_a,base,next_close,2.0,0.25,0.25,0.7,0.3,90,1.0,1.5,6,4.0,5.0,LTCUSDT,53,59.678612716763006,0.4339622641509434,-0.2045587953477269,-10.841616153429525,,,0.6488800038210232,0.8711140508905659,-1.0292413107970846
1h,fz2_react0.25_body0.25_cl0.7_cs0.3,model_a,base,next_close,2.0,0.25,0.25,0.7,0.3,90,1.0,1.5,6,4.0,5.0,SOLUSDT,55,67.64837940227305,0.45454545454545453,-0.06764093173495402,-3.720251245422471,,,0.868569367922159,0.9834225771156474,-0.9435271891104552
1h,fz2_react0.25_body0.25_cl0.7_cs0.3,model_a,base,next_close,2.0,0.25,0.25,0.7,0.3,90,1.0,1.5,6,4.0,5.0,XRPUSDT,41,49.75854907932992,0.4634146341463415,-0.0922640643505672,-3.7828266383732547,,,0.814355718270286,0.8733642515510353,-0.9262157917201329
1h,fz2_react0.25_body0.5_cl0.6_cs0.4,model_a,base,next_close,2.0,0.25,0.5,0.6,0.4,90,1.0,1.5,6,4.0,5.0,ADAUSDT,52,61.07892268524722,0.38461538461538464,-0.17404069431500307,-9.05011610438016,,,0.6890644631546383,1.0027984350423869,-0.9095651501633719
1h,fz2_react0.25_body0.5_cl0.6_cs0.4,model_a,base,next_close,2.0,0.25,0.5,0.6,0.4,90,1.0,1.5,6,4.0,5.0,AVAXUSDT,47,51.74604370761115,0.46808510638297873,-0.062387674714793846,-2.9322207115953107,,,0.8807192842733715,0.9841045632702556,-0.9833008441416373
1h,fz2_react0.25_body0.5_cl0.6_cs0.4,model_a,base,next_close,2.0,0.25,0.5,0.6,0.4,90,1.0,1.5,6,4.0,5.0,BNBUSDT,70,79.69090909090909,0.37142857142857144,-0.2854640211410698,-19.982481479874885,,,0.5510299541946813,0.9432654170126687,-1.0115314164137335
1h,fz2_react0.25_body0.5_cl0.6_cs0.4,model_a,base,next_close,2.0,0.25,0.5,0.6,0.4,90,1.0,1.5,6,4.0,5.0,BTCUSDT,61,71.16396060686718,0.26229508196721313,-0.5888040944928344,-35.9170497640629,,,0.2637949737921215,0.8043561969758581,-1.0841499759039253
1h,fz2_react0.25_body0.5_cl0.6_cs0.4,model_a,base,next_close,2.0,0.25,0.5,0.6,0.4,90,1.0,1.5,6,4.0,5.0,ETHUSDT,42,47.01468522538629,0.40476190476190477,-0.30395619191016593,-12.76616006022697,,,0.4767902166975815,0.6843256888720756,-0.9759878708420903
1h,fz2_react0.25_body0.5_cl0.6_cs0.4,model_a,base,next_close,2.0,0.25,0.5,0.6,0.4,90,1.0,1.5,6,4.0,5.0,LINKUSDT,58,63.93712273641851,0.3620689655172414,-0.17980299096721064,-10.428573476098217,,,0.6671509248111986,0.995364960629823,-0.8467902067385
1h,fz2_react0.25_body0.5_cl0.6_cs0.4,model_a,base,next_close,2.0,0.25,0.5,0.6,0.4,90,1.0,1.5,6,4.0,5.0,LTCUSDT,48,54.118070739549836,0.4166666666666667,-0.2383565620878373,-11.44111498021619,,,0.6006464454605108,0.8603986325971622,-1.0231817011485511
1h,fz2_react0.25_body0.5_cl0.6_cs0.4,model_a,base,next_close,2.0,0.25,0.5,0.6,0.4,90,1.0,1.5,6,4.0,5.0,SOLUSDT,47,57.80861512557878,0.46808510638297873,-0.09229604323077255,-4.33791403184631,,,0.8220967005508582,0.9111652801106569,-0.9753420077712305
1h,fz2_react0.25_body0.5_cl0.6_cs0.4,model_a,base,next_close,2.0,0.25,0.5,0.6,0.4,90,1.0,1.5,6,4.0,5.0,XRPUSDT,42,50.98628998753635,0.4523809523809524,-0.07106372658849705,-2.984676516716876,,,0.8495380385190702,0.8869513067303021,-0.8624674497648964
1h,fz2_react0.25_body0.5_cl0.7_cs0.3,model_a,base,next_close,2.0,0.25,0.5,0.7,0.3,90,1.0,1.5,6,4.0,5.0,ADAUSDT,48,56.38054401715128,0.3958333333333333,-0.13993272055218972,-6.716770586505107,,,0.7404452862476785,1.0084885374577965,-0.8923466482139049
1h,fz2_react0.25_body0.5_cl0.7_cs0.3,model_a,base,next_close,2.0,0.25,0.5,0.7,0.3,90,1.0,1.5,6,4.0,5.0,AVAXUSDT,43,47.342125094197435,0.46511627906976744,-0.040648452042361165,-1.74788343782153,,,0.9206850882357126,1.014468894549688,-0.9581417969050127
1h,fz2_react0.25_body0.5_cl0.7_cs0.3,model_a,base,next_close,2.0,0.25,0.5,0.7,0.3,90,1.0,1.5,6,4.0,5.0,BNBUSDT,65,73.99870129870129,0.36923076923076925,-0.28928618202399387,-18.8036018315596,,,0.5485421748861088,0.9519686438201642,-1.0158743727620376
1h,fz2_react0.25_body0.5_cl0.7_cs0.3,model_a,base,next_close,2.0,0.25,0.5,0.7,0.3,90,1.0,1.5,6,4.0,5.0,BTCUSDT,57,66.49747138674473,0.24561403508771928,-0.6347237763815414,-36.17925525374786,,,0.24078097527745818,0.819571172212418,-1.1082151549935282
1h,fz2_react0.25_body0.5_cl0.7_cs0.3,model_a,base,next_close,2.0,0.25,0.5,0.7,0.3,90,1.0,1.5,6,4.0,5.0,ETHUSDT,41,45.89528795811518,0.36585365853658536,-0.4196038334504071,-17.20375717146669,,,0.29790731988298563,0.4866522930671732,-0.9424439064413188
1h,fz2_react0.25_body0.5_cl0.7_cs0.3,model_a,base,next_close,2.0,0.25,0.5,0.7,0.3,90,1.0,1.5,6,4.0,5.0,LINKUSDT,53,58.42530181086519,0.39622641509433965,-0.11153482703813992,-5.911345833021416,,,0.7795426408939184,0.995364960629823,-0.8379378126952406
1h,fz2_react0.25_body0.5_cl0.7_cs0.3,model_a,base,next_close,2.0,0.25,0.5,0.7,0.3,90,1.0,1.5,6,4.0,5.0,LTCUSDT,48,54.118070739549836,0.375,-0.3136227902660533,-15.053893932770558,,,0.5022868946709876,0.8440129637422471,-1.0082042426710336
1h,fz2_react0.25_body0.5_cl0.7_cs0.3,model_a,base,next_close,2.0,0.25,0.5,0.7,0.3,90,1.0,1.5,6,4.0,5.0,SOLUSDT,46,56.578644590992,0.45652173913043476,-0.09046277052831116,-4.161287444302313,,,0.8271639071574339,0.948343249768081,-0.9630598275772806
1h,fz2_react0.25_body0.5_cl0.7_cs0.3,model_a,base,next_close,2.0,0.25,0.5,0.7,0.3,90,1.0,1.5,6,4.0,5.0,XRPUSDT,38,46.13045284586622,0.47368421052631576,-0.025927765586050727,-0.9852550922699277,,,0.9433875529298077,0.9121250798783644,-0.8701753265040244
1h,fz2_react0_body0.25_cl0.6_cs0.4,model_a,base,next_close,2.0,0.0,0.25,0.6,0.4,90,1.0,1.5,6,4.0,5.0,ADAUSDT,64,75.15391828533156,0.390625,-0.14010974241401628,-8.967023514497042,,,0.7456878278636991,1.0517153356457145,-0.9041001770676897
1h,fz2_react0_body0.25_cl0.6_cs0.4,model_a,base,next_close,2.0,0.0,0.25,0.6,0.4,90,1.0,1.5,6,4.0,5.0,AVAXUSDT,58,63.88088955898982,0.4482758620689655,-0.046531702320798146,-2.6988387346062925,,,0.9092179495794686,1.0396127568752456,-0.9290240754175838
1h,fz2_react0_body0.25_cl0.6_cs0.4,model_a,base,next_close,2.0,0.0,0.25,0.6,0.4,90,1.0,1.5,6,4.0,5.0,BNBUSDT,87,99.04441558441559,0.367816091954023,-0.25388408583971733,-22.087915468055407,,,0.5954567438224578,1.0159913388116901,-0.9927206965459907
1h,fz2_react0_body0.25_cl0.6_cs0.4,model_a,base,next_close,2.0,0.0,0.25,0.6,0.4,90,1.0,1.5,6,4.0,5.0,BTCUSDT,75,86.70051430832125,0.22666666666666666,-0.5874450136436806,-44.05837602327605,,,0.24825508207050895,0.8558688314332793,-1.010485278580031
1h,fz2_react0_body0.25_cl0.6_cs0.4,model_a,base,next_close,2.0,0.0,0.25,0.6,0.4,90,1.0,1.5,6,4.0,5.0,ETHUSDT,50,55.96271705822267,0.4,-0.20448255321518002,-10.224127660759,,,0.6312146984870375,0.8749833076593122,-0.9241264604648415
1h,fz2_react0_body0.25_cl0.6_cs0.4,model_a,base,next_close,2.0,0.0,0.25,0.6,0.4,90,1.0,1.5,6,4.0,5.0,LINKUSDT,65,71.64466239155036,0.38461538461538464,-0.16093128097963127,-10.460533263676032,,,0.699519610886048,0.9740866190761274,-0.8703174685144803
1h,fz2_react0_body0.25_cl0.6_cs0.4,model_a,base,next_close,2.0,0.0,0.25,0.6,0.4,90,1.0,1.5,6,4.0,5.0,LTCUSDT,60,67.55201643976368,0.45,-0.1267391543163579,-7.6043492589814745,,,0.7680950982784337,0.9328318295577119,-0.9936608683951423
1h,fz2_react0_body0.25_cl0.6_cs0.4,model_a,base,next_close,2.0,0.0,0.25,0.6,0.4,90,1.0,1.5,6,4.0,5.0,SOLUSDT,59,72.56826154062017,0.3898305084745763,-0.2426382269243669,-14.315655388537648,,,0.5901592759319245,0.8962672487826413,-0.9702722808482888
1h,fz2_react0_body0.25_cl0.6_cs0.4,model_a,base,next_close,2.0,0.0,0.25,0.6,0.4,90,1.0,1.5,6,4.0,5.0,XRPUSDT,50,60.681157413816976,0.44,-0.11147442086341895,-5.573721043170948,,,0.7839977636928918,0.9195579949882703,-0.9215713190326034
1h,fz2_react0_body0.25_cl0.7_cs0.3,model_a,base,next_close,2.0,0.0,0.25,0.7,0.3,90,1.0,1.5,6,4.0,5.0,ADAUSDT,54,63.41111855324849,0.42592592592592593,-0.07108133644459558,-3.838392168008161,,,0.8629132827883409,1.0504932979316803,-0.9032173554979614
1h,fz2_react0_body0.25_cl0.7_cs0.3,model_a,base,next_close,2.0,0.0,0.25,0.7,0.3,90,1.0,1.5,6,4.0,5.0,AVAXUSDT,52,57.25094197437829,0.4423076923076923,-0.032212125950158814,-1.6750305494082582,,,0.9382056981712469,1.1057183897837795,-0.9347087418770753
1h,fz2_react0_body0.25_cl0.7_cs0.3,model_a,base,next_close,2.0,0.0,0.25,0.7,0.3,90,1.0,1.5,6,4.0,5.0,BNBUSDT,84,95.6290909090909,0.38095238095238093,-0.23663368814366206,-19.877229804067614,,,0.6204153235486598,1.015265723730631,-1.0070333262201503
1h,fz2_react0_body0.25_cl0.7_cs0.3,model_a,base,next_close,2.0,0.0,0.25,0.7,0.3,90,1.0,1.5,6,4.0,5.0,BTCUSDT,68,78.60846630621127,0.23529411764705882,-0.6581527004170374,-44.754383628358546,,,0.19986335691940724,0.6986901414101457,-1.075642805594632
1h,fz2_react0_body0.25_cl0.7_cs0.3,model_a,base,next_close,2.0,0.0,0.25,0.7,0.3,90,1.0,1.5,6,4.0,5.0,ETHUSDT,46,51.48569969356486,0.391304347826087,-0.2784872350880942,-12.810412814052333,,,0.5171902228488746,0.7623683708289445,-0.9476086960347619
1h,fz2_react0_body0.25_cl0.7_cs0.3,model_a,base,next_close,2.0,0.0,0.25,0.7,0.3,90,1.0,1.5,6,4.0,5.0,LINKUSDT,60,66.13353451527725,0.4166666666666667,-0.0818200526978981,-4.9092031618738865,,,0.8318771251602491,0.9716354938659828,-0.8342883002435273
1h,fz2_react0_body0.25_cl0.7_cs0.3,model_a,base,next_close,2.0,0.0,0.25,0.7,0.3,90,1.0,1.5,6,4.0,5.0,LTCUSDT,58,65.30028255843823,0.41379310344827586,-0.23183913129690273,-13.446669615220358,,,0.610755799196785,0.8791215804063438,-1.0160466924991944
1h,fz2_react0_body0.25_cl0.7_cs0.3,model_a,base,next_close,2.0,0.0,0.25,0.7,0.3,90,1.0,1.5,6,4.0,5.0,SOLUSDT,56,68.87834993685982,0.4642857142857143,-0.08178793578565388,-4.580124403996617,,,0.8435820807527743,0.9500462934918831,-0.9760442678261859
1h,fz2_react0_body0.25_cl0.7_cs0.3,model_a,base,next_close,2.0,0.0,0.25,0.7,0.3,90,1.0,1.5,6,4.0,5.0,XRPUSDT,44,53.39941852415894,0.45454545454545453,-0.11574582307233655,-5.0928162151828085,,,0.7724223806702778,0.86427769936996,-0.9324320917742503
1h,fz2_react0_body0.5_cl0.6_cs0.4,model_a,base,next_close,2.0,0.0,0.5,0.6,0.4,90,1.0,1.5,6,4.0,5.0,ADAUSDT,52,61.07892268524722,0.38461538461538464,-0.17404069431500307,-9.05011610438016,,,0.6890644631546383,1.0027984350423869,-0.9095651501633719
1h,fz2_react0_body0.5_cl0.6_cs0.4,model_a,base,next_close,2.0,0.0,0.5,0.6,0.4,90,1.0,1.5,6,4.0,5.0,AVAXUSDT,48,52.847023360964585,0.4583333333333333,-0.08484001276519748,-4.072320612729479,,,0.8416832945604832,0.9841045632702556,-0.9893315771028885
1h,fz2_react0_body0.5_cl0.6_cs0.4,model_a,base,next_close,2.0,0.0,0.5,0.6,0.4,90,1.0,1.5,6,4.0,5.0,BNBUSDT,70,79.69090909090909,0.37142857142857144,-0.2854640211410698,-19.982481479874885,,,0.5510299541946813,0.9432654170126687,-1.0115314164137335
1h,fz2_react0_body0.5_cl0.6_cs0.4,model_a,base,next_close,2.0,0.0,0.5,0.6,0.4,90,1.0,1.5,6,4.0,5.0,BTCUSDT,63,72.80922874093606,0.25396825396825395,-0.5803678930314887,-36.56317726098379,,,0.26034696108304967,0.8043561969758581,-1.0517633279276069
1h,fz2_react0_body0.5_cl0.6_cs0.4,model_a,base,next_close,2.0,0.0,0.5,0.6,0.4,90,1.0,1.5,6,4.0,5.0,ETHUSDT,42,47.01468522538629,0.42857142857142855,-0.24395771604466732,-10.246224073876027,,,0.5587049363492608,0.7206838387672276,-0.9674388821535885
1h,fz2_react0_body0.5_cl0.6_cs0.4,model_a,base,next_close,2.0,0.0,0.5,0.6,0.4,90,1.0,1.5,6,4.0,5.0,LINKUSDT,58,63.93712273641851,0.3620689655172414,-0.17980299096721064,-10.428573476098217,,,0.6671509248111986,0.995364960629823,-0.8467902067385
1h,fz2_react0_body0.5_cl0.6_cs0.4,model_a,base,next_close,2.0,0.0,0.5,0.6,0.4,90,1.0,1.5,6,4.0,5.0,LTCUSDT,49,55.24553054662379,0.42857142857142855,-0.23079748843745493,-11.309076933435291,,,0.6052552500575787,0.8257147951773401,-1.0231817011485511
1h,fz2_react0_body0.5_cl0.6_cs0.4,model_a,base,next_close,2.0,0.0,0.5,0.6,0.4,90,1.0,1.5,6,4.0,5.0,SOLUSDT,47,57.80861512557878,0.46808510638297873,-0.09229604323077255,-4.33791403184631,,,0.8220967005508582,0.9111652801106569,-0.9753420077712305
1h,fz2_react0_body0.5_cl0.6_cs0.4,model_a,base,next_close,2.0,0.0,0.5,0.6,0.4,90,1.0,1.5,6,4.0,5.0,XRPUSDT,42,50.98628998753635,0.4523809523809524,-0.07106372658849705,-2.984676516716876,,,0.8495380385190702,0.8869513067303021,-0.8624674497648964
1h,fz2_react0_body0.5_cl0.7_cs0.3,model_a,base,next_close,2.0,0.0,0.5,0.7,0.3,90,1.0,1.5,6,4.0,5.0,ADAUSDT,48,56.38054401715128,0.3958333333333333,-0.13993272055218972,-6.716770586505107,,,0.7404452862476785,1.0084885374577965,-0.8923466482139049
1h,fz2_react0_body0.5_cl0.7_cs0.3,model_a,base,next_close,2.0,0.0,0.5,0.7,0.3,90,1.0,1.5,6,4.0,5.0,AVAXUSDT,44,48.44310474755087,0.45454545454545453,-0.06563598497626585,-2.8879833389556975,,,0.8753963701776419,1.014468894549688,-0.9657233845812274
1h,fz2_react0_body0.5_cl0.7_cs0.3,model_a,base,next_close,2.0,0.0,0.5,0.7,0.3,90,1.0,1.5,6,4.0,5.0,BNBUSDT,65,73.99870129870129,0.36923076923076925,-0.28928618202399387,-18.8036018315596,,,0.5485421748861088,0.9519686438201642,-1.0158743727620376
1h,fz2_react0_body0.5_cl0.7_cs0.3,model_a,base,next_close,2.0,0.0,0.5,0.7,0.3,90,1.0,1.5,6,4.0,5.0,BTCUSDT,58,67.03071852340145,0.2413793103448276,-0.6318870162567625,-36.649446942892226,,,0.2384284168238362,0.819571172212418,-1.0937146216787745
1h,fz2_react0_body0.5_cl0.7_cs0.3,model_a,base,next_close,2.0,0.0,0.5,0.7,0.3,90,1.0,1.5,6,4.0,5.0,ETHUSDT,41,45.89528795811518,0.3902439024390244,-0.35814198012477433,-14.683821185115749,,,0.37039776967876425,0.5399097989370257,-0.9328951187243264
1h,fz2_react0_body0.5_cl0.7_cs0.3,model_a,base,next_close,2.0,0.0,0.5,0.7,0.3,90,1.0,1.5,6,4.0,5.0,LINKUSDT,53,58.42530181086519,0.39622641509433965,-0.11153482703813992,-5.911345833021416,,,0.7795426408939184,0.995364960629823,-0.8379378126952406
1h,fz2_react0_body0.5_cl0.7_cs0.3,model_a,base,next_close,2.0,0.0,0.5,0.7,0.3,90,1.0,1.5,6,4.0,5.0,LTCUSDT,49,55.24553054662379,0.3877551020408163,-0.30452767114264606,-14.921855885989658,,,0.506652347661316,0.8065405996916498,-1.0082042426710336
1h,fz2_react0_body0.5_cl0.7_cs0.3,model_a,base,next_close,2.0,0.0,0.5,0.7,0.3,90,1.0,1.5,6,4.0,5.0,SOLUSDT,46,56.578644590992,0.4782608695652174,-0.08633170346525235,-3.9712583594016078,,,0.8345454190035095,0.9104930658194306,-1.0000877419762118
1h,fz2_react0_body0.5_cl0.7_cs0.3,model_a,base,next_close,2.0,0.0,0.5,0.7,0.3,90,1.0,1.5,6,4.0,5.0,XRPUSDT,39,47.344412131283754,0.46153846153846156,-0.028831356011328885,-1.1244228844418265,,,0.9359035649988937,0.9121250798783644,-0.8353654439167804
1h,fz1.5_react0.25_body0.25_cl0.6_cs0.4,model_a,base,next_open,1.5,0.25,0.25,0.6,0.4,90,1.0,1.5,6,4.0,5.0,ADAUSDT,113,126.26615678776291,0.37168141592920356,-0.2128200511895966,-24.048665784424415,,,0.6332442205232331,0.9886349621828939,-0.9235399182550136
1h,fz1.5_react0.25_body0.25_cl0.6_cs0.4,model_a,base,next_open,1.5,0.25,0.25,0.6,0.4,90,1.0,1.5,6,4.0,5.0,AVAXUSDT,114,125.55898982284207,0.43859649122807015,-0.09633009795247223,-10.981631166581835,,,0.8184841967422942,0.9903591205817832,-0.9453060499323593
1h,fz1.5_react0.25_body0.25_cl0.6_cs0.4,model_a,base,next_open,1.5,0.25,0.25,0.6,0.4,90,1.0,1.5,6,4.0,5.0,BNBUSDT,134,148.16397578203834,0.41044776119402987,-0.21215371165940733,-28.42859736236058,,,0.6506753203733115,0.9627816587180735,-1.0301466910361345
1h,fz1.5_react0.25_body0.25_cl0.6_cs0.4,model_a,base,next_open,1.5,0.25,0.25,0.6,0.4,90,1.0,1.5,6,4.0,5.0,BTCUSDT,196,218.39786449726708,0.2653061224489796,-0.5190102015131686,-101.72599949658104,,,0.33724805586116857,0.9954674556409918,-1.0659049110410599
1h,fz1.5_react0.25_body0.25_cl0.6_cs0.4,model_a,base,next_open,1.5,0.25,0.25,0.6,0.4,90,1.0,1.5,6,4.0,5.0,ETHUSDT,154,169.52957428104986,0.36363636363636365,-0.2544692259089268,-39.18826078997473,,,0.6081327212382899,1.0859937683725884,-1.0204480797840783
1h,fz1.5_react0.25_body0.25_cl0.6_cs0.4,model_a,base,next_open,1.5,0.25,0.25,0.6,0.4,90,1.0,1.5,6,4.0,5.0,LINKUSDT,118,130.07897384305835,0.4491525423728814,-0.05458695250619684,-6.441260395731227,,,0.898888011311221,1.0804332044962957,-0.9800649266774599
1h,fz1.5_react0.25_body0.25_cl0.6_cs0.4,model_a,base,next_open,1.5,0.25,0.25,0.6,0.4,90,1.0,1.5,6,4.0,5.0,LTCUSDT,147,161.86433865092326,0.4897959183673469,-0.014321801275018375,-2.105304787427701,,,0.972320218781329,1.0271388242947586,-1.0141240018220044
1h,fz1.5_react0.25_body0.25_cl0.6_cs0.4,model_a,base,next_open,1.5,0.25,0.25,0.6,0.4,90,1.0,1.5,6,4.0,5.0,SOLUSDT,135,161.05198693522047,0.37037037037037035,-0.28050452506665835,-37.86811088399888,,,0.5598329123312706,0.963262151786669,-1.0121319820392038
1h,fz1.5_react0.25_body0.25_cl0.6_cs0.4,model_a,base,next_open,1.5,0.25,0.25,0.6,0.4,90,1.0,1.5,6,4.0,5.0,XRPUSDT,128,148.34056054997356,0.4140625,-0.11027707963509763,-14.115466193292496,,,0.8064697808173354,1.1098356390001722,-0.9724900674706883
1h,fz1.5_react0.25_body0.25_cl0.7_cs0.3,model_a,base,next_open,1.5,0.25,0.25,0.7,0.3,90,1.0,1.5,6,4.0,5.0,ADAUSDT,99,110.6225621414914,0.3838383838383838,-0.16326282313979337,-16.163019490839545,,,0.70923173856022,1.0374807865267164,-0.9112670389976192
1h,fz1.5_react0.25_body0.25_cl0.7_cs0.3,model_a,base,next_open,1.5,0.25,0.25,0.7,0.3,90,1.0,1.5,6,4.0,5.0,AVAXUSDT,99,109.01067705062178,0.4444444444444444,-0.05068124430200995,-5.017443185898985,,,0.9006208630026493,1.0334193026924507,-0.9179616818975785
1h,fz1.5_react0.25_body0.25_cl0.7_cs0.3,model_a,base,next_open,1.5,0.25,0.25,0.7,0.3,90,1.0,1.5,6,4.0,5.0,BNBUSDT,118,133.40056744905854,0.4406779661016949,-0.14951817621593014,-17.643144793479756,,,0.7391985085760253,0.9616646809331897,-1.024995578818267
1h,fz1.5_react0.25_body0.25_cl0.7_cs0.3,model_a,base,next_open,1.5,0.25,0.25,0.7,0.3,90,1.0,1.5,6,4.0,5.0,BTCUSDT,173,192.7695436634041,0.26011560693641617,-0.5147832422251729,-89.0575009049549,,,0.33699345795769736,1.0059158388990386,-1.0494040129329034
1h,fz1.5_react0.25_body0.25_cl0.7_cs0.3,model_a,base,next_open,1.5,0.25,0.25,0.7,0.3,90,1.0,1.5,6,4.0,5.0,ETHUSDT,137,150.81527062664824,0.35766423357664234,-0.2886932792280258,-39.550979254239536,,,0.5587879573004682,1.0222587599547759,-1.0186552101366315
1h,fz1.5_react0.25_body0.25_cl0.7_cs0.3,model_a,base,next_open,1.5,0.25,0.25,0.7,0.3,90,1.0,1.5,6,4.0,5.0,LINKUSDT,108,119.05533199195172,0.42592592592592593,-0.13146521529196795,-14.198243251532537,,,0.7730058734261713,1.0511022227588709,-1.0088539596522677
1h,fz1.5_react0.25_body0.25_cl0.7_cs0.3,model_a,base,next_open,1.5,0.25,0.25,0.7,0.3,90,1.0,1.5,6,4.0,5.0,LTCUSDT,134,147.5498053008416,0.47761194029850745,-0.024739904259714604,-3.315147170801757,,,0.9526543964690043,1.0422659694323952,-1.000288131635358
1h,fz1.5_react0.25_body0.25_cl0.7_cs0.3,model_a,base,next_open,1.5,0.25,0.25,0.7,0.3,90,1.0,1.5,6,4.0,5.0,SOLUSDT,123,147.01636214889555,0.34959349593495936,-0.3292960886559587,-40.503418904682924,,,0.4954202497680732,0.9248411915707199,-1.0033948767777985
1h,fz1.5_react0.25_body0.25_cl0.7_cs0.3,model_a,base,next_open,1.5,0.25,0.25,0.7,0.3,90,1.0,1.5,6,4.0,5.0,XRPUSDT,122,141.38709677419354,0.38524590163934425,-0.17658342341491903,-21.543177656620124,,,0.7047983267945664,1.0943543148160222,-0.9730377393729756
1h,fz1.5_react0.25_body0.5_cl0.6_cs0.4,model_a,base,next_open,1.5,0.25,0.5,0.6,0.4,90,1.0,1.5,6,4.0,5.0,ADAUSDT,98,109.50516252390058,0.35714285714285715,-0.2196373118365437,-21.52445655998128,,,0.6248266937327768,1.0242165650687753,-0.9106672434506098
1h,fz1.5_react0.25_body0.5_cl0.6_cs0.4,model_a,base,next_open,1.5,0.25,0.5,0.6,0.4,90,1.0,1.5,6,4.0,5.0,AVAXUSDT,91,100.20173345057154,0.46153846153846156,-0.053313371797806264,-4.85151683360037,,,0.8972358564371602,1.0085403217173514,-0.9634736805250843
1h,fz1.5_react0.25_body0.5_cl0.6_cs0.4,model_a,base,next_open,1.5,0.25,0.5,0.6,0.4,90,1.0,1.5,6,4.0,5.0,BNBUSDT,115,127.15565085771948,0.45217391304347826,-0.17008916441329083,-19.560253907528445,,,0.7158965721678554,0.9478616528158507,-1.0928422199040109
1h,fz1.5_react0.25_body0.5_cl0.6_cs0.4,model_a,base,next_open,1.5,0.25,0.5,0.6,0.4,90,1.0,1.5,6,4.0,5.0,BTCUSDT,155,173.44013275465917,0.2838709677419355,-0.4721803915313907,-73.18796068736556,,,0.38665419109050636,1.0485865665040015,-1.07500693345533
1h,fz1.5_react0.25_body0.5_cl0.6_cs0.4,model_a,base,next_open,1.5,0.25,0.5,0.6,0.4,90,1.0,1.5,6,4.0,5.0,ETHUSDT,126,140.90011481056257,0.3888888888888889,-0.21328757197835957,-26.874234069273307,,,0.6545836358239949,1.03935103039443,-1.0104212280337712
1h,fz1.5_react0.25_body0.5_cl0.6_cs0.4,model_a,base,next_open,1.5,0.25,0.5,0.6,0.4,90,1.0,1.5,6,4.0,5.0,LINKUSDT,106,116.85060362173039,0.41509433962264153,-0.15960441267532596,-16.91806774358455,,,0.7334093590769467,1.0577904264211333,-1.0235620404212002
1h,fz1.5_react0.25_body0.5_cl0.6_cs0.4,model_a,base,next_open,1.5,0.25,0.5,0.6,0.4,90,1.0,1.5,6,4.0,5.0,LTCUSDT,127,143.18739549839228,0.4645669291338583,-0.07345424769394591,-9.328689457131132,,,0.8644612729593892,1.0084416260586484,-1.0121580205086969
1h,fz1.5_react0.25_body0.5_cl0.6_cs0.4,model_a,base,next_open,1.5,0.25,0.5,0.6,0.4,90,1.0,1.5,6,4.0,5.0,SOLUSDT,111,134.80548628428926,0.34234234234234234,-0.33237376119164985,-36.89348749227313,,,0.49819421209687687,0.9638936635291615,-1.0071431055668667
1h,fz1.5_react0.25_body0.5_cl0.6_cs0.4,model_a,base,next_open,1.5,0.25,0.5,0.6,0.4,90,1.0,1.5,6,4.0,5.0,XRPUSDT,110,130.65853658536585,0.37272727272727274,-0.19180136286314184,-21.0981499149456,,,0.6807575012948182,1.0973173635911175,-0.9577994466982814
1h,fz1.5_react0.25_body0.5_cl0.7_cs0.3,model_a,base,next_open,1.5,0.25,0.5,0.7,0.3,90,1.0,1.5,6,4.0,5.0,ADAUSDT,87,97.21376673040153,0.3793103448275862,-0.14616739251692912,-12.716563148972833,,,0.7332544081177971,1.0592860273429456,-0.8828333713201859
1h,fz1.5_react0.25_body0.5_cl0.7_cs0.3,model_a,base,next_open,1.5,0.25,0.5,0.7,0.3,90,1.0,1.5,6,4.0,5.0,AVAXUSDT,84,92.49390780052758,0.4642857142857143,-0.036561302287431756,-3.0711493921442674,,,0.9283318877034972,1.0200316292274114,-0.9522751762669626
1h,fz1.5_react0.25_body0.5_cl0.7_cs0.3,model_a,base,next_open,1.5,0.25,0.5,0.7,0.3,90,1.0,1.5,6,4.0,5.0,BNBUSDT,101,114.18184163012639,0.4752475247524752,-0.10646655423620983,-10.753121977857193,,,0.8079998565999948,0.9427641630725198,-1.0567132416101535
1h,fz1.5_react0.25_body0.5_cl0.7_cs0.3,model_a,base,next_open,1.5,0.25,0.5,0.7,0.3,90,1.0,1.5,6,4.0,5.0,BTCUSDT,142,158.89354097523616,0.2676056338028169,-0.5025992641774772,-71.36909551320177,,,0.35976128835768995,1.0553562734062958,-1.0718522490638558
1h,fz1.5_react0.25_body0.5_cl0.7_cs0.3,model_a,base,next_open,1.5,0.25,0.5,0.7,0.3,90,1.0,1.5,6,4.0,5.0,ETHUSDT,115,128.59931113662458,0.3826086956521739,-0.2556044431549252,-29.394510962816398,,,0.5873885703599523,0.9510378470225999,-1.003382763828321
1h,fz1.5_react0.25_body0.5_cl0.7_cs0.3,model_a,base,next_open,1.5,0.25,0.5,0.7,0.3,90,1.0,1.5,6,4.0,5.0,LINKUSDT,97,106.92932595573441,0.41237113402061853,-0.17971357506843083,-17.43221678163779,,,0.7015284002796675,1.0243181565356194,-1.0246481235625011
1h,fz1.5_react0.25_body0.5_cl0.7_cs0.3,model_a,base,next_open,1.5,0.25,0.5,0.7,0.3,90,1.0,1.5,6,4.0,5.0,LTCUSDT,121,136.42263665594857,0.45454545454545453,-0.08136196567592832,-9.844797846787326,,,0.8519834369230376,1.0303029644984192,-1.0077494074878846
1h,fz1.5_react0.25_body0.5_cl0.7_cs0.3,model_a,base,next_open,1.5,0.25,0.5,0.7,0.3,90,1.0,1.5,6,4.0,5.0,SOLUSDT,103,125.08977556109726,0.33980582524271846,-0.3473788259910683,-35.780019077080034,,,0.4749054619113162,0.92457508693016,-1.0020609870534651
1h,fz1.5_react0.25_body0.5_cl0.7_cs0.3,model_a,base,next_open,1.5,0.25,0.5,0.7,0.3,90,1.0,1.5,6,4.0,5.0,XRPUSDT,106,125.90731707317073,0.33962264150943394,-0.2564691820516104,-27.185733297470705,,,0.599911029859238,1.1323190643644894,-0.9707031373513189
1h,fz1.5_react0_body0.25_cl0.6_cs0.4,model_a,base,next_open,1.5,0.0,0.25,0.6,0.4,90,1.0,1.5,6,4.0,5.0,ADAUSDT,112,125.14875717017209,0.4017857142857143,-0.1461280246113738,-16.366338756473866,,,0.733206822571641,0.9995184161781899,-0.9155920520073494
1h,fz1.5_react0_body0.25_cl0.6_cs0.4,model_a,base,next_open,1.5,0.0,0.25,0.6,0.4,90,1.0,1.5,6,4.0,5.0,AVAXUSDT,123,135.47154165096117,0.4146341463414634,-0.13028982187768426,-16.025648090955166,,,0.7601556280605718,0.9959061378787547,-0.9280119600384952
1h,fz1.5_react0_body0.25_cl0.6_cs0.4,model_a,base,next_open,1.5,0.0,0.25,0.6,0.4,90,1.0,1.5,6,4.0,5.0,BNBUSDT,142,157.0095862764884,0.39436619718309857,-0.24195803629167606,-34.358041153418,,,0.6156408947525748,0.9827219477110208,-1.0394240723864554
1h,fz1.5_react0_body0.25_cl0.6_cs0.4,model_a,base,next_open,1.5,0.0,0.25,0.6,0.4,90,1.0,1.5,6,4.0,5.0,BTCUSDT,208,231.76916232363035,0.27403846153846156,-0.4828696105562641,-100.43687899570293,,,0.3606171763543658,0.9938109932588584,-1.040292090142105
1h,fz1.5_react0_body0.25_cl0.6_cs0.4,model_a,base,next_open,1.5,0.0,0.25,0.6,0.4,90,1.0,1.5,6,4.0,5.0,ETHUSDT,170,187.14303654401607,0.37058823529411766,-0.2367769263554887,-40.25207748043308,,,0.6244884767056035,1.062548862849537,-1.001800521868728
1h,fz1.5_react0_body0.25_cl0.6_cs0.4,model_a,base,next_open,1.5,0.0,0.25,0.6,0.4,90,1.0,1.5,6,4.0,5.0,LINKUSDT,124,136.67597133157298,0.4596774193548387,-0.014948736370873803,-1.8536433099883516,,,0.9707612701130983,1.079705342819941,-0.9462216097123133
1h,fz1.5_react0_body0.25_cl0.6_cs0.4,model_a,base,next_open,1.5,0.0,0.25,0.6,0.4,90,1.0,1.5,6,4.0,5.0,LTCUSDT,154,169.57216430096722,0.4935064935064935,-0.029457274544765814,-4.536420279893935,,,0.9424431486835076,0.9773673458104577,-1.010465878993445
1h,fz1.5_react0_body0.25_cl0.6_cs0.4,model_a,base,next_open,1.5,0.0,0.25,0.6,0.4,90,1.0,1.5,6,4.0,5.0,SOLUSDT,140,167.01687534022864,0.37142857142857144,-0.2625441465525763,-36.75618051736068,,,0.5804925894466432,0.9781018381015064,-0.9956531374845343
1h,fz1.5_react0_body0.25_cl0.6_cs0.4,model_a,base,next_open,1.5,0.0,0.25,0.6,0.4,90,1.0,1.5,6,4.0,5.0,XRPUSDT,133,154.1351136964569,0.43609022556390975,-0.07547211522526535,-10.037791324960292,,,0.862338575691206,1.084115927238595,-0.9722202013973174
1h,fz1.5_react0_body0.25_cl0.7_cs0.3,model_a,base,next_open,1.5,0.0,0.25,0.7,0.3,90,1.0,1.5,6,4.0,5.0,ADAUSDT,100,111.73996175908222,0.4,-0.11637976606714769,-11.63797660671477,,,0.7837017613455346,1.0541813495475034,-0.8967538431435818
1h,fz1.5_react0_body0.25_cl0.7_cs0.3,model_a,base,next_open,1.5,0.0,0.25,0.7,0.3,90,1.0,1.5,6,4.0,5.0,AVAXUSDT,107,117.81962065067204,0.4205607476635514,-0.09569536519284937,-10.239404075634882,,,0.8180014692693661,1.0227002681697104,-0.9074341313430944
1h,fz1.5_react0_body0.25_cl0.7_cs0.3,model_a,base,next_open,1.5,0.0,0.25,0.7,0.3,90,1.0,1.5,6,4.0,5.0,BNBUSDT,128,144.70570028372452,0.4140625,-0.20340039026014123,-26.035249953298077,,,0.6669318867675614,0.9836357554220309,-1.0422392665422093
1h,fz1.5_react0_body0.25_cl0.7_cs0.3,model_a,base,next_open,1.5,0.0,0.25,0.7,0.3,90,1.0,1.5,6,4.0,5.0,BTCUSDT,186,207.255116308631,0.25806451612903225,-0.49974111007732086,-92.95184647438168,,,0.34660905783742624,1.0272675799097561,-1.0308745674641302
1h,fz1.5_react0_body0.25_cl0.7_cs0.3,model_a,base,next_open,1.5,0.0,0.25,0.7,0.3,90,1.0,1.5,6,4.0,5.0,ETHUSDT,146,160.72284314956673,0.363013698630137,-0.27129627333830886,-39.60925590739309,,,0.578312218274658,1.024925184108146,-1.0100031254314499
1h,fz1.5_react0_body0.25_cl0.7_cs0.3,model_a,base,next_open,1.5,0.0,0.25,0.7,0.3,90,1.0,1.5,6,4.0,5.0,LINKUSDT,111,122.34703885326292,0.43243243243243246,-0.10052755478746277,-11.158558581408368,,,0.8204443541295436,1.0622259959160156,-0.986435021990113
1h,fz1.5_react0_body0.25_cl0.7_cs0.3,model_a,base,next_open,1.5,0.0,0.25,0.7,0.3,90,1.0,1.5,6,4.0,5.0,LTCUSDT,137,150.85315915086045,0.49635036496350365,-0.0011353219978233549,-0.15553911370179963,,,0.9977266427997096,1.0038633464375888,-0.9915687923399689
1h,fz1.5_react0_body0.25_cl0.7_cs0.3,model_a,base,next_open,1.5,0.0,0.25,0.7,0.3,90,1.0,1.5,6,4.0,5.0,SOLUSDT,128,152.59730722154222,0.34375,-0.3195634437958297,-40.9041208058662,,,0.5027130743494376,0.9397828708691641,-0.9792210371917788
1h,fz1.5_react0_body0.25_cl0.7_cs0.3,model_a,base,next_open,1.5,0.0,0.25,0.7,0.3,90,1.0,1.5,6,4.0,5.0,XRPUSDT,126,146.02273929138022,0.3968253968253968,-0.17053776554052927,-21.487758458106686,,,0.7102723295889019,1.0535521330101054,-0.9758600672185783
1h,fz1.5_react0_body0.5_cl0.6_cs0.4,model_a,base,next_open,1.5,0.0,0.5,0.6,0.4,90,1.0,1.5,6,4.0,5.0,ADAUSDT,99,110.6225621414914,0.36363636363636365,-0.2129149039055965,-21.078575486654053,,,0.6387140266466174,1.0351281270264314,-0.9260823501524695
1h,fz1.5_react0_body0.5_cl0.6_cs0.4,model_a,base,next_open,1.5,0.0,0.5,0.6,0.4,90,1.0,1.5,6,4.0,5.0,AVAXUSDT,92,101.30285140057782,0.45652173913043476,-0.06463055825382635,-5.946011359352025,,,0.8769061652447325,1.0085403217173514,-0.9660940974296156
1h,fz1.5_react0_body0.5_cl0.6_cs0.4,model_a,base,next_open,1.5,0.0,0.5,0.6,0.4,90,1.0,1.5,6,4.0,5.0,BNBUSDT,116,128.26135216952574,0.4482758620689655,-0.1790050832716328,-20.764589659509404,,,0.7035891054258815,0.9478616528158507,-1.0945843063427132
1h,fz1.5_react0_body0.5_cl0.6_cs0.4,model_a,base,next_open,1.5,0.0,0.5,0.6,0.4,90,1.0,1.5,6,4.0,5.0,BTCUSDT,158,176.79703854991064,0.2911392405063291,-0.45760891301957624,-72.30220825709304,,,0.39257873321361975,1.0158521548088602,-1.062780423020541
1h,fz1.5_react0_body0.5_cl0.6_cs0.4,model_a,base,next_open,1.5,0.0,0.5,0.6,0.4,90,1.0,1.5,6,4.0,5.0,ETHUSDT,131,146.49138920780712,0.3969465648854962,-0.1889108308924317,-24.747318846908556,,,0.6829495012622508,1.0251442066655447,-0.9880356657407201
1h,fz1.5_react0_body0.5_cl0.6_cs0.4,model_a,base,next_open,1.5,0.0,0.5,0.6,0.4,90,1.0,1.5,6,4.0,5.0,LINKUSDT,107,117.95296780684104,0.411214953271028,-0.16357631606389256,-17.502665818836505,,,0.7267148985654976,1.0577904264211333,-1.0165943584343868
1h,fz1.5_react0_body0.5_cl0.6_cs0.4,model_a,base,next_open,1.5,0.0,0.5,0.6,0.4,90,1.0,1.5,6,4.0,5.0,LTCUSDT,129,145.4423151125402,0.46511627906976744,-0.08007678964412826,-10.329905864092545,,,0.852259392713021,0.9931549919575494,-1.013321817123848
1h,fz1.5_react0_body0.5_cl0.6_cs0.4,model_a,base,next_open,1.5,0.0,0.5,0.6,0.4,90,1.0,1.5,6,4.0,5.0,SOLUSDT,111,134.80548628428926,0.34234234234234234,-0.33237376119164985,-36.89348749227313,,,0.49819421209687687,0.9638936635291615,-1.0071431055668667
1h,fz1.5_react0_body0.5_cl0.6_cs0.4,model_a,base,next_open,1.5,0.0,0.5,0.6,0.4,90,1.0,1.5,6,4.0,5.0,XRPUSDT,111,131.84634146341463,0.36936936936936937,-0.19118482656472394,-21.221515748684357,,,0.6794891086191865,1.0973173635911175,-0.9458789665131454
1h,fz1.5_react0_body0.5_cl0.7_cs0.3,model_a,base,next_open,1.5,0.0,0.5,0.7,0.3,90,1.0,1.5,6,4.0,5.0,ADAUSDT,88,98.33116634799235,0.375,-0.15775179202281187,-13.882157698007443,,,0.7157543692007897,1.0592860273429456,-0.8879744836422664
1h,fz1.5_react0_body0.5_cl0.7_cs0.3,model_a,base,next_open,1.5,0.0,0.5,0.7,0.3,90,1.0,1.5,6,4.0,5.0,AVAXUSDT,85,93.59502575053385,0.4588235294117647,-0.049007575504657896,-4.165643917895921,,,0.9052118339488556,1.0200316292274114,-0.9553669012557601
1h,fz1.5_react0_body0.5_cl0.7_cs0.3,model_a,base,next_open,1.5,0.0,0.5,0.7,0.3,90,1.0,1.5,6,4.0,5.0,BNBUSDT,102,115.31235491359298,0.47058823529411764,-0.1172299777435113,-11.957457729838152,,,0.7909905789361558,0.9427641630725198,-1.0594469918022056
1h,fz1.5_react0_body0.5_cl0.7_cs0.3,model_a,base,next_open,1.5,0.0,0.5,0.7,0.3,90,1.0,1.5,6,4.0,5.0,BTCUSDT,145,162.25044677048763,0.27586206896551724,-0.4848480423550807,-70.3029661414867,,,0.3730570447471021,1.0458294716430416,-1.0679632857829369
1h,fz1.5_react0_body0.5_cl0.7_cs0.3,model_a,base,next_open,1.5,0.0,0.5,0.7,0.3,90,1.0,1.5,6,4.0,5.0,ETHUSDT,117,130.8358208955224,0.38461538461538464,-0.23477465299639094,-27.46863440057774,,,0.611774409541961,0.961903937891765,-0.9826987723014885
1h,fz1.5_react0_body0.5_cl0.7_cs0.3,model_a,base,next_open,1.5,0.0,0.5,0.7,0.3,90,1.0,1.5,6,4.0,5.0,LINKUSDT,97,106.92932595573441,0.41237113402061853,-0.17971357506843083,-17.43221678163779,,,0.7015284002796675,1.0243181565356194,-1.0246481235625011
1h,fz1.5_react0_body0.5_cl0.7_cs0.3,model_a,base,next_open,1.5,0.0,0.5,0.7,0.3,90,1.0,1.5,6,4.0,5.0,LTCUSDT,122,137.5500964630225,0.45901639344262296,-0.07994716612126734,-9.753554266794616,,,0.853355284402645,1.0135340469179601,-1.0077494074878846
1h,fz1.5_react0_body0.5_cl0.7_cs0.3,model_a,base,next_open,1.5,0.0,0.5,0.7,0.3,90,1.0,1.5,6,4.0,5.0,SOLUSDT,103,125.08977556109726,0.33980582524271846,-0.3469954070438498,-35.74052692551653,,,0.4751808636455423,0.92457508693016,-1.0014802201187076
1h,fz1.5_react0_body0.5_cl0.7_cs0.3,model_a,base,next_open,1.5,0.0,0.5,0.7,0.3,90,1.0,1.5,6,4.0,5.0,XRPUSDT,108,128.2829268292683,0.3333333333333333,-0.2550829407718085,-27.548957603355316,,,0.596721241075414,1.1323190643644894,-0.9487839433399574
1h,fz2.5_react0.25_body0.25_cl0.6_cs0.4,model_a,base,next_open,2.5,0.25,0.25,0.6,0.4,90,1.0,1.5,6,4.0,5.0,ADAUSDT,41,48.11969473825144,0.36585365853658536,-0.14827948078897682,-6.07945871234805,,,0.7290126073058357,1.0903341302668346,-0.8628642563980987
1h,fz2.5_react0.25_body0.25_cl0.6_cs0.4,model_a,base,next_open,2.5,0.25,0.25,0.6,0.4,90,1.0,1.5,6,4.0,5.0,AVAXUSDT,36,42.999863741654174,0.4166666666666667,-0.11712609352353737,-4.216539366847345,,,0.8041842457835952,1.1544438951857978,-1.0253903711730625
1h,fz2.5_react0.25_body0.25_cl0.6_cs0.4,model_a,base,next_open,2.5,0.25,0.25,0.6,0.4,90,1.0,1.5,6,4.0,5.0,BNBUSDT,70,81.11302048909452,0.35714285714285715,-0.3385572647676041,-23.69900853373229,,,0.4998337417513554,0.9473301260017425,-1.0529391485283524
1h,fz2.5_react0.25_body0.25_cl0.6_cs0.4,model_a,base,next_open,2.5,0.25,0.25,0.6,0.4,90,1.0,1.5,6,4.0,5.0,BTCUSDT,27,31.21218515099565,0.25925925925925924,-0.5008749562433096,-13.523623818569359,,,0.36115204695633024,1.092163390382063,-1.05843837756219
1h,fz2.5_react0.25_body0.25_cl0.6_cs0.4,model_a,base,next_open,2.5,0.25,0.25,0.6,0.4,90,1.0,1.5,6,4.0,5.0,ETHUSDT,23,26.97952629466078,0.43478260869565216,-0.1598674297406959,-3.676950884036006,,,0.7286553968957938,0.9873902318759862,-1.0423733232919898
1h,fz2.5_react0.25_body0.25_cl0.6_cs0.4,model_a,base,next_open,2.5,0.25,0.25,0.6,0.4,90,1.0,1.5,6,4.0,5.0,LINKUSDT,41,45.19693158953722,0.3170731707317073,-0.2271756777449912,-9.31420278754464,,,0.6194346456441968,1.1661880323627005,-0.8740945431521338
1h,fz2.5_react0.25_body0.25_cl0.6_cs0.4,model_a,base,next_open,2.5,0.25,0.25,0.6,0.4,90,1.0,1.5,6,4.0,5.0,LTCUSDT,23,36.10637535816619,0.4782608695652174,-0.04453968568572078,-1.024412770771578,,,0.914143632266897,0.9915719346576705,-0.9943086710004961
1h,fz2.5_react0.25_body0.25_cl0.6_cs0.4,model_a,base,next_open,2.5,0.25,0.25,0.6,0.4,90,1.0,1.5,6,4.0,5.0,SOLUSDT,35,47.87174286160087,0.4,-0.2030844383023745,-7.107955340583107,,,0.6525180905577362,0.9534040931494464,-0.9740767926035885
1h,fz2.5_react0.25_body0.25_cl0.6_cs0.4,model_a,base,next_open,2.5,0.25,0.25,0.6,0.4,90,1.0,1.5,6,4.0,5.0,XRPUSDT,21,25.489615065078926,0.47619047619047616,0.05537846636551801,1.1629477936758783,,,1.1050796011257367,1.2230250878356537,-1.0061184622436963
1h,fz2.5_react0.25_body0.25_cl0.7_cs0.3,model_a,base,next_open,2.5,0.25,0.25,0.7,0.3,90,1.0,1.5,6,4.0,5.0,ADAUSDT,36,42.251439282367116,0.4166666666666667,0.0014088591850794194,0.050718930662859096,,,1.0029946367137093,1.1324871828763141,-0.8065042291658026
1h,fz2.5_react0.25_body0.25_cl0.7_cs0.3,model_a,base,next_open,2.5,0.25,0.25,0.7,0.3,90,1.0,1.5,6,4.0,5.0,AVAXUSDT,33,39.41654176318299,0.42424242424242425,-0.07851552560457235,-2.5910123449508875,,,0.8662147133449799,1.198280934094417,-1.0193129169617223
1h,fz2.5_react0.25_body0.25_cl0.7_cs0.3,model_a,base,next_open,2.5,0.25,0.25,0.7,0.3,90,1.0,1.5,6,4.0,5.0,BNBUSDT,61,70.86217863768884,0.39344262295081966,-0.27462610915282804,-16.75219265832251,,,0.5783072492694099,0.9572445853330827,-1.0736773704409863
1h,fz2.5_react0.25_body0.25_cl0.7_cs0.3,model_a,base,next_open,2.5,0.25,0.25,0.7,0.3,90,1.0,1.5,6,4.0,5.0,BTCUSDT,23,26.58815772121852,0.30434782608695654,-0.4334084334890365,-9.96839397024784,,,0.4340493012602475,1.092163390382063,-1.1008461064326425
1h,fz2.5_react0.25_body0.25_cl0.7_cs0.3,model_a,base,next_open,2.5,0.25,0.25,0.7,0.3,90,1.0,1.5,6,4.0,5.0,ETHUSDT,21,24.63348052990767,0.47619047619047616,-0.1646760654672305,-3.4581973748118404,,,0.7181763686513944,0.8812588287353502,-1.1155259692877584
1h,fz2.5_react0.25_body0.25_cl0.7_cs0.3,model_a,base,next_open,2.5,0.25,0.25,0.7,0.3,90,1.0,1.5,6,4.0,5.0,LINKUSDT,38,41.88983903420523,0.3157894736842105,-0.25914653786930403,-9.847568439033553,,,0.5830044765691368,1.147329759490288,-0.9082894443429619
1h,fz2.5_react0.25_body0.25_cl0.7_cs0.3,model_a,base,next_open,2.5,0.25,0.25,0.7,0.3,90,1.0,1.5,6,4.0,5.0,LTCUSDT,24,37.67621776504298,0.375,-0.2989072378627064,-7.173773708704953,,,0.53133703351479,0.9036798803948574,-1.0204595088172446
1h,fz2.5_react0.25_body0.25_cl0.7_cs0.3,model_a,base,next_open,2.5,0.25,0.25,0.7,0.3,90,1.0,1.5,6,4.0,5.0,SOLUSDT,32,43.7684506163208,0.40625,-0.229310468722451,-7.337934999118432,,,0.5951066296903722,0.8296303491294695,-0.953848923042186
1h,fz2.5_react0.25_body0.25_cl0.7_cs0.3,model_a,base,next_open,2.5,0.25,0.25,0.7,0.3,90,1.0,1.5,6,4.0,5.0,XRPUSDT,19,23.062032677928553,0.5263157894736842,0.09734685970246361,1.8495903343468085,,,1.20250750764765,1.0983031142699349,-1.0148267564836155
1h,fz2.5_react0.25_body0.5_cl0.6_cs0.4,model_a,base,next_open,2.5,0.25,0.5,0.6,0.4,90,1.0,1.5,6,4.0,5.0,ADAUSDT,34,39.91482523101647,0.4117647058823529,-0.028849585374015985,-0.9808859027165435,,,0.940368353352825,1.1048712183483476,-0.8224541479796704
1h,fz2.5_react0.25_body0.5_cl0.6_cs0.4,model_a,base,next_open,2.5,0.25,0.5,0.6,0.4,90,1.0,1.5,6,4.0,5.0,AVAXUSDT,29,34.63877912522142,0.3793103448275862,-0.19201172570051023,-5.568340045314796,,,0.7160527578091552,1.27655764343682,-1.0894707846177676
1h,fz2.5_react0.25_body0.5_cl0.6_cs0.4,model_a,base,next_open,2.5,0.25,0.5,0.6,0.4,90,1.0,1.5,6,4.0,5.0,BNBUSDT,55,63.723235527359236,0.41818181818181815,-0.28181029089437604,-15.499565999190681,,,0.5693354956970454,0.8908834364073863,-1.1246839073925177
1h,fz2.5_react0.25_body0.5_cl0.6_cs0.4,model_a,base,next_open,2.5,0.25,0.5,0.6,0.4,90,1.0,1.5,6,4.0,5.0,BTCUSDT,24,31.504043126684635,0.2916666666666667,-0.5038030494756461,-12.091273187415506,,,0.3873622939578436,1.092163390382063,-1.1609657011817616
1h,fz2.5_react0.25_body0.5_cl0.6_cs0.4,model_a,base,next_open,2.5,0.25,0.5,0.6,0.4,90,1.0,1.5,6,4.0,5.0,ETHUSDT,20,23.46045764753111,0.45,-0.17655296187737007,-3.5310592375474013,,,0.7043604200432202,0.934748681380506,-1.0857997609065413
1h,fz2.5_react0.25_body0.5_cl0.6_cs0.4,model_a,base,next_open,2.5,0.25,0.5,0.6,0.4,90,1.0,1.5,6,4.0,5.0,LINKUSDT,37,40.787474849094565,0.32432432432432434,-0.3018514971166074,-11.168505393314474,,,0.5265799857585369,1.035217360560665,-0.943644548801698
1h,fz2.5_react0.25_body0.5_cl0.6_cs0.4,model_a,base,next_open,2.5,0.25,0.5,0.6,0.4,90,1.0,1.5,6,4.0,5.0,LTCUSDT,21,32.96669054441261,0.42857142857142855,-0.14724648138401997,-3.0921761090644195,,,0.7436564396043777,0.9967164865896093,-1.005218707364242
1h,fz2.5_react0.25_body0.5_cl0.6_cs0.4,model_a,base,next_open,2.5,0.25,0.5,0.6,0.4,90,1.0,1.5,6,4.0,5.0,SOLUSDT,26,35.56186612576065,0.4230769230769231,-0.19827568955110023,-5.155167928328606,,,0.6661347562606735,0.9350633079487239,-1.0293909543843047
1h,fz2.5_react0.25_body0.5_cl0.6_cs0.4,model_a,base,next_open,2.5,0.25,0.5,0.6,0.4,90,1.0,1.5,6,4.0,5.0,XRPUSDT,20,24.282548476454295,0.45,0.058832109383796016,1.1766421876759203,,,1.1134807872765071,1.2828098736355356,-0.942604243185809
1h,fz2.5_react0.25_body0.5_cl0.7_cs0.3,model_a,base,next_open,2.5,0.25,0.5,0.7,0.3,90,1.0,1.5,6,4.0,5.0,ADAUSDT,31,36.39292888710325,0.41935483870967744,0.01471589765049178,0.4561928271652452,,,1.031971770694908,1.132677381413112,-0.7927007295114005
1h,fz2.5_react0.25_body0.5_cl0.7_cs0.3,model_a,base,next_open,2.5,0.25,0.5,0.7,0.3,90,1.0,1.5,6,4.0,5.0,AVAXUSDT,27,32.24989780624063,0.37037037037037035,-0.21807639836181722,-5.888062755769065,,,0.6822842544057216,1.264442371182985,-1.090146262799936
1h,fz2.5_react0.25_body0.5_cl0.7_cs0.3,model_a,base,next_open,2.5,0.25,0.5,0.7,0.3,90,1.0,1.5,6,4.0,5.0,BNBUSDT,49,56.922077922077925,0.4489795918367347,-0.20308813129104458,-9.951318433261184,,,0.6673831773013315,0.9075885060394975,-1.1080839098566715
1h,fz2.5_react0.25_body0.5_cl0.7_cs0.3,model_a,base,next_open,2.5,0.25,0.5,0.7,0.3,90,1.0,1.5,6,4.0,5.0,BTCUSDT,21,27.566037735849054,0.3333333333333333,-0.39754127870888456,-8.348366852886576,,,0.4780153607786708,1.092163390382063,-1.1423936132543584
1h,fz2.5_react0.25_body0.5_cl0.7_cs0.3,model_a,base,next_open,2.5,0.25,0.5,0.7,0.3,90,1.0,1.5,6,4.0,5.0,ETHUSDT,19,22.287434765154554,0.42105263157894735,-0.318192518682221,-6.045657854962199,,,0.4938244791257377,0.7372674393762194,-1.0857997609065413
1h,fz2.5_react0.25_body0.5_cl0.7_cs0.3,model_a,base,next_open,2.5,0.25,0.5,0.7,0.3,90,1.0,1.5,6,4.0,5.0,LINKUSDT,34,37.480382293762574,0.3235294117647059,-0.32078688111949866,-10.906753958062954,,,0.5028118649980301,1.0027382745360298,-0.9537771729547514
1h,fz2.5_react0.25_body0.5_cl0.7_cs0.3,model_a,base,next_open,2.5,0.25,0.5,0.7,0.3,90,1.0,1.5,6,4.0,5.0,LTCUSDT,21,32.96669054441261,0.3333333333333333,-0.38595317547746516,-8.105016685026769,,,0.4339651015924643,0.8877025576191006,-1.0227810420257482
1h,fz2.5_react0.25_body0.5_cl0.7_cs0.3,model_a,base,next_open,2.5,0.25,0.5,0.7,0.3,90,1.0,1.5,6,4.0,5.0,SOLUSDT,25,34.19410204400062,0.44,-0.20332037951308315,-5.083009487827079,,,0.6409042475289187,0.8247287169003303,-1.0110732409807652
1h,fz2.5_react0.25_body0.5_cl0.7_cs0.3,model_a,base,next_open,2.5,0.25,0.5,0.7,0.3,90,1.0,1.5,6,4.0,5.0,XRPUSDT,18,21.854293628808865,0.5,0.10355358511371206,1.863964532046817,,,1.2210032506768222,1.1442299030069594,-0.9371227327795351
1h,fz2.5_react0_body0.25_cl0.6_cs0.4,model_a,base,next_open,2.5,0.0,0.25,0.6,0.4,90,1.0,1.5,6,4.0,5.0,ADAUSDT,39,45.77239255589771,0.41025641025641024,-0.03262416983583775,-1.272342623597672,,,0.9329915378763989,1.1072154764819435,-0.8255560977090769
1h,fz2.5_react0_body0.25_cl0.6_cs0.4,model_a,base,next_open,2.5,0.0,0.25,0.6,0.4,90,1.0,1.5,6,4.0,5.0,AVAXUSDT,36,42.999863741654174,0.4166666666666667,-0.11642202970137894,-4.191193069249642,,,0.8052104081567242,1.1550214259460827,-1.0245959265924232
1h,fz2.5_react0_body0.25_cl0.6_cs0.4,model_a,base,next_open,2.5,0.0,0.25,0.6,0.4,90,1.0,1.5,6,4.0,5.0,BNBUSDT,74,85.74805023132849,0.36486486486486486,-0.31654693814793794,-23.424473422947408,,,0.5357324192610585,1.0011188580339523,-1.073503884890726
1h,fz2.5_react0_body0.25_cl0.6_cs0.4,model_a,base,next_open,2.5,0.0,0.25,0.6,0.4,90,1.0,1.5,6,4.0,5.0,BTCUSDT,27,31.21218515099565,0.25925925925925924,-0.500825247388466,-13.522281679488582,,,0.3611749461170399,1.092163390382063,-1.0583712706081512
1h,fz2.5_react0_body0.25_cl0.6_cs0.4,model_a,base,next_open,2.5,0.0,0.25,0.6,0.4,90,1.0,1.5,6,4.0,5.0,ETHUSDT,25,29.32557205941389,0.44,-0.16091401506101577,-4.022850376525394,,,0.7269653562215219,0.9737268690107347,-1.0524175668316769
1h,fz2.5_react0_body0.25_cl0.6_cs0.4,model_a,base,next_open,2.5,0.0,0.25,0.6,0.4,90,1.0,1.5,6,4.0,5.0,LINKUSDT,44,48.49792531120332,0.3181818181818182,-0.18936736842771032,-8.332164210819254,,,0.6709172295323376,1.2133709271437516,-0.8439785730277258
1h,fz2.5_react0_body0.25_cl0.6_cs0.4,model_a,base,next_open,2.5,0.0,0.25,0.6,0.4,90,1.0,1.5,6,4.0,5.0,LTCUSDT,26,40.80859444941809,0.46153846153846156,-0.10798919722189508,-2.807719127769272,,,0.7862465356869924,0.8606330056005079,-0.9382367996410977
1h,fz2.5_react0_body0.25_cl0.6_cs0.4,model_a,base,next_open,2.5,0.0,0.25,0.6,0.4,90,1.0,1.5,6,4.0,5.0,SOLUSDT,36,49.2395069433609,0.3888888888888889,-0.21487383119362805,-7.7354579229706095,,,0.6404237927718419,0.984089285877512,-0.977850360238899
1h,fz2.5_react0_body0.25_cl0.6_cs0.4,model_a,base,next_open,2.5,0.0,0.25,0.6,0.4,90,1.0,1.5,6,4.0,5.0,XRPUSDT,21,25.489615065078926,0.47619047619047616,0.10509129450691852,2.206917184645289,,,1.2201779619519135,1.2230250878356537,-0.9112121539737498
1h,fz2.5_react0_body0.25_cl0.7_cs0.3,model_a,base,next_open,2.5,0.0,0.25,0.7,0.3,90,1.0,1.5,6,4.0,5.0,ADAUSDT,35,41.07778819119025,0.45714285714285713,0.10687786019121202,3.740725106692421,,,1.256199932017439,1.1463455970987262,-0.7684633919414314
1h,fz2.5_react0_body0.25_cl0.7_cs0.3,model_a,base,next_open,2.5,0.0,0.25,0.7,0.3,90,1.0,1.5,6,4.0,5.0,AVAXUSDT,33,39.41654176318299,0.42424242424242425,-0.0777474559803995,-2.565666047353184,,,0.8674092352889141,1.1988997170518652,-1.0184348466357525
1h,fz2.5_react0_body0.25_cl0.7_cs0.3,model_a,base,next_open,2.5,0.0,0.25,0.7,0.3,90,1.0,1.5,6,4.0,5.0,BNBUSDT,66,76.47799074686054,0.3939393939393939,-0.26836051344650425,-17.71179388746928,,,0.5977574374034158,1.0123394640333512,-1.1008154988084102
1h,fz2.5_react0_body0.25_cl0.7_cs0.3,model_a,base,next_open,2.5,0.0,0.25,0.7,0.3,90,1.0,1.5,6,4.0,5.0,BTCUSDT,25,28.900171436107083,0.28,-0.468702776574979,-11.717569414374475,,,0.3948384544363114,1.092163390382063,-1.075706285947162
1h,fz2.5_react0_body0.25_cl0.7_cs0.3,model_a,base,next_open,2.5,0.0,0.25,0.7,0.3,90,1.0,1.5,6,4.0,5.0,ETHUSDT,22,25.806503412284222,0.45454545454545453,-0.21096318671179315,-4.641190107659449,,,0.6550270138699589,0.8812588287353502,-1.1211481995844126
1h,fz2.5_react0_body0.25_cl0.7_cs0.3,model_a,base,next_open,2.5,0.0,0.25,0.7,0.3,90,1.0,1.5,6,4.0,5.0,LINKUSDT,39,42.98679743493022,0.3076923076923077,-0.23448905329532715,-9.14507307851776,,,0.6075042327602883,1.1795606194628179,-0.8629555745211694
1h,fz2.5_react0_body0.25_cl0.7_cs0.3,model_a,base,next_open,2.5,0.0,0.25,0.7,0.3,90,1.0,1.5,6,4.0,5.0,LTCUSDT,25,39.23903312444047,0.44,-0.20977222330070394,-5.244305582517598,,,0.6301707269311879,0.8123669492046681,-1.0128815731263534
1h,fz2.5_react0_body0.25_cl0.7_cs0.3,model_a,base,next_open,2.5,0.0,0.25,0.7,0.3,90,1.0,1.5,6,4.0,5.0,SOLUSDT,32,43.7684506163208,0.40625,-0.21399557524791982,-6.847858407933434,,,0.6208828682911544,0.8626759412981555,-0.9506655602531293
1h,fz2.5_react0_body0.25_cl0.7_cs0.3,model_a,base,next_open,2.5,0.0,0.25,0.7,0.3,90,1.0,1.5,6,4.0,5.0,XRPUSDT,20,24.27582387150374,0.5,0.08076371816896796,1.6152743633793594,,,1.1724291526168993,1.0983031142699349,-0.936775677931999
1h,fz2.5_react0_body0.5_cl0.6_cs0.4,model_a,base,next_open,2.5,0.0,0.5,0.6,0.4,90,1.0,1.5,6,4.0,5.0,ADAUSDT,34,39.91482523101647,0.4117647058823529,-0.028849585374015985,-0.9808859027165435,,,0.940368353352825,1.1048712183483476,-0.8224541479796704
1h,fz2.5_react0_body0.5_cl0.6_cs0.4,model_a,base,next_open,2.5,0.0,0.5,0.6,0.4,90,1.0,1.5,6,4.0,5.0,AVAXUSDT,29,34.63877912522142,0.3793103448275862,-0.19201172570051023,-5.568340045314796,,,0.7160527578091552,1.27655764343682,-1.0894707846177676
1h,fz2.5_react0_body0.5_cl0.6_cs0.4,model_a,base,next_open,2.5,0.0,0.5,0.6,0.4,90,1.0,1.5,6,4.0,5.0,BNBUSDT,56,64.88183980967486,0.4107142857142857,-0.29828395984235073,-16.703901751171642,,,0.5509006131318758,0.8908834364073863,-1.1270975996527737
1h,fz2.5_react0_body0.5_cl0.6_cs0.4,model_a,base,next_open,2.5,0.0,0.5,0.6,0.4,90,1.0,1.5,6,4.0,5.0,BTCUSDT,25,28.892551087673038,0.28,-0.510655458137031,-12.766386453425774,,,0.37455024993082625,1.092163390382063,-1.1339738992277897
1h,fz2.5_react0_body0.5_cl0.6_cs0.4,model_a,base,next_open,2.5,0.0,0.5,0.6,0.4,90,1.0,1.5,6,4.0,5.0,ETHUSDT,20,23.46045764753111,0.45,-0.17655296187737007,-3.5310592375474013,,,0.7043604200432202,0.934748681380506,-1.0857997609065413
1h,fz2.5_react0_body0.5_cl0.6_cs0.4,model_a,base,next_open,2.5,0.0,0.5,0.6,0.4,90,1.0,1.5,6,4.0,5.0,LINKUSDT,38,41.88983903420523,0.3157894736842105,-0.3092921965412218,-11.753103468566428,,,0.5138466421140052,1.035217360560665,-0.9298350690497847
1h,fz2.5_react0_body0.5_cl0.6_cs0.4,model_a,base,next_open,2.5,0.0,0.5,0.6,0.4,90,1.0,1.5,6,4.0,5.0,LTCUSDT,22,34.536532951289395,0.45454545454545453,-0.13640602404871405,-3.0009325290717093,,,0.7512205961509629,0.9061691959299194,-1.005218707364242
1h,fz2.5_react0_body0.5_cl0.6_cs0.4,model_a,base,next_open,2.5,0.0,0.5,0.6,0.4,90,1.0,1.5,6,4.0,5.0,SOLUSDT,26,35.56186612576065,0.4230769230769231,-0.19827568955110023,-5.155167928328606,,,0.6661347562606735,0.9350633079487239,-1.0293909543843047
1h,fz2.5_react0_body0.5_cl0.6_cs0.4,model_a,base,next_open,2.5,0.0,0.5,0.6,0.4,90,1.0,1.5,6,4.0,5.0,XRPUSDT,20,24.282548476454295,0.45,0.058832109383796016,1.1766421876759203,,,1.1134807872765071,1.2828098736355356,-0.942604243185809
1h,fz2.5_react0_body0.5_cl0.7_cs0.3,model_a,base,next_open,2.5,0.0,0.5,0.7,0.3,90,1.0,1.5,6,4.0,5.0,ADAUSDT,31,36.39292888710325,0.41935483870967744,0.01471589765049178,0.4561928271652452,,,1.031971770694908,1.132677381413112,-0.7927007295114005
1h,fz2.5_react0_body0.5_cl0.7_cs0.3,model_a,base,next_open,2.5,0.0,0.5,0.7,0.3,90,1.0,1.5,6,4.0,5.0,AVAXUSDT,27,32.24989780624063,0.37037037037037035,-0.21807639836181722,-5.888062755769065,,,0.6822842544057216,1.264442371182985,-1.090146262799936
1h,fz2.5_react0_body0.5_cl0.7_cs0.3,model_a,base,next_open,2.5,0.0,0.5,0.7,0.3,90,1.0,1.5,6,4.0,5.0,BNBUSDT,50,58.083752981712166,0.44,-0.22311308370484287,-11.155654185242144,,,0.6415577839648524,0.9075885060394975,-1.1115214756468246
1h,fz2.5_react0_body0.5_cl0.7_cs0.3,model_a,base,next_open,2.5,0.0,0.5,0.7,0.3,90,1.0,1.5,6,4.0,5.0,BTCUSDT,22,25.425444957152273,0.3181818181818182,-0.4101581872225839,-9.023480118896845,,,0.45865476362967794,1.092163390382063,-1.1112415901047525
1h,fz2.5_react0_body0.5_cl0.7_cs0.3,model_a,base,next_open,2.5,0.0,0.5,0.7,0.3,90,1.0,1.5,6,4.0,5.0,ETHUSDT,19,22.287434765154554,0.42105263157894735,-0.318192518682221,-6.045657854962199,,,0.4938244791257377,0.7372674393762194,-1.0857997609065413
1h,fz2.5_react0_body0.5_cl0.7_cs0.3,model_a,base,next_open,2.5,0.0,0.5,0.7,0.3,90,1.0,1.5,6,4.0,5.0,LINKUSDT,34,37.480382293762574,0.3235294117647059,-0.32078688111949866,-10.906753958062954,,,0.5028118649980301,1.0027382745360298,-0.9537771729547514
1h,fz2.5_react0_body0.5_cl0.7_cs0.3,model_a,base,next_open,2.5,0.0,0.5,0.7,0.3,90,1.0,1.5,6,4.0,5.0,LTCUSDT,22,34.536532951289395,0.36363636363636365,-0.3642624138651845,-8.013773105034058,,,0.4403373340675592,0.7881451854158018,-1.0227810420257482
1h,fz2.5_react0_body0.5_cl0.7_cs0.3,model_a,base,next_open,2.5,0.0,0.5,0.7,0.3,90,1.0,1.5,6,4.0,5.0,SOLUSDT,25,34.19410204400062,0.44,-0.20174069345054296,-5.043517336263574,,,0.642697356388693,0.8247287169003303,-1.0082523730119435
1h,fz2.5_react0_body0.5_cl0.7_cs0.3,model_a,base,next_open,2.5,0.0,0.5,0.7,0.3,90,1.0,1.5,6,4.0,5.0,XRPUSDT,19,23.068421052631578,0.47368421052631576,0.08547926631057695,1.624106059900962,,,1.187239217797639,1.1442299030069594,-0.8673963067161672
1h,fz2_react0.25_body0.25_cl0.6_cs0.4,model_a,base,next_open,2.0,0.25,0.25,0.6,0.4,90,1.0,1.5,6,4.0,5.0,ADAUSDT,69,80.98192529120364,0.391304347826087,-0.14084063176055447,-9.71800359147826,,,0.7348382163880205,0.9974567963109919,-0.8726032640922631
1h,fz2_react0.25_body0.25_cl0.6_cs0.4,model_a,base,next_open,2.0,0.25,0.25,0.6,0.4,90,1.0,1.5,6,4.0,5.0,AVAXUSDT,57,62.77949491142103,0.43859649122807015,-0.08374681609205556,-4.773568517247167,,,0.8434044063604883,1.0283938718679564,-0.952606728560815
1h,fz2_react0.25_body0.25_cl0.6_cs0.4,model_a,base,next_open,2.0,0.25,0.25,0.6,0.4,90,1.0,1.5,6,4.0,5.0,BNBUSDT,95,108.15194805194805,0.37894736842105264,-0.28974580542211215,-27.52585151510065,,,0.5438961242647472,0.9117808435399442,-1.0228807098735362
1h,fz2_react0.25_body0.25_cl0.6_cs0.4,model_a,base,next_open,2.0,0.25,0.25,0.6,0.4,90,1.0,1.5,6,4.0,5.0,BTCUSDT,77,89.01252802320981,0.23376623376623376,-0.6857628840463982,-52.80374207157266,,,0.19986269521632247,0.7327560563555219,-1.1185313743385092
1h,fz2_react0.25_body0.25_cl0.6_cs0.4,model_a,base,next_open,2.0,0.25,0.25,0.6,0.4,90,1.0,1.5,6,4.0,5.0,ETHUSDT,54,60.439734422880484,0.37037037037037035,-0.2519189191238883,-13.603621632689968,,,0.5912427033435466,0.9838407895302073,-0.978836394802768
1h,fz2_react0.25_body0.25_cl0.6_cs0.4,model_a,base,next_open,2.0,0.25,0.25,0.6,0.4,90,1.0,1.5,6,4.0,5.0,LINKUSDT,70,77.16549295774648,0.3,-0.3447781599469378,-24.134471196285645,,,0.48552209865622054,1.0845779468922914,-0.9573593485923217
1h,fz2_react0.25_body0.25_cl0.6_cs0.4,model_a,base,next_open,2.0,0.25,0.25,0.6,0.4,90,1.0,1.5,6,4.0,5.0,LTCUSDT,62,69.82168550873587,0.45161290322580644,-0.11707091994917368,-7.258397036848768,,,0.8001288252576416,1.0377492798680448,-1.0680993197986477
1h,fz2_react0.25_body0.25_cl0.6_cs0.4,model_a,base,next_open,2.0,0.25,0.25,0.6,0.4,90,1.0,1.5,6,4.0,5.0,SOLUSDT,63,77.42296368989204,0.3968253968253968,-0.2316169457623101,-14.591867583025536,,,0.623341039049128,0.9659358564477949,-1.019480631426853
1h,fz2_react0.25_body0.25_cl0.6_cs0.4,model_a,base,next_open,2.0,0.25,0.25,0.6,0.4,90,1.0,1.5,6,4.0,5.0,XRPUSDT,51,61.903350872334535,0.47058823529411764,-0.06302831389653757,-3.214444008723416,,,0.8819363396265983,1.0004966014458103,-1.008383794200847
1h,fz2_react0.25_body0.25_cl0.7_cs0.3,model_a,base,next_open,2.0,0.25,0.25,0.7,0.3,90,1.0,1.5,6,4.0,5.0,ADAUSDT,59,69.245414379435,0.4067796610169492,-0.07364318486514963,-4.344947907043828,,,0.8543312223849513,1.0617765629551676,-0.8522167262276529
1h,fz2_react0.25_body0.25_cl0.7_cs0.3,model_a,base,next_open,2.0,0.25,0.25,0.7,0.3,90,1.0,1.5,6,4.0,5.0,AVAXUSDT,51,56.157015450320316,0.4117647058823529,-0.07051910761330661,-3.5964744882786372,,,0.8657360061603607,1.10429119127045,-0.8928863168319362
1h,fz2_react0.25_body0.25_cl0.7_cs0.3,model_a,base,next_open,2.0,0.25,0.25,0.7,0.3,90,1.0,1.5,6,4.0,5.0,BNBUSDT,84,95.6290909090909,0.4166666666666667,-0.21336412182508852,-17.922586233307435,,,0.6418155776134031,0.9175636361539545,-1.0211696632386909
1h,fz2_react0.25_body0.25_cl0.7_cs0.3,model_a,base,next_open,2.0,0.25,0.25,0.7,0.3,90,1.0,1.5,6,4.0,5.0,BTCUSDT,69,79.76447316365555,0.21739130434782608,-0.7177840397039092,-49.52709873956974,,,0.19561941079372455,0.8029749435995519,-1.1402170906215374
1h,fz2_react0.25_body0.25_cl0.7_cs0.3,model_a,base,next_open,2.0,0.25,0.25,0.7,0.3,90,1.0,1.5,6,4.0,5.0,ETHUSDT,47,52.60495403472931,0.40425531914893614,-0.1998857609688464,-9.39463076553578,,,0.6468904384474775,0.9058313960611534,-0.9501938318106319
1h,fz2_react0.25_body0.25_cl0.7_cs0.3,model_a,base,next_open,2.0,0.25,0.25,0.7,0.3,90,1.0,1.5,6,4.0,5.0,LINKUSDT,64,70.5513078470825,0.3125,-0.33212077098641,-21.25572934313024,,,0.5015000246018255,1.0691824788953235,-0.9690767936599252
1h,fz2_react0.25_body0.25_cl0.7_cs0.3,model_a,base,next_open,2.0,0.25,0.25,0.7,0.3,90,1.0,1.5,6,4.0,5.0,LTCUSDT,59,66.44321685508736,0.4067796610169492,-0.2189472320626168,-12.91788669169439,,,0.6546441799609161,1.0202785611994887,-1.0687020617280605
1h,fz2_react0.25_body0.25_cl0.7_cs0.3,model_a,base,next_open,2.0,0.25,0.25,0.7,0.3,90,1.0,1.5,6,4.0,5.0,SOLUSDT,59,72.5072199635497,0.3728813559322034,-0.3096997676156327,-18.27228628932233,,,0.5078860727325692,0.8571776878484986,-1.0035187951889
1h,fz2_react0.25_body0.25_cl0.7_cs0.3,model_a,base,next_open,2.0,0.25,0.25,0.7,0.3,90,1.0,1.5,6,4.0,5.0,XRPUSDT,45,54.620603710883415,0.4888888888888889,-0.02691887461296281,-1.2113493575833265,,,0.946029924396302,0.9651583673102436,-0.9758623234090733
1h,fz2_react0.25_body0.5_cl0.6_cs0.4,model_a,base,next_open,2.0,0.25,0.5,0.6,0.4,90,1.0,1.5,6,4.0,5.0,ADAUSDT,59,69.26396143029329,0.3728813559322034,-0.1541162120273815,-9.092856509615508,,,0.7134189118813049,1.0289037435930883,-0.8575334829368501
1h,fz2_react0.25_body0.5_cl0.6_cs0.4,model_a,base,next_open,2.0,0.25,0.5,0.6,0.4,90,1.0,1.5,6,4.0,5.0,AVAXUSDT,48,52.85366160030147,0.4375,-0.06787383487875205,-3.2579440741800982,,,0.8759117875780627,1.095100993132171,-0.972409812220581
1h,fz2_react0.25_body0.5_cl0.6_cs0.4,model_a,base,next_open,2.0,0.25,0.5,0.6,0.4,90,1.0,1.5,6,4.0,5.0,BNBUSDT,77,87.66,0.44155844155844154,-0.22098820188278848,-17.016091544974714,,,0.6316883106949821,0.8583575553947985,-1.0744243820557642
1h,fz2_react0.25_body0.5_cl0.6_cs0.4,model_a,base,next_open,2.0,0.25,0.5,0.6,0.4,90,1.0,1.5,6,4.0,5.0,BTCUSDT,64,74.663827521959,0.234375,-0.6947979215994532,-44.467066982365004,,,0.21921460102482104,0.8323098220567534,-1.1622798839431898
1h,fz2_react0.25_body0.5_cl0.6_cs0.4,model_a,base,next_open,2.0,0.25,0.5,0.6,0.4,90,1.0,1.5,6,4.0,5.0,ETHUSDT,47,52.611671561741794,0.3617021276595745,-0.2964114708114661,-13.931339128138907,,,0.5227965732870683,0.8977866054093206,-0.9731237140032453
1h,fz2_react0.25_body0.5_cl0.6_cs0.4,model_a,base,next_open,2.0,0.25,0.5,0.6,0.4,90,1.0,1.5,6,4.0,5.0,LINKUSDT,63,69.44894366197184,0.2698412698412698,-0.44332745818740016,-27.92962986580621,,,0.38265322328302964,1.0183391720755255,-0.9835086041541335
1h,fz2_react0.25_body0.5_cl0.6_cs0.4,model_a,base,next_open,2.0,0.25,0.5,0.6,0.4,90,1.0,1.5,6,4.0,5.0,LTCUSDT,54,60.88282958199357,0.4074074074074074,-0.20988090798300882,-11.333569031082476,,,0.6678560050945136,1.0358585231186603,-1.0663267668654062
1h,fz2_react0.25_body0.5_cl0.6_cs0.4,model_a,base,next_open,2.0,0.25,0.5,0.6,0.4,90,1.0,1.5,6,4.0,5.0,SOLUSDT,52,63.90466844245058,0.38461538461538464,-0.28302160625944495,-14.717123525491138,,,0.5633095564856243,0.9492188859424452,-1.0531719138856264
1h,fz2_react0.25_body0.5_cl0.6_cs0.4,model_a,base,next_open,2.0,0.25,0.5,0.6,0.4,90,1.0,1.5,6,4.0,5.0,XRPUSDT,46,55.84986149584488,0.45652173913043476,-0.04609054284571644,-2.120164970902956,,,0.9101759759266628,1.0230178721672556,-0.9441416114566128
1h,fz2_react0.25_body0.5_cl0.7_cs0.3,model_a,base,next_open,2.0,0.25,0.5,0.7,0.3,90,1.0,1.5,6,4.0,5.0,ADAUSDT,52,61.046203294495776,0.38461538461538464,-0.08727531937228619,-4.538316607358882,,,0.8273292022720065,1.0872370741979007,-0.8213455653536531
1h,fz2_react0.25_body0.5_cl0.7_cs0.3,model_a,base,next_open,2.0,0.25,0.5,0.7,0.3,90,1.0,1.5,6,4.0,5.0,AVAXUSDT,45,49.55030775028263,0.4,-0.09738154194027485,-4.382169387312368,,,0.8233126612245771,1.1344256046397705,-0.9185863063269717
1h,fz2_react0.25_body0.5_cl0.7_cs0.3,model_a,base,next_open,2.0,0.25,0.5,0.7,0.3,90,1.0,1.5,6,4.0,5.0,BNBUSDT,69,78.55246753246753,0.463768115942029,-0.16657486368526744,-11.493665594283454,,,0.704325789817564,0.8555959586183691,-1.0506144937857098
1h,fz2_react0.25_body0.5_cl0.7_cs0.3,model_a,base,next_open,2.0,0.25,0.5,0.7,0.3,90,1.0,1.5,6,4.0,5.0,BTCUSDT,58,67.66409369177535,0.20689655172413793,-0.7413238544037731,-42.996783555418844,,,0.1972672064564053,0.8805187569686964,-1.164413231283548
1h,fz2_react0.25_body0.5_cl0.7_cs0.3,model_a,base,next_open,2.0,0.25,0.5,0.7,0.3,90,1.0,1.5,6,4.0,5.0,ETHUSDT,44,49.25347975992849,0.38636363636363635,-0.3195295263921167,-14.059299161253133,,,0.45782789383736033,0.6983607615131595,-0.9604234113695127
1h,fz2_react0.25_body0.5_cl0.7_cs0.3,model_a,base,next_open,2.0,0.25,0.5,0.7,0.3,90,1.0,1.5,6,4.0,5.0,LINKUSDT,57,62.83475855130785,0.2807017543859649,-0.42551672006798,-24.25445304387486,,,0.3962608888877645,0.9949549136532677,-0.9798471137152962
1h,fz2_react0.25_body0.5_cl0.7_cs0.3,model_a,base,next_open,2.0,0.25,0.5,0.7,0.3,90,1.0,1.5,6,4.0,5.0,LTCUSDT,53,59.755369774919615,0.37735849056603776,-0.28761249689136326,-15.243462335242253,,,0.5678151522691572,1.0013619094283033,-1.0688091067820704
1h,fz2_react0.25_body0.5_cl0.7_cs0.3,model_a,base,next_open,2.0,0.25,0.5,0.7,0.3,90,1.0,1.5,6,4.0,5.0,SOLUSDT,51,62.67573251086499,0.37254901960784315,-0.328571960888678,-16.75717000532258,,,0.49461545009065916,0.863162952471189,-1.0361645656960992
1h,fz2_react0.25_body0.5_cl0.7_cs0.3,model_a,base,next_open,2.0,0.25,0.5,0.7,0.3,90,1.0,1.5,6,4.0,5.0,XRPUSDT,42,50.99335180055402,0.47619047619047616,0.004224598723942551,0.17743314640558716,,,1.0086145772450559,1.0387141055229612,-0.9362204074569835
1h,fz2_react0_body0.25_cl0.6_cs0.4,model_a,base,next_open,2.0,0.0,0.25,0.6,0.4,90,1.0,1.5,6,4.0,5.0,ADAUSDT,67,78.63462310884991,0.417910447761194,-0.07329682839892361,-4.910887502727882,,,0.852093537239566,1.010420327503763,-0.8513501710982885
1h,fz2_react0_body0.25_cl0.6_cs0.4,model_a,base,next_open,2.0,0.0,0.25,0.6,0.4,90,1.0,1.5,6,4.0,5.0,AVAXUSDT,60,66.0836788541274,0.4166666666666667,-0.10086206591163195,-6.051723954697917,,,0.8095159132474524,1.0287403903241275,-0.9077209632228888
1h,fz2_react0_body0.25_cl0.6_cs0.4,model_a,base,next_open,2.0,0.0,0.25,0.6,0.4,90,1.0,1.5,6,4.0,5.0,BNBUSDT,101,114.9825974025974,0.36633663366336633,-0.31977086894416756,-32.296857763360926,,,0.5193949010326125,0.9433391408043544,-1.050006343330032
1h,fz2_react0_body0.25_cl0.6_cs0.4,model_a,base,next_open,2.0,0.0,0.25,0.6,0.4,90,1.0,1.5,6,4.0,5.0,BTCUSDT,81,93.63655545298695,0.2345679012345679,-0.664028068296391,-53.78627353200768,,,0.2108691571443029,0.7564529126076283,-1.0993367559927842
1h,fz2_react0_body0.25_cl0.6_cs0.4,model_a,base,next_open,2.0,0.0,0.25,0.6,0.4,90,1.0,1.5,6,4.0,5.0,ETHUSDT,60,67.1552604698672,0.38333333333333336,-0.2231940181617082,-13.391641089702492,,,0.6348087144923995,1.0121116869861086,-0.9910867537941349
1h,fz2_react0_body0.25_cl0.6_cs0.4,model_a,base,next_open,2.0,0.0,0.25,0.6,0.4,90,1.0,1.5,6,4.0,5.0,LINKUSDT,73,80.46246699358733,0.3150684931506849,-0.28265899928281646,-20.634106947645602,,,0.5459154617848182,1.078565493468728,-0.908822265948527
1h,fz2_react0_body0.25_cl0.6_cs0.4,model_a,base,next_open,2.0,0.0,0.25,0.6,0.4,90,1.0,1.5,6,4.0,5.0,LTCUSDT,65,73.1907514450867,0.4461538461538462,-0.1116901413914726,-7.259859190445719,,,0.7967841766564697,0.9815521511050229,-0.9923575436803161
1h,fz2_react0_body0.25_cl0.6_cs0.4,model_a,base,next_open,2.0,0.0,0.25,0.6,0.4,90,1.0,1.5,6,4.0,5.0,SOLUSDT,64,78.65189962147764,0.40625,-0.20307408592004858,-12.99674149888311,,,0.6640856724875036,0.9882270007934773,-1.018174829460882
1h,fz2_react0_body0.25_cl0.6_cs0.4,model_a,base,next_open,2.0,0.0,0.25,0.6,0.4,90,1.0,1.5,6,4.0,5.0,XRPUSDT,53,64.33093325948491,0.49056603773584906,-0.0005544425135792911,-0.02938545321970243,,,0.9988735440954111,1.002202219533019,-0.966171968928822
1h,fz2_react0_body0.25_cl0.7_cs0.3,model_a,base,next_open,2.0,0.0,0.25,0.7,0.3,90,1.0,1.5,6,4.0,5.0,ADAUSDT,58,68.07176328825814,0.43103448275862066,-0.011292098810590805,-0.6549417310142667,,,0.9761768343308402,1.073474372854357,-0.8330848803749453
1h,fz2_react0_body0.25_cl0.7_cs0.3,model_a,base,next_open,2.0,0.0,0.25,0.7,0.3,90,1.0,1.5,6,4.0,5.0,AVAXUSDT,55,60.56148725034544,0.38181818181818183,-0.10823024791985927,-5.95266363559226,,,0.7958020836678055,1.1047037132420823,-0.8573953415787056
1h,fz2_react0_body0.25_cl0.7_cs0.3,model_a,base,next_open,2.0,0.0,0.25,0.7,0.3,90,1.0,1.5,6,4.0,5.0,BNBUSDT,92,104.73662337662337,0.391304347826087,-0.2739450830092093,-25.202947636847256,,,0.5756873276781281,0.9498379196586537,-1.060662727581407
1h,fz2_react0_body0.25_cl0.7_cs0.3,model_a,base,next_open,2.0,0.0,0.25,0.7,0.3,90,1.0,1.5,6,4.0,5.0,BTCUSDT,73,84.38850059343268,0.1917808219178082,-0.7539091528057327,-55.035368154818485,,,0.16397017645327855,0.7710045377869754,-1.1157530793870531
1h,fz2_react0_body0.25_cl0.7_cs0.3,model_a,base,next_open,2.0,0.0,0.25,0.7,0.3,90,1.0,1.5,6,4.0,5.0,ETHUSDT,50,55.96271705822267,0.42,-0.15463999691448324,-7.731999845724162,,,0.7209415470519066,0.9512122045180975,-0.9554295220898003
1h,fz2_react0_body0.25_cl0.7_cs0.3,model_a,base,next_open,2.0,0.0,0.25,0.7,0.3,90,1.0,1.5,6,4.0,5.0,LINKUSDT,65,71.64466239155036,0.3076923076923077,-0.3159623409495704,-20.537552161722076,,,0.5145701587176852,1.0885209948788412,-0.940177156873309
1h,fz2_react0_body0.25_cl0.7_cs0.3,model_a,base,next_open,2.0,0.0,0.25,0.7,0.3,90,1.0,1.5,6,4.0,5.0,LTCUSDT,60,67.5606936416185,0.43333333333333335,-0.15344290603510485,-9.206574362106291,,,0.7330182201471656,0.9722050287020789,-1.014232503187069
1h,fz2_react0_body0.25_cl0.7_cs0.3,model_a,base,next_open,2.0,0.0,0.25,0.7,0.3,90,1.0,1.5,6,4.0,5.0,SOLUSDT,59,72.5072199635497,0.3728813559322034,-0.3013933847141921,-17.782209698137333,,,0.5203035317869289,0.8767046286754495,-1.0018840953783033
1h,fz2_react0_body0.25_cl0.7_cs0.3,model_a,base,next_open,2.0,0.0,0.25,0.7,0.3,90,1.0,1.5,6,4.0,5.0,XRPUSDT,48,58.26197729160897,0.4791666666666667,-0.03955573098245057,-1.8986750871576272,,,0.9201852314456898,0.951732316212863,-0.951540734402139
1h,fz2_react0_body0.5_cl0.6_cs0.4,model_a,base,next_open,2.0,0.0,0.5,0.6,0.4,90,1.0,1.5,6,4.0,5.0,ADAUSDT,59,69.26396143029329,0.3728813559322034,-0.1541162120273815,-9.092856509615508,,,0.7134189118813049,1.0289037435930883,-0.8575334829368501
1h,fz2_react0_body0.5_cl0.6_cs0.4,model_a,base,next_open,2.0,0.0,0.5,0.6,0.4,90,1.0,1.5,6,4.0,5.0,AVAXUSDT,49,53.954779550307755,0.42857142857142855,-0.08975599949620951,-4.398043975314266,,,0.8394591161458144,1.095100993132171,-0.9783987439674948
1h,fz2_react0_body0.5_cl0.6_cs0.4,model_a,base,next_open,2.0,0.0,0.5,0.6,0.4,90,1.0,1.5,6,4.0,5.0,BNBUSDT,78,88.79844155844155,0.4358974358974359,-0.23359522175584196,-18.220427296955673,,,0.6156399721253695,0.8583575553947985,-1.0773769131904276
1h,fz2_react0_body0.5_cl0.6_cs0.4,model_a,base,next_open,2.0,0.0,0.5,0.6,0.4,90,1.0,1.5,6,4.0,5.0,BTCUSDT,66,76.27633487145683,0.22727272727272727,-0.6880747181395315,-45.41293139720908,,,0.21563332362291945,0.8323098220567534,-1.1352466417266742
1h,fz2_react0_body0.5_cl0.6_cs0.4,model_a,base,next_open,2.0,0.0,0.5,0.6,0.4,90,1.0,1.5,6,4.0,5.0,ETHUSDT,47,52.611671561741794,0.3829787234042553,-0.24279099858806602,-11.411176933639103,,,0.5926341533443685,0.9222740629078854,-0.9659348298614152
1h,fz2_react0_body0.5_cl0.6_cs0.4,model_a,base,next_open,2.0,0.0,0.5,0.6,0.4,90,1.0,1.5,6,4.0,5.0,LINKUSDT,64,70.5513078470825,0.265625,-0.4455348115790338,-28.514227941058163,,,0.3777717505871474,1.0183391720755255,-0.975021146092385
1h,fz2_react0_body0.5_cl0.6_cs0.4,model_a,base,next_open,2.0,0.0,0.5,0.6,0.4,90,1.0,1.5,6,4.0,5.0,LTCUSDT,55,62.01028938906752,0.41818181818181815,-0.2044059172925412,-11.242325451089766,,,0.670530008939652,0.9947883082001405,-1.0663267668654062
1h,fz2_react0_body0.5_cl0.6_cs0.4,model_a,base,next_open,2.0,0.0,0.5,0.6,0.4,90,1.0,1.5,6,4.0,5.0,SOLUSDT,52,63.90466844245058,0.38461538461538464,-0.28302160625944495,-14.717123525491138,,,0.5633095564856243,0.9492188859424452,-1.0531719138856264
1h,fz2_react0_body0.5_cl0.6_cs0.4,model_a,base,next_open,2.0,0.0,0.5,0.6,0.4,90,1.0,1.5,6,4.0,5.0,XRPUSDT,46,55.84986149584488,0.45652173913043476,-0.04609054284571644,-2.120164970902956,,,0.9101759759266628,1.0230178721672556,-0.9441416114566128
1h,fz2_react0_body0.5_cl0.7_cs0.3,model_a,base,next_open,2.0,0.0,0.5,0.7,0.3,90,1.0,1.5,6,4.0,5.0,ADAUSDT,52,61.046203294495776,0.38461538461538464,-0.08727531937228619,-4.538316607358882,,,0.8273292022720065,1.0872370741979007,-0.8213455653536531
1h,fz2_react0_body0.5_cl0.7_cs0.3,model_a,base,next_open,2.0,0.0,0.5,0.7,0.3,90,1.0,1.5,6,4.0,5.0,AVAXUSDT,46,50.65142570028891,0.391304347826087,-0.12004933235753339,-5.522269288446536,,,0.7871295909039603,1.1344256046397705,-0.9264975061415145
1h,fz2_react0_body0.5_cl0.7_cs0.3,model_a,base,next_open,2.0,0.0,0.5,0.7,0.3,90,1.0,1.5,6,4.0,5.0,BNBUSDT,70,79.69090909090909,0.45714285714285713,-0.18140001923234877,-12.698001346264414,,,0.6831604529573069,0.8555959586183691,-1.054659790054006
1h,fz2_react0_body0.5_cl0.7_cs0.3,model_a,base,next_open,2.0,0.0,0.5,0.7,0.3,90,1.0,1.5,6,4.0,5.0,BTCUSDT,59,68.18642056690837,0.2033898305084746,-0.7400049942370542,-43.6602946599862,,,0.19485346161956782,0.8805187569686964,-1.1537557392257567
1h,fz2_react0_body0.5_cl0.7_cs0.3,model_a,base,next_open,2.0,0.0,0.5,0.7,0.3,90,1.0,1.5,6,4.0,5.0,ETHUSDT,44,49.25347975992849,0.4090909090909091,-0.2622531128807575,-11.539136966753329,,,0.5337690555552723,0.733927432561511,-0.9519165674177127
1h,fz2_react0_body0.5_cl0.7_cs0.3,model_a,base,next_open,2.0,0.0,0.5,0.7,0.3,90,1.0,1.5,6,4.0,5.0,LINKUSDT,57,62.83475855130785,0.2807017543859649,-0.42551672006798,-24.25445304387486,,,0.3962608888877645,0.9949549136532677,-0.9798471137152962
1h,fz2_react0_body0.5_cl0.7_cs0.3,model_a,base,next_open,2.0,0.0,0.5,0.7,0.3,90,1.0,1.5,6,4.0,5.0,LTCUSDT,54,60.88282958199357,0.3888888888888889,-0.2805966436157323,-15.152218755249542,,,0.5704021034393252,0.9580229413599417,-1.0688091067820704
1h,fz2_react0_body0.5_cl0.7_cs0.3,model_a,base,next_open,2.0,0.0,0.5,0.7,0.3,90,1.0,1.5,6,4.0,5.0,SOLUSDT,51,62.67573251086499,0.37254901960784315,-0.3277976049756681,-16.717677853759074,,,0.49520526715836743,0.863162952471189,-1.0349304359597395
1h,fz2_react0_body0.5_cl0.7_cs0.3,model_a,base,next_open,2.0,0.0,0.5,0.7,0.3,90,1.0,1.5,6,4.0,5.0,XRPUSDT,43,52.20747922437673,0.46511627906976744,-0.0014517517614015824,-0.062425325740268045,,,0.9970040695761838,1.0387141055229612,-0.905943801573891
1h,fz1.5_react0.25_body0.25_cl0.6_cs0.4,model_a,stress,next_close,1.5,0.25,0.25,0.6,0.4,90,1.0,1.5,6,8.0,10.0,ADAUSDT,107,119.56175908221797,0.3177570093457944,-0.4378892552459792,-46.85415031131978,,,0.40235496900625534,0.927759063080668,-1.0739446363844176
1h,fz1.5_react0.25_body0.25_cl0.6_cs0.4,model_a,stress,next_close,1.5,0.25,0.25,0.6,0.4,90,1.0,1.5,6,8.0,10.0,AVAXUSDT,107,117.86403618999749,0.411214953271028,-0.2532907193487926,-27.10210697032081,,,0.5976594098532657,0.9149772410345764,-1.0692238980292408
1h,fz1.5_react0.25_body0.25_cl0.6_cs0.4,model_a,stress,next_close,1.5,0.25,0.25,0.6,0.4,90,1.0,1.5,6,8.0,10.0,BNBUSDT,121,133.78985872855702,0.2892561983471074,-0.5885512474521151,-71.21470094170593,,,0.2817741168068465,0.798255015033894,-1.152949144975491
1h,fz1.5_react0.25_body0.25_cl0.6_cs0.4,model_a,stress,next_close,1.5,0.25,0.25,0.6,0.4,90,1.0,1.5,6,8.0,10.0,BTCUSDT,182,202.77224199288256,0.24175824175824176,-0.7344336658528764,-133.6669271852235,,,0.21318755114506374,0.82311763453038,-1.231044225395364
1h,fz1.5_react0.25_body0.25_cl0.6_cs0.4,model_a,stress,next_close,1.5,0.25,0.25,0.6,0.4,90,1.0,1.5,6,8.0,10.0,ETHUSDT,140,154.1177948009544,0.34285714285714286,-0.4070710153023666,-56.98994214233132,,,0.4265151088524757,0.8830177187876406,-1.0801607896101963
1h,fz1.5_react0.25_body0.25_cl0.6_cs0.4,model_a,stress,next_close,1.5,0.25,0.25,0.6,0.4,90,1.0,1.5,6,8.0,10.0,LINKUSDT,109,120.15769617706238,0.44036697247706424,-0.13679966166683433,-14.911163121684941,,,0.74796537102989,0.9219164398139926,-0.9698877415205998
1h,fz1.5_react0.25_body0.25_cl0.6_cs0.4,model_a,stress,next_close,1.5,0.25,0.25,0.6,0.4,90,1.0,1.5,6,8.0,10.0,LTCUSDT,138,151.93519216277318,0.39855072463768115,-0.36190126716095394,-49.942374868211644,,,0.45686961472726695,0.7638264195621179,-1.1078653969172063
1h,fz1.5_react0.25_body0.25_cl0.6_cs0.4,model_a,stress,next_close,1.5,0.25,0.25,0.6,0.4,90,1.0,1.5,6,8.0,10.0,SOLUSDT,123,146.73625476320086,0.2845528455284553,-0.5114456271340276,-62.907812137485394,,,0.3157285038986924,0.8293195035208945,-1.0447044859172352
1h,fz1.5_react0.25_body0.25_cl0.6_cs0.4,model_a,stress,next_close,1.5,0.25,0.25,0.6,0.4,90,1.0,1.5,6,8.0,10.0,XRPUSDT,127,147.18164992067688,0.33858267716535434,-0.454602812765448,-57.734557221211894,,,0.3990957674068396,0.8917420428155827,-1.1438031555033565
1h,fz1.5_react0.25_body0.25_cl0.7_cs0.3,model_a,stress,next_close,1.5,0.25,0.25,0.7,0.3,90,1.0,1.5,6,8.0,10.0,ADAUSDT,94,105.03556405353729,0.3404255319148936,-0.3825879400681092,-35.963266366402266,,,0.45122173190363035,0.9240644331094138,-1.0569891649339274
1h,fz1.5_react0.25_body0.25_cl0.7_cs0.3,model_a,stress,next_close,1.5,0.25,0.25,0.7,0.3,90,1.0,1.5,6,8.0,10.0,AVAXUSDT,91,100.23950741392309,0.4175824175824176,-0.20690410246468716,-18.82827332428653,,,0.6594912134202764,0.9596383343048612,-1.0432930193937975
1h,fz1.5_react0.25_body0.25_cl0.7_cs0.3,model_a,stress,next_close,1.5,0.25,0.25,0.7,0.3,90,1.0,1.5,6,8.0,10.0,BNBUSDT,110,124.35646118132576,0.32727272727272727,-0.5067444824688537,-55.741893071573905,,,0.348644610094416,0.828789341811309,-1.1564636402267705
1h,fz1.5_react0.25_body0.25_cl0.7_cs0.3,model_a,stress,next_close,1.5,0.25,0.25,0.7,0.3,90,1.0,1.5,6,8.0,10.0,BTCUSDT,165,183.83197763091002,0.23636363636363636,-0.7514489909922294,-123.98908351371784,,,0.20673079905009728,0.8285208330282532,-1.2404872698557121
1h,fz1.5_react0.25_body0.25_cl0.7_cs0.3,model_a,stress,next_close,1.5,0.25,0.25,0.7,0.3,90,1.0,1.5,6,8.0,10.0,ETHUSDT,127,139.80685671229435,0.33858267716535434,-0.4216803644303401,-53.5534062826532,,,0.40816310476246076,0.8589153278478817,-1.0772233973822871
1h,fz1.5_react0.25_body0.25_cl0.7_cs0.3,model_a,stress,next_close,1.5,0.25,0.25,0.7,0.3,90,1.0,1.5,6,8.0,10.0,LINKUSDT,99,109.13405432595573,0.45454545454545453,-0.09369609367863499,-9.275913274184864,,,0.8217585088711332,0.9503412243113684,-0.9637271920036377
1h,fz1.5_react0.25_body0.25_cl0.7_cs0.3,model_a,stress,next_close,1.5,0.25,0.25,0.7,0.3,90,1.0,1.5,6,8.0,10.0,LTCUSDT,129,142.0263752825923,0.3953488372093023,-0.3709496418123591,-47.85250379379433,,,0.4517475361009666,0.7731249531974527,-1.1189984154726207
1h,fz1.5_react0.25_body0.25_cl0.7_cs0.3,model_a,stress,next_close,1.5,0.25,0.25,0.7,0.3,90,1.0,1.5,6,8.0,10.0,SOLUSDT,115,137.45432233433326,0.3130434782608696,-0.4441831685035768,-51.08106437791133,,,0.37638623643203367,0.8563976747465778,-1.0368529198580776
1h,fz1.5_react0.25_body0.25_cl0.7_cs0.3,model_a,stress,next_close,1.5,0.25,0.25,0.7,0.3,90,1.0,1.5,6,8.0,10.0,XRPUSDT,117,135.5925436277102,0.36752136752136755,-0.4037730081326218,-47.24144195151675,,,0.4395586954720463,0.861670907296025,-1.1390985265573759
1h,fz1.5_react0.25_body0.5_cl0.6_cs0.4,model_a,stress,next_close,1.5,0.25,0.5,0.6,0.4,90,1.0,1.5,6,8.0,10.0,ADAUSDT,87,97.21376673040153,0.3103448275862069,-0.3917580277257196,-34.082948412137604,,,0.43347756232302814,0.9658793925043478,-1.00269486682925
1h,fz1.5_react0.25_body0.5_cl0.6_cs0.4,model_a,stress,next_close,1.5,0.25,0.5,0.6,0.4,90,1.0,1.5,6,8.0,10.0,AVAXUSDT,89,98.0364413169138,0.4044943820224719,-0.26593466464435545,-23.668185153347633,,,0.5742475860265815,0.8867567774566211,-1.0488948894676602
1h,fz1.5_react0.25_body0.5_cl0.6_cs0.4,model_a,stress,next_close,1.5,0.25,0.5,0.6,0.4,90,1.0,1.5,6,8.0,10.0,BNBUSDT,104,114.99293642785065,0.3173076923076923,-0.5216403711978933,-54.25059860458091,,,0.32887403672975596,0.8055938524726266,-1.138523883608135
1h,fz1.5_react0.25_body0.5_cl0.6_cs0.4,model_a,stress,next_close,1.5,0.25,0.5,0.6,0.4,90,1.0,1.5,6,8.0,10.0,BTCUSDT,151,168.96425836099056,0.26490066225165565,-0.6835071216094898,-103.20957536303295,,,0.2469375979034723,0.8460893994252918,-1.234713075135537
1h,fz1.5_react0.25_body0.5_cl0.6_cs0.4,model_a,stress,next_close,1.5,0.25,0.5,0.6,0.4,90,1.0,1.5,6,8.0,10.0,ETHUSDT,119,133.02142310635043,0.3697478991596639,-0.35623086072536553,-42.3914724263185,,,0.46408399758134217,0.8343066271824753,-1.0546795202979655
1h,fz1.5_react0.25_body0.5_cl0.6_cs0.4,model_a,stress,next_close,1.5,0.25,0.5,0.6,0.4,90,1.0,1.5,6,8.0,10.0,LINKUSDT,99,109.13405432595573,0.45454545454545453,-0.10853190686485643,-10.744658779620787,,,0.7983643583388526,0.9453964191705111,-0.9868055118943295
1h,fz1.5_react0.25_body0.5_cl0.6_cs0.4,model_a,stress,next_close,1.5,0.25,0.5,0.6,0.4,90,1.0,1.5,6,8.0,10.0,LTCUSDT,119,134.16771704180064,0.37815126050420167,-0.4198045614091286,-49.956742807686304,,,0.38472965731383163,0.6941787015301901,-1.0972268158992549
1h,fz1.5_react0.25_body0.5_cl0.6_cs0.4,model_a,stress,next_close,1.5,0.25,0.5,0.6,0.4,90,1.0,1.5,6,8.0,10.0,SOLUSDT,103,125.08977556109726,0.30097087378640774,-0.42744265583951585,-44.026593551470135,,,0.38058623000095776,0.8726208903457533,-0.9871922382248403
1h,fz1.5_react0.25_body0.5_cl0.6_cs0.4,model_a,stress,next_close,1.5,0.25,0.5,0.6,0.4,90,1.0,1.5,6,8.0,10.0,XRPUSDT,108,128.21343445287107,0.35185185185185186,-0.4214756007894992,-45.519364885265915,,,0.4155151044753321,0.8515813082764786,-1.1125636371396015
1h,fz1.5_react0.25_body0.5_cl0.7_cs0.3,model_a,stress,next_close,1.5,0.25,0.5,0.7,0.3,90,1.0,1.5,6,8.0,10.0,ADAUSDT,80,89.39196940726578,0.3375,-0.32653166368232417,-26.122533094585933,,,0.4954437550031462,0.9500277620120033,-0.9768543899794343
1h,fz1.5_react0.25_body0.5_cl0.7_cs0.3,model_a,stress,next_close,1.5,0.25,0.5,0.7,0.3,90,1.0,1.5,6,8.0,10.0,AVAXUSDT,81,89.2241769288766,0.3950617283950617,-0.26882386395599217,-21.774732980435367,,,0.5756914571262564,0.923232041913839,-1.047309353503637
1h,fz1.5_react0.25_body0.5_cl0.7_cs0.3,model_a,stress,next_close,1.5,0.25,0.5,0.7,0.3,90,1.0,1.5,6,8.0,10.0,BNBUSDT,93,105.1377353623936,0.3333333333333333,-0.4738657823710849,-44.0695177605109,,,0.37061567635117476,0.8371137356026489,-1.129355541357952
1h,fz1.5_react0.25_body0.5_cl0.7_cs0.3,model_a,stress,next_close,1.5,0.25,0.5,0.7,0.3,90,1.0,1.5,6,8.0,10.0,BTCUSDT,141,157.77457237681898,0.24822695035460993,-0.7075105171173561,-99.75898291354721,,,0.23139242466603685,0.8580813140680709,-1.2244512160936762
1h,fz1.5_react0.25_body0.5_cl0.7_cs0.3,model_a,stress,next_close,1.5,0.25,0.5,0.7,0.3,90,1.0,1.5,6,8.0,10.0,ETHUSDT,108,120.72532517214997,0.3425925925925926,-0.37718698003402457,-40.736193843674656,,,0.42973961393989657,0.8296805518022994,-1.0061179473290103
1h,fz1.5_react0.25_body0.5_cl0.7_cs0.3,model_a,stress,next_close,1.5,0.25,0.5,0.7,0.3,90,1.0,1.5,6,8.0,10.0,LINKUSDT,91,100.31514084507043,0.4725274725274725,-0.07856873919591045,-7.149755266827851,,,0.8502131044391599,0.9437928773360739,-0.9944343540058131
1h,fz1.5_react0.25_body0.5_cl0.7_cs0.3,model_a,stress,next_close,1.5,0.25,0.5,0.7,0.3,90,1.0,1.5,6,8.0,10.0,LTCUSDT,115,129.65787781350483,0.3652173913043478,-0.4187419466519923,-48.15532386497912,,,0.3948654108354486,0.7481559467586884,-1.0901078579293704
1h,fz1.5_react0.25_body0.5_cl0.7_cs0.3,model_a,stress,next_close,1.5,0.25,0.5,0.7,0.3,90,1.0,1.5,6,8.0,10.0,SOLUSDT,98,119.01745635910224,0.29591836734693877,-0.4460179199365082,-43.7097561537778,,,0.36659177823348604,0.8723271912133347,-1.0001049956371668
1h,fz1.5_react0.25_body0.5_cl0.7_cs0.3,model_a,stress,next_close,1.5,0.25,0.5,0.7,0.3,90,1.0,1.5,6,8.0,10.0,XRPUSDT,101,119.90330444203684,0.36633663366336633,-0.39713212482683014,-40.110344607509845,,,0.4360094686911533,0.8380670716443991,-1.1112316602867596
1h,fz1.5_react0_body0.25_cl0.6_cs0.4,model_a,stress,next_close,1.5,0.0,0.25,0.6,0.4,90,1.0,1.5,6,8.0,10.0,ADAUSDT,109,121.79655831739963,0.3211009174311927,-0.43495569378786764,-47.41017062287757,,,0.39805055753027535,0.8957394338925522,-1.0643385244475256
1h,fz1.5_react0_body0.25_cl0.6_cs0.4,model_a,stress,next_close,1.5,0.0,0.25,0.6,0.4,90,1.0,1.5,6,8.0,10.0,AVAXUSDT,118,129.98089972354865,0.423728813559322,-0.2135386793964206,-25.19756416877763,,,0.6544402741921238,0.95441103647343,-1.0723252351830754
1h,fz1.5_react0_body0.25_cl0.6_cs0.4,model_a,stress,next_close,1.5,0.0,0.25,0.6,0.4,90,1.0,1.5,6,8.0,10.0,BNBUSDT,128,141.5297679112008,0.3046875,-0.588280127353091,-75.29985630119565,,,0.2870956562346258,0.7775438687738977,-1.1867872717233445
1h,fz1.5_react0_body0.25_cl0.6_cs0.4,model_a,stress,next_close,1.5,0.0,0.25,0.6,0.4,90,1.0,1.5,6,8.0,10.0,BTCUSDT,192,213.91357397051348,0.23958333333333334,-0.7390201019192991,-141.89185956850542,,,0.20995651818120784,0.8197435655466796,-1.2301374218058403
1h,fz1.5_react0_body0.25_cl0.6_cs0.4,model_a,stress,next_close,1.5,0.0,0.25,0.6,0.4,90,1.0,1.5,6,8.0,10.0,ETHUSDT,151,166.2270501067437,0.33112582781456956,-0.40597111981660905,-61.301639092307965,,,0.4212605545987069,0.8924210259741087,-1.048739508821915
1h,fz1.5_react0_body0.25_cl0.6_cs0.4,model_a,stress,next_close,1.5,0.0,0.25,0.6,0.4,90,1.0,1.5,6,8.0,10.0,LINKUSDT,113,124.55149000377216,0.46017699115044247,-0.11499980068165305,-12.994977477026795,,,0.7828904612151033,0.901144184512761,-0.9812209028145962
1h,fz1.5_react0_body0.25_cl0.6_cs0.4,model_a,stress,next_close,1.5,0.0,0.25,0.6,0.4,90,1.0,1.5,6,8.0,10.0,LTCUSDT,148,162.94498869630746,0.3783783783783784,-0.39685452518431763,-58.73446972727901,,,0.4194012646039574,0.7576326378302207,-1.0995858418018627
1h,fz1.5_react0_body0.25_cl0.6_cs0.4,model_a,stress,next_close,1.5,0.0,0.25,0.6,0.4,90,1.0,1.5,6,8.0,10.0,SOLUSDT,127,151.5081654872074,0.28346456692913385,-0.5128323696623237,-65.12971094711511,,,0.31055284123952515,0.814912858751745,-1.0380942182656916
1h,fz1.5_react0_body0.25_cl0.6_cs0.4,model_a,stress,next_close,1.5,0.0,0.25,0.6,0.4,90,1.0,1.5,6,8.0,10.0,XRPUSDT,131,151.81729243786356,0.3511450381679389,-0.43435828631063567,-56.90093550669327,,,0.41407816034356965,0.874186738621756,-1.1425120645093418
1h,fz1.5_react0_body0.25_cl0.7_cs0.3,model_a,stress,next_close,1.5,0.0,0.25,0.7,0.3,90,1.0,1.5,6,8.0,10.0,ADAUSDT,97,108.38776290630976,0.32989690721649484,-0.41224552828348476,-39.987816243498024,,,0.42511448977375016,0.9240644331094138,-1.0701212015846042
1h,fz1.5_react0_body0.25_cl0.7_cs0.3,model_a,stress,next_close,1.5,0.0,0.25,0.7,0.3,90,1.0,1.5,6,8.0,10.0,AVAXUSDT,100,110.15330485046495,0.42,-0.196091721520994,-19.6091721520994,,,0.6760484911447265,0.9743338919595975,-1.0436413036965946
1h,fz1.5_react0_body0.25_cl0.7_cs0.3,model_a,stress,next_close,1.5,0.0,0.25,0.7,0.3,90,1.0,1.5,6,8.0,10.0,BNBUSDT,119,134.53108073252514,0.33613445378151263,-0.5266286239521595,-62.66880625030698,,,0.34019852032506287,0.807812494123084,-1.202295012851017
1h,fz1.5_react0_body0.25_cl0.7_cs0.3,model_a,stress,next_close,1.5,0.0,0.25,0.7,0.3,90,1.0,1.5,6,8.0,10.0,BTCUSDT,177,197.2015760040671,0.22033898305084745,-0.7780011753892995,-137.706208043906,,,0.18850785261046463,0.8202269543730178,-1.2296743424960412
1h,fz1.5_react0_body0.25_cl0.7_cs0.3,model_a,stress,next_close,1.5,0.0,0.25,0.7,0.3,90,1.0,1.5,6,8.0,10.0,ETHUSDT,135,148.61358784377745,0.34074074074074073,-0.39932250426951904,-53.90853807638507,,,0.42920286845364936,0.8812123126768782,-1.0611719602193423
1h,fz1.5_react0_body0.25_cl0.7_cs0.3,model_a,stress,next_close,1.5,0.0,0.25,0.7,0.3,90,1.0,1.5,6,8.0,10.0,LINKUSDT,102,112.42700867597132,0.47058823529411764,-0.09544799574173489,-9.73569556565696,,,0.8187907208055858,0.9164699449059418,-0.994930609650781
1h,fz1.5_react0_body0.25_cl0.7_cs0.3,model_a,stress,next_close,1.5,0.0,0.25,0.7,0.3,90,1.0,1.5,6,8.0,10.0,LTCUSDT,137,150.83421250941973,0.3795620437956204,-0.3902732727482049,-53.46743836650407,,,0.4304541130460504,0.777113003065153,-1.104438994422259
1h,fz1.5_react0_body0.25_cl0.7_cs0.3,model_a,stress,next_close,1.5,0.0,0.25,0.7,0.3,90,1.0,1.5,6,8.0,10.0,SOLUSDT,119,141.86780905752755,0.3277310924369748,-0.41797207238709705,-49.73867661406455,,,0.39529744758466157,0.8337038888278345,-1.0281641034793763
1h,fz1.5_react0_body0.25_cl0.7_cs0.3,model_a,stress,next_close,1.5,0.0,0.25,0.7,0.3,90,1.0,1.5,6,8.0,10.0,XRPUSDT,121,140.22818614489688,0.371900826446281,-0.401515599658808,-48.58338755871577,,,0.43661830136727897,0.8367090771096255,-1.1346749477453806
1h,fz1.5_react0_body0.5_cl0.6_cs0.4,model_a,stress,next_close,1.5,0.0,0.5,0.6,0.4,90,1.0,1.5,6,8.0,10.0,ADAUSDT,88,98.33116634799235,0.3181818181818182,-0.3864523451515178,-34.007806373333565,,,0.43825332316139276,0.94755689015881,-1.0089899882963373
1h,fz1.5_react0_body0.5_cl0.6_cs0.4,model_a,stress,next_close,1.5,0.0,0.5,0.6,0.4,90,1.0,1.5,6,8.0,10.0,AVAXUSDT,90,99.13797436541844,0.4,-0.2761992202773861,-24.85792982496475,,,0.562215287999258,0.8867567774566211,-1.0515032187667241
1h,fz1.5_react0_body0.5_cl0.6_cs0.4,model_a,stress,next_close,1.5,0.0,0.5,0.6,0.4,90,1.0,1.5,6,8.0,10.0,BNBUSDT,104,114.99293642785065,0.3173076923076923,-0.5216403711978933,-54.25059860458091,,,0.32887403672975596,0.8055938524726266,-1.138523883608135
1h,fz1.5_react0_body0.5_cl0.6_cs0.4,model_a,stress,next_close,1.5,0.0,0.5,0.6,0.4,90,1.0,1.5,6,8.0,10.0,BTCUSDT,153,171.20219555782487,0.26143790849673204,-0.6803980450974856,-104.10090089991529,,,0.23991280311740465,0.8214563751494008,-1.2120279283707196
1h,fz1.5_react0_body0.5_cl0.6_cs0.4,model_a,stress,next_close,1.5,0.0,0.5,0.6,0.4,90,1.0,1.5,6,8.0,10.0,ETHUSDT,123,137.49273144605968,0.3821138211382114,-0.32335174557880125,-39.77226470619255,,,0.4954108697776327,0.8308260473076304,-1.0371195911796207
1h,fz1.5_react0_body0.5_cl0.6_cs0.4,model_a,stress,next_close,1.5,0.0,0.5,0.6,0.4,90,1.0,1.5,6,8.0,10.0,LINKUSDT,99,109.13405432595573,0.45454545454545453,-0.10853190686485643,-10.744658779620787,,,0.7983643583388526,0.9453964191705111,-0.9868055118943295
1h,fz1.5_react0_body0.5_cl0.6_cs0.4,model_a,stress,next_close,1.5,0.0,0.5,0.6,0.4,90,1.0,1.5,6,8.0,10.0,LTCUSDT,121,136.42263665594857,0.38016528925619836,-0.4217086432040933,-51.02674582769529,,,0.3805840782304148,0.6815665877780518,-1.0983841182064755
1h,fz1.5_react0_body0.5_cl0.6_cs0.4,model_a,stress,next_close,1.5,0.0,0.5,0.6,0.4,90,1.0,1.5,6,8.0,10.0,SOLUSDT,103,125.08977556109726,0.30097087378640774,-0.42744265583951585,-44.026593551470135,,,0.38058623000095776,0.8726208903457533,-0.9871922382248403
1h,fz1.5_react0_body0.5_cl0.6_cs0.4,model_a,stress,next_close,1.5,0.0,0.5,0.6,0.4,90,1.0,1.5,6,8.0,10.0,XRPUSDT,109,129.40059588299025,0.3486238532110092,-0.4209607862935384,-45.884725705995685,,,0.4135748744577795,0.8515813082764786,-1.1020396538098853
1h,fz1.5_react0_body0.5_cl0.7_cs0.3,model_a,stress,next_close,1.5,0.0,0.5,0.7,0.3,90,1.0,1.5,6,8.0,10.0,ADAUSDT,81,90.5093690248566,0.3333333333333333,-0.33182641595636764,-26.87793969246578,,,0.488318858367959,0.9500277620120033,-0.9727535049405531
1h,fz1.5_react0_body0.5_cl0.7_cs0.3,model_a,stress,next_close,1.5,0.0,0.5,0.7,0.3,90,1.0,1.5,6,8.0,10.0,AVAXUSDT,82,90.32570997738125,0.3902439024390244,-0.2800546055128352,-22.964477652052484,,,0.5626472141729829,0.923232041913839,-1.0501580598659066
1h,fz1.5_react0_body0.5_cl0.7_cs0.3,model_a,stress,next_close,1.5,0.0,0.5,0.7,0.3,90,1.0,1.5,6,8.0,10.0,BNBUSDT,93,105.1377353623936,0.3333333333333333,-0.4738657823710849,-44.0695177605109,,,0.37061567635117476,0.8371137356026489,-1.129355541357952
1h,fz1.5_react0_body0.5_cl0.7_cs0.3,model_a,stress,next_close,1.5,0.0,0.5,0.7,0.3,90,1.0,1.5,6,8.0,10.0,BTCUSDT,143,160.01250957365332,0.2517482517482518,-0.7010392292274509,-100.24860977952548,,,0.23153270717674876,0.8390016591657321,-1.2191838271915125
1h,fz1.5_react0_body0.5_cl0.7_cs0.3,model_a,stress,next_close,1.5,0.0,0.5,0.7,0.3,90,1.0,1.5,6,8.0,10.0,ETHUSDT,110,122.96097934200459,0.35454545454545455,-0.3345045753382823,-36.795503287211055,,,0.47368759715721137,0.8491385336807736,-0.9846747338135384
1h,fz1.5_react0_body0.5_cl0.7_cs0.3,model_a,stress,next_close,1.5,0.0,0.5,0.7,0.3,90,1.0,1.5,6,8.0,10.0,LINKUSDT,91,100.31514084507043,0.4725274725274725,-0.07856873919591045,-7.149755266827851,,,0.8502131044391599,0.9437928773360739,-0.9944343540058131
1h,fz1.5_react0_body0.5_cl0.7_cs0.3,model_a,stress,next_close,1.5,0.0,0.5,0.7,0.3,90,1.0,1.5,6,8.0,10.0,LTCUSDT,116,130.7853376205788,0.3706896551724138,-0.41414915858661455,-48.041302396047286,,,0.39629823963235306,0.7334086333208545,-1.0901078579293704
1h,fz1.5_react0_body0.5_cl0.7_cs0.3,model_a,stress,next_close,1.5,0.0,0.5,0.7,0.3,90,1.0,1.5,6,8.0,10.0,SOLUSDT,98,119.01745635910224,0.30612244897959184,-0.4440636579069843,-43.51823847488446,,,0.36839015567718936,0.8460756161766467,-1.0132427494144685
1h,fz1.5_react0_body0.5_cl0.7_cs0.3,model_a,stress,next_close,1.5,0.0,0.5,0.7,0.3,90,1.0,1.5,6,8.0,10.0,XRPUSDT,103,122.27762730227519,0.3592233009708738,-0.39453450143694374,-40.63705364800521,,,0.4328041031656772,0.8380670716443991,-1.0855384136189088
1h,fz2.5_react0.25_body0.25_cl0.6_cs0.4,model_a,stress,next_close,2.5,0.25,0.25,0.6,0.4,90,1.0,1.5,6,8.0,10.0,ADAUSDT,39,45.80305466237942,0.38461538461538464,-0.2069487199891654,-8.07100007957745,,,0.6576467458669397,1.0336043008494271,-0.9822943580132857
1h,fz2.5_react0.25_body0.25_cl0.6_cs0.4,model_a,stress,next_close,2.5,0.25,0.25,0.6,0.4,90,1.0,1.5,6,8.0,10.0,AVAXUSDT,33,39.41117166212534,0.42424242424242425,-0.22961733760622,-7.5773721410052595,,,0.6531882068444811,1.019377537050374,-1.1499293505110786
1h,fz2.5_react0.25_body0.25_cl0.6_cs0.4,model_a,stress,next_close,2.5,0.25,0.25,0.6,0.4,90,1.0,1.5,6,8.0,10.0,BNBUSDT,62,71.84296100462657,0.27419354838709675,-0.6484912416212006,-40.20645698051444,,,0.24663114099093728,0.7742605483689274,-1.1859752511730268
1h,fz2.5_react0.25_body0.25_cl0.6_cs0.4,model_a,stress,next_close,2.5,0.25,0.25,0.6,0.4,90,1.0,1.5,6,8.0,10.0,BTCUSDT,24,27.7441645786628,0.3333333333333333,-0.5348870434777647,-12.837289043466354,,,0.3121796613771046,0.7283043844365217,-1.166482757434908
1h,fz2.5_react0.25_body0.25_cl0.6_cs0.4,model_a,stress,next_close,2.5,0.25,0.25,0.6,0.4,90,1.0,1.5,6,8.0,10.0,ETHUSDT,21,24.63348052990767,0.42857142857142855,-0.32386325285968165,-6.801128310053315,,,0.49143905935866944,0.7302391758061693,-1.1144400743590699
1h,fz2.5_react0.25_body0.25_cl0.6_cs0.4,model_a,stress,next_close,2.5,0.25,0.25,0.6,0.4,90,1.0,1.5,6,8.0,10.0,LINKUSDT,37,40.787474849094565,0.35135135135135137,-0.19827828406269787,-7.336296510319821,,,0.6429412520961079,1.0161671178942009,-0.8561028767893514
1h,fz2.5_react0.25_body0.25_cl0.6_cs0.4,model_a,stress,next_close,2.5,0.25,0.25,0.6,0.4,90,1.0,1.5,6,8.0,10.0,LTCUSDT,22,34.536532951289395,0.45454545454545453,-0.17895681689718,-3.9370499717379595,,,0.6913177789935998,0.8817328815941972,-1.0628648989733276
1h,fz2.5_react0.25_body0.25_cl0.6_cs0.4,model_a,stress,next_close,2.5,0.25,0.25,0.6,0.4,90,1.0,1.5,6,8.0,10.0,SOLUSDT,33,45.13621469808083,0.3939393939393939,-0.41196795545219383,-13.594942529922397,,,0.3896226033914026,0.6675437361686379,-1.1136505550057345
1h,fz2.5_react0.25_body0.25_cl0.6_cs0.4,model_a,stress,next_close,2.5,0.25,0.25,0.6,0.4,90,1.0,1.5,6,8.0,10.0,XRPUSDT,21,25.48608611380313,0.47619047619047616,-0.10353716862357842,-2.174280541095147,,,0.8060721790884136,0.9037522545613191,-1.0192548260643943
1h,fz2.5_react0.25_body0.25_cl0.7_cs0.3,model_a,stress,next_close,2.5,0.25,0.25,0.7,0.3,90,1.0,1.5,6,8.0,10.0,ADAUSDT,34,39.93086816720257,0.4117647058823529,-0.12016694072390004,-4.085675984612601,,,0.7823802967819574,1.0491934659169295,-0.9387192253724808
1h,fz2.5_react0.25_body0.25_cl0.7_cs0.3,model_a,stress,next_close,2.5,0.25,0.25,0.7,0.3,90,1.0,1.5,6,8.0,10.0,AVAXUSDT,30,35.828337874659404,0.4666666666666667,-0.09318355473255681,-2.7955066419767043,,,0.8468378909439166,1.1040314285305999,-1.1407466650878189
1h,fz2.5_react0.25_body0.25_cl0.7_cs0.3,model_a,stress,next_close,2.5,0.25,0.25,0.7,0.3,90,1.0,1.5,6,8.0,10.0,BNBUSDT,58,67.37715345878611,0.29310344827586204,-0.6226354985474627,-36.11285891575284,,,0.2664510307648024,0.7716160334710132,-1.2007397923112209
1h,fz2.5_react0.25_body0.25_cl0.7_cs0.3,model_a,stress,next_close,2.5,0.25,0.25,0.7,0.3,90,1.0,1.5,6,8.0,10.0,BTCUSDT,21,24.27614400632995,0.3333333333333333,-0.521311127792414,-10.947533683640692,,,0.33902991162962126,0.8021848584226533,-1.1830591208999477
1h,fz2.5_react0.25_body0.25_cl0.7_cs0.3,model_a,stress,next_close,2.5,0.25,0.25,0.7,0.3,90,1.0,1.5,6,8.0,10.0,ETHUSDT,19,22.287434765154554,0.42105263157894735,-0.3020956234548975,-5.739816845643052,,,0.4792473940670039,0.6602924868632966,-1.0020142491408566
1h,fz2.5_react0.25_body0.25_cl0.7_cs0.3,model_a,stress,next_close,2.5,0.25,0.25,0.7,0.3,90,1.0,1.5,6,8.0,10.0,LINKUSDT,34,37.480382293762574,0.4117647058823529,-0.038400299064405376,-1.3056101681897827,,,0.9165050288804217,1.0236701075339767,-0.7818495836832728
1h,fz2.5_react0.25_body0.25_cl0.7_cs0.3,model_a,stress,next_close,2.5,0.25,0.25,0.7,0.3,90,1.0,1.5,6,8.0,10.0,LTCUSDT,21,32.96669054441261,0.42857142857142855,-0.24767405671647888,-5.201155191046056,,,0.5917913718437922,0.8378065510233162,-1.0617845125213252
1h,fz2.5_react0.25_body0.25_cl0.7_cs0.3,model_a,stress,next_close,2.5,0.25,0.25,0.7,0.3,90,1.0,1.5,6,8.0,10.0,SOLUSDT,32,43.7684506163208,0.4375,-0.2540248317176859,-8.12879461496595,,,0.5764148476230095,0.7901190727111286,-1.0661367573845417
1h,fz2.5_react0.25_body0.25_cl0.7_cs0.3,model_a,stress,next_close,2.5,0.25,0.25,0.7,0.3,90,1.0,1.5,6,8.0,10.0,XRPUSDT,18,21.84521666897411,0.5,-0.11764261391717465,-2.1175670505091437,,,0.7846042370418866,0.8570539370734759,-1.0923391649078253
1h,fz2.5_react0.25_body0.5_cl0.6_cs0.4,model_a,stress,next_close,2.5,0.25,0.5,0.6,0.4,90,1.0,1.5,6,8.0,10.0,ADAUSDT,32,37.59206647011525,0.40625,-0.12367135153631303,-3.957483249162017,,,0.7739655385433877,1.0423719103837263,-0.921490425481603
1h,fz2.5_react0.25_body0.5_cl0.6_cs0.4,model_a,stress,next_close,2.5,0.25,0.5,0.6,0.4,90,1.0,1.5,6,8.0,10.0,AVAXUSDT,28,33.4124693710863,0.39285714285714285,-0.32567822112634975,-9.118990191537794,,,0.5421316388445448,0.9815630065831867,-1.1715401919972261
1h,fz2.5_react0.25_body0.5_cl0.6_cs0.4,model_a,stress,next_close,2.5,0.25,0.5,0.6,0.4,90,1.0,1.5,6,8.0,10.0,BNBUSDT,51,59.08881839809675,0.3137254901960784,-0.587290689600266,-29.951825169613564,,,0.2825817641410284,0.7373522839103768,-1.1928417632051311
1h,fz2.5_react0.25_body0.5_cl0.6_cs0.4,model_a,stress,next_close,2.5,0.25,0.5,0.6,0.4,90,1.0,1.5,6,8.0,10.0,BTCUSDT,21,27.557784431137726,0.38095238095238093,-0.5132287387741875,-10.777803514257938,,,0.3509004670102045,0.7283043844365217,-1.27724912228847
1h,fz2.5_react0.25_body0.5_cl0.6_cs0.4,model_a,stress,next_close,2.5,0.25,0.5,0.6,0.4,90,1.0,1.5,6,8.0,10.0,ETHUSDT,18,21.114411882778,0.5,-0.16718137561092303,-3.0092647609966146,,,0.6860089346782203,0.7305170754674563,-1.0648798266893023
1h,fz2.5_react0.25_body0.5_cl0.6_cs0.4,model_a,stress,next_close,2.5,0.25,0.5,0.6,0.4,90,1.0,1.5,6,8.0,10.0,LINKUSDT,34,37.480382293762574,0.4117647058823529,-0.09713534439667977,-3.3026017094871123,,,0.8109963502891254,1.0122245700205537,-0.8736872844887433
1h,fz2.5_react0.25_body0.5_cl0.6_cs0.4,model_a,stress,next_close,2.5,0.25,0.5,0.6,0.4,90,1.0,1.5,6,8.0,10.0,LTCUSDT,19,29.827005730659025,0.3684210526315789,-0.3036200930558611,-5.768781768061361,,,0.5194711287043822,0.8908980308134995,-1.0004223319796548
1h,fz2.5_react0.25_body0.5_cl0.6_cs0.4,model_a,stress,next_close,2.5,0.25,0.5,0.6,0.4,90,1.0,1.5,6,8.0,10.0,SOLUSDT,25,34.19410204400062,0.4,-0.3578562468677485,-8.946406171693711,,,0.4455055009521004,0.7187939952668619,-1.0756230749574887
1h,fz2.5_react0.25_body0.5_cl0.6_cs0.4,model_a,stress,next_close,2.5,0.25,0.5,0.6,0.4,90,1.0,1.5,6,8.0,10.0,XRPUSDT,19,23.06522642293311,0.47368421052631576,-0.05317511192883882,-1.0103271266479377,,,0.892904278404126,0.935949220139784,-0.9433870107905994
1h,fz2.5_react0.25_body0.5_cl0.7_cs0.3,model_a,stress,next_close,2.5,0.25,0.5,0.7,0.3,90,1.0,1.5,6,8.0,10.0,ADAUSDT,30,35.242562315733046,0.36666666666666664,-0.20337943541032685,-6.1013830623098055,,,0.6530893735423488,1.0442166677165619,-0.9256719161679993
1h,fz2.5_react0.25_body0.5_cl0.7_cs0.3,model_a,stress,next_close,2.5,0.25,0.5,0.7,0.3,90,1.0,1.5,6,8.0,10.0,AVAXUSDT,25,29.832561938469915,0.44,-0.21650928759691507,-5.412732189922877,,,0.666085308702885,0.9815630065831867,-1.1578518044527093
1h,fz2.5_react0.25_body0.5_cl0.7_cs0.3,model_a,stress,next_close,2.5,0.25,0.5,0.7,0.3,90,1.0,1.5,6,8.0,10.0,BNBUSDT,48,55.760402862443684,0.3125,-0.589299282463671,-28.286365558256207,,,0.288632414024618,0.7651329763517265,-1.2049503091979428
1h,fz2.5_react0.25_body0.5_cl0.7_cs0.3,model_a,stress,next_close,2.5,0.25,0.5,0.7,0.3,90,1.0,1.5,6,8.0,10.0,BTCUSDT,19,24.933233532934132,0.3684210526315789,-0.47127449970456514,-8.954215494386737,,,0.38541407366316915,0.8021848584226533,-1.2141257919454427
1h,fz2.5_react0.25_body0.5_cl0.7_cs0.3,model_a,stress,next_close,2.5,0.25,0.5,0.7,0.3,90,1.0,1.5,6,8.0,10.0,ETHUSDT,17,19.941389000401443,0.4117647058823529,-0.3438333455489879,-5.8451668743327945,,,0.39896384418270825,0.5542833282876203,-0.9725150172346136
1h,fz2.5_react0.25_body0.5_cl0.7_cs0.3,model_a,stress,next_close,2.5,0.25,0.5,0.7,0.3,90,1.0,1.5,6,8.0,10.0,LINKUSDT,31,34.17328973843058,0.45161290322580644,-0.0006400016000086264,-0.019840049600267418,,,0.9986019257326707,1.0122245700205537,-0.8347637664640012
1h,fz2.5_react0.25_body0.5_cl0.7_cs0.3,model_a,stress,next_close,2.5,0.25,0.5,0.7,0.3,90,1.0,1.5,6,8.0,10.0,LTCUSDT,19,29.827005730659025,0.3684210526315789,-0.30537413977610184,-5.8021086557459345,,,0.5161725605441271,0.8842849557979849,-0.9993419455276524
1h,fz2.5_react0.25_body0.5_cl0.7_cs0.3,model_a,stress,next_close,2.5,0.25,0.5,0.7,0.3,90,1.0,1.5,6,8.0,10.0,SOLUSDT,24,32.8263379622406,0.375,-0.3360844673355075,-8.06602721605218,,,0.47013581786807557,0.7951992290441731,-1.0148546851633158
1h,fz2.5_react0.25_body0.5_cl0.7_cs0.3,model_a,stress,next_close,2.5,0.25,0.5,0.7,0.3,90,1.0,1.5,6,8.0,10.0,XRPUSDT,17,20.637307852098047,0.47058823529411764,-0.1201177126354921,-2.042001114803366,,,0.7766231412005775,0.8874382336632687,-1.0157229982343905
1h,fz2.5_react0_body0.25_cl0.6_cs0.4,model_a,stress,next_close,2.5,0.0,0.25,0.6,0.4,90,1.0,1.5,6,8.0,10.0,ADAUSDT,40,46.97749196141479,0.375,-0.23967728823966722,-9.587091529586688,,,0.6154603577034131,1.0229504118908468,-0.9972539083179757
1h,fz2.5_react0_body0.25_cl0.6_cs0.4,model_a,stress,next_close,2.5,0.0,0.25,0.6,0.4,90,1.0,1.5,6,8.0,10.0,AVAXUSDT,33,39.41117166212534,0.45454545454545453,-0.15240913463711822,-5.029501443024901,,,0.7558766765431922,1.0381864328762713,-1.1445721075649429
1h,fz2.5_react0_body0.25_cl0.6_cs0.4,model_a,stress,next_close,2.5,0.0,0.25,0.6,0.4,90,1.0,1.5,6,8.0,10.0,BNBUSDT,65,75.31923331130206,0.3230769230769231,-0.590316060477208,-38.37054393101852,,,0.2883571368825662,0.7403673656317852,-1.2254149683928637
1h,fz2.5_react0_body0.25_cl0.6_cs0.4,model_a,stress,next_close,2.5,0.0,0.25,0.6,0.4,90,1.0,1.5,6,8.0,10.0,BTCUSDT,24,27.7441645786628,0.3333333333333333,-0.5347943346169146,-12.83506403080595,,,0.3122168825936279,0.7283043844365217,-1.1663436941436327
1h,fz2.5_react0_body0.25_cl0.6_cs0.4,model_a,stress,next_close,2.5,0.0,0.25,0.6,0.4,90,1.0,1.5,6,8.0,10.0,ETHUSDT,22,25.806503412284222,0.4090909090909091,-0.3712585875253659,-8.16768892555805,,,0.44587674696309537,0.7302391758061693,-1.1338339621395055
1h,fz2.5_react0_body0.25_cl0.6_cs0.4,model_a,stress,next_close,2.5,0.0,0.25,0.6,0.4,90,1.0,1.5,6,8.0,10.0,LINKUSDT,38,41.884571859675596,0.39473684210526316,-0.126161710354272,-4.794144993462337,,,0.7546540594289743,0.9830801825881677,-0.8495803361862978
1h,fz2.5_react0_body0.25_cl0.6_cs0.4,model_a,stress,next_close,2.5,0.0,0.25,0.6,0.4,90,1.0,1.5,6,8.0,10.0,LTCUSDT,26,40.80859444941809,0.4230769230769231,-0.2883512488296894,-7.497132469571923,,,0.5411633662298154,0.8038459057891039,-1.089295828883471
1h,fz2.5_react0_body0.25_cl0.6_cs0.4,model_a,stress,next_close,2.5,0.0,0.25,0.6,0.4,90,1.0,1.5,6,8.0,10.0,SOLUSDT,35,47.87174286160087,0.37142857142857144,-0.45278815691808116,-15.847585492132842,,,0.35383637672371115,0.6675437361686379,-1.1148024573784152
1h,fz2.5_react0_body0.25_cl0.6_cs0.4,model_a,stress,next_close,2.5,0.0,0.25,0.6,0.4,90,1.0,1.5,6,8.0,10.0,XRPUSDT,21,25.48608611380313,0.47619047619047616,-0.08774191566399436,-1.8425802289438815,,,0.8306467992882639,0.9037522545613191,-0.9891002522324611
1h,fz2.5_react0_body0.25_cl0.7_cs0.3,model_a,stress,next_close,2.5,0.0,0.25,0.7,0.3,90,1.0,1.5,6,8.0,10.0,ADAUSDT,35,41.105305466237944,0.4,-0.15513760801333779,-5.429816280466823,,,0.7301086270711487,1.0491934659169295,-0.958024990633516
1h,fz2.5_react0_body0.25_cl0.7_cs0.3,model_a,stress,next_close,2.5,0.0,0.25,0.7,0.3,90,1.0,1.5,6,8.0,10.0,AVAXUSDT,30,35.828337874659404,0.5,-0.008254531466544852,-0.2476359439963456,,,0.9854379654643843,1.117196731591149,-1.1337057945242386
1h,fz2.5_react0_body0.25_cl0.7_cs0.3,model_a,stress,next_close,2.5,0.0,0.25,0.7,0.3,90,1.0,1.5,6,8.0,10.0,BNBUSDT,62,71.83346550356859,0.3387096774193548,-0.575874105912471,-35.7041945665732,,,0.3027471304322054,0.7382265678572831,-1.2489500607701498
1h,fz2.5_react0_body0.25_cl0.7_cs0.3,model_a,stress,next_close,2.5,0.0,0.25,0.7,0.3,90,1.0,1.5,6,8.0,10.0,BTCUSDT,23,26.58815772121852,0.30434782608695654,-0.5580057078347563,-12.834131280199395,,,0.3043614595549743,0.8021848584226533,-1.153089080572373
1h,fz2.5_react0_body0.25_cl0.7_cs0.3,model_a,stress,next_close,2.5,0.0,0.25,0.7,0.3,90,1.0,1.5,6,8.0,10.0,ETHUSDT,20,23.46045764753111,0.4,-0.35531887305738935,-7.106377461147787,,,0.42638311482059776,0.6602924868632966,-1.0323931130045132
1h,fz2.5_react0_body0.25_cl0.7_cs0.3,model_a,stress,next_close,2.5,0.0,0.25,0.7,0.3,90,1.0,1.5,6,8.0,10.0,LINKUSDT,34,37.47566955865711,0.4411764705882353,-0.004287202160311378,-0.14576487345058686,,,0.9900371700497631,0.9656736993036859,-0.7700458085792566
1h,fz2.5_react0_body0.25_cl0.7_cs0.3,model_a,stress,next_close,2.5,0.0,0.25,0.7,0.3,90,1.0,1.5,6,8.0,10.0,LTCUSDT,24,37.66947179946285,0.375,-0.3705646545879973,-8.893551710111936,,,0.45541973671275965,0.8263854754672773,-1.088734732621162
1h,fz2.5_react0_body0.25_cl0.7_cs0.3,model_a,stress,next_close,2.5,0.0,0.25,0.7,0.3,90,1.0,1.5,6,8.0,10.0,SOLUSDT,33,45.13621469808083,0.45454545454545453,-0.27385202903216005,-9.037116958061281,,,0.5522536557164103,0.743096463871233,-1.121309106451654
1h,fz2.5_react0_body0.25_cl0.7_cs0.3,model_a,stress,next_close,2.5,0.0,0.25,0.7,0.3,90,1.0,1.5,6,8.0,10.0,XRPUSDT,19,23.05883981725045,0.47368421052631576,-0.15842068583572125,-3.0099930308787037,,,0.7193081479268093,0.8570539370734759,-1.0723478464539986
1h,fz2.5_react0_body0.5_cl0.6_cs0.4,model_a,stress,next_close,2.5,0.0,0.5,0.6,0.4,90,1.0,1.5,6,8.0,10.0,ADAUSDT,32,37.59206647011525,0.40625,-0.12367135153631303,-3.957483249162017,,,0.7739655385433877,1.0423719103837263,-0.921490425481603
1h,fz2.5_react0_body0.5_cl0.6_cs0.4,model_a,stress,next_close,2.5,0.0,0.5,0.6,0.4,90,1.0,1.5,6,8.0,10.0,AVAXUSDT,28,33.4124693710863,0.39285714285714285,-0.32567822112634975,-9.118990191537794,,,0.5421316388445448,0.9815630065831867,-1.1715401919972261
1h,fz2.5_react0_body0.5_cl0.6_cs0.4,model_a,stress,next_close,2.5,0.0,0.5,0.6,0.4,90,1.0,1.5,6,8.0,10.0,BNBUSDT,51,59.08881839809675,0.3137254901960784,-0.587290689600266,-29.951825169613564,,,0.2825817641410284,0.7373522839103768,-1.1928417632051311
1h,fz2.5_react0_body0.5_cl0.6_cs0.4,model_a,stress,next_close,2.5,0.0,0.5,0.6,0.4,90,1.0,1.5,6,8.0,10.0,BTCUSDT,22,25.425444957152273,0.36363636363636365,-0.520624138615087,-11.453731049531914,,,0.3371747142554772,0.7283043844365217,-1.2342975803588634
1h,fz2.5_react0_body0.5_cl0.6_cs0.4,model_a,stress,next_close,2.5,0.0,0.5,0.6,0.4,90,1.0,1.5,6,8.0,10.0,ETHUSDT,18,21.114411882778,0.5,-0.16718137561092303,-3.0092647609966146,,,0.6860089346782203,0.7305170754674563,-1.0648798266893023
1h,fz2.5_react0_body0.5_cl0.6_cs0.4,model_a,stress,next_close,2.5,0.0,0.5,0.6,0.4,90,1.0,1.5,6,8.0,10.0,LINKUSDT,34,37.480382293762574,0.4117647058823529,-0.09713534439667977,-3.3026017094871123,,,0.8109963502891254,1.0122245700205537,-0.8736872844887433
1h,fz2.5_react0_body0.5_cl0.6_cs0.4,model_a,stress,next_close,2.5,0.0,0.5,0.6,0.4,90,1.0,1.5,6,8.0,10.0,LTCUSDT,20,31.396848137535816,0.4,-0.28273801495647655,-5.654760299129531,,,0.5289689065667076,0.7937884605782907,-1.0004223319796548
1h,fz2.5_react0_body0.5_cl0.6_cs0.4,model_a,stress,next_close,2.5,0.0,0.5,0.6,0.4,90,1.0,1.5,6,8.0,10.0,SOLUSDT,25,34.19410204400062,0.4,-0.3578562468677485,-8.946406171693711,,,0.4455055009521004,0.7187939952668619,-1.0756230749574887
1h,fz2.5_react0_body0.5_cl0.6_cs0.4,model_a,stress,next_close,2.5,0.0,0.5,0.6,0.4,90,1.0,1.5,6,8.0,10.0,XRPUSDT,19,23.06522642293311,0.47368421052631576,-0.05317511192883882,-1.0103271266479377,,,0.892904278404126,0.935949220139784,-0.9433870107905994
1h,fz2.5_react0_body0.5_cl0.7_cs0.3,model_a,stress,next_close,2.5,0.0,0.5,0.7,0.3,90,1.0,1.5,6,8.0,10.0,ADAUSDT,30,35.242562315733046,0.36666666666666664,-0.20337943541032685,-6.1013830623098055,,,0.6530893735423488,1.0442166677165619,-0.9256719161679993
1h,fz2.5_react0_body0.5_cl0.7_cs0.3,model_a,stress,next_close,2.5,0.0,0.5,0.7,0.3,90,1.0,1.5,6,8.0,10.0,AVAXUSDT,25,29.832561938469915,0.44,-0.21650928759691507,-5.412732189922877,,,0.666085308702885,0.9815630065831867,-1.1578518044527093
1h,fz2.5_react0_body0.5_cl0.7_cs0.3,model_a,stress,next_close,2.5,0.0,0.5,0.7,0.3,90,1.0,1.5,6,8.0,10.0,BNBUSDT,48,55.760402862443684,0.3125,-0.589299282463671,-28.286365558256207,,,0.288632414024618,0.7651329763517265,-1.2049503091979428
1h,fz2.5_react0_body0.5_cl0.7_cs0.3,model_a,stress,next_close,2.5,0.0,0.5,0.7,0.3,90,1.0,1.5,6,8.0,10.0,BTCUSDT,20,23.11404087013843,0.35,-0.48150715148303574,-9.630143029660715,,,0.368326207686541,0.8021848584226533,-1.1727259260476375
1h,fz2.5_react0_body0.5_cl0.7_cs0.3,model_a,stress,next_close,2.5,0.0,0.5,0.7,0.3,90,1.0,1.5,6,8.0,10.0,ETHUSDT,17,19.941389000401443,0.4117647058823529,-0.3438333455489879,-5.8451668743327945,,,0.39896384418270825,0.5542833282876203,-0.9725150172346136
1h,fz2.5_react0_body0.5_cl0.7_cs0.3,model_a,stress,next_close,2.5,0.0,0.5,0.7,0.3,90,1.0,1.5,6,8.0,10.0,LINKUSDT,31,34.17328973843058,0.45161290322580644,-0.0006400016000086264,-0.019840049600267418,,,0.9986019257326707,1.0122245700205537,-0.8347637664640012
1h,fz2.5_react0_body0.5_cl0.7_cs0.3,model_a,stress,next_close,2.5,0.0,0.5,0.7,0.3,90,1.0,1.5,6,8.0,10.0,LTCUSDT,20,31.396848137535816,0.4,-0.28440435934070524,-5.688087186814105,,,0.5256806064339005,0.7880020199397154,-0.9993419455276524
1h,fz2.5_react0_body0.5_cl0.7_cs0.3,model_a,stress,next_close,2.5,0.0,0.5,0.7,0.3,90,1.0,1.5,6,8.0,10.0,SOLUSDT,24,32.8263379622406,0.4166666666666667,-0.3281045640482852,-7.874509537158845,,,0.47906413470456216,0.7241573001510252,-1.079720181333507
1h,fz2.5_react0_body0.5_cl0.7_cs0.3,model_a,stress,next_close,2.5,0.0,0.5,0.7,0.3,90,1.0,1.5,6,8.0,10.0,XRPUSDT,18,21.851267137515578,0.4444444444444444,-0.12240829636494194,-2.203349334568955,,,0.7631534312550463,0.8874382336632687,-0.9302855203875104
1h,fz2_react0.25_body0.25_cl0.6_cs0.4,model_a,stress,next_close,2.0,0.25,0.25,0.6,0.4,90,1.0,1.5,6,8.0,10.0,ADAUSDT,64,75.16398713826366,0.359375,-0.27671551105554226,-17.709792707554705,,,0.5713972060174635,1.0265231701013982,-1.007800624875289
1h,fz2_react0.25_body0.25_cl0.6_cs0.4,model_a,stress,next_close,2.0,0.25,0.25,0.6,0.4,90,1.0,1.5,6,8.0,10.0,AVAXUSDT,55,60.58431766775572,0.43636363636363634,-0.20088291328615904,-11.048560230738747,,,0.6687207670369478,0.9292766918094099,-1.0758451881988575
1h,fz2_react0.25_body0.25_cl0.6_cs0.4,model_a,stress,next_close,2.0,0.25,0.25,0.6,0.4,90,1.0,1.5,6,8.0,10.0,BNBUSDT,86,97.90597402597403,0.3023255813953488,-0.5833883512723244,-50.17139820941989,,,0.2961753363119332,0.81202100818965,-1.188065740372513
1h,fz2_react0.25_body0.25_cl0.6_cs0.4,model_a,stress,next_close,2.0,0.25,0.25,0.6,0.4,90,1.0,1.5,6,8.0,10.0,BTCUSDT,71,82.07648687854412,0.16901408450704225,-0.9123507963889829,-64.77690654361778,,,0.12791419472649274,0.7917689776334079,-1.2589514283935368
1h,fz2_react0.25_body0.25_cl0.6_cs0.4,model_a,stress,next_close,2.0,0.25,0.25,0.6,0.4,90,1.0,1.5,6,8.0,10.0,ETHUSDT,46,51.48569969356486,0.391304347826087,-0.335610066005991,-15.438063036275587,,,0.4685541045621883,0.7561727004503882,-1.0374704158708064
1h,fz2_react0.25_body0.25_cl0.6_cs0.4,model_a,stress,next_close,2.0,0.25,0.25,0.6,0.4,90,1.0,1.5,6,8.0,10.0,LINKUSDT,62,68.34657947686117,0.3387096774193548,-0.3211566915490012,-19.911714876038076,,,0.48420124350727006,0.8900921681435744,-0.9415524489525156
1h,fz2_react0.25_body0.25_cl0.6_cs0.4,model_a,stress,next_close,2.0,0.25,0.25,0.6,0.4,90,1.0,1.5,6,8.0,10.0,LTCUSDT,55,61.93063583815029,0.43636363636363634,-0.26226924033206117,-14.424808218263363,,,0.583826761229506,0.843157396054733,-1.1180834104379664
1h,fz2_react0.25_body0.25_cl0.6_cs0.4,model_a,stress,next_close,2.0,0.25,0.25,0.6,0.4,90,1.0,1.5,6,8.0,10.0,SOLUSDT,57,70.1083204714466,0.40350877192982454,-0.29970747694978966,-17.08332618613801,,,0.5271401863372577,0.8280152134093257,-1.0625787086633087
1h,fz2_react0.25_body0.25_cl0.6_cs0.4,model_a,stress,next_close,2.0,0.25,0.25,0.6,0.4,90,1.0,1.5,6,8.0,10.0,XRPUSDT,49,59.467534265540635,0.3877551020408163,-0.3587719019823712,-17.57982319713619,,,0.4482030478101748,0.7515474578724405,-1.061974163223752
1h,fz2_react0.25_body0.25_cl0.7_cs0.3,model_a,stress,next_close,2.0,0.25,0.25,0.7,0.3,90,1.0,1.5,6,8.0,10.0,ADAUSDT,54,63.41961414790997,0.3888888888888889,-0.19773919862564102,-10.677916725784614,,,0.6684518496037992,1.025157880966055,-0.9759464310930839
1h,fz2_react0.25_body0.25_cl0.7_cs0.3,model_a,stress,next_close,2.0,0.25,0.25,0.7,0.3,90,1.0,1.5,6,8.0,10.0,AVAXUSDT,48,52.873586328223176,0.4375,-0.14232416292165034,-6.8315598202392165,,,0.7568515433562598,1.012604293346521,-1.040601851130228
1h,fz2_react0.25_body0.25_cl0.7_cs0.3,model_a,stress,next_close,2.0,0.25,0.25,0.7,0.3,90,1.0,1.5,6,8.0,10.0,BNBUSDT,80,91.07532467532468,0.325,-0.534579914931218,-42.76639319449744,,,0.330037208767079,0.8102919022948598,-1.182110789891922
1h,fz2_react0.25_body0.25_cl0.7_cs0.3,model_a,stress,next_close,2.0,0.25,0.25,0.7,0.3,90,1.0,1.5,6,8.0,10.0,BTCUSDT,65,75.14044573387842,0.2,-0.8900917665754032,-57.85596482740121,,,0.14373390103142675,0.7470596000469027,-1.2993796082309796
1h,fz2_react0.25_body0.25_cl0.7_cs0.3,model_a,stress,next_close,2.0,0.25,0.25,0.7,0.3,90,1.0,1.5,6,8.0,10.0,ETHUSDT,44,49.247191011235955,0.3409090909090909,-0.43596634237053533,-19.182519064303555,,,0.34785987630035375,0.6821467213704818,-1.0143006856848547
1h,fz2_react0.25_body0.25_cl0.7_cs0.3,model_a,stress,next_close,2.0,0.25,0.25,0.7,0.3,90,1.0,1.5,6,8.0,10.0,LINKUSDT,58,63.93712273641851,0.3793103448275862,-0.23033304250753114,-13.359316465436807,,,0.5972768955007822,0.9005974774484602,-0.9214572491473036
1h,fz2_react0.25_body0.25_cl0.7_cs0.3,model_a,stress,next_close,2.0,0.25,0.25,0.7,0.3,90,1.0,1.5,6,8.0,10.0,LTCUSDT,54,60.80462427745665,0.4074074074074074,-0.35437307967159304,-19.136146302266024,,,0.4738786539987833,0.7834531400377258,-1.1366286057217496
1h,fz2_react0.25_body0.25_cl0.7_cs0.3,model_a,stress,next_close,2.0,0.25,0.25,0.7,0.3,90,1.0,1.5,6,8.0,10.0,SOLUSDT,55,67.64837940227305,0.43636363636363634,-0.19656720401128328,-10.81119622062058,,,0.6646562319646337,0.8928311815074167,-1.03997240570318
1h,fz2_react0.25_body0.25_cl0.7_cs0.3,model_a,stress,next_close,2.0,0.25,0.25,0.7,0.3,90,1.0,1.5,6,8.0,10.0,XRPUSDT,42,50.97217222760626,0.42857142857142855,-0.30366426668632784,-12.753899200825769,,,0.5013692223903812,0.7124412615836412,-1.0657434128888046
1h,fz2_react0.25_body0.5_cl0.6_cs0.4,model_a,stress,next_close,2.0,0.25,0.5,0.6,0.4,90,1.0,1.5,6,8.0,10.0,ADAUSDT,52,61.08710801393728,0.34615384615384615,-0.28947153691403155,-15.05251991952964,,,0.5435669783582632,0.9958930787924923,-0.9699586864057207
1h,fz2_react0.25_body0.5_cl0.6_cs0.4,model_a,stress,next_close,2.0,0.25,0.5,0.6,0.4,90,1.0,1.5,6,8.0,10.0,AVAXUSDT,47,51.77205327971852,0.44680851063829785,-0.18184086238902114,-8.546520532283994,,,0.6875100876334824,0.8953918110757496,-1.051913406341336
1h,fz2_react0.25_body0.5_cl0.6_cs0.4,model_a,stress,next_close,2.0,0.25,0.5,0.6,0.4,90,1.0,1.5,6,8.0,10.0,BNBUSDT,71,80.82935064935064,0.323943661971831,-0.5262376530731766,-37.36287336819554,,,0.33148043969633034,0.8054827040566519,-1.1643536575312192
1h,fz2_react0.25_body0.5_cl0.6_cs0.4,model_a,stress,next_close,2.0,0.25,0.5,0.6,0.4,90,1.0,1.5,6,8.0,10.0,BTCUSDT,61,71.16396060686718,0.19672131147540983,-0.9085682687452593,-55.42266439346082,,,0.13802166067753782,0.7395321349540368,-1.3121846941410054
1h,fz2_react0.25_body0.5_cl0.6_cs0.4,model_a,stress,next_close,2.0,0.25,0.5,0.6,0.4,90,1.0,1.5,6,8.0,10.0,ETHUSDT,42,47.01468522538629,0.35714285714285715,-0.4420656168162147,-18.566755906281017,,,0.3437348118125409,0.6483192528761599,-1.047834988867534
1h,fz2_react0.25_body0.5_cl0.6_cs0.4,model_a,stress,next_close,2.0,0.25,0.5,0.6,0.4,90,1.0,1.5,6,8.0,10.0,LINKUSDT,58,63.93712273641851,0.3275862068965517,-0.34800583170537003,-20.18433823891146,,,0.458256503019498,0.8986195116401724,-0.9553361271814035
1h,fz2_react0.25_body0.5_cl0.6_cs0.4,model_a,stress,next_close,2.0,0.25,0.5,0.6,0.4,90,1.0,1.5,6,8.0,10.0,LTCUSDT,49,55.24553054662379,0.3877551020408163,-0.3974572509479761,-19.47540529645083,,,0.42274479681811,0.7506600756218131,-1.1245982244421762
1h,fz2_react0.25_body0.5_cl0.6_cs0.4,model_a,stress,next_close,2.0,0.25,0.5,0.6,0.4,90,1.0,1.5,6,8.0,10.0,SOLUSDT,47,57.80861512557878,0.425531914893617,-0.21730042014913703,-10.21311974700944,,,0.6321894943750889,0.877711064544541,-1.0284200384407503
1h,fz2_react0.25_body0.5_cl0.6_cs0.4,model_a,stress,next_close,2.0,0.25,0.5,0.6,0.4,90,1.0,1.5,6,8.0,10.0,XRPUSDT,43,52.20024927295388,0.4186046511627907,-0.2773512344431825,-11.926103081056848,,,0.5224829329737886,0.7249520194050272,-0.9990095772138935
1h,fz2_react0.25_body0.5_cl0.7_cs0.3,model_a,stress,next_close,2.0,0.25,0.5,0.7,0.3,90,1.0,1.5,6,8.0,10.0,ADAUSDT,48,56.38809970517288,0.3541666666666667,-0.25849342637442513,-12.407684465972407,,,0.5797192354300086,1.006746240138917,-0.9523345338172255
1h,fz2_react0.25_body0.5_cl0.7_cs0.3,model_a,stress,next_close,2.0,0.25,0.5,0.7,0.3,90,1.0,1.5,6,8.0,10.0,AVAXUSDT,43,47.365921085699924,0.4418604651162791,-0.16107288942178152,-6.9261342451366055,,,0.7202005168622596,0.9383045554559313,-1.0314133666166374
1h,fz2_react0.25_body0.5_cl0.7_cs0.3,model_a,stress,next_close,2.0,0.25,0.5,0.7,0.3,90,1.0,1.5,6,8.0,10.0,BNBUSDT,66,75.13714285714286,0.3181818181818182,-0.5340885202008715,-35.24984233325752,,,0.3271865092742795,0.8162789203181953,-1.1642599924431027
1h,fz2_react0.25_body0.5_cl0.7_cs0.3,model_a,stress,next_close,2.0,0.25,0.5,0.7,0.3,90,1.0,1.5,6,8.0,10.0,BTCUSDT,57,66.49747138674473,0.19298245614035087,-0.9065255811602672,-51.67195812613523,,,0.14358523993030262,0.787567686628622,-1.3116348408489145
1h,fz2_react0.25_body0.5_cl0.7_cs0.3,model_a,stress,next_close,2.0,0.25,0.5,0.7,0.3,90,1.0,1.5,6,8.0,10.0,ETHUSDT,41,45.89528795811518,0.2682926829268293,-0.5608244791938836,-22.993803646949228,,,0.2003840053734172,0.5238412738692492,-0.9585352553170323
1h,fz2_react0.25_body0.5_cl0.7_cs0.3,model_a,stress,next_close,2.0,0.25,0.5,0.7,0.3,90,1.0,1.5,6,8.0,10.0,LINKUSDT,53,58.42530181086519,0.3584905660377358,-0.28512615305323435,-15.11168611182142,,,0.5304809190611061,0.8986195116401724,-0.9466310833230791
1h,fz2_react0.25_body0.5_cl0.7_cs0.3,model_a,stress,next_close,2.0,0.25,0.5,0.7,0.3,90,1.0,1.5,6,8.0,10.0,LTCUSDT,49,55.24553054662379,0.3469387755102041,-0.45862764639405645,-22.472754673308767,,,0.36813599785340057,0.770179690386432,-1.111431544058691
1h,fz2_react0.25_body0.5_cl0.7_cs0.3,model_a,stress,next_close,2.0,0.25,0.5,0.7,0.3,90,1.0,1.5,6,8.0,10.0,SOLUSDT,46,56.578644590992,0.41304347826086957,-0.21422045425627728,-9.854140895788754,,,0.6400605105574264,0.9222670736641977,-1.0139709368669818
1h,fz2_react0.25_body0.5_cl0.7_cs0.3,model_a,stress,next_close,2.0,0.25,0.5,0.7,0.3,90,1.0,1.5,6,8.0,10.0,XRPUSDT,39,47.344412131283754,0.4358974358974359,-0.2470943823755205,-9.6366809126453,,,0.5694181419602811,0.7496423785744872,-1.0173000612914356
1h,fz2_react0_body0.25_cl0.6_cs0.4,model_a,stress,next_close,2.0,0.0,0.25,0.6,0.4,90,1.0,1.5,6,8.0,10.0,ADAUSDT,65,76.33842443729903,0.35384615384615387,-0.2799227872222657,-18.19498116944727,,,0.56309541895869,1.01957498165015,-0.9915525177952551
1h,fz2_react0_body0.25_cl0.6_cs0.4,model_a,stress,next_close,2.0,0.0,0.25,0.6,0.4,90,1.0,1.5,6,8.0,10.0,AVAXUSDT,59,64.99044986177432,0.423728813559322,-0.20731739777296945,-12.231726468605197,,,0.6586737332696633,0.944166063114587,-1.0539964131314665
1h,fz2_react0_body0.25_cl0.6_cs0.4,model_a,stress,next_close,2.0,0.0,0.25,0.6,0.4,90,1.0,1.5,6,8.0,10.0,BNBUSDT,91,103.59818181818181,0.32967032967032966,-0.5602518826336963,-50.98292131966636,,,0.3154886417981605,0.783261052297554,-1.2209959489933278
1h,fz2_react0_body0.25_cl0.6_cs0.4,model_a,stress,next_close,2.0,0.0,0.25,0.6,0.4,90,1.0,1.5,6,8.0,10.0,BTCUSDT,76,87.85652116576553,0.17105263157894737,-0.9111548590722248,-69.24776928948909,,,0.12863021902702443,0.7863265688414468,-1.2614288045147284
1h,fz2_react0_body0.25_cl0.6_cs0.4,model_a,stress,next_close,2.0,0.0,0.25,0.6,0.4,90,1.0,1.5,6,8.0,10.0,ETHUSDT,50,55.96271705822267,0.38,-0.34258513473548363,-17.12925673677418,,,0.4633321639237573,0.7783443899696864,-1.0296064563289749
1h,fz2_react0_body0.25_cl0.6_cs0.4,model_a,stress,next_close,2.0,0.0,0.25,0.6,0.4,90,1.0,1.5,6,8.0,10.0,LINKUSDT,65,71.64466239155036,0.35384615384615387,-0.31097855018169296,-20.213605761810044,,,0.5001775397798682,0.8794767711831725,-0.9628945595005478
1h,fz2_react0_body0.25_cl0.6_cs0.4,model_a,stress,next_close,2.0,0.0,0.25,0.6,0.4,90,1.0,1.5,6,8.0,10.0,LTCUSDT,61,68.67788338042641,0.4262295081967213,-0.2848279276797451,-17.37450358846445,,,0.5524244952677487,0.8247943448736307,-1.1091187587193958
1h,fz2_react0_body0.25_cl0.6_cs0.4,model_a,stress,next_close,2.0,0.0,0.25,0.6,0.4,90,1.0,1.5,6,8.0,10.0,SOLUSDT,59,72.56826154062017,0.3728813559322034,-0.36957374349720723,-21.804850866335226,,,0.4488230245356194,0.8070761257704523,-1.069203395494194
1h,fz2_react0_body0.25_cl0.6_cs0.4,model_a,stress,next_close,2.0,0.0,0.25,0.6,0.4,90,1.0,1.5,6,8.0,10.0,XRPUSDT,51,61.89478056209331,0.4117647058823529,-0.2987821634046475,-15.237890333637024,,,0.5137379949064933,0.7666142693413628,-1.0445596663268548
1h,fz2_react0_body0.25_cl0.7_cs0.3,model_a,stress,next_close,2.0,0.0,0.25,0.7,0.3,90,1.0,1.5,6,8.0,10.0,ADAUSDT,55,64.59405144694533,0.38181818181818183,-0.21858285493888793,-12.022057021638837,,,0.6416714296158075,1.025157880966055,-0.986775662409588
1h,fz2_react0_body0.25_cl0.7_cs0.3,model_a,stress,next_close,2.0,0.0,0.25,0.7,0.3,90,1.0,1.5,6,8.0,10.0,AVAXUSDT,52,57.27971852224177,0.4230769230769231,-0.1541293472712628,-8.014726058105666,,,0.7379174932280326,1.0257364152143533,-1.0193642397607148
1h,fz2_react0_body0.25_cl0.7_cs0.3,model_a,stress,next_close,2.0,0.0,0.25,0.7,0.3,90,1.0,1.5,6,8.0,10.0,BNBUSDT,87,99.04441558441559,0.3448275862068966,-0.5346031290541123,-46.51047222770777,,,0.33521659278427296,0.7817624938554026,-1.2274271411117517
1h,fz2_react0_body0.25_cl0.7_cs0.3,model_a,stress,next_close,2.0,0.0,0.25,0.7,0.3,90,1.0,1.5,6,8.0,10.0,BTCUSDT,69,79.76447316365555,0.15942028985507245,-0.9501404303192604,-65.55968969202897,,,0.10893974761103842,0.7286575973407725,-1.2685331597030598
1h,fz2_react0_body0.25_cl0.7_cs0.3,model_a,stress,next_close,2.0,0.0,0.25,0.7,0.3,90,1.0,1.5,6,8.0,10.0,ETHUSDT,46,51.48569969356486,0.34782608695652173,-0.41640998751749925,-19.154859425804965,,,0.3732970429930466,0.7131022263671425,-1.0188165015893083
1h,fz2_react0_body0.25_cl0.7_cs0.3,model_a,stress,next_close,2.0,0.0,0.25,0.7,0.3,90,1.0,1.5,6,8.0,10.0,LINKUSDT,60,66.13353451527725,0.38333333333333336,-0.25099559479754613,-15.059735687852768,,,0.5700486518114071,0.868124716867206,-0.9466649777242839
1h,fz2_react0_body0.25_cl0.7_cs0.3,model_a,stress,next_close,2.0,0.0,0.25,0.7,0.3,90,1.0,1.5,6,8.0,10.0,LTCUSDT,59,66.42614949910096,0.3898305084745763,-0.3765789100626954,-22.21815569369903,,,0.4518804191444019,0.7963947267168805,-1.1259787335607578
1h,fz2_react0_body0.25_cl0.7_cs0.3,model_a,stress,next_close,2.0,0.0,0.25,0.7,0.3,90,1.0,1.5,6,8.0,10.0,SOLUSDT,56,68.87834993685982,0.44642857142857145,-0.20927711720921272,-11.719518563715912,,,0.6473449835310479,0.8605091318516277,-1.0720079632260195
1h,fz2_react0_body0.25_cl0.7_cs0.3,model_a,stress,next_close,2.0,0.0,0.25,0.7,0.3,90,1.0,1.5,6,8.0,10.0,XRPUSDT,45,54.61304167243527,0.4222222222222222,-0.3182968774327164,-14.323359484472238,,,0.4827087614615218,0.7034631457525533,-1.0649676636065672
1h,fz2_react0_body0.5_cl0.6_cs0.4,model_a,stress,next_close,2.0,0.0,0.5,0.6,0.4,90,1.0,1.5,6,8.0,10.0,ADAUSDT,52,61.08710801393728,0.34615384615384615,-0.28947153691403155,-15.05251991952964,,,0.5435669783582632,0.9958930787924923,-0.9699586864057207
1h,fz2_react0_body0.5_cl0.6_cs0.4,model_a,stress,next_close,2.0,0.0,0.5,0.6,0.4,90,1.0,1.5,6,8.0,10.0,AVAXUSDT,48,52.873586328223176,0.4375,-0.20472538022718967,-9.826818250905104,,,0.6567655478583735,0.8953918110757496,-1.0603720845739202
1h,fz2_react0_body0.5_cl0.6_cs0.4,model_a,stress,next_close,2.0,0.0,0.5,0.6,0.4,90,1.0,1.5,6,8.0,10.0,BNBUSDT,71,80.82935064935064,0.323943661971831,-0.5262376530731766,-37.36287336819554,,,0.33148043969633034,0.8054827040566519,-1.1643536575312192
1h,fz2_react0_body0.5_cl0.6_cs0.4,model_a,stress,next_close,2.0,0.0,0.5,0.6,0.4,90,1.0,1.5,6,8.0,10.0,BTCUSDT,63,72.80922874093606,0.19047619047619047,-0.8973074809403877,-56.53037129924442,,,0.13568410063018088,0.7395321349540368,-1.2824462140920168
1h,fz2_react0_body0.5_cl0.6_cs0.4,model_a,stress,next_close,2.0,0.0,0.5,0.6,0.4,90,1.0,1.5,6,8.0,10.0,ETHUSDT,42,47.01468522538629,0.38095238095238093,-0.38159208547489937,-16.026867589945773,,,0.4048492954999159,0.6813889746537156,-1.0357342763232777
1h,fz2_react0_body0.5_cl0.6_cs0.4,model_a,stress,next_close,2.0,0.0,0.5,0.6,0.4,90,1.0,1.5,6,8.0,10.0,LINKUSDT,58,63.93712273641851,0.3275862068965517,-0.34800583170537003,-20.18433823891146,,,0.458256503019498,0.8986195116401724,-0.9553361271814035
1h,fz2_react0_body0.5_cl0.6_cs0.4,model_a,stress,next_close,2.0,0.0,0.5,0.6,0.4,90,1.0,1.5,6,8.0,10.0,LTCUSDT,50,56.37299035369775,0.4,-0.38722767655038,-19.361383827519,,,0.42612441768932935,0.718828145287314,-1.1245982244421762
1h,fz2_react0_body0.5_cl0.6_cs0.4,model_a,stress,next_close,2.0,0.0,0.5,0.6,0.4,90,1.0,1.5,6,8.0,10.0,SOLUSDT,47,57.80861512557878,0.425531914893617,-0.21730042014913703,-10.21311974700944,,,0.6321894943750889,0.877711064544541,-1.0284200384407503
1h,fz2_react0_body0.5_cl0.6_cs0.4,model_a,stress,next_close,2.0,0.0,0.5,0.6,0.4,90,1.0,1.5,6,8.0,10.0,XRPUSDT,43,52.20024927295388,0.4186046511627907,-0.2773512344431825,-11.926103081056848,,,0.5224829329737886,0.7249520194050272,-0.9990095772138935
1h,fz2_react0_body0.5_cl0.7_cs0.3,model_a,stress,next_close,2.0,0.0,0.5,0.7,0.3,90,1.0,1.5,6,8.0,10.0,ADAUSDT,48,56.38809970517288,0.3541666666666667,-0.25849342637442513,-12.407684465972407,,,0.5797192354300086,1.006746240138917,-0.9523345338172255
1h,fz2_react0_body0.5_cl0.7_cs0.3,model_a,stress,next_close,2.0,0.0,0.5,0.7,0.3,90,1.0,1.5,6,8.0,10.0,AVAXUSDT,44,48.46745413420457,0.4318181818181818,-0.1865098173581299,-8.206431963757716,,,0.6847828576737763,0.9383045554559313,-1.0413687406968164
1h,fz2_react0_body0.5_cl0.7_cs0.3,model_a,stress,next_close,2.0,0.0,0.5,0.7,0.3,90,1.0,1.5,6,8.0,10.0,BNBUSDT,66,75.13714285714286,0.3181818181818182,-0.5340885202008715,-35.24984233325752,,,0.3271865092742795,0.8162789203181953,-1.1642599924431027
1h,fz2_react0_body0.5_cl0.7_cs0.3,model_a,stress,next_close,2.0,0.0,0.5,0.7,0.3,90,1.0,1.5,6,8.0,10.0,BTCUSDT,58,67.03071852340145,0.1896551724137931,-0.9022896332706446,-52.33279872969739,,,0.14202961514692905,0.787567686628622,-1.2977881549491963
1h,fz2_react0_body0.5_cl0.7_cs0.3,model_a,stress,next_close,2.0,0.0,0.5,0.7,0.3,90,1.0,1.5,6,8.0,10.0,ETHUSDT,41,45.89528795811518,0.2926829268292683,-0.4988759836735117,-20.45391533061398,,,0.2533324485990994,0.578307401156566,-0.944607039465268
1h,fz2_react0_body0.5_cl0.7_cs0.3,model_a,stress,next_close,2.0,0.0,0.5,0.7,0.3,90,1.0,1.5,6,8.0,10.0,LINKUSDT,53,58.42530181086519,0.3584905660377358,-0.28512615305323435,-15.11168611182142,,,0.5304809190611061,0.8986195116401724,-0.9466310833230791
1h,fz2_react0_body0.5_cl0.7_cs0.3,model_a,stress,next_close,2.0,0.0,0.5,0.7,0.3,90,1.0,1.5,6,8.0,10.0,LTCUSDT,50,56.37299035369775,0.36,-0.4471746640875388,-22.35873320437694,,,0.3713419271102829,0.7337264558611762,-1.111431544058691
1h,fz2_react0_body0.5_cl0.7_cs0.3,model_a,stress,next_close,2.0,0.0,0.5,0.7,0.3,90,1.0,1.5,6,8.0,10.0,SOLUSDT,46,56.578644590992,0.43478260869565216,-0.21005702645424823,-9.662623216895419,,,0.6456745872223644,0.8803927169866226,-1.0488645214087642
1h,fz2_react0_body0.5_cl0.7_cs0.3,model_a,stress,next_close,2.0,0.0,0.5,0.7,0.3,90,1.0,1.5,6,8.0,10.0,XRPUSDT,40,48.558371416701284,0.425,-0.24495072831027223,-9.798029132410889,,,0.5653424251182373,0.7496423785744872,-0.98008476383379
1h,fz1.5_react0.25_body0.25_cl0.6_cs0.4,model_a,stress,next_open,1.5,0.25,0.25,0.6,0.4,90,1.0,1.5,6,8.0,10.0,ADAUSDT,114,127.38355640535373,0.3333333333333333,-0.3634055165129216,-41.42822888247306,,,0.46635948405531585,0.9527627913547851,-1.0214896704467749
1h,fz1.5_react0.25_body0.25_cl0.6_cs0.4,model_a,stress,next_open,1.5,0.25,0.25,0.6,0.4,90,1.0,1.5,6,8.0,10.0,AVAXUSDT,114,125.55898982284207,0.42105263157894735,-0.23779730652704079,-27.10889294408265,,,0.6048988089554672,0.8646591380502292,-1.0395838116741463
1h,fz1.5_react0.25_body0.25_cl0.6_cs0.4,model_a,stress,next_open,1.5,0.25,0.25,0.6,0.4,90,1.0,1.5,6,8.0,10.0,BNBUSDT,136,150.45128722867238,0.33088235294117646,-0.5282562728964413,-71.84285311391601,,,0.3507044635975042,0.8623229280230441,-1.2159053282961867
1h,fz1.5_react0.25_body0.25_cl0.6_cs0.4,model_a,stress,next_open,1.5,0.25,0.25,0.6,0.4,90,1.0,1.5,6,8.0,10.0,BTCUSDT,200,222.8549637727215,0.21,-0.839076880377172,-167.8153760754344,,,0.17621609046346393,0.8547019936305453,-1.289321897518464
1h,fz1.5_react0.25_body0.25_cl0.6_cs0.4,model_a,stress,next_open,1.5,0.25,0.25,0.6,0.4,90,1.0,1.5,6,8.0,10.0,ETHUSDT,154,169.52957428104986,0.3246753246753247,-0.4679224555648808,-72.06005815699164,,,0.4034824294420655,0.9748235011325866,-1.1615503193617402
1h,fz1.5_react0.25_body0.25_cl0.6_cs0.4,model_a,stress,next_open,1.5,0.25,0.25,0.6,0.4,90,1.0,1.5,6,8.0,10.0,LINKUSDT,121,133.38606639839034,0.4214876033057851,-0.24520417765268882,-29.669705495975347,,,0.627765819337804,0.9811252999682517,-1.138672797062231
1h,fz1.5_react0.25_body0.25_cl0.6_cs0.4,model_a,stress,next_open,1.5,0.25,0.25,0.6,0.4,90,1.0,1.5,6,8.0,10.0,LTCUSDT,150,165.2091971353185,0.4266666666666667,-0.2696420373205592,-40.44630559808388,,,0.5855170449172808,0.8927538907663393,-1.1346808675247628
1h,fz1.5_react0.25_body0.25_cl0.6_cs0.4,model_a,stress,next_open,1.5,0.25,0.25,0.6,0.4,90,1.0,1.5,6,8.0,10.0,SOLUSDT,136,162.2449646162221,0.33088235294117646,-0.42236238175803514,-57.44128391909278,,,0.42174988829393895,0.9310025612297455,-1.091608782136608
1h,fz1.5_react0.25_body0.25_cl0.6_cs0.4,model_a,stress,next_open,1.5,0.25,0.25,0.6,0.4,90,1.0,1.5,6,8.0,10.0,XRPUSDT,129,149.49947117927022,0.3953488372093023,-0.31649166053094585,-40.82742420849201,,,0.5382530301807505,0.9331774475708999,-1.133583000443691
1h,fz1.5_react0.25_body0.25_cl0.7_cs0.3,model_a,stress,next_open,1.5,0.25,0.25,0.7,0.3,90,1.0,1.5,6,8.0,10.0,ADAUSDT,99,110.6225621414914,0.35353535353535354,-0.3084822944834094,-30.53974715385753,,,0.5315931875226192,0.9902699413778692,-1.0187374234700461
1h,fz1.5_react0.25_body0.25_cl0.7_cs0.3,model_a,stress,next_open,1.5,0.25,0.25,0.7,0.3,90,1.0,1.5,6,8.0,10.0,AVAXUSDT,99,108.99698568198944,0.42424242424242425,-0.22159248798038436,-21.937656310058053,,,0.6288195982501242,0.8848750892587606,-1.0368843869987017
1h,fz1.5_react0.25_body0.25_cl0.7_cs0.3,model_a,stress,next_open,1.5,0.25,0.25,0.7,0.3,90,1.0,1.5,6,8.0,10.0,BNBUSDT,120,135.66159401599174,0.36666666666666664,-0.4479390996808767,-53.7526919617052,,,0.4115687128935343,0.8544647256493948,-1.2019623669773498
1h,fz1.5_react0.25_body0.25_cl0.7_cs0.3,model_a,stress,next_open,1.5,0.25,0.25,0.7,0.3,90,1.0,1.5,6,8.0,10.0,BTCUSDT,176,196.11236811999493,0.21022727272727273,-0.8312070301343816,-146.29243730365116,,,0.17888835462465205,0.8613903645524271,-1.2817545380725968
1h,fz1.5_react0.25_body0.25_cl0.7_cs0.3,model_a,stress,next_open,1.5,0.25,0.25,0.7,0.3,90,1.0,1.5,6,8.0,10.0,ETHUSDT,139,153.016953409519,0.30935251798561153,-0.48732650848315634,-67.73838467915873,,,0.3804319287831996,0.9672846832066155,-1.1388711047608666
1h,fz1.5_react0.25_body0.25_cl0.7_cs0.3,model_a,stress,next_open,1.5,0.25,0.25,0.7,0.3,90,1.0,1.5,6,8.0,10.0,LINKUSDT,111,122.36242454728371,0.3963963963963964,-0.3262629930466571,-36.21519222817894,,,0.537502165743497,0.9565521084967871,-1.1687087313736952
1h,fz1.5_react0.25_body0.25_cl0.7_cs0.3,model_a,stress,next_open,1.5,0.25,0.25,0.7,0.3,90,1.0,1.5,6,8.0,10.0,LTCUSDT,137,150.85315915086045,0.41605839416058393,-0.2783265019091404,-38.13073076155223,,,0.5776272385305863,0.9148545119213176,-1.1284679742633417
1h,fz1.5_react0.25_body0.25_cl0.7_cs0.3,model_a,stress,next_open,1.5,0.25,0.25,0.7,0.3,90,1.0,1.5,6,8.0,10.0,SOLUSDT,124,148.21161712571586,0.31451612903225806,-0.47111368771664625,-58.41809727686413,,,0.3709942599600898,0.8834772732831607,-1.092631893351852
1h,fz1.5_react0.25_body0.25_cl0.7_cs0.3,model_a,stress,next_open,1.5,0.25,0.25,0.7,0.3,90,1.0,1.5,6,8.0,10.0,XRPUSDT,122,141.38709677419354,0.3770491803278688,-0.3567424825954849,-43.52258287664916,,,0.4927487599104026,0.9190925626990724,-1.1289584310632435
1h,fz1.5_react0.25_body0.5_cl0.6_cs0.4,model_a,stress,next_open,1.5,0.25,0.5,0.6,0.4,90,1.0,1.5,6,8.0,10.0,ADAUSDT,98,109.50516252390058,0.32653061224489793,-0.35216258841342957,-34.5119336645161,,,0.47730051376226335,0.984825178156393,-1.000399081295768
1h,fz1.5_react0.25_body0.5_cl0.6_cs0.4,model_a,stress,next_open,1.5,0.25,0.5,0.6,0.4,90,1.0,1.5,6,8.0,10.0,AVAXUSDT,92,101.29012810851545,0.44565217391304346,-0.21745842896395554,-20.00617546468391,,,0.6394078428622713,0.8652505800281328,-1.0878715538399482
1h,fz1.5_react0.25_body0.5_cl0.6_cs0.4,model_a,stress,next_open,1.5,0.25,0.5,0.6,0.4,90,1.0,1.5,6,8.0,10.0,BNBUSDT,114,126.1135790005048,0.3684210526315789,-0.45325388461643457,-51.67094284627354,,,0.41744507240094825,0.8815755862911807,-1.2319044093125435
1h,fz1.5_react0.25_body0.5_cl0.6_cs0.4,model_a,stress,next_open,1.5,0.25,0.5,0.6,0.4,90,1.0,1.5,6,8.0,10.0,BTCUSDT,157,175.67806995149348,0.2356687898089172,-0.7931598283794685,-124.52609305557655,,,0.20884751402559257,0.8884392800215971,-1.3116528868031305
1h,fz1.5_react0.25_body0.5_cl0.6_cs0.4,model_a,stress,next_open,1.5,0.25,0.5,0.6,0.4,90,1.0,1.5,6,8.0,10.0,ETHUSDT,126,140.90011481056257,0.3492063492063492,-0.3999655191339191,-50.39565541087381,,,0.45564953876032555,0.9587221492964296,-1.129017438779472
1h,fz1.5_react0.25_body0.5_cl0.6_cs0.4,model_a,stress,next_open,1.5,0.25,0.5,0.6,0.4,90,1.0,1.5,6,8.0,10.0,LINKUSDT,107,117.95296780684104,0.3925233644859813,-0.349050477638704,-37.34840110734133,,,0.5145393340141935,0.9425127992919926,-1.1835990565785386
1h,fz1.5_react0.25_body0.5_cl0.6_cs0.4,model_a,stress,next_open,1.5,0.25,0.5,0.6,0.4,90,1.0,1.5,6,8.0,10.0,LTCUSDT,131,147.56437933693138,0.3969465648854962,-0.3351886731014674,-43.90971617629223,,,0.5089764517751477,0.8752913887209977,-1.131960359364356
1h,fz1.5_react0.25_body0.5_cl0.6_cs0.4,model_a,stress,next_open,1.5,0.25,0.5,0.6,0.4,90,1.0,1.5,6,8.0,10.0,SOLUSDT,111,134.80548628428926,0.3153153153153153,-0.4650954466598034,-51.625594579238175,,,0.3838745547418275,0.9190035793108896,-1.1025094717778858
1h,fz1.5_react0.25_body0.5_cl0.6_cs0.4,model_a,stress,next_open,1.5,0.25,0.5,0.6,0.4,90,1.0,1.5,6,8.0,10.0,XRPUSDT,112,133.05217509147582,0.3392857142857143,-0.42454880675172485,-47.549466356193186,,,0.4274831988090378,0.9343140184442644,-1.1223432305010168
1h,fz1.5_react0.25_body0.5_cl0.7_cs0.3,model_a,stress,next_open,1.5,0.25,0.5,0.7,0.3,90,1.0,1.5,6,8.0,10.0,ADAUSDT,87,97.21376673040153,0.3563218390804598,-0.2804965277504539,-24.403197914289493,,,0.5586890204520334,0.9965760647087893,-0.987447427147535
1h,fz1.5_react0.25_body0.5_cl0.7_cs0.3,model_a,stress,next_open,1.5,0.25,0.5,0.7,0.3,90,1.0,1.5,6,8.0,10.0,AVAXUSDT,84,92.48229088168802,0.4523809523809524,-0.19370830262070846,-16.27149742013951,,,0.6723242545300552,0.8785741235065302,-1.0795068285519056
1h,fz1.5_react0.25_body0.5_cl0.7_cs0.3,model_a,stress,next_open,1.5,0.25,0.5,0.7,0.3,90,1.0,1.5,6,8.0,10.0,BNBUSDT,100,113.05132834665979,0.4,-0.36082560591293034,-36.08256059129303,,,0.49208402464166995,0.8739463068972156,-1.1840068811196942
1h,fz1.5_react0.25_body0.5_cl0.7_cs0.3,model_a,stress,next_open,1.5,0.25,0.5,0.7,0.3,90,1.0,1.5,6,8.0,10.0,BTCUSDT,144,161.13147817207047,0.22916666666666666,-0.8164109609779543,-117.56317838082542,,,0.19589791863490477,0.8679126424154281,-1.3171558160408519
1h,fz1.5_react0.25_body0.5_cl0.7_cs0.3,model_a,stress,next_open,1.5,0.25,0.5,0.7,0.3,90,1.0,1.5,6,8.0,10.0,ETHUSDT,115,128.59931113662458,0.3391304347826087,-0.4274265942563214,-49.15405833947696,,,0.4166730146331391,0.9002809913385256,-1.1087502237063085
1h,fz1.5_react0.25_body0.5_cl0.7_cs0.3,model_a,stress,next_open,1.5,0.25,0.5,0.7,0.3,90,1.0,1.5,6,8.0,10.0,LINKUSDT,98,108.03169014084507,0.3877551020408163,-0.3766904563313971,-36.91566472047691,,,0.48269413626016816,0.9064664154953327,-1.1893564751549925
1h,fz1.5_react0.25_body0.5_cl0.7_cs0.3,model_a,stress,next_open,1.5,0.25,0.5,0.7,0.3,90,1.0,1.5,6,8.0,10.0,LTCUSDT,124,139.82299974273218,0.3870967741935484,-0.3467664889982997,-42.99904463578916,,,0.5032913970543228,0.9076854919903234,-1.139051950675325
1h,fz1.5_react0.25_body0.5_cl0.7_cs0.3,model_a,stress,next_open,1.5,0.25,0.5,0.7,0.3,90,1.0,1.5,6,8.0,10.0,SOLUSDT,103,125.08977556109726,0.3106796116504854,-0.47967321668852414,-49.40634131891799,,,0.3639104725450793,0.8833016147914178,-1.0939717322851177
1h,fz1.5_react0.25_body0.5_cl0.7_cs0.3,model_a,stress,next_open,1.5,0.25,0.5,0.7,0.3,90,1.0,1.5,6,8.0,10.0,XRPUSDT,107,127.11234584632064,0.32710280373831774,-0.45862277623544556,-49.07263705719267,,,0.40402399253395327,0.9504947706255317,-1.1436104726261982
1h,fz1.5_react0_body0.25_cl0.6_cs0.4,model_a,stress,next_open,1.5,0.0,0.25,0.6,0.4,90,1.0,1.5,6,8.0,10.0,ADAUSDT,115,128.50095602294456,0.3391304347826087,-0.33127002310832343,-38.09605265745719,,,0.49928607375246914,0.9740363252800588,-1.0010982808339406
1h,fz1.5_react0_body0.25_cl0.6_cs0.4,model_a,stress,next_open,1.5,0.0,0.25,0.6,0.4,90,1.0,1.5,6,8.0,10.0,AVAXUSDT,123,135.47154165096117,0.3983739837398374,-0.27078811821159166,-33.306938540025776,,,0.561755748652303,0.8713044519533538,-1.027038603861353
1h,fz1.5_react0_body0.25_cl0.6_cs0.4,model_a,stress,next_open,1.5,0.0,0.25,0.6,0.4,90,1.0,1.5,6,8.0,10.0,BNBUSDT,144,159.30136294800607,0.3194444444444444,-0.5502568124360971,-79.23698099079799,,,0.3395818567909782,0.8857182051037007,-1.2242859023017165
1h,fz1.5_react0_body0.25_cl0.6_cs0.4,model_a,stress,next_open,1.5,0.0,0.25,0.6,0.4,90,1.0,1.5,6,8.0,10.0,BTCUSDT,214,238.45481123681202,0.21495327102803738,-0.8174311615021644,-174.93026856146318,,,0.1838640514758535,0.8567250175935008,-1.2758310676831204
1h,fz1.5_react0_body0.25_cl0.6_cs0.4,model_a,stress,next_open,1.5,0.0,0.25,0.6,0.4,90,1.0,1.5,6,8.0,10.0,ETHUSDT,171,188.24387793545145,0.3216374269005848,-0.45234067051773097,-77.350254658532,,,0.40988176008927935,0.9768291529196425,-1.1299642936992442
1h,fz1.5_react0_body0.25_cl0.6_cs0.4,model_a,stress,next_open,1.5,0.0,0.25,0.6,0.4,90,1.0,1.5,6,8.0,10.0,LINKUSDT,126,138.88042248208222,0.42857142857142855,-0.19341692400908653,-24.3705324251449,,,0.6883626469053381,0.996871193515311,-1.0861330121523847
1h,fz1.5_react0_body0.25_cl0.6_cs0.4,model_a,stress,next_open,1.5,0.0,0.25,0.6,0.4,90,1.0,1.5,6,8.0,10.0,LTCUSDT,157,172.91895966830003,0.4267515923566879,-0.2776970797682522,-43.59844152361559,,,0.5684143027307034,0.8570262339515965,-1.1224355466485838
1h,fz1.5_react0_body0.25_cl0.6_cs0.4,model_a,stress,next_open,1.5,0.0,0.25,0.6,0.4,90,1.0,1.5,6,8.0,10.0,SOLUSDT,141,168.20985302123026,0.3191489361702128,-0.42097704677505116,-59.357763595282215,,,0.42102868293593104,0.9592231482889577,-1.0679458882113053
1h,fz1.5_react0_body0.25_cl0.6_cs0.4,model_a,stress,next_open,1.5,0.0,0.25,0.6,0.4,90,1.0,1.5,6,8.0,10.0,XRPUSDT,135,156.45293495505024,0.4074074074074074,-0.27927727440204464,-37.70243204427603,,,0.5755285994120608,0.929448116530791,-1.110275980668369
1h,fz1.5_react0_body0.25_cl0.7_cs0.3,model_a,stress,next_open,1.5,0.0,0.25,0.7,0.3,90,1.0,1.5,6,8.0,10.0,ADAUSDT,101,112.85736137667304,0.36633663366336633,-0.2763042428842147,-27.906728531305685,,,0.571008709808978,1.0039254445667307,-1.0164370309417925
1h,fz1.5_react0_body0.25_cl0.7_cs0.3,model_a,stress,next_open,1.5,0.0,0.25,0.7,0.3,90,1.0,1.5,6,8.0,10.0,AVAXUSDT,107,117.80482290881687,0.40186915887850466,-0.26213932541746543,-28.048907819668802,,,0.5726177454704607,0.8739685739026966,-1.0254618202731993
1h,fz1.5_react0_body0.25_cl0.7_cs0.3,model_a,stress,next_open,1.5,0.0,0.25,0.7,0.3,90,1.0,1.5,6,8.0,10.0,BNBUSDT,130,146.96672685065772,0.3384615384615385,-0.5121255845786977,-66.5763259952307,,,0.36752443812591046,0.8792444209724292,-1.2239893083490416
1h,fz1.5_react0_body0.25_cl0.7_cs0.3,model_a,stress,next_open,1.5,0.0,0.25,0.7,0.3,90,1.0,1.5,6,8.0,10.0,BTCUSDT,191,212.82649040294905,0.2094240837696335,-0.8207616797143514,-156.76548082544113,,,0.1856435050126385,0.8934199427573215,-1.274849526726715
1h,fz1.5_react0_body0.25_cl0.7_cs0.3,model_a,stress,next_open,1.5,0.0,0.25,0.7,0.3,90,1.0,1.5,6,8.0,10.0,ETHUSDT,149,164.0253673238729,0.3087248322147651,-0.47261757644179864,-70.420018889828,,,0.39227116746160684,0.9881317464510325,-1.1249910604521893
1h,fz1.5_react0_body0.25_cl0.7_cs0.3,model_a,stress,next_open,1.5,0.0,0.25,0.7,0.3,90,1.0,1.5,6,8.0,10.0,LINKUSDT,114,125.65371557902678,0.40350877192982454,-0.2927497062378209,-33.37346651111158,,,0.5714509977522272,0.9674354440010154,-1.1452278961052689
1h,fz1.5_react0_body0.25_cl0.7_cs0.3,model_a,stress,next_open,1.5,0.0,0.25,0.7,0.3,90,1.0,1.5,6,8.0,10.0,LTCUSDT,140,154.1565130008793,0.42857142857142855,-0.25305866903040086,-35.42821366425612,,,0.6011841303206262,0.8900882771491464,-1.1104188786650613
1h,fz1.5_react0_body0.25_cl0.7_cs0.3,model_a,stress,next_open,1.5,0.0,0.25,0.7,0.3,90,1.0,1.5,6,8.0,10.0,SOLUSDT,129,153.78947368421052,0.29457364341085274,-0.47966080060139593,-61.87624327758007,,,0.35954245593413225,0.9141136133283432,-1.0616764899346935
1h,fz1.5_react0_body0.25_cl0.7_cs0.3,model_a,stress,next_open,1.5,0.0,0.25,0.7,0.3,90,1.0,1.5,6,8.0,10.0,XRPUSDT,128,148.34056054997356,0.375,-0.35583513116673865,-45.54689678934255,,,0.4866446424460369,0.899521199773321,-1.1090489297307744
1h,fz1.5_react0_body0.5_cl0.6_cs0.4,model_a,stress,next_open,1.5,0.0,0.5,0.6,0.4,90,1.0,1.5,6,8.0,10.0,ADAUSDT,100,111.73996175908222,0.32,-0.37004730567342775,-37.004730567342776,,,0.45993582840247743,0.984825178156393,-1.007634356887461
1h,fz1.5_react0_body0.5_cl0.6_cs0.4,model_a,stress,next_open,1.5,0.0,0.5,0.6,0.4,90,1.0,1.5,6,8.0,10.0,AVAXUSDT,93,102.39110776186888,0.44086021505376344,-0.22790570851131225,-21.19523089155204,,,0.6259918450706791,0.8652505800281328,-1.0898173975520284
1h,fz1.5_react0_body0.5_cl0.6_cs0.4,model_a,stress,next_open,1.5,0.0,0.5,0.6,0.4,90,1.0,1.5,6,8.0,10.0,BNBUSDT,115,127.2198384654215,0.3652173913043478,-0.4615606414568005,-53.07947376753206,,,0.410919573690287,0.8815755862911807,-1.2343239505720773
1h,fz1.5_react0_body0.5_cl0.6_cs0.4,model_a,stress,next_open,1.5,0.0,0.5,0.6,0.4,90,1.0,1.5,6,8.0,10.0,BTCUSDT,160,179.03497574674495,0.2375,-0.7776933084570856,-124.4309293531337,,,0.2100652931785287,0.8707788201161673,-1.291151840307771
1h,fz1.5_react0_body0.5_cl0.6_cs0.4,model_a,stress,next_open,1.5,0.0,0.5,0.6,0.4,90,1.0,1.5,6,8.0,10.0,ETHUSDT,131,146.49138920780712,0.35877862595419846,-0.37534934645579016,-49.17076438570851,,,0.4730513191421425,0.9391804375954815,-1.1108600589606683
1h,fz1.5_react0_body0.5_cl0.6_cs0.4,model_a,stress,next_open,1.5,0.0,0.5,0.6,0.4,90,1.0,1.5,6,8.0,10.0,LINKUSDT,108,119.05533199195172,0.3888888888888889,-0.3524347239191221,-38.06295018326519,,,0.509804359563521,0.9425127992919926,-1.1764922386898313
1h,fz1.5_react0_body0.5_cl0.6_cs0.4,model_a,stress,next_open,1.5,0.0,0.5,0.6,0.4,90,1.0,1.5,6,8.0,10.0,LTCUSDT,133,149.8172706245181,0.39849624060150374,-0.3385070480656651,-45.02143739273346,,,0.5031286804118984,0.8601587913060912,-1.1326231666494537
1h,fz1.5_react0_body0.5_cl0.6_cs0.4,model_a,stress,next_open,1.5,0.0,0.5,0.6,0.4,90,1.0,1.5,6,8.0,10.0,SOLUSDT,111,134.80548628428926,0.3153153153153153,-0.4650954466598034,-51.625594579238175,,,0.3838745547418275,0.9190035793108896,-1.1025094717778858
1h,fz1.5_react0_body0.5_cl0.6_cs0.4,model_a,stress,next_open,1.5,0.0,0.5,0.6,0.4,90,1.0,1.5,6,8.0,10.0,XRPUSDT,113,134.24014094050685,0.336283185840708,-0.42317175650829175,-47.81840848543697,,,0.42610339790490137,0.9343140184442644,-1.1109645491509204
1h,fz1.5_react0_body0.5_cl0.7_cs0.3,model_a,stress,next_open,1.5,0.0,0.5,0.7,0.3,90,1.0,1.5,6,8.0,10.0,ADAUSDT,88,98.33116634799235,0.3522727272727273,-0.2924375291020849,-25.734502560983476,,,0.5455545189136166,0.9965760647087893,-0.9934800099465956
1h,fz1.5_react0_body0.5_cl0.7_cs0.3,model_a,stress,next_open,1.5,0.0,0.5,0.7,0.3,90,1.0,1.5,6,8.0,10.0,AVAXUSDT,85,93.58327053504145,0.4470588235294118,-0.2054182687883252,-17.46055284700764,,,0.656601778949353,0.8785741235065302,-1.0818376497926763
1h,fz1.5_react0_body0.5_cl0.7_cs0.3,model_a,stress,next_open,1.5,0.0,0.5,0.7,0.3,90,1.0,1.5,6,8.0,10.0,BNBUSDT,101,114.18184163012639,0.39603960396039606,-0.37119892586684694,-37.49109151255154,,,0.482517072684591,0.8739463068972156,-1.187687603089183
1h,fz1.5_react0_body0.5_cl0.7_cs0.3,model_a,stress,next_open,1.5,0.0,0.5,0.7,0.3,90,1.0,1.5,6,8.0,10.0,BTCUSDT,147,164.48838396732194,0.23809523809523808,-0.7961939235124743,-117.04050675633373,,,0.204101528557227,0.8575446380662343,-1.312987224005821
1h,fz1.5_react0_body0.5_cl0.7_cs0.3,model_a,stress,next_open,1.5,0.0,0.5,0.7,0.3,90,1.0,1.5,6,8.0,10.0,ETHUSDT,117,130.8358208955224,0.3418803418803419,-0.40928268662519157,-47.88607433514741,,,0.43247490743329303,0.9122735644945278,-1.0958054144795912
1h,fz1.5_react0_body0.5_cl0.7_cs0.3,model_a,stress,next_open,1.5,0.0,0.5,0.7,0.3,90,1.0,1.5,6,8.0,10.0,LINKUSDT,98,108.03169014084507,0.3877551020408163,-0.3766904563313971,-36.91566472047691,,,0.48269413626016816,0.9064664154953327,-1.1893564751549925
1h,fz1.5_react0_body0.5_cl0.7_cs0.3,model_a,stress,next_open,1.5,0.0,0.5,0.7,0.3,90,1.0,1.5,6,8.0,10.0,LTCUSDT,125,140.95060457936714,0.392,-0.3434062472804657,-42.925780910058215,,,0.504137711737885,0.8906564763523771,-1.139051950675325
1h,fz1.5_react0_body0.5_cl0.7_cs0.3,model_a,stress,next_open,1.5,0.0,0.5,0.7,0.3,90,1.0,1.5,6,8.0,10.0,SOLUSDT,103,125.08977556109726,0.3106796116504854,-0.4792766604368006,-49.36549602499046,,,0.3641019424724875,0.8833016147914178,-1.0933964464551524
1h,fz1.5_react0_body0.5_cl0.7_cs0.3,model_a,stress,next_open,1.5,0.0,0.5,0.7,0.3,90,1.0,1.5,6,8.0,10.0,XRPUSDT,109,129.4882775443827,0.3211009174311927,-0.455078233425854,-49.60352744341809,,,0.4014357185160641,0.9504947706255317,-1.1198762758825904
1h,fz2.5_react0.25_body0.25_cl0.6_cs0.4,model_a,stress,next_open,2.5,0.25,0.25,0.6,0.4,90,1.0,1.5,6,8.0,10.0,ADAUSDT,41,48.11969473825144,0.34146341463414637,-0.26857712718518134,-11.011662214592436,,,0.5702827740957223,1.0438361549318809,-0.949087717912547
1h,fz2.5_react0.25_body0.25_cl0.6_cs0.4,model_a,stress,next_open,2.5,0.25,0.25,0.6,0.4,90,1.0,1.5,6,8.0,10.0,AVAXUSDT,36,42.999863741654174,0.3888888888888889,-0.26728162538147776,-9.6221385137332,,,0.5998017283063557,1.0300921387426623,-1.0928831116422941
1h,fz2.5_react0.25_body0.25_cl0.6_cs0.4,model_a,stress,next_open,2.5,0.25,0.25,0.6,0.4,90,1.0,1.5,6,8.0,10.0,BNBUSDT,70,81.11302048909452,0.3,-0.5927276519374196,-41.49093563561937,,,0.3024343478945532,0.856603725406601,-1.2138696707991428
1h,fz2.5_react0.25_body0.25_cl0.6_cs0.4,model_a,stress,next_open,2.5,0.25,0.25,0.6,0.4,90,1.0,1.5,6,8.0,10.0,BTCUSDT,28,32.368192008439934,0.25,-0.7762698949702072,-21.7355570591658,,,0.23221089809678253,0.9391033502804215,-1.3480609767204168
1h,fz2.5_react0.25_body0.25_cl0.6_cs0.4,model_a,stress,next_open,2.5,0.25,0.25,0.6,0.4,90,1.0,1.5,6,8.0,10.0,ETHUSDT,23,26.98674876187927,0.391304347826087,-0.27323957591418313,-6.284510246026212,,,0.5850410410187687,0.9844872974252085,-1.0817782802037919
1h,fz2.5_react0.25_body0.25_cl0.6_cs0.4,model_a,stress,next_open,2.5,0.25,0.25,0.6,0.4,90,1.0,1.5,6,8.0,10.0,LINKUSDT,41,45.19693158953722,0.3170731707317073,-0.3506902956391634,-14.3783021212057,,,0.482197220327833,1.0299700058164303,-0.9917111498864033
1h,fz2.5_react0.25_body0.25_cl0.6_cs0.4,model_a,stress,next_open,2.5,0.25,0.25,0.6,0.4,90,1.0,1.5,6,8.0,10.0,LTCUSDT,24,37.67621776504298,0.4166666666666667,-0.22661939724717586,-5.438865533932221,,,0.6337058959072983,0.9409491218639895,-1.0605969108980082
1h,fz2.5_react0.25_body0.25_cl0.6_cs0.4,model_a,stress,next_open,2.5,0.25,0.25,0.6,0.4,90,1.0,1.5,6,8.0,10.0,SOLUSDT,35,47.87174286160087,0.37142857142857144,-0.324278577236842,-11.34975020328947,,,0.5112109032776756,0.9131067417115972,-1.0554608111609198
1h,fz2.5_react0.25_body0.25_cl0.6_cs0.4,model_a,stress,next_open,2.5,0.25,0.25,0.6,0.4,90,1.0,1.5,6,8.0,10.0,XRPUSDT,21,25.48608611380313,0.47619047619047616,-0.07806645988352463,-1.6393956575540172,,,0.8615919930369761,1.0205263430644442,-1.0767871898362236
1h,fz2.5_react0.25_body0.25_cl0.7_cs0.3,model_a,stress,next_open,2.5,0.25,0.25,0.7,0.3,90,1.0,1.5,6,8.0,10.0,ADAUSDT,36,42.251439282367116,0.3888888888888889,-0.12180020608070853,-4.384807418905507,,,0.7766187576427527,1.0888891290699083,-0.8922388739038284
1h,fz2.5_react0.25_body0.25_cl0.7_cs0.3,model_a,stress,next_open,2.5,0.25,0.25,0.7,0.3,90,1.0,1.5,6,8.0,10.0,AVAXUSDT,33,39.41654176318299,0.3939393939393939,-0.23179228485674258,-7.649145400272505,,,0.6476802768745471,1.0816662527113168,-1.0855403342759813
1h,fz2.5_react0.25_body0.25_cl0.7_cs0.3,model_a,stress,next_open,2.5,0.25,0.25,0.7,0.3,90,1.0,1.5,6,8.0,10.0,BNBUSDT,61,70.86217863768884,0.32786885245901637,-0.5371791176180268,-32.76792617469964,,,0.3461723067537299,0.8674570310039714,-1.2223674827994893
1h,fz2.5_react0.25_body0.25_cl0.7_cs0.3,model_a,stress,next_open,2.5,0.25,0.25,0.7,0.3,90,1.0,1.5,6,8.0,10.0,BTCUSDT,23,26.58815772121852,0.30434782608695654,-0.6875460690460455,-15.813559588059048,,,0.29363650069599917,0.9391033502804215,-1.3992051900013749
1h,fz2.5_react0.25_body0.25_cl0.7_cs0.3,model_a,stress,next_open,2.5,0.25,0.25,0.7,0.3,90,1.0,1.5,6,8.0,10.0,ETHUSDT,21,24.640074956498463,0.42857142857142855,-0.2777775632883006,-5.833328829054313,,,0.5708986046048582,0.8623290243405626,-1.132857504009948
1h,fz2.5_react0.25_body0.25_cl0.7_cs0.3,model_a,stress,next_open,2.5,0.25,0.25,0.7,0.3,90,1.0,1.5,6,8.0,10.0,LINKUSDT,38,41.88983903420523,0.3157894736842105,-0.38417132370018287,-14.598510300606948,,,0.4533052166050045,1.0087256904165658,-1.0270468686771437
1h,fz2.5_react0.25_body0.25_cl0.7_cs0.3,model_a,stress,next_open,2.5,0.25,0.25,0.7,0.3,90,1.0,1.5,6,8.0,10.0,LTCUSDT,25,39.246060171919765,0.32,-0.4695078737074717,-11.737696842686793,,,0.36890698022055635,0.8576624525361664,-1.0940586154691838
1h,fz2.5_react0.25_body0.25_cl0.7_cs0.3,model_a,stress,next_open,2.5,0.25,0.25,0.7,0.3,90,1.0,1.5,6,8.0,10.0,SOLUSDT,32,43.7684506163208,0.375,-0.3526986199288293,-11.286355837722537,,,0.4552591935375173,0.786033956532208,-1.0359381658054516
1h,fz2.5_react0.25_body0.25_cl0.7_cs0.3,model_a,stress,next_open,2.5,0.25,0.25,0.7,0.3,90,1.0,1.5,6,8.0,10.0,XRPUSDT,19,23.05883981725045,0.5263157894736842,-0.04671994798836092,-0.8876790117788574,,,0.9096275470336722,0.8934772218017916,-1.0913834699774192
1h,fz2.5_react0.25_body0.5_cl0.6_cs0.4,model_a,stress,next_open,2.5,0.25,0.5,0.6,0.4,90,1.0,1.5,6,8.0,10.0,ADAUSDT,34,39.91482523101647,0.38235294117647056,-0.14873495537654327,-5.056988482802471,,,0.7327569510068284,1.06660137967335,-0.9010860199312389
1h,fz2.5_react0.25_body0.5_cl0.6_cs0.4,model_a,stress,next_open,2.5,0.25,0.5,0.6,0.4,90,1.0,1.5,6,8.0,10.0,AVAXUSDT,30,35.833219784711815,0.36666666666666664,-0.32200400103522947,-9.660120031056884,,,0.5711326298922942,1.1695096396960791,-1.185511898300724
1h,fz2.5_react0.25_body0.5_cl0.6_cs0.4,model_a,stress,next_open,2.5,0.25,0.5,0.6,0.4,90,1.0,1.5,6,8.0,10.0,BNBUSDT,54,62.564631245043614,0.35185185185185186,-0.494860060779736,-26.722443282105743,,,0.3793878992087866,0.8597769512422517,-1.2302344387345294
1h,fz2.5_react0.25_body0.5_cl0.6_cs0.4,model_a,stress,next_open,2.5,0.25,0.5,0.6,0.4,90,1.0,1.5,6,8.0,10.0,BTCUSDT,24,31.504043126684635,0.2916666666666667,-0.7586364003575232,-18.207273608580557,,,0.2652727586344652,0.9391033502804215,-1.4577057094437358
1h,fz2.5_react0.25_body0.5_cl0.6_cs0.4,model_a,stress,next_open,2.5,0.25,0.5,0.6,0.4,90,1.0,1.5,6,8.0,10.0,ETHUSDT,20,23.466738053808058,0.4,-0.2875400582583841,-5.750801165167681,,,0.5639660448476582,0.9297603287259452,-1.0990736495812703
1h,fz2.5_react0.25_body0.5_cl0.6_cs0.4,model_a,stress,next_open,2.5,0.25,0.5,0.6,0.4,90,1.0,1.5,6,8.0,10.0,LINKUSDT,37,40.787474849094565,0.32432432432432434,-0.4392023690131295,-16.25048765348579,,,0.40075540641803165,0.9056500542257413,-1.0847315321677875
1h,fz2.5_react0.25_body0.5_cl0.6_cs0.4,model_a,stress,next_open,2.5,0.25,0.5,0.6,0.4,90,1.0,1.5,6,8.0,10.0,LTCUSDT,22,34.536532951289395,0.36363636363636365,-0.3338868111304943,-7.345509844870874,,,0.5138736096984584,0.9705972907369719,-1.0793062979119035
1h,fz2.5_react0.25_body0.5_cl0.6_cs0.4,model_a,stress,next_open,2.5,0.25,0.5,0.6,0.4,90,1.0,1.5,6,8.0,10.0,SOLUSDT,26,35.56186612576065,0.4230769230769231,-0.3140986612977069,-8.16656519374038,,,0.5324574881579177,0.8454941004002774,-1.1644666865428954
1h,fz2.5_react0.25_body0.5_cl0.6_cs0.4,model_a,stress,next_open,2.5,0.25,0.5,0.6,0.4,90,1.0,1.5,6,8.0,10.0,XRPUSDT,20,24.279185708350642,0.45,-0.0777446290498541,-1.554892580997082,,,0.8608761095955155,1.0690470614803838,-1.016028739483685
1h,fz2.5_react0.25_body0.5_cl0.7_cs0.3,model_a,stress,next_open,2.5,0.25,0.5,0.7,0.3,90,1.0,1.5,6,8.0,10.0,ADAUSDT,31,36.39292888710325,0.3870967741935484,-0.10698289233165169,-3.3164696622812024,,,0.7997511323263852,1.10377252006012,-0.8716705212106653
1h,fz2.5_react0.25_body0.5_cl0.7_cs0.3,model_a,stress,next_open,2.5,0.25,0.5,0.7,0.3,90,1.0,1.5,6,8.0,10.0,AVAXUSDT,27,32.24989780624063,0.37037037037037035,-0.3146961361869599,-8.496795677047917,,,0.5765586353300433,1.156925451545177,-1.180355893676452
1h,fz2.5_react0.25_body0.5_cl0.7_cs0.3,model_a,stress,next_open,2.5,0.25,0.5,0.7,0.3,90,1.0,1.5,6,8.0,10.0,BNBUSDT,48,55.760402862443684,0.375,-0.417246135770744,-20.02781451699571,,,0.4423610021273386,0.8826423281367122,-1.1971792141152175
1h,fz2.5_react0.25_body0.5_cl0.7_cs0.3,model_a,stress,next_open,2.5,0.25,0.5,0.7,0.3,90,1.0,1.5,6,8.0,10.0,BTCUSDT,21,27.566037735849054,0.3333333333333333,-0.6533782892153819,-13.72094407352302,,,0.3239138282855677,0.9391033502804215,-1.4496191089632835
1h,fz2.5_react0.25_body0.5_cl0.7_cs0.3,model_a,stress,next_open,2.5,0.25,0.5,0.7,0.3,90,1.0,1.5,6,8.0,10.0,ETHUSDT,19,22.293401151117656,0.3684210526315789,-0.43456652735315177,-8.256764019709884,,,0.37396036328293525,0.7045885393236228,-1.0990736495812703
1h,fz2.5_react0.25_body0.5_cl0.7_cs0.3,model_a,stress,next_open,2.5,0.25,0.5,0.7,0.3,90,1.0,1.5,6,8.0,10.0,LINKUSDT,34,37.480382293762574,0.3235294117647059,-0.463719105256183,-15.76644957871022,,,0.3780333401163387,0.8711726236449171,-1.1021455842958396
1h,fz2.5_react0.25_body0.5_cl0.7_cs0.3,model_a,stress,next_open,2.5,0.25,0.5,0.7,0.3,90,1.0,1.5,6,8.0,10.0,LTCUSDT,22,34.536532951289395,0.2727272727272727,-0.5623274994983766,-12.371204988964285,,,0.2980114941956364,0.8753137820343971,-1.1014429800731667
1h,fz2.5_react0.25_body0.5_cl0.7_cs0.3,model_a,stress,next_open,2.5,0.25,0.5,0.7,0.3,90,1.0,1.5,6,8.0,10.0,SOLUSDT,25,34.19410204400062,0.44,-0.319961238463318,-7.99903096158295,,,0.5018956864206181,0.7327196744126169,-1.1470676700086955
1h,fz2.5_react0.25_body0.5_cl0.7_cs0.3,model_a,stress,next_open,2.5,0.25,0.5,0.7,0.3,90,1.0,1.5,6,8.0,10.0,XRPUSDT,18,21.851267137515578,0.5,-0.04454532542583928,-0.801815857665107,,,0.9123961633940068,0.9278813711885479,-1.0169720220402263
1h,fz2.5_react0_body0.25_cl0.6_cs0.4,model_a,stress,next_open,2.5,0.0,0.25,0.6,0.4,90,1.0,1.5,6,8.0,10.0,ADAUSDT,39,45.77239255589771,0.38461538461538464,-0.1523866952304252,-5.943081113986582,,,0.7265247389497973,1.0525742958285211,-0.9054873146422665
1h,fz2.5_react0_body0.25_cl0.6_cs0.4,model_a,stress,next_open,2.5,0.0,0.25,0.6,0.4,90,1.0,1.5,6,8.0,10.0,AVAXUSDT,36,42.999863741654174,0.3888888888888889,-0.2658730108018315,-9.571428388865934,,,0.6013574194545545,1.0313301326120616,-1.0913659202470363
1h,fz2.5_react0_body0.25_cl0.6_cs0.4,model_a,stress,next_open,2.5,0.0,0.25,0.6,0.4,90,1.0,1.5,6,8.0,10.0,BNBUSDT,74,85.74805023132849,0.3108108108108108,-0.5644158982528894,-41.766776470713815,,,0.33417286494946224,0.9114079523556314,-1.2299835171547713
1h,fz2.5_react0_body0.25_cl0.6_cs0.4,model_a,stress,next_open,2.5,0.0,0.25,0.6,0.4,90,1.0,1.5,6,8.0,10.0,BTCUSDT,28,32.368192008439934,0.25,-0.7761739947418463,-21.732871852771698,,,0.2322329259733829,0.9391033502804215,-1.347933109749269
1h,fz2.5_react0_body0.25_cl0.6_cs0.4,model_a,stress,next_open,2.5,0.0,0.25,0.6,0.4,90,1.0,1.5,6,8.0,10.0,ETHUSDT,25,29.333422567260072,0.4,-0.2793409116172161,-6.983522790430402,,,0.577038398854246,0.9527486179444985,-1.1007339313250255
1h,fz2.5_react0_body0.25_cl0.6_cs0.4,model_a,stress,next_open,2.5,0.0,0.25,0.6,0.4,90,1.0,1.5,6,8.0,10.0,LINKUSDT,43,47.395699735948696,0.32558139534883723,-0.2870074034460942,-12.341318348182051,,,0.5511940663841043,1.0826285189473794,-0.9482109521877711
1h,fz2.5_react0_body0.25_cl0.6_cs0.4,model_a,stress,next_open,2.5,0.0,0.25,0.6,0.4,90,1.0,1.5,6,8.0,10.0,LTCUSDT,27,42.37815577439571,0.4074074074074074,-0.2761890033918795,-7.457103091580747,,,0.5414398322377163,0.8004447063051299,-1.0163746788085735
1h,fz2.5_react0_body0.25_cl0.6_cs0.4,model_a,stress,next_open,2.5,0.0,0.25,0.6,0.4,90,1.0,1.5,6,8.0,10.0,SOLUSDT,36,49.2395069433609,0.3611111111111111,-0.33381349303708396,-12.017285749335022,,,0.5061599587573486,0.9474679359352641,-1.0580160398475413
1h,fz2.5_react0_body0.25_cl0.6_cs0.4,model_a,stress,next_open,2.5,0.0,0.25,0.6,0.4,90,1.0,1.5,6,8.0,10.0,XRPUSDT,21,25.48608611380313,0.47619047619047616,-0.02687869087611501,-0.5644525083984152,,,0.9475889139887027,1.0205263430644442,-0.9790650853675323
1h,fz2.5_react0_body0.25_cl0.7_cs0.3,model_a,stress,next_open,2.5,0.0,0.25,0.7,0.3,90,1.0,1.5,6,8.0,10.0,ADAUSDT,35,41.07778819119025,0.42857142857142855,-0.014418859405851069,-0.5046600792047874,,,0.9702396284136597,1.096852809341489,-0.8478726109663561
1h,fz2.5_react0_body0.25_cl0.7_cs0.3,model_a,stress,next_open,2.5,0.0,0.25,0.7,0.3,90,1.0,1.5,6,8.0,10.0,AVAXUSDT,33,39.41654176318299,0.3939393939393939,-0.2302556144062194,-7.59843527540524,,,0.6494770916102884,1.0829994768783622,-1.0838714237411975
1h,fz2.5_react0_body0.25_cl0.7_cs0.3,model_a,stress,next_open,2.5,0.0,0.25,0.7,0.3,90,1.0,1.5,6,8.0,10.0,BNBUSDT,66,76.47799074686054,0.3333333333333333,-0.5229072493162605,-34.5118784548732,,,0.3706199995646637,0.9237656950327421,-1.246243721490762
1h,fz2.5_react0_body0.25_cl0.7_cs0.3,model_a,stress,next_open,2.5,0.0,0.25,0.7,0.3,90,1.0,1.5,6,8.0,10.0,BTCUSDT,25,28.900171436107083,0.28,-0.7299203459849474,-18.248008649623685,,,0.2648374184790573,0.9391033502804215,-1.378985116754813
1h,fz2.5_react0_body0.25_cl0.7_cs0.3,model_a,stress,next_open,2.5,0.0,0.25,0.7,0.3,90,1.0,1.5,6,8.0,10.0,ETHUSDT,22,25.813411859188864,0.4090909090909091,-0.3272473580034823,-7.199441876076611,,,0.5187668520499559,0.8623290243405626,-1.150800238087821
1h,fz2.5_react0_body0.25_cl0.7_cs0.3,model_a,stress,next_open,2.5,0.0,0.25,0.7,0.3,90,1.0,1.5,6,8.0,10.0,LINKUSDT,39,42.98679743493022,0.3076923076923077,-0.35971264422407717,-14.028793124739009,,,0.47102625764877726,1.040998414449219,-0.9822508925233199
1h,fz2.5_react0_body0.25_cl0.7_cs0.3,model_a,stress,next_open,2.5,0.0,0.25,0.7,0.3,90,1.0,1.5,6,8.0,10.0,LTCUSDT,26,40.80859444941809,0.38461538461538464,-0.37784464301311727,-9.823960718341048,,,0.4336405975226702,0.7521845982085862,-1.0841129187766818
1h,fz2.5_react0_body0.25_cl0.7_cs0.3,model_a,stress,next_open,2.5,0.0,0.25,0.7,0.3,90,1.0,1.5,6,8.0,10.0,SOLUSDT,32,43.7684506163208,0.375,-0.33615053181246807,-10.756817017998978,,,0.47873334424151803,0.823258583607847,-1.0317960010646572
1h,fz2.5_react0_body0.25_cl0.7_cs0.3,model_a,stress,next_open,2.5,0.0,0.25,0.7,0.3,90,1.0,1.5,6,8.0,10.0,XRPUSDT,20,24.27246296552679,0.5,-0.05692692165860645,-1.138538433172129,,,0.8869747521349771,0.8934772218017916,-1.0073310651190046
1h,fz2.5_react0_body0.5_cl0.6_cs0.4,model_a,stress,next_open,2.5,0.0,0.5,0.6,0.4,90,1.0,1.5,6,8.0,10.0,ADAUSDT,34,39.91482523101647,0.38235294117647056,-0.14873495537654327,-5.056988482802471,,,0.7327569510068284,1.06660137967335,-0.9010860199312389
1h,fz2.5_react0_body0.5_cl0.6_cs0.4,model_a,stress,next_open,2.5,0.0,0.5,0.6,0.4,90,1.0,1.5,6,8.0,10.0,AVAXUSDT,30,35.833219784711815,0.36666666666666664,-0.32200400103522947,-9.660120031056884,,,0.5711326298922942,1.1695096396960791,-1.185511898300724
1h,fz2.5_react0_body0.5_cl0.6_cs0.4,model_a,stress,next_open,2.5,0.0,0.5,0.6,0.4,90,1.0,1.5,6,8.0,10.0,BNBUSDT,55,63.723235527359236,0.34545454545454546,-0.5114722582429865,-28.130974203364257,,,0.3673703860758589,0.8597769512422517,-1.23518711880464
1h,fz2.5_react0_body0.5_cl0.6_cs0.4,model_a,stress,next_open,2.5,0.0,0.5,0.6,0.4,90,1.0,1.5,6,8.0,10.0,BTCUSDT,25,28.892551087673038,0.28,-0.7632303785487019,-19.08075946371755,,,0.256240730852734,0.9391033502804215,-1.4252490508711386
1h,fz2.5_react0_body0.5_cl0.6_cs0.4,model_a,stress,next_open,2.5,0.0,0.5,0.6,0.4,90,1.0,1.5,6,8.0,10.0,ETHUSDT,20,23.466738053808058,0.4,-0.2875400582583841,-5.750801165167681,,,0.5639660448476582,0.9297603287259452,-1.0990736495812703
1h,fz2.5_react0_body0.5_cl0.6_cs0.4,model_a,stress,next_open,2.5,0.0,0.5,0.6,0.4,90,1.0,1.5,6,8.0,10.0,LINKUSDT,38,41.88983903420523,0.3157894736842105,-0.4464483349844644,-16.965036729409647,,,0.39046686122170016,0.9056500542257413,-1.0704937453891747
1h,fz2.5_react0_body0.5_cl0.6_cs0.4,model_a,stress,next_open,2.5,0.0,0.5,0.6,0.4,90,1.0,1.5,6,8.0,10.0,LTCUSDT,23,36.10637535816619,0.391304347826087,-0.3161846138756487,-7.272246119139921,,,0.5187222085407157,0.8708935612918586,-1.0793062979119035
1h,fz2.5_react0_body0.5_cl0.6_cs0.4,model_a,stress,next_open,2.5,0.0,0.5,0.6,0.4,90,1.0,1.5,6,8.0,10.0,SOLUSDT,26,35.56186612576065,0.4230769230769231,-0.3140986612977069,-8.16656519374038,,,0.5324574881579177,0.8454941004002774,-1.1644666865428954
1h,fz2.5_react0_body0.5_cl0.6_cs0.4,model_a,stress,next_open,2.5,0.0,0.5,0.6,0.4,90,1.0,1.5,6,8.0,10.0,XRPUSDT,20,24.279185708350642,0.45,-0.0777446290498541,-1.554892580997082,,,0.8608761095955155,1.0690470614803838,-1.016028739483685
1h,fz2.5_react0_body0.5_cl0.7_cs0.3,model_a,stress,next_open,2.5,0.0,0.5,0.7,0.3,90,1.0,1.5,6,8.0,10.0,ADAUSDT,31,36.39292888710325,0.3870967741935484,-0.10698289233165169,-3.3164696622812024,,,0.7997511323263852,1.10377252006012,-0.8716705212106653
1h,fz2.5_react0_body0.5_cl0.7_cs0.3,model_a,stress,next_open,2.5,0.0,0.5,0.7,0.3,90,1.0,1.5,6,8.0,10.0,AVAXUSDT,27,32.24989780624063,0.37037037037037035,-0.3146961361869599,-8.496795677047917,,,0.5765586353300433,1.156925451545177,-1.180355893676452
1h,fz2.5_react0_body0.5_cl0.7_cs0.3,model_a,stress,next_open,2.5,0.0,0.5,0.7,0.3,90,1.0,1.5,6,8.0,10.0,BNBUSDT,49,56.922077922077925,0.3673469387755102,-0.43747643751539234,-21.436345438254225,,,0.4256671671517921,0.8826423281367122,-1.2039970111198401
1h,fz2.5_react0_body0.5_cl0.7_cs0.3,model_a,stress,next_open,2.5,0.0,0.5,0.7,0.3,90,1.0,1.5,6,8.0,10.0,BTCUSDT,22,25.425444957152273,0.3181818181818182,-0.6633831785754549,-14.594429928660007,,,0.310547799506236,0.9391033502804215,-1.4112102253748637
1h,fz2.5_react0_body0.5_cl0.7_cs0.3,model_a,stress,next_open,2.5,0.0,0.5,0.7,0.3,90,1.0,1.5,6,8.0,10.0,ETHUSDT,19,22.293401151117656,0.3684210526315789,-0.43456652735315177,-8.256764019709884,,,0.37396036328293525,0.7045885393236228,-1.0990736495812703
1h,fz2.5_react0_body0.5_cl0.7_cs0.3,model_a,stress,next_open,2.5,0.0,0.5,0.7,0.3,90,1.0,1.5,6,8.0,10.0,LINKUSDT,34,37.480382293762574,0.3235294117647059,-0.463719105256183,-15.76644957871022,,,0.3780333401163387,0.8711726236449171,-1.1021455842958396
1h,fz2.5_react0_body0.5_cl0.7_cs0.3,model_a,stress,next_open,2.5,0.0,0.5,0.7,0.3,90,1.0,1.5,6,8.0,10.0,LTCUSDT,23,36.10637535816619,0.30434782608695654,-0.5346930984014492,-12.297941263233332,,,0.30216875239331487,0.7607352025624766,-1.1014429800731667
1h,fz2.5_react0_body0.5_cl0.7_cs0.3,model_a,stress,next_open,2.5,0.0,0.5,0.7,0.3,90,1.0,1.5,6,8.0,10.0,SOLUSDT,25,34.19410204400062,0.44,-0.318327426706217,-7.958185667655425,,,0.5031754932742949,0.7327196744126169,-1.1441501490138724
1h,fz2.5_react0_body0.5_cl0.7_cs0.3,model_a,stress,next_open,2.5,0.0,0.5,0.7,0.3,90,1.0,1.5,6,8.0,10.0,XRPUSDT,19,23.06522642293311,0.47368421052631576,-0.05598758498140688,-1.0637641146467307,,,0.8870102589401115,0.9278813711885479,-0.9414696455343661
1h,fz2_react0.25_body0.25_cl0.6_cs0.4,model_a,stress,next_open,2.0,0.25,0.25,0.6,0.4,90,1.0,1.5,6,8.0,10.0,ADAUSDT,70,82.1555763823805,0.32857142857142857,-0.2924214737838182,-20.469503164867277,,,0.5365508512400978,1.030358278925441,-0.9397392251096259
1h,fz2_react0.25_body0.25_cl0.6_cs0.4,model_a,stress,next_open,2.0,0.25,0.25,0.6,0.4,90,1.0,1.5,6,8.0,10.0,AVAXUSDT,57,62.77949491142103,0.40350877192982454,-0.2324728202298129,-13.250950753099335,,,0.6144277237883452,0.9180877824846264,-1.0107932279484042
1h,fz2_react0.25_body0.25_cl0.6_cs0.4,model_a,stress,next_open,2.0,0.25,0.25,0.6,0.4,90,1.0,1.5,6,8.0,10.0,BNBUSDT,97,110.42883116883117,0.29896907216494845,-0.5922327232918703,-57.44657415931142,,,0.2961454482943011,0.8334667427776161,-1.2002516132332688
1h,fz2_react0.25_body0.25_cl0.6_cs0.4,model_a,stress,next_open,2.0,0.25,0.25,0.6,0.4,90,1.0,1.5,6,8.0,10.0,BTCUSDT,81,93.63655545298695,0.14814814814814814,-1.0422530386458013,-84.42249613030991,,,0.09979741053762266,0.7799305959523973,-1.3591545403150533
1h,fz2_react0.25_body0.25_cl0.6_cs0.4,model_a,stress,next_open,2.0,0.25,0.25,0.6,0.4,90,1.0,1.5,6,8.0,10.0,ETHUSDT,54,60.45517241379311,0.35185185185185186,-0.38542609363851593,-20.81300905647986,,,0.45210279216366567,0.9038978934446797,-1.0853448294836794
1h,fz2_react0.25_body0.25_cl0.6_cs0.4,model_a,stress,next_open,2.0,0.25,0.25,0.6,0.4,90,1.0,1.5,6,8.0,10.0,LINKUSDT,70,77.16549295774648,0.2857142857142857,-0.48327614979548345,-33.82933048568384,,,0.3720950791836521,1.0023593531832007,-1.0775303509869572
1h,fz2_react0.25_body0.25_cl0.6_cs0.4,model_a,stress,next_open,2.0,0.25,0.25,0.6,0.4,90,1.0,1.5,6,8.0,10.0,LTCUSDT,63,70.96607555898227,0.38095238095238093,-0.33927053853841665,-21.374043927920248,,,0.5170090404017984,0.9533109713786415,-1.1347053138719907
1h,fz2_react0.25_body0.25_cl0.6_cs0.4,model_a,stress,next_open,2.0,0.25,0.25,0.6,0.4,90,1.0,1.5,6,8.0,10.0,SOLUSDT,64,78.65189962147764,0.34375,-0.39386647468068253,-25.207454379563682,,,0.4576073479006493,0.9666861603700543,-1.1065369025644018
1h,fz2_react0.25_body0.25_cl0.6_cs0.4,model_a,stress,next_open,2.0,0.25,0.25,0.6,0.4,90,1.0,1.5,6,8.0,10.0,XRPUSDT,50,60.681157413816976,0.48,-0.19182619816815322,-9.591309908407661,,,0.6708484225100829,0.8145076060559707,-1.1207497097596524
1h,fz2_react0.25_body0.25_cl0.7_cs0.3,model_a,stress,next_open,2.0,0.25,0.25,0.7,0.3,90,1.0,1.5,6,8.0,10.0,ADAUSDT,59,69.245414379435,0.3559322033898305,-0.21615412650432397,-12.753093463755114,,,0.6393579324027906,1.076623664044379,-0.9305839581233439
1h,fz2_react0.25_body0.25_cl0.7_cs0.3,model_a,stress,next_open,2.0,0.25,0.25,0.7,0.3,90,1.0,1.5,6,8.0,10.0,AVAXUSDT,51,56.149962321024866,0.37254901960784315,-0.2725910401783673,-13.902143049096734,,,0.5662720193251973,0.9552912822543187,-1.0016461691227747
1h,fz2_react0.25_body0.25_cl0.7_cs0.3,model_a,stress,next_open,2.0,0.25,0.25,0.7,0.3,90,1.0,1.5,6,8.0,10.0,BNBUSDT,86,97.90597402597403,0.32558139534883723,-0.5280359591647672,-45.41109248816998,,,0.34131541102621743,0.840392783110417,-1.1886567312976146
1h,fz2_react0.25_body0.25_cl0.7_cs0.3,model_a,stress,next_open,2.0,0.25,0.25,0.7,0.3,90,1.0,1.5,6,8.0,10.0,BTCUSDT,72,83.2324937359884,0.1527777777777778,-1.0639399927898163,-76.60367948086677,,,0.10631599772505909,0.8284600691364278,-1.4051924629732373
1h,fz2_react0.25_body0.25_cl0.7_cs0.3,model_a,stress,next_open,2.0,0.25,0.25,0.7,0.3,90,1.0,1.5,6,8.0,10.0,ETHUSDT,47,52.6183908045977,0.3829787234042553,-0.33768694401331617,-15.87128636862586,,,0.4819497297364719,0.8202938568145686,-1.0564336479754515
1h,fz2_react0.25_body0.25_cl0.7_cs0.3,model_a,stress,next_open,2.0,0.25,0.25,0.7,0.3,90,1.0,1.5,6,8.0,10.0,LINKUSDT,64,70.5513078470825,0.296875,-0.4722661808206011,-30.225035572518472,,,0.38300288624065054,0.9874886985815371,-1.0886071299015039
1h,fz2_react0.25_body0.25_cl0.7_cs0.3,model_a,stress,next_open,2.0,0.25,0.25,0.7,0.3,90,1.0,1.5,6,8.0,10.0,LTCUSDT,60,67.5693730729702,0.35,-0.426271518184997,-25.57629109109982,,,0.43422615781365365,0.9347412074032995,-1.1591245242710027
1h,fz2_react0.25_body0.25_cl0.7_cs0.3,model_a,stress,next_open,2.0,0.25,0.25,0.7,0.3,90,1.0,1.5,6,8.0,10.0,SOLUSDT,60,73.73615589513528,0.31666666666666665,-0.47445887650379626,-28.467532590227776,,,0.3651419516949762,0.8617500721691278,-1.093677657596127
1h,fz2_react0.25_body0.25_cl0.7_cs0.3,model_a,stress,next_open,2.0,0.25,0.25,0.7,0.3,90,1.0,1.5,6,8.0,10.0,XRPUSDT,44,53.39941852415894,0.5,-0.16114608606010203,-7.090427786644489,,,0.7061396888284323,0.7744608083530135,-1.0967529804732175
1h,fz2_react0.25_body0.5_cl0.6_cs0.4,model_a,stress,next_open,2.0,0.25,0.5,0.6,0.4,90,1.0,1.5,6,8.0,10.0,ADAUSDT,59,69.26396143029329,0.3220338983050847,-0.27508382685297034,-16.22994578432525,,,0.552266347971972,1.0536401491440026,-0.9062277154515325
1h,fz2_react0.25_body0.5_cl0.6_cs0.4,model_a,stress,next_open,2.0,0.25,0.5,0.6,0.4,90,1.0,1.5,6,8.0,10.0,AVAXUSDT,49,53.94800301431801,0.40816326530612246,-0.2568726497228363,-12.58675983641898,,,0.6011339815884165,0.9484800291956847,-1.0881503593218165
1h,fz2_react0.25_body0.5_cl0.6_cs0.4,model_a,stress,next_open,2.0,0.25,0.5,0.6,0.4,90,1.0,1.5,6,8.0,10.0,BNBUSDT,76,86.52155844155844,0.34210526315789475,-0.473959140675229,-36.0208946913174,,,0.38323632343753344,0.8608530533601394,-1.1680614815736206
1h,fz2_react0.25_body0.5_cl0.6_cs0.4,model_a,stress,next_open,2.0,0.25,0.5,0.6,0.4,90,1.0,1.5,6,8.0,10.0,BTCUSDT,67,78.16369443705084,0.16417910447761194,-1.0380627031391272,-69.55020111032152,,,0.11448074259770795,0.8174103503649749,-1.402530624363147
1h,fz2_react0.25_body0.5_cl0.6_cs0.4,model_a,stress,next_open,2.0,0.25,0.5,0.6,0.4,90,1.0,1.5,6,8.0,10.0,ETHUSDT,47,52.62511176395453,0.3404255319148936,-0.430134721718263,-20.21633192075836,,,0.3913746599061182,0.812503143232536,-1.0714962004025463
1h,fz2_react0.25_body0.5_cl0.6_cs0.4,model_a,stress,next_open,2.0,0.25,0.5,0.6,0.4,90,1.0,1.5,6,8.0,10.0,LINKUSDT,63,69.44894366197184,0.2698412698412698,-0.5898894201928097,-37.163033472147006,,,0.28897296355794466,0.8884506964483547,-1.1362325067775878
1h,fz2_react0.25_body0.5_cl0.6_cs0.4,model_a,stress,next_open,2.0,0.25,0.5,0.6,0.4,90,1.0,1.5,6,8.0,10.0,LTCUSDT,56,63.08095605242868,0.3392857142857143,-0.41793613273428093,-23.40442343311973,,,0.44098868942788966,0.9717425090176222,-1.131554894714988
1h,fz2_react0.25_body0.5_cl0.6_cs0.4,model_a,stress,next_open,2.0,0.25,0.5,0.6,0.4,90,1.0,1.5,6,8.0,10.0,SOLUSDT,53,65.13360437403617,0.33962264150943394,-0.44876085167969654,-23.784325139023917,,,0.415235891541731,0.9382800983782218,-1.1620961974237687
1h,fz2_react0.25_body0.5_cl0.6_cs0.4,model_a,stress,next_open,2.0,0.25,0.5,0.6,0.4,90,1.0,1.5,6,8.0,10.0,XRPUSDT,45,54.628167843788944,0.4666666666666667,-0.17617587960964037,-7.927914582433816,,,0.6870071541648753,0.8286411879947335,-1.0553908137634676
1h,fz2_react0.25_body0.5_cl0.7_cs0.3,model_a,stress,next_open,2.0,0.25,0.5,0.7,0.3,90,1.0,1.5,6,8.0,10.0,ADAUSDT,52,61.046203294495776,0.34615384615384615,-0.21022810472302017,-10.931861445597049,,,0.6395750190336488,1.0777008410391078,-0.8920728407147349
1h,fz2_react0.25_body0.5_cl0.7_cs0.3,model_a,stress,next_open,2.0,0.25,0.5,0.7,0.3,90,1.0,1.5,6,8.0,10.0,AVAXUSDT,45,49.544084400904296,0.37777777777777777,-0.27171270873298925,-12.227071892984515,,,0.5799298651698485,0.9929496174122586,-1.0395434067497469
1h,fz2_react0.25_body0.5_cl0.7_cs0.3,model_a,stress,next_open,2.0,0.25,0.5,0.7,0.3,90,1.0,1.5,6,8.0,10.0,BNBUSDT,68,77.41402597402598,0.35294117647058826,-0.4246799746849563,-28.878238278577026,,,0.41951698473641175,0.8695999085080227,-1.1306508200629448
1h,fz2_react0.25_body0.5_cl0.7_cs0.3,model_a,stress,next_open,2.0,0.25,0.5,0.7,0.3,90,1.0,1.5,6,8.0,10.0,BTCUSDT,61,71.16396060686718,0.16393442622950818,-1.0583376141318548,-64.55859446204315,,,0.11503695986007516,0.8392016505659576,-1.4304041366216218
1h,fz2_react0.25_body0.5_cl0.7_cs0.3,model_a,stress,next_open,2.0,0.25,0.5,0.7,0.3,90,1.0,1.5,6,8.0,10.0,ETHUSDT,44,49.2660620768936,0.36363636363636365,-0.45865016384739316,-20.1806072092853,,,0.32032694038144505,0.5944394947419671,-1.0604156830413134
1h,fz2_react0.25_body0.5_cl0.7_cs0.3,model_a,stress,next_open,2.0,0.25,0.5,0.7,0.3,90,1.0,1.5,6,8.0,10.0,LINKUSDT,57,62.83475855130785,0.2807017543859649,-0.5763483443732916,-32.85185562927762,,,0.2960912310277683,0.8636725030629515,-1.138307699470362
1h,fz2_react0.25_body0.5_cl0.7_cs0.3,model_a,stress,next_open,2.0,0.25,0.5,0.7,0.3,90,1.0,1.5,6,8.0,10.0,LTCUSDT,54,60.8906611782866,0.3148148148148148,-0.49996384690363477,-26.998047732796277,,,0.37123210037409166,0.9376453417220415,-1.1604869876235402
1h,fz2_react0.25_body0.5_cl0.7_cs0.3,model_a,stress,next_open,2.0,0.25,0.5,0.7,0.3,90,1.0,1.5,6,8.0,10.0,SOLUSDT,52,63.90466844245058,0.3269230769230769,-0.4954597225607129,-25.76390557315707,,,0.35864917609288605,0.8474946355235136,-1.14775183934448
1h,fz2_react0.25_body0.5_cl0.7_cs0.3,model_a,stress,next_open,2.0,0.25,0.5,0.7,0.3,90,1.0,1.5,6,8.0,10.0,XRPUSDT,41,49.772330702118815,0.4878048780487805,-0.13031697169392925,-5.342995839451099,,,0.7589059876099764,0.8409233174515828,-1.0553077232610837
1h,fz2_react0_body0.25_cl0.6_cs0.4,model_a,stress,next_open,2.0,0.0,0.25,0.6,0.4,90,1.0,1.5,6,8.0,10.0,ADAUSDT,68,79.80827420002677,0.35294117647058826,-0.22648414800384442,-15.40092206426142,,,0.6175970847184912,1.0363811951527762,-0.9153197897256375
1h,fz2_react0_body0.25_cl0.6_cs0.4,model_a,stress,next_open,2.0,0.0,0.25,0.6,0.4,90,1.0,1.5,6,8.0,10.0,AVAXUSDT,60,66.0836788541274,0.38333333333333336,-0.24646690742171246,-14.788014445302748,,,0.5883225958008542,0.9188413439703477,-0.9708477123411012
1h,fz2_react0_body0.25_cl0.6_cs0.4,model_a,stress,next_open,2.0,0.0,0.25,0.6,0.4,90,1.0,1.5,6,8.0,10.0,BNBUSDT,103,117.25948051948052,0.2912621359223301,-0.6146905267440924,-63.31312425464152,,,0.2919750497806616,0.8703013738094706,-1.2249611708072006
1h,fz2_react0_body0.25_cl0.6_cs0.4,model_a,stress,next_open,2.0,0.0,0.25,0.6,0.4,90,1.0,1.5,6,8.0,10.0,BTCUSDT,87,100.57259659765265,0.14942528735632185,-1.0373514420957943,-90.2495754623341,,,0.10047077464114776,0.7754008774053768,-1.355807930656811
1h,fz2_react0_body0.25_cl0.6_cs0.4,model_a,stress,next_open,2.0,0.0,0.25,0.6,0.4,90,1.0,1.5,6,8.0,10.0,ETHUSDT,60,67.17241379310344,0.36666666666666664,-0.3566071098714914,-21.396426592289483,,,0.4877162294577918,0.9259236509782728,-1.099124918784513
1h,fz2_react0_body0.25_cl0.6_cs0.4,model_a,stress,next_open,2.0,0.0,0.25,0.6,0.4,90,1.0,1.5,6,8.0,10.0,LINKUSDT,72,79.3602414183327,0.2916666666666667,-0.4069738768190123,-29.302119130968887,,,0.4267580570482782,1.038779821586368,-1.0022842232212277
1h,fz2_react0_body0.25_cl0.6_cs0.4,model_a,stress,next_open,2.0,0.0,0.25,0.6,0.4,90,1.0,1.5,6,8.0,10.0,LTCUSDT,66,74.33586020814596,0.3787878787878788,-0.32865285817042983,-21.69108863924837,,,0.5063632731597723,0.890012435831059,-1.071741452073777
1h,fz2_react0_body0.25_cl0.6_cs0.4,model_a,stress,next_open,2.0,0.0,0.25,0.6,0.4,90,1.0,1.5,6,8.0,10.0,SOLUSDT,65,79.88083555306322,0.35384615384615387,-0.364188627971592,-23.672260818153482,,,0.4895499595054819,0.987087557490419,-1.104173205724598
1h,fz2_react0_body0.25_cl0.6_cs0.4,model_a,stress,next_open,2.0,0.0,0.25,0.6,0.4,90,1.0,1.5,6,8.0,10.0,XRPUSDT,52,63.10840371036965,0.5,-0.12577624107674604,-6.540364535990794,,,0.7653511120261957,0.8204853370991388,-1.072037819252631
1h,fz2_react0_body0.25_cl0.7_cs0.3,model_a,stress,next_open,2.0,0.0,0.25,0.7,0.3,90,1.0,1.5,6,8.0,10.0,ADAUSDT,58,68.07176328825814,0.3793103448275862,-0.1529818297250758,-8.872946124054396,,,0.7285762932415946,1.0826109671852533,-0.9080663167258325
1h,fz2_react0_body0.25_cl0.7_cs0.3,model_a,stress,next_open,2.0,0.0,0.25,0.7,0.3,90,1.0,1.5,6,8.0,10.0,AVAXUSDT,55,60.55388093443858,0.34545454545454546,-0.3017332573086988,-16.595329151978436,,,0.5226178449020568,0.9562034882633497,-0.9656443174717244
1h,fz2_react0_body0.25_cl0.7_cs0.3,model_a,stress,next_open,2.0,0.0,0.25,0.7,0.3,90,1.0,1.5,6,8.0,10.0,BNBUSDT,94,107.0135064935065,0.30851063829787234,-0.577617042063389,-54.296001953958566,,,0.31930473484346306,0.8782587448560318,-1.227161623919746
1h,fz2_react0_body0.25_cl0.7_cs0.3,model_a,stress,next_open,2.0,0.0,0.25,0.7,0.3,90,1.0,1.5,6,8.0,10.0,BTCUSDT,78,90.16853488065411,0.1282051282051282,-1.1131913729634344,-86.82892709114788,,,0.0881320452062916,0.8392016505659576,-1.4003079940706977
1h,fz2_react0_body0.25_cl0.7_cs0.3,model_a,stress,next_open,2.0,0.0,0.25,0.7,0.3,90,1.0,1.5,6,8.0,10.0,ETHUSDT,50,55.97701149425288,0.4,-0.2909251162227717,-14.546255811138582,,,0.5431553486066126,0.8647224633058606,-1.0613568359085266
1h,fz2_react0_body0.25_cl0.7_cs0.3,model_a,stress,next_open,2.0,0.0,0.25,0.7,0.3,90,1.0,1.5,6,8.0,10.0,LINKUSDT,65,71.64466239155036,0.2923076923076923,-0.4557529832186434,-29.62394390921182,,,0.39262216627843527,1.0078714716547919,-1.0602935189272362
1h,fz2_react0_body0.25_cl0.7_cs0.3,model_a,stress,next_open,2.0,0.0,0.25,0.7,0.3,90,1.0,1.5,6,8.0,10.0,LTCUSDT,61,68.68670520231214,0.3770491803278688,-0.36002232984317495,-21.961362120433673,,,0.47992035251126663,0.8811112499668856,-1.1112347597282117
1h,fz2_react0_body0.25_cl0.7_cs0.3,model_a,stress,next_open,2.0,0.0,0.25,0.7,0.3,90,1.0,1.5,6,8.0,10.0,SOLUSDT,60,73.73615589513528,0.31666666666666665,-0.46563322950840363,-27.937993770504217,,,0.3757980515994392,0.8852603629537419,-1.0916570894298856
1h,fz2_react0_body0.25_cl0.7_cs0.3,model_a,stress,next_open,2.0,0.0,0.25,0.7,0.3,90,1.0,1.5,6,8.0,10.0,XRPUSDT,47,57.040287968987954,0.48936170212765956,-0.17135213758050824,-8.053550466283887,,,0.6853865497767659,0.7628125691083991,-1.0665933148240445
1h,fz2_react0_body0.5_cl0.6_cs0.4,model_a,stress,next_open,2.0,0.0,0.5,0.6,0.4,90,1.0,1.5,6,8.0,10.0,ADAUSDT,59,69.26396143029329,0.3220338983050847,-0.27508382685297034,-16.22994578432525,,,0.552266347971972,1.0536401491440026,-0.9062277154515325
1h,fz2_react0_body0.5_cl0.6_cs0.4,model_a,stress,next_open,2.0,0.0,0.5,0.6,0.4,90,1.0,1.5,6,8.0,10.0,AVAXUSDT,50,55.04898266767144,0.4,-0.2773411511008018,-13.867057555040091,,,0.5776958332251921,0.9484800291956847,-1.0945552712984596
1h,fz2_react0_body0.5_cl0.6_cs0.4,model_a,stress,next_open,2.0,0.0,0.5,0.6,0.4,90,1.0,1.5,6,8.0,10.0,BNBUSDT,77,87.66,0.33766233766233766,-0.4860964365269599,-37.42942561257591,,,0.3742113154694018,0.8608530533601394,-1.1727765686262654
1h,fz2_react0_body0.5_cl0.6_cs0.4,model_a,stress,next_open,2.0,0.0,0.5,0.6,0.4,90,1.0,1.5,6,8.0,10.0,BTCUSDT,69,79.74344100197759,0.15942028985507245,-1.0283139510878214,-70.95366262505968,,,0.11247099887718989,0.8174103503649749,-1.3783651117081792
1h,fz2_react0_body0.5_cl0.6_cs0.4,model_a,stress,next_open,2.0,0.0,0.5,0.6,0.4,90,1.0,1.5,6,8.0,10.0,ETHUSDT,47,52.62511176395453,0.3617021276595745,-0.37608491556762347,-17.675991031678304,,,0.4450770199208214,0.8339448149134059,-1.0617684295068734
1h,fz2_react0_body0.5_cl0.6_cs0.4,model_a,stress,next_open,2.0,0.0,0.5,0.6,0.4,90,1.0,1.5,6,8.0,10.0,LINKUSDT,64,70.5513078470825,0.265625,-0.5918372273136072,-37.87758254807086,,,0.2850756341074255,0.8884506964483547,-1.127260518887083
1h,fz2_react0_body0.5_cl0.6_cs0.4,model_a,stress,next_open,2.0,0.0,0.5,0.6,0.4,90,1.0,1.5,6,8.0,10.0,LTCUSDT,57,64.20740169622205,0.3508771929824561,-0.4093185913576979,-23.331159707388778,,,0.44273858305185737,0.9268185698532887,-1.131554894714988
1h,fz2_react0_body0.5_cl0.6_cs0.4,model_a,stress,next_open,2.0,0.0,0.5,0.6,0.4,90,1.0,1.5,6,8.0,10.0,SOLUSDT,53,65.13360437403617,0.33962264150943394,-0.44876085167969654,-23.784325139023917,,,0.415235891541731,0.9382800983782218,-1.1620961974237687
1h,fz2_react0_body0.5_cl0.6_cs0.4,model_a,stress,next_open,2.0,0.0,0.5,0.6,0.4,90,1.0,1.5,6,8.0,10.0,XRPUSDT,45,54.628167843788944,0.4666666666666667,-0.17617587960964037,-7.927914582433816,,,0.6870071541648753,0.8286411879947335,-1.0553908137634676
1h,fz2_react0_body0.5_cl0.7_cs0.3,model_a,stress,next_open,2.0,0.0,0.5,0.7,0.3,90,1.0,1.5,6,8.0,10.0,ADAUSDT,52,61.046203294495776,0.34615384615384615,-0.21022810472302017,-10.931861445597049,,,0.6395750190336488,1.0777008410391078,-0.8920728407147349
1h,fz2_react0_body0.5_cl0.7_cs0.3,model_a,stress,next_open,2.0,0.0,0.5,0.7,0.3,90,1.0,1.5,6,8.0,10.0,AVAXUSDT,46,50.64506405425772,0.3695652173913043,-0.2936384698175136,-13.507369611605627,,,0.5554960498488057,0.9929496174122586,-1.0478452795728974
1h,fz2_react0_body0.5_cl0.7_cs0.3,model_a,stress,next_open,2.0,0.0,0.5,0.7,0.3,90,1.0,1.5,6,8.0,10.0,BNBUSDT,69,78.55246753246753,0.34782608695652173,-0.43893868405558756,-30.28676919983554,,,0.40796625431875894,0.8695999085080227,-1.1368259334228463
1h,fz2_react0_body0.5_cl0.7_cs0.3,model_a,stress,next_open,2.0,0.0,0.5,0.7,0.3,90,1.0,1.5,6,8.0,10.0,BTCUSDT,62,71.65352669742913,0.16129032258064516,-1.054981741454202,-65.40886797016053,,,0.11371159797426428,0.8392016505659576,-1.4192477783811557
1h,fz2_react0_body0.5_cl0.7_cs0.3,model_a,stress,next_open,2.0,0.0,0.5,0.7,0.3,90,1.0,1.5,6,8.0,10.0,ETHUSDT,44,49.2660620768936,0.38636363636363635,-0.4009151436410283,-17.640266320205246,,,0.37729195825432305,0.6287084398634586,-1.0491966591808906
1h,fz2_react0_body0.5_cl0.7_cs0.3,model_a,stress,next_open,2.0,0.0,0.5,0.7,0.3,90,1.0,1.5,6,8.0,10.0,LINKUSDT,57,62.83475855130785,0.2807017543859649,-0.5763483443732916,-32.85185562927762,,,0.2960912310277683,0.8636725030629515,-1.138307699470362
1h,fz2_react0_body0.5_cl0.7_cs0.3,model_a,stress,next_open,2.0,0.0,0.5,0.7,0.3,90,1.0,1.5,6,8.0,10.0,LTCUSDT,55,62.01826601492154,0.32727272727272727,-0.48954152740118767,-26.924784007065323,,,0.3729383674124546,0.8896241408336477,-1.1604869876235402
1h,fz2_react0_body0.5_cl0.7_cs0.3,model_a,stress,next_open,2.0,0.0,0.5,0.7,0.3,90,1.0,1.5,6,8.0,10.0,SOLUSDT,52,63.90466844245058,0.3269230769230769,-0.49467423613902983,-25.72306027922955,,,0.3590142137151484,0.8474946355235136,-1.1465848309465507
1h,fz2_react0_body0.5_cl0.7_cs0.3,model_a,stress,next_open,2.0,0.0,0.5,0.7,0.3,90,1.0,1.5,6,8.0,10.0,XRPUSDT,42,50.98628998753635,0.47619047619047616,-0.13345104991506482,-5.604944096432723,,,0.7500405163583649,0.8409233174515828,-1.01924592933929
1h,fz1.5_react0.25_body0.25_cl0.6_cs0.4,model_b,base,next_close,1.5,0.25,0.25,0.6,0.4,90,1.2,2.0,8,4.0,5.0,ADAUSDT,91,101.65744870651204,0.4065934065934066,0.0030316447205934213,0.27587966957400134,,,1.0058810326695706,1.275296007660152,-0.8687050484046599
1h,fz1.5_react0.25_body0.25_cl0.6_cs0.4,model_b,base,next_close,1.5,0.25,0.25,0.6,0.4,90,1.2,2.0,8,4.0,5.0,AVAXUSDT,103,113.4151488506469,0.39805825242718446,-0.17843707488532443,-18.379018713188415,,,0.6711659192777435,0.9149377291241021,-0.9014752517302678
1h,fz1.5_react0.25_body0.25_cl0.6_cs0.4,model_b,base,next_close,1.5,0.25,0.25,0.6,0.4,90,1.2,2.0,8,4.0,5.0,BNBUSDT,108,119.38562421185372,0.4074074074074074,-0.12220854904555829,-13.198523296920296,,,0.7903133753660093,1.1305799259905667,-0.9835006256328942
1h,fz1.5_react0.25_body0.25_cl0.6_cs0.4,model_b,base,next_close,1.5,0.25,0.25,0.6,0.4,90,1.2,2.0,8,4.0,5.0,BTCUSDT,163,181.55756035578145,0.3006134969325153,-0.4232000433296815,-68.98160706273808,,,0.40455101850640895,0.9564581453306066,-1.016211019157349
1h,fz1.5_react0.25_body0.25_cl0.6_cs0.4,model_b,base,next_close,1.5,0.25,0.25,0.6,0.4,90,1.2,2.0,8,4.0,5.0,ETHUSDT,130,143.10938088660052,0.3769230769230769,-0.18807531324675433,-24.449790722078063,,,0.6746242226614455,1.03456022668619,-0.9276943435765602
1h,fz1.5_react0.25_body0.25_cl0.6_cs0.4,model_b,base,next_close,1.5,0.25,0.25,0.6,0.4,90,1.2,2.0,8,4.0,5.0,LINKUSDT,101,111.24085940444779,0.43564356435643564,-0.021515077506113457,-2.173022828117459,,,0.9567206333635678,1.091731537137248,-0.8808633414413397
1h,fz1.5_react0.25_body0.25_cl0.6_cs0.4,model_b,base,next_close,1.5,0.25,0.25,0.6,0.4,90,1.2,2.0,8,4.0,5.0,LTCUSDT,123,135.47154165096117,0.43902439024390244,-0.10601540057600768,-13.039894270848945,,,0.7990508610465474,0.9602152176916761,-0.9404567540028906
1h,fz1.5_react0.25_body0.25_cl0.6_cs0.4,model_b,base,next_close,1.5,0.25,0.25,0.6,0.4,90,1.2,2.0,8,4.0,5.0,SOLUSDT,111,132.38448979591837,0.2972972972972973,-0.32987612507659203,-36.616249883501716,,,0.4561524222967934,0.9306635615945182,-0.8631813771297541
1h,fz1.5_react0.25_body0.25_cl0.6_cs0.4,model_b,base,next_close,1.5,0.25,0.25,0.6,0.4,90,1.2,2.0,8,4.0,5.0,XRPUSDT,112,129.79799048122686,0.375,-0.1757951802544098,-19.689060188493897,,,0.6937452063218226,1.0619224350744063,-0.9184257494516994
1h,fz1.5_react0.25_body0.25_cl0.7_cs0.3,model_b,base,next_close,1.5,0.25,0.25,0.7,0.3,90,1.2,2.0,8,4.0,5.0,ADAUSDT,85,94.95475978080795,0.4470588235294118,0.026284082538569474,2.2341470157784054,,,1.053450726469067,1.1587473825186012,-0.889324542977201
1h,fz1.5_react0.25_body0.25_cl0.7_cs0.3,model_b,base,next_close,1.5,0.25,0.25,0.7,0.3,90,1.2,2.0,8,4.0,5.0,AVAXUSDT,87,95.7852298417483,0.41379310344827586,-0.12219070654075044,-10.630591469045289,,,0.7622435358506028,0.9467086483896874,-0.8767078982563535
1h,fz1.5_react0.25_body0.25_cl0.7_cs0.3,model_b,base,next_close,1.5,0.25,0.25,0.7,0.3,90,1.2,2.0,8,4.0,5.0,BNBUSDT,99,111.89195461578133,0.41414141414141414,-0.09387025483845132,-9.29315522900668,,,0.8332237097996003,1.1324176903715715,-0.960728974728295
1h,fz1.5_react0.25_body0.25_cl0.7_cs0.3,model_b,base,next_close,1.5,0.25,0.25,0.7,0.3,90,1.2,2.0,8,4.0,5.0,BTCUSDT,151,168.19135959339263,0.2847682119205298,-0.4538590794115099,-68.53272099113799,,,0.3800181483816296,0.976910731305484,-1.0235174299747574
1h,fz1.5_react0.25_body0.25_cl0.7_cs0.3,model_b,base,next_close,1.5,0.25,0.25,0.7,0.3,90,1.2,2.0,8,4.0,5.0,ETHUSDT,121,133.20180836368203,0.3884297520661157,-0.1454882082977532,-17.604073204028136,,,0.7388857219315084,1.0598928491428925,-0.9110680691046498
1h,fz1.5_react0.25_body0.25_cl0.7_cs0.3,model_b,base,next_close,1.5,0.25,0.25,0.7,0.3,90,1.2,2.0,8,4.0,5.0,LINKUSDT,91,100.22691292875989,0.45054945054945056,-0.025793299835306514,-2.3471902850128927,,,0.9463906840165761,1.0106356942437345,-0.8756650749801201
1h,fz1.5_react0.25_body0.25_cl0.7_cs0.3,model_b,base,next_close,1.5,0.25,0.25,0.7,0.3,90,1.2,2.0,8,4.0,5.0,LTCUSDT,112,123.35620052770449,0.4642857142857143,-0.0537373196815006,-6.018579804328067,,,0.8907584968893383,0.9437630858190253,-0.9182376711152896
1h,fz1.5_react0.25_body0.25_cl0.7_cs0.3,model_b,base,next_close,1.5,0.25,0.25,0.7,0.3,90,1.2,2.0,8,4.0,5.0,SOLUSDT,103,123.11126261248978,0.32038834951456313,-0.294117520860926,-30.29410464867538,,,0.5061336989527389,0.940805921947599,-0.8762957153278021
1h,fz1.5_react0.25_body0.25_cl0.7_cs0.3,model_b,base,next_close,1.5,0.25,0.25,0.7,0.3,90,1.2,2.0,8,4.0,5.0,XRPUSDT,107,124.00343733474351,0.4205607476635514,-0.13323754409113375,-14.256417217751311,,,0.7644181870237549,1.0279858444804277,-0.9760609712801703
1h,fz1.5_react0.25_body0.5_cl0.6_cs0.4,model_b,base,next_close,1.5,0.25,0.5,0.6,0.4,90,1.2,2.0,8,4.0,5.0,ADAUSDT,79,88.25207085510385,0.35443037974683544,-0.14181204033196557,-11.203151186225279,,,0.74893948417414,1.1935770947688074,-0.8749668596029783
1h,fz1.5_react0.25_body0.5_cl0.6_cs0.4,model_b,base,next_close,1.5,0.25,0.5,0.6,0.4,90,1.2,2.0,8,4.0,5.0,AVAXUSDT,84,92.48229088168802,0.40476190476190477,-0.17436543880873417,-14.64669685993367,,,0.6724179650465775,0.8842600565158515,-0.8942307756294524
1h,fz1.5_react0.25_body0.5_cl0.6_cs0.4,model_b,base,next_close,1.5,0.25,0.5,0.6,0.4,90,1.2,2.0,8,4.0,5.0,BNBUSDT,96,106.12055485498108,0.4270833333333333,-0.09010218665449937,-8.64980991883194,,,0.8401518739140684,1.1088504017962313,-0.9838668434995895
1h,fz1.5_react0.25_body0.5_cl0.6_cs0.4,model_b,base,next_close,1.5,0.25,0.5,0.6,0.4,90,1.2,2.0,8,4.0,5.0,BTCUSDT,139,155.53663517998467,0.302158273381295,-0.3766478708073235,-52.35405404221797,,,0.46145198720157793,1.0680783682947188,-1.0021994382535686
1h,fz1.5_react0.25_body0.5_cl0.6_cs0.4,model_b,base,next_close,1.5,0.25,0.5,0.6,0.4,90,1.2,2.0,8,4.0,5.0,ETHUSDT,109,121.81208567057624,0.41284403669724773,-0.12810830447865124,-13.963805188172984,,,0.7531749157860608,0.9468862741986884,-0.8839638676111556
1h,fz1.5_react0.25_body0.5_cl0.6_cs0.4,model_b,base,next_close,1.5,0.25,0.5,0.6,0.4,90,1.2,2.0,8,4.0,5.0,LINKUSDT,94,103.53109687146626,0.44680851063829785,-0.03543412071463426,-3.3308073471756208,,,0.9287600082409995,1.0339031767428093,-0.8991296301994924
1h,fz1.5_react0.25_body0.5_cl0.6_cs0.4,model_b,base,next_close,1.5,0.25,0.5,0.6,0.4,90,1.2,2.0,8,4.0,5.0,LTCUSDT,109,122.78257517347726,0.44036697247706424,-0.07534594313049654,-8.212707801224123,,,0.8533245472943964,0.9954098540445183,-0.9179078818911639
1h,fz1.5_react0.25_body0.5_cl0.6_cs0.4,model_b,base,next_close,1.5,0.25,0.5,0.6,0.4,90,1.2,2.0,8,4.0,5.0,SOLUSDT,92,111.69972299168975,0.32608695652173914,-0.27937006194795794,-25.70204569921213,,,0.5336999442643654,0.9805689268404277,-0.8890179597487896
1h,fz1.5_react0.25_body0.5_cl0.6_cs0.4,model_b,base,next_close,1.5,0.25,0.5,0.6,0.4,90,1.2,2.0,8,4.0,5.0,XRPUSDT,99,117.49715678310316,0.40404040404040403,-0.1337708622247555,-13.243315360250795,,,0.7491183597115242,0.988594728215871,-0.8946966862522988
1h,fz1.5_react0.25_body0.5_cl0.7_cs0.3,model_b,base,next_close,1.5,0.25,0.5,0.7,0.3,90,1.2,2.0,8,4.0,5.0,ADAUSDT,74,82.66649675035045,0.4189189189189189,-0.04897227772962041,-3.6239485519919103,,,0.9025663560013055,1.0829054141845962,-0.8649771253887067
1h,fz1.5_react0.25_body0.5_cl0.7_cs0.3,model_b,base,next_close,1.5,0.25,0.5,0.7,0.3,90,1.2,2.0,8,4.0,5.0,AVAXUSDT,76,83.67445365486059,0.40789473684210525,-0.1360997621631924,-10.34358192440262,,,0.73575158708075,0.9290264625531109,-0.8698533836344234
1h,fz1.5_react0.25_body0.5_cl0.7_cs0.3,model_b,base,next_close,1.5,0.25,0.5,0.7,0.3,90,1.2,2.0,8,4.0,5.0,BNBUSDT,87,98.32929345023207,0.42528735632183906,-0.0675792373430443,-5.879393648844854,,,0.8755924962890872,1.1183719605202345,-0.9451831237618705
1h,fz1.5_react0.25_body0.5_cl0.7_cs0.3,model_b,base,next_close,1.5,0.25,0.5,0.7,0.3,90,1.2,2.0,8,4.0,5.0,BTCUSDT,130,145.46591779423028,0.2846153846153846,-0.4146703837500631,-53.907149887508204,,,0.43003525781656976,1.099260745793236,-1.0169870696973973
1h,fz1.5_react0.25_body0.5_cl0.7_cs0.3,model_b,base,next_close,1.5,0.25,0.5,0.7,0.3,90,1.2,2.0,8,4.0,5.0,ETHUSDT,101,112.87174910759816,0.40594059405940597,-0.15017833310660225,-15.168011643766826,,,0.7144849296847986,0.9257822141501145,-0.885418040398692
1h,fz1.5_react0.25_body0.5_cl0.7_cs0.3,model_b,base,next_close,1.5,0.25,0.5,0.7,0.3,90,1.2,2.0,8,4.0,5.0,LINKUSDT,83,91.41575574820958,0.4578313253012048,-0.03325676589304716,-2.760311569122914,,,0.9298574802769858,0.9629628552131285,-0.8745088903827066
1h,fz1.5_react0.25_body0.5_cl0.7_cs0.3,model_b,base,next_close,1.5,0.25,0.5,0.7,0.3,90,1.2,2.0,8,4.0,5.0,LTCUSDT,104,117.1503469545104,0.4519230769230769,-0.041185433713270755,-4.283285106180158,,,0.9156498318114615,0.9892876608085983,-0.8908737748102505
1h,fz1.5_react0.25_body0.5_cl0.7_cs0.3,model_b,base,next_close,1.5,0.25,0.5,0.7,0.3,90,1.2,2.0,8,4.0,5.0,SOLUSDT,89,108.0573407202216,0.3146067415730337,-0.305007348460816,-27.145654013012624,,,0.5061041551100723,0.9934518171992853,-0.901021391714633
1h,fz1.5_react0.25_body0.5_cl0.7_cs0.3,model_b,base,next_close,1.5,0.25,0.5,0.7,0.3,90,1.2,2.0,8,4.0,5.0,XRPUSDT,96,113.93663688058489,0.4375,-0.10673698082391597,-10.246750159095933,,,0.8018014555163545,0.9869683733262606,-0.9573967007184977
1h,fz1.5_react0_body0.25_cl0.6_cs0.4,model_b,base,next_close,1.5,0.0,0.25,0.6,0.4,90,1.2,2.0,8,4.0,5.0,ADAUSDT,92,102.77456352746272,0.40217391304347827,-0.030260776731744432,-2.7839914593204877,,,0.9424358822931104,1.2318735631790254,-0.8793329690353532
1h,fz1.5_react0_body0.25_cl0.6_cs0.4,model_b,base,next_close,1.5,0.0,0.25,0.6,0.4,90,1.2,2.0,8,4.0,5.0,AVAXUSDT,109,120.02185655068459,0.41284403669724773,-0.11324220062913812,-12.343399868576055,,,0.7784754521446512,0.9639296699691247,-0.8706286721435416
1h,fz1.5_react0_body0.25_cl0.6_cs0.4,model_b,base,next_close,1.5,0.0,0.25,0.6,0.4,90,1.2,2.0,8,4.0,5.0,BNBUSDT,110,121.59646910466583,0.43636363636363634,-0.09081331673132766,-9.989464840446042,,,0.8388729434209987,1.0834994589343496,-0.9999586914402391
1h,fz1.5_react0_body0.25_cl0.6_cs0.4,model_b,base,next_close,1.5,0.0,0.25,0.6,0.4,90,1.2,2.0,8,4.0,5.0,BTCUSDT,169,188.24066073697585,0.3136094674556213,-0.3851826911913647,-65.09587481134064,,,0.4397141770937371,0.963914321389858,-1.0015804641810613
1h,fz1.5_react0_body0.25_cl0.6_cs0.4,model_b,base,next_close,1.5,0.0,0.25,0.6,0.4,90,1.2,2.0,8,4.0,5.0,ETHUSDT,141,155.2186361923898,0.375886524822695,-0.16963144762091076,-23.918034114548416,,,0.703565073945435,1.0710864189664608,-0.9168819809064869
1h,fz1.5_react0_body0.25_cl0.6_cs0.4,model_b,base,next_close,1.5,0.0,0.25,0.6,0.4,90,1.2,2.0,8,4.0,5.0,LINKUSDT,105,115.63190954773869,0.44761904761904764,-0.027231564877338566,-2.8593143121205493,,,0.94467735168013,1.0388302363508166,-0.8911092313898091
1h,fz1.5_react0_body0.25_cl0.6_cs0.4,model_b,base,next_close,1.5,0.0,0.25,0.6,0.4,90,1.2,2.0,8,4.0,5.0,LTCUSDT,128,140.97851488880514,0.421875,-0.14239086366835654,-18.226030549549638,,,0.7347401198908049,0.9348900117344155,-0.928514745719028
1h,fz1.5_react0_body0.25_cl0.6_cs0.4,model_b,base,next_close,1.5,0.0,0.25,0.6,0.4,90,1.2,2.0,8,4.0,5.0,SOLUSDT,115,137.15510204081633,0.2782608695652174,-0.3702033290438585,-42.57338284004373,,,0.407069933396743,0.9133847044797638,-0.8650806431734478
1h,fz1.5_react0_body0.25_cl0.6_cs0.4,model_b,base,next_close,1.5,0.0,0.25,0.6,0.4,90,1.2,2.0,8,4.0,5.0,XRPUSDT,114,132.1158117398202,0.38596491228070173,-0.15665341392050464,-17.85848918693753,,,0.7185030825066696,1.0359696462614068,-0.9063021946062775
1h,fz1.5_react0_body0.25_cl0.7_cs0.3,model_b,base,next_close,1.5,0.0,0.25,0.7,0.3,90,1.2,2.0,8,4.0,5.0,ADAUSDT,86,96.07187460175864,0.4418604651162791,0.009080306194018685,0.7809063326856069,,,1.0180550139844893,1.1587473825186012,-0.901072795896276
1h,fz1.5_react0_body0.25_cl0.7_cs0.3,model_b,base,next_close,1.5,0.0,0.25,0.7,0.3,90,1.2,2.0,8,4.0,5.0,AVAXUSDT,94,103.4920874152223,0.4148936170212766,-0.11426198551132173,-10.740626638064242,,,0.7703806220634535,0.9239784177356839,-0.850468816904653
1h,fz1.5_react0_body0.25_cl0.7_cs0.3,model_b,base,next_close,1.5,0.0,0.25,0.7,0.3,90,1.2,2.0,8,4.0,5.0,BNBUSDT,103,116.41284167096441,0.4368932038834951,-0.0772783534319212,-7.959670403487884,,,0.8608433837237252,1.0942154860902926,-0.9861959875439837
1h,fz1.5_react0_body0.25_cl0.7_cs0.3,model_b,base,next_close,1.5,0.0,0.25,0.7,0.3,90,1.2,2.0,8,4.0,5.0,BTCUSDT,158,175.98831003811944,0.2974683544303797,-0.4157676211826682,-65.69128414686158,,,0.4144627025131928,0.9893291016255193,-1.010718485795144
1h,fz1.5_react0_body0.25_cl0.7_cs0.3,model_b,base,next_close,1.5,0.0,0.25,0.7,0.3,90,1.2,2.0,8,4.0,5.0,ETHUSDT,130,143.10938088660052,0.38461538461538464,-0.12392900000617625,-16.110770000802912,,,0.7747731319131764,1.108410540632578,-0.8941412129053976
1h,fz1.5_react0_body0.25_cl0.7_cs0.3,model_b,base,next_close,1.5,0.0,0.25,0.7,0.3,90,1.2,2.0,8,4.0,5.0,LINKUSDT,96,105.72060301507537,0.4479166666666667,-0.051496020789216494,-4.943617995764783,,,0.8947522164808547,0.9773863586246907,-0.8862496493703109
1h,fz1.5_react0_body0.25_cl0.7_cs0.3,model_b,base,next_close,1.5,0.0,0.25,0.7,0.3,90,1.2,2.0,8,4.0,5.0,LTCUSDT,116,127.76177911797964,0.4482758620689655,-0.10344507216558603,-11.99962837120798,,,0.7962934458157529,0.9020541131676508,-0.9204131602488409
1h,fz1.5_react0_body0.25_cl0.7_cs0.3,model_b,base,next_close,1.5,0.0,0.25,0.7,0.3,90,1.2,2.0,8,4.0,5.0,SOLUSDT,106,126.33528212100612,0.32075471698113206,-0.2961170348499598,-31.38840569409574,,,0.5063908676472121,0.9470938555187954,-0.8831888441907609
1h,fz1.5_react0_body0.25_cl0.7_cs0.3,model_b,base,next_close,1.5,0.0,0.25,0.7,0.3,90,1.2,2.0,8,4.0,5.0,XRPUSDT,109,126.32125859333685,0.42201834862385323,-0.11675469447723523,-12.72626169801864,,,0.7876659197475945,1.0262788237129892,-0.9513505966478752
1h,fz1.5_react0_body0.5_cl0.6_cs0.4,model_b,base,next_close,1.5,0.0,0.5,0.6,0.4,90,1.2,2.0,8,4.0,5.0,ADAUSDT,80,89.36918567605454,0.3625,-0.13498245959313057,-10.798596767450446,,,0.7583773855358362,1.1687378829222803,-0.8763136347489525
1h,fz1.5_react0_body0.5_cl0.6_cs0.4,model_b,base,next_close,1.5,0.0,0.5,0.6,0.4,90,1.2,2.0,8,4.0,5.0,AVAXUSDT,85,93.58327053504145,0.4,-0.1850068166756483,-15.725579417430106,,,0.6565749133204164,0.8842600565158515,-0.8978513988033148
1h,fz1.5_react0_body0.5_cl0.6_cs0.4,model_b,base,next_close,1.5,0.0,0.5,0.6,0.4,90,1.2,2.0,8,4.0,5.0,BNBUSDT,96,106.12055485498108,0.4270833333333333,-0.09010218665449937,-8.64980991883194,,,0.8401518739140684,1.1088504017962313,-0.9838668434995895
1h,fz1.5_react0_body0.5_cl0.6_cs0.4,model_b,base,next_close,1.5,0.0,0.5,0.6,0.4,90,1.2,2.0,8,4.0,5.0,BTCUSDT,141,157.77457237681898,0.3049645390070922,-0.37492563728113437,-52.86451485663995,,,0.45320746528148237,1.0189908254710995,-0.9865420444071145
1h,fz1.5_react0_body0.5_cl0.6_cs0.4,model_b,base,next_close,1.5,0.0,0.5,0.6,0.4,90,1.2,2.0,8,4.0,5.0,ETHUSDT,112,125.16471188169301,0.4107142857142857,-0.10332662147543441,-11.572581605248654,,,0.7937605346473908,0.9682558917539186,-0.8501871609989228
1h,fz1.5_react0_body0.5_cl0.6_cs0.4,model_b,base,next_close,1.5,0.0,0.5,0.6,0.4,90,1.2,2.0,8,4.0,5.0,LINKUSDT,94,103.53109687146626,0.44680851063829785,-0.03543412071463426,-3.3308073471756208,,,0.9287600082409995,1.0339031767428093,-0.8991296301994924
1h,fz1.5_react0_body0.5_cl0.6_cs0.4,model_b,base,next_close,1.5,0.0,0.5,0.6,0.4,90,1.2,2.0,8,4.0,5.0,LTCUSDT,111,125.03546646106399,0.44144144144144143,-0.0816674444828543,-9.065086337596828,,,0.8411553509423539,0.9796692740758849,-0.9204658188276643
1h,fz1.5_react0_body0.5_cl0.6_cs0.4,model_b,base,next_close,1.5,0.0,0.5,0.6,0.4,90,1.2,2.0,8,4.0,5.0,SOLUSDT,92,111.69972299168975,0.32608695652173914,-0.27937006194795794,-25.70204569921213,,,0.5336999442643654,0.9805689268404277,-0.8890179597487896
1h,fz1.5_react0_body0.5_cl0.6_cs0.4,model_b,base,next_close,1.5,0.0,0.5,0.6,0.4,90,1.2,2.0,8,4.0,5.0,XRPUSDT,99,117.49715678310316,0.41414141414141414,-0.11508150796287457,-11.393069288324583,,,0.7791965871051688,0.9806141182913737,-0.8896249679012225
1h,fz1.5_react0_body0.5_cl0.7_cs0.3,model_b,base,next_close,1.5,0.0,0.5,0.7,0.3,90,1.2,2.0,8,4.0,5.0,ADAUSDT,75,83.78361157130114,0.41333333333333333,-0.0634834391035434,-4.761257932765755,,,0.8757867661289431,1.0829054141845962,-0.8711664948292781
1h,fz1.5_react0_body0.5_cl0.7_cs0.3,model_b,base,next_close,1.5,0.0,0.5,0.7,0.3,90,1.2,2.0,8,4.0,5.0,AVAXUSDT,77,84.77543330821402,0.4025974025974026,-0.14834369457011765,-11.422464481899059,,,0.7160165183872775,0.9290264625531109,-0.8743974961096848
1h,fz1.5_react0_body0.5_cl0.7_cs0.3,model_b,base,next_close,1.5,0.0,0.5,0.7,0.3,90,1.2,2.0,8,4.0,5.0,BNBUSDT,87,98.32929345023207,0.42528735632183906,-0.0675792373430443,-5.879393648844854,,,0.8755924962890872,1.1183719605202345,-0.9451831237618705
1h,fz1.5_react0_body0.5_cl0.7_cs0.3,model_b,base,next_close,1.5,0.0,0.5,0.7,0.3,90,1.2,2.0,8,4.0,5.0,BTCUSDT,133,148.82282358948174,0.2857142857142857,-0.4050479163049804,-53.87137286856239,,,0.43440929529535177,1.0888581167749851,-1.0026103295369666
1h,fz1.5_react0_body0.5_cl0.7_cs0.3,model_b,base,next_close,1.5,0.0,0.5,0.7,0.3,90,1.2,2.0,8,4.0,5.0,ETHUSDT,103,115.10683324834268,0.4077669902912621,-0.13065956317263341,-13.457935006781241,,,0.7475360466486066,0.9487720823465596,-0.8738747945137172
1h,fz1.5_react0_body0.5_cl0.7_cs0.3,model_b,base,next_close,1.5,0.0,0.5,0.7,0.3,90,1.2,2.0,8,4.0,5.0,LINKUSDT,83,91.41575574820958,0.4578313253012048,-0.03325676589304716,-2.760311569122914,,,0.9298574802769858,0.9629628552131285,-0.8745088903827066
1h,fz1.5_react0_body0.5_cl0.7_cs0.3,model_b,base,next_close,1.5,0.0,0.5,0.7,0.3,90,1.2,2.0,8,4.0,5.0,LTCUSDT,105,118.27679259830377,0.45714285714285713,-0.038658701624749305,-4.059163670598677,,,0.9200634256576143,0.9733466977830334,-0.8908737748102505
1h,fz1.5_react0_body0.5_cl0.7_cs0.3,model_b,base,next_close,1.5,0.0,0.5,0.7,0.3,90,1.2,2.0,8,4.0,5.0,SOLUSDT,89,108.0573407202216,0.3258426966292135,-0.30212988854098194,-26.88956008014739,,,0.5096804467029774,0.9638389200604963,-0.914014812698363
1h,fz1.5_react0_body0.5_cl0.7_cs0.3,model_b,base,next_close,1.5,0.0,0.5,0.7,0.3,90,1.2,2.0,8,4.0,5.0,XRPUSDT,97,115.12347684809097,0.44329896907216493,-0.0883105528343876,-8.566123624935598,,,0.8309768675755733,0.9793967767677774,-0.9385219449250004
1h,fz2.5_react0.25_body0.25_cl0.6_cs0.4,model_b,base,next_close,2.5,0.25,0.25,0.6,0.4,90,1.2,2.0,8,4.0,5.0,ADAUSDT,32,37.5467808860929,0.5625,0.27437988141659536,8.780156205331052,,,1.7274880015412644,1.1582943608869904,-0.8620815921881985
1h,fz2.5_react0.25_body0.25_cl0.6_cs0.4,model_b,base,next_close,2.5,0.25,0.25,0.6,0.4,90,1.2,2.0,8,4.0,5.0,AVAXUSDT,33,39.368263473053894,0.30303030303030304,-0.3154986974783771,-10.411457016786445,,,0.4943825692394655,1.0180113572712108,-0.8952856778042849
1h,fz2.5_react0.25_body0.25_cl0.6_cs0.4,model_b,base,next_close,2.5,0.25,0.25,0.6,0.4,90,1.2,2.0,8,4.0,5.0,BNBUSDT,54,62.556363155808114,0.35185185185185186,-0.29235929142913913,-15.787401737173514,,,0.5412918811836277,0.9805102674885408,-0.9833456234130227
1h,fz2.5_react0.25_body0.25_cl0.6_cs0.4,model_b,base,next_close,2.5,0.25,0.25,0.6,0.4,90,1.2,2.0,8,4.0,5.0,BTCUSDT,21,24.269742913645352,0.3333333333333333,-0.29685841605827357,-6.234026737223745,,,0.5251281524895288,0.9848259844812866,-0.9377006163280537
1h,fz2.5_react0.25_body0.25_cl0.6_cs0.4,model_b,base,next_close,2.5,0.25,0.25,0.6,0.4,90,1.2,2.0,8,4.0,5.0,ETHUSDT,20,23.46045764753111,0.35,-0.2874206453819308,-5.748412907638616,,,0.4994117107939651,0.8192716981931183,-0.8833319073069572
1h,fz2.5_react0.25_body0.25_cl0.6_cs0.4,model_b,base,next_close,2.5,0.25,0.25,0.6,0.4,90,1.2,2.0,8,4.0,5.0,LINKUSDT,36,39.65020731247644,0.4444444444444444,-0.0012455477505103217,-0.04483971901837158,,,0.9973564734158669,1.0573277449134495,-0.8481041818816782
1h,fz2.5_react0.25_body0.25_cl0.6_cs0.4,model_b,base,next_close,2.5,0.25,0.25,0.6,0.4,90,1.2,2.0,8,4.0,5.0,LTCUSDT,20,31.38560687432868,0.5,-0.03079047179261432,-0.6158094358522864,,,0.9353424033286168,0.8908352728449739,-0.9524162164302027
1h,fz2.5_react0.25_body0.25_cl0.6_cs0.4,model_b,base,next_close,2.5,0.25,0.25,0.6,0.4,90,1.2,2.0,8,4.0,5.0,SOLUSDT,31,42.387459054749655,0.3548387096774194,-0.2078602225954932,-6.443666900460289,,,0.6285343536795202,0.9911759614735199,-0.8673301238334504
1h,fz2.5_react0.25_body0.25_cl0.6_cs0.4,model_b,base,next_close,2.5,0.25,0.25,0.6,0.4,90,1.2,2.0,8,4.0,5.0,XRPUSDT,20,24.26574394463668,0.5,0.114649319451897,2.29298638903794,,,1.23375978860224,1.2102143056866852,-0.9809156667828912
1h,fz2.5_react0.25_body0.25_cl0.7_cs0.3,model_b,base,next_close,2.5,0.25,0.25,0.7,0.3,90,1.2,2.0,8,4.0,5.0,ADAUSDT,30,35.20010708071209,0.5666666666666667,0.2667485774461294,8.002457323383881,,,1.7272450734627356,1.1180149736057996,-0.8464459406088239
1h,fz2.5_react0.25_body0.25_cl0.7_cs0.3,model_b,base,next_close,2.5,0.25,0.25,0.7,0.3,90,1.2,2.0,8,4.0,5.0,AVAXUSDT,30,35.78933043004899,0.3333333333333333,-0.23461912377865263,-7.038573713359579,,,0.5941659646725258,1.0304904409859035,-0.8671739061609307
1h,fz2.5_react0.25_body0.25_cl0.7_cs0.3,model_b,base,next_close,2.5,0.25,0.25,0.7,0.3,90,1.2,2.0,8,4.0,5.0,BNBUSDT,52,60.407103100980656,0.36538461538461536,-0.28883774373733373,-15.019562674341353,,,0.5447598843079083,0.945950215443254,-0.9997762656897934
1h,fz2.5_react0.25_body0.25_cl0.7_cs0.3,model_b,base,next_close,2.5,0.25,0.25,0.7,0.3,90,1.2,2.0,8,4.0,5.0,BTCUSDT,18,20.802636783124587,0.3333333333333333,-0.2945259674078667,-5.301467413341601,,,0.548168920172489,1.0719712878872505,-0.9777745950554254
1h,fz2.5_react0.25_body0.25_cl0.7_cs0.3,model_b,base,next_close,2.5,0.25,0.25,0.7,0.3,90,1.2,2.0,8,4.0,5.0,ETHUSDT,18,21.114411882778,0.3333333333333333,-0.25468371783229415,-4.5843069209812946,,,0.5179048944347989,0.8208044998313552,-0.7924278266641188
1h,fz2.5_react0.25_body0.25_cl0.7_cs0.3,model_b,base,next_close,2.5,0.25,0.25,0.7,0.3,90,1.2,2.0,8,4.0,5.0,LINKUSDT,33,36.34602336977007,0.48484848484848486,0.10034631613487202,3.311428432450777,,,1.2431767391036486,1.058050107815467,-0.8010219583880407
1h,fz2.5_react0.25_body0.25_cl0.7_cs0.3,model_b,base,next_close,2.5,0.25,0.25,0.7,0.3,90,1.2,2.0,8,4.0,5.0,LTCUSDT,20,31.38560687432868,0.5,-0.03148454194089188,-0.6296908388178376,,,0.9338474023993792,0.8889071260585009,-0.9518762099402845
1h,fz2.5_react0.25_body0.25_cl0.7_cs0.3,model_b,base,next_close,2.5,0.25,0.25,0.7,0.3,90,1.2,2.0,8,4.0,5.0,SOLUSDT,29,39.65278427702387,0.3793103448275862,-0.12358172921998015,-3.5838701473794243,,,0.7716926059402132,1.10124498227967,-0.8720869418030995
1h,fz2.5_react0.25_body0.25_cl0.7_cs0.3,model_b,base,next_close,2.5,0.25,0.25,0.7,0.3,90,1.2,2.0,8,4.0,5.0,XRPUSDT,18,21.83916955017301,0.5555555555555556,0.19788858633414658,3.5619945540146385,,,1.417088128248006,1.2102143056866852,-1.0675185628565267
1h,fz2.5_react0.25_body0.5_cl0.6_cs0.4,model_b,base,next_close,2.5,0.25,0.5,0.6,0.4,90,1.2,2.0,8,4.0,5.0,ADAUSDT,27,31.688579461775337,0.5555555555555556,0.27974546817853085,7.553127640820334,,,1.7655105573064196,1.1613274707774262,-0.8222320350700881
1h,fz2.5_react0.25_body0.5_cl0.6_cs0.4,model_b,base,next_close,2.5,0.25,0.5,0.6,0.4,90,1.2,2.0,8,4.0,5.0,AVAXUSDT,26,31.01741970604246,0.34615384615384615,-0.20786751326758546,-5.404555344957222,,,0.6548218510423884,1.1391930500986736,-0.9210172232850168
1h,fz2.5_react0.25_body0.5_cl0.6_cs0.4,model_b,base,next_close,2.5,0.25,0.5,0.6,0.4,90,1.2,2.0,8,4.0,5.0,BNBUSDT,48,55.61300555114988,0.375,-0.25880805296200043,-12.42278654217602,,,0.5816646913958703,0.9596098514639984,-0.9898587956175997
1h,fz2.5_react0.25_body0.5_cl0.6_cs0.4,model_b,base,next_close,2.5,0.25,0.5,0.6,0.4,90,1.2,2.0,8,4.0,5.0,BTCUSDT,19,24.925770727327144,0.3684210526315789,-0.3015771031020414,-5.729964958938787,,,0.5460963351939303,0.9848259844812866,-1.051978904192316
1h,fz2.5_react0.25_body0.5_cl0.6_cs0.4,model_b,base,next_close,2.5,0.25,0.5,0.6,0.4,90,1.2,2.0,8,4.0,5.0,ETHUSDT,17,19.941389000401443,0.47058823529411764,-0.19064068008631196,-3.2408915614673033,,,0.594101403670282,0.5929492745297794,-0.8871650841895042
1h,fz2.5_react0.25_body0.5_cl0.6_cs0.4,model_b,base,next_close,2.5,0.25,0.5,0.6,0.4,90,1.2,2.0,8,4.0,5.0,LINKUSDT,34,37.44741801733886,0.4411764705882353,0.022162895343327847,0.7535384416731468,,,1.0477578474098537,1.1021236765724762,-0.8304377214165263
1h,fz2.5_react0.25_body0.5_cl0.6_cs0.4,model_b,base,next_close,2.5,0.25,0.5,0.6,0.4,90,1.2,2.0,8,4.0,5.0,LTCUSDT,18,28.247046186895812,0.4444444444444444,-0.025989313244310523,-0.46780763839758943,,,0.9490564375590295,1.0893816350077692,-0.9182860718459743
1h,fz2.5_react0.25_body0.5_cl0.6_cs0.4,model_b,base,next_close,2.5,0.25,0.5,0.6,0.4,90,1.2,2.0,8,4.0,5.0,SOLUSDT,25,34.1834347215723,0.4,-0.169775558310222,-4.24438895775555,,,0.707948050835866,1.0288604127560899,-0.9688662056877633
1h,fz2.5_react0.25_body0.5_cl0.6_cs0.4,model_b,base,next_close,2.5,0.25,0.5,0.6,0.4,90,1.2,2.0,8,4.0,5.0,XRPUSDT,19,23.05883981725045,0.47368421052631576,0.13070640485509535,2.4834216922468118,,,1.2786896681329973,1.266054054862808,-0.891106480151846
1h,fz2.5_react0.25_body0.5_cl0.7_cs0.3,model_b,base,next_close,2.5,0.25,0.5,0.7,0.3,90,1.2,2.0,8,4.0,5.0,ADAUSDT,26,30.514928370598472,0.5769230769230769,0.2996271440703068,7.790305745827975,,,1.885931753290641,1.1055768813890883,-0.7993952250007589
1h,fz2.5_react0.25_body0.5_cl0.7_cs0.3,model_b,base,next_close,2.5,0.25,0.5,0.7,0.3,90,1.2,2.0,8,4.0,5.0,AVAXUSDT,24,28.631464344039195,0.375,-0.1355715128985894,-3.253716309566146,,,0.7586515369430457,1.1364098236326177,-0.8987603148173136
1h,fz2.5_react0.25_body0.5_cl0.7_cs0.3,model_b,base,next_close,2.5,0.25,0.5,0.7,0.3,90,1.2,2.0,8,4.0,5.0,BNBUSDT,45,52.27537768354095,0.37777777777777777,-0.23879950325167454,-10.745977646325354,,,0.608078480651123,0.9807482362261837,-0.9792392022203742
1h,fz2.5_react0.25_body0.5_cl0.7_cs0.3,model_b,base,next_close,2.5,0.25,0.5,0.7,0.3,90,1.2,2.0,8,4.0,5.0,BTCUSDT,17,22.3020053876085,0.35294117647058826,-0.2859597915826703,-4.861316456905396,,,0.5695338359626789,1.0719712878872505,-1.0266494712935363
1h,fz2.5_react0.25_body0.5_cl0.7_cs0.3,model_b,base,next_close,2.5,0.25,0.5,0.7,0.3,90,1.2,2.0,8,4.0,5.0,ETHUSDT,16,18.76836611802489,0.375,-0.3169934836345021,-5.071895738152033,,,0.38261163215467314,0.5238642880129672,-0.8215081466229837
1h,fz2.5_react0.25_body0.5_cl0.7_cs0.3,model_b,base,next_close,2.5,0.25,0.5,0.7,0.3,90,1.2,2.0,8,4.0,5.0,LINKUSDT,31,34.14323407463249,0.4838709677419355,0.12918522993850495,4.004742128093653,,,1.319685958092832,1.1021236765724762,-0.7829445637808433
1h,fz2.5_react0.25_body0.5_cl0.7_cs0.3,model_b,base,next_close,2.5,0.25,0.5,0.7,0.3,90,1.2,2.0,8,4.0,5.0,LTCUSDT,18,28.247046186895812,0.4444444444444444,-0.026760502297952255,-0.4816890413631406,,,0.9475139083079305,1.0869714515246778,-0.9177460653560562
1h,fz2.5_react0.25_body0.5_cl0.7_cs0.3,model_b,base,next_close,2.5,0.25,0.5,0.7,0.3,90,1.2,2.0,8,4.0,5.0,SOLUSDT,24,32.81609733270941,0.375,-0.17309952519228236,-4.154388604614777,,,0.7046083196565024,1.1010679374335994,-0.9376000027678114
1h,fz2.5_react0.25_body0.5_cl0.7_cs0.3,model_b,base,next_close,2.5,0.25,0.5,0.7,0.3,90,1.2,2.0,8,4.0,5.0,XRPUSDT,17,20.63159352069777,0.5294117647058824,0.22072774894401972,3.7523717320483354,,,1.4910122196601634,1.266054054862808,-0.9552643452146172
1h,fz2.5_react0_body0.25_cl0.6_cs0.4,model_b,base,next_close,2.5,0.0,0.25,0.6,0.4,90,1.2,2.0,8,4.0,5.0,ADAUSDT,33,38.7201177887833,0.5454545454545454,0.23126989748033358,7.631906616851008,,,1.5774139623498948,1.1582943608869904,-0.8811594586076547
1h,fz2.5_react0_body0.25_cl0.6_cs0.4,model_b,base,next_close,2.5,0.0,0.25,0.6,0.4,90,1.2,2.0,8,4.0,5.0,AVAXUSDT,33,39.368263473053894,0.3333333333333333,-0.2795654421797664,-9.225659591932292,,,0.5266248068727707,0.9330406354224621,-0.8858684809808807
1h,fz2.5_react0_body0.25_cl0.6_cs0.4,model_b,base,next_close,2.5,0.0,0.25,0.6,0.4,90,1.2,2.0,8,4.0,5.0,BNBUSDT,55,63.714814325360116,0.41818181818181815,-0.20630932903067303,-11.347013096687016,,,0.6478237015033819,0.9075079301848613,-1.0068654840918383
1h,fz2.5_react0_body0.25_cl0.6_cs0.4,model_b,base,next_close,2.5,0.0,0.25,0.6,0.4,90,1.2,2.0,8,4.0,5.0,BTCUSDT,21,24.269742913645352,0.3333333333333333,-0.2968142842426099,-6.233099969094808,,,0.5251652269479195,0.9848259844812866,-0.9376344186045582
1h,fz2.5_react0_body0.25_cl0.6_cs0.4,model_b,base,next_close,2.5,0.0,0.25,0.6,0.4,90,1.2,2.0,8,4.0,5.0,ETHUSDT,21,24.63348052990767,0.3333333333333333,-0.3286163479720862,-6.900943307413811,,,0.4538597773995755,0.8192716981931183,-0.9025603710546884
1h,fz2.5_react0_body0.25_cl0.6_cs0.4,model_b,base,next_close,2.5,0.0,0.25,0.6,0.4,90,1.2,2.0,8,4.0,5.0,LINKUSDT,37,40.7464824120603,0.43243243243243246,0.008701392263440659,0.32195151374730435,,,1.0191124732932897,1.0729406864976831,-0.8021475938197917
1h,fz2.5_react0_body0.25_cl0.6_cs0.4,model_b,base,next_close,2.5,0.0,0.25,0.6,0.4,90,1.2,2.0,8,4.0,5.0,LTCUSDT,23,36.08698764990156,0.5217391304347826,-0.06503938498507052,-1.495905854656622,,,0.8588331820570546,0.7584015398315073,-0.9633385756940647
1h,fz2.5_react0_body0.25_cl0.6_cs0.4,model_b,base,next_close,2.5,0.0,0.25,0.6,0.4,90,1.2,2.0,8,4.0,5.0,SOLUSDT,33,45.122133832475434,0.3333333333333333,-0.25904841293953307,-8.548597627004591,,,0.5605180559446903,0.9911759614735199,-0.8841606001460597
1h,fz2.5_react0_body0.25_cl0.6_cs0.4,model_b,base,next_close,2.5,0.0,0.25,0.6,0.4,90,1.2,2.0,8,4.0,5.0,XRPUSDT,20,24.26574394463668,0.5,0.1148227351985297,2.296454703970594,,,1.2341961748450125,1.2102143056866852,-0.9805688352896258
1h,fz2.5_react0_body0.25_cl0.7_cs0.3,model_b,base,next_close,2.5,0.0,0.25,0.7,0.3,90,1.2,2.0,8,4.0,5.0,ADAUSDT,31,36.37344398340249,0.5483870967741935,0.22126662884366494,6.859265494153613,,,1.5646885381953088,1.1180149736057996,-0.8676420755103557
1h,fz2.5_react0_body0.25_cl0.7_cs0.3,model_b,base,next_close,2.5,0.0,0.25,0.7,0.3,90,1.2,2.0,8,4.0,5.0,AVAXUSDT,30,35.78933043004899,0.36666666666666664,-0.19509254295018089,-5.852776288505426,,,0.639629874898516,0.9443852569812736,-0.8547902165947071
1h,fz2.5_react0_body0.25_cl0.7_cs0.3,model_b,base,next_close,2.5,0.0,0.25,0.7,0.3,90,1.2,2.0,8,4.0,5.0,BNBUSDT,53,61.38168846611177,0.4339622641509434,-0.19010020373453837,-10.075310797930534,,,0.6731033673583867,0.9019904350147828,-1.0273696934423513
1h,fz2.5_react0_body0.25_cl0.7_cs0.3,model_b,base,next_close,2.5,0.0,0.25,0.7,0.3,90,1.2,2.0,8,4.0,5.0,BTCUSDT,20,23.11404087013843,0.4,-0.2272145049390471,-4.544290098780942,,,0.612670694058798,0.8985097842194032,-0.977697364378014
1h,fz2.5_react0_body0.25_cl0.7_cs0.3,model_b,base,next_close,2.5,0.0,0.25,0.7,0.3,90,1.2,2.0,8,4.0,5.0,ETHUSDT,19,22.287434765154554,0.3157894736842105,-0.3019388063556047,-5.736837320756489,,,0.46191915739343925,0.8208044998313552,-0.82012802459574
1h,fz2.5_react0_body0.25_cl0.7_cs0.3,model_b,base,next_close,2.5,0.0,0.25,0.7,0.3,90,1.2,2.0,8,4.0,5.0,LINKUSDT,33,36.34145728643216,0.48484848484848486,0.11905208332348066,3.9287187496748617,,,1.29689763017698,1.0725805627532279,-0.7783864855515755
1h,fz2.5_react0_body0.25_cl0.7_cs0.3,model_b,base,next_close,2.5,0.0,0.25,0.7,0.3,90,1.2,2.0,8,4.0,5.0,LTCUSDT,22,34.51798818686236,0.5,-0.11344331917733742,-2.4957530219014235,,,0.764358737508938,0.7359610223485551,-0.96284766070323
1h,fz2.5_react0_body0.25_cl0.7_cs0.3,model_b,base,next_close,2.5,0.0,0.25,0.7,0.3,90,1.2,2.0,8,4.0,5.0,SOLUSDT,29,39.65278427702387,0.41379310344827586,-0.11479719065467486,-3.329118528985571,,,0.7862866041586886,1.020697717104231,-0.9163230078962554
1h,fz2.5_react0_body0.25_cl0.7_cs0.3,model_b,base,next_close,2.5,0.0,0.25,0.7,0.3,90,1.2,2.0,8,4.0,5.0,XRPUSDT,19,23.052456747404847,0.5263157894736842,0.17851834234727684,3.39184850459826,,,1.3894068661219792,1.2102143056866852,-0.9678105058076214
1h,fz2.5_react0_body0.5_cl0.6_cs0.4,model_b,base,next_close,2.5,0.0,0.5,0.6,0.4,90,1.2,2.0,8,4.0,5.0,ADAUSDT,27,31.688579461775337,0.5555555555555556,0.27974546817853085,7.553127640820334,,,1.7655105573064196,1.1613274707774262,-0.8222320350700881
1h,fz2.5_react0_body0.5_cl0.6_cs0.4,model_b,base,next_close,2.5,0.0,0.5,0.6,0.4,90,1.2,2.0,8,4.0,5.0,AVAXUSDT,26,31.01741970604246,0.34615384615384615,-0.20786751326758546,-5.404555344957222,,,0.6548218510423884,1.1391930500986736,-0.9210172232850168
1h,fz2.5_react0_body0.5_cl0.6_cs0.4,model_b,base,next_close,2.5,0.0,0.5,0.6,0.4,90,1.2,2.0,8,4.0,5.0,BNBUSDT,48,55.61300555114988,0.375,-0.25880805296200043,-12.42278654217602,,,0.5816646913958703,0.9596098514639984,-0.9898587956175997
1h,fz2.5_react0_body0.5_cl0.6_cs0.4,model_b,base,next_close,2.5,0.0,0.5,0.6,0.4,90,1.2,2.0,8,4.0,5.0,BTCUSDT,20,23.107947805456703,0.35,-0.30564342052470683,-6.112868410494136,,,0.5300197769122388,0.9848259844812866,-1.0005115616817801
1h,fz2.5_react0_body0.5_cl0.6_cs0.4,model_b,base,next_close,2.5,0.0,0.5,0.6,0.4,90,1.2,2.0,8,4.0,5.0,ETHUSDT,17,19.941389000401443,0.47058823529411764,-0.19064068008631196,-3.2408915614673033,,,0.594101403670282,0.5929492745297794,-0.8871650841895042
1h,fz2.5_react0_body0.5_cl0.6_cs0.4,model_b,base,next_close,2.5,0.0,0.5,0.6,0.4,90,1.2,2.0,8,4.0,5.0,LINKUSDT,34,37.44741801733886,0.4411764705882353,0.022162895343327847,0.7535384416731468,,,1.0477578474098537,1.1021236765724762,-0.8304377214165263
1h,fz2.5_react0_body0.5_cl0.6_cs0.4,model_b,base,next_close,2.5,0.0,0.5,0.6,0.4,90,1.2,2.0,8,4.0,5.0,LTCUSDT,19,29.816326530612244,0.47368421052631576,-0.012825589621900425,-0.2436862028161081,,,0.973462931619311,0.9932416128492927,-0.9182860718459743
1h,fz2.5_react0_body0.5_cl0.6_cs0.4,model_b,base,next_close,2.5,0.0,0.5,0.6,0.4,90,1.2,2.0,8,4.0,5.0,SOLUSDT,25,34.1834347215723,0.4,-0.169775558310222,-4.24438895775555,,,0.707948050835866,1.0288604127560899,-0.9688662056877633
1h,fz2.5_react0_body0.5_cl0.6_cs0.4,model_b,base,next_close,2.5,0.0,0.5,0.6,0.4,90,1.2,2.0,8,4.0,5.0,XRPUSDT,19,23.05883981725045,0.47368421052631576,0.13070640485509535,2.4834216922468118,,,1.2786896681329973,1.266054054862808,-0.891106480151846
1h,fz2.5_react0_body0.5_cl0.7_cs0.3,model_b,base,next_close,2.5,0.0,0.5,0.7,0.3,90,1.2,2.0,8,4.0,5.0,ADAUSDT,26,30.514928370598472,0.5769230769230769,0.2996271440703068,7.790305745827975,,,1.885931753290641,1.1055768813890883,-0.7993952250007589
1h,fz2.5_react0_body0.5_cl0.7_cs0.3,model_b,base,next_close,2.5,0.0,0.5,0.7,0.3,90,1.2,2.0,8,4.0,5.0,AVAXUSDT,24,28.631464344039195,0.375,-0.1355715128985894,-3.253716309566146,,,0.7586515369430457,1.1364098236326177,-0.8987603148173136
1h,fz2.5_react0_body0.5_cl0.7_cs0.3,model_b,base,next_close,2.5,0.0,0.5,0.7,0.3,90,1.2,2.0,8,4.0,5.0,BNBUSDT,45,52.27537768354095,0.37777777777777777,-0.23879950325167454,-10.745977646325354,,,0.608078480651123,0.9807482362261837,-0.9792392022203742
1h,fz2.5_react0_body0.5_cl0.7_cs0.3,model_b,base,next_close,2.5,0.0,0.5,0.7,0.3,90,1.2,2.0,8,4.0,5.0,BTCUSDT,18,20.797153024911033,0.3333333333333333,-0.29134555047004146,-5.244219908460746,,,0.5508565850323798,1.0719712878872505,-0.9730039696486874
1h,fz2.5_react0_body0.5_cl0.7_cs0.3,model_b,base,next_close,2.5,0.0,0.5,0.7,0.3,90,1.2,2.0,8,4.0,5.0,ETHUSDT,16,18.76836611802489,0.375,-0.3169934836345021,-5.071895738152033,,,0.38261163215467314,0.5238642880129672,-0.8215081466229837
1h,fz2.5_react0_body0.5_cl0.7_cs0.3,model_b,base,next_close,2.5,0.0,0.5,0.7,0.3,90,1.2,2.0,8,4.0,5.0,LINKUSDT,31,34.14323407463249,0.4838709677419355,0.12918522993850495,4.004742128093653,,,1.319685958092832,1.1021236765724762,-0.7829445637808433
1h,fz2.5_react0_body0.5_cl0.7_cs0.3,model_b,base,next_close,2.5,0.0,0.5,0.7,0.3,90,1.2,2.0,8,4.0,5.0,LTCUSDT,19,29.816326530612244,0.47368421052631576,-0.013556189777982067,-0.25756760578165927,,,0.9719347632744435,0.9910992275309893,-0.9177460653560562
1h,fz2.5_react0_body0.5_cl0.7_cs0.3,model_b,base,next_close,2.5,0.0,0.5,0.7,0.3,90,1.2,2.0,8,4.0,5.0,SOLUSDT,24,32.81609733270941,0.4166666666666667,-0.16242894465623095,-3.898294671749543,,,0.7204037144591448,1.0044289237076798,-0.9958988506304529
1h,fz2.5_react0_body0.5_cl0.7_cs0.3,model_b,base,next_close,2.5,0.0,0.5,0.7,0.3,90,1.2,2.0,8,4.0,5.0,XRPUSDT,18,21.84521666897411,0.5,0.1990417885712476,3.582752194282457,,,1.458637231750145,1.266054054862808,-0.8679704777203129
1h,fz2_react0.25_body0.25_cl0.6_cs0.4,model_b,base,next_close,2.0,0.25,0.25,0.6,0.4,90,1.2,2.0,8,4.0,5.0,ADAUSDT,52,61.013518939900955,0.5,0.2321100254907823,12.06972132552068,,,1.5547758956090503,1.3009904562132648,-0.8367704052317003
1h,fz2_react0.25_body0.25_cl0.6_cs0.4,model_b,base,next_close,2.0,0.25,0.25,0.6,0.4,90,1.2,2.0,8,4.0,5.0,AVAXUSDT,54,59.46036930033915,0.37037037037037035,-0.18155415435058433,-9.803924334931555,,,0.6511390414901999,0.9149372749473837,-0.8265491127611537
1h,fz2_react0.25_body0.25_cl0.6_cs0.4,model_b,base,next_close,2.0,0.25,0.25,0.6,0.4,90,1.2,2.0,8,4.0,5.0,BNBUSDT,77,87.64861706271913,0.38961038961038963,-0.20358911864685814,-15.676362135808077,,,0.6685684355841508,1.054085974707949,-1.0063604548307774
1h,fz2_react0.25_body0.25_cl0.6_cs0.4,model_b,base,next_close,2.0,0.25,0.25,0.6,0.4,90,1.2,2.0,8,4.0,5.0,BTCUSDT,64,73.96493078444298,0.21875,-0.6278125947988675,-40.18000606712752,,,0.21832985457518683,0.801625571751926,-1.0280552814330897
1h,fz2_react0.25_body0.25_cl0.6_cs0.4,model_b,base,next_close,2.0,0.25,0.25,0.6,0.4,90,1.2,2.0,8,4.0,5.0,ETHUSDT,42,47.00868232890704,0.42857142857142855,-0.11331545788402757,-4.759249231129158,,,0.7707739345781252,0.8890556841450317,-0.8650938144058219
1h,fz2_react0.25_body0.25_cl0.6_cs0.4,model_b,base,next_close,2.0,0.25,0.25,0.6,0.4,90,1.2,2.0,8,4.0,5.0,LINKUSDT,58,63.88088955898982,0.3448275862068966,-0.22894345396520077,-13.278720329981645,,,0.5943565082075545,0.972811595462597,-0.8614461115587786
1h,fz2_react0.25_body0.25_cl0.6_cs0.4,model_b,base,next_close,2.0,0.25,0.25,0.6,0.4,90,1.2,2.0,8,4.0,5.0,LTCUSDT,49,55.195836545875096,0.42857142857142855,-0.13904191957214665,-6.813054059035186,,,0.7252904128184973,0.8565656626228368,-0.8857476062183842
1h,fz2_react0.25_body0.25_cl0.6_cs0.4,model_b,base,next_close,2.0,0.25,0.25,0.6,0.4,90,1.2,2.0,8,4.0,5.0,SOLUSDT,55,67.62940103801375,0.34545454545454546,-0.14491069207545104,-7.970088064149808,,,0.7313147142504702,1.141747179266688,-0.8239801241726911
1h,fz2_react0.25_body0.25_cl0.6_cs0.4,model_b,base,next_close,2.0,0.25,0.25,0.6,0.4,90,1.2,2.0,8,4.0,5.0,XRPUSDT,44,53.38463667820069,0.4772727272727273,0.009828950043010896,0.4324738018924794,,,1.0216808440066363,0.9704643258726716,-0.8672729148449401
1h,fz2_react0.25_body0.25_cl0.7_cs0.3,model_b,base,next_close,2.0,0.25,0.25,0.7,0.3,90,1.2,2.0,8,4.0,5.0,ADAUSDT,49,57.49350823182974,0.5306122448979592,0.23061672937377056,11.300219739314757,,,1.5913432522991053,1.1696010840079742,-0.8308438454301117
1h,fz2_react0.25_body0.25_cl0.7_cs0.3,model_b,base,next_close,2.0,0.25,0.25,0.7,0.3,90,1.2,2.0,8,4.0,5.0,AVAXUSDT,48,52.847023360964585,0.3333333333333333,-0.20185337982490983,-9.688962231595672,,,0.6247142959486452,1.0080375354099593,-0.8067988374423444
1h,fz2_react0.25_body0.25_cl0.7_cs0.3,model_b,base,next_close,2.0,0.25,0.25,0.7,0.3,90,1.2,2.0,8,4.0,5.0,BNBUSDT,71,80.81885469419555,0.4084507042253521,-0.1832768186328799,-13.012654122934473,,,0.6913493395638244,1.0050744436589927,-1.0038050711677444
1h,fz2_react0.25_body0.25_cl0.7_cs0.3,model_b,base,next_close,2.0,0.25,0.25,0.7,0.3,90,1.2,2.0,8,4.0,5.0,BTCUSDT,60,69.34212261041529,0.2,-0.676720218962718,-40.60321313776308,,,0.19090461436244843,0.7983546484482228,-1.045488935815453
1h,fz2_react0.25_body0.25_cl0.7_cs0.3,model_b,base,next_close,2.0,0.25,0.25,0.7,0.3,90,1.2,2.0,8,4.0,5.0,ETHUSDT,40,44.77017364657814,0.425,-0.054037759889015005,-2.1615103955606,,,0.8849086602104101,0.977606784348171,-0.8165576404121524
1h,fz2_react0.25_body0.25_cl0.7_cs0.3,model_b,base,next_close,2.0,0.25,0.25,0.7,0.3,90,1.2,2.0,8,4.0,5.0,LINKUSDT,53,58.37391632114587,0.37735849056603776,-0.15992907181210841,-8.476240806041746,,,0.6966707862900583,0.9733894857842106,-0.8467888036886655
1h,fz2_react0.25_body0.25_cl0.7_cs0.3,model_b,base,next_close,2.0,0.25,0.25,0.7,0.3,90,1.2,2.0,8,4.0,5.0,LTCUSDT,48,54.06939090208172,0.4375,-0.11905815295589785,-5.714791341883097,,,0.7578735666074063,0.8517960826153257,-0.8741670028446272
1h,fz2_react0.25_body0.25_cl0.7_cs0.3,model_b,base,next_close,2.0,0.25,0.25,0.7,0.3,90,1.2,2.0,8,4.0,5.0,SOLUSDT,52,63.940524617758456,0.36538461538461536,-0.0932759930905339,-4.850351640707763,,,0.8252396792852226,1.2054713492070905,-0.8410396144134086
1h,fz2_react0.25_body0.25_cl0.7_cs0.3,model_b,base,next_close,2.0,0.25,0.25,0.7,0.3,90,1.2,2.0,8,4.0,5.0,XRPUSDT,41,49.74477508650519,0.5365853658536586,0.03476972287343468,1.425558637810822,,,1.0780060628440986,0.8954786790513398,-0.9618406474378238
1h,fz2_react0.25_body0.5_cl0.6_cs0.4,model_b,base,next_close,2.0,0.25,0.5,0.6,0.4,90,1.2,2.0,8,4.0,5.0,ADAUSDT,46,53.98795019413576,0.43478260869565216,0.03978460784166544,1.8300919607166102,,,1.084413634138574,1.175507188015739,-0.8338481461383911
1h,fz2_react0.25_body0.5_cl0.6_cs0.4,model_b,base,next_close,2.0,0.25,0.5,0.6,0.4,90,1.2,2.0,8,4.0,5.0,AVAXUSDT,45,49.544084400904296,0.4,-0.10548611885919171,-4.746875348663627,,,0.7852245323203948,0.9641497844514747,-0.8185767210663027
1h,fz2_react0.25_body0.5_cl0.6_cs0.4,model_b,base,next_close,2.0,0.25,0.5,0.6,0.4,90,1.2,2.0,8,4.0,5.0,BNBUSDT,67,76.26567978184652,0.40298507462686567,-0.20836252796383883,-13.960289373577202,,,0.6516561243412927,0.9672549437243142,-1.0019043213533423
1h,fz2_react0.25_body0.5_cl0.6_cs0.4,model_b,base,next_close,2.0,0.25,0.5,0.6,0.4,90,1.2,2.0,8,4.0,5.0,BTCUSDT,57,66.49747138674473,0.22807017543859648,-0.601261245246899,-34.27189097907324,,,0.2604973938765163,0.9286635273849188,-1.0532844735244815
1h,fz2_react0.25_body0.5_cl0.6_cs0.4,model_b,base,next_close,2.0,0.25,0.5,0.6,0.4,90,1.2,2.0,8,4.0,5.0,ETHUSDT,39,43.65649342357298,0.4358974358974359,-0.2194070609492529,-8.556875377020864,,,0.5605020937392513,0.6419285837133464,-0.8849846045521705
1h,fz2_react0.25_body0.5_cl0.6_cs0.4,model_b,base,next_close,2.0,0.25,0.5,0.6,0.4,90,1.2,2.0,8,4.0,5.0,LINKUSDT,55,60.576705616283455,0.34545454545454546,-0.2569821292624194,-14.134017109433067,,,0.5520928745134646,0.9169300004106091,-0.8765468643676289
1h,fz2_react0.25_body0.5_cl0.6_cs0.4,model_b,base,next_close,2.0,0.25,0.5,0.6,0.4,90,1.2,2.0,8,4.0,5.0,LTCUSDT,46,51.81649961449499,0.41304347826086957,-0.12423335479134053,-5.714734320401664,,,0.7543955619190815,0.9238582860146781,-0.8617793242474278
1h,fz2_react0.25_body0.5_cl0.6_cs0.4,model_b,base,next_close,2.0,0.25,0.5,0.6,0.4,90,1.2,2.0,8,4.0,5.0,SOLUSDT,47,57.79239725066629,0.40425531914893614,-0.058234117878997786,-2.737003540312896,,,0.892978252924722,1.2019616310014973,-0.9133669474764766
1h,fz2_react0.25_body0.5_cl0.6_cs0.4,model_b,base,next_close,2.0,0.25,0.5,0.6,0.4,90,1.2,2.0,8,4.0,5.0,XRPUSDT,40,48.54492593105358,0.5,0.07998297696277859,3.1993190785111434,,,1.202586290790948,0.9495848037549791,-0.789618849829422
1h,fz2_react0.25_body0.5_cl0.7_cs0.3,model_b,base,next_close,2.0,0.25,0.5,0.7,0.3,90,1.2,2.0,8,4.0,5.0,ADAUSDT,44,51.640648011782034,0.5,0.12423137559436,5.46618052615184,,,1.3048401608670073,1.0635218644041762,-0.8150591132154562
1h,fz2_react0.25_body0.5_cl0.7_cs0.3,model_b,base,next_close,2.0,0.25,0.5,0.7,0.3,90,1.2,2.0,8,4.0,5.0,AVAXUSDT,42,46.24114544084401,0.38095238095238093,-0.09933937518640967,-4.172253757829206,,,0.7997051063107988,1.0411438147225736,-0.8011751843611686
1h,fz2_react0.25_body0.5_cl0.7_cs0.3,model_b,base,next_close,2.0,0.25,0.5,0.7,0.3,90,1.2,2.0,8,4.0,5.0,BNBUSDT,62,70.5742111414102,0.4032258064516129,-0.20788785644629273,-12.88904709967015,,,0.6477044638917586,0.9478738713512963,-0.988807942796015
1h,fz2_react0.25_body0.5_cl0.7_cs0.3,model_b,base,next_close,2.0,0.25,0.5,0.7,0.3,90,1.2,2.0,8,4.0,5.0,BTCUSDT,53,61.8309821666223,0.20754716981132076,-0.6409440529381342,-33.97003480572111,,,0.23677164095863898,0.9580286387293895,-1.0597226150415333
1h,fz2_react0.25_body0.5_cl0.7_cs0.3,model_b,base,next_close,2.0,0.25,0.5,0.7,0.3,90,1.2,2.0,8,4.0,5.0,ETHUSDT,37,41.417698889030774,0.43243243243243246,-0.21662839569280412,-8.015250640633752,,,0.5442638752538832,0.5982644256630858,-0.8374991167258631
1h,fz2_react0.25_body0.5_cl0.7_cs0.3,model_b,base,next_close,2.0,0.25,0.5,0.7,0.3,90,1.2,2.0,8,4.0,5.0,LINKUSDT,49,53.968337730870715,0.3877551020408163,-0.16989898103288975,-8.325050070611598,,,0.6766558984889275,0.9169300004106091,-0.8582240026137723
1h,fz2_react0.25_body0.5_cl0.7_cs0.3,model_b,base,next_close,2.0,0.25,0.5,0.7,0.3,90,1.2,2.0,8,4.0,5.0,LTCUSDT,46,51.81649961449499,0.391304347826087,-0.14635561493791166,-6.732358287143936,,,0.7169849601551168,0.947534967459185,-0.8495709893360451
1h,fz2_react0.25_body0.5_cl0.7_cs0.3,model_b,base,next_close,2.0,0.25,0.5,0.7,0.3,90,1.2,2.0,8,4.0,5.0,SOLUSDT,46,56.56277177724786,0.391304347826087,-0.07659293915439708,-3.5232752011022654,,,0.8643932049261859,1.2476821276872192,-0.9279126249811505
1h,fz2_react0.25_body0.5_cl0.7_cs0.3,model_b,base,next_close,2.0,0.25,0.5,0.7,0.3,90,1.2,2.0,8,4.0,5.0,XRPUSDT,38,46.1176796345009,0.5526315789473685,0.10896642295090372,4.140724072134342,,,1.2730308642846757,0.919356996877039,-0.8921042860166752
1h,fz2_react0_body0.25_cl0.6_cs0.4,model_b,base,next_close,2.0,0.0,0.25,0.6,0.4,90,1.2,2.0,8,4.0,5.0,ADAUSDT,52,61.013518939900955,0.5,0.23212112179793704,12.070298333492726,,,1.5548171320781201,1.3009904562132648,-0.836748212617391
1h,fz2_react0_body0.25_cl0.6_cs0.4,model_b,base,next_close,2.0,0.0,0.25,0.6,0.4,90,1.2,2.0,8,4.0,5.0,AVAXUSDT,57,62.763723150358,0.3684210526315789,-0.18624958734172536,-10.616226478478346,,,0.6339018320517869,0.875337091232507,-0.8055084831766943
1h,fz2_react0_body0.25_cl0.6_cs0.4,model_b,base,next_close,2.0,0.0,0.25,0.6,0.4,90,1.2,2.0,8,4.0,5.0,BNBUSDT,78,88.78691079080639,0.4358974358974359,-0.14553763855293778,-11.351935807129147,,,0.7490562426811765,0.9966187213677152,-1.0281130075825333
1h,fz2_react0_body0.25_cl0.6_cs0.4,model_b,base,next_close,2.0,0.0,0.25,0.6,0.4,90,1.2,2.0,8,4.0,5.0,BTCUSDT,66,76.27633487145683,0.22727272727272727,-0.623324772030552,-41.13943495401644,,,0.21598941332244548,0.7555750369639157,-1.0288835393818663
1h,fz2_react0_body0.25_cl0.6_cs0.4,model_b,base,next_close,2.0,0.0,0.25,0.6,0.4,90,1.2,2.0,8,4.0,5.0,ETHUSDT,47,52.60495403472931,0.3829787234042553,-0.20757182258199125,-9.755875661353588,,,0.6212616220917353,0.8890556841450317,-0.888237171584971
1h,fz2_react0_body0.25_cl0.6_cs0.4,model_b,base,next_close,2.0,0.0,0.25,0.6,0.4,90,1.2,2.0,8,4.0,5.0,LINKUSDT,61,67.17663316582914,0.3442622950819672,-0.24216619243812756,-14.772137738725782,,,0.5737758128612105,0.9469525098017626,-0.8664535111140699
1h,fz2_react0_body0.25_cl0.6_cs0.4,model_b,base,next_close,2.0,0.0,0.25,0.6,0.4,90,1.2,2.0,8,4.0,5.0,LTCUSDT,53,59.6939483489657,0.41509433962264153,-0.2082576932387219,-11.03765774165226,,,0.596318026312976,0.7411273217136326,-0.8820148006242639
1h,fz2_react0_body0.25_cl0.6_cs0.4,model_b,base,next_close,2.0,0.0,0.25,0.6,0.4,90,1.2,2.0,8,4.0,5.0,SOLUSDT,57,70.08865198485061,0.3333333333333333,-0.20212675831486118,-11.521225223947088,,,0.6373307721574026,1.0656123519230025,-0.8359963134337931
1h,fz2_react0_body0.25_cl0.6_cs0.4,model_b,base,next_close,2.0,0.0,0.25,0.6,0.4,90,1.2,2.0,8,4.0,5.0,XRPUSDT,45,54.59792387543253,0.4888888888888889,0.04553711924992243,2.0491703662465093,,,1.1031581188739108,0.9960697189717791,-0.8636679761362013
1h,fz2_react0_body0.25_cl0.7_cs0.3,model_b,base,next_close,2.0,0.0,0.25,0.7,0.3,90,1.2,2.0,8,4.0,5.0,ADAUSDT,49,57.49350823182974,0.5306122448979592,0.23062850504666946,11.300796747286803,,,1.591391304308244,1.1696010840079742,-0.8308187581269794
1h,fz2_react0_body0.25_cl0.7_cs0.3,model_b,base,next_close,2.0,0.0,0.25,0.7,0.3,90,1.2,2.0,8,4.0,5.0,AVAXUSDT,52,57.25094197437829,0.3269230769230769,-0.22243407859325168,-11.566572086849087,,,0.5836143218948098,0.9536431754996663,-0.7936716020098118
1h,fz2_react0_body0.25_cl0.7_cs0.3,model_b,base,next_close,2.0,0.0,0.25,0.7,0.3,90,1.2,2.0,8,4.0,5.0,BNBUSDT,74,84.23373587845734,0.44594594594594594,-0.1432655011097509,-10.601647082121566,,,0.7506757960416519,0.9672692356978474,-1.0371105331744033
1h,fz2_react0_body0.25_cl0.7_cs0.3,model_b,base,next_close,2.0,0.0,0.25,0.7,0.3,90,1.2,2.0,8,4.0,5.0,BTCUSDT,62,71.65352669742913,0.22580645161290322,-0.6417803913330199,-39.79038426264724,,,0.20671566194820148,0.7406185747999317,-1.0449800897884642
1h,fz2_react0_body0.25_cl0.7_cs0.3,model_b,base,next_close,2.0,0.0,0.25,0.7,0.3,90,1.2,2.0,8,4.0,5.0,ETHUSDT,43,48.1279366700715,0.3953488372093023,-0.12693912621001643,-5.458382427030706,,,0.752764872219361,0.977606784348171,-0.8491422215749852
1h,fz2_react0_body0.25_cl0.7_cs0.3,model_b,base,next_close,2.0,0.0,0.25,0.7,0.3,90,1.2,2.0,8,4.0,5.0,LINKUSDT,55,60.56909547738693,0.36363636363636365,-0.18576307899126188,-10.216969344519404,,,0.6584923214965263,0.9850138497344195,-0.8547784668345084
1h,fz2_react0_body0.25_cl0.7_cs0.3,model_b,base,next_close,2.0,0.0,0.25,0.7,0.3,90,1.2,2.0,8,4.0,5.0,LTCUSDT,51,57.44134652447642,0.4117647058823529,-0.2142227605643024,-10.925360788779422,,,0.5821088511640521,0.7246987682506159,-0.8714678307347452
1h,fz2_react0_body0.25_cl0.7_cs0.3,model_b,base,next_close,2.0,0.0,0.25,0.7,0.3,90,1.2,2.0,8,4.0,5.0,SOLUSDT,52,63.940524617758456,0.38461538461538464,-0.08837692350603674,-4.59560002231391,,,0.833699023010915,1.1519316717554562,-0.8635697955444698
1h,fz2_react0_body0.25_cl0.7_cs0.3,model_b,base,next_close,2.0,0.0,0.25,0.7,0.3,90,1.2,2.0,8,4.0,5.0,XRPUSDT,43,52.17134948096886,0.5116279069767442,0.038640480484084555,1.661540660815636,,,1.0850495830654998,0.963530992095163,-0.9302924364418071
1h,fz2_react0_body0.5_cl0.6_cs0.4,model_b,base,next_close,2.0,0.0,0.5,0.6,0.4,90,1.2,2.0,8,4.0,5.0,ADAUSDT,46,53.98795019413576,0.43478260869565216,0.03978460784166544,1.8300919607166102,,,1.084413634138574,1.175507188015739,-0.8338481461383911
1h,fz2_react0_body0.5_cl0.6_cs0.4,model_b,base,next_close,2.0,0.0,0.5,0.6,0.4,90,1.2,2.0,8,4.0,5.0,AVAXUSDT,46,50.64506405425772,0.391304347826087,-0.12746685433932073,-5.863475299608753,,,0.7474617964692586,0.9641497844514747,-0.8292204078476892
1h,fz2_react0_body0.5_cl0.6_cs0.4,model_b,base,next_close,2.0,0.0,0.5,0.6,0.4,90,1.2,2.0,8,4.0,5.0,BNBUSDT,67,76.26567978184652,0.40298507462686567,-0.20836252796383883,-13.960289373577202,,,0.6516561243412927,0.9672549437243142,-1.0019043213533423
1h,fz2_react0_body0.5_cl0.6_cs0.4,model_b,base,next_close,2.0,0.0,0.5,0.6,0.4,90,1.2,2.0,8,4.0,5.0,BTCUSDT,59,68.16844602609727,0.23728813559322035,-0.5853837768168744,-34.53764283219559,,,0.260770486056634,0.8702495289954084,-1.0382474719584736
1h,fz2_react0_body0.5_cl0.6_cs0.4,model_b,base,next_close,2.0,0.0,0.5,0.6,0.4,90,1.2,2.0,8,4.0,5.0,ETHUSDT,39,43.65649342357298,0.4358974358974359,-0.2194070609492529,-8.556875377020864,,,0.5605020937392513,0.6419285837133464,-0.8849846045521705
1h,fz2_react0_body0.5_cl0.6_cs0.4,model_b,base,next_close,2.0,0.0,0.5,0.6,0.4,90,1.2,2.0,8,4.0,5.0,LINKUSDT,55,60.576705616283455,0.34545454545454546,-0.2569821292624194,-14.134017109433067,,,0.5520928745134646,0.9169300004106091,-0.8765468643676289
1h,fz2_react0_body0.5_cl0.6_cs0.4,model_b,base,next_close,2.0,0.0,0.5,0.6,0.4,90,1.2,2.0,8,4.0,5.0,LTCUSDT,47,52.942945258288354,0.425531914893617,-0.11682155074085496,-5.490612884820183,,,0.7640277191046512,0.8888714434930183,-0.8617793242474278
1h,fz2_react0_body0.5_cl0.6_cs0.4,model_b,base,next_close,2.0,0.0,0.5,0.6,0.4,90,1.2,2.0,8,4.0,5.0,SOLUSDT,47,57.79239725066629,0.40425531914893614,-0.058234117878997786,-2.737003540312896,,,0.892978252924722,1.2019616310014973,-0.9133669474764766
1h,fz2_react0_body0.5_cl0.6_cs0.4,model_b,base,next_close,2.0,0.0,0.5,0.6,0.4,90,1.2,2.0,8,4.0,5.0,XRPUSDT,40,48.54492593105358,0.5,0.07998297696277859,3.1993190785111434,,,1.202586290790948,0.9495848037549791,-0.789618849829422
1h,fz2_react0_body0.5_cl0.7_cs0.3,model_b,base,next_close,2.0,0.0,0.5,0.7,0.3,90,1.2,2.0,8,4.0,5.0,ADAUSDT,44,51.640648011782034,0.5,0.12423137559436,5.46618052615184,,,1.3048401608670073,1.0635218644041762,-0.8150591132154562
1h,fz2_react0_body0.5_cl0.7_cs0.3,model_b,base,next_close,2.0,0.0,0.5,0.7,0.3,90,1.2,2.0,8,4.0,5.0,AVAXUSDT,43,47.342125094197435,0.37209302325581395,-0.12299659787847284,-5.288853708774332,,,0.7590187078742237,1.0411438147225736,-0.8128575831235374
1h,fz2_react0_body0.5_cl0.7_cs0.3,model_b,base,next_close,2.0,0.0,0.5,0.7,0.3,90,1.2,2.0,8,4.0,5.0,BNBUSDT,62,70.5742111414102,0.4032258064516129,-0.20788785644629273,-12.88904709967015,,,0.6477044638917586,0.9478738713512963,-0.988807942796015
1h,fz2_react0_body0.5_cl0.7_cs0.3,model_b,base,next_close,2.0,0.0,0.5,0.7,0.3,90,1.2,2.0,8,4.0,5.0,BTCUSDT,54,62.3914590747331,0.2037037037037037,-0.6360491520143562,-34.346654208775234,,,0.2347849448419164,0.9580286387293895,-1.0438364938325237
1h,fz2_react0_body0.5_cl0.7_cs0.3,model_b,base,next_close,2.0,0.0,0.5,0.7,0.3,90,1.2,2.0,8,4.0,5.0,ETHUSDT,37,41.417698889030774,0.43243243243243246,-0.21662839569280412,-8.015250640633752,,,0.5442638752538832,0.5982644256630858,-0.8374991167258631
1h,fz2_react0_body0.5_cl0.7_cs0.3,model_b,base,next_close,2.0,0.0,0.5,0.7,0.3,90,1.2,2.0,8,4.0,5.0,LINKUSDT,49,53.968337730870715,0.3877551020408163,-0.16989898103288975,-8.325050070611598,,,0.6766558984889275,0.9169300004106091,-0.8582240026137723
1h,fz2_react0_body0.5_cl0.7_cs0.3,model_b,base,next_close,2.0,0.0,0.5,0.7,0.3,90,1.2,2.0,8,4.0,5.0,LTCUSDT,47,52.942945258288354,0.40425531914893614,-0.13847312450132881,-6.5082368515624545,,,0.7264065824627575,0.9094605710445689,-0.8495709893360451
1h,fz2_react0_body0.5_cl0.7_cs0.3,model_b,base,next_close,2.0,0.0,0.5,0.7,0.3,90,1.2,2.0,8,4.0,5.0,SOLUSDT,46,56.56277177724786,0.41304347826086957,-0.07102567974428331,-3.2671812682370325,,,0.8736595547851232,1.189102952554966,-0.9577828654363475
1h,fz2_react0_body0.5_cl0.7_cs0.3,model_b,base,next_close,2.0,0.0,0.5,0.7,0.3,90,1.2,2.0,8,4.0,5.0,XRPUSDT,39,47.331302782777236,0.5384615384615384,0.10182319318893494,3.971104534368463,,,1.2589503046792385,0.919356996877039,-0.8519662444471865
1h,fz1.5_react0.25_body0.25_cl0.6_cs0.4,model_b,base,next_open,1.5,0.25,0.25,0.6,0.4,90,1.2,2.0,8,4.0,5.0,ADAUSDT,101,112.82859691601885,0.36633663366336633,-0.11327058485569012,-11.440329070424703,,,0.8090633815193374,1.3101774220644447,-0.9362014638563929
1h,fz1.5_react0.25_body0.25_cl0.6_cs0.4,model_b,base,next_open,1.5,0.25,0.25,0.6,0.4,90,1.2,2.0,8,4.0,5.0,AVAXUSDT,106,116.71850270066575,0.4339622641509434,-0.04414841077837295,-4.6797315425075325,,,0.9133944022632243,1.0729401338850604,-0.9005829616870052
1h,fz1.5_react0.25_body0.25_cl0.6_cs0.4,model_b,base,next_open,1.5,0.25,0.25,0.6,0.4,90,1.2,2.0,8,4.0,5.0,BNBUSDT,116,128.22900378310214,0.4051724137931034,-0.10197292874320066,-11.828859734211276,,,0.8253868342960907,1.1896674389264617,-0.9817859328080432
1h,fz1.5_react0.25_body0.25_cl0.6_cs0.4,model_b,base,next_open,1.5,0.25,0.25,0.6,0.4,90,1.2,2.0,8,4.0,5.0,BTCUSDT,175,194.97330960854092,0.26285714285714284,-0.4499889395162343,-78.748064415341,,,0.39261190250019323,1.1065708884799303,-1.0050412812823086
1h,fz1.5_react0.25_body0.25_cl0.6_cs0.4,model_b,base,next_open,1.5,0.25,0.25,0.6,0.4,90,1.2,2.0,8,4.0,5.0,ETHUSDT,142,156.31947758382518,0.3732394366197183,-0.22447511595715997,-31.875466465916716,,,0.6442478104850183,1.089145869857299,-1.006743792902849
1h,fz1.5_react0.25_body0.25_cl0.6_cs0.4,model_b,base,next_open,1.5,0.25,0.25,0.6,0.4,90,1.2,2.0,8,4.0,5.0,LINKUSDT,107,117.84922728986054,0.411214953271028,-0.029666236314133263,-3.1742872856122593,,,0.9458215619321192,1.2594365219011971,-0.9299919722105544
1h,fz1.5_react0.25_body0.25_cl0.6_cs0.4,model_b,base,next_open,1.5,0.25,0.25,0.6,0.4,90,1.2,2.0,8,4.0,5.0,LTCUSDT,128,140.97851488880514,0.421875,-0.0957139897387933,-12.251390686565543,,,0.8291726279901077,1.1012327709017422,-0.9691616258818867
1h,fz1.5_react0.25_body0.25_cl0.6_cs0.4,model_b,base,next_open,1.5,0.25,0.25,0.6,0.4,90,1.2,2.0,8,4.0,5.0,SOLUSDT,117,139.5404081632653,0.3504273504273504,-0.24086447035993072,-28.181143032111894,,,0.5977855598640686,1.021556776563843,-0.9219075114635455
1h,fz1.5_react0.25_body0.25_cl0.6_cs0.4,model_b,base,next_open,1.5,0.25,0.25,0.6,0.4,90,1.2,2.0,8,4.0,5.0,XRPUSDT,118,136.75145425700686,0.4661016949152542,-0.01571406331967416,-1.8542594717215508,,,0.9713452776896413,1.1428395082413951,-1.0271497210317189
1h,fz1.5_react0.25_body0.25_cl0.7_cs0.3,model_b,base,next_open,1.5,0.25,0.25,0.7,0.3,90,1.2,2.0,8,4.0,5.0,ADAUSDT,93,103.89167834841341,0.3655913978494624,-0.13741019156352705,-12.779147815408015,,,0.7719127011972373,1.2720086409856384,-0.9496176543884698
1h,fz1.5_react0.25_body0.25_cl0.7_cs0.3,model_b,base,next_open,1.5,0.25,0.25,0.7,0.3,90,1.2,2.0,8,4.0,5.0,AVAXUSDT,91,100.1639879457559,0.45054945054945056,0.028819892428075162,2.6226102109548397,,,1.0612327375589252,1.108605053311028,-0.8566039394959462
1h,fz1.5_react0.25_body0.25_cl0.7_cs0.3,model_b,base,next_open,1.5,0.25,0.25,0.7,0.3,90,1.2,2.0,8,4.0,5.0,BNBUSDT,104,117.54306343476019,0.41346153846153844,-0.08335533407758493,-8.668954744068833,,,0.8528513482114415,1.1684639911075563,-0.9657853501917008
1h,fz1.5_react0.25_body0.25_cl0.7_cs0.3,model_b,base,next_open,1.5,0.25,0.25,0.7,0.3,90,1.2,2.0,8,4.0,5.0,BTCUSDT,157,174.91891204880528,0.27388535031847133,-0.462855654494881,-72.66833775569631,,,0.37568391241399096,1.0169388581351928,-1.021023760136049
1h,fz1.5_react0.25_body0.25_cl0.7_cs0.3,model_b,base,next_open,1.5,0.25,0.25,0.7,0.3,90,1.2,2.0,8,4.0,5.0,ETHUSDT,128,140.90769810372976,0.359375,-0.2584551914819771,-33.08226450969307,,,0.5990564919932062,1.0745385261970986,-1.006232155058044
1h,fz1.5_react0.25_body0.25_cl0.7_cs0.3,model_b,base,next_open,1.5,0.25,0.25,0.7,0.3,90,1.2,2.0,8,4.0,5.0,LINKUSDT,99,109.03807010931021,0.37373737373737376,-0.10262292194388159,-10.159669272444278,,,0.8186516019803561,1.2395476862757155,-0.9035957042684799
1h,fz1.5_react0.25_body0.25_cl0.7_cs0.3,model_b,base,next_open,1.5,0.25,0.25,0.7,0.3,90,1.2,2.0,8,4.0,5.0,LTCUSDT,120,132.1673577082548,0.43333333333333335,-0.09968865180866242,-11.96263821703949,,,0.815713137648678,1.0182788095933282,-0.9546049458219494
1h,fz1.5_react0.25_body0.25_cl0.7_cs0.3,model_b,base,next_open,1.5,0.25,0.25,0.7,0.3,90,1.2,2.0,8,4.0,5.0,SOLUSDT,109,130.28279247341152,0.3302752293577982,-0.2899729791543056,-31.60705472781931,,,0.5316249570092515,0.9965363442493038,-0.924415933161565
1h,fz1.5_react0.25_body0.25_cl0.7_cs0.3,model_b,base,next_open,1.5,0.25,0.25,0.7,0.3,90,1.2,2.0,8,4.0,5.0,XRPUSDT,113,130.95690111052352,0.46017699115044247,-0.05877996948191202,-6.642136551456058,,,0.8955012979784929,1.0946109281954954,-1.0419984396331445
1h,fz1.5_react0.25_body0.5_cl0.6_cs0.4,model_b,base,next_open,1.5,0.25,0.5,0.6,0.4,90,1.2,2.0,8,4.0,5.0,ADAUSDT,89,99.42321906461068,0.34831460674157305,-0.2021027312089564,-17.987143077597118,,,0.6729375887120264,1.1938359392778766,-0.9482078826760568
1h,fz1.5_react0.25_body0.5_cl0.6_cs0.4,model_b,base,next_open,1.5,0.25,0.5,0.6,0.4,90,1.2,2.0,8,4.0,5.0,AVAXUSDT,87,95.7611752887996,0.4367816091954023,-0.04766099953269655,-4.1465069593446,,,0.9082574881889892,1.0802820568444613,-0.9223923493762067
1h,fz1.5_react0.25_body0.5_cl0.6_cs0.4,model_b,base,next_open,1.5,0.25,0.5,0.6,0.4,90,1.2,2.0,8,4.0,5.0,BNBUSDT,99,109.43682219419925,0.41414141414141414,-0.09705137914240013,-9.608086535097613,,,0.8339561420925012,1.176991822416025,-0.9976681250716316
1h,fz1.5_react0.25_body0.5_cl0.6_cs0.4,model_b,base,next_open,1.5,0.25,0.5,0.6,0.4,90,1.2,2.0,8,4.0,5.0,BTCUSDT,144,161.13147817207047,0.3055555555555556,-0.3568038646561163,-51.379756510480746,,,0.49755741877399995,1.156368182057752,-1.0225995652102184
1h,fz1.5_react0.25_body0.5_cl0.6_cs0.4,model_b,base,next_open,1.5,0.25,0.5,0.6,0.4,90,1.2,2.0,8,4.0,5.0,ETHUSDT,117,130.7524222335543,0.37606837606837606,-0.20582961285086804,-24.08206470355156,,,0.6570586815931931,1.04863750701164,-0.9619467809871743
1h,fz1.5_react0.25_body0.5_cl0.6_cs0.4,model_b,base,next_open,1.5,0.25,0.5,0.6,0.4,90,1.2,2.0,8,4.0,5.0,LINKUSDT,94,103.53109687146626,0.3829787234042553,-0.11824514644523677,-11.115043765852256,,,0.7908841657606326,1.1677090286300056,-0.9164235999402147
1h,fz1.5_react0.25_body0.5_cl0.6_cs0.4,model_b,base,next_open,1.5,0.25,0.5,0.6,0.4,90,1.2,2.0,8,4.0,5.0,LTCUSDT,117,131.7941403238242,0.4017094017094017,-0.15790673806180383,-18.475088353231047,,,0.7290048434658735,1.0574444227585926,-0.9739282317554987
1h,fz1.5_react0.25_body0.5_cl0.6_cs0.4,model_b,base,next_open,1.5,0.25,0.5,0.6,0.4,90,1.2,2.0,8,4.0,5.0,SOLUSDT,97,117.77036011080332,0.3711340206185567,-0.2217867175872317,-21.513311605961476,,,0.6357375528478697,1.042961391417665,-0.9681954376556953
1h,fz1.5_react0.25_body0.5_cl0.6_cs0.4,model_b,base,next_open,1.5,0.25,0.5,0.6,0.4,90,1.2,2.0,8,4.0,5.0,XRPUSDT,104,123.53170731707317,0.4423076923076923,-0.10201173949028162,-10.60922090698929,,,0.8208361788362813,1.0566516470985334,-1.020951666784859
1h,fz1.5_react0.25_body0.5_cl0.7_cs0.3,model_b,base,next_open,1.5,0.25,0.5,0.7,0.3,90,1.2,2.0,8,4.0,5.0,ADAUSDT,81,90.48630049700522,0.37037037037037035,-0.12542529312576736,-10.159448743187157,,,0.7846961935247603,1.2342374693076128,-0.9252269180865794
1h,fz1.5_react0.25_body0.5_cl0.7_cs0.3,model_b,base,next_open,1.5,0.25,0.5,0.7,0.3,90,1.2,2.0,8,4.0,5.0,AVAXUSDT,79,86.95554997488699,0.45569620253164556,0.03079163812412167,2.432539411805612,,,1.0635432496244455,1.1309492555427765,-0.8902705532031242
1h,fz1.5_react0.25_body0.5_cl0.7_cs0.3,model_b,base,next_open,1.5,0.25,0.5,0.7,0.3,90,1.2,2.0,8,4.0,5.0,BNBUSDT,89,100.58973697782362,0.4157303370786517,-0.07589555590501748,-6.754704475546556,,,0.8638788494283101,1.1585955571425908,-0.9542834632658157
1h,fz1.5_react0.25_body0.5_cl0.7_cs0.3,model_b,base,next_open,1.5,0.25,0.5,0.7,0.3,90,1.2,2.0,8,4.0,5.0,BTCUSDT,134,149.9417921878989,0.30597014925373134,-0.39742806861101077,-53.255361193875444,,,0.45532441696701675,1.0858316866005815,-1.051338283274186
1h,fz1.5_react0.25_body0.5_cl0.7_cs0.3,model_b,base,next_open,1.5,0.25,0.5,0.7,0.3,90,1.2,2.0,8,4.0,5.0,ETHUSDT,106,118.45945945945945,0.3584905660377358,-0.2732085614299623,-28.960107511576005,,,0.5652423007905888,0.9908409497709723,-0.9795891706304846
1h,fz1.5_react0.25_body0.5_cl0.7_cs0.3,model_b,base,next_open,1.5,0.25,0.5,0.7,0.3,90,1.2,2.0,8,4.0,5.0,LINKUSDT,86,94.71993969091594,0.36046511627906974,-0.16603792043314286,-14.279261157250286,,,0.7069062945925485,1.110962500845882,-0.8858017942449571
1h,fz1.5_react0.25_body0.5_cl0.7_cs0.3,model_b,base,next_open,1.5,0.25,0.5,0.7,0.3,90,1.2,2.0,8,4.0,5.0,LTCUSDT,111,125.03546646106399,0.40540540540540543,-0.14959833615986098,-16.60541531374457,,,0.7346401742199888,1.0215902261288043,-0.9481359922657691
1h,fz1.5_react0.25_body0.5_cl0.7_cs0.3,model_b,base,next_open,1.5,0.25,0.5,0.7,0.3,90,1.2,2.0,8,4.0,5.0,SOLUSDT,91,110.48559556786704,0.3516483516483517,-0.24414264642126365,-22.216980824334993,,,0.5982447835874168,1.0338379209408532,-0.9372846490583441
1h,fz1.5_react0.25_body0.5_cl0.7_cs0.3,model_b,base,next_open,1.5,0.25,0.5,0.7,0.3,90,1.2,2.0,8,4.0,5.0,XRPUSDT,100,118.78048780487805,0.44,-0.1401721714315925,-14.01721714315925,,,0.7616000851733679,1.017723991779934,-1.049947728240649
1h,fz1.5_react0_body0.25_cl0.6_cs0.4,model_b,base,next_open,1.5,0.0,0.25,0.6,0.4,90,1.2,2.0,8,4.0,5.0,ADAUSDT,100,111.71148209506818,0.39,-0.07734821036962307,-7.734821036962306,,,0.8633738613713184,1.2532876630410492,-0.9280826212387413
1h,fz1.5_react0_body0.25_cl0.6_cs0.4,model_b,base,next_open,1.5,0.0,0.25,0.6,0.4,90,1.2,2.0,8,4.0,5.0,AVAXUSDT,114,125.527446300716,0.41228070175438597,-0.0554582783218732,-6.322243728693545,,,0.8944858114316633,1.1403442288362065,-0.8943048131939588
1h,fz1.5_react0_body0.25_cl0.6_cs0.4,model_b,base,next_open,1.5,0.0,0.25,0.6,0.4,90,1.2,2.0,8,4.0,5.0,BNBUSDT,120,132.65069356872635,0.4083333333333333,-0.11469282359835373,-13.763138831802447,,,0.8087579188360112,1.1878360331779245,-1.0136211895425458
1h,fz1.5_react0_body0.25_cl0.6_cs0.4,model_b,base,next_open,1.5,0.0,0.25,0.6,0.4,90,1.2,2.0,8,4.0,5.0,BTCUSDT,180,200.5439755973564,0.26666666666666666,-0.42019932236683094,-75.63587802602957,,,0.41596667166549534,1.1222962698430778,-0.9811068104431614
1h,fz1.5_react0_body0.25_cl0.6_cs0.4,model_b,base,next_open,1.5,0.0,0.25,0.6,0.4,90,1.2,2.0,8,4.0,5.0,ETHUSDT,153,168.42873288961445,0.35294117647058826,-0.24781513732232702,-37.91571601031603,,,0.605552669657624,1.07792465116803,-0.9709459310443398
1h,fz1.5_react0_body0.25_cl0.6_cs0.4,model_b,base,next_open,1.5,0.0,0.25,0.6,0.4,90,1.2,2.0,8,4.0,5.0,LINKUSDT,111,122.2394472361809,0.4144144144144144,-0.019362578872860563,-2.1492462548875224,,,0.9630382918801037,1.2173623598347614,-0.8945833047274854
1h,fz1.5_react0_body0.25_cl0.6_cs0.4,model_b,base,next_open,1.5,0.0,0.25,0.6,0.4,90,1.2,2.0,8,4.0,5.0,LTCUSDT,133,146.48548812664907,0.42105263157894735,-0.1421220449372067,-18.90223197664849,,,0.7512603137466294,1.0194605552712848,-0.9869093905433822
1h,fz1.5_react0_body0.25_cl0.6_cs0.4,model_b,base,next_open,1.5,0.0,0.25,0.6,0.4,90,1.2,2.0,8,4.0,5.0,SOLUSDT,121,144.31102040816327,0.34710743801652894,-0.25377336778645554,-30.706577502161117,,,0.5818888514075897,1.0174906141552402,-0.9296352316035595
1h,fz1.5_react0_body0.25_cl0.6_cs0.4,model_b,base,next_open,1.5,0.0,0.25,0.6,0.4,90,1.2,2.0,8,4.0,5.0,XRPUSDT,120,139.0692755156002,0.475,0.00529234995301662,0.6350819943619943,,,1.0101965235345713,1.1038465075069546,-0.9886376021195938
1h,fz1.5_react0_body0.25_cl0.7_cs0.3,model_b,base,next_open,1.5,0.0,0.25,0.7,0.3,90,1.2,2.0,8,4.0,5.0,ADAUSDT,94,105.00879316936408,0.3723404255319149,-0.1279574106543417,-12.027996601508121,,,0.7851457614565759,1.255832208386049,-0.9488495575427089
1h,fz1.5_react0_body0.25_cl0.7_cs0.3,model_b,base,next_open,1.5,0.0,0.25,0.7,0.3,90,1.2,2.0,8,4.0,5.0,AVAXUSDT,99,108.9696132596685,0.42424242424242425,-0.0027783039900626974,-0.27505209501620703,,,0.9943404226168154,1.1505798379787682,-0.8526211454407803
1h,fz1.5_react0_body0.25_cl0.7_cs0.3,model_b,base,next_open,1.5,0.0,0.25,0.7,0.3,90,1.2,2.0,8,4.0,5.0,BNBUSDT,109,123.19417225373904,0.41284403669724773,-0.10843303785452976,-11.819201126143744,,,0.8163921653453211,1.1678396837443037,-1.0058122952287096
1h,fz1.5_react0_body0.25_cl0.7_cs0.3,model_b,base,next_open,1.5,0.0,0.25,0.7,0.3,90,1.2,2.0,8,4.0,5.0,BTCUSDT,165,183.83197763091002,0.26666666666666666,-0.4470368194684212,-73.7610752122895,,,0.38645193340781586,1.0558967540285753,-0.9935581189218744
1h,fz1.5_react0_body0.25_cl0.7_cs0.3,model_b,base,next_open,1.5,0.0,0.25,0.7,0.3,90,1.2,2.0,8,4.0,5.0,ETHUSDT,136,149.71442923521286,0.3382352941176471,-0.2823704886513069,-38.40238645657774,,,0.5659890151305271,1.0886985957458284,-0.9831391317876205
1h,fz1.5_react0_body0.25_cl0.7_cs0.3,model_b,base,next_open,1.5,0.0,0.25,0.7,0.3,90,1.2,2.0,8,4.0,5.0,LINKUSDT,101,111.22688442211054,0.38613861386138615,-0.0876265284196351,-8.850279370383145,,,0.8399026501770033,1.1905213322746475,-0.8916227633724902
1h,fz1.5_react0_body0.25_cl0.7_cs0.3,model_b,base,next_open,1.5,0.0,0.25,0.7,0.3,90,1.2,2.0,8,4.0,5.0,LTCUSDT,123,135.47154165096117,0.43902439024390244,-0.10145335632229402,-12.478762827642164,,,0.8108235095907661,0.9904599951015953,-0.9559942400453377
1h,fz1.5_react0_body0.25_cl0.7_cs0.3,model_b,base,next_open,1.5,0.0,0.25,0.7,0.3,90,1.2,2.0,8,4.0,5.0,SOLUSDT,112,133.48633582596872,0.33035714285714285,-0.2952279827960669,-33.06553407315949,,,0.5256794052190907,0.9904277468394,-0.9294848094162306
1h,fz1.5_react0_body0.25_cl0.7_cs0.3,model_b,base,next_open,1.5,0.0,0.25,0.7,0.3,90,1.2,2.0,8,4.0,5.0,XRPUSDT,115,133.27472236911686,0.4608695652173913,-0.04688732345344784,-5.392042197146502,,,0.9134011732700484,1.073067322339957,-1.0042679077607133
1h,fz1.5_react0_body0.5_cl0.6_cs0.4,model_b,base,next_open,1.5,0.0,0.5,0.6,0.4,90,1.2,2.0,8,4.0,5.0,ADAUSDT,90,100.54033388556135,0.35555555555555557,-0.18787944814818733,-16.90915033333686,,,0.6929257762653283,1.1923813136093866,-0.9494026270489178
1h,fz1.5_react0_body0.5_cl0.6_cs0.4,model_b,base,next_open,1.5,0.0,0.5,0.6,0.4,90,1.2,2.0,8,4.0,5.0,AVAXUSDT,88,96.86187845303867,0.4318181818181818,-0.059376163986412316,-5.2251024308042835,,,0.8870878492464274,1.0802820568444613,-0.9255164118178763
1h,fz1.5_react0_body0.5_cl0.6_cs0.4,model_b,base,next_open,1.5,0.0,0.5,0.6,0.4,90,1.2,2.0,8,4.0,5.0,BNBUSDT,99,109.43682219419925,0.41414141414141414,-0.09705137914240013,-9.608086535097613,,,0.8339561420925012,1.176991822416025,-0.9976681250716316
1h,fz1.5_react0_body0.5_cl0.6_cs0.4,model_b,base,next_open,1.5,0.0,0.5,0.6,0.4,90,1.2,2.0,8,4.0,5.0,BTCUSDT,145,162.25044677048763,0.3103448275862069,-0.3571656484412174,-51.78901902397652,,,0.4902521976111413,1.106851500101059,-1.0159733652852416
1h,fz1.5_react0_body0.5_cl0.6_cs0.4,model_b,base,next_open,1.5,0.0,0.5,0.6,0.4,90,1.2,2.0,8,4.0,5.0,ETHUSDT,120,134.10504844467107,0.375,-0.20395992717393344,-24.475191260872013,,,0.6540533783479852,1.028294895350701,-0.943312820688714
1h,fz1.5_react0_body0.5_cl0.6_cs0.4,model_b,base,next_open,1.5,0.0,0.5,0.6,0.4,90,1.2,2.0,8,4.0,5.0,LINKUSDT,95,104.63249151903506,0.37894736842105264,-0.12412078663766214,-11.791474730577903,,,0.7809456838716056,1.1677090286300056,-0.912355928156917
1h,fz1.5_react0_body0.5_cl0.6_cs0.4,model_b,base,next_open,1.5,0.0,0.5,0.6,0.4,90,1.2,2.0,8,4.0,5.0,LTCUSDT,119,134.04703161141094,0.40336134453781514,-0.16270472545463438,-19.36186232910149,,,0.7204138952061605,1.0393752899217745,-0.9753785386668546
1h,fz1.5_react0_body0.5_cl0.6_cs0.4,model_b,base,next_open,1.5,0.0,0.5,0.6,0.4,90,1.2,2.0,8,4.0,5.0,SOLUSDT,97,117.77036011080332,0.3711340206185567,-0.2217867175872317,-21.513311605961476,,,0.6357375528478697,1.042961391417665,-0.9681954376556953
1h,fz1.5_react0_body0.5_cl0.6_cs0.4,model_b,base,next_open,1.5,0.0,0.5,0.6,0.4,90,1.2,2.0,8,4.0,5.0,XRPUSDT,104,123.53170731707317,0.4519230769230769,-0.08345108241705021,-8.678912571373221,,,0.8504320545866638,1.0499498333034762,-1.0180097322216948
1h,fz1.5_react0_body0.5_cl0.7_cs0.3,model_b,base,next_open,1.5,0.0,0.5,0.7,0.3,90,1.2,2.0,8,4.0,5.0,ADAUSDT,82,91.6034153179559,0.36585365853658536,-0.1377718809030409,-11.297294234049355,,,0.7662197574565469,1.2342374693076128,-0.9293157367938029
1h,fz1.5_react0_body0.5_cl0.7_cs0.3,model_b,base,next_open,1.5,0.0,0.5,0.7,0.3,90,1.2,2.0,8,4.0,5.0,AVAXUSDT,80,88.05625313912607,0.45,0.0169242992543241,1.3539439403459281,,,1.0343987818625233,1.1309492555427765,-0.8945506649816825
1h,fz1.5_react0_body0.5_cl0.7_cs0.3,model_b,base,next_open,1.5,0.0,0.5,0.7,0.3,90,1.2,2.0,8,4.0,5.0,BNBUSDT,89,100.58973697782362,0.4157303370786517,-0.07589555590501748,-6.754704475546556,,,0.8638788494283101,1.1585955571425908,-0.9542834632658157
1h,fz1.5_react0_body0.5_cl0.7_cs0.3,model_b,base,next_open,1.5,0.0,0.5,0.7,0.3,90,1.2,2.0,8,4.0,5.0,BTCUSDT,136,152.1797293847332,0.3088235294117647,-0.3899266379178804,-53.030022756831734,,,0.4605955929797095,1.0781465834184316,-1.0458742474511262
1h,fz1.5_react0_body0.5_cl0.7_cs0.3,model_b,base,next_open,1.5,0.0,0.5,0.7,0.3,90,1.2,2.0,8,4.0,5.0,ETHUSDT,108,120.69454360020397,0.35185185185185186,-0.2778578115107172,-30.008643643157455,,,0.5570362299342843,0.9930657545023659,-0.9677877473463908
1h,fz1.5_react0_body0.5_cl0.7_cs0.3,model_b,base,next_open,1.5,0.0,0.5,0.7,0.3,90,1.2,2.0,8,4.0,5.0,LINKUSDT,86,94.71993969091594,0.36046511627906974,-0.16603792043314286,-14.279261157250286,,,0.7069062945925485,1.110962500845882,-0.8858017942449571
1h,fz1.5_react0_body0.5_cl0.7_cs0.3,model_b,base,next_open,1.5,0.0,0.5,0.7,0.3,90,1.2,2.0,8,4.0,5.0,LTCUSDT,112,126.16191210485736,0.4107142857142857,-0.14656508274243968,-16.415289267153245,,,0.7376784490024302,1.0035149178779894,-0.9481359922657691
1h,fz1.5_react0_body0.5_cl0.7_cs0.3,model_b,base,next_open,1.5,0.0,0.5,0.7,0.3,90,1.2,2.0,8,4.0,5.0,SOLUSDT,91,110.48559556786704,0.3516483516483517,-0.24270697072436734,-22.086334335917428,,,0.5996614917168342,1.0338379209408532,-0.9350703017970293
1h,fz1.5_react0_body0.5_cl0.7_cs0.3,model_b,base,next_open,1.5,0.0,0.5,0.7,0.3,90,1.2,2.0,8,4.0,5.0,XRPUSDT,101,119.96829268292683,0.44554455445544555,-0.12218254698304315,-12.340437245287358,,,0.7867262464260387,1.0115893786010652,-1.0332492728988447
1h,fz2.5_react0.25_body0.25_cl0.6_cs0.4,model_b,base,next_open,2.5,0.25,0.25,0.6,0.4,90,1.2,2.0,8,4.0,5.0,ADAUSDT,37,43.41346539954491,0.40540540540540543,0.03365478531317564,1.2452270565874985,,,1.0632600035015936,1.3952998748665884,-0.8947395939277876
1h,fz2.5_react0.25_body0.25_cl0.6_cs0.4,model_b,base,next_open,2.5,0.25,0.25,0.6,0.4,90,1.2,2.0,8,4.0,5.0,AVAXUSDT,34,40.61098242267339,0.35294117647058826,-0.19487126829566812,-6.6256231220527155,,,0.6906380077212769,1.2326194089597469,-0.9735025467986218
1h,fz2.5_react0.25_body0.25_cl0.6_cs0.4,model_b,base,next_open,2.5,0.25,0.25,0.6,0.4,90,1.2,2.0,8,4.0,5.0,BNBUSDT,60,69.50707017312013,0.36666666666666664,-0.3058774665675726,-18.352647994054355,,,0.5426353406126604,0.9897409182839109,-1.0559723209552734
1h,fz2.5_react0.25_body0.25_cl0.6_cs0.4,model_b,base,next_open,2.5,0.25,0.25,0.6,0.4,90,1.2,2.0,8,4.0,5.0,BTCUSDT,22,25.425444957152273,0.22727272727272727,-0.5387454518259243,-11.852399940170333,,,0.2707170263076045,0.8799455306534328,-0.9560075054963233
1h,fz2.5_react0.25_body0.25_cl0.6_cs0.4,model_b,base,next_open,2.5,0.25,0.25,0.6,0.4,90,1.2,2.0,8,4.0,5.0,ETHUSDT,19,22.287434765154554,0.3684210526315789,-0.2016395569261249,-3.831151581596373,,,0.6848641905759015,1.189427563989242,-1.013095377460089
1h,fz2.5_react0.25_body0.25_cl0.6_cs0.4,model_b,base,next_open,2.5,0.25,0.25,0.6,0.4,90,1.2,2.0,8,4.0,5.0,LINKUSDT,37,40.75160196004523,0.3783783783783784,-0.1612928834932222,-5.967836689249222,,,0.720464084221401,1.098660762971828,-0.9282211900371659
1h,fz2.5_react0.25_body0.25_cl0.6_cs0.4,model_b,base,next_open,2.5,0.25,0.25,0.6,0.4,90,1.2,2.0,8,4.0,5.0,LTCUSDT,23,36.09344790547798,0.43478260869565216,-0.1634121568423387,-3.7584796073737903,,,0.7374929701434298,1.0559154512471944,-1.1013564707573642
1h,fz2.5_react0.25_body0.25_cl0.6_cs0.4,model_b,base,next_open,2.5,0.25,0.25,0.6,0.4,90,1.2,2.0,8,4.0,5.0,SOLUSDT,33,45.122133832475434,0.45454545454545453,-0.020026814425444114,-0.6608848760396557,,,0.9613777239765925,1.0967073294739527,-0.9506386010082747
1h,fz2.5_react0.25_body0.25_cl0.6_cs0.4,model_b,base,next_open,2.5,0.25,0.25,0.6,0.4,90,1.2,2.0,8,4.0,5.0,XRPUSDT,21,25.479031141868514,0.47619047619047616,0.07637558866692352,1.603887362005394,,,1.1418373437587224,1.2911821644346055,-1.0279940256673328
1h,fz2.5_react0.25_body0.25_cl0.7_cs0.3,model_b,base,next_open,2.5,0.25,0.25,0.7,0.3,90,1.2,2.0,8,4.0,5.0,ADAUSDT,35,41.0667915941641,0.4,0.023178418172796162,0.8112446360478657,,,1.0435809531102485,1.3875646355853992,-0.8864123934356058
1h,fz2.5_react0.25_body0.25_cl0.7_cs0.3,model_b,base,next_open,2.5,0.25,0.25,0.7,0.3,90,1.2,2.0,8,4.0,5.0,AVAXUSDT,31,37.027660444202205,0.3870967741935484,-0.11667854262524789,-3.617034821382685,,,0.8009366272235326,1.212769426967631,-0.9563298918418031
1h,fz2.5_react0.25_body0.25_cl0.7_cs0.3,model_b,base,next_open,2.5,0.25,0.25,0.7,0.3,90,1.2,2.0,8,4.0,5.0,BNBUSDT,54,62.73045322024914,0.3888888888888889,-0.27198156104074683,-14.687004296200328,,,0.5860257130632511,0.9900502377681076,-1.0750927057372905
1h,fz2.5_react0.25_body0.25_cl0.7_cs0.3,model_b,base,next_open,2.5,0.25,0.25,0.7,0.3,90,1.2,2.0,8,4.0,5.0,BTCUSDT,19,21.958338826631508,0.2631578947368421,-0.49401603201885674,-9.386304608358278,,,0.319143867486381,0.8799455306534328,-0.9847165901161031
1h,fz2.5_react0.25_body0.25_cl0.7_cs0.3,model_b,base,next_open,2.5,0.25,0.25,0.7,0.3,90,1.2,2.0,8,4.0,5.0,ETHUSDT,17,19.941389000401443,0.4117647058823529,-0.096160232348476,-1.634723949924092,,,0.8358829021355739,1.189427563989242,-0.9960716897848787
1h,fz2.5_react0.25_body0.25_cl0.7_cs0.3,model_b,base,next_open,2.5,0.25,0.25,0.7,0.3,90,1.2,2.0,8,4.0,5.0,LINKUSDT,35,38.54881266490765,0.37142857142857144,-0.11533909800525488,-4.036868430183921,,,0.7920922501574423,1.1830587959084111,-0.8825742171360577
1h,fz2.5_react0.25_body0.25_cl0.7_cs0.3,model_b,base,next_open,2.5,0.25,0.25,0.7,0.3,90,1.2,2.0,8,4.0,5.0,LTCUSDT,24,37.662728249194416,0.375,-0.3789347108229824,-9.094433059751578,,,0.4498856493344543,0.8263847360836272,-1.102126378966948
1h,fz2.5_react0.25_body0.25_cl0.7_cs0.3,model_b,base,next_open,2.5,0.25,0.25,0.7,0.3,90,1.2,2.0,8,4.0,5.0,SOLUSDT,31,42.387459054749655,0.45161290322580644,-0.019668452011708828,-0.6097220123629736,,,0.9617378673383759,1.0946905820605295,-0.937375891835905
1h,fz2.5_react0.25_body0.25_cl0.7_cs0.3,model_b,base,next_open,2.5,0.25,0.25,0.7,0.3,90,1.2,2.0,8,4.0,5.0,XRPUSDT,18,21.83916955017301,0.5555555555555556,0.24374052323434262,4.387329418218167,,,1.5146734024544994,1.2911821644346055,-1.0655615282659858
1h,fz2.5_react0.25_body0.5_cl0.6_cs0.4,model_b,base,next_open,2.5,0.25,0.5,0.6,0.4,90,1.2,2.0,8,4.0,5.0,ADAUSDT,32,37.55683491765966,0.40625,0.041543963639441836,1.3294068364621388,,,1.0811256316301034,1.3628015792712846,-0.8624744049507663
1h,fz2.5_react0.25_body0.5_cl0.6_cs0.4,model_b,base,next_open,2.5,0.25,0.5,0.6,0.4,90,1.2,2.0,8,4.0,5.0,AVAXUSDT,28,33.44433846573102,0.32142857142857145,-0.24655194449490198,-6.903454445857255,,,0.6635166448701072,1.5125585335947571,-1.0798148025373722
1h,fz2.5_react0.25_body0.5_cl0.6_cs0.4,model_b,base,next_open,2.5,0.25,0.5,0.6,0.4,90,1.2,2.0,8,4.0,5.0,BNBUSDT,48,55.61300555114988,0.3958333333333333,-0.23479410608277854,-11.27011709197337,,,0.6275216251583429,0.9993151239686279,-1.043348429219907
1h,fz2.5_react0.25_body0.5_cl0.6_cs0.4,model_b,base,next_open,2.5,0.25,0.5,0.6,0.4,90,1.2,2.0,8,4.0,5.0,BTCUSDT,20,26.24550898203593,0.25,-0.570201074652474,-11.40402149304948,,,0.278397715158153,0.8799455306534328,-1.0535832764211095
1h,fz2.5_react0.25_body0.5_cl0.6_cs0.4,model_b,base,next_open,2.5,0.25,0.5,0.6,0.4,90,1.2,2.0,8,4.0,5.0,ETHUSDT,16,18.76836611802489,0.375,-0.11279891070851673,-1.8047825713362677,,,0.7982548036580913,1.1901781581009607,-0.8945851519942032
1h,fz2.5_react0.25_body0.5_cl0.6_cs0.4,model_b,base,next_open,2.5,0.25,0.5,0.6,0.4,90,1.2,2.0,8,4.0,5.0,LINKUSDT,35,38.54881266490765,0.3142857142857143,-0.24552048512026917,-8.593216979209421,,,0.5982219988942337,1.1631596245793172,-0.8911655353992463
1h,fz2.5_react0.25_body0.5_cl0.6_cs0.4,model_b,base,next_open,2.5,0.25,0.5,0.6,0.4,90,1.2,2.0,8,4.0,5.0,LTCUSDT,21,32.954887218045116,0.42857142857142855,-0.15685213164536146,-3.293894764552591,,,0.7523197150755486,1.1116759618432726,-1.1082482017618371
1h,fz2.5_react0.25_body0.5_cl0.6_cs0.4,model_b,base,next_open,2.5,0.25,0.5,0.6,0.4,90,1.2,2.0,8,4.0,5.0,SOLUSDT,25,34.1834347215723,0.56,0.2237653207458704,5.59413301864676,,,1.5216189922070718,1.1656207710000666,-0.9749597977594703
1h,fz2.5_react0.25_body0.5_cl0.6_cs0.4,model_b,base,next_open,2.5,0.25,0.5,0.6,0.4,90,1.2,2.0,8,4.0,5.0,XRPUSDT,19,23.05883981725045,0.47368421052631576,0.14943050872690455,2.8391796658111863,,,1.3023595001281392,1.3588065453257485,-0.9390079242120551
1h,fz2.5_react0.25_body0.5_cl0.7_cs0.3,model_b,base,next_open,2.5,0.25,0.5,0.7,0.3,90,1.2,2.0,8,4.0,5.0,ADAUSDT,31,36.3831838264828,0.41935483870967744,0.09016407071722901,2.7950861922340993,,,1.1825246548692976,1.392966015033126,-0.8507484446220299
1h,fz2.5_react0.25_body0.5_cl0.7_cs0.3,model_b,base,next_open,2.5,0.25,0.5,0.7,0.3,90,1.2,2.0,8,4.0,5.0,AVAXUSDT,26,31.05545714675024,0.34615384615384615,-0.18289991876547962,-4.75539788790247,,,0.7407527281350176,1.50974435997401,-1.0790057133922681
1h,fz2.5_react0.25_body0.5_cl0.7_cs0.3,model_b,base,next_open,2.5,0.25,0.5,0.7,0.3,90,1.2,2.0,8,4.0,5.0,BNBUSDT,44,51.11370262390671,0.4090909090909091,-0.19320225566297913,-8.500899249171082,,,0.6825822809011515,1.0155848359490882,-1.0300548575482564
1h,fz2.5_react0.25_body0.5_cl0.7_cs0.3,model_b,base,next_open,2.5,0.25,0.5,0.7,0.3,90,1.2,2.0,8,4.0,5.0,BTCUSDT,18,23.620958083832335,0.2777777777777778,-0.4925144620644968,-8.865260317160942,,,0.3316797318682506,0.8799455306534328,-1.0203836900329313
1h,fz2.5_react0.25_body0.5_cl0.7_cs0.3,model_b,base,next_open,2.5,0.25,0.5,0.7,0.3,90,1.2,2.0,8,4.0,5.0,ETHUSDT,15,17.595343235648333,0.3333333333333333,-0.20892767110431762,-3.1339150665647644,,,0.6496795123886573,1.1623872906754535,-0.8945851519942032
1h,fz2.5_react0.25_body0.5_cl0.7_cs0.3,model_b,base,next_open,2.5,0.25,0.5,0.7,0.3,90,1.2,2.0,8,4.0,5.0,LINKUSDT,32,35.244628722201284,0.3125,-0.1749653056277613,-5.598889780088362,,,0.6955827924283047,1.2793269535576246,-0.8360072416211185
1h,fz2.5_react0.25_body0.5_cl0.7_cs0.3,model_b,base,next_open,2.5,0.25,0.5,0.7,0.3,90,1.2,2.0,8,4.0,5.0,LTCUSDT,21,32.954887218045116,0.38095238095238093,-0.30026881005656547,-6.305645011187875,,,0.5625431501606845,1.0135849426325048,-1.1087941963267625
1h,fz2.5_react0.25_body0.5_cl0.7_cs0.3,model_b,base,next_open,2.5,0.25,0.5,0.7,0.3,90,1.2,2.0,8,4.0,5.0,SOLUSDT,24,32.81609733270941,0.5416666666666666,0.22701873139200313,5.448449553408075,,,1.5590848780845092,1.1687499231337737,-0.8859363133937255
1h,fz2.5_react0.25_body0.5_cl0.7_cs0.3,model_b,base,next_open,2.5,0.25,0.5,0.7,0.3,90,1.2,2.0,8,4.0,5.0,XRPUSDT,17,20.63159352069777,0.5294117647058824,0.2697654211069177,4.586012158817601,,,1.6000083877115607,1.3588065453257485,-0.9554058436392671
1h,fz2.5_react0_body0.25_cl0.6_cs0.4,model_b,base,next_open,2.5,0.0,0.25,0.6,0.4,90,1.2,2.0,8,4.0,5.0,ADAUSDT,36,42.24012849685451,0.4166666666666667,0.06691151568615802,2.408814564701689,,,1.1300607808086305,1.3952998748665884,-0.8819373122998636
1h,fz2.5_react0_body0.25_cl0.6_cs0.4,model_b,base,next_open,2.5,0.0,0.25,0.6,0.4,90,1.2,2.0,8,4.0,5.0,AVAXUSDT,33,39.41654176318299,0.36363636363636365,-0.17333413720139929,-5.720026527646176,,,0.7189743742899601,1.2195069646660635,-0.9692433382685208
1h,fz2.5_react0_body0.25_cl0.6_cs0.4,model_b,base,next_open,2.5,0.0,0.25,0.6,0.4,90,1.2,2.0,8,4.0,5.0,BNBUSDT,61,70.66552134267212,0.39344262295081966,-0.27408141125904334,-16.718966086801643,,,0.5898513703911381,1.0018426193478855,-1.1017078094905648
1h,fz2.5_react0_body0.25_cl0.6_cs0.4,model_b,base,next_open,2.5,0.0,0.25,0.6,0.4,90,1.2,2.0,8,4.0,5.0,BTCUSDT,22,25.425444957152273,0.22727272727272727,-0.538694613224379,-11.851281490936337,,,0.2707356579659844,0.8799455306534328,-0.9559417143649118
1h,fz2.5_react0_body0.25_cl0.6_cs0.4,model_b,base,next_open,2.5,0.0,0.25,0.6,0.4,90,1.2,2.0,8,4.0,5.0,ETHUSDT,21,24.63348052990767,0.3333333333333333,-0.25156959972905435,-5.282961594310142,,,0.6118025394298522,1.189427563989242,-0.9720681815882026
1h,fz2.5_react0_body0.25_cl0.6_cs0.4,model_b,base,next_open,2.5,0.0,0.25,0.6,0.4,90,1.2,2.0,8,4.0,5.0,LINKUSDT,39,42.94899497487437,0.358974358974359,-0.1578255829650469,-6.155197735636829,,,0.7174527189601899,1.1163904864039973,-0.8713865818117117
1h,fz2.5_react0_body0.25_cl0.6_cs0.4,model_b,base,next_open,2.5,0.0,0.25,0.6,0.4,90,1.2,2.0,8,4.0,5.0,LTCUSDT,25,39.224986575979955,0.48,-0.17008681916944685,-4.252170479236171,,,0.7028789764342005,0.8382558500350624,-1.100864667665917
1h,fz2.5_react0_body0.25_cl0.6_cs0.4,model_b,base,next_open,2.5,0.0,0.25,0.6,0.4,90,1.2,2.0,8,4.0,5.0,SOLUSDT,34,46.48947122133833,0.4411764705882353,-0.04628453498432484,-1.5736741894670445,,,0.9133387987288579,1.1056833374999278,-0.9557328553666294
1h,fz2.5_react0_body0.25_cl0.6_cs0.4,model_b,base,next_open,2.5,0.0,0.25,0.6,0.4,90,1.2,2.0,8,4.0,5.0,XRPUSDT,21,25.479031141868514,0.47619047619047616,0.10133949387493743,2.128129371373686,,,1.1973470048572796,1.2911821644346055,-0.9803356611793063
1h,fz2.5_react0_body0.25_cl0.7_cs0.3,model_b,base,next_open,2.5,0.0,0.25,0.7,0.3,90,1.2,2.0,8,4.0,5.0,ADAUSDT,34,39.8934546914737,0.4117647058823529,0.05797963919820988,1.971307732739136,,,1.1129391709274423,1.3875646355853992,-0.8727298582728226
1h,fz2.5_react0_body0.25_cl0.7_cs0.3,model_b,base,next_open,2.5,0.0,0.25,0.7,0.3,90,1.2,2.0,8,4.0,5.0,AVAXUSDT,30,35.833219784711815,0.4,-0.09038127423253822,-2.7114382269761466,,,0.8415042270231039,1.1996569826739474,-0.9504067788368621
1h,fz2.5_react0_body0.25_cl0.7_cs0.3,model_b,base,next_open,2.5,0.0,0.25,0.7,0.3,90,1.2,2.0,8,4.0,5.0,BNBUSDT,55,63.723235527359236,0.41818181818181815,-0.2377846584043607,-13.078156212239838,,,0.6381165010705828,1.0026512024014556,-1.1293479333585412
1h,fz2.5_react0_body0.25_cl0.7_cs0.3,model_b,base,next_open,2.5,0.0,0.25,0.7,0.3,90,1.2,2.0,8,4.0,5.0,BTCUSDT,21,24.269742913645352,0.23809523809523808,-0.51898038947887,-10.89858817905627,,,0.2875955563664785,0.8799455306534328,-0.9561447395202146
1h,fz2.5_react0_body0.25_cl0.7_cs0.3,model_b,base,next_open,2.5,0.0,0.25,0.7,0.3,90,1.2,2.0,8,4.0,5.0,ETHUSDT,18,21.114411882778,0.3888888888888889,-0.1548371070720619,-2.7870679272971146,,,0.7492078952333205,1.189427563989242,-1.0102782613838008
1h,fz2.5_react0_body0.25_cl0.7_cs0.3,model_b,base,next_open,2.5,0.0,0.25,0.7,0.3,90,1.2,2.0,8,4.0,5.0,LINKUSDT,36,39.64522613065326,0.3611111111111111,-0.11996974756955946,-4.3189109125041405,,,0.7833013981848236,1.2008912655863961,-0.8665433637011866
1h,fz2.5_react0_body0.25_cl0.7_cs0.3,model_b,base,next_open,2.5,0.0,0.25,0.7,0.3,90,1.2,2.0,8,4.0,5.0,LTCUSDT,25,39.224986575979955,0.44,-0.2915131993472444,-7.28782998368111,,,0.5275798805607114,0.7398869842801524,-1.1018990579116277
1h,fz2.5_react0_body0.25_cl0.7_cs0.3,model_b,base,next_open,2.5,0.0,0.25,0.7,0.3,90,1.2,2.0,8,4.0,5.0,SOLUSDT,30,41.02012166588676,0.4666666666666667,0.023782778121481753,0.7134833436444525,,,1.0483821668219733,1.1043077335169313,-0.9216765578495365
1h,fz2.5_react0_body0.25_cl0.7_cs0.3,model_b,base,next_open,2.5,0.0,0.25,0.7,0.3,90,1.2,2.0,8,4.0,5.0,XRPUSDT,19,23.052456747404847,0.5263157894736842,0.24488931790328117,4.652897040162342,,,1.5633780744051506,1.2911821644346055,-0.9176582893537459
1h,fz2.5_react0_body0.5_cl0.6_cs0.4,model_b,base,next_open,2.5,0.0,0.5,0.6,0.4,90,1.2,2.0,8,4.0,5.0,ADAUSDT,32,37.55683491765966,0.40625,0.041543963639441836,1.3294068364621388,,,1.0811256316301034,1.3628015792712846,-0.8624744049507663
1h,fz2.5_react0_body0.5_cl0.6_cs0.4,model_b,base,next_open,2.5,0.0,0.5,0.6,0.4,90,1.2,2.0,8,4.0,5.0,AVAXUSDT,28,33.44433846573102,0.32142857142857145,-0.24655194449490198,-6.903454445857255,,,0.6635166448701072,1.5125585335947571,-1.0798148025373722
1h,fz2.5_react0_body0.5_cl0.6_cs0.4,model_b,base,next_open,2.5,0.0,0.5,0.6,0.4,90,1.2,2.0,8,4.0,5.0,BNBUSDT,48,55.61300555114988,0.3958333333333333,-0.23479410608277854,-11.27011709197337,,,0.6275216251583429,0.9993151239686279,-1.043348429219907
1h,fz2.5_react0_body0.5_cl0.6_cs0.4,model_b,base,next_open,2.5,0.0,0.5,0.6,0.4,90,1.2,2.0,8,4.0,5.0,BTCUSDT,21,24.26334519572954,0.23809523809523808,-0.5691147084202455,-11.951408876825155,,,0.2690777882730041,0.8799455306534328,-1.02194603313077
1h,fz2.5_react0_body0.5_cl0.6_cs0.4,model_b,base,next_open,2.5,0.0,0.5,0.6,0.4,90,1.2,2.0,8,4.0,5.0,ETHUSDT,16,18.76836611802489,0.375,-0.11279891070851673,-1.8047825713362677,,,0.7982548036580913,1.1901781581009607,-0.8945851519942032
1h,fz2.5_react0_body0.5_cl0.6_cs0.4,model_b,base,next_open,2.5,0.0,0.5,0.6,0.4,90,1.2,2.0,8,4.0,5.0,LINKUSDT,36,39.65020731247644,0.3055555555555556,-0.25749022066486293,-9.269647943935066,,,0.5798822382898827,1.1631596245793172,-0.8825761525723022
1h,fz2.5_react0_body0.5_cl0.6_cs0.4,model_b,base,next_open,2.5,0.0,0.5,0.6,0.4,90,1.2,2.0,8,4.0,5.0,LTCUSDT,22,34.524167561761544,0.45454545454545453,-0.1410803962709667,-3.1037687179612674,,,0.7666160046528797,1.0195209703180779,-1.1082482017618371
1h,fz2.5_react0_body0.5_cl0.6_cs0.4,model_b,base,next_open,2.5,0.0,0.5,0.6,0.4,90,1.2,2.0,8,4.0,5.0,SOLUSDT,25,34.1834347215723,0.56,0.2237653207458704,5.59413301864676,,,1.5216189922070718,1.1656207710000666,-0.9749597977594703
1h,fz2.5_react0_body0.5_cl0.6_cs0.4,model_b,base,next_open,2.5,0.0,0.5,0.6,0.4,90,1.2,2.0,8,4.0,5.0,XRPUSDT,19,23.05883981725045,0.47368421052631576,0.14943050872690455,2.8391796658111863,,,1.3023595001281392,1.3588065453257485,-0.9390079242120551
1h,fz2.5_react0_body0.5_cl0.7_cs0.3,model_b,base,next_open,2.5,0.0,0.5,0.7,0.3,90,1.2,2.0,8,4.0,5.0,ADAUSDT,31,36.3831838264828,0.41935483870967744,0.09016407071722901,2.7950861922340993,,,1.1825246548692976,1.392966015033126,-0.8507484446220299
1h,fz2.5_react0_body0.5_cl0.7_cs0.3,model_b,base,next_open,2.5,0.0,0.5,0.7,0.3,90,1.2,2.0,8,4.0,5.0,AVAXUSDT,26,31.05545714675024,0.34615384615384615,-0.18289991876547962,-4.75539788790247,,,0.7407527281350176,1.50974435997401,-1.0790057133922681
1h,fz2.5_react0_body0.5_cl0.7_cs0.3,model_b,base,next_open,2.5,0.0,0.5,0.7,0.3,90,1.2,2.0,8,4.0,5.0,BNBUSDT,44,51.11370262390671,0.4090909090909091,-0.19320225566297913,-8.500899249171082,,,0.6825822809011515,1.0155848359490882,-1.0300548575482564
1h,fz2.5_react0_body0.5_cl0.7_cs0.3,model_b,base,next_open,2.5,0.0,0.5,0.7,0.3,90,1.2,2.0,8,4.0,5.0,BTCUSDT,19,21.952550415183868,0.2631578947368421,-0.4954025105756114,-9.412647700936617,,,0.31853519329158053,0.8799455306534328,-0.9865982395859844
1h,fz2.5_react0_body0.5_cl0.7_cs0.3,model_b,base,next_open,2.5,0.0,0.5,0.7,0.3,90,1.2,2.0,8,4.0,5.0,ETHUSDT,15,17.595343235648333,0.3333333333333333,-0.20892767110431762,-3.1339150665647644,,,0.6496795123886573,1.1623872906754535,-0.8945851519942032
1h,fz2.5_react0_body0.5_cl0.7_cs0.3,model_b,base,next_open,2.5,0.0,0.5,0.7,0.3,90,1.2,2.0,8,4.0,5.0,LINKUSDT,32,35.244628722201284,0.3125,-0.1749653056277613,-5.598889780088362,,,0.6955827924283047,1.2793269535576246,-0.8360072416211185
1h,fz2.5_react0_body0.5_cl0.7_cs0.3,model_b,base,next_open,2.5,0.0,0.5,0.7,0.3,90,1.2,2.0,8,4.0,5.0,LTCUSDT,22,34.524167561761544,0.4090909090909091,-0.27797813475438865,-6.115518964596551,,,0.5757332268723729,0.9220895097390402,-1.1087941963267625
1h,fz2.5_react0_body0.5_cl0.7_cs0.3,model_b,base,next_open,2.5,0.0,0.5,0.7,0.3,90,1.2,2.0,8,4.0,5.0,SOLUSDT,24,32.81609733270941,0.5416666666666666,0.2324623350760684,5.5790960418256414,,,1.580270142423961,1.1687499231337737,-0.8740593599012194
1h,fz2.5_react0_body0.5_cl0.7_cs0.3,model_b,base,next_open,2.5,0.0,0.5,0.7,0.3,90,1.2,2.0,8,4.0,5.0,XRPUSDT,18,21.84521666897411,0.5,0.24069354005963475,4.332483721073426,,,1.5486396178890183,1.3588065453257485,-0.8774194652064791
1h,fz2_react0.25_body0.25_cl0.6_cs0.4,model_b,base,next_open,2.0,0.25,0.25,0.6,0.4,90,1.2,2.0,8,4.0,5.0,ADAUSDT,61,71.57355106411458,0.39344262295081966,-0.011574147155718896,-0.7060229764988527,,,0.9790240283847048,1.3730263037415298,-0.9096933585485287
1h,fz2_react0.25_body0.25_cl0.6_cs0.4,model_b,base,next_open,2.0,0.25,0.25,0.6,0.4,90,1.2,2.0,8,4.0,5.0,AVAXUSDT,55,60.56148725034544,0.4,-0.10804050062610215,-5.942227534435618,,,0.7931396450497735,1.0356165677348494,-0.8704785462000699
1h,fz2_react0.25_body0.25_cl0.6_cs0.4,model_b,base,next_open,2.0,0.25,0.25,0.6,0.4,90,1.2,2.0,8,4.0,5.0,BNBUSDT,83,94.47837943124269,0.40963855421686746,-0.19237071615709372,-15.96676944103878,,,0.6871218253324399,1.0313275309946996,-1.0414674590787463
1h,fz2_react0.25_body0.25_cl0.6_cs0.4,model_b,base,next_open,2.0,0.25,0.25,0.6,0.4,90,1.2,2.0,8,4.0,5.0,BTCUSDT,70,80.89914304548451,0.14285714285714285,-0.7407218679561328,-51.850530756929295,,,0.13964666980107857,0.8416023618981573,-1.0044425729318478
1h,fz2_react0.25_body0.25_cl0.6_cs0.4,model_b,base,next_open,2.0,0.25,0.25,0.6,0.4,90,1.2,2.0,8,4.0,5.0,ETHUSDT,48,53.72420837589377,0.375,-0.24572680940411984,-11.794886851397752,,,0.613401418253113,1.0396946118130326,-1.0169796621344114
1h,fz2_react0.25_body0.25_cl0.6_cs0.4,model_b,base,next_open,2.0,0.25,0.25,0.6,0.4,90,1.2,2.0,8,4.0,5.0,LINKUSDT,61,67.1850735016962,0.3114754098360656,-0.25641638867094907,-15.641399708927894,,,0.5983213532884294,1.226246471531286,-0.927144825429103
1h,fz2_react0.25_body0.25_cl0.6_cs0.4,model_b,base,next_open,2.0,0.25,0.25,0.6,0.4,90,1.2,2.0,8,4.0,5.0,LTCUSDT,54,60.82806476484194,0.4074074074074074,-0.1156563331075474,-6.24544198780756,,,0.8005561606778417,1.1394930378050094,-0.9785715256099301
1h,fz2_react0.25_body0.25_cl0.6_cs0.4,model_b,base,next_open,2.0,0.25,0.25,0.6,0.4,90,1.2,2.0,8,4.0,5.0,SOLUSDT,57,70.1083204714466,0.42105263157894735,-0.07019443237059905,-4.001082645124146,,,0.8688202391158716,1.104153299840236,-0.9242655103421153
1h,fz2_react0.25_body0.25_cl0.6_cs0.4,model_b,base,next_open,2.0,0.25,0.25,0.6,0.4,90,1.2,2.0,8,4.0,5.0,XRPUSDT,46,55.81121107266436,0.5217391304347826,0.013840165055005588,0.636647592530257,,,1.0280873697636723,0.9709722352935831,-1.0303039115688972
1h,fz2_react0.25_body0.25_cl0.7_cs0.3,model_b,base,next_open,2.0,0.25,0.25,0.7,0.3,90,1.2,2.0,8,4.0,5.0,ADAUSDT,56,65.70686655066257,0.375,-0.06785966195428136,-3.800141069439756,,,0.8794543645660418,1.3202076412820938,-0.9007000438961065
1h,fz2_react0.25_body0.25_cl0.7_cs0.3,model_b,base,next_open,2.0,0.25,0.25,0.7,0.3,90,1.2,2.0,8,4.0,5.0,AVAXUSDT,49,53.93445504771472,0.3673469387755102,-0.10453283765638921,-5.1221090451630715,,,0.7990002397276874,1.1311694958828917,-0.822037418421133
1h,fz2_react0.25_body0.25_cl0.7_cs0.3,model_b,base,next_open,2.0,0.25,0.25,0.7,0.3,90,1.2,2.0,8,4.0,5.0,BNBUSDT,74,84.23373587845734,0.43243243243243246,-0.15638587712356547,-11.572554907143845,,,0.7360014459696108,1.008222513815376,-1.0437065559341876
1h,fz2_react0.25_body0.25_cl0.7_cs0.3,model_b,base,next_open,2.0,0.25,0.25,0.7,0.3,90,1.2,2.0,8,4.0,5.0,BTCUSDT,63,72.80922874093606,0.14285714285714285,-0.7704631410466546,-48.53917788593924,,,0.12461993205508125,0.7677870157531856,-1.0268381671799613
1h,fz2_react0.25_body0.25_cl0.7_cs0.3,model_b,base,next_open,2.0,0.25,0.25,0.7,0.3,90,1.2,2.0,8,4.0,5.0,ETHUSDT,43,48.1279366700715,0.3953488372093023,-0.21570230297500453,-9.275199027925195,,,0.6448991291429644,0.9908647284792664,-1.004611515848951
1h,fz2_react0.25_body0.25_cl0.7_cs0.3,model_b,base,next_open,2.0,0.25,0.25,0.7,0.3,90,1.2,2.0,8,4.0,5.0,LINKUSDT,57,62.77949491142103,0.3157894736842105,-0.20053163128982138,-11.430302983519818,,,0.6708573000474075,1.2942887013498994,-0.8904487078927693
1h,fz2_react0.25_body0.25_cl0.7_cs0.3,model_b,base,next_open,2.0,0.25,0.25,0.7,0.3,90,1.2,2.0,8,4.0,5.0,LTCUSDT,54,60.82806476484194,0.3888888888888889,-0.20717650504371787,-11.187531272360765,,,0.6540168316708008,1.0070451021541227,-0.9798629823514347
1h,fz2_react0.25_body0.25_cl0.7_cs0.3,model_b,base,next_open,2.0,0.25,0.25,0.7,0.3,90,1.2,2.0,8,4.0,5.0,SOLUSDT,54,66.41840886768627,0.3888888888888889,-0.1247078061502197,-6.734221532111864,,,0.7742234263522422,1.0996526733044287,-0.903846293075905
1h,fz2_react0.25_body0.25_cl0.7_cs0.3,model_b,base,next_open,2.0,0.25,0.25,0.7,0.3,90,1.2,2.0,8,4.0,5.0,XRPUSDT,42,50.95806228373703,0.5476190476190477,0.06498927920896264,2.7295497267764306,,,1.1376343145791012,0.9809325220988869,-1.0437841200788405
1h,fz2_react0.25_body0.5_cl0.6_cs0.4,model_b,base,next_open,2.0,0.25,0.5,0.6,0.4,90,1.2,2.0,8,4.0,5.0,ADAUSDT,55,64.55081001472755,0.38181818181818183,-0.10651944252339178,-5.858569338786548,,,0.806908190631187,1.1658228182207606,-0.8923778976888977
1h,fz2_react0.25_body0.5_cl0.6_cs0.4,model_b,base,next_open,2.0,0.25,0.5,0.6,0.4,90,1.2,2.0,8,4.0,5.0,AVAXUSDT,47,51.733048719236564,0.3829787234042553,-0.11836184736058161,-5.563006825947336,,,0.7860889881736396,1.1357314660052644,-0.8967645935876585
1h,fz2_react0.25_body0.5_cl0.6_cs0.4,model_b,base,next_open,2.0,0.25,0.5,0.6,0.4,90,1.2,2.0,8,4.0,5.0,BNBUSDT,68,77.40397350993378,0.4264705882352941,-0.17749506713833565,-12.069664565406825,,,0.7041736175055451,0.9906951791528491,-1.0461493528420371
1h,fz2_react0.25_body0.5_cl0.6_cs0.4,model_b,base,next_open,2.0,0.25,0.5,0.6,0.4,90,1.2,2.0,8,4.0,5.0,BTCUSDT,59,68.8124002128792,0.1694915254237288,-0.7029094802118966,-41.4716593325019,,,0.190108477646878,0.9734777811088522,-1.0450293294610289
1h,fz2_react0.25_body0.5_cl0.6_cs0.4,model_b,base,next_open,2.0,0.25,0.5,0.6,0.4,90,1.2,2.0,8,4.0,5.0,ETHUSDT,42,47.01468522538629,0.38095238095238093,-0.2332872867380051,-9.798066042996215,,,0.6137792227769002,0.973188412438947,-0.9757338708468988
1h,fz2_react0.25_body0.5_cl0.6_cs0.4,model_b,base,next_open,2.0,0.25,0.5,0.6,0.4,90,1.2,2.0,8,4.0,5.0,LINKUSDT,56,61.678100263852244,0.26785714285714285,-0.362252671717813,-20.286149616197527,,,0.4575238369374999,1.1406211788420462,-0.912084568264103
1h,fz2_react0.25_body0.5_cl0.6_cs0.4,model_b,base,next_open,2.0,0.25,0.5,0.6,0.4,90,1.2,2.0,8,4.0,5.0,LTCUSDT,51,57.44872783346183,0.39215686274509803,-0.1399624748635379,-7.138086218040434,,,0.7601327682048975,1.1310201055805664,-0.9599512364403794
1h,fz2_react0.25_body0.5_cl0.6_cs0.4,model_b,base,next_open,2.0,0.25,0.5,0.6,0.4,90,1.2,2.0,8,4.0,5.0,SOLUSDT,47,57.80861512557878,0.46808510638297873,0.031021429791677976,1.4580072002088649,,,1.0608267348217757,1.1558113102106335,-0.9587936649770029
1h,fz2_react0.25_body0.5_cl0.6_cs0.4,model_b,base,next_open,2.0,0.25,0.5,0.6,0.4,90,1.2,2.0,8,4.0,5.0,XRPUSDT,42,50.97217222760626,0.5,0.03407409866272879,1.4311121438346093,,,1.07177329881096,1.0176405357638723,-0.9494923384384146
1h,fz2_react0.25_body0.5_cl0.7_cs0.3,model_b,base,next_open,2.0,0.25,0.5,0.7,0.3,90,1.2,2.0,8,4.0,5.0,ADAUSDT,50,58.68255455884322,0.4,-0.030909054567522843,-1.5454527283761421,,,0.9406643562389126,1.2250244572125093,-0.8681980624208776
1h,fz2_react0.25_body0.5_cl0.7_cs0.3,model_b,base,next_open,2.0,0.25,0.5,0.7,0.3,90,1.2,2.0,8,4.0,5.0,AVAXUSDT,44,48.430939226519335,0.36363636363636365,-0.10530497036718468,-4.633418696156126,,,0.8111190052100353,1.243591886959996,-0.876103174554145
1h,fz2_react0.25_body0.5_cl0.7_cs0.3,model_b,base,next_open,2.0,0.25,0.5,0.7,0.3,90,1.2,2.0,8,4.0,5.0,BNBUSDT,62,70.5742111414102,0.43548387096774194,-0.15977134169843601,-9.905823185303033,,,0.7256821735098722,0.9705529438703818,-1.0317357905658098
1h,fz2_react0.25_body0.5_cl0.7_cs0.3,model_b,base,next_open,2.0,0.25,0.5,0.7,0.3,90,1.2,2.0,8,4.0,5.0,BTCUSDT,55,64.14715274081958,0.16363636363636364,-0.7413306206415486,-40.77318413528518,,,0.16589621518526976,0.901049199584029,-1.0626658028595966
1h,fz2_react0.25_body0.5_cl0.7_cs0.3,model_b,base,next_open,2.0,0.25,0.5,0.7,0.3,90,1.2,2.0,8,4.0,5.0,ETHUSDT,40,44.77589069084408,0.375,-0.3064539923200516,-12.258159692802064,,,0.4961934399247556,0.8048616151683328,-0.9732433568130823
1h,fz2_react0.25_body0.5_cl0.7_cs0.3,model_b,base,next_open,2.0,0.25,0.5,0.7,0.3,90,1.2,2.0,8,4.0,5.0,LINKUSDT,50,55.069732378439504,0.28,-0.27808383294442757,-13.904191647221378,,,0.5516515756022079,1.2219879534167464,-0.8614450831959952
1h,fz2_react0.25_body0.5_cl0.7_cs0.3,model_b,base,next_open,2.0,0.25,0.5,0.7,0.3,90,1.2,2.0,8,4.0,5.0,LTCUSDT,50,56.322282189668464,0.38,-0.19718278267069692,-9.859139133534846,,,0.6689778899213711,1.0486731682803991,-0.960771913898788
1h,fz2_react0.25_body0.5_cl0.7_cs0.3,model_b,base,next_open,2.0,0.25,0.5,0.7,0.3,90,1.2,2.0,8,4.0,5.0,SOLUSDT,46,56.578644590992,0.43478260869565216,0.008533526967308618,0.39254224049619646,,,1.0166976405349268,1.1950693539245132,-0.9041863399228488
1h,fz2_react0.25_body0.5_cl0.7_cs0.3,model_b,base,next_open,2.0,0.25,0.5,0.7,0.3,90,1.2,2.0,8,4.0,5.0,XRPUSDT,39,47.331302782777236,0.5384615384615384,0.08719914563169419,3.400766679636073,,,1.190765702696743,1.0108426619018271,-0.9903849566834612
1h,fz2_react0_body0.25_cl0.6_cs0.4,model_b,base,next_open,2.0,0.0,0.25,0.6,0.4,90,1.2,2.0,8,4.0,5.0,ADAUSDT,59,69.22687725873378,0.423728813559322,0.0579016863703983,3.4161994958535,,,1.1124707440516584,1.3516126445239822,-0.8933563710954723
1h,fz2_react0_body0.25_cl0.6_cs0.4,model_b,base,next_open,2.0,0.0,0.25,0.6,0.4,90,1.2,2.0,8,4.0,5.0,AVAXUSDT,57,62.763723150358,0.38596491228070173,-0.12219329182984173,-6.965017634300978,,,0.7646256347940359,1.0284643253928403,-0.845463794084099
1h,fz2_react0_body0.25_cl0.6_cs0.4,model_b,base,next_open,2.0,0.0,0.25,0.6,0.4,90,1.2,2.0,8,4.0,5.0,BNBUSDT,85,96.75496688741721,0.4235294117647059,-0.18395270337550396,-15.635979786917837,,,0.7049298028862081,1.0376314458331772,-1.0814430987124943
1h,fz2_react0_body0.25_cl0.6_cs0.4,model_b,base,next_open,2.0,0.0,0.25,0.6,0.4,90,1.2,2.0,8,4.0,5.0,BTCUSDT,72,83.21054713249835,0.1527777777777778,-0.7341223023978772,-52.856805772647164,,,0.13790254308729488,0.7686420513841928,-1.0051125957028408
1h,fz2_react0_body0.25_cl0.6_cs0.4,model_b,base,next_open,2.0,0.0,0.25,0.6,0.4,90,1.2,2.0,8,4.0,5.0,ETHUSDT,52,58.20122574055158,0.34615384615384615,-0.29081586589404373,-15.122425026490273,,,0.553079256810649,1.0396946118130326,-0.9952037658566136
1h,fz2_react0_body0.25_cl0.6_cs0.4,model_b,base,next_open,2.0,0.0,0.25,0.6,0.4,90,1.2,2.0,8,4.0,5.0,LINKUSDT,63,69.37914572864321,0.30158730158730157,-0.23808985135708774,-14.999660635496527,,,0.6108690180543899,1.2393104782707791,-0.8760581755145758
1h,fz2_react0_body0.25_cl0.6_cs0.4,model_b,base,next_open,2.0,0.0,0.25,0.6,0.4,90,1.2,2.0,8,4.0,5.0,LTCUSDT,57,64.19915199794424,0.40350877192982454,-0.15941243675954478,-9.086508895294052,,,0.7231765151389926,1.0320734420312097,-0.9654175900591727
1h,fz2_react0_body0.25_cl0.6_cs0.4,model_b,base,next_open,2.0,0.0,0.25,0.6,0.4,90,1.2,2.0,8,4.0,5.0,SOLUSDT,58,71.33829100603339,0.43103448275862066,-0.050471575225352935,-2.9273513630704704,,,0.9038933707471994,1.10128240330521,-0.9230124680515369
1h,fz2_react0_body0.25_cl0.6_cs0.4,model_b,base,next_open,2.0,0.0,0.25,0.6,0.4,90,1.2,2.0,8,4.0,5.0,XRPUSDT,47,57.0244982698962,0.5319148936170213,0.028880391977796568,1.3573784229564387,,,1.0615238092909995,0.9368012356783127,-1.0028478395000626
1h,fz2_react0_body0.25_cl0.7_cs0.3,model_b,base,next_open,2.0,0.0,0.25,0.7,0.3,90,1.2,2.0,8,4.0,5.0,ADAUSDT,55,64.53352964797216,0.38181818181818183,-0.04800141768633611,-2.640077972748486,,,0.913053620998335,1.3202076412820938,-0.8930717188138957
1h,fz2_react0_body0.25_cl0.7_cs0.3,model_b,base,next_open,2.0,0.0,0.25,0.7,0.3,90,1.2,2.0,8,4.0,5.0,AVAXUSDT,52,57.23656454043194,0.34615384615384615,-0.13864956288296465,-7.209777269914162,,,0.7369988207039262,1.1224278663537695,-0.8062787901259415
1h,fz2_react0_body0.25_cl0.7_cs0.3,model_b,base,next_open,2.0,0.0,0.25,0.7,0.3,90,1.2,2.0,8,4.0,5.0,BNBUSDT,77,87.64861706271913,0.44155844155844154,-0.1622940782632751,-12.496644026272183,,,0.7342817954198884,1.0156777383586837,-1.093713654196917
1h,fz2_react0_body0.25_cl0.7_cs0.3,model_b,base,next_open,2.0,0.0,0.25,0.7,0.3,90,1.2,2.0,8,4.0,5.0,BTCUSDT,67,77.43203691496375,0.13432835820895522,-0.7749227100077075,-51.919821570516405,,,0.11484761201539163,0.748504828042573,-1.0113166383258545
1h,fz2_react0_body0.25_cl0.7_cs0.3,model_b,base,next_open,2.0,0.0,0.25,0.7,0.3,90,1.2,2.0,8,4.0,5.0,ETHUSDT,45,50.366445352400405,0.37777777777777777,-0.25526894846339265,-11.487102680852669,,,0.5945509484695203,0.9908647284792664,-1.0118501094642929
1h,fz2_react0_body0.25_cl0.7_cs0.3,model_b,base,next_open,2.0,0.0,0.25,0.7,0.3,90,1.2,2.0,8,4.0,5.0,LINKUSDT,58,63.872864321608034,0.3103448275862069,-0.20171167727177702,-11.699277281763067,,,0.6679011304486775,1.3071677072284438,-0.8807074002968764
1h,fz2_react0_body0.25_cl0.7_cs0.3,model_b,base,next_open,2.0,0.0,0.25,0.7,0.3,90,1.2,2.0,8,4.0,5.0,LTCUSDT,56,63.072851085699604,0.39285714285714285,-0.20943400414132873,-11.728304231914409,,,0.6418452604366524,0.9553712724829281,-0.9631315360746714
1h,fz2_react0_body0.25_cl0.7_cs0.3,model_b,base,next_open,2.0,0.0,0.25,0.7,0.3,90,1.2,2.0,8,4.0,5.0,SOLUSDT,53,65.18843833309948,0.39622641509433965,-0.1020946448321592,-5.411016176104438,,,0.8110570676581763,1.1060641076086966,-0.8949488261214708
1h,fz2_react0_body0.25_cl0.7_cs0.3,model_b,base,next_open,2.0,0.0,0.25,0.7,0.3,90,1.2,2.0,8,4.0,5.0,XRPUSDT,44,53.38463667820069,0.5227272727272727,0.043317377383008414,1.9059646048523702,,,1.0922658151118696,0.9810124386943749,-0.9836819754818216
1h,fz2_react0_body0.5_cl0.6_cs0.4,model_b,base,next_open,2.0,0.0,0.5,0.6,0.4,90,1.2,2.0,8,4.0,5.0,ADAUSDT,55,64.55081001472755,0.38181818181818183,-0.10651944252339178,-5.858569338786548,,,0.806908190631187,1.1658228182207606,-0.8923778976888977
1h,fz2_react0_body0.5_cl0.6_cs0.4,model_b,base,next_open,2.0,0.0,0.5,0.6,0.4,90,1.2,2.0,8,4.0,5.0,AVAXUSDT,48,52.83375188347564,0.375,-0.13915847451859298,-6.679606776892463,,,0.7537269977424298,1.1357314660052644,-0.9040924388329075
1h,fz2_react0_body0.5_cl0.6_cs0.4,model_b,base,next_open,2.0,0.0,0.5,0.6,0.4,90,1.2,2.0,8,4.0,5.0,BNBUSDT,68,77.40397350993378,0.4264705882352941,-0.17749506713833565,-12.069664565406825,,,0.7041736175055451,0.9906951791528491,-1.0461493528420371
1h,fz2_react0_body0.5_cl0.6_cs0.4,model_b,base,next_open,2.0,0.0,0.5,0.6,0.4,90,1.2,2.0,8,4.0,5.0,BTCUSDT,61,70.47924080664295,0.18032786885245902,-0.6883146221403313,-41.98719195056021,,,0.18856166284204037,0.8869967371760722,-1.03488312118994
1h,fz2_react0_body0.5_cl0.6_cs0.4,model_b,base,next_open,2.0,0.0,0.5,0.6,0.4,90,1.2,2.0,8,4.0,5.0,ETHUSDT,42,47.01468522538629,0.38095238095238093,-0.2332872867380051,-9.798066042996215,,,0.6137792227769002,0.973188412438947,-0.9757338708468988
1h,fz2_react0_body0.5_cl0.6_cs0.4,model_b,base,next_open,2.0,0.0,0.5,0.6,0.4,90,1.2,2.0,8,4.0,5.0,LINKUSDT,57,62.77949491142103,0.2631578947368421,-0.3677645715951434,-20.962580580923174,,,0.44939492021624255,1.1406211788420462,-0.9064737681798538
1h,fz2_react0_body0.5_cl0.6_cs0.4,model_b,base,next_open,2.0,0.0,0.5,0.6,0.4,90,1.2,2.0,8,4.0,5.0,LTCUSDT,52,58.5751734772552,0.40384615384615385,-0.13361461868171365,-6.94796017144911,,,0.7665217367736362,1.0862156265810787,-0.9599512364403794
1h,fz2_react0_body0.5_cl0.6_cs0.4,model_b,base,next_open,2.0,0.0,0.5,0.6,0.4,90,1.2,2.0,8,4.0,5.0,SOLUSDT,47,57.80861512557878,0.46808510638297873,0.031021429791677976,1.4580072002088649,,,1.0608267348217757,1.1558113102106335,-0.9587936649770029
1h,fz2_react0_body0.5_cl0.6_cs0.4,model_b,base,next_open,2.0,0.0,0.5,0.6,0.4,90,1.2,2.0,8,4.0,5.0,XRPUSDT,42,50.97217222760626,0.5,0.03407409866272879,1.4311121438346093,,,1.07177329881096,1.0176405357638723,-0.9494923384384146
1h,fz2_react0_body0.5_cl0.7_cs0.3,model_b,base,next_open,2.0,0.0,0.5,0.7,0.3,90,1.2,2.0,8,4.0,5.0,ADAUSDT,50,58.68255455884322,0.4,-0.030909054567522843,-1.5454527283761421,,,0.9406643562389126,1.2250244572125093,-0.8681980624208776
1h,fz2_react0_body0.5_cl0.7_cs0.3,model_b,base,next_open,2.0,0.0,0.5,0.7,0.3,90,1.2,2.0,8,4.0,5.0,AVAXUSDT,45,49.531642390758414,0.35555555555555557,-0.12777819215780561,-5.750018647101252,,,0.7758057842107928,1.243591886959996,-0.8843961668434892
1h,fz2_react0_body0.5_cl0.7_cs0.3,model_b,base,next_open,2.0,0.0,0.5,0.7,0.3,90,1.2,2.0,8,4.0,5.0,BNBUSDT,62,70.5742111414102,0.43548387096774194,-0.15977134169843601,-9.905823185303033,,,0.7256821735098722,0.9705529438703818,-1.0317357905658098
1h,fz2_react0_body0.5_cl0.7_cs0.3,model_b,base,next_open,2.0,0.0,0.5,0.7,0.3,90,1.2,2.0,8,4.0,5.0,BTCUSDT,56,64.70225385527877,0.16071428571428573,-0.73769469734271,-41.31090305119176,,,0.16409117858642056,0.901049199584029,-1.0514967201584684
1h,fz2_react0_body0.5_cl0.7_cs0.3,model_b,base,next_open,2.0,0.0,0.5,0.7,0.3,90,1.2,2.0,8,4.0,5.0,ETHUSDT,40,44.77589069084408,0.375,-0.3064539923200516,-12.258159692802064,,,0.4961934399247556,0.8048616151683328,-0.9732433568130823
1h,fz2_react0_body0.5_cl0.7_cs0.3,model_b,base,next_open,2.0,0.0,0.5,0.7,0.3,90,1.2,2.0,8,4.0,5.0,LINKUSDT,50,55.069732378439504,0.28,-0.27808383294442757,-13.904191647221378,,,0.5516515756022079,1.2219879534167464,-0.8614450831959952
1h,fz2_react0_body0.5_cl0.7_cs0.3,model_b,base,next_open,2.0,0.0,0.5,0.7,0.3,90,1.2,2.0,8,4.0,5.0,LTCUSDT,51,57.44872783346183,0.39215686274509803,-0.1895884919008534,-9.669013086943522,,,0.6753614011256606,1.0057458121959453,-0.960771913898788
1h,fz2_react0_body0.5_cl0.7_cs0.3,model_b,base,next_open,2.0,0.0,0.5,0.7,0.3,90,1.2,2.0,8,4.0,5.0,SOLUSDT,46,56.578644590992,0.43478260869565216,0.01137366801986441,0.5231887289137629,,,1.0223793433989425,1.1950693539245132,-0.8991614749837116
1h,fz2_react0_body0.5_cl0.7_cs0.3,model_b,base,next_open,2.0,0.0,0.5,0.7,0.3,90,1.2,2.0,8,4.0,5.0,XRPUSDT,40,48.54492593105358,0.525,0.07868095604729744,3.147238241891898,,,1.1740685054225528,1.0108426619018271,-0.951603034634025
1h,fz1.5_react0.25_body0.25_cl0.6_cs0.4,model_b,stress,next_close,1.5,0.25,0.25,0.6,0.4,90,1.2,2.0,8,8.0,10.0,ADAUSDT,94,105.00879316936408,0.3723404255319149,-0.17433886860141515,-16.387853648533024,,,0.7231242224543967,1.2228747524396866,-1.0031944065071534
1h,fz1.5_react0.25_body0.25_cl0.6_cs0.4,model_b,stress,next_close,1.5,0.25,0.25,0.6,0.4,90,1.2,2.0,8,8.0,10.0,AVAXUSDT,103,113.4151488506469,0.3300970873786408,-0.33217477279484336,-34.214001597868865,,,0.4745570416365458,0.9088407679428353,-0.9436896769264531
1h,fz1.5_react0.25_body0.25_cl0.6_cs0.4,model_b,stress,next_close,1.5,0.25,0.25,0.6,0.4,90,1.2,2.0,8,8.0,10.0,BNBUSDT,108,119.38562421185372,0.3611111111111111,-0.40511932083697283,-43.752886650393066,,,0.45974480740219426,0.95468475477452,-1.1737042331391208
1h,fz1.5_react0.25_body0.25_cl0.6_cs0.4,model_b,stress,next_close,1.5,0.25,0.25,0.6,0.4,90,1.2,2.0,8,8.0,10.0,BTCUSDT,166,184.9461108286731,0.25301204819277107,-0.6581780715921375,-109.25755988429482,,,0.2541808165631773,0.8865667252942263,-1.1813980834407447
1h,fz1.5_react0.25_body0.25_cl0.6_cs0.4,model_b,stress,next_close,1.5,0.25,0.25,0.6,0.4,90,1.2,2.0,8,8.0,10.0,ETHUSDT,132,145.3110636694713,0.3333333333333333,-0.37208606394967264,-49.11536044135679,,,0.4610498086730881,0.954913151648896,-1.035585671748957
1h,fz1.5_react0.25_body0.25_cl0.6_cs0.4,model_b,stress,next_close,1.5,0.25,0.25,0.6,0.4,90,1.2,2.0,8,8.0,10.0,LINKUSDT,101,111.24085940444779,0.37623762376237624,-0.13703060634086514,-13.84009124042738,,,0.7625682075512051,1.169755727884623,-0.9252509349213183
1h,fz1.5_react0.25_body0.25_cl0.6_cs0.4,model_b,stress,next_close,1.5,0.25,0.25,0.6,0.4,90,1.2,2.0,8,8.0,10.0,LTCUSDT,124,136.57293629852995,0.3870967741935484,-0.27647409394722244,-34.282787649455585,,,0.5627465943794306,0.9192096308634202,-1.031642762248681
1h,fz1.5_react0.25_body0.25_cl0.6_cs0.4,model_b,stress,next_close,1.5,0.25,0.25,0.6,0.4,90,1.2,2.0,8,8.0,10.0,SOLUSDT,111,132.38448979591837,0.2702702702702703,-0.45279004981108595,-50.25969552903054,,,0.3492781509437077,0.8992379538114508,-0.9535411622638774
1h,fz1.5_react0.25_body0.25_cl0.6_cs0.4,model_b,stress,next_close,1.5,0.25,0.25,0.6,0.4,90,1.2,2.0,8,8.0,10.0,XRPUSDT,113,130.95690111052352,0.34513274336283184,-0.3051860566304991,-34.486024399246396,,,0.5410084550932359,1.042264368906661,-1.015328848467651
1h,fz1.5_react0.25_body0.25_cl0.7_cs0.3,model_b,stress,next_close,1.5,0.25,0.25,0.7,0.3,90,1.2,2.0,8,8.0,10.0,ADAUSDT,86,96.07187460175864,0.4069767441860465,-0.15555814517092645,-13.378000484699674,,,0.7402653730893194,1.0893833819965915,-1.0099297814623602
1h,fz1.5_react0.25_body0.25_cl0.7_cs0.3,model_b,stress,next_close,1.5,0.25,0.25,0.7,0.3,90,1.2,2.0,8,8.0,10.0,AVAXUSDT,87,95.7852298417483,0.3448275862068966,-0.28619642489869107,-24.899088966186124,,,0.530891828720975,0.939280368157868,-0.9311842107179327
1h,fz1.5_react0.25_body0.25_cl0.7_cs0.3,model_b,stress,next_close,1.5,0.25,0.25,0.7,0.3,90,1.2,2.0,8,8.0,10.0,BNBUSDT,99,111.89195461578133,0.3838383838383838,-0.3448387807274003,-34.13903929201263,,,0.5149536744701829,0.9537897288850744,-1.1538204752400896
1h,fz1.5_react0.25_body0.25_cl0.7_cs0.3,model_b,stress,next_close,1.5,0.25,0.25,0.7,0.3,90,1.2,2.0,8,8.0,10.0,BTCUSDT,153,170.46237925775293,0.23529411764705882,-0.6875165695141833,-105.19003513567004,,,0.24347018722679728,0.9403550085780031,-1.1884001320040867
1h,fz1.5_react0.25_body0.25_cl0.7_cs0.3,model_b,stress,next_close,1.5,0.25,0.25,0.7,0.3,90,1.2,2.0,8,8.0,10.0,ETHUSDT,122,134.30264975511741,0.3360655737704918,-0.33974975749691877,-41.44947041462409,,,0.4977622485308423,1.001953879006834,-1.0188836969617812
1h,fz1.5_react0.25_body0.25_cl0.7_cs0.3,model_b,stress,next_close,1.5,0.25,0.25,0.7,0.3,90,1.2,2.0,8,8.0,10.0,LINKUSDT,91,100.22691292875989,0.38461538461538464,-0.14237857342962593,-12.95645018209596,,,0.7465581048070158,1.0904435608244898,-0.9128924073384482
1h,fz1.5_react0.25_body0.25_cl0.7_cs0.3,model_b,stress,next_close,1.5,0.25,0.25,0.7,0.3,90,1.2,2.0,8,8.0,10.0,LTCUSDT,113,124.45759517527327,0.40707964601769914,-0.22795413265899042,-25.758816990465917,,,0.6176531939816737,0.9045973410230682,-1.0055267862317472
1h,fz1.5_react0.25_body0.25_cl0.7_cs0.3,model_b,stress,next_close,1.5,0.25,0.25,0.7,0.3,90,1.2,2.0,8,8.0,10.0,SOLUSDT,103,123.11126261248978,0.2815533980582524,-0.41648803803333057,-42.898267917433046,,,0.38815284413734963,0.9384293593683032,-0.9474691802582951
1h,fz1.5_react0.25_body0.25_cl0.7_cs0.3,model_b,stress,next_close,1.5,0.25,0.25,0.7,0.3,90,1.2,2.0,8,8.0,10.0,XRPUSDT,107,124.00343733474351,0.3925233644859813,-0.25560815047105506,-27.350072100402894,,,0.5996405072933007,0.97532648529483,-1.0509812997351653
1h,fz1.5_react0.25_body0.5_cl0.6_cs0.4,model_b,stress,next_close,1.5,0.25,0.5,0.6,0.4,90,1.2,2.0,8,8.0,10.0,ADAUSDT,81,90.48630049700522,0.35802469135802467,-0.25977225701730683,-21.041552818401854,,,0.5935124631904385,1.0594059249571561,-0.995467781579988
1h,fz1.5_react0.25_body0.5_cl0.6_cs0.4,model_b,stress,next_close,1.5,0.25,0.5,0.6,0.4,90,1.2,2.0,8,8.0,10.0,AVAXUSDT,84,92.48229088168802,0.36904761904761907,-0.28611478546209823,-24.033641978816252,,,0.5185611984183299,0.8350583471439285,-0.941895296986378
1h,fz1.5_react0.25_body0.5_cl0.6_cs0.4,model_b,stress,next_close,1.5,0.25,0.5,0.6,0.4,90,1.2,2.0,8,8.0,10.0,BNBUSDT,96,106.12055485498108,0.375,-0.355178887401868,-34.097173190579326,,,0.5005710083041308,0.9493094807672429,-1.1378719083033346
1h,fz1.5_react0.25_body0.5_cl0.6_cs0.4,model_b,stress,next_close,1.5,0.25,0.5,0.6,0.4,90,1.2,2.0,8,8.0,10.0,BTCUSDT,140,156.65560377840183,0.2714285714285714,-0.6098973517616786,-85.385629246635,,,0.2984891806027697,0.9560825834889243,-1.1933016413648445
1h,fz1.5_react0.25_body0.5_cl0.6_cs0.4,model_b,stress,next_close,1.5,0.25,0.5,0.6,0.4,90,1.2,2.0,8,8.0,10.0,ETHUSDT,112,125.16471188169301,0.3392857142857143,-0.32963553065998186,-36.91917943391797,,,0.4846674903527506,0.9137445347444452,-0.9681279966784713
1h,fz1.5_react0.25_body0.5_cl0.6_cs0.4,model_b,stress,next_close,1.5,0.25,0.5,0.6,0.4,90,1.2,2.0,8,8.0,10.0,LINKUSDT,94,103.53109687146626,0.40425531914893614,-0.15023500960040037,-14.122090902437634,,,0.738747455746433,1.0508745528808985,-0.9652736412841388
1h,fz1.5_react0.25_body0.5_cl0.6_cs0.4,model_b,stress,next_close,1.5,0.25,0.5,0.6,0.4,90,1.2,2.0,8,8.0,10.0,LTCUSDT,111,125.03546646106399,0.38738738738738737,-0.27399135710118006,-30.41304063823099,,,0.5650568260066762,0.9188634842008998,-1.0282966243951424
1h,fz1.5_react0.25_body0.5_cl0.6_cs0.4,model_b,stress,next_close,1.5,0.25,0.5,0.6,0.4,90,1.2,2.0,8,8.0,10.0,SOLUSDT,92,111.69972299168975,0.2826086956521739,-0.3997054721540157,-36.77290343816944,,,0.41423717487761946,1.0001884576808893,-0.9511788384526146
1h,fz1.5_react0.25_body0.5_cl0.6_cs0.4,model_b,stress,next_close,1.5,0.25,0.5,0.6,0.4,90,1.2,2.0,8,8.0,10.0,XRPUSDT,100,118.68399675060925,0.37,-0.2649986195829295,-26.499861958292946,,,0.5737739906775059,0.9641459857197756,-0.9868771973003913
1h,fz1.5_react0.25_body0.5_cl0.7_cs0.3,model_b,stress,next_close,1.5,0.25,0.5,0.7,0.3,90,1.2,2.0,8,8.0,10.0,ADAUSDT,74,82.66649675035045,0.4189189189189189,-0.15666466142828855,-11.593184945693352,,,0.7225698442830317,0.9740185712811308,-0.9718083873350792
1h,fz1.5_react0.25_body0.5_cl0.7_cs0.3,model_b,stress,next_close,1.5,0.25,0.5,0.7,0.3,90,1.2,2.0,8,8.0,10.0,AVAXUSDT,76,83.67445365486059,0.3684210526315789,-0.2506524236234714,-19.049584195383826,,,0.568503666300889,0.8963623964527567,-0.9197444020012712
1h,fz1.5_react0.25_body0.5_cl0.7_cs0.3,model_b,stress,next_close,1.5,0.25,0.5,0.7,0.3,90,1.2,2.0,8,8.0,10.0,BNBUSDT,87,98.32929345023207,0.39080459770114945,-0.31121248638398846,-27.075486315406998,,,0.5411304634530555,0.9390962489563194,-1.1132973354702238
1h,fz1.5_react0.25_body0.5_cl0.7_cs0.3,model_b,stress,next_close,1.5,0.25,0.5,0.7,0.3,90,1.2,2.0,8,8.0,10.0,BTCUSDT,131,146.58488639264743,0.25190839694656486,-0.6448461793442355,-84.47484949409485,,,0.28466743081097995,1.0186928773093442,-1.2050174943398286
1h,fz1.5_react0.25_body0.5_cl0.7_cs0.3,model_b,stress,next_close,1.5,0.25,0.5,0.7,0.3,90,1.2,2.0,8,8.0,10.0,ETHUSDT,102,113.98929117797041,0.3431372549019608,-0.34061280509957254,-34.7425061201564,,,0.4679530805384464,0.8730627839582498,-0.9746224411745543
1h,fz1.5_react0.25_body0.5_cl0.7_cs0.3,model_b,stress,next_close,1.5,0.25,0.5,0.7,0.3,90,1.2,2.0,8,8.0,10.0,LINKUSDT,83,91.41575574820958,0.40963855421686746,-0.1503428905462857,-12.478459915341713,,,0.7285438683728054,0.9850042916546853,-0.9381348128898166
1h,fz1.5_react0.25_body0.5_cl0.7_cs0.3,model_b,stress,next_close,1.5,0.25,0.5,0.7,0.3,90,1.2,2.0,8,8.0,10.0,LTCUSDT,106,119.40323824209715,0.3867924528301887,-0.2435723130210856,-25.818665180235072,,,0.5972184072480237,0.9337132006999297,-0.9861677909066491
1h,fz1.5_react0.25_body0.5_cl0.7_cs0.3,model_b,stress,next_close,1.5,0.25,0.5,0.7,0.3,90,1.2,2.0,8,8.0,10.0,SOLUSDT,89,108.0573407202216,0.2696629213483146,-0.42400844024000384,-37.73675118136034,,,0.3946185144522985,1.0249474261927358,-0.9590075293843999
1h,fz1.5_react0.25_body0.5_cl0.7_cs0.3,model_b,stress,next_close,1.5,0.25,0.5,0.7,0.3,90,1.2,2.0,8,8.0,10.0,XRPUSDT,96,113.93663688058489,0.40625,-0.22953148441557578,-22.035022503895274,,,0.6231054495021533,0.9340940006954974,-1.025696290017889
1h,fz1.5_react0_body0.25_cl0.6_cs0.4,model_b,stress,next_close,1.5,0.0,0.25,0.6,0.4,90,1.2,2.0,8,8.0,10.0,ADAUSDT,95,106.12590799031477,0.37894736842105264,-0.19242754038389553,-18.280616336470075,,,0.6932375747160462,1.1475411415852448,-1.010035549720998
1h,fz1.5_react0_body0.25_cl0.6_cs0.4,model_b,stress,next_close,1.5,0.0,0.25,0.6,0.4,90,1.2,2.0,8,8.0,10.0,AVAXUSDT,109,120.02185655068459,0.3302752293577982,-0.26427980645333143,-28.806498903413125,,,0.5579632124019221,1.0100319901186838,-0.8927075417491197
1h,fz1.5_react0_body0.25_cl0.6_cs0.4,model_b,stress,next_close,1.5,0.0,0.25,0.6,0.4,90,1.2,2.0,8,8.0,10.0,BNBUSDT,110,121.59646910466583,0.39090909090909093,-0.3683108742359458,-40.51419616595403,,,0.49469707456581985,0.9224148807629974,-1.196687105056163
1h,fz1.5_react0_body0.25_cl0.6_cs0.4,model_b,stress,next_close,1.5,0.0,0.25,0.6,0.4,90,1.2,2.0,8,8.0,10.0,BTCUSDT,174,193.85917641077785,0.25287356321839083,-0.6448993829747509,-112.21249263760666,,,0.2583560880081765,0.8884066425317667,-1.1638644993000338
1h,fz1.5_react0_body0.25_cl0.6_cs0.4,model_b,stress,next_close,1.5,0.0,0.25,0.6,0.4,90,1.2,2.0,8,8.0,10.0,ETHUSDT,143,157.42031897526059,0.3356643356643357,-0.35321381348597636,-50.50957532849462,,,0.4812723084665216,0.976301419590759,-1.0249688786194848
1h,fz1.5_react0_body0.25_cl0.6_cs0.4,model_b,stress,next_close,1.5,0.0,0.25,0.6,0.4,90,1.2,2.0,8,8.0,10.0,LINKUSDT,105,115.63190954773869,0.3904761904761905,-0.14104116113494594,-14.809321919169324,,,0.7516215486458117,1.093041433108587,-0.9316253230722092
1h,fz1.5_react0_body0.25_cl0.6_cs0.4,model_b,stress,next_close,1.5,0.0,0.25,0.6,0.4,90,1.2,2.0,8,8.0,10.0,LTCUSDT,130,143.1813041839427,0.36923076923076925,-0.2973968627808668,-38.66159216151269,,,0.5351231747921511,0.9271593040953187,-1.0142102287571706
1h,fz1.5_react0_body0.25_cl0.6_cs0.4,model_b,stress,next_close,1.5,0.0,0.25,0.6,0.4,90,1.2,2.0,8,8.0,10.0,SOLUSDT,115,137.15510204081633,0.25217391304347825,-0.4914230410954128,-56.51364972597247,,,0.3115970793216859,0.8820760526593532,-0.9545797122452758
1h,fz1.5_react0_body0.25_cl0.6_cs0.4,model_b,stress,next_close,1.5,0.0,0.25,0.6,0.4,90,1.2,2.0,8,8.0,10.0,XRPUSDT,115,133.27472236911686,0.34782608695652173,-0.28436060532993807,-32.70146961294288,,,0.5591684507818347,1.036996452170274,-0.9890843693300512
1h,fz1.5_react0_body0.25_cl0.7_cs0.3,model_b,stress,next_close,1.5,0.0,0.25,0.7,0.3,90,1.2,2.0,8,8.0,10.0,ADAUSDT,88,98.30610424366,0.3977272727272727,-0.18380980013660472,-16.175262412021215,,,0.7021332222950891,1.0893833819965915,-1.024597750601923
1h,fz1.5_react0_body0.25_cl0.7_cs0.3,model_b,stress,next_close,1.5,0.0,0.25,0.7,0.3,90,1.2,2.0,8,8.0,10.0,AVAXUSDT,94,103.4920874152223,0.32978723404255317,-0.2738336087597897,-25.74035922342023,,,0.5370485015636941,0.9632320502145025,-0.882548456826505
1h,fz1.5_react0_body0.25_cl0.7_cs0.3,model_b,stress,next_close,1.5,0.0,0.25,0.7,0.3,90,1.2,2.0,8,8.0,10.0,BNBUSDT,103,116.41284167096441,0.4077669902912621,-0.32698946829824316,-33.67991523471905,,,0.534755094300293,0.9217114944512051,-1.1867507869126173
1h,fz1.5_react0_body0.25_cl0.7_cs0.3,model_b,stress,next_close,1.5,0.0,0.25,0.7,0.3,90,1.2,2.0,8,8.0,10.0,BTCUSDT,162,180.48957803762073,0.2345679012345679,-0.6762925831458916,-109.55939846963443,,,0.24738925602379294,0.9477121821309277,-1.1739714628274973
1h,fz1.5_react0_body0.25_cl0.7_cs0.3,model_b,stress,next_close,1.5,0.0,0.25,0.7,0.3,90,1.2,2.0,8,8.0,10.0,ETHUSDT,131,144.2102222780359,0.33587786259541985,-0.3175915643633343,-41.60449493159679,,,0.5233956232495163,1.0383879461072199,-1.003374305290971
1h,fz1.5_react0_body0.25_cl0.7_cs0.3,model_b,stress,next_close,1.5,0.0,0.25,0.7,0.3,90,1.2,2.0,8,8.0,10.0,LINKUSDT,96,105.72060301507537,0.3958333333333333,-0.16714336356739548,-16.045762902469967,,,0.7058015885752786,1.0130224783032729,-0.9403554668619711
1h,fz1.5_react0_body0.25_cl0.7_cs0.3,model_b,stress,next_close,1.5,0.0,0.25,0.7,0.3,90,1.2,2.0,8,8.0,10.0,LTCUSDT,118,129.96456841311723,0.3898305084745763,-0.26141665466820596,-30.847165250848306,,,0.5723324741205453,0.8974278493616374,-1.0017895322428283
1h,fz1.5_react0_body0.25_cl0.7_cs0.3,model_b,stress,next_close,1.5,0.0,0.25,0.7,0.3,90,1.2,2.0,8,8.0,10.0,SOLUSDT,106,126.33528212100612,0.2830188679245283,-0.4176787749217125,-44.273950141701526,,,0.3902909543585532,0.9446977142924783,-0.9554589680325772
1h,fz1.5_react0_body0.25_cl0.7_cs0.3,model_b,stress,next_close,1.5,0.0,0.25,0.7,0.3,90,1.2,2.0,8,8.0,10.0,XRPUSDT,109,126.32125859333685,0.3944954128440367,-0.2371736131911281,-25.851923837832963,,,0.6178889898873564,0.9721769440828187,-1.0250838247483964
1h,fz1.5_react0_body0.5_cl0.6_cs0.4,model_b,stress,next_close,1.5,0.0,0.5,0.6,0.4,90,1.2,2.0,8,8.0,10.0,ADAUSDT,82,91.6034153179559,0.36585365853658536,-0.2536780115566886,-20.801596947648466,,,0.5992119790021216,1.036671542092731,-0.9981104463544307
1h,fz1.5_react0_body0.5_cl0.6_cs0.4,model_b,stress,next_close,1.5,0.0,0.5,0.6,0.4,90,1.2,2.0,8,8.0,10.0,AVAXUSDT,85,93.58327053504145,0.36470588235294116,-0.2963701490803589,-25.191462671830507,,,0.5068066720948006,0.8350583471439285,-0.9458939154313386
1h,fz1.5_react0_body0.5_cl0.6_cs0.4,model_b,stress,next_close,1.5,0.0,0.5,0.6,0.4,90,1.2,2.0,8,8.0,10.0,BNBUSDT,96,106.12055485498108,0.375,-0.355178887401868,-34.097173190579326,,,0.5005710083041308,0.9493094807672429,-1.1378719083033346
1h,fz1.5_react0_body0.5_cl0.6_cs0.4,model_b,stress,next_close,1.5,0.0,0.5,0.6,0.4,90,1.2,2.0,8,8.0,10.0,BTCUSDT,142,158.89354097523616,0.2676056338028169,-0.607394549003464,-86.25002595849189,,,0.2896966598504844,0.9257106684253177,-1.1675676092178267
1h,fz1.5_react0_body0.5_cl0.6_cs0.4,model_b,stress,next_close,1.5,0.0,0.5,0.6,0.4,90,1.2,2.0,8,8.0,10.0,ETHUSDT,115,128.51733809280978,0.3391304347826087,-0.30366109158007176,-34.92102553170825,,,0.5116148733219636,0.9380005958696995,-0.9408295890871913
1h,fz1.5_react0_body0.5_cl0.6_cs0.4,model_b,stress,next_close,1.5,0.0,0.5,0.6,0.4,90,1.2,2.0,8,8.0,10.0,LINKUSDT,94,103.53109687146626,0.40425531914893614,-0.15023500960040037,-14.122090902437634,,,0.738747455746433,1.0508745528808985,-0.9652736412841388
1h,fz1.5_react0_body0.5_cl0.6_cs0.4,model_b,stress,next_close,1.5,0.0,0.5,0.6,0.4,90,1.2,2.0,8,8.0,10.0,LTCUSDT,113,127.28835774865072,0.3893805309734513,-0.2774945507508137,-31.35688423484195,,,0.5588335851729486,0.90273500223057,-1.0301047004780728
1h,fz1.5_react0_body0.5_cl0.6_cs0.4,model_b,stress,next_close,1.5,0.0,0.5,0.6,0.4,90,1.2,2.0,8,8.0,10.0,SOLUSDT,92,111.69972299168975,0.2826086956521739,-0.3997054721540157,-36.77290343816944,,,0.41423717487761946,1.0001884576808893,-0.9511788384526146
1h,fz1.5_react0_body0.5_cl0.6_cs0.4,model_b,stress,next_close,1.5,0.0,0.5,0.6,0.4,90,1.2,2.0,8,8.0,10.0,XRPUSDT,100,118.68399675060925,0.38,-0.2458277391232749,-24.58277391232749,,,0.5956475951731365,0.9529643468348069,-0.9805712756782283
1h,fz1.5_react0_body0.5_cl0.7_cs0.3,model_b,stress,next_close,1.5,0.0,0.5,0.7,0.3,90,1.2,2.0,8,8.0,10.0,ADAUSDT,75,83.78361157130114,0.41333333333333333,-0.17157199591534603,-12.867899693650951,,,0.7011806782327911,0.9740185712811308,-0.9786926228037728
1h,fz1.5_react0_body0.5_cl0.7_cs0.3,model_b,stress,next_close,1.5,0.0,0.5,0.7,0.3,90,1.2,2.0,8,8.0,10.0,AVAXUSDT,77,84.77543330821402,0.36363636363636365,-0.2624338297194556,-20.20740488839808,,,0.553975086910523,0.8963623964527567,-0.9246031018178626
1h,fz1.5_react0_body0.5_cl0.7_cs0.3,model_b,stress,next_close,1.5,0.0,0.5,0.7,0.3,90,1.2,2.0,8,8.0,10.0,BNBUSDT,87,98.32929345023207,0.39080459770114945,-0.31121248638398846,-27.075486315406998,,,0.5411304634530555,0.9390962489563194,-1.1132973354702238
1h,fz1.5_react0_body0.5_cl0.7_cs0.3,model_b,stress,next_close,1.5,0.0,0.5,0.7,0.3,90,1.2,2.0,8,8.0,10.0,BTCUSDT,134,149.9417921878989,0.2537313432835821,-0.6336576164393122,-84.91012060286783,,,0.2869967316681955,1.0052312265482621,-1.1908798230550874
1h,fz1.5_react0_body0.5_cl0.7_cs0.3,model_b,stress,next_close,1.5,0.0,0.5,0.7,0.3,90,1.2,2.0,8,8.0,10.0,ETHUSDT,104,116.22437531871493,0.34615384615384615,-0.31930749185772317,-33.20797915320321,,,0.4933778004107124,0.8983288250415402,-0.9639384831573333
1h,fz1.5_react0_body0.5_cl0.7_cs0.3,model_b,stress,next_close,1.5,0.0,0.5,0.7,0.3,90,1.2,2.0,8,8.0,10.0,LINKUSDT,83,91.41575574820958,0.40963855421686746,-0.1503428905462857,-12.478459915341713,,,0.7285438683728054,0.9850042916546853,-0.9381348128898166
1h,fz1.5_react0_body0.5_cl0.7_cs0.3,model_b,stress,next_close,1.5,0.0,0.5,0.7,0.3,90,1.2,2.0,8,8.0,10.0,LTCUSDT,107,120.5296838858905,0.3925233644859813,-0.2393407000255018,-25.609454902728693,,,0.6004821719781467,0.9164631311000834,-0.9861677909066491
1h,fz1.5_react0_body0.5_cl0.7_cs0.3,model_b,stress,next_close,1.5,0.0,0.5,0.7,0.3,90,1.2,2.0,8,8.0,10.0,SOLUSDT,89,108.0573407202216,0.2808988764044944,-0.42111803075002996,-37.479504736752666,,,0.39731130068456155,0.9883066195126143,-0.9716745347588753
1h,fz1.5_react0_body0.5_cl0.7_cs0.3,model_b,stress,next_close,1.5,0.0,0.5,0.7,0.3,90,1.2,2.0,8,8.0,10.0,XRPUSDT,97,115.12347684809097,0.41237113402061853,-0.20934109232816198,-20.306085955831712,,,0.64546333507615,0.9242227433803839,-1.0048244858078432
1h,fz2.5_react0.25_body0.25_cl0.6_cs0.4,model_b,stress,next_close,2.5,0.25,0.25,0.6,0.4,90,1.2,2.0,8,8.0,10.0,ADAUSDT,33,38.7201177887833,0.5151515151515151,0.09416704889490947,3.1075126135320126,,,1.196348242062414,1.1137675930623097,-0.9891585292829532
1h,fz2.5_react0.25_body0.25_cl0.6_cs0.4,model_b,stress,next_close,2.5,0.25,0.25,0.6,0.4,90,1.2,2.0,8,8.0,10.0,AVAXUSDT,33,39.368263473053894,0.30303030303030304,-0.41138703750271005,-13.575772237589431,,,0.4036342425384995,0.9188399024315796,-0.9897465766045752
1h,fz2.5_react0.25_body0.25_cl0.6_cs0.4,model_b,stress,next_close,2.5,0.25,0.25,0.6,0.4,90,1.2,2.0,8,8.0,10.0,BNBUSDT,55,63.723235527359236,0.3090909090909091,-0.5411825396155419,-29.765039678854805,,,0.3296793213943551,0.8611258668728932,-1.168531037255105
1h,fz2.5_react0.25_body0.25_cl0.6_cs0.4,model_b,stress,next_close,2.5,0.25,0.25,0.6,0.4,90,1.2,2.0,8,8.0,10.0,BTCUSDT,21,24.269742913645352,0.3333333333333333,-0.5232780304289079,-10.988838639007065,,,0.34848753310837854,0.839688628633637,-1.2047613599601803
1h,fz2.5_react0.25_body0.25_cl0.6_cs0.4,model_b,stress,next_close,2.5,0.25,0.25,0.6,0.4,90,1.2,2.0,8,8.0,10.0,ETHUSDT,20,23.46045764753111,0.35,-0.388685142676053,-7.773702853521059,,,0.3891115601635982,0.7073626467219866,-0.9788647215826897
1h,fz2.5_react0.25_body0.25_cl0.6_cs0.4,model_b,stress,next_close,2.5,0.25,0.25,0.6,0.4,90,1.2,2.0,8,8.0,10.0,LINKUSDT,36,39.65020731247644,0.3611111111111111,-0.11106229965853398,-3.9982427877072233,,,0.7909776791501897,1.1638509698360524,-0.8316654519815612
1h,fz2.5_react0.25_body0.25_cl0.6_cs0.4,model_b,stress,next_close,2.5,0.25,0.25,0.6,0.4,90,1.2,2.0,8,8.0,10.0,LTCUSDT,21,32.954887218045116,0.42857142857142855,-0.3052258940671522,-6.409743775410196,,,0.5302139093215978,0.8038020736918581,-1.13699686988641
1h,fz2.5_react0.25_body0.25_cl0.6_cs0.4,model_b,stress,next_close,2.5,0.25,0.25,0.6,0.4,90,1.2,2.0,8,8.0,10.0,SOLUSDT,31,42.387459054749655,0.3225806451612903,-0.3216168426775657,-9.970122123004536,,,0.5001497620392162,0.9976096495754534,-0.9498199342266225
1h,fz2.5_react0.25_body0.25_cl0.6_cs0.4,model_b,stress,next_close,2.5,0.25,0.25,0.6,0.4,90,1.2,2.0,8,8.0,10.0,XRPUSDT,20,24.26574394463668,0.4,0.03665389144298232,0.7330778288596463,,,1.06959818544635,1.408259982840452,-0.8777501694886641
1h,fz2.5_react0.25_body0.25_cl0.7_cs0.3,model_b,stress,next_close,2.5,0.25,0.25,0.7,0.3,90,1.2,2.0,8,8.0,10.0,ADAUSDT,31,36.37344398340249,0.5161290322580645,0.08111970442975569,2.5147108373224265,,,1.1711176537155197,1.0756569353132335,-0.9797200085126205
1h,fz2.5_react0.25_body0.25_cl0.7_cs0.3,model_b,stress,next_close,2.5,0.25,0.25,0.7,0.3,90,1.2,2.0,8,8.0,10.0,AVAXUSDT,30,35.78933043004899,0.3333333333333333,-0.3319065765797828,-9.957197297393483,,,0.48322116373302054,0.9310614382590587,-0.9633905839992035
1h,fz2.5_react0.25_body0.25_cl0.7_cs0.3,model_b,stress,next_close,2.5,0.25,0.25,0.7,0.3,90,1.2,2.0,8,8.0,10.0,BNBUSDT,52,60.407103100980656,0.3269230769230769,-0.5024492105629943,-26.127358949275706,,,0.3568077809668542,0.8525897851509125,-1.1606110084811776
1h,fz2.5_react0.25_body0.25_cl0.7_cs0.3,model_b,stress,next_close,2.5,0.25,0.25,0.7,0.3,90,1.2,2.0,8,8.0,10.0,BTCUSDT,18,20.802636783124587,0.3333333333333333,-0.5207174250104997,-9.372913650188995,,,0.3784038398333241,0.9509782349971035,-1.2565652550143014
1h,fz2.5_react0.25_body0.25_cl0.7_cs0.3,model_b,stress,next_close,2.5,0.25,0.25,0.7,0.3,90,1.2,2.0,8,8.0,10.0,ETHUSDT,18,21.114411882778,0.3333333333333333,-0.3557514398125075,-6.403525916625135,,,0.399600884081312,0.7103204489804588,-0.8887873842089906
1h,fz2.5_react0.25_body0.25_cl0.7_cs0.3,model_b,stress,next_close,2.5,0.25,0.25,0.7,0.3,90,1.2,2.0,8,8.0,10.0,LINKUSDT,33,36.34602336977007,0.3939393939393939,-0.011215784940985114,-0.3701209030525088,,,0.9761570842954349,1.1656297087839078,-0.7761653558621655
1h,fz2.5_react0.25_body0.25_cl0.7_cs0.3,model_b,stress,next_close,2.5,0.25,0.25,0.7,0.3,90,1.2,2.0,8,8.0,10.0,LTCUSDT,21,32.954887218045116,0.42857142857142855,-0.30654838961019243,-6.437516181814041,,,0.5278044961615929,0.7995158213669868,-1.1360965478430767
1h,fz2.5_react0.25_body0.25_cl0.7_cs0.3,model_b,stress,next_close,2.5,0.25,0.25,0.7,0.3,90,1.2,2.0,8,8.0,10.0,SOLUSDT,29,39.65278427702387,0.3448275862068966,-0.2410505615095925,-6.990466283778183,,,0.6134006937343575,1.1091475847216874,-0.9516811647892135
1h,fz2.5_react0.25_body0.25_cl0.7_cs0.3,model_b,stress,next_close,2.5,0.25,0.25,0.7,0.3,90,1.2,2.0,8,8.0,10.0,XRPUSDT,18,21.83916955017301,0.4444444444444444,0.11534904775602042,2.0762828596083676,,,1.2259334845921546,1.408259982840452,-0.9189797003115249
1h,fz2.5_react0.25_body0.5_cl0.6_cs0.4,model_b,stress,next_close,2.5,0.25,0.5,0.6,0.4,90,1.2,2.0,8,8.0,10.0,ADAUSDT,28,32.862230552952205,0.5357142857142857,0.13280242119712973,3.7184677935196326,,,1.3034273462031225,1.064890309261387,-0.942683603492398
1h,fz2.5_react0.25_body0.5_cl0.6_cs0.4,model_b,stress,next_close,2.5,0.25,0.5,0.6,0.4,90,1.2,2.0,8,8.0,10.0,AVAXUSDT,26,31.01741970604246,0.34615384615384615,-0.2967055761556717,-7.714344980047464,,,0.5504687602754812,1.0496133508383947,-1.0094626551525305
1h,fz2.5_react0.25_body0.5_cl0.6_cs0.4,model_b,stress,next_close,2.5,0.25,0.5,0.6,0.4,90,1.2,2.0,8,8.0,10.0,BNBUSDT,48,55.61300555114988,0.3333333333333333,-0.44311548731920486,-21.269543391321832,,,0.39714687368609286,0.8757452990916935,-1.102545880524654
1h,fz2.5_react0.25_body0.5_cl0.6_cs0.4,model_b,stress,next_close,2.5,0.25,0.5,0.6,0.4,90,1.2,2.0,8,8.0,10.0,BTCUSDT,19,24.925770727327144,0.3684210526315789,-0.5395178680741763,-10.25083949340935,,,0.3644332783456247,0.839688628633637,-1.344054991153734
1h,fz2.5_react0.25_body0.5_cl0.6_cs0.4,model_b,stress,next_close,2.5,0.25,0.5,0.6,0.4,90,1.2,2.0,8,8.0,10.0,ETHUSDT,17,19.941389000401443,0.47058823529411764,-0.29221482079037464,-4.967651953436369,,,0.44041087883584706,0.4887085630819787,-0.986368939788022
1h,fz2.5_react0.25_body0.5_cl0.6_cs0.4,model_b,stress,next_close,2.5,0.25,0.5,0.6,0.4,90,1.2,2.0,8,8.0,10.0,LINKUSDT,34,37.44741801733886,0.38235294117647056,-0.08669078739246477,-2.947486771343802,,,0.8338827014937535,1.138147679430197,-0.8449241239969696
1h,fz2.5_react0.25_body0.5_cl0.6_cs0.4,model_b,stress,next_close,2.5,0.25,0.5,0.6,0.4,90,1.2,2.0,8,8.0,10.0,LTCUSDT,19,29.816326530612244,0.3684210526315789,-0.3887007915096271,-7.385315038682915,,,0.45072571778306925,0.865753108792738,-1.1204655666860068
1h,fz2.5_react0.25_body0.5_cl0.6_cs0.4,model_b,stress,next_close,2.5,0.25,0.5,0.6,0.4,90,1.2,2.0,8,8.0,10.0,SOLUSDT,25,34.1834347215723,0.36,-0.2786657508135393,-6.966643770338482,,,0.574860239059493,1.046674495516869,-1.024169639374394
1h,fz2.5_react0.25_body0.5_cl0.6_cs0.4,model_b,stress,next_close,2.5,0.25,0.5,0.6,0.4,90,1.2,2.0,8,8.0,10.0,XRPUSDT,19,23.05883981725045,0.42105263157894735,0.051721152736116896,0.982701901986221,,,1.102414009679504,1.3222609234304699,-0.8723077714052306
1h,fz2.5_react0.25_body0.5_cl0.7_cs0.3,model_b,stress,next_close,2.5,0.25,0.5,0.7,0.3,90,1.2,2.0,8,8.0,10.0,ADAUSDT,27,31.688579461775337,0.5555555555555556,0.14831513983612674,4.004508775575422,,,1.3605079928176,1.0074979945007942,-0.9256634284947077
1h,fz2.5_react0.25_body0.5_cl0.7_cs0.3,model_b,stress,next_close,2.5,0.25,0.5,0.7,0.3,90,1.2,2.0,8,8.0,10.0,AVAXUSDT,24,28.631464344039195,0.375,-0.22621372813960883,-5.429129475350612,,,0.6337987292574129,1.0440449730079167,-0.9883689488281242
1h,fz2.5_react0.25_body0.5_cl0.7_cs0.3,model_b,stress,next_close,2.5,0.25,0.5,0.7,0.3,90,1.2,2.0,8,8.0,10.0,BNBUSDT,45,52.27537768354095,0.3333333333333333,-0.4278416940858187,-19.25287623386184,,,0.4117222183196431,0.8983099661293698,-1.0909175241934128
1h,fz2.5_react0.25_body0.5_cl0.7_cs0.3,model_b,stress,next_close,2.5,0.25,0.5,0.7,0.3,90,1.2,2.0,8,8.0,10.0,BTCUSDT,17,22.3020053876085,0.35294117647058826,-0.5153738519025343,-8.761355482343083,,,0.39439971746131913,0.9509782349971035,-1.3152022629387004
1h,fz2.5_react0.25_body0.5_cl0.7_cs0.3,model_b,stress,next_close,2.5,0.25,0.5,0.7,0.3,90,1.2,2.0,8,8.0,10.0,ETHUSDT,16,18.76836611802489,0.375,-0.4214656298730127,-6.743450077968204,,,0.26917893240998886,0.4139624077736306,-0.9227224524609987
1h,fz2.5_react0.25_body0.5_cl0.7_cs0.3,model_b,stress,next_close,2.5,0.25,0.5,0.7,0.3,90,1.2,2.0,8,8.0,10.0,LINKUSDT,31,34.14323407463249,0.41935483870967744,0.015175274835957228,0.4704335199146741,,,1.0328389214611406,1.138147679430197,-0.795860350704327
1h,fz2.5_react0.25_body0.5_cl0.7_cs0.3,model_b,stress,next_close,2.5,0.25,0.5,0.7,0.3,90,1.2,2.0,8,8.0,10.0,LTCUSDT,19,29.816326530612244,0.3684210526315789,-0.3901624971098294,-7.413087445086759,,,0.44821680554425397,0.860242212946475,-1.1195652446426736
1h,fz2.5_react0.25_body0.5_cl0.7_cs0.3,model_b,stress,next_close,2.5,0.25,0.5,0.7,0.3,90,1.2,2.0,8,8.0,10.0,SOLUSDT,24,32.81609733270941,0.3333333333333333,-0.28224497673998844,-6.773879441759722,,,0.5739145016318248,1.1405069108255428,-0.9936209205227541
1h,fz2.5_react0.25_body0.5_cl0.7_cs0.3,model_b,stress,next_close,2.5,0.25,0.5,0.7,0.3,90,1.2,2.0,8,8.0,10.0,XRPUSDT,17,20.63159352069777,0.47058823529411764,0.1368112142461652,2.3257906421848085,,,1.2818355560857657,1.3222609234304699,-0.9169218605843277
1h,fz2.5_react0_body0.25_cl0.6_cs0.4,model_b,stress,next_close,2.5,0.0,0.25,0.6,0.4,90,1.2,2.0,8,8.0,10.0,ADAUSDT,34,39.8934546914737,0.5,0.0532620554070562,1.8109098838399107,,,1.1057580542257244,1.1137675930623097,-1.0072434822481975
1h,fz2.5_react0_body0.25_cl0.6_cs0.4,model_b,stress,next_close,2.5,0.0,0.25,0.6,0.4,90,1.2,2.0,8,8.0,10.0,AVAXUSDT,33,39.368263473053894,0.30303030303030304,-0.37592530859069884,-12.405535183493061,,,0.42620672839560036,0.9214682057475262,-0.9400094452594923
1h,fz2.5_react0_body0.25_cl0.6_cs0.4,model_b,stress,next_close,2.5,0.0,0.25,0.6,0.4,90,1.2,2.0,8,8.0,10.0,BNBUSDT,55,63.723235527359236,0.38181818181818183,-0.4315383865784483,-23.734611261814656,,,0.41769571525937826,0.8107236883991915,-1.1988179034764024
1h,fz2.5_react0_body0.25_cl0.6_cs0.4,model_b,stress,next_close,2.5,0.0,0.25,0.6,0.4,90,1.2,2.0,8,8.0,10.0,BTCUSDT,21,24.269742913645352,0.3333333333333333,-0.523189736275717,-10.986984461790056,,,0.34852584707937195,0.839688628633637,-1.204628918730394
1h,fz2.5_react0_body0.25_cl0.6_cs0.4,model_b,stress,next_close,2.5,0.0,0.25,0.6,0.4,90,1.2,2.0,8,8.0,10.0,ETHUSDT,21,24.63348052990767,0.3333333333333333,-0.4323271507829369,-9.078870166441675,,,0.3529147749879454,0.7073626467219866,-1.0021720495353985
1h,fz2.5_react0_body0.25_cl0.6_cs0.4,model_b,stress,next_close,2.5,0.0,0.25,0.6,0.4,90,1.2,2.0,8,8.0,10.0,LINKUSDT,37,40.7464824120603,0.3783783783783784,-0.10021817064034438,-3.708072313692742,,,0.8052104167685946,1.0948731753020413,-0.8276650768661444
1h,fz2.5_react0_body0.25_cl0.6_cs0.4,model_b,stress,next_close,2.5,0.0,0.25,0.6,0.4,90,1.2,2.0,8,8.0,10.0,LTCUSDT,25,39.224986575979955,0.4,-0.3983454505789492,-9.95863626447373,,,0.41866429330768307,0.7171975445473289,-1.1420407806631345
1h,fz2.5_react0_body0.25_cl0.6_cs0.4,model_b,stress,next_close,2.5,0.0,0.25,0.6,0.4,90,1.2,2.0,8,8.0,10.0,SOLUSDT,33,45.122133832475434,0.30303030303030304,-0.36909267247009847,-12.180058191513249,,,0.45026299177660917,0.9976096495754534,-0.9633110733594689
1h,fz2.5_react0_body0.25_cl0.6_cs0.4,model_b,stress,next_close,2.5,0.0,0.25,0.6,0.4,90,1.2,2.0,8,8.0,10.0,XRPUSDT,20,24.26574394463668,0.4,0.03700084287175847,0.7400168574351694,,,1.070303289754524,1.408259982840452,-0.8771719171073706
1h,fz2.5_react0_body0.25_cl0.7_cs0.3,model_b,stress,next_close,2.5,0.0,0.25,0.7,0.3,90,1.2,2.0,8,8.0,10.0,ADAUSDT,32,37.5467808860929,0.5,0.038382097628455944,1.2282271241105902,,,1.0768492873945443,1.0756569353132335,-0.9988927400563214
1h,fz2.5_react0_body0.25_cl0.7_cs0.3,model_b,stress,next_close,2.5,0.0,0.25,0.7,0.3,90,1.2,2.0,8,8.0,10.0,AVAXUSDT,30,35.78933043004899,0.3333333333333333,-0.2928986747765705,-8.786960243297115,,,0.5151716368225397,0.9336897415750054,-0.9061928829523584
1h,fz2.5_react0_body0.25_cl0.7_cs0.3,model_b,stress,next_close,2.5,0.0,0.25,0.7,0.3,90,1.2,2.0,8,8.0,10.0,BNBUSDT,53,61.40602696272799,0.39622641509433965,-0.4047787028144488,-21.453271249165784,,,0.4403497666154625,0.8038135270052074,-1.197917353633598
1h,fz2.5_react0_body0.25_cl0.7_cs0.3,model_b,stress,next_close,2.5,0.0,0.25,0.7,0.3,90,1.2,2.0,8,8.0,10.0,BTCUSDT,20,23.11404087013843,0.35,-0.4634554697623566,-9.269109395247131,,,0.3935175631335304,0.8591833638678105,-1.175645610947831
1h,fz2.5_react0_body0.25_cl0.7_cs0.3,model_b,stress,next_close,2.5,0.0,0.25,0.7,0.3,90,1.2,2.0,8,8.0,10.0,ETHUSDT,19,22.287434765154554,0.3157894736842105,-0.40572069629188157,-7.70869322954575,,,0.3560320305274731,0.7103204489804588,-0.9208166094945002
1h,fz2.5_react0_body0.25_cl0.7_cs0.3,model_b,stress,next_close,2.5,0.0,0.25,0.7,0.3,90,1.2,2.0,8,8.0,10.0,LINKUSDT,33,36.34145728643216,0.42424242424242425,0.007373557104450263,0.24332738444685867,,,1.0161428664308594,1.094049750670109,-0.7933352171018245
1h,fz2.5_react0_body0.25_cl0.7_cs0.3,model_b,stress,next_close,2.5,0.0,0.25,0.7,0.3,90,1.2,2.0,8,8.0,10.0,LTCUSDT,24,37.65598711294076,0.375,-0.4534689582890221,-10.88325499893653,,,0.3644294268822229,0.6933714453035184,-1.1415732004445465
1h,fz2.5_react0_body0.25_cl0.7_cs0.3,model_b,stress,next_close,2.5,0.0,0.25,0.7,0.3,90,1.2,2.0,8,8.0,10.0,SOLUSDT,29,39.65278427702387,0.3793103448275862,-0.23227259987817536,-6.735905396467086,,,0.6244541960577956,1.0182184642187795,-0.996461583492981
1h,fz2.5_react0_body0.25_cl0.7_cs0.3,model_b,stress,next_close,2.5,0.0,0.25,0.7,0.3,90,1.2,2.0,8,8.0,10.0,XRPUSDT,19,23.052456747404847,0.42105263157894735,0.09931989338244375,1.8870779742664312,,,1.2012024303555022,1.408259982840452,-0.8526365353142896
1h,fz2.5_react0_body0.5_cl0.6_cs0.4,model_b,stress,next_close,2.5,0.0,0.5,0.6,0.4,90,1.2,2.0,8,8.0,10.0,ADAUSDT,28,32.862230552952205,0.5357142857142857,0.13280242119712973,3.7184677935196326,,,1.3034273462031225,1.064890309261387,-0.942683603492398
1h,fz2.5_react0_body0.5_cl0.6_cs0.4,model_b,stress,next_close,2.5,0.0,0.5,0.6,0.4,90,1.2,2.0,8,8.0,10.0,AVAXUSDT,26,31.01741970604246,0.34615384615384615,-0.2967055761556717,-7.714344980047464,,,0.5504687602754812,1.0496133508383947,-1.0094626551525305
1h,fz2.5_react0_body0.5_cl0.6_cs0.4,model_b,stress,next_close,2.5,0.0,0.5,0.6,0.4,90,1.2,2.0,8,8.0,10.0,BNBUSDT,48,55.61300555114988,0.3333333333333333,-0.44311548731920486,-21.269543391321832,,,0.39714687368609286,0.8757452990916935,-1.102545880524654
1h,fz2.5_react0_body0.5_cl0.6_cs0.4,model_b,stress,next_close,2.5,0.0,0.5,0.6,0.4,90,1.2,2.0,8,8.0,10.0,BTCUSDT,20,23.107947805456703,0.35,-0.5399459562201249,-10.798919124402497,,,0.3524562095415094,0.839688628633637,-1.2828261172952273
1h,fz2.5_react0_body0.5_cl0.6_cs0.4,model_b,stress,next_close,2.5,0.0,0.5,0.6,0.4,90,1.2,2.0,8,8.0,10.0,ETHUSDT,17,19.941389000401443,0.47058823529411764,-0.29221482079037464,-4.967651953436369,,,0.44041087883584706,0.4887085630819787,-0.986368939788022
1h,fz2.5_react0_body0.5_cl0.6_cs0.4,model_b,stress,next_close,2.5,0.0,0.5,0.6,0.4,90,1.2,2.0,8,8.0,10.0,LINKUSDT,34,37.44741801733886,0.38235294117647056,-0.08669078739246477,-2.947486771343802,,,0.8338827014937535,1.138147679430197,-0.8449241239969696
1h,fz2.5_react0_body0.5_cl0.6_cs0.4,model_b,stress,next_close,2.5,0.0,0.5,0.6,0.4,90,1.2,2.0,8,8.0,10.0,LTCUSDT,20,31.38560687432868,0.4,-0.35880523805882664,-7.176104761176533,,,0.4662854907118916,0.7836852548819436,-1.1204655666860068
1h,fz2.5_react0_body0.5_cl0.6_cs0.4,model_b,stress,next_close,2.5,0.0,0.5,0.6,0.4,90,1.2,2.0,8,8.0,10.0,SOLUSDT,25,34.1834347215723,0.36,-0.2786657508135393,-6.966643770338482,,,0.574860239059493,1.046674495516869,-1.024169639374394
1h,fz2.5_react0_body0.5_cl0.6_cs0.4,model_b,stress,next_close,2.5,0.0,0.5,0.6,0.4,90,1.2,2.0,8,8.0,10.0,XRPUSDT,19,23.05883981725045,0.42105263157894735,0.051721152736116896,0.982701901986221,,,1.102414009679504,1.3222609234304699,-0.8723077714052306
1h,fz2.5_react0_body0.5_cl0.7_cs0.3,model_b,stress,next_close,2.5,0.0,0.5,0.7,0.3,90,1.2,2.0,8,8.0,10.0,ADAUSDT,27,31.688579461775337,0.5555555555555556,0.14831513983612674,4.004508775575422,,,1.3605079928176,1.0074979945007942,-0.9256634284947077
1h,fz2.5_react0_body0.5_cl0.7_cs0.3,model_b,stress,next_close,2.5,0.0,0.5,0.7,0.3,90,1.2,2.0,8,8.0,10.0,AVAXUSDT,24,28.631464344039195,0.375,-0.22621372813960883,-5.429129475350612,,,0.6337987292574129,1.0440449730079167,-0.9883689488281242
1h,fz2.5_react0_body0.5_cl0.7_cs0.3,model_b,stress,next_close,2.5,0.0,0.5,0.7,0.3,90,1.2,2.0,8,8.0,10.0,BNBUSDT,45,52.27537768354095,0.3333333333333333,-0.4278416940858187,-19.25287623386184,,,0.4117222183196431,0.8983099661293698,-1.0909175241934128
1h,fz2.5_react0_body0.5_cl0.7_cs0.3,model_b,stress,next_close,2.5,0.0,0.5,0.7,0.3,90,1.2,2.0,8,8.0,10.0,BTCUSDT,18,20.797153024911033,0.3333333333333333,-0.5171908396297905,-9.30943511333623,,,0.3800035757597439,0.9509782349971035,-1.2512753769432376
1h,fz2.5_react0_body0.5_cl0.7_cs0.3,model_b,stress,next_close,2.5,0.0,0.5,0.7,0.3,90,1.2,2.0,8,8.0,10.0,ETHUSDT,16,18.76836611802489,0.375,-0.4214656298730127,-6.743450077968204,,,0.26917893240998886,0.4139624077736306,-0.9227224524609987
1h,fz2.5_react0_body0.5_cl0.7_cs0.3,model_b,stress,next_close,2.5,0.0,0.5,0.7,0.3,90,1.2,2.0,8,8.0,10.0,LINKUSDT,31,34.14323407463249,0.41935483870967744,0.015175274835957228,0.4704335199146741,,,1.0328389214611406,1.138147679430197,-0.795860350704327
1h,fz2.5_react0_body0.5_cl0.7_cs0.3,model_b,stress,next_close,2.5,0.0,0.5,0.7,0.3,90,1.2,2.0,8,8.0,10.0,LTCUSDT,20,31.38560687432868,0.4,-0.36019385837901885,-7.203877167580377,,,0.4637890911931916,0.7788632210164633,-1.1195652446426736
1h,fz2.5_react0_body0.5_cl0.7_cs0.3,model_b,stress,next_close,2.5,0.0,0.5,0.7,0.3,90,1.2,2.0,8,8.0,10.0,SOLUSDT,24,32.81609733270941,0.375,-0.27152637488133535,-6.5166329971520485,,,0.5862354240087654,1.0258869495326715,-1.0499743695297394
1h,fz2.5_react0_body0.5_cl0.7_cs0.3,model_b,stress,next_close,2.5,0.0,0.5,0.7,0.3,90,1.2,2.0,8,8.0,10.0,XRPUSDT,18,21.84521666897411,0.4444444444444444,0.11875773023793973,2.137639144282915,,,1.2532613295763066,1.3222609234304699,-0.8440448243160843
1h,fz2_react0.25_body0.25_cl0.6_cs0.4,model_b,stress,next_close,2.0,0.25,0.25,0.6,0.4,90,1.2,2.0,8,8.0,10.0,ADAUSDT,54,63.36019274528176,0.46296296296296297,0.06252534682473342,3.376368728535604,,,1.1190171692625286,1.269804886270966,-0.9782328768358122
1h,fz2_react0.25_body0.25_cl0.6_cs0.4,model_b,stress,next_close,2.0,0.25,0.25,0.6,0.4,90,1.2,2.0,8,8.0,10.0,AVAXUSDT,54,59.46036930033915,0.3333333333333333,-0.28989951885274906,-15.654574018048448,,,0.5021279071212816,0.8771327460954359,-0.8734156513268414
1h,fz2_react0.25_body0.25_cl0.6_cs0.4,model_b,stress,next_close,2.0,0.25,0.25,0.6,0.4,90,1.2,2.0,8,8.0,10.0,BNBUSDT,77,87.64861706271913,0.35064935064935066,-0.46201741015158876,-35.575340581672336,,,0.3994614922442262,0.8764342923411983,-1.1847813294976939
1h,fz2_react0.25_body0.25_cl0.6_cs0.4,model_b,stress,next_close,2.0,0.25,0.25,0.6,0.4,90,1.2,2.0,8,8.0,10.0,BTCUSDT,66,76.27633487145683,0.18181818181818182,-0.8866648637876879,-58.5198810099874,,,0.12555529051083963,0.7002044250803312,-1.2393024835361368
1h,fz2_react0.25_body0.25_cl0.6_cs0.4,model_b,stress,next_close,2.0,0.25,0.25,0.6,0.4,90,1.2,2.0,8,8.0,10.0,ETHUSDT,43,48.1279366700715,0.37209302325581395,-0.32859042458866816,-14.12938825731273,,,0.45819077093980254,0.74679829071888,-0.9658578114375856
1h,fz2_react0.25_body0.25_cl0.6_cs0.4,model_b,stress,next_close,2.0,0.25,0.25,0.6,0.4,90,1.2,2.0,8,8.0,10.0,LINKUSDT,58,63.88088955898982,0.27586206896551724,-0.3194461286643911,-18.527875462534684,,,0.5036671464943367,1.1751038263567721,-0.8887984924819771
1h,fz2_react0.25_body0.25_cl0.6_cs0.4,model_b,stress,next_close,2.0,0.25,0.25,0.6,0.4,90,1.2,2.0,8,8.0,10.0,LTCUSDT,50,56.322282189668464,0.36,-0.3513712405760858,-17.56856202880429,,,0.4536049077288775,0.8102791541963661,-1.00479958763559
1h,fz2_react0.25_body0.25_cl0.6_cs0.4,model_b,stress,next_close,2.0,0.25,0.25,0.6,0.4,90,1.2,2.0,8,8.0,10.0,SOLUSDT,55,67.62940103801375,0.32727272727272727,-0.2593668815241484,-14.265178483828162,,,0.5817999638461827,1.1025399341957698,-0.9219161432257302
1h,fz2_react0.25_body0.25_cl0.6_cs0.4,model_b,stress,next_close,2.0,0.25,0.25,0.6,0.4,90,1.2,2.0,8,8.0,10.0,XRPUSDT,44,53.38463667820069,0.4090909090909091,-0.09787170053343007,-4.306354823470923,,,0.8074949923294517,1.003540980634783,-0.8603881721114239
1h,fz2_react0.25_body0.25_cl0.7_cs0.3,model_b,stress,next_close,2.0,0.25,0.25,0.7,0.3,90,1.2,2.0,8,8.0,10.0,ADAUSDT,50,58.666845134520145,0.48,0.039593240791065985,1.9796620395532993,,,1.07925408432379,1.1232640563565055,-0.9607182812693397
1h,fz2_react0.25_body0.25_cl0.7_cs0.3,model_b,stress,next_close,2.0,0.25,0.25,0.7,0.3,90,1.2,2.0,8,8.0,10.0,AVAXUSDT,48,52.847023360964585,0.3125,-0.3098187114656929,-14.87129815035326,,,0.48998299458983163,0.9524758486942583,-0.8835889660838525
1h,fz2_react0.25_body0.25_cl0.7_cs0.3,model_b,stress,next_close,2.0,0.25,0.25,0.7,0.3,90,1.2,2.0,8,8.0,10.0,BNBUSDT,71,80.81885469419555,0.36619718309859156,-0.4293226319446218,-30.481906868068148,,,0.417871319359474,0.8415740806216557,-1.1636185103162489
1h,fz2_react0.25_body0.25_cl0.7_cs0.3,model_b,stress,next_close,2.0,0.25,0.25,0.7,0.3,90,1.2,2.0,8,8.0,10.0,BTCUSDT,61,70.49782465392221,0.16393442622950818,-0.9354265114903112,-57.061017200908985,,,0.1135020414713553,0.7305760694006176,-1.2620936842140227
1h,fz2_react0.25_body0.25_cl0.7_cs0.3,model_b,stress,next_close,2.0,0.25,0.25,0.7,0.3,90,1.2,2.0,8,8.0,10.0,ETHUSDT,41,45.88942798774259,0.36585365853658536,-0.2751546451670936,-11.281340451850838,,,0.5300199956725743,0.848168852917855,-0.9232258940622563
1h,fz2_react0.25_body0.25_cl0.7_cs0.3,model_b,stress,next_close,2.0,0.25,0.25,0.7,0.3,90,1.2,2.0,8,8.0,10.0,LINKUSDT,53,58.37391632114587,0.3018867924528302,-0.24752376758758488,-13.118759682141999,,,0.5893142140827763,1.1765490517519046,-0.8633390408154722
1h,fz2_react0.25_body0.25_cl0.7_cs0.3,model_b,stress,next_close,2.0,0.25,0.25,0.7,0.3,90,1.2,2.0,8,8.0,10.0,LTCUSDT,49,55.195836545875096,0.3673469387755102,-0.3325835284246494,-16.29659289280782,,,0.47014323780306044,0.8033337701825563,-0.9921484114868979
1h,fz2_react0.25_body0.25_cl0.7_cs0.3,model_b,stress,next_close,2.0,0.25,0.25,0.7,0.3,90,1.2,2.0,8,8.0,10.0,SOLUSDT,52,63.940524617758456,0.34615384615384615,-0.2084469136144381,-10.839239507950781,,,0.6591470311180505,1.1645054537214554,-0.9353040492628523
1h,fz2_react0.25_body0.25_cl0.7_cs0.3,model_b,stress,next_close,2.0,0.25,0.25,0.7,0.3,90,1.2,2.0,8,8.0,10.0,XRPUSDT,41,49.74477508650519,0.4634146341463415,-0.07578259885284121,-3.1070865529664897,,,0.8476446304278803,0.9098206730658404,-0.9269854246007935
1h,fz2_react0.25_body0.5_cl0.6_cs0.4,model_b,stress,next_close,2.0,0.25,0.5,0.6,0.4,90,1.2,2.0,8,8.0,10.0,ADAUSDT,48,56.33525237648949,0.4375,-0.08823482036630685,-4.235271377582729,,,0.8372445009533263,1.037477247626128,-0.9637886510270897
1h,fz2_react0.25_body0.5_cl0.6_cs0.4,model_b,stress,next_close,2.0,0.25,0.5,0.6,0.4,90,1.2,2.0,8,8.0,10.0,AVAXUSDT,45,49.544084400904296,0.37777777777777777,-0.20940784985898714,-9.423353243654422,,,0.6176306078876872,0.895369382757859,-0.880165455376358
1h,fz2_react0.25_body0.5_cl0.6_cs0.4,model_b,stress,next_close,2.0,0.25,0.5,0.6,0.4,90,1.2,2.0,8,8.0,10.0,BNBUSDT,67,76.26567978184652,0.3582089552238806,-0.43445234706300306,-29.108307253221206,,,0.3991993577902014,0.8058703077104399,-1.1267254567039944
1h,fz2_react0.25_body0.5_cl0.6_cs0.4,model_b,stress,next_close,2.0,0.25,0.5,0.6,0.4,90,1.2,2.0,8,8.0,10.0,BTCUSDT,58,67.66409369177535,0.20689655172413793,-0.8672145645613716,-50.29844474455955,,,0.1559513548794141,0.7744528560436971,-1.2954756308061721
1h,fz2_react0.25_body0.5_cl0.6_cs0.4,model_b,stress,next_close,2.0,0.25,0.5,0.6,0.4,90,1.2,2.0,8,8.0,10.0,ETHUSDT,40,44.77589069084408,0.375,-0.43906037777260976,-17.56241511090439,,,0.2887039662314309,0.47522069184587673,-0.9876290195437016
1h,fz2_react0.25_body0.5_cl0.6_cs0.4,model_b,stress,next_close,2.0,0.25,0.5,0.6,0.4,90,1.2,2.0,8,8.0,10.0,LINKUSDT,55,60.576705616283455,0.2909090909090909,-0.3467917344798045,-19.073545396389246,,,0.4690161215073408,1.052974563771567,-0.921054831198316
1h,fz2_react0.25_body0.5_cl0.6_cs0.4,model_b,stress,next_close,2.0,0.25,0.5,0.6,0.4,90,1.2,2.0,8,8.0,10.0,LTCUSDT,47,52.942945258288354,0.3404255319148936,-0.3698235599228893,-17.381707316375795,,,0.43144821220235324,0.8243869234547172,-0.9861902610210087
1h,fz2_react0.25_body0.5_cl0.6_cs0.4,model_b,stress,next_close,2.0,0.25,0.5,0.6,0.4,90,1.2,2.0,8,8.0,10.0,SOLUSDT,47,57.79239725066629,0.3829787234042553,-0.17004386202297883,-7.992061515080005,,,0.7234315334864845,1.1613980337226308,-0.9964560731754261
1h,fz2_react0.25_body0.5_cl0.6_cs0.4,model_b,stress,next_close,2.0,0.25,0.5,0.6,0.4,90,1.2,2.0,8,8.0,10.0,XRPUSDT,40,48.54492593105358,0.45,-0.029280883716226048,-1.1712353486490419,,,0.9343430670992146,0.9259711212366213,-0.8108507059503739
1h,fz2_react0.25_body0.5_cl0.7_cs0.3,model_b,stress,next_close,2.0,0.25,0.5,0.7,0.3,90,1.2,2.0,8,8.0,10.0,ADAUSDT,45,52.8142991029589,0.4888888888888889,-0.006347421476707682,-0.2856339664518457,,,0.9866712246217462,0.9611017839725694,-0.9317336179934074
1h,fz2_react0.25_body0.5_cl0.7_cs0.3,model_b,stress,next_close,2.0,0.25,0.5,0.7,0.3,90,1.2,2.0,8,8.0,10.0,AVAXUSDT,42,46.24114544084401,0.35714285714285715,-0.20584681262433738,-8.64556613022217,,,0.6315736903326645,0.9880423778294245,-0.8691185850986495
1h,fz2_react0.25_body0.5_cl0.7_cs0.3,model_b,stress,next_close,2.0,0.25,0.5,0.7,0.3,90,1.2,2.0,8,8.0,10.0,BNBUSDT,62,70.5742111414102,0.3548387096774194,-0.4403717372490966,-27.30304770944399,,,0.38602028277037437,0.7802693492612895,-1.1117243348298091
1h,fz2_react0.25_body0.5_cl0.7_cs0.3,model_b,stress,next_close,2.0,0.25,0.5,0.7,0.3,90,1.2,2.0,8,8.0,10.0,BTCUSDT,54,62.99760447165291,0.18518518518518517,-0.9009068186876716,-48.64896820913427,,,0.15099801757886497,0.8652391759896589,-1.3023036356597921
1h,fz2_react0.25_body0.5_cl0.7_cs0.3,model_b,stress,next_close,2.0,0.25,0.5,0.7,0.3,90,1.2,2.0,8,8.0,10.0,ETHUSDT,38,42.53709615630188,0.3684210526315789,-0.4448889632771954,-16.905780604533426,,,0.2590058386742373,0.4220869853400363,-0.950624933303914
1h,fz2_react0.25_body0.5_cl0.7_cs0.3,model_b,stress,next_close,2.0,0.25,0.5,0.7,0.3,90,1.2,2.0,8,8.0,10.0,LINKUSDT,49,53.968337730870715,0.32653061224489793,-0.2581928383084933,-12.651449077116173,,,0.5711233932506241,1.052974563771567,-0.8939103665897347
1h,fz2_react0.25_body0.5_cl0.7_cs0.3,model_b,stress,next_close,2.0,0.25,0.5,0.7,0.3,90,1.2,2.0,8,8.0,10.0,LTCUSDT,47,52.942945258288354,0.3191489361702128,-0.39174494979056135,-18.412012640156384,,,0.4099623476168023,0.8528531352556892,-0.9751503021559913
1h,fz2_react0.25_body0.5_cl0.7_cs0.3,model_b,stress,next_close,2.0,0.25,0.5,0.7,0.3,90,1.2,2.0,8,8.0,10.0,SOLUSDT,46,56.56277177724786,0.3695652173913043,-0.18751157925366102,-8.625532645668407,,,0.7049554832792599,1.2123029078799927,-1.0080924855044235
1h,fz2_react0.25_body0.5_cl0.7_cs0.3,model_b,stress,next_close,2.0,0.25,0.5,0.7,0.3,90,1.2,2.0,8,8.0,10.0,XRPUSDT,38,46.1176796345009,0.5,-0.0033130101163976657,-0.1258943844231113,,,0.9926090991748973,0.8898844849941597,-0.896510505226955
1h,fz2_react0_body0.25_cl0.6_cs0.4,model_b,stress,next_close,2.0,0.0,0.25,0.6,0.4,90,1.2,2.0,8,8.0,10.0,ADAUSDT,54,63.36019274528176,0.48148148148148145,0.08524284044765196,4.603113384173206,,,1.1689812264267083,1.2247498737895997,-0.972870833369871
1h,fz2_react0_body0.25_cl0.6_cs0.4,model_b,stress,next_close,2.0,0.0,0.25,0.6,0.4,90,1.2,2.0,8,8.0,10.0,AVAXUSDT,57,62.763723150358,0.3157894736842105,-0.29336020667147167,-16.721531780273885,,,0.4860638427485366,0.8785929146042951,-0.8342616472602871
1h,fz2_react0_body0.25_cl0.6_cs0.4,model_b,stress,next_close,2.0,0.0,0.25,0.6,0.4,90,1.2,2.0,8,8.0,10.0,BNBUSDT,78,88.78691079080639,0.3974358974358974,-0.39887363517065216,-31.112143543310868,,,0.45608952349640525,0.8415712924669277,-1.2170394385060772
1h,fz2_react0_body0.25_cl0.6_cs0.4,model_b,stress,next_close,2.0,0.0,0.25,0.6,0.4,90,1.2,2.0,8,8.0,10.0,BTCUSDT,69,79.74344100197759,0.17391304347826086,-0.8948569966722314,-61.74513277038397,,,0.11978249852210508,0.7002044250803312,-1.2306594012517182
1h,fz2_react0_body0.25_cl0.6_cs0.4,model_b,stress,next_close,2.0,0.0,0.25,0.6,0.4,90,1.2,2.0,8,8.0,10.0,ETHUSDT,48,53.72420837589377,0.3333333333333333,-0.4103008672128819,-19.69444162621833,,,0.3776093208051579,0.74679829071888,-0.9888504461787629
1h,fz2_react0_body0.25_cl0.6_cs0.4,model_b,stress,next_close,2.0,0.0,0.25,0.6,0.4,90,1.2,2.0,8,8.0,10.0,LINKUSDT,61,67.17663316582914,0.2786885245901639,-0.33502774295778665,-20.436692320424985,,,0.4817825023559767,1.1176366510628384,-0.8962844406475735
1h,fz2_react0_body0.25_cl0.6_cs0.4,model_b,stress,next_close,2.0,0.0,0.25,0.6,0.4,90,1.2,2.0,8,8.0,10.0,LTCUSDT,55,61.946550173454966,0.34545454545454546,-0.37946005738189065,-20.870303156003985,,,0.41258713837959177,0.7715203590499018,-0.9869219438320032
1h,fz2_react0_body0.25_cl0.6_cs0.4,model_b,stress,next_close,2.0,0.0,0.25,0.6,0.4,90,1.2,2.0,8,8.0,10.0,SOLUSDT,57,70.08865198485061,0.3157894736842105,-0.31470429529877875,-17.93814483203039,,,0.5061100136008833,1.0212209843087694,-0.9312851935791855
1h,fz2_react0_body0.25_cl0.6_cs0.4,model_b,stress,next_close,2.0,0.0,0.25,0.6,0.4,90,1.2,2.0,8,8.0,10.0,XRPUSDT,45,54.59792387543253,0.4,-0.06044938768832907,-2.720222445974808,,,0.8779860841680437,1.0874522144655985,-0.8257171224576141
1h,fz2_react0_body0.25_cl0.7_cs0.3,model_b,stress,next_close,2.0,0.0,0.25,0.7,0.3,90,1.2,2.0,8,8.0,10.0,ADAUSDT,50,58.666845134520145,0.48,0.039616329091200365,1.9808164545600182,,,1.0793039654595558,1.1232640563565055,-0.9606738806921583
1h,fz2_react0_body0.25_cl0.7_cs0.3,model_b,stress,next_close,2.0,0.0,0.25,0.7,0.3,90,1.2,2.0,8,8.0,10.0,AVAXUSDT,52,57.25094197437829,0.28846153846153844,-0.32824841395303017,-17.06891752555757,,,0.45609796923675094,0.9542280509048894,-0.8481713051116462
1h,fz2_react0_body0.25_cl0.7_cs0.3,model_b,stress,next_close,2.0,0.0,0.25,0.7,0.3,90,1.2,2.0,8,8.0,10.0,BNBUSDT,74,84.23373587845734,0.40540540540540543,-0.39018839653089016,-28.87394134328587,,,0.45665339365286367,0.8088994605235629,-1.2077482990680173
1h,fz2_react0_body0.25_cl0.7_cs0.3,model_b,stress,next_close,2.0,0.0,0.25,0.7,0.3,90,1.2,2.0,8,8.0,10.0,BTCUSDT,64,73.96493078444298,0.171875,-0.9175686575846768,-58.72439408541931,,,0.1168508245172571,0.7063558928614454,-1.2546096020168909
1h,fz2_react0_body0.25_cl0.7_cs0.3,model_b,stress,next_close,2.0,0.0,0.25,0.7,0.3,90,1.2,2.0,8,8.0,10.0,ETHUSDT,44,49.247191011235955,0.3409090909090909,-0.3380748386461725,-14.875292900431589,,,0.4609976501316146,0.848168852917855,-0.9516491618689453
1h,fz2_react0_body0.25_cl0.7_cs0.3,model_b,stress,next_close,2.0,0.0,0.25,0.7,0.3,90,1.2,2.0,8,8.0,10.0,LINKUSDT,55,60.56909547738693,0.3090909090909091,-0.2767563410716102,-15.22159875893856,,,0.5550527338269082,1.1169585366600705,-0.9002603653199938
1h,fz2_react0_body0.25_cl0.7_cs0.3,model_b,stress,next_close,2.0,0.0,0.25,0.7,0.3,90,1.2,2.0,8,8.0,10.0,LTCUSDT,53,59.6939483489657,0.33962264150943394,-0.38670151600125413,-20.49518034806647,,,0.39960206538994203,0.7578229857156542,-0.9753141168842355
1h,fz2_react0_body0.25_cl0.7_cs0.3,model_b,stress,next_close,2.0,0.0,0.25,0.7,0.3,90,1.2,2.0,8,8.0,10.0,SOLUSDT,52,63.940524617758456,0.36538461538461536,-0.20355151193537852,-10.584678620639682,,,0.6656206734712945,1.1089487066408366,-0.9592334559641085
1h,fz2_react0_body0.25_cl0.7_cs0.3,model_b,stress,next_close,2.0,0.0,0.25,0.7,0.3,90,1.2,2.0,8,8.0,10.0,XRPUSDT,43,52.17134948096886,0.4418604651162791,-0.06902322866849579,-2.967998832745319,,,0.8636342901847721,0.9893155261687181,-0.9068747429146234
1h,fz2_react0_body0.5_cl0.6_cs0.4,model_b,stress,next_close,2.0,0.0,0.5,0.6,0.4,90,1.2,2.0,8,8.0,10.0,ADAUSDT,48,56.33525237648949,0.4375,-0.08823482036630685,-4.235271377582729,,,0.8372445009533263,1.037477247626128,-0.9637886510270897
1h,fz2_react0_body0.5_cl0.6_cs0.4,model_b,stress,next_close,2.0,0.0,0.5,0.6,0.4,90,1.2,2.0,8,8.0,10.0,AVAXUSDT,46,50.64506405425772,0.3695652173913043,-0.23166597411243495,-10.656634809172008,,,0.5881957611027315,0.895369382757859,-0.892341872967435
1h,fz2_react0_body0.5_cl0.6_cs0.4,model_b,stress,next_close,2.0,0.0,0.5,0.6,0.4,90,1.2,2.0,8,8.0,10.0,BNBUSDT,67,76.26567978184652,0.3582089552238806,-0.43445234706300306,-29.108307253221206,,,0.3991993577902014,0.8058703077104399,-1.1267254567039944
1h,fz2_react0_body0.5_cl0.6_cs0.4,model_b,stress,next_close,2.0,0.0,0.5,0.6,0.4,90,1.2,2.0,8,8.0,10.0,BTCUSDT,60,69.32384341637011,0.2,-0.8491438019330513,-50.94862811598308,,,0.15426819574320055,0.7744528560436971,-1.2550429664272384
1h,fz2_react0_body0.5_cl0.6_cs0.4,model_b,stress,next_close,2.0,0.0,0.5,0.6,0.4,90,1.2,2.0,8,8.0,10.0,ETHUSDT,40,44.77589069084408,0.375,-0.43906037777260976,-17.56241511090439,,,0.2887039662314309,0.47522069184587673,-0.9876290195437016
1h,fz2_react0_body0.5_cl0.6_cs0.4,model_b,stress,next_close,2.0,0.0,0.5,0.6,0.4,90,1.2,2.0,8,8.0,10.0,LINKUSDT,55,60.576705616283455,0.2909090909090909,-0.3467917344798045,-19.073545396389246,,,0.4690161215073408,1.052974563771567,-0.921054831198316
1h,fz2_react0_body0.5_cl0.6_cs0.4,model_b,stress,next_close,2.0,0.0,0.5,0.6,0.4,90,1.2,2.0,8,8.0,10.0,LTCUSDT,48,54.06939090208172,0.3541666666666667,-0.3577603549764461,-17.172497038869412,,,0.43829143393752956,0.7882000619283446,-0.9861902610210087
1h,fz2_react0_body0.5_cl0.6_cs0.4,model_b,stress,next_close,2.0,0.0,0.5,0.6,0.4,90,1.2,2.0,8,8.0,10.0,SOLUSDT,47,57.79239725066629,0.3829787234042553,-0.17004386202297883,-7.992061515080005,,,0.7234315334864845,1.1613980337226308,-0.9964560731754261
1h,fz2_react0_body0.5_cl0.6_cs0.4,model_b,stress,next_close,2.0,0.0,0.5,0.6,0.4,90,1.2,2.0,8,8.0,10.0,XRPUSDT,40,48.54492593105358,0.45,-0.029280883716226048,-1.1712353486490419,,,0.9343430670992146,0.9259711212366213,-0.8108507059503739
1h,fz2_react0_body0.5_cl0.7_cs0.3,model_b,stress,next_close,2.0,0.0,0.5,0.7,0.3,90,1.2,2.0,8,8.0,10.0,ADAUSDT,45,52.8142991029589,0.4888888888888889,-0.006347421476707682,-0.2856339664518457,,,0.9866712246217462,0.9611017839725694,-0.9317336179934074
1h,fz2_react0_body0.5_cl0.7_cs0.3,model_b,stress,next_close,2.0,0.0,0.5,0.7,0.3,90,1.2,2.0,8,8.0,10.0,AVAXUSDT,43,47.342125094197435,0.3488372093023256,-0.22974064408697112,-9.878847695739758,,,0.6000382862069942,0.9880423778294245,-0.8821244058278974
1h,fz2_react0_body0.5_cl0.7_cs0.3,model_b,stress,next_close,2.0,0.0,0.5,0.7,0.3,90,1.2,2.0,8,8.0,10.0,BNBUSDT,62,70.5742111414102,0.3548387096774194,-0.4403717372490966,-27.30304770944399,,,0.38602028277037437,0.7802693492612895,-1.1117243348298091
1h,fz2_react0_body0.5_cl0.7_cs0.3,model_b,stress,next_close,2.0,0.0,0.5,0.7,0.3,90,1.2,2.0,8,8.0,10.0,BTCUSDT,55,63.54685646500593,0.18181818181818182,-0.8942631890369865,-49.18447539703426,,,0.14959993833033425,0.8652391759896589,-1.2852637145984633
1h,fz2_react0_body0.5_cl0.7_cs0.3,model_b,stress,next_close,2.0,0.0,0.5,0.7,0.3,90,1.2,2.0,8,8.0,10.0,ETHUSDT,38,42.53709615630188,0.3684210526315789,-0.4448889632771954,-16.905780604533426,,,0.2590058386742373,0.4220869853400363,-0.950624933303914
1h,fz2_react0_body0.5_cl0.7_cs0.3,model_b,stress,next_close,2.0,0.0,0.5,0.7,0.3,90,1.2,2.0,8,8.0,10.0,LINKUSDT,49,53.968337730870715,0.32653061224489793,-0.2581928383084933,-12.651449077116173,,,0.5711233932506241,1.052974563771567,-0.8939103665897347
1h,fz2_react0_body0.5_cl0.7_cs0.3,model_b,stress,next_close,2.0,0.0,0.5,0.7,0.3,90,1.2,2.0,8,8.0,10.0,LTCUSDT,48,54.06939090208172,0.3333333333333333,-0.379225049221875,-18.20280236265,,,0.41666677170160216,0.8126254566463575,-0.9751503021559913
1h,fz2_react0_body0.5_cl0.7_cs0.3,model_b,stress,next_close,2.0,0.0,0.5,0.7,0.3,90,1.2,2.0,8,8.0,10.0,SOLUSDT,46,56.56277177724786,0.391304347826087,-0.18191926524045074,-8.368286201060734,,,0.7122952006238478,1.1510042607305317,-1.0387986747932252
1h,fz2_react0_body0.5_cl0.7_cs0.3,model_b,stress,next_close,2.0,0.0,0.5,0.7,0.3,90,1.2,2.0,8,8.0,10.0,XRPUSDT,39,47.331302782777236,0.48717948717948717,-0.008052458521153966,-0.31404588232500463,,,0.9817646848441393,0.8898844849941597,-0.8610925548607019
1h,fz1.5_react0.25_body0.25_cl0.6_cs0.4,model_b,stress,next_open,1.5,0.25,0.25,0.6,0.4,90,1.2,2.0,8,8.0,10.0,ADAUSDT,103,115.06282655792022,0.34951456310679613,-0.2604107782666595,-26.822310161465925,,,0.6177653083784229,1.2041680348287433,-1.0473486479895626
1h,fz1.5_react0.25_body0.25_cl0.6_cs0.4,model_b,stress,next_open,1.5,0.25,0.25,0.6,0.4,90,1.2,2.0,8,8.0,10.0,AVAXUSDT,105,115.61738475065947,0.4,-0.17462314678261395,-18.335430412174464,,,0.695305886917288,0.9962163423634435,-0.9551828062133187
1h,fz1.5_react0.25_body0.25_cl0.6_cs0.4,model_b,stress,next_open,1.5,0.25,0.25,0.6,0.4,90,1.2,2.0,8,8.0,10.0,BNBUSDT,120,132.65069356872635,0.3416666666666667,-0.35939360708564,-43.1272328502768,,,0.5170408211892674,1.1261134489434705,-1.1303529652779631
1h,fz1.5_react0.25_body0.25_cl0.6_cs0.4,model_b,stress,next_open,1.5,0.25,0.25,0.6,0.4,90,1.2,2.0,8,8.0,10.0,BTCUSDT,178,198.34091775772214,0.20786516853932585,-0.730869967021306,-130.09485412979248,,,0.23377170749784046,1.072734280941979,-1.2041561881180547
1h,fz1.5_react0.25_body0.25_cl0.6_cs0.4,model_b,stress,next_open,1.5,0.25,0.25,0.6,0.4,90,1.2,2.0,8,8.0,10.0,ETHUSDT,142,156.31947758382518,0.31690140845070425,-0.38818849665360133,-55.12276652481139,,,0.4733873099704922,1.1011431554226654,-1.0791155517405293
1h,fz1.5_react0.25_body0.25_cl0.6_cs0.4,model_b,stress,next_open,1.5,0.25,0.25,0.6,0.4,90,1.2,2.0,8,8.0,10.0,LINKUSDT,108,118.95062193742932,0.3611111111111111,-0.19060396962260245,-20.585228719241066,,,0.7026429162576724,1.247232655224,-1.0032942358402475
1h,fz1.5_react0.25_body0.25_cl0.6_cs0.4,model_b,stress,next_open,1.5,0.25,0.25,0.6,0.4,90,1.2,2.0,8,8.0,10.0,LTCUSDT,129,141.99070818684078,0.35658914728682173,-0.2933389404393764,-37.84072331667956,,,0.559254406650255,1.0438137982645073,-1.0344115426126133
1h,fz1.5_react0.25_body0.25_cl0.6_cs0.4,model_b,stress,next_open,1.5,0.25,0.25,0.6,0.4,90,1.2,2.0,8,8.0,10.0,SOLUSDT,116,138.34775510204082,0.31896551724137934,-0.38949240260105317,-45.18111870172217,,,0.42703148138568003,0.9100900963661986,-0.9981576236363483
1h,fz1.5_react0.25_body0.25_cl0.6_cs0.4,model_b,stress,next_open,1.5,0.25,0.25,0.6,0.4,90,1.2,2.0,8,8.0,10.0,XRPUSDT,119,137.91036488630354,0.42857142857142855,-0.160076422181753,-19.049094239628605,,,0.7434797110802543,1.0825589511970262,-1.0920529522158375
1h,fz1.5_react0.25_body0.25_cl0.7_cs0.3,model_b,stress,next_open,1.5,0.25,0.25,0.7,0.3,90,1.2,2.0,8,8.0,10.0,ADAUSDT,93,103.89167834841341,0.3548387096774194,-0.2781057227690283,-25.86383221751963,,,0.5976241823843548,1.164059621336231,-1.0712966620269209
1h,fz1.5_react0.25_body0.25_cl0.7_cs0.3,model_b,stress,next_open,1.5,0.25,0.25,0.7,0.3,90,1.2,2.0,8,8.0,10.0,AVAXUSDT,90,99.06328478151683,0.4222222222222222,-0.10553050733133706,-9.497745659820335,,,0.8029226992587489,1.0182960740696159,-0.9267883937397259
1h,fz1.5_react0.25_body0.25_cl0.7_cs0.3,model_b,stress,next_open,1.5,0.25,0.25,0.7,0.3,90,1.2,2.0,8,8.0,10.0,BNBUSDT,106,119.80350696235173,0.3584905660377358,-0.29856925000019424,-31.64834050002059,,,0.5745633947821195,1.1247874062532737,-1.093974440259485
1h,fz1.5_react0.25_body0.25_cl0.7_cs0.3,model_b,stress,next_open,1.5,0.25,0.25,0.7,0.3,90,1.2,2.0,8,8.0,10.0,BTCUSDT,159,177.1696961993136,0.20125786163522014,-0.7632133093923043,-121.35091619337638,,,0.2064020665269051,0.9862944611491716,-1.2040341649618098
1h,fz1.5_react0.25_body0.25_cl0.7_cs0.3,model_b,stress,next_open,1.5,0.25,0.25,0.7,0.3,90,1.2,2.0,8,8.0,10.0,ETHUSDT,128,140.90769810372976,0.3046875,-0.4216363330822879,-53.96945063453285,,,0.43906767224020954,1.0831893520882256,-1.08105432995476
1h,fz1.5_react0.25_body0.25_cl0.7_cs0.3,model_b,stress,next_open,1.5,0.25,0.25,0.7,0.3,90,1.2,2.0,8,8.0,10.0,LINKUSDT,100,110.13946475687901,0.35,-0.23997767091547442,-23.99776709154744,,,0.6323826012797261,1.1794693093640054,-1.0042952756813481
1h,fz1.5_react0.25_body0.25_cl0.7_cs0.3,model_b,stress,next_open,1.5,0.25,0.25,0.7,0.3,90,1.2,2.0,8,8.0,10.0,LTCUSDT,121,133.18508287292818,0.36363636363636365,-0.3023175085942627,-36.580418539905786,,,0.5324949909799251,0.9469460834459689,-1.0161824183315378
1h,fz1.5_react0.25_body0.25_cl0.7_cs0.3,model_b,stress,next_open,1.5,0.25,0.25,0.7,0.3,90,1.2,2.0,8,8.0,10.0,SOLUSDT,108,129.08753749659124,0.2962962962962963,-0.4408782235526862,-47.61484814369011,,,0.37318603679908025,0.8858886724535799,-0.9995169166079562
1h,fz1.5_react0.25_body0.25_cl0.7_cs0.3,model_b,stress,next_open,1.5,0.25,0.25,0.7,0.3,90,1.2,2.0,8,8.0,10.0,XRPUSDT,116,134.43363299841354,0.39655172413793105,-0.22499721484566876,-26.099676922097576,,,0.6598210598233342,1.1005152093369472,-1.0960482364513877
1h,fz1.5_react0.25_body0.5_cl0.6_cs0.4,model_b,stress,next_open,1.5,0.25,0.5,0.6,0.4,90,1.2,2.0,8,8.0,10.0,ADAUSDT,90,100.54033388556135,0.3333333333333333,-0.32530964440735965,-29.27786799666237,,,0.528807228772731,1.095259320961392,-1.0355941270917353
1h,fz1.5_react0.25_body0.5_cl0.6_cs0.4,model_b,stress,next_open,1.5,0.25,0.5,0.6,0.4,90,1.2,2.0,8,8.0,10.0,AVAXUSDT,86,94.66047212456053,0.38372093023255816,-0.19347202666050298,-16.638594292803255,,,0.6768774665653648,1.0561983961681236,-0.9715687050254969
1h,fz1.5_react0.25_body0.5_cl0.6_cs0.4,model_b,stress,next_open,1.5,0.25,0.5,0.6,0.4,90,1.2,2.0,8,8.0,10.0,BNBUSDT,103,113.85851197982346,0.34951456310679613,-0.3643410483680495,-37.527127981909096,,,0.512813481283283,1.097253561671321,-1.1496754657026365
1h,fz1.5_react0.25_body0.5_cl0.6_cs0.4,model_b,stress,next_open,1.5,0.25,0.5,0.6,0.4,90,1.2,2.0,8,8.0,10.0,BTCUSDT,144,161.13147817207047,0.24305555555555555,-0.6585335913664111,-94.8288371567632,,,0.28707968814602536,1.0910228793380965,-1.2203177792073079
1h,fz1.5_react0.25_body0.5_cl0.6_cs0.4,model_b,stress,next_open,1.5,0.25,0.5,0.6,0.4,90,1.2,2.0,8,8.0,10.0,ETHUSDT,117,130.7524222335543,0.3333333333333333,-0.34970949426124587,-40.91601082856577,,,0.4917496768555136,1.0150679082640832,-1.0320981955239104
1h,fz1.5_react0.25_body0.5_cl0.6_cs0.4,model_b,stress,next_open,1.5,0.25,0.5,0.6,0.4,90,1.2,2.0,8,8.0,10.0,LINKUSDT,95,104.63249151903506,0.3263157894736842,-0.28070289030956697,-26.666774579408862,,,0.5765769249128305,1.1713630804301862,-0.9840473448866349
1h,fz1.5_react0.25_body0.5_cl0.6_cs0.4,model_b,stress,next_open,1.5,0.25,0.5,0.6,0.4,90,1.2,2.0,8,8.0,10.0,LTCUSDT,118,133.04025723472668,0.3559322033898305,-0.32362550796975426,-38.187809940431,,,0.5264138204400388,1.0106568517395622,-1.0609920751775344
1h,fz1.5_react0.25_body0.5_cl0.6_cs0.4,model_b,stress,next_open,1.5,0.25,0.5,0.6,0.4,90,1.2,2.0,8,8.0,10.0,SOLUSDT,96,116.55623268698061,0.3333333333333333,-0.37349612391337605,-35.8556278956841,,,0.45500600843260697,0.9354762610398102,-1.027982316389969
1h,fz1.5_react0.25_body0.5_cl0.6_cs0.4,model_b,stress,next_open,1.5,0.25,0.5,0.6,0.4,90,1.2,2.0,8,8.0,10.0,XRPUSDT,106,125.90731707317073,0.3867924528301887,-0.26229972409893354,-27.803770754486955,,,0.6008247477703578,1.0207139417122617,-1.0715852671490722
1h,fz1.5_react0.25_body0.5_cl0.7_cs0.3,model_b,stress,next_open,1.5,0.25,0.5,0.7,0.3,90,1.2,2.0,8,8.0,10.0,ADAUSDT,81,90.48630049700522,0.35802469135802467,-0.2522339359218775,-20.430948809672078,,,0.6178592118971397,1.1390864059619246,-1.0281625881263057
1h,fz1.5_react0.25_body0.5_cl0.7_cs0.3,model_b,stress,next_open,1.5,0.25,0.5,0.7,0.3,90,1.2,2.0,8,8.0,10.0,AVAXUSDT,79,86.95554997488699,0.4050632911392405,-0.13619662096707558,-10.75953305639897,,,0.7627513360490331,1.0809924170595377,-0.9649210723894507
1h,fz1.5_react0.25_body0.5_cl0.7_cs0.3,model_b,stress,next_open,1.5,0.25,0.5,0.7,0.3,90,1.2,2.0,8,8.0,10.0,BNBUSDT,91,102.85018050541517,0.3626373626373626,-0.29379181567918833,-26.73505522680614,,,0.5763937871307288,1.1023616991420437,-1.0881550223878205
1h,fz1.5_react0.25_body0.5_cl0.7_cs0.3,model_b,stress,next_open,1.5,0.25,0.5,0.7,0.3,90,1.2,2.0,8,8.0,10.0,BTCUSDT,134,149.9417921878989,0.23880597014925373,-0.7008380856714272,-93.91230347997126,,,0.25851324601146747,1.0231797079663707,-1.241706413087207
1h,fz1.5_react0.25_body0.5_cl0.7_cs0.3,model_b,stress,next_open,1.5,0.25,0.5,0.7,0.3,90,1.2,2.0,8,8.0,10.0,ETHUSDT,106,118.45945945945945,0.32075471698113206,-0.414590760093,-43.946620569858,,,0.4207130780015159,0.9387260189356246,-1.0536570168565171
1h,fz1.5_react0.25_body0.5_cl0.7_cs0.3,model_b,stress,next_open,1.5,0.25,0.5,0.7,0.3,90,1.2,2.0,8,8.0,10.0,LINKUSDT,87,95.82133433848473,0.3218390804597701,-0.30252105608499513,-26.31933187939458,,,0.5396562064739386,1.1019241797969246,-0.9690374392153976
1h,fz1.5_react0.25_body0.5_cl0.7_cs0.3,model_b,stress,next_open,1.5,0.25,0.5,0.7,0.3,90,1.2,2.0,8,8.0,10.0,LTCUSDT,112,126.27549839228296,0.35714285714285715,-0.3178145596389567,-35.59523067956315,,,0.5221147812536445,0.9722416257551837,-1.0345124404134791
1h,fz1.5_react0.25_body0.5_cl0.7_cs0.3,model_b,stress,next_open,1.5,0.25,0.5,0.7,0.3,90,1.2,2.0,8,8.0,10.0,SOLUSDT,90,109.27146814404432,0.3111111111111111,-0.39939037046863085,-35.945133342176774,,,0.4188192063511111,0.9251185802046825,-0.9975557030307723
1h,fz1.5_react0.25_body0.5_cl0.7_cs0.3,model_b,stress,next_open,1.5,0.25,0.5,0.7,0.3,90,1.2,2.0,8,8.0,10.0,XRPUSDT,103,122.34390243902439,0.36893203883495146,-0.3093179734895945,-31.859751269428234,,,0.5527418593790477,1.0361506063053743,-1.0958996047543452
1h,fz1.5_react0_body0.25_cl0.6_cs0.4,model_b,stress,next_open,1.5,0.0,0.25,0.6,0.4,90,1.2,2.0,8,8.0,10.0,ADAUSDT,102,113.94571173696954,0.37254901960784315,-0.22542352906703325,-22.99319996483739,,,0.65457231455664,1.146611543518376,-1.04006935341462
1h,fz1.5_react0_body0.25_cl0.6_cs0.4,model_b,stress,next_open,1.5,0.0,0.25,0.6,0.4,90,1.2,2.0,8,8.0,10.0,AVAXUSDT,113,124.42632835070971,0.37168141592920356,-0.1837100584577093,-20.75923660572115,,,0.6895655293051549,1.0979124059775027,-0.9418529247433278
1h,fz1.5_react0_body0.25_cl0.6_cs0.4,model_b,stress,next_open,1.5,0.0,0.25,0.6,0.4,90,1.2,2.0,8,8.0,10.0,BNBUSDT,124,137.07238335435056,0.3548387096774194,-0.3685886040080762,-45.70498689700145,,,0.513668283902975,1.0971375283073301,-1.1747379767815496
1h,fz1.5_react0_body0.25_cl0.6_cs0.4,model_b,stress,next_open,1.5,0.0,0.25,0.6,0.4,90,1.2,2.0,8,8.0,10.0,BTCUSDT,183,203.91229185204017,0.20218579234972678,-0.7057117759674475,-129.1452550020429,,,0.23586186749749377,1.0773643242926116,-1.1575872260333528
1h,fz1.5_react0_body0.25_cl0.6_cs0.4,model_b,stress,next_open,1.5,0.0,0.25,0.6,0.4,90,1.2,2.0,8,8.0,10.0,ETHUSDT,153,168.42873288961445,0.3006535947712418,-0.40702456547366683,-62.27475851747103,,,0.4448105170545366,1.0846460449253161,-1.0483035194769679
1h,fz1.5_react0_body0.25_cl0.6_cs0.4,model_b,stress,next_open,1.5,0.0,0.25,0.6,0.4,90,1.2,2.0,8,8.0,10.0,LINKUSDT,112,123.34070351758794,0.35714285714285715,-0.1850629001983775,-20.727044822218282,,,0.7030586777420182,1.2268693874768242,-0.9694697266846006
1h,fz1.5_react0_body0.25_cl0.6_cs0.4,model_b,stress,next_open,1.5,0.0,0.25,0.6,0.4,90,1.2,2.0,8,8.0,10.0,LTCUSDT,134,147.49422400803616,0.3656716417910448,-0.3356391027267915,-44.975639765390056,,,0.5031048438003624,0.9293408025477313,-1.064862812826222
1h,fz1.5_react0_body0.25_cl0.6_cs0.4,model_b,stress,next_open,1.5,0.0,0.25,0.6,0.4,90,1.2,2.0,8,8.0,10.0,SOLUSDT,120,143.11836734693878,0.31666666666666665,-0.40006763057118694,-48.00811566854243,,,0.417647303940077,0.9060551960795972,-1.0053440624337453
1h,fz1.5_react0_body0.25_cl0.6_cs0.4,model_b,stress,next_open,1.5,0.0,0.25,0.6,0.4,90,1.2,2.0,8,8.0,10.0,XRPUSDT,121,140.22818614489688,0.4297520661157025,-0.1376191300516601,-16.651914736250873,,,0.7677063890307437,1.0583241944466186,-1.0389097514126817
1h,fz1.5_react0_body0.25_cl0.7_cs0.3,model_b,stress,next_open,1.5,0.0,0.25,0.7,0.3,90,1.2,2.0,8,8.0,10.0,ADAUSDT,94,105.00879316936408,0.3617021276595745,-0.2680301217838348,-25.194831447680468,,,0.6074784728800804,1.1468323971792833,-1.0697855491962684
1h,fz1.5_react0_body0.25_cl0.7_cs0.3,model_b,stress,next_open,1.5,0.0,0.25,0.7,0.3,90,1.2,2.0,8,8.0,10.0,AVAXUSDT,98,107.86891009542944,0.3877551020408163,-0.13378914801409325,-13.111336505381137,,,0.7601269677190283,1.0933723392844221,-0.9109914233031529
1h,fz1.5_react0_body0.25_cl0.7_cs0.3,model_b,stress,next_open,1.5,0.0,0.25,0.7,0.3,90,1.2,2.0,8,8.0,10.0,BNBUSDT,111,125.45461578133059,0.36936936936936937,-0.3212421664166715,-35.65788047225054,,,0.5572741065930538,1.0947264452106176,-1.150595210369798
1h,fz1.5_react0_body0.25_cl0.7_cs0.3,model_b,stress,next_open,1.5,0.0,0.25,0.7,0.3,90,1.2,2.0,8,8.0,10.0,BTCUSDT,168,187.19816956908608,0.20238095238095238,-0.737211756309789,-123.85157506004455,,,0.2115338078238098,0.9772807127602188,-1.1722322335365074
1h,fz1.5_react0_body0.25_cl0.7_cs0.3,model_b,stress,next_open,1.5,0.0,0.25,0.7,0.3,90,1.2,2.0,8,8.0,10.0,ETHUSDT,136,149.71442923521286,0.29411764705882354,-0.44333362362440193,-60.29337281291866,,,0.41555243349559967,1.0717410436799695,-1.0746147350012232
1h,fz1.5_react0_body0.25_cl0.7_cs0.3,model_b,stress,next_open,1.5,0.0,0.25,0.7,0.3,90,1.2,2.0,8,8.0,10.0,LINKUSDT,102,112.32814070351758,0.35294117647058826,-0.22346985288232313,-22.79392499399696,,,0.6464701758036392,1.1578146775107403,-0.9768977785512668
1h,fz1.5_react0_body0.25_cl0.7_cs0.3,model_b,stress,next_open,1.5,0.0,0.25,0.7,0.3,90,1.2,2.0,8,8.0,10.0,LTCUSDT,124,136.4871923656454,0.3790322580645161,-0.3010125753874237,-37.32555934804054,,,0.5300640966591124,0.8957735379989687,-1.0315183848570397
1h,fz1.5_react0_body0.25_cl0.7_cs0.3,model_b,stress,next_open,1.5,0.0,0.25,0.7,0.3,90,1.2,2.0,8,8.0,10.0,SOLUSDT,111,132.2944935418083,0.2972972972972973,-0.4446640198534225,-49.3577062037299,,,0.3702945420387589,0.8795304546258405,-1.0049001436715723
1h,fz1.5_react0_body0.25_cl0.7_cs0.3,model_b,stress,next_open,1.5,0.0,0.25,0.7,0.3,90,1.2,2.0,8,8.0,10.0,XRPUSDT,118,136.75145425700686,0.3983050847457627,-0.21105364083757622,-24.904329618833994,,,0.6695265440023748,1.0735152427835408,-1.0614020567557805
1h,fz1.5_react0_body0.5_cl0.6_cs0.4,model_b,stress,next_open,1.5,0.0,0.5,0.6,0.4,90,1.2,2.0,8,8.0,10.0,ADAUSDT,91,101.65744870651204,0.34065934065934067,-0.311697553424294,-28.364477361610756,,,0.544523442498011,1.0938647914889947,-1.0379047649628264
1h,fz1.5_react0_body0.5_cl0.6_cs0.4,model_b,stress,next_open,1.5,0.0,0.5,0.6,0.4,90,1.2,2.0,8,8.0,10.0,AVAXUSDT,87,95.7611752887996,0.3793103448275862,-0.20454989212865923,-17.795840615193352,,,0.6619998181134239,1.0561983961681236,-0.9750071794211375
1h,fz1.5_react0_body0.5_cl0.6_cs0.4,model_b,stress,next_open,1.5,0.0,0.5,0.6,0.4,90,1.2,2.0,8,8.0,10.0,BNBUSDT,103,113.85851197982346,0.34951456310679613,-0.3643410483680495,-37.527127981909096,,,0.512813481283283,1.097253561671321,-1.1496754657026365
1h,fz1.5_react0_body0.5_cl0.6_cs0.4,model_b,stress,next_open,1.5,0.0,0.5,0.6,0.4,90,1.2,2.0,8,8.0,10.0,BTCUSDT,145,162.25044677048763,0.2413793103448276,-0.658063834555236,-95.41925601050922,,,0.2799130583070702,1.059756784705296,-1.2046431225017689
1h,fz1.5_react0_body0.5_cl0.6_cs0.4,model_b,stress,next_open,1.5,0.0,0.5,0.6,0.4,90,1.2,2.0,8,8.0,10.0,ETHUSDT,120,134.10504844467107,0.325,-0.3475383707864553,-41.704604494374635,,,0.48852247744793553,1.0213565957679371,-1.0066359472756072
1h,fz1.5_react0_body0.5_cl0.6_cs0.4,model_b,stress,next_open,1.5,0.0,0.5,0.6,0.4,90,1.2,2.0,8,8.0,10.0,LINKUSDT,96,105.73388616660384,0.3229166666666667,-0.2859513298503653,-27.45132766563507,,,0.5694826685445928,1.1713630804301862,-0.9809782024457053
1h,fz1.5_react0_body0.5_cl0.6_cs0.4,model_b,stress,next_open,1.5,0.0,0.5,0.6,0.4,90,1.2,2.0,8,8.0,10.0,LTCUSDT,120,135.2951768488746,0.35833333333333334,-0.3263868225061292,-39.166418700735505,,,0.5211300047425428,0.9912286805713317,-1.0621980774714646
1h,fz1.5_react0_body0.5_cl0.6_cs0.4,model_b,stress,next_open,1.5,0.0,0.5,0.6,0.4,90,1.2,2.0,8,8.0,10.0,SOLUSDT,96,116.55623268698061,0.3333333333333333,-0.37349612391337605,-35.8556278956841,,,0.45500600843260697,0.9354762610398102,-1.027982316389969
1h,fz1.5_react0_body0.5_cl0.6_cs0.4,model_b,stress,next_open,1.5,0.0,0.5,0.6,0.4,90,1.2,2.0,8,8.0,10.0,XRPUSDT,106,125.90731707317073,0.39622641509433965,-0.2434600261764044,-25.806762774698864,,,0.6220208600394156,1.0111634339967939,-1.066806671915066
1h,fz1.5_react0_body0.5_cl0.7_cs0.3,model_b,stress,next_open,1.5,0.0,0.5,0.7,0.3,90,1.2,2.0,8,8.0,10.0,ADAUSDT,82,91.6034153179559,0.35365853658536583,-0.2647162944949237,-21.70673614858374,,,0.6034592580040056,1.1390864059619246,-1.0328347532354634
1h,fz1.5_react0_body0.5_cl0.7_cs0.3,model_b,stress,next_open,1.5,0.0,0.5,0.7,0.3,90,1.2,2.0,8,8.0,10.0,AVAXUSDT,80,88.05625313912607,0.4,-0.14895974223486336,-11.916779378789068,,,0.7437722143500225,1.0809924170595377,-0.9689278484311309
1h,fz1.5_react0_body0.5_cl0.7_cs0.3,model_b,stress,next_open,1.5,0.0,0.5,0.7,0.3,90,1.2,2.0,8,8.0,10.0,BNBUSDT,91,102.85018050541517,0.3626373626373626,-0.29379181567918833,-26.73505522680614,,,0.5763937871307288,1.1023616991420437,-1.0881550223878205
1h,fz1.5_react0_body0.5_cl0.7_cs0.3,model_b,stress,next_open,1.5,0.0,0.5,0.7,0.3,90,1.2,2.0,8,8.0,10.0,BTCUSDT,136,152.1797293847332,0.2426470588235294,-0.6910708188209836,-93.98563135965378,,,0.26197460594744054,1.0109633550587076,-1.2363827386076809
1h,fz1.5_react0_body0.5_cl0.7_cs0.3,model_b,stress,next_open,1.5,0.0,0.5,0.7,0.3,90,1.2,2.0,8,8.0,10.0,ETHUSDT,108,120.69454360020397,0.3148148148148148,-0.41826571142121133,-45.172696833490825,,,0.415304695878374,0.943700831577078,-1.044034123069074
1h,fz1.5_react0_body0.5_cl0.7_cs0.3,model_b,stress,next_open,1.5,0.0,0.5,0.7,0.3,90,1.2,2.0,8,8.0,10.0,LINKUSDT,87,95.82133433848473,0.3218390804597701,-0.30252105608499513,-26.31933187939458,,,0.5396562064739386,1.1019241797969246,-0.9690374392153976
1h,fz1.5_react0_body0.5_cl0.7_cs0.3,model_b,stress,next_open,1.5,0.0,0.5,0.7,0.3,90,1.2,2.0,8,8.0,10.0,LTCUSDT,113,127.40295819935692,0.36283185840707965,-0.3134511963544911,-35.419985188057495,,,0.5244675467349642,0.9528026956515365,-1.0345124404134791
1h,fz1.5_react0_body0.5_cl0.7_cs0.3,model_b,stress,next_open,1.5,0.0,0.5,0.7,0.3,90,1.2,2.0,8,8.0,10.0,SOLUSDT,90,109.27146814404432,0.3111111111111111,-0.397927191315266,-35.81344721837394,,,0.4197128480651013,0.9251185802046825,-0.995431733292017
1h,fz1.5_react0_body0.5_cl0.7_cs0.3,model_b,stress,next_open,1.5,0.0,0.5,0.7,0.3,90,1.2,2.0,8,8.0,10.0,XRPUSDT,104,123.53170731707317,0.375,-0.28975700146046857,-30.134728151888734,,,0.5702899080730598,1.0254696322376111,-1.0788929816793162
1h,fz2.5_react0.25_body0.25_cl0.6_cs0.4,model_b,stress,next_open,2.5,0.25,0.25,0.6,0.4,90,1.2,2.0,8,8.0,10.0,ADAUSDT,38,44.58680230223531,0.39473684210526316,-0.1167618472249795,-4.436950194549221,,,0.8078291761519503,1.243441554937965,-1.0038510225486388
1h,fz2.5_react0.25_body0.25_cl0.6_cs0.4,model_b,stress,next_open,2.5,0.25,0.25,0.6,0.4,90,1.2,2.0,8,8.0,10.0,AVAXUSDT,34,40.61098242267339,0.35294117647058826,-0.2876247864017232,-9.779242737658588,,,0.5814643154888405,1.1321775925935114,-1.062062447671851
1h,fz2.5_react0.25_body0.25_cl0.6_cs0.4,model_b,stress,next_open,2.5,0.25,0.25,0.6,0.4,90,1.2,2.0,8,8.0,10.0,BNBUSDT,62,71.82397251222413,0.27419354838709675,-0.5103093203639484,-31.639177862564797,,,0.3724209011905351,1.1044392796210505,-1.120325458136059
1h,fz2.5_react0.25_body0.25_cl0.6_cs0.4,model_b,stress,next_open,2.5,0.25,0.25,0.6,0.4,90,1.2,2.0,8,8.0,10.0,BTCUSDT,23,26.581147000659197,0.17391304347826086,-0.8015899416197019,-18.436568657253144,,,0.1664389933129676,0.9203177400459731,-1.1640968219703702
1h,fz2.5_react0.25_body0.25_cl0.6_cs0.4,model_b,stress,next_open,2.5,0.25,0.25,0.6,0.4,90,1.2,2.0,8,8.0,10.0,ETHUSDT,19,22.287434765154554,0.2631578947368421,-0.2965172480525925,-5.633827712999257,,,0.5801496497169886,1.5569657960552783,-0.9584754780911178
1h,fz2.5_react0.25_body0.25_cl0.6_cs0.4,model_b,stress,next_open,2.5,0.25,0.25,0.6,0.4,90,1.2,2.0,8,8.0,10.0,LINKUSDT,37,40.75160196004523,0.35135135135135137,-0.26787989923727,-9.91155627177899,,,0.5855309097519255,1.0771003746204086,-0.9964108809101792
1h,fz2.5_react0.25_body0.25_cl0.6_cs0.4,model_b,stress,next_open,2.5,0.25,0.25,0.6,0.4,90,1.2,2.0,8,8.0,10.0,LTCUSDT,23,36.09344790547798,0.391304347826087,-0.2764612149977576,-6.358607944948425,,,0.5948157095314132,1.0371686238083433,-1.1209375399445367
1h,fz2.5_react0.25_body0.25_cl0.6_cs0.4,model_b,stress,next_open,2.5,0.25,0.25,0.6,0.4,90,1.2,2.0,8,8.0,10.0,SOLUSDT,33,45.122133832475434,0.45454545454545453,-0.15697698538117108,-5.180240517578645,,,0.7286418522612149,0.9273206098877481,-1.060558314771937
1h,fz2.5_react0.25_body0.25_cl0.6_cs0.4,model_b,stress,next_open,2.5,0.25,0.25,0.6,0.4,90,1.2,2.0,8,8.0,10.0,XRPUSDT,21,25.479031141868514,0.47619047619047616,-5.542337673579224e-05,-0.0011638909114516371,,,0.9999025492488293,1.1942211583050781,-1.0857614067238393
1h,fz2.5_react0.25_body0.25_cl0.7_cs0.3,model_b,stress,next_open,2.5,0.25,0.25,0.7,0.3,90,1.2,2.0,8,8.0,10.0,ADAUSDT,35,41.0667915941641,0.4,-0.10044820344038874,-3.515687120413606,,,0.8307070354116158,1.2322282484577856,-0.9888991713725049
1h,fz2.5_react0.25_body0.25_cl0.7_cs0.3,model_b,stress,next_open,2.5,0.25,0.25,0.7,0.3,90,1.2,2.0,8,8.0,10.0,AVAXUSDT,31,37.027660444202205,0.3870967741935484,-0.21053531288314295,-6.526594699377432,,,0.6715620866425499,1.1120857694175352,-1.045874943809887
1h,fz2.5_react0.25_body0.25_cl0.7_cs0.3,model_b,stress,next_open,2.5,0.25,0.25,0.7,0.3,90,1.2,2.0,8,8.0,10.0,BNBUSDT,55,63.89212827988339,0.2909090909090909,-0.467531442039236,-25.714229312157983,,,0.4095549716178394,1.1147725391316108,-1.1166817932888142
1h,fz2.5_react0.25_body0.25_cl0.7_cs0.3,model_b,stress,next_open,2.5,0.25,0.25,0.7,0.3,90,1.2,2.0,8,8.0,10.0,BTCUSDT,20,23.11404087013843,0.2,-0.7684044444385749,-15.3680888887715,,,0.19324906397764136,0.9203177400459731,-1.190584990559712
1h,fz2.5_react0.25_body0.25_cl0.7_cs0.3,model_b,stress,next_open,2.5,0.25,0.25,0.7,0.3,90,1.2,2.0,8,8.0,10.0,ETHUSDT,17,19.941389000401443,0.29411764705882354,-0.19063732672661224,-3.240834554352408,,,0.7060644428179971,1.5569657960552783,-0.9188052945524
1h,fz2.5_react0.25_body0.25_cl0.7_cs0.3,model_b,stress,next_open,2.5,0.25,0.25,0.7,0.3,90,1.2,2.0,8,8.0,10.0,LINKUSDT,35,38.54881266490765,0.37142857142857144,-0.22511110845014226,-7.878888795754979,,,0.6399241779911548,1.0771003746204086,-0.9945997120827405
1h,fz2.5_react0.25_body0.25_cl0.7_cs0.3,model_b,stress,next_open,2.5,0.25,0.25,0.7,0.3,90,1.2,2.0,8,8.0,10.0,LTCUSDT,24,37.662728249194416,0.3333333333333333,-0.4942368229470906,-11.861683750730174,,,0.34544667422583203,0.7825143958977582,-1.132612432369515
1h,fz2.5_react0.25_body0.25_cl0.7_cs0.3,model_b,stress,next_open,2.5,0.25,0.25,0.7,0.3,90,1.2,2.0,8,8.0,10.0,SOLUSDT,31,42.387459054749655,0.45161290322580644,-0.16000728706368714,-4.9602258989743016,,,0.7217639129947239,0.9190838339368287,-1.048670563181759
1h,fz2.5_react0.25_body0.25_cl0.7_cs0.3,model_b,stress,next_open,2.5,0.25,0.25,0.7,0.3,90,1.2,2.0,8,8.0,10.0,XRPUSDT,18,21.83916955017301,0.5555555555555556,0.16071798710254523,2.892923767845814,,,1.3196852422999534,1.1942211583050781,-1.1311609769006208
1h,fz2.5_react0.25_body0.5_cl0.6_cs0.4,model_b,stress,next_open,2.5,0.25,0.5,0.6,0.4,90,1.2,2.0,8,8.0,10.0,ADAUSDT,32,37.55683491765966,0.40625,-0.08312282239972815,-2.659930316791301,,,0.8547393447557408,1.2039615122564462,-0.9637594724276369
1h,fz2.5_react0.25_body0.5_cl0.6_cs0.4,model_b,stress,next_open,2.5,0.25,0.5,0.6,0.4,90,1.2,2.0,8,8.0,10.0,AVAXUSDT,28,33.44433846573102,0.32142857142857145,-0.3288073751449106,-9.206606504057497,,,0.5821642160128091,1.4252693583290528,-1.159685827843104
1h,fz2.5_react0.25_body0.5_cl0.6_cs0.4,model_b,stress,next_open,2.5,0.25,0.5,0.6,0.4,90,1.2,2.0,8,8.0,10.0,BNBUSDT,50,57.930214115781126,0.3,-0.44905816940574483,-22.45290847028724,,,0.4218254773855566,1.092081884589141,-1.1095467639749816
1h,fz2.5_react0.25_body0.5_cl0.6_cs0.4,model_b,stress,next_open,2.5,0.25,0.5,0.6,0.4,90,1.2,2.0,8,8.0,10.0,BTCUSDT,21,27.557784431137726,0.19047619047619047,-0.8454029336399105,-17.75346160643812,,,0.17174326522348768,0.9203177400459731,-1.2608666215660005
1h,fz2.5_react0.25_body0.5_cl0.6_cs0.4,model_b,stress,next_open,2.5,0.25,0.5,0.6,0.4,90,1.2,2.0,8,8.0,10.0,ETHUSDT,16,18.76836611802489,0.25,-0.2073149685105496,-3.3170394961687935,,,0.6664990857412885,1.657269663321842,-0.8288431791213468
1h,fz2.5_react0.25_body0.5_cl0.6_cs0.4,model_b,stress,next_open,2.5,0.25,0.5,0.6,0.4,90,1.2,2.0,8,8.0,10.0,LINKUSDT,35,38.54881266490765,0.2857142857142857,-0.3529520200643276,-12.353320702251466,,,0.48545716395714056,1.1655021921378965,-0.9603337049452173
1h,fz2.5_react0.25_body0.5_cl0.6_cs0.4,model_b,stress,next_open,2.5,0.25,0.5,0.6,0.4,90,1.2,2.0,8,8.0,10.0,LTCUSDT,21,32.954887218045116,0.38095238095238093,-0.274367935919144,-5.761726654302024,,,0.6068637289612749,1.1117591978497683,-1.1273692490077054
1h,fz2.5_react0.25_body0.5_cl0.6_cs0.4,model_b,stress,next_open,2.5,0.25,0.5,0.6,0.4,90,1.2,2.0,8,8.0,10.0,SOLUSDT,25,34.1834347215723,0.56,0.07682697014395408,1.9206742535988521,,,1.1614123891255026,0.9871320843326947,-1.0817431751871704
1h,fz2.5_react0.25_body0.5_cl0.6_cs0.4,model_b,stress,next_open,2.5,0.25,0.5,0.6,0.4,90,1.2,2.0,8,8.0,10.0,XRPUSDT,19,23.05883981725045,0.47368421052631576,0.07000896711308033,1.3301703751485263,,,1.1328330965058087,1.260446433739421,-1.0013847528506263
1h,fz2.5_react0.25_body0.5_cl0.7_cs0.3,model_b,stress,next_open,2.5,0.25,0.5,0.7,0.3,90,1.2,2.0,8,8.0,10.0,ADAUSDT,31,36.3831838264828,0.41935483870967744,-0.03618810276355946,-1.1218311856703431,,,0.9346415798251747,1.2340356557290049,-0.9535719283415227
1h,fz2.5_react0.25_body0.5_cl0.7_cs0.3,model_b,stress,next_open,2.5,0.25,0.5,0.7,0.3,90,1.2,2.0,8,8.0,10.0,AVAXUSDT,26,31.05545714675024,0.34615384615384615,-0.2657841902542054,-6.910388946609341,,,0.6489897079674728,1.419639064785933,-1.1580670899813374
1h,fz2.5_react0.25_body0.5_cl0.7_cs0.3,model_b,stress,next_open,2.5,0.25,0.5,0.7,0.3,90,1.2,2.0,8,8.0,10.0,BNBUSDT,45,52.27537768354095,0.3111111111111111,-0.39358953403648766,-17.711529031641945,,,0.47049442750125725,1.12411817265005,-1.0790059177013755
1h,fz2.5_react0.25_body0.5_cl0.7_cs0.3,model_b,stress,next_open,2.5,0.25,0.5,0.7,0.3,90,1.2,2.0,8,8.0,10.0,BTCUSDT,19,24.933233532934132,0.21052631578947367,-0.7723981367973696,-14.675564599150022,,,0.20053951827835997,0.9203177400459731,-1.2237890372889277
1h,fz2.5_react0.25_body0.5_cl0.7_cs0.3,model_b,stress,next_open,2.5,0.25,0.5,0.7,0.3,90,1.2,2.0,8,8.0,10.0,ETHUSDT,15,17.595343235648333,0.2,-0.30617342948829573,-4.592601442324436,,,0.5382518714021558,1.7845055690439084,-0.8288431791213468
1h,fz2.5_react0.25_body0.5_cl0.7_cs0.3,model_b,stress,next_open,2.5,0.25,0.5,0.7,0.3,90,1.2,2.0,8,8.0,10.0,LINKUSDT,32,35.244628722201284,0.3125,-0.28730907826043944,-9.193890504334062,,,0.5590230168075717,1.1655021921378965,-0.9476778375324103
1h,fz2.5_react0.25_body0.5_cl0.7_cs0.3,model_b,stress,next_open,2.5,0.25,0.5,0.7,0.3,90,1.2,2.0,8,8.0,10.0,LTCUSDT,21,32.954887218045116,0.3333333333333333,-0.418344682906978,-8.785238341046538,,,0.4470023095933929,1.0144764221060507,-1.1347552354134924
1h,fz2.5_react0.25_body0.5_cl0.7_cs0.3,model_b,stress,next_open,2.5,0.25,0.5,0.7,0.3,90,1.2,2.0,8,8.0,10.0,SOLUSDT,24,32.81609733270941,0.5416666666666666,0.07821568981015285,1.8771765554436683,,,1.172217445616405,0.9828625928813159,-0.9909124683648581
1h,fz2.5_react0.25_body0.5_cl0.7_cs0.3,model_b,stress,next_open,2.5,0.25,0.5,0.7,0.3,90,1.2,2.0,8,8.0,10.0,XRPUSDT,17,20.63159352069777,0.5294117647058824,0.18535368033895486,3.1510125657622328,,,1.384597890006105,1.260446433739421,-1.0241256672365697
1h,fz2.5_react0_body0.25_cl0.6_cs0.4,model_b,stress,next_open,2.5,0.0,0.25,0.6,0.4,90,1.2,2.0,8,8.0,10.0,ADAUSDT,37,43.41346539954491,0.40540540540540543,-0.08404489237241113,-3.109661017779212,,,0.8571012184331839,1.243441554937965,-0.9891492882658492
1h,fz2.5_react0_body0.25_cl0.6_cs0.4,model_b,stress,next_open,2.5,0.0,0.25,0.6,0.4,90,1.2,2.0,8,8.0,10.0,AVAXUSDT,33,39.41654176318299,0.3333333333333333,-0.26633979220841164,-8.789213142877584,,,0.6055759884089702,1.226768489083412,-1.0128939328543234
1h,fz2.5_react0_body0.25_cl0.6_cs0.4,model_b,stress,next_open,2.5,0.0,0.25,0.6,0.4,90,1.2,2.0,8,8.0,10.0,BNBUSDT,63,72.98242368177613,0.31746031746031744,-0.4774825465118515,-30.081400430246646,,,0.40925278694987355,1.0419767279028156,-1.18420779042565
1h,fz2.5_react0_body0.25_cl0.6_cs0.4,model_b,stress,next_open,2.5,0.0,0.25,0.6,0.4,90,1.2,2.0,8,8.0,10.0,BTCUSDT,23,26.581147000659197,0.17391304347826086,-0.8014926515329589,-18.434330985258054,,,0.16645583372613593,0.9203177400459731,-1.1639790497601024
1h,fz2.5_react0_body0.25_cl0.6_cs0.4,model_b,stress,next_open,2.5,0.0,0.25,0.6,0.4,90,1.2,2.0,8,8.0,10.0,ETHUSDT,21,24.63348052990767,0.23809523809523808,-0.35137386445516566,-7.378851153558479,,,0.5133865203939527,1.5569657960552783,-0.9477300083646794
1h,fz2.5_react0_body0.25_cl0.6_cs0.4,model_b,stress,next_open,2.5,0.0,0.25,0.6,0.4,90,1.2,2.0,8,8.0,10.0,LINKUSDT,39,42.94899497487437,0.3333333333333333,-0.26371636427588857,-10.284938206759655,,,0.5811019285506183,1.0974943427706418,-0.9443217177991539
1h,fz2.5_react0_body0.25_cl0.6_cs0.4,model_b,stress,next_open,2.5,0.0,0.25,0.6,0.4,90,1.2,2.0,8,8.0,10.0,LTCUSDT,25,39.224986575979955,0.44,-0.2783588140499294,-6.958970351248236,,,0.5561975760754198,0.7928512641682652,-1.1200238755070824
1h,fz2.5_react0_body0.25_cl0.6_cs0.4,model_b,stress,next_open,2.5,0.0,0.25,0.6,0.4,90,1.2,2.0,8,8.0,10.0,SOLUSDT,34,46.48947122133833,0.4411764705882353,-0.18017763731567096,-6.126039668732813,,,0.6965044754662457,0.9372601793082043,-1.0623653872818881
1h,fz2.5_react0_body0.25_cl0.6_cs0.4,model_b,stress,next_open,2.5,0.0,0.25,0.6,0.4,90,1.2,2.0,8,8.0,10.0,XRPUSDT,21,25.479031141868514,0.47619047619047616,0.024502490532496625,0.5145523011824291,,,1.045026920079674,1.1942211583050781,-1.0388781165334864
1h,fz2.5_react0_body0.25_cl0.7_cs0.3,model_b,stress,next_open,2.5,0.0,0.25,0.7,0.3,90,1.2,2.0,8,8.0,10.0,ADAUSDT,34,39.8934546914737,0.4117647058823529,-0.06457203541165753,-2.195449203996356,,,0.8871039585567828,1.2322282484577856,-0.9723322341202676
1h,fz2.5_react0_body0.25_cl0.7_cs0.3,model_b,stress,next_open,2.5,0.0,0.25,0.7,0.3,90,1.2,2.0,8,8.0,10.0,AVAXUSDT,30,35.833219784711815,0.36666666666666664,-0.1845521701532142,-5.536565104596426,,,0.7053438170816594,1.2048501365278017,-0.9889429792843286
1h,fz2.5_react0_body0.25_cl0.7_cs0.3,model_b,stress,next_open,2.5,0.0,0.25,0.7,0.3,90,1.2,2.0,8,8.0,10.0,BNBUSDT,56,64.89041639127561,0.3392857142857143,-0.432251827077803,-24.20610231635697,,,0.4511900515586426,1.0473909174002223,-1.1920683715394917
1h,fz2.5_react0_body0.25_cl0.7_cs0.3,model_b,stress,next_open,2.5,0.0,0.25,0.7,0.3,90,1.2,2.0,8,8.0,10.0,BTCUSDT,22,25.425444957152273,0.18181818181818182,-0.7932447555558926,-17.451384622229636,,,0.1741982187627865,0.9203177400459731,-1.174036421245196
1h,fz2.5_react0_body0.25_cl0.7_cs0.3,model_b,stress,next_open,2.5,0.0,0.25,0.7,0.3,90,1.2,2.0,8,8.0,10.0,ETHUSDT,18,21.114411882778,0.2777777777777778,-0.25253493852986997,-4.54562889353766,,,0.6313495459733801,1.5569657960552783,-0.9484967595241578
1h,fz2.5_react0_body0.25_cl0.7_cs0.3,model_b,stress,next_open,2.5,0.0,0.25,0.7,0.3,90,1.2,2.0,8,8.0,10.0,LINKUSDT,36,39.64522613065326,0.3611111111111111,-0.22892340118036467,-8.241242442493128,,,0.6333293162833128,1.0949713133329118,-0.977211718079173
1h,fz2.5_react0_body0.25_cl0.7_cs0.3,model_b,stress,next_open,2.5,0.0,0.25,0.7,0.3,90,1.2,2.0,8,8.0,10.0,LTCUSDT,25,39.224986575979955,0.4,-0.4027265679233503,-10.068164198083759,,,0.4046419308873808,0.6842943117704119,-1.1274071543858584
1h,fz2.5_react0_body0.25_cl0.7_cs0.3,model_b,stress,next_open,2.5,0.0,0.25,0.7,0.3,90,1.2,2.0,8,8.0,10.0,SOLUSDT,30,41.02012166588676,0.4666666666666667,-0.11878558867188896,-3.563567660156669,,,0.7850661549596848,0.9297333726016033,-1.0362396797861946
1h,fz2.5_react0_body0.25_cl0.7_cs0.3,model_b,stress,next_open,2.5,0.0,0.25,0.7,0.3,90,1.2,2.0,8,8.0,10.0,XRPUSDT,19,23.052456747404847,0.5263157894736842,0.16454524417670544,3.1263596393574034,,,1.3546293267315948,1.1942211583050781,-0.9795391048548198
1h,fz2.5_react0_body0.5_cl0.6_cs0.4,model_b,stress,next_open,2.5,0.0,0.5,0.6,0.4,90,1.2,2.0,8,8.0,10.0,ADAUSDT,32,37.55683491765966,0.40625,-0.08312282239972815,-2.659930316791301,,,0.8547393447557408,1.2039615122564462,-0.9637594724276369
1h,fz2.5_react0_body0.5_cl0.6_cs0.4,model_b,stress,next_open,2.5,0.0,0.5,0.6,0.4,90,1.2,2.0,8,8.0,10.0,AVAXUSDT,28,33.44433846573102,0.32142857142857145,-0.3288073751449106,-9.206606504057497,,,0.5821642160128091,1.4252693583290528,-1.159685827843104
1h,fz2.5_react0_body0.5_cl0.6_cs0.4,model_b,stress,next_open,2.5,0.0,0.5,0.6,0.4,90,1.2,2.0,8,8.0,10.0,BNBUSDT,50,57.930214115781126,0.3,-0.44905816940574483,-22.45290847028724,,,0.4218254773855566,1.092081884589141,-1.1095467639749816
1h,fz2.5_react0_body0.5_cl0.6_cs0.4,model_b,stress,next_open,2.5,0.0,0.5,0.6,0.4,90,1.2,2.0,8,8.0,10.0,BTCUSDT,22,25.418742586002374,0.18181818181818182,-0.8393715077568383,-18.466173170650443,,,0.16621651412402558,0.9203177400459731,-1.2304135628241297
1h,fz2.5_react0_body0.5_cl0.6_cs0.4,model_b,stress,next_open,2.5,0.0,0.5,0.6,0.4,90,1.2,2.0,8,8.0,10.0,ETHUSDT,16,18.76836611802489,0.25,-0.2073149685105496,-3.3170394961687935,,,0.6664990857412885,1.657269663321842,-0.8288431791213468
1h,fz2.5_react0_body0.5_cl0.6_cs0.4,model_b,stress,next_open,2.5,0.0,0.5,0.6,0.4,90,1.2,2.0,8,8.0,10.0,LINKUSDT,36,39.65020731247644,0.2777777777777778,-0.3649409385688243,-13.137873788477675,,,0.47009522638153983,1.1655021921378965,-0.9535729119175631
1h,fz2.5_react0_body0.5_cl0.6_cs0.4,model_b,stress,next_open,2.5,0.0,0.5,0.6,0.4,90,1.2,2.0,8,8.0,10.0,LTCUSDT,22,34.524167561761544,0.4090909090909091,-0.2539309619452896,-5.586481162796371,,,0.6188211443647703,1.0077021193670888,-1.1273692490077054
1h,fz2.5_react0_body0.5_cl0.6_cs0.4,model_b,stress,next_open,2.5,0.0,0.5,0.6,0.4,90,1.2,2.0,8,8.0,10.0,SOLUSDT,25,34.1834347215723,0.56,0.07682697014395408,1.9206742535988521,,,1.1614123891255026,0.9871320843326947,-1.0817431751871704
1h,fz2.5_react0_body0.5_cl0.6_cs0.4,model_b,stress,next_open,2.5,0.0,0.5,0.6,0.4,90,1.2,2.0,8,8.0,10.0,XRPUSDT,19,23.05883981725045,0.47368421052631576,0.07000896711308033,1.3301703751485263,,,1.1328330965058087,1.260446433739421,-1.0013847528506263
1h,fz2.5_react0_body0.5_cl0.7_cs0.3,model_b,stress,next_open,2.5,0.0,0.5,0.7,0.3,90,1.2,2.0,8,8.0,10.0,ADAUSDT,31,36.3831838264828,0.41935483870967744,-0.03618810276355946,-1.1218311856703431,,,0.9346415798251747,1.2340356557290049,-0.9535719283415227
1h,fz2.5_react0_body0.5_cl0.7_cs0.3,model_b,stress,next_open,2.5,0.0,0.5,0.7,0.3,90,1.2,2.0,8,8.0,10.0,AVAXUSDT,26,31.05545714675024,0.34615384615384615,-0.2657841902542054,-6.910388946609341,,,0.6489897079674728,1.419639064785933,-1.1580670899813374
1h,fz2.5_react0_body0.5_cl0.7_cs0.3,model_b,stress,next_open,2.5,0.0,0.5,0.7,0.3,90,1.2,2.0,8,8.0,10.0,BNBUSDT,45,52.27537768354095,0.3111111111111111,-0.39358953403648766,-17.711529031641945,,,0.47049442750125725,1.12411817265005,-1.0790059177013755
1h,fz2.5_react0_body0.5_cl0.7_cs0.3,model_b,stress,next_open,2.5,0.0,0.5,0.7,0.3,90,1.2,2.0,8,8.0,10.0,BTCUSDT,20,23.107947805456703,0.2,-0.7694138081681172,-15.388276163362345,,,0.19304448796471005,0.9203177400459731,-1.1918466952216398
1h,fz2.5_react0_body0.5_cl0.7_cs0.3,model_b,stress,next_open,2.5,0.0,0.5,0.7,0.3,90,1.2,2.0,8,8.0,10.0,ETHUSDT,15,17.595343235648333,0.2,-0.30617342948829573,-4.592601442324436,,,0.5382518714021558,1.7845055690439084,-0.8288431791213468
1h,fz2.5_react0_body0.5_cl0.7_cs0.3,model_b,stress,next_open,2.5,0.0,0.5,0.7,0.3,90,1.2,2.0,8,8.0,10.0,LINKUSDT,32,35.244628722201284,0.3125,-0.28730907826043944,-9.193890504334062,,,0.5590230168075717,1.1655021921378965,-0.9476778375324103
1h,fz2.5_react0_body0.5_cl0.7_cs0.3,model_b,stress,next_open,2.5,0.0,0.5,0.7,0.3,90,1.2,2.0,8,8.0,10.0,LTCUSDT,22,34.524167561761544,0.36363636363636365,-0.39136331134276753,-8.609992849540886,,,0.4580333537489066,0.9095725557810009,-1.1347552354134924
1h,fz2.5_react0_body0.5_cl0.7_cs0.3,model_b,stress,next_open,2.5,0.0,0.5,0.7,0.3,90,1.2,2.0,8,8.0,10.0,SOLUSDT,24,32.81609733270941,0.5416666666666666,0.08370261163527083,2.0088626792465,,,1.1865524883042669,0.9828625928813159,-0.9789410025646007
1h,fz2.5_react0_body0.5_cl0.7_cs0.3,model_b,stress,next_open,2.5,0.0,0.5,0.7,0.3,90,1.2,2.0,8,8.0,10.0,XRPUSDT,18,21.84521666897411,0.5,0.15994598352853578,2.879027703513644,,,1.3401099865969883,1.260446433739421,-0.9405544666823497
1h,fz2_react0.25_body0.25_cl0.6_cs0.4,model_b,stress,next_open,2.0,0.25,0.25,0.6,0.4,90,1.2,2.0,8,8.0,10.0,ADAUSDT,62,72.74688796680498,0.3870967741935484,-0.14193477395846776,-8.799955985425001,,,0.7716237222750058,1.2388645873110582,-1.014018581076063
1h,fz2_react0.25_body0.25_cl0.6_cs0.4,model_b,stress,next_open,2.0,0.25,0.25,0.6,0.4,90,1.2,2.0,8,8.0,10.0,AVAXUSDT,55,60.56148725034544,0.36363636363636365,-0.2143770550015239,-11.790738025083815,,,0.6296057037859902,1.0021099121016035,-0.9095124647747396
1h,fz2_react0.25_body0.25_cl0.6_cs0.4,model_b,stress,next_open,2.0,0.25,0.25,0.6,0.4,90,1.2,2.0,8,8.0,10.0,BNBUSDT,85,96.75496688741721,0.3411764705882353,-0.40057089150640623,-34.04852577804453,,,0.4664660957251924,1.0264986334112434,-1.1395890383387606
1h,fz2_react0.25_body0.25_cl0.6_cs0.4,model_b,stress,next_open,2.0,0.25,0.25,0.6,0.4,90,1.2,2.0,8,8.0,10.0,BTCUSDT,70,80.89914304548451,0.12857142857142856,-1.0078584274575613,-70.55008992202929,,,0.0792829579032295,0.6750076967330301,-1.256150150698796
1h,fz2_react0.25_body0.25_cl0.6_cs0.4,model_b,stress,next_open,2.0,0.25,0.25,0.6,0.4,90,1.2,2.0,8,8.0,10.0,ETHUSDT,48,53.72420837589377,0.3125,-0.36130292996963903,-17.342540638542673,,,0.4932589655890737,1.1254089794929494,-1.037081070634452
1h,fz2_react0.25_body0.25_cl0.6_cs0.4,model_b,stress,next_open,2.0,0.25,0.25,0.6,0.4,90,1.2,2.0,8,8.0,10.0,LINKUSDT,61,67.1850735016962,0.29508196721311475,-0.3801515265411565,-23.18924311901055,,,0.47607045120995395,1.1706104655970122,-1.029307709296669
1h,fz2_react0.25_body0.25_cl0.6_cs0.4,model_b,stress,next_open,2.0,0.25,0.25,0.6,0.4,90,1.2,2.0,8,8.0,10.0,LTCUSDT,56,63.040452035443685,0.3392857142857143,-0.35235660371406935,-19.731969807987884,,,0.5012386676394339,1.043683053528187,-1.0692418331087417
1h,fz2_react0.25_body0.25_cl0.6_cs0.4,model_b,stress,next_open,2.0,0.25,0.25,0.6,0.4,90,1.2,2.0,8,8.0,10.0,SOLUSDT,57,70.1083204714466,0.38596491228070173,-0.23585651674080294,-13.443821454225768,,,0.6060380596808882,0.9400385989081008,-0.9749905894343996
1h,fz2_react0.25_body0.25_cl0.6_cs0.4,model_b,stress,next_open,2.0,0.25,0.25,0.6,0.4,90,1.2,2.0,8,8.0,10.0,XRPUSDT,47,57.0244982698962,0.48936170212765956,-0.12129389064648562,-5.700812860384824,,,0.7831001485095663,0.8948845298910758,-1.0951315436616487
1h,fz2_react0.25_body0.25_cl0.7_cs0.3,model_b,stress,next_open,2.0,0.25,0.25,0.7,0.3,90,1.2,2.0,8,8.0,10.0,ADAUSDT,56,65.70686655066257,0.375,-0.18366459471587085,-10.285217304088768,,,0.7068225634518308,1.1807937307488694,-1.0023395899947152
1h,fz2_react0.25_body0.25_cl0.7_cs0.3,model_b,stress,next_open,2.0,0.25,0.25,0.7,0.3,90,1.2,2.0,8,8.0,10.0,AVAXUSDT,49,53.93445504771472,0.3469387755102041,-0.2117547714120542,-10.375983799190656,,,0.6386307585029665,1.0786461834862475,-0.897280278701777
1h,fz2_react0.25_body0.25_cl0.7_cs0.3,model_b,stress,next_open,2.0,0.25,0.25,0.7,0.3,90,1.2,2.0,8,8.0,10.0,BNBUSDT,75,85.3720296065446,0.36,-0.35555891421080676,-26.66691856581051,,,0.5048717029056542,1.0070994368438175,-1.122054236679033
1h,fz2_react0.25_body0.25_cl0.7_cs0.3,model_b,stress,next_open,2.0,0.25,0.25,0.7,0.3,90,1.2,2.0,8,8.0,10.0,BTCUSDT,63,72.80922874093606,0.1111111111111111,-1.0371762220592955,-65.34210198973561,,,0.071326747094139,0.716942856556453,-1.256441106886264
1h,fz2_react0.25_body0.25_cl0.7_cs0.3,model_b,stress,next_open,2.0,0.25,0.25,0.7,0.3,90,1.2,2.0,8,8.0,10.0,ETHUSDT,43,48.1279366700715,0.32558139534883723,-0.3326233378452766,-14.302803527346894,,,0.5142440211319558,1.0815441025851864,-1.0153248608117071
1h,fz2_react0.25_body0.25_cl0.7_cs0.3,model_b,stress,next_open,2.0,0.25,0.25,0.7,0.3,90,1.2,2.0,8,8.0,10.0,LINKUSDT,57,62.77949491142103,0.3157894736842105,-0.3262477706479274,-18.596122926931862,,,0.5311954333480204,1.1706104655970122,-1.0171054181455916
1h,fz2_react0.25_body0.25_cl0.7_cs0.3,model_b,stress,next_open,2.0,0.25,0.25,0.7,0.3,90,1.2,2.0,8,8.0,10.0,LTCUSDT,56,63.040452035443685,0.32142857142857145,-0.4407479887650882,-24.68188737084494,,,0.39213675851865365,0.8845808515286504,-1.0685353341673853
1h,fz2_react0.25_body0.25_cl0.7_cs0.3,model_b,stress,next_open,2.0,0.25,0.25,0.7,0.3,90,1.2,2.0,8,8.0,10.0,SOLUSDT,54,66.41840886768627,0.35185185185185186,-0.2937302181697274,-15.861431781165278,,,0.5263176423602407,0.9275760038544164,-0.9567250244114054
1h,fz2_react0.25_body0.25_cl0.7_cs0.3,model_b,stress,next_open,2.0,0.25,0.25,0.7,0.3,90,1.2,2.0,8,8.0,10.0,XRPUSDT,43,52.17134948096886,0.4883720930232558,-0.07712239501908891,-3.316262985820823,,,0.8585230274696497,0.9582875800686219,-1.0654682803300854
1h,fz2_react0.25_body0.5_cl0.6_cs0.4,model_b,stress,next_open,2.0,0.25,0.5,0.6,0.4,90,1.2,2.0,8,8.0,10.0,ADAUSDT,55,64.55081001472755,0.36363636363636365,-0.22292920574705138,-12.261106316087826,,,0.636640920758175,1.0741333381397336,-0.9641078022537857
1h,fz2_react0.25_body0.5_cl0.6_cs0.4,model_b,stress,next_open,2.0,0.25,0.5,0.6,0.4,90,1.2,2.0,8,8.0,10.0,AVAXUSDT,47,51.733048719236564,0.3404255319148936,-0.2194489488906572,-10.314100597860888,,,0.6404764507313698,1.1483841873575702,-0.9254273417929682
1h,fz2_react0.25_body0.5_cl0.6_cs0.4,model_b,stress,next_open,2.0,0.25,0.5,0.6,0.4,90,1.2,2.0,8,8.0,10.0,BNBUSDT,70,79.68056096610829,0.35714285714285715,-0.3883255759752407,-27.18279031826685,,,0.4717889837766188,0.9711680087372139,-1.1435997897043821
1h,fz2_react0.25_body0.5_cl0.6_cs0.4,model_b,stress,next_open,2.0,0.25,0.5,0.6,0.4,90,1.2,2.0,8,8.0,10.0,BTCUSDT,59,68.83071599680596,0.15254237288135594,-0.9694604101235447,-57.19816419728914,,,0.11214842142433491,0.8027722923622783,-1.2884622965709929
1h,fz2_react0.25_body0.5_cl0.6_cs0.4,model_b,stress,next_open,2.0,0.25,0.5,0.6,0.4,90,1.2,2.0,8,8.0,10.0,ETHUSDT,42,47.01468522538629,0.30952380952380953,-0.3498230734555339,-14.692569085132423,,,0.4854751314421388,1.0663874043669108,-0.9846760462724918
1h,fz2_react0.25_body0.5_cl0.6_cs0.4,model_b,stress,next_open,2.0,0.25,0.5,0.6,0.4,90,1.2,2.0,8,8.0,10.0,LINKUSDT,56,61.678100263852244,0.25,-0.4828174808335842,-27.037778926680716,,,0.36465979609951943,1.1084714805275386,-1.0132471346206253
1h,fz2_react0.25_body0.5_cl0.6_cs0.4,model_b,stress,next_open,2.0,0.25,0.5,0.6,0.4,90,1.2,2.0,8,8.0,10.0,LTCUSDT,52,58.62790996784566,0.3269230769230769,-0.37529655722293787,-19.515420975592768,,,0.47420857098123165,1.0353445449567351,-1.0604650925673504
1h,fz2_react0.25_body0.5_cl0.6_cs0.4,model_b,stress,next_open,2.0,0.25,0.5,0.6,0.4,90,1.2,2.0,8,8.0,10.0,SOLUSDT,47,57.80861512557878,0.425531914893617,-0.1469011012468966,-6.90435175860414,,,0.7410018392991808,0.9876783175700012,-0.9873303003705245
1h,fz2_react0.25_body0.5_cl0.6_cs0.4,model_b,stress,next_open,2.0,0.25,0.5,0.6,0.4,90,1.2,2.0,8,8.0,10.0,XRPUSDT,43,52.1857953758826,0.46511627906976744,-0.10479267294034744,-4.50608493643494,,,0.8084750179187598,0.9510657722401967,-1.022930451358212
1h,fz2_react0.25_body0.5_cl0.7_cs0.3,model_b,stress,next_open,2.0,0.25,0.5,0.7,0.3,90,1.2,2.0,8,8.0,10.0,ADAUSDT,50,58.68255455884322,0.38,-0.14990717651530117,-7.495358825765058,,,0.7429024266067228,1.1399154161499334,-0.9404436042778643
1h,fz2_react0.25_body0.5_cl0.7_cs0.3,model_b,stress,next_open,2.0,0.25,0.5,0.7,0.3,90,1.2,2.0,8,8.0,10.0,AVAXUSDT,44,48.430939226519335,0.3409090909090909,-0.20833727660780807,-9.166840170743555,,,0.6639499295864256,1.2074238180052175,-0.940627497959373
1h,fz2_react0.25_body0.5_cl0.7_cs0.3,model_b,stress,next_open,2.0,0.25,0.5,0.7,0.3,90,1.2,2.0,8,8.0,10.0,BNBUSDT,63,71.71250486949747,0.36507936507936506,-0.359562512803115,-22.652438306596245,,,0.4926710573488335,0.9564329530436101,-1.116259905664982
1h,fz2_react0.25_body0.5_cl0.7_cs0.3,model_b,stress,next_open,2.0,0.25,0.5,0.7,0.3,90,1.2,2.0,8,8.0,10.0,BTCUSDT,55,64.16422677668352,0.14545454545454545,-0.9962062336351065,-54.79134284993086,,,0.10315271939524313,0.7877422578675182,-1.299857040699383
1h,fz2_react0.25_body0.5_cl0.7_cs0.3,model_b,stress,next_open,2.0,0.25,0.5,0.7,0.3,90,1.2,2.0,8,8.0,10.0,ETHUSDT,40,44.77589069084408,0.3,-0.42463625307834507,-16.985450123133802,,,0.3818883956226387,0.874511206190395,-0.9814137356220908
1h,fz2_react0.25_body0.5_cl0.7_cs0.3,model_b,stress,next_open,2.0,0.25,0.5,0.7,0.3,90,1.2,2.0,8,8.0,10.0,LINKUSDT,50,55.069732378439504,0.28,-0.40205632068103087,-20.102816034051543,,,0.43565366395492766,1.1084714805275386,-0.989483798928808
1h,fz2_react0.25_body0.5_cl0.7_cs0.3,model_b,stress,next_open,2.0,0.25,0.5,0.7,0.3,90,1.2,2.0,8,8.0,10.0,LTCUSDT,51,57.500450160771706,0.3137254901960784,-0.43514077340522095,-22.19217944366627,,,0.4029092135882773,0.9359373996113679,-1.061919366784233
1h,fz2_react0.25_body0.5_cl0.7_cs0.3,model_b,stress,next_open,2.0,0.25,0.5,0.7,0.3,90,1.2,2.0,8,8.0,10.0,SOLUSDT,46,56.578644590992,0.391304347826087,-0.17079403356564057,-7.856525544019466,,,0.7014331883090965,1.0254224041854796,-0.939790314977075
1h,fz2_react0.25_body0.5_cl0.7_cs0.3,model_b,stress,next_open,2.0,0.25,0.5,0.7,0.3,90,1.2,2.0,8,8.0,10.0,XRPUSDT,40,48.54492593105358,0.475,-0.05923273725117428,-2.3693094900469713,,,0.8889550276607732,0.99827244427148,-1.016023139581195
1h,fz2_react0_body0.25_cl0.6_cs0.4,model_b,stress,next_open,2.0,0.0,0.25,0.6,0.4,90,1.2,2.0,8,8.0,10.0,ADAUSDT,60,70.40021416142417,0.4166666666666667,-0.07442128531967632,-4.465277119180579,,,0.8722872155076821,1.2199261523405225,-0.9989551693626755
1h,fz2_react0_body0.25_cl0.6_cs0.4,model_b,stress,next_open,2.0,0.0,0.25,0.6,0.4,90,1.2,2.0,8,8.0,10.0,AVAXUSDT,57,62.763723150358,0.3333333333333333,-0.22746018294176118,-12.965230427680387,,,0.6061086240474474,1.050027395306709,-0.8662039720659962
1h,fz2_react0_body0.25_cl0.6_cs0.4,model_b,stress,next_open,2.0,0.0,0.25,0.6,0.4,90,1.2,2.0,8,8.0,10.0,BNBUSDT,87,99.03155434359174,0.367816091954023,-0.3919117697554866,-34.09632396872733,,,0.4831398742535521,0.9959956314926967,-1.1994215304817022
1h,fz2_react0_body0.25_cl0.6_cs0.4,model_b,stress,next_open,2.0,0.0,0.25,0.6,0.4,90,1.2,2.0,8,8.0,10.0,BTCUSDT,72,83.21054713249835,0.125,-0.9972954702715745,-71.80527385955337,,,0.0784643724577064,0.6793196997795372,-1.236811923136019
1h,fz2_react0_body0.25_cl0.6_cs0.4,model_b,stress,next_open,2.0,0.0,0.25,0.6,0.4,90,1.2,2.0,8,8.0,10.0,ETHUSDT,52,58.20122574055158,0.28846153846153844,-0.40853028816172504,-21.2435749844097,,,0.44278723262423053,1.1254089794929494,-1.0303975588325391
1h,fz2_react0_body0.25_cl0.6_cs0.4,model_b,stress,next_open,2.0,0.0,0.25,0.6,0.4,90,1.2,2.0,8,8.0,10.0,LINKUSDT,63,69.37914572864321,0.2857142857142857,-0.3727118911963975,-23.480849145373043,,,0.47607223670273446,1.1853394425944028,-0.9959324247127176
1h,fz2_react0_body0.25_cl0.6_cs0.4,model_b,stress,next_open,2.0,0.0,0.25,0.6,0.4,90,1.2,2.0,8,8.0,10.0,LTCUSDT,59,66.4090909090909,0.3389830508474576,-0.3860622065801602,-22.777670188229454,,,0.4489544062392369,0.9278846896387132,-1.059881127718044
1h,fz2_react0_body0.25_cl0.6_cs0.4,model_b,stress,next_open,2.0,0.0,0.25,0.6,0.4,90,1.2,2.0,8,8.0,10.0,SOLUSDT,58,71.33829100603339,0.39655172413793105,-0.2141345500179408,-12.419803901040567,,,0.6351617020550165,0.9400929278160988,-0.9726268925945953
1h,fz2_react0_body0.25_cl0.6_cs0.4,model_b,stress,next_open,2.0,0.0,0.25,0.6,0.4,90,1.2,2.0,8,8.0,10.0,XRPUSDT,48,58.23778546712803,0.4791666666666667,-0.10486745392864816,-5.033637788575112,,,0.8035244064769116,0.8950444183529128,-1.024786376427684
1h,fz2_react0_body0.25_cl0.7_cs0.3,model_b,stress,next_open,2.0,0.0,0.25,0.7,0.3,90,1.2,2.0,8,8.0,10.0,ADAUSDT,55,64.53352964797216,0.38181818181818183,-0.16299962523039122,-8.964979387671518,,,0.7344626228416228,1.1807937307488694,-0.9929896392175815
1h,fz2_react0_body0.25_cl0.7_cs0.3,model_b,stress,next_open,2.0,0.0,0.25,0.7,0.3,90,1.2,2.0,8,8.0,10.0,AVAXUSDT,52,57.23656454043194,0.3076923076923077,-0.2438515066157527,-12.68027834401914,,,0.5899745132113953,1.1403317117538503,-0.8590440481133539
1h,fz2_react0_body0.25_cl0.7_cs0.3,model_b,stress,next_open,2.0,0.0,0.25,0.7,0.3,90,1.2,2.0,8,8.0,10.0,BNBUSDT,78,88.78691079080639,0.38461538461538464,-0.361849983250142,-28.224298693511077,,,0.5089722686437853,0.9751917199760509,-1.1975010477665127
1h,fz2_react0_body0.25_cl0.7_cs0.3,model_b,stress,next_open,2.0,0.0,0.25,0.7,0.3,90,1.2,2.0,8,8.0,10.0,BTCUSDT,67,77.43203691496375,0.11940298507462686,-1.0379487385644384,-69.54256548381737,,,0.06721770074527889,0.6264177825154171,-1.2636255549820459
1h,fz2_react0_body0.25_cl0.7_cs0.3,model_b,stress,next_open,2.0,0.0,0.25,0.7,0.3,90,1.2,2.0,8,8.0,10.0,ETHUSDT,45,50.366445352400405,0.3111111111111111,-0.3717057651516835,-16.72675943182576,,,0.4751298598890375,1.0815441025851864,-1.0280121570328506
1h,fz2_react0_body0.25_cl0.7_cs0.3,model_b,stress,next_open,2.0,0.0,0.25,0.7,0.3,90,1.2,2.0,8,8.0,10.0,LINKUSDT,58,63.872864321608034,0.3103448275862069,-0.3264195028874321,-18.932331167471062,,,0.5294636709311403,1.1835172546671533,-1.0058910437869955
1h,fz2_react0_body0.25_cl0.7_cs0.3,model_b,stress,next_open,2.0,0.0,0.25,0.7,0.3,90,1.2,2.0,8,8.0,10.0,LTCUSDT,58,65.28351309707242,0.3275862068965517,-0.43678803089897045,-25.333705792140286,,,0.38480347719723373,0.8340080401158233,-1.0558938090856649
1h,fz2_react0_body0.25_cl0.7_cs0.3,model_b,stress,next_open,2.0,0.0,0.25,0.7,0.3,90,1.2,2.0,8,8.0,10.0,SOLUSDT,53,65.18843833309948,0.3584905660377358,-0.2729202555159933,-14.464773542347645,,,0.5513103085084332,0.9354230323442501,-0.9481709163790706
1h,fz2_react0_body0.25_cl0.7_cs0.3,model_b,stress,next_open,2.0,0.0,0.25,0.7,0.3,90,1.2,2.0,8,8.0,10.0,XRPUSDT,45,54.59792387543253,0.4666666666666667,-0.09469322851106284,-4.261195282997828,,,0.8252814516435288,0.9584626960030148,-1.0162046624608807
1h,fz2_react0_body0.5_cl0.6_cs0.4,model_b,stress,next_open,2.0,0.0,0.5,0.6,0.4,90,1.2,2.0,8,8.0,10.0,ADAUSDT,55,64.55081001472755,0.36363636363636365,-0.22292920574705138,-12.261106316087826,,,0.636640920758175,1.0741333381397336,-0.9641078022537857
1h,fz2_react0_body0.5_cl0.6_cs0.4,model_b,stress,next_open,2.0,0.0,0.5,0.6,0.4,90,1.2,2.0,8,8.0,10.0,AVAXUSDT,48,52.83375188347564,0.3333333333333333,-0.24057046173705157,-11.547382163378476,,,0.6140778066118692,1.1483841873575702,-0.9350477862843625
1h,fz2_react0_body0.5_cl0.6_cs0.4,model_b,stress,next_open,2.0,0.0,0.5,0.6,0.4,90,1.2,2.0,8,8.0,10.0,BNBUSDT,70,79.68056096610829,0.35714285714285715,-0.3883255759752407,-27.18279031826685,,,0.4717889837766188,0.9711680087372139,-1.1435997897043821
1h,fz2_react0_body0.5_cl0.6_cs0.4,model_b,stress,next_open,2.0,0.0,0.5,0.6,0.4,90,1.2,2.0,8,8.0,10.0,BTCUSDT,61,70.47924080664295,0.14754098360655737,-0.9523739302105158,-58.09480974284146,,,0.11060895799190743,0.8027722923622783,-1.2561492379634995
1h,fz2_react0_body0.5_cl0.6_cs0.4,model_b,stress,next_open,2.0,0.0,0.5,0.6,0.4,90,1.2,2.0,8,8.0,10.0,ETHUSDT,42,47.01468522538629,0.30952380952380953,-0.3498230734555339,-14.692569085132423,,,0.4854751314421388,1.0663874043669108,-0.9846760462724918
1h,fz2_react0_body0.5_cl0.6_cs0.4,model_b,stress,next_open,2.0,0.0,0.5,0.6,0.4,90,1.2,2.0,8,8.0,10.0,LINKUSDT,57,62.77949491142103,0.24561403508771928,-0.48811108794573554,-27.822332012906926,,,0.35805876214930815,1.1084714805275386,-1.0079286683788946
1h,fz2_react0_body0.5_cl0.6_cs0.4,model_b,stress,next_open,2.0,0.0,0.5,0.6,0.4,90,1.2,2.0,8,8.0,10.0,LTCUSDT,53,59.755369774919615,0.33962264150943394,-0.3649089713978701,-19.340175484087116,,,0.4789300974870187,0.9875612642094528,-1.0604650925673504
1h,fz2_react0_body0.5_cl0.6_cs0.4,model_b,stress,next_open,2.0,0.0,0.5,0.6,0.4,90,1.2,2.0,8,8.0,10.0,SOLUSDT,47,57.80861512557878,0.425531914893617,-0.1469011012468966,-6.90435175860414,,,0.7410018392991808,0.9876783175700012,-0.9873303003705245
1h,fz2_react0_body0.5_cl0.6_cs0.4,model_b,stress,next_open,2.0,0.0,0.5,0.6,0.4,90,1.2,2.0,8,8.0,10.0,XRPUSDT,43,52.1857953758826,0.46511627906976744,-0.10479267294034744,-4.50608493643494,,,0.8084750179187598,0.9510657722401967,-1.022930451358212
1h,fz2_react0_body0.5_cl0.7_cs0.3,model_b,stress,next_open,2.0,0.0,0.5,0.7,0.3,90,1.2,2.0,8,8.0,10.0,ADAUSDT,50,58.68255455884322,0.38,-0.14990717651530117,-7.495358825765058,,,0.7429024266067228,1.1399154161499334,-0.9404436042778643
1h,fz2_react0_body0.5_cl0.7_cs0.3,model_b,stress,next_open,2.0,0.0,0.5,0.7,0.3,90,1.2,2.0,8,8.0,10.0,AVAXUSDT,45,49.531642390758414,0.3333333333333333,-0.23111381636135875,-10.400121736261143,,,0.6352303669006887,1.2074238180052175,-0.9503826335446468
1h,fz2_react0_body0.5_cl0.7_cs0.3,model_b,stress,next_open,2.0,0.0,0.5,0.7,0.3,90,1.2,2.0,8,8.0,10.0,BNBUSDT,63,71.71250486949747,0.36507936507936506,-0.359562512803115,-22.652438306596245,,,0.4926710573488335,0.9564329530436101,-1.116259905664982
1h,fz2_react0_body0.5_cl0.7_cs0.3,model_b,stress,next_open,2.0,0.0,0.5,0.7,0.3,90,1.2,2.0,8,8.0,10.0,BTCUSDT,56,64.70225385527877,0.14285714285714285,-0.9907984069933369,-55.48471079162687,,,0.10199514263629354,0.7877422578675182,-1.2872218511368128
1h,fz2_react0_body0.5_cl0.7_cs0.3,model_b,stress,next_open,2.0,0.0,0.5,0.7,0.3,90,1.2,2.0,8,8.0,10.0,ETHUSDT,40,44.77589069084408,0.3,-0.42463625307834507,-16.985450123133802,,,0.3818883956226387,0.874511206190395,-0.9814137356220908
1h,fz2_react0_body0.5_cl0.7_cs0.3,model_b,stress,next_open,2.0,0.0,0.5,0.7,0.3,90,1.2,2.0,8,8.0,10.0,LINKUSDT,50,55.069732378439504,0.28,-0.40205632068103087,-20.102816034051543,,,0.43565366395492766,1.1084714805275386,-0.989483798928808
1h,fz2_react0_body0.5_cl0.7_cs0.3,model_b,stress,next_open,2.0,0.0,0.5,0.7,0.3,90,1.2,2.0,8,8.0,10.0,LTCUSDT,52,58.62790996784566,0.3269230769230769,-0.4234025760030888,-22.016933952160617,,,0.40762427407180646,0.8911908167816199,-1.061919366784233
1h,fz2_react0_body0.5_cl0.7_cs0.3,model_b,stress,next_open,2.0,0.0,0.5,0.7,0.3,90,1.2,2.0,8,8.0,10.0,SOLUSDT,46,56.578644590992,0.391304347826087,-0.16793129174383986,-7.724839420216634,,,0.7049610874722547,1.0254224041854796,-0.9350872391269738
1h,fz2_react0_body0.5_cl0.7_cs0.3,model_b,stress,next_open,2.0,0.0,0.5,0.7,0.3,90,1.2,2.0,8,8.0,10.0,XRPUSDT,41,49.75854907932992,0.4634146341463415,-0.06442181347062342,-2.64129435229556,,,0.8777657902059527,0.99827244427148,-0.9822032178842582
