timeframe,param_id,exit_model,friction_case,entry_mode,funding_z_min,reaction_atr_min,body_min,close_loc_long_min,close_loc_short_max,funding_z_lookback,stop_atr_mult,target_r,max_hold_bars,taker_fee_bps_per_side,slippage_bps_per_side,total_trades,trades_per_year,win_rate,ev_per_trade_r,total_ev_r,max_drawdown_r,max_losing_streak,profit_factor,average_win_r,average_loss_r,best_symbol_ev_share,best_symbol_total_ev_r,best_month_ev_share,best_month_total_ev_r
15m,fz2.5_react0_body0.25_cl0.6_cs0.4,model_a,base,next_close,2.5,0.0,0.25,0.6,0.4,90,1.0,1.5,8,4.0,5.0,1134,1249.0207633108214,0.3527336860670194,-0.45445686186549455,-515.3540813554708,-528.7224054676275,11,0.43767800947811325,1.0028024526248047,-1.2486036272553034,,-94.47505913514064,,-58.42831230719666
15m,fz2.5_react0_body0.5_cl0.6_cs0.4,model_a,base,next_close,2.5,0.0,0.5,0.6,0.4,90,1.0,1.5,8,4.0,5.0,977,1076.1301752842871,0.35209825997952915,-0.4662929236915528,-455.5681864466471,-459.891209858657,14,0.4291355318966632,0.9955347146660142,-1.2607142627041958,,-45.89275777511613,,-2.2806137827750232
15m,fz2.5_react0.25_body0.5_cl0.6_cs0.4,model_a,base,next_close,2.5,0.25,0.5,0.6,0.4,90,1.0,1.5,8,4.0,5.0,969,1067.3184645347742,0.3498452012383901,-0.4689120657750399,-454.3757917360137,-458.6988151480235,13,0.4282032050392709,1.0037456672642144,-1.2613421792675912,,-47.15212856141777,,-74.20011220462658
15m,fz2.5_react0.25_body0.25_cl0.6_cs0.4,model_a,base,next_close,2.5,0.25,0.25,0.6,0.4,90,1.0,1.5,8,4.0,5.0,1091,1201.659305795508,0.3473877176901925,-0.46906163309849125,-511.74624171045394,-523.329995495432,15,0.4284707595898065,1.0122742436483088,-1.2575817135578131,,-46.092251441494106,,-3.9075650475371027
15m,fz2.5_react0_body0.25_cl0.7_cs0.3,model_a,base,next_close,2.5,0.0,0.25,0.7,0.3,90,1.0,1.5,8,4.0,5.0,1056,1163.1092822365322,0.33617424242424243,-0.4853642871377009,-512.5446872174122,-527.2189726627005,14,0.4091574445430501,0.9998205820671725,-1.237490718760711,,-60.48418522814253,,-70.85281832433841
15m,fz2.5_react0.25_body0.25_cl0.7_cs0.3,model_a,base,next_close,2.5,0.25,0.25,0.7,0.3,90,1.0,1.5,8,4.0,5.0,1017,1120.1535416993875,0.336283185840708,-0.4876537708827044,-495.94388498771036,-508.8336001058203,17,0.4111130431320996,1.012361810820818,-1.247661665612489,,-58.04523493538309,,-47.90764563180541
15m,fz2.5_react0_body0.5_cl0.7_cs0.3,model_a,base,next_close,2.5,0.0,0.5,0.7,0.3,90,1.0,1.5,8,4.0,5.0,912,1004.5350254444933,0.3399122807017544,-0.4942536279908948,-450.75930872769607,-455.08233213970607,13,0.4072927498380005,0.9991931545088114,-1.2633042967199795,,-54.966286741644836,,-33.48183781369609
15m,fz2.5_react0.25_body0.5_cl0.7_cs0.3,model_a,base,next_close,2.5,0.25,0.5,0.7,0.3,90,1.0,1.5,8,4.0,5.0,904,995.7233146949802,0.3407079646017699,-0.49492488945007046,-447.4121000628637,-451.7351234748736,12,0.40764342894774963,0.9996644414191002,-1.2672965570804473,,-45.36595667128167,,-2.2806137827750232
15m,fz2_react0_body0.25_cl0.6_cs0.4,model_a,base,next_close,2.0,0.0,0.25,0.6,0.4,90,1.0,1.5,8,4.0,5.0,2166,2385.1712832108537,0.34533702677746997,-0.5038422275339464,-1091.3222648385279,-1107.3602277445273,18,0.4042310507914971,0.989927123346764,-1.2918108272933055,,-114.12954181598452,,-10.09026606869683
15m,fz1.5_react0_body0.5_cl0.7_cs0.3,model_a,base,next_close,1.5,0.0,0.5,0.7,0.3,90,1.0,1.5,8,4.0,5.0,3542,3875.0916692667706,0.3427442123094297,-0.5066401348346392,-1794.5193575842923,-1793.7743325579447,23,0.4009209915420923,0.9892456612645298,-1.286711164243742,,-590.9850931165414,,-247.90996580539334
15m,fz1.5_react0.25_body0.25_cl0.6_cs0.4,model_a,base,next_close,1.5,0.25,0.25,0.6,0.4,90,1.0,1.5,8,4.0,5.0,4265,4665.064104563746,0.3399765533411489,-0.5069299410646889,-2162.0561986408984,-2164.992992376378,21,0.4005934234072792,0.9965091429844335,-1.2813479417294233,,-671.1601031479906,,-168.69418796649808
15m,fz1.5_react0.25_body0.5_cl0.7_cs0.3,model_a,base,next_close,1.5,0.25,0.5,0.7,0.3,90,1.0,1.5,8,4.0,5.0,3518,3848.834695787831,0.3413871517907902,-0.5081281556006091,-1787.5948514029426,-1786.8498263765935,23,0.39994881185328696,0.9920697300282831,-1.2857447549274539,,-578.2723973059846,,-191.83904006268295
15m,fz2_react0.25_body0.25_cl0.6_cs0.4,model_a,base,next_close,2.0,0.25,0.25,0.6,0.4,90,1.0,1.5,8,4.0,5.0,2079,2289.368004522329,0.34054834054834054,-0.5083310537618362,-1056.8202607708574,-1073.729737103517,20,0.40126829267379144,1.0003925739828663,-1.2874531022251838,,-77.9532510493438,,-175.71409872584837
15m,fz1.5_react0_body0.25_cl0.6_cs0.4,model_a,base,next_close,1.5,0.0,0.25,0.6,0.4,90,1.0,1.5,8,4.0,5.0,4442,4858.666999407305,0.33993696533093204,-0.5092699579555874,-2262.1771532387193,-2262.576892357136,22,0.39871681859959757,0.993425180055509,-1.2831682043392012,,-709.5970550611933,,-321.21914085329615
15m,fz1.5_react0.25_body0.25_cl0.7_cs0.3,model_a,base,next_close,1.5,0.25,0.25,0.7,0.3,90,1.0,1.5,8,4.0,5.0,3961,4332.548398165767,0.3382984094925524,-0.5106329925797957,-2022.6172836085705,-2030.6126098364803,21,0.3968353057985407,0.9930778763759804,-1.2794130629349043,,-642.5374804777581,,-271.66821519020044
15m,fz1.5_react0.25_body0.5_cl0.6_cs0.4,model_a,base,next_close,1.5,0.25,0.5,0.6,0.4,90,1.0,1.5,8,4.0,5.0,3764,4116.812626719487,0.3387353878852285,-0.5118554201430412,-1926.623801418407,-1925.6693022374793,20,0.39722086505943816,0.9957735320891901,-1.2841442566621635,,-120.10301413126159,,-13.235748381435085
15m,fz1.5_react0_body0.5_cl0.6_cs0.4,model_a,base,next_close,1.5,0.0,0.5,0.6,0.4,90,1.0,1.5,8,4.0,5.0,3792,4147.437162731215,0.3404535864978903,-0.5120982015423491,-1941.8763802485878,-1940.9218810676605,20,0.3972755795817343,0.9914445252055878,-1.2882172180283893,,-634.3848183864862,,-173.36551189290776
15m,fz1.5_react0_body0.25_cl0.7_cs0.3,model_a,base,next_close,1.5,0.0,0.25,0.7,0.3,90,1.0,1.5,8,4.0,5.0,4124,4510.838069688368,0.3372938894277401,-0.5146665807377654,-2122.4849789625446,-2127.022061797849,23,0.39313980006447174,0.9884981298740431,-1.279724067917065,,-678.0854007504174,,-292.3990597236309
15m,fz2_react0.25_body0.5_cl0.6_cs0.4,model_a,base,next_close,2.0,0.25,0.5,0.6,0.4,90,1.0,1.5,8,4.0,5.0,1837,2022.944254263371,0.34077299945563416,-0.517724070124186,-951.0591168181296,-958.7643127485436,18,0.39592913272016783,0.9957785044540475,-1.3000961689565347,,-71.41106624616026,,-97.34113339429867
15m,fz2_react0_body0.5_cl0.6_cs0.4,model_a,base,next_close,2.0,0.0,0.5,0.6,0.4,90,1.0,1.5,8,4.0,5.0,1851,2038.3613579975504,0.34359805510534847,-0.5188361411361412,-960.3656972429973,-965.5857988872747,19,0.3954189542628979,0.9876031795605241,-1.3073920324637784,,-73.01390150318231,,-174.08665681787056
15m,fz2_react0.25_body0.25_cl0.7_cs0.3,model_a,base,next_close,2.0,0.25,0.25,0.7,0.3,90,1.0,1.5,8,4.0,5.0,1947,2144.011305822499,0.33281972265023113,-0.5214957093219017,-1015.3521460497427,-1033.5675837155343,20,0.38943836189218495,0.9994265930329141,-1.2802005991801932,,-71.30669926188894,,-162.2221871882957
15m,fz2_react0_body0.25_cl0.7_cs0.3,model_a,base,next_close,2.0,0.0,0.25,0.7,0.3,90,1.0,1.5,8,4.0,5.0,2029,2234.3086489542115,0.3336619024149827,-0.5248969068470495,-1065.0158239926634,-1085.015831985634,18,0.38497172947579944,0.98469368084093,-1.280808761776607,,-71.17534822230863,,-96.21977883633933
15m,fz2_react0_body0.5_cl0.7_cs0.3,model_a,base,next_close,2.0,0.0,0.5,0.7,0.3,90,1.0,1.5,8,4.0,5.0,1738,1913.9233064288183,0.33716915995397007,-0.5325384671088215,-925.5518558351317,-930.8397711919627,18,0.3838530330028943,0.9839744043105434,-1.3039590770495748,,-79.32803086005673,,-155.0490465485388
15m,fz2_react0.25_body0.5_cl0.7_cs0.3,model_a,base,next_close,2.0,0.25,0.5,0.7,0.3,90,1.0,1.5,8,4.0,5.0,1726,1900.708646085236,0.33603707995365006,-0.5332131890985078,-920.3259643840245,-925.6138797408554,17,0.3837734746117618,0.9882077298647289,-1.3032167955545961,,-76.39338109412772,,-152.27900578718095
15m,fz2.5_react0_body0.25_cl0.6_cs0.4,model_a,base,next_open,2.5,0.0,0.25,0.6,0.4,90,1.0,1.5,8,4.0,5.0,1242,1367.8462214963251,0.36553945249597425,-0.40957240716099735,-508.6889296939587,-529.5767667302769,23,0.48149451225467704,1.0404816324562043,-1.2450096330318217,,-90.07401010267048,,-64.67724238029571
15m,fz2.5_react0_body0.5_cl0.6_cs0.4,model_a,base,next_open,2.5,0.0,0.5,0.6,0.4,90,1.0,1.5,8,4.0,5.0,1056,1163.0362157238433,0.36553030303030304,-0.4222697524811746,-445.91685862012037,-460.5669511109768,24,0.475622193299318,1.047814480046045,-1.269213802862528,,-50.486068333761324,,-2.2800724162216977
15m,fz2.5_react0.25_body0.5_cl0.6_cs0.4,model_a,base,next_open,2.5,0.25,0.5,0.6,0.4,90,1.0,1.5,8,4.0,5.0,1048,1154.2253353016931,0.36354961832061067,-0.4267092974012332,-447.1913436764924,-460.12786570746687,24,0.47226511491310574,1.050360728183544,-1.270432955194037,,-43.88301679313718,,-71.09256101547808
15m,fz2.5_react0_body0.5_cl0.7_cs0.3,model_a,base,next_open,2.5,0.0,0.5,0.7,0.3,90,1.0,1.5,8,4.0,5.0,970,1068.3192511857274,0.3597938144329897,-0.4328219583762747,-419.83729962498643,-434.4873921158425,22,0.46652025261607927,1.051981635339879,-1.2672767960686058,,-41.00687906827411,,-39.40358696158979
15m,fz2.5_react0.25_body0.25_cl0.6_cs0.4,model_a,base,next_open,2.5,0.25,0.25,0.6,0.4,90,1.0,1.5,8,4.0,5.0,1203,1324.8945285507882,0.3557772236076476,-0.4332551600864643,-521.2059575840166,-535.7962268400948,23,0.4640388694296722,1.0543545284446545,-1.2547996074301015,,-54.783499891570045,,-3.9060270286892567
15m,fz2.5_react0.25_body0.5_cl0.7_cs0.3,model_a,base,next_open,2.5,0.25,0.5,0.7,0.3,90,1.0,1.5,8,4.0,5.0,964,1061.7110908691145,0.35892116182572614,-0.436777497762541,-421.0535078430895,-433.99002987406385,22,0.46292792034050895,1.048919092124701,-1.2685752649162396,,-45.582962971591954,,-2.2800724162216977
15m,fz2.5_react0_body0.25_cl0.7_cs0.3,model_a,base,next_open,2.5,0.0,0.25,0.7,0.3,90,1.0,1.5,8,4.0,5.0,1146,1262.118977322696,0.3507853403141361,-0.44127232405894257,-505.6980833715482,-530.6935569852193,21,0.45290042528904967,1.0413617121142782,-1.2423729726364086,,-46.8971840338186,,-70.02112069391603
15m,fz2.5_react0.25_body0.25_cl0.7_cs0.3,model_a,base,next_open,2.5,0.25,0.25,0.7,0.3,90,1.0,1.5,8,4.0,5.0,1104,1215.8633079967335,0.3451086956521739,-0.453882776622663,-501.08658539142,-517.0429083128412,21,0.44484903701834,1.0538756204379682,-1.248427658061253,,-52.458520626612625,,-54.971070377579444
15m,fz2_react0_body0.25_cl0.6_cs0.4,model_a,base,next_open,2.0,0.0,0.25,0.6,0.4,90,1.0,1.5,8,4.0,5.0,2372,2612.0978612480762,0.33811129848229343,-0.5099886742107873,-1209.6931352279876,-1231.4159028106933,20,0.40468944473780455,1.0253665415295312,-1.294291147474313,,-82.01343994906577,,-14.170616005521364
15m,fz1.5_react0_body0.25_cl0.6_cs0.4,model_a,base,next_open,1.5,0.0,0.25,0.6,0.4,90,1.0,1.5,8,4.0,5.0,4929,5391.0120714931845,0.3337390951511463,-0.5235902689761979,-2580.7764357836795,-2583.3365371901227,34,0.39642534322146433,1.030421465322977,-1.3020157570767286,,-811.8365237964086,,-360.17822154134257
15m,fz2_react0_body0.5_cl0.6_cs0.4,model_a,base,next_open,2.0,0.0,0.5,0.6,0.4,90,1.0,1.5,8,4.0,5.0,1996,2198.107537688442,0.33617234468937873,-0.525799003000044,-1049.4948099880878,-1062.9782062519087,28,0.3965037838063133,1.0276152950135962,-1.3124714512771403,,-85.14072414635069,,-186.75979264865543
15m,fz2_react0_body0.5_cl0.7_cs0.3,model_a,base,next_open,2.0,0.0,0.5,0.7,0.3,90,1.0,1.5,8,4.0,5.0,1857,2044.9686881693415,0.3333333333333333,-0.526136547901327,-977.0355694527642,-992.4858924601111,26,0.3963881330116894,1.0365317284386384,-1.3074706860713097,,-61.36555353933509,,-12.176229178499566
15m,fz2_react0_body0.25_cl0.7_cs0.3,model_a,base,next_open,2.0,0.0,0.25,0.7,0.3,90,1.0,1.5,8,4.0,5.0,2202,2424.8140192198985,0.3265213442325159,-0.5283414624936024,-1163.4079004109124,-1189.1571894836777,25,0.38950300706623847,1.0323581817413905,-1.2850124295906757,,-90.90340291623316,,-94.84243230072875
15m,fz1.5_react0_body0.5_cl0.7_cs0.3,model_a,base,next_open,1.5,0.0,0.5,0.7,0.3,90,1.0,1.5,8,4.0,5.0,3833,4193.457472698908,0.3315940516566658,-0.5287399821468813,-2026.6603515689962,-2027.4406531139266,26,0.3929970089207851,1.0323663365605034,-1.3031998303424652,,-657.1167360171244,,-289.0783514002884
15m,fz2_react0.25_body0.5_cl0.7_cs0.3,model_a,base,next_open,2.0,0.25,0.5,0.7,0.3,90,1.0,1.5,8,4.0,5.0,1845,2031.7540278257593,0.3322493224932249,-0.5291963667543835,-976.3672966618376,-990.1040492093028,37,0.39409486666716664,1.0359740950318845,-1.3079703059386223,,-72.43022980777204,,-170.56941086828064
15m,fz2_react0.25_body0.5_cl0.6_cs0.4,model_a,base,next_open,2.0,0.25,0.5,0.6,0.4,90,1.0,1.5,8,4.0,5.0,1982,2182.6899497487434,0.3340060544904137,-0.5300518479658316,-1050.5627626682783,-1063.0710372019128,46,0.393953346237673,1.0315796109038768,-1.3132336856717006,,-86.31064220468686,,-76.64582980025655
15m,fz1.5_react0_body0.5_cl0.6_cs0.4,model_a,base,next_open,1.5,0.0,0.5,0.6,0.4,90,1.0,1.5,8,4.0,5.0,4116,4501.806793724071,0.33187560738581146,-0.5315632828758508,-2187.9144723170016,-2188.6702240941936,31,0.3917277846198007,1.0314924152271345,-1.3079756769153699,,-691.6632479408098,,-135.77852153494467
15m,fz2_react0.25_body0.25_cl0.6_cs0.4,model_a,base,next_open,2.0,0.25,0.25,0.6,0.4,90,1.0,1.5,8,4.0,5.0,2292,2524.0001256241953,0.3294066317626527,-0.5316951331508176,-1218.645245181674,-1234.0704449841396,20,0.39081458467981134,1.0355035976972444,-1.3015292527281026,,-102.92934308002323,,-200.101124070317
15m,fz1.5_react0_body0.25_cl0.7_cs0.3,model_a,base,next_open,1.5,0.0,0.25,0.7,0.3,90,1.0,1.5,8,4.0,5.0,4540,4965.549767615958,0.32819383259911894,-0.5319010618707369,-2414.8308208931458,-2424.58069442656,29,0.38900939777470994,1.0318724198938949,-1.2958428611590325,,-756.2285000209299,,-330.959279132918
15m,fz1.5_react0.25_body0.5_cl0.7_cs0.3,model_a,base,next_open,1.5,0.25,0.5,0.7,0.3,90,1.0,1.5,8,4.0,5.0,3810,4168.294539781591,0.33018372703412074,-0.5320664181336805,-2027.1730530893226,-2027.9533546342536,28,0.3908904584236807,1.034117411105891,-1.3041115816067923,,-654.7217407069046,,-218.40822038878648
15m,fz1.5_react0.25_body0.5_cl0.6_cs0.4,model_a,base,next_open,1.5,0.25,0.5,0.6,0.4,90,1.0,1.5,8,4.0,5.0,4093,4476.650924857295,0.3298314194967017,-0.5355722772011428,-2192.097330584277,-2192.8530823614697,30,0.38947112312614873,1.0358458193457303,-1.308964340758663,,-157.95568544021026,,-30.16159727282528
15m,fz2_react0.25_body0.25_cl0.7_cs0.3,model_a,base,next_open,2.0,0.25,0.25,0.7,0.3,90,1.0,1.5,8,4.0,5.0,2119,2333.4154889768233,0.32232184992921187,-0.5396110915287452,-1143.435902949411,-1160.1460413299258,25,0.38360621065643347,1.0418819076887245,-1.2918114525771656,,-88.53078829866607,,-182.3080744734439
15m,fz1.5_react0.25_body0.25_cl0.6_cs0.4,model_a,base,next_open,1.5,0.25,0.25,0.6,0.4,90,1.0,1.5,8,4.0,5.0,4753,5198.514987990892,0.32610982537344835,-0.5401775228189976,-2567.4637659586956,-2568.5374492426454,34,0.38577747308061466,1.0403602460950214,-1.305033452202928,,-792.7535022410282,,-155.31563254971255
15m,fz1.5_react0.25_body0.25_cl0.7_cs0.3,model_a,base,next_open,1.5,0.25,0.25,0.7,0.3,90,1.0,1.5,8,4.0,5.0,4370,4779.615084687607,0.32288329519450804,-0.5444514358685568,-2379.2527747455933,-2380.3264580295445,29,0.3817913191432315,1.0413687024468137,-1.3006502243656801,,-741.7105755746875,,-316.70648674388224
15m,fz2.5_react0_body0.25_cl0.6_cs0.4,model_a,stress,next_close,2.5,0.0,0.25,0.6,0.4,90,1.0,1.5,8,8.0,10.0,1166,1284.266499136171,0.2864493996569468,-0.8880813395904615,-1035.5028419624782,-1041.6538142392328,37,0.20388491715056323,0.7939882499435735,-1.5633352373120575,,-178.06322624432678,,-106.0215535340714
15m,fz2.5_react0.25_body0.25_cl0.6_cs0.4,model_a,stress,next_close,2.5,0.25,0.25,0.6,0.4,90,1.0,1.5,8,8.0,10.0,1122,1235.8036123763154,0.2807486631016043,-0.9071582557802571,-1017.8315629854485,-1023.116083278301,35,0.19960660146360218,0.8058176261720981,-1.5757919643490201,,-88.74363299248556,,-6.316796716905499
15m,fz2.5_react0_body0.25_cl0.7_cs0.3,model_a,stress,next_close,2.5,0.0,0.25,0.7,0.3,90,1.0,1.5,8,8.0,10.0,1085,1195.0507303282552,0.271889400921659,-0.9165677502441103,-994.4760090148596,-1000.6269812916139,34,0.19078141431441792,0.7947719109237967,-1.5556123072625059,,-98.7598633483721,,-126.97692962409356
15m,fz2.5_react0_body0.5_cl0.6_cs0.4,model_a,stress,next_close,2.5,0.0,0.5,0.6,0.4,90,1.0,1.5,8,8.0,10.0,1003,1104.7682352202048,0.27916251246261214,-0.9205173291282469,-923.2788811156316,-921.901161104273,31,0.19281488657530305,0.7876663418646933,-1.5820545737728158,,-86.37837889087145,,-6.55796156131265
15m,fz2.5_react0.25_body0.5_cl0.6_cs0.4,model_a,stress,next_close,2.5,0.25,0.5,0.6,0.4,90,1.0,1.5,8,8.0,10.0,996,1097.057988314381,0.27710843373493976,-0.9256795375989608,-921.9768194485649,-920.5990994372062,30,0.1920287527868477,0.7939282858404475,-1.5848625365840674,,-88.81450900610325,,-131.9867943809945
15m,fz2.5_react0.25_body0.25_cl0.7_cs0.3,model_a,stress,next_close,2.5,0.25,0.25,0.7,0.3,90,1.0,1.5,8,8.0,10.0,1044,1149.8921313020262,0.26915708812260536,-0.9285248198614416,-969.379911935345,-974.6644322281974,36,0.18970937159108672,0.8076731866658696,-1.567937191859049,,-99.85568010506472,,-90.92143642975353
15m,fz2.5_react0_body0.5_cl0.7_cs0.3,model_a,stress,next_close,2.5,0.0,0.5,0.7,0.3,90,1.0,1.5,8,8.0,10.0,934,1028.7672300056543,0.26873661670235544,-0.946274671915143,-883.8205435687436,-882.4428235573849,29,0.18391668619383694,0.793554951411341,-1.585655690150791,,-90.3883911322283,,-71.74028151095074
15m,fz2.5_react0.25_body0.5_cl0.7_cs0.3,model_a,stress,next_close,2.5,0.25,0.5,0.7,0.3,90,1.0,1.5,8,8.0,10.0,927,1021.0569830998304,0.2686084142394822,-0.9494806280000266,-880.1685421560247,-878.7908221446659,28,0.18368239739872522,0.7953803785422563,-1.590292413588564,,-81.35280581270531,,-6.55796156131265
15m,fz2_react0_body0.25_cl0.6_cs0.4,model_a,stress,next_close,2.0,0.0,0.25,0.6,0.4,90,1.0,1.5,8,8.0,10.0,2244,2471.063877897117,0.2709447415329768,-1.0009218445032788,-2246.068619065358,-2251.890643649,28,0.17493217279189613,0.7832483322165867,-1.6639875336510042,,-210.54457626756204,,-19.698185717946913
15m,fz2_react0.25_body0.25_cl0.6_cs0.4,model_a,stress,next_close,2.0,0.25,0.25,0.6,0.4,90,1.0,1.5,8,8.0,10.0,2150,2367.552289429056,0.26930232558139533,-1.0102728285523797,-2172.086581387616,-2177.0421539873564,28,0.17403933912798497,0.7904722553720928,-1.6739465418510873,,-153.17663119360193,,-348.34206472832426
15m,fz2_react0_body0.5_cl0.6_cs0.4,model_a,stress,next_close,2.0,0.0,0.5,0.6,0.4,90,1.0,1.5,8,8.0,10.0,1897,2089.017555981282,0.26989984185556143,-1.0160916266097078,-1927.5258156786156,-1926.148095667258,24,0.1713085112227332,0.7782449384698134,-1.6794131582492131,,-137.18884646116567,,-323.4945863124987
15m,fz2_react0_body0.25_cl0.7_cs0.3,model_a,stress,next_close,2.0,0.0,0.25,0.7,0.3,90,1.0,1.5,8,8.0,10.0,2091,2302.582249858677,0.2620755619320899,-1.016917258962841,-2126.3739884913007,-2132.1960130749426,39,0.16790434647044558,0.7829747877155833,-1.6561530603755283,,-145.28362709569214,,-167.86984386015916
15m,fz2_react0.25_body0.25_cl0.7_cs0.3,model_a,stress,next_close,2.0,0.25,0.25,0.7,0.3,90,1.0,1.5,8,8.0,10.0,2006,2208.9813453928773,0.2617148554336989,-1.0186664706909145,-2043.4449402059747,-2048.400512805714,45,0.16906313136753262,0.7919258447841029,-1.6605037195932673,,-143.1125274602153,,-308.59508073461734
15m,fz2_react0.25_body0.5_cl0.6_cs0.4,model_a,stress,next_close,2.0,0.25,0.5,0.6,0.4,90,1.0,1.5,8,8.0,10.0,1886,2076.9041173329983,0.2672322375397667,-1.021948589289254,-1927.395039399533,-1926.0173193881767,34,0.1702081909440908,0.7844251559537138,-1.680712965267876,,-136.8045278907492,,-226.34668960642077
15m,fz1.5_react0_body0.25_cl0.6_cs0.4,model_a,stress,next_close,1.5,0.0,0.25,0.6,0.4,90,1.0,1.5,8,8.0,10.0,4619,5051.954708506192,0.26326044598397924,-1.0243813215664581,-4731.61732431547,-4729.388123294277,39,0.16773350165040135,0.7842119190042639,-1.670649138355761,,-1424.429653382257,,-611.8682721123765
15m,fz1.5_react0.25_body0.5_cl0.7_cs0.3,model_a,stress,next_close,1.5,0.25,0.5,0.7,0.3,90,1.0,1.5,8,8.0,10.0,3619,3959.3327925117005,0.26305609284332687,-1.026417543042238,-3714.6050882698596,-3712.6150508535807,26,0.1667880838700522,0.7810615301677577,-1.6716069235056488,,-1145.951242524083,,-375.6575246336953
15m,fz1.5_react0_body0.5_cl0.7_cs0.3,model_a,stress,next_close,1.5,0.0,0.5,0.7,0.3,90,1.0,1.5,8,8.0,10.0,3643,3985.5897659906395,0.2637935767224815,-1.0264886042383545,-3739.4979852403258,-3737.507947824048,27,0.16666199455990863,0.7782252221315641,-1.6731440804283217,,-1171.0981946092397,,-480.92931954444396
15m,fz2_react0_body0.5_cl0.7_cs0.3,model_a,stress,next_close,2.0,0.0,0.5,0.7,0.3,90,1.0,1.5,8,8.0,10.0,1779,1959.0733959360573,0.26363125351320965,-1.0277908617467817,-1828.4399430475248,-1827.0622230361644,35,0.16597993699006633,0.7758664181201058,-1.6735277046914918,,-137.54612804286165,,-286.8024723715135
15m,fz1.5_react0_body0.25_cl0.7_cs0.3,model_a,stress,next_close,1.5,0.0,0.25,0.7,0.3,90,1.0,1.5,8,8.0,10.0,4270,4670.241741788577,0.25901639344262295,-1.028188264597427,-4390.363889831013,-4388.134688809825,33,0.1653030817442409,0.7861357216189364,-1.6623988615491647,,-1338.6645712023214,,-557.4766864154739
15m,fz1.5_react0.25_body0.25_cl0.7_cs0.3,model_a,stress,next_close,1.5,0.25,0.25,0.7,0.3,90,1.0,1.5,8,8.0,10.0,4097,4481.025858573255,0.2601903832072248,-1.0289311175897367,-4215.530788765151,-4213.301587743966,29,0.1655803147019334,0.7847281342809405,-1.666793460873848,,-1276.657286135501,,-525.1285551416244
15m,fz2_react0.25_body0.5_cl0.7_cs0.3,model_a,stress,next_close,2.0,0.25,0.5,0.7,0.3,90,1.0,1.5,8,8.0,10.0,1769,1948.061178983072,0.26229508196721313,-1.02967468836114,-1821.4945237108568,-1820.1168036994975,44,0.16584313931474187,0.7804762165534052,-1.6732838989974228,,-135.78052957509612,,-282.26116565425474
15m,fz1.5_react0_body0.5_cl0.6_cs0.4,model_a,stress,next_close,1.5,0.0,0.5,0.6,0.4,90,1.0,1.5,8,8.0,10.0,3899,4264.466639633177,0.2634008720184663,-1.0305635385212146,-4018.167236694216,-4015.938035673039,28,0.1660687233600135,0.7791393689767536,-1.6776961589948962,,-1240.8978542492764,,-374.3644164719373
15m,fz1.5_react0.25_body0.25_cl0.6_cs0.4,model_a,stress,next_close,1.5,0.25,0.25,0.6,0.4,90,1.0,1.5,8,8.0,10.0,4434,4849.614024142987,0.2622913847541723,-1.0307903377929302,-4570.524357773852,-4568.295156752662,31,0.16624244137926014,0.7835891918265047,-1.6758907330688098,,-285.2726748601822,,-450.5129351253851
15m,fz1.5_react0.25_body0.5_cl0.6_cs0.4,model_a,stress,next_close,1.5,0.25,0.5,0.6,0.4,90,1.0,1.5,8,8.0,10.0,3875,4238.217037337409,0.26245161290322583,-1.031770507177165,-3998.1107153115145,-3995.8815142903345,26,0.16593540783195268,0.7821197372170172,-1.6772311014909802,,-273.27700162733953,,-39.93931811505929
15m,fz2.5_react0_body0.25_cl0.6_cs0.4,model_a,stress,next_open,2.5,0.0,0.25,0.6,0.4,90,1.0,1.5,8,8.0,10.0,1292,1422.957188177278,0.29411764705882354,-0.8668597067218777,-1119.982741084666,-1124.8310414203231,26,0.22216604767534076,0.8418186179837408,-1.5788090086825521,,-214.20501131968015,,-108.99039547994408
15m,fz2.5_react0_body0.5_cl0.6_cs0.4,model_a,stress,next_open,2.5,0.0,0.5,0.6,0.4,90,1.0,1.5,8,8.0,10.0,1088,1198.3173765548436,0.2931985294117647,-0.8928613498056795,-971.4331485885793,-975.2539197370257,24,0.21724519341972162,0.8451750524016604,-1.613841339798061,,-99.0011571338549,,-6.556878453793465
15m,fz2.5_react0_body0.5_cl0.7_cs0.3,model_a,stress,next_open,2.5,0.0,0.5,0.7,0.3,90,1.0,1.5,8,8.0,10.0,999,1100.2932529212212,0.2912912912912913,-0.8967020479394304,-895.805345891491,-899.6261170399381,22,0.21749051230677166,0.8556011609622649,-1.6169283668524155,,-72.29596316098299,,-64.21331040711569
15m,fz2.5_react0_body0.25_cl0.7_cs0.3,model_a,stress,next_open,2.5,0.0,0.25,0.7,0.3,90,1.0,1.5,8,8.0,10.0,1195,1316.1252630587053,0.2778242677824268,-0.8969930536038264,-1071.9066990565725,-1076.7549993922296,22,0.20842775589540302,0.8501271699956445,-1.569118099067354,,-86.43977523848184,,-137.83074230496453
15m,fz2.5_react0.25_body0.25_cl0.6_cs0.4,model_a,stress,next_open,2.5,0.25,0.25,0.6,0.4,90,1.0,1.5,8,8.0,10.0,1244,1370.091905644376,0.2853697749196141,-0.8994335360045089,-1118.895318789609,-1122.6581244317003,24,0.21244890483864268,0.8502308533998562,-1.5981184159128887,,-98.8058592478701,,-6.313719615505537
15m,fz2.5_react0.25_body0.5_cl0.6_cs0.4,model_a,stress,next_open,2.5,0.25,0.5,0.6,0.4,90,1.0,1.5,8,8.0,10.0,1080,1189.5062193742933,0.2898148148148148,-0.9005334049866525,-972.5760773855847,-976.3968485340315,24,0.2145706420935502,0.8488724050175221,-1.6144369493560222,,-76.48196094792203,,-146.8855806045409
15m,fz2.5_react0.25_body0.5_cl0.7_cs0.3,model_a,stress,next_open,2.5,0.25,0.5,0.7,0.3,90,1.0,1.5,8,8.0,10.0,993,1093.6848850358085,0.2890231621349446,-0.9015726247965298,-895.261616422954,-899.0823875714016,22,0.2153439364610185,0.8560938567913465,-1.6160914353003832,,-91.66075951728557,,-6.556878453793465
15m,fz2.5_react0.25_body0.25_cl0.7_cs0.3,model_a,stress,next_open,2.5,0.25,0.25,0.7,0.3,90,1.0,1.5,8,8.0,10.0,1145,1261.0572604202657,0.2777292576419214,-0.9132818997875305,-1045.7077752567225,-1049.470580898815,21,0.20609013774860055,0.853629135599223,-1.5926987187149642,,-91.59759519447017,,-85.07896172891306
15m,fz2_react0_body0.25_cl0.6_cs0.4,model_a,stress,next_open,2.0,0.0,0.25,0.6,0.4,90,1.0,1.5,8,8.0,10.0,2494,2746.4469080744952,0.2682437850842021,-1.0180886106659874,-2539.1129950009727,-2543.6363055663724,36,0.17621210893489195,0.8118508606211742,-1.6888992990446787,,-182.33018737691071,,-24.60079710395239
15m,fz1.5_react0_body0.25_cl0.6_cs0.4,model_a,stress,next_open,1.5,0.0,0.25,0.6,0.4,90,1.0,1.5,8,8.0,10.0,5156,5639.289559873982,0.26338246702870444,-1.0328300787860736,-5325.271886220996,-5325.229319769908,42,0.1716855899526397,0.8127942907702626,-1.692745269375201,,-1653.763948874275,,-733.7617703701966
15m,fz2_react0_body0.25_cl0.7_cs0.3,model_a,stress,next_open,2.0,0.0,0.25,0.7,0.3,90,1.0,1.5,8,8.0,10.0,2316,2550.3493499152064,0.25647668393782386,-1.0350103719330803,-2397.084021397014,-2401.607331962413,30,0.16961971866651604,0.824320542660632,-1.6763823598939778,,-183.29218677085785,,-160.59041995661312
15m,fz2_react0_body0.5_cl0.7_cs0.3,model_a,stress,next_open,2.0,0.0,0.5,0.7,0.3,90,1.0,1.5,8,8.0,10.0,1938,2134.167645488521,0.26676986584107326,-1.0387788930892128,-2013.1534948068945,-2016.6492761850832,27,0.1748486625165995,0.8251160839456457,-1.7169166152053437,,-142.82627522929408,,-345.07712080049396
15m,fz2_react0.25_body0.25_cl0.6_cs0.4,model_a,stress,next_open,2.0,0.25,0.25,0.6,0.4,90,1.0,1.5,8,8.0,10.0,2394,2636.324738544644,0.26106934001670845,-1.0406154414092088,-2491.233366733646,-2494.671182605481,32,0.17070260223007883,0.8204728862912787,-1.6981508878833778,,-195.99070077134857,,-407.7258503880149
15m,fz1.5_react0_body0.25_cl0.7_cs0.3,model_a,stress,next_open,1.5,0.0,0.25,0.7,0.3,90,1.0,1.5,8,8.0,10.0,4753,5198.514987990892,0.25899431937723544,-1.0406994873765165,-4946.444663500583,-4946.40209704949,37,0.16841010804835482,0.8137557207250034,-1.688863701224606,,-1544.9274964957317,,-673.2096876069428
15m,fz2_react0.25_body0.5_cl0.7_cs0.3,model_a,stress,next_open,2.0,0.25,0.5,0.7,0.3,90,1.0,1.5,8,8.0,10.0,1926,2120.952985144939,0.26479750778816197,-1.041413050604476,-2005.7615354642207,-2009.2573168424094,47,0.17393679701682802,0.8281086364732743,-1.7147577260350217,,-143.6658845925111,,-340.5371368540457
15m,fz2_react0_body0.5_cl0.6_cs0.4,model_a,stress,next_open,2.0,0.0,0.5,0.6,0.4,90,1.0,1.5,8,8.0,10.0,2089,2300.5243718592965,0.26807084729535663,-1.0437510018155294,-2180.395842792641,-2183.8916241708293,29,0.17240728184994794,0.8111221523421753,-1.7231028437568732,,-159.92822770988124,,-380.39999982258627
15m,fz1.5_react0_body0.5_cl0.7_cs0.3,model_a,stress,next_open,1.5,0.0,0.5,0.7,0.3,90,1.0,1.5,8,8.0,10.0,3992,4367.409921996879,0.26302605210420843,-1.0445087965306543,-4169.679115750372,-4169.04998913747,32,0.16985087406727212,0.8125030623630303,-1.7072764552112691,,-1302.840632507158,,-586.9481194450575
15m,fz1.5_react0.25_body0.25_cl0.6_cs0.4,model_a,stress,next_open,1.5,0.25,0.25,0.6,0.4,90,1.0,1.5,8,8.0,10.0,4949,5412.8867400729905,0.2596484138209739,-1.0447815613451816,-5170.623947097304,-5170.581380646208,41,0.1687202285689202,0.8166947583628703,-1.6976191898454127,,-1548.3113061393815,,-409.0654956246752
15m,fz1.5_react0.25_body0.5_cl0.7_cs0.3,model_a,stress,next_open,1.5,0.25,0.5,0.7,0.3,90,1.0,1.5,8,8.0,10.0,3965,4337.870826833073,0.2617906683480454,-1.0453119889561,-4144.662036210936,-4144.032909598034,30,0.16955482493646123,0.8152502792326302,-1.705121908457262,,-1276.382076993393,,-385.02344493238786
15m,fz2_react0.25_body0.25_cl0.7_cs0.3,model_a,stress,next_open,2.0,0.25,0.25,0.7,0.3,90,1.0,1.5,8,8.0,10.0,2219,2443.5342001130584,0.2555205047318612,-1.045522799527982,-2320.0150921525924,-2323.452908024427,29,0.1688801652690005,0.831424369156275,-1.6897292430170705,,-182.01056311824448,,-368.13921540198027
15m,fz1.5_react0_body0.5_cl0.6_cs0.4,model_a,stress,next_open,1.5,0.0,0.5,0.6,0.4,90,1.0,1.5,8,8.0,10.0,4294,4696.491344084345,0.2626921285514672,-1.0461300380508634,-4492.082383390407,-4491.070427859159,34,0.1693028916636268,0.8116341089807474,-1.708024528844185,,-1388.2951159567826,,-378.99641134796553
15m,fz1.5_react0.25_body0.25_cl0.7_cs0.3,model_a,stress,next_open,1.5,0.25,0.25,0.7,0.3,90,1.0,1.5,8,8.0,10.0,4556,4983.049502479803,0.2581211589113257,-1.048488717745974,-4776.914598050658,-4776.87203159957,35,0.1673251242973864,0.8162549926603853,-1.6972871211299618,,-1446.4829026920938,,-640.6096688745257
15m,fz2_react0.25_body0.5_cl0.6_cs0.4,model_a,stress,next_open,2.0,0.25,0.5,0.6,0.4,90,1.0,1.5,8,8.0,10.0,2075,2285.106783919598,0.26506024096385544,-1.0496649505307305,-2178.054772351266,-2181.550553729454,48,0.1710885052303148,0.8173701571554729,-1.7230218746142791,,-160.76783707309826,,-240.02629981780672
15m,fz1.5_react0.25_body0.5_cl0.6_cs0.4,model_a,stress,next_open,1.5,0.25,0.5,0.6,0.4,90,1.0,1.5,8,8.0,10.0,4269,4669.148008359587,0.2607167955024596,-1.0500703310003823,-4482.750243040632,-4481.738287509383,34,0.1683601597849648,0.8153675462069034,-1.7079386318025713,,-327.425709270265,,-50.534079995317164
15m,fz2.5_react0_body0.5_cl0.6_cs0.4,model_b,base,next_close,2.5,0.0,0.5,0.6,0.4,90,1.2,2.0,12,4.0,5.0,798,878.9405371446521,0.34461152882205515,-0.36501296178434806,-291.28034350390976,-311.01318254934347,13,0.5309962697917878,1.1992056267525528,-1.187498835298015,,-38.70316584402724,,-15.834973902101977
15m,fz2.5_react0.25_body0.5_cl0.6_cs0.4,model_b,base,next_close,2.5,0.25,0.5,0.6,0.4,90,1.2,2.0,12,4.0,5.0,794,874.5348201664834,0.3425692695214106,-0.36834123006065994,-292.462936668164,-312.19577571359764,13,0.529214552810433,1.2086781778760833,-1.190083143774825,,-30.747903638634373,,-9.849608408849212
15m,fz2.5_react0.25_body0.25_cl0.6_cs0.4,model_b,base,next_close,2.5,0.25,0.25,0.6,0.4,90,1.2,2.0,12,4.0,5.0,880,969.2272898605353,0.33181818181818185,-0.3843984195494404,-338.27060920350755,-361.5103817393416,16,0.5118336302415812,1.214625445244984,-1.1784714952636786,,-39.348046551223604,,6.259899278366522
15m,fz2.5_react0_body0.25_cl0.6_cs0.4,model_b,base,next_close,2.5,0.0,0.25,0.6,0.4,90,1.2,2.0,12,4.0,5.0,903,994.5593667546174,0.33111849390919157,-0.38608715896990325,-348.63670454982264,-371.6710791836411,16,0.5049848380582369,1.1894926341532628,-1.166051328082199,,-50.926640417718566,,0.30224354541230203
15m,fz2.5_react0_body0.5_cl0.7_cs0.3,model_b,base,next_close,2.5,0.0,0.5,0.7,0.3,90,1.2,2.0,12,4.0,5.0,752,828.2747918957123,0.32180851063829785,-0.4059074751172529,-305.24242128817417,-324.95343775833624,17,0.4928213986687255,1.2256265469158931,-1.180086364003569,,-36.189201612053665,,-4.481520335645748
15m,fz2.5_react0.25_body0.25_cl0.7_cs0.3,model_b,base,next_close,2.5,0.25,0.25,0.7,0.3,90,1.2,2.0,12,4.0,5.0,830,914.1575574820957,0.3180722891566265,-0.4061290752309584,-337.0871324416955,-361.1092661020283,18,0.4928217513382563,1.2407020384714027,-1.1742623155444272,,-38.5283487095367,,5.742502865798537
15m,fz2.5_react0.25_body0.5_cl0.7_cs0.3,model_b,base,next_close,2.5,0.25,0.5,0.7,0.3,90,1.2,2.0,12,4.0,5.0,749,824.9705041620858,0.3204272363150868,-0.4070833953438234,-304.9054631125237,-324.6164795826859,17,0.49248901133560113,1.2328352934968685,-1.180325999119395,,-37.95677286350142,,-15.09939454502047
15m,fz2.5_react0_body0.25_cl0.7_cs0.3,model_b,base,next_close,2.5,0.0,0.25,0.7,0.3,90,1.2,2.0,12,4.0,5.0,851,937.2868450810403,0.31492361927144535,-0.4135337098138143,-351.91718705155597,-374.36933704461086,18,0.4816499612735129,1.2201523984059035,-1.1645249225117293,,-41.5393071091204,,-0.026609815635905143
15m,fz1.5_react0.25_body0.25_cl0.6_cs0.4,model_b,base,next_close,1.5,0.25,0.25,0.6,0.4,90,1.2,2.0,12,4.0,5.0,3463,3787.8351686059204,0.3234190008663009,-0.4215515193324743,-1459.8329114483586,-1482.881874171843,29,0.4845663491429065,1.2253653914990323,-1.2088101365459987,,-452.061897458861,,-83.03746040997068
15m,fz1.5_react0.25_body0.25_cl0.7_cs0.3,model_b,base,next_close,1.5,0.25,0.25,0.7,0.3,90,1.2,2.0,12,4.0,5.0,3242,3546.1050004679164,0.3192473781616286,-0.42699539323577745,-1384.3190648703905,-1411.810313403397,31,0.47960682001547134,1.232677883813633,-1.2053197438230634,,-428.472453109427,,-185.49047203335076
15m,fz1.5_react0_body0.25_cl0.6_cs0.4,model_b,base,next_close,1.5,0.0,0.25,0.6,0.4,90,1.2,2.0,12,4.0,5.0,3568,3902.6843435131173,0.3217488789237668,-0.4297597691161125,-1533.3828562062895,-1560.4982072573382,29,0.47510753397389033,1.2090111144276177,-1.2071601717228078,,-464.83295745110587,,-217.80965715704022
15m,fz1.5_react0_body0.5_cl0.6_cs0.4,model_b,base,next_close,1.5,0.0,0.5,0.6,0.4,90,1.2,2.0,12,4.0,5.0,3117,3409.1670981627626,0.31857555341674687,-0.4298161529416296,-1339.7369487190595,-1352.7203934305498,22,0.47665206825141987,1.2288001511625994,-1.2052427018943128,,-430.09831382717726,,-93.23697760364483
15m,fz1.5_react0.25_body0.5_cl0.6_cs0.4,model_b,base,next_close,1.5,0.25,0.5,0.6,0.4,90,1.2,2.0,12,4.0,5.0,3097,3387.2924295829566,0.3183726186632225,-0.43036758196998154,-1332.8484013610328,-1345.8318460725236,22,0.4767803935369947,1.2317943803287168,-1.2067255615183077,,-102.93007300798652,,-11.845027597443694
15m,fz1.5_react0_body0.25_cl0.7_cs0.3,model_b,base,next_close,1.5,0.0,0.25,0.7,0.3,90,1.2,2.0,12,4.0,5.0,3341,3654.391365380416,0.31816821310984733,-0.43432602882961047,-1451.0832623197286,-1479.3683925842688,31,0.4712978900501774,1.2168681386144933,-1.2048349840504542,,-445.67224260310184,,-195.49779291747325
15m,fz1.5_react0.25_body0.5_cl0.7_cs0.3,model_b,base,next_close,1.5,0.25,0.5,0.7,0.3,90,1.2,2.0,12,4.0,5.0,2929,3204.4448049921994,0.3137589621031069,-0.43645842763004233,-1278.386734528394,-1294.7016068834023,25,0.4710417502521024,1.2387530911313773,-1.2023884702876269,,-407.14943013520735,,-144.2721148432647
15m,fz1.5_react0_body0.5_cl0.7_cs0.3,model_b,base,next_close,1.5,0.0,0.5,0.7,0.3,90,1.2,2.0,12,4.0,5.0,2944,3220.8554134165365,0.3138586956521739,-0.4368685073119574,-1286.1408855264026,-1302.4557578814104,25,0.47011702445162135,1.234930694923568,-1.2015924988295936,,-411.71210290082644,,-176.85376593354394
15m,fz2_react0.25_body0.25_cl0.6_cs0.4,model_b,base,next_close,2.0,0.25,0.25,0.6,0.4,90,1.2,2.0,12,4.0,5.0,1674,1843.097811410808,0.3183990442054958,-0.4458437476527592,-746.3424335707189,-774.7900286767028,18,0.45802113769175695,1.1833524042045687,-1.2068968142083734,,-80.1776014067912,,-28.725444929190726
15m,fz2_react0_body0.25_cl0.6_cs0.4,model_b,base,next_close,2.0,0.0,0.25,0.6,0.4,90,1.2,2.0,12,4.0,5.0,1726,1900.4699010833724,0.31575898030127464,-0.45260991090757974,-781.2047062264826,-809.4469034304512,23,0.4481291983045641,1.1639495944165117,-1.1986090052358014,,-78.43469563543421,,-70.1880356689374
15m,fz2_react0.25_body0.25_cl0.7_cs0.3,model_b,base,next_close,2.0,0.25,0.25,0.7,0.3,90,1.2,2.0,12,4.0,5.0,1576,1735.1984174333534,0.3102791878172589,-0.4530872761697783,-714.0655472435706,-744.3348038748369,21,0.4525470397529267,1.207108033443542,-1.1999460677069573,,-77.90210068625194,,-65.10803838218335
15m,fz2_react0_body0.5_cl0.6_cs0.4,model_b,base,next_close,2.0,0.0,0.5,0.6,0.4,90,1.2,2.0,12,4.0,5.0,1508,1660.3815863844752,0.3156498673740053,-0.45570438661710216,-687.2022150185901,-710.9416633965445,16,0.4520915983892841,1.1912312399524814,-1.2153374856937706,,-57.03989871600318,,-37.356984015775616
15m,fz2_react0_body0.25_cl0.7_cs0.3,model_b,base,next_close,2.0,0.0,0.25,0.7,0.3,90,1.2,2.0,12,4.0,5.0,1627,1791.4063932676004,0.30854333128457284,-0.45817972281812513,-745.4584090250896,-774.9423575124567,22,0.4442984128961224,1.18727910769593,-1.1924200187452858,,-76.69515078276618,,-7.935368574260475
15m,fz2_react0.25_body0.5_cl0.6_cs0.4,model_b,base,next_close,2.0,0.25,0.5,0.6,0.4,90,1.2,2.0,12,4.0,5.0,1500,1651.5731960057778,0.31466666666666665,-0.4582414826119081,-687.3622239178621,-711.0820092545498,16,0.451070921757216,1.19666408237216,-1.2180813918263829,,-56.008095982585516,,-37.414793606553836
15m,fz2_react0_body0.5_cl0.7_cs0.3,model_b,base,next_close,2.0,0.0,0.5,0.7,0.3,90,1.2,2.0,12,4.0,5.0,1423,1566.7924386108145,0.3021784961349262,-0.47090905340228506,-670.1035829914516,-693.8814951218009,20,0.4386099957566487,1.2175514823496714,-1.2020651766382782,,-57.5109128029647,,-56.746639166863545
15m,fz2_react0.25_body0.5_cl0.7_cs0.3,model_b,base,next_close,2.0,0.25,0.5,0.7,0.3,90,1.2,2.0,12,4.0,5.0,1417,1560.1861458267915,0.3020465772759351,-0.47195363419954356,-668.7582996607532,-692.5362117911025,20,0.43850917461631855,1.2202854575969864,-1.2042876395472835,,-55.46296356384382,,-41.110435329111304
15m,fz2.5_react0_body0.25_cl0.6_cs0.4,model_b,base,next_open,2.5,0.0,0.25,0.6,0.4,90,1.2,2.0,12,4.0,5.0,984,1083.6702157731086,0.34247967479674796,-0.34516939410837433,-339.6466838026403,-362.61754963517035,22,0.5580713773004922,1.2727265261785001,-1.1878756153397139,,-44.783136023089796,,-4.522735258812137
15m,fz2.5_react0.25_body0.25_cl0.6_cs0.4,model_b,base,next_open,2.5,0.25,0.25,0.6,0.4,90,1.2,2.0,12,4.0,5.0,959,1056.1379440309056,0.3347236704900938,-0.36636901481672546,-351.34788520923973,-370.7500800508533,22,0.5405829302622669,1.2879159213469178,-1.1986973290934175,,-40.07836648773834,,-2.0671782313927034
15m,fz2.5_react0_body0.25_cl0.7_cs0.3,model_b,base,next_open,2.5,0.0,0.25,0.7,0.3,90,1.2,2.0,12,4.0,5.0,929,1023.099217940262,0.3218514531754575,-0.38243432702519564,-355.28148980640674,-378.1049591811425,20,0.5235642499244099,1.3057710488910805,-1.183661957817206,,-27.024573654528638,,-24.536001887326613
15m,fz2.5_react0.25_body0.5_cl0.6_cs0.4,model_b,base,next_open,2.5,0.25,0.5,0.6,0.4,90,1.2,2.0,12,4.0,5.0,860,947.1398957220931,0.32558139534883723,-0.38687848678391845,-332.7154986341699,-354.738532368639,24,0.5210159333893254,1.2925428165716777,-1.197633598748689,,-25.78781697477564,,-12.828083554751654
15m,fz2.5_react0_body0.5_cl0.6_cs0.4,model_b,base,next_open,2.5,0.0,0.5,0.6,0.4,90,1.2,2.0,12,4.0,5.0,864,951.545197562661,0.3263888888888889,-0.3887710238594238,-335.89816461454217,-357.9211983490114,24,0.517441850272963,1.2772338473226637,-1.1960104975249715,,-41.195140186457685,,-12.828083554751654
15m,fz2.5_react0.25_body0.25_cl0.7_cs0.3,model_b,base,next_open,2.5,0.25,0.25,0.7,0.3,90,1.2,2.0,12,4.0,5.0,903,994.4656553283709,0.3178294573643411,-0.3916140357379088,-353.62747427133166,-374.77447200552774,20,0.5188449648520679,1.3286686073087548,-1.1931093580664678,,-29.704332990316047,,-4.481069196851385
15m,fz2.5_react0.25_body0.5_cl0.7_cs0.3,model_b,base,next_open,2.5,0.25,0.5,0.7,0.3,90,1.2,2.0,12,4.0,5.0,808,889.8709717947107,0.31435643564356436,-0.40871319946388734,-330.24026516682096,-352.26329890129017,24,0.5031353417413188,1.3165671829497343,-1.19972622677988,,-36.299123666412896,,-21.815109696400878
15m,fz2.5_react0_body0.5_cl0.7_cs0.3,model_b,base,next_open,2.5,0.0,0.5,0.7,0.3,90,1.2,2.0,12,4.0,5.0,811,893.1749481751366,0.31319358816276205,-0.4114477126404349,-333.6840949513927,-355.70712868586185,24,0.5000761510811174,1.3141171340642432,-1.1983300664339507,,-25.680563409756026,,-4.481069196851385
15m,fz2_react0_body0.25_cl0.6_cs0.4,model_b,base,next_open,2.0,0.0,0.25,0.6,0.4,90,1.2,2.0,12,4.0,5.0,1889,2079.9464908148843,0.31498147167813656,-0.44050377950130637,-832.1116394779677,-859.3365377662316,29,0.47223386279209145,1.2513541433135407,-1.2184446327276077,,-62.741318216186656,,-37.77152882746357
15m,fz1.5_react0_body0.25_cl0.6_cs0.4,model_b,base,next_open,1.5,0.0,0.25,0.6,0.4,90,1.2,2.0,12,4.0,5.0,3875,4238.217037337409,0.31793548387096776,-0.44200370369090974,-1712.7643518022753,-1733.3503289574255,30,0.4746833161009644,1.256231505501235,-1.2336139109269,,-554.7166486248767,,-76.81218891601307
15m,fz1.5_react0_body0.25_cl0.7_cs0.3,model_b,base,next_open,1.5,0.0,0.25,0.7,0.3,90,1.2,2.0,12,4.0,5.0,3639,3980.095948095699,0.3135476779334982,-0.4431888833678874,-1612.7643465757424,-1632.4293305911322,25,0.4733314719428116,1.270320434155915,-1.2258606733177106,,-525.9894439342102,,-143.07400720932984
15m,fz2_react0_body0.25_cl0.7_cs0.3,model_b,base,next_open,2.0,0.0,0.25,0.7,0.3,90,1.2,2.0,12,4.0,5.0,1777,1956.563712868178,0.3061339335959482,-0.448517957649174,-797.0164107425823,-823.4329912897002,23,0.46629552159578636,1.2800553861990691,-1.21116507772496,,-54.56558222068943,,-10.515929763814816
15m,fz1.5_react0.25_body0.25_cl0.7_cs0.3,model_b,base,next_open,1.5,0.25,0.25,0.7,0.3,90,1.2,2.0,12,4.0,5.0,3532,3863.0664711937366,0.3122876557191393,-0.4485931309951974,-1584.4309386750372,-1598.7959583305676,25,0.4705028107936857,1.2764281249817209,-1.2319189627541685,,-512.8842092918342,,-60.59559060188107
15m,fz1.5_react0.25_body0.25_cl0.6_cs0.4,model_b,base,next_open,1.5,0.25,0.25,0.6,0.4,90,1.2,2.0,12,4.0,5.0,3764,4116.812626719487,0.3150903294367694,-0.4486600945431331,-1688.756595860353,-1704.183455927396,30,0.4698350866822682,1.2618764432968512,-1.2355865235106356,,-544.840533564166,,-62.79517772433198
15m,fz2_react0.25_body0.25_cl0.7_cs0.3,model_b,base,next_open,2.0,0.25,0.25,0.7,0.3,90,1.2,2.0,12,4.0,5.0,1720,1893.8039314199586,0.30348837209302326,-0.4538401725592233,-780.6050968018641,-805.3452057084423,23,0.46529900484,1.3013137266677879,-1.2186067296514602,,-56.36855269268282,,-46.05885048223823
15m,fz2_react0.25_body0.25_cl0.6_cs0.4,model_b,base,next_open,2.0,0.25,0.25,0.6,0.4,90,1.2,2.0,12,4.0,5.0,1830,2014.9825718323127,0.3087431693989071,-0.4569954990053959,-836.3017631798745,-858.7622859552023,28,0.460146401099125,1.2616375121337584,-1.224606290541856,,-67.0869339828686,,-36.57966663780272
15m,fz1.5_react0_body0.5_cl0.7_cs0.3,model_b,base,next_open,1.5,0.0,0.5,0.7,0.3,90,1.2,2.0,12,4.0,5.0,3177,3475.7668642745707,0.30815234497954047,-0.45940713517932835,-1459.536468464726,-1481.2357649294995,26,0.4607117924822227,1.2736223276336391,-1.2313069732566235,,-480.2372098457561,,-59.035861229566315
15m,fz1.5_react0.25_body0.5_cl0.7_cs0.3,model_b,base,next_open,1.5,0.25,0.5,0.7,0.3,90,1.2,2.0,12,4.0,5.0,3165,3462.6383775351014,0.3083728278041074,-0.46011430878006515,-1456.2617872889061,-1477.961083753679,26,0.4603387165311013,1.2727581204617955,-1.2327426737595333,,-477.8657246723907,,-18.13318855432962
15m,fz1.5_react0_body0.5_cl0.6_cs0.4,model_b,base,next_open,1.5,0.0,0.5,0.6,0.4,90,1.2,2.0,12,4.0,5.0,3365,3680.4129885523566,0.30787518573551265,-0.46510185684118965,-1565.0677482706033,-1588.7421320944745,27,0.4558167983759081,1.2653730524597342,-1.2348622716268305,,-510.92822026661185,,-65.82461192680782
15m,fz1.5_react0.25_body0.5_cl0.6_cs0.4,model_b,base,next_open,1.5,0.25,0.5,0.6,0.4,90,1.2,2.0,12,4.0,5.0,3351,3665.1007205464925,0.3079677708146822,-0.4651716393222535,-1558.7901633688716,-1582.4645471927422,27,0.45621820006966757,1.2672313200017684,-1.2361245733551947,,-120.17591961612081,,-144.22987471552293
15m,fz2_react0_body0.5_cl0.6_cs0.4,model_b,base,next_open,2.0,0.0,0.5,0.6,0.4,90,1.2,2.0,12,4.0,5.0,1633,1798.1256123602564,0.30434782608695654,-0.4773431696663342,-779.5013960651238,-806.4825308867639,35,0.44308675838059514,1.247848139442385,-1.232114367401399,,-69.4402737350108,,-23.73833177536026
15m,fz2_react0_body0.5_cl0.7_cs0.3,model_b,base,next_open,2.0,0.0,0.5,0.7,0.3,90,1.2,2.0,12,4.0,5.0,1537,1692.3651436646255,0.2986337020169161,-0.47967931466898944,-737.2671066462368,-763.0227200776428,33,0.44267194957561284,1.2758019869443318,-1.2271430599755893,,-56.043648281440014,,-34.515948100033164
15m,fz2_react0.25_body0.5_cl0.6_cs0.4,model_b,base,next_open,2.0,0.25,0.5,0.6,0.4,90,1.2,2.0,12,4.0,5.0,1627,1791.5189046602186,0.30239704978488013,-0.48119780102407206,-782.9088222661652,-806.8718081746323,35,0.4413065128542015,1.2569349792285205,-1.23464390488687,,-69.61362556235085,,-72.67335002382698
15m,fz2_react0.25_body0.5_cl0.7_cs0.3,model_b,base,next_open,2.0,0.25,0.5,0.7,0.3,90,1.2,2.0,12,4.0,5.0,1533,1687.9608101742815,0.2987606001304631,-0.48140449722010753,-737.9930942384249,-763.7487076698308,33,0.44217059980144674,1.2772481513101739,-1.2306723232916135,,-66.04526368789318,,-34.53625118910742
15m,fz2.5_react0_body0.5_cl0.6_cs0.4,model_b,stress,next_close,2.5,0.0,0.5,0.6,0.4,90,1.2,2.0,12,8.0,10.0,825,908.7076710435383,0.27151515151515154,-0.763358257627751,-629.7705625428946,-637.7307994014305,21,0.27753944325435276,1.0800526067908103,-1.450419877643987,,-69.02084544364868,,-17.96103314008876
15m,fz2.5_react0.25_body0.5_cl0.6_cs0.4,model_b,stress,next_close,2.5,0.25,0.5,0.6,0.4,90,1.2,2.0,12,8.0,10.0,821,904.3018156687818,0.27040194884287455,-0.7676367552438625,-630.2297760552111,-638.190012913747,21,0.2769564722002401,1.0874092409614702,-1.4551496286288106,,-61.19207301716001,,-17.96103314008876
15m,fz2.5_react0.25_body0.25_cl0.6_cs0.4,model_b,stress,next_close,2.5,0.25,0.25,0.6,0.4,90,1.2,2.0,12,8.0,10.0,912,1004.5034710224596,0.2675438596491228,-0.7719239497310121,-703.994642154683,-715.411411079592,22,0.27132628015498533,1.0743314306772282,-1.4463046575448004,,-67.7918880146593,,-18.8049964829995
15m,fz2.5_react0_body0.25_cl0.6_cs0.4,model_b,stress,next_close,2.5,0.0,0.25,0.6,0.4,90,1.2,2.0,12,8.0,10.0,940,1035.3434898696403,0.26595744680851063,-0.7743615620868801,-727.8998683616674,-734.448741565305,22,0.2648029882531497,1.0486988233712422,-1.4348906872528666,,-130.10881680033083,,-5.0144470640878875
15m,fz2.5_react0.25_body0.25_cl0.7_cs0.3,model_b,stress,next_close,2.5,0.25,0.25,0.7,0.3,90,1.2,2.0,12,8.0,10.0,855,941.7220040835559,0.2631578947368421,-0.7842378190748244,-670.5233353089749,-681.9354738354701,32,0.26570340510999474,1.0783431511167991,-1.4494453084289758,,-68.07976110740513,,-5.964068367760541
15m,fz2.5_react0_body0.25_cl0.7_cs0.3,model_b,stress,next_close,2.5,0.0,0.25,0.7,0.3,90,1.2,2.0,12,8.0,10.0,878,967.0548767080259,0.25854214123006836,-0.7884540286355521,-692.2626371420148,-701.1975669130043,32,0.2595994196957976,1.0692567538618778,-1.4362272200747483,,-67.40351651931562,,-25.11510991052394
15m,fz2.5_react0_body0.5_cl0.7_cs0.3,model_b,stress,next_close,2.5,0.0,0.5,0.7,0.3,90,1.2,2.0,12,8.0,10.0,774,852.5330150153924,0.25839793281653745,-0.7962767897656794,-616.3182352786358,-623.3006081589622,23,0.259306571604701,1.0788226443010307,-1.4496215403115713,,-64.5578349209105,,-5.964068367760541
15m,fz2.5_react0.25_body0.5_cl0.7_cs0.3,model_b,stress,next_close,2.5,0.25,0.5,0.7,0.3,90,1.2,2.0,12,8.0,10.0,771,849.2286234843249,0.25810635538262,-0.7982794504157879,-615.4734562705725,-622.4558291508988,23,0.25929342080999646,1.0826835702825246,-1.4526704313929981,,-68.25229214042113,,-21.745003413997203
15m,fz1.5_react0.25_body0.25_cl0.7_cs0.3,model_b,stress,next_close,1.5,0.25,0.25,0.7,0.3,90,1.2,2.0,12,8.0,10.0,3369,3685.017812022335,0.25170673790442266,-0.8628365517947956,-2906.896342996666,-2907.232459555608,39,0.24187127093653776,1.09364160991425,-1.5209458263403213,,-899.6631746499991,,-140.91736292478
15m,fz1.5_react0.25_body0.5_cl0.7_cs0.3,model_b,stress,next_close,1.5,0.25,0.5,0.7,0.3,90,1.2,2.0,12,8.0,10.0,3037,3322.6011856474256,0.25123477115574583,-0.863735015814623,-2623.16324302901,-2622.089862315441,35,0.23961621923117565,1.0833883145371128,-1.5170573997453065,,-837.7528972824118,,-24.048497765974286
15m,fz1.5_react0_body0.5_cl0.7_cs0.3,model_b,stress,next_close,1.5,0.0,0.5,0.7,0.3,90,1.2,2.0,12,8.0,10.0,3054,3341.1998751950077,0.2508185985592665,-0.8644135254271422,-2639.9189066544923,-2638.845525940921,35,0.23890691105678827,1.0818143836981324,-1.5159915754227542,,-853.0488557678087,,-127.06800645142948
15m,fz1.5_react0.25_body0.25_cl0.6_cs0.4,model_b,stress,next_close,1.5,0.25,0.25,0.6,0.4,90,1.2,2.0,12,8.0,10.0,3611,3949.7178151417784,0.2514538908889504,-0.8679358329509725,-3134.116292785962,-3134.452409344903,40,0.24080177639481884,1.0947974110853227,-1.5272631676105937,,-195.43982703282464,,-35.82754916520109
15m,fz1.5_react0_body0.25_cl0.7_cs0.3,model_b,stress,next_close,1.5,0.0,0.25,0.7,0.3,90,1.2,2.0,12,8.0,10.0,3480,3806.4297969242284,0.2508620689655172,-0.8685429170631641,-3022.529351379811,-3022.8654679387473,39,0.23833643574890173,1.0833868074453255,-1.5221810641655464,,-936.538360004617,,-135.76438340153965
15m,fz1.5_react0_body0.5_cl0.6_cs0.4,model_b,stress,next_close,1.5,0.0,0.5,0.6,0.4,90,1.2,2.0,12,8.0,10.0,3245,3549.1649770735207,0.2517719568567026,-0.8691320219150876,-2820.3334111144595,-2818.7827335634515,38,0.23910583394593968,1.0847866055758215,-1.5266079356960074,,-899.3184794901526,,-197.66072027474598
15m,fz1.5_react0.25_body0.5_cl0.6_cs0.4,model_b,stress,next_close,1.5,0.25,0.5,0.6,0.4,90,1.2,2.0,12,8.0,10.0,3223,3525.1028416357344,0.2519391870927707,-0.8704394211851921,-2805.4262544798744,-2803.875576928865,38,0.2392977687627145,1.086842935728976,-1.5296319860189973,,-198.05520320063385,,-127.30201854018402
15m,fz1.5_react0_body0.25_cl0.6_cs0.4,model_b,stress,next_close,1.5,0.0,0.25,0.6,0.4,90,1.2,2.0,12,8.0,10.0,3733,4083.161618367283,0.25020091079560675,-0.873187699820988,-3259.609683431748,-3259.9457999906876,40,0.2365676088101293,1.08144246939784,-1.5254294211680353,,-991.1015786686874,,-136.69856002288668
15m,fz2_react0_body0.5_cl0.6_cs0.4,model_b,stress,next_close,2.0,0.0,0.5,0.6,0.4,90,1.2,2.0,12,8.0,10.0,1582,1742.0780101752403,0.2458912768647282,-0.8958454555544308,-1417.2275106871095,-1422.9350095957984,31,0.22609027403465137,1.0643428534119403,-1.5350015764160556,,-109.52010501796855,,-39.56600065652182
15m,fz2_react0.25_body0.25_cl0.7_cs0.3,model_b,stress,next_close,2.0,0.25,0.25,0.7,0.3,90,1.2,2.0,12,8.0,10.0,1649,1815.8005213076658,0.23893268647665253,-0.8968747733785364,-1478.9465013012066,-1490.8989555113967,32,0.22378073777422805,1.0821676025360574,-1.5181836945820026,,-128.29601370274108,,-55.618843669937995
15m,fz2_react0.25_body0.5_cl0.6_cs0.4,model_b,stress,next_close,2.0,0.25,0.5,0.6,0.4,90,1.2,2.0,12,8.0,10.0,1573,1732.167326172979,0.24602670057215512,-0.8975259705166119,-1411.8083516226304,-1417.7011312358509,31,0.22665550372956003,1.069197788397488,-1.5392815309717187,,-108.07738643192302,,-103.96183613639859
15m,fz2_react0.25_body0.25_cl0.6_cs0.4,model_b,stress,next_close,2.0,0.25,0.25,0.6,0.4,90,1.2,2.0,12,8.0,10.0,1758,1935.826147033885,0.24061433447098976,-0.8983211196940716,-1579.2485284221777,-1589.6709899668938,32,0.223532279079231,1.0747982571380252,-1.5235117537015448,,-134.2667192477902,,-45.78990916581557
15m,fz2_react0_body0.25_cl0.6_cs0.4,model_b,stress,next_close,2.0,0.0,0.25,0.6,0.4,90,1.2,2.0,12,8.0,10.0,1818,2001.7695713612811,0.23927392739273928,-0.9016613280193397,-1639.2202943391596,-1646.4853121572826,32,0.21908430357933734,1.0571951848367172,-1.5177875630825248,,-155.3763354570117,,-54.638756452580076
15m,fz2_react0.25_body0.5_cl0.7_cs0.3,model_b,stress,next_close,2.0,0.25,0.5,0.7,0.3,90,1.2,2.0,12,8.0,10.0,1482,1631.9592990390051,0.23819163292847503,-0.9036550750127176,-1339.2168211688474,-1344.9243200775347,29,0.22043202819376134,1.072745987615214,-1.5216086402099362,,-104.65668095899896,,-44.50603831841203
15m,fz2_react0_body0.25_cl0.7_cs0.3,model_b,stress,next_close,2.0,0.0,0.25,0.7,0.3,90,1.2,2.0,12,8.0,10.0,1705,1877.4650629651728,0.23519061583577713,-0.9043227286809078,-1541.8702524009477,-1551.345497855634,33,0.21928286237355363,1.0799768241466299,-1.5145252752175968,,-129.66415390418607,,-17.92646696854116
15m,fz2_react0_body0.5_cl0.7_cs0.3,model_b,stress,next_close,2.0,0.0,0.5,0.7,0.3,90,1.2,2.0,12,8.0,10.0,1489,1639.6676088185416,0.23774345198119542,-0.9044327341098968,-1346.7003410896364,-1352.4078399983237,29,0.2199742920667933,1.0728295333763824,-1.521129511810463,,-107.13500744236374,,-44.46474556605315
15m,fz2.5_react0_body0.25_cl0.6_cs0.4,model_b,stress,next_open,2.5,0.0,0.25,0.6,0.4,90,1.2,2.0,12,8.0,10.0,1027,1131.0612475658018,0.2804284323271665,-0.7377502680943372,-757.6695253328843,-765.4744182005475,23,0.3021923926371838,1.1392922925911717,-1.4692634717173771,,-137.18032224557925,,-5.011882812921238
15m,fz2.5_react0_body0.25_cl0.7_cs0.3,model_b,stress,next_open,2.5,0.0,0.25,0.7,0.3,90,1.2,2.0,12,8.0,10.0,961,1058.3737671964318,0.2715920915712799,-0.7577473720164125,-728.1952245077724,-738.7530933620475,23,0.2932418397896328,1.1576104090131403,-1.4719022018002885,,-56.51331823335195,,-29.726959226126052
15m,fz2.5_react0.25_body0.25_cl0.6_cs0.4,model_b,stress,next_open,2.5,0.25,0.25,0.6,0.4,90,1.2,2.0,12,8.0,10.0,1001,1102.4267856021106,0.2707292707292707,-0.7592121872212306,-759.9713994084518,-768.2480197505861,23,0.29570326085873117,1.177411826218318,-1.47815069084057,,-69.4518228257625,,-18.27728679726381
15m,fz2.5_react0_body0.5_cl0.6_cs0.4,model_b,stress,next_open,2.5,0.0,0.5,0.6,0.4,90,1.2,2.0,12,8.0,10.0,898,989.0213273863744,0.2717149220489978,-0.7708794931640647,-692.2497848613301,-701.5331547058377,31,0.28787046997257004,1.1468618988387431,-1.4863671073057851,,-67.6577598428045,,-17.41397870910194
15m,fz2.5_react0.25_body0.25_cl0.7_cs0.3,model_b,stress,next_open,2.5,0.25,0.25,0.7,0.3,90,1.2,2.0,12,8.0,10.0,932,1026.4353288523148,0.26394849785407726,-0.7728600173819477,-720.3055361999752,-729.1574661820955,22,0.28998215505272984,1.1958691285307566,-1.4788474370532672,,-60.91165382836458,,-5.963165778161213
15m,fz2.5_react0.25_body0.5_cl0.6_cs0.4,model_b,stress,next_open,2.5,0.25,0.5,0.6,0.4,90,1.2,2.0,12,8.0,10.0,895,985.717247228068,0.2681564245810056,-0.7748583071912909,-693.4981849362053,-702.781554780713,31,0.2878769706381113,1.1681160206343173,-1.4867878318907504,,-50.64750741628057,,-17.41397870910194
15m,fz2.5_react0_body0.5_cl0.7_cs0.3,model_b,stress,next_open,2.5,0.0,0.5,0.7,0.3,90,1.2,2.0,12,8.0,10.0,833,917.432923956403,0.26770708283313327,-0.7759974912329795,-646.4059101970719,-655.6892800415793,29,0.28757291800015033,1.1700596951555042,-1.4874249544536873,,-45.51354182398076,,-5.963165778161213
15m,fz2.5_react0.25_body0.5_cl0.7_cs0.3,model_b,stress,next_open,2.5,0.25,0.5,0.7,0.3,90,1.2,2.0,12,8.0,10.0,831,915.2302038508653,0.2647412755716005,-0.7789078346388049,-647.2724105848469,-656.5557804293546,29,0.28666475425773824,1.1823472115710638,-1.4850880476767283,,-59.41053542517753,,-26.3880312203618
15m,fz2_react0_body0.25_cl0.6_cs0.4,model_b,stress,next_open,2.0,0.0,0.25,0.6,0.4,90,1.2,2.0,12,8.0,10.0,1980,2180.145077720207,0.2494949494949495,-0.8767050948911232,-1735.8760878844241,-1744.7115331135085,42,0.24208442527235705,1.1223744963978441,-1.5412712578095284,,-128.86374519904618,,-62.53494429950231
15m,fz2_react0_body0.25_cl0.7_cs0.3,model_b,stress,next_open,2.0,0.0,0.25,0.7,0.3,90,1.2,2.0,12,8.0,10.0,1850,2036.9402750737927,0.24486486486486486,-0.8805035577835948,-1628.9315818996504,-1640.6781946013703,43,0.24087445247615927,1.1409898331548463,-1.536005709605437,,-103.69835224729796,,-17.734513238145936
15m,fz2_react0.25_body0.25_cl0.7_cs0.3,model_b,stress,next_open,2.0,0.25,0.25,0.7,0.3,90,1.2,2.0,12,8.0,10.0,1787,1967.57420084155,0.2417459429210968,-0.887755736040324,-1586.419500304059,-1596.4601741336253,42,0.24048145484658398,1.162726313123145,-1.5414887583566477,,-101.20095604773509,,-66.6625250089562
15m,fz1.5_react0_body0.25_cl0.6_cs0.4,model_b,stress,next_open,1.5,0.0,0.25,0.6,0.4,90,1.2,2.0,12,8.0,10.0,4077,4459.151189993449,0.2487122884473878,-0.8897458484679527,-3627.493824203843,-3626.8458040008054,51,0.23852914070122908,1.1206161636041518,-1.5552721560882967,,-1165.300607944084,,-171.3175809561617
15m,fz1.5_react0_body0.25_cl0.7_cs0.3,model_b,stress,next_open,1.5,0.0,0.25,0.7,0.3,90,1.2,2.0,12,8.0,10.0,3807,4163.843164166069,0.24717625426845286,-0.8900363761394903,-3388.3684839630396,-3387.7204637599957,52,0.23785592380824086,1.1237712154805064,-1.551234193206628,,-1096.4897470115102,,-170.5840522202103
15m,fz2_react0.25_body0.25_cl0.6_cs0.4,model_b,stress,next_open,2.0,0.25,0.25,0.6,0.4,90,1.2,2.0,12,8.0,10.0,1913,2106.3724917569475,0.24307370622059593,-0.8937732147928934,-1709.7881598988051,-1719.0953326023607,41,0.2367958277818461,1.1408345431316698,-1.5471520873308229,,-114.99697114648298,,-62.63439131505649
15m,fz1.5_react0.25_body0.25_cl0.7_cs0.3,model_b,stress,next_open,1.5,0.25,0.25,0.7,0.3,90,1.2,2.0,12,8.0,10.0,3689,4034.782619545214,0.24478178368121442,-0.8945374676218837,-3299.948718057129,-3299.300697854086,51,0.23771944737285128,1.1396442730260086,-1.5538576800429342,,-1050.183178104037,,-167.86238725368094
15m,fz2_react0.25_body0.5_cl0.7_cs0.3,model_b,stress,next_open,2.0,0.25,0.5,0.7,0.3,90,1.2,2.0,12,8.0,10.0,1583,1743.0149788035799,0.24257738471257106,-0.896636819521724,-1419.3760853028891,-1430.5626391015157,55,0.23739928286305634,1.15066380602204,-1.5523194218643475,,-86.77983776668798,,-50.84807812182166
15m,fz2_react0_body0.5_cl0.7_cs0.3,model_b,stress,next_open,2.0,0.0,0.5,0.7,0.3,90,1.2,2.0,12,8.0,10.0,1589,1749.6214790390954,0.24354940213971052,-0.897309964327551,-1425.8255333164784,-1437.0120871151048,55,0.23690918996354718,1.143829010301051,-1.5544819969242807,,-104.1752157932735,,-50.80745790191857
15m,fz1.5_react0.25_body0.25_cl0.6_cs0.4,model_b,stress,next_open,1.5,0.25,0.25,0.6,0.4,90,1.2,2.0,12,8.0,10.0,3954,4324.621978227643,0.24582701062215478,-0.8975220271329505,-3548.8020952836864,-3548.1540750806453,50,0.23698731861487263,1.1339890660101508,-1.559704717453237,,-1115.0921522797469,,-271.86466969472974
15m,fz1.5_react0.25_body0.5_cl0.7_cs0.3,model_b,stress,next_open,1.5,0.25,0.5,0.7,0.3,90,1.2,2.0,12,8.0,10.0,3291,3600.487488299532,0.2427833485262838,-0.8977347052252206,-2954.4449148962008,-2954.3014609432444,42,0.23568440484827746,1.1402162943920824,-1.5511547889708968,,-956.907293534126,,-37.51979121608405
15m,fz1.5_react0_body0.5_cl0.7_cs0.3,model_b,stress,next_open,1.5,0.0,0.5,0.7,0.3,90,1.2,2.0,12,8.0,10.0,3308,3619.086177847114,0.24334945586457074,-0.8989132284565099,-2973.604959734135,-2973.4615057811798,42,0.23529962886688383,1.1366253381410116,-1.5535710575060524,,-972.7998785448452,,-143.5034049042773
15m,fz2_react0_body0.5_cl0.6_cs0.4,model_b,stress,next_open,2.0,0.0,0.5,0.6,0.4,90,1.2,2.0,12,8.0,10.0,1702,1874.1027509106896,0.245593419506463,-0.9028657778747604,-1536.6775539428422,-1547.8499302050545,60,0.23478243135917198,1.1279429372200034,-1.5639857489881648,,-92.01370641727033,,-43.67159620226772
15m,fz1.5_react0_body0.5_cl0.6_cs0.4,model_b,stress,next_open,1.5,0.0,0.5,0.6,0.4,90,1.2,2.0,12,8.0,10.0,3521,3851.0354034748434,0.24368077250781028,-0.9068346919365818,-3192.964950308705,-3192.498164448357,45,0.23275784603893848,1.128960473768871,-1.5627536751041666,,-1018.5009530527125,,-263.7743444329455
15m,fz2_react0.25_body0.5_cl0.6_cs0.4,model_b,stress,next_open,2.0,0.25,0.5,0.6,0.4,90,1.2,2.0,12,8.0,10.0,1695,1866.3949252606458,0.2430678466076696,-0.9068770502071205,-1537.1566001010692,-1545.5072766152405,60,0.2342254234516668,1.1411795673168403,-1.5645538439872233,,-92.5689800563433,,-127.71197230402171
15m,fz1.5_react0.25_body0.5_cl0.6_cs0.4,model_b,stress,next_open,1.5,0.25,0.5,0.6,0.4,90,1.2,2.0,12,8.0,10.0,3506,3834.629402039989,0.24272675413576725,-0.907564243822538,-3181.920238841818,-3181.453452981468,45,0.23284620553362914,1.1348708905307439,-1.5622204770935897,,-247.77218509754906,,-142.86441978945086
1h,fz2.5_react0.25_body0.25_cl0.7_cs0.3,model_a,base,next_close,2.5,0.25,0.25,0.7,0.3,90,1.0,1.5,6,4.0,5.0,266,293.1920030177292,0.4323308270676692,-0.12201854865553259,-32.45693394237167,-41.49295422047908,12,0.7763874912703268,0.9799233061497582,-0.961245789070158,,3.030364664318669,,5.320260974101334
1h,fz2.5_react0_body0.25_cl0.7_cs0.3,model_a,base,next_close,2.5,0.0,0.25,0.7,0.3,90,1.0,1.5,6,4.0,5.0,278,306.4187099207846,0.43884892086330934,-0.12667333591487798,-35.215187384336076,-42.189782540864606,12,0.768655995726422,0.9590559493112425,-0.9757693153865876,,4.195202163997156,,7.1803553465202885
1h,fz2.5_react0_body0.5_cl0.7_cs0.3,model_a,base,next_close,2.5,0.0,0.5,0.7,0.3,90,1.0,1.5,6,4.0,5.0,232,255.74849094567404,0.43103448275862066,-0.14881324720742184,-34.524673352121866,-44.774640902283295,11,0.7276984234949402,0.9226369781795957,-0.9605179634097077,,4.119843987923031,,4.0415907537275055
1h,fz2.5_react0.25_body0.5_cl0.7_cs0.3,model_a,base,next_close,2.5,0.25,0.5,0.7,0.3,90,1.0,1.5,6,4.0,5.0,229,252.44139839034204,0.4279475982532751,-0.14947528447286326,-34.22984014428569,-44.957540241793,11,0.7288636637186915,0.9389389853906214,-0.9637088604012716,,4.119843987923031,,3.8586914142177995
1h,fz2.5_react0.25_body0.5_cl0.6_cs0.4,model_a,base,next_close,2.5,0.25,0.5,0.6,0.4,90,1.0,1.5,6,4.0,5.0,246,271.1815895372233,0.4268292682926829,-0.15234000375551157,-37.47564092385585,-44.660944455862605,13,0.7262847502950192,0.9470386448226199,-0.9710262314200777,,1.0590595888789933,,5.971386326614457
1h,fz2.5_react0_body0.5_cl0.6_cs0.4,model_a,base,next_close,2.5,0.0,0.5,0.6,0.4,90,1.0,1.5,6,4.0,5.0,248,273.38631790744466,0.4274193548387097,-0.15250538477589046,-37.82133542442083,-44.97572507696309,13,0.7247203859757199,0.9393499599354338,-0.9675523322364564,,1.0590595888789933,,6.103424373395357
1h,fz2.5_react0_body0.25_cl0.6_cs0.4,model_a,base,next_close,2.5,0.0,0.25,0.6,0.4,90,1.0,1.5,6,4.0,5.0,302,332.8721237268955,0.4105960264900662,-0.1795266292113052,-54.217042021814166,-61.19163717834265,13,0.6866455073851953,0.9580998930816897,-0.9720304986738408,,0.044759133678621,,10.137985818238718
1h,fz2.5_react0.25_body0.25_cl0.6_cs0.4,model_a,base,next_close,2.5,0.25,0.25,0.6,0.4,90,1.0,1.5,6,4.0,5.0,290,319.64541682384004,0.40344827586206894,-0.1864149826885507,-54.060344979679705,-61.12613249849561,13,0.6766449687593629,0.9668835806478959,-0.9663914677195581,,-3.589215286968507,,7.052156933017791
1h,fz1.5_react0_body0.5_cl0.7_cs0.3,model_a,base,next_close,1.5,0.0,0.5,0.7,0.3,90,1.0,1.5,6,4.0,5.0,912,1001.2012523481527,0.39473684210526316,-0.20374832609891946,-185.81847340221455,-191.05626917385865,16,0.6461451527950719,0.9425216365552974,-0.9513156930473218,,8.098404626394364,,1.1318970963361905
1h,fz2_react0.25_body0.25_cl0.7_cs0.3,model_a,base,next_close,2.0,0.25,0.25,0.7,0.3,90,1.0,1.5,6,4.0,5.0,495,544.9164887605174,0.39595959595959596,-0.20697559802138923,-102.45292102058767,-110.53759597779786,15,0.644105928685497,0.9460298001084629,-0.9627918456249044,,-20.90468937263726,,1.0408971705084142
1h,fz1.5_react0.25_body0.5_cl0.7_cs0.3,model_a,base,next_close,1.5,0.25,0.5,0.7,0.3,90,1.0,1.5,6,4.0,5.0,903,991.3209768315592,0.39313399778516056,-0.20842593512824042,-188.2086194208011,-195.06424764092526,16,0.6409714468784795,0.9465005063913038,-0.9565990861126167,,8.098404626394364,,1.1318970963361905
1h,fz2_react0_body0.25_cl0.7_cs0.3,model_a,base,next_close,2.0,0.0,0.25,0.7,0.3,90,1.0,1.5,6,4.0,5.0,522,574.6392063292728,0.39655172413793105,-0.21261352942561032,-110.98426236016859,-119.32238335148779,13,0.6365269677799217,0.9389353034246816,-0.9693456195843735,,-19.877229804067614,,1.0408971705084142
1h,fz1.5_react0_body0.5_cl0.6_cs0.4,model_a,base,next_close,1.5,0.0,0.5,0.6,0.4,90,1.0,1.5,6,4.0,5.0,983,1079.145648090169,0.3916581892166836,-0.21398377726262194,-210.34605304915738,-216.26888334676687,17,0.6315044215158171,0.9363058831491886,-0.954554879701664,,5.427096799061276,,0.3340180956275254
1h,fz1.5_react0.25_body0.5_cl0.6_cs0.4,model_a,base,next_close,1.5,0.25,0.5,0.6,0.4,90,1.0,1.5,6,4.0,5.0,972,1067.06975579211,0.389917695473251,-0.21752064886066452,-211.43007069256592,-218.762523089011,17,0.6286287588553754,0.9443076791800735,-0.9600719748765831,,5.427096799061276,,0.3340180956275254
1h,fz2_react0_body0.25_cl0.6_cs0.4,model_a,base,next_close,2.0,0.0,0.25,0.6,0.4,90,1.0,1.5,6,4.0,5.0,568,625.2779103353007,0.38204225352112675,-0.2218143316119012,-125.99054035555989,-136.40694585913715,15,0.6230734778713964,0.9597558603047439,-0.9523007465575194,,-22.087915468055407,,5.9936827625558085
1h,fz2_react0.25_body0.25_cl0.6_cs0.4,model_a,base,next_close,2.0,0.25,0.25,0.6,0.4,90,1.0,1.5,6,4.0,5.0,538,592.252668592239,0.3828996282527881,-0.2235275111762499,-120.25780101282244,-131.42673789003504,16,0.6211837342317783,0.9572767132586802,-0.9561951926027427,,-5.23997597726376,,2.064649717999774
1h,fz1.5_react0.25_body0.25_cl0.7_cs0.3,model_a,base,next_close,1.5,0.25,0.25,0.7,0.3,90,1.0,1.5,6,4.0,5.0,1038,1139.382419233659,0.38439306358381503,-0.2243345587148007,-232.85927194596314,-238.49240395918866,18,0.6231331526177885,0.964969446420519,-0.9669516135645543,,7.053617663719307,,-12.533503198128901
1h,fz1.5_react0_body0.25_cl0.7_cs0.3,model_a,base,next_close,1.5,0.0,0.25,0.7,0.3,90,1.0,1.5,6,4.0,5.0,1094,1200.8519909842223,0.3875685557586837,-0.22489215476675448,-246.0320173148294,-252.05271785555365,18,0.6220504710962255,0.9550312574912042,-0.9715899559568657,,7.033287758242963,,-9.851753487844894
1h,fz2_react0_body0.5_cl0.6_cs0.4,model_a,base,next_close,2.0,0.0,0.5,0.6,0.4,90,1.0,1.5,6,4.0,5.0,471,518.561416729465,0.39278131634819535,-0.23136849360921666,-108.97456048994104,-117.59085359915757,13,0.6054335765785563,0.9038571029557145,-0.9656927431354833,,-4.33791403184631,,1.254613926916599
1h,fz2_react0.25_body0.5_cl0.6_cs0.4,model_a,base,next_close,2.0,0.25,0.5,0.6,0.4,90,1.0,1.5,6,4.0,5.0,467,514.1574981160512,0.39186295503211993,-0.2352040837794814,-109.84030712501782,-119.5967001353685,13,0.6014257667693856,0.9056981071750901,-0.9703628899227441,,-19.982481479874885,,1.1318970963361905
1h,fz2_react0_body0.5_cl0.7_cs0.3,model_a,base,next_close,2.0,0.0,0.5,0.7,0.3,90,1.0,1.5,6,4.0,5.0,443,487.73398643556897,0.3905191873589165,-0.23853387550312166,-105.67050684788289,-111.85767764187912,12,0.5947548636571173,0.8964537294887154,-0.9657666742571506,,-18.8036018315596,,1.317601559999269
1h,fz2_react0.25_body0.5_cl0.7_cs0.3,model_a,base,next_close,2.0,0.25,0.5,0.7,0.3,90,1.0,1.5,6,4.0,5.0,439,483.33006782215523,0.38724373576309795,-0.24319601499650342,-106.763050583465,-113.23421541091419,12,0.5897879793045636,0.9029414444993193,-0.9675208035254621,,-17.20375717146669,,1.134702220489563
1h,fz1.5_react0_body0.25_cl0.6_cs0.4,model_a,base,next_close,1.5,0.0,0.25,0.6,0.4,90,1.0,1.5,6,4.0,5.0,1202,1319.4004507888806,0.3752079866888519,-0.2466632578329358,-296.48923591518883,-304.5090936197013,20,0.5927596183037236,0.9568859169492498,-0.9694338008778968,,2.3602772761766087,,-11.86043834763334
1h,fz1.5_react0.25_body0.25_cl0.6_cs0.4,model_a,base,next_close,1.5,0.25,0.25,0.6,0.4,90,1.0,1.5,6,4.0,5.0,1141,1252.442524417731,0.3733567046450482,-0.24911254407514577,-284.2374127897413,-291.8882924263224,20,0.5905091849047561,0.9621751461211783,-0.9708028322200885,,1.0719853338484435,,-0.031205420728955824
1h,fz2.5_react0_body0.25_cl0.7_cs0.3,model_a,base,next_open,2.5,0.0,0.25,0.7,0.3,90,1.0,1.5,6,4.0,5.0,297,327.3609958506224,0.4006734006734007,-0.17682645473317646,-52.517457055753404,-60.20422886566561,13,0.7011141029819855,1.0352375288368179,-0.9871388931872739,,3.740725106692421,,2.5488550801250685
1h,fz2.5_react0_body0.25_cl0.6_cs0.4,model_a,base,next_open,2.5,0.0,0.25,0.6,0.4,90,1.0,1.5,6,4.0,5.0,328,361.5299886835156,0.38414634146341464,-0.19238282088025166,-63.101565248722544,-72.15565434950588,13,0.6794449913057042,1.061503233329142,-0.974509765585121,,2.206917184645289,,3.103160619612111
1h,fz2.5_react0.25_body0.25_cl0.7_cs0.3,model_a,base,next_open,2.5,0.25,0.25,0.7,0.3,90,1.0,1.5,6,4.0,5.0,287,316.3387400980762,0.397212543554007,-0.19243471857205696,-55.228764230180346,-62.528765720422214,13,0.6790758863728997,1.0251240755027027,-0.9947566984825923,,1.8495903343468085,,3.5329912374289285
1h,fz1.5_react0_body0.25_cl0.6_cs0.4,model_a,base,next_open,1.5,0.0,0.25,0.6,0.4,90,1.0,1.5,6,4.0,5.0,1306,1433.55822689707,0.3943338437978561,-0.19955820819998954,-260.6230199091863,-271.6135120150777,19,0.667816705407871,1.0173843067774295,-0.991878556130926,,-40.25207748043308,,-19.572919367711524
1h,fz2.5_react0.25_body0.5_cl0.6_cs0.4,model_a,base,next_open,2.5,0.25,0.5,0.6,0.4,90,1.0,1.5,6,4.0,5.0,266,293.2288732394366,0.39473684210526316,-0.2101892165985583,-55.910331615216506,-65.80064316521383,15,0.6615452012951326,1.0407864189842002,-1.026042891978618,,1.1766421876759203,,2.9220687630544266
1h,fz2.5_react0.25_body0.5_cl0.7_cs0.3,model_a,base,next_open,2.5,0.25,0.5,0.7,0.3,90,1.0,1.5,6,4.0,5.0,245,270.0792253521127,0.4,-0.21227766803503575,-52.00802866858376,-59.281318613423046,13,0.6521239621112623,0.9948324896627525,-1.0170177731668946,,1.863964532046817,,3.150543468397765
1h,fz2.5_react0.25_body0.25_cl0.6_cs0.4,model_a,base,next_open,2.5,0.25,0.25,0.6,0.4,90,1.0,1.5,6,4.0,5.0,317,349.4055073557148,0.3785488958990536,-0.2128681527468659,-67.47920442075649,-76.1465232018695,13,0.6521669299058979,1.0543301122305468,-0.9847655730376756,,1.1629477936758783,,2.1761951210901023
1h,fz1.5_react0.25_body0.25_cl0.6_cs0.4,model_a,base,next_open,1.5,0.25,0.25,0.6,0.4,90,1.0,1.5,6,4.0,5.0,1239,1360.014274981217,0.3898305084745763,-0.2138041136887594,-264.9032968603729,-277.99637287785634,18,0.6512953920802427,1.0243787288536856,-1.0048653742019882,,-101.72599949658104,,-3.473239339897463
1h,fz2.5_react0_body0.5_cl0.6_cs0.4,model_a,base,next_open,2.5,0.0,0.5,0.6,0.4,90,1.0,1.5,6,4.0,5.0,270,297.6383299798793,0.3925925925925926,-0.21586346343876658,-58.28313512846698,-68.1734466784643,15,0.6523667274799455,1.0318284676729597,-1.0222984920841505,,1.1766421876759203,,3.0133123430471365
1h,fz2.5_react0_body0.5_cl0.7_cs0.3,model_a,base,next_open,2.5,0.0,0.5,0.7,0.3,90,1.0,1.5,6,4.0,5.0,249,274.48868209255534,0.39759036144578314,-0.2168538169765648,-53.99660042716464,-61.26989037200391,13,0.6437782573913751,0.9857053289590146,-1.0105428532940472,,1.624106059900962,,3.041420727808125
1h,fz1.5_react0_body0.25_cl0.7_cs0.3,model_a,base,next_open,1.5,0.0,0.25,0.7,0.3,90,1.0,1.5,6,4.0,5.0,1169,1283.1773102930129,0.3840889649272883,-0.21743345592515442,-254.17970997650553,-262.9115773900166,18,0.6427092823193488,1.0183272784204411,-0.9880675805378939,,-92.95184647438168,,-1.5005205794081047
1h,fz1.5_react0_body0.5_cl0.6_cs0.4,model_a,base,next_open,1.5,0.0,0.5,0.6,0.4,90,1.0,1.5,6,4.0,5.0,1054,1157.2349699398796,0.3899430740037951,-0.21896231359905466,-230.78627853340362,-244.20047186030857,19,0.6435651337026461,1.01386583771447,-1.0069753310016343,,-72.30220825709304,,-15.23463374264489
1h,fz1.5_react0.25_body0.5_cl0.6_cs0.4,model_a,base,next_open,1.5,0.25,0.5,0.6,0.4,90,1.0,1.5,6,4.0,5.0,1039,1140.7657815631262,0.3888354186717998,-0.2215946262422362,-230.2368166656834,-243.67897227356983,19,0.6416306146795684,1.0203462734475182,-1.0117428521865839,,-9.328689457131132,,-7.164936853523331
1h,fz1.5_react0.25_body0.25_cl0.7_cs0.3,model_a,base,next_open,1.5,0.25,0.25,0.7,0.3,90,1.0,1.5,6,4.0,5.0,1113,1221.7077385424493,0.38454627133872415,-0.22191561061370177,-246.99207461305008,-255.6335765782778,18,0.6386409721400613,1.0198988853451518,-0.9978230621033214,,-89.0575009049549,,-8.028235527628496
1h,fz1.5_react0_body0.5_cl0.7_cs0.3,model_a,base,next_open,1.5,0.0,0.5,0.7,0.3,90,1.0,1.5,6,4.0,5.0,967,1061.7136773547095,0.3846949327817994,-0.22570022281810778,-218.25211546511022,-229.59570380950686,16,0.6327054925909603,1.0106544505081345,-0.9986816320237584,,-70.3029661414867,,-10.637892717104714
1h,fz1.5_react0.25_body0.5_cl0.7_cs0.3,model_a,base,next_open,1.5,0.25,0.5,0.7,0.3,90,1.0,1.5,6,4.0,5.0,956,1049.6362725450902,0.38493723849372385,-0.2275598410020589,-217.54720799796831,-229.39050676529746,16,0.631431946369877,1.0127786945560213,-1.0038261353649391,,-71.36909551320177,,-13.129004643950742
1h,fz2_react0_body0.25_cl0.6_cs0.4,model_a,base,next_open,2.0,0.0,0.25,0.6,0.4,90,1.0,1.5,6,4.0,5.0,624,687.0113036925395,0.3782051282051282,-0.24256005918700488,-151.35747693269104,-163.79005728850177,14,0.604754684389469,0.9813058463496204,-0.9869733419360862,,-4.910887502727882,,-18.50859211848016
1h,fz2_react0_body0.25_cl0.7_cs0.3,model_a,base,next_open,2.0,0.0,0.25,0.7,0.3,90,1.0,1.5,6,4.0,5.0,560,616.5486058779201,0.37142857142857144,-0.25714809341628525,-144.00293231311974,-156.15381711856284,13,0.5852776799059144,0.9770404710511467,-0.9864413360561315,,-9.206574362106291,,-1.6880331039854255
1h,fz2_react0.25_body0.25_cl0.7_cs0.3,model_a,base,next_open,2.0,0.25,0.25,0.7,0.3,90,1.0,1.5,6,4.0,5.0,537,591.2260738507913,0.3761638733705773,-0.25780817470291567,-138.44298981546572,-150.78831526257932,13,0.5860547896361252,0.9703199442194733,-0.9983511001426846,,-21.25572934313024,,-3.4354230065749096
1h,fz2_react0.25_body0.25_cl0.6_cs0.4,model_a,base,next_open,2.0,0.25,0.25,0.6,0.4,90,1.0,1.5,6,4.0,5.0,598,658.3858327053504,0.3745819397993311,-0.2635852293527961,-157.62396715297206,-170.9589571069106,14,0.5807305797413245,0.9746658349842631,-1.005211535265901,,-9.71800359147826,,-1.2875050810920312
1h,fz2_react0_body0.5_cl0.6_cs0.4,model_a,base,next_open,2.0,0.0,0.5,0.6,0.4,90,1.0,1.5,6,4.0,5.0,516,568.1768622032408,0.3701550387596899,-0.28125829070014663,-145.12927800127565,-156.56017571303929,14,0.5598030165192674,0.9662952387941799,-1.0144359034183508,,-14.717123525491138,,-2.624741836631604
1h,fz2_react0_body0.5_cl0.7_cs0.3,model_a,base,next_open,2.0,0.0,0.5,0.7,0.3,90,1.0,1.5,6,4.0,5.0,476,524.1321442029896,0.3697478991596639,-0.2818167937971284,-134.1447938474331,-142.8326873806771,13,0.5538579633989295,0.946207559701228,-1.0022577478494974,,-0.062425325740268045,,-12.85296370943141
1h,fz2_react0.25_body0.5_cl0.6_cs0.4,model_a,base,next_open,2.0,0.25,0.5,0.6,0.4,90,1.0,1.5,6,4.0,5.0,510,561.5701545032032,0.37058823529411766,-0.2820897757501118,-143.86578563255702,-155.93521590147395,14,0.5600412783983915,0.968955482483133,-1.0186865165790318,,-3.2579440741800982,,-2.636343998074517
1h,fz2_react0.25_body0.5_cl0.7_cs0.3,model_a,base,next_open,2.0,0.25,0.5,0.7,0.3,90,1.0,1.5,6,4.0,5.0,471,518.6265544529582,0.36942675159235666,-0.283541160389938,-133.54788654366078,-143.17063551574034,13,0.5528290219554959,0.9488662418795399,-1.0055576182851875,,0.17743314640558716,,-1.3673342619056945
1h,fz2.5_react0.25_body0.25_cl0.7_cs0.3,model_a,stress,next_close,2.5,0.25,0.25,0.7,0.3,90,1.0,1.5,6,8.0,10.0,267,294.29422859298376,0.3970037453183521,-0.2862716071023851,-76.43451909633681,-81.46477566876858,12,0.5536450615821243,0.8944061123720771,-1.0636122174396088,,-1.3056101681897827,,1.490250772085552
1h,fz2.5_react0_body0.25_cl0.7_cs0.3,model_a,stress,next_close,2.5,0.0,0.25,0.7,0.3,90,1.0,1.5,6,8.0,10.0,280,308.62316107129385,0.4035714285714286,-0.2943163646603073,-82.40858210488605,-87.68864281602387,12,0.5447998867206317,0.8728279512040946,-1.0840607221014895,,-8.893551710111936,,3.0131329417635615
1h,fz2.5_react0_body0.5_cl0.7_cs0.3,model_a,stress,next_close,2.5,0.0,0.5,0.7,0.3,90,1.0,1.5,6,8.0,10.0,233,256.85085513078474,0.3905579399141631,-0.30498530825160763,-71.06157682262457,-73.99214332237325,11,0.5235041182519645,0.8579350261556804,-1.0502370718506444,,-2.203349334568955,,1.7283624161414224
1h,fz2.5_react0.25_body0.5_cl0.7_cs0.3,model_a,stress,next_close,2.5,0.25,0.5,0.7,0.3,90,1.0,1.5,6,8.0,10.0,230,253.54376257545272,0.3869565217391304,-0.3066514791974355,-70.52984021541018,-74.06117982521053,11,0.5247415467059704,0.8749807412485663,-1.0525044410392381,,-28.286365558256207,,1.7283624161414224
1h,fz2.5_react0_body0.5_cl0.6_cs0.4,model_a,stress,next_close,2.5,0.0,0.5,0.6,0.4,90,1.0,1.5,6,8.0,10.0,249,274.48868209255534,0.39357429718875503,-0.3068489547301213,-76.4053897278002,-80.58505172775074,13,0.5256830061558654,0.8640784469745872,-1.066788592922581,,-3.0092647609966146,,2.3307339481131883
1h,fz2.5_react0.25_body0.5_cl0.6_cs0.4,model_a,stress,next_close,2.5,0.25,0.5,0.6,0.4,90,1.0,1.5,6,8.0,10.0,247,272.283953722334,0.39271255060728744,-0.3070586383054982,-75.84348366145805,-80.02314566140859,13,0.5271872978359876,0.8718109931399766,-1.0693943333069051,,-1.0103271266479377,,2.2167124791813593
1h,fz2.5_react0_body0.25_cl0.6_cs0.4,model_a,stress,next_close,2.5,0.0,0.25,0.6,0.4,90,1.0,1.5,6,8.0,10.0,304,335.07657487740477,0.3848684210526316,-0.342010963960872,-103.9713330441051,-109.2513937552429,13,0.49068310516438357,0.8561320839814538,-1.0916512666841454,,-4.794144993462337,,5.632335363052684
1h,fz2.5_react0.25_body0.25_cl0.6_cs0.4,model_a,stress,next_close,2.5,0.25,0.25,0.6,0.4,90,1.0,1.5,6,8.0,10.0,292,321.8498679743493,0.3732876712328767,-0.35115005516332926,-102.53581610769214,-107.42780520439025,13,0.4811341592651773,0.8722886190443869,-1.0798648938990727,,-13.594942529922397,,2.94847858317745
1h,fz2_react0.25_body0.25_cl0.7_cs0.3,model_a,stress,next_close,2.0,0.25,0.25,0.7,0.3,90,1.0,1.5,6,8.0,10.0,500,550.4206957176943,0.364,-0.3867498236427504,-193.3749118213752,-198.78693436990875,15,0.4450911344609948,0.8522284362130607,-1.0958505887174599,,-10.81119622062058,,-8.800993566407346
1h,fz1.5_react0_body0.5_cl0.7_cs0.3,model_a,stress,next_close,1.5,0.0,0.5,0.7,0.3,90,1.0,1.5,6,8.0,10.0,917,1007.1948377396316,0.346782988004362,-0.4038194088958893,-370.3023979575305,-371.1528961978871,17,0.42435088469998905,0.8584137684187285,-1.073919826902648,,-22.964477652052484,,0.26319585141259916
1h,fz2_react0_body0.25_cl0.7_cs0.3,model_a,stress,next_close,2.0,0.0,0.25,0.7,0.3,90,1.0,1.5,6,8.0,10.0,529,582.3450960693206,0.3591682419659735,-0.4056381358318075,-214.58257385502617,-220.38266801799935,13,0.42734811479930396,0.8428143995332156,-1.105360795770906,,-12.022057021638837,,-21.7556677652002
1h,fz1.5_react0.25_body0.5_cl0.7_cs0.3,model_a,stress,next_close,1.5,0.25,0.5,0.7,0.3,90,1.0,1.5,6,8.0,10.0,908,997.3096103245207,0.3447136563876652,-0.4092369388610668,-371.5871404858487,-372.4376387262053,17,0.42100044281375526,0.8632183412577066,-1.0786125736126233,,-21.774732980435367,,0.26319585141259916
1h,fz1.5_react0_body0.5_cl0.6_cs0.4,model_a,stress,next_close,1.5,0.0,0.5,0.6,0.4,90,1.0,1.5,6,8.0,10.0,990,1087.3750156621977,0.3474747474747475,-0.41280022653916054,-408.67222427376896,-410.7718180143272,17,0.4152845614900263,0.8437580014232683,-1.0819272086120328,,-24.85792982496475,,-28.545424223251167
1h,fz2_react0_body0.5_cl0.6_cs0.4,model_a,stress,next_close,2.0,0.0,0.5,0.6,0.4,90,1.0,1.5,6,8.0,10.0,474,522.1266649912038,0.35232067510548526,-0.4145240407643823,-196.48439532231723,-201.695017007649,13,0.410965208003642,0.8208724917674093,-1.0865475617181581,,-37.36287336819554,,0.26319585141259916
1h,fz2_react0_body0.5_cl0.7_cs0.3,model_a,stress,next_close,2.0,0.0,0.5,0.7,0.3,90,1.0,1.5,6,8.0,10.0,446,491.28373963307365,0.3452914798206278,-0.4161025661183939,-185.58174448880368,-189.5061381359466,12,0.40879012073843507,0.8332460066991115,-1.0750055805495442,,-35.24984233325752,,0.26319585141259916
1h,fz1.5_react0.25_body0.5_cl0.6_cs0.4,model_a,stress,next_close,1.5,0.25,0.5,0.6,0.4,90,1.0,1.5,6,8.0,10.0,979,1075.2930710437288,0.34627170582226763,-0.4165987129555268,-407.85013998346074,-409.94973372401887,17,0.4141616213679366,0.8505364897859856,-1.0877843906576716,,-49.956742807686304,,-56.69277299335777
1h,fz2_react0.25_body0.25_cl0.6_cs0.4,model_a,stress,next_close,2.0,0.25,0.25,0.6,0.4,90,1.0,1.5,6,8.0,10.0,545,599.9585583322868,0.3486238532110092,-0.41861356551409606,-228.14439320518235,-233.55641575371578,16,0.4158133847846759,0.8546790563827174,-1.1000941237123907,,-50.17139820941989,,-5.932476940546596
1h,fz2_react0.25_body0.5_cl0.6_cs0.4,model_a,stress,next_close,2.0,0.25,0.5,0.6,0.4,90,1.0,1.5,6,8.0,10.0,470,517.7205327971852,0.35106382978723405,-0.41861766060250977,-196.7503004831796,-203.24121988713247,13,0.40834904591535337,0.8229954536661118,-1.0903100011084854,,-37.36287336819554,,0.26319585141259916
1h,fz2_react0_body0.25_cl0.6_cs0.4,model_a,stress,next_close,2.0,0.0,0.25,0.6,0.4,90,1.0,1.5,6,8.0,10.0,577,635.1854828582192,0.35008665511265163,-0.4201343250159945,-242.41750553422884,-248.21759969720196,15,0.4137533391667165,0.846981136911651,-1.102687187174353,,-17.12925673677418,,-19.519266861238933
1h,fz2_react0.25_body0.5_cl0.7_cs0.3,model_a,stress,next_close,2.0,0.25,0.5,0.7,0.3,90,1.0,1.5,6,8.0,10.0,442,486.87760743905505,0.3416289592760181,-0.42154906201587156,-186.32468541101522,-190.24907905815817,12,0.4052233658801959,0.8406864160351101,-1.076523485334422,,-35.24984233325752,,0.26319585141259916
1h,fz1.5_react0.25_body0.25_cl0.7_cs0.3,model_a,stress,next_close,1.5,0.25,0.25,0.7,0.3,90,1.0,1.5,6,8.0,10.0,1047,1149.2614575507139,0.3467048710601719,-0.42361685382620917,-443.52684595604103,-446.5668124137096,21,0.4154291546220834,0.8683066100979103,-1.1092429026631323,,-35.963266366402266,,-54.408542553734
1h,fz1.5_react0_body0.25_cl0.7_cs0.3,model_a,stress,next_close,1.5,0.0,0.25,0.7,0.3,90,1.0,1.5,6,8.0,10.0,1107,1215.121712997746,0.34598012646793136,-0.42945414532171344,-475.4057388711368,-478.8337769432451,22,0.4096551415640669,0.861347248928208,-1.1122952143793376,,-137.706208043906,,-30.414314118053106
1h,fz1.5_react0_body0.25_cl0.6_cs0.4,model_a,stress,next_close,1.5,0.0,0.25,0.6,0.4,90,1.0,1.5,6,8.0,10.0,1217,1335.8655146506387,0.3368940016433854,-0.4477084498042551,-544.8611834117785,-547.0485322170455,20,0.3915037785407348,0.8550275034408904,-1.1095693430266957,,-65.12971094711511,,-33.52747283395195
1h,fz1.5_react0.25_body0.25_cl0.6_cs0.4,model_a,stress,next_close,1.5,0.25,0.25,0.6,0.4,90,1.0,1.5,6,8.0,10.0,1154,1266.7122464312547,0.3344887348353553,-0.45175366975692827,-521.3237348994952,-523.1230120903228,23,0.38905061770340765,0.8600447962406305,-1.1110690445942428,,-49.942374868211644,,-4.690751722123556
1h,fz2.5_react0_body0.25_cl0.7_cs0.3,model_a,stress,next_open,2.5,0.0,0.25,0.7,0.3,90,1.0,1.5,6,8.0,10.0,298,328.463221425877,0.3691275167785235,-0.34835749540078753,-103.81053362943469,-110.3791464518905,17,0.5004967672658003,0.9456092498007087,-1.1054656973803865,,-0.5046600792047874,,-15.483472649445437
1h,fz2.5_react0_body0.25_cl0.6_cs0.4,model_a,stress,next_open,2.5,0.0,0.25,0.6,0.4,90,1.0,1.5,6,8.0,10.0,329,362.63221425877026,0.3556231003039514,-0.359811064784999,-118.37784031426467,-126.18099748765982,17,0.49008632310134154,0.9724347560855277,-1.0950599376239216,,-5.943081113986582,,-12.437188113449643
1h,fz2.5_react0.25_body0.25_cl0.7_cs0.3,model_a,stress,next_open,2.5,0.25,0.25,0.7,0.3,90,1.0,1.5,6,8.0,10.0,288,317.4409656733308,0.3645833333333333,-0.36444100487425746,-104.95900940378614,-111.14034953785013,16,0.4836781339967651,0.9364106855716744,-1.1108313190645462,,-4.384807418905507,,-5.768950884882359
1h,fz2.5_react0.25_body0.5_cl0.6_cs0.4,model_a,stress,next_open,2.5,0.25,0.5,0.6,0.4,90,1.0,1.5,6,8.0,10.0,267,294.3312374245473,0.36704119850187267,-0.3697194076509643,-98.71508184280746,-105.8188675611031,15,0.48944219129896305,0.9656370383889276,-1.1440681160054578,,-9.660120031056884,,-1.623169564682947
1h,fz2.5_react0.25_body0.5_cl0.7_cs0.3,model_a,stress,next_open,2.5,0.25,0.5,0.7,0.3,90,1.0,1.5,6,8.0,10.0,245,270.0792253521127,0.37142857142857144,-0.3704379156591033,-90.7572893364803,-95.62729364800042,13,0.47903767430542915,0.9170720901252585,-1.131239282713499,,-8.496795677047917,,-12.887841314220108
1h,fz2.5_react0_body0.5_cl0.7_cs0.3,model_a,stress,next_open,2.5,0.0,0.5,0.7,0.3,90,1.0,1.5,6,8.0,10.0,249,274.48868209255534,0.36947791164658633,-0.37424556365541745,-93.18714535019895,-98.05714966171908,13,0.472666786155686,0.9079002600774942,-1.1255666832950855,,-8.496795677047917,,-11.989799921144236
1h,fz2.5_react0_body0.5_cl0.6_cs0.4,model_a,stress,next_open,2.5,0.0,0.5,0.6,0.4,90,1.0,1.5,6,8.0,10.0,271,298.7406941649899,0.36531365313653136,-0.3750493873409442,-101.63838396939587,-108.74216968769151,15,0.4823455574231421,0.9566231665438975,-1.1415353340537309,,-5.750801165167681,,-18.454077631185715
1h,fz2.5_react0.25_body0.25_cl0.6_cs0.4,model_a,stress,next_open,2.5,0.25,0.25,0.6,0.4,90,1.0,1.5,6,8.0,10.0,319,351.6099585062241,0.34796238244514105,-0.38542669963986964,-122.95111718511842,-130.36700167012177,16,0.4660883846096718,0.9669597823506373,-1.1071329472405729,,-6.284510246026212,,-1.623169564682947
1h,fz1.5_react0_body0.25_cl0.6_cs0.4,model_a,stress,next_open,1.5,0.0,0.25,0.6,0.4,90,1.0,1.5,6,8.0,10.0,1326,1455.511645379414,0.3438914027149321,-0.4283179977349886,-567.9496649965948,-575.5590013430163,22,0.42517862231874165,0.9212627559058522,-1.1356844617122568,,-174.93026856146318,,-35.92771654400854
1h,fz1.5_react0_body0.5_cl0.7_cs0.3,model_a,stress,next_open,1.5,0.0,0.5,0.7,0.3,90,1.0,1.5,6,8.0,10.0,973,1068.1675641828429,0.3473792394655704,-0.4362006136803365,-424.42319711096746,-427.8866120198731,19,0.41842834105204046,0.9034419871672089,-1.1492702185409198,,-117.04050675633373,,-53.667697340793346
1h,fz1.5_react0.25_body0.25_cl0.6_cs0.4,model_a,stress,next_open,1.5,0.25,0.25,0.6,0.4,90,1.0,1.5,6,8.0,10.0,1254,1376.4793388429753,0.34609250398724084,-0.4375120641104799,-548.6401283945418,-555.8621920525711,22,0.4203195779866844,0.916618939255583,-1.1542106683310547,,-167.8153760754344,,-38.152221103866815
1h,fz1.5_react0.25_body0.5_cl0.7_cs0.3,model_a,stress,next_open,1.5,0.25,0.5,0.7,0.3,90,1.0,1.5,6,8.0,10.0,962,1056.0916718847839,0.3471933471933472,-0.43853241203576,-421.8681803784011,-425.33159528730675,19,0.4176352185478802,0.905799996666461,-1.1535117504219732,,-117.56317838082542,,-24.01653855755681
1h,fz1.5_react0_body0.5_cl0.6_cs0.4,model_a,stress,next_open,1.5,0.0,0.5,0.6,0.4,90,1.0,1.5,6,8.0,10.0,1064,1168.0681277395115,0.3458646616541353,-0.4392946612837809,-467.4095196059429,-473.35876819875233,20,0.41683114912690494,0.9078531014240199,-1.1515796852442273,,-124.4309293531337,,-64.89498516807203
1h,fz1.5_react0.25_body0.5_cl0.6_cs0.4,model_a,stress,next_open,1.5,0.25,0.5,0.6,0.4,90,1.0,1.5,6,8.0,10.0,1048,1150.5031934877895,0.3463740458015267,-0.4404045597910199,-461.54397866098884,-467.4932272537982,20,0.41826020822562626,0.9141642694125299,-1.1582271656317331,,-43.90971617629223,,-42.85292527726348
1h,fz1.5_react0.25_body0.25_cl0.7_cs0.3,model_a,stress,next_open,1.5,0.25,0.25,0.7,0.3,90,1.0,1.5,6,8.0,10.0,1127,1237.0751314800902,0.3433895297249335,-0.4405922986261536,-496.5475205516751,-501.2943625306947,21,0.41610240777331875,0.9143519534562412,-1.149191522350325,,-30.53974715385753,,-5.497167432706508
1h,fz1.5_react0_body0.25_cl0.7_cs0.3,model_a,stress,next_open,1.5,0.0,0.25,0.7,0.3,90,1.0,1.5,6,8.0,10.0,1189,1305.1307287753568,0.3380992430613961,-0.4423400187584227,-525.9422823037646,-531.0763969711763,21,0.4132508148938922,0.9214531458835924,-1.1389662604180035,,-61.87624327758007,,-5.497167432706508
1h,fz2_react0_body0.25_cl0.6_cs0.4,model_a,stress,next_open,2.0,0.0,0.25,0.6,0.4,90,1.0,1.5,6,8.0,10.0,633,697.0952261306533,0.32701421800947866,-0.452375822975025,-286.3538959431908,-295.98792025474046,16,0.3997028994007751,0.9210936824782999,-1.1197659347798097,,-23.672260818153482,,-3.6373150671278527
1h,fz2_react0.25_body0.25_cl0.7_cs0.3,model_a,stress,next_open,2.0,0.25,0.25,0.7,0.3,90,1.0,1.5,6,8.0,10.0,543,597.756875549416,0.3278084714548803,-0.4712717898545212,-255.900581891005,-263.9127891632233,17,0.3846662219343525,0.8987203325927913,-1.1393775372397859,,-12.753093463755114,,-21.418327996945294
1h,fz2_react0.25_body0.25_cl0.6_cs0.4,model_a,stress,next_open,2.0,0.25,0.25,0.6,0.4,90,1.0,1.5,6,8.0,10.0,606,667.3613065326633,0.3234323432343234,-0.47261497024033533,-286.4046719656432,-295.651423588801,17,0.3849550553558236,0.9145915843372245,-1.1357673719408274,,-20.469503164867277,,-27.447213332299143
1h,fz2_react0_body0.25_cl0.7_cs0.3,model_a,stress,next_open,2.0,0.0,0.25,0.7,0.3,90,1.0,1.5,6,8.0,10.0,568,625.2779103353007,0.323943661971831,-0.4730920957723794,-268.71631039871147,-277.11579035932147,16,0.3831651107209545,0.907179508825949,-1.1344722396424116,,-21.961362120433673,,-19.53891570355021
1h,fz2_react0_body0.5_cl0.7_cs0.3,model_a,stress,next_open,2.0,0.0,0.5,0.7,0.3,90,1.0,1.5,6,8.0,10.0,479,527.3692539562924,0.3277661795407098,-0.4778283477231925,-228.8797785594092,-235.08404951734212,17,0.374930392089667,0.8744400392304938,-1.1371641761447104,,-13.507369611605627,,-14.245965177922738
1h,fz2_react0_body0.5_cl0.6_cs0.4,model_a,stress,next_open,2.0,0.0,0.5,0.6,0.4,90,1.0,1.5,6,8.0,10.0,521,573.6103993971363,0.32437619961612285,-0.47807498001074206,-249.07706458559662,-257.76716922743344,17,0.379706514414779,0.9021896950765751,-1.140758872311187,,-13.867057555040091,,-14.64154899709036
1h,fz2_react0.25_body0.5_cl0.6_cs0.4,model_a,stress,next_open,2.0,0.25,0.5,0.6,0.4,90,1.0,1.5,6,8.0,10.0,515,567.0045214770158,0.32427184466019415,-0.47938607761139024,-246.88382996986599,-255.57393461170284,17,0.37985031581043,0.9055076837149875,-1.1439758998570946,,-12.58675983641898,,-14.664761344109968
1h,fz2_react0.25_body0.5_cl0.7_cs0.3,model_a,stress,next_open,2.0,0.25,0.5,0.7,0.3,90,1.0,1.5,6,8.0,10.0,474,521.8643556895253,0.3270042194092827,-0.4804497427493019,-227.7331780631691,-233.9374490211021,17,0.37396380957645414,0.8776568443332209,-1.140344792899117,,-12.227071892984515,,-15.113335637140365
1h,fz2.5_react0_body0.5_cl0.7_cs0.3,model_b,base,next_close,2.5,0.0,0.5,0.7,0.3,90,1.2,2.0,8,4.0,5.0,221,243.4082171127026,0.4343891402714932,-0.05924828874131854,-13.093871811831397,-29.43798458585306,10,0.8841695879108111,1.0411416565831713,-0.9043477667505266,,7.790305745827975,,5.160483896943358
1h,fz2.5_react0.25_body0.5_cl0.7_cs0.3,model_b,base,next_close,2.5,0.25,0.5,0.7,0.3,90,1.2,2.0,8,4.0,5.0,218,240.10403316999623,0.43119266055045874,-0.05973194583007744,-13.021564190956882,-29.538043141854846,10,0.8843682546932533,1.0594765935768995,-0.9081642257031083,,7.790305745827975,,5.160483896943358
1h,fz2.5_react0_body0.25_cl0.7_cs0.3,model_b,base,next_close,2.5,0.0,0.25,0.7,0.3,90,1.2,2.0,8,4.0,5.0,256,281.92160804020097,0.4453125,-0.06974317698606895,-17.854253308433652,-33.02634704868198,9,0.8623576310342356,0.9812329260366609,-0.9134845554691056,,6.859265494153613,,9.17729542114435
1h,fz2.5_react0.25_body0.25_cl0.7_cs0.3,model_b,base,next_close,2.5,0.25,0.25,0.7,0.3,90,1.2,2.0,8,4.0,5.0,248,273.1115577889447,0.42338709677419356,-0.08581286854182174,-21.28159139837179,-34.946656103151945,10,0.8362402385821566,1.034995986937779,-0.908784405782088,,8.002457323383881,,4.517344824141247
1h,fz2.5_react0_body0.5_cl0.6_cs0.4,model_b,base,next_close,2.5,0.0,0.5,0.6,0.4,90,1.2,2.0,8,4.0,5.0,235,258.82774217866563,0.425531914893617,-0.08884718827628106,-20.87908924492605,-33.380896496760684,10,0.8324528660174777,1.037371232120656,-0.9230830552369753,,7.553127640820334,,4.976038730432879
1h,fz2.5_react0.25_body0.5_cl0.6_cs0.4,model_b,base,next_close,2.5,0.25,0.5,0.6,0.4,90,1.2,2.0,8,4.0,5.0,233,256.62495288352807,0.4248927038626609,-0.08892835720580335,-20.72030722895218,-33.222114480786814,10,0.8332145590032904,1.0455858765301427,-0.9271142463092262,,7.553127640820334,,4.751917294851397
1h,fz2.5_react0_body0.25_cl0.6_cs0.4,model_b,base,next_close,2.5,0.0,0.25,0.6,0.4,90,1.2,2.0,8,4.0,5.0,276,303.94673366834166,0.4166666666666667,-0.12138009642108781,-33.500906612220234,-42.08702065536295,14,0.7727025656282566,0.9903222587269752,-0.9154532072411329,,7.631906616851008,,9.758009654832843
1h,fz2.5_react0.25_body0.25_cl0.6_cs0.4,model_b,base,next_close,2.5,0.25,0.25,0.6,0.4,90,1.2,2.0,8,4.0,5.0,267,294.0354271356784,0.4044943820224719,-0.12813659872578378,-34.21247185978427,-43.1989170360353,14,0.7645892036876669,1.0288746871279772,-0.9140310570415461,,8.780156205331052,,5.185302331695715
1h,fz1.5_react0_body0.5_cl0.7_cs0.3,model_b,base,next_close,1.5,0.0,0.5,0.7,0.3,90,1.2,2.0,8,4.0,5.0,849,932.0393237319975,0.39693757361601884,-0.15508549220689974,-131.66758288365787,-139.8325732745526,22,0.7198686573197021,1.0040157468503734,-0.918009549945769,,-4.059163670598677,,1.5599104720652093
1h,fz2_react0.25_body0.25_cl0.7_cs0.3,model_b,base,next_close,2.0,0.25,0.25,0.7,0.3,90,1.2,2.0,8,4.0,5.0,462,508.5887228431495,0.3939393939393939,-0.15537217597264252,-71.78194529936084,-78.36771077145436,15,0.7169781839012466,0.9991480920705785,-0.9058103502007362,,11.300219739314757,,3.075585780641715
1h,fz1.5_react0.25_body0.5_cl0.7_cs0.3,model_b,base,next_close,1.5,0.25,0.5,0.7,0.3,90,1.2,2.0,8,4.0,5.0,840,922.1590482154038,0.3952380952380952,-0.15875962679038816,-133.35808650392605,-143.02258029732127,22,0.7151051947067742,1.0082463861747228,-0.9214485958935709,,-3.6239485519919103,,0.25302822827203264
1h,fz1.5_react0_body0.25_cl0.7_cs0.3,model_b,base,next_close,1.5,0.0,0.25,0.7,0.3,90,1.2,2.0,8,4.0,5.0,998,1095.4755822689708,0.39478957915831664,-0.16110156173909634,-160.77935861561815,-168.57479662548633,26,0.7130733589879226,1.014138819272858,-0.9277318765051726,,0.7809063326856069,,3.5934380893241866
1h,fz2_react0.25_body0.5_cl0.7_cs0.3,model_b,base,next_close,2.0,0.25,0.5,0.7,0.3,90,1.2,2.0,8,4.0,5.0,417,459.1085154483798,0.3980815347721823,-0.16311838192907877,-68.02036526442585,-74.0329445778647,17,0.701829339129518,0.9644894537814626,-0.9088669904069666,,5.46618052615184,,3.418654488855881
1h,fz1.5_react0_body0.5_cl0.6_cs0.4,model_b,base,next_close,1.5,0.0,0.5,0.6,0.4,90,1.2,2.0,8,4.0,5.0,910,999.0056355666875,0.3901098901098901,-0.1638484519097915,-149.10209123791026,-164.06359273485452,17,0.7064512362893788,1.0107815718984328,-0.9151883770483854,,-10.798596767450446,,4.618926901816705
1h,fz1.5_react0.25_body0.25_cl0.7_cs0.3,model_b,base,next_close,1.5,0.25,0.25,0.7,0.3,90,1.2,2.0,8,4.0,5.0,956,1049.3734034560482,0.39330543933054396,-0.16395678434435915,-156.74268583320733,-164.30563656407122,26,0.7102324236241563,1.0217629385406761,-0.9326302598698303,,2.2341470157784054,,6.010866259924791
1h,fz2_react0_body0.5_cl0.7_cs0.3,model_b,base,next_close,2.0,0.0,0.5,0.7,0.3,90,1.2,2.0,8,4.0,5.0,421,463.5124340617935,0.3990498812351544,-0.16437764557658965,-69.20298878774425,-75.2155681011831,17,0.6986812318133656,0.9551431462111827,-0.9077748511906044,,5.46618052615184,,3.729250319536717
1h,fz2_react0_body0.25_cl0.7_cs0.3,model_b,base,next_close,2.0,0.0,0.25,0.7,0.3,90,1.2,2.0,8,4.0,5.0,481,529.5047092804219,0.39501039501039503,-0.16672053764274197,-80.19257860615889,-87.01083135725656,15,0.6972462778067575,0.9720246774526452,-0.9102311591826856,,11.300796747286803,,8.405393061276001
1h,fz1.5_react0.25_body0.5_cl0.6_cs0.4,model_b,base,next_close,1.5,0.25,0.5,0.6,0.4,90,1.2,2.0,8,4.0,5.0,901,989.1253600500938,0.38845726970033295,-0.1679316241989395,-151.3063934032445,-167.81189623043963,17,0.7020870272453423,1.0188042977348934,-0.921756619982681,,-14.64669685993367,,6.1629282320676575
1h,fz2_react0.25_body0.25_cl0.6_cs0.4,model_b,base,next_close,2.0,0.25,0.25,0.6,0.4,90,1.2,2.0,8,4.0,5.0,495,544.9849284099472,0.38181818181818183,-0.17369537190858544,-85.97920909474979,-94.18840340525992,19,0.6890097019051902,1.0078830422994352,-0.9034938042135393,,12.06972132552068,,3.599560464809901
1h,fz2_react0.25_body0.5_cl0.6_cs0.4,model_b,base,next_close,2.0,0.25,0.5,0.6,0.4,90,1.2,2.0,8,4.0,5.0,442,486.63300678221555,0.3891402714932127,-0.1789417986634724,-79.0922750092548,-85.10485432269363,20,0.6783066886345875,0.9695934863159136,-0.9106013135392294,,3.1993190785111434,,5.301034939621953
1h,fz2_react0_body0.5_cl0.6_cs0.4,model_b,base,next_close,2.0,0.0,0.5,0.6,0.4,90,1.2,2.0,8,4.0,5.0,446,491.0369253956292,0.3901345291479821,-0.17993386855995697,-80.25050537774081,-86.26308469117963,20,0.6755662139449944,0.9603739576543124,-0.9093954926823206,,3.1993190785111434,,5.5251563752034345
1h,fz1.5_react0_body0.25_cl0.6_cs0.4,model_b,base,next_close,1.5,0.0,0.25,0.6,0.4,90,1.2,2.0,8,4.0,5.0,1083,1188.7776108189332,0.38134810710988,-0.18065372297588464,-195.64798198288307,-207.44329591376882,18,0.6837180285177646,1.0240659248788606,-0.9232644909818694,,-42.57338284004373,,2.39184690261432
1h,fz2_react0_body0.25_cl0.6_cs0.4,model_b,base,next_close,2.0,0.0,0.25,0.6,0.4,90,1.2,2.0,8,4.0,5.0,516,568.1055011303692,0.38372093023255816,-0.18619190873171207,-96.07502490556342,-104.51670649507773,19,0.6662386945759522,0.9685882194972337,-0.9052059508365274,,12.070298333492726,,8.90211953396462
1h,fz1.5_react0.25_body0.25_cl0.6_cs0.4,model_b,base,next_close,1.5,0.25,0.25,0.6,0.4,90,1.2,2.0,8,4.0,5.0,1042,1143.7731029301278,0.3771593090211132,-0.1883409666951179,-196.25128729631285,-207.8141139481944,19,0.6747875026796805,1.0361431688169347,-0.9298236558418618,,0.27587966957400134,,4.9046977945261085
1h,fz2.5_react0.25_body0.5_cl0.7_cs0.3,model_b,base,next_open,2.5,0.25,0.5,0.7,0.3,90,1.2,2.0,8,4.0,5.0,228,251.11797964568413,0.39473684210526316,-0.10671254126147246,-24.33045940761572,-29.855341118816924,9,0.8168492055621812,1.2057045063803535,-0.9626367027670111,,5.448449553408075,,5.812928291051451
1h,fz2.5_react0_body0.5_cl0.7_cs0.3,model_b,base,next_open,2.5,0.0,0.5,0.7,0.3,90,1.2,2.0,8,4.0,5.0,231,254.4221635883905,0.3939393939393939,-0.10740520646808088,-24.810602694126683,-30.335484405327882,9,0.8141724633018979,1.194544303525529,-0.9536723879639273,,5.5790960418256414,,5.880172388316165
1h,fz2.5_react0_body0.25_cl0.7_cs0.3,model_b,base,next_open,2.5,0.0,0.25,0.7,0.3,90,1.2,2.0,8,4.0,5.0,268,295.1366834170854,0.40671641791044777,-0.12591157957167423,-33.74430332520869,-39.7442661126569,11,0.7829603078128206,1.1167977994495066,-0.9778318456931127,,4.652897040162342,,9.148686677969753
1h,fz2.5_react0.25_body0.5_cl0.6_cs0.4,model_b,base,next_open,2.5,0.25,0.5,0.6,0.4,90,1.2,2.0,8,4.0,5.0,244,268.7402940067848,0.38934426229508196,-0.13732281895515697,-33.5067678250583,-39.03164953625949,11,0.7716150269638258,1.191631794937379,-0.9846428747926799,,5.59413301864676,,6.001151283582983
1h,fz2.5_react0_body0.5_cl0.6_cs0.4,model_b,base,next_open,2.5,0.0,0.5,0.6,0.4,90,1.2,2.0,8,4.0,5.0,247,272.0444779494911,0.38866396761133604,-0.13983991954238179,-34.5404601269683,-40.065341838169495,11,0.7665169265250757,1.1811994433921074,-0.9797060045868252,,5.59413301864676,,6.191277330174307
1h,fz2.5_react0.25_body0.25_cl0.7_cs0.3,model_b,base,next_open,2.5,0.25,0.25,0.7,0.3,90,1.2,2.0,8,4.0,5.0,264,290.7316582914573,0.3977272727272727,-0.14343756486324932,-37.86751712389782,-43.63565780553223,11,0.7579084158202296,1.1290536226750927,-0.9837619339923431,,4.387329418218167,,6.840744180693305
1h,fz2.5_react0_body0.25_cl0.6_cs0.4,model_b,base,next_open,2.5,0.0,0.25,0.6,0.4,90,1.2,2.0,8,4.0,5.0,292,321.56683417085424,0.3904109589041096,-0.16101826769848962,-47.01733416795897,-54.91302784511435,12,0.730615987057514,1.1185888936969683,-0.9805419553337829,,2.408814564701689,,9.345111879711052
1h,fz1.5_react0.25_body0.25_cl0.6_cs0.4,model_b,base,next_open,1.5,0.25,0.25,0.6,0.4,90,1.2,2.0,8,4.0,5.0,1110,1218.4147257700977,0.3810810810810811,-0.16579597450847972,-184.0335317044125,-191.99642100840387,21,0.7236851924121175,1.1394679663401788,-0.96947377214892,,-28.181143032111894,,3.8797880707450116
1h,fz1.5_react0_body0.25_cl0.6_cs0.4,model_b,base,next_open,1.5,0.0,0.25,0.6,0.4,90,1.2,2.0,8,4.0,5.0,1152,1264.5169045830203,0.3802083333333333,-0.16709615570584985,-192.49477137313903,-200.6894827829443,23,0.718572263686109,1.122143451427328,-0.9579742340312448,,0.6350819943619943,,4.216855751909524
1h,fz2.5_react0.25_body0.25_cl0.6_cs0.4,model_b,base,next_open,2.5,0.25,0.25,0.6,0.4,90,1.2,2.0,8,4.0,5.0,286,314.95929648241207,0.38461538461538464,-0.16853115172008235,-48.19990939194355,-55.863780963285144,12,0.7225484493764374,1.1411253510407868,-0.9870664659456256,,1.603887362005394,,7.249970399411033
1h,fz1.5_react0_body0.5_cl0.6_cs0.4,model_b,base,next_open,1.5,0.0,0.5,0.6,0.4,90,1.2,2.0,8,4.0,5.0,957,1050.339551771629,0.3845350052246604,-0.17696145331358556,-169.35211082110138,-174.9080596175216,21,0.7037843963841766,1.0933884888945675,-0.9706605683095114,,-51.78901902397652,,0.14291176215186074
1h,fz1.5_react0.25_body0.5_cl0.6_cs0.4,model_b,base,next_open,1.5,0.25,0.5,0.6,0.4,90,1.2,2.0,8,4.0,5.0,948,1040.4617503443094,0.3829113924050633,-0.17818166921741108,-168.9162224181057,-174.47217121452584,20,0.7037299572089046,1.1053072894592741,-0.974603023062944,,-51.379756510480746,,1.0972247692954846
1h,fz1.5_react0.25_body0.25_cl0.7_cs0.3,model_b,base,next_open,1.5,0.25,0.25,0.7,0.3,90,1.2,2.0,8,4.0,5.0,1014,1112.8989608113184,0.378698224852071,-0.18239407631427074,-184.94759338267053,-191.01475179695464,21,0.6961390428012231,1.1034141532603223,-0.9661248067216418,,2.6226102109548397,,-16.068101178916724
1h,fz1.5_react0_body0.25_cl0.7_cs0.3,model_b,base,next_open,1.5,0.0,0.25,0.7,0.3,90,1.2,2.0,8,4.0,5.0,1054,1156.8003004882935,0.3747628083491461,-0.18602687851979754,-196.0723299598666,-202.37131047996462,23,0.6892066028099951,1.1007706968353215,-0.9573243629891026,,-11.819201126143744,,-6.760557039341031
1h,fz1.5_react0_body0.5_cl0.7_cs0.3,model_b,base,next_open,1.5,0.0,0.5,0.7,0.3,90,1.2,2.0,8,4.0,5.0,885,971.3171403530737,0.3807909604519774,-0.186280274773839,-164.8580431748475,-170.63348724677374,20,0.6875865516539104,1.0766583006631256,-0.9629414060188337,,1.3539439403459281,,-5.436825987981788
1h,fz1.5_react0.25_body0.5_cl0.7_cs0.3,model_b,base,next_open,1.5,0.25,0.5,0.7,0.3,90,1.2,2.0,8,4.0,5.0,877,962.5368724176788,0.3808437856328392,-0.18679128500669173,-163.81595695086864,-169.7470643853914,20,0.687892566930899,1.0810013621119998,-0.9666121766045609,,2.432539411805612,,-14.041667122492559
1h,fz2_react0.25_body0.5_cl0.7_cs0.3,model_b,base,next_open,2.0,0.25,0.5,0.7,0.3,90,1.2,2.0,8,4.0,5.0,436,479.9065796082371,0.36926605504587157,-0.20432582637281307,-89.0860602985465,-95.03254139589454,12,0.6600197178504075,1.0742047227793934,-0.9528473478764685,,3.400766679636073,,6.721282756964868
1h,fz2_react0_body0.25_cl0.6_cs0.4,model_b,base,next_open,2.0,0.0,0.25,0.6,0.4,90,1.2,2.0,8,4.0,5.0,550,605.5388093443859,0.3709090909090909,-0.20512758399164976,-112.82017119540737,-122.47704189738327,16,0.6601778318893304,1.0743995496472933,-0.9595308650966914,,3.4161994958535,,10.50971019934466
1h,fz2_react0_body0.5_cl0.7_cs0.3,model_b,base,next_open,2.0,0.0,0.5,0.7,0.3,90,1.2,2.0,8,4.0,5.0,440,484.30939226519337,0.36818181818181817,-0.20607530697303067,-90.67313506813349,-96.61961616548155,12,0.656294079286655,1.0687474470004548,-0.948957631230961,,3.147238241891898,,6.788526854229582
1h,fz2_react0.25_body0.25_cl0.6_cs0.4,model_b,base,next_open,2.0,0.25,0.25,0.6,0.4,90,1.2,2.0,8,4.0,5.0,535,589.0241145440843,0.36822429906542054,-0.2084331108591208,-111.51171430962964,-120.93676290579171,16,0.6596248175375448,1.096966503042719,-0.969272530795992,,0.636647592530257,,5.455933754806479
1h,fz2_react0.25_body0.5_cl0.6_cs0.4,model_b,base,next_open,2.0,0.25,0.5,0.6,0.4,90,1.2,2.0,8,4.0,5.0,467,514.0283776996484,0.3683083511777302,-0.21262544453069232,-99.29608259583331,-105.24256369318141,12,0.6513302735849317,1.0784268491057691,-0.9653745784475445,,1.4580072002088649,,5.563662270422231
1h,fz2_react0.25_body0.25_cl0.7_cs0.3,model_b,base,next_open,2.0,0.25,0.25,0.7,0.3,90,1.2,2.0,8,4.0,5.0,492,541.477966101695,0.36585365853658536,-0.21327578861143723,-104.93168799682712,-111.49778517564594,15,0.6492154609163018,1.0789034071002024,-0.9587637861373832,,2.7295497267764306,,3.494233924282706
1h,fz2_react0_body0.5_cl0.6_cs0.4,model_b,base,next_open,2.0,0.0,0.5,0.6,0.4,90,1.2,2.0,8,4.0,5.0,472,519.5318935208438,0.3686440677966102,-0.21486127136222682,-101.41452008297107,-107.36100118031916,12,0.6467823750286298,1.0672513240840913,-0.9634773505825603,,1.4580072002088649,,5.753788317013555
1h,fz2_react0_body0.25_cl0.7_cs0.3,model_b,base,next_open,2.0,0.0,0.25,0.7,0.3,90,1.2,2.0,8,4.0,5.0,507,557.9864406779661,0.3609467455621302,-0.22226046667698904,-112.68605660523345,-119.48397588986609,15,0.6353983463535323,1.0731156725492208,-0.9539081008695705,,1.9059646048523702,,6.16933569171211
1h,fz2.5_react0_body0.5_cl0.7_cs0.3,model_b,stress,next_close,2.5,0.0,0.5,0.7,0.3,90,1.2,2.0,8,8.0,10.0,223,245.61100640784016,0.3991031390134529,-0.21454179204249463,-47.8428196254763,-51.04113372412742,10,0.6452247536639405,0.9776523995180919,-1.0063722625566156,,4.004508775575422,,2.4662818461367793
1h,fz2.5_react0.25_body0.5_cl0.7_cs0.3,model_b,stress,next_close,2.5,0.25,0.5,0.7,0.3,90,1.2,2.0,8,8.0,10.0,220,242.30682246513382,0.39545454545454545,-0.21624111463043327,-47.57304521869532,-50.771359317346445,10,0.6456805489905243,0.9964704140277484,-1.0095185807451834,,4.004508775575422,,2.4662818461367793
1h,fz2.5_react0_body0.25_cl0.7_cs0.3,model_b,stress,next_close,2.5,0.0,0.25,0.7,0.3,90,1.2,2.0,8,8.0,10.0,259,285.2253768844221,0.3938223938223938,-0.23736896536616028,-61.478562029835516,-65.17019506387531,15,0.6138421557795491,0.9581100115203132,-1.0140495745535507,,1.8870779742664312,,6.0257198553904185
1h,fz2.5_react0_body0.5_cl0.6_cs0.4,model_b,stress,next_close,2.5,0.0,0.5,0.6,0.4,90,1.2,2.0,8,8.0,10.0,237,261.03053147380325,0.3924050632911392,-0.24109504243274738,-57.139525056561126,-60.09436598017248,12,0.6124094071197412,0.9707833140405208,-1.0237664809883997,,3.7184677935196326,,2.4662818461367793
1h,fz2.5_react0.25_body0.5_cl0.6_cs0.4,model_b,stress,next_close,2.5,0.25,0.5,0.6,0.4,90,1.2,2.0,8,8.0,10.0,235,258.82774217866563,0.39148936170212767,-0.2417049178854228,-56.80065570307436,-59.755496626685705,12,0.6132702714768622,0.9790612818289353,-1.0270929624568979,,3.7184677935196326,,2.4662818461367793
1h,fz2.5_react0.25_body0.25_cl0.7_cs0.3,model_b,stress,next_close,2.5,0.25,0.25,0.7,0.3,90,1.2,2.0,8,8.0,10.0,250,275.3140703517588,0.38,-0.24427242194078902,-61.06810548519726,-64.59622822404634,15,0.6104292850266569,1.0072560854259724,-1.0113382812946108,,2.5147108373224265,,1.8927480258519265
1h,fz2.5_react0_body0.25_cl0.6_cs0.4,model_b,stress,next_close,2.5,0.0,0.25,0.6,0.4,90,1.2,2.0,8,8.0,10.0,279,307.2505025125628,0.3727598566308244,-0.28495283549083905,-79.5018411019441,-83.19347413598388,15,0.5564689106629311,0.9590929209767975,-1.02427145647732,,1.8109098838399107,,6.409764023567011
1h,fz2.5_react0.25_body0.25_cl0.6_cs0.4,model_b,stress,next_close,2.5,0.25,0.25,0.6,0.4,90,1.2,2.0,8,8.0,10.0,270,297.3391959798995,0.362962962962963,-0.2912624876026024,-78.64087165270266,-82.16899439155172,15,0.5527659084361798,0.9918102489824201,-1.0223155584475572,,3.1075126135320126,,1.248433719984721
1h,fz1.5_react0_body0.5_cl0.7_cs0.3,model_b,stress,next_close,1.5,0.0,0.5,0.7,0.3,90,1.2,2.0,8,8.0,10.0,853,936.4305572949279,0.3563892145369285,-0.32138616197442194,-274.1423961641819,-279.66210291023157,22,0.5118027789120605,0.9453877214622928,-1.0228420099976665,,-25.609454902728693,,-0.6750211781459037
1h,fz1.5_react0.25_body0.5_cl0.7_cs0.3,model_b,stress,next_close,1.5,0.25,0.5,0.7,0.3,90,1.2,2.0,8,8.0,10.0,844,926.5502817783344,0.3542654028436019,-0.32583472731228413,-275.00450985156783,-280.5242165976175,22,0.5082191674494467,0.9504911339978617,-1.0260575392971165,,-12.478459915341713,,-13.039403457081221
1h,fz2_react0.25_body0.25_cl0.7_cs0.3,model_b,stress,next_close,2.0,0.25,0.25,0.7,0.3,90,1.2,2.0,8,8.0,10.0,466,512.992088408891,0.34549356223175964,-0.33278450486586914,-155.07757926749503,-160.58101368707835,20,0.4993698428493237,0.9607899274127994,-1.0156221560031335,,1.9796620395532993,,-7.821058528218609
1h,fz1.5_react0_body0.5_cl0.6_cs0.4,model_b,stress,next_close,1.5,0.0,0.5,0.6,0.4,90,1.2,2.0,8,8.0,10.0,919,1008.8859110832811,0.3482045701849837,-0.33525129139068005,-308.095936788035,-313.61564353408465,17,0.49730481534956666,0.9524757598687182,-1.023185609258806,,-20.801596947648466,,-15.996001467182102
1h,fz2_react0.25_body0.5_cl0.7_cs0.3,model_b,stress,next_close,2.0,0.25,0.5,0.7,0.3,90,1.2,2.0,8,8.0,10.0,421,463.5124340617935,0.35629453681710216,-0.33635127165593776,-141.6038853671498,-146.53262956302302,17,0.487784334272935,0.8989983656751512,-1.0201241336473152,,-8.64556613022217,,-8.757273756670422
1h,fz2_react0_body0.5_cl0.7_cs0.3,model_b,stress,next_close,2.0,0.0,0.5,0.7,0.3,90,1.2,2.0,8,8.0,10.0,425,467.91635267520724,0.35764705882352943,-0.33669263269730637,-143.0943688963552,-148.02311309222847,17,0.4857571837593037,0.889262449920847,-1.0192756823601612,,-9.878847695739758,,-13.726378563755823
1h,fz1.5_react0.25_body0.5_cl0.6_cs0.4,model_b,stress,next_close,1.5,0.25,0.5,0.6,0.4,90,1.2,2.0,8,8.0,10.0,910,999.0056355666875,0.34725274725274724,-0.3398737072587708,-309.28507360548144,-314.8047803515311,17,0.4948351984720259,0.9587367613517588,-1.0307169868562915,,-34.097173190579326,,-18.94361012938056
1h,fz1.5_react0.25_body0.25_cl0.7_cs0.3,model_b,stress,next_close,1.5,0.25,0.25,0.7,0.3,90,1.2,2.0,8,8.0,10.0,961,1054.861758076634,0.34547346514047866,-0.3413311565906248,-328.0192414835904,-334.04564144108065,26,0.49802562187165256,0.9802376342780718,-1.0388841590841178,,-13.378000484699674,,-13.491520841373807
1h,fz1.5_react0_body0.25_cl0.7_cs0.3,model_b,stress,next_close,1.5,0.0,0.25,0.7,0.3,90,1.2,2.0,8,8.0,10.0,1007,1105.3546205860255,0.3445878848063555,-0.3413885128145427,-343.7782324042445,-350.0376203367037,26,0.496001675401176,0.9749962608463085,-1.0334877801786568,,-16.175262412021215,,-16.464472469403987
1h,fz2_react0_body0.25_cl0.7_cs0.3,model_b,stress,next_close,2.0,0.0,0.25,0.7,0.3,90,1.2,2.0,8,8.0,10.0,487,536.1097576290342,0.34496919917864477,-0.34256917035015266,-166.83118596052435,-172.5676083550769,15,0.48723889647645996,0.9436149930747894,-1.0199326169187741,,1.9808164545600182,,0.42859052147058496
1h,fz2_react0.25_body0.5_cl0.6_cs0.4,model_b,stress,next_close,2.0,0.25,0.5,0.6,0.4,90,1.2,2.0,8,8.0,10.0,447,492.13790504898265,0.3512304250559284,-0.34954438771010377,-156.24634130641638,-161.1750855022896,20,0.473257759162592,0.8941488046317353,-1.0228541504606856,,-9.423353243654422,,-9.497919039315704
1h,fz2_react0.25_body0.25_cl0.6_cs0.4,model_b,stress,next_close,2.0,0.25,0.25,0.6,0.4,90,1.2,2.0,8,8.0,10.0,501,551.5908063300678,0.33532934131736525,-0.34964228729964747,-175.17078593712338,-181.4637538730583,23,0.4817668358514789,0.9693131291450198,-1.0150612361365967,,3.376368728535604,,0.6388085182277776
1h,fz2_react0_body0.5_cl0.6_cs0.4,model_b,stress,next_close,2.0,0.0,0.5,0.6,0.4,90,1.2,2.0,8,8.0,10.0,451,496.5418236623964,0.35033259423503327,-0.3501565320750579,-157.92059596585113,-162.8493401617243,20,0.4709725712372013,0.8898137506625876,-1.0188094490462114,,-10.656634809172008,,-21.796230772592278
1h,fz2_react0_body0.25_cl0.6_cs0.4,model_b,stress,next_close,2.0,0.0,0.25,0.6,0.4,90,1.2,2.0,8,8.0,10.0,524,576.9133383571967,0.33396946564885494,-0.35617461658482447,-186.635499090448,-193.161455001352,19,0.4703098343171471,0.9469310426760155,-1.0095943597671941,,4.603113384173206,,2.78453207557964
1h,fz1.5_react0_body0.25_cl0.6_cs0.4,model_b,stress,next_close,1.5,0.0,0.25,0.6,0.4,90,1.2,2.0,8,8.0,10.0,1096,1203.0473328324567,0.333029197080292,-0.35858523064921155,-393.00941279153585,-399.2688007239948,25,0.47785093334190215,0.9853897040927782,-1.029653426519015,,-18.280616336470075,,-15.356660864330193
1h,fz1.5_react0.25_body0.25_cl0.6_cs0.4,model_b,stress,next_close,1.5,0.25,0.25,0.6,0.4,90,1.2,2.0,8,8.0,10.0,1052,1154.7498121712997,0.33174904942965777,-0.3665363698104624,-385.59626104060646,-391.62266099809625,23,0.4732150312998441,0.992504635986601,-1.0412238677097159,,-16.387853648533024,,-13.571405863629112
1h,fz2.5_react0_body0.5_cl0.7_cs0.3,model_b,stress,next_open,2.5,0.0,0.5,0.7,0.3,90,1.2,2.0,8,8.0,10.0,233,256.62495288352807,0.3562231759656652,-0.25167647957391936,-58.64061974072322,-63.500054376304234,9,0.6223680467719117,1.1643914598880198,-1.035234072742859,,2.879027703513644,,3.081997717663876
1h,fz2.5_react0.25_body0.5_cl0.7_cs0.3,model_b,stress,next_open,2.5,0.25,0.5,0.7,0.3,90,1.2,2.0,8,8.0,10.0,230,253.3207689408217,0.3565217391304348,-0.2520124127372643,-57.96285492957079,-62.82228956515181,9,0.6246709414617724,1.1764542156,-1.0434601392484513,,3.1510125657622328,,3.0470509646039803
1h,fz2.5_react0_body0.25_cl0.7_cs0.3,model_b,stress,next_open,2.5,0.0,0.25,0.7,0.3,90,1.2,2.0,8,8.0,10.0,270,297.3391959798995,0.37037037037037035,-0.26919164741516,-72.68174480209319,-78.01770684469766,14,0.5975292079233443,1.0790712334178452,-1.062287459669869,,3.1263596393574034,,5.999794355504411
1h,fz2.5_react0.25_body0.5_cl0.6_cs0.4,model_b,stress,next_open,2.5,0.25,0.5,0.6,0.4,90,1.2,2.0,8,8.0,10.0,247,272.0444779494911,0.3481781376518219,-0.2844297535285387,-70.25414912154906,-75.11358375713014,11,0.5894873856521455,1.1730635390127127,-1.0629665433331823,,1.9206742535988521,,3.079162112451703
1h,fz2.5_react0_body0.5_cl0.6_cs0.4,model_b,stress,next_open,2.5,0.0,0.5,0.6,0.4,90,1.2,2.0,8,8.0,10.0,250,275.3486618921975,0.348,-0.28630467312192776,-71.57616828048194,-76.43560291606305,11,0.5853898756901667,1.1615943660528614,-1.0591096817612322,,1.9206742535988521,,3.2544076039573553
1h,fz2.5_react0.25_body0.25_cl0.7_cs0.3,model_b,stress,next_open,2.5,0.25,0.25,0.7,0.3,90,1.2,2.0,8,8.0,10.0,266,292.9341708542713,0.3609022556390977,-0.28636582425822016,-76.17330925268656,-81.27694909202852,13,0.5794870742149623,1.0934426101395756,-1.0655517636828575,,2.892923767845814,,3.6261004496646168
1h,fz2.5_react0_body0.25_cl0.6_cs0.4,model_b,stress,next_open,2.5,0.0,0.25,0.6,0.4,90,1.2,2.0,8,8.0,10.0,296,325.9718592964824,0.35135135135135137,-0.3062461238353995,-90.64885265527825,-97.77620640868655,14,0.555839852174737,1.0907847676639106,-1.0629711900641925,,0.5145523011824291,,5.91421868485798
1h,fz2.5_react0.25_body0.25_cl0.6_cs0.4,model_b,stress,next_open,2.5,0.25,0.25,0.6,0.4,90,1.2,2.0,8,8.0,10.0,290,319.3643216080402,0.3448275862068966,-0.3150942613456639,-91.37733579024253,-98.27236734038826,13,0.5499662130932116,1.1166816534491715,-1.068660532290314,,-5.180240517578645,,3.864908466929343
1h,fz1.5_react0.25_body0.25_cl0.6_cs0.4,model_b,stress,next_open,1.5,0.25,0.25,0.6,0.4,90,1.2,2.0,8,8.0,10.0,1120,1229.2375109553022,0.3339285714285714,-0.3537131777283861,-396.1587590557925,-402.5411598541047,29,0.5062239378335648,1.0859511919228768,-1.07547520755355,,-130.09485412979248,,-18.92762894343609
1h,fz1.5_react0_body0.25_cl0.6_cs0.4,model_b,stress,next_open,1.5,0.0,0.25,0.6,0.4,90,1.2,2.0,8,8.0,10.0,1162,1275.3339176161262,0.33218588640275387,-0.35390718758991013,-411.24015197947557,-417.85487498105044,32,0.5003335770436039,1.0668115010410046,-1.0606048858006485,,-45.70498689700145,,-17.732608894165313
1h,fz1.5_react0_body0.5_cl0.6_cs0.4,model_b,stress,next_open,1.5,0.0,0.5,0.6,0.4,90,1.2,2.0,8,8.0,10.0,964,1058.0222862150995,0.33402489626556015,-0.36212805342360016,-349.0914435003506,-353.11733708746533,21,0.49083868455639806,1.0451213412066822,-1.0679447279889442,,-95.41925601050922,,-25.816967477378764
1h,fz1.5_react0.25_body0.5_cl0.6_cs0.4,model_b,stress,next_open,1.5,0.25,0.5,0.6,0.4,90,1.2,2.0,8,8.0,10.0,955,1048.1444847877801,0.33403141361256544,-0.3640863051588634,-347.7024214267146,-351.7283150138291,20,0.4910929727137528,1.0518221296287276,-1.0742667936765387,,-94.8288371567632,,-27.378523555283664
1h,fz1.5_react0_body0.5_cl0.7_cs0.3,model_b,stress,next_open,1.5,0.0,0.5,0.7,0.3,90,1.2,2.0,8,8.0,10.0,891,977.90234130462,0.3333333333333333,-0.3672327624972372,-327.2043913850383,-331.23028497215296,27,0.48265678388889244,1.0278324634345835,-1.0647653754631474,,-93.98563135965378,,-25.27353120835235
1h,fz1.5_react0.25_body0.5_cl0.7_cs0.3,model_b,stress,next_open,1.5,0.25,0.5,0.7,0.3,90,1.2,2.0,8,8.0,10.0,883,969.122073369225,0.332955832389581,-0.3686340977500217,-325.50390831326916,-329.5298019003838,27,0.4826587972161195,1.0329327205410888,-1.0682277218206269,,-26.73505522680614,,-25.292874830868662
1h,fz1.5_react0.25_body0.25_cl0.7_cs0.3,model_b,stress,next_open,1.5,0.25,0.25,0.7,0.3,90,1.2,2.0,8,8.0,10.0,1021,1120.581695254789,0.33006856023506365,-0.36887658756367353,-376.6229959025107,-381.2140049900192,31,0.4856276407338239,1.0551220708960138,-1.0704665698749523,,-121.35091619337638,,-21.476475545095425
1h,fz1.5_react0_body0.25_cl0.7_cs0.3,model_b,stress,next_open,1.5,0.0,0.25,0.7,0.3,90,1.2,2.0,8,8.0,10.0,1062,1165.5805684236884,0.3295668549905838,-0.36957675749800073,-392.49051646287677,-397.3138477536479,32,0.48170630631366057,1.0422395049182929,-1.0635875606520775,,-123.85157506004455,,-21.221048927649562
1h,fz2_react0.25_body0.5_cl0.7_cs0.3,model_b,stress,next_open,2.0,0.25,0.5,0.7,0.3,90,1.2,2.0,8,8.0,10.0,439,483.2086891009543,0.32801822323462415,-0.3726930769657261,-163.61226078795377,-168.66932509861266,12,0.4723792171078338,1.0172372185542993,-1.0511675263043148,,-9.166840170743555,,1.4020755269870468
1h,fz2_react0_body0.5_cl0.7_cs0.3,model_b,stress,next_open,2.0,0.0,0.5,0.7,0.3,90,1.2,2.0,8,8.0,10.0,443,487.6115017579106,0.327313769751693,-0.3735981118331997,-165.50396354210747,-170.56102785276636,12,0.46981279479101407,1.0114303790574122,-1.047521370823598,,-10.400121736261143,,1.4370222800469423
1h,fz2_react0_body0.25_cl0.6_cs0.4,model_b,stress,next_open,2.0,0.0,0.25,0.6,0.4,90,1.2,2.0,8,8.0,10.0,556,611.9141242937853,0.33093525179856115,-0.37461806004095244,-208.28764138276955,-215.9895815312015,16,0.47362918815801963,1.018573419776509,-1.063723523176471,,-4.465277119180579,,3.920927335602811
1h,fz2_react0.25_body0.25_cl0.6_cs0.4,model_b,stress,next_open,2.0,0.25,0.25,0.6,0.4,90,1.2,2.0,8,8.0,10.0,541,595.4056497175142,0.33086876155268025,-0.3781842839015422,-204.59769759073433,-212.06731553590384,16,0.474395198734968,1.0316411867635182,-1.0753079282359228,,-8.799955985425001,,-20.534954289073458
1h,fz2_react0.25_body0.5_cl0.6_cs0.4,model_b,stress,next_open,2.0,0.25,0.5,0.6,0.4,90,1.2,2.0,8,8.0,10.0,471,518.4311903566047,0.32696390658174096,-0.3813426053332265,-179.61236711194968,-184.66943142260857,14,0.4665993835158352,1.020248965291107,-1.0622419803368461,,-10.314100597860888,,-5.3000729054592535
1h,fz2_react0.25_body0.25_cl0.7_cs0.3,model_b,stress,next_open,2.0,0.25,0.25,0.7,0.3,90,1.2,2.0,8,8.0,10.0,496,545.8802259887005,0.32661290322580644,-0.38191276260269225,-189.42873025093536,-195.10695648530108,15,0.46587994114369763,1.0199196460172852,-1.0618434518135795,,-10.285217304088768,,-13.244087662896447
1h,fz2_react0_body0.5_cl0.6_cs0.4,model_b,stress,next_open,2.0,0.0,0.5,0.6,0.4,90,1.2,2.0,8,8.0,10.0,476,523.9347061778001,0.32563025210084034,-0.3830916004574373,-182.35160181774015,-187.40866612839903,14,0.4631114813938504,1.0147973299763622,-1.0580846977074028,,-11.547382163378476,,-7.291931620847511
1h,fz2_react0_body0.25_cl0.7_cs0.3,model_b,stress,next_open,2.0,0.0,0.25,0.7,0.3,90,1.2,2.0,8,8.0,10.0,511,562.3887005649717,0.324853228962818,-0.38968862451233205,-199.13088712580168,-205.0414355634299,15,0.45686410285073736,1.0090415940132458,-1.0627008456000013,,-12.68027834401914,,0.06572838237575307
